============================================
HiSplat + per-stage MSH training
Repo: /ceph_data/clue9986/HiSplatMSH
Phase: warmup
Lambda RD: 0.0
Pretrained ckpt: checkpoints/hisplat_re10k.ckpt
Max steps: 1500
Batch size/GPU: 2
Checkpoint interval/top-k: 500 / 1
SH degree: 4
Codec stage N: [192,192,192]
Codec stage M: [320,320,320]
Codec stage depth: [2,4,4]
Codec train mode: transform
LR codec/aux/generator: 1.0e-6 / 1.0e-5 / 2.0e-5
Codec LR warmup: 2000 steps from factor 0.01
Codec recon weight: 1.0
Output: msh_transform_recon
Extra Hydra args: <none>
============================================
[36mSaving outputs to /ceph_data/clue9986/HiSplatMSH/outputs/msh_transform_recon.[39m
GPU number is 1
missing keys:[]
unexpected keys:[]
error msgs:[]
!!!Successfully load the DINOV2 ckpt from ./checkpoints/dinov2_vitb14_pretrain.pth
==> Load multi-view transformer backbone checkpoint: checkpoints/gmdepth-scale1-resumeflowthings-scannet-5d9d7964.pth
[36mInitialized new codec params: 357 missing checkpoint keys.[39m
Setting up [LPIPS] perceptual loss: trunk [vgg], v[0.1], spatial [off]
Loading model from: /ceph_data/clue9986/anaconda3/envs/hisplat/lib/python3.10/site-packages/lpips/weights/v0.1/vgg.pth
begin to train fit!
start training without trainer-state resume!!!
train step[0/1500] ; used: 0s; eta: 0s; loss = 3.161573; ['mse_0=0.019907; ', 'lpips_0=0.027589; ', 'codec_recon_0=0.999851; ', 'mse_1=0.018564; ', 'lpips_1=0.022706; ', 'codec_recon_1=1.004510; ', 'mse_2=0.024600; ', 'lpips_2=0.028571; ', 'codec_recon_2=1.015275; ']
train step[1/1500] ; used: 2s; eta: 30m:17s; loss = 3.164007; ['mse_0=0.024883; ', 'lpips_0=0.026459; ', 'codec_recon_0=0.998379; ', 'mse_1=0.019752; ', 'lpips_1=0.020148; ', 'codec_recon_1=1.004339; ', 'mse_2=0.023914; ', 'lpips_2=0.027754; ', 'codec_recon_2=1.018379; ']
train step[2/1500] ; used: 3s; eta: 28m:23s; loss = 3.185460; ['mse_0=0.023453; ', 'lpips_0=0.028797; ', 'codec_recon_0=0.996096; ', 'mse_1=0.026512; ', 'lpips_1=0.023789; ', 'codec_recon_1=1.002862; ', 'mse_2=0.028587; ', 'lpips_2=0.030255; ', 'codec_recon_2=1.025110; ']
train step[3/1500] ; used: 4s; eta: 27m:40s; loss = 3.220050; ['mse_0=0.040350; ', 'lpips_0=0.027987; ', 'codec_recon_0=0.994943; ', 'mse_1=0.039383; ', 'lpips_1=0.023123; ', 'codec_recon_1=1.002421; ', 'mse_2=0.045326; ', 'lpips_2=0.031620; ', 'codec_recon_2=1.014897; ']
train step[4/1500] ; used: 5s; eta: 26m:58s; loss = 3.174439; ['mse_0=0.025737; ', 'lpips_0=0.028144; ', 'codec_recon_0=0.995611; ', 'mse_1=0.024865; ', 'lpips_1=0.021636; ', 'codec_recon_1=1.001647; ', 'mse_2=0.028831; ', 'lpips_2=0.029451; ', 'codec_recon_2=1.018517; ']
train step[5/1500] ; used: 6s; eta: 26m:28s; loss = 3.187894; ['mse_0=0.039379; ', 'lpips_0=0.029097; ', 'codec_recon_0=0.996948; ', 'mse_1=0.027791; ', 'lpips_1=0.022932; ', 'codec_recon_1=1.001999; ', 'mse_2=0.032077; ', 'lpips_2=0.029470; ', 'codec_recon_2=1.008201; ']
train step[6/1500] ; used: 7s; eta: 26m:7s; loss = 3.204569; ['mse_0=0.032785; ', 'lpips_0=0.030945; ', 'codec_recon_0=0.994969; ', 'mse_1=0.033563; ', 'lpips_1=0.026532; ', 'codec_recon_1=1.001088; ', 'mse_2=0.035615; ', 'lpips_2=0.032622; ', 'codec_recon_2=1.016449; ']
train step[7/1500] ; used: 8s; eta: 25m:52s; loss = 3.159135; ['mse_0=0.023420; ', 'lpips_0=0.026737; ', 'codec_recon_0=0.998474; ', 'mse_1=0.018831; ', 'lpips_1=0.020871; ', 'codec_recon_1=1.002691; ', 'mse_2=0.023348; ', 'lpips_2=0.029178; ', 'codec_recon_2=1.015586; ']
train step[8/1500] ; used: 9s; eta: 25m:47s; loss = 3.159408; ['mse_0=0.022621; ', 'lpips_0=0.026980; ', 'codec_recon_0=0.996502; ', 'mse_1=0.022447; ', 'lpips_1=0.019815; ', 'codec_recon_1=1.002852; ', 'mse_2=0.027912; ', 'lpips_2=0.027292; ', 'codec_recon_2=1.012987; ']
train step[9/1500] ; used: 10s; eta: 25m:38s; loss = 3.177959; ['mse_0=0.032731; ', 'lpips_0=0.028974; ', 'codec_recon_0=0.995940; ', 'mse_1=0.026139; ', 'lpips_1=0.022879; ', 'codec_recon_1=1.001990; ', 'mse_2=0.030652; ', 'lpips_2=0.028520; ', 'codec_recon_2=1.010133; ']
train step[10/1500] ; used: 11s; eta: 25m:29s; loss = 3.153592; ['mse_0=0.017905; ', 'lpips_0=0.027165; ', 'codec_recon_0=0.996437; ', 'mse_1=0.018272; ', 'lpips_1=0.020767; ', 'codec_recon_1=1.003225; ', 'mse_2=0.023686; ', 'lpips_2=0.030658; ', 'codec_recon_2=1.015477; ']
train step[11/1500] ; used: 12s; eta: 25m:29s; loss = 3.193314; ['mse_0=0.032702; ', 'lpips_0=0.030551; ', 'codec_recon_0=0.994735; ', 'mse_1=0.030482; ', 'lpips_1=0.023296; ', 'codec_recon_1=1.001774; ', 'mse_2=0.033762; ', 'lpips_2=0.028570; ', 'codec_recon_2=1.017443; ']
train step[12/1500] ; used: 13s; eta: 25m:23s; loss = 3.174505; ['mse_0=0.031340; ', 'lpips_0=0.029129; ', 'codec_recon_0=0.997100; ', 'mse_1=0.022918; ', 'lpips_1=0.021928; ', 'codec_recon_1=1.002722; ', 'mse_2=0.028810; ', 'lpips_2=0.031854; ', 'codec_recon_2=1.008704; ']
train step[13/1500] ; used: 14s; eta: 25m:17s; loss = 3.188492; ['mse_0=0.032422; ', 'lpips_0=0.027537; ', 'codec_recon_0=0.996742; ', 'mse_1=0.027020; ', 'lpips_1=0.021473; ', 'codec_recon_1=1.003516; ', 'mse_2=0.032171; ', 'lpips_2=0.028804; ', 'codec_recon_2=1.018808; ']
train step[14/1500] ; used: 15s; eta: 25m:12s; loss = 3.163463; ['mse_0=0.023969; ', 'lpips_0=0.029190; ', 'codec_recon_0=0.996602; ', 'mse_1=0.021135; ', 'lpips_1=0.022583; ', 'codec_recon_1=1.001344; ', 'mse_2=0.026270; ', 'lpips_2=0.029841; ', 'codec_recon_2=1.012530; ']
train step[15/1500] ; used: 16s; eta: 25m:8s; loss = 3.172306; ['mse_0=0.028794; ', 'lpips_0=0.027828; ', 'codec_recon_0=0.997918; ', 'mse_1=0.023117; ', 'lpips_1=0.020988; ', 'codec_recon_1=1.003039; ', 'mse_2=0.029518; ', 'lpips_2=0.031728; ', 'codec_recon_2=1.009376; ']
train step[16/1500] ; used: 17s; eta: 25m:5s; loss = 3.187930; ['mse_0=0.031720; ', 'lpips_0=0.029082; ', 'codec_recon_0=0.996176; ', 'mse_1=0.026372; ', 'lpips_1=0.023548; ', 'codec_recon_1=1.002884; ', 'mse_2=0.033502; ', 'lpips_2=0.031888; ', 'codec_recon_2=1.012757; ']
train step[17/1500] ; used: 18s; eta: 25m:5s; loss = 3.169715; ['mse_0=0.021810; ', 'lpips_0=0.027283; ', 'codec_recon_0=0.999754; ', 'mse_1=0.020977; ', 'lpips_1=0.021550; ', 'codec_recon_1=1.003833; ', 'mse_2=0.026853; ', 'lpips_2=0.030343; ', 'codec_recon_2=1.017313; ']
train step[18/1500] ; used: 19s; eta: 25m:2s; loss = 3.196760; ['mse_0=0.032003; ', 'lpips_0=0.028560; ', 'codec_recon_0=0.996485; ', 'mse_1=0.029754; ', 'lpips_1=0.024217; ', 'codec_recon_1=1.003423; ', 'mse_2=0.034502; ', 'lpips_2=0.032261; ', 'codec_recon_2=1.015556; ']
train step[19/1500] ; used: 20s; eta: 24m:58s; loss = 3.191336; ['mse_0=0.031787; ', 'lpips_0=0.028230; ', 'codec_recon_0=0.997998; ', 'mse_1=0.027573; ', 'lpips_1=0.022942; ', 'codec_recon_1=1.004438; ', 'mse_2=0.032283; ', 'lpips_2=0.030496; ', 'codec_recon_2=1.015590; ']
train step[20/1500] ; used: 21s; eta: 24m:56s; loss = 3.156205; ['mse_0=0.017610; ', 'lpips_0=0.027030; ', 'codec_recon_0=0.999646; ', 'mse_1=0.016561; ', 'lpips_1=0.021711; ', 'codec_recon_1=1.003335; ', 'mse_2=0.020656; ', 'lpips_2=0.029803; ', 'codec_recon_2=1.019852; ']
train step[21/1500] ; used: 22s; eta: 24m:56s; loss = 3.178691; ['mse_0=0.025684; ', 'lpips_0=0.028521; ', 'codec_recon_0=1.000725; ', 'mse_1=0.024087; ', 'lpips_1=0.023359; ', 'codec_recon_1=1.003271; ', 'mse_2=0.028290; ', 'lpips_2=0.030669; ', 'codec_recon_2=1.014086; ']
train step[22/1500] ; used: 23s; eta: 24m:53s; loss = 3.185799; ['mse_0=0.024392; ', 'lpips_0=0.028066; ', 'codec_recon_0=0.996171; ', 'mse_1=0.021844; ', 'lpips_1=0.022640; ', 'codec_recon_1=1.005230; ', 'mse_2=0.025029; ', 'lpips_2=0.034537; ', 'codec_recon_2=1.027891; ']
train step[23/1500] ; used: 24s; eta: 24m:52s; loss = 3.153399; ['mse_0=0.018092; ', 'lpips_0=0.026623; ', 'codec_recon_0=0.998042; ', 'mse_1=0.018640; ', 'lpips_1=0.021841; ', 'codec_recon_1=1.004519; ', 'mse_2=0.026702; ', 'lpips_2=0.029689; ', 'codec_recon_2=1.009251; ']
train step[24/1500] ; used: 25s; eta: 24m:50s; loss = 3.195295; ['mse_0=0.033533; ', 'lpips_0=0.027372; ', 'codec_recon_0=0.999175; ', 'mse_1=0.026847; ', 'lpips_1=0.022905; ', 'codec_recon_1=1.003624; ', 'mse_2=0.030206; ', 'lpips_2=0.031613; ', 'codec_recon_2=1.020020; ']
train step[25/1500] ; used: 26s; eta: 24m:48s; loss = 3.157920; ['mse_0=0.020051; ', 'lpips_0=0.025902; ', 'codec_recon_0=0.997256; ', 'mse_1=0.016474; ', 'lpips_1=0.019789; ', 'codec_recon_1=1.004551; ', 'mse_2=0.023128; ', 'lpips_2=0.030942; ', 'codec_recon_2=1.019827; ']
train step[26/1500] ; used: 27s; eta: 24m:46s; loss = 3.192237; ['mse_0=0.036554; ', 'lpips_0=0.029101; ', 'codec_recon_0=0.998378; ', 'mse_1=0.027037; ', 'lpips_1=0.022990; ', 'codec_recon_1=1.003854; ', 'mse_2=0.031838; ', 'lpips_2=0.029397; ', 'codec_recon_2=1.013089; ']
train step[27/1500] ; used: 28s; eta: 24m:44s; loss = 3.208119; ['mse_0=0.042398; ', 'lpips_0=0.028169; ', 'codec_recon_0=0.995901; ', 'mse_1=0.034720; ', 'lpips_1=0.021506; ', 'codec_recon_1=1.003382; ', 'mse_2=0.039415; ', 'lpips_2=0.029093; ', 'codec_recon_2=1.013534; ']
train step[28/1500] ; used: 29s; eta: 24m:42s; loss = 3.158456; ['mse_0=0.020178; ', 'lpips_0=0.025560; ', 'codec_recon_0=0.996474; ', 'mse_1=0.019589; ', 'lpips_1=0.020311; ', 'codec_recon_1=1.003799; ', 'mse_2=0.024245; ', 'lpips_2=0.026373; ', 'codec_recon_2=1.021927; ']
train step[29/1500] ; used: 30s; eta: 24m:40s; loss = 3.182986; ['mse_0=0.020056; ', 'lpips_0=0.032314; ', 'codec_recon_0=0.994295; ', 'mse_1=0.020788; ', 'lpips_1=0.027771; ', 'codec_recon_1=1.003006; ', 'mse_2=0.026829; ', 'lpips_2=0.032420; ', 'codec_recon_2=1.025508; ']
train step[30/1500] ; used: 31s; eta: 24m:38s; loss = 3.228312; ['mse_0=0.042295; ', 'lpips_0=0.032290; ', 'codec_recon_0=0.994556; ', 'mse_1=0.038790; ', 'lpips_1=0.027181; ', 'codec_recon_1=1.002739; ', 'mse_2=0.041033; ', 'lpips_2=0.030288; ', 'codec_recon_2=1.019139; ']
train step[31/1500] ; used: 32s; eta: 24m:36s; loss = 3.186990; ['mse_0=0.031802; ', 'lpips_0=0.030779; ', 'codec_recon_0=0.995393; ', 'mse_1=0.028800; ', 'lpips_1=0.024925; ', 'codec_recon_1=1.001450; ', 'mse_2=0.029728; ', 'lpips_2=0.028241; ', 'codec_recon_2=1.015872; ']
train step[32/1500] ; used: 33s; eta: 24m:34s; loss = 3.208723; ['mse_0=0.043248; ', 'lpips_0=0.029534; ', 'codec_recon_0=0.995749; ', 'mse_1=0.033889; ', 'lpips_1=0.022662; ', 'codec_recon_1=1.002772; ', 'mse_2=0.035032; ', 'lpips_2=0.030396; ', 'codec_recon_2=1.015441; ']
train step[33/1500] ; used: 34s; eta: 24m:33s; loss = 3.200012; ['mse_0=0.041229; ', 'lpips_0=0.029576; ', 'codec_recon_0=0.995937; ', 'mse_1=0.034021; ', 'lpips_1=0.023308; ', 'codec_recon_1=1.000410; ', 'mse_2=0.038593; ', 'lpips_2=0.029968; ', 'codec_recon_2=1.006971; ']
train step[34/1500] ; used: 35s; eta: 24m:31s; loss = 3.154292; ['mse_0=0.019668; ', 'lpips_0=0.027041; ', 'codec_recon_0=0.997149; ', 'mse_1=0.018382; ', 'lpips_1=0.021302; ', 'codec_recon_1=1.004583; ', 'mse_2=0.023300; ', 'lpips_2=0.029347; ', 'codec_recon_2=1.013521; ']
train step[35/1500] ; used: 36s; eta: 24m:29s; loss = 3.153863; ['mse_0=0.020049; ', 'lpips_0=0.026848; ', 'codec_recon_0=0.999101; ', 'mse_1=0.016439; ', 'lpips_1=0.021371; ', 'codec_recon_1=1.004313; ', 'mse_2=0.020943; ', 'lpips_2=0.029896; ', 'codec_recon_2=1.014904; ']
train step[36/1500] ; used: 37s; eta: 24m:28s; loss = 3.192615; ['mse_0=0.034289; ', 'lpips_0=0.029833; ', 'codec_recon_0=0.997695; ', 'mse_1=0.031468; ', 'lpips_1=0.024634; ', 'codec_recon_1=1.001807; ', 'mse_2=0.034142; ', 'lpips_2=0.030635; ', 'codec_recon_2=1.008113; ']
train step[37/1500] ; used: 38s; eta: 24m:26s; loss = 3.186444; ['mse_0=0.031730; ', 'lpips_0=0.027372; ', 'codec_recon_0=0.998479; ', 'mse_1=0.025545; ', 'lpips_1=0.021788; ', 'codec_recon_1=1.003484; ', 'mse_2=0.031533; ', 'lpips_2=0.030271; ', 'codec_recon_2=1.016241; ']
train step[38/1500] ; used: 39s; eta: 24m:25s; loss = 3.183196; ['mse_0=0.029241; ', 'lpips_0=0.029272; ', 'codec_recon_0=0.995575; ', 'mse_1=0.026210; ', 'lpips_1=0.023324; ', 'codec_recon_1=1.003090; ', 'mse_2=0.031623; ', 'lpips_2=0.028701; ', 'codec_recon_2=1.016160; ']
train step[39/1500] ; used: 40s; eta: 24m:24s; loss = 3.163738; ['mse_0=0.026556; ', 'lpips_0=0.028252; ', 'codec_recon_0=0.997070; ', 'mse_1=0.021948; ', 'lpips_1=0.022107; ', 'codec_recon_1=1.001337; ', 'mse_2=0.028162; ', 'lpips_2=0.026963; ', 'codec_recon_2=1.011343; ']
train step[40/1500] ; used: 41s; eta: 24m:22s; loss = 3.172892; ['mse_0=0.025632; ', 'lpips_0=0.027599; ', 'codec_recon_0=0.999271; ', 'mse_1=0.022798; ', 'lpips_1=0.023131; ', 'codec_recon_1=1.001483; ', 'mse_2=0.027950; ', 'lpips_2=0.033174; ', 'codec_recon_2=1.011852; ']
train step[41/1500] ; used: 42s; eta: 24m:21s; loss = 3.154731; ['mse_0=0.017362; ', 'lpips_0=0.024564; ', 'codec_recon_0=0.996319; ', 'mse_1=0.019267; ', 'lpips_1=0.020296; ', 'codec_recon_1=1.004722; ', 'mse_2=0.023713; ', 'lpips_2=0.028643; ', 'codec_recon_2=1.019843; ']
train step[42/1500] ; used: 43s; eta: 24m:20s; loss = 3.139649; ['mse_0=0.010777; ', 'lpips_0=0.025352; ', 'codec_recon_0=0.997904; ', 'mse_1=0.011828; ', 'lpips_1=0.020605; ', 'codec_recon_1=1.006062; ', 'mse_2=0.016651; ', 'lpips_2=0.030512; ', 'codec_recon_2=1.019959; ']
train step[43/1500] ; used: 44s; eta: 24m:19s; loss = 3.159910; ['mse_0=0.022855; ', 'lpips_0=0.027036; ', 'codec_recon_0=0.996256; ', 'mse_1=0.020765; ', 'lpips_1=0.021495; ', 'codec_recon_1=1.001071; ', 'mse_2=0.029064; ', 'lpips_2=0.026047; ', 'codec_recon_2=1.015321; ']
train step[44/1500] ; used: 45s; eta: 24m:18s; loss = 3.153716; ['mse_0=0.019823; ', 'lpips_0=0.026875; ', 'codec_recon_0=0.996280; ', 'mse_1=0.016880; ', 'lpips_1=0.019957; ', 'codec_recon_1=1.002543; ', 'mse_2=0.026315; ', 'lpips_2=0.028441; ', 'codec_recon_2=1.016603; ']
train step[45/1500] ; used: 46s; eta: 24m:17s; loss = 3.184056; ['mse_0=0.038078; ', 'lpips_0=0.028543; ', 'codec_recon_0=0.996458; ', 'mse_1=0.026589; ', 'lpips_1=0.022324; ', 'codec_recon_1=1.002358; ', 'mse_2=0.029600; ', 'lpips_2=0.029202; ', 'codec_recon_2=1.010903; ']
train step[46/1500] ; used: 47s; eta: 24m:15s; loss = 3.171658; ['mse_0=0.028741; ', 'lpips_0=0.026804; ', 'codec_recon_0=0.998916; ', 'mse_1=0.019899; ', 'lpips_1=0.021799; ', 'codec_recon_1=1.004004; ', 'mse_2=0.026244; ', 'lpips_2=0.027955; ', 'codec_recon_2=1.017296; ']
train step[47/1500] ; used: 48s; eta: 24m:14s; loss = 3.175012; ['mse_0=0.023096; ', 'lpips_0=0.028778; ', 'codec_recon_0=0.995101; ', 'mse_1=0.021130; ', 'lpips_1=0.023369; ', 'codec_recon_1=1.003714; ', 'mse_2=0.025622; ', 'lpips_2=0.032100; ', 'codec_recon_2=1.022100; ']
train step[48/1500] ; used: 49s; eta: 24m:13s; loss = 3.185534; ['mse_0=0.029767; ', 'lpips_0=0.029166; ', 'codec_recon_0=0.998531; ', 'mse_1=0.025181; ', 'lpips_1=0.023713; ', 'codec_recon_1=1.003426; ', 'mse_2=0.031062; ', 'lpips_2=0.031501; ', 'codec_recon_2=1.013185; ']
train step[49/1500] ; used: 50s; eta: 24m:12s; loss = 3.177517; ['mse_0=0.027745; ', 'lpips_0=0.029383; ', 'codec_recon_0=0.994926; ', 'mse_1=0.024042; ', 'lpips_1=0.023011; ', 'codec_recon_1=1.001934; ', 'mse_2=0.027848; ', 'lpips_2=0.029629; ', 'codec_recon_2=1.018999; ']
train step[50/1500] ; used: 51s; eta: 24m:10s; loss = 3.168353; ['mse_0=0.029021; ', 'lpips_0=0.025985; ', 'codec_recon_0=0.997513; ', 'mse_1=0.021939; ', 'lpips_1=0.019465; ', 'codec_recon_1=1.002456; ', 'mse_2=0.029031; ', 'lpips_2=0.028843; ', 'codec_recon_2=1.014101; ']
train step[51/1500] ; used: 52s; eta: 24m:9s; loss = 3.169796; ['mse_0=0.019708; ', 'lpips_0=0.029084; ', 'codec_recon_0=0.994771; ', 'mse_1=0.020182; ', 'lpips_1=0.022613; ', 'codec_recon_1=1.003238; ', 'mse_2=0.027120; ', 'lpips_2=0.032069; ', 'codec_recon_2=1.021010; ']
train step[52/1500] ; used: 53s; eta: 24m:8s; loss = 3.186201; ['mse_0=0.031530; ', 'lpips_0=0.030549; ', 'codec_recon_0=0.994717; ', 'mse_1=0.027150; ', 'lpips_1=0.023438; ', 'codec_recon_1=1.001631; ', 'mse_2=0.033545; ', 'lpips_2=0.029291; ', 'codec_recon_2=1.014350; ']
train step[53/1500] ; used: 54s; eta: 24m:7s; loss = 3.161772; ['mse_0=0.025687; ', 'lpips_0=0.026493; ', 'codec_recon_0=0.997657; ', 'mse_1=0.019165; ', 'lpips_1=0.019515; ', 'codec_recon_1=1.004206; ', 'mse_2=0.026854; ', 'lpips_2=0.028378; ', 'codec_recon_2=1.013817; ']
train step[54/1500] ; used: 55s; eta: 24m:6s; loss = 3.192909; ['mse_0=0.041358; ', 'lpips_0=0.028284; ', 'codec_recon_0=0.995912; ', 'mse_1=0.030566; ', 'lpips_1=0.020749; ', 'codec_recon_1=1.001610; ', 'mse_2=0.035555; ', 'lpips_2=0.025714; ', 'codec_recon_2=1.013162; ']
train step[55/1500] ; used: 55s; eta: 24m:4s; loss = 3.152223; ['mse_0=0.021272; ', 'lpips_0=0.025670; ', 'codec_recon_0=0.999940; ', 'mse_1=0.018027; ', 'lpips_1=0.019143; ', 'codec_recon_1=1.003387; ', 'mse_2=0.021997; ', 'lpips_2=0.027368; ', 'codec_recon_2=1.015420; ']
train step[56/1500] ; used: 56s; eta: 24m:3s; loss = 3.162741; ['mse_0=0.031310; ', 'lpips_0=0.028733; ', 'codec_recon_0=0.996712; ', 'mse_1=0.017793; ', 'lpips_1=0.021070; ', 'codec_recon_1=1.003572; ', 'mse_2=0.024482; ', 'lpips_2=0.030450; ', 'codec_recon_2=1.008619; ']
train step[57/1500] ; used: 57s; eta: 24m:2s; loss = 3.205042; ['mse_0=0.042191; ', 'lpips_0=0.030169; ', 'codec_recon_0=0.995499; ', 'mse_1=0.029199; ', 'lpips_1=0.025650; ', 'codec_recon_1=1.001305; ', 'mse_2=0.032474; ', 'lpips_2=0.029613; ', 'codec_recon_2=1.018943; ']
train step[58/1500] ; used: 58s; eta: 24m; loss = 3.154581; ['mse_0=0.019994; ', 'lpips_0=0.026710; ', 'codec_recon_0=0.996635; ', 'mse_1=0.016327; ', 'lpips_1=0.020474; ', 'codec_recon_1=1.003964; ', 'mse_2=0.020866; ', 'lpips_2=0.028116; ', 'codec_recon_2=1.021495; ']
train step[59/1500] ; used: 59s; eta: 23m:59s; loss = 3.170462; ['mse_0=0.026757; ', 'lpips_0=0.026905; ', 'codec_recon_0=0.996451; ', 'mse_1=0.023692; ', 'lpips_1=0.020930; ', 'codec_recon_1=1.001884; ', 'mse_2=0.031415; ', 'lpips_2=0.026331; ', 'codec_recon_2=1.016098; ']
train step[60/1500] ; used: 1m; eta: 23m:58s; loss = 3.147818; ['mse_0=0.010414; ', 'lpips_0=0.025556; ', 'codec_recon_0=1.001748; ', 'mse_1=0.011520; ', 'lpips_1=0.023051; ', 'codec_recon_1=1.008837; ', 'mse_2=0.013261; ', 'lpips_2=0.030499; ', 'codec_recon_2=1.022933; ']
train step[61/1500] ; used: 1m:1s; eta: 23m:57s; loss = 3.176366; ['mse_0=0.026636; ', 'lpips_0=0.028013; ', 'codec_recon_0=0.996011; ', 'mse_1=0.024445; ', 'lpips_1=0.023056; ', 'codec_recon_1=1.003083; ', 'mse_2=0.029499; ', 'lpips_2=0.030347; ', 'codec_recon_2=1.015275; ']
train step[62/1500] ; used: 1m:2s; eta: 23m:55s; loss = 3.168225; ['mse_0=0.023831; ', 'lpips_0=0.026348; ', 'codec_recon_0=0.996694; ', 'mse_1=0.023130; ', 'lpips_1=0.022118; ', 'codec_recon_1=1.004130; ', 'mse_2=0.029135; ', 'lpips_2=0.028377; ', 'codec_recon_2=1.014461; ']
train step[63/1500] ; used: 1m:3s; eta: 23m:54s; loss = 3.185107; ['mse_0=0.025888; ', 'lpips_0=0.027987; ', 'codec_recon_0=1.001287; ', 'mse_1=0.025014; ', 'lpips_1=0.023319; ', 'codec_recon_1=1.006151; ', 'mse_2=0.028717; ', 'lpips_2=0.031753; ', 'codec_recon_2=1.014992; ']
train step[64/1500] ; used: 1m:4s; eta: 23m:53s; loss = 3.170311; ['mse_0=0.025498; ', 'lpips_0=0.026613; ', 'codec_recon_0=0.996103; ', 'mse_1=0.022724; ', 'lpips_1=0.021119; ', 'codec_recon_1=1.002161; ', 'mse_2=0.029206; ', 'lpips_2=0.030712; ', 'codec_recon_2=1.016175; ']
train step[65/1500] ; used: 1m:5s; eta: 23m:52s; loss = 3.175911; ['mse_0=0.032644; ', 'lpips_0=0.027551; ', 'codec_recon_0=0.996242; ', 'mse_1=0.024570; ', 'lpips_1=0.021329; ', 'codec_recon_1=1.002124; ', 'mse_2=0.030866; ', 'lpips_2=0.030250; ', 'codec_recon_2=1.010334; ']
train step[66/1500] ; used: 1m:6s; eta: 23m:51s; loss = 3.166430; ['mse_0=0.021428; ', 'lpips_0=0.029128; ', 'codec_recon_0=0.994632; ', 'mse_1=0.019428; ', 'lpips_1=0.023151; ', 'codec_recon_1=1.003110; ', 'mse_2=0.027795; ', 'lpips_2=0.033579; ', 'codec_recon_2=1.014179; ']
train step[67/1500] ; used: 1m:7s; eta: 23m:50s; loss = 3.187383; ['mse_0=0.031060; ', 'lpips_0=0.027862; ', 'codec_recon_0=0.999125; ', 'mse_1=0.028197; ', 'lpips_1=0.021474; ', 'codec_recon_1=1.003120; ', 'mse_2=0.032921; ', 'lpips_2=0.029660; ', 'codec_recon_2=1.013964; ']
train step[68/1500] ; used: 1m:8s; eta: 23m:48s; loss = 3.182926; ['mse_0=0.030340; ', 'lpips_0=0.028525; ', 'codec_recon_0=0.995826; ', 'mse_1=0.023427; ', 'lpips_1=0.022065; ', 'codec_recon_1=1.002122; ', 'mse_2=0.026969; ', 'lpips_2=0.028932; ', 'codec_recon_2=1.024721; ']
train step[69/1500] ; used: 1m:9s; eta: 23m:47s; loss = 3.179334; ['mse_0=0.019256; ', 'lpips_0=0.027979; ', 'codec_recon_0=0.995011; ', 'mse_1=0.022295; ', 'lpips_1=0.024458; ', 'codec_recon_1=1.004661; ', 'mse_2=0.029134; ', 'lpips_2=0.030227; ', 'codec_recon_2=1.026314; ']
train step[70/1500] ; used: 1m:10s; eta: 23m:46s; loss = 3.155941; ['mse_0=0.015882; ', 'lpips_0=0.027807; ', 'codec_recon_0=0.996207; ', 'mse_1=0.017062; ', 'lpips_1=0.021915; ', 'codec_recon_1=1.003656; ', 'mse_2=0.021240; ', 'lpips_2=0.031323; ', 'codec_recon_2=1.020848; ']
train step[71/1500] ; used: 1m:11s; eta: 23m:45s; loss = 3.177535; ['mse_0=0.026298; ', 'lpips_0=0.026348; ', 'codec_recon_0=0.995362; ', 'mse_1=0.025737; ', 'lpips_1=0.021756; ', 'codec_recon_1=1.003909; ', 'mse_2=0.029576; ', 'lpips_2=0.027102; ', 'codec_recon_2=1.021449; ']
train step[72/1500] ; used: 1m:12s; eta: 23m:45s; loss = 3.153657; ['mse_0=0.021567; ', 'lpips_0=0.026917; ', 'codec_recon_0=0.995555; ', 'mse_1=0.017930; ', 'lpips_1=0.018270; ', 'codec_recon_1=1.003923; ', 'mse_2=0.024878; ', 'lpips_2=0.027784; ', 'codec_recon_2=1.016833; ']
train step[73/1500] ; used: 1m:13s; eta: 23m:44s; loss = 3.185813; ['mse_0=0.033347; ', 'lpips_0=0.030016; ', 'codec_recon_0=0.996003; ', 'mse_1=0.029814; ', 'lpips_1=0.023781; ', 'codec_recon_1=1.000035; ', 'mse_2=0.035989; ', 'lpips_2=0.028746; ', 'codec_recon_2=1.008083; ']
train step[74/1500] ; used: 1m:14s; eta: 23m:43s; loss = 3.187460; ['mse_0=0.032948; ', 'lpips_0=0.028833; ', 'codec_recon_0=0.998363; ', 'mse_1=0.025974; ', 'lpips_1=0.023172; ', 'codec_recon_1=1.003612; ', 'mse_2=0.031432; ', 'lpips_2=0.031503; ', 'codec_recon_2=1.011623; ']
train step[75/1500] ; used: 1m:15s; eta: 23m:41s; loss = 3.172239; ['mse_0=0.033966; ', 'lpips_0=0.027589; ', 'codec_recon_0=0.995314; ', 'mse_1=0.023597; ', 'lpips_1=0.021659; ', 'codec_recon_1=1.001914; ', 'mse_2=0.029542; ', 'lpips_2=0.026493; ', 'codec_recon_2=1.012164; ']
train step[76/1500] ; used: 1m:16s; eta: 23m:40s; loss = 3.168915; ['mse_0=0.024072; ', 'lpips_0=0.027381; ', 'codec_recon_0=0.997690; ', 'mse_1=0.021102; ', 'lpips_1=0.021723; ', 'codec_recon_1=1.002678; ', 'mse_2=0.026520; ', 'lpips_2=0.030697; ', 'codec_recon_2=1.017052; ']
train step[77/1500] ; used: 1m:17s; eta: 23m:39s; loss = 3.217884; ['mse_0=0.044540; ', 'lpips_0=0.029966; ', 'codec_recon_0=0.996282; ', 'mse_1=0.039373; ', 'lpips_1=0.023935; ', 'codec_recon_1=1.001854; ', 'mse_2=0.044142; ', 'lpips_2=0.031439; ', 'codec_recon_2=1.006353; ']
train step[78/1500] ; used: 1m:18s; eta: 23m:38s; loss = 3.169904; ['mse_0=0.028341; ', 'lpips_0=0.026039; ', 'codec_recon_0=0.998511; ', 'mse_1=0.021793; ', 'lpips_1=0.020532; ', 'codec_recon_1=1.002770; ', 'mse_2=0.026781; ', 'lpips_2=0.027536; ', 'codec_recon_2=1.017600; ']
train step[79/1500] ; used: 1m:19s; eta: 23m:37s; loss = 3.154070; ['mse_0=0.021760; ', 'lpips_0=0.026978; ', 'codec_recon_0=0.995804; ', 'mse_1=0.017466; ', 'lpips_1=0.020311; ', 'codec_recon_1=1.003414; ', 'mse_2=0.024488; ', 'lpips_2=0.029676; ', 'codec_recon_2=1.014173; ']
train step[80/1500] ; used: 1m:20s; eta: 23m:36s; loss = 3.176247; ['mse_0=0.030428; ', 'lpips_0=0.027860; ', 'codec_recon_0=0.996326; ', 'mse_1=0.024350; ', 'lpips_1=0.021679; ', 'codec_recon_1=1.002633; ', 'mse_2=0.029041; ', 'lpips_2=0.026677; ', 'codec_recon_2=1.017252; ']
train step[81/1500] ; used: 1m:21s; eta: 23m:35s; loss = 3.176638; ['mse_0=0.029006; ', 'lpips_0=0.025704; ', 'codec_recon_0=0.998360; ', 'mse_1=0.023819; ', 'lpips_1=0.020897; ', 'codec_recon_1=1.003196; ', 'mse_2=0.031982; ', 'lpips_2=0.031338; ', 'codec_recon_2=1.012336; ']
train step[82/1500] ; used: 1m:22s; eta: 23m:34s; loss = 3.185040; ['mse_0=0.028952; ', 'lpips_0=0.028091; ', 'codec_recon_0=0.997120; ', 'mse_1=0.026817; ', 'lpips_1=0.023062; ', 'codec_recon_1=1.002323; ', 'mse_2=0.032771; ', 'lpips_2=0.031264; ', 'codec_recon_2=1.014641; ']
train step[83/1500] ; used: 1m:23s; eta: 23m:33s; loss = 3.162303; ['mse_0=0.022337; ', 'lpips_0=0.026090; ', 'codec_recon_0=0.994855; ', 'mse_1=0.019722; ', 'lpips_1=0.020003; ', 'codec_recon_1=1.003851; ', 'mse_2=0.024608; ', 'lpips_2=0.026825; ', 'codec_recon_2=1.024014; ']
train step[84/1500] ; used: 1m:24s; eta: 23m:32s; loss = 3.228732; ['mse_0=0.037231; ', 'lpips_0=0.031327; ', 'codec_recon_0=0.993929; ', 'mse_1=0.036781; ', 'lpips_1=0.026230; ', 'codec_recon_1=1.003121; ', 'mse_2=0.042572; ', 'lpips_2=0.032001; ', 'codec_recon_2=1.025538; ']
train step[85/1500] ; used: 1m:25s; eta: 23m:31s; loss = 3.183818; ['mse_0=0.028972; ', 'lpips_0=0.031286; ', 'codec_recon_0=0.996200; ', 'mse_1=0.026924; ', 'lpips_1=0.025853; ', 'codec_recon_1=1.002178; ', 'mse_2=0.029888; ', 'lpips_2=0.031055; ', 'codec_recon_2=1.011461; ']
train step[86/1500] ; used: 1m:26s; eta: 23m:30s; loss = 3.185528; ['mse_0=0.025925; ', 'lpips_0=0.027751; ', 'codec_recon_0=0.994850; ', 'mse_1=0.025908; ', 'lpips_1=0.023750; ', 'codec_recon_1=1.004027; ', 'mse_2=0.028902; ', 'lpips_2=0.031949; ', 'codec_recon_2=1.022465; ']
train step[87/1500] ; used: 1m:27s; eta: 23m:28s; loss = 3.209644; ['mse_0=0.032385; ', 'lpips_0=0.029886; ', 'codec_recon_0=0.995465; ', 'mse_1=0.032608; ', 'lpips_1=0.025057; ', 'codec_recon_1=1.002985; ', 'mse_2=0.033705; ', 'lpips_2=0.030888; ', 'codec_recon_2=1.026665; ']
train step[88/1500] ; used: 1m:28s; eta: 23m:27s; loss = 3.204475; ['mse_0=0.041808; ', 'lpips_0=0.029720; ', 'codec_recon_0=0.995387; ', 'mse_1=0.033707; ', 'lpips_1=0.024285; ', 'codec_recon_1=1.001085; ', 'mse_2=0.036195; ', 'lpips_2=0.027973; ', 'codec_recon_2=1.014316; ']
train step[89/1500] ; used: 1m:29s; eta: 23m:26s; loss = 3.164653; ['mse_0=0.019420; ', 'lpips_0=0.024956; ', 'codec_recon_0=0.999344; ', 'mse_1=0.020208; ', 'lpips_1=0.021467; ', 'codec_recon_1=1.004369; ', 'mse_2=0.025793; ', 'lpips_2=0.027505; ', 'codec_recon_2=1.021592; ']
train step[90/1500] ; used: 1m:30s; eta: 23m:25s; loss = 3.197908; ['mse_0=0.032736; ', 'lpips_0=0.028410; ', 'codec_recon_0=0.994560; ', 'mse_1=0.031397; ', 'lpips_1=0.022706; ', 'codec_recon_1=1.002160; ', 'mse_2=0.035598; ', 'lpips_2=0.028841; ', 'codec_recon_2=1.021500; ']
train step[91/1500] ; used: 1m:31s; eta: 23m:24s; loss = 3.197570; ['mse_0=0.036905; ', 'lpips_0=0.031338; ', 'codec_recon_0=0.997489; ', 'mse_1=0.030795; ', 'lpips_1=0.025529; ', 'codec_recon_1=1.001031; ', 'mse_2=0.034952; ', 'lpips_2=0.032394; ', 'codec_recon_2=1.007138; ']
train step[92/1500] ; used: 1m:32s; eta: 23m:23s; loss = 3.150256; ['mse_0=0.020779; ', 'lpips_0=0.025790; ', 'codec_recon_0=0.998405; ', 'mse_1=0.017746; ', 'lpips_1=0.019053; ', 'codec_recon_1=1.003294; ', 'mse_2=0.023869; ', 'lpips_2=0.025233; ', 'codec_recon_2=1.016085; ']
train step[93/1500] ; used: 1m:33s; eta: 23m:22s; loss = 3.172866; ['mse_0=0.023819; ', 'lpips_0=0.026533; ', 'codec_recon_0=0.999187; ', 'mse_1=0.021918; ', 'lpips_1=0.020905; ', 'codec_recon_1=1.005248; ', 'mse_2=0.026648; ', 'lpips_2=0.028629; ', 'codec_recon_2=1.019980; ']
train step[94/1500] ; used: 1m:34s; eta: 23m:22s; loss = 3.142377; ['mse_0=0.017275; ', 'lpips_0=0.026194; ', 'codec_recon_0=0.997080; ', 'mse_1=0.014353; ', 'lpips_1=0.018939; ', 'codec_recon_1=1.004122; ', 'mse_2=0.018895; ', 'lpips_2=0.030012; ', 'codec_recon_2=1.015508; ']
train step[95/1500] ; used: 1m:35s; eta: 23m:21s; loss = 3.168718; ['mse_0=0.022573; ', 'lpips_0=0.028858; ', 'codec_recon_0=0.997641; ', 'mse_1=0.021526; ', 'lpips_1=0.022724; ', 'codec_recon_1=1.002239; ', 'mse_2=0.025911; ', 'lpips_2=0.032775; ', 'codec_recon_2=1.014472; ']
train step[96/1500] ; used: 1m:36s; eta: 23m:20s; loss = 3.163127; ['mse_0=0.024576; ', 'lpips_0=0.028810; ', 'codec_recon_0=0.996022; ', 'mse_1=0.021858; ', 'lpips_1=0.023250; ', 'codec_recon_1=1.002421; ', 'mse_2=0.026611; ', 'lpips_2=0.028979; ', 'codec_recon_2=1.010599; ']
train step[97/1500] ; used: 1m:37s; eta: 23m:19s; loss = 3.180588; ['mse_0=0.027176; ', 'lpips_0=0.027910; ', 'codec_recon_0=0.994513; ', 'mse_1=0.025224; ', 'lpips_1=0.024550; ', 'codec_recon_1=1.003785; ', 'mse_2=0.028605; ', 'lpips_2=0.028712; ', 'codec_recon_2=1.020114; ']
train step[98/1500] ; used: 1m:38s; eta: 23m:18s; loss = 3.160293; ['mse_0=0.020548; ', 'lpips_0=0.027570; ', 'codec_recon_0=0.996530; ', 'mse_1=0.017036; ', 'lpips_1=0.021974; ', 'codec_recon_1=1.002757; ', 'mse_2=0.022237; ', 'lpips_2=0.032607; ', 'codec_recon_2=1.019033; ']
train step[99/1500] ; used: 1m:39s; eta: 23m:17s; loss = 3.187669; ['mse_0=0.026707; ', 'lpips_0=0.027036; ', 'codec_recon_0=0.995806; ', 'mse_1=0.028872; ', 'lpips_1=0.022657; ', 'codec_recon_1=1.003597; ', 'mse_2=0.031656; ', 'lpips_2=0.030228; ', 'codec_recon_2=1.021108; ']
train step[100/1500] ; used: 1m:40s; eta: 23m:16s; loss = 3.147100; ['mse_0=0.021532; ', 'lpips_0=0.028646; ', 'codec_recon_0=0.997169; ', 'mse_1=0.013306; ', 'lpips_1=0.023411; ', 'codec_recon_1=1.003735; ', 'mse_2=0.017857; ', 'lpips_2=0.029583; ', 'codec_recon_2=1.011861; ']
train step[101/1500] ; used: 1m:41s; eta: 23m:15s; loss = 3.158313; ['mse_0=0.027241; ', 'lpips_0=0.026877; ', 'codec_recon_0=0.997787; ', 'mse_1=0.023722; ', 'lpips_1=0.020374; ', 'codec_recon_1=1.002206; ', 'mse_2=0.029900; ', 'lpips_2=0.024294; ', 'codec_recon_2=1.005912; ']
train step[102/1500] ; used: 1m:42s; eta: 23m:14s; loss = 3.181760; ['mse_0=0.032707; ', 'lpips_0=0.028527; ', 'codec_recon_0=0.995539; ', 'mse_1=0.029523; ', 'lpips_1=0.022551; ', 'codec_recon_1=1.003804; ', 'mse_2=0.030248; ', 'lpips_2=0.028676; ', 'codec_recon_2=1.010184; ']
train step[103/1500] ; used: 1m:43s; eta: 23m:13s; loss = 3.154035; ['mse_0=0.022551; ', 'lpips_0=0.025613; ', 'codec_recon_0=0.997120; ', 'mse_1=0.019773; ', 'lpips_1=0.017988; ', 'codec_recon_1=1.003458; ', 'mse_2=0.025619; ', 'lpips_2=0.028553; ', 'codec_recon_2=1.013361; ']
train step[104/1500] ; used: 1m:44s; eta: 23m:12s; loss = 3.149257; ['mse_0=0.020996; ', 'lpips_0=0.027099; ', 'codec_recon_0=0.996757; ', 'mse_1=0.018788; ', 'lpips_1=0.020681; ', 'codec_recon_1=1.003126; ', 'mse_2=0.024698; ', 'lpips_2=0.025613; ', 'codec_recon_2=1.011498; ']
train step[105/1500] ; used: 1m:45s; eta: 23m:11s; loss = 3.159698; ['mse_0=0.024278; ', 'lpips_0=0.027778; ', 'codec_recon_0=0.995921; ', 'mse_1=0.020204; ', 'lpips_1=0.019818; ', 'codec_recon_1=1.004077; ', 'mse_2=0.025794; ', 'lpips_2=0.027449; ', 'codec_recon_2=1.014379; ']
train step[106/1500] ; used: 1m:46s; eta: 23m:10s; loss = 3.154298; ['mse_0=0.017436; ', 'lpips_0=0.026601; ', 'codec_recon_0=0.996201; ', 'mse_1=0.016037; ', 'lpips_1=0.020541; ', 'codec_recon_1=1.004616; ', 'mse_2=0.022465; ', 'lpips_2=0.031729; ', 'codec_recon_2=1.018671; ']
train step[107/1500] ; used: 1m:47s; eta: 23m:9s; loss = 3.190976; ['mse_0=0.033740; ', 'lpips_0=0.026176; ', 'codec_recon_0=0.996112; ', 'mse_1=0.029408; ', 'lpips_1=0.021927; ', 'codec_recon_1=1.002096; ', 'mse_2=0.035038; ', 'lpips_2=0.030197; ', 'codec_recon_2=1.016283; ']
train step[108/1500] ; used: 1m:48s; eta: 23m:8s; loss = 3.166558; ['mse_0=0.027502; ', 'lpips_0=0.027086; ', 'codec_recon_0=0.995787; ', 'mse_1=0.022475; ', 'lpips_1=0.020949; ', 'codec_recon_1=1.003777; ', 'mse_2=0.029139; ', 'lpips_2=0.026839; ', 'codec_recon_2=1.013005; ']
train step[109/1500] ; used: 1m:49s; eta: 23m:7s; loss = 3.148182; ['mse_0=0.017176; ', 'lpips_0=0.024759; ', 'codec_recon_0=0.997638; ', 'mse_1=0.015751; ', 'lpips_1=0.017503; ', 'codec_recon_1=1.005288; ', 'mse_2=0.021624; ', 'lpips_2=0.028498; ', 'codec_recon_2=1.019944; ']
Skipped bad example 1c46c37d7928785e. Context shape was torch.Size([2, 3, 338, 640]) and target shape was torch.Size([4, 3, 338, 640]).
train step[110/1500] ; used: 1m:50s; eta: 23m:6s; loss = 3.190691; ['mse_0=0.019752; ', 'lpips_0=0.029669; ', 'codec_recon_0=0.993918; ', 'mse_1=0.028211; ', 'lpips_1=0.024099; ', 'codec_recon_1=1.003745; ', 'mse_2=0.030409; ', 'lpips_2=0.030938; ', 'codec_recon_2=1.029950; ']
train step[111/1500] ; used: 1m:51s; eta: 23m:5s; loss = 3.174941; ['mse_0=0.022235; ', 'lpips_0=0.029373; ', 'codec_recon_0=0.994453; ', 'mse_1=0.023316; ', 'lpips_1=0.022651; ', 'codec_recon_1=1.002171; ', 'mse_2=0.026070; ', 'lpips_2=0.027882; ', 'codec_recon_2=1.026790; ']
train step[112/1500] ; used: 1m:52s; eta: 23m:4s; loss = 3.167742; ['mse_0=0.022096; ', 'lpips_0=0.026325; ', 'codec_recon_0=0.998134; ', 'mse_1=0.019659; ', 'lpips_1=0.021806; ', 'codec_recon_1=1.004118; ', 'mse_2=0.024805; ', 'lpips_2=0.032582; ', 'codec_recon_2=1.018217; ']
train step[113/1500] ; used: 1m:53s; eta: 23m:3s; loss = 3.176438; ['mse_0=0.029056; ', 'lpips_0=0.028374; ', 'codec_recon_0=0.995883; ', 'mse_1=0.024650; ', 'lpips_1=0.022977; ', 'codec_recon_1=1.001845; ', 'mse_2=0.030961; ', 'lpips_2=0.029694; ', 'codec_recon_2=1.012999; ']
train step[114/1500] ; used: 1m:54s; eta: 23m:2s; loss = 3.160265; ['mse_0=0.020200; ', 'lpips_0=0.025293; ', 'codec_recon_0=0.997043; ', 'mse_1=0.019133; ', 'lpips_1=0.021221; ', 'codec_recon_1=1.007509; ', 'mse_2=0.022582; ', 'lpips_2=0.027188; ', 'codec_recon_2=1.020097; ']
train step[115/1500] ; used: 1m:55s; eta: 23m:1s; loss = 3.194615; ['mse_0=0.034086; ', 'lpips_0=0.028612; ', 'codec_recon_0=0.996463; ', 'mse_1=0.028591; ', 'lpips_1=0.024095; ', 'codec_recon_1=1.004063; ', 'mse_2=0.035024; ', 'lpips_2=0.030988; ', 'codec_recon_2=1.012692; ']
train step[116/1500] ; used: 1m:56s; eta: 23m; loss = 3.172390; ['mse_0=0.027017; ', 'lpips_0=0.027159; ', 'codec_recon_0=0.998448; ', 'mse_1=0.020528; ', 'lpips_1=0.021091; ', 'codec_recon_1=1.004086; ', 'mse_2=0.027754; ', 'lpips_2=0.032946; ', 'codec_recon_2=1.013360; ']
train step[117/1500] ; used: 1m:57s; eta: 22m:59s; loss = 3.156557; ['mse_0=0.016833; ', 'lpips_0=0.027103; ', 'codec_recon_0=0.995346; ', 'mse_1=0.019279; ', 'lpips_1=0.022828; ', 'codec_recon_1=1.004893; ', 'mse_2=0.020730; ', 'lpips_2=0.026190; ', 'codec_recon_2=1.023356; ']
train step[118/1500] ; used: 1m:58s; eta: 22m:58s; loss = 3.161951; ['mse_0=0.017699; ', 'lpips_0=0.028421; ', 'codec_recon_0=0.998082; ', 'mse_1=0.017850; ', 'lpips_1=0.023911; ', 'codec_recon_1=1.004897; ', 'mse_2=0.022812; ', 'lpips_2=0.034190; ', 'codec_recon_2=1.014090; ']
train step[119/1500] ; used: 1m:59s; eta: 22m:57s; loss = 3.168905; ['mse_0=0.027969; ', 'lpips_0=0.028251; ', 'codec_recon_0=0.998310; ', 'mse_1=0.021733; ', 'lpips_1=0.021717; ', 'codec_recon_1=1.001797; ', 'mse_2=0.026780; ', 'lpips_2=0.029102; ', 'codec_recon_2=1.013245; ']
train step[120/1500] ; used: 2m; eta: 22m:59s; loss = 3.172187; ['mse_0=0.028805; ', 'lpips_0=0.028622; ', 'codec_recon_0=0.996103; ', 'mse_1=0.025187; ', 'lpips_1=0.022524; ', 'codec_recon_1=1.001681; ', 'mse_2=0.029656; ', 'lpips_2=0.028896; ', 'codec_recon_2=1.010713; ']
train step[121/1500] ; used: 2m:1s; eta: 22m:58s; loss = 3.165983; ['mse_0=0.016374; ', 'lpips_0=0.028124; ', 'codec_recon_0=0.995873; ', 'mse_1=0.020584; ', 'lpips_1=0.024282; ', 'codec_recon_1=1.005185; ', 'mse_2=0.024830; ', 'lpips_2=0.034608; ', 'codec_recon_2=1.016123; ']
train step[122/1500] ; used: 2m:2s; eta: 22m:57s; loss = 3.154413; ['mse_0=0.020096; ', 'lpips_0=0.027045; ', 'codec_recon_0=0.995477; ', 'mse_1=0.019478; ', 'lpips_1=0.020663; ', 'codec_recon_1=1.002305; ', 'mse_2=0.025119; ', 'lpips_2=0.029324; ', 'codec_recon_2=1.014906; ']
train step[123/1500] ; used: 2m:3s; eta: 22m:56s; loss = 3.152878; ['mse_0=0.015317; ', 'lpips_0=0.027752; ', 'codec_recon_0=0.996896; ', 'mse_1=0.016766; ', 'lpips_1=0.021073; ', 'codec_recon_1=1.003522; ', 'mse_2=0.021409; ', 'lpips_2=0.032918; ', 'codec_recon_2=1.017224; ']
train step[124/1500] ; used: 2m:4s; eta: 22m:55s; loss = 3.166768; ['mse_0=0.022965; ', 'lpips_0=0.028955; ', 'codec_recon_0=0.998014; ', 'mse_1=0.020817; ', 'lpips_1=0.023608; ', 'codec_recon_1=1.003305; ', 'mse_2=0.024339; ', 'lpips_2=0.033633; ', 'codec_recon_2=1.011132; ']
train step[125/1500] ; used: 2m:5s; eta: 22m:54s; loss = 3.177313; ['mse_0=0.031131; ', 'lpips_0=0.028677; ', 'codec_recon_0=0.997045; ', 'mse_1=0.025524; ', 'lpips_1=0.023320; ', 'codec_recon_1=1.001759; ', 'mse_2=0.030094; ', 'lpips_2=0.029769; ', 'codec_recon_2=1.009992; ']
train step[126/1500] ; used: 2m:6s; eta: 22m:53s; loss = 3.185172; ['mse_0=0.027989; ', 'lpips_0=0.030051; ', 'codec_recon_0=0.995210; ', 'mse_1=0.028035; ', 'lpips_1=0.025513; ', 'codec_recon_1=1.002160; ', 'mse_2=0.032662; ', 'lpips_2=0.032310; ', 'codec_recon_2=1.011241; ']
train step[127/1500] ; used: 2m:7s; eta: 22m:52s; loss = 3.167495; ['mse_0=0.028367; ', 'lpips_0=0.026541; ', 'codec_recon_0=0.997429; ', 'mse_1=0.021180; ', 'lpips_1=0.019894; ', 'codec_recon_1=1.002243; ', 'mse_2=0.028416; ', 'lpips_2=0.029293; ', 'codec_recon_2=1.014132; ']
train step[128/1500] ; used: 2m:8s; eta: 22m:51s; loss = 3.193306; ['mse_0=0.034314; ', 'lpips_0=0.029502; ', 'codec_recon_0=0.995578; ', 'mse_1=0.028084; ', 'lpips_1=0.022501; ', 'codec_recon_1=1.003188; ', 'mse_2=0.035083; ', 'lpips_2=0.029242; ', 'codec_recon_2=1.015815; ']
train step[129/1500] ; used: 2m:9s; eta: 22m:50s; loss = 3.157447; ['mse_0=0.019337; ', 'lpips_0=0.026261; ', 'codec_recon_0=0.997020; ', 'mse_1=0.018467; ', 'lpips_1=0.021875; ', 'codec_recon_1=1.005982; ', 'mse_2=0.022175; ', 'lpips_2=0.032585; ', 'codec_recon_2=1.013745; ']
train step[130/1500] ; used: 2m:10s; eta: 22m:49s; loss = 3.174700; ['mse_0=0.023234; ', 'lpips_0=0.027495; ', 'codec_recon_0=0.995816; ', 'mse_1=0.022873; ', 'lpips_1=0.022398; ', 'codec_recon_1=1.004829; ', 'mse_2=0.030692; ', 'lpips_2=0.031785; ', 'codec_recon_2=1.015578; ']
train step[131/1500] ; used: 2m:11s; eta: 22m:48s; loss = 3.203651; ['mse_0=0.034566; ', 'lpips_0=0.031211; ', 'codec_recon_0=0.995753; ', 'mse_1=0.035176; ', 'lpips_1=0.026349; ', 'codec_recon_1=0.999911; ', 'mse_2=0.037885; ', 'lpips_2=0.033563; ', 'codec_recon_2=1.009236; ']
Skipped bad example d9dc27d0e5121b5a. Context shape was torch.Size([2, 3, 270, 640]) and target shape was torch.Size([4, 3, 270, 640]).
train step[132/1500] ; used: 2m:12s; eta: 22m:47s; loss = 3.188261; ['mse_0=0.033105; ', 'lpips_0=0.031418; ', 'codec_recon_0=0.995154; ', 'mse_1=0.025057; ', 'lpips_1=0.026110; ', 'codec_recon_1=1.001673; ', 'mse_2=0.028235; ', 'lpips_2=0.032672; ', 'codec_recon_2=1.014836; ']
train step[133/1500] ; used: 2m:13s; eta: 22m:46s; loss = 3.184095; ['mse_0=0.035758; ', 'lpips_0=0.028161; ', 'codec_recon_0=0.995064; ', 'mse_1=0.027026; ', 'lpips_1=0.020730; ', 'codec_recon_1=1.002430; ', 'mse_2=0.032360; ', 'lpips_2=0.029123; ', 'codec_recon_2=1.013444; ']
train step[134/1500] ; used: 2m:14s; eta: 22m:45s; loss = 3.181219; ['mse_0=0.029445; ', 'lpips_0=0.030191; ', 'codec_recon_0=0.996171; ', 'mse_1=0.029243; ', 'lpips_1=0.025059; ', 'codec_recon_1=1.001386; ', 'mse_2=0.031555; ', 'lpips_2=0.031300; ', 'codec_recon_2=1.006870; ']
train step[135/1500] ; used: 2m:15s; eta: 22m:44s; loss = 3.168298; ['mse_0=0.021954; ', 'lpips_0=0.028557; ', 'codec_recon_0=0.995221; ', 'mse_1=0.021530; ', 'lpips_1=0.022576; ', 'codec_recon_1=1.002547; ', 'mse_2=0.026964; ', 'lpips_2=0.031061; ', 'codec_recon_2=1.017886; ']
train step[136/1500] ; used: 2m:16s; eta: 22m:43s; loss = 3.199649; ['mse_0=0.034604; ', 'lpips_0=0.030944; ', 'codec_recon_0=0.995484; ', 'mse_1=0.032793; ', 'lpips_1=0.025993; ', 'codec_recon_1=1.001830; ', 'mse_2=0.036555; ', 'lpips_2=0.030221; ', 'codec_recon_2=1.011224; ']
train step[137/1500] ; used: 2m:17s; eta: 22m:42s; loss = 3.151770; ['mse_0=0.018455; ', 'lpips_0=0.027316; ', 'codec_recon_0=0.997960; ', 'mse_1=0.015427; ', 'lpips_1=0.022098; ', 'codec_recon_1=1.004132; ', 'mse_2=0.021123; ', 'lpips_2=0.028786; ', 'codec_recon_2=1.016474; ']
train step[138/1500] ; used: 2m:18s; eta: 22m:41s; loss = 3.164531; ['mse_0=0.026404; ', 'lpips_0=0.027429; ', 'codec_recon_0=0.995845; ', 'mse_1=0.022761; ', 'lpips_1=0.021609; ', 'codec_recon_1=1.001437; ', 'mse_2=0.028863; ', 'lpips_2=0.027686; ', 'codec_recon_2=1.012496; ']
train step[139/1500] ; used: 2m:19s; eta: 22m:40s; loss = 3.159196; ['mse_0=0.021358; ', 'lpips_0=0.026601; ', 'codec_recon_0=0.997793; ', 'mse_1=0.019535; ', 'lpips_1=0.020620; ', 'codec_recon_1=1.005471; ', 'mse_2=0.024638; ', 'lpips_2=0.027899; ', 'codec_recon_2=1.015281; ']
train step[140/1500] ; used: 2m:20s; eta: 22m:39s; loss = 3.151968; ['mse_0=0.017467; ', 'lpips_0=0.027024; ', 'codec_recon_0=0.997351; ', 'mse_1=0.017897; ', 'lpips_1=0.020803; ', 'codec_recon_1=1.003145; ', 'mse_2=0.021882; ', 'lpips_2=0.031581; ', 'codec_recon_2=1.014818; ']
train step[141/1500] ; used: 2m:21s; eta: 22m:38s; loss = 3.145430; ['mse_0=0.020157; ', 'lpips_0=0.026781; ', 'codec_recon_0=0.998067; ', 'mse_1=0.016265; ', 'lpips_1=0.020045; ', 'codec_recon_1=1.002426; ', 'mse_2=0.022650; ', 'lpips_2=0.028499; ', 'codec_recon_2=1.010541; ']
train step[142/1500] ; used: 2m:22s; eta: 22m:37s; loss = 3.153708; ['mse_0=0.021935; ', 'lpips_0=0.029369; ', 'codec_recon_0=0.995526; ', 'mse_1=0.017159; ', 'lpips_1=0.022688; ', 'codec_recon_1=1.002650; ', 'mse_2=0.021202; ', 'lpips_2=0.027321; ', 'codec_recon_2=1.015857; ']
train step[143/1500] ; used: 2m:23s; eta: 22m:36s; loss = 3.157421; ['mse_0=0.019389; ', 'lpips_0=0.027628; ', 'codec_recon_0=0.995883; ', 'mse_1=0.017948; ', 'lpips_1=0.021167; ', 'codec_recon_1=1.003691; ', 'mse_2=0.022175; ', 'lpips_2=0.028277; ', 'codec_recon_2=1.021263; ']
train step[144/1500] ; used: 2m:24s; eta: 22m:35s; loss = 3.165015; ['mse_0=0.022342; ', 'lpips_0=0.025414; ', 'codec_recon_0=0.997863; ', 'mse_1=0.020668; ', 'lpips_1=0.020911; ', 'codec_recon_1=1.003966; ', 'mse_2=0.025191; ', 'lpips_2=0.031084; ', 'codec_recon_2=1.017577; ']
train step[145/1500] ; used: 2m:25s; eta: 22m:34s; loss = 3.162805; ['mse_0=0.022703; ', 'lpips_0=0.029166; ', 'codec_recon_0=0.996838; ', 'mse_1=0.022614; ', 'lpips_1=0.023611; ', 'codec_recon_1=1.001245; ', 'mse_2=0.027402; ', 'lpips_2=0.031003; ', 'codec_recon_2=1.008223; ']
train step[146/1500] ; used: 2m:26s; eta: 22m:33s; loss = 3.149973; ['mse_0=0.021167; ', 'lpips_0=0.027187; ', 'codec_recon_0=0.996501; ', 'mse_1=0.017880; ', 'lpips_1=0.019954; ', 'codec_recon_1=1.003294; ', 'mse_2=0.023578; ', 'lpips_2=0.028274; ', 'codec_recon_2=1.012139; ']
train step[147/1500] ; used: 2m:27s; eta: 22m:32s; loss = 3.159494; ['mse_0=0.015882; ', 'lpips_0=0.027361; ', 'codec_recon_0=0.995285; ', 'mse_1=0.018734; ', 'lpips_1=0.021235; ', 'codec_recon_1=1.003856; ', 'mse_2=0.020596; ', 'lpips_2=0.025061; ', 'codec_recon_2=1.031485; ']
train step[148/1500] ; used: 2m:28s; eta: 22m:31s; loss = 3.183510; ['mse_0=0.033583; ', 'lpips_0=0.028573; ', 'codec_recon_0=0.995304; ', 'mse_1=0.027126; ', 'lpips_1=0.021729; ', 'codec_recon_1=1.001232; ', 'mse_2=0.033047; ', 'lpips_2=0.031276; ', 'codec_recon_2=1.011639; ']
train step[149/1500] ; used: 2m:29s; eta: 22m:30s; loss = 3.167989; ['mse_0=0.033722; ', 'lpips_0=0.026862; ', 'codec_recon_0=0.995392; ', 'mse_1=0.024202; ', 'lpips_1=0.019818; ', 'codec_recon_1=1.002017; ', 'mse_2=0.030243; ', 'lpips_2=0.025499; ', 'codec_recon_2=1.010234; ']
train step[150/1500] ; used: 2m:30s; eta: 22m:29s; loss = 3.163995; ['mse_0=0.024321; ', 'lpips_0=0.028811; ', 'codec_recon_0=0.998524; ', 'mse_1=0.017394; ', 'lpips_1=0.021072; ', 'codec_recon_1=1.002995; ', 'mse_2=0.021714; ', 'lpips_2=0.028236; ', 'codec_recon_2=1.020929; ']
train step[151/1500] ; used: 2m:31s; eta: 22m:28s; loss = 3.244088; ['mse_0=0.048480; ', 'lpips_0=0.030137; ', 'codec_recon_0=0.994603; ', 'mse_1=0.047077; ', 'lpips_1=0.027116; ', 'codec_recon_1=1.001842; ', 'mse_2=0.047214; ', 'lpips_2=0.032191; ', 'codec_recon_2=1.015427; ']
train step[152/1500] ; used: 2m:32s; eta: 22m:27s; loss = 3.166643; ['mse_0=0.019893; ', 'lpips_0=0.027407; ', 'codec_recon_0=0.995559; ', 'mse_1=0.021958; ', 'lpips_1=0.022836; ', 'codec_recon_1=1.004224; ', 'mse_2=0.025112; ', 'lpips_2=0.031611; ', 'codec_recon_2=1.018043; ']
train step[153/1500] ; used: 2m:33s; eta: 22m:26s; loss = 3.193739; ['mse_0=0.034323; ', 'lpips_0=0.030043; ', 'codec_recon_0=0.996000; ', 'mse_1=0.031922; ', 'lpips_1=0.024900; ', 'codec_recon_1=1.001914; ', 'mse_2=0.035983; ', 'lpips_2=0.030760; ', 'codec_recon_2=1.007893; ']
train step[154/1500] ; used: 2m:34s; eta: 22m:25s; loss = 3.178292; ['mse_0=0.032679; ', 'lpips_0=0.028218; ', 'codec_recon_0=0.998789; ', 'mse_1=0.026930; ', 'lpips_1=0.022749; ', 'codec_recon_1=1.002544; ', 'mse_2=0.030670; ', 'lpips_2=0.028908; ', 'codec_recon_2=1.006803; ']
train step[155/1500] ; used: 2m:35s; eta: 22m:24s; loss = 3.152616; ['mse_0=0.023420; ', 'lpips_0=0.024829; ', 'codec_recon_0=0.996204; ', 'mse_1=0.019326; ', 'lpips_1=0.020451; ', 'codec_recon_1=1.003117; ', 'mse_2=0.026751; ', 'lpips_2=0.025803; ', 'codec_recon_2=1.012714; ']
train step[156/1500] ; used: 2m:36s; eta: 22m:23s; loss = 3.181189; ['mse_0=0.029987; ', 'lpips_0=0.028663; ', 'codec_recon_0=0.996463; ', 'mse_1=0.026958; ', 'lpips_1=0.023943; ', 'codec_recon_1=1.002441; ', 'mse_2=0.032885; ', 'lpips_2=0.030652; ', 'codec_recon_2=1.009196; ']
train step[157/1500] ; used: 2m:37s; eta: 22m:22s; loss = 3.177948; ['mse_0=0.025828; ', 'lpips_0=0.029378; ', 'codec_recon_0=0.998778; ', 'mse_1=0.024041; ', 'lpips_1=0.025903; ', 'codec_recon_1=1.003972; ', 'mse_2=0.026888; ', 'lpips_2=0.031718; ', 'codec_recon_2=1.011442; ']
train step[158/1500] ; used: 2m:38s; eta: 22m:21s; loss = 3.185475; ['mse_0=0.033647; ', 'lpips_0=0.029685; ', 'codec_recon_0=0.997298; ', 'mse_1=0.023913; ', 'lpips_1=0.024288; ', 'codec_recon_1=1.002029; ', 'mse_2=0.029047; ', 'lpips_2=0.031651; ', 'codec_recon_2=1.013919; ']
train step[159/1500] ; used: 2m:39s; eta: 22m:20s; loss = 3.179470; ['mse_0=0.027642; ', 'lpips_0=0.029645; ', 'codec_recon_0=0.995237; ', 'mse_1=0.025264; ', 'lpips_1=0.023884; ', 'codec_recon_1=1.001269; ', 'mse_2=0.029409; ', 'lpips_2=0.030248; ', 'codec_recon_2=1.016872; ']
train step[160/1500] ; used: 2m:40s; eta: 22m:19s; loss = 3.186797; ['mse_0=0.030265; ', 'lpips_0=0.029419; ', 'codec_recon_0=0.994169; ', 'mse_1=0.025437; ', 'lpips_1=0.024720; ', 'codec_recon_1=1.002829; ', 'mse_2=0.030558; ', 'lpips_2=0.031436; ', 'codec_recon_2=1.017965; ']
train step[161/1500] ; used: 2m:41s; eta: 22m:18s; loss = 3.164806; ['mse_0=0.017914; ', 'lpips_0=0.029045; ', 'codec_recon_0=0.995811; ', 'mse_1=0.020074; ', 'lpips_1=0.025077; ', 'codec_recon_1=1.004524; ', 'mse_2=0.022204; ', 'lpips_2=0.029393; ', 'codec_recon_2=1.020764; ']
train step[162/1500] ; used: 2m:42s; eta: 22m:17s; loss = 3.174085; ['mse_0=0.025449; ', 'lpips_0=0.028650; ', 'codec_recon_0=0.995060; ', 'mse_1=0.023168; ', 'lpips_1=0.023229; ', 'codec_recon_1=1.002129; ', 'mse_2=0.027936; ', 'lpips_2=0.028308; ', 'codec_recon_2=1.020157; ']
train step[163/1500] ; used: 2m:43s; eta: 22m:16s; loss = 3.155104; ['mse_0=0.023551; ', 'lpips_0=0.026414; ', 'codec_recon_0=0.998101; ', 'mse_1=0.015959; ', 'lpips_1=0.019721; ', 'codec_recon_1=1.004648; ', 'mse_2=0.021136; ', 'lpips_2=0.030313; ', 'codec_recon_2=1.015261; ']
train step[164/1500] ; used: 2m:44s; eta: 22m:15s; loss = 3.202925; ['mse_0=0.031539; ', 'lpips_0=0.029862; ', 'codec_recon_0=0.994341; ', 'mse_1=0.031744; ', 'lpips_1=0.025229; ', 'codec_recon_1=1.002953; ', 'mse_2=0.033588; ', 'lpips_2=0.030915; ', 'codec_recon_2=1.022754; ']
train step[165/1500] ; used: 2m:45s; eta: 22m:13s; loss = 3.167959; ['mse_0=0.028205; ', 'lpips_0=0.026175; ', 'codec_recon_0=0.995528; ', 'mse_1=0.022649; ', 'lpips_1=0.018740; ', 'codec_recon_1=1.001869; ', 'mse_2=0.028926; ', 'lpips_2=0.028763; ', 'codec_recon_2=1.017105; ']
train step[166/1500] ; used: 2m:46s; eta: 22m:13s; loss = 3.173347; ['mse_0=0.034844; ', 'lpips_0=0.028828; ', 'codec_recon_0=0.995559; ', 'mse_1=0.025528; ', 'lpips_1=0.021759; ', 'codec_recon_1=1.001901; ', 'mse_2=0.029593; ', 'lpips_2=0.028420; ', 'codec_recon_2=1.006916; ']
train step[167/1500] ; used: 2m:47s; eta: 22m:12s; loss = 3.182828; ['mse_0=0.031083; ', 'lpips_0=0.028151; ', 'codec_recon_0=0.999328; ', 'mse_1=0.021485; ', 'lpips_1=0.022693; ', 'codec_recon_1=1.004132; ', 'mse_2=0.025211; ', 'lpips_2=0.034934; ', 'codec_recon_2=1.015812; ']
train step[168/1500] ; used: 2m:48s; eta: 22m:10s; loss = 3.161285; ['mse_0=0.022707; ', 'lpips_0=0.026971; ', 'codec_recon_0=0.997355; ', 'mse_1=0.021572; ', 'lpips_1=0.021585; ', 'codec_recon_1=1.001999; ', 'mse_2=0.027163; ', 'lpips_2=0.028230; ', 'codec_recon_2=1.013705; ']
train step[169/1500] ; used: 2m:49s; eta: 22m:9s; loss = 3.145007; ['mse_0=0.017122; ', 'lpips_0=0.026339; ', 'codec_recon_0=0.999230; ', 'mse_1=0.016088; ', 'lpips_1=0.020285; ', 'codec_recon_1=1.003825; ', 'mse_2=0.021148; ', 'lpips_2=0.028349; ', 'codec_recon_2=1.012620; ']
train step[170/1500] ; used: 2m:50s; eta: 22m:9s; loss = 3.175580; ['mse_0=0.027687; ', 'lpips_0=0.028543; ', 'codec_recon_0=0.999654; ', 'mse_1=0.025307; ', 'lpips_1=0.022310; ', 'codec_recon_1=1.002466; ', 'mse_2=0.027453; ', 'lpips_2=0.030871; ', 'codec_recon_2=1.011290; ']
train step[171/1500] ; used: 2m:51s; eta: 22m:8s; loss = 3.168459; ['mse_0=0.027658; ', 'lpips_0=0.027687; ', 'codec_recon_0=0.994191; ', 'mse_1=0.023346; ', 'lpips_1=0.019777; ', 'codec_recon_1=1.002120; ', 'mse_2=0.027868; ', 'lpips_2=0.025492; ', 'codec_recon_2=1.020320; ']
train step[172/1500] ; used: 2m:52s; eta: 22m:7s; loss = 3.156798; ['mse_0=0.022140; ', 'lpips_0=0.027924; ', 'codec_recon_0=0.996318; ', 'mse_1=0.018593; ', 'lpips_1=0.021618; ', 'codec_recon_1=1.003039; ', 'mse_2=0.023895; ', 'lpips_2=0.031104; ', 'codec_recon_2=1.012169; ']
train step[173/1500] ; used: 2m:53s; eta: 22m:6s; loss = 3.147351; ['mse_0=0.014935; ', 'lpips_0=0.026637; ', 'codec_recon_0=0.995573; ', 'mse_1=0.013652; ', 'lpips_1=0.021014; ', 'codec_recon_1=1.003652; ', 'mse_2=0.017776; ', 'lpips_2=0.029778; ', 'codec_recon_2=1.024333; ']
train step[174/1500] ; used: 2m:54s; eta: 22m:5s; loss = 3.151676; ['mse_0=0.027074; ', 'lpips_0=0.026745; ', 'codec_recon_0=0.996925; ', 'mse_1=0.018937; ', 'lpips_1=0.019184; ', 'codec_recon_1=1.001912; ', 'mse_2=0.022731; ', 'lpips_2=0.024867; ', 'codec_recon_2=1.013300; ']
train step[175/1500] ; used: 2m:55s; eta: 22m:4s; loss = 3.171099; ['mse_0=0.027522; ', 'lpips_0=0.028298; ', 'codec_recon_0=0.995070; ', 'mse_1=0.025571; ', 'lpips_1=0.022494; ', 'codec_recon_1=1.002642; ', 'mse_2=0.030323; ', 'lpips_2=0.027034; ', 'codec_recon_2=1.012144; ']
train step[176/1500] ; used: 2m:56s; eta: 22m:3s; loss = 3.197180; ['mse_0=0.044414; ', 'lpips_0=0.027491; ', 'codec_recon_0=0.997129; ', 'mse_1=0.032883; ', 'lpips_1=0.021400; ', 'codec_recon_1=1.002314; ', 'mse_2=0.036753; ', 'lpips_2=0.026890; ', 'codec_recon_2=1.007906; ']
train step[177/1500] ; used: 2m:57s; eta: 22m:2s; loss = 3.154647; ['mse_0=0.025859; ', 'lpips_0=0.028445; ', 'codec_recon_0=0.994963; ', 'mse_1=0.018814; ', 'lpips_1=0.021702; ', 'codec_recon_1=1.001744; ', 'mse_2=0.023659; ', 'lpips_2=0.028421; ', 'codec_recon_2=1.011041; ']
train step[178/1500] ; used: 2m:58s; eta: 22m:1s; loss = 3.156951; ['mse_0=0.027949; ', 'lpips_0=0.028226; ', 'codec_recon_0=0.996836; ', 'mse_1=0.019603; ', 'lpips_1=0.020215; ', 'codec_recon_1=1.002883; ', 'mse_2=0.023002; ', 'lpips_2=0.027193; ', 'codec_recon_2=1.011045; ']
train step[179/1500] ; used: 2m:59s; eta: 21m:59s; loss = 3.141432; ['mse_0=0.016313; ', 'lpips_0=0.028391; ', 'codec_recon_0=0.995761; ', 'mse_1=0.013139; ', 'lpips_1=0.021407; ', 'codec_recon_1=1.002503; ', 'mse_2=0.018815; ', 'lpips_2=0.031838; ', 'codec_recon_2=1.013265; ']
train step[180/1500] ; used: 3m; eta: 21m:59s; loss = 3.191380; ['mse_0=0.031728; ', 'lpips_0=0.027667; ', 'codec_recon_0=0.999734; ', 'mse_1=0.026978; ', 'lpips_1=0.023285; ', 'codec_recon_1=1.004428; ', 'mse_2=0.028893; ', 'lpips_2=0.032135; ', 'codec_recon_2=1.016531; ']
train step[181/1500] ; used: 3m:1s; eta: 21m:58s; loss = 3.143622; ['mse_0=0.017620; ', 'lpips_0=0.025087; ', 'codec_recon_0=0.997588; ', 'mse_1=0.016858; ', 'lpips_1=0.019487; ', 'codec_recon_1=1.005524; ', 'mse_2=0.020473; ', 'lpips_2=0.026320; ', 'codec_recon_2=1.014667; ']
train step[182/1500] ; used: 3m:2s; eta: 21m:57s; loss = 3.202056; ['mse_0=0.039750; ', 'lpips_0=0.030598; ', 'codec_recon_0=0.995537; ', 'mse_1=0.033037; ', 'lpips_1=0.024849; ', 'codec_recon_1=1.001883; ', 'mse_2=0.036652; ', 'lpips_2=0.029782; ', 'codec_recon_2=1.009967; ']
train step[183/1500] ; used: 3m:3s; eta: 21m:55s; loss = 3.146636; ['mse_0=0.026307; ', 'lpips_0=0.027432; ', 'codec_recon_0=0.997273; ', 'mse_1=0.016899; ', 'lpips_1=0.019823; ', 'codec_recon_1=1.001078; ', 'mse_2=0.021926; ', 'lpips_2=0.028585; ', 'codec_recon_2=1.007313; ']
train step[184/1500] ; used: 3m:4s; eta: 21m:54s; loss = 3.188987; ['mse_0=0.039763; ', 'lpips_0=0.027726; ', 'codec_recon_0=0.995812; ', 'mse_1=0.032190; ', 'lpips_1=0.020948; ', 'codec_recon_1=1.001499; ', 'mse_2=0.038472; ', 'lpips_2=0.026093; ', 'codec_recon_2=1.006484; ']
train step[185/1500] ; used: 3m:5s; eta: 21m:53s; loss = 3.184860; ['mse_0=0.028677; ', 'lpips_0=0.027943; ', 'codec_recon_0=0.996532; ', 'mse_1=0.027904; ', 'lpips_1=0.024111; ', 'codec_recon_1=1.002893; ', 'mse_2=0.032043; ', 'lpips_2=0.029549; ', 'codec_recon_2=1.015208; ']
train step[186/1500] ; used: 3m:6s; eta: 21m:52s; loss = 3.229267; ['mse_0=0.043292; ', 'lpips_0=0.030148; ', 'codec_recon_0=0.995610; ', 'mse_1=0.040229; ', 'lpips_1=0.025573; ', 'codec_recon_1=1.003277; ', 'mse_2=0.041214; ', 'lpips_2=0.031041; ', 'codec_recon_2=1.018883; ']
train step[187/1500] ; used: 3m:7s; eta: 21m:51s; loss = 3.187693; ['mse_0=0.033316; ', 'lpips_0=0.029056; ', 'codec_recon_0=0.994593; ', 'mse_1=0.029300; ', 'lpips_1=0.023784; ', 'codec_recon_1=1.001880; ', 'mse_2=0.035475; ', 'lpips_2=0.028744; ', 'codec_recon_2=1.011544; ']
train step[188/1500] ; used: 3m:8s; eta: 21m:50s; loss = 3.194237; ['mse_0=0.032639; ', 'lpips_0=0.030666; ', 'codec_recon_0=0.994255; ', 'mse_1=0.032214; ', 'lpips_1=0.025565; ', 'codec_recon_1=1.001335; ', 'mse_2=0.035359; ', 'lpips_2=0.029389; ', 'codec_recon_2=1.012814; ']
train step[189/1500] ; used: 3m:9s; eta: 21m:49s; loss = 3.205580; ['mse_0=0.037535; ', 'lpips_0=0.028927; ', 'codec_recon_0=0.998435; ', 'mse_1=0.033972; ', 'lpips_1=0.023702; ', 'codec_recon_1=1.004371; ', 'mse_2=0.035948; ', 'lpips_2=0.031219; ', 'codec_recon_2=1.011472; ']
train step[190/1500] ; used: 3m:10s; eta: 21m:48s; loss = 3.140961; ['mse_0=0.017752; ', 'lpips_0=0.027677; ', 'codec_recon_0=0.997665; ', 'mse_1=0.015006; ', 'lpips_1=0.020050; ', 'codec_recon_1=1.004656; ', 'mse_2=0.018629; ', 'lpips_2=0.029154; ', 'codec_recon_2=1.010372; ']
train step[191/1500] ; used: 3m:11s; eta: 21m:47s; loss = 3.162356; ['mse_0=0.024154; ', 'lpips_0=0.025140; ', 'codec_recon_0=0.996225; ', 'mse_1=0.022896; ', 'lpips_1=0.020619; ', 'codec_recon_1=1.005292; ', 'mse_2=0.026454; ', 'lpips_2=0.027063; ', 'codec_recon_2=1.014513; ']
train step[192/1500] ; used: 3m:12s; eta: 21m:46s; loss = 3.180040; ['mse_0=0.022852; ', 'lpips_0=0.025435; ', 'codec_recon_0=0.994726; ', 'mse_1=0.023221; ', 'lpips_1=0.023522; ', 'codec_recon_1=1.005463; ', 'mse_2=0.032620; ', 'lpips_2=0.031213; ', 'codec_recon_2=1.020988; ']
train step[193/1500] ; used: 3m:13s; eta: 21m:45s; loss = 3.173079; ['mse_0=0.031004; ', 'lpips_0=0.028929; ', 'codec_recon_0=0.996172; ', 'mse_1=0.024366; ', 'lpips_1=0.022952; ', 'codec_recon_1=1.002123; ', 'mse_2=0.028734; ', 'lpips_2=0.031122; ', 'codec_recon_2=1.007677; ']
train step[194/1500] ; used: 3m:14s; eta: 21m:44s; loss = 3.175085; ['mse_0=0.030239; ', 'lpips_0=0.029503; ', 'codec_recon_0=0.996099; ', 'mse_1=0.021285; ', 'lpips_1=0.024044; ', 'codec_recon_1=1.002608; ', 'mse_2=0.026328; ', 'lpips_2=0.031206; ', 'codec_recon_2=1.013773; ']
train step[195/1500] ; used: 3m:15s; eta: 21m:43s; loss = 3.122646; ['mse_0=0.013601; ', 'lpips_0=0.026739; ', 'codec_recon_0=0.997801; ', 'mse_1=0.009159; ', 'lpips_1=0.020227; ', 'codec_recon_1=1.004387; ', 'mse_2=0.011996; ', 'lpips_2=0.023496; ', 'codec_recon_2=1.015240; ']
train step[196/1500] ; used: 3m:16s; eta: 21m:42s; loss = 3.161620; ['mse_0=0.020023; ', 'lpips_0=0.027917; ', 'codec_recon_0=0.994439; ', 'mse_1=0.019285; ', 'lpips_1=0.022507; ', 'codec_recon_1=1.003739; ', 'mse_2=0.023401; ', 'lpips_2=0.029420; ', 'codec_recon_2=1.020887; ']
train step[197/1500] ; used: 3m:17s; eta: 21m:41s; loss = 3.172561; ['mse_0=0.026327; ', 'lpips_0=0.029108; ', 'codec_recon_0=0.996747; ', 'mse_1=0.022212; ', 'lpips_1=0.023488; ', 'codec_recon_1=1.003819; ', 'mse_2=0.024710; ', 'lpips_2=0.032989; ', 'codec_recon_2=1.013161; ']
train step[198/1500] ; used: 3m:18s; eta: 21m:40s; loss = 3.198821; ['mse_0=0.034079; ', 'lpips_0=0.028595; ', 'codec_recon_0=0.994872; ', 'mse_1=0.032229; ', 'lpips_1=0.022650; ', 'codec_recon_1=1.003735; ', 'mse_2=0.036291; ', 'lpips_2=0.027304; ', 'codec_recon_2=1.019066; ']
train step[199/1500] ; used: 3m:19s; eta: 21m:39s; loss = 3.161946; ['mse_0=0.027634; ', 'lpips_0=0.026151; ', 'codec_recon_0=0.995283; ', 'mse_1=0.023482; ', 'lpips_1=0.020314; ', 'codec_recon_1=1.002462; ', 'mse_2=0.028032; ', 'lpips_2=0.026389; ', 'codec_recon_2=1.012198; ']
train step[200/1500] ; used: 3m:20s; eta: 21m:38s; loss = 3.175819; ['mse_0=0.035510; ', 'lpips_0=0.029279; ', 'codec_recon_0=0.994941; ', 'mse_1=0.025934; ', 'lpips_1=0.021887; ', 'codec_recon_1=1.001509; ', 'mse_2=0.030820; ', 'lpips_2=0.027059; ', 'codec_recon_2=1.008879; ']
train step[201/1500] ; used: 3m:21s; eta: 21m:37s; loss = 3.175194; ['mse_0=0.025592; ', 'lpips_0=0.029867; ', 'codec_recon_0=0.994288; ', 'mse_1=0.023662; ', 'lpips_1=0.023805; ', 'codec_recon_1=1.002141; ', 'mse_2=0.026807; ', 'lpips_2=0.029501; ', 'codec_recon_2=1.019531; ']
train step[202/1500] ; used: 3m:22s; eta: 21m:36s; loss = 3.164445; ['mse_0=0.027542; ', 'lpips_0=0.027527; ', 'codec_recon_0=0.995055; ', 'mse_1=0.021606; ', 'lpips_1=0.022105; ', 'codec_recon_1=1.002396; ', 'mse_2=0.027084; ', 'lpips_2=0.028560; ', 'codec_recon_2=1.012571; ']
train step[203/1500] ; used: 3m:23s; eta: 21m:35s; loss = 3.165086; ['mse_0=0.026532; ', 'lpips_0=0.027915; ', 'codec_recon_0=0.995861; ', 'mse_1=0.021862; ', 'lpips_1=0.022227; ', 'codec_recon_1=1.002458; ', 'mse_2=0.027512; ', 'lpips_2=0.027879; ', 'codec_recon_2=1.012841; ']
train step[204/1500] ; used: 3m:24s; eta: 21m:34s; loss = 3.163505; ['mse_0=0.023009; ', 'lpips_0=0.027651; ', 'codec_recon_0=0.997136; ', 'mse_1=0.020734; ', 'lpips_1=0.021975; ', 'codec_recon_1=1.004342; ', 'mse_2=0.023147; ', 'lpips_2=0.032310; ', 'codec_recon_2=1.013203; ']
train step[205/1500] ; used: 3m:25s; eta: 21m:33s; loss = 3.178320; ['mse_0=0.032398; ', 'lpips_0=0.028846; ', 'codec_recon_0=0.994458; ', 'mse_1=0.027443; ', 'lpips_1=0.023095; ', 'codec_recon_1=1.000565; ', 'mse_2=0.033263; ', 'lpips_2=0.029302; ', 'codec_recon_2=1.008950; ']
train step[206/1500] ; used: 3m:26s; eta: 21m:32s; loss = 3.177826; ['mse_0=0.029551; ', 'lpips_0=0.028969; ', 'codec_recon_0=0.995971; ', 'mse_1=0.029827; ', 'lpips_1=0.023745; ', 'codec_recon_1=1.001453; ', 'mse_2=0.034993; ', 'lpips_2=0.028367; ', 'codec_recon_2=1.004950; ']
train step[207/1500] ; used: 3m:27s; eta: 21m:31s; loss = 3.164984; ['mse_0=0.031424; ', 'lpips_0=0.026392; ', 'codec_recon_0=0.996208; ', 'mse_1=0.021896; ', 'lpips_1=0.020165; ', 'codec_recon_1=1.001513; ', 'mse_2=0.027496; ', 'lpips_2=0.026065; ', 'codec_recon_2=1.013824; ']
train step[208/1500] ; used: 3m:28s; eta: 21m:30s; loss = 3.169015; ['mse_0=0.029039; ', 'lpips_0=0.028995; ', 'codec_recon_0=0.995796; ', 'mse_1=0.024777; ', 'lpips_1=0.022422; ', 'codec_recon_1=1.000998; ', 'mse_2=0.032895; ', 'lpips_2=0.029501; ', 'codec_recon_2=1.004592; ']
train step[209/1500] ; used: 3m:29s; eta: 21m:29s; loss = 3.177583; ['mse_0=0.030701; ', 'lpips_0=0.030211; ', 'codec_recon_0=0.996005; ', 'mse_1=0.026785; ', 'lpips_1=0.025217; ', 'codec_recon_1=1.001881; ', 'mse_2=0.029275; ', 'lpips_2=0.030903; ', 'codec_recon_2=1.006604; ']
train step[210/1500] ; used: 3m:30s; eta: 21m:28s; loss = 3.149616; ['mse_0=0.017613; ', 'lpips_0=0.026428; ', 'codec_recon_0=0.994884; ', 'mse_1=0.016711; ', 'lpips_1=0.021255; ', 'codec_recon_1=1.003919; ', 'mse_2=0.021100; ', 'lpips_2=0.029907; ', 'codec_recon_2=1.017798; ']
train step[211/1500] ; used: 3m:31s; eta: 21m:27s; loss = 3.205613; ['mse_0=0.040694; ', 'lpips_0=0.029231; ', 'codec_recon_0=0.994014; ', 'mse_1=0.035521; ', 'lpips_1=0.022371; ', 'codec_recon_1=1.001362; ', 'mse_2=0.039252; ', 'lpips_2=0.029102; ', 'codec_recon_2=1.014066; ']
train step[212/1500] ; used: 3m:32s; eta: 21m:26s; loss = 3.185882; ['mse_0=0.031894; ', 'lpips_0=0.029731; ', 'codec_recon_0=0.994585; ', 'mse_1=0.028436; ', 'lpips_1=0.024402; ', 'codec_recon_1=1.001148; ', 'mse_2=0.034774; ', 'lpips_2=0.030192; ', 'codec_recon_2=1.010721; ']
train step[213/1500] ; used: 3m:33s; eta: 21m:25s; loss = 3.153314; ['mse_0=0.022673; ', 'lpips_0=0.024788; ', 'codec_recon_0=0.995615; ', 'mse_1=0.017615; ', 'lpips_1=0.019194; ', 'codec_recon_1=1.004096; ', 'mse_2=0.024249; ', 'lpips_2=0.028975; ', 'codec_recon_2=1.016110; ']
train step[214/1500] ; used: 3m:34s; eta: 21m:24s; loss = 3.162813; ['mse_0=0.022863; ', 'lpips_0=0.027227; ', 'codec_recon_0=0.996229; ', 'mse_1=0.020674; ', 'lpips_1=0.022210; ', 'codec_recon_1=1.003595; ', 'mse_2=0.023719; ', 'lpips_2=0.027836; ', 'codec_recon_2=1.018461; ']
train step[215/1500] ; used: 3m:35s; eta: 21m:23s; loss = 3.172958; ['mse_0=0.030731; ', 'lpips_0=0.028588; ', 'codec_recon_0=0.995101; ', 'mse_1=0.027144; ', 'lpips_1=0.021948; ', 'codec_recon_1=1.000694; ', 'mse_2=0.030951; ', 'lpips_2=0.027678; ', 'codec_recon_2=1.010124; ']
train step[216/1500] ; used: 3m:36s; eta: 21m:22s; loss = 3.177028; ['mse_0=0.032092; ', 'lpips_0=0.027486; ', 'codec_recon_0=0.994762; ', 'mse_1=0.026263; ', 'lpips_1=0.022426; ', 'codec_recon_1=1.001638; ', 'mse_2=0.033007; ', 'lpips_2=0.029700; ', 'codec_recon_2=1.009655; ']
train step[217/1500] ; used: 3m:37s; eta: 21m:22s; loss = 3.184574; ['mse_0=0.038038; ', 'lpips_0=0.027729; ', 'codec_recon_0=0.996263; ', 'mse_1=0.026957; ', 'lpips_1=0.021488; ', 'codec_recon_1=1.002108; ', 'mse_2=0.031149; ', 'lpips_2=0.029456; ', 'codec_recon_2=1.011387; ']
train step[218/1500] ; used: 3m:38s; eta: 21m:21s; loss = 3.157620; ['mse_0=0.024155; ', 'lpips_0=0.027121; ', 'codec_recon_0=0.994250; ', 'mse_1=0.018544; ', 'lpips_1=0.020048; ', 'codec_recon_1=1.002899; ', 'mse_2=0.026046; ', 'lpips_2=0.027777; ', 'codec_recon_2=1.016780; ']
train step[219/1500] ; used: 3m:39s; eta: 21m:20s; loss = 3.177205; ['mse_0=0.030431; ', 'lpips_0=0.028247; ', 'codec_recon_0=0.996573; ', 'mse_1=0.027876; ', 'lpips_1=0.022479; ', 'codec_recon_1=1.001951; ', 'mse_2=0.032215; ', 'lpips_2=0.027999; ', 'codec_recon_2=1.009434; ']
train step[220/1500] ; used: 3m:40s; eta: 21m:19s; loss = 3.186384; ['mse_0=0.030793; ', 'lpips_0=0.030440; ', 'codec_recon_0=0.994587; ', 'mse_1=0.028656; ', 'lpips_1=0.024643; ', 'codec_recon_1=1.002474; ', 'mse_2=0.031483; ', 'lpips_2=0.030111; ', 'codec_recon_2=1.013196; ']
train step[221/1500] ; used: 3m:41s; eta: 21m:18s; loss = 3.161355; ['mse_0=0.028804; ', 'lpips_0=0.028574; ', 'codec_recon_0=0.994341; ', 'mse_1=0.022634; ', 'lpips_1=0.022028; ', 'codec_recon_1=1.001936; ', 'mse_2=0.027302; ', 'lpips_2=0.027978; ', 'codec_recon_2=1.007759; ']
train step[222/1500] ; used: 3m:42s; eta: 21m:17s; loss = 3.178357; ['mse_0=0.024157; ', 'lpips_0=0.028180; ', 'codec_recon_0=0.996090; ', 'mse_1=0.024660; ', 'lpips_1=0.023245; ', 'codec_recon_1=1.003093; ', 'mse_2=0.026713; ', 'lpips_2=0.028692; ', 'codec_recon_2=1.023525; ']
train step[223/1500] ; used: 3m:43s; eta: 21m:16s; loss = 3.157126; ['mse_0=0.027930; ', 'lpips_0=0.027609; ', 'codec_recon_0=0.996340; ', 'mse_1=0.021306; ', 'lpips_1=0.021184; ', 'codec_recon_1=1.001275; ', 'mse_2=0.024637; ', 'lpips_2=0.026718; ', 'codec_recon_2=1.010127; ']
train step[224/1500] ; used: 3m:44s; eta: 21m:15s; loss = 3.201451; ['mse_0=0.039471; ', 'lpips_0=0.029499; ', 'codec_recon_0=0.994844; ', 'mse_1=0.033414; ', 'lpips_1=0.024235; ', 'codec_recon_1=1.001196; ', 'mse_2=0.039173; ', 'lpips_2=0.031750; ', 'codec_recon_2=1.007869; ']
train step[225/1500] ; used: 3m:45s; eta: 21m:14s; loss = 3.150959; ['mse_0=0.023092; ', 'lpips_0=0.027443; ', 'codec_recon_0=0.995244; ', 'mse_1=0.018554; ', 'lpips_1=0.020933; ', 'codec_recon_1=1.001899; ', 'mse_2=0.021636; ', 'lpips_2=0.027767; ', 'codec_recon_2=1.014390; ']
train step[226/1500] ; used: 3m:46s; eta: 21m:13s; loss = 3.182335; ['mse_0=0.031353; ', 'lpips_0=0.028845; ', 'codec_recon_0=0.994803; ', 'mse_1=0.028049; ', 'lpips_1=0.023673; ', 'codec_recon_1=1.002250; ', 'mse_2=0.032911; ', 'lpips_2=0.030426; ', 'codec_recon_2=1.010026; ']
train step[227/1500] ; used: 3m:47s; eta: 21m:12s; loss = 3.212809; ['mse_0=0.043257; ', 'lpips_0=0.031195; ', 'codec_recon_0=0.995294; ', 'mse_1=0.036792; ', 'lpips_1=0.026594; ', 'codec_recon_1=1.001426; ', 'mse_2=0.037980; ', 'lpips_2=0.032557; ', 'codec_recon_2=1.007714; ']
train step[228/1500] ; used: 3m:48s; eta: 21m:11s; loss = 3.152251; ['mse_0=0.020488; ', 'lpips_0=0.027475; ', 'codec_recon_0=0.996422; ', 'mse_1=0.018244; ', 'lpips_1=0.021424; ', 'codec_recon_1=1.003137; ', 'mse_2=0.022669; ', 'lpips_2=0.027836; ', 'codec_recon_2=1.014556; ']
train step[229/1500] ; used: 3m:49s; eta: 21m:10s; loss = 3.150151; ['mse_0=0.020296; ', 'lpips_0=0.027739; ', 'codec_recon_0=0.995223; ', 'mse_1=0.019494; ', 'lpips_1=0.020036; ', 'codec_recon_1=1.001107; ', 'mse_2=0.023979; ', 'lpips_2=0.026563; ', 'codec_recon_2=1.015715; ']
train step[230/1500] ; used: 3m:50s; eta: 21m:9s; loss = 3.161627; ['mse_0=0.021813; ', 'lpips_0=0.027587; ', 'codec_recon_0=0.995933; ', 'mse_1=0.022330; ', 'lpips_1=0.022059; ', 'codec_recon_1=1.002568; ', 'mse_2=0.026483; ', 'lpips_2=0.028231; ', 'codec_recon_2=1.014623; ']
train step[231/1500] ; used: 3m:51s; eta: 21m:8s; loss = 3.180536; ['mse_0=0.031424; ', 'lpips_0=0.028003; ', 'codec_recon_0=0.995863; ', 'mse_1=0.026343; ', 'lpips_1=0.022844; ', 'codec_recon_1=1.004811; ', 'mse_2=0.030498; ', 'lpips_2=0.030489; ', 'codec_recon_2=1.010260; ']
train step[232/1500] ; used: 3m:52s; eta: 21m:7s; loss = 3.188826; ['mse_0=0.035283; ', 'lpips_0=0.028395; ', 'codec_recon_0=0.996234; ', 'mse_1=0.030559; ', 'lpips_1=0.022818; ', 'codec_recon_1=1.001152; ', 'mse_2=0.034366; ', 'lpips_2=0.027918; ', 'codec_recon_2=1.012102; ']
train step[233/1500] ; used: 3m:53s; eta: 21m:6s; loss = 3.158609; ['mse_0=0.025267; ', 'lpips_0=0.026029; ', 'codec_recon_0=0.997797; ', 'mse_1=0.019540; ', 'lpips_1=0.020566; ', 'codec_recon_1=1.003984; ', 'mse_2=0.024709; ', 'lpips_2=0.027043; ', 'codec_recon_2=1.013673; ']
train step[234/1500] ; used: 3m:54s; eta: 21m:5s; loss = 3.157349; ['mse_0=0.028654; ', 'lpips_0=0.026796; ', 'codec_recon_0=0.995526; ', 'mse_1=0.017946; ', 'lpips_1=0.019959; ', 'codec_recon_1=1.002374; ', 'mse_2=0.023835; ', 'lpips_2=0.030226; ', 'codec_recon_2=1.012033; ']
train step[235/1500] ; used: 3m:55s; eta: 21m:4s; loss = 3.160043; ['mse_0=0.018204; ', 'lpips_0=0.028518; ', 'codec_recon_0=0.992648; ', 'mse_1=0.019468; ', 'lpips_1=0.022261; ', 'codec_recon_1=1.003112; ', 'mse_2=0.020637; ', 'lpips_2=0.025857; ', 'codec_recon_2=1.029338; ']
train step[236/1500] ; used: 3m:56s; eta: 21m:3s; loss = 3.143582; ['mse_0=0.019966; ', 'lpips_0=0.026565; ', 'codec_recon_0=0.995547; ', 'mse_1=0.017314; ', 'lpips_1=0.021143; ', 'codec_recon_1=1.003939; ', 'mse_2=0.020226; ', 'lpips_2=0.024969; ', 'codec_recon_2=1.013912; ']
train step[237/1500] ; used: 3m:57s; eta: 21m:2s; loss = 3.168119; ['mse_0=0.030140; ', 'lpips_0=0.029076; ', 'codec_recon_0=0.995316; ', 'mse_1=0.022907; ', 'lpips_1=0.022343; ', 'codec_recon_1=1.001973; ', 'mse_2=0.028404; ', 'lpips_2=0.029238; ', 'codec_recon_2=1.008721; ']
train step[238/1500] ; used: 3m:58s; eta: 21m:1s; loss = 3.188495; ['mse_0=0.029020; ', 'lpips_0=0.029424; ', 'codec_recon_0=0.995246; ', 'mse_1=0.031771; ', 'lpips_1=0.024456; ', 'codec_recon_1=1.001226; ', 'mse_2=0.035091; ', 'lpips_2=0.030752; ', 'codec_recon_2=1.011510; ']
train step[239/1500] ; used: 3m:59s; eta: 21m; loss = 3.173662; ['mse_0=0.027464; ', 'lpips_0=0.029822; ', 'codec_recon_0=0.993845; ', 'mse_1=0.023409; ', 'lpips_1=0.023296; ', 'codec_recon_1=1.001938; ', 'mse_2=0.027486; ', 'lpips_2=0.026885; ', 'codec_recon_2=1.019518; ']
train step[240/1500] ; used: 4m; eta: 20m:59s; loss = 3.167127; ['mse_0=0.021627; ', 'lpips_0=0.028169; ', 'codec_recon_0=0.997093; ', 'mse_1=0.022313; ', 'lpips_1=0.023972; ', 'codec_recon_1=1.002777; ', 'mse_2=0.024943; ', 'lpips_2=0.031453; ', 'codec_recon_2=1.014780; ']
train step[241/1500] ; used: 4m:1s; eta: 20m:58s; loss = 3.154925; ['mse_0=0.023437; ', 'lpips_0=0.027162; ', 'codec_recon_0=0.996692; ', 'mse_1=0.022441; ', 'lpips_1=0.021717; ', 'codec_recon_1=1.002334; ', 'mse_2=0.025048; ', 'lpips_2=0.025719; ', 'codec_recon_2=1.010377; ']
train step[242/1500] ; used: 4m:2s; eta: 20m:57s; loss = 3.207341; ['mse_0=0.045598; ', 'lpips_0=0.027197; ', 'codec_recon_0=0.995539; ', 'mse_1=0.036231; ', 'lpips_1=0.023870; ', 'codec_recon_1=1.003473; ', 'mse_2=0.037119; ', 'lpips_2=0.028474; ', 'codec_recon_2=1.009840; ']
train step[243/1500] ; used: 4m:3s; eta: 20m:56s; loss = 3.206783; ['mse_0=0.044173; ', 'lpips_0=0.029560; ', 'codec_recon_0=0.994389; ', 'mse_1=0.035115; ', 'lpips_1=0.023185; ', 'codec_recon_1=1.002387; ', 'mse_2=0.037755; ', 'lpips_2=0.029164; ', 'codec_recon_2=1.011055; ']
train step[244/1500] ; used: 4m:4s; eta: 20m:55s; loss = 3.175410; ['mse_0=0.026604; ', 'lpips_0=0.027873; ', 'codec_recon_0=0.992978; ', 'mse_1=0.025216; ', 'lpips_1=0.021350; ', 'codec_recon_1=1.003110; ', 'mse_2=0.027345; ', 'lpips_2=0.026712; ', 'codec_recon_2=1.024222; ']
train step[245/1500] ; used: 4m:5s; eta: 20m:54s; loss = 3.150556; ['mse_0=0.021820; ', 'lpips_0=0.027579; ', 'codec_recon_0=0.994969; ', 'mse_1=0.020477; ', 'lpips_1=0.020813; ', 'codec_recon_1=1.002317; ', 'mse_2=0.025680; ', 'lpips_2=0.025432; ', 'codec_recon_2=1.011470; ']
train step[246/1500] ; used: 4m:6s; eta: 20m:53s; loss = 3.156396; ['mse_0=0.017010; ', 'lpips_0=0.028863; ', 'codec_recon_0=0.997026; ', 'mse_1=0.021788; ', 'lpips_1=0.023994; ', 'codec_recon_1=1.001341; ', 'mse_2=0.025412; ', 'lpips_2=0.029610; ', 'codec_recon_2=1.011352; ']
train step[247/1500] ; used: 4m:7s; eta: 20m:51s; loss = 3.144141; ['mse_0=0.019811; ', 'lpips_0=0.028003; ', 'codec_recon_0=0.996201; ', 'mse_1=0.016898; ', 'lpips_1=0.021006; ', 'codec_recon_1=1.002384; ', 'mse_2=0.020203; ', 'lpips_2=0.026644; ', 'codec_recon_2=1.012990; ']
train step[248/1500] ; used: 4m:8s; eta: 20m:51s; loss = 3.173882; ['mse_0=0.027143; ', 'lpips_0=0.027926; ', 'codec_recon_0=0.994792; ', 'mse_1=0.025785; ', 'lpips_1=0.022263; ', 'codec_recon_1=1.002241; ', 'mse_2=0.032012; ', 'lpips_2=0.030236; ', 'codec_recon_2=1.011484; ']
train step[249/1500] ; used: 4m:9s; eta: 20m:50s; loss = 3.141873; ['mse_0=0.017647; ', 'lpips_0=0.023771; ', 'codec_recon_0=0.995319; ', 'mse_1=0.015200; ', 'lpips_1=0.016782; ', 'codec_recon_1=1.007343; ', 'mse_2=0.021001; ', 'lpips_2=0.025703; ', 'codec_recon_2=1.019107; ']
train step[250/1500] ; used: 4m:10s; eta: 20m:49s; loss = 3.164278; ['mse_0=0.022102; ', 'lpips_0=0.027515; ', 'codec_recon_0=0.993628; ', 'mse_1=0.020974; ', 'lpips_1=0.020693; ', 'codec_recon_1=1.003752; ', 'mse_2=0.025769; ', 'lpips_2=0.030123; ', 'codec_recon_2=1.019722; ']
train step[251/1500] ; used: 4m:11s; eta: 20m:48s; loss = 3.159672; ['mse_0=0.022235; ', 'lpips_0=0.028231; ', 'codec_recon_0=0.994138; ', 'mse_1=0.019544; ', 'lpips_1=0.022117; ', 'codec_recon_1=1.003153; ', 'mse_2=0.026474; ', 'lpips_2=0.030114; ', 'codec_recon_2=1.013666; ']
train step[252/1500] ; used: 4m:12s; eta: 20m:47s; loss = 3.180565; ['mse_0=0.034482; ', 'lpips_0=0.028262; ', 'codec_recon_0=0.995014; ', 'mse_1=0.028253; ', 'lpips_1=0.022072; ', 'codec_recon_1=1.001901; ', 'mse_2=0.035013; ', 'lpips_2=0.028744; ', 'codec_recon_2=1.006823; ']
train step[253/1500] ; used: 4m:13s; eta: 20m:46s; loss = 3.161900; ['mse_0=0.023086; ', 'lpips_0=0.028500; ', 'codec_recon_0=0.997671; ', 'mse_1=0.022102; ', 'lpips_1=0.023007; ', 'codec_recon_1=1.002048; ', 'mse_2=0.025971; ', 'lpips_2=0.029650; ', 'codec_recon_2=1.009864; ']
train step[254/1500] ; used: 4m:14s; eta: 20m:45s; loss = 3.147343; ['mse_0=0.018390; ', 'lpips_0=0.025238; ', 'codec_recon_0=0.996994; ', 'mse_1=0.015707; ', 'lpips_1=0.019641; ', 'codec_recon_1=1.004287; ', 'mse_2=0.020556; ', 'lpips_2=0.028120; ', 'codec_recon_2=1.018411; ']
train step[255/1500] ; used: 4m:15s; eta: 20m:44s; loss = 3.154547; ['mse_0=0.020983; ', 'lpips_0=0.027323; ', 'codec_recon_0=0.994353; ', 'mse_1=0.017520; ', 'lpips_1=0.020601; ', 'codec_recon_1=1.003341; ', 'mse_2=0.024199; ', 'lpips_2=0.029289; ', 'codec_recon_2=1.016938; ']
train step[256/1500] ; used: 4m:16s; eta: 20m:43s; loss = 3.151241; ['mse_0=0.020372; ', 'lpips_0=0.024687; ', 'codec_recon_0=0.994865; ', 'mse_1=0.018235; ', 'lpips_1=0.018610; ', 'codec_recon_1=1.003636; ', 'mse_2=0.023816; ', 'lpips_2=0.029322; ', 'codec_recon_2=1.017697; ']
train step[257/1500] ; used: 4m:17s; eta: 20m:42s; loss = 3.184124; ['mse_0=0.034650; ', 'lpips_0=0.029655; ', 'codec_recon_0=0.995085; ', 'mse_1=0.030018; ', 'lpips_1=0.024667; ', 'codec_recon_1=1.000372; ', 'mse_2=0.034980; ', 'lpips_2=0.030740; ', 'codec_recon_2=1.003955; ']
train step[258/1500] ; used: 4m:18s; eta: 20m:41s; loss = 3.173020; ['mse_0=0.024242; ', 'lpips_0=0.029075; ', 'codec_recon_0=0.997028; ', 'mse_1=0.022948; ', 'lpips_1=0.023133; ', 'codec_recon_1=1.004570; ', 'mse_2=0.025985; ', 'lpips_2=0.029535; ', 'codec_recon_2=1.016505; ']
train step[259/1500] ; used: 4m:19s; eta: 20m:40s; loss = 3.170628; ['mse_0=0.026648; ', 'lpips_0=0.028813; ', 'codec_recon_0=0.996274; ', 'mse_1=0.023109; ', 'lpips_1=0.022658; ', 'codec_recon_1=1.002923; ', 'mse_2=0.027535; ', 'lpips_2=0.030060; ', 'codec_recon_2=1.012608; ']
train step[260/1500] ; used: 4m:20s; eta: 20m:39s; loss = 3.171970; ['mse_0=0.029832; ', 'lpips_0=0.029013; ', 'codec_recon_0=0.995655; ', 'mse_1=0.024893; ', 'lpips_1=0.022455; ', 'codec_recon_1=1.001397; ', 'mse_2=0.030908; ', 'lpips_2=0.028699; ', 'codec_recon_2=1.009118; ']
train step[261/1500] ; used: 4m:21s; eta: 20m:38s; loss = 3.150102; ['mse_0=0.021860; ', 'lpips_0=0.027673; ', 'codec_recon_0=0.993467; ', 'mse_1=0.019444; ', 'lpips_1=0.019954; ', 'codec_recon_1=1.001824; ', 'mse_2=0.023520; ', 'lpips_2=0.027285; ', 'codec_recon_2=1.015077; ']
train step[262/1500] ; used: 4m:22s; eta: 20m:37s; loss = 3.179684; ['mse_0=0.033570; ', 'lpips_0=0.028888; ', 'codec_recon_0=0.995344; ', 'mse_1=0.026757; ', 'lpips_1=0.022562; ', 'codec_recon_1=1.000246; ', 'mse_2=0.031477; ', 'lpips_2=0.029787; ', 'codec_recon_2=1.011054; ']
train step[263/1500] ; used: 4m:23s; eta: 20m:36s; loss = 3.163516; ['mse_0=0.026527; ', 'lpips_0=0.028635; ', 'codec_recon_0=0.996707; ', 'mse_1=0.022461; ', 'lpips_1=0.022360; ', 'codec_recon_1=1.001382; ', 'mse_2=0.024905; ', 'lpips_2=0.029456; ', 'codec_recon_2=1.011084; ']
train step[264/1500] ; used: 4m:24s; eta: 20m:35s; loss = 3.145619; ['mse_0=0.014379; ', 'lpips_0=0.022979; ', 'codec_recon_0=0.997843; ', 'mse_1=0.015708; ', 'lpips_1=0.018279; ', 'codec_recon_1=1.006314; ', 'mse_2=0.019679; ', 'lpips_2=0.026911; ', 'codec_recon_2=1.023526; ']
train step[265/1500] ; used: 4m:25s; eta: 20m:34s; loss = 3.144578; ['mse_0=0.020801; ', 'lpips_0=0.026363; ', 'codec_recon_0=0.996030; ', 'mse_1=0.016314; ', 'lpips_1=0.019759; ', 'codec_recon_1=1.003224; ', 'mse_2=0.023894; ', 'lpips_2=0.028893; ', 'codec_recon_2=1.009300; ']
train step[266/1500] ; used: 4m:26s; eta: 20m:33s; loss = 3.140382; ['mse_0=0.016032; ', 'lpips_0=0.025979; ', 'codec_recon_0=0.996219; ', 'mse_1=0.015692; ', 'lpips_1=0.018107; ', 'codec_recon_1=1.003872; ', 'mse_2=0.020609; ', 'lpips_2=0.025983; ', 'codec_recon_2=1.017889; ']
train step[267/1500] ; used: 4m:27s; eta: 20m:32s; loss = 3.167329; ['mse_0=0.023753; ', 'lpips_0=0.027334; ', 'codec_recon_0=0.994190; ', 'mse_1=0.020677; ', 'lpips_1=0.022441; ', 'codec_recon_1=1.003528; ', 'mse_2=0.026330; ', 'lpips_2=0.029798; ', 'codec_recon_2=1.019279; ']
train step[268/1500] ; used: 4m:28s; eta: 20m:31s; loss = 3.170225; ['mse_0=0.029433; ', 'lpips_0=0.028152; ', 'codec_recon_0=0.994139; ', 'mse_1=0.026896; ', 'lpips_1=0.021838; ', 'codec_recon_1=1.002451; ', 'mse_2=0.031088; ', 'lpips_2=0.028139; ', 'codec_recon_2=1.008090; ']
train step[269/1500] ; used: 4m:29s; eta: 20m:30s; loss = 3.194353; ['mse_0=0.037675; ', 'lpips_0=0.027973; ', 'codec_recon_0=0.993046; ', 'mse_1=0.032663; ', 'lpips_1=0.022506; ', 'codec_recon_1=1.001737; ', 'mse_2=0.035470; ', 'lpips_2=0.027195; ', 'codec_recon_2=1.016089; ']
train step[270/1500] ; used: 4m:30s; eta: 20m:29s; loss = 3.156440; ['mse_0=0.017628; ', 'lpips_0=0.029231; ', 'codec_recon_0=0.996044; ', 'mse_1=0.015840; ', 'lpips_1=0.025191; ', 'codec_recon_1=1.003494; ', 'mse_2=0.020354; ', 'lpips_2=0.033227; ', 'codec_recon_2=1.015430; ']
train step[271/1500] ; used: 4m:31s; eta: 20m:28s; loss = 3.160492; ['mse_0=0.021049; ', 'lpips_0=0.027149; ', 'codec_recon_0=0.994136; ', 'mse_1=0.020092; ', 'lpips_1=0.022230; ', 'codec_recon_1=1.003883; ', 'mse_2=0.024969; ', 'lpips_2=0.028777; ', 'codec_recon_2=1.018208; ']
train step[272/1500] ; used: 4m:32s; eta: 20m:27s; loss = 3.191044; ['mse_0=0.044108; ', 'lpips_0=0.029687; ', 'codec_recon_0=0.995465; ', 'mse_1=0.029293; ', 'lpips_1=0.024260; ', 'codec_recon_1=1.001987; ', 'mse_2=0.033073; ', 'lpips_2=0.028565; ', 'codec_recon_2=1.004606; ']
train step[273/1500] ; used: 4m:33s; eta: 20m:26s; loss = 3.159927; ['mse_0=0.021156; ', 'lpips_0=0.025078; ', 'codec_recon_0=0.995642; ', 'mse_1=0.018807; ', 'lpips_1=0.020153; ', 'codec_recon_1=1.003343; ', 'mse_2=0.024703; ', 'lpips_2=0.033868; ', 'codec_recon_2=1.017177; ']
train step[274/1500] ; used: 4m:34s; eta: 20m:25s; loss = 3.152897; ['mse_0=0.023043; ', 'lpips_0=0.026369; ', 'codec_recon_0=0.995346; ', 'mse_1=0.019493; ', 'lpips_1=0.020274; ', 'codec_recon_1=1.002717; ', 'mse_2=0.023830; ', 'lpips_2=0.029042; ', 'codec_recon_2=1.012784; ']
train step[275/1500] ; used: 4m:35s; eta: 20m:24s; loss = 3.149252; ['mse_0=0.025072; ', 'lpips_0=0.027765; ', 'codec_recon_0=0.996293; ', 'mse_1=0.019409; ', 'lpips_1=0.020261; ', 'codec_recon_1=1.001098; ', 'mse_2=0.022610; ', 'lpips_2=0.026788; ', 'codec_recon_2=1.009956; ']
train step[276/1500] ; used: 4m:36s; eta: 20m:23s; loss = 3.157587; ['mse_0=0.026953; ', 'lpips_0=0.026863; ', 'codec_recon_0=0.993222; ', 'mse_1=0.020791; ', 'lpips_1=0.018951; ', 'codec_recon_1=1.000983; ', 'mse_2=0.025312; ', 'lpips_2=0.027427; ', 'codec_recon_2=1.017085; ']
train step[277/1500] ; used: 4m:37s; eta: 20m:22s; loss = 3.147834; ['mse_0=0.020751; ', 'lpips_0=0.027958; ', 'codec_recon_0=0.995876; ', 'mse_1=0.017681; ', 'lpips_1=0.020956; ', 'codec_recon_1=1.004480; ', 'mse_2=0.021428; ', 'lpips_2=0.028004; ', 'codec_recon_2=1.010701; ']
train step[278/1500] ; used: 4m:38s; eta: 20m:21s; loss = 3.155629; ['mse_0=0.019194; ', 'lpips_0=0.026935; ', 'codec_recon_0=0.994356; ', 'mse_1=0.018725; ', 'lpips_1=0.020520; ', 'codec_recon_1=1.002646; ', 'mse_2=0.022069; ', 'lpips_2=0.028456; ', 'codec_recon_2=1.022726; ']
train step[279/1500] ; used: 4m:39s; eta: 20m:20s; loss = 3.187476; ['mse_0=0.031348; ', 'lpips_0=0.030097; ', 'codec_recon_0=0.994037; ', 'mse_1=0.029939; ', 'lpips_1=0.024643; ', 'codec_recon_1=1.000711; ', 'mse_2=0.033722; ', 'lpips_2=0.030162; ', 'codec_recon_2=1.012817; ']
train step[280/1500] ; used: 4m:40s; eta: 20m:19s; loss = 3.160612; ['mse_0=0.022974; ', 'lpips_0=0.027494; ', 'codec_recon_0=0.995272; ', 'mse_1=0.022387; ', 'lpips_1=0.022455; ', 'codec_recon_1=1.001737; ', 'mse_2=0.027495; ', 'lpips_2=0.030725; ', 'codec_recon_2=1.010073; ']
train step[281/1500] ; used: 4m:41s; eta: 20m:18s; loss = 3.141720; ['mse_0=0.014263; ', 'lpips_0=0.027188; ', 'codec_recon_0=0.995716; ', 'mse_1=0.014988; ', 'lpips_1=0.021276; ', 'codec_recon_1=1.002827; ', 'mse_2=0.019771; ', 'lpips_2=0.027977; ', 'codec_recon_2=1.017713; ']
train step[282/1500] ; used: 4m:42s; eta: 20m:17s; loss = 3.198606; ['mse_0=0.032938; ', 'lpips_0=0.031410; ', 'codec_recon_0=0.994808; ', 'mse_1=0.034491; ', 'lpips_1=0.027175; ', 'codec_recon_1=1.001165; ', 'mse_2=0.032766; ', 'lpips_2=0.033295; ', 'codec_recon_2=1.010559; ']
train step[283/1500] ; used: 4m:43s; eta: 20m:16s; loss = 3.166757; ['mse_0=0.020555; ', 'lpips_0=0.028455; ', 'codec_recon_0=0.992237; ', 'mse_1=0.022996; ', 'lpips_1=0.022531; ', 'codec_recon_1=1.002405; ', 'mse_2=0.027111; ', 'lpips_2=0.028181; ', 'codec_recon_2=1.022286; ']
train step[284/1500] ; used: 4m:44s; eta: 20m:15s; loss = 3.142805; ['mse_0=0.017582; ', 'lpips_0=0.027163; ', 'codec_recon_0=0.997086; ', 'mse_1=0.015959; ', 'lpips_1=0.021943; ', 'codec_recon_1=1.003259; ', 'mse_2=0.019575; ', 'lpips_2=0.028332; ', 'codec_recon_2=1.011906; ']
train step[285/1500] ; used: 4m:45s; eta: 20m:14s; loss = 3.160284; ['mse_0=0.018609; ', 'lpips_0=0.029873; ', 'codec_recon_0=0.995093; ', 'mse_1=0.021873; ', 'lpips_1=0.023715; ', 'codec_recon_1=1.002356; ', 'mse_2=0.025649; ', 'lpips_2=0.030389; ', 'codec_recon_2=1.012727; ']
train step[286/1500] ; used: 4m:46s; eta: 20m:13s; loss = 3.150801; ['mse_0=0.020888; ', 'lpips_0=0.027043; ', 'codec_recon_0=0.994223; ', 'mse_1=0.017495; ', 'lpips_1=0.021751; ', 'codec_recon_1=1.002457; ', 'mse_2=0.022516; ', 'lpips_2=0.026648; ', 'codec_recon_2=1.017781; ']
train step[287/1500] ; used: 4m:47s; eta: 20m:12s; loss = 3.160813; ['mse_0=0.026811; ', 'lpips_0=0.029563; ', 'codec_recon_0=0.998280; ', 'mse_1=0.022154; ', 'lpips_1=0.023006; ', 'codec_recon_1=1.002131; ', 'mse_2=0.026007; ', 'lpips_2=0.028449; ', 'codec_recon_2=1.004412; ']
train step[288/1500] ; used: 4m:48s; eta: 20m:10s; loss = 3.163369; ['mse_0=0.020001; ', 'lpips_0=0.027978; ', 'codec_recon_0=0.999167; ', 'mse_1=0.016129; ', 'lpips_1=0.022795; ', 'codec_recon_1=1.005108; ', 'mse_2=0.020455; ', 'lpips_2=0.030799; ', 'codec_recon_2=1.020938; ']
train step[289/1500] ; used: 4m:49s; eta: 20m:9s; loss = 3.179228; ['mse_0=0.025084; ', 'lpips_0=0.030008; ', 'codec_recon_0=0.992302; ', 'mse_1=0.025261; ', 'lpips_1=0.024040; ', 'codec_recon_1=1.001616; ', 'mse_2=0.027973; ', 'lpips_2=0.030306; ', 'codec_recon_2=1.022638; ']
train step[290/1500] ; used: 4m:50s; eta: 20m:8s; loss = 3.190392; ['mse_0=0.032690; ', 'lpips_0=0.029726; ', 'codec_recon_0=0.995547; ', 'mse_1=0.029860; ', 'lpips_1=0.025505; ', 'codec_recon_1=1.001929; ', 'mse_2=0.032951; ', 'lpips_2=0.033221; ', 'codec_recon_2=1.008963; ']
train step[291/1500] ; used: 4m:51s; eta: 20m:7s; loss = 3.168158; ['mse_0=0.022898; ', 'lpips_0=0.028177; ', 'codec_recon_0=0.993523; ', 'mse_1=0.024316; ', 'lpips_1=0.022967; ', 'codec_recon_1=1.003065; ', 'mse_2=0.024849; ', 'lpips_2=0.026093; ', 'codec_recon_2=1.022270; ']
train step[292/1500] ; used: 4m:53s; eta: 20m:8s; loss = 3.173282; ['mse_0=0.032294; ', 'lpips_0=0.028994; ', 'codec_recon_0=0.993959; ', 'mse_1=0.024219; ', 'lpips_1=0.023576; ', 'codec_recon_1=1.002044; ', 'mse_2=0.029154; ', 'lpips_2=0.029539; ', 'codec_recon_2=1.009504; ']
train step[293/1500] ; used: 4m:54s; eta: 20m:7s; loss = 3.216066; ['mse_0=0.042273; ', 'lpips_0=0.030952; ', 'codec_recon_0=0.992365; ', 'mse_1=0.038031; ', 'lpips_1=0.025758; ', 'codec_recon_1=1.000269; ', 'mse_2=0.041086; ', 'lpips_2=0.030356; ', 'codec_recon_2=1.014975; ']
train step[294/1500] ; used: 4m:55s; eta: 20m:6s; loss = 3.161551; ['mse_0=0.024783; ', 'lpips_0=0.028909; ', 'codec_recon_0=0.996033; ', 'mse_1=0.021047; ', 'lpips_1=0.023209; ', 'codec_recon_1=1.001812; ', 'mse_2=0.024958; ', 'lpips_2=0.030404; ', 'codec_recon_2=1.010396; ']
train step[295/1500] ; used: 4m:56s; eta: 20m:5s; loss = 3.188984; ['mse_0=0.033898; ', 'lpips_0=0.028407; ', 'codec_recon_0=0.997686; ', 'mse_1=0.028168; ', 'lpips_1=0.022427; ', 'codec_recon_1=1.002436; ', 'mse_2=0.032416; ', 'lpips_2=0.029031; ', 'codec_recon_2=1.014516; ']
train step[296/1500] ; used: 4m:57s; eta: 20m:4s; loss = 3.216124; ['mse_0=0.042303; ', 'lpips_0=0.029670; ', 'codec_recon_0=0.996433; ', 'mse_1=0.035218; ', 'lpips_1=0.024968; ', 'codec_recon_1=1.003970; ', 'mse_2=0.038321; ', 'lpips_2=0.029180; ', 'codec_recon_2=1.016062; ']
train step[297/1500] ; used: 4m:58s; eta: 20m:3s; loss = 3.170398; ['mse_0=0.025078; ', 'lpips_0=0.029293; ', 'codec_recon_0=0.995096; ', 'mse_1=0.023789; ', 'lpips_1=0.024847; ', 'codec_recon_1=1.002518; ', 'mse_2=0.027326; ', 'lpips_2=0.031673; ', 'codec_recon_2=1.010778; ']
train step[298/1500] ; used: 4m:59s; eta: 20m:2s; loss = 3.144397; ['mse_0=0.017024; ', 'lpips_0=0.028146; ', 'codec_recon_0=0.995059; ', 'mse_1=0.013611; ', 'lpips_1=0.022625; ', 'codec_recon_1=1.003942; ', 'mse_2=0.017186; ', 'lpips_2=0.031350; ', 'codec_recon_2=1.015455; ']
train step[299/1500] ; used: 5m; eta: 20m:1s; loss = 3.172401; ['mse_0=0.035532; ', 'lpips_0=0.026013; ', 'codec_recon_0=0.997316; ', 'mse_1=0.024169; ', 'lpips_1=0.019007; ', 'codec_recon_1=1.002676; ', 'mse_2=0.031621; ', 'lpips_2=0.026507; ', 'codec_recon_2=1.009560; ']
train step[300/1500] ; used: 5m:1s; eta: 20m; loss = 3.151011; ['mse_0=0.023864; ', 'lpips_0=0.028067; ', 'codec_recon_0=0.993909; ', 'mse_1=0.020262; ', 'lpips_1=0.021921; ', 'codec_recon_1=1.000587; ', 'mse_2=0.024529; ', 'lpips_2=0.031378; ', 'codec_recon_2=1.006495; ']
train step[301/1500] ; used: 5m:2s; eta: 19m:59s; loss = 3.158476; ['mse_0=0.021450; ', 'lpips_0=0.029389; ', 'codec_recon_0=0.993535; ', 'mse_1=0.019319; ', 'lpips_1=0.022971; ', 'codec_recon_1=1.003134; ', 'mse_2=0.024078; ', 'lpips_2=0.029652; ', 'codec_recon_2=1.014949; ']
train step[302/1500] ; used: 5m:3s; eta: 19m:58s; loss = 3.163291; ['mse_0=0.020917; ', 'lpips_0=0.027935; ', 'codec_recon_0=0.998485; ', 'mse_1=0.019092; ', 'lpips_1=0.022968; ', 'codec_recon_1=1.002785; ', 'mse_2=0.021932; ', 'lpips_2=0.032533; ', 'codec_recon_2=1.016644; ']
train step[303/1500] ; used: 5m:3s; eta: 19m:56s; loss = 3.157295; ['mse_0=0.024508; ', 'lpips_0=0.028396; ', 'codec_recon_0=0.994992; ', 'mse_1=0.018744; ', 'lpips_1=0.021187; ', 'codec_recon_1=1.004006; ', 'mse_2=0.024079; ', 'lpips_2=0.030626; ', 'codec_recon_2=1.010757; ']
train step[304/1500] ; used: 5m:4s; eta: 19m:55s; loss = 3.165159; ['mse_0=0.027734; ', 'lpips_0=0.028034; ', 'codec_recon_0=0.995024; ', 'mse_1=0.023607; ', 'lpips_1=0.021877; ', 'codec_recon_1=1.004196; ', 'mse_2=0.028024; ', 'lpips_2=0.030146; ', 'codec_recon_2=1.006518; ']
train step[305/1500] ; used: 5m:5s; eta: 19m:54s; loss = 3.174620; ['mse_0=0.024059; ', 'lpips_0=0.026679; ', 'codec_recon_0=0.994978; ', 'mse_1=0.026458; ', 'lpips_1=0.022055; ', 'codec_recon_1=1.003654; ', 'mse_2=0.029367; ', 'lpips_2=0.030092; ', 'codec_recon_2=1.017278; ']
train step[306/1500] ; used: 5m:7s; eta: 19m:54s; loss = 3.181751; ['mse_0=0.033418; ', 'lpips_0=0.028644; ', 'codec_recon_0=0.995504; ', 'mse_1=0.027455; ', 'lpips_1=0.023047; ', 'codec_recon_1=1.001835; ', 'mse_2=0.032390; ', 'lpips_2=0.030971; ', 'codec_recon_2=1.008488; ']
train step[307/1500] ; used: 5m:7s; eta: 19m:52s; loss = 3.196281; ['mse_0=0.038274; ', 'lpips_0=0.031932; ', 'codec_recon_0=0.992833; ', 'mse_1=0.028166; ', 'lpips_1=0.025482; ', 'codec_recon_1=1.001626; ', 'mse_2=0.031052; ', 'lpips_2=0.030949; ', 'codec_recon_2=1.015967; ']
train step[308/1500] ; used: 5m:9s; eta: 19m:52s; loss = 3.172643; ['mse_0=0.031122; ', 'lpips_0=0.028364; ', 'codec_recon_0=0.994504; ', 'mse_1=0.025774; ', 'lpips_1=0.023094; ', 'codec_recon_1=1.002190; ', 'mse_2=0.027891; ', 'lpips_2=0.027407; ', 'codec_recon_2=1.012296; ']
train step[309/1500] ; used: 5m:10s; eta: 19m:51s; loss = 3.178673; ['mse_0=0.024626; ', 'lpips_0=0.029291; ', 'codec_recon_0=0.992893; ', 'mse_1=0.023458; ', 'lpips_1=0.023845; ', 'codec_recon_1=1.003582; ', 'mse_2=0.025982; ', 'lpips_2=0.029582; ', 'codec_recon_2=1.025413; ']
train step[310/1500] ; used: 5m:11s; eta: 19m:50s; loss = 3.198993; ['mse_0=0.040736; ', 'lpips_0=0.027890; ', 'codec_recon_0=0.999033; ', 'mse_1=0.032019; ', 'lpips_1=0.022627; ', 'codec_recon_1=1.003216; ', 'mse_2=0.035187; ', 'lpips_2=0.029455; ', 'codec_recon_2=1.008830; ']
train step[311/1500] ; used: 5m:12s; eta: 19m:49s; loss = 3.143442; ['mse_0=0.019951; ', 'lpips_0=0.027037; ', 'codec_recon_0=0.996133; ', 'mse_1=0.017936; ', 'lpips_1=0.021021; ', 'codec_recon_1=1.002927; ', 'mse_2=0.022586; ', 'lpips_2=0.027372; ', 'codec_recon_2=1.008480; ']
train step[312/1500] ; used: 5m:13s; eta: 19m:48s; loss = 3.223676; ['mse_0=0.037965; ', 'lpips_0=0.031909; ', 'codec_recon_0=0.993107; ', 'mse_1=0.036835; ', 'lpips_1=0.028027; ', 'codec_recon_1=1.002429; ', 'mse_2=0.039591; ', 'lpips_2=0.033338; ', 'codec_recon_2=1.020475; ']
train step[313/1500] ; used: 5m:14s; eta: 19m:47s; loss = 3.140837; ['mse_0=0.018604; ', 'lpips_0=0.028081; ', 'codec_recon_0=0.993657; ', 'mse_1=0.018221; ', 'lpips_1=0.021106; ', 'codec_recon_1=1.000231; ', 'mse_2=0.023163; ', 'lpips_2=0.026415; ', 'codec_recon_2=1.011359; ']
train step[314/1500] ; used: 5m:15s; eta: 19m:46s; loss = 3.157012; ['mse_0=0.013423; ', 'lpips_0=0.026229; ', 'codec_recon_0=0.993812; ', 'mse_1=0.016549; ', 'lpips_1=0.021059; ', 'codec_recon_1=1.005375; ', 'mse_2=0.019542; ', 'lpips_2=0.035687; ', 'codec_recon_2=1.025336; ']
train step[315/1500] ; used: 5m:16s; eta: 19m:45s; loss = 3.169345; ['mse_0=0.028609; ', 'lpips_0=0.028329; ', 'codec_recon_0=0.995269; ', 'mse_1=0.024594; ', 'lpips_1=0.022628; ', 'codec_recon_1=1.001186; ', 'mse_2=0.027937; ', 'lpips_2=0.029402; ', 'codec_recon_2=1.011390; ']
train step[316/1500] ; used: 5m:17s; eta: 19m:44s; loss = 3.162784; ['mse_0=0.026526; ', 'lpips_0=0.027364; ', 'codec_recon_0=0.993677; ', 'mse_1=0.023496; ', 'lpips_1=0.021350; ', 'codec_recon_1=1.002714; ', 'mse_2=0.028127; ', 'lpips_2=0.027935; ', 'codec_recon_2=1.011596; ']
train step[317/1500] ; used: 5m:18s; eta: 19m:43s; loss = 3.142859; ['mse_0=0.018439; ', 'lpips_0=0.027100; ', 'codec_recon_0=0.994515; ', 'mse_1=0.017325; ', 'lpips_1=0.020407; ', 'codec_recon_1=1.003438; ', 'mse_2=0.020735; ', 'lpips_2=0.028421; ', 'codec_recon_2=1.012478; ']
train step[318/1500] ; used: 5m:19s; eta: 19m:42s; loss = 3.168755; ['mse_0=0.028413; ', 'lpips_0=0.029193; ', 'codec_recon_0=0.995469; ', 'mse_1=0.023402; ', 'lpips_1=0.022193; ', 'codec_recon_1=1.002586; ', 'mse_2=0.026940; ', 'lpips_2=0.029344; ', 'codec_recon_2=1.011215; ']
train step[319/1500] ; used: 5m:20s; eta: 19m:41s; loss = 3.198694; ['mse_0=0.040688; ', 'lpips_0=0.029005; ', 'codec_recon_0=0.995154; ', 'mse_1=0.030799; ', 'lpips_1=0.023989; ', 'codec_recon_1=1.002846; ', 'mse_2=0.034428; ', 'lpips_2=0.030783; ', 'codec_recon_2=1.011002; ']
train step[320/1500] ; used: 5m:21s; eta: 19m:40s; loss = 3.165677; ['mse_0=0.027316; ', 'lpips_0=0.028904; ', 'codec_recon_0=0.994398; ', 'mse_1=0.022517; ', 'lpips_1=0.022405; ', 'codec_recon_1=1.001202; ', 'mse_2=0.027923; ', 'lpips_2=0.031112; ', 'codec_recon_2=1.009899; ']
train step[321/1500] ; used: 5m:22s; eta: 19m:39s; loss = 3.189898; ['mse_0=0.034010; ', 'lpips_0=0.027865; ', 'codec_recon_0=0.993011; ', 'mse_1=0.031067; ', 'lpips_1=0.022180; ', 'codec_recon_1=1.003588; ', 'mse_2=0.033546; ', 'lpips_2=0.027589; ', 'codec_recon_2=1.017040; ']
train step[322/1500] ; used: 5m:23s; eta: 19m:38s; loss = 3.133885; ['mse_0=0.013023; ', 'lpips_0=0.024418; ', 'codec_recon_0=0.994084; ', 'mse_1=0.015358; ', 'lpips_1=0.019294; ', 'codec_recon_1=1.005652; ', 'mse_2=0.020370; ', 'lpips_2=0.025168; ', 'codec_recon_2=1.016520; ']
train step[323/1500] ; used: 5m:24s; eta: 19m:37s; loss = 3.157714; ['mse_0=0.024249; ', 'lpips_0=0.028396; ', 'codec_recon_0=0.997389; ', 'mse_1=0.019342; ', 'lpips_1=0.023047; ', 'codec_recon_1=1.002114; ', 'mse_2=0.022773; ', 'lpips_2=0.027854; ', 'codec_recon_2=1.012549; ']
train step[324/1500] ; used: 5m:25s; eta: 19m:36s; loss = 3.163361; ['mse_0=0.021684; ', 'lpips_0=0.026511; ', 'codec_recon_0=0.994061; ', 'mse_1=0.022526; ', 'lpips_1=0.022360; ', 'codec_recon_1=1.004487; ', 'mse_2=0.026287; ', 'lpips_2=0.027431; ', 'codec_recon_2=1.018014; ']
train step[325/1500] ; used: 5m:26s; eta: 19m:35s; loss = 3.153562; ['mse_0=0.020676; ', 'lpips_0=0.027225; ', 'codec_recon_0=0.995198; ', 'mse_1=0.021247; ', 'lpips_1=0.021727; ', 'codec_recon_1=1.002767; ', 'mse_2=0.025391; ', 'lpips_2=0.029658; ', 'codec_recon_2=1.009672; ']
train step[326/1500] ; used: 5m:27s; eta: 19m:34s; loss = 3.159178; ['mse_0=0.023620; ', 'lpips_0=0.027810; ', 'codec_recon_0=0.994993; ', 'mse_1=0.023374; ', 'lpips_1=0.021540; ', 'codec_recon_1=1.003315; ', 'mse_2=0.027174; ', 'lpips_2=0.026584; ', 'codec_recon_2=1.010767; ']
train step[327/1500] ; used: 5m:28s; eta: 19m:33s; loss = 3.197045; ['mse_0=0.038708; ', 'lpips_0=0.030630; ', 'codec_recon_0=0.992469; ', 'mse_1=0.031718; ', 'lpips_1=0.023533; ', 'codec_recon_1=1.001897; ', 'mse_2=0.034239; ', 'lpips_2=0.028319; ', 'codec_recon_2=1.015531; ']
train step[328/1500] ; used: 5m:29s; eta: 19m:32s; loss = 3.147313; ['mse_0=0.022916; ', 'lpips_0=0.026634; ', 'codec_recon_0=0.996492; ', 'mse_1=0.019153; ', 'lpips_1=0.020252; ', 'codec_recon_1=1.001731; ', 'mse_2=0.024364; ', 'lpips_2=0.026698; ', 'codec_recon_2=1.009072; ']
train step[329/1500] ; used: 5m:30s; eta: 19m:31s; loss = 3.211408; ['mse_0=0.042267; ', 'lpips_0=0.029668; ', 'codec_recon_0=0.993493; ', 'mse_1=0.035929; ', 'lpips_1=0.024880; ', 'codec_recon_1=1.003467; ', 'mse_2=0.037079; ', 'lpips_2=0.029451; ', 'codec_recon_2=1.015175; ']
train step[330/1500] ; used: 5m:30s; eta: 19m:29s; loss = 3.212997; ['mse_0=0.043632; ', 'lpips_0=0.029654; ', 'codec_recon_0=0.994737; ', 'mse_1=0.036685; ', 'lpips_1=0.024876; ', 'codec_recon_1=1.003113; ', 'mse_2=0.039857; ', 'lpips_2=0.029932; ', 'codec_recon_2=1.010510; ']
train step[331/1500] ; used: 5m:31s; eta: 19m:28s; loss = 3.165961; ['mse_0=0.024772; ', 'lpips_0=0.031004; ', 'codec_recon_0=0.992898; ', 'mse_1=0.021448; ', 'lpips_1=0.023761; ', 'codec_recon_1=1.001127; ', 'mse_2=0.024094; ', 'lpips_2=0.028651; ', 'codec_recon_2=1.018205; ']
train step[332/1500] ; used: 5m:32s; eta: 19m:27s; loss = 3.156737; ['mse_0=0.016527; ', 'lpips_0=0.026971; ', 'codec_recon_0=0.996386; ', 'mse_1=0.017055; ', 'lpips_1=0.021699; ', 'codec_recon_1=1.005112; ', 'mse_2=0.020796; ', 'lpips_2=0.035121; ', 'codec_recon_2=1.017071; ']
train step[333/1500] ; used: 5m:33s; eta: 19m:26s; loss = 3.227094; ['mse_0=0.053267; ', 'lpips_0=0.027356; ', 'codec_recon_0=0.994191; ', 'mse_1=0.045279; ', 'lpips_1=0.022006; ', 'codec_recon_1=1.002513; ', 'mse_2=0.045385; ', 'lpips_2=0.025607; ', 'codec_recon_2=1.011491; ']
train step[334/1500] ; used: 5m:34s; eta: 19m:25s; loss = 3.163684; ['mse_0=0.022485; ', 'lpips_0=0.027502; ', 'codec_recon_0=0.992856; ', 'mse_1=0.021065; ', 'lpips_1=0.021977; ', 'codec_recon_1=1.001873; ', 'mse_2=0.024088; ', 'lpips_2=0.025984; ', 'codec_recon_2=1.025856; ']
train step[335/1500] ; used: 5m:35s; eta: 19m:24s; loss = 3.144365; ['mse_0=0.023265; ', 'lpips_0=0.026926; ', 'codec_recon_0=0.995323; ', 'mse_1=0.014526; ', 'lpips_1=0.019957; ', 'codec_recon_1=1.005291; ', 'mse_2=0.022004; ', 'lpips_2=0.028894; ', 'codec_recon_2=1.008178; ']
train step[336/1500] ; used: 5m:36s; eta: 19m:23s; loss = 3.139419; ['mse_0=0.021396; ', 'lpips_0=0.027182; ', 'codec_recon_0=0.993243; ', 'mse_1=0.017042; ', 'lpips_1=0.021550; ', 'codec_recon_1=1.001911; ', 'mse_2=0.021558; ', 'lpips_2=0.025722; ', 'codec_recon_2=1.009814; ']
train step[337/1500] ; used: 5m:37s; eta: 19m:22s; loss = 3.165383; ['mse_0=0.027014; ', 'lpips_0=0.029198; ', 'codec_recon_0=0.993539; ', 'mse_1=0.022798; ', 'lpips_1=0.023134; ', 'codec_recon_1=1.001122; ', 'mse_2=0.027995; ', 'lpips_2=0.030506; ', 'codec_recon_2=1.010077; ']
train step[338/1500] ; used: 5m:38s; eta: 19m:21s; loss = 3.151533; ['mse_0=0.022134; ', 'lpips_0=0.028055; ', 'codec_recon_0=0.994286; ', 'mse_1=0.020044; ', 'lpips_1=0.021949; ', 'codec_recon_1=1.002131; ', 'mse_2=0.025593; ', 'lpips_2=0.029644; ', 'codec_recon_2=1.007697; ']
train step[339/1500] ; used: 5m:39s; eta: 19m:20s; loss = 3.161927; ['mse_0=0.030144; ', 'lpips_0=0.026834; ', 'codec_recon_0=0.993326; ', 'mse_1=0.026284; ', 'lpips_1=0.021024; ', 'codec_recon_1=1.001292; ', 'mse_2=0.031752; ', 'lpips_2=0.026414; ', 'codec_recon_2=1.004857; ']
train step[340/1500] ; used: 5m:40s; eta: 19m:19s; loss = 3.172157; ['mse_0=0.029378; ', 'lpips_0=0.028145; ', 'codec_recon_0=0.992515; ', 'mse_1=0.027474; ', 'lpips_1=0.023182; ', 'codec_recon_1=1.001448; ', 'mse_2=0.029038; ', 'lpips_2=0.025106; ', 'codec_recon_2=1.015873; ']
train step[341/1500] ; used: 5m:41s; eta: 19m:18s; loss = 3.172854; ['mse_0=0.026226; ', 'lpips_0=0.030008; ', 'codec_recon_0=0.993669; ', 'mse_1=0.024948; ', 'lpips_1=0.026584; ', 'codec_recon_1=1.002286; ', 'mse_2=0.027187; ', 'lpips_2=0.029287; ', 'codec_recon_2=1.012658; ']
train step[342/1500] ; used: 5m:42s; eta: 19m:17s; loss = 3.162398; ['mse_0=0.026853; ', 'lpips_0=0.028618; ', 'codec_recon_0=0.997446; ', 'mse_1=0.019003; ', 'lpips_1=0.025010; ', 'codec_recon_1=1.002040; ', 'mse_2=0.021064; ', 'lpips_2=0.031125; ', 'codec_recon_2=1.011239; ']
train step[343/1500] ; used: 5m:43s; eta: 19m:16s; loss = 3.191222; ['mse_0=0.027988; ', 'lpips_0=0.029799; ', 'codec_recon_0=0.993039; ', 'mse_1=0.029649; ', 'lpips_1=0.026167; ', 'codec_recon_1=1.001374; ', 'mse_2=0.032831; ', 'lpips_2=0.031015; ', 'codec_recon_2=1.019360; ']
train step[344/1500] ; used: 5m:44s; eta: 19m:15s; loss = 3.138709; ['mse_0=0.018611; ', 'lpips_0=0.026442; ', 'codec_recon_0=0.995626; ', 'mse_1=0.016732; ', 'lpips_1=0.019826; ', 'codec_recon_1=1.004472; ', 'mse_2=0.020622; ', 'lpips_2=0.026160; ', 'codec_recon_2=1.010216; ']
train step[345/1500] ; used: 5m:45s; eta: 19m:14s; loss = 3.140270; ['mse_0=0.019709; ', 'lpips_0=0.028296; ', 'codec_recon_0=0.995927; ', 'mse_1=0.016931; ', 'lpips_1=0.022171; ', 'codec_recon_1=1.001337; ', 'mse_2=0.021016; ', 'lpips_2=0.028968; ', 'codec_recon_2=1.005915; ']
train step[346/1500] ; used: 5m:46s; eta: 19m:13s; loss = 3.142227; ['mse_0=0.020744; ', 'lpips_0=0.025918; ', 'codec_recon_0=0.993553; ', 'mse_1=0.017044; ', 'lpips_1=0.019355; ', 'codec_recon_1=1.002187; ', 'mse_2=0.022651; ', 'lpips_2=0.027464; ', 'codec_recon_2=1.013310; ']
train step[347/1500] ; used: 5m:47s; eta: 19m:12s; loss = 3.141882; ['mse_0=0.021855; ', 'lpips_0=0.025099; ', 'codec_recon_0=0.994325; ', 'mse_1=0.017352; ', 'lpips_1=0.019548; ', 'codec_recon_1=1.002660; ', 'mse_2=0.022900; ', 'lpips_2=0.024447; ', 'codec_recon_2=1.013696; ']
train step[348/1500] ; used: 5m:48s; eta: 19m:11s; loss = 3.173240; ['mse_0=0.030192; ', 'lpips_0=0.027588; ', 'codec_recon_0=0.995005; ', 'mse_1=0.026039; ', 'lpips_1=0.021732; ', 'codec_recon_1=1.003401; ', 'mse_2=0.030174; ', 'lpips_2=0.028226; ', 'codec_recon_2=1.010883; ']
train step[349/1500] ; used: 5m:49s; eta: 19m:10s; loss = 3.173921; ['mse_0=0.026800; ', 'lpips_0=0.026580; ', 'codec_recon_0=0.998230; ', 'mse_1=0.024061; ', 'lpips_1=0.020883; ', 'codec_recon_1=1.004087; ', 'mse_2=0.028342; ', 'lpips_2=0.026893; ', 'codec_recon_2=1.018045; ']
train step[350/1500] ; used: 5m:50s; eta: 19m:9s; loss = 3.181451; ['mse_0=0.034860; ', 'lpips_0=0.028378; ', 'codec_recon_0=0.994924; ', 'mse_1=0.027575; ', 'lpips_1=0.022042; ', 'codec_recon_1=1.001152; ', 'mse_2=0.033196; ', 'lpips_2=0.028699; ', 'codec_recon_2=1.010623; ']
train step[351/1500] ; used: 5m:51s; eta: 19m:8s; loss = 3.186951; ['mse_0=0.036276; ', 'lpips_0=0.025747; ', 'codec_recon_0=0.996252; ', 'mse_1=0.027343; ', 'lpips_1=0.020796; ', 'codec_recon_1=1.004924; ', 'mse_2=0.030720; ', 'lpips_2=0.028927; ', 'codec_recon_2=1.015966; ']
train step[352/1500] ; used: 5m:52s; eta: 19m:7s; loss = 3.183786; ['mse_0=0.031678; ', 'lpips_0=0.029488; ', 'codec_recon_0=0.994126; ', 'mse_1=0.030134; ', 'lpips_1=0.024346; ', 'codec_recon_1=1.001835; ', 'mse_2=0.032032; ', 'lpips_2=0.029385; ', 'codec_recon_2=1.010762; ']
train step[353/1500] ; used: 5m:53s; eta: 19m:6s; loss = 3.164608; ['mse_0=0.027332; ', 'lpips_0=0.027880; ', 'codec_recon_0=0.993150; ', 'mse_1=0.021733; ', 'lpips_1=0.022020; ', 'codec_recon_1=1.003921; ', 'mse_2=0.026288; ', 'lpips_2=0.028929; ', 'codec_recon_2=1.013356; ']
train step[354/1500] ; used: 5m:54s; eta: 19m:5s; loss = 3.177860; ['mse_0=0.031179; ', 'lpips_0=0.028105; ', 'codec_recon_0=0.994357; ', 'mse_1=0.028255; ', 'lpips_1=0.023461; ', 'codec_recon_1=1.001410; ', 'mse_2=0.032416; ', 'lpips_2=0.029542; ', 'codec_recon_2=1.009135; ']
train step[355/1500] ; used: 5m:55s; eta: 19m:4s; loss = 3.157435; ['mse_0=0.023556; ', 'lpips_0=0.027272; ', 'codec_recon_0=0.996686; ', 'mse_1=0.021382; ', 'lpips_1=0.021880; ', 'codec_recon_1=1.002937; ', 'mse_2=0.025102; ', 'lpips_2=0.029151; ', 'codec_recon_2=1.009470; ']
train step[356/1500] ; used: 5m:56s; eta: 19m:3s; loss = 3.139792; ['mse_0=0.015356; ', 'lpips_0=0.025948; ', 'codec_recon_0=0.994452; ', 'mse_1=0.013678; ', 'lpips_1=0.019998; ', 'codec_recon_1=1.003214; ', 'mse_2=0.017394; ', 'lpips_2=0.029410; ', 'codec_recon_2=1.020344; ']
train step[357/1500] ; used: 5m:57s; eta: 19m:2s; loss = 3.144403; ['mse_0=0.021639; ', 'lpips_0=0.026993; ', 'codec_recon_0=0.994270; ', 'mse_1=0.019018; ', 'lpips_1=0.020475; ', 'codec_recon_1=1.001958; ', 'mse_2=0.023247; ', 'lpips_2=0.027892; ', 'codec_recon_2=1.008912; ']
train step[358/1500] ; used: 5m:58s; eta: 19m:1s; loss = 3.210331; ['mse_0=0.043143; ', 'lpips_0=0.031879; ', 'codec_recon_0=0.992422; ', 'mse_1=0.034481; ', 'lpips_1=0.025948; ', 'codec_recon_1=1.001121; ', 'mse_2=0.035809; ', 'lpips_2=0.029398; ', 'codec_recon_2=1.016130; ']
train step[359/1500] ; used: 5m:59s; eta: 19m; loss = 3.159997; ['mse_0=0.023325; ', 'lpips_0=0.028294; ', 'codec_recon_0=0.994536; ', 'mse_1=0.020934; ', 'lpips_1=0.021926; ', 'codec_recon_1=1.002514; ', 'mse_2=0.023768; ', 'lpips_2=0.031562; ', 'codec_recon_2=1.013137; ']
train step[360/1500] ; used: 6m; eta: 18m:59s; loss = 3.133482; ['mse_0=0.018922; ', 'lpips_0=0.025492; ', 'codec_recon_0=0.994012; ', 'mse_1=0.014851; ', 'lpips_1=0.018980; ', 'codec_recon_1=1.002294; ', 'mse_2=0.020375; ', 'lpips_2=0.025778; ', 'codec_recon_2=1.012777; ']
train step[361/1500] ; used: 6m:1s; eta: 18m:58s; loss = 3.147835; ['mse_0=0.023020; ', 'lpips_0=0.026855; ', 'codec_recon_0=0.993068; ', 'mse_1=0.020384; ', 'lpips_1=0.020673; ', 'codec_recon_1=1.002596; ', 'mse_2=0.022744; ', 'lpips_2=0.027520; ', 'codec_recon_2=1.010974; ']
train step[362/1500] ; used: 6m:2s; eta: 18m:57s; loss = 3.165507; ['mse_0=0.030671; ', 'lpips_0=0.029376; ', 'codec_recon_0=0.994745; ', 'mse_1=0.023537; ', 'lpips_1=0.022927; ', 'codec_recon_1=1.001729; ', 'mse_2=0.028397; ', 'lpips_2=0.031317; ', 'codec_recon_2=1.002807; ']
train step[363/1500] ; used: 6m:3s; eta: 18m:56s; loss = 3.155423; ['mse_0=0.024023; ', 'lpips_0=0.028973; ', 'codec_recon_0=0.994456; ', 'mse_1=0.022552; ', 'lpips_1=0.023835; ', 'codec_recon_1=1.003476; ', 'mse_2=0.024272; ', 'lpips_2=0.027405; ', 'codec_recon_2=1.006431; ']
train step[364/1500] ; used: 6m:4s; eta: 18m:55s; loss = 3.148221; ['mse_0=0.014286; ', 'lpips_0=0.028752; ', 'codec_recon_0=0.992535; ', 'mse_1=0.015782; ', 'lpips_1=0.022713; ', 'codec_recon_1=1.002313; ', 'mse_2=0.019205; ', 'lpips_2=0.030363; ', 'codec_recon_2=1.022272; ']
train step[365/1500] ; used: 6m:5s; eta: 18m:54s; loss = 3.169755; ['mse_0=0.028837; ', 'lpips_0=0.028759; ', 'codec_recon_0=0.996593; ', 'mse_1=0.027177; ', 'lpips_1=0.023118; ', 'codec_recon_1=1.001789; ', 'mse_2=0.029773; ', 'lpips_2=0.028544; ', 'codec_recon_2=1.005164; ']
train step[366/1500] ; used: 6m:7s; eta: 18m:54s; loss = 3.175034; ['mse_0=0.026955; ', 'lpips_0=0.029206; ', 'codec_recon_0=0.991570; ', 'mse_1=0.026120; ', 'lpips_1=0.022875; ', 'codec_recon_1=1.002725; ', 'mse_2=0.030231; ', 'lpips_2=0.028592; ', 'codec_recon_2=1.016760; ']
train step[367/1500] ; used: 6m:8s; eta: 18m:53s; loss = 3.157367; ['mse_0=0.021945; ', 'lpips_0=0.027846; ', 'codec_recon_0=0.993811; ', 'mse_1=0.021142; ', 'lpips_1=0.022852; ', 'codec_recon_1=1.000573; ', 'mse_2=0.025048; ', 'lpips_2=0.029264; ', 'codec_recon_2=1.014887; ']
train step[368/1500] ; used: 6m:9s; eta: 18m:52s; loss = 3.168874; ['mse_0=0.029584; ', 'lpips_0=0.028446; ', 'codec_recon_0=0.994823; ', 'mse_1=0.024501; ', 'lpips_1=0.022093; ', 'codec_recon_1=1.000759; ', 'mse_2=0.027471; ', 'lpips_2=0.029269; ', 'codec_recon_2=1.011928; ']
train step[369/1500] ; used: 6m:10s; eta: 18m:51s; loss = 3.157196; ['mse_0=0.025618; ', 'lpips_0=0.027813; ', 'codec_recon_0=0.993292; ', 'mse_1=0.020937; ', 'lpips_1=0.020486; ', 'codec_recon_1=1.002346; ', 'mse_2=0.026367; ', 'lpips_2=0.029595; ', 'codec_recon_2=1.010742; ']
train step[370/1500] ; used: 6m:11s; eta: 18m:50s; loss = 3.147217; ['mse_0=0.023752; ', 'lpips_0=0.025367; ', 'codec_recon_0=0.993574; ', 'mse_1=0.021771; ', 'lpips_1=0.019189; ', 'codec_recon_1=1.001928; ', 'mse_2=0.025871; ', 'lpips_2=0.025837; ', 'codec_recon_2=1.009927; ']
train step[371/1500] ; used: 6m:12s; eta: 18m:49s; loss = 3.180818; ['mse_0=0.029722; ', 'lpips_0=0.028735; ', 'codec_recon_0=0.994850; ', 'mse_1=0.028779; ', 'lpips_1=0.025145; ', 'codec_recon_1=1.002846; ', 'mse_2=0.033167; ', 'lpips_2=0.032319; ', 'codec_recon_2=1.005253; ']
train step[372/1500] ; used: 6m:13s; eta: 18m:48s; loss = 3.152746; ['mse_0=0.026454; ', 'lpips_0=0.027292; ', 'codec_recon_0=0.993916; ', 'mse_1=0.021122; ', 'lpips_1=0.019886; ', 'codec_recon_1=1.001909; ', 'mse_2=0.025622; ', 'lpips_2=0.027118; ', 'codec_recon_2=1.009427; ']
train step[373/1500] ; used: 6m:14s; eta: 18m:47s; loss = 3.153566; ['mse_0=0.022752; ', 'lpips_0=0.027789; ', 'codec_recon_0=0.995804; ', 'mse_1=0.018841; ', 'lpips_1=0.022393; ', 'codec_recon_1=1.001748; ', 'mse_2=0.022866; ', 'lpips_2=0.029447; ', 'codec_recon_2=1.011925; ']
train step[374/1500] ; used: 6m:15s; eta: 18m:46s; loss = 3.162339; ['mse_0=0.023537; ', 'lpips_0=0.026588; ', 'codec_recon_0=0.992984; ', 'mse_1=0.018638; ', 'lpips_1=0.021961; ', 'codec_recon_1=1.002987; ', 'mse_2=0.021099; ', 'lpips_2=0.032639; ', 'codec_recon_2=1.021906; ']
train step[375/1500] ; used: 6m:16s; eta: 18m:45s; loss = 3.195674; ['mse_0=0.030836; ', 'lpips_0=0.028638; ', 'codec_recon_0=0.992637; ', 'mse_1=0.032321; ', 'lpips_1=0.023213; ', 'codec_recon_1=1.002051; ', 'mse_2=0.033565; ', 'lpips_2=0.027747; ', 'codec_recon_2=1.024667; ']
train step[376/1500] ; used: 6m:17s; eta: 18m:44s; loss = 3.143426; ['mse_0=0.021228; ', 'lpips_0=0.026701; ', 'codec_recon_0=0.995429; ', 'mse_1=0.018541; ', 'lpips_1=0.020347; ', 'codec_recon_1=1.004233; ', 'mse_2=0.023811; ', 'lpips_2=0.024681; ', 'codec_recon_2=1.008454; ']
train step[377/1500] ; used: 6m:18s; eta: 18m:43s; loss = 3.140388; ['mse_0=0.020636; ', 'lpips_0=0.028405; ', 'codec_recon_0=0.993725; ', 'mse_1=0.016898; ', 'lpips_1=0.020670; ', 'codec_recon_1=1.001655; ', 'mse_2=0.020799; ', 'lpips_2=0.027898; ', 'codec_recon_2=1.009702; ']
train step[378/1500] ; used: 6m:19s; eta: 18m:42s; loss = 3.154502; ['mse_0=0.020503; ', 'lpips_0=0.027082; ', 'codec_recon_0=0.993088; ', 'mse_1=0.020525; ', 'lpips_1=0.021564; ', 'codec_recon_1=1.004914; ', 'mse_2=0.024316; ', 'lpips_2=0.028836; ', 'codec_recon_2=1.013674; ']
train step[379/1500] ; used: 6m:20s; eta: 18m:41s; loss = 3.174200; ['mse_0=0.022250; ', 'lpips_0=0.029582; ', 'codec_recon_0=0.991388; ', 'mse_1=0.025342; ', 'lpips_1=0.025137; ', 'codec_recon_1=1.002003; ', 'mse_2=0.027904; ', 'lpips_2=0.030005; ', 'codec_recon_2=1.020590; ']
train step[380/1500] ; used: 6m:21s; eta: 18m:40s; loss = 3.137011; ['mse_0=0.018667; ', 'lpips_0=0.026302; ', 'codec_recon_0=0.992607; ', 'mse_1=0.016367; ', 'lpips_1=0.019079; ', 'codec_recon_1=1.001545; ', 'mse_2=0.020775; ', 'lpips_2=0.027557; ', 'codec_recon_2=1.014111; ']
train step[381/1500] ; used: 6m:22s; eta: 18m:39s; loss = 3.166924; ['mse_0=0.027207; ', 'lpips_0=0.029636; ', 'codec_recon_0=0.992683; ', 'mse_1=0.025194; ', 'lpips_1=0.023520; ', 'codec_recon_1=1.001114; ', 'mse_2=0.027928; ', 'lpips_2=0.028521; ', 'codec_recon_2=1.011119; ']
train step[382/1500] ; used: 6m:23s; eta: 18m:38s; loss = 3.145566; ['mse_0=0.017141; ', 'lpips_0=0.027991; ', 'codec_recon_0=0.993862; ', 'mse_1=0.016022; ', 'lpips_1=0.022680; ', 'codec_recon_1=1.003282; ', 'mse_2=0.018768; ', 'lpips_2=0.027675; ', 'codec_recon_2=1.018144; ']
train step[383/1500] ; used: 6m:23s; eta: 18m:36s; loss = 3.189225; ['mse_0=0.038536; ', 'lpips_0=0.028441; ', 'codec_recon_0=0.992328; ', 'mse_1=0.033913; ', 'lpips_1=0.021871; ', 'codec_recon_1=1.002712; ', 'mse_2=0.034812; ', 'lpips_2=0.028276; ', 'codec_recon_2=1.008336; ']
train step[384/1500] ; used: 6m:25s; eta: 18m:36s; loss = 3.137999; ['mse_0=0.020102; ', 'lpips_0=0.026504; ', 'codec_recon_0=0.994030; ', 'mse_1=0.018911; ', 'lpips_1=0.019924; ', 'codec_recon_1=1.002351; ', 'mse_2=0.022467; ', 'lpips_2=0.024545; ', 'codec_recon_2=1.009165; ']
train step[385/1500] ; used: 6m:25s; eta: 18m:34s; loss = 3.160972; ['mse_0=0.024936; ', 'lpips_0=0.026848; ', 'codec_recon_0=0.994469; ', 'mse_1=0.021425; ', 'lpips_1=0.021364; ', 'codec_recon_1=1.001542; ', 'mse_2=0.026175; ', 'lpips_2=0.032018; ', 'codec_recon_2=1.012195; ']
train step[386/1500] ; used: 6m:26s; eta: 18m:33s; loss = 3.167139; ['mse_0=0.024823; ', 'lpips_0=0.029725; ', 'codec_recon_0=0.994054; ', 'mse_1=0.023029; ', 'lpips_1=0.024233; ', 'codec_recon_1=1.001846; ', 'mse_2=0.026214; ', 'lpips_2=0.031316; ', 'codec_recon_2=1.011896; ']
train step[387/1500] ; used: 6m:27s; eta: 18m:32s; loss = 3.162019; ['mse_0=0.018676; ', 'lpips_0=0.029438; ', 'codec_recon_0=0.990481; ', 'mse_1=0.020811; ', 'lpips_1=0.022693; ', 'codec_recon_1=1.002243; ', 'mse_2=0.024647; ', 'lpips_2=0.028548; ', 'codec_recon_2=1.024483; ']
train step[388/1500] ; used: 6m:28s; eta: 18m:31s; loss = 3.154383; ['mse_0=0.026484; ', 'lpips_0=0.024205; ', 'codec_recon_0=0.992357; ', 'mse_1=0.020219; ', 'lpips_1=0.018470; ', 'codec_recon_1=1.003329; ', 'mse_2=0.023215; ', 'lpips_2=0.025522; ', 'codec_recon_2=1.020582; ']
train step[389/1500] ; used: 6m:30s; eta: 18m:31s; loss = 3.168309; ['mse_0=0.025662; ', 'lpips_0=0.030309; ', 'codec_recon_0=0.992778; ', 'mse_1=0.026667; ', 'lpips_1=0.025060; ', 'codec_recon_1=1.001520; ', 'mse_2=0.028512; ', 'lpips_2=0.031553; ', 'codec_recon_2=1.006248; ']
train step[390/1500] ; used: 6m:31s; eta: 18m:30s; loss = 3.148205; ['mse_0=0.022087; ', 'lpips_0=0.028328; ', 'codec_recon_0=0.995695; ', 'mse_1=0.018854; ', 'lpips_1=0.023030; ', 'codec_recon_1=1.002144; ', 'mse_2=0.021982; ', 'lpips_2=0.029796; ', 'codec_recon_2=1.006289; ']
train step[391/1500] ; used: 6m:32s; eta: 18m:29s; loss = 3.156848; ['mse_0=0.024001; ', 'lpips_0=0.028631; ', 'codec_recon_0=0.996002; ', 'mse_1=0.024477; ', 'lpips_1=0.022980; ', 'codec_recon_1=1.001969; ', 'mse_2=0.027532; ', 'lpips_2=0.029306; ', 'codec_recon_2=1.001949; ']
train step[392/1500] ; used: 6m:33s; eta: 18m:28s; loss = 3.178622; ['mse_0=0.025402; ', 'lpips_0=0.026764; ', 'codec_recon_0=0.990375; ', 'mse_1=0.028969; ', 'lpips_1=0.023761; ', 'codec_recon_1=1.002553; ', 'mse_2=0.031774; ', 'lpips_2=0.028736; ', 'codec_recon_2=1.020288; ']
train step[393/1500] ; used: 6m:34s; eta: 18m:27s; loss = 3.178178; ['mse_0=0.023253; ', 'lpips_0=0.029228; ', 'codec_recon_0=0.991184; ', 'mse_1=0.025626; ', 'lpips_1=0.024463; ', 'codec_recon_1=1.003309; ', 'mse_2=0.027535; ', 'lpips_2=0.028279; ', 'codec_recon_2=1.025301; ']
train step[394/1500] ; used: 6m:35s; eta: 18m:26s; loss = 3.157466; ['mse_0=0.027909; ', 'lpips_0=0.029182; ', 'codec_recon_0=0.991884; ', 'mse_1=0.021842; ', 'lpips_1=0.023410; ', 'codec_recon_1=1.000999; ', 'mse_2=0.024747; ', 'lpips_2=0.026501; ', 'codec_recon_2=1.010991; ']
train step[395/1500] ; used: 6m:36s; eta: 18m:25s; loss = 3.168263; ['mse_0=0.027970; ', 'lpips_0=0.029240; ', 'codec_recon_0=0.994152; ', 'mse_1=0.026368; ', 'lpips_1=0.023636; ', 'codec_recon_1=1.000678; ', 'mse_2=0.031349; ', 'lpips_2=0.029375; ', 'codec_recon_2=1.005493; ']
train step[396/1500] ; used: 6m:37s; eta: 18m:24s; loss = 3.160251; ['mse_0=0.027327; ', 'lpips_0=0.029396; ', 'codec_recon_0=0.994080; ', 'mse_1=0.023486; ', 'lpips_1=0.023754; ', 'codec_recon_1=1.001719; ', 'mse_2=0.025229; ', 'lpips_2=0.027423; ', 'codec_recon_2=1.007835; ']
train step[397/1500] ; used: 6m:38s; eta: 18m:23s; loss = 3.141790; ['mse_0=0.019930; ', 'lpips_0=0.025801; ', 'codec_recon_0=0.993964; ', 'mse_1=0.020563; ', 'lpips_1=0.020188; ', 'codec_recon_1=1.000867; ', 'mse_2=0.025284; ', 'lpips_2=0.025911; ', 'codec_recon_2=1.009281; ']
train step[398/1500] ; used: 6m:39s; eta: 18m:22s; loss = 3.168515; ['mse_0=0.018898; ', 'lpips_0=0.027925; ', 'codec_recon_0=0.994996; ', 'mse_1=0.022233; ', 'lpips_1=0.025115; ', 'codec_recon_1=1.003296; ', 'mse_2=0.023291; ', 'lpips_2=0.032898; ', 'codec_recon_2=1.019864; ']
train step[399/1500] ; used: 6m:40s; eta: 18m:21s; loss = 3.161670; ['mse_0=0.032314; ', 'lpips_0=0.027873; ', 'codec_recon_0=0.992727; ', 'mse_1=0.024811; ', 'lpips_1=0.021734; ', 'codec_recon_1=0.999639; ', 'mse_2=0.030337; ', 'lpips_2=0.028372; ', 'codec_recon_2=1.003864; ']
train step[400/1500] ; used: 6m:41s; eta: 18m:20s; loss = 3.179559; ['mse_0=0.027682; ', 'lpips_0=0.027163; ', 'codec_recon_0=0.996156; ', 'mse_1=0.024705; ', 'lpips_1=0.024712; ', 'codec_recon_1=1.003737; ', 'mse_2=0.027014; ', 'lpips_2=0.032302; ', 'codec_recon_2=1.016088; ']
train step[401/1500] ; used: 6m:42s; eta: 18m:19s; loss = 3.169590; ['mse_0=0.029745; ', 'lpips_0=0.028302; ', 'codec_recon_0=0.994787; ', 'mse_1=0.025288; ', 'lpips_1=0.023553; ', 'codec_recon_1=1.002940; ', 'mse_2=0.026978; ', 'lpips_2=0.029006; ', 'codec_recon_2=1.008991; ']
train step[402/1500] ; used: 6m:43s; eta: 18m:18s; loss = 3.143381; ['mse_0=0.014249; ', 'lpips_0=0.025767; ', 'codec_recon_0=0.993690; ', 'mse_1=0.016413; ', 'lpips_1=0.021610; ', 'codec_recon_1=1.004678; ', 'mse_2=0.019354; ', 'lpips_2=0.030057; ', 'codec_recon_2=1.017561; ']
train step[403/1500] ; used: 6m:44s; eta: 18m:17s; loss = 3.151143; ['mse_0=0.025915; ', 'lpips_0=0.027049; ', 'codec_recon_0=0.993914; ', 'mse_1=0.021297; ', 'lpips_1=0.021169; ', 'codec_recon_1=1.002540; ', 'mse_2=0.025692; ', 'lpips_2=0.028237; ', 'codec_recon_2=1.005330; ']
train step[404/1500] ; used: 6m:45s; eta: 18m:16s; loss = 3.167452; ['mse_0=0.029642; ', 'lpips_0=0.027965; ', 'codec_recon_0=0.994103; ', 'mse_1=0.025906; ', 'lpips_1=0.023626; ', 'codec_recon_1=1.001850; ', 'mse_2=0.029279; ', 'lpips_2=0.025864; ', 'codec_recon_2=1.009216; ']
train step[405/1500] ; used: 6m:46s; eta: 18m:15s; loss = 3.186888; ['mse_0=0.038283; ', 'lpips_0=0.028777; ', 'codec_recon_0=0.997056; ', 'mse_1=0.030498; ', 'lpips_1=0.023269; ', 'codec_recon_1=1.002103; ', 'mse_2=0.032936; ', 'lpips_2=0.028616; ', 'codec_recon_2=1.005350; ']
train step[406/1500] ; used: 6m:47s; eta: 18m:14s; loss = 3.143490; ['mse_0=0.019070; ', 'lpips_0=0.028031; ', 'codec_recon_0=0.992722; ', 'mse_1=0.018501; ', 'lpips_1=0.021212; ', 'codec_recon_1=1.003282; ', 'mse_2=0.022928; ', 'lpips_2=0.027142; ', 'codec_recon_2=1.010601; ']
train step[407/1500] ; used: 6m:48s; eta: 18m:13s; loss = 3.145041; ['mse_0=0.017866; ', 'lpips_0=0.026497; ', 'codec_recon_0=0.996356; ', 'mse_1=0.016952; ', 'lpips_1=0.020595; ', 'codec_recon_1=1.002353; ', 'mse_2=0.019787; ', 'lpips_2=0.031576; ', 'codec_recon_2=1.013059; ']
train step[408/1500] ; used: 6m:49s; eta: 18m:12s; loss = 3.152202; ['mse_0=0.025579; ', 'lpips_0=0.027822; ', 'codec_recon_0=0.994769; ', 'mse_1=0.020047; ', 'lpips_1=0.022142; ', 'codec_recon_1=1.003358; ', 'mse_2=0.023083; ', 'lpips_2=0.026724; ', 'codec_recon_2=1.008678; ']
train step[409/1500] ; used: 6m:50s; eta: 18m:11s; loss = 3.156439; ['mse_0=0.025298; ', 'lpips_0=0.028745; ', 'codec_recon_0=0.993993; ', 'mse_1=0.021778; ', 'lpips_1=0.023019; ', 'codec_recon_1=1.000350; ', 'mse_2=0.025766; ', 'lpips_2=0.030555; ', 'codec_recon_2=1.006935; ']
train step[410/1500] ; used: 6m:51s; eta: 18m:10s; loss = 3.156786; ['mse_0=0.022776; ', 'lpips_0=0.028864; ', 'codec_recon_0=0.991999; ', 'mse_1=0.022276; ', 'lpips_1=0.023896; ', 'codec_recon_1=1.001833; ', 'mse_2=0.026063; ', 'lpips_2=0.029245; ', 'codec_recon_2=1.009834; ']
Skipped bad example 3a596a6b42ce7b8f. Context shape was torch.Size([2, 3, 338, 640]) and target shape was torch.Size([4, 3, 338, 640]).
train step[411/1500] ; used: 6m:52s; eta: 18m:9s; loss = 3.147804; ['mse_0=0.022146; ', 'lpips_0=0.028941; ', 'codec_recon_0=0.993056; ', 'mse_1=0.019721; ', 'lpips_1=0.023005; ', 'codec_recon_1=1.000875; ', 'mse_2=0.024093; ', 'lpips_2=0.028469; ', 'codec_recon_2=1.007498; ']
train step[412/1500] ; used: 6m:53s; eta: 18m:8s; loss = 3.152533; ['mse_0=0.020091; ', 'lpips_0=0.028420; ', 'codec_recon_0=0.995517; ', 'mse_1=0.018806; ', 'lpips_1=0.024050; ', 'codec_recon_1=1.000656; ', 'mse_2=0.021238; ', 'lpips_2=0.028284; ', 'codec_recon_2=1.015471; ']
train step[413/1500] ; used: 6m:54s; eta: 18m:7s; loss = 3.152337; ['mse_0=0.022202; ', 'lpips_0=0.027332; ', 'codec_recon_0=0.993748; ', 'mse_1=0.020382; ', 'lpips_1=0.022036; ', 'codec_recon_1=1.001968; ', 'mse_2=0.023992; ', 'lpips_2=0.029113; ', 'codec_recon_2=1.011565; ']
train step[414/1500] ; used: 6m:55s; eta: 18m:6s; loss = 3.158423; ['mse_0=0.023984; ', 'lpips_0=0.028512; ', 'codec_recon_0=0.994070; ', 'mse_1=0.024187; ', 'lpips_1=0.024083; ', 'codec_recon_1=1.001781; ', 'mse_2=0.026822; ', 'lpips_2=0.027377; ', 'codec_recon_2=1.007605; ']
train step[415/1500] ; used: 6m:56s; eta: 18m:5s; loss = 3.144934; ['mse_0=0.022982; ', 'lpips_0=0.028137; ', 'codec_recon_0=0.994505; ', 'mse_1=0.018954; ', 'lpips_1=0.021145; ', 'codec_recon_1=1.000375; ', 'mse_2=0.022463; ', 'lpips_2=0.025733; ', 'codec_recon_2=1.010640; ']
train step[416/1500] ; used: 6m:57s; eta: 18m:4s; loss = 3.172014; ['mse_0=0.024497; ', 'lpips_0=0.028478; ', 'codec_recon_0=0.990456; ', 'mse_1=0.024325; ', 'lpips_1=0.023680; ', 'codec_recon_1=1.001266; ', 'mse_2=0.027970; ', 'lpips_2=0.029388; ', 'codec_recon_2=1.021955; ']
train step[417/1500] ; used: 6m:58s; eta: 18m:3s; loss = 3.156564; ['mse_0=0.029710; ', 'lpips_0=0.028910; ', 'codec_recon_0=0.993347; ', 'mse_1=0.020449; ', 'lpips_1=0.023231; ', 'codec_recon_1=1.002127; ', 'mse_2=0.024709; ', 'lpips_2=0.028092; ', 'codec_recon_2=1.005988; ']
train step[418/1500] ; used: 6m:59s; eta: 18m:2s; loss = 3.168426; ['mse_0=0.022949; ', 'lpips_0=0.027174; ', 'codec_recon_0=0.993058; ', 'mse_1=0.024139; ', 'lpips_1=0.022525; ', 'codec_recon_1=1.002085; ', 'mse_2=0.026437; ', 'lpips_2=0.027536; ', 'codec_recon_2=1.022524; ']
train step[419/1500] ; used: 7m; eta: 18m:1s; loss = 3.157718; ['mse_0=0.026956; ', 'lpips_0=0.027239; ', 'codec_recon_0=0.994789; ', 'mse_1=0.023885; ', 'lpips_1=0.021964; ', 'codec_recon_1=1.001996; ', 'mse_2=0.027277; ', 'lpips_2=0.028567; ', 'codec_recon_2=1.005045; ']
train step[420/1500] ; used: 7m:1s; eta: 18m; loss = 3.166193; ['mse_0=0.025999; ', 'lpips_0=0.028137; ', 'codec_recon_0=0.991155; ', 'mse_1=0.022936; ', 'lpips_1=0.023165; ', 'codec_recon_1=1.002383; ', 'mse_2=0.027280; ', 'lpips_2=0.029068; ', 'codec_recon_2=1.016070; ']
train step[421/1500] ; used: 7m:2s; eta: 17m:59s; loss = 3.143671; ['mse_0=0.020097; ', 'lpips_0=0.029451; ', 'codec_recon_0=0.990968; ', 'mse_1=0.016542; ', 'lpips_1=0.021140; ', 'codec_recon_1=1.001782; ', 'mse_2=0.021537; ', 'lpips_2=0.030269; ', 'codec_recon_2=1.011886; ']
train step[422/1500] ; used: 7m:3s; eta: 17m:58s; loss = 3.176839; ['mse_0=0.026811; ', 'lpips_0=0.027748; ', 'codec_recon_0=0.997366; ', 'mse_1=0.024526; ', 'lpips_1=0.023147; ', 'codec_recon_1=1.001187; ', 'mse_2=0.027906; ', 'lpips_2=0.028304; ', 'codec_recon_2=1.019845; ']
train step[423/1500] ; used: 7m:4s; eta: 17m:57s; loss = 3.135525; ['mse_0=0.016287; ', 'lpips_0=0.026363; ', 'codec_recon_0=0.993107; ', 'mse_1=0.014741; ', 'lpips_1=0.019442; ', 'codec_recon_1=1.002310; ', 'mse_2=0.019011; ', 'lpips_2=0.029777; ', 'codec_recon_2=1.014487; ']
train step[424/1500] ; used: 7m:5s; eta: 17m:56s; loss = 3.159436; ['mse_0=0.025489; ', 'lpips_0=0.028175; ', 'codec_recon_0=0.992482; ', 'mse_1=0.022918; ', 'lpips_1=0.022768; ', 'codec_recon_1=1.001631; ', 'mse_2=0.026772; ', 'lpips_2=0.030569; ', 'codec_recon_2=1.008632; ']
train step[425/1500] ; used: 7m:6s; eta: 17m:55s; loss = 3.156539; ['mse_0=0.024082; ', 'lpips_0=0.027620; ', 'codec_recon_0=0.992334; ', 'mse_1=0.021198; ', 'lpips_1=0.023678; ', 'codec_recon_1=1.001470; ', 'mse_2=0.025714; ', 'lpips_2=0.029474; ', 'codec_recon_2=1.010969; ']
train step[426/1500] ; used: 7m:7s; eta: 17m:54s; loss = 3.146311; ['mse_0=0.021383; ', 'lpips_0=0.028586; ', 'codec_recon_0=0.992079; ', 'mse_1=0.020896; ', 'lpips_1=0.022631; ', 'codec_recon_1=1.000606; ', 'mse_2=0.024304; ', 'lpips_2=0.028603; ', 'codec_recon_2=1.007223; ']
train step[427/1500] ; used: 7m:8s; eta: 17m:53s; loss = 3.178428; ['mse_0=0.032310; ', 'lpips_0=0.027044; ', 'codec_recon_0=0.996720; ', 'mse_1=0.026884; ', 'lpips_1=0.022900; ', 'codec_recon_1=1.002501; ', 'mse_2=0.029909; ', 'lpips_2=0.030293; ', 'codec_recon_2=1.009866; ']
train step[428/1500] ; used: 7m:9s; eta: 17m:52s; loss = 3.185746; ['mse_0=0.041073; ', 'lpips_0=0.028498; ', 'codec_recon_0=0.992118; ', 'mse_1=0.034033; ', 'lpips_1=0.023127; ', 'codec_recon_1=0.999391; ', 'mse_2=0.037355; ', 'lpips_2=0.025330; ', 'codec_recon_2=1.004820; ']
train step[429/1500] ; used: 7m:10s; eta: 17m:51s; loss = 3.155879; ['mse_0=0.025488; ', 'lpips_0=0.030516; ', 'codec_recon_0=0.994532; ', 'mse_1=0.021632; ', 'lpips_1=0.024162; ', 'codec_recon_1=1.001415; ', 'mse_2=0.023905; ', 'lpips_2=0.030180; ', 'codec_recon_2=1.004050; ']
train step[430/1500] ; used: 7m:11s; eta: 17m:50s; loss = 3.148931; ['mse_0=0.023217; ', 'lpips_0=0.028703; ', 'codec_recon_0=0.992666; ', 'mse_1=0.021599; ', 'lpips_1=0.023171; ', 'codec_recon_1=1.001287; ', 'mse_2=0.025004; ', 'lpips_2=0.028133; ', 'codec_recon_2=1.005151; ']
train step[431/1500] ; used: 7m:12s; eta: 17m:49s; loss = 3.166352; ['mse_0=0.031105; ', 'lpips_0=0.027134; ', 'codec_recon_0=0.992199; ', 'mse_1=0.025944; ', 'lpips_1=0.021137; ', 'codec_recon_1=1.001044; ', 'mse_2=0.031292; ', 'lpips_2=0.027781; ', 'codec_recon_2=1.008715; ']
train step[432/1500] ; used: 7m:13s; eta: 17m:48s; loss = 3.155922; ['mse_0=0.027864; ', 'lpips_0=0.027859; ', 'codec_recon_0=0.990982; ', 'mse_1=0.018928; ', 'lpips_1=0.022376; ', 'codec_recon_1=1.002305; ', 'mse_2=0.021326; ', 'lpips_2=0.027221; ', 'codec_recon_2=1.017062; ']
train step[433/1500] ; used: 7m:14s; eta: 17m:47s; loss = 3.179740; ['mse_0=0.036369; ', 'lpips_0=0.028183; ', 'codec_recon_0=0.993703; ', 'mse_1=0.029475; ', 'lpips_1=0.024183; ', 'codec_recon_1=1.000961; ', 'mse_2=0.032627; ', 'lpips_2=0.029506; ', 'codec_recon_2=1.004733; ']
train step[434/1500] ; used: 7m:15s; eta: 17m:46s; loss = 3.147845; ['mse_0=0.020971; ', 'lpips_0=0.027787; ', 'codec_recon_0=0.992146; ', 'mse_1=0.021875; ', 'lpips_1=0.023116; ', 'codec_recon_1=1.001698; ', 'mse_2=0.024741; ', 'lpips_2=0.029271; ', 'codec_recon_2=1.006239; ']
train step[435/1500] ; used: 7m:16s; eta: 17m:45s; loss = 3.164028; ['mse_0=0.030742; ', 'lpips_0=0.027230; ', 'codec_recon_0=0.994510; ', 'mse_1=0.022318; ', 'lpips_1=0.021875; ', 'codec_recon_1=1.001079; ', 'mse_2=0.024551; ', 'lpips_2=0.026989; ', 'codec_recon_2=1.014733; ']
train step[436/1500] ; used: 7m:17s; eta: 17m:44s; loss = 3.163265; ['mse_0=0.022541; ', 'lpips_0=0.029116; ', 'codec_recon_0=0.991277; ', 'mse_1=0.023178; ', 'lpips_1=0.024141; ', 'codec_recon_1=1.002331; ', 'mse_2=0.026307; ', 'lpips_2=0.029021; ', 'codec_recon_2=1.015352; ']
train step[437/1500] ; used: 7m:18s; eta: 17m:43s; loss = 3.153239; ['mse_0=0.023125; ', 'lpips_0=0.027371; ', 'codec_recon_0=0.994543; ', 'mse_1=0.021055; ', 'lpips_1=0.021488; ', 'codec_recon_1=1.001868; ', 'mse_2=0.025212; ', 'lpips_2=0.028246; ', 'codec_recon_2=1.010330; ']
train step[438/1500] ; used: 7m:19s; eta: 17m:42s; loss = 3.183213; ['mse_0=0.032046; ', 'lpips_0=0.029353; ', 'codec_recon_0=0.991535; ', 'mse_1=0.029261; ', 'lpips_1=0.024860; ', 'codec_recon_1=1.000947; ', 'mse_2=0.032428; ', 'lpips_2=0.030832; ', 'codec_recon_2=1.011951; ']
train step[439/1500] ; used: 7m:20s; eta: 17m:41s; loss = 3.139333; ['mse_0=0.019065; ', 'lpips_0=0.026096; ', 'codec_recon_0=0.992226; ', 'mse_1=0.018261; ', 'lpips_1=0.019796; ', 'codec_recon_1=1.002207; ', 'mse_2=0.022666; ', 'lpips_2=0.023825; ', 'codec_recon_2=1.015193; ']
train step[440/1500] ; used: 7m:21s; eta: 17m:40s; loss = 3.150263; ['mse_0=0.029804; ', 'lpips_0=0.026517; ', 'codec_recon_0=0.993166; ', 'mse_1=0.021546; ', 'lpips_1=0.020277; ', 'codec_recon_1=1.001353; ', 'mse_2=0.024886; ', 'lpips_2=0.026079; ', 'codec_recon_2=1.006633; ']
train step[441/1500] ; used: 7m:22s; eta: 17m:39s; loss = 3.169813; ['mse_0=0.029042; ', 'lpips_0=0.027934; ', 'codec_recon_0=0.991523; ', 'mse_1=0.024880; ', 'lpips_1=0.022104; ', 'codec_recon_1=1.001247; ', 'mse_2=0.027298; ', 'lpips_2=0.025851; ', 'codec_recon_2=1.019933; ']
train step[442/1500] ; used: 7m:23s; eta: 17m:38s; loss = 3.144483; ['mse_0=0.022030; ', 'lpips_0=0.027900; ', 'codec_recon_0=0.991518; ', 'mse_1=0.020805; ', 'lpips_1=0.021706; ', 'codec_recon_1=1.000081; ', 'mse_2=0.024294; ', 'lpips_2=0.024577; ', 'codec_recon_2=1.011573; ']
train step[443/1500] ; used: 7m:24s; eta: 17m:37s; loss = 3.156188; ['mse_0=0.024045; ', 'lpips_0=0.029406; ', 'codec_recon_0=0.995079; ', 'mse_1=0.022132; ', 'lpips_1=0.024198; ', 'codec_recon_1=1.002498; ', 'mse_2=0.025057; ', 'lpips_2=0.030440; ', 'codec_recon_2=1.003333; ']
train step[444/1500] ; used: 7m:25s; eta: 17m:36s; loss = 3.134444; ['mse_0=0.021085; ', 'lpips_0=0.027413; ', 'codec_recon_0=0.993049; ', 'mse_1=0.017746; ', 'lpips_1=0.020706; ', 'codec_recon_1=1.002205; ', 'mse_2=0.021170; ', 'lpips_2=0.027734; ', 'codec_recon_2=1.003337; ']
train step[445/1500] ; used: 7m:26s; eta: 17m:35s; loss = 3.159385; ['mse_0=0.031773; ', 'lpips_0=0.024200; ', 'codec_recon_0=0.993009; ', 'mse_1=0.029841; ', 'lpips_1=0.019955; ', 'codec_recon_1=1.002628; ', 'mse_2=0.032337; ', 'lpips_2=0.024234; ', 'codec_recon_2=1.001407; ']
train step[446/1500] ; used: 7m:27s; eta: 17m:34s; loss = 3.154783; ['mse_0=0.020762; ', 'lpips_0=0.028937; ', 'codec_recon_0=0.990781; ', 'mse_1=0.023591; ', 'lpips_1=0.024106; ', 'codec_recon_1=1.001323; ', 'mse_2=0.024573; ', 'lpips_2=0.026641; ', 'codec_recon_2=1.014070; ']
train step[447/1500] ; used: 7m:28s; eta: 17m:33s; loss = 3.129103; ['mse_0=0.015372; ', 'lpips_0=0.025792; ', 'codec_recon_0=0.992232; ', 'mse_1=0.013637; ', 'lpips_1=0.019938; ', 'codec_recon_1=1.003597; ', 'mse_2=0.018135; ', 'lpips_2=0.026312; ', 'codec_recon_2=1.014088; ']
train step[448/1500] ; used: 7m:29s; eta: 17m:32s; loss = 3.147790; ['mse_0=0.022860; ', 'lpips_0=0.028870; ', 'codec_recon_0=0.996537; ', 'mse_1=0.019339; ', 'lpips_1=0.023720; ', 'codec_recon_1=1.001312; ', 'mse_2=0.021591; ', 'lpips_2=0.028071; ', 'codec_recon_2=1.005491; ']
train step[449/1500] ; used: 7m:30s; eta: 17m:31s; loss = 3.152653; ['mse_0=0.018612; ', 'lpips_0=0.028487; ', 'codec_recon_0=0.992441; ', 'mse_1=0.019812; ', 'lpips_1=0.025125; ', 'codec_recon_1=1.000637; ', 'mse_2=0.023603; ', 'lpips_2=0.030797; ', 'codec_recon_2=1.013140; ']
train step[450/1500] ; used: 7m:31s; eta: 17m:30s; loss = 3.185410; ['mse_0=0.032803; ', 'lpips_0=0.027859; ', 'codec_recon_0=0.993229; ', 'mse_1=0.033057; ', 'lpips_1=0.023612; ', 'codec_recon_1=1.002075; ', 'mse_2=0.035210; ', 'lpips_2=0.029587; ', 'codec_recon_2=1.007978; ']
train step[451/1500] ; used: 7m:32s; eta: 17m:29s; loss = 3.126261; ['mse_0=0.015735; ', 'lpips_0=0.028659; ', 'codec_recon_0=0.992132; ', 'mse_1=0.014654; ', 'lpips_1=0.021806; ', 'codec_recon_1=1.001902; ', 'mse_2=0.019322; ', 'lpips_2=0.031261; ', 'codec_recon_2=1.000789; ']
train step[452/1500] ; used: 7m:33s; eta: 17m:28s; loss = 3.147411; ['mse_0=0.021063; ', 'lpips_0=0.027826; ', 'codec_recon_0=0.995883; ', 'mse_1=0.019239; ', 'lpips_1=0.021426; ', 'codec_recon_1=1.003583; ', 'mse_2=0.021702; ', 'lpips_2=0.026451; ', 'codec_recon_2=1.010237; ']
train step[453/1500] ; used: 7m:34s; eta: 17m:27s; loss = 3.170605; ['mse_0=0.030972; ', 'lpips_0=0.028884; ', 'codec_recon_0=0.993066; ', 'mse_1=0.025054; ', 'lpips_1=0.024842; ', 'codec_recon_1=1.001266; ', 'mse_2=0.026457; ', 'lpips_2=0.029200; ', 'codec_recon_2=1.010863; ']
train step[454/1500] ; used: 7m:35s; eta: 17m:26s; loss = 3.135277; ['mse_0=0.022088; ', 'lpips_0=0.026007; ', 'codec_recon_0=0.992205; ', 'mse_1=0.015318; ', 'lpips_1=0.019868; ', 'codec_recon_1=1.003886; ', 'mse_2=0.019541; ', 'lpips_2=0.025628; ', 'codec_recon_2=1.010736; ']
train step[455/1500] ; used: 7m:36s; eta: 17m:25s; loss = 3.144942; ['mse_0=0.024073; ', 'lpips_0=0.026749; ', 'codec_recon_0=0.992516; ', 'mse_1=0.019538; ', 'lpips_1=0.021071; ', 'codec_recon_1=1.001482; ', 'mse_2=0.023571; ', 'lpips_2=0.029283; ', 'codec_recon_2=1.006659; ']
train step[456/1500] ; used: 7m:37s; eta: 17m:24s; loss = 3.184832; ['mse_0=0.029703; ', 'lpips_0=0.029157; ', 'codec_recon_0=0.991423; ', 'mse_1=0.031763; ', 'lpips_1=0.024576; ', 'codec_recon_1=1.002553; ', 'mse_2=0.034028; ', 'lpips_2=0.030650; ', 'codec_recon_2=1.010978; ']
train step[457/1500] ; used: 7m:38s; eta: 17m:23s; loss = 3.143653; ['mse_0=0.021834; ', 'lpips_0=0.028691; ', 'codec_recon_0=0.991621; ', 'mse_1=0.020204; ', 'lpips_1=0.022159; ', 'codec_recon_1=1.001780; ', 'mse_2=0.022527; ', 'lpips_2=0.028526; ', 'codec_recon_2=1.006312; ']
train step[458/1500] ; used: 7m:39s; eta: 17m:22s; loss = 3.195339; ['mse_0=0.046873; ', 'lpips_0=0.030219; ', 'codec_recon_0=0.990105; ', 'mse_1=0.034358; ', 'lpips_1=0.023765; ', 'codec_recon_1=1.000664; ', 'mse_2=0.036382; ', 'lpips_2=0.029264; ', 'codec_recon_2=1.003710; ']
train step[459/1500] ; used: 7m:40s; eta: 17m:21s; loss = 3.169593; ['mse_0=0.033673; ', 'lpips_0=0.027823; ', 'codec_recon_0=0.992963; ', 'mse_1=0.026766; ', 'lpips_1=0.022082; ', 'codec_recon_1=1.001951; ', 'mse_2=0.029997; ', 'lpips_2=0.029270; ', 'codec_recon_2=1.005069; ']
train step[460/1500] ; used: 7m:41s; eta: 17m:20s; loss = 3.147629; ['mse_0=0.015914; ', 'lpips_0=0.028032; ', 'codec_recon_0=0.991503; ', 'mse_1=0.017555; ', 'lpips_1=0.021762; ', 'codec_recon_1=1.002672; ', 'mse_2=0.021860; ', 'lpips_2=0.028182; ', 'codec_recon_2=1.020148; ']
train step[461/1500] ; used: 7m:42s; eta: 17m:19s; loss = 3.160896; ['mse_0=0.026798; ', 'lpips_0=0.028689; ', 'codec_recon_0=0.994671; ', 'mse_1=0.023499; ', 'lpips_1=0.024021; ', 'codec_recon_1=1.001674; ', 'mse_2=0.026595; ', 'lpips_2=0.027784; ', 'codec_recon_2=1.007166; ']
train step[462/1500] ; used: 7m:43s; eta: 17m:18s; loss = 3.131490; ['mse_0=0.015189; ', 'lpips_0=0.025969; ', 'codec_recon_0=0.992550; ', 'mse_1=0.015715; ', 'lpips_1=0.020827; ', 'codec_recon_1=1.002240; ', 'mse_2=0.019131; ', 'lpips_2=0.028549; ', 'codec_recon_2=1.011321; ']
train step[463/1500] ; used: 7m:44s; eta: 17m:17s; loss = 3.164700; ['mse_0=0.026802; ', 'lpips_0=0.029302; ', 'codec_recon_0=0.995415; ', 'mse_1=0.023263; ', 'lpips_1=0.024985; ', 'codec_recon_1=1.003097; ', 'mse_2=0.024665; ', 'lpips_2=0.030141; ', 'codec_recon_2=1.007029; ']
train step[464/1500] ; used: 7m:45s; eta: 17m:16s; loss = 3.128977; ['mse_0=0.018856; ', 'lpips_0=0.023010; ', 'codec_recon_0=0.991738; ', 'mse_1=0.017387; ', 'lpips_1=0.017818; ', 'codec_recon_1=1.004046; ', 'mse_2=0.020534; ', 'lpips_2=0.021154; ', 'codec_recon_2=1.014433; ']
train step[465/1500] ; used: 7m:46s; eta: 17m:15s; loss = 3.130720; ['mse_0=0.021556; ', 'lpips_0=0.025158; ', 'codec_recon_0=0.992921; ', 'mse_1=0.016743; ', 'lpips_1=0.018797; ', 'codec_recon_1=1.002853; ', 'mse_2=0.020369; ', 'lpips_2=0.024088; ', 'codec_recon_2=1.008235; ']
train step[466/1500] ; used: 7m:47s; eta: 17m:14s; loss = 3.164232; ['mse_0=0.030494; ', 'lpips_0=0.028307; ', 'codec_recon_0=0.991523; ', 'mse_1=0.026283; ', 'lpips_1=0.022855; ', 'codec_recon_1=1.000915; ', 'mse_2=0.030473; ', 'lpips_2=0.028224; ', 'codec_recon_2=1.005157; ']
train step[467/1500] ; used: 7m:48s; eta: 17m:13s; loss = 3.159543; ['mse_0=0.025848; ', 'lpips_0=0.027617; ', 'codec_recon_0=0.991369; ', 'mse_1=0.023921; ', 'lpips_1=0.023304; ', 'codec_recon_1=1.002622; ', 'mse_2=0.028102; ', 'lpips_2=0.029778; ', 'codec_recon_2=1.006981; ']
train step[468/1500] ; used: 7m:49s; eta: 17m:12s; loss = 3.169446; ['mse_0=0.019904; ', 'lpips_0=0.030396; ', 'codec_recon_0=0.989692; ', 'mse_1=0.024653; ', 'lpips_1=0.025720; ', 'codec_recon_1=1.001786; ', 'mse_2=0.027094; ', 'lpips_2=0.028251; ', 'codec_recon_2=1.021949; ']
train step[469/1500] ; used: 7m:50s; eta: 17m:11s; loss = 3.129214; ['mse_0=0.018289; ', 'lpips_0=0.027647; ', 'codec_recon_0=0.991072; ', 'mse_1=0.014287; ', 'lpips_1=0.020752; ', 'codec_recon_1=1.000831; ', 'mse_2=0.017947; ', 'lpips_2=0.027924; ', 'codec_recon_2=1.010465; ']
train step[470/1500] ; used: 7m:51s; eta: 17m:10s; loss = 3.170984; ['mse_0=0.025040; ', 'lpips_0=0.027981; ', 'codec_recon_0=0.990647; ', 'mse_1=0.025870; ', 'lpips_1=0.023562; ', 'codec_recon_1=1.001326; ', 'mse_2=0.029711; ', 'lpips_2=0.028328; ', 'codec_recon_2=1.018518; ']
train step[471/1500] ; used: 7m:52s; eta: 17m:9s; loss = 3.127102; ['mse_0=0.014197; ', 'lpips_0=0.027330; ', 'codec_recon_0=0.993518; ', 'mse_1=0.015200; ', 'lpips_1=0.021346; ', 'codec_recon_1=1.002320; ', 'mse_2=0.017876; ', 'lpips_2=0.027177; ', 'codec_recon_2=1.008137; ']
train step[472/1500] ; used: 7m:53s; eta: 17m:8s; loss = 3.142632; ['mse_0=0.018588; ', 'lpips_0=0.025656; ', 'codec_recon_0=0.994680; ', 'mse_1=0.016715; ', 'lpips_1=0.020705; ', 'codec_recon_1=1.002602; ', 'mse_2=0.020639; ', 'lpips_2=0.028122; ', 'codec_recon_2=1.014923; ']
train step[473/1500] ; used: 7m:54s; eta: 17m:7s; loss = 3.146271; ['mse_0=0.023756; ', 'lpips_0=0.027709; ', 'codec_recon_0=0.992140; ', 'mse_1=0.019624; ', 'lpips_1=0.022534; ', 'codec_recon_1=1.000099; ', 'mse_2=0.024073; ', 'lpips_2=0.027696; ', 'codec_recon_2=1.008640; ']
train step[474/1500] ; used: 7m:55s; eta: 17m:6s; loss = 3.150221; ['mse_0=0.029159; ', 'lpips_0=0.027656; ', 'codec_recon_0=0.993849; ', 'mse_1=0.022484; ', 'lpips_1=0.021813; ', 'codec_recon_1=1.001958; ', 'mse_2=0.026443; ', 'lpips_2=0.026086; ', 'codec_recon_2=1.000774; ']
train step[475/1500] ; used: 7m:56s; eta: 17m:5s; loss = 3.156333; ['mse_0=0.029116; ', 'lpips_0=0.028604; ', 'codec_recon_0=0.993951; ', 'mse_1=0.022565; ', 'lpips_1=0.023679; ', 'codec_recon_1=1.000943; ', 'mse_2=0.025611; ', 'lpips_2=0.028320; ', 'codec_recon_2=1.003543; ']
train step[476/1500] ; used: 7m:57s; eta: 17m:5s; loss = 3.141310; ['mse_0=0.010504; ', 'lpips_0=0.029131; ', 'codec_recon_0=0.989505; ', 'mse_1=0.017581; ', 'lpips_1=0.022492; ', 'codec_recon_1=1.002792; ', 'mse_2=0.019236; ', 'lpips_2=0.026653; ', 'codec_recon_2=1.023416; ']
train step[477/1500] ; used: 7m:58s; eta: 17m:4s; loss = 3.204116; ['mse_0=0.038280; ', 'lpips_0=0.030070; ', 'codec_recon_0=0.990772; ', 'mse_1=0.033403; ', 'lpips_1=0.026278; ', 'codec_recon_1=1.001286; ', 'mse_2=0.035005; ', 'lpips_2=0.033521; ', 'codec_recon_2=1.015501; ']
train step[478/1500] ; used: 7m:59s; eta: 17m:3s; loss = 3.165776; ['mse_0=0.031502; ', 'lpips_0=0.028580; ', 'codec_recon_0=0.993119; ', 'mse_1=0.026245; ', 'lpips_1=0.023581; ', 'codec_recon_1=1.000102; ', 'mse_2=0.027905; ', 'lpips_2=0.028981; ', 'codec_recon_2=1.005761; ']
train step[479/1500] ; used: 8m; eta: 17m:1s; loss = 3.155353; ['mse_0=0.025353; ', 'lpips_0=0.027415; ', 'codec_recon_0=0.991806; ', 'mse_1=0.022886; ', 'lpips_1=0.021780; ', 'codec_recon_1=1.003107; ', 'mse_2=0.026443; ', 'lpips_2=0.026722; ', 'codec_recon_2=1.009841; ']
train step[480/1500] ; used: 8m:1s; eta: 17m; loss = 3.152685; ['mse_0=0.022344; ', 'lpips_0=0.028008; ', 'codec_recon_0=0.990140; ', 'mse_1=0.019664; ', 'lpips_1=0.021493; ', 'codec_recon_1=1.001807; ', 'mse_2=0.024357; ', 'lpips_2=0.025180; ', 'codec_recon_2=1.019692; ']
train step[481/1500] ; used: 8m:2s; eta: 16m:59s; loss = 3.119671; ['mse_0=0.016862; ', 'lpips_0=0.026554; ', 'codec_recon_0=0.992759; ', 'mse_1=0.015247; ', 'lpips_1=0.021063; ', 'codec_recon_1=1.000224; ', 'mse_2=0.019307; ', 'lpips_2=0.025543; ', 'codec_recon_2=1.002111; ']
train step[482/1500] ; used: 8m:3s; eta: 16m:58s; loss = 3.140051; ['mse_0=0.014880; ', 'lpips_0=0.026150; ', 'codec_recon_0=0.996543; ', 'mse_1=0.013450; ', 'lpips_1=0.021195; ', 'codec_recon_1=1.004349; ', 'mse_2=0.017059; ', 'lpips_2=0.028278; ', 'codec_recon_2=1.018148; ']
train step[483/1500] ; used: 8m:4s; eta: 16m:57s; loss = 3.189694; ['mse_0=0.036972; ', 'lpips_0=0.030415; ', 'codec_recon_0=0.990996; ', 'mse_1=0.031410; ', 'lpips_1=0.025814; ', 'codec_recon_1=1.000340; ', 'mse_2=0.032767; ', 'lpips_2=0.028944; ', 'codec_recon_2=1.012035; ']
train step[484/1500] ; used: 8m:5s; eta: 16m:56s; loss = 3.148067; ['mse_0=0.023609; ', 'lpips_0=0.028080; ', 'codec_recon_0=0.991580; ', 'mse_1=0.019965; ', 'lpips_1=0.022775; ', 'codec_recon_1=1.000924; ', 'mse_2=0.023115; ', 'lpips_2=0.028193; ', 'codec_recon_2=1.009827; ']
train step[485/1500] ; used: 8m:6s; eta: 16m:55s; loss = 3.141772; ['mse_0=0.019354; ', 'lpips_0=0.026852; ', 'codec_recon_0=0.989364; ', 'mse_1=0.018921; ', 'lpips_1=0.021585; ', 'codec_recon_1=1.001788; ', 'mse_2=0.022833; ', 'lpips_2=0.027221; ', 'codec_recon_2=1.013855; ']
train step[486/1500] ; used: 8m:7s; eta: 16m:54s; loss = 3.146457; ['mse_0=0.019101; ', 'lpips_0=0.027689; ', 'codec_recon_0=0.994382; ', 'mse_1=0.020007; ', 'lpips_1=0.023353; ', 'codec_recon_1=1.002457; ', 'mse_2=0.023622; ', 'lpips_2=0.030021; ', 'codec_recon_2=1.005826; ']
train step[487/1500] ; used: 8m:8s; eta: 16m:53s; loss = 3.142327; ['mse_0=0.025218; ', 'lpips_0=0.026392; ', 'codec_recon_0=0.991513; ', 'mse_1=0.018812; ', 'lpips_1=0.018594; ', 'codec_recon_1=1.002380; ', 'mse_2=0.023111; ', 'lpips_2=0.024928; ', 'codec_recon_2=1.011379; ']
train step[488/1500] ; used: 8m:9s; eta: 16m:52s; loss = 3.147647; ['mse_0=0.024189; ', 'lpips_0=0.028329; ', 'codec_recon_0=0.989519; ', 'mse_1=0.023763; ', 'lpips_1=0.023803; ', 'codec_recon_1=0.999691; ', 'mse_2=0.025806; ', 'lpips_2=0.027415; ', 'codec_recon_2=1.005132; ']
train step[489/1500] ; used: 8m:10s; eta: 16m:51s; loss = 3.176991; ['mse_0=0.029398; ', 'lpips_0=0.029627; ', 'codec_recon_0=0.992823; ', 'mse_1=0.029323; ', 'lpips_1=0.025751; ', 'codec_recon_1=1.000775; ', 'mse_2=0.033408; ', 'lpips_2=0.032693; ', 'codec_recon_2=1.003193; ']
train step[490/1500] ; used: 8m:11s; eta: 16m:51s; loss = 3.129072; ['mse_0=0.015493; ', 'lpips_0=0.027196; ', 'codec_recon_0=0.990802; ', 'mse_1=0.013013; ', 'lpips_1=0.021292; ', 'codec_recon_1=1.002390; ', 'mse_2=0.016762; ', 'lpips_2=0.029180; ', 'codec_recon_2=1.012944; ']
train step[491/1500] ; used: 8m:12s; eta: 16m:50s; loss = 3.139628; ['mse_0=0.015608; ', 'lpips_0=0.027360; ', 'codec_recon_0=0.993668; ', 'mse_1=0.015676; ', 'lpips_1=0.023040; ', 'codec_recon_1=1.001882; ', 'mse_2=0.018279; ', 'lpips_2=0.029507; ', 'codec_recon_2=1.014607; ']
train step[492/1500] ; used: 8m:13s; eta: 16m:49s; loss = 3.147564; ['mse_0=0.019672; ', 'lpips_0=0.027865; ', 'codec_recon_0=0.990723; ', 'mse_1=0.021667; ', 'lpips_1=0.023955; ', 'codec_recon_1=1.000448; ', 'mse_2=0.025409; ', 'lpips_2=0.030420; ', 'codec_recon_2=1.007405; ']
train step[493/1500] ; used: 8m:14s; eta: 16m:48s; loss = 3.143435; ['mse_0=0.023365; ', 'lpips_0=0.026869; ', 'codec_recon_0=0.990320; ', 'mse_1=0.021920; ', 'lpips_1=0.021788; ', 'codec_recon_1=1.000064; ', 'mse_2=0.025540; ', 'lpips_2=0.027052; ', 'codec_recon_2=1.006517; ']
train step[494/1500] ; used: 8m:15s; eta: 16m:47s; loss = 3.142853; ['mse_0=0.020715; ', 'lpips_0=0.025368; ', 'codec_recon_0=0.989300; ', 'mse_1=0.019197; ', 'lpips_1=0.019798; ', 'codec_recon_1=1.002313; ', 'mse_2=0.022371; ', 'lpips_2=0.028127; ', 'codec_recon_2=1.015665; ']
train step[495/1500] ; used: 8m:16s; eta: 16m:46s; loss = 3.141580; ['mse_0=0.020941; ', 'lpips_0=0.027861; ', 'codec_recon_0=0.990503; ', 'mse_1=0.019422; ', 'lpips_1=0.022060; ', 'codec_recon_1=1.002070; ', 'mse_2=0.023053; ', 'lpips_2=0.028531; ', 'codec_recon_2=1.007138; ']
train step[496/1500] ; used: 8m:17s; eta: 16m:45s; loss = 3.139226; ['mse_0=0.019175; ', 'lpips_0=0.026681; ', 'codec_recon_0=0.992833; ', 'mse_1=0.018538; ', 'lpips_1=0.021938; ', 'codec_recon_1=1.001205; ', 'mse_2=0.023208; ', 'lpips_2=0.029927; ', 'codec_recon_2=1.005722; ']
train step[497/1500] ; used: 8m:18s; eta: 16m:44s; loss = 3.137767; ['mse_0=0.019595; ', 'lpips_0=0.027761; ', 'codec_recon_0=0.992641; ', 'mse_1=0.016303; ', 'lpips_1=0.022852; ', 'codec_recon_1=1.002414; ', 'mse_2=0.019445; ', 'lpips_2=0.028916; ', 'codec_recon_2=1.007841; ']
train step[498/1500] ; used: 8m:19s; eta: 16m:43s; loss = 3.131597; ['mse_0=0.021250; ', 'lpips_0=0.027273; ', 'codec_recon_0=0.991966; ', 'mse_1=0.014568; ', 'lpips_1=0.021333; ', 'codec_recon_1=1.001454; ', 'mse_2=0.019346; ', 'lpips_2=0.027990; ', 'codec_recon_2=1.006418; ']
train step[499/1500] ; used: 8m:20s; eta: 16m:42s; loss = 3.153991; ['mse_0=0.023216; ', 'lpips_0=0.029287; ', 'codec_recon_0=0.987761; ', 'mse_1=0.023565; ', 'lpips_1=0.022120; ', 'codec_recon_1=1.001569; ', 'mse_2=0.026424; ', 'lpips_2=0.026451; ', 'codec_recon_2=1.013599; ']
train step[500/1500] ; used: 8m:23s; eta: 16m:44s; loss = 3.144744; ['mse_0=0.018387; ', 'lpips_0=0.028867; ', 'codec_recon_0=0.991496; ', 'mse_1=0.021971; ', 'lpips_1=0.023703; ', 'codec_recon_1=1.000310; ', 'mse_2=0.025449; ', 'lpips_2=0.029357; ', 'codec_recon_2=1.005204; ']
train step[501/1500] ; used: 8m:24s; eta: 16m:43s; loss = 3.153140; ['mse_0=0.020618; ', 'lpips_0=0.029056; ', 'codec_recon_0=0.990878; ', 'mse_1=0.018821; ', 'lpips_1=0.022347; ', 'codec_recon_1=1.000256; ', 'mse_2=0.021579; ', 'lpips_2=0.026388; ', 'codec_recon_2=1.023197; ']
train step[502/1500] ; used: 8m:25s; eta: 16m:42s; loss = 3.145895; ['mse_0=0.023600; ', 'lpips_0=0.027375; ', 'codec_recon_0=0.992259; ', 'mse_1=0.021879; ', 'lpips_1=0.022430; ', 'codec_recon_1=1.001191; ', 'mse_2=0.025702; ', 'lpips_2=0.026006; ', 'codec_recon_2=1.005454; ']
train step[503/1500] ; used: 8m:26s; eta: 16m:41s; loss = 3.142285; ['mse_0=0.023244; ', 'lpips_0=0.026575; ', 'codec_recon_0=0.990964; ', 'mse_1=0.020869; ', 'lpips_1=0.021563; ', 'codec_recon_1=1.002271; ', 'mse_2=0.023147; ', 'lpips_2=0.026297; ', 'codec_recon_2=1.007356; ']
train step[504/1500] ; used: 8m:27s; eta: 16m:40s; loss = 3.139846; ['mse_0=0.018931; ', 'lpips_0=0.027976; ', 'codec_recon_0=0.991675; ', 'mse_1=0.019494; ', 'lpips_1=0.022730; ', 'codec_recon_1=1.001274; ', 'mse_2=0.023312; ', 'lpips_2=0.027257; ', 'codec_recon_2=1.007196; ']
train step[505/1500] ; used: 8m:28s; eta: 16m:39s; loss = 3.138561; ['mse_0=0.020614; ', 'lpips_0=0.027731; ', 'codec_recon_0=0.993900; ', 'mse_1=0.017075; ', 'lpips_1=0.022302; ', 'codec_recon_1=1.001329; ', 'mse_2=0.019946; ', 'lpips_2=0.027093; ', 'codec_recon_2=1.008569; ']
train step[506/1500] ; used: 8m:29s; eta: 16m:38s; loss = 3.127916; ['mse_0=0.015238; ', 'lpips_0=0.027218; ', 'codec_recon_0=0.992326; ', 'mse_1=0.014057; ', 'lpips_1=0.020831; ', 'codec_recon_1=1.002558; ', 'mse_2=0.017195; ', 'lpips_2=0.030785; ', 'codec_recon_2=1.007708; ']
train step[507/1500] ; used: 8m:30s; eta: 16m:37s; loss = 3.138353; ['mse_0=0.013018; ', 'lpips_0=0.025445; ', 'codec_recon_0=0.990588; ', 'mse_1=0.016330; ', 'lpips_1=0.022943; ', 'codec_recon_1=1.006032; ', 'mse_2=0.020853; ', 'lpips_2=0.028360; ', 'codec_recon_2=1.014785; ']
train step[508/1500] ; used: 8m:31s; eta: 16m:36s; loss = 3.162591; ['mse_0=0.026649; ', 'lpips_0=0.028168; ', 'codec_recon_0=0.991812; ', 'mse_1=0.024285; ', 'lpips_1=0.023544; ', 'codec_recon_1=1.001830; ', 'mse_2=0.028819; ', 'lpips_2=0.032123; ', 'codec_recon_2=1.005361; ']
train step[509/1500] ; used: 8m:32s; eta: 16m:35s; loss = 3.170486; ['mse_0=0.027576; ', 'lpips_0=0.030056; ', 'codec_recon_0=0.991165; ', 'mse_1=0.023493; ', 'lpips_1=0.026297; ', 'codec_recon_1=1.001757; ', 'mse_2=0.026324; ', 'lpips_2=0.029605; ', 'codec_recon_2=1.014213; ']
train step[510/1500] ; used: 8m:33s; eta: 16m:34s; loss = 3.139516; ['mse_0=0.016784; ', 'lpips_0=0.026738; ', 'codec_recon_0=0.992448; ', 'mse_1=0.015358; ', 'lpips_1=0.021540; ', 'codec_recon_1=1.003214; ', 'mse_2=0.017940; ', 'lpips_2=0.029470; ', 'codec_recon_2=1.016024; ']
train step[511/1500] ; used: 8m:34s; eta: 16m:33s; loss = 3.139629; ['mse_0=0.018728; ', 'lpips_0=0.027742; ', 'codec_recon_0=0.990326; ', 'mse_1=0.019284; ', 'lpips_1=0.022845; ', 'codec_recon_1=1.000870; ', 'mse_2=0.024385; ', 'lpips_2=0.030844; ', 'codec_recon_2=1.004608; ']
train step[512/1500] ; used: 8m:35s; eta: 16m:32s; loss = 3.142510; ['mse_0=0.020364; ', 'lpips_0=0.028042; ', 'codec_recon_0=0.993314; ', 'mse_1=0.019580; ', 'lpips_1=0.023583; ', 'codec_recon_1=1.002006; ', 'mse_2=0.021557; ', 'lpips_2=0.027906; ', 'codec_recon_2=1.006159; ']
train step[513/1500] ; used: 8m:36s; eta: 16m:31s; loss = 3.156195; ['mse_0=0.028966; ', 'lpips_0=0.028201; ', 'codec_recon_0=0.989770; ', 'mse_1=0.021984; ', 'lpips_1=0.022887; ', 'codec_recon_1=1.001830; ', 'mse_2=0.025494; ', 'lpips_2=0.028533; ', 'codec_recon_2=1.008531; ']
train step[514/1500] ; used: 8m:37s; eta: 16m:30s; loss = 3.131370; ['mse_0=0.016548; ', 'lpips_0=0.026315; ', 'codec_recon_0=0.989890; ', 'mse_1=0.017204; ', 'lpips_1=0.020685; ', 'codec_recon_1=1.001424; ', 'mse_2=0.020596; ', 'lpips_2=0.025482; ', 'codec_recon_2=1.013227; ']
train step[515/1500] ; used: 8m:38s; eta: 16m:29s; loss = 3.176359; ['mse_0=0.031932; ', 'lpips_0=0.029068; ', 'codec_recon_0=0.990200; ', 'mse_1=0.029885; ', 'lpips_1=0.024410; ', 'codec_recon_1=1.000275; ', 'mse_2=0.033013; ', 'lpips_2=0.030671; ', 'codec_recon_2=1.006904; ']
train step[516/1500] ; used: 8m:39s; eta: 16m:28s; loss = 3.151572; ['mse_0=0.019836; ', 'lpips_0=0.027317; ', 'codec_recon_0=0.989084; ', 'mse_1=0.017653; ', 'lpips_1=0.020796; ', 'codec_recon_1=1.003016; ', 'mse_2=0.019046; ', 'lpips_2=0.026554; ', 'codec_recon_2=1.028270; ']
train step[517/1500] ; used: 8m:40s; eta: 16m:27s; loss = 3.125473; ['mse_0=0.020044; ', 'lpips_0=0.025763; ', 'codec_recon_0=0.990309; ', 'mse_1=0.016746; ', 'lpips_1=0.019969; ', 'codec_recon_1=1.001731; ', 'mse_2=0.020796; ', 'lpips_2=0.026020; ', 'codec_recon_2=1.004096; ']
train step[518/1500] ; used: 8m:41s; eta: 16m:26s; loss = 3.138024; ['mse_0=0.018250; ', 'lpips_0=0.029094; ', 'codec_recon_0=0.991012; ', 'mse_1=0.016518; ', 'lpips_1=0.024450; ', 'codec_recon_1=1.000691; ', 'mse_2=0.019022; ', 'lpips_2=0.029841; ', 'codec_recon_2=1.009145; ']
train step[519/1500] ; used: 8m:42s; eta: 16m:25s; loss = 3.147800; ['mse_0=0.021280; ', 'lpips_0=0.025602; ', 'codec_recon_0=0.993211; ', 'mse_1=0.016586; ', 'lpips_1=0.022636; ', 'codec_recon_1=1.003038; ', 'mse_2=0.019484; ', 'lpips_2=0.029691; ', 'codec_recon_2=1.016271; ']
train step[520/1500] ; used: 8m:43s; eta: 16m:24s; loss = 3.145537; ['mse_0=0.022831; ', 'lpips_0=0.028238; ', 'codec_recon_0=0.992882; ', 'mse_1=0.019694; ', 'lpips_1=0.024149; ', 'codec_recon_1=1.001439; ', 'mse_2=0.021184; ', 'lpips_2=0.027603; ', 'codec_recon_2=1.007517; ']
train step[521/1500] ; used: 8m:44s; eta: 16m:23s; loss = 3.138021; ['mse_0=0.024946; ', 'lpips_0=0.027508; ', 'codec_recon_0=0.991173; ', 'mse_1=0.019796; ', 'lpips_1=0.021280; ', 'codec_recon_1=0.999632; ', 'mse_2=0.023068; ', 'lpips_2=0.027370; ', 'codec_recon_2=1.003249; ']
train step[522/1500] ; used: 8m:45s; eta: 16m:22s; loss = 3.143028; ['mse_0=0.023355; ', 'lpips_0=0.029148; ', 'codec_recon_0=0.990616; ', 'mse_1=0.017757; ', 'lpips_1=0.023193; ', 'codec_recon_1=1.001629; ', 'mse_2=0.022012; ', 'lpips_2=0.027480; ', 'codec_recon_2=1.007839; ']
train step[523/1500] ; used: 8m:46s; eta: 16m:21s; loss = 3.156621; ['mse_0=0.032360; ', 'lpips_0=0.029212; ', 'codec_recon_0=0.992714; ', 'mse_1=0.024356; ', 'lpips_1=0.021992; ', 'codec_recon_1=1.001968; ', 'mse_2=0.026356; ', 'lpips_2=0.027794; ', 'codec_recon_2=0.999870; ']
train step[524/1500] ; used: 8m:47s; eta: 16m:20s; loss = 3.134754; ['mse_0=0.017891; ', 'lpips_0=0.026977; ', 'codec_recon_0=0.991105; ', 'mse_1=0.016059; ', 'lpips_1=0.022839; ', 'codec_recon_1=1.001897; ', 'mse_2=0.019700; ', 'lpips_2=0.028543; ', 'codec_recon_2=1.009743; ']
train step[525/1500] ; used: 8m:48s; eta: 16m:19s; loss = 3.127387; ['mse_0=0.017797; ', 'lpips_0=0.028124; ', 'codec_recon_0=0.989214; ', 'mse_1=0.015355; ', 'lpips_1=0.022570; ', 'codec_recon_1=1.001614; ', 'mse_2=0.019245; ', 'lpips_2=0.025573; ', 'codec_recon_2=1.007894; ']
train step[526/1500] ; used: 8m:49s; eta: 16m:18s; loss = 3.151634; ['mse_0=0.024745; ', 'lpips_0=0.028930; ', 'codec_recon_0=0.988718; ', 'mse_1=0.021506; ', 'lpips_1=0.022676; ', 'codec_recon_1=1.001215; ', 'mse_2=0.025451; ', 'lpips_2=0.029541; ', 'codec_recon_2=1.008853; ']
train step[527/1500] ; used: 8m:50s; eta: 16m:17s; loss = 3.136567; ['mse_0=0.022162; ', 'lpips_0=0.028141; ', 'codec_recon_0=0.990300; ', 'mse_1=0.018960; ', 'lpips_1=0.022017; ', 'codec_recon_1=0.999406; ', 'mse_2=0.023524; ', 'lpips_2=0.027598; ', 'codec_recon_2=1.004459; ']
train step[528/1500] ; used: 8m:51s; eta: 16m:16s; loss = 3.169937; ['mse_0=0.033003; ', 'lpips_0=0.028940; ', 'codec_recon_0=0.988230; ', 'mse_1=0.027215; ', 'lpips_1=0.021907; ', 'codec_recon_1=1.000847; ', 'mse_2=0.030685; ', 'lpips_2=0.026776; ', 'codec_recon_2=1.012334; ']
train step[529/1500] ; used: 8m:52s; eta: 16m:15s; loss = 3.208339; ['mse_0=0.044784; ', 'lpips_0=0.031210; ', 'codec_recon_0=0.990128; ', 'mse_1=0.041393; ', 'lpips_1=0.026407; ', 'codec_recon_1=1.000120; ', 'mse_2=0.043110; ', 'lpips_2=0.030417; ', 'codec_recon_2=1.000769; ']
train step[530/1500] ; used: 8m:53s; eta: 16m:14s; loss = 3.123243; ['mse_0=0.014685; ', 'lpips_0=0.026560; ', 'codec_recon_0=0.989914; ', 'mse_1=0.015197; ', 'lpips_1=0.022458; ', 'codec_recon_1=1.003491; ', 'mse_2=0.017121; ', 'lpips_2=0.028823; ', 'codec_recon_2=1.004994; ']
train step[531/1500] ; used: 8m:54s; eta: 16m:13s; loss = 3.153680; ['mse_0=0.025933; ', 'lpips_0=0.028267; ', 'codec_recon_0=0.990421; ', 'mse_1=0.023881; ', 'lpips_1=0.023564; ', 'codec_recon_1=1.001602; ', 'mse_2=0.027517; ', 'lpips_2=0.027559; ', 'codec_recon_2=1.004935; ']
train step[532/1500] ; used: 8m:55s; eta: 16m:12s; loss = 3.164470; ['mse_0=0.024846; ', 'lpips_0=0.030958; ', 'codec_recon_0=0.989281; ', 'mse_1=0.023785; ', 'lpips_1=0.027366; ', 'codec_recon_1=1.001819; ', 'mse_2=0.026559; ', 'lpips_2=0.031420; ', 'codec_recon_2=1.008438; ']
train step[533/1500] ; used: 8m:56s; eta: 16m:11s; loss = 3.137265; ['mse_0=0.018664; ', 'lpips_0=0.026723; ', 'codec_recon_0=0.990771; ', 'mse_1=0.019151; ', 'lpips_1=0.023179; ', 'codec_recon_1=0.999851; ', 'mse_2=0.022893; ', 'lpips_2=0.029444; ', 'codec_recon_2=1.006589; ']
train step[534/1500] ; used: 8m:57s; eta: 16m:10s; loss = 3.127550; ['mse_0=0.013863; ', 'lpips_0=0.027041; ', 'codec_recon_0=0.992087; ', 'mse_1=0.015535; ', 'lpips_1=0.023137; ', 'codec_recon_1=1.001812; ', 'mse_2=0.018083; ', 'lpips_2=0.028282; ', 'codec_recon_2=1.007710; ']
train step[535/1500] ; used: 8m:58s; eta: 16m:9s; loss = 3.125057; ['mse_0=0.018789; ', 'lpips_0=0.026184; ', 'codec_recon_0=0.988360; ', 'mse_1=0.016017; ', 'lpips_1=0.019419; ', 'codec_recon_1=1.001796; ', 'mse_2=0.018349; ', 'lpips_2=0.024609; ', 'codec_recon_2=1.011533; ']
train step[536/1500] ; used: 8m:59s; eta: 16m:8s; loss = 3.148243; ['mse_0=0.022595; ', 'lpips_0=0.028363; ', 'codec_recon_0=0.990809; ', 'mse_1=0.022238; ', 'lpips_1=0.024080; ', 'codec_recon_1=1.000094; ', 'mse_2=0.025489; ', 'lpips_2=0.028782; ', 'codec_recon_2=1.005792; ']
train step[537/1500] ; used: 9m; eta: 16m:7s; loss = 3.152207; ['mse_0=0.026009; ', 'lpips_0=0.027722; ', 'codec_recon_0=0.989915; ', 'mse_1=0.024342; ', 'lpips_1=0.021621; ', 'codec_recon_1=1.000371; ', 'mse_2=0.028945; ', 'lpips_2=0.029730; ', 'codec_recon_2=1.003551; ']
train step[538/1500] ; used: 9m:1s; eta: 16m:6s; loss = 3.141657; ['mse_0=0.024775; ', 'lpips_0=0.027134; ', 'codec_recon_0=0.991125; ', 'mse_1=0.021354; ', 'lpips_1=0.021153; ', 'codec_recon_1=1.000408; ', 'mse_2=0.024971; ', 'lpips_2=0.028478; ', 'codec_recon_2=1.002259; ']
train step[539/1500] ; used: 9m:2s; eta: 16m:5s; loss = 3.170041; ['mse_0=0.028253; ', 'lpips_0=0.030692; ', 'codec_recon_0=0.989536; ', 'mse_1=0.026591; ', 'lpips_1=0.026306; ', 'codec_recon_1=1.000300; ', 'mse_2=0.028282; ', 'lpips_2=0.031641; ', 'codec_recon_2=1.008441; ']
train step[540/1500] ; used: 9m:3s; eta: 16m:4s; loss = 3.144686; ['mse_0=0.021978; ', 'lpips_0=0.028300; ', 'codec_recon_0=0.991116; ', 'mse_1=0.018901; ', 'lpips_1=0.022252; ', 'codec_recon_1=1.001809; ', 'mse_2=0.022457; ', 'lpips_2=0.027528; ', 'codec_recon_2=1.010344; ']
train step[541/1500] ; used: 9m:4s; eta: 16m:3s; loss = 3.131621; ['mse_0=0.014732; ', 'lpips_0=0.024503; ', 'codec_recon_0=0.990439; ', 'mse_1=0.013701; ', 'lpips_1=0.020862; ', 'codec_recon_1=1.004890; ', 'mse_2=0.015477; ', 'lpips_2=0.026226; ', 'codec_recon_2=1.020792; ']
train step[542/1500] ; used: 9m:5s; eta: 16m:2s; loss = 3.138793; ['mse_0=0.021572; ', 'lpips_0=0.027209; ', 'codec_recon_0=0.989773; ', 'mse_1=0.020415; ', 'lpips_1=0.023380; ', 'codec_recon_1=1.001071; ', 'mse_2=0.022908; ', 'lpips_2=0.026096; ', 'codec_recon_2=1.006369; ']
train step[543/1500] ; used: 9m:6s; eta: 16m:1s; loss = 3.131814; ['mse_0=0.020234; ', 'lpips_0=0.026642; ', 'codec_recon_0=0.989602; ', 'mse_1=0.018993; ', 'lpips_1=0.020590; ', 'codec_recon_1=1.001854; ', 'mse_2=0.021657; ', 'lpips_2=0.026422; ', 'codec_recon_2=1.005821; ']
train step[544/1500] ; used: 9m:7s; eta: 16m; loss = 3.210105; ['mse_0=0.039637; ', 'lpips_0=0.031686; ', 'codec_recon_0=0.987504; ', 'mse_1=0.041600; ', 'lpips_1=0.028530; ', 'codec_recon_1=1.000241; ', 'mse_2=0.042436; ', 'lpips_2=0.031179; ', 'codec_recon_2=1.007292; ']
train step[545/1500] ; used: 9m:8s; eta: 15m:59s; loss = 3.148605; ['mse_0=0.020519; ', 'lpips_0=0.028230; ', 'codec_recon_0=0.988452; ', 'mse_1=0.019216; ', 'lpips_1=0.024660; ', 'codec_recon_1=1.003040; ', 'mse_2=0.019842; ', 'lpips_2=0.027842; ', 'codec_recon_2=1.016805; ']
train step[546/1500] ; used: 9m:9s; eta: 15m:58s; loss = 3.122545; ['mse_0=0.014827; ', 'lpips_0=0.025136; ', 'codec_recon_0=0.989310; ', 'mse_1=0.016122; ', 'lpips_1=0.021043; ', 'codec_recon_1=1.002026; ', 'mse_2=0.019345; ', 'lpips_2=0.025343; ', 'codec_recon_2=1.009393; ']
train step[547/1500] ; used: 9m:10s; eta: 15m:57s; loss = 3.150735; ['mse_0=0.025983; ', 'lpips_0=0.027338; ', 'codec_recon_0=0.991005; ', 'mse_1=0.025102; ', 'lpips_1=0.022736; ', 'codec_recon_1=1.000448; ', 'mse_2=0.027537; ', 'lpips_2=0.026372; ', 'codec_recon_2=1.004213; ']
train step[548/1500] ; used: 9m:11s; eta: 15m:56s; loss = 3.175540; ['mse_0=0.033838; ', 'lpips_0=0.029922; ', 'codec_recon_0=0.988177; ', 'mse_1=0.028285; ', 'lpips_1=0.024174; ', 'codec_recon_1=1.001323; ', 'mse_2=0.031661; ', 'lpips_2=0.028592; ', 'codec_recon_2=1.009568; ']
train step[549/1500] ; used: 9m:12s; eta: 15m:55s; loss = 3.137770; ['mse_0=0.022147; ', 'lpips_0=0.026779; ', 'codec_recon_0=0.990515; ', 'mse_1=0.018814; ', 'lpips_1=0.020470; ', 'codec_recon_1=1.001135; ', 'mse_2=0.021820; ', 'lpips_2=0.026335; ', 'codec_recon_2=1.009754; ']
train step[550/1500] ; used: 9m:13s; eta: 15m:54s; loss = 3.138270; ['mse_0=0.018602; ', 'lpips_0=0.028266; ', 'codec_recon_0=0.988603; ', 'mse_1=0.017873; ', 'lpips_1=0.022464; ', 'codec_recon_1=1.002787; ', 'mse_2=0.021449; ', 'lpips_2=0.028524; ', 'codec_recon_2=1.009701; ']
train step[551/1500] ; used: 9m:14s; eta: 15m:53s; loss = 3.135968; ['mse_0=0.019703; ', 'lpips_0=0.026986; ', 'codec_recon_0=0.991457; ', 'mse_1=0.016846; ', 'lpips_1=0.022123; ', 'codec_recon_1=1.002614; ', 'mse_2=0.019245; ', 'lpips_2=0.029375; ', 'codec_recon_2=1.007617; ']
train step[552/1500] ; used: 9m:15s; eta: 15m:52s; loss = 3.147592; ['mse_0=0.020541; ', 'lpips_0=0.027406; ', 'codec_recon_0=0.987441; ', 'mse_1=0.020734; ', 'lpips_1=0.022911; ', 'codec_recon_1=1.000479; ', 'mse_2=0.023791; ', 'lpips_2=0.027658; ', 'codec_recon_2=1.016630; ']
train step[553/1500] ; used: 9m:16s; eta: 15m:51s; loss = 3.155207; ['mse_0=0.025893; ', 'lpips_0=0.029108; ', 'codec_recon_0=0.989735; ', 'mse_1=0.024579; ', 'lpips_1=0.025062; ', 'codec_recon_1=1.001629; ', 'mse_2=0.027652; ', 'lpips_2=0.028376; ', 'codec_recon_2=1.003174; ']
train step[554/1500] ; used: 9m:17s; eta: 15m:50s; loss = 3.147801; ['mse_0=0.021123; ', 'lpips_0=0.029022; ', 'codec_recon_0=0.989903; ', 'mse_1=0.021653; ', 'lpips_1=0.024921; ', 'codec_recon_1=0.999946; ', 'mse_2=0.023874; ', 'lpips_2=0.030401; ', 'codec_recon_2=1.006956; ']
train step[555/1500] ; used: 9m:18s; eta: 15m:49s; loss = 3.132294; ['mse_0=0.025415; ', 'lpips_0=0.026971; ', 'codec_recon_0=0.989076; ', 'mse_1=0.017334; ', 'lpips_1=0.020765; ', 'codec_recon_1=1.001126; ', 'mse_2=0.021096; ', 'lpips_2=0.024403; ', 'codec_recon_2=1.006107; ']
train step[556/1500] ; used: 9m:19s; eta: 15m:48s; loss = 3.122707; ['mse_0=0.013128; ', 'lpips_0=0.025632; ', 'codec_recon_0=0.990204; ', 'mse_1=0.013072; ', 'lpips_1=0.020412; ', 'codec_recon_1=1.001606; ', 'mse_2=0.017158; ', 'lpips_2=0.028247; ', 'codec_recon_2=1.013246; ']
train step[557/1500] ; used: 9m:20s; eta: 15m:47s; loss = 3.146927; ['mse_0=0.020682; ', 'lpips_0=0.028476; ', 'codec_recon_0=0.989593; ', 'mse_1=0.022163; ', 'lpips_1=0.023200; ', 'codec_recon_1=1.001549; ', 'mse_2=0.026332; ', 'lpips_2=0.029667; ', 'codec_recon_2=1.005265; ']
train step[558/1500] ; used: 9m:21s; eta: 15m:46s; loss = 3.151815; ['mse_0=0.028734; ', 'lpips_0=0.027638; ', 'codec_recon_0=0.990882; ', 'mse_1=0.022706; ', 'lpips_1=0.021702; ', 'codec_recon_1=1.000830; ', 'mse_2=0.025751; ', 'lpips_2=0.028599; ', 'codec_recon_2=1.004972; ']
train step[559/1500] ; used: 9m:22s; eta: 15m:45s; loss = 3.122611; ['mse_0=0.015937; ', 'lpips_0=0.026773; ', 'codec_recon_0=0.990729; ', 'mse_1=0.016351; ', 'lpips_1=0.019907; ', 'codec_recon_1=1.000417; ', 'mse_2=0.019242; ', 'lpips_2=0.025819; ', 'codec_recon_2=1.007436; ']
train step[560/1500] ; used: 9m:23s; eta: 15m:44s; loss = 3.130898; ['mse_0=0.017837; ', 'lpips_0=0.027083; ', 'codec_recon_0=0.988693; ', 'mse_1=0.019013; ', 'lpips_1=0.022018; ', 'codec_recon_1=1.000898; ', 'mse_2=0.020925; ', 'lpips_2=0.026254; ', 'codec_recon_2=1.008176; ']
train step[561/1500] ; used: 9m:24s; eta: 15m:43s; loss = 3.143034; ['mse_0=0.024116; ', 'lpips_0=0.028476; ', 'codec_recon_0=0.990146; ', 'mse_1=0.021796; ', 'lpips_1=0.023599; ', 'codec_recon_1=0.999590; ', 'mse_2=0.025605; ', 'lpips_2=0.027849; ', 'codec_recon_2=1.001855; ']
train step[562/1500] ; used: 9m:25s; eta: 15m:42s; loss = 3.145497; ['mse_0=0.023228; ', 'lpips_0=0.028356; ', 'codec_recon_0=0.990804; ', 'mse_1=0.020553; ', 'lpips_1=0.023643; ', 'codec_recon_1=1.000464; ', 'mse_2=0.023349; ', 'lpips_2=0.028723; ', 'codec_recon_2=1.006376; ']
train step[563/1500] ; used: 9m:26s; eta: 15m:41s; loss = 3.176126; ['mse_0=0.032605; ', 'lpips_0=0.026612; ', 'codec_recon_0=0.990126; ', 'mse_1=0.030945; ', 'lpips_1=0.023348; ', 'codec_recon_1=1.001973; ', 'mse_2=0.033491; ', 'lpips_2=0.031464; ', 'codec_recon_2=1.005563; ']
train step[564/1500] ; used: 9m:27s; eta: 15m:40s; loss = 3.148381; ['mse_0=0.021087; ', 'lpips_0=0.027856; ', 'codec_recon_0=0.987287; ', 'mse_1=0.020494; ', 'lpips_1=0.022443; ', 'codec_recon_1=1.000244; ', 'mse_2=0.024045; ', 'lpips_2=0.028428; ', 'codec_recon_2=1.016495; ']
train step[565/1500] ; used: 9m:28s; eta: 15m:39s; loss = 3.140839; ['mse_0=0.023004; ', 'lpips_0=0.027786; ', 'codec_recon_0=0.986760; ', 'mse_1=0.019120; ', 'lpips_1=0.021659; ', 'codec_recon_1=1.000345; ', 'mse_2=0.021855; ', 'lpips_2=0.026047; ', 'codec_recon_2=1.014262; ']
train step[566/1500] ; used: 9m:29s; eta: 15m:38s; loss = 3.133259; ['mse_0=0.017708; ', 'lpips_0=0.026605; ', 'codec_recon_0=0.992520; ', 'mse_1=0.016709; ', 'lpips_1=0.022273; ', 'codec_recon_1=1.001081; ', 'mse_2=0.020519; ', 'lpips_2=0.029868; ', 'codec_recon_2=1.005975; ']
train step[567/1500] ; used: 9m:30s; eta: 15m:37s; loss = 3.162182; ['mse_0=0.026465; ', 'lpips_0=0.030155; ', 'codec_recon_0=0.991293; ', 'mse_1=0.026049; ', 'lpips_1=0.026062; ', 'codec_recon_1=0.998923; ', 'mse_2=0.028428; ', 'lpips_2=0.031702; ', 'codec_recon_2=1.003104; ']
train step[568/1500] ; used: 9m:31s; eta: 15m:36s; loss = 3.120821; ['mse_0=0.016618; ', 'lpips_0=0.026265; ', 'codec_recon_0=0.990419; ', 'mse_1=0.014862; ', 'lpips_1=0.021636; ', 'codec_recon_1=1.000949; ', 'mse_2=0.018368; ', 'lpips_2=0.026388; ', 'codec_recon_2=1.005315; ']
train step[569/1500] ; used: 9m:32s; eta: 15m:35s; loss = 3.134122; ['mse_0=0.017674; ', 'lpips_0=0.028058; ', 'codec_recon_0=0.987701; ', 'mse_1=0.014493; ', 'lpips_1=0.022381; ', 'codec_recon_1=1.001141; ', 'mse_2=0.017474; ', 'lpips_2=0.029603; ', 'codec_recon_2=1.015598; ']
train step[570/1500] ; used: 9m:33s; eta: 15m:34s; loss = 3.135139; ['mse_0=0.024420; ', 'lpips_0=0.027786; ', 'codec_recon_0=0.989430; ', 'mse_1=0.021582; ', 'lpips_1=0.022542; ', 'codec_recon_1=0.999612; ', 'mse_2=0.022191; ', 'lpips_2=0.025788; ', 'codec_recon_2=1.001788; ']
train step[571/1500] ; used: 9m:34s; eta: 15m:33s; loss = 3.158814; ['mse_0=0.027099; ', 'lpips_0=0.027888; ', 'codec_recon_0=0.988315; ', 'mse_1=0.026392; ', 'lpips_1=0.023316; ', 'codec_recon_1=1.002329; ', 'mse_2=0.028314; ', 'lpips_2=0.028687; ', 'codec_recon_2=1.006475; ']
train step[572/1500] ; used: 9m:35s; eta: 15m:32s; loss = 3.140857; ['mse_0=0.023962; ', 'lpips_0=0.028141; ', 'codec_recon_0=0.990641; ', 'mse_1=0.021302; ', 'lpips_1=0.022578; ', 'codec_recon_1=0.999810; ', 'mse_2=0.025600; ', 'lpips_2=0.030010; ', 'codec_recon_2=0.998814; ']
train step[573/1500] ; used: 9m:36s; eta: 15m:31s; loss = 3.135431; ['mse_0=0.023151; ', 'lpips_0=0.025107; ', 'codec_recon_0=0.989996; ', 'mse_1=0.020403; ', 'lpips_1=0.020021; ', 'codec_recon_1=1.001209; ', 'mse_2=0.025298; ', 'lpips_2=0.027179; ', 'codec_recon_2=1.003067; ']
train step[574/1500] ; used: 9m:37s; eta: 15m:30s; loss = 3.133948; ['mse_0=0.019545; ', 'lpips_0=0.027717; ', 'codec_recon_0=0.991179; ', 'mse_1=0.021332; ', 'lpips_1=0.023022; ', 'codec_recon_1=0.999495; ', 'mse_2=0.024125; ', 'lpips_2=0.027623; ', 'codec_recon_2=0.999909; ']
train step[575/1500] ; used: 9m:38s; eta: 15m:29s; loss = 3.116566; ['mse_0=0.013937; ', 'lpips_0=0.025391; ', 'codec_recon_0=0.990562; ', 'mse_1=0.012864; ', 'lpips_1=0.020186; ', 'codec_recon_1=1.002607; ', 'mse_2=0.015392; ', 'lpips_2=0.026161; ', 'codec_recon_2=1.009466; ']
train step[576/1500] ; used: 9m:39s; eta: 15m:28s; loss = 3.173127; ['mse_0=0.027086; ', 'lpips_0=0.028362; ', 'codec_recon_0=0.993053; ', 'mse_1=0.024990; ', 'lpips_1=0.025188; ', 'codec_recon_1=1.002598; ', 'mse_2=0.028576; ', 'lpips_2=0.028963; ', 'codec_recon_2=1.014311; ']
train step[577/1500] ; used: 9m:40s; eta: 15m:27s; loss = 3.105025; ['mse_0=0.012876; ', 'lpips_0=0.025945; ', 'codec_recon_0=0.989282; ', 'mse_1=0.010419; ', 'lpips_1=0.019165; ', 'codec_recon_1=1.001086; ', 'mse_2=0.013572; ', 'lpips_2=0.026782; ', 'codec_recon_2=1.005898; ']
train step[578/1500] ; used: 9m:41s; eta: 15m:26s; loss = 3.137340; ['mse_0=0.023774; ', 'lpips_0=0.028368; ', 'codec_recon_0=0.988546; ', 'mse_1=0.021268; ', 'lpips_1=0.023962; ', 'codec_recon_1=0.999017; ', 'mse_2=0.025494; ', 'lpips_2=0.028377; ', 'codec_recon_2=0.998533; ']
train step[579/1500] ; used: 9m:42s; eta: 15m:25s; loss = 3.120070; ['mse_0=0.013519; ', 'lpips_0=0.023984; ', 'codec_recon_0=0.987462; ', 'mse_1=0.013184; ', 'lpips_1=0.020716; ', 'codec_recon_1=1.002684; ', 'mse_2=0.016821; ', 'lpips_2=0.025345; ', 'codec_recon_2=1.016355; ']
train step[580/1500] ; used: 9m:43s; eta: 15m:24s; loss = 3.132920; ['mse_0=0.019146; ', 'lpips_0=0.028179; ', 'codec_recon_0=0.990153; ', 'mse_1=0.018643; ', 'lpips_1=0.022659; ', 'codec_recon_1=1.001023; ', 'mse_2=0.019796; ', 'lpips_2=0.026037; ', 'codec_recon_2=1.007283; ']
train step[581/1500] ; used: 9m:44s; eta: 15m:23s; loss = 3.138221; ['mse_0=0.021270; ', 'lpips_0=0.027508; ', 'codec_recon_0=0.989005; ', 'mse_1=0.018953; ', 'lpips_1=0.022535; ', 'codec_recon_1=1.000882; ', 'mse_2=0.022719; ', 'lpips_2=0.030135; ', 'codec_recon_2=1.005213; ']
train step[582/1500] ; used: 9m:45s; eta: 15m:22s; loss = 3.127616; ['mse_0=0.021019; ', 'lpips_0=0.026171; ', 'codec_recon_0=0.992174; ', 'mse_1=0.016821; ', 'lpips_1=0.020613; ', 'codec_recon_1=1.001997; ', 'mse_2=0.020974; ', 'lpips_2=0.026398; ', 'codec_recon_2=1.001449; ']
train step[583/1500] ; used: 9m:46s; eta: 15m:21s; loss = 3.131053; ['mse_0=0.019429; ', 'lpips_0=0.028598; ', 'codec_recon_0=0.987599; ', 'mse_1=0.016530; ', 'lpips_1=0.022785; ', 'codec_recon_1=1.000090; ', 'mse_2=0.020915; ', 'lpips_2=0.027928; ', 'codec_recon_2=1.007179; ']
train step[584/1500] ; used: 9m:47s; eta: 15m:20s; loss = 3.120294; ['mse_0=0.015958; ', 'lpips_0=0.026975; ', 'codec_recon_0=0.988965; ', 'mse_1=0.014773; ', 'lpips_1=0.022117; ', 'codec_recon_1=1.002010; ', 'mse_2=0.018554; ', 'lpips_2=0.027459; ', 'codec_recon_2=1.003484; ']
train step[585/1500] ; used: 9m:48s; eta: 15m:19s; loss = 3.129282; ['mse_0=0.018992; ', 'lpips_0=0.027057; ', 'codec_recon_0=0.988521; ', 'mse_1=0.018975; ', 'lpips_1=0.022481; ', 'codec_recon_1=1.000686; ', 'mse_2=0.021937; ', 'lpips_2=0.026948; ', 'codec_recon_2=1.003685; ']
train step[586/1500] ; used: 9m:49s; eta: 15m:18s; loss = 3.159556; ['mse_0=0.029364; ', 'lpips_0=0.026452; ', 'codec_recon_0=0.994292; ', 'mse_1=0.023963; ', 'lpips_1=0.023322; ', 'codec_recon_1=1.002092; ', 'mse_2=0.026268; ', 'lpips_2=0.028948; ', 'codec_recon_2=1.004855; ']
train step[587/1500] ; used: 9m:50s; eta: 15m:17s; loss = 3.168912; ['mse_0=0.031112; ', 'lpips_0=0.028226; ', 'codec_recon_0=0.991604; ', 'mse_1=0.029114; ', 'lpips_1=0.024868; ', 'codec_recon_1=1.001613; ', 'mse_2=0.030719; ', 'lpips_2=0.029487; ', 'codec_recon_2=1.002169; ']
train step[588/1500] ; used: 9m:51s; eta: 15m:16s; loss = 3.115607; ['mse_0=0.014901; ', 'lpips_0=0.026803; ', 'codec_recon_0=0.989012; ', 'mse_1=0.015291; ', 'lpips_1=0.020787; ', 'codec_recon_1=1.000862; ', 'mse_2=0.018476; ', 'lpips_2=0.026478; ', 'codec_recon_2=1.002998; ']
train step[589/1500] ; used: 9m:52s; eta: 15m:15s; loss = 3.157730; ['mse_0=0.031029; ', 'lpips_0=0.029817; ', 'codec_recon_0=0.987626; ', 'mse_1=0.026407; ', 'lpips_1=0.024006; ', 'codec_recon_1=0.999741; ', 'mse_2=0.029439; ', 'lpips_2=0.028435; ', 'codec_recon_2=1.001230; ']
train step[590/1500] ; used: 9m:53s; eta: 15m:14s; loss = 3.148546; ['mse_0=0.024300; ', 'lpips_0=0.029690; ', 'codec_recon_0=0.986334; ', 'mse_1=0.022478; ', 'lpips_1=0.023168; ', 'codec_recon_1=1.000743; ', 'mse_2=0.025498; ', 'lpips_2=0.027433; ', 'codec_recon_2=1.008901; ']
train step[591/1500] ; used: 9m:54s; eta: 15m:13s; loss = 3.135752; ['mse_0=0.023126; ', 'lpips_0=0.027528; ', 'codec_recon_0=0.987726; ', 'mse_1=0.021333; ', 'lpips_1=0.022697; ', 'codec_recon_1=0.998567; ', 'mse_2=0.026387; ', 'lpips_2=0.026714; ', 'codec_recon_2=1.001674; ']
train step[592/1500] ; used: 9m:56s; eta: 15m:12s; loss = 3.131938; ['mse_0=0.020174; ', 'lpips_0=0.028684; ', 'codec_recon_0=0.986213; ', 'mse_1=0.018289; ', 'lpips_1=0.024822; ', 'codec_recon_1=1.000270; ', 'mse_2=0.020123; ', 'lpips_2=0.028467; ', 'codec_recon_2=1.004896; ']
train step[593/1500] ; used: 9m:57s; eta: 15m:11s; loss = 3.172270; ['mse_0=0.030901; ', 'lpips_0=0.028986; ', 'codec_recon_0=0.989265; ', 'mse_1=0.028552; ', 'lpips_1=0.026144; ', 'codec_recon_1=1.002946; ', 'mse_2=0.031098; ', 'lpips_2=0.033755; ', 'codec_recon_2=1.000622; ']
train step[594/1500] ; used: 9m:58s; eta: 15m:10s; loss = 3.141026; ['mse_0=0.023619; ', 'lpips_0=0.028446; ', 'codec_recon_0=0.988262; ', 'mse_1=0.021597; ', 'lpips_1=0.023460; ', 'codec_recon_1=1.000769; ', 'mse_2=0.023879; ', 'lpips_2=0.028423; ', 'codec_recon_2=1.002570; ']
train step[595/1500] ; used: 9m:59s; eta: 15m:9s; loss = 3.133158; ['mse_0=0.016154; ', 'lpips_0=0.026764; ', 'codec_recon_0=0.986399; ', 'mse_1=0.014652; ', 'lpips_1=0.022283; ', 'codec_recon_1=1.002231; ', 'mse_2=0.016794; ', 'lpips_2=0.026734; ', 'codec_recon_2=1.021148; ']
train step[596/1500] ; used: 10m; eta: 15m:8s; loss = 3.126587; ['mse_0=0.019978; ', 'lpips_0=0.026369; ', 'codec_recon_0=0.989992; ', 'mse_1=0.016869; ', 'lpips_1=0.020755; ', 'codec_recon_1=1.000653; ', 'mse_2=0.021178; ', 'lpips_2=0.027489; ', 'codec_recon_2=1.003304; ']
train step[597/1500] ; used: 10m:1s; eta: 15m:7s; loss = 3.136563; ['mse_0=0.021989; ', 'lpips_0=0.027025; ', 'codec_recon_0=0.989089; ', 'mse_1=0.020113; ', 'lpips_1=0.022268; ', 'codec_recon_1=1.001148; ', 'mse_2=0.022953; ', 'lpips_2=0.028357; ', 'codec_recon_2=1.003621; ']
train step[598/1500] ; used: 10m:2s; eta: 15m:6s; loss = 3.143403; ['mse_0=0.025767; ', 'lpips_0=0.027057; ', 'codec_recon_0=0.991879; ', 'mse_1=0.021783; ', 'lpips_1=0.023280; ', 'codec_recon_1=1.001572; ', 'mse_2=0.024420; ', 'lpips_2=0.028977; ', 'codec_recon_2=0.998668; ']
train step[599/1500] ; used: 10m:3s; eta: 15m:5s; loss = 3.113319; ['mse_0=0.014498; ', 'lpips_0=0.025693; ', 'codec_recon_0=0.988215; ', 'mse_1=0.013623; ', 'lpips_1=0.022176; ', 'codec_recon_1=1.002654; ', 'mse_2=0.016895; ', 'lpips_2=0.027249; ', 'codec_recon_2=1.002316; ']
train step[600/1500] ; used: 10m:4s; eta: 15m:4s; loss = 3.128380; ['mse_0=0.020036; ', 'lpips_0=0.028410; ', 'codec_recon_0=0.987746; ', 'mse_1=0.017650; ', 'lpips_1=0.022418; ', 'codec_recon_1=1.000575; ', 'mse_2=0.021909; ', 'lpips_2=0.028934; ', 'codec_recon_2=1.000702; ']
train step[601/1500] ; used: 10m:5s; eta: 15m:3s; loss = 3.148349; ['mse_0=0.026104; ', 'lpips_0=0.027918; ', 'codec_recon_0=0.990347; ', 'mse_1=0.023747; ', 'lpips_1=0.023624; ', 'codec_recon_1=1.001407; ', 'mse_2=0.026805; ', 'lpips_2=0.026863; ', 'codec_recon_2=1.001534; ']
train step[602/1500] ; used: 10m:6s; eta: 15m:2s; loss = 3.140232; ['mse_0=0.021886; ', 'lpips_0=0.028459; ', 'codec_recon_0=0.988394; ', 'mse_1=0.020956; ', 'lpips_1=0.024375; ', 'codec_recon_1=0.999925; ', 'mse_2=0.022378; ', 'lpips_2=0.029423; ', 'codec_recon_2=1.004437; ']
train step[603/1500] ; used: 10m:7s; eta: 15m:1s; loss = 3.171946; ['mse_0=0.028118; ', 'lpips_0=0.031354; ', 'codec_recon_0=0.987572; ', 'mse_1=0.028582; ', 'lpips_1=0.027309; ', 'codec_recon_1=1.001492; ', 'mse_2=0.029872; ', 'lpips_2=0.030539; ', 'codec_recon_2=1.007109; ']
train step[604/1500] ; used: 10m:8s; eta: 15m; loss = 3.138272; ['mse_0=0.023843; ', 'lpips_0=0.027193; ', 'codec_recon_0=0.990284; ', 'mse_1=0.020531; ', 'lpips_1=0.021856; ', 'codec_recon_1=1.000594; ', 'mse_2=0.024224; ', 'lpips_2=0.028350; ', 'codec_recon_2=1.001398; ']
train step[605/1500] ; used: 10m:9s; eta: 14m:59s; loss = 3.123952; ['mse_0=0.014642; ', 'lpips_0=0.025776; ', 'codec_recon_0=0.987426; ', 'mse_1=0.015324; ', 'lpips_1=0.021541; ', 'codec_recon_1=1.002458; ', 'mse_2=0.017427; ', 'lpips_2=0.025689; ', 'codec_recon_2=1.013670; ']
train step[606/1500] ; used: 10m:10s; eta: 14m:58s; loss = 3.134825; ['mse_0=0.021295; ', 'lpips_0=0.026212; ', 'codec_recon_0=0.993232; ', 'mse_1=0.019287; ', 'lpips_1=0.022077; ', 'codec_recon_1=1.000627; ', 'mse_2=0.021826; ', 'lpips_2=0.028961; ', 'codec_recon_2=1.001308; ']
train step[607/1500] ; used: 10m:11s; eta: 14m:57s; loss = 3.137878; ['mse_0=0.021776; ', 'lpips_0=0.027679; ', 'codec_recon_0=0.985409; ', 'mse_1=0.019550; ', 'lpips_1=0.021781; ', 'codec_recon_1=1.000691; ', 'mse_2=0.022353; ', 'lpips_2=0.025074; ', 'codec_recon_2=1.013565; ']
train step[608/1500] ; used: 10m:12s; eta: 14m:56s; loss = 3.118436; ['mse_0=0.017522; ', 'lpips_0=0.025642; ', 'codec_recon_0=0.988264; ', 'mse_1=0.016312; ', 'lpips_1=0.022976; ', 'codec_recon_1=1.001073; ', 'mse_2=0.017422; ', 'lpips_2=0.026397; ', 'codec_recon_2=1.002829; ']
train step[609/1500] ; used: 10m:13s; eta: 14m:55s; loss = 3.119894; ['mse_0=0.015410; ', 'lpips_0=0.028921; ', 'codec_recon_0=0.988722; ', 'mse_1=0.015174; ', 'lpips_1=0.023733; ', 'codec_recon_1=1.000942; ', 'mse_2=0.017308; ', 'lpips_2=0.028237; ', 'codec_recon_2=1.001447; ']
train step[610/1500] ; used: 10m:14s; eta: 14m:54s; loss = 3.147719; ['mse_0=0.014055; ', 'lpips_0=0.030409; ', 'codec_recon_0=0.986740; ', 'mse_1=0.017171; ', 'lpips_1=0.025571; ', 'codec_recon_1=1.002160; ', 'mse_2=0.017324; ', 'lpips_2=0.028270; ', 'codec_recon_2=1.026019; ']
train step[611/1500] ; used: 10m:15s; eta: 14m:53s; loss = 3.143340; ['mse_0=0.023957; ', 'lpips_0=0.028345; ', 'codec_recon_0=0.988939; ', 'mse_1=0.022457; ', 'lpips_1=0.025679; ', 'codec_recon_1=1.000991; ', 'mse_2=0.024786; ', 'lpips_2=0.029945; ', 'codec_recon_2=0.998242; ']
train step[612/1500] ; used: 10m:16s; eta: 14m:52s; loss = 3.124699; ['mse_0=0.016173; ', 'lpips_0=0.027236; ', 'codec_recon_0=0.989201; ', 'mse_1=0.015233; ', 'lpips_1=0.023823; ', 'codec_recon_1=1.001908; ', 'mse_2=0.017974; ', 'lpips_2=0.027708; ', 'codec_recon_2=1.005443; ']
train step[613/1500] ; used: 10m:17s; eta: 14m:51s; loss = 3.145842; ['mse_0=0.025849; ', 'lpips_0=0.027795; ', 'codec_recon_0=0.989940; ', 'mse_1=0.021469; ', 'lpips_1=0.024021; ', 'codec_recon_1=1.000668; ', 'mse_2=0.023460; ', 'lpips_2=0.029648; ', 'codec_recon_2=1.002993; ']
train step[614/1500] ; used: 10m:18s; eta: 14m:50s; loss = 3.127391; ['mse_0=0.016332; ', 'lpips_0=0.029466; ', 'codec_recon_0=0.988315; ', 'mse_1=0.015753; ', 'lpips_1=0.026317; ', 'codec_recon_1=1.001504; ', 'mse_2=0.018381; ', 'lpips_2=0.032040; ', 'codec_recon_2=0.999282; ']
train step[615/1500] ; used: 10m:19s; eta: 14m:49s; loss = 3.111131; ['mse_0=0.015705; ', 'lpips_0=0.025499; ', 'codec_recon_0=0.989546; ', 'mse_1=0.012947; ', 'lpips_1=0.019518; ', 'codec_recon_1=1.001910; ', 'mse_2=0.016537; ', 'lpips_2=0.025776; ', 'codec_recon_2=1.003693; ']
train step[616/1500] ; used: 10m:20s; eta: 14m:48s; loss = 3.122303; ['mse_0=0.014242; ', 'lpips_0=0.027272; ', 'codec_recon_0=0.988101; ', 'mse_1=0.014113; ', 'lpips_1=0.022971; ', 'codec_recon_1=1.003931; ', 'mse_2=0.016448; ', 'lpips_2=0.028942; ', 'codec_recon_2=1.006283; ']
train step[617/1500] ; used: 10m:21s; eta: 14m:47s; loss = 3.115691; ['mse_0=0.015365; ', 'lpips_0=0.026599; ', 'codec_recon_0=0.988557; ', 'mse_1=0.013880; ', 'lpips_1=0.020819; ', 'codec_recon_1=1.001691; ', 'mse_2=0.015729; ', 'lpips_2=0.026922; ', 'codec_recon_2=1.006129; ']
train step[618/1500] ; used: 10m:22s; eta: 14m:46s; loss = 3.125688; ['mse_0=0.019641; ', 'lpips_0=0.027425; ', 'codec_recon_0=0.985723; ', 'mse_1=0.017095; ', 'lpips_1=0.021758; ', 'codec_recon_1=1.000443; ', 'mse_2=0.020833; ', 'lpips_2=0.027274; ', 'codec_recon_2=1.005497; ']
train step[619/1500] ; used: 10m:23s; eta: 14m:45s; loss = 3.120995; ['mse_0=0.016862; ', 'lpips_0=0.027792; ', 'codec_recon_0=0.986888; ', 'mse_1=0.017391; ', 'lpips_1=0.022420; ', 'codec_recon_1=1.000382; ', 'mse_2=0.021382; ', 'lpips_2=0.027669; ', 'codec_recon_2=1.000210; ']
train step[620/1500] ; used: 10m:24s; eta: 14m:44s; loss = 3.168938; ['mse_0=0.029904; ', 'lpips_0=0.029820; ', 'codec_recon_0=0.985479; ', 'mse_1=0.025873; ', 'lpips_1=0.026372; ', 'codec_recon_1=1.000525; ', 'mse_2=0.026467; ', 'lpips_2=0.029265; ', 'codec_recon_2=1.015232; ']
train step[621/1500] ; used: 10m:25s; eta: 14m:43s; loss = 3.139834; ['mse_0=0.021343; ', 'lpips_0=0.028324; ', 'codec_recon_0=0.988323; ', 'mse_1=0.020314; ', 'lpips_1=0.024896; ', 'codec_recon_1=1.000679; ', 'mse_2=0.023314; ', 'lpips_2=0.029757; ', 'codec_recon_2=1.002883; ']
train step[622/1500] ; used: 10m:26s; eta: 14m:42s; loss = 3.134310; ['mse_0=0.019354; ', 'lpips_0=0.026551; ', 'codec_recon_0=0.986455; ', 'mse_1=0.018102; ', 'lpips_1=0.022878; ', 'codec_recon_1=1.001170; ', 'mse_2=0.021433; ', 'lpips_2=0.028962; ', 'codec_recon_2=1.009406; ']
train step[623/1500] ; used: 10m:27s; eta: 14m:41s; loss = 3.128651; ['mse_0=0.022643; ', 'lpips_0=0.027230; ', 'codec_recon_0=0.985371; ', 'mse_1=0.017183; ', 'lpips_1=0.020963; ', 'codec_recon_1=1.000042; ', 'mse_2=0.020274; ', 'lpips_2=0.026109; ', 'codec_recon_2=1.008834; ']
train step[624/1500] ; used: 10m:28s; eta: 14m:40s; loss = 3.147933; ['mse_0=0.022770; ', 'lpips_0=0.028841; ', 'codec_recon_0=0.983805; ', 'mse_1=0.020686; ', 'lpips_1=0.024113; ', 'codec_recon_1=1.000632; ', 'mse_2=0.024283; ', 'lpips_2=0.028975; ', 'codec_recon_2=1.013827; ']
train step[625/1500] ; used: 10m:29s; eta: 14m:39s; loss = 3.123284; ['mse_0=0.017913; ', 'lpips_0=0.026739; ', 'codec_recon_0=0.990103; ', 'mse_1=0.016441; ', 'lpips_1=0.021227; ', 'codec_recon_1=1.000805; ', 'mse_2=0.020103; ', 'lpips_2=0.027958; ', 'codec_recon_2=1.001994; ']
train step[626/1500] ; used: 10m:30s; eta: 14m:38s; loss = 3.117093; ['mse_0=0.019891; ', 'lpips_0=0.026152; ', 'codec_recon_0=0.988185; ', 'mse_1=0.018350; ', 'lpips_1=0.021935; ', 'codec_recon_1=0.999850; ', 'mse_2=0.020520; ', 'lpips_2=0.025726; ', 'codec_recon_2=0.996485; ']
train step[627/1500] ; used: 10m:31s; eta: 14m:37s; loss = 3.125468; ['mse_0=0.012510; ', 'lpips_0=0.030238; ', 'codec_recon_0=0.984900; ', 'mse_1=0.014014; ', 'lpips_1=0.027590; ', 'codec_recon_1=1.000964; ', 'mse_2=0.016784; ', 'lpips_2=0.031476; ', 'codec_recon_2=1.006992; ']
train step[628/1500] ; used: 10m:32s; eta: 14m:36s; loss = 3.138772; ['mse_0=0.023843; ', 'lpips_0=0.027436; ', 'codec_recon_0=0.987808; ', 'mse_1=0.021576; ', 'lpips_1=0.023233; ', 'codec_recon_1=1.001058; ', 'mse_2=0.024253; ', 'lpips_2=0.027124; ', 'codec_recon_2=1.002440; ']
train step[629/1500] ; used: 10m:33s; eta: 14m:35s; loss = 3.119623; ['mse_0=0.020806; ', 'lpips_0=0.027081; ', 'codec_recon_0=0.988273; ', 'mse_1=0.014910; ', 'lpips_1=0.021085; ', 'codec_recon_1=1.000427; ', 'mse_2=0.017646; ', 'lpips_2=0.027760; ', 'codec_recon_2=1.001634; ']
train step[630/1500] ; used: 10m:34s; eta: 14m:34s; loss = 3.149407; ['mse_0=0.029448; ', 'lpips_0=0.028554; ', 'codec_recon_0=0.986154; ', 'mse_1=0.026441; ', 'lpips_1=0.023576; ', 'codec_recon_1=0.999280; ', 'mse_2=0.029634; ', 'lpips_2=0.030101; ', 'codec_recon_2=0.996219; ']
train step[631/1500] ; used: 10m:35s; eta: 14m:33s; loss = 3.125151; ['mse_0=0.013272; ', 'lpips_0=0.027476; ', 'codec_recon_0=0.985223; ', 'mse_1=0.012492; ', 'lpips_1=0.021941; ', 'codec_recon_1=1.002320; ', 'mse_2=0.014048; ', 'lpips_2=0.027846; ', 'codec_recon_2=1.020534; ']
train step[632/1500] ; used: 10m:36s; eta: 14m:32s; loss = 3.102532; ['mse_0=0.009332; ', 'lpips_0=0.025243; ', 'codec_recon_0=0.987221; ', 'mse_1=0.009779; ', 'lpips_1=0.020656; ', 'codec_recon_1=1.002811; ', 'mse_2=0.012739; ', 'lpips_2=0.026785; ', 'codec_recon_2=1.007965; ']
train step[633/1500] ; used: 10m:37s; eta: 14m:31s; loss = 3.136534; ['mse_0=0.012280; ', 'lpips_0=0.028012; ', 'codec_recon_0=0.990163; ', 'mse_1=0.012729; ', 'lpips_1=0.025364; ', 'codec_recon_1=1.002967; ', 'mse_2=0.014608; ', 'lpips_2=0.033075; ', 'codec_recon_2=1.017336; ']
train step[634/1500] ; used: 10m:38s; eta: 14m:30s; loss = 3.113068; ['mse_0=0.016295; ', 'lpips_0=0.025945; ', 'codec_recon_0=0.988375; ', 'mse_1=0.013527; ', 'lpips_1=0.020991; ', 'codec_recon_1=1.000031; ', 'mse_2=0.016518; ', 'lpips_2=0.026919; ', 'codec_recon_2=1.004468; ']
train step[635/1500] ; used: 10m:39s; eta: 14m:29s; loss = 3.252769; ['mse_0=0.059326; ', 'lpips_0=0.031008; ', 'codec_recon_0=0.984340; ', 'mse_1=0.057527; ', 'lpips_1=0.027161; ', 'codec_recon_1=1.000827; ', 'mse_2=0.054803; ', 'lpips_2=0.031192; ', 'codec_recon_2=1.006585; ']
train step[636/1500] ; used: 10m:40s; eta: 14m:28s; loss = 3.119209; ['mse_0=0.016044; ', 'lpips_0=0.027874; ', 'codec_recon_0=0.987043; ', 'mse_1=0.015252; ', 'lpips_1=0.022882; ', 'codec_recon_1=1.000785; ', 'mse_2=0.019970; ', 'lpips_2=0.029041; ', 'codec_recon_2=1.000318; ']
train step[637/1500] ; used: 10m:41s; eta: 14m:27s; loss = 3.128322; ['mse_0=0.021706; ', 'lpips_0=0.028910; ', 'codec_recon_0=0.985677; ', 'mse_1=0.020190; ', 'lpips_1=0.023658; ', 'codec_recon_1=0.999747; ', 'mse_2=0.023430; ', 'lpips_2=0.027601; ', 'codec_recon_2=0.997403; ']
train step[638/1500] ; used: 10m:42s; eta: 14m:26s; loss = 3.140922; ['mse_0=0.021948; ', 'lpips_0=0.028948; ', 'codec_recon_0=0.985614; ', 'mse_1=0.022227; ', 'lpips_1=0.026591; ', 'codec_recon_1=1.000907; ', 'mse_2=0.024150; ', 'lpips_2=0.030611; ', 'codec_recon_2=0.999927; ']
train step[639/1500] ; used: 10m:43s; eta: 14m:25s; loss = 3.130987; ['mse_0=0.023637; ', 'lpips_0=0.028275; ', 'codec_recon_0=0.983352; ', 'mse_1=0.021673; ', 'lpips_1=0.022063; ', 'codec_recon_1=0.999889; ', 'mse_2=0.023312; ', 'lpips_2=0.027208; ', 'codec_recon_2=1.001577; ']
train step[640/1500] ; used: 10m:44s; eta: 14m:24s; loss = 3.122041; ['mse_0=0.019529; ', 'lpips_0=0.026011; ', 'codec_recon_0=0.990002; ', 'mse_1=0.015010; ', 'lpips_1=0.021237; ', 'codec_recon_1=1.000856; ', 'mse_2=0.017595; ', 'lpips_2=0.028026; ', 'codec_recon_2=1.003774; ']
train step[641/1500] ; used: 10m:45s; eta: 14m:23s; loss = 3.131901; ['mse_0=0.021577; ', 'lpips_0=0.028703; ', 'codec_recon_0=0.983307; ', 'mse_1=0.020246; ', 'lpips_1=0.024446; ', 'codec_recon_1=0.999739; ', 'mse_2=0.021430; ', 'lpips_2=0.025841; ', 'codec_recon_2=1.006612; ']
train step[642/1500] ; used: 10m:46s; eta: 14m:22s; loss = 3.132246; ['mse_0=0.023976; ', 'lpips_0=0.030652; ', 'codec_recon_0=0.984127; ', 'mse_1=0.020989; ', 'lpips_1=0.024312; ', 'codec_recon_1=0.999021; ', 'mse_2=0.022878; ', 'lpips_2=0.028519; ', 'codec_recon_2=0.997773; ']
train step[643/1500] ; used: 10m:47s; eta: 14m:21s; loss = 3.118627; ['mse_0=0.016437; ', 'lpips_0=0.026752; ', 'codec_recon_0=0.983302; ', 'mse_1=0.015879; ', 'lpips_1=0.023516; ', 'codec_recon_1=1.001150; ', 'mse_2=0.018570; ', 'lpips_2=0.028139; ', 'codec_recon_2=1.004882; ']
train step[644/1500] ; used: 10m:48s; eta: 14m:20s; loss = 3.114647; ['mse_0=0.013901; ', 'lpips_0=0.025615; ', 'codec_recon_0=0.982790; ', 'mse_1=0.013994; ', 'lpips_1=0.022836; ', 'codec_recon_1=1.002759; ', 'mse_2=0.016462; ', 'lpips_2=0.029566; ', 'codec_recon_2=1.006725; ']
train step[645/1500] ; used: 10m:49s; eta: 14m:19s; loss = 3.122142; ['mse_0=0.020802; ', 'lpips_0=0.026034; ', 'codec_recon_0=0.987341; ', 'mse_1=0.020465; ', 'lpips_1=0.022408; ', 'codec_recon_1=1.000204; ', 'mse_2=0.023461; ', 'lpips_2=0.027336; ', 'codec_recon_2=0.994091; ']
train step[646/1500] ; used: 10m:50s; eta: 14m:18s; loss = 3.116115; ['mse_0=0.016319; ', 'lpips_0=0.027214; ', 'codec_recon_0=0.986831; ', 'mse_1=0.014649; ', 'lpips_1=0.021998; ', 'codec_recon_1=1.000567; ', 'mse_2=0.016605; ', 'lpips_2=0.028472; ', 'codec_recon_2=1.003461; ']
train step[647/1500] ; used: 10m:51s; eta: 14m:17s; loss = 3.121861; ['mse_0=0.020652; ', 'lpips_0=0.029220; ', 'codec_recon_0=0.986146; ', 'mse_1=0.016383; ', 'lpips_1=0.023280; ', 'codec_recon_1=1.000559; ', 'mse_2=0.019533; ', 'lpips_2=0.028884; ', 'codec_recon_2=0.997204; ']
train step[648/1500] ; used: 10m:52s; eta: 14m:16s; loss = 3.134516; ['mse_0=0.021819; ', 'lpips_0=0.026085; ', 'codec_recon_0=0.985934; ', 'mse_1=0.018206; ', 'lpips_1=0.022359; ', 'codec_recon_1=1.001321; ', 'mse_2=0.021580; ', 'lpips_2=0.027175; ', 'codec_recon_2=1.010038; ']
train step[649/1500] ; used: 10m:53s; eta: 14m:15s; loss = 3.177963; ['mse_0=0.032950; ', 'lpips_0=0.031968; ', 'codec_recon_0=0.984191; ', 'mse_1=0.034918; ', 'lpips_1=0.028424; ', 'codec_recon_1=0.999615; ', 'mse_2=0.036851; ', 'lpips_2=0.030169; ', 'codec_recon_2=0.998876; ']
train step[650/1500] ; used: 10m:54s; eta: 14m:14s; loss = 3.134962; ['mse_0=0.024510; ', 'lpips_0=0.028096; ', 'codec_recon_0=0.983193; ', 'mse_1=0.022595; ', 'lpips_1=0.022517; ', 'codec_recon_1=1.000393; ', 'mse_2=0.024445; ', 'lpips_2=0.025856; ', 'codec_recon_2=1.003358; ']
train step[651/1500] ; used: 10m:55s; eta: 14m:13s; loss = 3.105347; ['mse_0=0.017467; ', 'lpips_0=0.024438; ', 'codec_recon_0=0.984693; ', 'mse_1=0.014506; ', 'lpips_1=0.018694; ', 'codec_recon_1=1.000962; ', 'mse_2=0.017471; ', 'lpips_2=0.024504; ', 'codec_recon_2=1.002610; ']
train step[652/1500] ; used: 10m:56s; eta: 14m:12s; loss = 3.112594; ['mse_0=0.019440; ', 'lpips_0=0.027767; ', 'codec_recon_0=0.986000; ', 'mse_1=0.017317; ', 'lpips_1=0.022147; ', 'codec_recon_1=1.000058; ', 'mse_2=0.020546; ', 'lpips_2=0.024836; ', 'codec_recon_2=0.994484; ']
train step[653/1500] ; used: 10m:57s; eta: 14m:11s; loss = 3.138256; ['mse_0=0.021291; ', 'lpips_0=0.028742; ', 'codec_recon_0=0.985483; ', 'mse_1=0.021871; ', 'lpips_1=0.026196; ', 'codec_recon_1=1.002327; ', 'mse_2=0.024231; ', 'lpips_2=0.030403; ', 'codec_recon_2=0.997712; ']
train step[654/1500] ; used: 10m:58s; eta: 14m:10s; loss = 3.109578; ['mse_0=0.014429; ', 'lpips_0=0.026329; ', 'codec_recon_0=0.985821; ', 'mse_1=0.014644; ', 'lpips_1=0.023384; ', 'codec_recon_1=1.002076; ', 'mse_2=0.016571; ', 'lpips_2=0.028193; ', 'codec_recon_2=0.998132; ']
train step[655/1500] ; used: 10m:59s; eta: 14m:9s; loss = 3.160991; ['mse_0=0.030885; ', 'lpips_0=0.028923; ', 'codec_recon_0=0.988750; ', 'mse_1=0.026488; ', 'lpips_1=0.025861; ', 'codec_recon_1=0.999314; ', 'mse_2=0.029451; ', 'lpips_2=0.031183; ', 'codec_recon_2=1.000136; ']
train step[656/1500] ; used: 11m; eta: 14m:8s; loss = 3.104584; ['mse_0=0.013965; ', 'lpips_0=0.027502; ', 'codec_recon_0=0.985033; ', 'mse_1=0.013065; ', 'lpips_1=0.022177; ', 'codec_recon_1=1.000479; ', 'mse_2=0.015571; ', 'lpips_2=0.025697; ', 'codec_recon_2=1.001095; ']
train step[657/1500] ; used: 11m:1s; eta: 14m:7s; loss = 3.126129; ['mse_0=0.021637; ', 'lpips_0=0.028293; ', 'codec_recon_0=0.983961; ', 'mse_1=0.017386; ', 'lpips_1=0.022861; ', 'codec_recon_1=0.999510; ', 'mse_2=0.020757; ', 'lpips_2=0.026766; ', 'codec_recon_2=1.004958; ']
train step[658/1500] ; used: 11m:2s; eta: 14m:6s; loss = 3.110478; ['mse_0=0.013409; ', 'lpips_0=0.027831; ', 'codec_recon_0=0.982512; ', 'mse_1=0.013419; ', 'lpips_1=0.024357; ', 'codec_recon_1=1.002071; ', 'mse_2=0.016914; ', 'lpips_2=0.029286; ', 'codec_recon_2=1.000678; ']
train step[659/1500] ; used: 11m:3s; eta: 14m:5s; loss = 3.098011; ['mse_0=0.013006; ', 'lpips_0=0.024761; ', 'codec_recon_0=0.988122; ', 'mse_1=0.010680; ', 'lpips_1=0.020079; ', 'codec_recon_1=1.000568; ', 'mse_2=0.012496; ', 'lpips_2=0.024655; ', 'codec_recon_2=1.003646; ']
train step[660/1500] ; used: 11m:4s; eta: 14m:4s; loss = 3.120824; ['mse_0=0.019099; ', 'lpips_0=0.026612; ', 'codec_recon_0=0.987363; ', 'mse_1=0.014225; ', 'lpips_1=0.022748; ', 'codec_recon_1=1.001768; ', 'mse_2=0.015671; ', 'lpips_2=0.027452; ', 'codec_recon_2=1.005885; ']
train step[661/1500] ; used: 11m:6s; eta: 14m:4s; loss = 3.160959; ['mse_0=0.030971; ', 'lpips_0=0.029311; ', 'codec_recon_0=0.985631; ', 'mse_1=0.028729; ', 'lpips_1=0.025406; ', 'codec_recon_1=0.999370; ', 'mse_2=0.032367; ', 'lpips_2=0.030630; ', 'codec_recon_2=0.998543; ']
train step[662/1500] ; used: 11m:7s; eta: 14m:3s; loss = 3.110271; ['mse_0=0.014957; ', 'lpips_0=0.027866; ', 'codec_recon_0=0.983444; ', 'mse_1=0.012870; ', 'lpips_1=0.023369; ', 'codec_recon_1=1.002032; ', 'mse_2=0.014713; ', 'lpips_2=0.027413; ', 'codec_recon_2=1.003606; ']
train step[663/1500] ; used: 11m:8s; eta: 14m:2s; loss = 3.115167; ['mse_0=0.019436; ', 'lpips_0=0.026551; ', 'codec_recon_0=0.985994; ', 'mse_1=0.018085; ', 'lpips_1=0.022675; ', 'codec_recon_1=0.998955; ', 'mse_2=0.020267; ', 'lpips_2=0.025905; ', 'codec_recon_2=0.997299; ']
train step[664/1500] ; used: 11m:9s; eta: 14m:1s; loss = 3.122318; ['mse_0=0.019913; ', 'lpips_0=0.026695; ', 'codec_recon_0=0.983668; ', 'mse_1=0.018475; ', 'lpips_1=0.022057; ', 'codec_recon_1=1.000045; ', 'mse_2=0.022140; ', 'lpips_2=0.026177; ', 'codec_recon_2=1.003148; ']
train step[665/1500] ; used: 11m:10s; eta: 14m; loss = 3.127769; ['mse_0=0.019774; ', 'lpips_0=0.025797; ', 'codec_recon_0=0.990060; ', 'mse_1=0.015874; ', 'lpips_1=0.023574; ', 'codec_recon_1=1.000734; ', 'mse_2=0.019147; ', 'lpips_2=0.028626; ', 'codec_recon_2=1.004184; ']
train step[666/1500] ; used: 11m:11s; eta: 13m:59s; loss = 3.107832; ['mse_0=0.013000; ', 'lpips_0=0.027287; ', 'codec_recon_0=0.983427; ', 'mse_1=0.012590; ', 'lpips_1=0.022492; ', 'codec_recon_1=1.002490; ', 'mse_2=0.015807; ', 'lpips_2=0.028496; ', 'codec_recon_2=1.002244; ']
train step[667/1500] ; used: 11m:12s; eta: 13m:58s; loss = 3.131456; ['mse_0=0.015136; ', 'lpips_0=0.028836; ', 'codec_recon_0=0.982660; ', 'mse_1=0.016922; ', 'lpips_1=0.025907; ', 'codec_recon_1=1.002506; ', 'mse_2=0.018250; ', 'lpips_2=0.029411; ', 'codec_recon_2=1.011827; ']
train step[668/1500] ; used: 11m:13s; eta: 13m:57s; loss = 3.117678; ['mse_0=0.020690; ', 'lpips_0=0.027300; ', 'codec_recon_0=0.985884; ', 'mse_1=0.017525; ', 'lpips_1=0.023287; ', 'codec_recon_1=0.998449; ', 'mse_2=0.020373; ', 'lpips_2=0.025628; ', 'codec_recon_2=0.998542; ']
train step[669/1500] ; used: 11m:14s; eta: 13m:56s; loss = 3.122344; ['mse_0=0.022306; ', 'lpips_0=0.027742; ', 'codec_recon_0=0.982669; ', 'mse_1=0.020395; ', 'lpips_1=0.021910; ', 'codec_recon_1=0.999114; ', 'mse_2=0.022674; ', 'lpips_2=0.028793; ', 'codec_recon_2=0.996740; ']
train step[670/1500] ; used: 11m:15s; eta: 13m:55s; loss = 3.121863; ['mse_0=0.020484; ', 'lpips_0=0.028040; ', 'codec_recon_0=0.984030; ', 'mse_1=0.019159; ', 'lpips_1=0.024656; ', 'codec_recon_1=0.999751; ', 'mse_2=0.021259; ', 'lpips_2=0.028208; ', 'codec_recon_2=0.996276; ']
train step[671/1500] ; used: 11m:16s; eta: 13m:54s; loss = 3.117380; ['mse_0=0.019505; ', 'lpips_0=0.025516; ', 'codec_recon_0=0.985956; ', 'mse_1=0.016017; ', 'lpips_1=0.022281; ', 'codec_recon_1=1.000565; ', 'mse_2=0.018575; ', 'lpips_2=0.027804; ', 'codec_recon_2=1.001163; ']
train step[672/1500] ; used: 11m:17s; eta: 13m:53s; loss = 3.103324; ['mse_0=0.011374; ', 'lpips_0=0.027586; ', 'codec_recon_0=0.981835; ', 'mse_1=0.011086; ', 'lpips_1=0.022891; ', 'codec_recon_1=1.001665; ', 'mse_2=0.014079; ', 'lpips_2=0.029707; ', 'codec_recon_2=1.003102; ']
train step[673/1500] ; used: 11m:18s; eta: 13m:52s; loss = 3.134066; ['mse_0=0.021705; ', 'lpips_0=0.027481; ', 'codec_recon_0=0.982427; ', 'mse_1=0.021312; ', 'lpips_1=0.024006; ', 'codec_recon_1=1.001217; ', 'mse_2=0.022506; ', 'lpips_2=0.025903; ', 'codec_recon_2=1.007510; ']
train step[674/1500] ; used: 11m:19s; eta: 13m:51s; loss = 3.108280; ['mse_0=0.016018; ', 'lpips_0=0.025630; ', 'codec_recon_0=0.982423; ', 'mse_1=0.013962; ', 'lpips_1=0.019913; ', 'codec_recon_1=1.002167; ', 'mse_2=0.017236; ', 'lpips_2=0.025829; ', 'codec_recon_2=1.005102; ']
train step[675/1500] ; used: 11m:20s; eta: 13m:50s; loss = 3.122265; ['mse_0=0.017659; ', 'lpips_0=0.028429; ', 'codec_recon_0=0.985472; ', 'mse_1=0.017142; ', 'lpips_1=0.024677; ', 'codec_recon_1=0.999630; ', 'mse_2=0.019183; ', 'lpips_2=0.031661; ', 'codec_recon_2=0.998413; ']
train step[676/1500] ; used: 11m:21s; eta: 13m:49s; loss = 3.151821; ['mse_0=0.030206; ', 'lpips_0=0.029719; ', 'codec_recon_0=0.983811; ', 'mse_1=0.030272; ', 'lpips_1=0.026089; ', 'codec_recon_1=0.997915; ', 'mse_2=0.032130; ', 'lpips_2=0.029853; ', 'codec_recon_2=0.991827; ']
train step[677/1500] ; used: 11m:22s; eta: 13m:48s; loss = 3.131495; ['mse_0=0.023532; ', 'lpips_0=0.026802; ', 'codec_recon_0=0.982836; ', 'mse_1=0.022010; ', 'lpips_1=0.023375; ', 'codec_recon_1=0.999969; ', 'mse_2=0.024425; ', 'lpips_2=0.030000; ', 'codec_recon_2=0.998547; ']
train step[678/1500] ; used: 11m:23s; eta: 13m:47s; loss = 3.107332; ['mse_0=0.015846; ', 'lpips_0=0.025997; ', 'codec_recon_0=0.988061; ', 'mse_1=0.013446; ', 'lpips_1=0.020987; ', 'codec_recon_1=1.001863; ', 'mse_2=0.015190; ', 'lpips_2=0.027734; ', 'codec_recon_2=0.998208; ']
train step[679/1500] ; used: 11m:24s; eta: 13m:46s; loss = 3.102684; ['mse_0=0.017447; ', 'lpips_0=0.026933; ', 'codec_recon_0=0.987657; ', 'mse_1=0.015215; ', 'lpips_1=0.021766; ', 'codec_recon_1=0.998719; ', 'mse_2=0.017590; ', 'lpips_2=0.025739; ', 'codec_recon_2=0.991618; ']
train step[680/1500] ; used: 11m:25s; eta: 13m:45s; loss = 3.127706; ['mse_0=0.024607; ', 'lpips_0=0.028667; ', 'codec_recon_0=0.980949; ', 'mse_1=0.021674; ', 'lpips_1=0.025573; ', 'codec_recon_1=0.997853; ', 'mse_2=0.023148; ', 'lpips_2=0.029003; ', 'codec_recon_2=0.996232; ']
train step[681/1500] ; used: 11m:26s; eta: 13m:44s; loss = 3.141545; ['mse_0=0.023234; ', 'lpips_0=0.026257; ', 'codec_recon_0=0.986952; ', 'mse_1=0.021097; ', 'lpips_1=0.023434; ', 'codec_recon_1=1.002942; ', 'mse_2=0.019786; ', 'lpips_2=0.025034; ', 'codec_recon_2=1.012808; ']
train step[682/1500] ; used: 11m:27s; eta: 13m:43s; loss = 3.134598; ['mse_0=0.023274; ', 'lpips_0=0.028999; ', 'codec_recon_0=0.984957; ', 'mse_1=0.021619; ', 'lpips_1=0.025009; ', 'codec_recon_1=0.999581; ', 'mse_2=0.023303; ', 'lpips_2=0.027881; ', 'codec_recon_2=0.999974; ']
train step[683/1500] ; used: 11m:28s; eta: 13m:42s; loss = 3.140230; ['mse_0=0.027911; ', 'lpips_0=0.028740; ', 'codec_recon_0=0.983756; ', 'mse_1=0.024800; ', 'lpips_1=0.025563; ', 'codec_recon_1=0.999179; ', 'mse_2=0.027909; ', 'lpips_2=0.030734; ', 'codec_recon_2=0.991638; ']
train step[684/1500] ; used: 11m:29s; eta: 13m:41s; loss = 3.102633; ['mse_0=0.013753; ', 'lpips_0=0.025152; ', 'codec_recon_0=0.984867; ', 'mse_1=0.013171; ', 'lpips_1=0.023277; ', 'codec_recon_1=1.000899; ', 'mse_2=0.014386; ', 'lpips_2=0.026505; ', 'codec_recon_2=1.000620; ']
train step[685/1500] ; used: 11m:30s; eta: 13m:40s; loss = 3.121446; ['mse_0=0.020270; ', 'lpips_0=0.026085; ', 'codec_recon_0=0.987327; ', 'mse_1=0.016896; ', 'lpips_1=0.022507; ', 'codec_recon_1=1.002703; ', 'mse_2=0.018442; ', 'lpips_2=0.027491; ', 'codec_recon_2=0.999725; ']
train step[686/1500] ; used: 11m:31s; eta: 13m:39s; loss = 3.110240; ['mse_0=0.019197; ', 'lpips_0=0.028120; ', 'codec_recon_0=0.980280; ', 'mse_1=0.015099; ', 'lpips_1=0.022437; ', 'codec_recon_1=1.001053; ', 'mse_2=0.016875; ', 'lpips_2=0.024329; ', 'codec_recon_2=1.002849; ']
train step[687/1500] ; used: 11m:32s; eta: 13m:38s; loss = 3.102931; ['mse_0=0.016777; ', 'lpips_0=0.026226; ', 'codec_recon_0=0.983895; ', 'mse_1=0.014171; ', 'lpips_1=0.022224; ', 'codec_recon_1=0.999451; ', 'mse_2=0.016396; ', 'lpips_2=0.027588; ', 'codec_recon_2=0.996204; ']
train step[688/1500] ; used: 11m:33s; eta: 13m:37s; loss = 3.139230; ['mse_0=0.027088; ', 'lpips_0=0.029298; ', 'codec_recon_0=0.982011; ', 'mse_1=0.024447; ', 'lpips_1=0.025251; ', 'codec_recon_1=0.998962; ', 'mse_2=0.027757; ', 'lpips_2=0.029528; ', 'codec_recon_2=0.994889; ']
train step[689/1500] ; used: 11m:34s; eta: 13m:36s; loss = 3.105605; ['mse_0=0.016881; ', 'lpips_0=0.026410; ', 'codec_recon_0=0.984508; ', 'mse_1=0.015331; ', 'lpips_1=0.022096; ', 'codec_recon_1=0.999193; ', 'mse_2=0.018610; ', 'lpips_2=0.026705; ', 'codec_recon_2=0.995871; ']
train step[690/1500] ; used: 11m:35s; eta: 13m:35s; loss = 3.115241; ['mse_0=0.018891; ', 'lpips_0=0.027635; ', 'codec_recon_0=0.986129; ', 'mse_1=0.017660; ', 'lpips_1=0.024237; ', 'codec_recon_1=0.999950; ', 'mse_2=0.019873; ', 'lpips_2=0.028584; ', 'codec_recon_2=0.992282; ']
train step[691/1500] ; used: 11m:36s; eta: 13m:34s; loss = 3.134237; ['mse_0=0.024214; ', 'lpips_0=0.028988; ', 'codec_recon_0=0.980470; ', 'mse_1=0.022262; ', 'lpips_1=0.024185; ', 'codec_recon_1=0.999523; ', 'mse_2=0.023709; ', 'lpips_2=0.026509; ', 'codec_recon_2=1.004379; ']
train step[692/1500] ; used: 11m:37s; eta: 13m:33s; loss = 3.135501; ['mse_0=0.020815; ', 'lpips_0=0.027938; ', 'codec_recon_0=0.984448; ', 'mse_1=0.021767; ', 'lpips_1=0.024885; ', 'codec_recon_1=0.999791; ', 'mse_2=0.023425; ', 'lpips_2=0.029784; ', 'codec_recon_2=1.002648; ']
train step[693/1500] ; used: 11m:38s; eta: 13m:32s; loss = 3.124120; ['mse_0=0.022364; ', 'lpips_0=0.028708; ', 'codec_recon_0=0.985023; ', 'mse_1=0.021000; ', 'lpips_1=0.025296; ', 'codec_recon_1=0.998513; ', 'mse_2=0.022882; ', 'lpips_2=0.029992; ', 'codec_recon_2=0.990342; ']
train step[694/1500] ; used: 11m:39s; eta: 13m:31s; loss = 3.122566; ['mse_0=0.022181; ', 'lpips_0=0.028949; ', 'codec_recon_0=0.983599; ', 'mse_1=0.020348; ', 'lpips_1=0.025708; ', 'codec_recon_1=0.998111; ', 'mse_2=0.022555; ', 'lpips_2=0.029098; ', 'codec_recon_2=0.992016; ']
train step[695/1500] ; used: 11m:40s; eta: 13m:30s; loss = 3.106067; ['mse_0=0.016440; ', 'lpips_0=0.027669; ', 'codec_recon_0=0.979414; ', 'mse_1=0.015698; ', 'lpips_1=0.023272; ', 'codec_recon_1=1.000516; ', 'mse_2=0.017550; ', 'lpips_2=0.026442; ', 'codec_recon_2=0.999068; ']
train step[696/1500] ; used: 11m:41s; eta: 13m:29s; loss = 3.103123; ['mse_0=0.012332; ', 'lpips_0=0.026214; ', 'codec_recon_0=0.984363; ', 'mse_1=0.011182; ', 'lpips_1=0.022726; ', 'codec_recon_1=1.002252; ', 'mse_2=0.013922; ', 'lpips_2=0.028819; ', 'codec_recon_2=1.001314; ']
train step[697/1500] ; used: 11m:42s; eta: 13m:28s; loss = 3.118309; ['mse_0=0.020816; ', 'lpips_0=0.029007; ', 'codec_recon_0=0.978903; ', 'mse_1=0.017749; ', 'lpips_1=0.023910; ', 'codec_recon_1=1.000123; ', 'mse_2=0.020891; ', 'lpips_2=0.027396; ', 'codec_recon_2=0.999514; ']
train step[698/1500] ; used: 11m:43s; eta: 13m:27s; loss = 3.101388; ['mse_0=0.011529; ', 'lpips_0=0.026324; ', 'codec_recon_0=0.986390; ', 'mse_1=0.010936; ', 'lpips_1=0.023731; ', 'codec_recon_1=0.999285; ', 'mse_2=0.012405; ', 'lpips_2=0.029593; ', 'codec_recon_2=1.001195; ']
train step[699/1500] ; used: 11m:44s; eta: 13m:26s; loss = 3.089675; ['mse_0=0.010112; ', 'lpips_0=0.025722; ', 'codec_recon_0=0.985035; ', 'mse_1=0.008977; ', 'lpips_1=0.020871; ', 'codec_recon_1=1.000324; ', 'mse_2=0.010740; ', 'lpips_2=0.026662; ', 'codec_recon_2=1.001231; ']
train step[700/1500] ; used: 11m:45s; eta: 13m:25s; loss = 3.104765; ['mse_0=0.018840; ', 'lpips_0=0.026638; ', 'codec_recon_0=0.983568; ', 'mse_1=0.014248; ', 'lpips_1=0.020970; ', 'codec_recon_1=1.000289; ', 'mse_2=0.017988; ', 'lpips_2=0.028050; ', 'codec_recon_2=0.994175; ']
train step[701/1500] ; used: 11m:46s; eta: 13m:24s; loss = 3.140259; ['mse_0=0.027837; ', 'lpips_0=0.030371; ', 'codec_recon_0=0.980990; ', 'mse_1=0.025704; ', 'lpips_1=0.026497; ', 'codec_recon_1=0.997945; ', 'mse_2=0.026963; ', 'lpips_2=0.031236; ', 'codec_recon_2=0.992716; ']
train step[702/1500] ; used: 11m:47s; eta: 13m:23s; loss = 3.115705; ['mse_0=0.019487; ', 'lpips_0=0.028625; ', 'codec_recon_0=0.978405; ', 'mse_1=0.019878; ', 'lpips_1=0.025035; ', 'codec_recon_1=1.001130; ', 'mse_2=0.021427; ', 'lpips_2=0.028065; ', 'codec_recon_2=0.993654; ']
train step[703/1500] ; used: 11m:48s; eta: 13m:22s; loss = 3.099073; ['mse_0=0.015077; ', 'lpips_0=0.024925; ', 'codec_recon_0=0.983405; ', 'mse_1=0.013218; ', 'lpips_1=0.021888; ', 'codec_recon_1=1.001392; ', 'mse_2=0.016016; ', 'lpips_2=0.024935; ', 'codec_recon_2=0.998217; ']
train step[704/1500] ; used: 11m:49s; eta: 13m:21s; loss = 3.136003; ['mse_0=0.027989; ', 'lpips_0=0.029284; ', 'codec_recon_0=0.982863; ', 'mse_1=0.024705; ', 'lpips_1=0.026043; ', 'codec_recon_1=0.998460; ', 'mse_2=0.027110; ', 'lpips_2=0.029806; ', 'codec_recon_2=0.989745; ']
train step[705/1500] ; used: 11m:50s; eta: 13m:20s; loss = 3.113541; ['mse_0=0.016396; ', 'lpips_0=0.029691; ', 'codec_recon_0=0.978439; ', 'mse_1=0.014150; ', 'lpips_1=0.024766; ', 'codec_recon_1=0.999273; ', 'mse_2=0.016693; ', 'lpips_2=0.027385; ', 'codec_recon_2=1.006748; ']
train step[706/1500] ; used: 11m:51s; eta: 13m:19s; loss = 3.097270; ['mse_0=0.013955; ', 'lpips_0=0.026892; ', 'codec_recon_0=0.984932; ', 'mse_1=0.012502; ', 'lpips_1=0.022749; ', 'codec_recon_1=0.998737; ', 'mse_2=0.014327; ', 'lpips_2=0.026969; ', 'codec_recon_2=0.996207; ']
train step[707/1500] ; used: 11m:52s; eta: 13m:18s; loss = 3.098883; ['mse_0=0.016521; ', 'lpips_0=0.026720; ', 'codec_recon_0=0.982017; ', 'mse_1=0.014039; ', 'lpips_1=0.022603; ', 'codec_recon_1=0.999149; ', 'mse_2=0.016780; ', 'lpips_2=0.027880; ', 'codec_recon_2=0.993174; ']
train step[708/1500] ; used: 11m:53s; eta: 13m:17s; loss = 3.119446; ['mse_0=0.020309; ', 'lpips_0=0.029779; ', 'codec_recon_0=0.980724; ', 'mse_1=0.019521; ', 'lpips_1=0.027296; ', 'codec_recon_1=0.998933; ', 'mse_2=0.021357; ', 'lpips_2=0.029998; ', 'codec_recon_2=0.991529; ']
train step[709/1500] ; used: 11m:54s; eta: 13m:16s; loss = 3.106840; ['mse_0=0.014704; ', 'lpips_0=0.027097; ', 'codec_recon_0=0.983798; ', 'mse_1=0.014424; ', 'lpips_1=0.024788; ', 'codec_recon_1=0.998702; ', 'mse_2=0.017083; ', 'lpips_2=0.029299; ', 'codec_recon_2=0.996947; ']
train step[710/1500] ; used: 11m:55s; eta: 13m:15s; loss = 3.152430; ['mse_0=0.029408; ', 'lpips_0=0.030749; ', 'codec_recon_0=0.979379; ', 'mse_1=0.026281; ', 'lpips_1=0.027858; ', 'codec_recon_1=1.000576; ', 'mse_2=0.028034; ', 'lpips_2=0.031231; ', 'codec_recon_2=0.998913; ']
train step[711/1500] ; used: 11m:56s; eta: 13m:14s; loss = 3.106312; ['mse_0=0.019161; ', 'lpips_0=0.027000; ', 'codec_recon_0=0.983745; ', 'mse_1=0.016065; ', 'lpips_1=0.024223; ', 'codec_recon_1=0.997587; ', 'mse_2=0.017699; ', 'lpips_2=0.028282; ', 'codec_recon_2=0.992548; ']
train step[712/1500] ; used: 11m:57s; eta: 13m:13s; loss = 3.140303; ['mse_0=0.031238; ', 'lpips_0=0.029097; ', 'codec_recon_0=0.979229; ', 'mse_1=0.026773; ', 'lpips_1=0.026137; ', 'codec_recon_1=0.998949; ', 'mse_2=0.027779; ', 'lpips_2=0.027770; ', 'codec_recon_2=0.993331; ']
train step[713/1500] ; used: 11m:58s; eta: 13m:12s; loss = 3.095049; ['mse_0=0.016347; ', 'lpips_0=0.026071; ', 'codec_recon_0=0.983836; ', 'mse_1=0.013815; ', 'lpips_1=0.022393; ', 'codec_recon_1=0.999204; ', 'mse_2=0.015973; ', 'lpips_2=0.024939; ', 'codec_recon_2=0.992471; ']
train step[714/1500] ; used: 11m:59s; eta: 13m:11s; loss = 3.076917; ['mse_0=0.011454; ', 'lpips_0=0.025762; ', 'codec_recon_0=0.981799; ', 'mse_1=0.009302; ', 'lpips_1=0.022541; ', 'codec_recon_1=0.998948; ', 'mse_2=0.012065; ', 'lpips_2=0.027031; ', 'codec_recon_2=0.988015; ']
train step[715/1500] ; used: 12m; eta: 13m:10s; loss = 3.112305; ['mse_0=0.018328; ', 'lpips_0=0.027882; ', 'codec_recon_0=0.981345; ', 'mse_1=0.017670; ', 'lpips_1=0.025340; ', 'codec_recon_1=1.000694; ', 'mse_2=0.019533; ', 'lpips_2=0.028746; ', 'codec_recon_2=0.992766; ']
train step[716/1500] ; used: 12m:1s; eta: 13m:9s; loss = 3.089568; ['mse_0=0.015024; ', 'lpips_0=0.025093; ', 'codec_recon_0=0.984645; ', 'mse_1=0.013143; ', 'lpips_1=0.022033; ', 'codec_recon_1=0.999485; ', 'mse_2=0.015690; ', 'lpips_2=0.026411; ', 'codec_recon_2=0.988044; ']
train step[717/1500] ; used: 12m:2s; eta: 13m:8s; loss = 3.104264; ['mse_0=0.016200; ', 'lpips_0=0.028107; ', 'codec_recon_0=0.976826; ', 'mse_1=0.014546; ', 'lpips_1=0.024364; ', 'codec_recon_1=1.000204; ', 'mse_2=0.016525; ', 'lpips_2=0.027399; ', 'codec_recon_2=1.000093; ']
train step[718/1500] ; used: 12m:3s; eta: 13m:7s; loss = 3.095821; ['mse_0=0.014866; ', 'lpips_0=0.027115; ', 'codec_recon_0=0.984002; ', 'mse_1=0.013470; ', 'lpips_1=0.023611; ', 'codec_recon_1=0.999392; ', 'mse_2=0.015125; ', 'lpips_2=0.027176; ', 'codec_recon_2=0.991064; ']
train step[719/1500] ; used: 12m:4s; eta: 13m:6s; loss = 3.095017; ['mse_0=0.010856; ', 'lpips_0=0.026794; ', 'codec_recon_0=0.978709; ', 'mse_1=0.011183; ', 'lpips_1=0.024212; ', 'codec_recon_1=1.001082; ', 'mse_2=0.014018; ', 'lpips_2=0.028571; ', 'codec_recon_2=0.999592; ']
train step[720/1500] ; used: 12m:5s; eta: 13m:5s; loss = 3.105635; ['mse_0=0.020790; ', 'lpips_0=0.026947; ', 'codec_recon_0=0.985544; ', 'mse_1=0.018602; ', 'lpips_1=0.023416; ', 'codec_recon_1=0.997561; ', 'mse_2=0.020654; ', 'lpips_2=0.027009; ', 'codec_recon_2=0.985111; ']
train step[721/1500] ; used: 12m:6s; eta: 13m:4s; loss = 3.099950; ['mse_0=0.018478; ', 'lpips_0=0.028225; ', 'codec_recon_0=0.981261; ', 'mse_1=0.016631; ', 'lpips_1=0.024420; ', 'codec_recon_1=0.999033; ', 'mse_2=0.018147; ', 'lpips_2=0.026740; ', 'codec_recon_2=0.987015; ']
train step[722/1500] ; used: 12m:7s; eta: 13m:3s; loss = 3.095364; ['mse_0=0.015048; ', 'lpips_0=0.025691; ', 'codec_recon_0=0.981557; ', 'mse_1=0.013220; ', 'lpips_1=0.022322; ', 'codec_recon_1=0.998520; ', 'mse_2=0.015673; ', 'lpips_2=0.028322; ', 'codec_recon_2=0.995011; ']
train step[723/1500] ; used: 12m:8s; eta: 13m:2s; loss = 3.103757; ['mse_0=0.013474; ', 'lpips_0=0.029099; ', 'codec_recon_0=0.978262; ', 'mse_1=0.013104; ', 'lpips_1=0.026673; ', 'codec_recon_1=1.001095; ', 'mse_2=0.015105; ', 'lpips_2=0.031172; ', 'codec_recon_2=0.995775; ']
train step[724/1500] ; used: 12m:9s; eta: 13m:1s; loss = 3.070649; ['mse_0=0.010600; ', 'lpips_0=0.025664; ', 'codec_recon_0=0.978925; ', 'mse_1=0.008553; ', 'lpips_1=0.020810; ', 'codec_recon_1=0.998614; ', 'mse_2=0.010587; ', 'lpips_2=0.024882; ', 'codec_recon_2=0.992013; ']
train step[725/1500] ; used: 12m:10s; eta: 13m; loss = 3.137639; ['mse_0=0.025004; ', 'lpips_0=0.029926; ', 'codec_recon_0=0.979250; ', 'mse_1=0.024293; ', 'lpips_1=0.027297; ', 'codec_recon_1=0.998757; ', 'mse_2=0.025841; ', 'lpips_2=0.030435; ', 'codec_recon_2=0.996835; ']
train step[726/1500] ; used: 12m:11s; eta: 12m:59s; loss = 3.102994; ['mse_0=0.016845; ', 'lpips_0=0.028565; ', 'codec_recon_0=0.979347; ', 'mse_1=0.013346; ', 'lpips_1=0.023559; ', 'codec_recon_1=0.999838; ', 'mse_2=0.015548; ', 'lpips_2=0.026503; ', 'codec_recon_2=0.999443; ']
train step[727/1500] ; used: 12m:12s; eta: 12m:58s; loss = 3.169815; ['mse_0=0.037714; ', 'lpips_0=0.030463; ', 'codec_recon_0=0.987073; ', 'mse_1=0.033656; ', 'lpips_1=0.028218; ', 'codec_recon_1=0.998444; ', 'mse_2=0.036180; ', 'lpips_2=0.030040; ', 'codec_recon_2=0.988026; ']
train step[728/1500] ; used: 12m:13s; eta: 12m:57s; loss = 3.082431; ['mse_0=0.014579; ', 'lpips_0=0.026432; ', 'codec_recon_0=0.980267; ', 'mse_1=0.011192; ', 'lpips_1=0.020246; ', 'codec_recon_1=0.998894; ', 'mse_2=0.013633; ', 'lpips_2=0.025635; ', 'codec_recon_2=0.991554; ']
train step[729/1500] ; used: 12m:14s; eta: 12m:56s; loss = 3.115447; ['mse_0=0.020752; ', 'lpips_0=0.028630; ', 'codec_recon_0=0.980024; ', 'mse_1=0.017824; ', 'lpips_1=0.025333; ', 'codec_recon_1=1.000349; ', 'mse_2=0.018284; ', 'lpips_2=0.029765; ', 'codec_recon_2=0.994487; ']
train step[730/1500] ; used: 12m:15s; eta: 12m:55s; loss = 3.106128; ['mse_0=0.018544; ', 'lpips_0=0.027177; ', 'codec_recon_0=0.976620; ', 'mse_1=0.016964; ', 'lpips_1=0.024336; ', 'codec_recon_1=0.999469; ', 'mse_2=0.019402; ', 'lpips_2=0.026278; ', 'codec_recon_2=0.997339; ']
train step[731/1500] ; used: 12m:16s; eta: 12m:54s; loss = 3.108407; ['mse_0=0.023494; ', 'lpips_0=0.028480; ', 'codec_recon_0=0.980305; ', 'mse_1=0.018516; ', 'lpips_1=0.024475; ', 'codec_recon_1=0.997649; ', 'mse_2=0.021760; ', 'lpips_2=0.028409; ', 'codec_recon_2=0.985321; ']
train step[732/1500] ; used: 12m:17s; eta: 12m:53s; loss = 3.119002; ['mse_0=0.023875; ', 'lpips_0=0.029723; ', 'codec_recon_0=0.981827; ', 'mse_1=0.020522; ', 'lpips_1=0.026020; ', 'codec_recon_1=0.999643; ', 'mse_2=0.022052; ', 'lpips_2=0.028306; ', 'codec_recon_2=0.987033; ']
train step[733/1500] ; used: 12m:18s; eta: 12m:52s; loss = 3.077768; ['mse_0=0.009061; ', 'lpips_0=0.027474; ', 'codec_recon_0=0.980003; ', 'mse_1=0.006681; ', 'lpips_1=0.023506; ', 'codec_recon_1=0.999519; ', 'mse_2=0.007999; ', 'lpips_2=0.027964; ', 'codec_recon_2=0.995560; ']
train step[734/1500] ; used: 12m:20s; eta: 12m:51s; loss = 3.115528; ['mse_0=0.020875; ', 'lpips_0=0.027756; ', 'codec_recon_0=0.976823; ', 'mse_1=0.018264; ', 'lpips_1=0.024898; ', 'codec_recon_1=0.998906; ', 'mse_2=0.020199; ', 'lpips_2=0.027004; ', 'codec_recon_2=1.000802; ']
train step[735/1500] ; used: 12m:21s; eta: 12m:50s; loss = 3.085937; ['mse_0=0.015842; ', 'lpips_0=0.024848; ', 'codec_recon_0=0.978077; ', 'mse_1=0.014719; ', 'lpips_1=0.021256; ', 'codec_recon_1=1.001176; ', 'mse_2=0.015779; ', 'lpips_2=0.025040; ', 'codec_recon_2=0.989202; ']
train step[736/1500] ; used: 12m:22s; eta: 12m:49s; loss = 3.089980; ['mse_0=0.014742; ', 'lpips_0=0.027002; ', 'codec_recon_0=0.980681; ', 'mse_1=0.013512; ', 'lpips_1=0.024069; ', 'codec_recon_1=0.997713; ', 'mse_2=0.015107; ', 'lpips_2=0.028018; ', 'codec_recon_2=0.989137; ']
train step[737/1500] ; used: 12m:23s; eta: 12m:48s; loss = 3.089612; ['mse_0=0.012772; ', 'lpips_0=0.026027; ', 'codec_recon_0=0.974659; ', 'mse_1=0.011951; ', 'lpips_1=0.021927; ', 'codec_recon_1=1.001495; ', 'mse_2=0.013956; ', 'lpips_2=0.023539; ', 'codec_recon_2=1.003286; ']
train step[738/1500] ; used: 12m:24s; eta: 12m:47s; loss = 3.097205; ['mse_0=0.021294; ', 'lpips_0=0.028339; ', 'codec_recon_0=0.978853; ', 'mse_1=0.017726; ', 'lpips_1=0.025328; ', 'codec_recon_1=0.997418; ', 'mse_2=0.020125; ', 'lpips_2=0.028616; ', 'codec_recon_2=0.979506; ']
train step[739/1500] ; used: 12m:25s; eta: 12m:46s; loss = 3.088302; ['mse_0=0.017418; ', 'lpips_0=0.027340; ', 'codec_recon_0=0.979994; ', 'mse_1=0.014569; ', 'lpips_1=0.023764; ', 'codec_recon_1=0.997989; ', 'mse_2=0.016766; ', 'lpips_2=0.029087; ', 'codec_recon_2=0.981374; ']
train step[740/1500] ; used: 12m:26s; eta: 12m:45s; loss = 3.119804; ['mse_0=0.026863; ', 'lpips_0=0.027948; ', 'codec_recon_0=0.983343; ', 'mse_1=0.023756; ', 'lpips_1=0.025816; ', 'codec_recon_1=0.999085; ', 'mse_2=0.026759; ', 'lpips_2=0.029550; ', 'codec_recon_2=0.976685; ']
train step[741/1500] ; used: 12m:27s; eta: 12m:44s; loss = 3.108014; ['mse_0=0.021643; ', 'lpips_0=0.026404; ', 'codec_recon_0=0.981658; ', 'mse_1=0.020614; ', 'lpips_1=0.025233; ', 'codec_recon_1=1.001908; ', 'mse_2=0.021287; ', 'lpips_2=0.027245; ', 'codec_recon_2=0.982022; ']
Skipped bad example 167f974d9ad170b3. Context shape was torch.Size([2, 3, 270, 480]) and target shape was torch.Size([4, 3, 270, 480]).
train step[742/1500] ; used: 12m:28s; eta: 12m:43s; loss = 3.075313; ['mse_0=0.011724; ', 'lpips_0=0.027051; ', 'codec_recon_0=0.980522; ', 'mse_1=0.010367; ', 'lpips_1=0.023933; ', 'codec_recon_1=0.997026; ', 'mse_2=0.012038; ', 'lpips_2=0.027433; ', 'codec_recon_2=0.985217; ']
train step[743/1500] ; used: 12m:29s; eta: 12m:42s; loss = 3.087543; ['mse_0=0.013793; ', 'lpips_0=0.027139; ', 'codec_recon_0=0.983158; ', 'mse_1=0.010763; ', 'lpips_1=0.023245; ', 'codec_recon_1=0.999313; ', 'mse_2=0.012079; ', 'lpips_2=0.027117; ', 'codec_recon_2=0.990936; ']
train step[744/1500] ; used: 12m:30s; eta: 12m:41s; loss = 3.099558; ['mse_0=0.023221; ', 'lpips_0=0.028251; ', 'codec_recon_0=0.974452; ', 'mse_1=0.015024; ', 'lpips_1=0.022169; ', 'codec_recon_1=0.999350; ', 'mse_2=0.017780; ', 'lpips_2=0.026593; ', 'codec_recon_2=0.992719; ']
train step[745/1500] ; used: 12m:31s; eta: 12m:40s; loss = 3.085686; ['mse_0=0.018074; ', 'lpips_0=0.028438; ', 'codec_recon_0=0.977497; ', 'mse_1=0.014250; ', 'lpips_1=0.024746; ', 'codec_recon_1=0.998677; ', 'mse_2=0.016240; ', 'lpips_2=0.029074; ', 'codec_recon_2=0.978689; ']
train step[746/1500] ; used: 12m:32s; eta: 12m:39s; loss = 3.083606; ['mse_0=0.016035; ', 'lpips_0=0.028332; ', 'codec_recon_0=0.972136; ', 'mse_1=0.013264; ', 'lpips_1=0.025384; ', 'codec_recon_1=0.998848; ', 'mse_2=0.014217; ', 'lpips_2=0.027727; ', 'codec_recon_2=0.987663; ']
train step[747/1500] ; used: 12m:33s; eta: 12m:38s; loss = 3.123066; ['mse_0=0.031412; ', 'lpips_0=0.028956; ', 'codec_recon_0=0.978205; ', 'mse_1=0.027545; ', 'lpips_1=0.025105; ', 'codec_recon_1=0.998598; ', 'mse_2=0.029589; ', 'lpips_2=0.028495; ', 'codec_recon_2=0.975160; ']
train step[748/1500] ; used: 12m:34s; eta: 12m:37s; loss = 3.117034; ['mse_0=0.025951; ', 'lpips_0=0.029375; ', 'codec_recon_0=0.974402; ', 'mse_1=0.022673; ', 'lpips_1=0.024924; ', 'codec_recon_1=0.998667; ', 'mse_2=0.023772; ', 'lpips_2=0.026042; ', 'codec_recon_2=0.991228; ']
train step[749/1500] ; used: 12m:35s; eta: 12m:36s; loss = 3.081707; ['mse_0=0.014830; ', 'lpips_0=0.028386; ', 'codec_recon_0=0.977410; ', 'mse_1=0.012450; ', 'lpips_1=0.024561; ', 'codec_recon_1=0.997596; ', 'mse_2=0.015273; ', 'lpips_2=0.029794; ', 'codec_recon_2=0.981407; ']
train step[750/1500] ; used: 12m:36s; eta: 12m:35s; loss = 3.080808; ['mse_0=0.013416; ', 'lpips_0=0.028195; ', 'codec_recon_0=0.984325; ', 'mse_1=0.011447; ', 'lpips_1=0.023553; ', 'codec_recon_1=0.997566; ', 'mse_2=0.012498; ', 'lpips_2=0.027648; ', 'codec_recon_2=0.982161; ']
train step[751/1500] ; used: 12m:37s; eta: 12m:34s; loss = 3.083704; ['mse_0=0.015281; ', 'lpips_0=0.028780; ', 'codec_recon_0=0.979868; ', 'mse_1=0.013180; ', 'lpips_1=0.025657; ', 'codec_recon_1=0.999290; ', 'mse_2=0.014898; ', 'lpips_2=0.028104; ', 'codec_recon_2=0.978646; ']
train step[752/1500] ; used: 12m:38s; eta: 12m:33s; loss = 3.081988; ['mse_0=0.020894; ', 'lpips_0=0.026010; ', 'codec_recon_0=0.978319; ', 'mse_1=0.017091; ', 'lpips_1=0.022495; ', 'codec_recon_1=0.997556; ', 'mse_2=0.018110; ', 'lpips_2=0.025295; ', 'codec_recon_2=0.976216; ']
train step[753/1500] ; used: 12m:39s; eta: 12m:32s; loss = 3.114572; ['mse_0=0.028862; ', 'lpips_0=0.027851; ', 'codec_recon_0=0.979873; ', 'mse_1=0.023387; ', 'lpips_1=0.024625; ', 'codec_recon_1=0.997105; ', 'mse_2=0.025579; ', 'lpips_2=0.027764; ', 'codec_recon_2=0.979525; ']
train step[754/1500] ; used: 12m:40s; eta: 12m:31s; loss = 3.080240; ['mse_0=0.016564; ', 'lpips_0=0.027027; ', 'codec_recon_0=0.978957; ', 'mse_1=0.014219; ', 'lpips_1=0.024286; ', 'codec_recon_1=0.997674; ', 'mse_2=0.016313; ', 'lpips_2=0.028239; ', 'codec_recon_2=0.976961; ']
train step[755/1500] ; used: 12m:41s; eta: 12m:30s; loss = 3.072410; ['mse_0=0.011461; ', 'lpips_0=0.025294; ', 'codec_recon_0=0.979531; ', 'mse_1=0.008943; ', 'lpips_1=0.021289; ', 'codec_recon_1=0.997554; ', 'mse_2=0.010589; ', 'lpips_2=0.027205; ', 'codec_recon_2=0.990544; ']
train step[756/1500] ; used: 12m:42s; eta: 12m:29s; loss = 3.093343; ['mse_0=0.015584; ', 'lpips_0=0.028860; ', 'codec_recon_0=0.977775; ', 'mse_1=0.011819; ', 'lpips_1=0.024846; ', 'codec_recon_1=0.998689; ', 'mse_2=0.013293; ', 'lpips_2=0.027933; ', 'codec_recon_2=0.994544; ']
train step[757/1500] ; used: 12m:43s; eta: 12m:28s; loss = 3.102088; ['mse_0=0.023686; ', 'lpips_0=0.027770; ', 'codec_recon_0=0.981747; ', 'mse_1=0.020164; ', 'lpips_1=0.025214; ', 'codec_recon_1=0.996299; ', 'mse_2=0.020859; ', 'lpips_2=0.027944; ', 'codec_recon_2=0.978404; ']
train step[758/1500] ; used: 12m:44s; eta: 12m:27s; loss = 3.073713; ['mse_0=0.017866; ', 'lpips_0=0.027150; ', 'codec_recon_0=0.977930; ', 'mse_1=0.013996; ', 'lpips_1=0.022752; ', 'codec_recon_1=0.997059; ', 'mse_2=0.016089; ', 'lpips_2=0.026155; ', 'codec_recon_2=0.974717; ']
train step[759/1500] ; used: 12m:45s; eta: 12m:26s; loss = 3.080948; ['mse_0=0.017329; ', 'lpips_0=0.027562; ', 'codec_recon_0=0.982420; ', 'mse_1=0.014641; ', 'lpips_1=0.024476; ', 'codec_recon_1=0.996539; ', 'mse_2=0.016285; ', 'lpips_2=0.027410; ', 'codec_recon_2=0.974285; ']
train step[760/1500] ; used: 12m:46s; eta: 12m:25s; loss = 3.089264; ['mse_0=0.019780; ', 'lpips_0=0.027251; ', 'codec_recon_0=0.981498; ', 'mse_1=0.017751; ', 'lpips_1=0.025484; ', 'codec_recon_1=0.998476; ', 'mse_2=0.018960; ', 'lpips_2=0.028962; ', 'codec_recon_2=0.971102; ']
train step[761/1500] ; used: 12m:47s; eta: 12m:24s; loss = 3.079660; ['mse_0=0.018748; ', 'lpips_0=0.028097; ', 'codec_recon_0=0.977002; ', 'mse_1=0.015389; ', 'lpips_1=0.024166; ', 'codec_recon_1=0.997211; ', 'mse_2=0.016585; ', 'lpips_2=0.027961; ', 'codec_recon_2=0.974501; ']
train step[762/1500] ; used: 12m:48s; eta: 12m:23s; loss = 3.080506; ['mse_0=0.019787; ', 'lpips_0=0.026726; ', 'codec_recon_0=0.982050; ', 'mse_1=0.016571; ', 'lpips_1=0.022532; ', 'codec_recon_1=0.997059; ', 'mse_2=0.018428; ', 'lpips_2=0.026374; ', 'codec_recon_2=0.970978; ']
train step[763/1500] ; used: 12m:49s; eta: 12m:22s; loss = 3.092107; ['mse_0=0.019963; ', 'lpips_0=0.027784; ', 'codec_recon_0=0.979263; ', 'mse_1=0.016930; ', 'lpips_1=0.024150; ', 'codec_recon_1=0.999547; ', 'mse_2=0.018598; ', 'lpips_2=0.029235; ', 'codec_recon_2=0.976638; ']
train step[764/1500] ; used: 12m:50s; eta: 12m:21s; loss = 3.083033; ['mse_0=0.020384; ', 'lpips_0=0.027744; ', 'codec_recon_0=0.978539; ', 'mse_1=0.017025; ', 'lpips_1=0.024988; ', 'codec_recon_1=0.996915; ', 'mse_2=0.018737; ', 'lpips_2=0.028580; ', 'codec_recon_2=0.970121; ']
train step[765/1500] ; used: 12m:51s; eta: 12m:20s; loss = 3.090645; ['mse_0=0.021715; ', 'lpips_0=0.030498; ', 'codec_recon_0=0.971951; ', 'mse_1=0.018424; ', 'lpips_1=0.027585; ', 'codec_recon_1=0.997492; ', 'mse_2=0.018371; ', 'lpips_2=0.029000; ', 'codec_recon_2=0.975609; ']
train step[766/1500] ; used: 12m:52s; eta: 12m:19s; loss = 3.054195; ['mse_0=0.006210; ', 'lpips_0=0.024589; ', 'codec_recon_0=0.982620; ', 'mse_1=0.005965; ', 'lpips_1=0.020963; ', 'codec_recon_1=0.997884; ', 'mse_2=0.007085; ', 'lpips_2=0.025213; ', 'codec_recon_2=0.983666; ']
train step[767/1500] ; used: 12m:53s; eta: 12m:18s; loss = 3.064290; ['mse_0=0.015032; ', 'lpips_0=0.026027; ', 'codec_recon_0=0.973933; ', 'mse_1=0.012782; ', 'lpips_1=0.021898; ', 'codec_recon_1=1.000048; ', 'mse_2=0.014358; ', 'lpips_2=0.026806; ', 'codec_recon_2=0.973405; ']
train step[768/1500] ; used: 12m:54s; eta: 12m:17s; loss = 3.051068; ['mse_0=0.011954; ', 'lpips_0=0.026659; ', 'codec_recon_0=0.974228; ', 'mse_1=0.009234; ', 'lpips_1=0.021968; ', 'codec_recon_1=0.997897; ', 'mse_2=0.010381; ', 'lpips_2=0.026158; ', 'codec_recon_2=0.972588; ']
train step[769/1500] ; used: 12m:55s; eta: 12m:16s; loss = 3.090634; ['mse_0=0.017106; ', 'lpips_0=0.029736; ', 'codec_recon_0=0.969086; ', 'mse_1=0.013454; ', 'lpips_1=0.026147; ', 'codec_recon_1=1.000543; ', 'mse_2=0.014307; ', 'lpips_2=0.028744; ', 'codec_recon_2=0.991510; ']
train step[770/1500] ; used: 12m:56s; eta: 12m:15s; loss = 3.067054; ['mse_0=0.011447; ', 'lpips_0=0.027298; ', 'codec_recon_0=0.972450; ', 'mse_1=0.010660; ', 'lpips_1=0.024582; ', 'codec_recon_1=0.998689; ', 'mse_2=0.012114; ', 'lpips_2=0.026742; ', 'codec_recon_2=0.983072; ']
train step[771/1500] ; used: 12m:57s; eta: 12m:14s; loss = 3.112465; ['mse_0=0.028944; ', 'lpips_0=0.027485; ', 'codec_recon_0=0.983582; ', 'mse_1=0.023014; ', 'lpips_1=0.025006; ', 'codec_recon_1=0.994696; ', 'mse_2=0.023249; ', 'lpips_2=0.028350; ', 'codec_recon_2=0.978138; ']
train step[772/1500] ; used: 12m:58s; eta: 12m:13s; loss = 3.055984; ['mse_0=0.013303; ', 'lpips_0=0.027405; ', 'codec_recon_0=0.970877; ', 'mse_1=0.011491; ', 'lpips_1=0.024008; ', 'codec_recon_1=0.996697; ', 'mse_2=0.011706; ', 'lpips_2=0.025109; ', 'codec_recon_2=0.975389; ']
train step[773/1500] ; used: 12m:59s; eta: 12m:12s; loss = 3.083491; ['mse_0=0.023213; ', 'lpips_0=0.028572; ', 'codec_recon_0=0.968398; ', 'mse_1=0.019056; ', 'lpips_1=0.024894; ', 'codec_recon_1=0.998549; ', 'mse_2=0.019589; ', 'lpips_2=0.027625; ', 'codec_recon_2=0.973596; ']
train step[774/1500] ; used: 13m; eta: 12m:11s; loss = 3.100646; ['mse_0=0.025037; ', 'lpips_0=0.029203; ', 'codec_recon_0=0.973533; ', 'mse_1=0.023125; ', 'lpips_1=0.027095; ', 'codec_recon_1=0.998680; ', 'mse_2=0.022678; ', 'lpips_2=0.029406; ', 'codec_recon_2=0.971891; ']
train step[775/1500] ; used: 13m:1s; eta: 12m:10s; loss = 3.067916; ['mse_0=0.014132; ', 'lpips_0=0.026449; ', 'codec_recon_0=0.970533; ', 'mse_1=0.012153; ', 'lpips_1=0.022464; ', 'codec_recon_1=0.999984; ', 'mse_2=0.013161; ', 'lpips_2=0.024753; ', 'codec_recon_2=0.984288; ']
train step[776/1500] ; used: 13m:2s; eta: 12m:9s; loss = 3.069186; ['mse_0=0.017204; ', 'lpips_0=0.028079; ', 'codec_recon_0=0.976359; ', 'mse_1=0.012677; ', 'lpips_1=0.024227; ', 'codec_recon_1=0.998029; ', 'mse_2=0.014685; ', 'lpips_2=0.027529; ', 'codec_recon_2=0.970395; ']
train step[777/1500] ; used: 13m:3s; eta: 12m:8s; loss = 3.059108; ['mse_0=0.011953; ', 'lpips_0=0.026739; ', 'codec_recon_0=0.969349; ', 'mse_1=0.010275; ', 'lpips_1=0.023104; ', 'codec_recon_1=0.998932; ', 'mse_2=0.011427; ', 'lpips_2=0.026470; ', 'codec_recon_2=0.980859; ']
train step[778/1500] ; used: 13m:4s; eta: 12m:7s; loss = 3.099615; ['mse_0=0.029661; ', 'lpips_0=0.028784; ', 'codec_recon_0=0.970750; ', 'mse_1=0.027738; ', 'lpips_1=0.026177; ', 'codec_recon_1=0.996722; ', 'mse_2=0.027983; ', 'lpips_2=0.028220; ', 'codec_recon_2=0.963582; ']
train step[779/1500] ; used: 13m:5s; eta: 12m:6s; loss = 3.047549; ['mse_0=0.009088; ', 'lpips_0=0.025842; ', 'codec_recon_0=0.976830; ', 'mse_1=0.006436; ', 'lpips_1=0.021850; ', 'codec_recon_1=0.999979; ', 'mse_2=0.007309; ', 'lpips_2=0.027192; ', 'codec_recon_2=0.973024; ']
train step[780/1500] ; used: 13m:6s; eta: 12m:5s; loss = 3.049524; ['mse_0=0.011201; ', 'lpips_0=0.025802; ', 'codec_recon_0=0.973695; ', 'mse_1=0.008689; ', 'lpips_1=0.021336; ', 'codec_recon_1=0.997615; ', 'mse_2=0.010261; ', 'lpips_2=0.025089; ', 'codec_recon_2=0.975837; ']
train step[781/1500] ; used: 13m:7s; eta: 12m:4s; loss = 3.064531; ['mse_0=0.019604; ', 'lpips_0=0.025363; ', 'codec_recon_0=0.972427; ', 'mse_1=0.015942; ', 'lpips_1=0.020738; ', 'codec_recon_1=0.997516; ', 'mse_2=0.017584; ', 'lpips_2=0.023600; ', 'codec_recon_2=0.971756; ']
train step[782/1500] ; used: 13m:8s; eta: 12m:3s; loss = 3.069104; ['mse_0=0.020910; ', 'lpips_0=0.029123; ', 'codec_recon_0=0.972481; ', 'mse_1=0.017168; ', 'lpips_1=0.025132; ', 'codec_recon_1=0.996058; ', 'mse_2=0.018300; ', 'lpips_2=0.027607; ', 'codec_recon_2=0.962325; ']
train step[783/1500] ; used: 13m:9s; eta: 12m:2s; loss = 3.073469; ['mse_0=0.017157; ', 'lpips_0=0.027141; ', 'codec_recon_0=0.981971; ', 'mse_1=0.014033; ', 'lpips_1=0.023064; ', 'codec_recon_1=0.994754; ', 'mse_2=0.015052; ', 'lpips_2=0.027489; ', 'codec_recon_2=0.972807; ']
train step[784/1500] ; used: 13m:10s; eta: 12m:1s; loss = 3.049033; ['mse_0=0.010598; ', 'lpips_0=0.024952; ', 'codec_recon_0=0.975271; ', 'mse_1=0.009864; ', 'lpips_1=0.023432; ', 'codec_recon_1=1.000663; ', 'mse_2=0.011015; ', 'lpips_2=0.028291; ', 'codec_recon_2=0.964947; ']
train step[785/1500] ; used: 13m:11s; eta: 12m; loss = 3.061224; ['mse_0=0.017125; ', 'lpips_0=0.027990; ', 'codec_recon_0=0.976540; ', 'mse_1=0.015237; ', 'lpips_1=0.025305; ', 'codec_recon_1=0.995072; ', 'mse_2=0.016610; ', 'lpips_2=0.028428; ', 'codec_recon_2=0.958916; ']
train step[786/1500] ; used: 13m:12s; eta: 11m:59s; loss = 3.036609; ['mse_0=0.010299; ', 'lpips_0=0.024864; ', 'codec_recon_0=0.969556; ', 'mse_1=0.007968; ', 'lpips_1=0.020612; ', 'codec_recon_1=0.998949; ', 'mse_2=0.009044; ', 'lpips_2=0.025957; ', 'codec_recon_2=0.969362; ']
train step[787/1500] ; used: 13m:13s; eta: 11m:58s; loss = 3.076783; ['mse_0=0.021441; ', 'lpips_0=0.030050; ', 'codec_recon_0=0.973259; ', 'mse_1=0.019049; ', 'lpips_1=0.027111; ', 'codec_recon_1=0.996864; ', 'mse_2=0.021374; ', 'lpips_2=0.029210; ', 'codec_recon_2=0.958424; ']
train step[788/1500] ; used: 13m:14s; eta: 11m:57s; loss = 3.041928; ['mse_0=0.013658; ', 'lpips_0=0.027407; ', 'codec_recon_0=0.971841; ', 'mse_1=0.010112; ', 'lpips_1=0.024282; ', 'codec_recon_1=0.995167; ', 'mse_2=0.010743; ', 'lpips_2=0.025542; ', 'codec_recon_2=0.963176; ']
train step[789/1500] ; used: 13m:15s; eta: 11m:56s; loss = 3.045456; ['mse_0=0.014499; ', 'lpips_0=0.026896; ', 'codec_recon_0=0.973709; ', 'mse_1=0.012955; ', 'lpips_1=0.024225; ', 'codec_recon_1=0.995013; ', 'mse_2=0.012661; ', 'lpips_2=0.025534; ', 'codec_recon_2=0.959965; ']
train step[790/1500] ; used: 13m:16s; eta: 11m:55s; loss = 3.061208; ['mse_0=0.016502; ', 'lpips_0=0.028641; ', 'codec_recon_0=0.972601; ', 'mse_1=0.014506; ', 'lpips_1=0.025435; ', 'codec_recon_1=0.996971; ', 'mse_2=0.014457; ', 'lpips_2=0.028969; ', 'codec_recon_2=0.963126; ']
train step[791/1500] ; used: 13m:17s; eta: 11m:54s; loss = 3.031220; ['mse_0=0.011573; ', 'lpips_0=0.026298; ', 'codec_recon_0=0.972332; ', 'mse_1=0.007427; ', 'lpips_1=0.020656; ', 'codec_recon_1=0.995768; ', 'mse_2=0.009005; ', 'lpips_2=0.025277; ', 'codec_recon_2=0.962885; ']
train step[792/1500] ; used: 13m:18s; eta: 11m:53s; loss = 3.064617; ['mse_0=0.021915; ', 'lpips_0=0.027569; ', 'codec_recon_0=0.975734; ', 'mse_1=0.017506; ', 'lpips_1=0.023960; ', 'codec_recon_1=0.996398; ', 'mse_2=0.018230; ', 'lpips_2=0.027577; ', 'codec_recon_2=0.955728; ']
train step[793/1500] ; used: 13m:20s; eta: 11m:52s; loss = 3.040235; ['mse_0=0.011565; ', 'lpips_0=0.026363; ', 'codec_recon_0=0.974759; ', 'mse_1=0.011250; ', 'lpips_1=0.024658; ', 'codec_recon_1=0.996060; ', 'mse_2=0.011319; ', 'lpips_2=0.026031; ', 'codec_recon_2=0.958230; ']
train step[794/1500] ; used: 13m:21s; eta: 11m:51s; loss = 3.072289; ['mse_0=0.020830; ', 'lpips_0=0.028441; ', 'codec_recon_0=0.974544; ', 'mse_1=0.017787; ', 'lpips_1=0.024717; ', 'codec_recon_1=0.997162; ', 'mse_2=0.017906; ', 'lpips_2=0.028535; ', 'codec_recon_2=0.962367; ']
train step[795/1500] ; used: 13m:22s; eta: 11m:50s; loss = 3.064728; ['mse_0=0.021476; ', 'lpips_0=0.025879; ', 'codec_recon_0=0.978833; ', 'mse_1=0.017084; ', 'lpips_1=0.023608; ', 'codec_recon_1=0.996096; ', 'mse_2=0.017572; ', 'lpips_2=0.025255; ', 'codec_recon_2=0.958925; ']
train step[796/1500] ; used: 13m:23s; eta: 11m:49s; loss = 3.053167; ['mse_0=0.015371; ', 'lpips_0=0.026101; ', 'codec_recon_0=0.973330; ', 'mse_1=0.013096; ', 'lpips_1=0.023280; ', 'codec_recon_1=0.996733; ', 'mse_2=0.013563; ', 'lpips_2=0.028603; ', 'codec_recon_2=0.963090; ']
train step[797/1500] ; used: 13m:24s; eta: 11m:48s; loss = 3.039536; ['mse_0=0.010910; ', 'lpips_0=0.024893; ', 'codec_recon_0=0.975409; ', 'mse_1=0.007402; ', 'lpips_1=0.021771; ', 'codec_recon_1=0.996546; ', 'mse_2=0.008148; ', 'lpips_2=0.024370; ', 'codec_recon_2=0.970086; ']
train step[798/1500] ; used: 13m:25s; eta: 11m:47s; loss = 3.094793; ['mse_0=0.034577; ', 'lpips_0=0.030403; ', 'codec_recon_0=0.972665; ', 'mse_1=0.031571; ', 'lpips_1=0.027674; ', 'codec_recon_1=0.995709; ', 'mse_2=0.031925; ', 'lpips_2=0.029997; ', 'codec_recon_2=0.940271; ']
train step[799/1500] ; used: 13m:26s; eta: 11m:46s; loss = 3.032924; ['mse_0=0.011348; ', 'lpips_0=0.026555; ', 'codec_recon_0=0.972506; ', 'mse_1=0.009060; ', 'lpips_1=0.022791; ', 'codec_recon_1=0.995731; ', 'mse_2=0.009696; ', 'lpips_2=0.025281; ', 'codec_recon_2=0.959956; ']
train step[800/1500] ; used: 13m:27s; eta: 11m:45s; loss = 3.087487; ['mse_0=0.029146; ', 'lpips_0=0.030883; ', 'codec_recon_0=0.961291; ', 'mse_1=0.024643; ', 'lpips_1=0.028268; ', 'codec_recon_1=0.996598; ', 'mse_2=0.023941; ', 'lpips_2=0.029139; ', 'codec_recon_2=0.963579; ']
train step[801/1500] ; used: 13m:28s; eta: 11m:44s; loss = 3.034144; ['mse_0=0.011303; ', 'lpips_0=0.027520; ', 'codec_recon_0=0.976099; ', 'mse_1=0.009062; ', 'lpips_1=0.023992; ', 'codec_recon_1=0.994952; ', 'mse_2=0.010029; ', 'lpips_2=0.026427; ', 'codec_recon_2=0.954761; ']
train step[802/1500] ; used: 13m:29s; eta: 11m:43s; loss = 3.026905; ['mse_0=0.012748; ', 'lpips_0=0.026702; ', 'codec_recon_0=0.971879; ', 'mse_1=0.009482; ', 'lpips_1=0.022442; ', 'codec_recon_1=0.995966; ', 'mse_2=0.010516; ', 'lpips_2=0.025047; ', 'codec_recon_2=0.952123; ']
train step[803/1500] ; used: 13m:30s; eta: 11m:42s; loss = 3.057862; ['mse_0=0.021339; ', 'lpips_0=0.027012; ', 'codec_recon_0=0.965855; ', 'mse_1=0.019021; ', 'lpips_1=0.025392; ', 'codec_recon_1=0.999626; ', 'mse_2=0.019040; ', 'lpips_2=0.026798; ', 'codec_recon_2=0.953779; ']
train step[804/1500] ; used: 13m:31s; eta: 11m:41s; loss = 3.024978; ['mse_0=0.011351; ', 'lpips_0=0.026983; ', 'codec_recon_0=0.968397; ', 'mse_1=0.009403; ', 'lpips_1=0.024489; ', 'codec_recon_1=0.997051; ', 'mse_2=0.009654; ', 'lpips_2=0.025801; ', 'codec_recon_2=0.951850; ']
train step[805/1500] ; used: 13m:32s; eta: 11m:40s; loss = 3.050982; ['mse_0=0.013442; ', 'lpips_0=0.025924; ', 'codec_recon_0=0.979410; ', 'mse_1=0.009046; ', 'lpips_1=0.022572; ', 'codec_recon_1=0.996777; ', 'mse_2=0.009501; ', 'lpips_2=0.026979; ', 'codec_recon_2=0.967331; ']
train step[806/1500] ; used: 13m:33s; eta: 11m:39s; loss = 3.011774; ['mse_0=0.010338; ', 'lpips_0=0.027278; ', 'codec_recon_0=0.970636; ', 'mse_1=0.007658; ', 'lpips_1=0.022064; ', 'codec_recon_1=0.996547; ', 'mse_2=0.007848; ', 'lpips_2=0.022882; ', 'codec_recon_2=0.946524; ']
train step[807/1500] ; used: 13m:34s; eta: 11m:38s; loss = 3.059401; ['mse_0=0.023956; ', 'lpips_0=0.028594; ', 'codec_recon_0=0.963407; ', 'mse_1=0.018452; ', 'lpips_1=0.024622; ', 'codec_recon_1=0.996622; ', 'mse_2=0.018411; ', 'lpips_2=0.026978; ', 'codec_recon_2=0.958358; ']
train step[808/1500] ; used: 13m:35s; eta: 11m:37s; loss = 3.037558; ['mse_0=0.018262; ', 'lpips_0=0.026881; ', 'codec_recon_0=0.974219; ', 'mse_1=0.015398; ', 'lpips_1=0.023683; ', 'codec_recon_1=0.996728; ', 'mse_2=0.015641; ', 'lpips_2=0.026153; ', 'codec_recon_2=0.940594; ']
train step[809/1500] ; used: 13m:36s; eta: 11m:36s; loss = 3.042698; ['mse_0=0.015345; ', 'lpips_0=0.025930; ', 'codec_recon_0=0.975885; ', 'mse_1=0.012478; ', 'lpips_1=0.022915; ', 'codec_recon_1=0.997107; ', 'mse_2=0.013141; ', 'lpips_2=0.026220; ', 'codec_recon_2=0.953678; ']
train step[810/1500] ; used: 13m:37s; eta: 11m:35s; loss = 3.019853; ['mse_0=0.007930; ', 'lpips_0=0.025897; ', 'codec_recon_0=0.975552; ', 'mse_1=0.006027; ', 'lpips_1=0.021756; ', 'codec_recon_1=0.996819; ', 'mse_2=0.006169; ', 'lpips_2=0.023524; ', 'codec_recon_2=0.956179; ']
train step[811/1500] ; used: 13m:38s; eta: 11m:34s; loss = 3.024030; ['mse_0=0.018145; ', 'lpips_0=0.026843; ', 'codec_recon_0=0.970191; ', 'mse_1=0.011953; ', 'lpips_1=0.021399; ', 'codec_recon_1=0.996148; ', 'mse_2=0.012004; ', 'lpips_2=0.023764; ', 'codec_recon_2=0.943583; ']
train step[812/1500] ; used: 13m:39s; eta: 11m:33s; loss = 3.016234; ['mse_0=0.016220; ', 'lpips_0=0.027008; ', 'codec_recon_0=0.972270; ', 'mse_1=0.010612; ', 'lpips_1=0.021829; ', 'codec_recon_1=0.994801; ', 'mse_2=0.011795; ', 'lpips_2=0.024628; ', 'codec_recon_2=0.937072; ']
train step[813/1500] ; used: 13m:40s; eta: 11m:32s; loss = 3.059661; ['mse_0=0.020473; ', 'lpips_0=0.028116; ', 'codec_recon_0=0.974505; ', 'mse_1=0.018663; ', 'lpips_1=0.025521; ', 'codec_recon_1=0.994731; ', 'mse_2=0.018505; ', 'lpips_2=0.026922; ', 'codec_recon_2=0.952227; ']
train step[814/1500] ; used: 13m:41s; eta: 11m:31s; loss = 3.015708; ['mse_0=0.010554; ', 'lpips_0=0.025915; ', 'codec_recon_0=0.971753; ', 'mse_1=0.007831; ', 'lpips_1=0.020952; ', 'codec_recon_1=0.993249; ', 'mse_2=0.008187; ', 'lpips_2=0.023712; ', 'codec_recon_2=0.953555; ']
train step[815/1500] ; used: 13m:42s; eta: 11m:30s; loss = 3.029708; ['mse_0=0.015891; ', 'lpips_0=0.026760; ', 'codec_recon_0=0.972245; ', 'mse_1=0.012074; ', 'lpips_1=0.023497; ', 'codec_recon_1=0.994724; ', 'mse_2=0.012033; ', 'lpips_2=0.025167; ', 'codec_recon_2=0.947317; ']
train step[816/1500] ; used: 13m:43s; eta: 11m:29s; loss = 3.030986; ['mse_0=0.017455; ', 'lpips_0=0.026022; ', 'codec_recon_0=0.974107; ', 'mse_1=0.013106; ', 'lpips_1=0.022382; ', 'codec_recon_1=0.993591; ', 'mse_2=0.013450; ', 'lpips_2=0.024542; ', 'codec_recon_2=0.946331; ']
train step[817/1500] ; used: 13m:44s; eta: 11m:28s; loss = 3.002148; ['mse_0=0.012763; ', 'lpips_0=0.027265; ', 'codec_recon_0=0.966521; ', 'mse_1=0.009553; ', 'lpips_1=0.022343; ', 'codec_recon_1=0.993521; ', 'mse_2=0.009970; ', 'lpips_2=0.024969; ', 'codec_recon_2=0.935244; ']
train step[818/1500] ; used: 13m:45s; eta: 11m:27s; loss = 3.041937; ['mse_0=0.013888; ', 'lpips_0=0.026794; ', 'codec_recon_0=0.974456; ', 'mse_1=0.011009; ', 'lpips_1=0.024478; ', 'codec_recon_1=0.994421; ', 'mse_2=0.010491; ', 'lpips_2=0.027241; ', 'codec_recon_2=0.959159; ']
train step[819/1500] ; used: 13m:46s; eta: 11m:26s; loss = 3.009145; ['mse_0=0.014041; ', 'lpips_0=0.027368; ', 'codec_recon_0=0.964565; ', 'mse_1=0.011318; ', 'lpips_1=0.024077; ', 'codec_recon_1=0.994937; ', 'mse_2=0.011097; ', 'lpips_2=0.025456; ', 'codec_recon_2=0.936287; ']
train step[820/1500] ; used: 13m:47s; eta: 11m:25s; loss = 3.010885; ['mse_0=0.011770; ', 'lpips_0=0.026310; ', 'codec_recon_0=0.970561; ', 'mse_1=0.008093; ', 'lpips_1=0.021991; ', 'codec_recon_1=0.993044; ', 'mse_2=0.008778; ', 'lpips_2=0.025123; ', 'codec_recon_2=0.945214; ']
train step[821/1500] ; used: 13m:48s; eta: 11m:24s; loss = 3.034794; ['mse_0=0.020414; ', 'lpips_0=0.026252; ', 'codec_recon_0=0.970968; ', 'mse_1=0.016185; ', 'lpips_1=0.023011; ', 'codec_recon_1=0.995596; ', 'mse_2=0.016174; ', 'lpips_2=0.026294; ', 'codec_recon_2=0.939901; ']
train step[822/1500] ; used: 13m:49s; eta: 11m:23s; loss = 3.067672; ['mse_0=0.025379; ', 'lpips_0=0.026906; ', 'codec_recon_0=0.970604; ', 'mse_1=0.023477; ', 'lpips_1=0.024146; ', 'codec_recon_1=0.994224; ', 'mse_2=0.022915; ', 'lpips_2=0.025645; ', 'codec_recon_2=0.954376; ']
train step[823/1500] ; used: 13m:50s; eta: 11m:22s; loss = 3.014077; ['mse_0=0.013411; ', 'lpips_0=0.027992; ', 'codec_recon_0=0.971872; ', 'mse_1=0.010282; ', 'lpips_1=0.023814; ', 'codec_recon_1=0.993427; ', 'mse_2=0.010636; ', 'lpips_2=0.026403; ', 'codec_recon_2=0.936241; ']
train step[824/1500] ; used: 13m:51s; eta: 11m:21s; loss = 3.015622; ['mse_0=0.011214; ', 'lpips_0=0.026894; ', 'codec_recon_0=0.970033; ', 'mse_1=0.007824; ', 'lpips_1=0.022742; ', 'codec_recon_1=0.995018; ', 'mse_2=0.008078; ', 'lpips_2=0.025074; ', 'codec_recon_2=0.948745; ']
train step[825/1500] ; used: 13m:52s; eta: 11m:20s; loss = 3.032779; ['mse_0=0.019317; ', 'lpips_0=0.028765; ', 'codec_recon_0=0.958436; ', 'mse_1=0.015311; ', 'lpips_1=0.024354; ', 'codec_recon_1=0.995143; ', 'mse_2=0.015683; ', 'lpips_2=0.027262; ', 'codec_recon_2=0.948508; ']
train step[826/1500] ; used: 13m:53s; eta: 11m:19s; loss = 3.028640; ['mse_0=0.013945; ', 'lpips_0=0.026675; ', 'codec_recon_0=0.974450; ', 'mse_1=0.010055; ', 'lpips_1=0.022545; ', 'codec_recon_1=0.994115; ', 'mse_2=0.010293; ', 'lpips_2=0.024761; ', 'codec_recon_2=0.951803; ']
train step[827/1500] ; used: 13m:54s; eta: 11m:18s; loss = 3.018523; ['mse_0=0.017214; ', 'lpips_0=0.027217; ', 'codec_recon_0=0.966674; ', 'mse_1=0.013494; ', 'lpips_1=0.025481; ', 'codec_recon_1=0.997078; ', 'mse_2=0.013650; ', 'lpips_2=0.027352; ', 'codec_recon_2=0.930365; ']
train step[828/1500] ; used: 13m:55s; eta: 11m:17s; loss = 3.073823; ['mse_0=0.036740; ', 'lpips_0=0.029363; ', 'codec_recon_0=0.967910; ', 'mse_1=0.029434; ', 'lpips_1=0.026048; ', 'codec_recon_1=0.994154; ', 'mse_2=0.028733; ', 'lpips_2=0.027317; ', 'codec_recon_2=0.934125; ']
train step[829/1500] ; used: 13m:56s; eta: 11m:16s; loss = 3.002259; ['mse_0=0.014188; ', 'lpips_0=0.028009; ', 'codec_recon_0=0.961624; ', 'mse_1=0.010853; ', 'lpips_1=0.024516; ', 'codec_recon_1=0.995145; ', 'mse_2=0.010573; ', 'lpips_2=0.025742; ', 'codec_recon_2=0.931610; ']
train step[830/1500] ; used: 13m:57s; eta: 11m:15s; loss = 3.036401; ['mse_0=0.024740; ', 'lpips_0=0.028574; ', 'codec_recon_0=0.971608; ', 'mse_1=0.019055; ', 'lpips_1=0.024552; ', 'codec_recon_1=0.992562; ', 'mse_2=0.018377; ', 'lpips_2=0.025426; ', 'codec_recon_2=0.931507; ']
train step[831/1500] ; used: 13m:58s; eta: 11m:14s; loss = 2.997376; ['mse_0=0.012568; ', 'lpips_0=0.026173; ', 'codec_recon_0=0.967212; ', 'mse_1=0.010015; ', 'lpips_1=0.023485; ', 'codec_recon_1=0.995690; ', 'mse_2=0.009860; ', 'lpips_2=0.025677; ', 'codec_recon_2=0.926695; ']
train step[832/1500] ; used: 13m:59s; eta: 11m:13s; loss = 3.031591; ['mse_0=0.016663; ', 'lpips_0=0.028224; ', 'codec_recon_0=0.968423; ', 'mse_1=0.016006; ', 'lpips_1=0.025394; ', 'codec_recon_1=0.995472; ', 'mse_2=0.015787; ', 'lpips_2=0.026763; ', 'codec_recon_2=0.938859; ']
train step[833/1500] ; used: 14m; eta: 11m:12s; loss = 3.037665; ['mse_0=0.015545; ', 'lpips_0=0.026291; ', 'codec_recon_0=0.976750; ', 'mse_1=0.012196; ', 'lpips_1=0.023067; ', 'codec_recon_1=0.993520; ', 'mse_2=0.012313; ', 'lpips_2=0.025249; ', 'codec_recon_2=0.952733; ']
train step[834/1500] ; used: 14m:1s; eta: 11m:11s; loss = 3.011011; ['mse_0=0.016277; ', 'lpips_0=0.028647; ', 'codec_recon_0=0.964221; ', 'mse_1=0.013365; ', 'lpips_1=0.025214; ', 'codec_recon_1=0.994954; ', 'mse_2=0.013089; ', 'lpips_2=0.026719; ', 'codec_recon_2=0.928525; ']
train step[835/1500] ; used: 14m:2s; eta: 11m:10s; loss = 2.991685; ['mse_0=0.013171; ', 'lpips_0=0.027771; ', 'codec_recon_0=0.966352; ', 'mse_1=0.010630; ', 'lpips_1=0.023230; ', 'codec_recon_1=0.993685; ', 'mse_2=0.010969; ', 'lpips_2=0.025643; ', 'codec_recon_2=0.920234; ']
train step[836/1500] ; used: 14m:3s; eta: 11m:9s; loss = 2.995182; ['mse_0=0.017007; ', 'lpips_0=0.026213; ', 'codec_recon_0=0.967007; ', 'mse_1=0.013171; ', 'lpips_1=0.020774; ', 'codec_recon_1=0.991895; ', 'mse_2=0.013215; ', 'lpips_2=0.023930; ', 'codec_recon_2=0.921968; ']
train step[837/1500] ; used: 14m:4s; eta: 11m:8s; loss = 3.013230; ['mse_0=0.012396; ', 'lpips_0=0.026623; ', 'codec_recon_0=0.974646; ', 'mse_1=0.009473; ', 'lpips_1=0.022703; ', 'codec_recon_1=0.992394; ', 'mse_2=0.009593; ', 'lpips_2=0.024965; ', 'codec_recon_2=0.940436; ']
train step[838/1500] ; used: 14m:5s; eta: 11m:7s; loss = 3.008225; ['mse_0=0.012319; ', 'lpips_0=0.026839; ', 'codec_recon_0=0.963493; ', 'mse_1=0.008811; ', 'lpips_1=0.021607; ', 'codec_recon_1=0.994374; ', 'mse_2=0.008657; ', 'lpips_2=0.023322; ', 'codec_recon_2=0.948803; ']
train step[839/1500] ; used: 14m:6s; eta: 11m:6s; loss = 2.993526; ['mse_0=0.006795; ', 'lpips_0=0.025656; ', 'codec_recon_0=0.965343; ', 'mse_1=0.004349; ', 'lpips_1=0.020185; ', 'codec_recon_1=0.996129; ', 'mse_2=0.004389; ', 'lpips_2=0.021525; ', 'codec_recon_2=0.949155; ']
train step[840/1500] ; used: 14m:7s; eta: 11m:5s; loss = 3.008112; ['mse_0=0.010603; ', 'lpips_0=0.026432; ', 'codec_recon_0=0.972381; ', 'mse_1=0.008152; ', 'lpips_1=0.023131; ', 'codec_recon_1=0.993689; ', 'mse_2=0.008151; ', 'lpips_2=0.025139; ', 'codec_recon_2=0.940435; ']
train step[841/1500] ; used: 14m:8s; eta: 11m:4s; loss = 2.997948; ['mse_0=0.016383; ', 'lpips_0=0.026921; ', 'codec_recon_0=0.967412; ', 'mse_1=0.014077; ', 'lpips_1=0.024158; ', 'codec_recon_1=0.991776; ', 'mse_2=0.014079; ', 'lpips_2=0.025814; ', 'codec_recon_2=0.917328; ']
train step[842/1500] ; used: 14m:9s; eta: 11m:3s; loss = 2.996367; ['mse_0=0.008983; ', 'lpips_0=0.027358; ', 'codec_recon_0=0.960197; ', 'mse_1=0.007403; ', 'lpips_1=0.024874; ', 'codec_recon_1=0.993594; ', 'mse_2=0.007231; ', 'lpips_2=0.026130; ', 'codec_recon_2=0.940597; ']
train step[843/1500] ; used: 14m:10s; eta: 11m:2s; loss = 2.989244; ['mse_0=0.015495; ', 'lpips_0=0.026558; ', 'codec_recon_0=0.958046; ', 'mse_1=0.010836; ', 'lpips_1=0.021603; ', 'codec_recon_1=0.993495; ', 'mse_2=0.010585; ', 'lpips_2=0.024170; ', 'codec_recon_2=0.928457; ']
train step[844/1500] ; used: 14m:11s; eta: 11m:1s; loss = 2.997118; ['mse_0=0.014505; ', 'lpips_0=0.026871; ', 'codec_recon_0=0.967616; ', 'mse_1=0.010317; ', 'lpips_1=0.023634; ', 'codec_recon_1=0.991178; ', 'mse_2=0.010288; ', 'lpips_2=0.025520; ', 'codec_recon_2=0.927189; ']
train step[845/1500] ; used: 14m:12s; eta: 11m; loss = 3.019370; ['mse_0=0.022339; ', 'lpips_0=0.027675; ', 'codec_recon_0=0.966957; ', 'mse_1=0.019159; ', 'lpips_1=0.024462; ', 'codec_recon_1=0.991394; ', 'mse_2=0.018594; ', 'lpips_2=0.026150; ', 'codec_recon_2=0.922640; ']
train step[846/1500] ; used: 14m:13s; eta: 10m:59s; loss = 2.983179; ['mse_0=0.013935; ', 'lpips_0=0.026262; ', 'codec_recon_0=0.959315; ', 'mse_1=0.009152; ', 'lpips_1=0.021078; ', 'codec_recon_1=0.994016; ', 'mse_2=0.009103; ', 'lpips_2=0.023211; ', 'codec_recon_2=0.927106; ']
train step[847/1500] ; used: 14m:14s; eta: 10m:58s; loss = 2.993065; ['mse_0=0.017340; ', 'lpips_0=0.028226; ', 'codec_recon_0=0.957960; ', 'mse_1=0.015101; ', 'lpips_1=0.025805; ', 'codec_recon_1=0.994861; ', 'mse_2=0.014760; ', 'lpips_2=0.028113; ', 'codec_recon_2=0.910899; ']
train step[848/1500] ; used: 14m:15s; eta: 10m:57s; loss = 2.976503; ['mse_0=0.013217; ', 'lpips_0=0.028303; ', 'codec_recon_0=0.955986; ', 'mse_1=0.009633; ', 'lpips_1=0.022888; ', 'codec_recon_1=0.992953; ', 'mse_2=0.009326; ', 'lpips_2=0.023719; ', 'codec_recon_2=0.920477; ']
train step[849/1500] ; used: 14m:16s; eta: 10m:56s; loss = 3.006861; ['mse_0=0.026321; ', 'lpips_0=0.029014; ', 'codec_recon_0=0.959289; ', 'mse_1=0.021856; ', 'lpips_1=0.024884; ', 'codec_recon_1=0.992023; ', 'mse_2=0.021247; ', 'lpips_2=0.026398; ', 'codec_recon_2=0.905831; ']
train step[850/1500] ; used: 14m:17s; eta: 10m:55s; loss = 2.954874; ['mse_0=0.008521; ', 'lpips_0=0.026439; ', 'codec_recon_0=0.957474; ', 'mse_1=0.006483; ', 'lpips_1=0.023573; ', 'codec_recon_1=0.991512; ', 'mse_2=0.006244; ', 'lpips_2=0.024567; ', 'codec_recon_2=0.910060; ']
train step[851/1500] ; used: 14m:18s; eta: 10m:54s; loss = 2.991994; ['mse_0=0.010012; ', 'lpips_0=0.025913; ', 'codec_recon_0=0.969873; ', 'mse_1=0.006528; ', 'lpips_1=0.021814; ', 'codec_recon_1=0.992039; ', 'mse_2=0.006597; ', 'lpips_2=0.023319; ', 'codec_recon_2=0.935898; ']
train step[852/1500] ; used: 14m:19s; eta: 10m:53s; loss = 3.057315; ['mse_0=0.031928; ', 'lpips_0=0.027122; ', 'codec_recon_0=0.971231; ', 'mse_1=0.028562; ', 'lpips_1=0.024640; ', 'codec_recon_1=0.990504; ', 'mse_2=0.027220; ', 'lpips_2=0.026675; ', 'codec_recon_2=0.929434; ']
train step[853/1500] ; used: 14m:20s; eta: 10m:52s; loss = 2.999162; ['mse_0=0.023819; ', 'lpips_0=0.028741; ', 'codec_recon_0=0.957032; ', 'mse_1=0.016825; ', 'lpips_1=0.022456; ', 'codec_recon_1=0.993418; ', 'mse_2=0.016493; ', 'lpips_2=0.024907; ', 'codec_recon_2=0.915470; ']
train step[854/1500] ; used: 14m:21s; eta: 10m:51s; loss = 2.977696; ['mse_0=0.018174; ', 'lpips_0=0.025535; ', 'codec_recon_0=0.959182; ', 'mse_1=0.013260; ', 'lpips_1=0.022893; ', 'codec_recon_1=0.989837; ', 'mse_2=0.013623; ', 'lpips_2=0.024573; ', 'codec_recon_2=0.910620; ']
train step[855/1500] ; used: 14m:22s; eta: 10m:50s; loss = 2.973865; ['mse_0=0.009508; ', 'lpips_0=0.026658; ', 'codec_recon_0=0.964817; ', 'mse_1=0.007123; ', 'lpips_1=0.021792; ', 'codec_recon_1=0.990463; ', 'mse_2=0.007205; ', 'lpips_2=0.023347; ', 'codec_recon_2=0.922950; ']
train step[856/1500] ; used: 14m:23s; eta: 10m:49s; loss = 2.996152; ['mse_0=0.006944; ', 'lpips_0=0.024724; ', 'codec_recon_0=0.963440; ', 'mse_1=0.003687; ', 'lpips_1=0.018570; ', 'codec_recon_1=0.991189; ', 'mse_2=0.003896; ', 'lpips_2=0.022346; ', 'codec_recon_2=0.961357; ']
train step[857/1500] ; used: 14m:24s; eta: 10m:48s; loss = 2.978911; ['mse_0=0.017857; ', 'lpips_0=0.028747; ', 'codec_recon_0=0.954178; ', 'mse_1=0.016827; ', 'lpips_1=0.025395; ', 'codec_recon_1=0.993098; ', 'mse_2=0.016496; ', 'lpips_2=0.026847; ', 'codec_recon_2=0.899465; ']
train step[858/1500] ; used: 14m:25s; eta: 10m:47s; loss = 2.981955; ['mse_0=0.022639; ', 'lpips_0=0.029192; ', 'codec_recon_0=0.960866; ', 'mse_1=0.018045; ', 'lpips_1=0.024559; ', 'codec_recon_1=0.989060; ', 'mse_2=0.017319; ', 'lpips_2=0.025454; ', 'codec_recon_2=0.894821; ']
train step[859/1500] ; used: 14m:26s; eta: 10m:46s; loss = 2.990630; ['mse_0=0.017073; ', 'lpips_0=0.027436; ', 'codec_recon_0=0.962649; ', 'mse_1=0.014570; ', 'lpips_1=0.024552; ', 'codec_recon_1=0.993060; ', 'mse_2=0.014213; ', 'lpips_2=0.025112; ', 'codec_recon_2=0.911965; ']
train step[860/1500] ; used: 14m:27s; eta: 10m:45s; loss = 2.980649; ['mse_0=0.012552; ', 'lpips_0=0.028271; ', 'codec_recon_0=0.962036; ', 'mse_1=0.009347; ', 'lpips_1=0.024117; ', 'codec_recon_1=0.992555; ', 'mse_2=0.009251; ', 'lpips_2=0.024826; ', 'codec_recon_2=0.917693; ']
train step[861/1500] ; used: 14m:28s; eta: 10m:44s; loss = 2.974962; ['mse_0=0.011661; ', 'lpips_0=0.027272; ', 'codec_recon_0=0.967730; ', 'mse_1=0.007521; ', 'lpips_1=0.022621; ', 'codec_recon_1=0.991881; ', 'mse_2=0.007782; ', 'lpips_2=0.024624; ', 'codec_recon_2=0.913871; ']
train step[862/1500] ; used: 14m:29s; eta: 10m:43s; loss = 2.997380; ['mse_0=0.012457; ', 'lpips_0=0.026714; ', 'codec_recon_0=0.967853; ', 'mse_1=0.008542; ', 'lpips_1=0.022427; ', 'codec_recon_1=0.990628; ', 'mse_2=0.009031; ', 'lpips_2=0.025289; ', 'codec_recon_2=0.934439; ']
train step[863/1500] ; used: 14m:30s; eta: 10m:42s; loss = 2.994334; ['mse_0=0.016534; ', 'lpips_0=0.027479; ', 'codec_recon_0=0.970284; ', 'mse_1=0.013544; ', 'lpips_1=0.024008; ', 'codec_recon_1=0.990123; ', 'mse_2=0.013431; ', 'lpips_2=0.025747; ', 'codec_recon_2=0.913185; ']
train step[864/1500] ; used: 14m:31s; eta: 10m:41s; loss = 2.972198; ['mse_0=0.015540; ', 'lpips_0=0.028293; ', 'codec_recon_0=0.965267; ', 'mse_1=0.013119; ', 'lpips_1=0.025006; ', 'codec_recon_1=0.991601; ', 'mse_2=0.012990; ', 'lpips_2=0.026124; ', 'codec_recon_2=0.894259; ']
train step[865/1500] ; used: 14m:33s; eta: 10m:40s; loss = 2.966389; ['mse_0=0.010024; ', 'lpips_0=0.026440; ', 'codec_recon_0=0.964908; ', 'mse_1=0.006955; ', 'lpips_1=0.022105; ', 'codec_recon_1=0.988102; ', 'mse_2=0.007195; ', 'lpips_2=0.023895; ', 'codec_recon_2=0.916765; ']
train step[866/1500] ; used: 14m:34s; eta: 10m:39s; loss = 2.957509; ['mse_0=0.008015; ', 'lpips_0=0.023750; ', 'codec_recon_0=0.959276; ', 'mse_1=0.004523; ', 'lpips_1=0.019918; ', 'codec_recon_1=0.989302; ', 'mse_2=0.004591; ', 'lpips_2=0.021424; ', 'codec_recon_2=0.926710; ']
train step[867/1500] ; used: 14m:35s; eta: 10m:38s; loss = 2.984680; ['mse_0=0.014893; ', 'lpips_0=0.028304; ', 'codec_recon_0=0.963198; ', 'mse_1=0.013031; ', 'lpips_1=0.024579; ', 'codec_recon_1=0.989925; ', 'mse_2=0.013319; ', 'lpips_2=0.026025; ', 'codec_recon_2=0.911405; ']
train step[868/1500] ; used: 14m:36s; eta: 10m:37s; loss = 2.964204; ['mse_0=0.013033; ', 'lpips_0=0.027646; ', 'codec_recon_0=0.957189; ', 'mse_1=0.009464; ', 'lpips_1=0.022450; ', 'codec_recon_1=0.990136; ', 'mse_2=0.009405; ', 'lpips_2=0.024474; ', 'codec_recon_2=0.910406; ']
train step[869/1500] ; used: 14m:37s; eta: 10m:36s; loss = 2.985695; ['mse_0=0.023088; ', 'lpips_0=0.028501; ', 'codec_recon_0=0.954055; ', 'mse_1=0.022083; ', 'lpips_1=0.027162; ', 'codec_recon_1=0.990103; ', 'mse_2=0.021390; ', 'lpips_2=0.028574; ', 'codec_recon_2=0.890740; ']
train step[870/1500] ; used: 14m:38s; eta: 10m:35s; loss = 2.983454; ['mse_0=0.013888; ', 'lpips_0=0.026143; ', 'codec_recon_0=0.966568; ', 'mse_1=0.010491; ', 'lpips_1=0.020964; ', 'codec_recon_1=0.988381; ', 'mse_2=0.010362; ', 'lpips_2=0.022850; ', 'codec_recon_2=0.923806; ']
train step[871/1500] ; used: 14m:39s; eta: 10m:34s; loss = 2.968845; ['mse_0=0.008395; ', 'lpips_0=0.025163; ', 'codec_recon_0=0.959531; ', 'mse_1=0.007039; ', 'lpips_1=0.021764; ', 'codec_recon_1=0.989278; ', 'mse_2=0.007230; ', 'lpips_2=0.023481; ', 'codec_recon_2=0.926965; ']
train step[872/1500] ; used: 14m:40s; eta: 10m:33s; loss = 2.994969; ['mse_0=0.013511; ', 'lpips_0=0.027054; ', 'codec_recon_0=0.966772; ', 'mse_1=0.008424; ', 'lpips_1=0.023381; ', 'codec_recon_1=0.987518; ', 'mse_2=0.008565; ', 'lpips_2=0.024416; ', 'codec_recon_2=0.935328; ']
train step[873/1500] ; used: 14m:41s; eta: 10m:32s; loss = 2.967851; ['mse_0=0.016518; ', 'lpips_0=0.027210; ', 'codec_recon_0=0.963610; ', 'mse_1=0.011906; ', 'lpips_1=0.023071; ', 'codec_recon_1=0.985843; ', 'mse_2=0.012207; ', 'lpips_2=0.024565; ', 'codec_recon_2=0.902922; ']
train step[874/1500] ; used: 14m:42s; eta: 10m:31s; loss = 2.963854; ['mse_0=0.012332; ', 'lpips_0=0.026615; ', 'codec_recon_0=0.960560; ', 'mse_1=0.008932; ', 'lpips_1=0.021755; ', 'codec_recon_1=0.986501; ', 'mse_2=0.008827; ', 'lpips_2=0.023439; ', 'codec_recon_2=0.914894; ']
train step[875/1500] ; used: 14m:43s; eta: 10m:30s; loss = 2.964839; ['mse_0=0.012909; ', 'lpips_0=0.026981; ', 'codec_recon_0=0.961840; ', 'mse_1=0.008294; ', 'lpips_1=0.022951; ', 'codec_recon_1=0.989161; ', 'mse_2=0.008297; ', 'lpips_2=0.023324; ', 'codec_recon_2=0.911081; ']
train step[876/1500] ; used: 14m:44s; eta: 10m:29s; loss = 2.979722; ['mse_0=0.016039; ', 'lpips_0=0.027881; ', 'codec_recon_0=0.965372; ', 'mse_1=0.012714; ', 'lpips_1=0.025119; ', 'codec_recon_1=0.987306; ', 'mse_2=0.012768; ', 'lpips_2=0.026479; ', 'codec_recon_2=0.906044; ']
train step[877/1500] ; used: 14m:45s; eta: 10m:28s; loss = 2.960639; ['mse_0=0.018074; ', 'lpips_0=0.028167; ', 'codec_recon_0=0.959529; ', 'mse_1=0.014123; ', 'lpips_1=0.024857; ', 'codec_recon_1=0.988207; ', 'mse_2=0.014173; ', 'lpips_2=0.026367; ', 'codec_recon_2=0.887142; ']
train step[878/1500] ; used: 14m:46s; eta: 10m:27s; loss = 2.955049; ['mse_0=0.013280; ', 'lpips_0=0.026188; ', 'codec_recon_0=0.960440; ', 'mse_1=0.009989; ', 'lpips_1=0.021905; ', 'codec_recon_1=0.986275; ', 'mse_2=0.010281; ', 'lpips_2=0.022739; ', 'codec_recon_2=0.903953; ']
train step[879/1500] ; used: 14m:47s; eta: 10m:26s; loss = 2.951840; ['mse_0=0.015683; ', 'lpips_0=0.028598; ', 'codec_recon_0=0.954709; ', 'mse_1=0.013150; ', 'lpips_1=0.025138; ', 'codec_recon_1=0.986428; ', 'mse_2=0.013173; ', 'lpips_2=0.026530; ', 'codec_recon_2=0.888430; ']
train step[880/1500] ; used: 14m:48s; eta: 10m:25s; loss = 2.980975; ['mse_0=0.012048; ', 'lpips_0=0.027287; ', 'codec_recon_0=0.965611; ', 'mse_1=0.009196; ', 'lpips_1=0.024219; ', 'codec_recon_1=0.987602; ', 'mse_2=0.009173; ', 'lpips_2=0.026025; ', 'codec_recon_2=0.919815; ']
train step[881/1500] ; used: 14m:49s; eta: 10m:24s; loss = 2.977589; ['mse_0=0.016129; ', 'lpips_0=0.030090; ', 'codec_recon_0=0.962063; ', 'mse_1=0.015157; ', 'lpips_1=0.027223; ', 'codec_recon_1=0.988525; ', 'mse_2=0.014895; ', 'lpips_2=0.028776; ', 'codec_recon_2=0.894730; ']
train step[882/1500] ; used: 14m:50s; eta: 10m:23s; loss = 2.939299; ['mse_0=0.017755; ', 'lpips_0=0.028246; ', 'codec_recon_0=0.954738; ', 'mse_1=0.016639; ', 'lpips_1=0.025883; ', 'codec_recon_1=0.987258; ', 'mse_2=0.016290; ', 'lpips_2=0.027031; ', 'codec_recon_2=0.865458; ']
train step[883/1500] ; used: 14m:51s; eta: 10m:22s; loss = 2.939093; ['mse_0=0.012393; ', 'lpips_0=0.027607; ', 'codec_recon_0=0.949213; ', 'mse_1=0.008980; ', 'lpips_1=0.023320; ', 'codec_recon_1=0.987935; ', 'mse_2=0.008890; ', 'lpips_2=0.025738; ', 'codec_recon_2=0.895017; ']
train step[884/1500] ; used: 14m:52s; eta: 10m:21s; loss = 2.958804; ['mse_0=0.009104; ', 'lpips_0=0.025055; ', 'codec_recon_0=0.961991; ', 'mse_1=0.005029; ', 'lpips_1=0.019567; ', 'codec_recon_1=0.987383; ', 'mse_2=0.005353; ', 'lpips_2=0.022593; ', 'codec_recon_2=0.922729; ']
train step[885/1500] ; used: 14m:53s; eta: 10m:20s; loss = 2.970414; ['mse_0=0.017892; ', 'lpips_0=0.027117; ', 'codec_recon_0=0.966537; ', 'mse_1=0.011677; ', 'lpips_1=0.022896; ', 'codec_recon_1=0.987711; ', 'mse_2=0.011724; ', 'lpips_2=0.023920; ', 'codec_recon_2=0.900940; ']
train step[886/1500] ; used: 14m:54s; eta: 10m:19s; loss = 2.960551; ['mse_0=0.014274; ', 'lpips_0=0.028220; ', 'codec_recon_0=0.965877; ', 'mse_1=0.010298; ', 'lpips_1=0.023494; ', 'codec_recon_1=0.986434; ', 'mse_2=0.010688; ', 'lpips_2=0.024748; ', 'codec_recon_2=0.896518; ']
train step[887/1500] ; used: 14m:55s; eta: 10m:18s; loss = 2.973626; ['mse_0=0.020227; ', 'lpips_0=0.030472; ', 'codec_recon_0=0.945815; ', 'mse_1=0.017541; ', 'lpips_1=0.026125; ', 'codec_recon_1=0.989858; ', 'mse_2=0.017233; ', 'lpips_2=0.027855; ', 'codec_recon_2=0.898500; ']
train step[888/1500] ; used: 14m:56s; eta: 10m:17s; loss = 2.963003; ['mse_0=0.020374; ', 'lpips_0=0.027497; ', 'codec_recon_0=0.946298; ', 'mse_1=0.014332; ', 'lpips_1=0.022994; ', 'codec_recon_1=0.990771; ', 'mse_2=0.014007; ', 'lpips_2=0.024134; ', 'codec_recon_2=0.902597; ']
train step[889/1500] ; used: 14m:57s; eta: 10m:16s; loss = 2.970910; ['mse_0=0.018967; ', 'lpips_0=0.025844; ', 'codec_recon_0=0.965807; ', 'mse_1=0.012759; ', 'lpips_1=0.022034; ', 'codec_recon_1=0.987037; ', 'mse_2=0.012654; ', 'lpips_2=0.023034; ', 'codec_recon_2=0.902772; ']
train step[890/1500] ; used: 14m:58s; eta: 10m:15s; loss = 2.968658; ['mse_0=0.012051; ', 'lpips_0=0.026485; ', 'codec_recon_0=0.962863; ', 'mse_1=0.008236; ', 'lpips_1=0.022307; ', 'codec_recon_1=0.986460; ', 'mse_2=0.008304; ', 'lpips_2=0.024323; ', 'codec_recon_2=0.917630; ']
train step[891/1500] ; used: 14m:59s; eta: 10m:14s; loss = 2.996889; ['mse_0=0.013868; ', 'lpips_0=0.025744; ', 'codec_recon_0=0.960753; ', 'mse_1=0.011635; ', 'lpips_1=0.023138; ', 'codec_recon_1=0.987145; ', 'mse_2=0.011485; ', 'lpips_2=0.024179; ', 'codec_recon_2=0.938941; ']
train step[892/1500] ; used: 15m; eta: 10m:13s; loss = 2.947965; ['mse_0=0.006246; ', 'lpips_0=0.024704; ', 'codec_recon_0=0.956911; ', 'mse_1=0.004605; ', 'lpips_1=0.019263; ', 'codec_recon_1=0.984602; ', 'mse_2=0.004627; ', 'lpips_2=0.020645; ', 'codec_recon_2=0.926363; ']
train step[893/1500] ; used: 15m:1s; eta: 10m:12s; loss = 2.973208; ['mse_0=0.021787; ', 'lpips_0=0.028661; ', 'codec_recon_0=0.956958; ', 'mse_1=0.016453; ', 'lpips_1=0.025237; ', 'codec_recon_1=0.986138; ', 'mse_2=0.016558; ', 'lpips_2=0.026817; ', 'codec_recon_2=0.894599; ']
train step[894/1500] ; used: 15m:2s; eta: 10m:11s; loss = 2.925478; ['mse_0=0.010880; ', 'lpips_0=0.023303; ', 'codec_recon_0=0.954470; ', 'mse_1=0.008271; ', 'lpips_1=0.019035; ', 'codec_recon_1=0.982782; ', 'mse_2=0.008272; ', 'lpips_2=0.020755; ', 'codec_recon_2=0.897709; ']
train step[895/1500] ; used: 15m:3s; eta: 10m:10s; loss = 2.939627; ['mse_0=0.010603; ', 'lpips_0=0.025130; ', 'codec_recon_0=0.952901; ', 'mse_1=0.006983; ', 'lpips_1=0.020946; ', 'codec_recon_1=0.986205; ', 'mse_2=0.007066; ', 'lpips_2=0.022605; ', 'codec_recon_2=0.907189; ']
train step[896/1500] ; used: 15m:4s; eta: 10m:9s; loss = 2.955082; ['mse_0=0.011971; ', 'lpips_0=0.026725; ', 'codec_recon_0=0.962887; ', 'mse_1=0.008993; ', 'lpips_1=0.022771; ', 'codec_recon_1=0.985323; ', 'mse_2=0.009086; ', 'lpips_2=0.024260; ', 'codec_recon_2=0.903067; ']
train step[897/1500] ; used: 15m:5s; eta: 10m:8s; loss = 2.931577; ['mse_0=0.012005; ', 'lpips_0=0.027028; ', 'codec_recon_0=0.947690; ', 'mse_1=0.008517; ', 'lpips_1=0.023122; ', 'codec_recon_1=0.986687; ', 'mse_2=0.008383; ', 'lpips_2=0.024198; ', 'codec_recon_2=0.893948; ']
train step[898/1500] ; used: 15m:6s; eta: 10m:7s; loss = 2.988873; ['mse_0=0.009415; ', 'lpips_0=0.023724; ', 'codec_recon_0=0.965466; ', 'mse_1=0.005401; ', 'lpips_1=0.021052; ', 'codec_recon_1=0.985893; ', 'mse_2=0.005603; ', 'lpips_2=0.022833; ', 'codec_recon_2=0.949486; ']
train step[899/1500] ; used: 15m:7s; eta: 10m:6s; loss = 2.940125; ['mse_0=0.010974; ', 'lpips_0=0.026456; ', 'codec_recon_0=0.951513; ', 'mse_1=0.006592; ', 'lpips_1=0.020906; ', 'codec_recon_1=0.987349; ', 'mse_2=0.006481; ', 'lpips_2=0.021932; ', 'codec_recon_2=0.907921; ']
train step[900/1500] ; used: 15m:8s; eta: 10m:5s; loss = 2.955909; ['mse_0=0.005242; ', 'lpips_0=0.026488; ', 'codec_recon_0=0.959565; ', 'mse_1=0.005508; ', 'lpips_1=0.025305; ', 'codec_recon_1=0.986226; ', 'mse_2=0.005633; ', 'lpips_2=0.027028; ', 'codec_recon_2=0.914914; ']
train step[901/1500] ; used: 15m:9s; eta: 10m:4s; loss = 2.941012; ['mse_0=0.016422; ', 'lpips_0=0.031063; ', 'codec_recon_0=0.945856; ', 'mse_1=0.014386; ', 'lpips_1=0.027823; ', 'codec_recon_1=0.987620; ', 'mse_2=0.014137; ', 'lpips_2=0.028250; ', 'codec_recon_2=0.875454; ']
train step[902/1500] ; used: 15m:10s; eta: 10m:3s; loss = 2.960469; ['mse_0=0.015922; ', 'lpips_0=0.027689; ', 'codec_recon_0=0.956913; ', 'mse_1=0.010924; ', 'lpips_1=0.022763; ', 'codec_recon_1=0.985020; ', 'mse_2=0.010974; ', 'lpips_2=0.024036; ', 'codec_recon_2=0.906228; ']
train step[903/1500] ; used: 15m:11s; eta: 10m:2s; loss = 2.930083; ['mse_0=0.011159; ', 'lpips_0=0.025724; ', 'codec_recon_0=0.955408; ', 'mse_1=0.009224; ', 'lpips_1=0.022838; ', 'codec_recon_1=0.984768; ', 'mse_2=0.009194; ', 'lpips_2=0.024030; ', 'codec_recon_2=0.887738; ']
train step[904/1500] ; used: 15m:12s; eta: 10m:1s; loss = 2.932098; ['mse_0=0.015270; ', 'lpips_0=0.029536; ', 'codec_recon_0=0.950704; ', 'mse_1=0.012007; ', 'lpips_1=0.025653; ', 'codec_recon_1=0.983335; ', 'mse_2=0.011951; ', 'lpips_2=0.026178; ', 'codec_recon_2=0.877465; ']
train step[905/1500] ; used: 15m:13s; eta: 10m; loss = 2.903549; ['mse_0=0.014359; ', 'lpips_0=0.026752; ', 'codec_recon_0=0.947990; ', 'mse_1=0.009651; ', 'lpips_1=0.020058; ', 'codec_recon_1=0.980916; ', 'mse_2=0.009475; ', 'lpips_2=0.021247; ', 'codec_recon_2=0.873101; ']
train step[906/1500] ; used: 15m:14s; eta: 9m:59s; loss = 2.970772; ['mse_0=0.015077; ', 'lpips_0=0.028381; ', 'codec_recon_0=0.952416; ', 'mse_1=0.013076; ', 'lpips_1=0.026132; ', 'codec_recon_1=0.985978; ', 'mse_2=0.012798; ', 'lpips_2=0.027102; ', 'codec_recon_2=0.909811; ']
train step[907/1500] ; used: 15m:15s; eta: 9m:58s; loss = 2.946369; ['mse_0=0.012537; ', 'lpips_0=0.027333; ', 'codec_recon_0=0.956659; ', 'mse_1=0.008963; ', 'lpips_1=0.022674; ', 'codec_recon_1=0.982417; ', 'mse_2=0.008992; ', 'lpips_2=0.023305; ', 'codec_recon_2=0.903489; ']
train step[908/1500] ; used: 15m:16s; eta: 9m:57s; loss = 2.924602; ['mse_0=0.018168; ', 'lpips_0=0.026883; ', 'codec_recon_0=0.949709; ', 'mse_1=0.012492; ', 'lpips_1=0.022998; ', 'codec_recon_1=0.982761; ', 'mse_2=0.012330; ', 'lpips_2=0.024010; ', 'codec_recon_2=0.875251; ']
train step[909/1500] ; used: 15m:17s; eta: 9m:56s; loss = 2.948407; ['mse_0=0.018667; ', 'lpips_0=0.030077; ', 'codec_recon_0=0.937380; ', 'mse_1=0.014639; ', 'lpips_1=0.026879; ', 'codec_recon_1=0.987564; ', 'mse_2=0.014298; ', 'lpips_2=0.027311; ', 'codec_recon_2=0.891592; ']
train step[910/1500] ; used: 15m:18s; eta: 9m:55s; loss = 2.950914; ['mse_0=0.011964; ', 'lpips_0=0.026305; ', 'codec_recon_0=0.958040; ', 'mse_1=0.009133; ', 'lpips_1=0.022059; ', 'codec_recon_1=0.983409; ', 'mse_2=0.009168; ', 'lpips_2=0.023621; ', 'codec_recon_2=0.907214; ']
train step[911/1500] ; used: 15m:19s; eta: 9m:54s; loss = 2.954355; ['mse_0=0.007281; ', 'lpips_0=0.026663; ', 'codec_recon_0=0.954202; ', 'mse_1=0.006028; ', 'lpips_1=0.022073; ', 'codec_recon_1=0.982184; ', 'mse_2=0.006080; ', 'lpips_2=0.023304; ', 'codec_recon_2=0.926542; ']
train step[912/1500] ; used: 15m:20s; eta: 9m:53s; loss = 2.939176; ['mse_0=0.014774; ', 'lpips_0=0.023014; ', 'codec_recon_0=0.954537; ', 'mse_1=0.010020; ', 'lpips_1=0.020088; ', 'codec_recon_1=0.983840; ', 'mse_2=0.010029; ', 'lpips_2=0.021934; ', 'codec_recon_2=0.900939; ']
train step[913/1500] ; used: 15m:22s; eta: 9m:52s; loss = 2.922147; ['mse_0=0.014793; ', 'lpips_0=0.026342; ', 'codec_recon_0=0.947833; ', 'mse_1=0.011310; ', 'lpips_1=0.022880; ', 'codec_recon_1=0.980159; ', 'mse_2=0.011157; ', 'lpips_2=0.024669; ', 'codec_recon_2=0.883004; ']
train step[914/1500] ; used: 15m:23s; eta: 9m:51s; loss = 2.936147; ['mse_0=0.012890; ', 'lpips_0=0.024265; ', 'codec_recon_0=0.958537; ', 'mse_1=0.008439; ', 'lpips_1=0.020187; ', 'codec_recon_1=0.982442; ', 'mse_2=0.008697; ', 'lpips_2=0.021791; ', 'codec_recon_2=0.898901; ']
train step[915/1500] ; used: 15m:24s; eta: 9m:50s; loss = 2.945404; ['mse_0=0.015543; ', 'lpips_0=0.025877; ', 'codec_recon_0=0.947198; ', 'mse_1=0.013399; ', 'lpips_1=0.022614; ', 'codec_recon_1=0.981414; ', 'mse_2=0.013368; ', 'lpips_2=0.023573; ', 'codec_recon_2=0.902419; ']
train step[916/1500] ; used: 15m:25s; eta: 9m:49s; loss = 2.915719; ['mse_0=0.011136; ', 'lpips_0=0.027102; ', 'codec_recon_0=0.951573; ', 'mse_1=0.007567; ', 'lpips_1=0.023195; ', 'codec_recon_1=0.980973; ', 'mse_2=0.007588; ', 'lpips_2=0.023607; ', 'codec_recon_2=0.882978; ']
train step[917/1500] ; used: 15m:26s; eta: 9m:48s; loss = 2.905333; ['mse_0=0.013731; ', 'lpips_0=0.027787; ', 'codec_recon_0=0.946234; ', 'mse_1=0.010776; ', 'lpips_1=0.022501; ', 'codec_recon_1=0.981348; ', 'mse_2=0.010813; ', 'lpips_2=0.024177; ', 'codec_recon_2=0.867966; ']
train step[918/1500] ; used: 15m:27s; eta: 9m:47s; loss = 2.927942; ['mse_0=0.017606; ', 'lpips_0=0.027480; ', 'codec_recon_0=0.948430; ', 'mse_1=0.011974; ', 'lpips_1=0.021241; ', 'codec_recon_1=0.983547; ', 'mse_2=0.011840; ', 'lpips_2=0.023005; ', 'codec_recon_2=0.882819; ']
train step[919/1500] ; used: 15m:28s; eta: 9m:46s; loss = 2.941795; ['mse_0=0.014008; ', 'lpips_0=0.026543; ', 'codec_recon_0=0.950650; ', 'mse_1=0.012506; ', 'lpips_1=0.024707; ', 'codec_recon_1=0.980786; ', 'mse_2=0.012371; ', 'lpips_2=0.025328; ', 'codec_recon_2=0.894897; ']
train step[920/1500] ; used: 15m:29s; eta: 9m:45s; loss = 2.925814; ['mse_0=0.013175; ', 'lpips_0=0.024662; ', 'codec_recon_0=0.949400; ', 'mse_1=0.008568; ', 'lpips_1=0.020237; ', 'codec_recon_1=0.977738; ', 'mse_2=0.008624; ', 'lpips_2=0.021971; ', 'codec_recon_2=0.901440; ']
train step[921/1500] ; used: 15m:30s; eta: 9m:44s; loss = 2.939511; ['mse_0=0.018099; ', 'lpips_0=0.027529; ', 'codec_recon_0=0.954038; ', 'mse_1=0.016451; ', 'lpips_1=0.025030; ', 'codec_recon_1=0.978129; ', 'mse_2=0.016344; ', 'lpips_2=0.025265; ', 'codec_recon_2=0.878626; ']
train step[922/1500] ; used: 15m:31s; eta: 9m:43s; loss = 2.908126; ['mse_0=0.017652; ', 'lpips_0=0.026965; ', 'codec_recon_0=0.945775; ', 'mse_1=0.010622; ', 'lpips_1=0.020983; ', 'codec_recon_1=0.979509; ', 'mse_2=0.010577; ', 'lpips_2=0.022640; ', 'codec_recon_2=0.873402; ']
train step[923/1500] ; used: 15m:32s; eta: 9m:42s; loss = 2.908411; ['mse_0=0.013185; ', 'lpips_0=0.026798; ', 'codec_recon_0=0.948874; ', 'mse_1=0.007810; ', 'lpips_1=0.021666; ', 'codec_recon_1=0.979577; ', 'mse_2=0.007830; ', 'lpips_2=0.022577; ', 'codec_recon_2=0.880094; ']
train step[924/1500] ; used: 15m:33s; eta: 9m:41s; loss = 2.938098; ['mse_0=0.015282; ', 'lpips_0=0.028843; ', 'codec_recon_0=0.950453; ', 'mse_1=0.012003; ', 'lpips_1=0.025016; ', 'codec_recon_1=0.983488; ', 'mse_2=0.011889; ', 'lpips_2=0.025480; ', 'codec_recon_2=0.885644; ']
train step[925/1500] ; used: 15m:34s; eta: 9m:40s; loss = 2.919384; ['mse_0=0.021055; ', 'lpips_0=0.028584; ', 'codec_recon_0=0.938755; ', 'mse_1=0.014419; ', 'lpips_1=0.023116; ', 'codec_recon_1=0.983039; ', 'mse_2=0.014216; ', 'lpips_2=0.023475; ', 'codec_recon_2=0.872725; ']
train step[926/1500] ; used: 15m:35s; eta: 9m:39s; loss = 2.945493; ['mse_0=0.020393; ', 'lpips_0=0.027070; ', 'codec_recon_0=0.951329; ', 'mse_1=0.014384; ', 'lpips_1=0.023709; ', 'codec_recon_1=0.976465; ', 'mse_2=0.014598; ', 'lpips_2=0.024724; ', 'codec_recon_2=0.892823; ']
train step[927/1500] ; used: 15m:36s; eta: 9m:38s; loss = 2.955975; ['mse_0=0.016855; ', 'lpips_0=0.027369; ', 'codec_recon_0=0.957704; ', 'mse_1=0.015258; ', 'lpips_1=0.024449; ', 'codec_recon_1=0.979403; ', 'mse_2=0.015056; ', 'lpips_2=0.025691; ', 'codec_recon_2=0.894190; ']
train step[928/1500] ; used: 15m:37s; eta: 9m:37s; loss = 2.932484; ['mse_0=0.022442; ', 'lpips_0=0.028837; ', 'codec_recon_0=0.945449; ', 'mse_1=0.018514; ', 'lpips_1=0.024888; ', 'codec_recon_1=0.982570; ', 'mse_2=0.018357; ', 'lpips_2=0.025595; ', 'codec_recon_2=0.865833; ']
train step[929/1500] ; used: 15m:38s; eta: 9m:36s; loss = 2.904280; ['mse_0=0.017410; ', 'lpips_0=0.026540; ', 'codec_recon_0=0.943745; ', 'mse_1=0.011816; ', 'lpips_1=0.021444; ', 'codec_recon_1=0.976900; ', 'mse_2=0.011896; ', 'lpips_2=0.022411; ', 'codec_recon_2=0.872118; ']
train step[930/1500] ; used: 15m:39s; eta: 9m:35s; loss = 2.934427; ['mse_0=0.011803; ', 'lpips_0=0.025881; ', 'codec_recon_0=0.952788; ', 'mse_1=0.008762; ', 'lpips_1=0.022080; ', 'codec_recon_1=0.981147; ', 'mse_2=0.008828; ', 'lpips_2=0.023479; ', 'codec_recon_2=0.899658; ']
train step[931/1500] ; used: 15m:40s; eta: 9m:34s; loss = 2.923892; ['mse_0=0.013018; ', 'lpips_0=0.027067; ', 'codec_recon_0=0.953495; ', 'mse_1=0.009712; ', 'lpips_1=0.023125; ', 'codec_recon_1=0.982309; ', 'mse_2=0.009628; ', 'lpips_2=0.023947; ', 'codec_recon_2=0.881594; ']
train step[932/1500] ; used: 15m:41s; eta: 9m:33s; loss = 2.910319; ['mse_0=0.006184; ', 'lpips_0=0.023357; ', 'codec_recon_0=0.940004; ', 'mse_1=0.003873; ', 'lpips_1=0.018439; ', 'codec_recon_1=0.978355; ', 'mse_2=0.003864; ', 'lpips_2=0.018771; ', 'codec_recon_2=0.917472; ']
train step[933/1500] ; used: 15m:42s; eta: 9m:32s; loss = 2.923070; ['mse_0=0.020309; ', 'lpips_0=0.026491; ', 'codec_recon_0=0.944237; ', 'mse_1=0.016512; ', 'lpips_1=0.022576; ', 'codec_recon_1=0.979116; ', 'mse_2=0.016620; ', 'lpips_2=0.024021; ', 'codec_recon_2=0.873187; ']
train step[934/1500] ; used: 15m:43s; eta: 9m:31s; loss = 2.930447; ['mse_0=0.014845; ', 'lpips_0=0.027299; ', 'codec_recon_0=0.952677; ', 'mse_1=0.012001; ', 'lpips_1=0.022164; ', 'codec_recon_1=0.979719; ', 'mse_2=0.012097; ', 'lpips_2=0.023275; ', 'codec_recon_2=0.886370; ']
train step[935/1500] ; used: 15m:44s; eta: 9m:30s; loss = 2.902170; ['mse_0=0.017009; ', 'lpips_0=0.027762; ', 'codec_recon_0=0.947571; ', 'mse_1=0.012510; ', 'lpips_1=0.023477; ', 'codec_recon_1=0.976622; ', 'mse_2=0.012572; ', 'lpips_2=0.024326; ', 'codec_recon_2=0.860323; ']
train step[936/1500] ; used: 15m:45s; eta: 9m:29s; loss = 2.961952; ['mse_0=0.011428; ', 'lpips_0=0.025894; ', 'codec_recon_0=0.960120; ', 'mse_1=0.009261; ', 'lpips_1=0.023995; ', 'codec_recon_1=0.977648; ', 'mse_2=0.009339; ', 'lpips_2=0.024957; ', 'codec_recon_2=0.919310; ']
train step[937/1500] ; used: 15m:47s; eta: 9m:28s; loss = 2.907526; ['mse_0=0.006729; ', 'lpips_0=0.024652; ', 'codec_recon_0=0.933936; ', 'mse_1=0.004422; ', 'lpips_1=0.021030; ', 'codec_recon_1=0.976520; ', 'mse_2=0.004398; ', 'lpips_2=0.022594; ', 'codec_recon_2=0.913246; ']
train step[938/1500] ; used: 15m:48s; eta: 9m:27s; loss = 2.870914; ['mse_0=0.012869; ', 'lpips_0=0.027280; ', 'codec_recon_0=0.933133; ', 'mse_1=0.009348; ', 'lpips_1=0.021250; ', 'codec_recon_1=0.976398; ', 'mse_2=0.009343; ', 'lpips_2=0.021902; ', 'codec_recon_2=0.859392; ']
train step[939/1500] ; used: 15m:49s; eta: 9m:26s; loss = 2.897919; ['mse_0=0.016543; ', 'lpips_0=0.027227; ', 'codec_recon_0=0.929569; ', 'mse_1=0.011743; ', 'lpips_1=0.022634; ', 'codec_recon_1=0.976402; ', 'mse_2=0.011459; ', 'lpips_2=0.022838; ', 'codec_recon_2=0.879504; ']
train step[940/1500] ; used: 15m:50s; eta: 9m:25s; loss = 2.902601; ['mse_0=0.015045; ', 'lpips_0=0.026186; ', 'codec_recon_0=0.943413; ', 'mse_1=0.010545; ', 'lpips_1=0.021807; ', 'codec_recon_1=0.975941; ', 'mse_2=0.010552; ', 'lpips_2=0.022509; ', 'codec_recon_2=0.876604; ']
train step[941/1500] ; used: 15m:51s; eta: 9m:24s; loss = 2.903047; ['mse_0=0.009919; ', 'lpips_0=0.026794; ', 'codec_recon_0=0.949602; ', 'mse_1=0.006170; ', 'lpips_1=0.022402; ', 'codec_recon_1=0.976167; ', 'mse_2=0.006241; ', 'lpips_2=0.023556; ', 'codec_recon_2=0.882195; ']
train step[942/1500] ; used: 15m:52s; eta: 9m:23s; loss = 2.919715; ['mse_0=0.012759; ', 'lpips_0=0.027142; ', 'codec_recon_0=0.948813; ', 'mse_1=0.009964; ', 'lpips_1=0.023994; ', 'codec_recon_1=0.982176; ', 'mse_2=0.009915; ', 'lpips_2=0.024346; ', 'codec_recon_2=0.880607; ']
train step[943/1500] ; used: 15m:53s; eta: 9m:22s; loss = 2.888122; ['mse_0=0.011101; ', 'lpips_0=0.026594; ', 'codec_recon_0=0.943192; ', 'mse_1=0.007784; ', 'lpips_1=0.022166; ', 'codec_recon_1=0.973329; ', 'mse_2=0.007788; ', 'lpips_2=0.023014; ', 'codec_recon_2=0.873154; ']
train step[944/1500] ; used: 15m:54s; eta: 9m:21s; loss = 2.911179; ['mse_0=0.013650; ', 'lpips_0=0.025628; ', 'codec_recon_0=0.945550; ', 'mse_1=0.010275; ', 'lpips_1=0.021779; ', 'codec_recon_1=0.977937; ', 'mse_2=0.010262; ', 'lpips_2=0.022573; ', 'codec_recon_2=0.883525; ']
train step[945/1500] ; used: 15m:55s; eta: 9m:20s; loss = 2.875386; ['mse_0=0.010695; ', 'lpips_0=0.026827; ', 'codec_recon_0=0.928670; ', 'mse_1=0.006699; ', 'lpips_1=0.021190; ', 'codec_recon_1=0.980087; ', 'mse_2=0.006539; ', 'lpips_2=0.020853; ', 'codec_recon_2=0.873827; ']
train step[946/1500] ; used: 15m:56s; eta: 9m:19s; loss = 2.897218; ['mse_0=0.012215; ', 'lpips_0=0.025738; ', 'codec_recon_0=0.945357; ', 'mse_1=0.009623; ', 'lpips_1=0.022243; ', 'codec_recon_1=0.977169; ', 'mse_2=0.009607; ', 'lpips_2=0.023300; ', 'codec_recon_2=0.871966; ']
train step[947/1500] ; used: 15m:57s; eta: 9m:18s; loss = 2.882771; ['mse_0=0.012128; ', 'lpips_0=0.026223; ', 'codec_recon_0=0.948196; ', 'mse_1=0.007163; ', 'lpips_1=0.020655; ', 'codec_recon_1=0.979452; ', 'mse_2=0.007159; ', 'lpips_2=0.021421; ', 'codec_recon_2=0.860372; ']
train step[948/1500] ; used: 15m:58s; eta: 9m:17s; loss = 2.885622; ['mse_0=0.011792; ', 'lpips_0=0.028383; ', 'codec_recon_0=0.928091; ', 'mse_1=0.009299; ', 'lpips_1=0.023625; ', 'codec_recon_1=0.980371; ', 'mse_2=0.009264; ', 'lpips_2=0.023912; ', 'codec_recon_2=0.870884; ']
train step[949/1500] ; used: 15m:59s; eta: 9m:16s; loss = 2.884386; ['mse_0=0.016659; ', 'lpips_0=0.026313; ', 'codec_recon_0=0.940199; ', 'mse_1=0.010795; ', 'lpips_1=0.020079; ', 'codec_recon_1=0.978934; ', 'mse_2=0.010694; ', 'lpips_2=0.020993; ', 'codec_recon_2=0.859720; ']
train step[950/1500] ; used: 16m; eta: 9m:15s; loss = 2.939567; ['mse_0=0.009658; ', 'lpips_0=0.026858; ', 'codec_recon_0=0.953123; ', 'mse_1=0.007858; ', 'lpips_1=0.024781; ', 'codec_recon_1=0.975265; ', 'mse_2=0.007870; ', 'lpips_2=0.025623; ', 'codec_recon_2=0.908531; ']
train step[951/1500] ; used: 16m:1s; eta: 9m:14s; loss = 2.873511; ['mse_0=0.019634; ', 'lpips_0=0.028471; ', 'codec_recon_0=0.935929; ', 'mse_1=0.013096; ', 'lpips_1=0.022958; ', 'codec_recon_1=0.972156; ', 'mse_2=0.012998; ', 'lpips_2=0.023355; ', 'codec_recon_2=0.844915; ']
train step[952/1500] ; used: 16m:2s; eta: 9m:13s; loss = 2.858784; ['mse_0=0.010150; ', 'lpips_0=0.026082; ', 'codec_recon_0=0.931168; ', 'mse_1=0.007381; ', 'lpips_1=0.021955; ', 'codec_recon_1=0.973700; ', 'mse_2=0.007371; ', 'lpips_2=0.022371; ', 'codec_recon_2=0.858606; ']
train step[953/1500] ; used: 16m:3s; eta: 9m:12s; loss = 2.896529; ['mse_0=0.016449; ', 'lpips_0=0.025282; ', 'codec_recon_0=0.931051; ', 'mse_1=0.013279; ', 'lpips_1=0.022617; ', 'codec_recon_1=0.978249; ', 'mse_2=0.013226; ', 'lpips_2=0.022813; ', 'codec_recon_2=0.873564; ']
train step[954/1500] ; used: 16m:4s; eta: 9m:11s; loss = 2.891154; ['mse_0=0.016556; ', 'lpips_0=0.027213; ', 'codec_recon_0=0.941198; ', 'mse_1=0.013114; ', 'lpips_1=0.023065; ', 'codec_recon_1=0.975012; ', 'mse_2=0.013033; ', 'lpips_2=0.023647; ', 'codec_recon_2=0.858316; ']
train step[955/1500] ; used: 16m:5s; eta: 9m:10s; loss = 2.889978; ['mse_0=0.012275; ', 'lpips_0=0.024282; ', 'codec_recon_0=0.943280; ', 'mse_1=0.008730; ', 'lpips_1=0.019192; ', 'codec_recon_1=0.972842; ', 'mse_2=0.008671; ', 'lpips_2=0.020223; ', 'codec_recon_2=0.880483; ']
train step[956/1500] ; used: 16m:6s; eta: 9m:9s; loss = 2.897305; ['mse_0=0.023755; ', 'lpips_0=0.029034; ', 'codec_recon_0=0.923499; ', 'mse_1=0.015794; ', 'lpips_1=0.023854; ', 'codec_recon_1=0.980758; ', 'mse_2=0.015410; ', 'lpips_2=0.023739; ', 'codec_recon_2=0.861461; ']
train step[957/1500] ; used: 16m:7s; eta: 9m:8s; loss = 2.919613; ['mse_0=0.014553; ', 'lpips_0=0.027054; ', 'codec_recon_0=0.953375; ', 'mse_1=0.011367; ', 'lpips_1=0.023767; ', 'codec_recon_1=0.974100; ', 'mse_2=0.011396; ', 'lpips_2=0.024357; ', 'codec_recon_2=0.879644; ']
train step[958/1500] ; used: 16m:8s; eta: 9m:7s; loss = 2.913439; ['mse_0=0.016241; ', 'lpips_0=0.026491; ', 'codec_recon_0=0.946939; ', 'mse_1=0.012218; ', 'lpips_1=0.022318; ', 'codec_recon_1=0.974073; ', 'mse_2=0.012114; ', 'lpips_2=0.022926; ', 'codec_recon_2=0.880120; ']
train step[959/1500] ; used: 16m:9s; eta: 9m:6s; loss = 2.927457; ['mse_0=0.027093; ', 'lpips_0=0.027474; ', 'codec_recon_0=0.934834; ', 'mse_1=0.028307; ', 'lpips_1=0.025585; ', 'codec_recon_1=0.979347; ', 'mse_2=0.028342; ', 'lpips_2=0.026104; ', 'codec_recon_2=0.850370; ']
train step[960/1500] ; used: 16m:10s; eta: 9m:5s; loss = 2.864334; ['mse_0=0.010940; ', 'lpips_0=0.024571; ', 'codec_recon_0=0.937015; ', 'mse_1=0.007897; ', 'lpips_1=0.022167; ', 'codec_recon_1=0.969430; ', 'mse_2=0.007910; ', 'lpips_2=0.022732; ', 'codec_recon_2=0.861672; ']
train step[961/1500] ; used: 16m:11s; eta: 9m:4s; loss = 2.853007; ['mse_0=0.013500; ', 'lpips_0=0.028454; ', 'codec_recon_0=0.931237; ', 'mse_1=0.010041; ', 'lpips_1=0.023713; ', 'codec_recon_1=0.974766; ', 'mse_2=0.010013; ', 'lpips_2=0.024095; ', 'codec_recon_2=0.837186; ']
train step[962/1500] ; used: 16m:12s; eta: 9m:3s; loss = 2.923394; ['mse_0=0.024765; ', 'lpips_0=0.028021; ', 'codec_recon_0=0.941164; ', 'mse_1=0.018868; ', 'lpips_1=0.023839; ', 'codec_recon_1=0.976283; ', 'mse_2=0.018704; ', 'lpips_2=0.024164; ', 'codec_recon_2=0.867586; ']
train step[963/1500] ; used: 16m:13s; eta: 9m:2s; loss = 2.863571; ['mse_0=0.013669; ', 'lpips_0=0.027942; ', 'codec_recon_0=0.926922; ', 'mse_1=0.007916; ', 'lpips_1=0.021946; ', 'codec_recon_1=0.977368; ', 'mse_2=0.007748; ', 'lpips_2=0.022181; ', 'codec_recon_2=0.857879; ']
train step[964/1500] ; used: 16m:14s; eta: 9m:1s; loss = 2.885667; ['mse_0=0.023299; ', 'lpips_0=0.029797; ', 'codec_recon_0=0.933457; ', 'mse_1=0.016592; ', 'lpips_1=0.023663; ', 'codec_recon_1=0.977622; ', 'mse_2=0.016315; ', 'lpips_2=0.023606; ', 'codec_recon_2=0.841317; ']
train step[965/1500] ; used: 16m:15s; eta: 9m; loss = 2.849874; ['mse_0=0.009214; ', 'lpips_0=0.026341; ', 'codec_recon_0=0.923587; ', 'mse_1=0.008295; ', 'lpips_1=0.023933; ', 'codec_recon_1=0.973120; ', 'mse_2=0.008306; ', 'lpips_2=0.024810; ', 'codec_recon_2=0.852269; ']
train step[966/1500] ; used: 16m:16s; eta: 8m:59s; loss = 2.874617; ['mse_0=0.017275; ', 'lpips_0=0.028430; ', 'codec_recon_0=0.927188; ', 'mse_1=0.013055; ', 'lpips_1=0.024724; ', 'codec_recon_1=0.977125; ', 'mse_2=0.012970; ', 'lpips_2=0.024783; ', 'codec_recon_2=0.849067; ']
train step[967/1500] ; used: 16m:17s; eta: 8m:58s; loss = 2.871262; ['mse_0=0.019176; ', 'lpips_0=0.026117; ', 'codec_recon_0=0.919099; ', 'mse_1=0.017336; ', 'lpips_1=0.023389; ', 'codec_recon_1=0.973647; ', 'mse_2=0.017121; ', 'lpips_2=0.023552; ', 'codec_recon_2=0.851824; ']
train step[968/1500] ; used: 16m:19s; eta: 8m:57s; loss = 2.845314; ['mse_0=0.011816; ', 'lpips_0=0.027765; ', 'codec_recon_0=0.934077; ', 'mse_1=0.008505; ', 'lpips_1=0.022365; ', 'codec_recon_1=0.969480; ', 'mse_2=0.008573; ', 'lpips_2=0.022827; ', 'codec_recon_2=0.839907; ']
train step[969/1500] ; used: 16m:20s; eta: 8m:56s; loss = 2.862228; ['mse_0=0.011848; ', 'lpips_0=0.027813; ', 'codec_recon_0=0.924175; ', 'mse_1=0.010258; ', 'lpips_1=0.024317; ', 'codec_recon_1=0.977613; ', 'mse_2=0.010261; ', 'lpips_2=0.024799; ', 'codec_recon_2=0.851143; ']
train step[970/1500] ; used: 16m:21s; eta: 8m:55s; loss = 2.910949; ['mse_0=0.013422; ', 'lpips_0=0.025645; ', 'codec_recon_0=0.945492; ', 'mse_1=0.009906; ', 'lpips_1=0.021820; ', 'codec_recon_1=0.972491; ', 'mse_2=0.009852; ', 'lpips_2=0.022753; ', 'codec_recon_2=0.889569; ']
train step[971/1500] ; used: 16m:22s; eta: 8m:54s; loss = 2.908234; ['mse_0=0.018537; ', 'lpips_0=0.028296; ', 'codec_recon_0=0.941037; ', 'mse_1=0.014293; ', 'lpips_1=0.024479; ', 'codec_recon_1=0.972948; ', 'mse_2=0.014333; ', 'lpips_2=0.025021; ', 'codec_recon_2=0.869291; ']
train step[972/1500] ; used: 16m:23s; eta: 8m:53s; loss = 2.874782; ['mse_0=0.016092; ', 'lpips_0=0.027202; ', 'codec_recon_0=0.922069; ', 'mse_1=0.009493; ', 'lpips_1=0.021753; ', 'codec_recon_1=0.978582; ', 'mse_2=0.009346; ', 'lpips_2=0.022183; ', 'codec_recon_2=0.868062; ']
train step[973/1500] ; used: 16m:24s; eta: 8m:52s; loss = 2.841316; ['mse_0=0.007721; ', 'lpips_0=0.024182; ', 'codec_recon_0=0.936109; ', 'mse_1=0.004281; ', 'lpips_1=0.019241; ', 'codec_recon_1=0.971288; ', 'mse_2=0.004274; ', 'lpips_2=0.019711; ', 'codec_recon_2=0.854509; ']
train step[974/1500] ; used: 16m:25s; eta: 8m:51s; loss = 2.867544; ['mse_0=0.017458; ', 'lpips_0=0.027242; ', 'codec_recon_0=0.933740; ', 'mse_1=0.012507; ', 'lpips_1=0.022776; ', 'codec_recon_1=0.973803; ', 'mse_2=0.012422; ', 'lpips_2=0.023602; ', 'codec_recon_2=0.843992; ']
train step[975/1500] ; used: 16m:26s; eta: 8m:50s; loss = 2.875154; ['mse_0=0.019838; ', 'lpips_0=0.028288; ', 'codec_recon_0=0.929304; ', 'mse_1=0.016037; ', 'lpips_1=0.025543; ', 'codec_recon_1=0.975850; ', 'mse_2=0.016050; ', 'lpips_2=0.025712; ', 'codec_recon_2=0.838532; ']
train step[976/1500] ; used: 16m:27s; eta: 8m:49s; loss = 2.893682; ['mse_0=0.032759; ', 'lpips_0=0.027917; ', 'codec_recon_0=0.928227; ', 'mse_1=0.025480; ', 'lpips_1=0.023019; ', 'codec_recon_1=0.972043; ', 'mse_2=0.025000; ', 'lpips_2=0.022901; ', 'codec_recon_2=0.836337; ']
train step[977/1500] ; used: 16m:28s; eta: 8m:48s; loss = 2.855319; ['mse_0=0.012890; ', 'lpips_0=0.027941; ', 'codec_recon_0=0.935786; ', 'mse_1=0.009003; ', 'lpips_1=0.022077; ', 'codec_recon_1=0.974589; ', 'mse_2=0.008885; ', 'lpips_2=0.022345; ', 'codec_recon_2=0.841802; ']
train step[978/1500] ; used: 16m:29s; eta: 8m:47s; loss = 2.874137; ['mse_0=0.011189; ', 'lpips_0=0.027889; ', 'codec_recon_0=0.939639; ', 'mse_1=0.008843; ', 'lpips_1=0.023432; ', 'codec_recon_1=0.975482; ', 'mse_2=0.008774; ', 'lpips_2=0.024105; ', 'codec_recon_2=0.854785; ']
train step[979/1500] ; used: 16m:30s; eta: 8m:46s; loss = 2.843558; ['mse_0=0.011643; ', 'lpips_0=0.026963; ', 'codec_recon_0=0.918448; ', 'mse_1=0.007019; ', 'lpips_1=0.020659; ', 'codec_recon_1=0.968913; ', 'mse_2=0.006832; ', 'lpips_2=0.020903; ', 'codec_recon_2=0.862178; ']
train step[980/1500] ; used: 16m:31s; eta: 8m:45s; loss = 2.856124; ['mse_0=0.010872; ', 'lpips_0=0.027380; ', 'codec_recon_0=0.928181; ', 'mse_1=0.007887; ', 'lpips_1=0.022942; ', 'codec_recon_1=0.971984; ', 'mse_2=0.007806; ', 'lpips_2=0.023247; ', 'codec_recon_2=0.855825; ']
train step[981/1500] ; used: 16m:32s; eta: 8m:44s; loss = 2.863394; ['mse_0=0.012055; ', 'lpips_0=0.025876; ', 'codec_recon_0=0.929107; ', 'mse_1=0.008352; ', 'lpips_1=0.020311; ', 'codec_recon_1=0.964805; ', 'mse_2=0.008265; ', 'lpips_2=0.021207; ', 'codec_recon_2=0.873416; ']
train step[982/1500] ; used: 16m:33s; eta: 8m:43s; loss = 2.879631; ['mse_0=0.012707; ', 'lpips_0=0.024487; ', 'codec_recon_0=0.936868; ', 'mse_1=0.008907; ', 'lpips_1=0.020560; ', 'codec_recon_1=0.970528; ', 'mse_2=0.008938; ', 'lpips_2=0.021278; ', 'codec_recon_2=0.875358; ']
train step[983/1500] ; used: 16m:34s; eta: 8m:42s; loss = 2.908094; ['mse_0=0.013700; ', 'lpips_0=0.026235; ', 'codec_recon_0=0.943738; ', 'mse_1=0.010467; ', 'lpips_1=0.021721; ', 'codec_recon_1=0.971296; ', 'mse_2=0.010527; ', 'lpips_2=0.022588; ', 'codec_recon_2=0.887822; ']
train step[984/1500] ; used: 16m:35s; eta: 8m:41s; loss = 2.869576; ['mse_0=0.018189; ', 'lpips_0=0.027501; ', 'codec_recon_0=0.932487; ', 'mse_1=0.012929; ', 'lpips_1=0.023630; ', 'codec_recon_1=0.971529; ', 'mse_2=0.012846; ', 'lpips_2=0.023751; ', 'codec_recon_2=0.846714; ']
train step[985/1500] ; used: 16m:36s; eta: 8m:40s; loss = 2.848889; ['mse_0=0.011832; ', 'lpips_0=0.027603; ', 'codec_recon_0=0.928531; ', 'mse_1=0.010504; ', 'lpips_1=0.023261; ', 'codec_recon_1=0.965441; ', 'mse_2=0.010518; ', 'lpips_2=0.023734; ', 'codec_recon_2=0.847464; ']
train step[986/1500] ; used: 16m:37s; eta: 8m:39s; loss = 2.849135; ['mse_0=0.011807; ', 'lpips_0=0.026960; ', 'codec_recon_0=0.916421; ', 'mse_1=0.008426; ', 'lpips_1=0.022871; ', 'codec_recon_1=0.970266; ', 'mse_2=0.008377; ', 'lpips_2=0.023373; ', 'codec_recon_2=0.860634; ']
train step[987/1500] ; used: 16m:38s; eta: 8m:38s; loss = 2.867187; ['mse_0=0.010924; ', 'lpips_0=0.025823; ', 'codec_recon_0=0.930435; ', 'mse_1=0.009768; ', 'lpips_1=0.022047; ', 'codec_recon_1=0.966203; ', 'mse_2=0.009776; ', 'lpips_2=0.022472; ', 'codec_recon_2=0.869739; ']
train step[988/1500] ; used: 16m:39s; eta: 8m:37s; loss = 2.897959; ['mse_0=0.018200; ', 'lpips_0=0.027704; ', 'codec_recon_0=0.935837; ', 'mse_1=0.016350; ', 'lpips_1=0.024092; ', 'codec_recon_1=0.977085; ', 'mse_2=0.016426; ', 'lpips_2=0.024537; ', 'codec_recon_2=0.857727; ']
train step[989/1500] ; used: 16m:40s; eta: 8m:36s; loss = 2.850041; ['mse_0=0.013021; ', 'lpips_0=0.026255; ', 'codec_recon_0=0.921413; ', 'mse_1=0.009112; ', 'lpips_1=0.020782; ', 'codec_recon_1=0.971617; ', 'mse_2=0.008747; ', 'lpips_2=0.020598; ', 'codec_recon_2=0.858494; ']
train step[990/1500] ; used: 16m:41s; eta: 8m:35s; loss = 2.831182; ['mse_0=0.010905; ', 'lpips_0=0.028014; ', 'codec_recon_0=0.911689; ', 'mse_1=0.008374; ', 'lpips_1=0.023493; ', 'codec_recon_1=0.973095; ', 'mse_2=0.008327; ', 'lpips_2=0.023541; ', 'codec_recon_2=0.843745; ']
train step[991/1500] ; used: 16m:42s; eta: 8m:34s; loss = 2.891053; ['mse_0=0.023705; ', 'lpips_0=0.028975; ', 'codec_recon_0=0.934898; ', 'mse_1=0.020520; ', 'lpips_1=0.024071; ', 'codec_recon_1=0.975745; ', 'mse_2=0.020405; ', 'lpips_2=0.024068; ', 'codec_recon_2=0.838665; ']
train step[992/1500] ; used: 16m:43s; eta: 8m:33s; loss = 2.870326; ['mse_0=0.020265; ', 'lpips_0=0.027332; ', 'codec_recon_0=0.930409; ', 'mse_1=0.016440; ', 'lpips_1=0.023908; ', 'codec_recon_1=0.972203; ', 'mse_2=0.016403; ', 'lpips_2=0.024155; ', 'codec_recon_2=0.839211; ']
train step[993/1500] ; used: 16m:44s; eta: 8m:32s; loss = 2.855400; ['mse_0=0.020269; ', 'lpips_0=0.028931; ', 'codec_recon_0=0.910679; ', 'mse_1=0.016897; ', 'lpips_1=0.025631; ', 'codec_recon_1=0.969932; ', 'mse_2=0.016892; ', 'lpips_2=0.025824; ', 'codec_recon_2=0.840343; ']
train step[994/1500] ; used: 16m:45s; eta: 8m:31s; loss = 2.843779; ['mse_0=0.012200; ', 'lpips_0=0.030278; ', 'codec_recon_0=0.917368; ', 'mse_1=0.010401; ', 'lpips_1=0.027098; ', 'codec_recon_1=0.971292; ', 'mse_2=0.010401; ', 'lpips_2=0.027261; ', 'codec_recon_2=0.837481; ']
train step[995/1500] ; used: 16m:46s; eta: 8m:30s; loss = 2.914803; ['mse_0=0.011616; ', 'lpips_0=0.025110; ', 'codec_recon_0=0.935598; ', 'mse_1=0.009434; ', 'lpips_1=0.022956; ', 'codec_recon_1=0.971056; ', 'mse_2=0.009410; ', 'lpips_2=0.023588; ', 'codec_recon_2=0.906036; ']
train step[996/1500] ; used: 16m:47s; eta: 8m:29s; loss = 2.867054; ['mse_0=0.014740; ', 'lpips_0=0.027188; ', 'codec_recon_0=0.936235; ', 'mse_1=0.010155; ', 'lpips_1=0.023114; ', 'codec_recon_1=0.966515; ', 'mse_2=0.010135; ', 'lpips_2=0.023842; ', 'codec_recon_2=0.855131; ']
train step[997/1500] ; used: 16m:48s; eta: 8m:28s; loss = 2.866502; ['mse_0=0.012704; ', 'lpips_0=0.027204; ', 'codec_recon_0=0.926452; ', 'mse_1=0.009678; ', 'lpips_1=0.022770; ', 'codec_recon_1=0.973613; ', 'mse_2=0.009720; ', 'lpips_2=0.023161; ', 'codec_recon_2=0.861201; ']
train step[998/1500] ; used: 16m:49s; eta: 8m:27s; loss = 2.843301; ['mse_0=0.013105; ', 'lpips_0=0.028585; ', 'codec_recon_0=0.904122; ', 'mse_1=0.009923; ', 'lpips_1=0.024016; ', 'codec_recon_1=0.973947; ', 'mse_2=0.009887; ', 'lpips_2=0.024083; ', 'codec_recon_2=0.855633; ']
train step[999/1500] ; used: 16m:50s; eta: 8m:26s; loss = 2.820428; ['mse_0=0.010378; ', 'lpips_0=0.028660; ', 'codec_recon_0=0.908168; ', 'mse_1=0.008050; ', 'lpips_1=0.024501; ', 'codec_recon_1=0.969533; ', 'mse_2=0.008030; ', 'lpips_2=0.024346; ', 'codec_recon_2=0.838761; ']
validation step on 1000 1/100; scene = ['5aca87f95a9412c6']; context = [[58, 133]]
Setting up [LPIPS] perceptual loss: trunk [vgg], v[0.1], spatial [off]
Loading model from: /ceph_data/clue9986/anaconda3/envs/hisplat/lib/python3.10/site-packages/lpips/weights/v0.1/vgg.pth
validation step on 1000 2/100; scene = ['bc95e5c7e357f1b7']; context = [[35, 91]]
validation step on 1000 3/100; scene = ['34b0658a5c200cdf']; context = [[0, 70]]
validation step on 1000 4/100; scene = ['28e8300e004ab30b']; context = [[3, 68]]
validation step on 1000 5/100; scene = ['6558c5f10d45a929']; context = [[43, 160]]
validation step on 1000 6/100; scene = ['89ea49cd9865aeff']; context = [[31, 81]]
validation step on 1000 7/100; scene = ['ed477bdf8582adff']; context = [[40, 85]]
validation step on 1000 8/100; scene = ['57d3409bf04c4651']; context = [[0, 45]]
validation step on 1000 9/100; scene = ['aadc1e2dc74fd644']; context = [[2, 52]]
validation step on 1000 10/100; scene = ['cd74b1244d112628']; context = [[63, 110]]
validation step on 1000 11/100; scene = ['57d25dafabb5a238']; context = [[32, 104]]
validation step on 1000 12/100; scene = ['e4f4574df7938f37']; context = [[0, 115]]
validation step on 1000 13/100; scene = ['20d86cff490c0c42']; context = [[18, 69]]
validation step on 1000 14/100; scene = ['0c4c5d5f751aabf5']; context = [[12, 57]]
validation step on 1000 15/100; scene = ['fea544b472e9abd1']; context = [[12, 93]]
validation step on 1000 16/100; scene = ['656381bea665bf3d']; context = [[27, 75]]
validation step on 1000 17/100; scene = ['322261824c4a3003']; context = [[33, 78]]
validation step on 1000 18/100; scene = ['f7c0fa5b81552d35']; context = [[11, 64]]
validation step on 1000 19/100; scene = ['a56ba2efb5e3fdd9']; context = [[33, 92]]
validation step on 1000 20/100; scene = ['c48f19e2ffa52523']; context = [[195, 264]]
validation step on 1000 21/100; scene = ['1214f2a11a9fc1ed']; context = [[103, 215]]
validation step on 1000 22/100; scene = ['a9b3ff60b213e099']; context = [[32, 96]]
validation step on 1000 23/100; scene = ['a6fa92e8204f6118']; context = [[2, 66]]
validation step on 1000 24/100; scene = ['21e794f71e31becb']; context = [[72, 180]]
validation step on 1000 25/100; scene = ['f7d916b43193c181']; context = [[7, 61]]
validation step on 1000 26/100; scene = ['84ab392d682f296b']; context = [[43, 120]]
validation step on 1000 27/100; scene = ['6771a51bf0cfce7f']; context = [[152, 199]]
validation step on 1000 28/100; scene = ['17d9303ee77c3a3d']; context = [[17, 63]]
validation step on 1000 29/100; scene = ['ffa95c3b40609c76']; context = [[120, 213]]
validation step on 1000 30/100; scene = ['a47b88040452d7d9']; context = [[35, 97]]
validation step on 1000 31/100; scene = ['0d4de33c6888a754']; context = [[2, 57]]
validation step on 1000 32/100; scene = ['41bcd011f99bfb66']; context = [[4, 50]]
validation step on 1000 33/100; scene = ['67a69088a2695987']; context = [[6, 86]]
validation step on 1000 34/100; scene = ['b4099665590548fc']; context = [[23, 74]]
validation step on 1000 35/100; scene = ['9e2a8cc5f32dd46b']; context = [[75, 151]]
validation step on 1000 36/100; scene = ['2e109379f53bb221']; context = [[35, 108]]
validation step on 1000 37/100; scene = ['8adebbb68f2c3f84']; context = [[72, 131]]
validation step on 1000 38/100; scene = ['29e0bfbad00f0d5e']; context = [[8, 100]]
validation step on 1000 39/100; scene = ['debc3490ba0bd84b']; context = [[34, 81]]
validation step on 1000 40/100; scene = ['7c7bc5285126e6ad']; context = [[64, 126]]
validation step on 1000 41/100; scene = ['cdf439b17a6a98d4']; context = [[31, 77]]
validation step on 1000 42/100; scene = ['cb38d67088b66084']; context = [[49, 106]]
validation step on 1000 43/100; scene = ['2da2eeb966bc0ef8']; context = [[30, 94]]
validation step on 1000 44/100; scene = ['bb4d7012261ee0ed']; context = [[0, 46]]
validation step on 1000 45/100; scene = ['9e1f1beb4ba8e5da']; context = [[9, 73]]
validation step on 1000 46/100; scene = ['26b31d71789bffad']; context = [[3, 57]]
validation step on 1000 47/100; scene = ['41abd737e0228c1a']; context = [[81, 127]]
validation step on 1000 48/100; scene = ['ed0c2aca14b99efa']; context = [[62, 119]]
validation step on 1000 49/100; scene = ['8d5163de9ea4d851']; context = [[39, 85]]
validation step on 1000 50/100; scene = ['81be42df6ccae760']; context = [[13, 107]]
validation step on 1000 51/100; scene = ['6fe141ec9be1a432']; context = [[12, 73]]
validation step on 1000 52/100; scene = ['3b6d8db52c54b174']; context = [[0, 80]]
validation step on 1000 53/100; scene = ['3087828bc27bc4c7']; context = [[15, 96]]
validation step on 1000 54/100; scene = ['e124dfa7e996a414']; context = [[48, 93]]
validation step on 1000 55/100; scene = ['e1afd89a69ee6947']; context = [[34, 113]]
validation step on 1000 56/100; scene = ['79ce50fb7b021e1d']; context = [[212, 278]]
validation step on 1000 57/100; scene = ['358bdee988c269ef']; context = [[3, 95]]
validation step on 1000 58/100; scene = ['f14791aec34dbdcd']; context = [[5, 59]]
validation step on 1000 59/100; scene = ['0c52996355b23d76']; context = [[51, 111]]
validation step on 1000 60/100; scene = ['62bcb465bb03d34f']; context = [[6, 84]]
validation step on 1000 61/100; scene = ['1f0e06e4388dd600']; context = [[44, 96]]
validation step on 1000 62/100; scene = ['c9c30723d7c54793']; context = [[152, 247]]
validation step on 1000 63/100; scene = ['8b212f2755d955ec']; context = [[40, 110]]
validation step on 1000 64/100; scene = ['de67e3a0b0648cfe']; context = [[16, 72]]
validation step on 1000 65/100; scene = ['54841308aff91857']; context = [[27, 86]]
validation step on 1000 66/100; scene = ['40ca76de44a6e1a9']; context = [[43, 107]]
validation step on 1000 67/100; scene = ['bc143130c1842e4b']; context = [[29, 133]]
validation step on 1000 68/100; scene = ['912177dbf0a1ed6c']; context = [[3, 60]]
validation step on 1000 69/100; scene = ['afe4e799a94e06b3']; context = [[54, 150]]
validation step on 1000 70/100; scene = ['17f552ef56d85c55']; context = [[20, 86]]
validation step on 1000 71/100; scene = ['a7c691c210154b09']; context = [[0, 50]]
validation step on 1000 72/100; scene = ['9490f1219dbbb6ce']; context = [[17, 72]]
validation step on 1000 73/100; scene = ['154365ab5a4e067b']; context = [[2, 48]]
validation step on 1000 74/100; scene = ['ab4c269f8d523d02']; context = [[18, 72]]
validation step on 1000 75/100; scene = ['75d475e9558ab806']; context = [[1, 46]]
validation step on 1000 76/100; scene = ['fdaab1f49851782c']; context = [[31, 142]]
validation step on 1000 77/100; scene = ['2d4efa3897a4ba2d']; context = [[4, 58]]
validation step on 1000 78/100; scene = ['14f477e7d5af5b91']; context = [[17, 72]]
validation step on 1000 79/100; scene = ['de45926738229f67']; context = [[22, 84]]
validation step on 1000 80/100; scene = ['5c909c802eb6edb1']; context = [[13, 78]]
validation step on 1000 81/100; scene = ['aa91dfdd5f4ad32b']; context = [[8, 57]]
validation step on 1000 82/100; scene = ['88d9ba3324f2ec21']; context = [[2, 49]]
validation step on 1000 83/100; scene = ['622ef98e83ed5239']; context = [[3, 66]]
validation step on 1000 84/100; scene = ['30fc5fc78c5a716e']; context = [[151, 210]]
validation step on 1000 85/100; scene = ['8b760ac05c93a6bb']; context = [[26, 72]]
validation step on 1000 86/100; scene = ['800ea72b6988f63e']; context = [[141, 190]]
validation step on 1000 87/100; scene = ['674dabef8f53b566']; context = [[9, 91]]
validation step on 1000 88/100; scene = ['d3a01038c5f21473']; context = [[139, 273]]
validation step on 1000 89/100; scene = ['3e5f747d06bc84a3']; context = [[85, 190]]
validation step on 1000 90/100; scene = ['bb6fa5bdafc14e8c']; context = [[43, 139]]
validation step on 1000 91/100; scene = ['052430ff6e2c07c4']; context = [[19, 92]]
validation step on 1000 92/100; scene = ['0588138dfec165a1']; context = [[70, 160]]
validation step on 1000 93/100; scene = ['e4bcb18fa6aa91be']; context = [[32, 79]]
validation step on 1000 94/100; scene = ['4c4fa41951e37e78']; context = [[8, 60]]
validation step on 1000 95/100; scene = ['252a24d25a1ea81d']; context = [[198, 263]]
validation step on 1000 96/100; scene = ['214df1c2863d2959']; context = [[45, 96]]
validation step on 1000 97/100; scene = ['bfd27ad72975e120']; context = [[8, 55]]
validation step on 1000 98/100; scene = ['572acd18419c3456']; context = [[3, 62]]
validation step on 1000 99/100; scene = ['b26e6c80d283c4c8']; context = [[46, 92]]
validation step on 1000 100/100; scene = ['10c8e54590f715f7']; context = [[6, 76]]
train step[1000/1500] ; used: 17m:45s; eta: 8m:52s; loss = 2.858209; ['mse_0=0.017061; ', 'lpips_0=0.026901; ', 'codec_recon_0=0.925553; ', 'mse_1=0.013255; ', 'lpips_1=0.023030; ', 'codec_recon_1=0.969989; ', 'mse_2=0.013224; ', 'lpips_2=0.023176; ', 'codec_recon_2=0.846021; ']
train step[1001/1500] ; used: 17m:46s; eta: 8m:51s; loss = 2.811752; ['mse_0=0.012152; ', 'lpips_0=0.026587; ', 'codec_recon_0=0.901744; ', 'mse_1=0.008971; ', 'lpips_1=0.021842; ', 'codec_recon_1=0.967492; ', 'mse_2=0.008891; ', 'lpips_2=0.021858; ', 'codec_recon_2=0.842215; ']
train step[1002/1500] ; used: 17m:47s; eta: 8m:50s; loss = 2.854373; ['mse_0=0.011975; ', 'lpips_0=0.026322; ', 'codec_recon_0=0.920059; ', 'mse_1=0.009422; ', 'lpips_1=0.022741; ', 'codec_recon_1=0.964054; ', 'mse_2=0.009441; ', 'lpips_2=0.022990; ', 'codec_recon_2=0.867368; ']
train step[1003/1500] ; used: 17m:48s; eta: 8m:49s; loss = 2.870808; ['mse_0=0.016394; ', 'lpips_0=0.026040; ', 'codec_recon_0=0.933737; ', 'mse_1=0.011249; ', 'lpips_1=0.020536; ', 'codec_recon_1=0.966959; ', 'mse_2=0.011205; ', 'lpips_2=0.021138; ', 'codec_recon_2=0.863551; ']
Skipped bad example 85286f80c1b89c7e. Context shape was torch.Size([2, 3, 338, 640]) and target shape was torch.Size([4, 3, 338, 640]).
train step[1004/1500] ; used: 17m:49s; eta: 8m:48s; loss = 2.873902; ['mse_0=0.010374; ', 'lpips_0=0.025544; ', 'codec_recon_0=0.937676; ', 'mse_1=0.007576; ', 'lpips_1=0.021776; ', 'codec_recon_1=0.965843; ', 'mse_2=0.007584; ', 'lpips_2=0.022460; ', 'codec_recon_2=0.875069; ']
train step[1005/1500] ; used: 17m:50s; eta: 8m:46s; loss = 2.869778; ['mse_0=0.015777; ', 'lpips_0=0.027173; ', 'codec_recon_0=0.931650; ', 'mse_1=0.011675; ', 'lpips_1=0.022615; ', 'codec_recon_1=0.970230; ', 'mse_2=0.011663; ', 'lpips_2=0.023078; ', 'codec_recon_2=0.855918; ']
train step[1006/1500] ; used: 17m:51s; eta: 8m:45s; loss = 2.884656; ['mse_0=0.014525; ', 'lpips_0=0.026106; ', 'codec_recon_0=0.932626; ', 'mse_1=0.009979; ', 'lpips_1=0.021107; ', 'codec_recon_1=0.968850; ', 'mse_2=0.009970; ', 'lpips_2=0.021673; ', 'codec_recon_2=0.879820; ']
train step[1007/1500] ; used: 17m:52s; eta: 8m:44s; loss = 2.788741; ['mse_0=0.012276; ', 'lpips_0=0.024749; ', 'codec_recon_0=0.897640; ', 'mse_1=0.007744; ', 'lpips_1=0.021091; ', 'codec_recon_1=0.961946; ', 'mse_2=0.007632; ', 'lpips_2=0.021700; ', 'codec_recon_2=0.833963; ']
train step[1008/1500] ; used: 17m:53s; eta: 8m:43s; loss = 2.852798; ['mse_0=0.019708; ', 'lpips_0=0.028348; ', 'codec_recon_0=0.914778; ', 'mse_1=0.017115; ', 'lpips_1=0.024054; ', 'codec_recon_1=0.969498; ', 'mse_2=0.017187; ', 'lpips_2=0.024301; ', 'codec_recon_2=0.837808; ']
train step[1009/1500] ; used: 17m:54s; eta: 8m:42s; loss = 2.817266; ['mse_0=0.015668; ', 'lpips_0=0.025777; ', 'codec_recon_0=0.913206; ', 'mse_1=0.008437; ', 'lpips_1=0.019732; ', 'codec_recon_1=0.960836; ', 'mse_2=0.008246; ', 'lpips_2=0.020357; ', 'codec_recon_2=0.845008; ']
train step[1010/1500] ; used: 17m:56s; eta: 8m:41s; loss = 2.847075; ['mse_0=0.014031; ', 'lpips_0=0.025438; ', 'codec_recon_0=0.929754; ', 'mse_1=0.010599; ', 'lpips_1=0.020324; ', 'codec_recon_1=0.966807; ', 'mse_2=0.010522; ', 'lpips_2=0.020914; ', 'codec_recon_2=0.848686; ']
train step[1011/1500] ; used: 17m:57s; eta: 8m:40s; loss = 2.855713; ['mse_0=0.016320; ', 'lpips_0=0.028811; ', 'codec_recon_0=0.912093; ', 'mse_1=0.014076; ', 'lpips_1=0.024652; ', 'codec_recon_1=0.972367; ', 'mse_2=0.013878; ', 'lpips_2=0.024347; ', 'codec_recon_2=0.849170; ']
train step[1012/1500] ; used: 17m:58s; eta: 8m:39s; loss = 2.821581; ['mse_0=0.012011; ', 'lpips_0=0.026369; ', 'codec_recon_0=0.915803; ', 'mse_1=0.008154; ', 'lpips_1=0.020960; ', 'codec_recon_1=0.962303; ', 'mse_2=0.008113; ', 'lpips_2=0.021346; ', 'codec_recon_2=0.846520; ']
train step[1013/1500] ; used: 17m:59s; eta: 8m:38s; loss = 2.842939; ['mse_0=0.015031; ', 'lpips_0=0.024786; ', 'codec_recon_0=0.909502; ', 'mse_1=0.012567; ', 'lpips_1=0.023298; ', 'codec_recon_1=0.966464; ', 'mse_2=0.012607; ', 'lpips_2=0.023819; ', 'codec_recon_2=0.854866; ']
train step[1014/1500] ; used: 18m; eta: 8m:37s; loss = 2.788157; ['mse_0=0.006927; ', 'lpips_0=0.028084; ', 'codec_recon_0=0.910719; ', 'mse_1=0.005457; ', 'lpips_1=0.023596; ', 'codec_recon_1=0.960249; ', 'mse_2=0.005500; ', 'lpips_2=0.023899; ', 'codec_recon_2=0.823726; ']
train step[1015/1500] ; used: 18m:1s; eta: 8m:36s; loss = 2.826380; ['mse_0=0.017407; ', 'lpips_0=0.027112; ', 'codec_recon_0=0.911867; ', 'mse_1=0.013346; ', 'lpips_1=0.023436; ', 'codec_recon_1=0.968156; ', 'mse_2=0.013278; ', 'lpips_2=0.023602; ', 'codec_recon_2=0.828176; ']
train step[1016/1500] ; used: 18m:2s; eta: 8m:34s; loss = 2.856698; ['mse_0=0.008930; ', 'lpips_0=0.025701; ', 'codec_recon_0=0.935763; ', 'mse_1=0.006389; ', 'lpips_1=0.020572; ', 'codec_recon_1=0.970964; ', 'mse_2=0.006432; ', 'lpips_2=0.021255; ', 'codec_recon_2=0.860691; ']
train step[1017/1500] ; used: 18m:3s; eta: 8m:33s; loss = 2.807961; ['mse_0=0.015153; ', 'lpips_0=0.028461; ', 'codec_recon_0=0.909410; ', 'mse_1=0.012161; ', 'lpips_1=0.024250; ', 'codec_recon_1=0.960344; ', 'mse_2=0.012228; ', 'lpips_2=0.024351; ', 'codec_recon_2=0.821603; ']
train step[1018/1500] ; used: 18m:4s; eta: 8m:32s; loss = 2.813203; ['mse_0=0.006554; ', 'lpips_0=0.026206; ', 'codec_recon_0=0.899124; ', 'mse_1=0.004515; ', 'lpips_1=0.020567; ', 'codec_recon_1=0.965039; ', 'mse_2=0.004416; ', 'lpips_2=0.021118; ', 'codec_recon_2=0.865664; ']
train step[1019/1500] ; used: 18m:5s; eta: 8m:31s; loss = 2.861074; ['mse_0=0.011319; ', 'lpips_0=0.025391; ', 'codec_recon_0=0.926491; ', 'mse_1=0.009512; ', 'lpips_1=0.021871; ', 'codec_recon_1=0.962564; ', 'mse_2=0.009444; ', 'lpips_2=0.022064; ', 'codec_recon_2=0.872420; ']
train step[1020/1500] ; used: 18m:6s; eta: 8m:30s; loss = 2.830892; ['mse_0=0.006281; ', 'lpips_0=0.024594; ', 'codec_recon_0=0.913995; ', 'mse_1=0.004038; ', 'lpips_1=0.020370; ', 'codec_recon_1=0.955320; ', 'mse_2=0.004095; ', 'lpips_2=0.021351; ', 'codec_recon_2=0.880849; ']
train step[1021/1500] ; used: 18m:7s; eta: 8m:29s; loss = 2.804882; ['mse_0=0.007180; ', 'lpips_0=0.028414; ', 'codec_recon_0=0.910807; ', 'mse_1=0.005172; ', 'lpips_1=0.024004; ', 'codec_recon_1=0.960180; ', 'mse_2=0.005113; ', 'lpips_2=0.023896; ', 'codec_recon_2=0.840116; ']
train step[1022/1500] ; used: 18m:8s; eta: 8m:28s; loss = 2.842856; ['mse_0=0.005807; ', 'lpips_0=0.025525; ', 'codec_recon_0=0.930061; ', 'mse_1=0.004014; ', 'lpips_1=0.021534; ', 'codec_recon_1=0.964728; ', 'mse_2=0.004037; ', 'lpips_2=0.021887; ', 'codec_recon_2=0.865265; ']
train step[1023/1500] ; used: 18m:9s; eta: 8m:27s; loss = 2.814996; ['mse_0=0.023846; ', 'lpips_0=0.028094; ', 'codec_recon_0=0.905053; ', 'mse_1=0.017639; ', 'lpips_1=0.024969; ', 'codec_recon_1=0.961932; ', 'mse_2=0.017488; ', 'lpips_2=0.024821; ', 'codec_recon_2=0.811152; ']
train step[1024/1500] ; used: 18m:10s; eta: 8m:26s; loss = 2.815102; ['mse_0=0.011497; ', 'lpips_0=0.027140; ', 'codec_recon_0=0.913839; ', 'mse_1=0.007025; ', 'lpips_1=0.020693; ', 'codec_recon_1=0.962813; ', 'mse_2=0.006968; ', 'lpips_2=0.020867; ', 'codec_recon_2=0.844260; ']
train step[1025/1500] ; used: 18m:11s; eta: 8m:25s; loss = 2.802002; ['mse_0=0.012853; ', 'lpips_0=0.026875; ', 'codec_recon_0=0.903520; ', 'mse_1=0.008861; ', 'lpips_1=0.023047; ', 'codec_recon_1=0.960573; ', 'mse_2=0.008701; ', 'lpips_2=0.022872; ', 'codec_recon_2=0.834700; ']
train step[1026/1500] ; used: 18m:12s; eta: 8m:24s; loss = 2.817214; ['mse_0=0.016658; ', 'lpips_0=0.027888; ', 'codec_recon_0=0.914350; ', 'mse_1=0.013922; ', 'lpips_1=0.023319; ', 'codec_recon_1=0.967359; ', 'mse_2=0.013882; ', 'lpips_2=0.023159; ', 'codec_recon_2=0.816676; ']
train step[1027/1500] ; used: 18m:13s; eta: 8m:23s; loss = 2.872163; ['mse_0=0.026331; ', 'lpips_0=0.031010; ', 'codec_recon_0=0.907915; ', 'mse_1=0.021758; ', 'lpips_1=0.027209; ', 'codec_recon_1=0.973223; ', 'mse_2=0.021965; ', 'lpips_2=0.027175; ', 'codec_recon_2=0.835577; ']
train step[1028/1500] ; used: 18m:14s; eta: 8m:21s; loss = 2.833729; ['mse_0=0.014296; ', 'lpips_0=0.027913; ', 'codec_recon_0=0.921104; ', 'mse_1=0.010423; ', 'lpips_1=0.022631; ', 'codec_recon_1=0.969043; ', 'mse_2=0.010392; ', 'lpips_2=0.022852; ', 'codec_recon_2=0.835075; ']
train step[1029/1500] ; used: 18m:15s; eta: 8m:20s; loss = 2.836814; ['mse_0=0.015238; ', 'lpips_0=0.027426; ', 'codec_recon_0=0.900114; ', 'mse_1=0.013376; ', 'lpips_1=0.024289; ', 'codec_recon_1=0.970270; ', 'mse_2=0.013322; ', 'lpips_2=0.024684; ', 'codec_recon_2=0.848096; ']
train step[1030/1500] ; used: 18m:16s; eta: 8m:19s; loss = 2.816440; ['mse_0=0.015718; ', 'lpips_0=0.027420; ', 'codec_recon_0=0.899553; ', 'mse_1=0.010520; ', 'lpips_1=0.021490; ', 'codec_recon_1=0.965449; ', 'mse_2=0.010249; ', 'lpips_2=0.021330; ', 'codec_recon_2=0.844710; ']
train step[1031/1500] ; used: 18m:17s; eta: 8m:18s; loss = 2.794543; ['mse_0=0.013949; ', 'lpips_0=0.026259; ', 'codec_recon_0=0.901632; ', 'mse_1=0.009654; ', 'lpips_1=0.021577; ', 'codec_recon_1=0.960005; ', 'mse_2=0.009539; ', 'lpips_2=0.022037; ', 'codec_recon_2=0.829892; ']
train step[1032/1500] ; used: 18m:18s; eta: 8m:17s; loss = 2.832235; ['mse_0=0.016338; ', 'lpips_0=0.026156; ', 'codec_recon_0=0.917391; ', 'mse_1=0.012466; ', 'lpips_1=0.022886; ', 'codec_recon_1=0.961146; ', 'mse_2=0.012419; ', 'lpips_2=0.023160; ', 'codec_recon_2=0.840274; ']
train step[1033/1500] ; used: 18m:19s; eta: 8m:16s; loss = 2.820145; ['mse_0=0.016538; ', 'lpips_0=0.027738; ', 'codec_recon_0=0.906779; ', 'mse_1=0.011731; ', 'lpips_1=0.021795; ', 'codec_recon_1=0.960543; ', 'mse_2=0.011509; ', 'lpips_2=0.022265; ', 'codec_recon_2=0.841248; ']
train step[1034/1500] ; used: 18m:20s; eta: 8m:15s; loss = 2.835384; ['mse_0=0.009263; ', 'lpips_0=0.025078; ', 'codec_recon_0=0.912327; ', 'mse_1=0.006397; ', 'lpips_1=0.020336; ', 'codec_recon_1=0.958033; ', 'mse_2=0.006405; ', 'lpips_2=0.020974; ', 'codec_recon_2=0.876570; ']
train step[1035/1500] ; used: 18m:21s; eta: 8m:14s; loss = 2.763438; ['mse_0=0.010661; ', 'lpips_0=0.024838; ', 'codec_recon_0=0.894783; ', 'mse_1=0.009236; ', 'lpips_1=0.021935; ', 'codec_recon_1=0.953159; ', 'mse_2=0.009238; ', 'lpips_2=0.022086; ', 'codec_recon_2=0.817501; ']
train step[1036/1500] ; used: 18m:22s; eta: 8m:13s; loss = 2.854687; ['mse_0=0.016562; ', 'lpips_0=0.026736; ', 'codec_recon_0=0.922235; ', 'mse_1=0.013193; ', 'lpips_1=0.022337; ', 'codec_recon_1=0.963247; ', 'mse_2=0.013032; ', 'lpips_2=0.022377; ', 'codec_recon_2=0.854969; ']
train step[1037/1500] ; used: 18m:23s; eta: 8m:12s; loss = 2.770596; ['mse_0=0.009831; ', 'lpips_0=0.027074; ', 'codec_recon_0=0.897898; ', 'mse_1=0.006485; ', 'lpips_1=0.021454; ', 'codec_recon_1=0.957421; ', 'mse_2=0.006466; ', 'lpips_2=0.021511; ', 'codec_recon_2=0.822456; ']
train step[1038/1500] ; used: 18m:24s; eta: 8m:11s; loss = 2.835979; ['mse_0=0.009624; ', 'lpips_0=0.022996; ', 'codec_recon_0=0.919545; ', 'mse_1=0.007369; ', 'lpips_1=0.018569; ', 'codec_recon_1=0.958302; ', 'mse_2=0.007369; ', 'lpips_2=0.019022; ', 'codec_recon_2=0.873185; ']
train step[1039/1500] ; used: 18m:25s; eta: 8m:10s; loss = 2.777208; ['mse_0=0.007835; ', 'lpips_0=0.027764; ', 'codec_recon_0=0.905244; ', 'mse_1=0.007034; ', 'lpips_1=0.023386; ', 'codec_recon_1=0.963491; ', 'mse_2=0.007030; ', 'lpips_2=0.023341; ', 'codec_recon_2=0.812083; ']
train step[1040/1500] ; used: 18m:26s; eta: 8m:8s; loss = 2.842842; ['mse_0=0.021521; ', 'lpips_0=0.027219; ', 'codec_recon_0=0.910027; ', 'mse_1=0.017309; ', 'lpips_1=0.025568; ', 'codec_recon_1=0.970439; ', 'mse_2=0.017366; ', 'lpips_2=0.025692; ', 'codec_recon_2=0.827701; ']
train step[1041/1500] ; used: 18m:27s; eta: 8m:7s; loss = 2.787932; ['mse_0=0.014974; ', 'lpips_0=0.027991; ', 'codec_recon_0=0.897303; ', 'mse_1=0.010435; ', 'lpips_1=0.022216; ', 'codec_recon_1=0.960602; ', 'mse_2=0.010209; ', 'lpips_2=0.022077; ', 'codec_recon_2=0.822124; ']
train step[1042/1500] ; used: 18m:28s; eta: 8m:6s; loss = 2.845616; ['mse_0=0.018817; ', 'lpips_0=0.028378; ', 'codec_recon_0=0.922022; ', 'mse_1=0.016327; ', 'lpips_1=0.024533; ', 'codec_recon_1=0.968313; ', 'mse_2=0.016274; ', 'lpips_2=0.024485; ', 'codec_recon_2=0.826466; ']
train step[1043/1500] ; used: 18m:29s; eta: 8m:5s; loss = 2.764489; ['mse_0=0.011343; ', 'lpips_0=0.026639; ', 'codec_recon_0=0.893641; ', 'mse_1=0.006436; ', 'lpips_1=0.018507; ', 'codec_recon_1=0.959672; ', 'mse_2=0.006206; ', 'lpips_2=0.018414; ', 'codec_recon_2=0.823632; ']
train step[1044/1500] ; used: 18m:30s; eta: 8m:4s; loss = 2.826393; ['mse_0=0.016811; ', 'lpips_0=0.027569; ', 'codec_recon_0=0.912800; ', 'mse_1=0.012716; ', 'lpips_1=0.022464; ', 'codec_recon_1=0.967056; ', 'mse_2=0.012511; ', 'lpips_2=0.022249; ', 'codec_recon_2=0.832216; ']
train step[1045/1500] ; used: 18m:31s; eta: 8m:3s; loss = 2.803569; ['mse_0=0.017461; ', 'lpips_0=0.027202; ', 'codec_recon_0=0.885554; ', 'mse_1=0.012902; ', 'lpips_1=0.022915; ', 'codec_recon_1=0.963729; ', 'mse_2=0.012795; ', 'lpips_2=0.023148; ', 'codec_recon_2=0.837861; ']
train step[1046/1500] ; used: 18m:32s; eta: 8m:2s; loss = 2.765150; ['mse_0=0.014492; ', 'lpips_0=0.027549; ', 'codec_recon_0=0.895965; ', 'mse_1=0.010263; ', 'lpips_1=0.022829; ', 'codec_recon_1=0.953164; ', 'mse_2=0.010192; ', 'lpips_2=0.022881; ', 'codec_recon_2=0.807813; ']
train step[1047/1500] ; used: 18m:33s; eta: 8m:1s; loss = 2.823983; ['mse_0=0.028196; ', 'lpips_0=0.027288; ', 'codec_recon_0=0.899043; ', 'mse_1=0.022689; ', 'lpips_1=0.020376; ', 'codec_recon_1=0.964714; ', 'mse_2=0.022381; ', 'lpips_2=0.020236; ', 'codec_recon_2=0.819061; ']
train step[1048/1500] ; used: 18m:34s; eta: 8m; loss = 2.763284; ['mse_0=0.008078; ', 'lpips_0=0.025324; ', 'codec_recon_0=0.893189; ', 'mse_1=0.005017; ', 'lpips_1=0.019141; ', 'codec_recon_1=0.951652; ', 'mse_2=0.004974; ', 'lpips_2=0.019442; ', 'codec_recon_2=0.836467; ']
train step[1049/1500] ; used: 18m:35s; eta: 7m:59s; loss = 2.784000; ['mse_0=0.015081; ', 'lpips_0=0.027359; ', 'codec_recon_0=0.896350; ', 'mse_1=0.010732; ', 'lpips_1=0.021934; ', 'codec_recon_1=0.956478; ', 'mse_2=0.010598; ', 'lpips_2=0.022142; ', 'codec_recon_2=0.823327; ']
train step[1050/1500] ; used: 18m:36s; eta: 7m:58s; loss = 2.824681; ['mse_0=0.014185; ', 'lpips_0=0.025894; ', 'codec_recon_0=0.912692; ', 'mse_1=0.011630; ', 'lpips_1=0.019522; ', 'codec_recon_1=0.966619; ', 'mse_2=0.011503; ', 'lpips_2=0.019460; ', 'codec_recon_2=0.843175; ']
train step[1051/1500] ; used: 18m:37s; eta: 7m:57s; loss = 2.871140; ['mse_0=0.022896; ', 'lpips_0=0.027769; ', 'codec_recon_0=0.914540; ', 'mse_1=0.019987; ', 'lpips_1=0.024990; ', 'codec_recon_1=0.961836; ', 'mse_2=0.019922; ', 'lpips_2=0.025708; ', 'codec_recon_2=0.853491; ']
train step[1052/1500] ; used: 18m:38s; eta: 7m:56s; loss = 2.767870; ['mse_0=0.008959; ', 'lpips_0=0.025212; ', 'codec_recon_0=0.891923; ', 'mse_1=0.005909; ', 'lpips_1=0.018529; ', 'codec_recon_1=0.947801; ', 'mse_2=0.005912; ', 'lpips_2=0.019208; ', 'codec_recon_2=0.844416; ']
train step[1053/1500] ; used: 18m:39s; eta: 7m:54s; loss = 2.830630; ['mse_0=0.010139; ', 'lpips_0=0.024753; ', 'codec_recon_0=0.913525; ', 'mse_1=0.008085; ', 'lpips_1=0.021249; ', 'codec_recon_1=0.961966; ', 'mse_2=0.008170; ', 'lpips_2=0.022077; ', 'codec_recon_2=0.860667; ']
train step[1054/1500] ; used: 18m:40s; eta: 7m:53s; loss = 2.787791; ['mse_0=0.017652; ', 'lpips_0=0.027944; ', 'codec_recon_0=0.893959; ', 'mse_1=0.014215; ', 'lpips_1=0.023528; ', 'codec_recon_1=0.958871; ', 'mse_2=0.014006; ', 'lpips_2=0.023484; ', 'codec_recon_2=0.814130; ']
train step[1055/1500] ; used: 18m:41s; eta: 7m:52s; loss = 2.810707; ['mse_0=0.021960; ', 'lpips_0=0.027156; ', 'codec_recon_0=0.894912; ', 'mse_1=0.016041; ', 'lpips_1=0.022822; ', 'codec_recon_1=0.963169; ', 'mse_2=0.015913; ', 'lpips_2=0.022955; ', 'codec_recon_2=0.825779; ']
train step[1056/1500] ; used: 18m:42s; eta: 7m:51s; loss = 2.781104; ['mse_0=0.020622; ', 'lpips_0=0.030500; ', 'codec_recon_0=0.877666; ', 'mse_1=0.016025; ', 'lpips_1=0.025595; ', 'codec_recon_1=0.961304; ', 'mse_2=0.015619; ', 'lpips_2=0.025124; ', 'codec_recon_2=0.808647; ']
train step[1057/1500] ; used: 18m:43s; eta: 7m:50s; loss = 2.797889; ['mse_0=0.014016; ', 'lpips_0=0.027529; ', 'codec_recon_0=0.911358; ', 'mse_1=0.009458; ', 'lpips_1=0.022323; ', 'codec_recon_1=0.958459; ', 'mse_2=0.009419; ', 'lpips_2=0.022617; ', 'codec_recon_2=0.822710; ']
train step[1058/1500] ; used: 18m:44s; eta: 7m:49s; loss = 2.816454; ['mse_0=0.006733; ', 'lpips_0=0.025651; ', 'codec_recon_0=0.904172; ', 'mse_1=0.004570; ', 'lpips_1=0.020421; ', 'codec_recon_1=0.952721; ', 'mse_2=0.004575; ', 'lpips_2=0.020733; ', 'codec_recon_2=0.876878; ']
train step[1059/1500] ; used: 18m:45s; eta: 7m:48s; loss = 2.767540; ['mse_0=0.008162; ', 'lpips_0=0.024756; ', 'codec_recon_0=0.897292; ', 'mse_1=0.004823; ', 'lpips_1=0.019070; ', 'codec_recon_1=0.953485; ', 'mse_2=0.004809; ', 'lpips_2=0.019528; ', 'codec_recon_2=0.835614; ']
train step[1060/1500] ; used: 18m:46s; eta: 7m:47s; loss = 2.755742; ['mse_0=0.009078; ', 'lpips_0=0.022955; ', 'codec_recon_0=0.890064; ', 'mse_1=0.005290; ', 'lpips_1=0.017003; ', 'codec_recon_1=0.953682; ', 'mse_2=0.005140; ', 'lpips_2=0.017112; ', 'codec_recon_2=0.835417; ']
train step[1061/1500] ; used: 18m:47s; eta: 7m:46s; loss = 2.797570; ['mse_0=0.018145; ', 'lpips_0=0.026285; ', 'codec_recon_0=0.902838; ', 'mse_1=0.014790; ', 'lpips_1=0.022206; ', 'codec_recon_1=0.958900; ', 'mse_2=0.014742; ', 'lpips_2=0.022311; ', 'codec_recon_2=0.817353; ']
train step[1062/1500] ; used: 18m:49s; eta: 7m:45s; loss = 2.785466; ['mse_0=0.012163; ', 'lpips_0=0.025342; ', 'codec_recon_0=0.895298; ', 'mse_1=0.006563; ', 'lpips_1=0.018546; ', 'codec_recon_1=0.955962; ', 'mse_2=0.006444; ', 'lpips_2=0.018625; ', 'codec_recon_2=0.846524; ']
train step[1063/1500] ; used: 18m:50s; eta: 7m:44s; loss = 2.818038; ['mse_0=0.008898; ', 'lpips_0=0.024045; ', 'codec_recon_0=0.915092; ', 'mse_1=0.005811; ', 'lpips_1=0.018951; ', 'codec_recon_1=0.962571; ', 'mse_2=0.005779; ', 'lpips_2=0.019211; ', 'codec_recon_2=0.857680; ']
train step[1064/1500] ; used: 18m:51s; eta: 7m:43s; loss = 2.796067; ['mse_0=0.017067; ', 'lpips_0=0.028173; ', 'codec_recon_0=0.885334; ', 'mse_1=0.013476; ', 'lpips_1=0.025416; ', 'codec_recon_1=0.960956; ', 'mse_2=0.013248; ', 'lpips_2=0.025540; ', 'codec_recon_2=0.826858; ']
train step[1065/1500] ; used: 18m:52s; eta: 7m:41s; loss = 2.798470; ['mse_0=0.018029; ', 'lpips_0=0.027579; ', 'codec_recon_0=0.899958; ', 'mse_1=0.015355; ', 'lpips_1=0.023381; ', 'codec_recon_1=0.961911; ', 'mse_2=0.015247; ', 'lpips_2=0.023447; ', 'codec_recon_2=0.813564; ']
train step[1066/1500] ; used: 18m:53s; eta: 7m:40s; loss = 2.723471; ['mse_0=0.012539; ', 'lpips_0=0.027163; ', 'codec_recon_0=0.876571; ', 'mse_1=0.008482; ', 'lpips_1=0.022844; ', 'codec_recon_1=0.944166; ', 'mse_2=0.008350; ', 'lpips_2=0.022678; ', 'codec_recon_2=0.800676; ']
train step[1067/1500] ; used: 18m:54s; eta: 7m:39s; loss = 2.782205; ['mse_0=0.006947; ', 'lpips_0=0.024765; ', 'codec_recon_0=0.872458; ', 'mse_1=0.005969; ', 'lpips_1=0.021002; ', 'codec_recon_1=0.961013; ', 'mse_2=0.005936; ', 'lpips_2=0.020993; ', 'codec_recon_2=0.863122; ']
train step[1068/1500] ; used: 18m:55s; eta: 7m:38s; loss = 2.806301; ['mse_0=0.020969; ', 'lpips_0=0.028205; ', 'codec_recon_0=0.892436; ', 'mse_1=0.015875; ', 'lpips_1=0.023486; ', 'codec_recon_1=0.964172; ', 'mse_2=0.015723; ', 'lpips_2=0.023488; ', 'codec_recon_2=0.821945; ']
train step[1069/1500] ; used: 18m:56s; eta: 7m:37s; loss = 2.776595; ['mse_0=0.016833; ', 'lpips_0=0.028614; ', 'codec_recon_0=0.892249; ', 'mse_1=0.013954; ', 'lpips_1=0.023494; ', 'codec_recon_1=0.959969; ', 'mse_2=0.013844; ', 'lpips_2=0.023408; ', 'codec_recon_2=0.804230; ']
train step[1070/1500] ; used: 18m:57s; eta: 7m:36s; loss = 2.802112; ['mse_0=0.013116; ', 'lpips_0=0.026251; ', 'codec_recon_0=0.906516; ', 'mse_1=0.008572; ', 'lpips_1=0.022019; ', 'codec_recon_1=0.954417; ', 'mse_2=0.008557; ', 'lpips_2=0.022320; ', 'codec_recon_2=0.840345; ']
train step[1071/1500] ; used: 18m:58s; eta: 7m:35s; loss = 2.775316; ['mse_0=0.009872; ', 'lpips_0=0.024022; ', 'codec_recon_0=0.895961; ', 'mse_1=0.006860; ', 'lpips_1=0.020071; ', 'codec_recon_1=0.955870; ', 'mse_2=0.006827; ', 'lpips_2=0.020142; ', 'codec_recon_2=0.835691; ']
train step[1072/1500] ; used: 18m:59s; eta: 7m:34s; loss = 2.751525; ['mse_0=0.013587; ', 'lpips_0=0.027698; ', 'codec_recon_0=0.886738; ', 'mse_1=0.008713; ', 'lpips_1=0.021291; ', 'codec_recon_1=0.954216; ', 'mse_2=0.008530; ', 'lpips_2=0.021241; ', 'codec_recon_2=0.809512; ']
train step[1073/1500] ; used: 19m; eta: 7m:33s; loss = 2.773689; ['mse_0=0.009805; ', 'lpips_0=0.026723; ', 'codec_recon_0=0.865382; ', 'mse_1=0.007914; ', 'lpips_1=0.022806; ', 'codec_recon_1=0.963416; ', 'mse_2=0.007886; ', 'lpips_2=0.022954; ', 'codec_recon_2=0.846801; ']
train step[1074/1500] ; used: 19m:1s; eta: 7m:32s; loss = 2.833665; ['mse_0=0.008394; ', 'lpips_0=0.025536; ', 'codec_recon_0=0.917575; ', 'mse_1=0.006422; ', 'lpips_1=0.022386; ', 'codec_recon_1=0.959045; ', 'mse_2=0.006493; ', 'lpips_2=0.022946; ', 'codec_recon_2=0.864868; ']
train step[1075/1500] ; used: 19m:2s; eta: 7m:31s; loss = 2.763378; ['mse_0=0.008544; ', 'lpips_0=0.025291; ', 'codec_recon_0=0.894595; ', 'mse_1=0.006125; ', 'lpips_1=0.019806; ', 'codec_recon_1=0.947873; ', 'mse_2=0.006141; ', 'lpips_2=0.020019; ', 'codec_recon_2=0.834984; ']
train step[1076/1500] ; used: 19m:3s; eta: 7m:30s; loss = 2.779728; ['mse_0=0.019993; ', 'lpips_0=0.028362; ', 'codec_recon_0=0.866874; ', 'mse_1=0.015894; ', 'lpips_1=0.023177; ', 'codec_recon_1=0.957224; ', 'mse_2=0.015475; ', 'lpips_2=0.023024; ', 'codec_recon_2=0.829706; ']
train step[1077/1500] ; used: 19m:4s; eta: 7m:29s; loss = 2.755121; ['mse_0=0.015504; ', 'lpips_0=0.026698; ', 'codec_recon_0=0.874807; ', 'mse_1=0.009431; ', 'lpips_1=0.021055; ', 'codec_recon_1=0.953084; ', 'mse_2=0.009035; ', 'lpips_2=0.021054; ', 'codec_recon_2=0.824452; ']
train step[1078/1500] ; used: 19m:5s; eta: 7m:28s; loss = 2.779405; ['mse_0=0.015762; ', 'lpips_0=0.026665; ', 'codec_recon_0=0.907275; ', 'mse_1=0.010247; ', 'lpips_1=0.021780; ', 'codec_recon_1=0.956962; ', 'mse_2=0.010147; ', 'lpips_2=0.021879; ', 'codec_recon_2=0.808687; ']
train step[1079/1500] ; used: 19m:6s; eta: 7m:27s; loss = 2.789425; ['mse_0=0.013282; ', 'lpips_0=0.025919; ', 'codec_recon_0=0.903657; ', 'mse_1=0.009952; ', 'lpips_1=0.021644; ', 'codec_recon_1=0.963529; ', 'mse_2=0.009876; ', 'lpips_2=0.021828; ', 'codec_recon_2=0.819737; ']
train step[1080/1500] ; used: 19m:7s; eta: 7m:25s; loss = 2.797356; ['mse_0=0.016446; ', 'lpips_0=0.029548; ', 'codec_recon_0=0.861524; ', 'mse_1=0.014438; ', 'lpips_1=0.026570; ', 'codec_recon_1=0.967621; ', 'mse_2=0.014350; ', 'lpips_2=0.026235; ', 'codec_recon_2=0.840625; ']
train step[1081/1500] ; used: 19m:8s; eta: 7m:24s; loss = 2.764361; ['mse_0=0.010631; ', 'lpips_0=0.028498; ', 'codec_recon_0=0.880004; ', 'mse_1=0.008284; ', 'lpips_1=0.023837; ', 'codec_recon_1=0.954561; ', 'mse_2=0.008248; ', 'lpips_2=0.023974; ', 'codec_recon_2=0.826323; ']
train step[1082/1500] ; used: 19m:9s; eta: 7m:23s; loss = 2.741095; ['mse_0=0.007269; ', 'lpips_0=0.024852; ', 'codec_recon_0=0.877327; ', 'mse_1=0.005130; ', 'lpips_1=0.020393; ', 'codec_recon_1=0.946270; ', 'mse_2=0.005109; ', 'lpips_2=0.020674; ', 'codec_recon_2=0.834071; ']
train step[1083/1500] ; used: 19m:10s; eta: 7m:22s; loss = 2.822756; ['mse_0=0.019271; ', 'lpips_0=0.027792; ', 'codec_recon_0=0.903995; ', 'mse_1=0.017309; ', 'lpips_1=0.024093; ', 'codec_recon_1=0.957636; ', 'mse_2=0.017354; ', 'lpips_2=0.024315; ', 'codec_recon_2=0.830992; ']
train step[1084/1500] ; used: 19m:11s; eta: 7m:21s; loss = 2.756433; ['mse_0=0.013985; ', 'lpips_0=0.028235; ', 'codec_recon_0=0.861706; ', 'mse_1=0.009863; ', 'lpips_1=0.021685; ', 'codec_recon_1=0.955933; ', 'mse_2=0.009365; ', 'lpips_2=0.021606; ', 'codec_recon_2=0.834055; ']
train step[1085/1500] ; used: 19m:12s; eta: 7m:20s; loss = 2.723488; ['mse_0=0.007426; ', 'lpips_0=0.025916; ', 'codec_recon_0=0.881822; ', 'mse_1=0.004729; ', 'lpips_1=0.019558; ', 'codec_recon_1=0.945557; ', 'mse_2=0.004635; ', 'lpips_2=0.019743; ', 'codec_recon_2=0.814100; ']
train step[1086/1500] ; used: 19m:13s; eta: 7m:19s; loss = 2.810698; ['mse_0=0.008105; ', 'lpips_0=0.026186; ', 'codec_recon_0=0.905289; ', 'mse_1=0.006876; ', 'lpips_1=0.021452; ', 'codec_recon_1=0.957489; ', 'mse_2=0.006903; ', 'lpips_2=0.021811; ', 'codec_recon_2=0.856586; ']
train step[1087/1500] ; used: 19m:14s; eta: 7m:18s; loss = 2.737420; ['mse_0=0.014466; ', 'lpips_0=0.026616; ', 'codec_recon_0=0.865928; ', 'mse_1=0.009446; ', 'lpips_1=0.020126; ', 'codec_recon_1=0.951472; ', 'mse_2=0.009047; ', 'lpips_2=0.019815; ', 'codec_recon_2=0.820505; ']
train step[1088/1500] ; used: 19m:15s; eta: 7m:17s; loss = 2.742964; ['mse_0=0.024132; ', 'lpips_0=0.029414; ', 'codec_recon_0=0.836647; ', 'mse_1=0.019276; ', 'lpips_1=0.025677; ', 'codec_recon_1=0.954612; ', 'mse_2=0.018800; ', 'lpips_2=0.024961; ', 'codec_recon_2=0.809445; ']
train step[1089/1500] ; used: 19m:16s; eta: 7m:16s; loss = 2.801659; ['mse_0=0.007900; ', 'lpips_0=0.023949; ', 'codec_recon_0=0.911445; ', 'mse_1=0.005983; ', 'lpips_1=0.020057; ', 'codec_recon_1=0.953542; ', 'mse_2=0.005968; ', 'lpips_2=0.020686; ', 'codec_recon_2=0.852127; ']
train step[1090/1500] ; used: 19m:17s; eta: 7m:15s; loss = 2.765322; ['mse_0=0.011818; ', 'lpips_0=0.026034; ', 'codec_recon_0=0.885440; ', 'mse_1=0.008176; ', 'lpips_1=0.020771; ', 'codec_recon_1=0.950717; ', 'mse_2=0.008148; ', 'lpips_2=0.021215; ', 'codec_recon_2=0.833003; ']
train step[1091/1500] ; used: 19m:19s; eta: 7m:14s; loss = 2.771826; ['mse_0=0.025369; ', 'lpips_0=0.029505; ', 'codec_recon_0=0.855120; ', 'mse_1=0.019196; ', 'lpips_1=0.025855; ', 'codec_recon_1=0.952805; ', 'mse_2=0.018934; ', 'lpips_2=0.025079; ', 'codec_recon_2=0.819963; ']
train step[1092/1500] ; used: 19m:20s; eta: 7m:13s; loss = 2.739645; ['mse_0=0.012255; ', 'lpips_0=0.026093; ', 'codec_recon_0=0.887026; ', 'mse_1=0.007769; ', 'lpips_1=0.019583; ', 'codec_recon_1=0.948574; ', 'mse_2=0.007733; ', 'lpips_2=0.019647; ', 'codec_recon_2=0.810964; ']
train step[1093/1500] ; used: 19m:21s; eta: 7m:11s; loss = 2.739719; ['mse_0=0.010674; ', 'lpips_0=0.025923; ', 'codec_recon_0=0.874588; ', 'mse_1=0.008891; ', 'lpips_1=0.022450; ', 'codec_recon_1=0.953981; ', 'mse_2=0.008811; ', 'lpips_2=0.022584; ', 'codec_recon_2=0.811817; ']
train step[1094/1500] ; used: 19m:22s; eta: 7m:10s; loss = 2.740193; ['mse_0=0.010351; ', 'lpips_0=0.027717; ', 'codec_recon_0=0.867171; ', 'mse_1=0.007580; ', 'lpips_1=0.021421; ', 'codec_recon_1=0.950030; ', 'mse_2=0.007496; ', 'lpips_2=0.021235; ', 'codec_recon_2=0.827191; ']
train step[1095/1500] ; used: 19m:23s; eta: 7m:9s; loss = 2.730210; ['mse_0=0.008369; ', 'lpips_0=0.025720; ', 'codec_recon_0=0.877812; ', 'mse_1=0.005217; ', 'lpips_1=0.020038; ', 'codec_recon_1=0.942470; ', 'mse_2=0.005195; ', 'lpips_2=0.020262; ', 'codec_recon_2=0.825128; ']
train step[1096/1500] ; used: 19m:24s; eta: 7m:8s; loss = 2.806253; ['mse_0=0.011778; ', 'lpips_0=0.024916; ', 'codec_recon_0=0.908404; ', 'mse_1=0.008593; ', 'lpips_1=0.020367; ', 'codec_recon_1=0.956672; ', 'mse_2=0.008578; ', 'lpips_2=0.020712; ', 'codec_recon_2=0.846232; ']
train step[1097/1500] ; used: 19m:25s; eta: 7m:7s; loss = 2.750275; ['mse_0=0.013981; ', 'lpips_0=0.027030; ', 'codec_recon_0=0.856127; ', 'mse_1=0.009257; ', 'lpips_1=0.022374; ', 'codec_recon_1=0.952903; ', 'mse_2=0.008713; ', 'lpips_2=0.022039; ', 'codec_recon_2=0.837852; ']
train step[1098/1500] ; used: 19m:26s; eta: 7m:6s; loss = 2.799225; ['mse_0=0.015735; ', 'lpips_0=0.027217; ', 'codec_recon_0=0.890058; ', 'mse_1=0.014044; ', 'lpips_1=0.024614; ', 'codec_recon_1=0.956151; ', 'mse_2=0.014031; ', 'lpips_2=0.024742; ', 'codec_recon_2=0.832633; ']
train step[1099/1500] ; used: 19m:27s; eta: 7m:5s; loss = 2.773226; ['mse_0=0.021125; ', 'lpips_0=0.028528; ', 'codec_recon_0=0.882111; ', 'mse_1=0.014464; ', 'lpips_1=0.024510; ', 'codec_recon_1=0.952923; ', 'mse_2=0.014241; ', 'lpips_2=0.024274; ', 'codec_recon_2=0.811049; ']
train step[1100/1500] ; used: 19m:28s; eta: 7m:4s; loss = 2.770955; ['mse_0=0.021256; ', 'lpips_0=0.029200; ', 'codec_recon_0=0.884436; ', 'mse_1=0.018762; ', 'lpips_1=0.024655; ', 'codec_recon_1=0.948435; ', 'mse_2=0.018816; ', 'lpips_2=0.024642; ', 'codec_recon_2=0.800752; ']
train step[1101/1500] ; used: 19m:29s; eta: 7m:3s; loss = 2.753675; ['mse_0=0.015782; ', 'lpips_0=0.027089; ', 'codec_recon_0=0.885275; ', 'mse_1=0.010225; ', 'lpips_1=0.020844; ', 'codec_recon_1=0.946551; ', 'mse_2=0.009966; ', 'lpips_2=0.020810; ', 'codec_recon_2=0.817133; ']
train step[1102/1500] ; used: 19m:30s; eta: 7m:2s; loss = 2.774045; ['mse_0=0.015758; ', 'lpips_0=0.028091; ', 'codec_recon_0=0.848193; ', 'mse_1=0.011744; ', 'lpips_1=0.023064; ', 'codec_recon_1=0.958259; ', 'mse_2=0.011415; ', 'lpips_2=0.022858; ', 'codec_recon_2=0.854662; ']
train step[1103/1500] ; used: 19m:31s; eta: 7m:1s; loss = 2.736262; ['mse_0=0.013231; ', 'lpips_0=0.025536; ', 'codec_recon_0=0.876823; ', 'mse_1=0.010646; ', 'lpips_1=0.020504; ', 'codec_recon_1=0.947134; ', 'mse_2=0.010562; ', 'lpips_2=0.020424; ', 'codec_recon_2=0.811401; ']
train step[1104/1500] ; used: 19m:32s; eta: 7m; loss = 2.771699; ['mse_0=0.019503; ', 'lpips_0=0.026459; ', 'codec_recon_0=0.892582; ', 'mse_1=0.012381; ', 'lpips_1=0.020561; ', 'codec_recon_1=0.952572; ', 'mse_2=0.012142; ', 'lpips_2=0.020625; ', 'codec_recon_2=0.814874; ']
train step[1105/1500] ; used: 19m:33s; eta: 6m:59s; loss = 2.791803; ['mse_0=0.007401; ', 'lpips_0=0.023442; ', 'codec_recon_0=0.899831; ', 'mse_1=0.004722; ', 'lpips_1=0.018380; ', 'codec_recon_1=0.950672; ', 'mse_2=0.004743; ', 'lpips_2=0.018932; ', 'codec_recon_2=0.863681; ']
Skipped bad example 7ab1ca08282c3433. Context shape was torch.Size([2, 3, 360, 480]) and target shape was torch.Size([4, 3, 360, 480]).
train step[1106/1500] ; used: 19m:34s; eta: 6m:57s; loss = 2.810003; ['mse_0=0.011909; ', 'lpips_0=0.024758; ', 'codec_recon_0=0.897595; ', 'mse_1=0.008169; ', 'lpips_1=0.020400; ', 'codec_recon_1=0.950417; ', 'mse_2=0.008100; ', 'lpips_2=0.020543; ', 'codec_recon_2=0.868113; ']
train step[1107/1500] ; used: 19m:35s; eta: 6m:56s; loss = 2.761149; ['mse_0=0.012940; ', 'lpips_0=0.028797; ', 'codec_recon_0=0.879903; ', 'mse_1=0.011226; ', 'lpips_1=0.024050; ', 'codec_recon_1=0.955144; ', 'mse_2=0.011207; ', 'lpips_2=0.024383; ', 'codec_recon_2=0.813500; ']
train step[1108/1500] ; used: 19m:36s; eta: 6m:55s; loss = 2.805395; ['mse_0=0.009276; ', 'lpips_0=0.025266; ', 'codec_recon_0=0.900873; ', 'mse_1=0.007293; ', 'lpips_1=0.021497; ', 'codec_recon_1=0.957940; ', 'mse_2=0.007282; ', 'lpips_2=0.022170; ', 'codec_recon_2=0.853798; ']
train step[1109/1500] ; used: 19m:37s; eta: 6m:54s; loss = 2.728821; ['mse_0=0.011069; ', 'lpips_0=0.026172; ', 'codec_recon_0=0.868081; ', 'mse_1=0.007647; ', 'lpips_1=0.021715; ', 'codec_recon_1=0.948751; ', 'mse_2=0.007522; ', 'lpips_2=0.021691; ', 'codec_recon_2=0.816173; ']
train step[1110/1500] ; used: 19m:38s; eta: 6m:53s; loss = 2.808202; ['mse_0=0.014732; ', 'lpips_0=0.025516; ', 'codec_recon_0=0.895755; ', 'mse_1=0.011926; ', 'lpips_1=0.021052; ', 'codec_recon_1=0.956419; ', 'mse_2=0.011899; ', 'lpips_2=0.021458; ', 'codec_recon_2=0.849444; ']
train step[1111/1500] ; used: 19m:39s; eta: 6m:52s; loss = 2.695295; ['mse_0=0.009240; ', 'lpips_0=0.025430; ', 'codec_recon_0=0.864168; ', 'mse_1=0.005383; ', 'lpips_1=0.019434; ', 'codec_recon_1=0.940645; ', 'mse_2=0.005330; ', 'lpips_2=0.019639; ', 'codec_recon_2=0.806026; ']
train step[1112/1500] ; used: 19m:40s; eta: 6m:51s; loss = 2.792980; ['mse_0=0.006481; ', 'lpips_0=0.024325; ', 'codec_recon_0=0.907990; ', 'mse_1=0.004509; ', 'lpips_1=0.017565; ', 'codec_recon_1=0.955822; ', 'mse_2=0.004533; ', 'lpips_2=0.018114; ', 'codec_recon_2=0.853642; ']
train step[1113/1500] ; used: 19m:41s; eta: 6m:50s; loss = 2.765285; ['mse_0=0.013430; ', 'lpips_0=0.026285; ', 'codec_recon_0=0.879412; ', 'mse_1=0.010215; ', 'lpips_1=0.021199; ', 'codec_recon_1=0.949642; ', 'mse_2=0.010111; ', 'lpips_2=0.021358; ', 'codec_recon_2=0.833633; ']
train step[1114/1500] ; used: 19m:42s; eta: 6m:49s; loss = 2.773804; ['mse_0=0.025271; ', 'lpips_0=0.029186; ', 'codec_recon_0=0.884916; ', 'mse_1=0.021535; ', 'lpips_1=0.025524; ', 'codec_recon_1=0.948658; ', 'mse_2=0.021494; ', 'lpips_2=0.025537; ', 'codec_recon_2=0.791683; ']
train step[1115/1500] ; used: 19m:43s; eta: 6m:48s; loss = 2.721980; ['mse_0=0.013501; ', 'lpips_0=0.028130; ', 'codec_recon_0=0.837764; ', 'mse_1=0.009473; ', 'lpips_1=0.022678; ', 'codec_recon_1=0.949193; ', 'mse_2=0.009285; ', 'lpips_2=0.022455; ', 'codec_recon_2=0.829501; ']
train step[1116/1500] ; used: 19m:44s; eta: 6m:47s; loss = 2.749001; ['mse_0=0.008982; ', 'lpips_0=0.025293; ', 'codec_recon_0=0.882728; ', 'mse_1=0.004686; ', 'lpips_1=0.018612; ', 'codec_recon_1=0.942328; ', 'mse_2=0.004724; ', 'lpips_2=0.019019; ', 'codec_recon_2=0.842629; ']
train step[1117/1500] ; used: 19m:45s; eta: 6m:46s; loss = 2.775707; ['mse_0=0.026422; ', 'lpips_0=0.027992; ', 'codec_recon_0=0.878739; ', 'mse_1=0.022098; ', 'lpips_1=0.025440; ', 'codec_recon_1=0.950230; ', 'mse_2=0.022054; ', 'lpips_2=0.025462; ', 'codec_recon_2=0.797270; ']
train step[1118/1500] ; used: 19m:46s; eta: 6m:45s; loss = 2.730924; ['mse_0=0.009504; ', 'lpips_0=0.027609; ', 'codec_recon_0=0.841921; ', 'mse_1=0.007224; ', 'lpips_1=0.021859; ', 'codec_recon_1=0.957726; ', 'mse_2=0.007113; ', 'lpips_2=0.021087; ', 'codec_recon_2=0.836882; ']
train step[1119/1500] ; used: 19m:47s; eta: 6m:43s; loss = 2.738798; ['mse_0=0.019771; ', 'lpips_0=0.028015; ', 'codec_recon_0=0.862932; ', 'mse_1=0.013182; ', 'lpips_1=0.020223; ', 'codec_recon_1=0.953052; ', 'mse_2=0.012429; ', 'lpips_2=0.019469; ', 'codec_recon_2=0.809727; ']
train step[1120/1500] ; used: 19m:48s; eta: 6m:42s; loss = 2.805167; ['mse_0=0.018804; ', 'lpips_0=0.025386; ', 'codec_recon_0=0.901996; ', 'mse_1=0.014436; ', 'lpips_1=0.020040; ', 'codec_recon_1=0.951817; ', 'mse_2=0.014327; ', 'lpips_2=0.020354; ', 'codec_recon_2=0.838008; ']
train step[1121/1500] ; used: 19m:49s; eta: 6m:41s; loss = 2.709641; ['mse_0=0.013932; ', 'lpips_0=0.027390; ', 'codec_recon_0=0.857376; ', 'mse_1=0.013862; ', 'lpips_1=0.024248; ', 'codec_recon_1=0.942031; ', 'mse_2=0.013888; ', 'lpips_2=0.024623; ', 'codec_recon_2=0.792292; ']
train step[1122/1500] ; used: 19m:50s; eta: 6m:40s; loss = 2.754250; ['mse_0=0.010599; ', 'lpips_0=0.024707; ', 'codec_recon_0=0.887772; ', 'mse_1=0.007430; ', 'lpips_1=0.019919; ', 'codec_recon_1=0.952186; ', 'mse_2=0.007385; ', 'lpips_2=0.019948; ', 'codec_recon_2=0.824303; ']
train step[1123/1500] ; used: 19m:51s; eta: 6m:39s; loss = 2.733833; ['mse_0=0.015438; ', 'lpips_0=0.025089; ', 'codec_recon_0=0.876136; ', 'mse_1=0.010392; ', 'lpips_1=0.019579; ', 'codec_recon_1=0.948064; ', 'mse_2=0.010177; ', 'lpips_2=0.019374; ', 'codec_recon_2=0.809584; ']
train step[1124/1500] ; used: 19m:52s; eta: 6m:38s; loss = 2.764355; ['mse_0=0.006868; ', 'lpips_0=0.023406; ', 'codec_recon_0=0.878641; ', 'mse_1=0.005036; ', 'lpips_1=0.019423; ', 'codec_recon_1=0.949929; ', 'mse_2=0.005111; ', 'lpips_2=0.020073; ', 'codec_recon_2=0.855869; ']
train step[1125/1500] ; used: 19m:53s; eta: 6m:37s; loss = 2.733659; ['mse_0=0.009882; ', 'lpips_0=0.025202; ', 'codec_recon_0=0.871854; ', 'mse_1=0.006383; ', 'lpips_1=0.019223; ', 'codec_recon_1=0.947553; ', 'mse_2=0.006199; ', 'lpips_2=0.019366; ', 'codec_recon_2=0.827999; ']
train step[1126/1500] ; used: 19m:54s; eta: 6m:36s; loss = 2.783256; ['mse_0=0.013635; ', 'lpips_0=0.026624; ', 'codec_recon_0=0.887162; ', 'mse_1=0.010776; ', 'lpips_1=0.023415; ', 'codec_recon_1=0.954705; ', 'mse_2=0.010698; ', 'lpips_2=0.023454; ', 'codec_recon_2=0.832785; ']
train step[1127/1500] ; used: 19m:55s; eta: 6m:35s; loss = 2.713432; ['mse_0=0.014905; ', 'lpips_0=0.026758; ', 'codec_recon_0=0.844279; ', 'mse_1=0.013270; ', 'lpips_1=0.022977; ', 'codec_recon_1=0.949809; ', 'mse_2=0.013242; ', 'lpips_2=0.022860; ', 'codec_recon_2=0.805331; ']
train step[1128/1500] ; used: 19m:56s; eta: 6m:34s; loss = 2.754477; ['mse_0=0.008521; ', 'lpips_0=0.025685; ', 'codec_recon_0=0.877086; ', 'mse_1=0.005887; ', 'lpips_1=0.021195; ', 'codec_recon_1=0.946498; ', 'mse_2=0.005856; ', 'lpips_2=0.021340; ', 'codec_recon_2=0.842409; ']
train step[1129/1500] ; used: 19m:57s; eta: 6m:33s; loss = 2.765094; ['mse_0=0.008159; ', 'lpips_0=0.024602; ', 'codec_recon_0=0.895565; ', 'mse_1=0.007220; ', 'lpips_1=0.020215; ', 'codec_recon_1=0.942342; ', 'mse_2=0.007276; ', 'lpips_2=0.020864; ', 'codec_recon_2=0.838851; ']
train step[1130/1500] ; used: 19m:58s; eta: 6m:32s; loss = 2.737213; ['mse_0=0.010687; ', 'lpips_0=0.026322; ', 'codec_recon_0=0.874342; ', 'mse_1=0.008010; ', 'lpips_1=0.021820; ', 'codec_recon_1=0.950823; ', 'mse_2=0.007954; ', 'lpips_2=0.021760; ', 'codec_recon_2=0.815494; ']
train step[1131/1500] ; used: 19m:59s; eta: 6m:31s; loss = 2.751859; ['mse_0=0.012699; ', 'lpips_0=0.026045; ', 'codec_recon_0=0.880093; ', 'mse_1=0.009991; ', 'lpips_1=0.021171; ', 'codec_recon_1=0.953183; ', 'mse_2=0.009866; ', 'lpips_2=0.021376; ', 'codec_recon_2=0.817436; ']
train step[1132/1500] ; used: 20m; eta: 6m:29s; loss = 2.690989; ['mse_0=0.014436; ', 'lpips_0=0.027763; ', 'codec_recon_0=0.844504; ', 'mse_1=0.011551; ', 'lpips_1=0.022208; ', 'codec_recon_1=0.940873; ', 'mse_2=0.011206; ', 'lpips_2=0.021617; ', 'codec_recon_2=0.796832; ']
train step[1133/1500] ; used: 20m:1s; eta: 6m:28s; loss = 2.717828; ['mse_0=0.011985; ', 'lpips_0=0.025441; ', 'codec_recon_0=0.859309; ', 'mse_1=0.009261; ', 'lpips_1=0.020023; ', 'codec_recon_1=0.942622; ', 'mse_2=0.009172; ', 'lpips_2=0.020259; ', 'codec_recon_2=0.819757; ']
train step[1134/1500] ; used: 20m:2s; eta: 6m:27s; loss = 2.780047; ['mse_0=0.007249; ', 'lpips_0=0.022875; ', 'codec_recon_0=0.900283; ', 'mse_1=0.005091; ', 'lpips_1=0.018888; ', 'codec_recon_1=0.949162; ', 'mse_2=0.005104; ', 'lpips_2=0.019679; ', 'codec_recon_2=0.851715; ']
train step[1135/1500] ; used: 20m:3s; eta: 6m:26s; loss = 2.744523; ['mse_0=0.014328; ', 'lpips_0=0.023976; ', 'codec_recon_0=0.863744; ', 'mse_1=0.010162; ', 'lpips_1=0.018927; ', 'codec_recon_1=0.946225; ', 'mse_2=0.009945; ', 'lpips_2=0.019056; ', 'codec_recon_2=0.838160; ']
train step[1136/1500] ; used: 20m:4s; eta: 6m:25s; loss = 2.784183; ['mse_0=0.013267; ', 'lpips_0=0.025727; ', 'codec_recon_0=0.899200; ', 'mse_1=0.010599; ', 'lpips_1=0.020865; ', 'codec_recon_1=0.953565; ', 'mse_2=0.010628; ', 'lpips_2=0.021573; ', 'codec_recon_2=0.828759; ']
train step[1137/1500] ; used: 20m:5s; eta: 6m:24s; loss = 2.723145; ['mse_0=0.009266; ', 'lpips_0=0.024384; ', 'codec_recon_0=0.879921; ', 'mse_1=0.006002; ', 'lpips_1=0.019000; ', 'codec_recon_1=0.942900; ', 'mse_2=0.005965; ', 'lpips_2=0.019262; ', 'codec_recon_2=0.816445; ']
train step[1138/1500] ; used: 20m:6s; eta: 6m:23s; loss = 2.792820; ['mse_0=0.021348; ', 'lpips_0=0.026624; ', 'codec_recon_0=0.874846; ', 'mse_1=0.018842; ', 'lpips_1=0.023733; ', 'codec_recon_1=0.956040; ', 'mse_2=0.018509; ', 'lpips_2=0.023682; ', 'codec_recon_2=0.829196; ']
train step[1139/1500] ; used: 20m:7s; eta: 6m:22s; loss = 2.726540; ['mse_0=0.015022; ', 'lpips_0=0.027295; ', 'codec_recon_0=0.843535; ', 'mse_1=0.011077; ', 'lpips_1=0.021917; ', 'codec_recon_1=0.952823; ', 'mse_2=0.010796; ', 'lpips_2=0.021482; ', 'codec_recon_2=0.822592; ']
train step[1140/1500] ; used: 20m:8s; eta: 6m:21s; loss = 2.718283; ['mse_0=0.010015; ', 'lpips_0=0.026732; ', 'codec_recon_0=0.846067; ', 'mse_1=0.007143; ', 'lpips_1=0.022205; ', 'codec_recon_1=0.949806; ', 'mse_2=0.007058; ', 'lpips_2=0.022334; ', 'codec_recon_2=0.826923; ']
train step[1141/1500] ; used: 20m:9s; eta: 6m:20s; loss = 2.681025; ['mse_0=0.008998; ', 'lpips_0=0.026110; ', 'codec_recon_0=0.840850; ', 'mse_1=0.006150; ', 'lpips_1=0.020504; ', 'codec_recon_1=0.934811; ', 'mse_2=0.005971; ', 'lpips_2=0.020663; ', 'codec_recon_2=0.816968; ']
train step[1142/1500] ; used: 20m:10s; eta: 6m:19s; loss = 2.679060; ['mse_0=0.011934; ', 'lpips_0=0.026383; ', 'codec_recon_0=0.848932; ', 'mse_1=0.008506; ', 'lpips_1=0.020037; ', 'codec_recon_1=0.940063; ', 'mse_2=0.008283; ', 'lpips_2=0.019755; ', 'codec_recon_2=0.795166; ']
train step[1143/1500] ; used: 20m:11s; eta: 6m:18s; loss = 2.692577; ['mse_0=0.009807; ', 'lpips_0=0.024054; ', 'codec_recon_0=0.867845; ', 'mse_1=0.007837; ', 'lpips_1=0.019640; ', 'codec_recon_1=0.933140; ', 'mse_2=0.007823; ', 'lpips_2=0.019997; ', 'codec_recon_2=0.802436; ']
train step[1144/1500] ; used: 20m:12s; eta: 6m:17s; loss = 2.730421; ['mse_0=0.008642; ', 'lpips_0=0.023159; ', 'codec_recon_0=0.866033; ', 'mse_1=0.006742; ', 'lpips_1=0.020096; ', 'codec_recon_1=0.951171; ', 'mse_2=0.006731; ', 'lpips_2=0.020188; ', 'codec_recon_2=0.827660; ']
train step[1145/1500] ; used: 20m:13s; eta: 6m:16s; loss = 2.686563; ['mse_0=0.007324; ', 'lpips_0=0.024549; ', 'codec_recon_0=0.855867; ', 'mse_1=0.005379; ', 'lpips_1=0.019337; ', 'codec_recon_1=0.933953; ', 'mse_2=0.005359; ', 'lpips_2=0.019624; ', 'codec_recon_2=0.815171; ']
train step[1146/1500] ; used: 20m:14s; eta: 6m:14s; loss = 2.708060; ['mse_0=0.005388; ', 'lpips_0=0.024516; ', 'codec_recon_0=0.878762; ', 'mse_1=0.003641; ', 'lpips_1=0.018247; ', 'codec_recon_1=0.936362; ', 'mse_2=0.003601; ', 'lpips_2=0.018394; ', 'codec_recon_2=0.819148; ']
train step[1147/1500] ; used: 20m:15s; eta: 6m:13s; loss = 2.657188; ['mse_0=0.008729; ', 'lpips_0=0.024462; ', 'codec_recon_0=0.833288; ', 'mse_1=0.005402; ', 'lpips_1=0.019109; ', 'codec_recon_1=0.933465; ', 'mse_2=0.005313; ', 'lpips_2=0.019436; ', 'codec_recon_2=0.807983; ']
train step[1148/1500] ; used: 20m:16s; eta: 6m:12s; loss = 2.698410; ['mse_0=0.010958; ', 'lpips_0=0.025227; ', 'codec_recon_0=0.866498; ', 'mse_1=0.006929; ', 'lpips_1=0.017883; ', 'codec_recon_1=0.930466; ', 'mse_2=0.006820; ', 'lpips_2=0.018078; ', 'codec_recon_2=0.815551; ']
train step[1149/1500] ; used: 20m:17s; eta: 6m:11s; loss = 2.741831; ['mse_0=0.009684; ', 'lpips_0=0.025114; ', 'codec_recon_0=0.880778; ', 'mse_1=0.005820; ', 'lpips_1=0.020138; ', 'codec_recon_1=0.942566; ', 'mse_2=0.005784; ', 'lpips_2=0.020533; ', 'codec_recon_2=0.831414; ']
train step[1150/1500] ; used: 20m:18s; eta: 6m:10s; loss = 2.723264; ['mse_0=0.008571; ', 'lpips_0=0.024209; ', 'codec_recon_0=0.872286; ', 'mse_1=0.005390; ', 'lpips_1=0.018140; ', 'codec_recon_1=0.942388; ', 'mse_2=0.005305; ', 'lpips_2=0.018423; ', 'codec_recon_2=0.828552; ']
train step[1151/1500] ; used: 20m:19s; eta: 6m:9s; loss = 2.689164; ['mse_0=0.012141; ', 'lpips_0=0.026609; ', 'codec_recon_0=0.853662; ', 'mse_1=0.009167; ', 'lpips_1=0.020828; ', 'codec_recon_1=0.940177; ', 'mse_2=0.009114; ', 'lpips_2=0.020897; ', 'codec_recon_2=0.796569; ']
train step[1152/1500] ; used: 20m:20s; eta: 6m:8s; loss = 2.722940; ['mse_0=0.011870; ', 'lpips_0=0.026259; ', 'codec_recon_0=0.861131; ', 'mse_1=0.007920; ', 'lpips_1=0.019874; ', 'codec_recon_1=0.950133; ', 'mse_2=0.007770; ', 'lpips_2=0.020010; ', 'codec_recon_2=0.817972; ']
train step[1153/1500] ; used: 20m:21s; eta: 6m:7s; loss = 2.639912; ['mse_0=0.009218; ', 'lpips_0=0.026087; ', 'codec_recon_0=0.837255; ', 'mse_1=0.005083; ', 'lpips_1=0.018983; ', 'codec_recon_1=0.927069; ', 'mse_2=0.004986; ', 'lpips_2=0.018903; ', 'codec_recon_2=0.792328; ']
train step[1154/1500] ; used: 20m:22s; eta: 6m:6s; loss = 2.724648; ['mse_0=0.013768; ', 'lpips_0=0.026662; ', 'codec_recon_0=0.853825; ', 'mse_1=0.012099; ', 'lpips_1=0.022323; ', 'codec_recon_1=0.947887; ', 'mse_2=0.012160; ', 'lpips_2=0.022466; ', 'codec_recon_2=0.813457; ']
train step[1155/1500] ; used: 20m:23s; eta: 6m:5s; loss = 2.808575; ['mse_0=0.035168; ', 'lpips_0=0.027916; ', 'codec_recon_0=0.863595; ', 'mse_1=0.038496; ', 'lpips_1=0.025473; ', 'codec_recon_1=0.942120; ', 'mse_2=0.037694; ', 'lpips_2=0.025523; ', 'codec_recon_2=0.812591; ']
train step[1156/1500] ; used: 20m:24s; eta: 6m:4s; loss = 2.699419; ['mse_0=0.014262; ', 'lpips_0=0.027209; ', 'codec_recon_0=0.813577; ', 'mse_1=0.009181; ', 'lpips_1=0.020917; ', 'codec_recon_1=0.947707; ', 'mse_2=0.008412; ', 'lpips_2=0.020161; ', 'codec_recon_2=0.837993; ']
train step[1157/1500] ; used: 20m:25s; eta: 6m:3s; loss = 2.738829; ['mse_0=0.020167; ', 'lpips_0=0.026415; ', 'codec_recon_0=0.853213; ', 'mse_1=0.018652; ', 'lpips_1=0.022013; ', 'codec_recon_1=0.941514; ', 'mse_2=0.018654; ', 'lpips_2=0.022261; ', 'codec_recon_2=0.815940; ']
train step[1158/1500] ; used: 20m:26s; eta: 6m:2s; loss = 2.687574; ['mse_0=0.010164; ', 'lpips_0=0.025785; ', 'codec_recon_0=0.854043; ', 'mse_1=0.007213; ', 'lpips_1=0.019758; ', 'codec_recon_1=0.939700; ', 'mse_2=0.006988; ', 'lpips_2=0.019524; ', 'codec_recon_2=0.804400; ']
train step[1159/1500] ; used: 20m:27s; eta: 6m; loss = 2.669762; ['mse_0=0.008394; ', 'lpips_0=0.023962; ', 'codec_recon_0=0.838669; ', 'mse_1=0.006579; ', 'lpips_1=0.019354; ', 'codec_recon_1=0.936178; ', 'mse_2=0.006505; ', 'lpips_2=0.019473; ', 'codec_recon_2=0.810647; ']
train step[1160/1500] ; used: 20m:28s; eta: 5m:59s; loss = 2.704895; ['mse_0=0.012624; ', 'lpips_0=0.025973; ', 'codec_recon_0=0.857093; ', 'mse_1=0.009143; ', 'lpips_1=0.021035; ', 'codec_recon_1=0.938027; ', 'mse_2=0.008990; ', 'lpips_2=0.021204; ', 'codec_recon_2=0.810807; ']
train step[1161/1500] ; used: 20m:29s; eta: 5m:58s; loss = 2.761158; ['mse_0=0.017890; ', 'lpips_0=0.026240; ', 'codec_recon_0=0.885352; ', 'mse_1=0.013397; ', 'lpips_1=0.020741; ', 'codec_recon_1=0.953502; ', 'mse_2=0.013156; ', 'lpips_2=0.021074; ', 'codec_recon_2=0.809805; ']
train step[1162/1500] ; used: 20m:30s; eta: 5m:57s; loss = 2.709394; ['mse_0=0.008723; ', 'lpips_0=0.025097; ', 'codec_recon_0=0.870107; ', 'mse_1=0.006653; ', 'lpips_1=0.019842; ', 'codec_recon_1=0.929817; ', 'mse_2=0.006657; ', 'lpips_2=0.020124; ', 'codec_recon_2=0.822373; ']
train step[1163/1500] ; used: 20m:31s; eta: 5m:56s; loss = 2.738289; ['mse_0=0.014448; ', 'lpips_0=0.025964; ', 'codec_recon_0=0.882149; ', 'mse_1=0.010458; ', 'lpips_1=0.021769; ', 'codec_recon_1=0.940467; ', 'mse_2=0.010408; ', 'lpips_2=0.021796; ', 'codec_recon_2=0.810831; ']
train step[1164/1500] ; used: 20m:32s; eta: 5m:55s; loss = 2.695386; ['mse_0=0.010114; ', 'lpips_0=0.026810; ', 'codec_recon_0=0.846979; ', 'mse_1=0.007441; ', 'lpips_1=0.022523; ', 'codec_recon_1=0.943555; ', 'mse_2=0.007423; ', 'lpips_2=0.022198; ', 'codec_recon_2=0.808343; ']
train step[1165/1500] ; used: 20m:33s; eta: 5m:54s; loss = 2.733264; ['mse_0=0.016331; ', 'lpips_0=0.025292; ', 'codec_recon_0=0.855471; ', 'mse_1=0.011839; ', 'lpips_1=0.018681; ', 'codec_recon_1=0.953770; ', 'mse_2=0.011493; ', 'lpips_2=0.018526; ', 'codec_recon_2=0.821860; ']
train step[1166/1500] ; used: 20m:34s; eta: 5m:53s; loss = 2.768009; ['mse_0=0.010023; ', 'lpips_0=0.023765; ', 'codec_recon_0=0.889638; ', 'mse_1=0.008607; ', 'lpips_1=0.019362; ', 'codec_recon_1=0.949506; ', 'mse_2=0.008603; ', 'lpips_2=0.019762; ', 'codec_recon_2=0.838743; ']
train step[1167/1500] ; used: 20m:36s; eta: 5m:52s; loss = 2.715777; ['mse_0=0.015472; ', 'lpips_0=0.026269; ', 'codec_recon_0=0.868517; ', 'mse_1=0.011625; ', 'lpips_1=0.020503; ', 'codec_recon_1=0.941817; ', 'mse_2=0.011458; ', 'lpips_2=0.020329; ', 'codec_recon_2=0.799788; ']
train step[1168/1500] ; used: 20m:36s; eta: 5m:51s; loss = 2.723539; ['mse_0=0.010108; ', 'lpips_0=0.023314; ', 'codec_recon_0=0.876260; ', 'mse_1=0.007563; ', 'lpips_1=0.018018; ', 'codec_recon_1=0.942236; ', 'mse_2=0.007408; ', 'lpips_2=0.018240; ', 'codec_recon_2=0.820393; ']
train step[1169/1500] ; used: 20m:38s; eta: 5m:50s; loss = 2.665883; ['mse_0=0.011010; ', 'lpips_0=0.026213; ', 'codec_recon_0=0.852883; ', 'mse_1=0.006932; ', 'lpips_1=0.020695; ', 'codec_recon_1=0.935084; ', 'mse_2=0.006801; ', 'lpips_2=0.020703; ', 'codec_recon_2=0.785562; ']
train step[1170/1500] ; used: 20m:39s; eta: 5m:49s; loss = 2.695309; ['mse_0=0.011365; ', 'lpips_0=0.026391; ', 'codec_recon_0=0.863890; ', 'mse_1=0.008560; ', 'lpips_1=0.021751; ', 'codec_recon_1=0.943320; ', 'mse_2=0.008513; ', 'lpips_2=0.021856; ', 'codec_recon_2=0.789663; ']
train step[1171/1500] ; used: 20m:40s; eta: 5m:48s; loss = 2.685744; ['mse_0=0.013645; ', 'lpips_0=0.026455; ', 'codec_recon_0=0.845628; ', 'mse_1=0.010073; ', 'lpips_1=0.020597; ', 'codec_recon_1=0.935699; ', 'mse_2=0.009917; ', 'lpips_2=0.020479; ', 'codec_recon_2=0.803251; ']
train step[1172/1500] ; used: 20m:41s; eta: 5m:47s; loss = 2.650061; ['mse_0=0.010946; ', 'lpips_0=0.024551; ', 'codec_recon_0=0.842869; ', 'mse_1=0.006897; ', 'lpips_1=0.017257; ', 'codec_recon_1=0.934760; ', 'mse_2=0.006595; ', 'lpips_2=0.017154; ', 'codec_recon_2=0.789033; ']
train step[1173/1500] ; used: 20m:42s; eta: 5m:45s; loss = 2.681854; ['mse_0=0.008352; ', 'lpips_0=0.023398; ', 'codec_recon_0=0.849736; ', 'mse_1=0.005679; ', 'lpips_1=0.018028; ', 'codec_recon_1=0.936344; ', 'mse_2=0.005578; ', 'lpips_2=0.018373; ', 'codec_recon_2=0.816366; ']
train step[1174/1500] ; used: 20m:43s; eta: 5m:44s; loss = 2.732094; ['mse_0=0.015863; ', 'lpips_0=0.028376; ', 'codec_recon_0=0.845145; ', 'mse_1=0.013434; ', 'lpips_1=0.025358; ', 'codec_recon_1=0.951037; ', 'mse_2=0.013288; ', 'lpips_2=0.025150; ', 'codec_recon_2=0.814443; ']
train step[1175/1500] ; used: 20m:44s; eta: 5m:43s; loss = 2.654228; ['mse_0=0.011490; ', 'lpips_0=0.024887; ', 'codec_recon_0=0.825695; ', 'mse_1=0.009021; ', 'lpips_1=0.020398; ', 'codec_recon_1=0.936175; ', 'mse_2=0.008811; ', 'lpips_2=0.020391; ', 'codec_recon_2=0.797361; ']
train step[1176/1500] ; used: 20m:45s; eta: 5m:42s; loss = 2.642602; ['mse_0=0.013626; ', 'lpips_0=0.026273; ', 'codec_recon_0=0.828101; ', 'mse_1=0.008536; ', 'lpips_1=0.019832; ', 'codec_recon_1=0.929950; ', 'mse_2=0.008112; ', 'lpips_2=0.019693; ', 'codec_recon_2=0.788480; ']
train step[1177/1500] ; used: 20m:46s; eta: 5m:41s; loss = 2.720135; ['mse_0=0.014389; ', 'lpips_0=0.027591; ', 'codec_recon_0=0.855528; ', 'mse_1=0.012209; ', 'lpips_1=0.022380; ', 'codec_recon_1=0.948332; ', 'mse_2=0.012095; ', 'lpips_2=0.022514; ', 'codec_recon_2=0.805097; ']
train step[1178/1500] ; used: 20m:47s; eta: 5m:40s; loss = 2.653442; ['mse_0=0.012552; ', 'lpips_0=0.026288; ', 'codec_recon_0=0.837300; ', 'mse_1=0.010138; ', 'lpips_1=0.021409; ', 'codec_recon_1=0.931093; ', 'mse_2=0.010051; ', 'lpips_2=0.021152; ', 'codec_recon_2=0.783460; ']
train step[1179/1500] ; used: 20m:48s; eta: 5m:39s; loss = 2.723452; ['mse_0=0.010759; ', 'lpips_0=0.024948; ', 'codec_recon_0=0.868092; ', 'mse_1=0.009707; ', 'lpips_1=0.020894; ', 'codec_recon_1=0.938665; ', 'mse_2=0.009627; ', 'lpips_2=0.020816; ', 'codec_recon_2=0.819944; ']
train step[1180/1500] ; used: 20m:49s; eta: 5m:38s; loss = 2.672724; ['mse_0=0.012117; ', 'lpips_0=0.026011; ', 'codec_recon_0=0.850654; ', 'mse_1=0.009296; ', 'lpips_1=0.020349; ', 'codec_recon_1=0.933139; ', 'mse_2=0.009233; ', 'lpips_2=0.020412; ', 'codec_recon_2=0.791513; ']
train step[1181/1500] ; used: 20m:50s; eta: 5m:37s; loss = 2.699920; ['mse_0=0.011477; ', 'lpips_0=0.024979; ', 'codec_recon_0=0.867999; ', 'mse_1=0.008298; ', 'lpips_1=0.019610; ', 'codec_recon_1=0.937290; ', 'mse_2=0.008092; ', 'lpips_2=0.019413; ', 'codec_recon_2=0.802763; ']
train step[1182/1500] ; used: 20m:51s; eta: 5m:36s; loss = 2.655370; ['mse_0=0.013198; ', 'lpips_0=0.026841; ', 'codec_recon_0=0.835587; ', 'mse_1=0.009719; ', 'lpips_1=0.022146; ', 'codec_recon_1=0.936949; ', 'mse_2=0.009450; ', 'lpips_2=0.021963; ', 'codec_recon_2=0.779518; ']
train step[1183/1500] ; used: 20m:52s; eta: 5m:35s; loss = 2.698428; ['mse_0=0.022565; ', 'lpips_0=0.025909; ', 'codec_recon_0=0.850641; ', 'mse_1=0.017538; ', 'lpips_1=0.021366; ', 'codec_recon_1=0.936554; ', 'mse_2=0.017121; ', 'lpips_2=0.021367; ', 'codec_recon_2=0.785366; ']
train step[1184/1500] ; used: 20m:53s; eta: 5m:34s; loss = 2.668047; ['mse_0=0.014232; ', 'lpips_0=0.026554; ', 'codec_recon_0=0.821862; ', 'mse_1=0.010954; ', 'lpips_1=0.021199; ', 'codec_recon_1=0.939385; ', 'mse_2=0.010674; ', 'lpips_2=0.021250; ', 'codec_recon_2=0.801937; ']
train step[1185/1500] ; used: 20m:54s; eta: 5m:33s; loss = 2.719390; ['mse_0=0.011389; ', 'lpips_0=0.025358; ', 'codec_recon_0=0.872008; ', 'mse_1=0.008532; ', 'lpips_1=0.021876; ', 'codec_recon_1=0.944924; ', 'mse_2=0.008502; ', 'lpips_2=0.022069; ', 'codec_recon_2=0.804732; ']
train step[1186/1500] ; used: 20m:55s; eta: 5m:32s; loss = 2.659876; ['mse_0=0.008521; ', 'lpips_0=0.024909; ', 'codec_recon_0=0.851392; ', 'mse_1=0.005494; ', 'lpips_1=0.018524; ', 'codec_recon_1=0.935037; ', 'mse_2=0.005409; ', 'lpips_2=0.018569; ', 'codec_recon_2=0.792021; ']
train step[1187/1500] ; used: 20m:56s; eta: 5m:30s; loss = 2.670253; ['mse_0=0.009129; ', 'lpips_0=0.026930; ', 'codec_recon_0=0.862665; ', 'mse_1=0.006345; ', 'lpips_1=0.021571; ', 'codec_recon_1=0.933543; ', 'mse_2=0.006270; ', 'lpips_2=0.021809; ', 'codec_recon_2=0.781991; ']
train step[1188/1500] ; used: 20m:57s; eta: 5m:29s; loss = 2.708157; ['mse_0=0.014490; ', 'lpips_0=0.027509; ', 'codec_recon_0=0.833408; ', 'mse_1=0.012220; ', 'lpips_1=0.024068; ', 'codec_recon_1=0.942415; ', 'mse_2=0.012001; ', 'lpips_2=0.023879; ', 'codec_recon_2=0.818168; ']
train step[1189/1500] ; used: 20m:58s; eta: 5m:28s; loss = 2.652901; ['mse_0=0.008272; ', 'lpips_0=0.027528; ', 'codec_recon_0=0.849480; ', 'mse_1=0.006492; ', 'lpips_1=0.021630; ', 'codec_recon_1=0.919727; ', 'mse_2=0.006493; ', 'lpips_2=0.021951; ', 'codec_recon_2=0.791328; ']
train step[1190/1500] ; used: 20m:59s; eta: 5m:27s; loss = 2.644509; ['mse_0=0.011105; ', 'lpips_0=0.024980; ', 'codec_recon_0=0.843168; ', 'mse_1=0.008290; ', 'lpips_1=0.020413; ', 'codec_recon_1=0.923303; ', 'mse_2=0.008141; ', 'lpips_2=0.020395; ', 'codec_recon_2=0.784715; ']
train step[1191/1500] ; used: 21m; eta: 5m:26s; loss = 2.625036; ['mse_0=0.008750; ', 'lpips_0=0.024443; ', 'codec_recon_0=0.800878; ', 'mse_1=0.006731; ', 'lpips_1=0.019793; ', 'codec_recon_1=0.936498; ', 'mse_2=0.006573; ', 'lpips_2=0.020151; ', 'codec_recon_2=0.801219; ']
train step[1192/1500] ; used: 21m:1s; eta: 5m:25s; loss = 2.709934; ['mse_0=0.007244; ', 'lpips_0=0.025820; ', 'codec_recon_0=0.871601; ', 'mse_1=0.005043; ', 'lpips_1=0.020924; ', 'codec_recon_1=0.940887; ', 'mse_2=0.005032; ', 'lpips_2=0.021289; ', 'codec_recon_2=0.812094; ']
train step[1193/1500] ; used: 21m:2s; eta: 5m:24s; loss = 2.703961; ['mse_0=0.015334; ', 'lpips_0=0.026474; ', 'codec_recon_0=0.855247; ', 'mse_1=0.012762; ', 'lpips_1=0.021937; ', 'codec_recon_1=0.940047; ', 'mse_2=0.012685; ', 'lpips_2=0.021921; ', 'codec_recon_2=0.797553; ']
train step[1194/1500] ; used: 21m:3s; eta: 5m:23s; loss = 2.672537; ['mse_0=0.013006; ', 'lpips_0=0.027278; ', 'codec_recon_0=0.856521; ', 'mse_1=0.010108; ', 'lpips_1=0.022980; ', 'codec_recon_1=0.932984; ', 'mse_2=0.009986; ', 'lpips_2=0.022935; ', 'codec_recon_2=0.776739; ']
train step[1195/1500] ; used: 21m:4s; eta: 5m:22s; loss = 2.651252; ['mse_0=0.010123; ', 'lpips_0=0.025965; ', 'codec_recon_0=0.826176; ', 'mse_1=0.007064; ', 'lpips_1=0.020240; ', 'codec_recon_1=0.932570; ', 'mse_2=0.006888; ', 'lpips_2=0.019952; ', 'codec_recon_2=0.802275; ']
train step[1196/1500] ; used: 21m:5s; eta: 5m:21s; loss = 2.672175; ['mse_0=0.013553; ', 'lpips_0=0.027167; ', 'codec_recon_0=0.831180; ', 'mse_1=0.009695; ', 'lpips_1=0.022578; ', 'codec_recon_1=0.936116; ', 'mse_2=0.009627; ', 'lpips_2=0.022443; ', 'codec_recon_2=0.799816; ']
train step[1197/1500] ; used: 21m:6s; eta: 5m:20s; loss = 2.661186; ['mse_0=0.014831; ', 'lpips_0=0.029055; ', 'codec_recon_0=0.819196; ', 'mse_1=0.012754; ', 'lpips_1=0.025531; ', 'codec_recon_1=0.939637; ', 'mse_2=0.012697; ', 'lpips_2=0.025147; ', 'codec_recon_2=0.782340; ']
train step[1198/1500] ; used: 21m:7s; eta: 5m:19s; loss = 2.717386; ['mse_0=0.018950; ', 'lpips_0=0.026531; ', 'codec_recon_0=0.842977; ', 'mse_1=0.015712; ', 'lpips_1=0.020199; ', 'codec_recon_1=0.947238; ', 'mse_2=0.015482; ', 'lpips_2=0.020326; ', 'codec_recon_2=0.809972; ']
train step[1199/1500] ; used: 21m:8s; eta: 5m:18s; loss = 2.590120; ['mse_0=0.011887; ', 'lpips_0=0.026062; ', 'codec_recon_0=0.815216; ', 'mse_1=0.008118; ', 'lpips_1=0.019746; ', 'codec_recon_1=0.914070; ', 'mse_2=0.007990; ', 'lpips_2=0.019716; ', 'codec_recon_2=0.767314; ']
train step[1200/1500] ; used: 21m:9s; eta: 5m:17s; loss = 2.684574; ['mse_0=0.014642; ', 'lpips_0=0.028204; ', 'codec_recon_0=0.850578; ', 'mse_1=0.013513; ', 'lpips_1=0.024867; ', 'codec_recon_1=0.941806; ', 'mse_2=0.013471; ', 'lpips_2=0.024841; ', 'codec_recon_2=0.772654; ']
train step[1201/1500] ; used: 21m:10s; eta: 5m:15s; loss = 2.663776; ['mse_0=0.013073; ', 'lpips_0=0.024501; ', 'codec_recon_0=0.831494; ', 'mse_1=0.010966; ', 'lpips_1=0.019665; ', 'codec_recon_1=0.929172; ', 'mse_2=0.010985; ', 'lpips_2=0.019748; ', 'codec_recon_2=0.804173; ']
train step[1202/1500] ; used: 21m:11s; eta: 5m:14s; loss = 2.752853; ['mse_0=0.012453; ', 'lpips_0=0.023898; ', 'codec_recon_0=0.882801; ', 'mse_1=0.010603; ', 'lpips_1=0.019619; ', 'codec_recon_1=0.943364; ', 'mse_2=0.010612; ', 'lpips_2=0.020590; ', 'codec_recon_2=0.828913; ']
train step[1203/1500] ; used: 21m:12s; eta: 5m:13s; loss = 2.692625; ['mse_0=0.010149; ', 'lpips_0=0.023574; ', 'codec_recon_0=0.857277; ', 'mse_1=0.007052; ', 'lpips_1=0.018354; ', 'codec_recon_1=0.935453; ', 'mse_2=0.007063; ', 'lpips_2=0.018877; ', 'codec_recon_2=0.814826; ']
train step[1204/1500] ; used: 21m:13s; eta: 5m:12s; loss = 2.820538; ['mse_0=0.010171; ', 'lpips_0=0.025132; ', 'codec_recon_0=0.897387; ', 'mse_1=0.007597; ', 'lpips_1=0.020920; ', 'codec_recon_1=0.950876; ', 'mse_2=0.007562; ', 'lpips_2=0.021107; ', 'codec_recon_2=0.879787; ']
train step[1205/1500] ; used: 21m:14s; eta: 5m:11s; loss = 2.659148; ['mse_0=0.009345; ', 'lpips_0=0.025633; ', 'codec_recon_0=0.840615; ', 'mse_1=0.006411; ', 'lpips_1=0.019599; ', 'codec_recon_1=0.929686; ', 'mse_2=0.006292; ', 'lpips_2=0.019677; ', 'codec_recon_2=0.801892; ']
train step[1206/1500] ; used: 21m:15s; eta: 5m:10s; loss = 2.680706; ['mse_0=0.010830; ', 'lpips_0=0.024801; ', 'codec_recon_0=0.864085; ', 'mse_1=0.007259; ', 'lpips_1=0.019407; ', 'codec_recon_1=0.930213; ', 'mse_2=0.007281; ', 'lpips_2=0.019847; ', 'codec_recon_2=0.796983; ']
train step[1207/1500] ; used: 21m:16s; eta: 5m:9s; loss = 2.672673; ['mse_0=0.009787; ', 'lpips_0=0.024665; ', 'codec_recon_0=0.853185; ', 'mse_1=0.007678; ', 'lpips_1=0.019710; ', 'codec_recon_1=0.928837; ', 'mse_2=0.007520; ', 'lpips_2=0.019817; ', 'codec_recon_2=0.801473; ']
train step[1208/1500] ; used: 21m:17s; eta: 5m:8s; loss = 2.654935; ['mse_0=0.018362; ', 'lpips_0=0.026224; ', 'codec_recon_0=0.826244; ', 'mse_1=0.016261; ', 'lpips_1=0.021097; ', 'codec_recon_1=0.931651; ', 'mse_2=0.016007; ', 'lpips_2=0.021131; ', 'codec_recon_2=0.777959; ']
train step[1209/1500] ; used: 21m:18s; eta: 5m:7s; loss = 2.730243; ['mse_0=0.016501; ', 'lpips_0=0.025713; ', 'codec_recon_0=0.864777; ', 'mse_1=0.015052; ', 'lpips_1=0.021064; ', 'codec_recon_1=0.936022; ', 'mse_2=0.015076; ', 'lpips_2=0.021381; ', 'codec_recon_2=0.814658; ']
train step[1210/1500] ; used: 21m:19s; eta: 5m:6s; loss = 2.619700; ['mse_0=0.008635; ', 'lpips_0=0.026492; ', 'codec_recon_0=0.826082; ', 'mse_1=0.005803; ', 'lpips_1=0.020258; ', 'codec_recon_1=0.920811; ', 'mse_2=0.005797; ', 'lpips_2=0.019927; ', 'codec_recon_2=0.785895; ']
train step[1211/1500] ; used: 21m:20s; eta: 5m:5s; loss = 2.638029; ['mse_0=0.008702; ', 'lpips_0=0.024729; ', 'codec_recon_0=0.844209; ', 'mse_1=0.006302; ', 'lpips_1=0.018700; ', 'codec_recon_1=0.923517; ', 'mse_2=0.006277; ', 'lpips_2=0.018902; ', 'codec_recon_2=0.786691; ']
train step[1212/1500] ; used: 21m:21s; eta: 5m:4s; loss = 2.668416; ['mse_0=0.007861; ', 'lpips_0=0.024213; ', 'codec_recon_0=0.846895; ', 'mse_1=0.005150; ', 'lpips_1=0.018337; ', 'codec_recon_1=0.924151; ', 'mse_2=0.005135; ', 'lpips_2=0.019000; ', 'codec_recon_2=0.817675; ']
train step[1213/1500] ; used: 21m:22s; eta: 5m:3s; loss = 2.739691; ['mse_0=0.021096; ', 'lpips_0=0.027001; ', 'codec_recon_0=0.859377; ', 'mse_1=0.018647; ', 'lpips_1=0.023566; ', 'codec_recon_1=0.936951; ', 'mse_2=0.018747; ', 'lpips_2=0.023706; ', 'codec_recon_2=0.810599; ']
train step[1214/1500] ; used: 21m:23s; eta: 5m:2s; loss = 2.608346; ['mse_0=0.014844; ', 'lpips_0=0.027868; ', 'codec_recon_0=0.804644; ', 'mse_1=0.012083; ', 'lpips_1=0.022892; ', 'codec_recon_1=0.926635; ', 'mse_2=0.011712; ', 'lpips_2=0.021814; ', 'codec_recon_2=0.765852; ']
train step[1215/1500] ; used: 21m:24s; eta: 5m:1s; loss = 2.572980; ['mse_0=0.008126; ', 'lpips_0=0.025928; ', 'codec_recon_0=0.816151; ', 'mse_1=0.005590; ', 'lpips_1=0.019699; ', 'codec_recon_1=0.915316; ', 'mse_2=0.005515; ', 'lpips_2=0.019612; ', 'codec_recon_2=0.757043; ']
train step[1216/1500] ; used: 21m:25s; eta: 4m:59s; loss = 2.605973; ['mse_0=0.011258; ', 'lpips_0=0.026509; ', 'codec_recon_0=0.777895; ', 'mse_1=0.008380; ', 'lpips_1=0.020702; ', 'codec_recon_1=0.923148; ', 'mse_2=0.008206; ', 'lpips_2=0.020545; ', 'codec_recon_2=0.809330; ']
train step[1217/1500] ; used: 21m:26s; eta: 4m:58s; loss = 2.631374; ['mse_0=0.011880; ', 'lpips_0=0.025997; ', 'codec_recon_0=0.836565; ', 'mse_1=0.008565; ', 'lpips_1=0.019078; ', 'codec_recon_1=0.919867; ', 'mse_2=0.008466; ', 'lpips_2=0.019361; ', 'codec_recon_2=0.781595; ']
train step[1218/1500] ; used: 21m:27s; eta: 4m:57s; loss = 2.623594; ['mse_0=0.008019; ', 'lpips_0=0.025082; ', 'codec_recon_0=0.819650; ', 'mse_1=0.004756; ', 'lpips_1=0.018328; ', 'codec_recon_1=0.921903; ', 'mse_2=0.004697; ', 'lpips_2=0.018746; ', 'codec_recon_2=0.802413; ']
train step[1219/1500] ; used: 21m:28s; eta: 4m:56s; loss = 2.683172; ['mse_0=0.014975; ', 'lpips_0=0.025034; ', 'codec_recon_0=0.852891; ', 'mse_1=0.010575; ', 'lpips_1=0.020632; ', 'codec_recon_1=0.924767; ', 'mse_2=0.010487; ', 'lpips_2=0.020658; ', 'codec_recon_2=0.803154; ']
train step[1220/1500] ; used: 21m:29s; eta: 4m:55s; loss = 2.651150; ['mse_0=0.011927; ', 'lpips_0=0.025037; ', 'codec_recon_0=0.838099; ', 'mse_1=0.008567; ', 'lpips_1=0.018676; ', 'codec_recon_1=0.922230; ', 'mse_2=0.008422; ', 'lpips_2=0.019032; ', 'codec_recon_2=0.799160; ']
train step[1221/1500] ; used: 21m:30s; eta: 4m:54s; loss = 2.636645; ['mse_0=0.019767; ', 'lpips_0=0.027787; ', 'codec_recon_0=0.802130; ', 'mse_1=0.016765; ', 'lpips_1=0.021816; ', 'codec_recon_1=0.921836; ', 'mse_2=0.016478; ', 'lpips_2=0.021374; ', 'codec_recon_2=0.788691; ']
train step[1222/1500] ; used: 21m:31s; eta: 4m:53s; loss = 2.590541; ['mse_0=0.006113; ', 'lpips_0=0.027262; ', 'codec_recon_0=0.817618; ', 'mse_1=0.004957; ', 'lpips_1=0.021526; ', 'codec_recon_1=0.912023; ', 'mse_2=0.004945; ', 'lpips_2=0.021441; ', 'codec_recon_2=0.774655; ']
train step[1223/1500] ; used: 21m:32s; eta: 4m:52s; loss = 2.638916; ['mse_0=0.008537; ', 'lpips_0=0.025008; ', 'codec_recon_0=0.844881; ', 'mse_1=0.005634; ', 'lpips_1=0.018076; ', 'codec_recon_1=0.924485; ', 'mse_2=0.005644; ', 'lpips_2=0.018486; ', 'codec_recon_2=0.788166; ']
train step[1224/1500] ; used: 21m:33s; eta: 4m:51s; loss = 2.649774; ['mse_0=0.011114; ', 'lpips_0=0.024546; ', 'codec_recon_0=0.850327; ', 'mse_1=0.008240; ', 'lpips_1=0.019136; ', 'codec_recon_1=0.927921; ', 'mse_2=0.008084; ', 'lpips_2=0.019155; ', 'codec_recon_2=0.781251; ']
train step[1225/1500] ; used: 21m:34s; eta: 4m:50s; loss = 2.655223; ['mse_0=0.014225; ', 'lpips_0=0.024739; ', 'codec_recon_0=0.833612; ', 'mse_1=0.009862; ', 'lpips_1=0.018400; ', 'codec_recon_1=0.923877; ', 'mse_2=0.009686; ', 'lpips_2=0.018744; ', 'codec_recon_2=0.802078; ']
train step[1226/1500] ; used: 21m:35s; eta: 4m:49s; loss = 2.644663; ['mse_0=0.009057; ', 'lpips_0=0.024796; ', 'codec_recon_0=0.846614; ', 'mse_1=0.006522; ', 'lpips_1=0.018735; ', 'codec_recon_1=0.922130; ', 'mse_2=0.006447; ', 'lpips_2=0.018881; ', 'codec_recon_2=0.791481; ']
train step[1227/1500] ; used: 21m:36s; eta: 4m:48s; loss = 2.650171; ['mse_0=0.010109; ', 'lpips_0=0.027370; ', 'codec_recon_0=0.844006; ', 'mse_1=0.008119; ', 'lpips_1=0.021995; ', 'codec_recon_1=0.927715; ', 'mse_2=0.008314; ', 'lpips_2=0.022331; ', 'codec_recon_2=0.780212; ']
train step[1228/1500] ; used: 21m:37s; eta: 4m:47s; loss = 2.684497; ['mse_0=0.012511; ', 'lpips_0=0.025390; ', 'codec_recon_0=0.853713; ', 'mse_1=0.008553; ', 'lpips_1=0.020106; ', 'codec_recon_1=0.927351; ', 'mse_2=0.008612; ', 'lpips_2=0.020260; ', 'codec_recon_2=0.808001; ']
train step[1229/1500] ; used: 21m:38s; eta: 4m:46s; loss = 2.602077; ['mse_0=0.009328; ', 'lpips_0=0.026844; ', 'codec_recon_0=0.784218; ', 'mse_1=0.006910; ', 'lpips_1=0.021565; ', 'codec_recon_1=0.923364; ', 'mse_2=0.006703; ', 'lpips_2=0.021026; ', 'codec_recon_2=0.802118; ']
train step[1230/1500] ; used: 21m:39s; eta: 4m:45s; loss = 2.646696; ['mse_0=0.012818; ', 'lpips_0=0.026100; ', 'codec_recon_0=0.838146; ', 'mse_1=0.009233; ', 'lpips_1=0.020094; ', 'codec_recon_1=0.925167; ', 'mse_2=0.009032; ', 'lpips_2=0.020026; ', 'codec_recon_2=0.786081; ']
train step[1231/1500] ; used: 21m:40s; eta: 4m:43s; loss = 2.574633; ['mse_0=0.007402; ', 'lpips_0=0.025500; ', 'codec_recon_0=0.826921; ', 'mse_1=0.005216; ', 'lpips_1=0.019687; ', 'codec_recon_1=0.909050; ', 'mse_2=0.005208; ', 'lpips_2=0.019499; ', 'codec_recon_2=0.756150; ']
train step[1232/1500] ; used: 21m:41s; eta: 4m:42s; loss = 2.609396; ['mse_0=0.013072; ', 'lpips_0=0.025551; ', 'codec_recon_0=0.801682; ', 'mse_1=0.010658; ', 'lpips_1=0.020422; ', 'codec_recon_1=0.918549; ', 'mse_2=0.010671; ', 'lpips_2=0.020183; ', 'codec_recon_2=0.788609; ']
train step[1233/1500] ; used: 21m:42s; eta: 4m:41s; loss = 2.660535; ['mse_0=0.011795; ', 'lpips_0=0.025304; ', 'codec_recon_0=0.851404; ', 'mse_1=0.008904; ', 'lpips_1=0.020096; ', 'codec_recon_1=0.933464; ', 'mse_2=0.008715; ', 'lpips_2=0.019750; ', 'codec_recon_2=0.781103; ']
train step[1234/1500] ; used: 21m:43s; eta: 4m:40s; loss = 2.690933; ['mse_0=0.010514; ', 'lpips_0=0.023984; ', 'codec_recon_0=0.845802; ', 'mse_1=0.009487; ', 'lpips_1=0.021066; ', 'codec_recon_1=0.930797; ', 'mse_2=0.009634; ', 'lpips_2=0.021325; ', 'codec_recon_2=0.818323; ']
train step[1235/1500] ; used: 21m:44s; eta: 4m:39s; loss = 2.597295; ['mse_0=0.009757; ', 'lpips_0=0.026948; ', 'codec_recon_0=0.814548; ', 'mse_1=0.008650; ', 'lpips_1=0.022131; ', 'codec_recon_1=0.918881; ', 'mse_2=0.008632; ', 'lpips_2=0.021785; ', 'codec_recon_2=0.765964; ']
train step[1236/1500] ; used: 21m:45s; eta: 4m:38s; loss = 2.621857; ['mse_0=0.007858; ', 'lpips_0=0.025550; ', 'codec_recon_0=0.844203; ', 'mse_1=0.006386; ', 'lpips_1=0.020424; ', 'codec_recon_1=0.917879; ', 'mse_2=0.006395; ', 'lpips_2=0.020546; ', 'codec_recon_2=0.772616; ']
train step[1237/1500] ; used: 21m:46s; eta: 4m:37s; loss = 2.608308; ['mse_0=0.009462; ', 'lpips_0=0.025687; ', 'codec_recon_0=0.795922; ', 'mse_1=0.007077; ', 'lpips_1=0.020830; ', 'codec_recon_1=0.922359; ', 'mse_2=0.006828; ', 'lpips_2=0.019817; ', 'codec_recon_2=0.800326; ']
train step[1238/1500] ; used: 21m:47s; eta: 4m:36s; loss = 2.639920; ['mse_0=0.012538; ', 'lpips_0=0.027579; ', 'codec_recon_0=0.782145; ', 'mse_1=0.009911; ', 'lpips_1=0.023703; ', 'codec_recon_1=0.931038; ', 'mse_2=0.009464; ', 'lpips_2=0.022317; ', 'codec_recon_2=0.821225; ']
train step[1239/1500] ; used: 21m:48s; eta: 4m:35s; loss = 2.616020; ['mse_0=0.008464; ', 'lpips_0=0.028824; ', 'codec_recon_0=0.788183; ', 'mse_1=0.007528; ', 'lpips_1=0.024097; ', 'codec_recon_1=0.930440; ', 'mse_2=0.007833; ', 'lpips_2=0.023460; ', 'codec_recon_2=0.797192; ']
train step[1240/1500] ; used: 21m:49s; eta: 4m:34s; loss = 2.623852; ['mse_0=0.011311; ', 'lpips_0=0.024830; ', 'codec_recon_0=0.834330; ', 'mse_1=0.008962; ', 'lpips_1=0.019962; ', 'codec_recon_1=0.921984; ', 'mse_2=0.008696; ', 'lpips_2=0.019773; ', 'codec_recon_2=0.774005; ']
train step[1241/1500] ; used: 21m:50s; eta: 4m:33s; loss = 2.699032; ['mse_0=0.017108; ', 'lpips_0=0.028018; ', 'codec_recon_0=0.852514; ', 'mse_1=0.015771; ', 'lpips_1=0.025739; ', 'codec_recon_1=0.933232; ', 'mse_2=0.015478; ', 'lpips_2=0.025527; ', 'codec_recon_2=0.785644; ']
train step[1242/1500] ; used: 21m:51s; eta: 4m:32s; loss = 2.632077; ['mse_0=0.018533; ', 'lpips_0=0.027293; ', 'codec_recon_0=0.830705; ', 'mse_1=0.014919; ', 'lpips_1=0.022261; ', 'codec_recon_1=0.920314; ', 'mse_2=0.014582; ', 'lpips_2=0.021795; ', 'codec_recon_2=0.761675; ']
train step[1243/1500] ; used: 21m:52s; eta: 4m:31s; loss = 2.596645; ['mse_0=0.010259; ', 'lpips_0=0.026299; ', 'codec_recon_0=0.823659; ', 'mse_1=0.007221; ', 'lpips_1=0.020473; ', 'codec_recon_1=0.921875; ', 'mse_2=0.006978; ', 'lpips_2=0.020808; ', 'codec_recon_2=0.759073; ']
train step[1244/1500] ; used: 21m:53s; eta: 4m:30s; loss = 2.686368; ['mse_0=0.009166; ', 'lpips_0=0.024045; ', 'codec_recon_0=0.862356; ', 'mse_1=0.006967; ', 'lpips_1=0.018490; ', 'codec_recon_1=0.928397; ', 'mse_2=0.006738; ', 'lpips_2=0.019338; ', 'codec_recon_2=0.810872; ']
train step[1245/1500] ; used: 21m:54s; eta: 4m:29s; loss = 2.658457; ['mse_0=0.009364; ', 'lpips_0=0.024725; ', 'codec_recon_0=0.852110; ', 'mse_1=0.007833; ', 'lpips_1=0.019678; ', 'codec_recon_1=0.923024; ', 'mse_2=0.007821; ', 'lpips_2=0.019861; ', 'codec_recon_2=0.794040; ']
train step[1246/1500] ; used: 21m:55s; eta: 4m:28s; loss = 2.687450; ['mse_0=0.012474; ', 'lpips_0=0.026231; ', 'codec_recon_0=0.857238; ', 'mse_1=0.010364; ', 'lpips_1=0.021617; ', 'codec_recon_1=0.936311; ', 'mse_2=0.010176; ', 'lpips_2=0.021824; ', 'codec_recon_2=0.791216; ']
train step[1247/1500] ; used: 21m:57s; eta: 4m:26s; loss = 2.590309; ['mse_0=0.013214; ', 'lpips_0=0.026770; ', 'codec_recon_0=0.812917; ', 'mse_1=0.010178; ', 'lpips_1=0.021310; ', 'codec_recon_1=0.918848; ', 'mse_2=0.009669; ', 'lpips_2=0.020790; ', 'codec_recon_2=0.756612; ']
train step[1248/1500] ; used: 21m:58s; eta: 4m:25s; loss = 2.603489; ['mse_0=0.011240; ', 'lpips_0=0.026760; ', 'codec_recon_0=0.801099; ', 'mse_1=0.008530; ', 'lpips_1=0.022403; ', 'codec_recon_1=0.924196; ', 'mse_2=0.008176; ', 'lpips_2=0.021938; ', 'codec_recon_2=0.779148; ']
train step[1249/1500] ; used: 21m:59s; eta: 4m:24s; loss = 2.624269; ['mse_0=0.015191; ', 'lpips_0=0.025389; ', 'codec_recon_0=0.786189; ', 'mse_1=0.011776; ', 'lpips_1=0.022368; ', 'codec_recon_1=0.928942; ', 'mse_2=0.011345; ', 'lpips_2=0.021858; ', 'codec_recon_2=0.801210; ']
train step[1250/1500] ; used: 22m; eta: 4m:23s; loss = 2.628167; ['mse_0=0.013614; ', 'lpips_0=0.027352; ', 'codec_recon_0=0.799031; ', 'mse_1=0.010774; ', 'lpips_1=0.021971; ', 'codec_recon_1=0.922373; ', 'mse_2=0.010379; ', 'lpips_2=0.021561; ', 'codec_recon_2=0.801113; ']
train step[1251/1500] ; used: 22m:1s; eta: 4m:22s; loss = 2.637126; ['mse_0=0.009853; ', 'lpips_0=0.024477; ', 'codec_recon_0=0.828763; ', 'mse_1=0.007433; ', 'lpips_1=0.018497; ', 'codec_recon_1=0.921442; ', 'mse_2=0.007202; ', 'lpips_2=0.018262; ', 'codec_recon_2=0.801198; ']
train step[1252/1500] ; used: 22m:2s; eta: 4m:21s; loss = 2.699075; ['mse_0=0.014305; ', 'lpips_0=0.025495; ', 'codec_recon_0=0.850012; ', 'mse_1=0.010862; ', 'lpips_1=0.020830; ', 'codec_recon_1=0.931587; ', 'mse_2=0.010778; ', 'lpips_2=0.020768; ', 'codec_recon_2=0.814438; ']
train step[1253/1500] ; used: 22m:3s; eta: 4m:20s; loss = 2.605232; ['mse_0=0.012907; ', 'lpips_0=0.026684; ', 'codec_recon_0=0.789325; ', 'mse_1=0.010658; ', 'lpips_1=0.022608; ', 'codec_recon_1=0.923560; ', 'mse_2=0.010524; ', 'lpips_2=0.022640; ', 'codec_recon_2=0.786326; ']
train step[1254/1500] ; used: 22m:4s; eta: 4m:19s; loss = 2.639402; ['mse_0=0.009083; ', 'lpips_0=0.025037; ', 'codec_recon_0=0.841505; ', 'mse_1=0.006939; ', 'lpips_1=0.020381; ', 'codec_recon_1=0.925269; ', 'mse_2=0.006852; ', 'lpips_2=0.020625; ', 'codec_recon_2=0.783711; ']
train step[1255/1500] ; used: 22m:5s; eta: 4m:18s; loss = 2.569530; ['mse_0=0.017087; ', 'lpips_0=0.026785; ', 'codec_recon_0=0.775069; ', 'mse_1=0.014494; ', 'lpips_1=0.022808; ', 'codec_recon_1=0.912303; ', 'mse_2=0.013894; ', 'lpips_2=0.022006; ', 'codec_recon_2=0.765084; ']
train step[1256/1500] ; used: 22m:6s; eta: 4m:17s; loss = 2.561462; ['mse_0=0.010500; ', 'lpips_0=0.024786; ', 'codec_recon_0=0.805585; ', 'mse_1=0.008334; ', 'lpips_1=0.021174; ', 'codec_recon_1=0.913092; ', 'mse_2=0.007994; ', 'lpips_2=0.021002; ', 'codec_recon_2=0.748995; ']
train step[1257/1500] ; used: 22m:7s; eta: 4m:16s; loss = 2.647267; ['mse_0=0.010271; ', 'lpips_0=0.025815; ', 'codec_recon_0=0.840480; ', 'mse_1=0.007284; ', 'lpips_1=0.020691; ', 'codec_recon_1=0.923062; ', 'mse_2=0.007099; ', 'lpips_2=0.020110; ', 'codec_recon_2=0.792457; ']
train step[1258/1500] ; used: 22m:8s; eta: 4m:15s; loss = 2.659306; ['mse_0=0.008782; ', 'lpips_0=0.024676; ', 'codec_recon_0=0.837779; ', 'mse_1=0.006811; ', 'lpips_1=0.019693; ', 'codec_recon_1=0.918898; ', 'mse_2=0.006660; ', 'lpips_2=0.019748; ', 'codec_recon_2=0.816258; ']
train step[1259/1500] ; used: 22m:9s; eta: 4m:14s; loss = 2.601422; ['mse_0=0.015196; ', 'lpips_0=0.028307; ', 'codec_recon_0=0.817133; ', 'mse_1=0.013105; ', 'lpips_1=0.025472; ', 'codec_recon_1=0.917010; ', 'mse_2=0.012933; ', 'lpips_2=0.025323; ', 'codec_recon_2=0.746942; ']
train step[1260/1500] ; used: 22m:10s; eta: 4m:13s; loss = 2.610520; ['mse_0=0.008222; ', 'lpips_0=0.025567; ', 'codec_recon_0=0.838814; ', 'mse_1=0.005727; ', 'lpips_1=0.021280; ', 'codec_recon_1=0.913824; ', 'mse_2=0.005540; ', 'lpips_2=0.021298; ', 'codec_recon_2=0.770248; ']
train step[1261/1500] ; used: 22m:11s; eta: 4m:12s; loss = 2.591093; ['mse_0=0.010319; ', 'lpips_0=0.025034; ', 'codec_recon_0=0.822804; ', 'mse_1=0.008816; ', 'lpips_1=0.021163; ', 'codec_recon_1=0.914722; ', 'mse_2=0.008562; ', 'lpips_2=0.020905; ', 'codec_recon_2=0.758767; ']
train step[1262/1500] ; used: 22m:12s; eta: 4m:11s; loss = 2.570725; ['mse_0=0.007758; ', 'lpips_0=0.025525; ', 'codec_recon_0=0.806755; ', 'mse_1=0.006995; ', 'lpips_1=0.022528; ', 'codec_recon_1=0.912852; ', 'mse_2=0.006960; ', 'lpips_2=0.022616; ', 'codec_recon_2=0.758736; ']
train step[1263/1500] ; used: 22m:13s; eta: 4m:9s; loss = 2.679368; ['mse_0=0.004764; ', 'lpips_0=0.025838; ', 'codec_recon_0=0.858661; ', 'mse_1=0.003447; ', 'lpips_1=0.020593; ', 'codec_recon_1=0.933633; ', 'mse_2=0.003505; ', 'lpips_2=0.020801; ', 'codec_recon_2=0.808127; ']
train step[1264/1500] ; used: 22m:14s; eta: 4m:8s; loss = 2.643319; ['mse_0=0.014979; ', 'lpips_0=0.026136; ', 'codec_recon_0=0.842386; ', 'mse_1=0.012610; ', 'lpips_1=0.022112; ', 'codec_recon_1=0.916550; ', 'mse_2=0.012278; ', 'lpips_2=0.021810; ', 'codec_recon_2=0.774458; ']
train step[1265/1500] ; used: 22m:15s; eta: 4m:7s; loss = 2.600739; ['mse_0=0.010832; ', 'lpips_0=0.026500; ', 'codec_recon_0=0.783175; ', 'mse_1=0.008360; ', 'lpips_1=0.023173; ', 'codec_recon_1=0.925248; ', 'mse_2=0.008230; ', 'lpips_2=0.022198; ', 'codec_recon_2=0.793023; ']
train step[1266/1500] ; used: 22m:16s; eta: 4m:6s; loss = 2.605639; ['mse_0=0.010575; ', 'lpips_0=0.025496; ', 'codec_recon_0=0.824209; ', 'mse_1=0.008614; ', 'lpips_1=0.020853; ', 'codec_recon_1=0.919553; ', 'mse_2=0.008577; ', 'lpips_2=0.021082; ', 'codec_recon_2=0.766680; ']
train step[1267/1500] ; used: 22m:17s; eta: 4m:5s; loss = 2.582040; ['mse_0=0.010316; ', 'lpips_0=0.024151; ', 'codec_recon_0=0.824720; ', 'mse_1=0.007850; ', 'lpips_1=0.019559; ', 'codec_recon_1=0.907292; ', 'mse_2=0.007561; ', 'lpips_2=0.019274; ', 'codec_recon_2=0.761318; ']
train step[1268/1500] ; used: 22m:18s; eta: 4m:4s; loss = 2.631190; ['mse_0=0.013825; ', 'lpips_0=0.027145; ', 'codec_recon_0=0.815914; ', 'mse_1=0.011875; ', 'lpips_1=0.023344; ', 'codec_recon_1=0.923384; ', 'mse_2=0.011556; ', 'lpips_2=0.022541; ', 'codec_recon_2=0.781606; ']
train step[1269/1500] ; used: 22m:19s; eta: 4m:3s; loss = 2.548981; ['mse_0=0.010769; ', 'lpips_0=0.026957; ', 'codec_recon_0=0.776969; ', 'mse_1=0.008387; ', 'lpips_1=0.023005; ', 'codec_recon_1=0.909092; ', 'mse_2=0.008244; ', 'lpips_2=0.022689; ', 'codec_recon_2=0.762870; ']
train step[1270/1500] ; used: 22m:20s; eta: 4m:2s; loss = 2.687215; ['mse_0=0.012638; ', 'lpips_0=0.025098; ', 'codec_recon_0=0.842353; ', 'mse_1=0.010128; ', 'lpips_1=0.020552; ', 'codec_recon_1=0.924991; ', 'mse_2=0.009979; ', 'lpips_2=0.020761; ', 'codec_recon_2=0.820715; ']
train step[1271/1500] ; used: 22m:21s; eta: 4m:1s; loss = 2.585707; ['mse_0=0.009647; ', 'lpips_0=0.024419; ', 'codec_recon_0=0.825751; ', 'mse_1=0.008026; ', 'lpips_1=0.019890; ', 'codec_recon_1=0.908339; ', 'mse_2=0.007584; ', 'lpips_2=0.019835; ', 'codec_recon_2=0.762214; ']
train step[1272/1500] ; used: 22m:22s; eta: 4m; loss = 2.664236; ['mse_0=0.016121; ', 'lpips_0=0.025477; ', 'codec_recon_0=0.850264; ', 'mse_1=0.013578; ', 'lpips_1=0.020588; ', 'codec_recon_1=0.916409; ', 'mse_2=0.013516; ', 'lpips_2=0.020640; ', 'codec_recon_2=0.787644; ']
train step[1273/1500] ; used: 22m:23s; eta: 3m:59s; loss = 2.596609; ['mse_0=0.010272; ', 'lpips_0=0.026267; ', 'codec_recon_0=0.835186; ', 'mse_1=0.009047; ', 'lpips_1=0.022726; ', 'codec_recon_1=0.915028; ', 'mse_2=0.008907; ', 'lpips_2=0.023166; ', 'codec_recon_2=0.746010; ']
train step[1274/1500] ; used: 22m:24s; eta: 3m:58s; loss = 2.682509; ['mse_0=0.017648; ', 'lpips_0=0.026804; ', 'codec_recon_0=0.848458; ', 'mse_1=0.016449; ', 'lpips_1=0.023332; ', 'codec_recon_1=0.934069; ', 'mse_2=0.016410; ', 'lpips_2=0.023067; ', 'codec_recon_2=0.776273; ']
train step[1275/1500] ; used: 22m:25s; eta: 3m:57s; loss = 2.603556; ['mse_0=0.011207; ', 'lpips_0=0.026509; ', 'codec_recon_0=0.819872; ', 'mse_1=0.009665; ', 'lpips_1=0.022608; ', 'codec_recon_1=0.920702; ', 'mse_2=0.009605; ', 'lpips_2=0.021778; ', 'codec_recon_2=0.761611; ']
train step[1276/1500] ; used: 22m:26s; eta: 3m:56s; loss = 2.630043; ['mse_0=0.012747; ', 'lpips_0=0.028010; ', 'codec_recon_0=0.778719; ', 'mse_1=0.011160; ', 'lpips_1=0.025255; ', 'codec_recon_1=0.917658; ', 'mse_2=0.010835; ', 'lpips_2=0.024929; ', 'codec_recon_2=0.820731; ']
train step[1277/1500] ; used: 22m:27s; eta: 3m:55s; loss = 2.617281; ['mse_0=0.010102; ', 'lpips_0=0.025867; ', 'codec_recon_0=0.826692; ', 'mse_1=0.007480; ', 'lpips_1=0.019679; ', 'codec_recon_1=0.918812; ', 'mse_2=0.007135; ', 'lpips_2=0.018951; ', 'codec_recon_2=0.782564; ']
train step[1278/1500] ; used: 22m:28s; eta: 3m:54s; loss = 2.571637; ['mse_0=0.009397; ', 'lpips_0=0.024673; ', 'codec_recon_0=0.824368; ', 'mse_1=0.006746; ', 'lpips_1=0.019183; ', 'codec_recon_1=0.905963; ', 'mse_2=0.006283; ', 'lpips_2=0.019021; ', 'codec_recon_2=0.756005; ']
train step[1279/1500] ; used: 22m:29s; eta: 3m:52s; loss = 2.655062; ['mse_0=0.010015; ', 'lpips_0=0.025937; ', 'codec_recon_0=0.859889; ', 'mse_1=0.008508; ', 'lpips_1=0.023145; ', 'codec_recon_1=0.925703; ', 'mse_2=0.008489; ', 'lpips_2=0.023420; ', 'codec_recon_2=0.769955; ']
train step[1280/1500] ; used: 22m:30s; eta: 3m:51s; loss = 2.616010; ['mse_0=0.016909; ', 'lpips_0=0.029586; ', 'codec_recon_0=0.761431; ', 'mse_1=0.014398; ', 'lpips_1=0.026060; ', 'codec_recon_1=0.924428; ', 'mse_2=0.013409; ', 'lpips_2=0.024447; ', 'codec_recon_2=0.805343; ']
train step[1281/1500] ; used: 22m:31s; eta: 3m:50s; loss = 2.634739; ['mse_0=0.010553; ', 'lpips_0=0.025373; ', 'codec_recon_0=0.836036; ', 'mse_1=0.008916; ', 'lpips_1=0.020359; ', 'codec_recon_1=0.920153; ', 'mse_2=0.008777; ', 'lpips_2=0.019919; ', 'codec_recon_2=0.784652; ']
train step[1282/1500] ; used: 22m:32s; eta: 3m:49s; loss = 2.589024; ['mse_0=0.012334; ', 'lpips_0=0.026165; ', 'codec_recon_0=0.807099; ', 'mse_1=0.010257; ', 'lpips_1=0.021535; ', 'codec_recon_1=0.909994; ', 'mse_2=0.010087; ', 'lpips_2=0.020642; ', 'codec_recon_2=0.770911; ']
train step[1283/1500] ; used: 22m:33s; eta: 3m:48s; loss = 2.611012; ['mse_0=0.009104; ', 'lpips_0=0.025773; ', 'codec_recon_0=0.811909; ', 'mse_1=0.007787; ', 'lpips_1=0.021411; ', 'codec_recon_1=0.922324; ', 'mse_2=0.007633; ', 'lpips_2=0.021321; ', 'codec_recon_2=0.783750; ']
train step[1284/1500] ; used: 22m:34s; eta: 3m:47s; loss = 2.552996; ['mse_0=0.007492; ', 'lpips_0=0.026243; ', 'codec_recon_0=0.809029; ', 'mse_1=0.005520; ', 'lpips_1=0.021245; ', 'codec_recon_1=0.902629; ', 'mse_2=0.005339; ', 'lpips_2=0.021410; ', 'codec_recon_2=0.754089; ']
train step[1285/1500] ; used: 22m:35s; eta: 3m:46s; loss = 2.572803; ['mse_0=0.010564; ', 'lpips_0=0.025532; ', 'codec_recon_0=0.806034; ', 'mse_1=0.008247; ', 'lpips_1=0.020367; ', 'codec_recon_1=0.913403; ', 'mse_2=0.007868; ', 'lpips_2=0.019512; ', 'codec_recon_2=0.761277; ']
train step[1286/1500] ; used: 22m:36s; eta: 3m:45s; loss = 2.565044; ['mse_0=0.010939; ', 'lpips_0=0.025103; ', 'codec_recon_0=0.797016; ', 'mse_1=0.009199; ', 'lpips_1=0.021094; ', 'codec_recon_1=0.904263; ', 'mse_2=0.008859; ', 'lpips_2=0.020582; ', 'codec_recon_2=0.767988; ']
train step[1287/1500] ; used: 22m:37s; eta: 3m:44s; loss = 2.632251; ['mse_0=0.009251; ', 'lpips_0=0.024777; ', 'codec_recon_0=0.852441; ', 'mse_1=0.008423; ', 'lpips_1=0.020253; ', 'codec_recon_1=0.918846; ', 'mse_2=0.008549; ', 'lpips_2=0.020112; ', 'codec_recon_2=0.769599; ']
train step[1288/1500] ; used: 22m:38s; eta: 3m:43s; loss = 2.642880; ['mse_0=0.027947; ', 'lpips_0=0.027272; ', 'codec_recon_0=0.812033; ', 'mse_1=0.025926; ', 'lpips_1=0.023168; ', 'codec_recon_1=0.919685; ', 'mse_2=0.025021; ', 'lpips_2=0.022498; ', 'codec_recon_2=0.759330; ']
train step[1289/1500] ; used: 22m:39s; eta: 3m:42s; loss = 2.525003; ['mse_0=0.009492; ', 'lpips_0=0.023637; ', 'codec_recon_0=0.803800; ', 'mse_1=0.007021; ', 'lpips_1=0.019083; ', 'codec_recon_1=0.898607; ', 'mse_2=0.006441; ', 'lpips_2=0.018914; ', 'codec_recon_2=0.738007; ']
train step[1290/1500] ; used: 22m:40s; eta: 3m:41s; loss = 2.620917; ['mse_0=0.008779; ', 'lpips_0=0.024207; ', 'codec_recon_0=0.834005; ', 'mse_1=0.007303; ', 'lpips_1=0.020122; ', 'codec_recon_1=0.918694; ', 'mse_2=0.007355; ', 'lpips_2=0.020385; ', 'codec_recon_2=0.780067; ']
train step[1291/1500] ; used: 22m:41s; eta: 3m:40s; loss = 2.569561; ['mse_0=0.011153; ', 'lpips_0=0.025631; ', 'codec_recon_0=0.817775; ', 'mse_1=0.009200; ', 'lpips_1=0.020186; ', 'codec_recon_1=0.908113; ', 'mse_2=0.009024; ', 'lpips_2=0.019675; ', 'codec_recon_2=0.748804; ']
train step[1292/1500] ; used: 22m:42s; eta: 3m:39s; loss = 2.608981; ['mse_0=0.009868; ', 'lpips_0=0.026084; ', 'codec_recon_0=0.830911; ', 'mse_1=0.007688; ', 'lpips_1=0.019970; ', 'codec_recon_1=0.922842; ', 'mse_2=0.007333; ', 'lpips_2=0.019890; ', 'codec_recon_2=0.764395; ']
train step[1293/1500] ; used: 22m:43s; eta: 3m:38s; loss = 2.642020; ['mse_0=0.005549; ', 'lpips_0=0.023771; ', 'codec_recon_0=0.852175; ', 'mse_1=0.004046; ', 'lpips_1=0.019080; ', 'codec_recon_1=0.913669; ', 'mse_2=0.004023; ', 'lpips_2=0.019251; ', 'codec_recon_2=0.800458; ']
train step[1294/1500] ; used: 22m:44s; eta: 3m:37s; loss = 2.556089; ['mse_0=0.011889; ', 'lpips_0=0.025139; ', 'codec_recon_0=0.816135; ', 'mse_1=0.010872; ', 'lpips_1=0.022915; ', 'codec_recon_1=0.894286; ', 'mse_2=0.010776; ', 'lpips_2=0.022662; ', 'codec_recon_2=0.741415; ']
train step[1295/1500] ; used: 22m:45s; eta: 3m:35s; loss = 2.586290; ['mse_0=0.013695; ', 'lpips_0=0.028785; ', 'codec_recon_0=0.757918; ', 'mse_1=0.011792; ', 'lpips_1=0.023112; ', 'codec_recon_1=0.916780; ', 'mse_2=0.010952; ', 'lpips_2=0.021687; ', 'codec_recon_2=0.801569; ']
train step[1296/1500] ; used: 22m:46s; eta: 3m:34s; loss = 2.674876; ['mse_0=0.017617; ', 'lpips_0=0.025739; ', 'codec_recon_0=0.848005; ', 'mse_1=0.015967; ', 'lpips_1=0.022162; ', 'codec_recon_1=0.923886; ', 'mse_2=0.015602; ', 'lpips_2=0.021624; ', 'codec_recon_2=0.784275; ']
train step[1297/1500] ; used: 22m:47s; eta: 3m:33s; loss = 2.565266; ['mse_0=0.008403; ', 'lpips_0=0.027205; ', 'codec_recon_0=0.812404; ', 'mse_1=0.006934; ', 'lpips_1=0.022789; ', 'codec_recon_1=0.911125; ', 'mse_2=0.006733; ', 'lpips_2=0.021959; ', 'codec_recon_2=0.747714; ']
train step[1298/1500] ; used: 22m:48s; eta: 3m:32s; loss = 2.583328; ['mse_0=0.016735; ', 'lpips_0=0.025866; ', 'codec_recon_0=0.806249; ', 'mse_1=0.015595; ', 'lpips_1=0.022887; ', 'codec_recon_1=0.904932; ', 'mse_2=0.015767; ', 'lpips_2=0.022591; ', 'codec_recon_2=0.752708; ']
train step[1299/1500] ; used: 22m:49s; eta: 3m:31s; loss = 2.523651; ['mse_0=0.008499; ', 'lpips_0=0.026052; ', 'codec_recon_0=0.797708; ', 'mse_1=0.006794; ', 'lpips_1=0.021006; ', 'codec_recon_1=0.902935; ', 'mse_2=0.006471; ', 'lpips_2=0.020378; ', 'codec_recon_2=0.733808; ']
train step[1300/1500] ; used: 22m:50s; eta: 3m:30s; loss = 2.616225; ['mse_0=0.014228; ', 'lpips_0=0.025757; ', 'codec_recon_0=0.835633; ', 'mse_1=0.011896; ', 'lpips_1=0.021951; ', 'codec_recon_1=0.920085; ', 'mse_2=0.011301; ', 'lpips_2=0.020995; ', 'codec_recon_2=0.754378; ']
train step[1301/1500] ; used: 22m:51s; eta: 3m:29s; loss = 2.588553; ['mse_0=0.008059; ', 'lpips_0=0.024617; ', 'codec_recon_0=0.817570; ', 'mse_1=0.006288; ', 'lpips_1=0.019814; ', 'codec_recon_1=0.912648; ', 'mse_2=0.006100; ', 'lpips_2=0.019285; ', 'codec_recon_2=0.774173; ']
train step[1302/1500] ; used: 22m:52s; eta: 3m:28s; loss = 2.556984; ['mse_0=0.007646; ', 'lpips_0=0.021670; ', 'codec_recon_0=0.831637; ', 'mse_1=0.005268; ', 'lpips_1=0.015534; ', 'codec_recon_1=0.903301; ', 'mse_2=0.005036; ', 'lpips_2=0.015092; ', 'codec_recon_2=0.751799; ']
train step[1303/1500] ; used: 22m:53s; eta: 3m:27s; loss = 2.554839; ['mse_0=0.008015; ', 'lpips_0=0.025396; ', 'codec_recon_0=0.811154; ', 'mse_1=0.006646; ', 'lpips_1=0.020913; ', 'codec_recon_1=0.904752; ', 'mse_2=0.006731; ', 'lpips_2=0.020780; ', 'codec_recon_2=0.750452; ']
train step[1304/1500] ; used: 22m:54s; eta: 3m:26s; loss = 2.544398; ['mse_0=0.012123; ', 'lpips_0=0.026620; ', 'codec_recon_0=0.784989; ', 'mse_1=0.009353; ', 'lpips_1=0.023243; ', 'codec_recon_1=0.901135; ', 'mse_2=0.009041; ', 'lpips_2=0.022378; ', 'codec_recon_2=0.755515; ']
train step[1305/1500] ; used: 22m:55s; eta: 3m:25s; loss = 2.617084; ['mse_0=0.010089; ', 'lpips_0=0.025539; ', 'codec_recon_0=0.842197; ', 'mse_1=0.008231; ', 'lpips_1=0.021720; ', 'codec_recon_1=0.912689; ', 'mse_2=0.007974; ', 'lpips_2=0.021155; ', 'codec_recon_2=0.767490; ']
train step[1306/1500] ; used: 22m:56s; eta: 3m:24s; loss = 2.575028; ['mse_0=0.007555; ', 'lpips_0=0.025267; ', 'codec_recon_0=0.833346; ', 'mse_1=0.006426; ', 'lpips_1=0.021490; ', 'codec_recon_1=0.910379; ', 'mse_2=0.006324; ', 'lpips_2=0.022024; ', 'codec_recon_2=0.742217; ']
train step[1307/1500] ; used: 22m:57s; eta: 3m:23s; loss = 2.618951; ['mse_0=0.015149; ', 'lpips_0=0.025873; ', 'codec_recon_0=0.842514; ', 'mse_1=0.011942; ', 'lpips_1=0.021899; ', 'codec_recon_1=0.912356; ', 'mse_2=0.011075; ', 'lpips_2=0.021070; ', 'codec_recon_2=0.757074; ']
train step[1308/1500] ; used: 22m:58s; eta: 3m:22s; loss = 2.627705; ['mse_0=0.016495; ', 'lpips_0=0.028421; ', 'codec_recon_0=0.793533; ', 'mse_1=0.013129; ', 'lpips_1=0.024986; ', 'codec_recon_1=0.917550; ', 'mse_2=0.012132; ', 'lpips_2=0.023396; ', 'codec_recon_2=0.798062; ']
train step[1309/1500] ; used: 22m:59s; eta: 3m:21s; loss = 2.597606; ['mse_0=0.010135; ', 'lpips_0=0.026604; ', 'codec_recon_0=0.779637; ', 'mse_1=0.008503; ', 'lpips_1=0.022912; ', 'codec_recon_1=0.914794; ', 'mse_2=0.008374; ', 'lpips_2=0.021970; ', 'codec_recon_2=0.804678; ']
train step[1310/1500] ; used: 23m; eta: 3m:20s; loss = 2.587640; ['mse_0=0.010257; ', 'lpips_0=0.024539; ', 'codec_recon_0=0.830051; ', 'mse_1=0.008533; ', 'lpips_1=0.019071; ', 'codec_recon_1=0.910374; ', 'mse_2=0.008306; ', 'lpips_2=0.018719; ', 'codec_recon_2=0.757791; ']
train step[1311/1500] ; used: 23m:1s; eta: 3m:18s; loss = 2.541179; ['mse_0=0.007067; ', 'lpips_0=0.024577; ', 'codec_recon_0=0.772726; ', 'mse_1=0.005394; ', 'lpips_1=0.019735; ', 'codec_recon_1=0.902698; ', 'mse_2=0.005053; ', 'lpips_2=0.019471; ', 'codec_recon_2=0.784459; ']
train step[1312/1500] ; used: 23m:2s; eta: 3m:17s; loss = 2.575542; ['mse_0=0.018343; ', 'lpips_0=0.029131; ', 'codec_recon_0=0.743748; ', 'mse_1=0.017755; ', 'lpips_1=0.026399; ', 'codec_recon_1=0.907504; ', 'mse_2=0.017414; ', 'lpips_2=0.025630; ', 'codec_recon_2=0.789617; ']
train step[1313/1500] ; used: 23m:3s; eta: 3m:16s; loss = 2.530946; ['mse_0=0.007695; ', 'lpips_0=0.025529; ', 'codec_recon_0=0.790213; ', 'mse_1=0.006588; ', 'lpips_1=0.022835; ', 'codec_recon_1=0.896575; ', 'mse_2=0.006544; ', 'lpips_2=0.022607; ', 'codec_recon_2=0.752360; ']
train step[1314/1500] ; used: 23m:4s; eta: 3m:15s; loss = 2.583604; ['mse_0=0.006675; ', 'lpips_0=0.024679; ', 'codec_recon_0=0.837943; ', 'mse_1=0.005657; ', 'lpips_1=0.020311; ', 'codec_recon_1=0.904816; ', 'mse_2=0.005615; ', 'lpips_2=0.020029; ', 'codec_recon_2=0.757879; ']
train step[1315/1500] ; used: 23m:5s; eta: 3m:14s; loss = 2.540818; ['mse_0=0.009810; ', 'lpips_0=0.024411; ', 'codec_recon_0=0.811018; ', 'mse_1=0.007871; ', 'lpips_1=0.019909; ', 'codec_recon_1=0.899367; ', 'mse_2=0.007615; ', 'lpips_2=0.019173; ', 'codec_recon_2=0.741643; ']
train step[1316/1500] ; used: 23m:6s; eta: 3m:13s; loss = 2.528003; ['mse_0=0.007011; ', 'lpips_0=0.023492; ', 'codec_recon_0=0.817318; ', 'mse_1=0.005462; ', 'lpips_1=0.019646; ', 'codec_recon_1=0.886281; ', 'mse_2=0.005336; ', 'lpips_2=0.019818; ', 'codec_recon_2=0.743640; ']
train step[1317/1500] ; used: 23m:7s; eta: 3m:12s; loss = 2.621481; ['mse_0=0.016172; ', 'lpips_0=0.027828; ', 'codec_recon_0=0.819795; ', 'mse_1=0.013526; ', 'lpips_1=0.024623; ', 'codec_recon_1=0.910688; ', 'mse_2=0.013079; ', 'lpips_2=0.023546; ', 'codec_recon_2=0.772224; ']
train step[1318/1500] ; used: 23m:8s; eta: 3m:11s; loss = 2.528168; ['mse_0=0.009519; ', 'lpips_0=0.026359; ', 'codec_recon_0=0.740386; ', 'mse_1=0.007230; ', 'lpips_1=0.020897; ', 'codec_recon_1=0.901829; ', 'mse_2=0.006519; ', 'lpips_2=0.020048; ', 'codec_recon_2=0.795382; ']
train step[1319/1500] ; used: 23m:9s; eta: 3m:10s; loss = 2.649461; ['mse_0=0.010721; ', 'lpips_0=0.026709; ', 'codec_recon_0=0.828123; ', 'mse_1=0.008614; ', 'lpips_1=0.023795; ', 'codec_recon_1=0.920596; ', 'mse_2=0.008571; ', 'lpips_2=0.022690; ', 'codec_recon_2=0.799641; ']
train step[1320/1500] ; used: 23m:10s; eta: 3m:9s; loss = 2.526880; ['mse_0=0.009636; ', 'lpips_0=0.023084; ', 'codec_recon_0=0.772003; ', 'mse_1=0.007447; ', 'lpips_1=0.019697; ', 'codec_recon_1=0.899172; ', 'mse_2=0.007222; ', 'lpips_2=0.021366; ', 'codec_recon_2=0.767254; ']
train step[1321/1500] ; used: 23m:11s; eta: 3m:8s; loss = 2.629936; ['mse_0=0.008409; ', 'lpips_0=0.024693; ', 'codec_recon_0=0.853744; ', 'mse_1=0.006170; ', 'lpips_1=0.020247; ', 'codec_recon_1=0.919548; ', 'mse_2=0.005778; ', 'lpips_2=0.020281; ', 'codec_recon_2=0.771066; ']
train step[1322/1500] ; used: 23m:12s; eta: 3m:7s; loss = 2.537355; ['mse_0=0.009902; ', 'lpips_0=0.025240; ', 'codec_recon_0=0.791892; ', 'mse_1=0.008452; ', 'lpips_1=0.021653; ', 'codec_recon_1=0.903792; ', 'mse_2=0.008214; ', 'lpips_2=0.021368; ', 'codec_recon_2=0.746842; ']
train step[1323/1500] ; used: 23m:13s; eta: 3m:6s; loss = 2.648134; ['mse_0=0.016594; ', 'lpips_0=0.025892; ', 'codec_recon_0=0.850080; ', 'mse_1=0.015228; ', 'lpips_1=0.022399; ', 'codec_recon_1=0.917377; ', 'mse_2=0.015329; ', 'lpips_2=0.021980; ', 'codec_recon_2=0.763255; ']
train step[1324/1500] ; used: 23m:14s; eta: 3m:5s; loss = 2.568636; ['mse_0=0.015512; ', 'lpips_0=0.025424; ', 'codec_recon_0=0.817433; ', 'mse_1=0.013443; ', 'lpips_1=0.021162; ', 'codec_recon_1=0.907736; ', 'mse_2=0.012987; ', 'lpips_2=0.020445; ', 'codec_recon_2=0.734494; ']
train step[1325/1500] ; used: 23m:15s; eta: 3m:4s; loss = 2.629024; ['mse_0=0.006754; ', 'lpips_0=0.024559; ', 'codec_recon_0=0.846006; ', 'mse_1=0.005663; ', 'lpips_1=0.021493; ', 'codec_recon_1=0.913068; ', 'mse_2=0.005836; ', 'lpips_2=0.021660; ', 'codec_recon_2=0.783984; ']
train step[1326/1500] ; used: 23m:16s; eta: 3m:3s; loss = 2.512768; ['mse_0=0.008201; ', 'lpips_0=0.023657; ', 'codec_recon_0=0.813411; ', 'mse_1=0.005692; ', 'lpips_1=0.018320; ', 'codec_recon_1=0.893292; ', 'mse_2=0.005270; ', 'lpips_2=0.017730; ', 'codec_recon_2=0.727195; ']
train step[1327/1500] ; used: 23m:17s; eta: 3m:2s; loss = 2.543911; ['mse_0=0.013929; ', 'lpips_0=0.026766; ', 'codec_recon_0=0.778069; ', 'mse_1=0.013204; ', 'lpips_1=0.024775; ', 'codec_recon_1=0.896957; ', 'mse_2=0.013089; ', 'lpips_2=0.024481; ', 'codec_recon_2=0.752640; ']
train step[1328/1500] ; used: 23m:18s; eta: 3m; loss = 2.539212; ['mse_0=0.010680; ', 'lpips_0=0.025332; ', 'codec_recon_0=0.792136; ', 'mse_1=0.009343; ', 'lpips_1=0.022554; ', 'codec_recon_1=0.903661; ', 'mse_2=0.008970; ', 'lpips_2=0.022492; ', 'codec_recon_2=0.744044; ']
train step[1329/1500] ; used: 23m:19s; eta: 2m:59s; loss = 2.596529; ['mse_0=0.008112; ', 'lpips_0=0.026442; ', 'codec_recon_0=0.833531; ', 'mse_1=0.007211; ', 'lpips_1=0.023310; ', 'codec_recon_1=0.906936; ', 'mse_2=0.007153; ', 'lpips_2=0.023716; ', 'codec_recon_2=0.760118; ']
train step[1330/1500] ; used: 23m:20s; eta: 2m:58s; loss = 2.585110; ['mse_0=0.012712; ', 'lpips_0=0.027378; ', 'codec_recon_0=0.822854; ', 'mse_1=0.010220; ', 'lpips_1=0.023666; ', 'codec_recon_1=0.910311; ', 'mse_2=0.009907; ', 'lpips_2=0.022880; ', 'codec_recon_2=0.745182; ']
train step[1331/1500] ; used: 23m:21s; eta: 2m:57s; loss = 2.541386; ['mse_0=0.010845; ', 'lpips_0=0.023519; ', 'codec_recon_0=0.816374; ', 'mse_1=0.008972; ', 'lpips_1=0.018605; ', 'codec_recon_1=0.894475; ', 'mse_2=0.008420; ', 'lpips_2=0.018128; ', 'codec_recon_2=0.742048; ']
train step[1332/1500] ; used: 23m:22s; eta: 2m:56s; loss = 2.576720; ['mse_0=0.006040; ', 'lpips_0=0.023141; ', 'codec_recon_0=0.842559; ', 'mse_1=0.004936; ', 'lpips_1=0.019079; ', 'codec_recon_1=0.899441; ', 'mse_2=0.004966; ', 'lpips_2=0.018852; ', 'codec_recon_2=0.757706; ']
train step[1333/1500] ; used: 23m:23s; eta: 2m:55s; loss = 2.565312; ['mse_0=0.011506; ', 'lpips_0=0.025796; ', 'codec_recon_0=0.807789; ', 'mse_1=0.010141; ', 'lpips_1=0.021353; ', 'codec_recon_1=0.905800; ', 'mse_2=0.009574; ', 'lpips_2=0.020532; ', 'codec_recon_2=0.752822; ']
train step[1334/1500] ; used: 23m:24s; eta: 2m:54s; loss = 2.548853; ['mse_0=0.010895; ', 'lpips_0=0.025275; ', 'codec_recon_0=0.812080; ', 'mse_1=0.010060; ', 'lpips_1=0.021957; ', 'codec_recon_1=0.900737; ', 'mse_2=0.009993; ', 'lpips_2=0.021681; ', 'codec_recon_2=0.736175; ']
train step[1335/1500] ; used: 23m:25s; eta: 2m:53s; loss = 2.570801; ['mse_0=0.013465; ', 'lpips_0=0.025545; ', 'codec_recon_0=0.792855; ', 'mse_1=0.012515; ', 'lpips_1=0.023454; ', 'codec_recon_1=0.906092; ', 'mse_2=0.012208; ', 'lpips_2=0.022814; ', 'codec_recon_2=0.761853; ']
train step[1336/1500] ; used: 23m:26s; eta: 2m:52s; loss = 2.541780; ['mse_0=0.011088; ', 'lpips_0=0.027390; ', 'codec_recon_0=0.768007; ', 'mse_1=0.009306; ', 'lpips_1=0.024389; ', 'codec_recon_1=0.900025; ', 'mse_2=0.008856; ', 'lpips_2=0.023783; ', 'codec_recon_2=0.768938; ']
train step[1337/1500] ; used: 23m:27s; eta: 2m:51s; loss = 2.599745; ['mse_0=0.009937; ', 'lpips_0=0.025319; ', 'codec_recon_0=0.846644; ', 'mse_1=0.008804; ', 'lpips_1=0.021585; ', 'codec_recon_1=0.910305; ', 'mse_2=0.008767; ', 'lpips_2=0.021643; ', 'codec_recon_2=0.746739; ']
train step[1338/1500] ; used: 23m:28s; eta: 2m:50s; loss = 2.561189; ['mse_0=0.016967; ', 'lpips_0=0.028011; ', 'codec_recon_0=0.762965; ', 'mse_1=0.016629; ', 'lpips_1=0.026216; ', 'codec_recon_1=0.906656; ', 'mse_2=0.016212; ', 'lpips_2=0.025043; ', 'codec_recon_2=0.762491; ']
train step[1339/1500] ; used: 23m:29s; eta: 2m:49s; loss = 2.558177; ['mse_0=0.011878; ', 'lpips_0=0.027234; ', 'codec_recon_0=0.764982; ', 'mse_1=0.009998; ', 'lpips_1=0.024590; ', 'codec_recon_1=0.904481; ', 'mse_2=0.009625; ', 'lpips_2=0.023333; ', 'codec_recon_2=0.782057; ']
train step[1340/1500] ; used: 23m:30s; eta: 2m:48s; loss = 2.609744; ['mse_0=0.006383; ', 'lpips_0=0.023148; ', 'codec_recon_0=0.833850; ', 'mse_1=0.005293; ', 'lpips_1=0.019309; ', 'codec_recon_1=0.907365; ', 'mse_2=0.005107; ', 'lpips_2=0.018988; ', 'codec_recon_2=0.790301; ']
train step[1341/1500] ; used: 23m:31s; eta: 2m:47s; loss = 2.519036; ['mse_0=0.008296; ', 'lpips_0=0.025011; ', 'codec_recon_0=0.807909; ', 'mse_1=0.006289; ', 'lpips_1=0.019984; ', 'codec_recon_1=0.898918; ', 'mse_2=0.006048; ', 'lpips_2=0.019089; ', 'codec_recon_2=0.727491; ']
train step[1342/1500] ; used: 23m:32s; eta: 2m:46s; loss = 2.556095; ['mse_0=0.008123; ', 'lpips_0=0.026365; ', 'codec_recon_0=0.812730; ', 'mse_1=0.006881; ', 'lpips_1=0.022916; ', 'codec_recon_1=0.905177; ', 'mse_2=0.006760; ', 'lpips_2=0.022630; ', 'codec_recon_2=0.744512; ']
train step[1343/1500] ; used: 23m:33s; eta: 2m:45s; loss = 2.605989; ['mse_0=0.004145; ', 'lpips_0=0.023471; ', 'codec_recon_0=0.851725; ', 'mse_1=0.003333; ', 'lpips_1=0.019442; ', 'codec_recon_1=0.907520; ', 'mse_2=0.003355; ', 'lpips_2=0.019202; ', 'codec_recon_2=0.773797; ']
train step[1344/1500] ; used: 23m:34s; eta: 2m:44s; loss = 2.564513; ['mse_0=0.015953; ', 'lpips_0=0.026905; ', 'codec_recon_0=0.812093; ', 'mse_1=0.015008; ', 'lpips_1=0.024381; ', 'codec_recon_1=0.901997; ', 'mse_2=0.014919; ', 'lpips_2=0.024122; ', 'codec_recon_2=0.729134; ']
train step[1345/1500] ; used: 23m:35s; eta: 2m:42s; loss = 2.493019; ['mse_0=0.010427; ', 'lpips_0=0.025704; ', 'codec_recon_0=0.780668; ', 'mse_1=0.008282; ', 'lpips_1=0.021879; ', 'codec_recon_1=0.887477; ', 'mse_2=0.008040; ', 'lpips_2=0.021177; ', 'codec_recon_2=0.729364; ']
train step[1346/1500] ; used: 23m:36s; eta: 2m:41s; loss = 2.613631; ['mse_0=0.022255; ', 'lpips_0=0.029531; ', 'codec_recon_0=0.785188; ', 'mse_1=0.019752; ', 'lpips_1=0.026253; ', 'codec_recon_1=0.907856; ', 'mse_2=0.018644; ', 'lpips_2=0.024229; ', 'codec_recon_2=0.779923; ']
train step[1347/1500] ; used: 23m:37s; eta: 2m:40s; loss = 2.577145; ['mse_0=0.012563; ', 'lpips_0=0.026207; ', 'codec_recon_0=0.809919; ', 'mse_1=0.010958; ', 'lpips_1=0.022442; ', 'codec_recon_1=0.912421; ', 'mse_2=0.010270; ', 'lpips_2=0.020758; ', 'codec_recon_2=0.751607; ']
train step[1348/1500] ; used: 23m:38s; eta: 2m:39s; loss = 2.517066; ['mse_0=0.011280; ', 'lpips_0=0.026530; ', 'codec_recon_0=0.786217; ', 'mse_1=0.010094; ', 'lpips_1=0.022458; ', 'codec_recon_1=0.896574; ', 'mse_2=0.009859; ', 'lpips_2=0.021777; ', 'codec_recon_2=0.732277; ']
train step[1349/1500] ; used: 23m:39s; eta: 2m:38s; loss = 2.560141; ['mse_0=0.013610; ', 'lpips_0=0.028423; ', 'codec_recon_0=0.789652; ', 'mse_1=0.011872; ', 'lpips_1=0.025469; ', 'codec_recon_1=0.903094; ', 'mse_2=0.011495; ', 'lpips_2=0.023663; ', 'codec_recon_2=0.752862; ']
train step[1350/1500] ; used: 23m:40s; eta: 2m:37s; loss = 2.484232; ['mse_0=0.009770; ', 'lpips_0=0.027162; ', 'codec_recon_0=0.772822; ', 'mse_1=0.008384; ', 'lpips_1=0.022556; ', 'codec_recon_1=0.883083; ', 'mse_2=0.008120; ', 'lpips_2=0.021551; ', 'codec_recon_2=0.730785; ']
train step[1351/1500] ; used: 23m:41s; eta: 2m:36s; loss = 2.617460; ['mse_0=0.010913; ', 'lpips_0=0.025763; ', 'codec_recon_0=0.823999; ', 'mse_1=0.010421; ', 'lpips_1=0.021116; ', 'codec_recon_1=0.901961; ', 'mse_2=0.010350; ', 'lpips_2=0.020992; ', 'codec_recon_2=0.791945; ']
train step[1352/1500] ; used: 23m:42s; eta: 2m:35s; loss = 2.513409; ['mse_0=0.010707; ', 'lpips_0=0.025812; ', 'codec_recon_0=0.750774; ', 'mse_1=0.008679; ', 'lpips_1=0.022276; ', 'codec_recon_1=0.889105; ', 'mse_2=0.008407; ', 'lpips_2=0.021682; ', 'codec_recon_2=0.775966; ']
train step[1353/1500] ; used: 23m:43s; eta: 2m:34s; loss = 2.634252; ['mse_0=0.009135; ', 'lpips_0=0.024391; ', 'codec_recon_0=0.846927; ', 'mse_1=0.007633; ', 'lpips_1=0.020550; ', 'codec_recon_1=0.911160; ', 'mse_2=0.007522; ', 'lpips_2=0.021162; ', 'codec_recon_2=0.785772; ']
train step[1354/1500] ; used: 23m:44s; eta: 2m:33s; loss = 2.515799; ['mse_0=0.005766; ', 'lpips_0=0.024755; ', 'codec_recon_0=0.805023; ', 'mse_1=0.004330; ', 'lpips_1=0.019945; ', 'codec_recon_1=0.894762; ', 'mse_2=0.004141; ', 'lpips_2=0.019893; ', 'codec_recon_2=0.737183; ']
train step[1355/1500] ; used: 23m:45s; eta: 2m:32s; loss = 2.511545; ['mse_0=0.009472; ', 'lpips_0=0.026756; ', 'codec_recon_0=0.787503; ', 'mse_1=0.008015; ', 'lpips_1=0.022109; ', 'codec_recon_1=0.893933; ', 'mse_2=0.008052; ', 'lpips_2=0.021200; ', 'codec_recon_2=0.734506; ']
train step[1356/1500] ; used: 23m:46s; eta: 2m:31s; loss = 2.627576; ['mse_0=0.008244; ', 'lpips_0=0.023669; ', 'codec_recon_0=0.837473; ', 'mse_1=0.006643; ', 'lpips_1=0.019472; ', 'codec_recon_1=0.912365; ', 'mse_2=0.006428; ', 'lpips_2=0.019251; ', 'codec_recon_2=0.794030; ']
train step[1357/1500] ; used: 23m:47s; eta: 2m:30s; loss = 2.667851; ['mse_0=0.010701; ', 'lpips_0=0.024433; ', 'codec_recon_0=0.859864; ', 'mse_1=0.009485; ', 'lpips_1=0.020973; ', 'codec_recon_1=0.922453; ', 'mse_2=0.009400; ', 'lpips_2=0.020661; ', 'codec_recon_2=0.789880; ']
train step[1358/1500] ; used: 23m:48s; eta: 2m:29s; loss = 2.560487; ['mse_0=0.014957; ', 'lpips_0=0.027402; ', 'codec_recon_0=0.816488; ', 'mse_1=0.012810; ', 'lpips_1=0.023416; ', 'codec_recon_1=0.901814; ', 'mse_2=0.012602; ', 'lpips_2=0.021705; ', 'codec_recon_2=0.729293; ']
train step[1359/1500] ; used: 23m:49s; eta: 2m:28s; loss = 2.558994; ['mse_0=0.007046; ', 'lpips_0=0.023409; ', 'codec_recon_0=0.826086; ', 'mse_1=0.005297; ', 'lpips_1=0.019051; ', 'codec_recon_1=0.902779; ', 'mse_2=0.005162; ', 'lpips_2=0.019055; ', 'codec_recon_2=0.751109; ']
train step[1360/1500] ; used: 23m:50s; eta: 2m:27s; loss = 2.498240; ['mse_0=0.013876; ', 'lpips_0=0.026578; ', 'codec_recon_0=0.784232; ', 'mse_1=0.010450; ', 'lpips_1=0.021844; ', 'codec_recon_1=0.886572; ', 'mse_2=0.009693; ', 'lpips_2=0.020198; ', 'codec_recon_2=0.724797; ']
train step[1361/1500] ; used: 23m:51s; eta: 2m:26s; loss = 2.566211; ['mse_0=0.011141; ', 'lpips_0=0.028487; ', 'codec_recon_0=0.836757; ', 'mse_1=0.011020; ', 'lpips_1=0.026293; ', 'codec_recon_1=0.900878; ', 'mse_2=0.011575; ', 'lpips_2=0.024951; ', 'codec_recon_2=0.715109; ']
train step[1362/1500] ; used: 23m:52s; eta: 2m:25s; loss = 2.515717; ['mse_0=0.006665; ', 'lpips_0=0.026401; ', 'codec_recon_0=0.817431; ', 'mse_1=0.005244; ', 'lpips_1=0.022050; ', 'codec_recon_1=0.890131; ', 'mse_2=0.005123; ', 'lpips_2=0.021608; ', 'codec_recon_2=0.721064; ']
train step[1363/1500] ; used: 23m:53s; eta: 2m:23s; loss = 2.454623; ['mse_0=0.010871; ', 'lpips_0=0.025983; ', 'codec_recon_0=0.761816; ', 'mse_1=0.008482; ', 'lpips_1=0.021843; ', 'codec_recon_1=0.878925; ', 'mse_2=0.008214; ', 'lpips_2=0.020665; ', 'codec_recon_2=0.717824; ']
train step[1364/1500] ; used: 23m:54s; eta: 2m:22s; loss = 2.453630; ['mse_0=0.006065; ', 'lpips_0=0.023905; ', 'codec_recon_0=0.782366; ', 'mse_1=0.004479; ', 'lpips_1=0.018526; ', 'codec_recon_1=0.874469; ', 'mse_2=0.004317; ', 'lpips_2=0.018131; ', 'codec_recon_2=0.721374; ']
train step[1365/1500] ; used: 23m:55s; eta: 2m:21s; loss = 2.528435; ['mse_0=0.008472; ', 'lpips_0=0.023757; ', 'codec_recon_0=0.802724; ', 'mse_1=0.006603; ', 'lpips_1=0.018364; ', 'codec_recon_1=0.892422; ', 'mse_2=0.006424; ', 'lpips_2=0.018604; ', 'codec_recon_2=0.751065; ']
train step[1366/1500] ; used: 23m:56s; eta: 2m:20s; loss = 2.528164; ['mse_0=0.013734; ', 'lpips_0=0.027848; ', 'codec_recon_0=0.792340; ', 'mse_1=0.011388; ', 'lpips_1=0.025397; ', 'codec_recon_1=0.888217; ', 'mse_2=0.010691; ', 'lpips_2=0.025190; ', 'codec_recon_2=0.733359; ']
train step[1367/1500] ; used: 23m:57s; eta: 2m:19s; loss = 2.522499; ['mse_0=0.011591; ', 'lpips_0=0.026724; ', 'codec_recon_0=0.749850; ', 'mse_1=0.009650; ', 'lpips_1=0.021995; ', 'codec_recon_1=0.897244; ', 'mse_2=0.009157; ', 'lpips_2=0.020730; ', 'codec_recon_2=0.775559; ']
train step[1368/1500] ; used: 23m:58s; eta: 2m:18s; loss = 2.499414; ['mse_0=0.008264; ', 'lpips_0=0.026199; ', 'codec_recon_0=0.794247; ', 'mse_1=0.007706; ', 'lpips_1=0.023593; ', 'codec_recon_1=0.888367; ', 'mse_2=0.007754; ', 'lpips_2=0.023101; ', 'codec_recon_2=0.720183; ']
train step[1369/1500] ; used: 23m:59s; eta: 2m:17s; loss = 2.523589; ['mse_0=0.010812; ', 'lpips_0=0.023557; ', 'codec_recon_0=0.804861; ', 'mse_1=0.007536; ', 'lpips_1=0.018339; ', 'codec_recon_1=0.895961; ', 'mse_2=0.007187; ', 'lpips_2=0.017562; ', 'codec_recon_2=0.737774; ']
train step[1370/1500] ; used: 24m; eta: 2m:16s; loss = 2.585956; ['mse_0=0.010595; ', 'lpips_0=0.024454; ', 'codec_recon_0=0.859258; ', 'mse_1=0.009349; ', 'lpips_1=0.020412; ', 'codec_recon_1=0.900987; ', 'mse_2=0.009034; ', 'lpips_2=0.020050; ', 'codec_recon_2=0.731817; ']
train step[1371/1500] ; used: 24m:1s; eta: 2m:15s; loss = 2.463139; ['mse_0=0.008890; ', 'lpips_0=0.027884; ', 'codec_recon_0=0.761464; ', 'mse_1=0.007589; ', 'lpips_1=0.023350; ', 'codec_recon_1=0.885535; ', 'mse_2=0.007433; ', 'lpips_2=0.022145; ', 'codec_recon_2=0.718849; ']
train step[1372/1500] ; used: 24m:2s; eta: 2m:14s; loss = 2.561947; ['mse_0=0.013560; ', 'lpips_0=0.026367; ', 'codec_recon_0=0.828693; ', 'mse_1=0.012085; ', 'lpips_1=0.024325; ', 'codec_recon_1=0.895735; ', 'mse_2=0.011829; ', 'lpips_2=0.024446; ', 'codec_recon_2=0.724907; ']
train step[1373/1500] ; used: 24m:3s; eta: 2m:13s; loss = 2.541276; ['mse_0=0.010759; ', 'lpips_0=0.026606; ', 'codec_recon_0=0.810001; ', 'mse_1=0.009288; ', 'lpips_1=0.023854; ', 'codec_recon_1=0.894664; ', 'mse_2=0.009210; ', 'lpips_2=0.023527; ', 'codec_recon_2=0.733369; ']
train step[1374/1500] ; used: 24m:4s; eta: 2m:12s; loss = 2.527570; ['mse_0=0.009655; ', 'lpips_0=0.024885; ', 'codec_recon_0=0.824472; ', 'mse_1=0.008144; ', 'lpips_1=0.020198; ', 'codec_recon_1=0.897575; ', 'mse_2=0.008037; ', 'lpips_2=0.019219; ', 'codec_recon_2=0.715385; ']
train step[1375/1500] ; used: 24m:5s; eta: 2m:11s; loss = 2.582780; ['mse_0=0.012634; ', 'lpips_0=0.028058; ', 'codec_recon_0=0.799656; ', 'mse_1=0.010372; ', 'lpips_1=0.024696; ', 'codec_recon_1=0.909540; ', 'mse_2=0.009948; ', 'lpips_2=0.024103; ', 'codec_recon_2=0.763772; ']
train step[1376/1500] ; used: 24m:6s; eta: 2m:10s; loss = 2.599089; ['mse_0=0.016637; ', 'lpips_0=0.026973; ', 'codec_recon_0=0.830557; ', 'mse_1=0.015627; ', 'lpips_1=0.024844; ', 'codec_recon_1=0.905742; ', 'mse_2=0.015328; ', 'lpips_2=0.024738; ', 'codec_recon_2=0.738642; ']
train step[1377/1500] ; used: 24m:7s; eta: 2m:9s; loss = 2.493863; ['mse_0=0.010031; ', 'lpips_0=0.027287; ', 'codec_recon_0=0.792660; ', 'mse_1=0.008715; ', 'lpips_1=0.022714; ', 'codec_recon_1=0.887465; ', 'mse_2=0.008664; ', 'lpips_2=0.021634; ', 'codec_recon_2=0.714693; ']
train step[1378/1500] ; used: 24m:8s; eta: 2m:8s; loss = 2.468631; ['mse_0=0.007798; ', 'lpips_0=0.023707; ', 'codec_recon_0=0.780996; ', 'mse_1=0.006324; ', 'lpips_1=0.020095; ', 'codec_recon_1=0.884489; ', 'mse_2=0.006236; ', 'lpips_2=0.019122; ', 'codec_recon_2=0.719864; ']
train step[1379/1500] ; used: 24m:9s; eta: 2m:7s; loss = 2.496746; ['mse_0=0.012066; ', 'lpips_0=0.026459; ', 'codec_recon_0=0.797437; ', 'mse_1=0.009725; ', 'lpips_1=0.020746; ', 'codec_recon_1=0.886152; ', 'mse_2=0.009614; ', 'lpips_2=0.020001; ', 'codec_recon_2=0.714548; ']
train step[1380/1500] ; used: 24m:10s; eta: 2m:6s; loss = 2.658715; ['mse_0=0.011233; ', 'lpips_0=0.024408; ', 'codec_recon_0=0.864414; ', 'mse_1=0.010683; ', 'lpips_1=0.020716; ', 'codec_recon_1=0.920060; ', 'mse_2=0.010611; ', 'lpips_2=0.020901; ', 'codec_recon_2=0.775688; ']
train step[1381/1500] ; used: 24m:11s; eta: 2m:4s; loss = 2.586698; ['mse_0=0.005694; ', 'lpips_0=0.023678; ', 'codec_recon_0=0.836781; ', 'mse_1=0.004867; ', 'lpips_1=0.020463; ', 'codec_recon_1=0.901919; ', 'mse_2=0.004888; ', 'lpips_2=0.020709; ', 'codec_recon_2=0.767699; ']
train step[1382/1500] ; used: 24m:12s; eta: 2m:3s; loss = 2.575629; ['mse_0=0.007634; ', 'lpips_0=0.025584; ', 'codec_recon_0=0.837683; ', 'mse_1=0.006339; ', 'lpips_1=0.022473; ', 'codec_recon_1=0.904258; ', 'mse_2=0.006081; ', 'lpips_2=0.021781; ', 'codec_recon_2=0.743796; ']
train step[1383/1500] ; used: 24m:13s; eta: 2m:2s; loss = 2.650380; ['mse_0=0.007685; ', 'lpips_0=0.025054; ', 'codec_recon_0=0.836513; ', 'mse_1=0.006478; ', 'lpips_1=0.021179; ', 'codec_recon_1=0.914623; ', 'mse_2=0.006411; ', 'lpips_2=0.021170; ', 'codec_recon_2=0.811267; ']
train step[1384/1500] ; used: 24m:14s; eta: 2m:1s; loss = 2.477197; ['mse_0=0.011160; ', 'lpips_0=0.023392; ', 'codec_recon_0=0.764229; ', 'mse_1=0.009324; ', 'lpips_1=0.020432; ', 'codec_recon_1=0.882767; ', 'mse_2=0.009116; ', 'lpips_2=0.019739; ', 'codec_recon_2=0.737039; ']
train step[1385/1500] ; used: 24m:15s; eta: 2m; loss = 2.504951; ['mse_0=0.010116; ', 'lpips_0=0.026274; ', 'codec_recon_0=0.783731; ', 'mse_1=0.008072; ', 'lpips_1=0.022729; ', 'codec_recon_1=0.887623; ', 'mse_2=0.007638; ', 'lpips_2=0.021485; ', 'codec_recon_2=0.737281; ']
train step[1386/1500] ; used: 24m:16s; eta: 1m:59s; loss = 2.513021; ['mse_0=0.012552; ', 'lpips_0=0.025034; ', 'codec_recon_0=0.784657; ', 'mse_1=0.010286; ', 'lpips_1=0.020728; ', 'codec_recon_1=0.886921; ', 'mse_2=0.009836; ', 'lpips_2=0.020280; ', 'codec_recon_2=0.742729; ']
train step[1387/1500] ; used: 24m:17s; eta: 1m:58s; loss = 2.475269; ['mse_0=0.009795; ', 'lpips_0=0.024358; ', 'codec_recon_0=0.793027; ', 'mse_1=0.007331; ', 'lpips_1=0.020350; ', 'codec_recon_1=0.879825; ', 'mse_2=0.007030; ', 'lpips_2=0.019825; ', 'codec_recon_2=0.713728; ']
train step[1388/1500] ; used: 24m:18s; eta: 1m:57s; loss = 2.684576; ['mse_0=0.013748; ', 'lpips_0=0.027152; ', 'codec_recon_0=0.861246; ', 'mse_1=0.012572; ', 'lpips_1=0.024966; ', 'codec_recon_1=0.922156; ', 'mse_2=0.012531; ', 'lpips_2=0.024832; ', 'codec_recon_2=0.785373; ']
train step[1389/1500] ; used: 24m:19s; eta: 1m:56s; loss = 2.532499; ['mse_0=0.012100; ', 'lpips_0=0.025769; ', 'codec_recon_0=0.803653; ', 'mse_1=0.009754; ', 'lpips_1=0.021372; ', 'codec_recon_1=0.886412; ', 'mse_2=0.009127; ', 'lpips_2=0.020183; ', 'codec_recon_2=0.744129; ']
train step[1390/1500] ; used: 24m:20s; eta: 1m:55s; loss = 2.562543; ['mse_0=0.015908; ', 'lpips_0=0.028459; ', 'codec_recon_0=0.779608; ', 'mse_1=0.013490; ', 'lpips_1=0.024829; ', 'codec_recon_1=0.899769; ', 'mse_2=0.012925; ', 'lpips_2=0.022869; ', 'codec_recon_2=0.764686; ']
train step[1391/1500] ; used: 24m:21s; eta: 1m:54s; loss = 2.474947; ['mse_0=0.013225; ', 'lpips_0=0.025601; ', 'codec_recon_0=0.738316; ', 'mse_1=0.010560; ', 'lpips_1=0.022293; ', 'codec_recon_1=0.879691; ', 'mse_2=0.010243; ', 'lpips_2=0.022341; ', 'codec_recon_2=0.752678; ']
train step[1392/1500] ; used: 24m:22s; eta: 1m:53s; loss = 2.441486; ['mse_0=0.006065; ', 'lpips_0=0.021891; ', 'codec_recon_0=0.784646; ', 'mse_1=0.004421; ', 'lpips_1=0.017998; ', 'codec_recon_1=0.870232; ', 'mse_2=0.004430; ', 'lpips_2=0.017614; ', 'codec_recon_2=0.714188; ']
train step[1393/1500] ; used: 24m:23s; eta: 1m:52s; loss = 2.544945; ['mse_0=0.008311; ', 'lpips_0=0.025182; ', 'codec_recon_0=0.820450; ', 'mse_1=0.006778; ', 'lpips_1=0.021701; ', 'codec_recon_1=0.896043; ', 'mse_2=0.006767; ', 'lpips_2=0.021406; ', 'codec_recon_2=0.738308; ']
train step[1394/1500] ; used: 24m:24s; eta: 1m:51s; loss = 2.467640; ['mse_0=0.009326; ', 'lpips_0=0.028617; ', 'codec_recon_0=0.773604; ', 'mse_1=0.007027; ', 'lpips_1=0.023986; ', 'codec_recon_1=0.870270; ', 'mse_2=0.006586; ', 'lpips_2=0.022433; ', 'codec_recon_2=0.725792; ']
train step[1395/1500] ; used: 24m:25s; eta: 1m:50s; loss = 2.474859; ['mse_0=0.012767; ', 'lpips_0=0.027234; ', 'codec_recon_0=0.770196; ', 'mse_1=0.010542; ', 'lpips_1=0.022825; ', 'codec_recon_1=0.880536; ', 'mse_2=0.010403; ', 'lpips_2=0.021342; ', 'codec_recon_2=0.719014; ']
train step[1396/1500] ; used: 24m:26s; eta: 1m:49s; loss = 2.508845; ['mse_0=0.006596; ', 'lpips_0=0.023584; ', 'codec_recon_0=0.829867; ', 'mse_1=0.005969; ', 'lpips_1=0.019788; ', 'codec_recon_1=0.887247; ', 'mse_2=0.005757; ', 'lpips_2=0.019230; ', 'codec_recon_2=0.710807; ']
train step[1397/1500] ; used: 24m:27s; eta: 1m:48s; loss = 2.496625; ['mse_0=0.011079; ', 'lpips_0=0.024529; ', 'codec_recon_0=0.788415; ', 'mse_1=0.008954; ', 'lpips_1=0.020624; ', 'codec_recon_1=0.891050; ', 'mse_2=0.008930; ', 'lpips_2=0.020649; ', 'codec_recon_2=0.722395; ']
train step[1398/1500] ; used: 24m:28s; eta: 1m:47s; loss = 2.564513; ['mse_0=0.012043; ', 'lpips_0=0.026788; ', 'codec_recon_0=0.811057; ', 'mse_1=0.010186; ', 'lpips_1=0.023415; ', 'codec_recon_1=0.900453; ', 'mse_2=0.010014; ', 'lpips_2=0.022108; ', 'codec_recon_2=0.748449; ']
train step[1399/1500] ; used: 24m:29s; eta: 1m:45s; loss = 2.510652; ['mse_0=0.013862; ', 'lpips_0=0.027491; ', 'codec_recon_0=0.768872; ', 'mse_1=0.010884; ', 'lpips_1=0.023383; ', 'codec_recon_1=0.886241; ', 'mse_2=0.009921; ', 'lpips_2=0.021949; ', 'codec_recon_2=0.748049; ']
train step[1400/1500] ; used: 24m:30s; eta: 1m:44s; loss = 2.451538; ['mse_0=0.009132; ', 'lpips_0=0.024585; ', 'codec_recon_0=0.783160; ', 'mse_1=0.007338; ', 'lpips_1=0.020483; ', 'codec_recon_1=0.875466; ', 'mse_2=0.007292; ', 'lpips_2=0.021101; ', 'codec_recon_2=0.702981; ']
train step[1401/1500] ; used: 24m:31s; eta: 1m:43s; loss = 2.524441; ['mse_0=0.010693; ', 'lpips_0=0.024714; ', 'codec_recon_0=0.806647; ', 'mse_1=0.008559; ', 'lpips_1=0.020288; ', 'codec_recon_1=0.891334; ', 'mse_2=0.008119; ', 'lpips_2=0.019467; ', 'codec_recon_2=0.734619; ']
train step[1402/1500] ; used: 24m:32s; eta: 1m:42s; loss = 2.542459; ['mse_0=0.010035; ', 'lpips_0=0.025856; ', 'codec_recon_0=0.799848; ', 'mse_1=0.008135; ', 'lpips_1=0.021716; ', 'codec_recon_1=0.894776; ', 'mse_2=0.007596; ', 'lpips_2=0.021238; ', 'codec_recon_2=0.753259; ']
train step[1403/1500] ; used: 24m:33s; eta: 1m:41s; loss = 2.474556; ['mse_0=0.009262; ', 'lpips_0=0.024930; ', 'codec_recon_0=0.771894; ', 'mse_1=0.006966; ', 'lpips_1=0.020037; ', 'codec_recon_1=0.885194; ', 'mse_2=0.006604; ', 'lpips_2=0.018696; ', 'codec_recon_2=0.730974; ']
train step[1404/1500] ; used: 24m:34s; eta: 1m:40s; loss = 2.466504; ['mse_0=0.012399; ', 'lpips_0=0.027532; ', 'codec_recon_0=0.783998; ', 'mse_1=0.010557; ', 'lpips_1=0.023589; ', 'codec_recon_1=0.880591; ', 'mse_2=0.010072; ', 'lpips_2=0.022892; ', 'codec_recon_2=0.694874; ']
train step[1405/1500] ; used: 24m:35s; eta: 1m:39s; loss = 2.452227; ['mse_0=0.008469; ', 'lpips_0=0.025045; ', 'codec_recon_0=0.791928; ', 'mse_1=0.006031; ', 'lpips_1=0.019378; ', 'codec_recon_1=0.876146; ', 'mse_2=0.005664; ', 'lpips_2=0.018266; ', 'codec_recon_2=0.701300; ']
train step[1406/1500] ; used: 24m:36s; eta: 1m:38s; loss = 2.474941; ['mse_0=0.013106; ', 'lpips_0=0.026818; ', 'codec_recon_0=0.762260; ', 'mse_1=0.011489; ', 'lpips_1=0.021873; ', 'codec_recon_1=0.881740; ', 'mse_2=0.011243; ', 'lpips_2=0.021509; ', 'codec_recon_2=0.724904; ']
train step[1407/1500] ; used: 24m:37s; eta: 1m:37s; loss = 2.580430; ['mse_0=0.005821; ', 'lpips_0=0.023821; ', 'codec_recon_0=0.844034; ', 'mse_1=0.004433; ', 'lpips_1=0.020303; ', 'codec_recon_1=0.903971; ', 'mse_2=0.004282; ', 'lpips_2=0.019657; ', 'codec_recon_2=0.754107; ']
train step[1408/1500] ; used: 24m:38s; eta: 1m:36s; loss = 2.457884; ['mse_0=0.011095; ', 'lpips_0=0.024724; ', 'codec_recon_0=0.757250; ', 'mse_1=0.008924; ', 'lpips_1=0.019680; ', 'codec_recon_1=0.883839; ', 'mse_2=0.008000; ', 'lpips_2=0.019358; ', 'codec_recon_2=0.725015; ']
train step[1409/1500] ; used: 24m:39s; eta: 1m:35s; loss = 2.481663; ['mse_0=0.008324; ', 'lpips_0=0.026195; ', 'codec_recon_0=0.793684; ', 'mse_1=0.006666; ', 'lpips_1=0.023071; ', 'codec_recon_1=0.882827; ', 'mse_2=0.006708; ', 'lpips_2=0.022633; ', 'codec_recon_2=0.711555; ']
train step[1410/1500] ; used: 24m:39s; eta: 1m:34s; loss = 2.554703; ['mse_0=0.012542; ', 'lpips_0=0.026573; ', 'codec_recon_0=0.822695; ', 'mse_1=0.011256; ', 'lpips_1=0.023700; ', 'codec_recon_1=0.899918; ', 'mse_2=0.011372; ', 'lpips_2=0.022887; ', 'codec_recon_2=0.723759; ']
train step[1411/1500] ; used: 24m:40s; eta: 1m:33s; loss = 2.543484; ['mse_0=0.016540; ', 'lpips_0=0.024347; ', 'codec_recon_0=0.809132; ', 'mse_1=0.014908; ', 'lpips_1=0.022713; ', 'codec_recon_1=0.891207; ', 'mse_2=0.014607; ', 'lpips_2=0.022639; ', 'codec_recon_2=0.727393; ']
train step[1412/1500] ; used: 24m:41s; eta: 1m:32s; loss = 2.482271; ['mse_0=0.008555; ', 'lpips_0=0.026063; ', 'codec_recon_0=0.781206; ', 'mse_1=0.006468; ', 'lpips_1=0.020425; ', 'codec_recon_1=0.877873; ', 'mse_2=0.006091; ', 'lpips_2=0.019077; ', 'codec_recon_2=0.736513; ']
train step[1413/1500] ; used: 24m:42s; eta: 1m:31s; loss = 2.479874; ['mse_0=0.015034; ', 'lpips_0=0.026133; ', 'codec_recon_0=0.794417; ', 'mse_1=0.014458; ', 'lpips_1=0.023101; ', 'codec_recon_1=0.876703; ', 'mse_2=0.014432; ', 'lpips_2=0.022246; ', 'codec_recon_2=0.693350; ']
train step[1414/1500] ; used: 24m:43s; eta: 1m:30s; loss = 2.470773; ['mse_0=0.015674; ', 'lpips_0=0.025553; ', 'codec_recon_0=0.798739; ', 'mse_1=0.013551; ', 'lpips_1=0.022147; ', 'codec_recon_1=0.878210; ', 'mse_2=0.013032; ', 'lpips_2=0.021070; ', 'codec_recon_2=0.682797; ']
train step[1415/1500] ; used: 24m:44s; eta: 1m:29s; loss = 2.401120; ['mse_0=0.007544; ', 'lpips_0=0.025427; ', 'codec_recon_0=0.774433; ', 'mse_1=0.006427; ', 'lpips_1=0.020460; ', 'codec_recon_1=0.863824; ', 'mse_2=0.005961; ', 'lpips_2=0.019579; ', 'codec_recon_2=0.677466; ']
train step[1416/1500] ; used: 24m:45s; eta: 1m:28s; loss = 2.471188; ['mse_0=0.009190; ', 'lpips_0=0.027480; ', 'codec_recon_0=0.764636; ', 'mse_1=0.007406; ', 'lpips_1=0.022659; ', 'codec_recon_1=0.879357; ', 'mse_2=0.007164; ', 'lpips_2=0.020982; ', 'codec_recon_2=0.732313; ']
train step[1417/1500] ; used: 24m:46s; eta: 1m:27s; loss = 2.525237; ['mse_0=0.011883; ', 'lpips_0=0.026365; ', 'codec_recon_0=0.798572; ', 'mse_1=0.011116; ', 'lpips_1=0.023217; ', 'codec_recon_1=0.886408; ', 'mse_2=0.011076; ', 'lpips_2=0.022985; ', 'codec_recon_2=0.733614; ']
train step[1418/1500] ; used: 24m:47s; eta: 1m:25s; loss = 2.545154; ['mse_0=0.006051; ', 'lpips_0=0.024841; ', 'codec_recon_0=0.831060; ', 'mse_1=0.005514; ', 'lpips_1=0.021115; ', 'codec_recon_1=0.896379; ', 'mse_2=0.005669; ', 'lpips_2=0.020690; ', 'codec_recon_2=0.733834; ']
train step[1419/1500] ; used: 24m:48s; eta: 1m:24s; loss = 2.458420; ['mse_0=0.009660; ', 'lpips_0=0.024315; ', 'codec_recon_0=0.788607; ', 'mse_1=0.007751; ', 'lpips_1=0.019248; ', 'codec_recon_1=0.877752; ', 'mse_2=0.007492; ', 'lpips_2=0.019121; ', 'codec_recon_2=0.704473; ']
train step[1420/1500] ; used: 24m:49s; eta: 1m:23s; loss = 2.524031; ['mse_0=0.010458; ', 'lpips_0=0.025190; ', 'codec_recon_0=0.784062; ', 'mse_1=0.008864; ', 'lpips_1=0.020246; ', 'codec_recon_1=0.895357; ', 'mse_2=0.008724; ', 'lpips_2=0.018191; ', 'codec_recon_2=0.752939; ']
train step[1421/1500] ; used: 24m:50s; eta: 1m:22s; loss = 2.517366; ['mse_0=0.008207; ', 'lpips_0=0.024994; ', 'codec_recon_0=0.827832; ', 'mse_1=0.006812; ', 'lpips_1=0.021742; ', 'codec_recon_1=0.890983; ', 'mse_2=0.006927; ', 'lpips_2=0.021380; ', 'codec_recon_2=0.708489; ']
train step[1422/1500] ; used: 24m:51s; eta: 1m:21s; loss = 2.595849; ['mse_0=0.021908; ', 'lpips_0=0.029088; ', 'codec_recon_0=0.804022; ', 'mse_1=0.019834; ', 'lpips_1=0.025897; ', 'codec_recon_1=0.906206; ', 'mse_2=0.020176; ', 'lpips_2=0.024506; ', 'codec_recon_2=0.744210; ']
train step[1423/1500] ; used: 24m:52s; eta: 1m:20s; loss = 2.449699; ['mse_0=0.010626; ', 'lpips_0=0.024921; ', 'codec_recon_0=0.796298; ', 'mse_1=0.008573; ', 'lpips_1=0.018988; ', 'codec_recon_1=0.875194; ', 'mse_2=0.008418; ', 'lpips_2=0.017871; ', 'codec_recon_2=0.688811; ']
train step[1424/1500] ; used: 24m:53s; eta: 1m:19s; loss = 2.555021; ['mse_0=0.011233; ', 'lpips_0=0.026363; ', 'codec_recon_0=0.836754; ', 'mse_1=0.009980; ', 'lpips_1=0.023758; ', 'codec_recon_1=0.896955; ', 'mse_2=0.009934; ', 'lpips_2=0.023437; ', 'codec_recon_2=0.716609; ']
train step[1425/1500] ; used: 24m:54s; eta: 1m:18s; loss = 2.419605; ['mse_0=0.007774; ', 'lpips_0=0.025306; ', 'codec_recon_0=0.795298; ', 'mse_1=0.006181; ', 'lpips_1=0.020237; ', 'codec_recon_1=0.869838; ', 'mse_2=0.006013; ', 'lpips_2=0.019530; ', 'codec_recon_2=0.669426; ']
train step[1426/1500] ; used: 24m:56s; eta: 1m:17s; loss = 2.489044; ['mse_0=0.011783; ', 'lpips_0=0.025133; ', 'codec_recon_0=0.816815; ', 'mse_1=0.010387; ', 'lpips_1=0.021584; ', 'codec_recon_1=0.887268; ', 'mse_2=0.010122; ', 'lpips_2=0.020609; ', 'codec_recon_2=0.685343; ']
train step[1427/1500] ; used: 24m:57s; eta: 1m:16s; loss = 2.518511; ['mse_0=0.011231; ', 'lpips_0=0.026576; ', 'codec_recon_0=0.807862; ', 'mse_1=0.009553; ', 'lpips_1=0.021889; ', 'codec_recon_1=0.890980; ', 'mse_2=0.009171; ', 'lpips_2=0.020012; ', 'codec_recon_2=0.721236; ']
train step[1428/1500] ; used: 24m:58s; eta: 1m:15s; loss = 2.491762; ['mse_0=0.012680; ', 'lpips_0=0.028889; ', 'codec_recon_0=0.803316; ', 'mse_1=0.011660; ', 'lpips_1=0.025634; ', 'codec_recon_1=0.879106; ', 'mse_2=0.011404; ', 'lpips_2=0.024972; ', 'codec_recon_2=0.694102; ']
train step[1429/1500] ; used: 24m:59s; eta: 1m:14s; loss = 2.477657; ['mse_0=0.012024; ', 'lpips_0=0.024919; ', 'codec_recon_0=0.786666; ', 'mse_1=0.009690; ', 'lpips_1=0.020213; ', 'codec_recon_1=0.880965; ', 'mse_2=0.009320; ', 'lpips_2=0.019415; ', 'codec_recon_2=0.714445; ']
train step[1430/1500] ; used: 25m; eta: 1m:13s; loss = 2.603187; ['mse_0=0.012730; ', 'lpips_0=0.026134; ', 'codec_recon_0=0.824905; ', 'mse_1=0.010767; ', 'lpips_1=0.023007; ', 'codec_recon_1=0.913002; ', 'mse_2=0.010477; ', 'lpips_2=0.021829; ', 'codec_recon_2=0.760337; ']
train step[1431/1500] ; used: 25m:1s; eta: 1m:12s; loss = 2.425991; ['mse_0=0.005365; ', 'lpips_0=0.025067; ', 'codec_recon_0=0.793497; ', 'mse_1=0.004326; ', 'lpips_1=0.021141; ', 'codec_recon_1=0.866260; ', 'mse_2=0.004331; ', 'lpips_2=0.020690; ', 'codec_recon_2=0.685314; ']
train step[1432/1500] ; used: 25m:2s; eta: 1m:11s; loss = 2.486045; ['mse_0=0.012256; ', 'lpips_0=0.026586; ', 'codec_recon_0=0.774867; ', 'mse_1=0.010084; ', 'lpips_1=0.023084; ', 'codec_recon_1=0.885335; ', 'mse_2=0.009928; ', 'lpips_2=0.022088; ', 'codec_recon_2=0.721817; ']
train step[1433/1500] ; used: 25m:3s; eta: 1m:10s; loss = 2.572326; ['mse_0=0.010693; ', 'lpips_0=0.027401; ', 'codec_recon_0=0.833218; ', 'mse_1=0.009423; ', 'lpips_1=0.025196; ', 'codec_recon_1=0.910105; ', 'mse_2=0.009508; ', 'lpips_2=0.024524; ', 'codec_recon_2=0.722258; ']
train step[1434/1500] ; used: 25m:4s; eta: 1m:9s; loss = 2.443301; ['mse_0=0.011835; ', 'lpips_0=0.024307; ', 'codec_recon_0=0.794118; ', 'mse_1=0.008412; ', 'lpips_1=0.019104; ', 'codec_recon_1=0.872753; ', 'mse_2=0.008245; ', 'lpips_2=0.017999; ', 'codec_recon_2=0.686528; ']
Skipped bad example 7ab1ca08282c3433. Context shape was torch.Size([2, 3, 360, 480]) and target shape was torch.Size([4, 3, 360, 480]).
train step[1435/1500] ; used: 25m:5s; eta: 1m:8s; loss = 2.369925; ['mse_0=0.004330; ', 'lpips_0=0.024245; ', 'codec_recon_0=0.787794; ', 'mse_1=0.003061; ', 'lpips_1=0.018452; ', 'codec_recon_1=0.857144; ', 'mse_2=0.003091; ', 'lpips_2=0.017818; ', 'codec_recon_2=0.653991; ']
train step[1436/1500] ; used: 25m:6s; eta: 1m:7s; loss = 2.385603; ['mse_0=0.003524; ', 'lpips_0=0.022516; ', 'codec_recon_0=0.783292; ', 'mse_1=0.002611; ', 'lpips_1=0.018063; ', 'codec_recon_1=0.857566; ', 'mse_2=0.002686; ', 'lpips_2=0.017934; ', 'codec_recon_2=0.677411; ']
train step[1437/1500] ; used: 25m:7s; eta: 1m:6s; loss = 2.492436; ['mse_0=0.011286; ', 'lpips_0=0.025636; ', 'codec_recon_0=0.820124; ', 'mse_1=0.009193; ', 'lpips_1=0.020747; ', 'codec_recon_1=0.889369; ', 'mse_2=0.008818; ', 'lpips_2=0.019616; ', 'codec_recon_2=0.687647; ']
train step[1438/1500] ; used: 25m:8s; eta: 1m:4s; loss = 2.469231; ['mse_0=0.010599; ', 'lpips_0=0.024744; ', 'codec_recon_0=0.776833; ', 'mse_1=0.008677; ', 'lpips_1=0.020512; ', 'codec_recon_1=0.876794; ', 'mse_2=0.008490; ', 'lpips_2=0.019917; ', 'codec_recon_2=0.722664; ']
train step[1439/1500] ; used: 25m:9s; eta: 1m:3s; loss = 2.476784; ['mse_0=0.017664; ', 'lpips_0=0.027153; ', 'codec_recon_0=0.773543; ', 'mse_1=0.016775; ', 'lpips_1=0.023617; ', 'codec_recon_1=0.877106; ', 'mse_2=0.016585; ', 'lpips_2=0.023606; ', 'codec_recon_2=0.700734; ']
train step[1440/1500] ; used: 25m:10s; eta: 1m:2s; loss = 2.485743; ['mse_0=0.016038; ', 'lpips_0=0.026819; ', 'codec_recon_0=0.806224; ', 'mse_1=0.013648; ', 'lpips_1=0.022149; ', 'codec_recon_1=0.883769; ', 'mse_2=0.013041; ', 'lpips_2=0.020871; ', 'codec_recon_2=0.683184; ']
train step[1441/1500] ; used: 25m:11s; eta: 1m:1s; loss = 2.358325; ['mse_0=0.007592; ', 'lpips_0=0.023075; ', 'codec_recon_0=0.739960; ', 'mse_1=0.006173; ', 'lpips_1=0.019031; ', 'codec_recon_1=0.856069; ', 'mse_2=0.006059; ', 'lpips_2=0.019132; ', 'codec_recon_2=0.681232; ']
train step[1442/1500] ; used: 25m:12s; eta: 1m; loss = 2.384365; ['mse_0=0.012875; ', 'lpips_0=0.026298; ', 'codec_recon_0=0.772102; ', 'mse_1=0.010873; ', 'lpips_1=0.022732; ', 'codec_recon_1=0.852705; ', 'mse_2=0.010621; ', 'lpips_2=0.021620; ', 'codec_recon_2=0.654539; ']
train step[1443/1500] ; used: 25m:13s; eta: 59s; loss = 2.431963; ['mse_0=0.007609; ', 'lpips_0=0.024030; ', 'codec_recon_0=0.797063; ', 'mse_1=0.005949; ', 'lpips_1=0.019190; ', 'codec_recon_1=0.870237; ', 'mse_2=0.005934; ', 'lpips_2=0.018487; ', 'codec_recon_2=0.683464; ']
train step[1444/1500] ; used: 25m:14s; eta: 58s; loss = 2.512510; ['mse_0=0.016827; ', 'lpips_0=0.026991; ', 'codec_recon_0=0.789156; ', 'mse_1=0.014947; ', 'lpips_1=0.022970; ', 'codec_recon_1=0.888352; ', 'mse_2=0.014023; ', 'lpips_2=0.022411; ', 'codec_recon_2=0.716832; ']
train step[1445/1500] ; used: 25m:15s; eta: 57s; loss = 2.445498; ['mse_0=0.008359; ', 'lpips_0=0.023095; ', 'codec_recon_0=0.797660; ', 'mse_1=0.006478; ', 'lpips_1=0.018590; ', 'codec_recon_1=0.873405; ', 'mse_2=0.006429; ', 'lpips_2=0.017905; ', 'codec_recon_2=0.693577; ']
train step[1446/1500] ; used: 25m:16s; eta: 56s; loss = 2.481023; ['mse_0=0.008113; ', 'lpips_0=0.025283; ', 'codec_recon_0=0.814118; ', 'mse_1=0.006111; ', 'lpips_1=0.020810; ', 'codec_recon_1=0.884993; ', 'mse_2=0.006103; ', 'lpips_2=0.020822; ', 'codec_recon_2=0.694670; ']
train step[1447/1500] ; used: 25m:17s; eta: 55s; loss = 2.393991; ['mse_0=0.010609; ', 'lpips_0=0.023973; ', 'codec_recon_0=0.764033; ', 'mse_1=0.007987; ', 'lpips_1=0.019081; ', 'codec_recon_1=0.860378; ', 'mse_2=0.007835; ', 'lpips_2=0.019030; ', 'codec_recon_2=0.681064; ']
train step[1448/1500] ; used: 25m:18s; eta: 54s; loss = 2.466655; ['mse_0=0.008827; ', 'lpips_0=0.024482; ', 'codec_recon_0=0.816518; ', 'mse_1=0.007268; ', 'lpips_1=0.020291; ', 'codec_recon_1=0.881396; ', 'mse_2=0.007287; ', 'lpips_2=0.019399; ', 'codec_recon_2=0.681187; ']
train step[1449/1500] ; used: 25m:19s; eta: 53s; loss = 2.518121; ['mse_0=0.007754; ', 'lpips_0=0.023012; ', 'codec_recon_0=0.809854; ', 'mse_1=0.007182; ', 'lpips_1=0.020303; ', 'codec_recon_1=0.891771; ', 'mse_2=0.007127; ', 'lpips_2=0.019790; ', 'codec_recon_2=0.731327; ']
train step[1450/1500] ; used: 25m:20s; eta: 52s; loss = 2.402030; ['mse_0=0.008496; ', 'lpips_0=0.025008; ', 'codec_recon_0=0.764220; ', 'mse_1=0.006510; ', 'lpips_1=0.019112; ', 'codec_recon_1=0.869414; ', 'mse_2=0.006351; ', 'lpips_2=0.017547; ', 'codec_recon_2=0.685372; ']
train step[1451/1500] ; used: 25m:21s; eta: 51s; loss = 2.578748; ['mse_0=0.006921; ', 'lpips_0=0.022872; ', 'codec_recon_0=0.857319; ', 'mse_1=0.005523; ', 'lpips_1=0.019243; ', 'codec_recon_1=0.905841; ', 'mse_2=0.005510; ', 'lpips_2=0.018975; ', 'codec_recon_2=0.736544; ']
train step[1452/1500] ; used: 25m:22s; eta: 50s; loss = 2.512445; ['mse_0=0.008912; ', 'lpips_0=0.024827; ', 'codec_recon_0=0.831135; ', 'mse_1=0.007592; ', 'lpips_1=0.021174; ', 'codec_recon_1=0.893902; ', 'mse_2=0.007422; ', 'lpips_2=0.020248; ', 'codec_recon_2=0.697233; ']
train step[1453/1500] ; used: 25m:23s; eta: 49s; loss = 2.495978; ['mse_0=0.009346; ', 'lpips_0=0.023863; ', 'codec_recon_0=0.800779; ', 'mse_1=0.008233; ', 'lpips_1=0.019840; ', 'codec_recon_1=0.892651; ', 'mse_2=0.007898; ', 'lpips_2=0.019232; ', 'codec_recon_2=0.714137; ']
train step[1454/1500] ; used: 25m:24s; eta: 48s; loss = 2.459529; ['mse_0=0.016401; ', 'lpips_0=0.025516; ', 'codec_recon_0=0.793214; ', 'mse_1=0.014136; ', 'lpips_1=0.022075; ', 'codec_recon_1=0.872887; ', 'mse_2=0.013829; ', 'lpips_2=0.020746; ', 'codec_recon_2=0.680726; ']
train step[1455/1500] ; used: 25m:25s; eta: 47s; loss = 2.485783; ['mse_0=0.012866; ', 'lpips_0=0.024975; ', 'codec_recon_0=0.811557; ', 'mse_1=0.011057; ', 'lpips_1=0.019896; ', 'codec_recon_1=0.883002; ', 'mse_2=0.010835; ', 'lpips_2=0.018877; ', 'codec_recon_2=0.692717; ']
train step[1456/1500] ; used: 25m:26s; eta: 46s; loss = 2.497901; ['mse_0=0.012689; ', 'lpips_0=0.024866; ', 'codec_recon_0=0.819620; ', 'mse_1=0.010738; ', 'lpips_1=0.020768; ', 'codec_recon_1=0.887222; ', 'mse_2=0.010512; ', 'lpips_2=0.019123; ', 'codec_recon_2=0.692363; ']
train step[1457/1500] ; used: 25m:27s; eta: 45s; loss = 2.463385; ['mse_0=0.011240; ', 'lpips_0=0.027850; ', 'codec_recon_0=0.795321; ', 'mse_1=0.009343; ', 'lpips_1=0.024145; ', 'codec_recon_1=0.874188; ', 'mse_2=0.009279; ', 'lpips_2=0.023641; ', 'codec_recon_2=0.688378; ']
train step[1458/1500] ; used: 25m:28s; eta: 43s; loss = 2.408621; ['mse_0=0.006222; ', 'lpips_0=0.023840; ', 'codec_recon_0=0.795165; ', 'mse_1=0.005084; ', 'lpips_1=0.020027; ', 'codec_recon_1=0.868619; ', 'mse_2=0.005045; ', 'lpips_2=0.019175; ', 'codec_recon_2=0.665445; ']
train step[1459/1500] ; used: 25m:29s; eta: 42s; loss = 2.498250; ['mse_0=0.009202; ', 'lpips_0=0.023595; ', 'codec_recon_0=0.822983; ', 'mse_1=0.007952; ', 'lpips_1=0.020436; ', 'codec_recon_1=0.885208; ', 'mse_2=0.007638; ', 'lpips_2=0.019900; ', 'codec_recon_2=0.701336; ']
train step[1460/1500] ; used: 25m:30s; eta: 41s; loss = 2.570320; ['mse_0=0.008226; ', 'lpips_0=0.023760; ', 'codec_recon_0=0.839214; ', 'mse_1=0.006698; ', 'lpips_1=0.019554; ', 'codec_recon_1=0.903189; ', 'mse_2=0.006486; ', 'lpips_2=0.019752; ', 'codec_recon_2=0.743440; ']
train step[1461/1500] ; used: 25m:31s; eta: 40s; loss = 2.467955; ['mse_0=0.019599; ', 'lpips_0=0.027262; ', 'codec_recon_0=0.778452; ', 'mse_1=0.016439; ', 'lpips_1=0.021559; ', 'codec_recon_1=0.878692; ', 'mse_2=0.015514; ', 'lpips_2=0.019609; ', 'codec_recon_2=0.690828; ']
train step[1462/1500] ; used: 25m:32s; eta: 39s; loss = 2.499213; ['mse_0=0.005551; ', 'lpips_0=0.023392; ', 'codec_recon_0=0.825715; ', 'mse_1=0.004418; ', 'lpips_1=0.020378; ', 'codec_recon_1=0.888909; ', 'mse_2=0.004353; ', 'lpips_2=0.019751; ', 'codec_recon_2=0.706745; ']
train step[1463/1500] ; used: 25m:33s; eta: 38s; loss = 2.495326; ['mse_0=0.011689; ', 'lpips_0=0.025354; ', 'codec_recon_0=0.791328; ', 'mse_1=0.010246; ', 'lpips_1=0.023155; ', 'codec_recon_1=0.885575; ', 'mse_2=0.010281; ', 'lpips_2=0.022918; ', 'codec_recon_2=0.714780; ']
train step[1464/1500] ; used: 25m:34s; eta: 37s; loss = 2.468531; ['mse_0=0.015554; ', 'lpips_0=0.026947; ', 'codec_recon_0=0.776835; ', 'mse_1=0.012913; ', 'lpips_1=0.022878; ', 'codec_recon_1=0.872831; ', 'mse_2=0.012221; ', 'lpips_2=0.021900; ', 'codec_recon_2=0.706452; ']
train step[1465/1500] ; used: 25m:35s; eta: 36s; loss = 2.488998; ['mse_0=0.019663; ', 'lpips_0=0.027463; ', 'codec_recon_0=0.789775; ', 'mse_1=0.018716; ', 'lpips_1=0.024206; ', 'codec_recon_1=0.878730; ', 'mse_2=0.018314; ', 'lpips_2=0.022663; ', 'codec_recon_2=0.689469; ']
train step[1466/1500] ; used: 25m:36s; eta: 35s; loss = 2.486283; ['mse_0=0.011480; ', 'lpips_0=0.025235; ', 'codec_recon_0=0.822256; ', 'mse_1=0.010385; ', 'lpips_1=0.021743; ', 'codec_recon_1=0.884966; ', 'mse_2=0.010429; ', 'lpips_2=0.021031; ', 'codec_recon_2=0.678758; ']
train step[1467/1500] ; used: 25m:37s; eta: 34s; loss = 2.492386; ['mse_0=0.009886; ', 'lpips_0=0.025747; ', 'codec_recon_0=0.824094; ', 'mse_1=0.008992; ', 'lpips_1=0.021424; ', 'codec_recon_1=0.884406; ', 'mse_2=0.009157; ', 'lpips_2=0.020802; ', 'codec_recon_2=0.687877; ']
train step[1468/1500] ; used: 25m:38s; eta: 33s; loss = 2.547377; ['mse_0=0.018555; ', 'lpips_0=0.026292; ', 'codec_recon_0=0.802714; ', 'mse_1=0.018410; ', 'lpips_1=0.023962; ', 'codec_recon_1=0.888196; ', 'mse_2=0.017472; ', 'lpips_2=0.023300; ', 'codec_recon_2=0.728476; ']
train step[1469/1500] ; used: 25m:39s; eta: 32s; loss = 2.523182; ['mse_0=0.015180; ', 'lpips_0=0.026288; ', 'codec_recon_0=0.769005; ', 'mse_1=0.012710; ', 'lpips_1=0.022940; ', 'codec_recon_1=0.890643; ', 'mse_2=0.012866; ', 'lpips_2=0.022370; ', 'codec_recon_2=0.751179; ']
train step[1470/1500] ; used: 25m:40s; eta: 31s; loss = 2.435008; ['mse_0=0.007955; ', 'lpips_0=0.023174; ', 'codec_recon_0=0.787599; ', 'mse_1=0.007380; ', 'lpips_1=0.021918; ', 'codec_recon_1=0.878353; ', 'mse_2=0.007259; ', 'lpips_2=0.023172; ', 'codec_recon_2=0.678197; ']
train step[1471/1500] ; used: 25m:41s; eta: 30s; loss = 2.437518; ['mse_0=0.016791; ', 'lpips_0=0.026071; ', 'codec_recon_0=0.781998; ', 'mse_1=0.015452; ', 'lpips_1=0.022409; ', 'codec_recon_1=0.875740; ', 'mse_2=0.014659; ', 'lpips_2=0.021559; ', 'codec_recon_2=0.662837; ']
train step[1472/1500] ; used: 25m:42s; eta: 29s; loss = 2.572078; ['mse_0=0.033799; ', 'lpips_0=0.026363; ', 'codec_recon_0=0.769427; ', 'mse_1=0.030522; ', 'lpips_1=0.023648; ', 'codec_recon_1=0.883427; ', 'mse_2=0.030239; ', 'lpips_2=0.023202; ', 'codec_recon_2=0.751451; ']
train step[1473/1500] ; used: 25m:43s; eta: 28s; loss = 2.485892; ['mse_0=0.009496; ', 'lpips_0=0.026461; ', 'codec_recon_0=0.821533; ', 'mse_1=0.008191; ', 'lpips_1=0.022339; ', 'codec_recon_1=0.887251; ', 'mse_2=0.008205; ', 'lpips_2=0.020807; ', 'codec_recon_2=0.681608; ']
train step[1474/1500] ; used: 25m:44s; eta: 27s; loss = 2.503735; ['mse_0=0.009725; ', 'lpips_0=0.026034; ', 'codec_recon_0=0.801499; ', 'mse_1=0.007843; ', 'lpips_1=0.020174; ', 'codec_recon_1=0.892955; ', 'mse_2=0.007479; ', 'lpips_2=0.018337; ', 'codec_recon_2=0.719690; ']
train step[1475/1500] ; used: 25m:45s; eta: 26s; loss = 2.516840; ['mse_0=0.019766; ', 'lpips_0=0.028335; ', 'codec_recon_0=0.778835; ', 'mse_1=0.018612; ', 'lpips_1=0.024293; ', 'codec_recon_1=0.887125; ', 'mse_2=0.018874; ', 'lpips_2=0.023256; ', 'codec_recon_2=0.717744; ']
train step[1476/1500] ; used: 25m:46s; eta: 25s; loss = 2.532745; ['mse_0=0.008085; ', 'lpips_0=0.024567; ', 'codec_recon_0=0.827783; ', 'mse_1=0.006918; ', 'lpips_1=0.021102; ', 'codec_recon_1=0.890482; ', 'mse_2=0.007018; ', 'lpips_2=0.019944; ', 'codec_recon_2=0.726846; ']
train step[1477/1500] ; used: 25m:47s; eta: 24s; loss = 2.419839; ['mse_0=0.014226; ', 'lpips_0=0.026643; ', 'codec_recon_0=0.775103; ', 'mse_1=0.013187; ', 'lpips_1=0.024098; ', 'codec_recon_1=0.860673; ', 'mse_2=0.013530; ', 'lpips_2=0.023753; ', 'codec_recon_2=0.668625; ']
train step[1478/1500] ; used: 25m:48s; eta: 23s; loss = 2.396998; ['mse_0=0.009015; ', 'lpips_0=0.023439; ', 'codec_recon_0=0.768544; ', 'mse_1=0.007287; ', 'lpips_1=0.018304; ', 'codec_recon_1=0.861128; ', 'mse_2=0.007095; ', 'lpips_2=0.017125; ', 'codec_recon_2=0.685060; ']
train step[1479/1500] ; used: 25m:49s; eta: 21s; loss = 2.436271; ['mse_0=0.008111; ', 'lpips_0=0.024279; ', 'codec_recon_0=0.788851; ', 'mse_1=0.006500; ', 'lpips_1=0.019413; ', 'codec_recon_1=0.873013; ', 'mse_2=0.006379; ', 'lpips_2=0.017970; ', 'codec_recon_2=0.691756; ']
train step[1480/1500] ; used: 25m:50s; eta: 20s; loss = 2.453607; ['mse_0=0.010543; ', 'lpips_0=0.025737; ', 'codec_recon_0=0.793589; ', 'mse_1=0.008218; ', 'lpips_1=0.020272; ', 'codec_recon_1=0.882268; ', 'mse_2=0.008151; ', 'lpips_2=0.018915; ', 'codec_recon_2=0.685915; ']
train step[1481/1500] ; used: 25m:51s; eta: 19s; loss = 2.468431; ['mse_0=0.022833; ', 'lpips_0=0.027989; ', 'codec_recon_0=0.775429; ', 'mse_1=0.019923; ', 'lpips_1=0.024502; ', 'codec_recon_1=0.869941; ', 'mse_2=0.019287; ', 'lpips_2=0.023509; ', 'codec_recon_2=0.685018; ']
train step[1482/1500] ; used: 25m:52s; eta: 18s; loss = 2.496561; ['mse_0=0.014175; ', 'lpips_0=0.027117; ', 'codec_recon_0=0.790850; ', 'mse_1=0.011998; ', 'lpips_1=0.023289; ', 'codec_recon_1=0.878229; ', 'mse_2=0.011670; ', 'lpips_2=0.021734; ', 'codec_recon_2=0.717499; ']
train step[1483/1500] ; used: 25m:53s; eta: 17s; loss = 2.521895; ['mse_0=0.013780; ', 'lpips_0=0.026016; ', 'codec_recon_0=0.828982; ', 'mse_1=0.012042; ', 'lpips_1=0.021989; ', 'codec_recon_1=0.897430; ', 'mse_2=0.011657; ', 'lpips_2=0.020587; ', 'codec_recon_2=0.689413; ']
train step[1484/1500] ; used: 25m:54s; eta: 16s; loss = 2.423578; ['mse_0=0.008705; ', 'lpips_0=0.025465; ', 'codec_recon_0=0.810038; ', 'mse_1=0.007464; ', 'lpips_1=0.021143; ', 'codec_recon_1=0.868780; ', 'mse_2=0.007499; ', 'lpips_2=0.020195; ', 'codec_recon_2=0.654290; ']
train step[1485/1500] ; used: 25m:55s; eta: 15s; loss = 2.444952; ['mse_0=0.006015; ', 'lpips_0=0.024205; ', 'codec_recon_0=0.804969; ', 'mse_1=0.005289; ', 'lpips_1=0.020792; ', 'codec_recon_1=0.875470; ', 'mse_2=0.005110; ', 'lpips_2=0.020518; ', 'codec_recon_2=0.682585; ']
train step[1486/1500] ; used: 25m:56s; eta: 14s; loss = 2.388182; ['mse_0=0.010665; ', 'lpips_0=0.025389; ', 'codec_recon_0=0.767363; ', 'mse_1=0.008574; ', 'lpips_1=0.020305; ', 'codec_recon_1=0.862125; ', 'mse_2=0.008024; ', 'lpips_2=0.019120; ', 'codec_recon_2=0.666617; ']
train step[1487/1500] ; used: 25m:57s; eta: 13s; loss = 2.439923; ['mse_0=0.012935; ', 'lpips_0=0.026655; ', 'codec_recon_0=0.789893; ', 'mse_1=0.011237; ', 'lpips_1=0.021935; ', 'codec_recon_1=0.872606; ', 'mse_2=0.011134; ', 'lpips_2=0.020588; ', 'codec_recon_2=0.672938; ']
train step[1488/1500] ; used: 25m:58s; eta: 12s; loss = 2.475918; ['mse_0=0.006928; ', 'lpips_0=0.023227; ', 'codec_recon_0=0.823292; ', 'mse_1=0.005021; ', 'lpips_1=0.018376; ', 'codec_recon_1=0.880110; ', 'mse_2=0.004835; ', 'lpips_2=0.017393; ', 'codec_recon_2=0.696735; ']
train step[1489/1500] ; used: 25m:59s; eta: 11s; loss = 2.527124; ['mse_0=0.013505; ', 'lpips_0=0.024570; ', 'codec_recon_0=0.818566; ', 'mse_1=0.011902; ', 'lpips_1=0.021623; ', 'codec_recon_1=0.893471; ', 'mse_2=0.011839; ', 'lpips_2=0.021245; ', 'codec_recon_2=0.710402; ']
train step[1490/1500] ; used: 26m; eta: 10s; loss = 2.395214; ['mse_0=0.011634; ', 'lpips_0=0.024290; ', 'codec_recon_0=0.794081; ', 'mse_1=0.008556; ', 'lpips_1=0.018672; ', 'codec_recon_1=0.866534; ', 'mse_2=0.007836; ', 'lpips_2=0.017280; ', 'codec_recon_2=0.646331; ']
train step[1491/1500] ; used: 26m:1s; eta: 9s; loss = 2.526575; ['mse_0=0.028556; ', 'lpips_0=0.028612; ', 'codec_recon_0=0.831223; ', 'mse_1=0.027089; ', 'lpips_1=0.025714; ', 'codec_recon_1=0.882473; ', 'mse_2=0.025882; ', 'lpips_2=0.024783; ', 'codec_recon_2=0.652241; ']
train step[1492/1500] ; used: 26m:2s; eta: 8s; loss = 2.533864; ['mse_0=0.016722; ', 'lpips_0=0.024905; ', 'codec_recon_0=0.825047; ', 'mse_1=0.013924; ', 'lpips_1=0.021428; ', 'codec_recon_1=0.895091; ', 'mse_2=0.013979; ', 'lpips_2=0.020271; ', 'codec_recon_2=0.702496; ']
train step[1493/1500] ; used: 26m:3s; eta: 7s; loss = 2.340190; ['mse_0=0.006665; ', 'lpips_0=0.025708; ', 'codec_recon_0=0.771340; ', 'mse_1=0.005471; ', 'lpips_1=0.021327; ', 'codec_recon_1=0.855335; ', 'mse_2=0.005391; ', 'lpips_2=0.020365; ', 'codec_recon_2=0.628588; ']
train step[1494/1500] ; used: 26m:4s; eta: 6s; loss = 2.434483; ['mse_0=0.010998; ', 'lpips_0=0.023873; ', 'codec_recon_0=0.795670; ', 'mse_1=0.008974; ', 'lpips_1=0.020114; ', 'codec_recon_1=0.874424; ', 'mse_2=0.008984; ', 'lpips_2=0.019608; ', 'codec_recon_2=0.671837; ']
train step[1495/1500] ; used: 26m:5s; eta: 5s; loss = 2.503402; ['mse_0=0.016680; ', 'lpips_0=0.030552; ', 'codec_recon_0=0.735123; ', 'mse_1=0.014389; ', 'lpips_1=0.024886; ', 'codec_recon_1=0.879449; ', 'mse_2=0.014051; ', 'lpips_2=0.022918; ', 'codec_recon_2=0.765355; ']
train step[1496/1500] ; used: 26m:6s; eta: 4s; loss = 2.348778; ['mse_0=0.006515; ', 'lpips_0=0.022778; ', 'codec_recon_0=0.775031; ', 'mse_1=0.005380; ', 'lpips_1=0.017856; ', 'codec_recon_1=0.852785; ', 'mse_2=0.005244; ', 'lpips_2=0.017175; ', 'codec_recon_2=0.646013; ']
train step[1497/1500] ; used: 26m:7s; eta: 3s; loss = 2.498817; ['mse_0=0.021315; ', 'lpips_0=0.027003; ', 'codec_recon_0=0.772865; ', 'mse_1=0.018917; ', 'lpips_1=0.023262; ', 'codec_recon_1=0.877321; ', 'mse_2=0.018736; ', 'lpips_2=0.021913; ', 'codec_recon_2=0.717484; ']
train step[1498/1500] ; used: 26m:8s; eta: 2s; loss = 2.332541; ['mse_0=0.006179; ', 'lpips_0=0.022497; ', 'codec_recon_0=0.744172; ', 'mse_1=0.005354; ', 'lpips_1=0.017454; ', 'codec_recon_1=0.857121; ', 'mse_2=0.005464; ', 'lpips_2=0.017310; ', 'codec_recon_2=0.656989; ']
train step[1499/1500] ; used: 26m:9s; eta: 1s; loss = 2.470315; ['mse_0=0.016426; ', 'lpips_0=0.025884; ', 'codec_recon_0=0.797129; ', 'mse_1=0.015821; ', 'lpips_1=0.023289; ', 'codec_recon_1=0.875929; ', 'mse_2=0.016045; ', 'lpips_2=0.022367; ', 'codec_recon_2=0.677426; ']
