============================================
HiSplat + per-stage MSH training
Repo: /ceph_data/clue9986/HiSplatMSH
Phase: warmup
Lambda RD: 0.0
Pretrained ckpt: /ceph_data/clue9986/HiSplatMSH/outputs/phase2_recon0.3_cont_70k_to_100k/checkpoints/epoch_0-step_30000.ckpt
Max steps: 5000
Batch size/GPU: 2
Val interval/check epoch: 1000 / 1
Checkpoint interval/top-k: 1000 / -1
SH degree: 4
Codec stage N: [192,192,192]
Codec stage M: [320,320,320]
Codec stage depth: [2,4,4]
Codec train mode: full
Codec input: proj
LR codec/aux/generator: 5e-6 / 5e-6 / 1e-6
Codec LR warmup: 200 steps from factor 0.1
Codec recon weight: 0.3
Codec warmup bypass: false
Output: phase2_recon0.3_cont100k_lpips0.01_polish5k
W&B mode: disabled
Extra Hydra args: wandb.mode=disabled loss.lpips.weight=0.01
============================================
[36mSaving outputs to /ceph_data/clue9986/HiSplatMSH/outputs/phase2_recon0.3_cont100k_lpips0.01_polish5k.[39m
GPU number is 1
missing keys:[]
unexpected keys:[]
error msgs:[]
!!!Successfully load the DINOV2 ckpt from ./checkpoints/dinov2_vitb14_pretrain.pth
==> Load multi-view transformer backbone checkpoint: checkpoints/gmdepth-scale1-resumeflowthings-scannet-5d9d7964.pth
Setting up [LPIPS] perceptual loss: trunk [vgg], v[0.1], spatial [off]
Loading model from: /ceph_data/clue9986/anaconda3/envs/hisplat/lib/python3.10/site-packages/lpips/weights/v0.1/vgg.pth
begin to train fit!
start training without trainer-state resume!!!
train step[0/5000] ; used: 0s; eta: 0s; loss = 0.082415; ['mse_0=0.000528; ', 'lpips_0=0.000853; ', 'codec_recon_0=0.014651; ', 'estimated_kb_0=1083.685181; ', 'bpp_0=6.300495; ', 'mse_1=0.000418; ', 'lpips_1=0.000715; ', 'codec_recon_1=0.206770; ', 'estimated_kb_1=274.450256; ', 'bpp_1=0.319128; ', 'mse_2=0.000348; ', 'lpips_2=0.000658; ', 'codec_recon_2=0.041564; ', 'estimated_kb_2=1090.432373; ', 'bpp_2=0.301892; ']
aux step[0] ; loss/aux = 23591.277344
train step[1/5000] ; used: 2s; eta: 1h:51m:55s; loss = 0.076237; ['mse_0=0.000566; ', 'lpips_0=0.000709; ', 'codec_recon_0=0.013489; ', 'estimated_kb_0=1080.298096; ', 'bpp_0=6.280803; ', 'mse_1=0.000500; ', 'lpips_1=0.000603; ', 'codec_recon_1=0.189481; ', 'estimated_kb_1=274.152374; ', 'bpp_1=0.318782; ', 'mse_2=0.000431; ', 'lpips_2=0.000551; ', 'codec_recon_2=0.039956; ', 'estimated_kb_2=1084.345947; ', 'bpp_2=0.300207; ']
aux step[1] ; loss/aux = 23591.277344
train step[2/5000] ; used: 3s; eta: 1h:42m:5s; loss = 0.115192; ['mse_0=0.002209; ', 'lpips_0=0.001107; ', 'codec_recon_0=0.013237; ', 'estimated_kb_0=1125.746460; ', 'bpp_0=6.545038; ', 'mse_1=0.001878; ', 'lpips_1=0.000972; ', 'codec_recon_1=0.301943; ', 'estimated_kb_1=278.671875; ', 'bpp_1=0.324037; ', 'mse_2=0.001551; ', 'lpips_2=0.000814; ', 'codec_recon_2=0.040357; ', 'estimated_kb_2=1116.071289; ', 'bpp_2=0.308990; ']
aux step[2] ; loss/aux = 23591.275391
train step[3/5000] ; used: 4s; eta: 1h:36m:41s; loss = 0.120838; ['mse_0=0.004345; ', 'lpips_0=0.001413; ', 'codec_recon_0=0.012472; ', 'estimated_kb_0=1114.881714; ', 'bpp_0=6.481870; ', 'mse_1=0.003745; ', 'lpips_1=0.001248; ', 'codec_recon_1=0.300222; ', 'estimated_kb_1=277.726776; ', 'bpp_1=0.322938; ', 'mse_2=0.003318; ', 'lpips_2=0.001082; ', 'codec_recon_2=0.039598; ', 'estimated_kb_2=1107.086548; ', 'bpp_2=0.306502; ']
aux step[3] ; loss/aux = 23591.275391
train step[4/5000] ; used: 5s; eta: 1h:33m:40s; loss = 0.101297; ['mse_0=0.001442; ', 'lpips_0=0.000915; ', 'codec_recon_0=0.013560; ', 'estimated_kb_0=1114.042969; ', 'bpp_0=6.476994; ', 'mse_1=0.001180; ', 'lpips_1=0.000787; ', 'codec_recon_1=0.259120; ', 'estimated_kb_1=276.962494; ', 'bpp_1=0.322049; ', 'mse_2=0.001015; ', 'lpips_2=0.000673; ', 'codec_recon_2=0.044937; ', 'estimated_kb_2=1108.211914; ', 'bpp_2=0.306814; ']
aux step[4] ; loss/aux = 23591.273438
train step[5/5000] ; used: 6s; eta: 1h:31m:33s; loss = 0.087863; ['mse_0=0.001210; ', 'lpips_0=0.000677; ', 'codec_recon_0=0.012434; ', 'estimated_kb_0=1120.327637; ', 'bpp_0=6.513533; ', 'mse_1=0.001032; ', 'lpips_1=0.000554; ', 'codec_recon_1=0.218722; ', 'estimated_kb_1=277.699371; ', 'bpp_1=0.322906; ', 'mse_2=0.000945; ', 'lpips_2=0.000464; ', 'codec_recon_2=0.045448; ', 'estimated_kb_2=1109.095581; ', 'bpp_2=0.307059; ']
aux step[5] ; loss/aux = 23591.273438
train step[6/5000] ; used: 7s; eta: 1h:30m:7s; loss = 0.104540; ['mse_0=0.001425; ', 'lpips_0=0.001068; ', 'codec_recon_0=0.012732; ', 'estimated_kb_0=1127.996460; ', 'bpp_0=6.558119; ', 'mse_1=0.001064; ', 'lpips_1=0.000935; ', 'codec_recon_1=0.268387; ', 'estimated_kb_1=278.749878; ', 'bpp_1=0.324128; ', 'mse_2=0.000874; ', 'lpips_2=0.000800; ', 'codec_recon_2=0.046796; ', 'estimated_kb_2=1117.664551; ', 'bpp_2=0.309431; ']
aux step[6] ; loss/aux = 23591.273438
train step[7/5000] ; used: 8s; eta: 1h:29m:10s; loss = 0.094631; ['mse_0=0.001783; ', 'lpips_0=0.000919; ', 'codec_recon_0=0.014530; ', 'estimated_kb_0=1100.430908; ', 'bpp_0=6.397854; ', 'mse_1=0.001452; ', 'lpips_1=0.000771; ', 'codec_recon_1=0.229545; ', 'estimated_kb_1=276.173706; ', 'bpp_1=0.321132; ', 'mse_2=0.001389; ', 'lpips_2=0.000698; ', 'codec_recon_2=0.047991; ', 'estimated_kb_2=1101.217896; ', 'bpp_2=0.304878; ']
aux step[7] ; loss/aux = 23591.273438
train step[8/5000] ; used: 9s; eta: 1h:28m:22s; loss = 0.089091; ['mse_0=0.001208; ', 'lpips_0=0.000807; ', 'codec_recon_0=0.012633; ', 'estimated_kb_0=1107.385010; ', 'bpp_0=6.438285; ', 'mse_1=0.001036; ', 'lpips_1=0.000711; ', 'codec_recon_1=0.223489; ', 'estimated_kb_1=276.007751; ', 'bpp_1=0.320939; ', 'mse_2=0.000955; ', 'lpips_2=0.000660; ', 'codec_recon_2=0.042921; ', 'estimated_kb_2=1102.229614; ', 'bpp_2=0.305158; ']
aux step[8] ; loss/aux = 23591.269531
train step[9/5000] ; used: 10s; eta: 1h:28m:2s; loss = 0.092566; ['mse_0=0.002413; ', 'lpips_0=0.000833; ', 'codec_recon_0=0.011477; ', 'estimated_kb_0=1122.227905; ', 'bpp_0=6.524581; ', 'mse_1=0.002228; ', 'lpips_1=0.000724; ', 'codec_recon_1=0.224771; ', 'estimated_kb_1=277.524902; ', 'bpp_1=0.322703; ', 'mse_2=0.002152; ', 'lpips_2=0.000659; ', 'codec_recon_2=0.042276; ', 'estimated_kb_2=1110.543213; ', 'bpp_2=0.307459; ']
aux step[9] ; loss/aux = 23591.269531
train step[10/5000] ; used: 11s; eta: 1h:27m:34s; loss = 0.093521; ['mse_0=0.000793; ', 'lpips_0=0.000820; ', 'codec_recon_0=0.012945; ', 'estimated_kb_0=1109.082153; ', 'bpp_0=6.448153; ', 'mse_1=0.000677; ', 'lpips_1=0.000714; ', 'codec_recon_1=0.236728; ', 'estimated_kb_1=277.042236; ', 'bpp_1=0.322142; ', 'mse_2=0.000603; ', 'lpips_2=0.000643; ', 'codec_recon_2=0.047898; ', 'estimated_kb_2=1102.945557; ', 'bpp_2=0.305356; ']
aux step[10] ; loss/aux = 23591.269531
train step[11/5000] ; used: 12s; eta: 1h:27m:17s; loss = 0.097398; ['mse_0=0.001227; ', 'lpips_0=0.000674; ', 'codec_recon_0=0.010761; ', 'estimated_kb_0=1133.872437; ', 'bpp_0=6.592282; ', 'mse_1=0.000893; ', 'lpips_1=0.000504; ', 'codec_recon_1=0.255307; ', 'estimated_kb_1=279.671417; ', 'bpp_1=0.325199; ', 'mse_2=0.000680; ', 'lpips_2=0.000373; ', 'codec_recon_2=0.044088; ', 'estimated_kb_2=1118.570190; ', 'bpp_2=0.309682; ']
aux step[11] ; loss/aux = 23591.269531
train step[12/5000] ; used: 13s; eta: 1h:26m:50s; loss = 0.103026; ['mse_0=0.002639; ', 'lpips_0=0.000973; ', 'codec_recon_0=0.016732; ', 'estimated_kb_0=1113.423462; ', 'bpp_0=6.473392; ', 'mse_1=0.002432; ', 'lpips_1=0.000882; ', 'codec_recon_1=0.244823; ', 'estimated_kb_1=277.267822; ', 'bpp_1=0.322404; ', 'mse_2=0.002347; ', 'lpips_2=0.000796; ', 'codec_recon_2=0.048305; ', 'estimated_kb_2=1105.838257; ', 'bpp_2=0.306157; ']
aux step[12] ; loss/aux = 23591.269531
train step[13/5000] ; used: 14s; eta: 1h:26m:27s; loss = 0.092042; ['mse_0=0.001458; ', 'lpips_0=0.000960; ', 'codec_recon_0=0.012888; ', 'estimated_kb_0=1098.241455; ', 'bpp_0=6.385125; ', 'mse_1=0.001252; ', 'lpips_1=0.000850; ', 'codec_recon_1=0.226956; ', 'estimated_kb_1=275.331207; ', 'bpp_1=0.320153; ', 'mse_2=0.001168; ', 'lpips_2=0.000777; ', 'codec_recon_2=0.045414; ', 'estimated_kb_2=1096.470825; ', 'bpp_2=0.303563; ']
aux step[13] ; loss/aux = 23591.265625
train step[14/5000] ; used: 15s; eta: 1h:26m:9s; loss = 0.099591; ['mse_0=0.003333; ', 'lpips_0=0.001205; ', 'codec_recon_0=0.012411; ', 'estimated_kb_0=1115.830322; ', 'bpp_0=6.487386; ', 'mse_1=0.003089; ', 'lpips_1=0.001062; ', 'codec_recon_1=0.231561; ', 'estimated_kb_1=277.413208; ', 'bpp_1=0.322573; ', 'mse_2=0.003037; ', 'lpips_2=0.000990; ', 'codec_recon_2=0.045609; ', 'estimated_kb_2=1110.207275; ', 'bpp_2=0.307366; ']
aux step[14] ; loss/aux = 23591.265625
train step[15/5000] ; used: 16s; eta: 1h:25m:54s; loss = 0.078297; ['mse_0=0.000821; ', 'lpips_0=0.000667; ', 'codec_recon_0=0.011659; ', 'estimated_kb_0=1116.464722; ', 'bpp_0=6.491074; ', 'mse_1=0.000730; ', 'lpips_1=0.000559; ', 'codec_recon_1=0.193956; ', 'estimated_kb_1=276.654266; ', 'bpp_1=0.321691; ', 'mse_2=0.000674; ', 'lpips_2=0.000502; ', 'codec_recon_2=0.042197; ', 'estimated_kb_2=1102.622192; ', 'bpp_2=0.305266; ']
aux step[15] ; loss/aux = 23591.265625
train step[16/5000] ; used: 17s; eta: 1h:25m:41s; loss = 0.082168; ['mse_0=0.000754; ', 'lpips_0=0.000708; ', 'codec_recon_0=0.010484; ', 'estimated_kb_0=1112.378540; ', 'bpp_0=6.467318; ', 'mse_1=0.000573; ', 'lpips_1=0.000574; ', 'codec_recon_1=0.208500; ', 'estimated_kb_1=276.716827; ', 'bpp_1=0.321764; ', 'mse_2=0.000488; ', 'lpips_2=0.000508; ', 'codec_recon_2=0.042898; ', 'estimated_kb_2=1099.838501; ', 'bpp_2=0.304496; ']
aux step[16] ; loss/aux = 23591.263672
train step[17/5000] ; used: 18s; eta: 1h:25m:29s; loss = 0.085372; ['mse_0=0.000586; ', 'lpips_0=0.000725; ', 'codec_recon_0=0.014506; ', 'estimated_kb_0=1091.696899; ', 'bpp_0=6.347075; ', 'mse_1=0.000471; ', 'lpips_1=0.000623; ', 'codec_recon_1=0.216019; ', 'estimated_kb_1=275.167725; ', 'bpp_1=0.319962; ', 'mse_2=0.000413; ', 'lpips_2=0.000582; ', 'codec_recon_2=0.042717; ', 'estimated_kb_2=1093.524170; ', 'bpp_2=0.302748; ']
aux step[17] ; loss/aux = 23591.263672
train step[18/5000] ; used: 19s; eta: 1h:25m:17s; loss = 0.097237; ['mse_0=0.001056; ', 'lpips_0=0.000803; ', 'codec_recon_0=0.012120; ', 'estimated_kb_0=1109.704590; ', 'bpp_0=6.451770; ', 'mse_1=0.000862; ', 'lpips_1=0.000645; ', 'codec_recon_1=0.254268; ', 'estimated_kb_1=277.141449; ', 'bpp_1=0.322258; ', 'mse_2=0.000708; ', 'lpips_2=0.000545; ', 'codec_recon_2=0.042339; ', 'estimated_kb_2=1102.652710; ', 'bpp_2=0.305275; ']
aux step[18] ; loss/aux = 23591.263672
train step[19/5000] ; used: 20s; eta: 1h:25m:4s; loss = 0.084772; ['mse_0=0.001516; ', 'lpips_0=0.001062; ', 'codec_recon_0=0.013100; ', 'estimated_kb_0=1097.804443; ', 'bpp_0=6.382584; ', 'mse_1=0.001542; ', 'lpips_1=0.000945; ', 'codec_recon_1=0.203900; ', 'estimated_kb_1=275.262329; ', 'bpp_1=0.320072; ', 'mse_2=0.001453; ', 'lpips_2=0.000887; ', 'codec_recon_2=0.040889; ', 'estimated_kb_2=1095.440674; ', 'bpp_2=0.303278; ']
aux step[19] ; loss/aux = 23591.263672
train step[20/5000] ; used: 21s; eta: 1h:24m:58s; loss = 0.082006; ['mse_0=0.000708; ', 'lpips_0=0.000922; ', 'codec_recon_0=0.013939; ', 'estimated_kb_0=1085.921631; ', 'bpp_0=6.313498; ', 'mse_1=0.000604; ', 'lpips_1=0.000810; ', 'codec_recon_1=0.200178; ', 'estimated_kb_1=274.694244; ', 'bpp_1=0.319412; ', 'mse_2=0.000574; ', 'lpips_2=0.000775; ', 'codec_recon_2=0.044592; ', 'estimated_kb_2=1093.152344; ', 'bpp_2=0.302645; ']
aux step[20] ; loss/aux = 23591.261719
train step[21/5000] ; used: 22s; eta: 1h:24m:45s; loss = 0.087456; ['mse_0=0.001095; ', 'lpips_0=0.001010; ', 'codec_recon_0=0.016087; ', 'estimated_kb_0=1090.733032; ', 'bpp_0=6.341471; ', 'mse_1=0.000898; ', 'lpips_1=0.000870; ', 'codec_recon_1=0.212712; ', 'estimated_kb_1=274.798248; ', 'bpp_1=0.319533; ', 'mse_2=0.000823; ', 'lpips_2=0.000803; ', 'codec_recon_2=0.044388; ', 'estimated_kb_2=1093.932129; ', 'bpp_2=0.302860; ']
aux step[21] ; loss/aux = 23591.261719
train step[22/5000] ; used: 23s; eta: 1h:24m:34s; loss = 0.124132; ['mse_0=0.002387; ', 'lpips_0=0.001318; ', 'codec_recon_0=0.015767; ', 'estimated_kb_0=1126.791382; ', 'bpp_0=6.551113; ', 'mse_1=0.002180; ', 'lpips_1=0.001198; ', 'codec_recon_1=0.304793; ', 'estimated_kb_1=277.240234; ', 'bpp_1=0.322372; ', 'mse_2=0.002065; ', 'lpips_2=0.001070; ', 'codec_recon_2=0.059156; ', 'estimated_kb_2=1114.166748; ', 'bpp_2=0.308463; ']
aux step[22] ; loss/aux = 23591.261719
train step[23/5000] ; used: 24s; eta: 1h:24m:21s; loss = 0.085513; ['mse_0=0.001771; ', 'lpips_0=0.001110; ', 'codec_recon_0=0.013485; ', 'estimated_kb_0=1095.465942; ', 'bpp_0=6.368988; ', 'mse_1=0.001199; ', 'lpips_1=0.000895; ', 'codec_recon_1=0.208762; ', 'estimated_kb_1=275.220917; ', 'bpp_1=0.320024; ', 'mse_2=0.001047; ', 'lpips_2=0.000853; ', 'codec_recon_2=0.039883; ', 'estimated_kb_2=1092.105957; ', 'bpp_2=0.302355; ']
aux step[23] ; loss/aux = 23591.259766
train step[24/5000] ; used: 25s; eta: 1h:24m:22s; loss = 0.107417; ['mse_0=0.006589; ', 'lpips_0=0.001838; ', 'codec_recon_0=0.017598; ', 'estimated_kb_0=1088.347168; ', 'bpp_0=6.327600; ', 'mse_1=0.006418; ', 'lpips_1=0.001722; ', 'codec_recon_1=0.211939; ', 'estimated_kb_1=274.697845; ', 'bpp_1=0.319416; ', 'mse_2=0.006465; ', 'lpips_2=0.001701; ', 'codec_recon_2=0.046081; ', 'estimated_kb_2=1093.900269; ', 'bpp_2=0.302852; ']
aux step[24] ; loss/aux = 23591.257812
train step[25/5000] ; used: 26s; eta: 1h:24m:17s; loss = 0.090897; ['mse_0=0.001001; ', 'lpips_0=0.000783; ', 'codec_recon_0=0.013535; ', 'estimated_kb_0=1105.338257; ', 'bpp_0=6.426385; ', 'mse_1=0.000967; ', 'lpips_1=0.000702; ', 'codec_recon_1=0.219503; ', 'estimated_kb_1=275.353699; ', 'bpp_1=0.320179; ', 'mse_2=0.000935; ', 'lpips_2=0.000645; ', 'codec_recon_2=0.053175; ', 'estimated_kb_2=1099.516113; ', 'bpp_2=0.304406; ']
aux step[25] ; loss/aux = 23591.257812
train step[26/5000] ; used: 27s; eta: 1h:24m:12s; loss = 0.097303; ['mse_0=0.003046; ', 'lpips_0=0.001201; ', 'codec_recon_0=0.013514; ', 'estimated_kb_0=1104.068115; ', 'bpp_0=6.419000; ', 'mse_1=0.002739; ', 'lpips_1=0.001053; ', 'codec_recon_1=0.225040; ', 'estimated_kb_1=276.568939; ', 'bpp_1=0.321592; ', 'mse_2=0.002697; ', 'lpips_2=0.000978; ', 'codec_recon_2=0.046741; ', 'estimated_kb_2=1101.918579; ', 'bpp_2=0.305072; ']
aux step[26] ; loss/aux = 23591.257812
train step[27/5000] ; used: 28s; eta: 1h:24m:8s; loss = 0.091868; ['mse_0=0.001837; ', 'lpips_0=0.000788; ', 'codec_recon_0=0.011449; ', 'estimated_kb_0=1119.655396; ', 'bpp_0=6.509625; ', 'mse_1=0.001533; ', 'lpips_1=0.000653; ', 'codec_recon_1=0.231984; ', 'estimated_kb_1=277.211029; ', 'bpp_1=0.322338; ', 'mse_2=0.001329; ', 'lpips_2=0.000545; ', 'codec_recon_2=0.040511; ', 'estimated_kb_2=1105.206421; ', 'bpp_2=0.305982; ']
aux step[27] ; loss/aux = 23591.257812
train step[28/5000] ; used: 29s; eta: 1h:24m:8s; loss = 0.109889; ['mse_0=0.001505; ', 'lpips_0=0.001205; ', 'codec_recon_0=0.015164; ', 'estimated_kb_0=1105.396729; ', 'bpp_0=6.426725; ', 'mse_1=0.001361; ', 'lpips_1=0.001146; ', 'codec_recon_1=0.280767; ', 'estimated_kb_1=276.382904; ', 'bpp_1=0.321375; ', 'mse_2=0.001241; ', 'lpips_2=0.000997; ', 'codec_recon_2=0.045516; ', 'estimated_kb_2=1100.800415; ', 'bpp_2=0.304762; ']
aux step[28] ; loss/aux = 23591.253906
train step[29/5000] ; used: 30s; eta: 1h:24m:3s; loss = 0.140705; ['mse_0=0.002650; ', 'lpips_0=0.001517; ', 'codec_recon_0=0.013513; ', 'estimated_kb_0=1138.604858; ', 'bpp_0=6.619796; ', 'mse_1=0.002291; ', 'lpips_1=0.001418; ', 'codec_recon_1=0.374021; ', 'estimated_kb_1=279.150146; ', 'bpp_1=0.324593; ', 'mse_2=0.001731; ', 'lpips_2=0.000871; ', 'codec_recon_2=0.046561; ', 'estimated_kb_2=1123.390015; ', 'bpp_2=0.311016; ']
aux step[29] ; loss/aux = 23591.253906
train step[30/5000] ; used: 31s; eta: 1h:23m:56s; loss = 0.152855; ['mse_0=0.010808; ', 'lpips_0=0.002262; ', 'codec_recon_0=0.014748; ', 'estimated_kb_0=1137.296387; ', 'bpp_0=6.612188; ', 'mse_1=0.010558; ', 'lpips_1=0.002149; ', 'codec_recon_1=0.322025; ', 'estimated_kb_1=279.702271; ', 'bpp_1=0.325235; ', 'mse_2=0.010395; ', 'lpips_2=0.001945; ', 'codec_recon_2=0.045686; ', 'estimated_kb_2=1124.420898; ', 'bpp_2=0.311301; ']
aux step[30] ; loss/aux = 23591.253906
train step[31/5000] ; used: 32s; eta: 1h:23m:49s; loss = 0.109951; ['mse_0=0.004191; ', 'lpips_0=0.001134; ', 'codec_recon_0=0.010782; ', 'estimated_kb_0=1136.218506; ', 'bpp_0=6.605922; ', 'mse_1=0.003946; ', 'lpips_1=0.001019; ', 'codec_recon_1=0.263439; ', 'estimated_kb_1=279.273041; ', 'bpp_1=0.324736; ', 'mse_2=0.003798; ', 'lpips_2=0.000896; ', 'codec_recon_2=0.042335; ', 'estimated_kb_2=1119.468018; ', 'bpp_2=0.309930; ']
aux step[31] ; loss/aux = 23591.253906
train step[32/5000] ; used: 33s; eta: 1h:23m:47s; loss = 0.103773; ['mse_0=0.002038; ', 'lpips_0=0.001007; ', 'codec_recon_0=0.013520; ', 'estimated_kb_0=1116.721802; ', 'bpp_0=6.492569; ', 'mse_1=0.001792; ', 'lpips_1=0.000901; ', 'codec_recon_1=0.265850; ', 'estimated_kb_1=277.248352; ', 'bpp_1=0.322382; ', 'mse_2=0.001514; ', 'lpips_2=0.000740; ', 'codec_recon_2=0.039899; ', 'estimated_kb_2=1107.692505; ', 'bpp_2=0.306670; ']
aux step[32] ; loss/aux = 23591.251953
train step[33/5000] ; used: 34s; eta: 1h:23m:42s; loss = 0.100076; ['mse_0=0.002769; ', 'lpips_0=0.000910; ', 'codec_recon_0=0.012919; ', 'estimated_kb_0=1116.730591; ', 'bpp_0=6.492620; ', 'mse_1=0.002301; ', 'lpips_1=0.000756; ', 'codec_recon_1=0.249149; ', 'estimated_kb_1=277.530060; ', 'bpp_1=0.322709; ', 'mse_2=0.002041; ', 'lpips_2=0.000646; ', 'codec_recon_2=0.040104; ', 'estimated_kb_2=1109.379517; ', 'bpp_2=0.307137; ']
aux step[33] ; loss/aux = 23591.250000
train step[34/5000] ; used: 35s; eta: 1h:23m:39s; loss = 0.091420; ['mse_0=0.000361; ', 'lpips_0=0.000743; ', 'codec_recon_0=0.013065; ', 'estimated_kb_0=1108.685303; ', 'bpp_0=6.445845; ', 'mse_1=0.000274; ', 'lpips_1=0.000612; ', 'codec_recon_1=0.233192; ', 'estimated_kb_1=276.239258; ', 'bpp_1=0.321208; ', 'mse_2=0.000230; ', 'lpips_2=0.000524; ', 'codec_recon_2=0.049327; ', 'estimated_kb_2=1102.021118; ', 'bpp_2=0.305100; ']
aux step[34] ; loss/aux = 23591.250000
train step[35/5000] ; used: 36s; eta: 1h:23m:34s; loss = 0.079681; ['mse_0=0.001742; ', 'lpips_0=0.001205; ', 'codec_recon_0=0.013656; ', 'estimated_kb_0=1097.979980; ', 'bpp_0=6.383605; ', 'mse_1=0.001264; ', 'lpips_1=0.001013; ', 'codec_recon_1=0.185990; ', 'estimated_kb_1=274.704437; ', 'bpp_1=0.319424; ', 'mse_2=0.001186; ', 'lpips_2=0.000972; ', 'codec_recon_2=0.041356; ', 'estimated_kb_2=1092.980713; ', 'bpp_2=0.302597; ']
aux step[35] ; loss/aux = 23591.250000
train step[36/5000] ; used: 37s; eta: 1h:23m:29s; loss = 0.088794; ['mse_0=0.001390; ', 'lpips_0=0.000922; ', 'codec_recon_0=0.013379; ', 'estimated_kb_0=1108.753052; ', 'bpp_0=6.446239; ', 'mse_1=0.001171; ', 'lpips_1=0.000778; ', 'codec_recon_1=0.217536; ', 'estimated_kb_1=276.315887; ', 'bpp_1=0.321298; ', 'mse_2=0.001033; ', 'lpips_2=0.000718; ', 'codec_recon_2=0.045024; ', 'estimated_kb_2=1102.809937; ', 'bpp_2=0.305318; ']
aux step[36] ; loss/aux = 23591.250000
train step[37/5000] ; used: 38s; eta: 1h:23m:26s; loss = 0.078427; ['mse_0=0.000672; ', 'lpips_0=0.000692; ', 'codec_recon_0=0.014927; ', 'estimated_kb_0=1096.198730; ', 'bpp_0=6.373249; ', 'mse_1=0.000582; ', 'lpips_1=0.000584; ', 'codec_recon_1=0.188249; ', 'estimated_kb_1=274.483002; ', 'bpp_1=0.319166; ', 'mse_2=0.000543; ', 'lpips_2=0.000531; ', 'codec_recon_2=0.046233; ', 'estimated_kb_2=1093.903198; ', 'bpp_2=0.302852; ']
aux step[37] ; loss/aux = 23591.248047
train step[38/5000] ; used: 39s; eta: 1h:23m:27s; loss = 0.083981; ['mse_0=0.000665; ', 'lpips_0=0.000677; ', 'codec_recon_0=0.010828; ', 'estimated_kb_0=1120.041382; ', 'bpp_0=6.511868; ', 'mse_1=0.000540; ', 'lpips_1=0.000577; ', 'codec_recon_1=0.210359; ', 'estimated_kb_1=277.716583; ', 'bpp_1=0.322926; ', 'mse_2=0.000470; ', 'lpips_2=0.000508; ', 'codec_recon_2=0.047289; ', 'estimated_kb_2=1107.605469; ', 'bpp_2=0.306646; ']
aux step[38] ; loss/aux = 23591.248047
train step[39/5000] ; used: 40s; eta: 1h:23m:24s; loss = 0.090872; ['mse_0=0.000850; ', 'lpips_0=0.000715; ', 'codec_recon_0=0.013442; ', 'estimated_kb_0=1109.281982; ', 'bpp_0=6.449314; ', 'mse_1=0.000648; ', 'lpips_1=0.000583; ', 'codec_recon_1=0.233165; ', 'estimated_kb_1=277.026764; ', 'bpp_1=0.322124; ', 'mse_2=0.000530; ', 'lpips_2=0.000505; ', 'codec_recon_2=0.043533; ', 'estimated_kb_2=1105.091553; ', 'bpp_2=0.305950; ']
aux step[39] ; loss/aux = 23591.246094
train step[40/5000] ; used: 41s; eta: 1h:23m:20s; loss = 0.083629; ['mse_0=0.000903; ', 'lpips_0=0.000753; ', 'codec_recon_0=0.015727; ', 'estimated_kb_0=1102.119873; ', 'bpp_0=6.407674; ', 'mse_1=0.000706; ', 'lpips_1=0.000647; ', 'codec_recon_1=0.206634; ', 'estimated_kb_1=276.380829; ', 'bpp_1=0.321373; ', 'mse_2=0.000610; ', 'lpips_2=0.000589; ', 'codec_recon_2=0.042376; ', 'estimated_kb_2=1099.903198; ', 'bpp_2=0.304514; ']
aux step[40] ; loss/aux = 23591.246094
train step[41/5000] ; used: 42s; eta: 1h:23m:16s; loss = 0.105736; ['mse_0=0.000628; ', 'lpips_0=0.000954; ', 'codec_recon_0=0.012684; ', 'estimated_kb_0=1087.401123; ', 'bpp_0=6.322100; ', 'mse_1=0.000465; ', 'lpips_1=0.000800; ', 'codec_recon_1=0.282382; ', 'estimated_kb_1=274.544128; ', 'bpp_1=0.319237; ', 'mse_2=0.000313; ', 'lpips_2=0.000631; ', 'codec_recon_2=0.044751; ', 'estimated_kb_2=1092.884644; ', 'bpp_2=0.302570; ']
aux step[41] ; loss/aux = 23591.246094
train step[42/5000] ; used: 43s; eta: 1h:23m:11s; loss = 0.088136; ['mse_0=0.000331; ', 'lpips_0=0.000694; ', 'codec_recon_0=0.012983; ', 'estimated_kb_0=1104.220703; ', 'bpp_0=6.419888; ', 'mse_1=0.000302; ', 'lpips_1=0.000601; ', 'codec_recon_1=0.220625; ', 'estimated_kb_1=275.396179; ', 'bpp_1=0.320228; ', 'mse_2=0.000259; ', 'lpips_2=0.000560; ', 'codec_recon_2=0.051019; ', 'estimated_kb_2=1098.250610; ', 'bpp_2=0.304056; ']
aux step[42] ; loss/aux = 23591.242188
train step[43/5000] ; used: 44s; eta: 1h:23m:6s; loss = 0.087117; ['mse_0=0.001028; ', 'lpips_0=0.000613; ', 'codec_recon_0=0.014496; ', 'estimated_kb_0=1113.273682; ', 'bpp_0=6.472521; ', 'mse_1=0.000894; ', 'lpips_1=0.000508; ', 'codec_recon_1=0.212409; ', 'estimated_kb_1=276.766174; ', 'bpp_1=0.321821; ', 'mse_2=0.000784; ', 'lpips_2=0.000450; ', 'codec_recon_2=0.049225; ', 'estimated_kb_2=1101.914429; ', 'bpp_2=0.305070; ']
aux step[43] ; loss/aux = 23591.242188
train step[44/5000] ; used: 45s; eta: 1h:23m:2s; loss = 0.088251; ['mse_0=0.000556; ', 'lpips_0=0.000600; ', 'codec_recon_0=0.010804; ', 'estimated_kb_0=1111.819092; ', 'bpp_0=6.464065; ', 'mse_1=0.000422; ', 'lpips_1=0.000497; ', 'codec_recon_1=0.230508; ', 'estimated_kb_1=276.633545; ', 'bpp_1=0.321667; ', 'mse_2=0.000293; ', 'lpips_2=0.000415; ', 'codec_recon_2=0.043584; ', 'estimated_kb_2=1101.351562; ', 'bpp_2=0.304915; ']
aux step[44] ; loss/aux = 23591.242188
train step[45/5000] ; used: 46s; eta: 1h:23m:2s; loss = 0.080704; ['mse_0=0.001887; ', 'lpips_0=0.000872; ', 'codec_recon_0=0.012120; ', 'estimated_kb_0=1104.883789; ', 'bpp_0=6.423743; ', 'mse_1=0.001586; ', 'lpips_1=0.000741; ', 'codec_recon_1=0.193129; ', 'estimated_kb_1=275.546417; ', 'bpp_1=0.320403; ', 'mse_2=0.001439; ', 'lpips_2=0.000665; ', 'codec_recon_2=0.039797; ', 'estimated_kb_2=1099.490845; ', 'bpp_2=0.304399; ']
aux step[45] ; loss/aux = 23591.242188
train step[46/5000] ; used: 47s; eta: 1h:22m:58s; loss = 0.087195; ['mse_0=0.001019; ', 'lpips_0=0.000935; ', 'codec_recon_0=0.013493; ', 'estimated_kb_0=1095.697510; ', 'bpp_0=6.370335; ', 'mse_1=0.000941; ', 'lpips_1=0.000825; ', 'codec_recon_1=0.211710; ', 'estimated_kb_1=275.654816; ', 'bpp_1=0.320529; ', 'mse_2=0.000894; ', 'lpips_2=0.000771; ', 'codec_recon_2=0.047496; ', 'estimated_kb_2=1096.063721; ', 'bpp_2=0.303451; ']
aux step[46] ; loss/aux = 23591.240234
train step[47/5000] ; used: 48s; eta: 1h:22m:55s; loss = 0.111353; ['mse_0=0.001231; ', 'lpips_0=0.000948; ', 'codec_recon_0=0.012071; ', 'estimated_kb_0=1123.292480; ', 'bpp_0=6.530770; ', 'mse_1=0.000992; ', 'lpips_1=0.000769; ', 'codec_recon_1=0.296358; ', 'estimated_kb_1=277.432800; ', 'bpp_1=0.322596; ', 'mse_2=0.000725; ', 'lpips_2=0.000594; ', 'codec_recon_2=0.045215; ', 'estimated_kb_2=1110.503418; ', 'bpp_2=0.307448; ']
aux step[47] ; loss/aux = 23591.240234
train step[48/5000] ; used: 49s; eta: 1h:22m:53s; loss = 0.087692; ['mse_0=0.001500; ', 'lpips_0=0.000925; ', 'codec_recon_0=0.012814; ', 'estimated_kb_0=1100.727417; ', 'bpp_0=6.399578; ', 'mse_1=0.001600; ', 'lpips_1=0.000845; ', 'codec_recon_1=0.213376; ', 'estimated_kb_1=276.047333; ', 'bpp_1=0.320985; ', 'mse_2=0.001531; ', 'lpips_2=0.000795; ', 'codec_recon_2=0.042131; ', 'estimated_kb_2=1096.583252; ', 'bpp_2=0.303594; ']
aux step[48] ; loss/aux = 23591.240234
train step[49/5000] ; used: 50s; eta: 1h:22m:51s; loss = 0.085960; ['mse_0=0.001027; ', 'lpips_0=0.000708; ', 'codec_recon_0=0.011905; ', 'estimated_kb_0=1120.626587; ', 'bpp_0=6.515271; ', 'mse_1=0.000825; ', 'lpips_1=0.000566; ', 'codec_recon_1=0.218328; ', 'estimated_kb_1=278.154266; ', 'bpp_1=0.323435; ', 'mse_2=0.000653; ', 'lpips_2=0.000453; ', 'codec_recon_2=0.042193; ', 'estimated_kb_2=1110.054565; ', 'bpp_2=0.307324; ']
aux step[49] ; loss/aux = 23591.238281
train step[50/5000] ; used: 51s; eta: 1h:22m:51s; loss = 0.081797; ['mse_0=0.001157; ', 'lpips_0=0.000736; ', 'codec_recon_0=0.014432; ', 'estimated_kb_0=1092.992798; ', 'bpp_0=6.354609; ', 'mse_1=0.000842; ', 'lpips_1=0.000638; ', 'codec_recon_1=0.202961; ', 'estimated_kb_1=275.434937; ', 'bpp_1=0.320273; ', 'mse_2=0.000711; ', 'lpips_2=0.000554; ', 'codec_recon_2=0.039804; ', 'estimated_kb_2=1092.548096; ', 'bpp_2=0.302477; ']
aux step[50] ; loss/aux = 23591.238281
train step[51/5000] ; used: 52s; eta: 1h:22m:49s; loss = 0.128923; ['mse_0=0.001786; ', 'lpips_0=0.001230; ', 'codec_recon_0=0.012157; ', 'estimated_kb_0=1119.463623; ', 'bpp_0=6.508509; ', 'mse_1=0.001534; ', 'lpips_1=0.001067; ', 'codec_recon_1=0.349309; ', 'estimated_kb_1=277.110718; ', 'bpp_1=0.322222; ', 'mse_2=0.000832; ', 'lpips_2=0.000717; ', 'codec_recon_2=0.044390; ', 'estimated_kb_2=1110.285522; ', 'bpp_2=0.307388; ']
aux step[51] ; loss/aux = 23591.238281
train step[52/5000] ; used: 53s; eta: 1h:22m:48s; loss = 0.105174; ['mse_0=0.001827; ', 'lpips_0=0.000789; ', 'codec_recon_0=0.011756; ', 'estimated_kb_0=1130.448608; ', 'bpp_0=6.572376; ', 'mse_1=0.001457; ', 'lpips_1=0.000666; ', 'codec_recon_1=0.280393; ', 'estimated_kb_1=279.140839; ', 'bpp_1=0.324582; ', 'mse_2=0.000872; ', 'lpips_2=0.000468; ', 'codec_recon_2=0.038170; ', 'estimated_kb_2=1115.106567; ', 'bpp_2=0.308723; ']
aux step[52] ; loss/aux = 23591.236328
train step[53/5000] ; used: 54s; eta: 1h:22m:46s; loss = 0.086617; ['mse_0=0.000748; ', 'lpips_0=0.000735; ', 'codec_recon_0=0.012642; ', 'estimated_kb_0=1103.636108; ', 'bpp_0=6.416489; ', 'mse_1=0.000649; ', 'lpips_1=0.000637; ', 'codec_recon_1=0.215922; ', 'estimated_kb_1=275.537933; ', 'bpp_1=0.320393; ', 'mse_2=0.000622; ', 'lpips_2=0.000579; ', 'codec_recon_2=0.046924; ', 'estimated_kb_2=1097.050049; ', 'bpp_2=0.303724; ']
aux step[53] ; loss/aux = 23591.236328
train step[54/5000] ; used: 55s; eta: 1h:22m:43s; loss = 0.110646; ['mse_0=0.002834; ', 'lpips_0=0.000946; ', 'codec_recon_0=0.016769; ', 'estimated_kb_0=1126.178467; ', 'bpp_0=6.547549; ', 'mse_1=0.002449; ', 'lpips_1=0.000781; ', 'codec_recon_1=0.275100; ', 'estimated_kb_1=278.944916; ', 'bpp_1=0.324355; ', 'mse_2=0.002203; ', 'lpips_2=0.000631; ', 'codec_recon_2=0.044137; ', 'estimated_kb_2=1113.965332; ', 'bpp_2=0.308407; ']
aux step[54] ; loss/aux = 23591.234375
train step[55/5000] ; used: 56s; eta: 1h:22m:41s; loss = 0.078090; ['mse_0=0.000498; ', 'lpips_0=0.000870; ', 'codec_recon_0=0.012434; ', 'estimated_kb_0=1098.296875; ', 'bpp_0=6.385447; ', 'mse_1=0.000395; ', 'lpips_1=0.000775; ', 'codec_recon_1=0.190950; ', 'estimated_kb_1=274.582855; ', 'bpp_1=0.319282; ', 'mse_2=0.000358; ', 'lpips_2=0.000739; ', 'codec_recon_2=0.044801; ', 'estimated_kb_2=1096.384644; ', 'bpp_2=0.303539; ']
aux step[55] ; loss/aux = 23591.234375
train step[56/5000] ; used: 57s; eta: 1h:22m:40s; loss = 0.095600; ['mse_0=0.001906; ', 'lpips_0=0.000706; ', 'codec_recon_0=0.011909; ', 'estimated_kb_0=1117.054199; ', 'bpp_0=6.494501; ', 'mse_1=0.001750; ', 'lpips_1=0.000597; ', 'codec_recon_1=0.237603; ', 'estimated_kb_1=276.495575; ', 'bpp_1=0.321507; ', 'mse_2=0.001608; ', 'lpips_2=0.000507; ', 'codec_recon_2=0.045575; ', 'estimated_kb_2=1102.932861; ', 'bpp_2=0.305352; ']
aux step[56] ; loss/aux = 23591.232422
train step[57/5000] ; used: 58s; eta: 1h:22m:37s; loss = 0.129508; ['mse_0=0.003919; ', 'lpips_0=0.001390; ', 'codec_recon_0=0.014771; ', 'estimated_kb_0=1122.843140; ', 'bpp_0=6.528158; ', 'mse_1=0.003286; ', 'lpips_1=0.001209; ', 'codec_recon_1=0.332815; ', 'estimated_kb_1=278.547211; ', 'bpp_1=0.323892; ', 'mse_2=0.002882; ', 'lpips_2=0.000954; ', 'codec_recon_2=0.038640; ', 'estimated_kb_2=1115.446533; ', 'bpp_2=0.308817; ']
aux step[57] ; loss/aux = 23591.232422
train step[58/5000] ; used: 59s; eta: 1h:22m:35s; loss = 0.090741; ['mse_0=0.000781; ', 'lpips_0=0.000768; ', 'codec_recon_0=0.012035; ', 'estimated_kb_0=1102.726685; ', 'bpp_0=6.411202; ', 'mse_1=0.000648; ', 'lpips_1=0.000647; ', 'codec_recon_1=0.230125; ', 'estimated_kb_1=275.790588; ', 'bpp_1=0.320687; ', 'mse_2=0.000586; ', 'lpips_2=0.000584; ', 'codec_recon_2=0.046938; ', 'estimated_kb_2=1098.447144; ', 'bpp_2=0.304110; ']
aux step[58] ; loss/aux = 23591.232422
train step[59/5000] ; used: 1m; eta: 1h:22m:33s; loss = 0.089891; ['mse_0=0.000726; ', 'lpips_0=0.000630; ', 'codec_recon_0=0.014842; ', 'estimated_kb_0=1107.023926; ', 'bpp_0=6.436186; ', 'mse_1=0.000644; ', 'lpips_1=0.000538; ', 'codec_recon_1=0.228542; ', 'estimated_kb_1=276.102325; ', 'bpp_1=0.321049; ', 'mse_2=0.000600; ', 'lpips_2=0.000493; ', 'codec_recon_2=0.044146; ', 'estimated_kb_2=1100.008423; ', 'bpp_2=0.304543; ']
aux step[59] ; loss/aux = 23591.230469
train step[60/5000] ; used: 1m:1s; eta: 1h:22m:31s; loss = 0.091794; ['mse_0=0.000508; ', 'lpips_0=0.001246; ', 'codec_recon_0=0.021112; ', 'estimated_kb_0=1081.102051; ', 'bpp_0=6.285477; ', 'mse_1=0.000445; ', 'lpips_1=0.001135; ', 'codec_recon_1=0.218350; ', 'estimated_kb_1=272.710144; ', 'bpp_1=0.317105; ', 'mse_2=0.000419; ', 'lpips_2=0.001075; ', 'codec_recon_2=0.050426; ', 'estimated_kb_2=1088.550049; ', 'bpp_2=0.301370; ']
aux step[60] ; loss/aux = 23591.230469
train step[61/5000] ; used: 1m:2s; eta: 1h:22m:29s; loss = 0.110083; ['mse_0=0.002415; ', 'lpips_0=0.001202; ', 'codec_recon_0=0.014670; ', 'estimated_kb_0=1106.243042; ', 'bpp_0=6.431646; ', 'mse_1=0.002202; ', 'lpips_1=0.001119; ', 'codec_recon_1=0.273668; ', 'estimated_kb_1=276.508759; ', 'bpp_1=0.321522; ', 'mse_2=0.001988; ', 'lpips_2=0.001005; ', 'codec_recon_2=0.045500; ', 'estimated_kb_2=1102.480469; ', 'bpp_2=0.305227; ']
aux step[61] ; loss/aux = 23591.230469
train step[62/5000] ; used: 1m:3s; eta: 1h:22m:29s; loss = 0.072082; ['mse_0=0.000502; ', 'lpips_0=0.000635; ', 'codec_recon_0=0.010430; ', 'estimated_kb_0=1092.066284; ', 'bpp_0=6.349223; ', 'mse_1=0.000326; ', 'lpips_1=0.000517; ', 'codec_recon_1=0.182622; ', 'estimated_kb_1=274.618683; ', 'bpp_1=0.319324; ', 'mse_2=0.000237; ', 'lpips_2=0.000455; ', 'codec_recon_2=0.038314; ', 'estimated_kb_2=1090.399170; ', 'bpp_2=0.301882; ']
aux step[62] ; loss/aux = 23591.228516
train step[63/5000] ; used: 1m:4s; eta: 1h:22m:26s; loss = 0.075775; ['mse_0=0.000721; ', 'lpips_0=0.000643; ', 'codec_recon_0=0.013771; ', 'estimated_kb_0=1089.536011; ', 'bpp_0=6.334511; ', 'mse_1=0.000660; ', 'lpips_1=0.000565; ', 'codec_recon_1=0.185170; ', 'estimated_kb_1=274.047302; ', 'bpp_1=0.318660; ', 'mse_2=0.000639; ', 'lpips_2=0.000532; ', 'codec_recon_2=0.041113; ', 'estimated_kb_2=1089.225830; ', 'bpp_2=0.301558; ']
aux step[63] ; loss/aux = 23591.226562
train step[64/5000] ; used: 1m:5s; eta: 1h:22m:23s; loss = 0.098099; ['mse_0=0.002118; ', 'lpips_0=0.000910; ', 'codec_recon_0=0.013947; ', 'estimated_kb_0=1104.567871; ', 'bpp_0=6.421906; ', 'mse_1=0.001915; ', 'lpips_1=0.000769; ', 'codec_recon_1=0.244168; ', 'estimated_kb_1=276.165131; ', 'bpp_1=0.321122; ', 'mse_2=0.001801; ', 'lpips_2=0.000691; ', 'codec_recon_2=0.041531; ', 'estimated_kb_2=1099.295410; ', 'bpp_2=0.304345; ']
aux step[64] ; loss/aux = 23591.226562
train step[65/5000] ; used: 1m:6s; eta: 1h:22m:23s; loss = 0.098142; ['mse_0=0.001397; ', 'lpips_0=0.000953; ', 'codec_recon_0=0.012955; ', 'estimated_kb_0=1110.578125; ', 'bpp_0=6.456850; ', 'mse_1=0.001212; ', 'lpips_1=0.000837; ', 'codec_recon_1=0.249031; ', 'estimated_kb_1=277.149933; ', 'bpp_1=0.322267; ', 'mse_2=0.001048; ', 'lpips_2=0.000736; ', 'codec_recon_2=0.044546; ', 'estimated_kb_2=1105.567871; ', 'bpp_2=0.306082; ']
aux step[65] ; loss/aux = 23591.226562
train step[66/5000] ; used: 1m:7s; eta: 1h:22m:21s; loss = 0.110532; ['mse_0=0.001501; ', 'lpips_0=0.000968; ', 'codec_recon_0=0.011058; ', 'estimated_kb_0=1116.710815; ', 'bpp_0=6.492505; ', 'mse_1=0.001238; ', 'lpips_1=0.000910; ', 'codec_recon_1=0.291739; ', 'estimated_kb_1=277.425659; ', 'bpp_1=0.322588; ', 'mse_2=0.000848; ', 'lpips_2=0.000623; ', 'codec_recon_2=0.045351; ', 'estimated_kb_2=1106.670776; ', 'bpp_2=0.306387; ']
aux step[66] ; loss/aux = 23591.226562
train step[67/5000] ; used: 1m:8s; eta: 1h:22m:20s; loss = 0.089395; ['mse_0=0.003230; ', 'lpips_0=0.001057; ', 'codec_recon_0=0.015137; ', 'estimated_kb_0=1104.318359; ', 'bpp_0=6.420455; ', 'mse_1=0.002903; ', 'lpips_1=0.000962; ', 'codec_recon_1=0.193986; ', 'estimated_kb_1=275.541656; ', 'bpp_1=0.320397; ', 'mse_2=0.002900; ', 'lpips_2=0.000937; ', 'codec_recon_2=0.048895; ', 'estimated_kb_2=1099.584473; ', 'bpp_2=0.304425; ']
aux step[67] ; loss/aux = 23591.224609
train step[68/5000] ; used: 1m:9s; eta: 1h:22m:20s; loss = 0.108275; ['mse_0=0.002104; ', 'lpips_0=0.001106; ', 'codec_recon_0=0.011493; ', 'estimated_kb_0=1113.478638; ', 'bpp_0=6.473713; ', 'mse_1=0.001899; ', 'lpips_1=0.000999; ', 'codec_recon_1=0.279910; ', 'estimated_kb_1=277.909637; ', 'bpp_1=0.323151; ', 'mse_2=0.001776; ', 'lpips_2=0.000842; ', 'codec_recon_2=0.040427; ', 'estimated_kb_2=1109.872437; ', 'bpp_2=0.307274; ']
aux step[68] ; loss/aux = 23591.222656
train step[69/5000] ; used: 1m:10s; eta: 1h:22m:18s; loss = 0.122482; ['mse_0=0.001739; ', 'lpips_0=0.001673; ', 'codec_recon_0=0.012814; ', 'estimated_kb_0=1119.630249; ', 'bpp_0=6.509478; ', 'mse_1=0.001520; ', 'lpips_1=0.001557; ', 'codec_recon_1=0.312315; ', 'estimated_kb_1=277.635986; ', 'bpp_1=0.322833; ', 'mse_2=0.001401; ', 'lpips_2=0.001386; ', 'codec_recon_2=0.052223; ', 'estimated_kb_2=1111.530151; ', 'bpp_2=0.307733; ']
aux step[69] ; loss/aux = 23591.222656
train step[70/5000] ; used: 1m:11s; eta: 1h:22m:16s; loss = 0.098698; ['mse_0=0.000562; ', 'lpips_0=0.000866; ', 'codec_recon_0=0.011805; ', 'estimated_kb_0=1120.814941; ', 'bpp_0=6.516366; ', 'mse_1=0.000456; ', 'lpips_1=0.000696; ', 'codec_recon_1=0.253060; ', 'estimated_kb_1=277.846222; ', 'bpp_1=0.323077; ', 'mse_2=0.000391; ', 'lpips_2=0.000582; ', 'codec_recon_2=0.052281; ', 'estimated_kb_2=1107.463013; ', 'bpp_2=0.306607; ']
aux step[70] ; loss/aux = 23591.222656
train step[71/5000] ; used: 1m:12s; eta: 1h:22m:14s; loss = 0.115812; ['mse_0=0.001177; ', 'lpips_0=0.000957; ', 'codec_recon_0=0.014300; ', 'estimated_kb_0=1117.135010; ', 'bpp_0=6.494971; ', 'mse_1=0.001002; ', 'lpips_1=0.000821; ', 'codec_recon_1=0.301710; ', 'estimated_kb_1=276.507996; ', 'bpp_1=0.321521; ', 'mse_2=0.000734; ', 'lpips_2=0.000669; ', 'codec_recon_2=0.052164; ', 'estimated_kb_2=1107.331787; ', 'bpp_2=0.306570; ']
aux step[71] ; loss/aux = 23591.222656
train step[72/5000] ; used: 1m:13s; eta: 1h:22m:12s; loss = 0.089120; ['mse_0=0.000548; ', 'lpips_0=0.000692; ', 'codec_recon_0=0.010538; ', 'estimated_kb_0=1113.905029; ', 'bpp_0=6.476192; ', 'mse_1=0.000450; ', 'lpips_1=0.000592; ', 'codec_recon_1=0.231556; ', 'estimated_kb_1=276.021301; ', 'bpp_1=0.320955; ', 'mse_2=0.000358; ', 'lpips_2=0.000512; ', 'codec_recon_2=0.044470; ', 'estimated_kb_2=1101.729980; ', 'bpp_2=0.305019; ']
aux step[72] ; loss/aux = 23591.220703
train step[73/5000] ; used: 1m:14s; eta: 1h:22m:9s; loss = 0.094922; ['mse_0=0.002358; ', 'lpips_0=0.000848; ', 'codec_recon_0=0.014085; ', 'estimated_kb_0=1119.844116; ', 'bpp_0=6.510722; ', 'mse_1=0.002023; ', 'lpips_1=0.000719; ', 'codec_recon_1=0.229187; ', 'estimated_kb_1=278.128937; ', 'bpp_1=0.323406; ', 'mse_2=0.001924; ', 'lpips_2=0.000644; ', 'codec_recon_2=0.044753; ', 'estimated_kb_2=1108.953247; ', 'bpp_2=0.307019; ']
aux step[73] ; loss/aux = 23591.218750
train step[74/5000] ; used: 1m:15s; eta: 1h:22m:7s; loss = 0.093244; ['mse_0=0.002524; ', 'lpips_0=0.001320; ', 'codec_recon_0=0.015323; ', 'estimated_kb_0=1098.043823; ', 'bpp_0=6.383976; ', 'mse_1=0.002367; ', 'lpips_1=0.001220; ', 'codec_recon_1=0.215666; ', 'estimated_kb_1=275.790710; ', 'bpp_1=0.320687; ', 'mse_2=0.002305; ', 'lpips_2=0.001176; ', 'codec_recon_2=0.043453; ', 'estimated_kb_2=1095.349976; ', 'bpp_2=0.303253; ']
aux step[74] ; loss/aux = 23591.218750
train step[75/5000] ; used: 1m:16s; eta: 1h:22m:6s; loss = 0.093131; ['mse_0=0.001310; ', 'lpips_0=0.000704; ', 'codec_recon_0=0.012132; ', 'estimated_kb_0=1116.895630; ', 'bpp_0=6.493579; ', 'mse_1=0.001105; ', 'lpips_1=0.000605; ', 'codec_recon_1=0.237450; ', 'estimated_kb_1=277.447205; ', 'bpp_1=0.322613; ', 'mse_2=0.000971; ', 'lpips_2=0.000526; ', 'codec_recon_2=0.043450; ', 'estimated_kb_2=1107.234497; ', 'bpp_2=0.306543; ']
aux step[75] ; loss/aux = 23591.218750
train step[76/5000] ; used: 1m:17s; eta: 1h:22m:4s; loss = 0.080487; ['mse_0=0.000789; ', 'lpips_0=0.000691; ', 'codec_recon_0=0.012343; ', 'estimated_kb_0=1098.902466; ', 'bpp_0=6.388968; ', 'mse_1=0.000676; ', 'lpips_1=0.000585; ', 'codec_recon_1=0.200065; ', 'estimated_kb_1=275.161774; ', 'bpp_1=0.319956; ', 'mse_2=0.000592; ', 'lpips_2=0.000519; ', 'codec_recon_2=0.043038; ', 'estimated_kb_2=1094.744385; ', 'bpp_2=0.303085; ']
aux step[76] ; loss/aux = 23591.218750
train step[77/5000] ; used: 1m:18s; eta: 1h:22m:4s; loss = 0.083984; ['mse_0=0.001507; ', 'lpips_0=0.000718; ', 'codec_recon_0=0.012897; ', 'estimated_kb_0=1118.064087; ', 'bpp_0=6.500373; ', 'mse_1=0.001291; ', 'lpips_1=0.000621; ', 'codec_recon_1=0.204863; ', 'estimated_kb_1=276.998291; ', 'bpp_1=0.322091; ', 'mse_2=0.001204; ', 'lpips_2=0.000573; ', 'codec_recon_2=0.042473; ', 'estimated_kb_2=1105.677124; ', 'bpp_2=0.306112; ']
aux step[77] ; loss/aux = 23591.216797
train step[78/5000] ; used: 1m:19s; eta: 1h:22m:2s; loss = 0.081782; ['mse_0=0.001058; ', 'lpips_0=0.000878; ', 'codec_recon_0=0.015112; ', 'estimated_kb_0=1085.308716; ', 'bpp_0=6.309934; ', 'mse_1=0.000896; ', 'lpips_1=0.000777; ', 'codec_recon_1=0.201489; ', 'estimated_kb_1=274.824951; ', 'bpp_1=0.319564; ', 'mse_2=0.000818; ', 'lpips_2=0.000732; ', 'codec_recon_2=0.038800; ', 'estimated_kb_2=1092.463745; ', 'bpp_2=0.302454; ']
aux step[78] ; loss/aux = 23591.216797
train step[79/5000] ; used: 1m:19s; eta: 1h:22m; loss = 0.092199; ['mse_0=0.000587; ', 'lpips_0=0.000678; ', 'codec_recon_0=0.011423; ', 'estimated_kb_0=1107.446411; ', 'bpp_0=6.438642; ', 'mse_1=0.000432; ', 'lpips_1=0.000554; ', 'codec_recon_1=0.242321; ', 'estimated_kb_1=276.552002; ', 'bpp_1=0.321572; ', 'mse_2=0.000290; ', 'lpips_2=0.000455; ', 'codec_recon_2=0.043600; ', 'estimated_kb_2=1099.624146; ', 'bpp_2=0.304436; ']
aux step[79] ; loss/aux = 23591.214844
train step[80/5000] ; used: 1m:21s; eta: 1h:22m:1s; loss = 0.083451; ['mse_0=0.000381; ', 'lpips_0=0.000602; ', 'codec_recon_0=0.012880; ', 'estimated_kb_0=1102.520996; ', 'bpp_0=6.410006; ', 'mse_1=0.000307; ', 'lpips_1=0.000497; ', 'codec_recon_1=0.211555; ', 'estimated_kb_1=276.095215; ', 'bpp_1=0.321041; ', 'mse_2=0.000254; ', 'lpips_2=0.000439; ', 'codec_recon_2=0.045471; ', 'estimated_kb_2=1099.270508; ', 'bpp_2=0.304338; ']
aux step[80] ; loss/aux = 23591.214844
train step[81/5000] ; used: 1m:21s; eta: 1h:21m:58s; loss = 0.082497; ['mse_0=0.001691; ', 'lpips_0=0.000810; ', 'codec_recon_0=0.015585; ', 'estimated_kb_0=1083.681152; ', 'bpp_0=6.300472; ', 'mse_1=0.001469; ', 'lpips_1=0.000728; ', 'codec_recon_1=0.199655; ', 'estimated_kb_1=274.592682; ', 'bpp_1=0.319294; ', 'mse_2=0.001416; ', 'lpips_2=0.000687; ', 'codec_recon_2=0.037078; ', 'estimated_kb_2=1087.159790; ', 'bpp_2=0.300986; ']
aux step[81] ; loss/aux = 23591.212891
train step[82/5000] ; used: 1m:23s; eta: 1h:21m:59s; loss = 0.083491; ['mse_0=0.000824; ', 'lpips_0=0.000673; ', 'codec_recon_0=0.011993; ', 'estimated_kb_0=1111.745483; ', 'bpp_0=6.463636; ', 'mse_1=0.000570; ', 'lpips_1=0.000529; ', 'codec_recon_1=0.211916; ', 'estimated_kb_1=276.535431; ', 'bpp_1=0.321553; ', 'mse_2=0.000493; ', 'lpips_2=0.000460; ', 'codec_recon_2=0.042565; ', 'estimated_kb_2=1103.257935; ', 'bpp_2=0.305442; ']
aux step[82] ; loss/aux = 23591.210938
train step[83/5000] ; used: 1m:24s; eta: 1h:21m:57s; loss = 0.105164; ['mse_0=0.002076; ', 'lpips_0=0.001127; ', 'codec_recon_0=0.013101; ', 'estimated_kb_0=1111.857056; ', 'bpp_0=6.464285; ', 'mse_1=0.002034; ', 'lpips_1=0.000992; ', 'codec_recon_1=0.262562; ', 'estimated_kb_1=277.456482; ', 'bpp_1=0.322624; ', 'mse_2=0.002028; ', 'lpips_2=0.000916; ', 'codec_recon_2=0.044308; ', 'estimated_kb_2=1106.594360; ', 'bpp_2=0.306366; ']
aux step[83] ; loss/aux = 23591.210938
train step[84/5000] ; used: 1m:24s; eta: 1h:21m:55s; loss = 0.130415; ['mse_0=0.003528; ', 'lpips_0=0.001455; ', 'codec_recon_0=0.010958; ', 'estimated_kb_0=1135.068604; ', 'bpp_0=6.599236; ', 'mse_1=0.002793; ', 'lpips_1=0.001236; ', 'codec_recon_1=0.339919; ', 'estimated_kb_1=278.827423; ', 'bpp_1=0.324218; ', 'mse_2=0.002415; ', 'lpips_2=0.001035; ', 'codec_recon_2=0.042302; ', 'estimated_kb_2=1119.954346; ', 'bpp_2=0.310065; ']
aux step[84] ; loss/aux = 23591.210938
train step[85/5000] ; used: 1m:25s; eta: 1h:21m:53s; loss = 0.089080; ['mse_0=0.001047; ', 'lpips_0=0.000866; ', 'codec_recon_0=0.012324; ', 'estimated_kb_0=1125.078369; ', 'bpp_0=6.541153; ', 'mse_1=0.000920; ', 'lpips_1=0.000765; ', 'codec_recon_1=0.221245; ', 'estimated_kb_1=278.184937; ', 'bpp_1=0.323471; ', 'mse_2=0.000811; ', 'lpips_2=0.000687; ', 'codec_recon_2=0.046380; ', 'estimated_kb_2=1111.858398; ', 'bpp_2=0.307823; ']
aux step[85] ; loss/aux = 23591.210938
train step[86/5000] ; used: 1m:26s; eta: 1h:21m:52s; loss = 0.120074; ['mse_0=0.002252; ', 'lpips_0=0.001413; ', 'codec_recon_0=0.011540; ', 'estimated_kb_0=1122.742798; ', 'bpp_0=6.527575; ', 'mse_1=0.001967; ', 'lpips_1=0.001284; ', 'codec_recon_1=0.310675; ', 'estimated_kb_1=276.861511; ', 'bpp_1=0.321932; ', 'mse_2=0.001654; ', 'lpips_2=0.001102; ', 'codec_recon_2=0.045795; ', 'estimated_kb_2=1112.288086; ', 'bpp_2=0.307942; ']
aux step[86] ; loss/aux = 23591.208984
train step[87/5000] ; used: 1m:27s; eta: 1h:21m:50s; loss = 0.107714; ['mse_0=0.001556; ', 'lpips_0=0.000950; ', 'codec_recon_0=0.011246; ', 'estimated_kb_0=1108.765503; ', 'bpp_0=6.446311; ', 'mse_1=0.001284; ', 'lpips_1=0.000818; ', 'codec_recon_1=0.284837; ', 'estimated_kb_1=277.236145; ', 'bpp_1=0.322368; ', 'mse_2=0.000982; ', 'lpips_2=0.000660; ', 'codec_recon_2=0.042131; ', 'estimated_kb_2=1106.375732; ', 'bpp_2=0.306306; ']
aux step[87] ; loss/aux = 23591.208984
train step[88/5000] ; used: 1m:28s; eta: 1h:21m:49s; loss = 0.116592; ['mse_0=0.005905; ', 'lpips_0=0.001140; ', 'codec_recon_0=0.011675; ', 'estimated_kb_0=1121.433472; ', 'bpp_0=6.519962; ', 'mse_1=0.005608; ', 'lpips_1=0.001012; ', 'codec_recon_1=0.269238; ', 'estimated_kb_1=278.851349; ', 'bpp_1=0.324246; ', 'mse_2=0.005425; ', 'lpips_2=0.000874; ', 'codec_recon_2=0.041184; ', 'estimated_kb_2=1114.449829; ', 'bpp_2=0.308541; ']
aux step[88] ; loss/aux = 23591.207031
train step[89/5000] ; used: 1m:29s; eta: 1h:21m:47s; loss = 0.086900; ['mse_0=0.002422; ', 'lpips_0=0.000910; ', 'codec_recon_0=0.015475; ', 'estimated_kb_0=1076.112183; ', 'bpp_0=6.256466; ', 'mse_1=0.002321; ', 'lpips_1=0.000805; ', 'codec_recon_1=0.204238; ', 'estimated_kb_1=273.877960; ', 'bpp_1=0.318463; ', 'mse_2=0.002324; ', 'lpips_2=0.000763; ', 'codec_recon_2=0.038135; ', 'estimated_kb_2=1085.788818; ', 'bpp_2=0.300606; ']
aux step[89] ; loss/aux = 23591.207031
train step[90/5000] ; used: 1m:30s; eta: 1h:21m:46s; loss = 0.112091; ['mse_0=0.001940; ', 'lpips_0=0.000848; ', 'codec_recon_0=0.012993; ', 'estimated_kb_0=1127.649414; ', 'bpp_0=6.556101; ', 'mse_1=0.001529; ', 'lpips_1=0.000709; ', 'codec_recon_1=0.296305; ', 'estimated_kb_1=278.891296; ', 'bpp_1=0.324292; ', 'mse_2=0.001103; ', 'lpips_2=0.000496; ', 'codec_recon_2=0.042256; ', 'estimated_kb_2=1114.671021; ', 'bpp_2=0.308602; ']
aux step[90] ; loss/aux = 23591.207031
train step[91/5000] ; used: 1m:31s; eta: 1h:21m:46s; loss = 0.105325; ['mse_0=0.003333; ', 'lpips_0=0.001435; ', 'codec_recon_0=0.014479; ', 'estimated_kb_0=1118.497803; ', 'bpp_0=6.502894; ', 'mse_1=0.003027; ', 'lpips_1=0.001295; ', 'codec_recon_1=0.245334; ', 'estimated_kb_1=277.963104; ', 'bpp_1=0.323213; ', 'mse_2=0.002930; ', 'lpips_2=0.001219; ', 'codec_recon_2=0.047139; ', 'estimated_kb_2=1110.679199; ', 'bpp_2=0.307497; ']
aux step[91] ; loss/aux = 23591.205078
train step[92/5000] ; used: 1m:32s; eta: 1h:21m:46s; loss = 0.080179; ['mse_0=0.000889; ', 'lpips_0=0.000724; ', 'codec_recon_0=0.014736; ', 'estimated_kb_0=1096.855469; ', 'bpp_0=6.377067; ', 'mse_1=0.000836; ', 'lpips_1=0.000630; ', 'codec_recon_1=0.190819; ', 'estimated_kb_1=275.207703; ', 'bpp_1=0.320009; ', 'mse_2=0.000796; ', 'lpips_2=0.000572; ', 'codec_recon_2=0.046883; ', 'estimated_kb_2=1093.877563; ', 'bpp_2=0.302845; ']
aux step[92] ; loss/aux = 23591.205078
train step[93/5000] ; used: 1m:33s; eta: 1h:21m:45s; loss = 0.081846; ['mse_0=0.000812; ', 'lpips_0=0.000841; ', 'codec_recon_0=0.014612; ', 'estimated_kb_0=1074.794067; ', 'bpp_0=6.248803; ', 'mse_1=0.000683; ', 'lpips_1=0.000728; ', 'codec_recon_1=0.202095; ', 'estimated_kb_1=273.114624; ', 'bpp_1=0.317575; ', 'mse_2=0.000606; ', 'lpips_2=0.000651; ', 'codec_recon_2=0.041707; ', 'estimated_kb_2=1082.751953; ', 'bpp_2=0.299765; ']
aux step[93] ; loss/aux = 23591.203125
train step[94/5000] ; used: 1m:34s; eta: 1h:21m:43s; loss = 0.082111; ['mse_0=0.000654; ', 'lpips_0=0.000680; ', 'codec_recon_0=0.012288; ', 'estimated_kb_0=1092.896362; ', 'bpp_0=6.354048; ', 'mse_1=0.000569; ', 'lpips_1=0.000590; ', 'codec_recon_1=0.205355; ', 'estimated_kb_1=274.969849; ', 'bpp_1=0.319732; ', 'mse_2=0.000517; ', 'lpips_2=0.000522; ', 'codec_recon_2=0.044292; ', 'estimated_kb_2=1092.760132; ', 'bpp_2=0.302536; ']
aux step[94] ; loss/aux = 23591.203125
train step[95/5000] ; used: 1m:35s; eta: 1h:21m:43s; loss = 0.086430; ['mse_0=0.000594; ', 'lpips_0=0.000753; ', 'codec_recon_0=0.013322; ', 'estimated_kb_0=1103.039307; ', 'bpp_0=6.413019; ', 'mse_1=0.000497; ', 'lpips_1=0.000662; ', 'codec_recon_1=0.217195; ', 'estimated_kb_1=276.332947; ', 'bpp_1=0.321317; ', 'mse_2=0.000421; ', 'lpips_2=0.000589; ', 'codec_recon_2=0.045860; ', 'estimated_kb_2=1101.399414; ', 'bpp_2=0.304928; ']
aux step[95] ; loss/aux = 23591.203125
train step[96/5000] ; used: 1m:36s; eta: 1h:21m:43s; loss = 0.108221; ['mse_0=0.004078; ', 'lpips_0=0.001497; ', 'codec_recon_0=0.012971; ', 'estimated_kb_0=1112.740601; ', 'bpp_0=6.469422; ', 'mse_1=0.003901; ', 'lpips_1=0.001384; ', 'codec_recon_1=0.252375; ', 'estimated_kb_1=276.669373; ', 'bpp_1=0.321709; ', 'mse_2=0.003799; ', 'lpips_2=0.001298; ', 'codec_recon_2=0.042199; ', 'estimated_kb_2=1106.945190; ', 'bpp_2=0.306463; ']
aux step[96] ; loss/aux = 23591.201172
train step[97/5000] ; used: 1m:37s; eta: 1h:21m:41s; loss = 0.119293; ['mse_0=0.002050; ', 'lpips_0=0.001150; ', 'codec_recon_0=0.011850; ', 'estimated_kb_0=1122.169189; ', 'bpp_0=6.524240; ', 'mse_1=0.001635; ', 'lpips_1=0.001042; ', 'codec_recon_1=0.318194; ', 'estimated_kb_1=278.223572; ', 'bpp_1=0.323516; ', 'mse_2=0.001152; ', 'lpips_2=0.000756; ', 'codec_recon_2=0.041652; ', 'estimated_kb_2=1112.860229; ', 'bpp_2=0.308101; ']
aux step[97] ; loss/aux = 23591.199219
train step[98/5000] ; used: 1m:38s; eta: 1h:21m:40s; loss = 0.086302; ['mse_0=0.000532; ', 'lpips_0=0.000694; ', 'codec_recon_0=0.010944; ', 'estimated_kb_0=1102.159180; ', 'bpp_0=6.407902; ', 'mse_1=0.000400; ', 'lpips_1=0.000584; ', 'codec_recon_1=0.220195; ', 'estimated_kb_1=276.228790; ', 'bpp_1=0.321196; ', 'mse_2=0.000337; ', 'lpips_2=0.000521; ', 'codec_recon_2=0.046310; ', 'estimated_kb_2=1099.372437; ', 'bpp_2=0.304367; ']
aux step[98] ; loss/aux = 23591.199219
train step[99/5000] ; used: 1m:39s; eta: 1h:21m:40s; loss = 0.098973; ['mse_0=0.001785; ', 'lpips_0=0.000922; ', 'codec_recon_0=0.012615; ', 'estimated_kb_0=1116.233032; ', 'bpp_0=6.489727; ', 'mse_1=0.001677; ', 'lpips_1=0.000780; ', 'codec_recon_1=0.245620; ', 'estimated_kb_1=277.126770; ', 'bpp_1=0.322240; ', 'mse_2=0.001620; ', 'lpips_2=0.000660; ', 'codec_recon_2=0.046863; ', 'estimated_kb_2=1106.149048; ', 'bpp_2=0.306243; ']
aux step[99] ; loss/aux = 23591.199219
train step[100/5000] ; used: 1m:40s; eta: 1h:21m:39s; loss = 0.098412; ['mse_0=0.001083; ', 'lpips_0=0.001003; ', 'codec_recon_0=0.012046; ', 'estimated_kb_0=1121.309937; ', 'bpp_0=6.519244; ', 'mse_1=0.000876; ', 'lpips_1=0.000883; ', 'codec_recon_1=0.245148; ', 'estimated_kb_1=277.803894; ', 'bpp_1=0.323028; ', 'mse_2=0.000737; ', 'lpips_2=0.000794; ', 'codec_recon_2=0.052925; ', 'estimated_kb_2=1108.956909; ', 'bpp_2=0.307020; ']
aux step[100] ; loss/aux = 23591.199219
train step[101/5000] ; used: 1m:42s; eta: 1h:21m:39s; loss = 0.081486; ['mse_0=0.000625; ', 'lpips_0=0.000570; ', 'codec_recon_0=0.013067; ', 'estimated_kb_0=1110.724121; ', 'bpp_0=6.457698; ', 'mse_1=0.000449; ', 'lpips_1=0.000459; ', 'codec_recon_1=0.206331; ', 'estimated_kb_1=276.696777; ', 'bpp_1=0.321740; ', 'mse_2=0.000385; ', 'lpips_2=0.000407; ', 'codec_recon_2=0.042571; ', 'estimated_kb_2=1100.367432; ', 'bpp_2=0.304642; ']
aux step[101] ; loss/aux = 23591.197266
train step[102/5000] ; used: 1m:43s; eta: 1h:21m:38s; loss = 0.095522; ['mse_0=0.001759; ', 'lpips_0=0.000742; ', 'codec_recon_0=0.012177; ', 'estimated_kb_0=1124.713989; ', 'bpp_0=6.539035; ', 'mse_1=0.001441; ', 'lpips_1=0.000610; ', 'codec_recon_1=0.246880; ', 'estimated_kb_1=277.655640; ', 'bpp_1=0.322855; ', 'mse_2=0.001187; ', 'lpips_2=0.000487; ', 'codec_recon_2=0.038601; ', 'estimated_kb_2=1109.520874; ', 'bpp_2=0.307176; ']
aux step[102] ; loss/aux = 23591.197266
train step[103/5000] ; used: 1m:44s; eta: 1h:21m:38s; loss = 0.083725; ['mse_0=0.000509; ', 'lpips_0=0.000609; ', 'codec_recon_0=0.012648; ', 'estimated_kb_0=1096.190796; ', 'bpp_0=6.373202; ', 'mse_1=0.000438; ', 'lpips_1=0.000511; ', 'codec_recon_1=0.215346; ', 'estimated_kb_1=274.961639; ', 'bpp_1=0.319723; ', 'mse_2=0.000358; ', 'lpips_2=0.000449; ', 'codec_recon_2=0.041506; ', 'estimated_kb_2=1096.986328; ', 'bpp_2=0.303706; ']
aux step[103] ; loss/aux = 23591.197266
train step[104/5000] ; used: 1m:45s; eta: 1h:21m:37s; loss = 0.090641; ['mse_0=0.000900; ', 'lpips_0=0.000861; ', 'codec_recon_0=0.015195; ', 'estimated_kb_0=1109.357178; ', 'bpp_0=6.449751; ', 'mse_1=0.000857; ', 'lpips_1=0.000791; ', 'codec_recon_1=0.220459; ', 'estimated_kb_1=276.243439; ', 'bpp_1=0.321213; ', 'mse_2=0.000823; ', 'lpips_2=0.000735; ', 'codec_recon_2=0.049924; ', 'estimated_kb_2=1101.194946; ', 'bpp_2=0.304871; ']
aux step[104] ; loss/aux = 23591.195312
train step[105/5000] ; used: 1m:46s; eta: 1h:21m:35s; loss = 0.097424; ['mse_0=0.000898; ', 'lpips_0=0.000803; ', 'codec_recon_0=0.011754; ', 'estimated_kb_0=1113.333740; ', 'bpp_0=6.472871; ', 'mse_1=0.000725; ', 'lpips_1=0.000698; ', 'codec_recon_1=0.252042; ', 'estimated_kb_1=277.060333; ', 'bpp_1=0.322163; ', 'mse_2=0.000602; ', 'lpips_2=0.000604; ', 'codec_recon_2=0.046516; ', 'estimated_kb_2=1105.728149; ', 'bpp_2=0.306126; ']
aux step[105] ; loss/aux = 23591.195312
train step[106/5000] ; used: 1m:47s; eta: 1h:21m:34s; loss = 0.110760; ['mse_0=0.001102; ', 'lpips_0=0.000912; ', 'codec_recon_0=0.014610; ', 'estimated_kb_0=1104.996460; ', 'bpp_0=6.424398; ', 'mse_1=0.000888; ', 'lpips_1=0.000784; ', 'codec_recon_1=0.289759; ', 'estimated_kb_1=276.049225; ', 'bpp_1=0.320987; ', 'mse_2=0.000743; ', 'lpips_2=0.000632; ', 'codec_recon_2=0.047962; ', 'estimated_kb_2=1102.423706; ', 'bpp_2=0.305211; ']
aux step[106] ; loss/aux = 23591.195312
train step[107/5000] ; used: 1m:48s; eta: 1h:21m:33s; loss = 0.093827; ['mse_0=0.002398; ', 'lpips_0=0.000926; ', 'codec_recon_0=0.013286; ', 'estimated_kb_0=1089.530396; ', 'bpp_0=6.334479; ', 'mse_1=0.002184; ', 'lpips_1=0.000808; ', 'codec_recon_1=0.231404; ', 'estimated_kb_1=275.459900; ', 'bpp_1=0.320302; ', 'mse_2=0.001993; ', 'lpips_2=0.000731; ', 'codec_recon_2=0.037932; ', 'estimated_kb_2=1090.372803; ', 'bpp_2=0.301875; ']
aux step[107] ; loss/aux = 23591.193359
train step[108/5000] ; used: 1m:49s; eta: 1h:21m:32s; loss = 0.092816; ['mse_0=0.001567; ', 'lpips_0=0.000840; ', 'codec_recon_0=0.011752; ', 'estimated_kb_0=1104.528198; ', 'bpp_0=6.421676; ', 'mse_1=0.001407; ', 'lpips_1=0.000752; ', 'codec_recon_1=0.233522; ', 'estimated_kb_1=276.251831; ', 'bpp_1=0.321223; ', 'mse_2=0.001307; ', 'lpips_2=0.000687; ', 'codec_recon_2=0.042245; ', 'estimated_kb_2=1100.693237; ', 'bpp_2=0.304732; ']
aux step[108] ; loss/aux = 23591.191406
train step[109/5000] ; used: 1m:49s; eta: 1h:21m:30s; loss = 0.083510; ['mse_0=0.000363; ', 'lpips_0=0.000585; ', 'codec_recon_0=0.013678; ', 'estimated_kb_0=1094.931396; ', 'bpp_0=6.365880; ', 'mse_1=0.000291; ', 'lpips_1=0.000489; ', 'codec_recon_1=0.210086; ', 'estimated_kb_1=274.209412; ', 'bpp_1=0.318848; ', 'mse_2=0.000251; ', 'lpips_2=0.000431; ', 'codec_recon_2=0.046572; ', 'estimated_kb_2=1091.352051; ', 'bpp_2=0.302146; ']
aux step[109] ; loss/aux = 23591.191406
Skipped bad example 1c46c37d7928785e. Context shape was torch.Size([2, 3, 338, 640]) and target shape was torch.Size([4, 3, 338, 640]).
train step[110/5000] ; used: 1m:50s; eta: 1h:21m:29s; loss = 0.143091; ['mse_0=0.003813; ', 'lpips_0=0.001813; ', 'codec_recon_0=0.012154; ', 'estimated_kb_0=1139.766846; ', 'bpp_0=6.626551; ', 'mse_1=0.003354; ', 'lpips_1=0.001675; ', 'codec_recon_1=0.371150; ', 'estimated_kb_1=278.926544; ', 'bpp_1=0.324333; ', 'mse_2=0.002831; ', 'lpips_2=0.001357; ', 'codec_recon_2=0.044186; ', 'estimated_kb_2=1122.655273; ', 'bpp_2=0.310813; ']
aux step[110] ; loss/aux = 23591.191406
train step[111/5000] ; used: 1m:51s; eta: 1h:21m:28s; loss = 0.123214; ['mse_0=0.001661; ', 'lpips_0=0.001264; ', 'codec_recon_0=0.012008; ', 'estimated_kb_0=1127.844727; ', 'bpp_0=6.557237; ', 'mse_1=0.001361; ', 'lpips_1=0.001076; ', 'codec_recon_1=0.331352; ', 'estimated_kb_1=278.112823; ', 'bpp_1=0.323387; ', 'mse_2=0.000971; ', 'lpips_2=0.000837; ', 'codec_recon_2=0.043458; ', 'estimated_kb_2=1116.657349; ', 'bpp_2=0.309152; ']
aux step[111] ; loss/aux = 23591.191406
train step[112/5000] ; used: 1m:52s; eta: 1h:21m:26s; loss = 0.090950; ['mse_0=0.000739; ', 'lpips_0=0.000852; ', 'codec_recon_0=0.013039; ', 'estimated_kb_0=1093.566650; ', 'bpp_0=6.357945; ', 'mse_1=0.000633; ', 'lpips_1=0.000773; ', 'codec_recon_1=0.233023; ', 'estimated_kb_1=275.534180; ', 'bpp_1=0.320389; ', 'mse_2=0.000529; ', 'lpips_2=0.000705; ', 'codec_recon_2=0.043002; ', 'estimated_kb_2=1094.830688; ', 'bpp_2=0.303109; ']
aux step[112] ; loss/aux = 23591.189453
train step[113/5000] ; used: 1m:53s; eta: 1h:21m:25s; loss = 0.085751; ['mse_0=0.001009; ', 'lpips_0=0.000644; ', 'codec_recon_0=0.011738; ', 'estimated_kb_0=1120.814941; ', 'bpp_0=6.516366; ', 'mse_1=0.000811; ', 'lpips_1=0.000533; ', 'codec_recon_1=0.216638; ', 'estimated_kb_1=277.002380; ', 'bpp_1=0.322096; ', 'mse_2=0.000699; ', 'lpips_2=0.000461; ', 'codec_recon_2=0.043602; ', 'estimated_kb_2=1106.721313; ', 'bpp_2=0.306401; ']
aux step[113] ; loss/aux = 23591.187500
train step[114/5000] ; used: 1m:54s; eta: 1h:21m:24s; loss = 0.090048; ['mse_0=0.000385; ', 'lpips_0=0.000969; ', 'codec_recon_0=0.013481; ', 'estimated_kb_0=1094.311157; ', 'bpp_0=6.362274; ', 'mse_1=0.000308; ', 'lpips_1=0.000843; ', 'codec_recon_1=0.232148; ', 'estimated_kb_1=274.489990; ', 'bpp_1=0.319174; ', 'mse_2=0.000248; ', 'lpips_2=0.000765; ', 'codec_recon_2=0.042803; ', 'estimated_kb_2=1092.633423; ', 'bpp_2=0.302501; ']
aux step[114] ; loss/aux = 23591.187500
train step[115/5000] ; used: 1m:55s; eta: 1h:21m:23s; loss = 0.091017; ['mse_0=0.001331; ', 'lpips_0=0.000822; ', 'codec_recon_0=0.010730; ', 'estimated_kb_0=1108.516968; ', 'bpp_0=6.444866; ', 'mse_1=0.001142; ', 'lpips_1=0.000716; ', 'codec_recon_1=0.234234; ', 'estimated_kb_1=276.370056; ', 'bpp_1=0.321361; ', 'mse_2=0.000921; ', 'lpips_2=0.000613; ', 'codec_recon_2=0.039943; ', 'estimated_kb_2=1098.180298; ', 'bpp_2=0.304037; ']
aux step[115] ; loss/aux = 23591.185547
train step[116/5000] ; used: 1m:56s; eta: 1h:21m:23s; loss = 0.083349; ['mse_0=0.001538; ', 'lpips_0=0.000803; ', 'codec_recon_0=0.014937; ', 'estimated_kb_0=1089.008423; ', 'bpp_0=6.331445; ', 'mse_1=0.001247; ', 'lpips_1=0.000675; ', 'codec_recon_1=0.201513; ', 'estimated_kb_1=274.627472; ', 'bpp_1=0.319334; ', 'mse_2=0.001130; ', 'lpips_2=0.000616; ', 'codec_recon_2=0.041350; ', 'estimated_kb_2=1090.068481; ', 'bpp_2=0.301791; ']
aux step[116] ; loss/aux = 23591.185547
train step[117/5000] ; used: 1m:57s; eta: 1h:21m:21s; loss = 0.110030; ['mse_0=0.000984; ', 'lpips_0=0.000977; ', 'codec_recon_0=0.011781; ', 'estimated_kb_0=1129.020264; ', 'bpp_0=6.564071; ', 'mse_1=0.000818; ', 'lpips_1=0.000831; ', 'codec_recon_1=0.288389; ', 'estimated_kb_1=277.343781; ', 'bpp_1=0.322493; ', 'mse_2=0.000686; ', 'lpips_2=0.000708; ', 'codec_recon_2=0.049916; ', 'estimated_kb_2=1110.754272; ', 'bpp_2=0.307518; ']
aux step[117] ; loss/aux = 23591.185547
train step[118/5000] ; used: 1m:59s; eta: 1h:21m:22s; loss = 0.096029; ['mse_0=0.001067; ', 'lpips_0=0.001016; ', 'codec_recon_0=0.015217; ', 'estimated_kb_0=1090.754272; ', 'bpp_0=6.341594; ', 'mse_1=0.000904; ', 'lpips_1=0.000891; ', 'codec_recon_1=0.240487; ', 'estimated_kb_1=275.062836; ', 'bpp_1=0.319841; ', 'mse_2=0.000813; ', 'lpips_2=0.000815; ', 'codec_recon_2=0.046039; ', 'estimated_kb_2=1096.086670; ', 'bpp_2=0.303457; ']
aux step[118] ; loss/aux = 23591.183594
train step[119/5000] ; used: 1m:59s; eta: 1h:21m:20s; loss = 0.094802; ['mse_0=0.001346; ', 'lpips_0=0.000916; ', 'codec_recon_0=0.015729; ', 'estimated_kb_0=1101.316772; ', 'bpp_0=6.403004; ', 'mse_1=0.001104; ', 'lpips_1=0.000774; ', 'codec_recon_1=0.236330; ', 'estimated_kb_1=276.160736; ', 'bpp_1=0.321117; ', 'mse_2=0.000987; ', 'lpips_2=0.000701; ', 'codec_recon_2=0.044524; ', 'estimated_kb_2=1100.940918; ', 'bpp_2=0.304801; ']
aux step[119] ; loss/aux = 23591.183594
train step[120/5000] ; used: 2m:1s; eta: 1h:21m:20s; loss = 0.098481; ['mse_0=0.002207; ', 'lpips_0=0.000917; ', 'codec_recon_0=0.012309; ', 'estimated_kb_0=1118.294922; ', 'bpp_0=6.501715; ', 'mse_1=0.001996; ', 'lpips_1=0.000799; ', 'codec_recon_1=0.241291; ', 'estimated_kb_1=277.823669; ', 'bpp_1=0.323051; ', 'mse_2=0.001934; ', 'lpips_2=0.000728; ', 'codec_recon_2=0.046067; ', 'estimated_kb_2=1108.343018; ', 'bpp_2=0.306850; ']
aux step[120] ; loss/aux = 23591.181641
train step[121/5000] ; used: 2m:2s; eta: 1h:21m:19s; loss = 0.110791; ['mse_0=0.001121; ', 'lpips_0=0.001198; ', 'codec_recon_0=0.013952; ', 'estimated_kb_0=1111.139282; ', 'bpp_0=6.460113; ', 'mse_1=0.000940; ', 'lpips_1=0.001067; ', 'codec_recon_1=0.286011; ', 'estimated_kb_1=276.435577; ', 'bpp_1=0.321437; ', 'mse_2=0.000812; ', 'lpips_2=0.000884; ', 'codec_recon_2=0.049265; ', 'estimated_kb_2=1103.063354; ', 'bpp_2=0.305389; ']
aux step[121] ; loss/aux = 23591.181641
train step[122/5000] ; used: 2m:2s; eta: 1h:21m:17s; loss = 0.099463; ['mse_0=0.000516; ', 'lpips_0=0.000624; ', 'codec_recon_0=0.012746; ', 'estimated_kb_0=1114.358276; ', 'bpp_0=6.478827; ', 'mse_1=0.000402; ', 'lpips_1=0.000514; ', 'codec_recon_1=0.264225; ', 'estimated_kb_1=277.297760; ', 'bpp_1=0.322439; ', 'mse_2=0.000256; ', 'lpips_2=0.000398; ', 'codec_recon_2=0.045537; ', 'estimated_kb_2=1102.705322; ', 'bpp_2=0.305289; ']
aux step[122] ; loss/aux = 23591.179688
train step[123/5000] ; used: 2m:4s; eta: 1h:21m:17s; loss = 0.086364; ['mse_0=0.000293; ', 'lpips_0=0.000558; ', 'codec_recon_0=0.012257; ', 'estimated_kb_0=1112.702637; ', 'bpp_0=6.469202; ', 'mse_1=0.000213; ', 'lpips_1=0.000456; ', 'codec_recon_1=0.216163; ', 'estimated_kb_1=276.471924; ', 'bpp_1=0.321479; ', 'mse_2=0.000173; ', 'lpips_2=0.000404; ', 'codec_recon_2=0.052467; ', 'estimated_kb_2=1104.209717; ', 'bpp_2=0.305706; ']
aux step[123] ; loss/aux = 23591.179688
train step[124/5000] ; used: 2m:5s; eta: 1h:21m:16s; loss = 0.081985; ['mse_0=0.000658; ', 'lpips_0=0.000793; ', 'codec_recon_0=0.013194; ', 'estimated_kb_0=1105.633545; ', 'bpp_0=6.428102; ', 'mse_1=0.000513; ', 'lpips_1=0.000680; ', 'codec_recon_1=0.201280; ', 'estimated_kb_1=276.364105; ', 'bpp_1=0.321354; ', 'mse_2=0.000451; ', 'lpips_2=0.000613; ', 'codec_recon_2=0.046452; ', 'estimated_kb_2=1100.472046; ', 'bpp_2=0.304671; ']
aux step[124] ; loss/aux = 23591.179688
train step[125/5000] ; used: 2m:6s; eta: 1h:21m:16s; loss = 0.084015; ['mse_0=0.000863; ', 'lpips_0=0.000722; ', 'codec_recon_0=0.012362; ', 'estimated_kb_0=1112.773804; ', 'bpp_0=6.469615; ', 'mse_1=0.000732; ', 'lpips_1=0.000609; ', 'codec_recon_1=0.208909; ', 'estimated_kb_1=277.540588; ', 'bpp_1=0.322722; ', 'mse_2=0.000660; ', 'lpips_2=0.000544; ', 'codec_recon_2=0.045013; ', 'estimated_kb_2=1105.377197; ', 'bpp_2=0.306029; ']
aux step[125] ; loss/aux = 23591.177734
train step[126/5000] ; used: 2m:7s; eta: 1h:21m:15s; loss = 0.101656; ['mse_0=0.001792; ', 'lpips_0=0.000996; ', 'codec_recon_0=0.012256; ', 'estimated_kb_0=1119.597900; ', 'bpp_0=6.509290; ', 'mse_1=0.001510; ', 'lpips_1=0.000869; ', 'codec_recon_1=0.256742; ', 'estimated_kb_1=277.314941; ', 'bpp_1=0.322459; ', 'mse_2=0.001385; ', 'lpips_2=0.000759; ', 'codec_recon_2=0.045482; ', 'estimated_kb_2=1110.556274; ', 'bpp_2=0.307463; ']
aux step[126] ; loss/aux = 23591.177734
train step[127/5000] ; used: 2m:8s; eta: 1h:21m:14s; loss = 0.082482; ['mse_0=0.001168; ', 'lpips_0=0.000733; ', 'codec_recon_0=0.013507; ', 'estimated_kb_0=1094.166748; ', 'bpp_0=6.361434; ', 'mse_1=0.001003; ', 'lpips_1=0.000629; ', 'codec_recon_1=0.201727; ', 'estimated_kb_1=274.827698; ', 'bpp_1=0.319567; ', 'mse_2=0.000949; ', 'lpips_2=0.000568; ', 'codec_recon_2=0.042872; ', 'estimated_kb_2=1092.543213; ', 'bpp_2=0.302476; ']
aux step[127] ; loss/aux = 23591.175781
train step[128/5000] ; used: 2m:9s; eta: 1h:21m:14s; loss = 0.106617; ['mse_0=0.002052; ', 'lpips_0=0.000969; ', 'codec_recon_0=0.010916; ', 'estimated_kb_0=1115.229248; ', 'bpp_0=6.483891; ', 'mse_1=0.001635; ', 'lpips_1=0.000881; ', 'codec_recon_1=0.282694; ', 'estimated_kb_1=278.222595; ', 'bpp_1=0.323515; ', 'mse_2=0.001212; ', 'lpips_2=0.000674; ', 'codec_recon_2=0.037040; ', 'estimated_kb_2=1106.536743; ', 'bpp_2=0.306350; ']
aux step[128] ; loss/aux = 23591.175781
train step[129/5000] ; used: 2m:10s; eta: 1h:21m:12s; loss = 0.110906; ['mse_0=0.001419; ', 'lpips_0=0.001231; ', 'codec_recon_0=0.016187; ', 'estimated_kb_0=1118.308594; ', 'bpp_0=6.501794; ', 'mse_1=0.001306; ', 'lpips_1=0.001087; ', 'codec_recon_1=0.275654; ', 'estimated_kb_1=276.570679; ', 'bpp_1=0.321594; ', 'mse_2=0.001244; ', 'lpips_2=0.000992; ', 'codec_recon_2=0.053582; ', 'estimated_kb_2=1110.538818; ', 'bpp_2=0.307458; ']
aux step[129] ; loss/aux = 23591.175781
train step[130/5000] ; used: 2m:11s; eta: 1h:21m:11s; loss = 0.100085; ['mse_0=0.001678; ', 'lpips_0=0.000979; ', 'codec_recon_0=0.010816; ', 'estimated_kb_0=1105.099976; ', 'bpp_0=6.425000; ', 'mse_1=0.001561; ', 'lpips_1=0.000863; ', 'codec_recon_1=0.255323; ', 'estimated_kb_1=275.737762; ', 'bpp_1=0.320625; ', 'mse_2=0.001470; ', 'lpips_2=0.000757; ', 'codec_recon_2=0.043118; ', 'estimated_kb_2=1099.069336; ', 'bpp_2=0.304283; ']
aux step[130] ; loss/aux = 23591.175781
train step[131/5000] ; used: 2m:12s; eta: 1h:21m:11s; loss = 0.104159; ['mse_0=0.004702; ', 'lpips_0=0.001045; ', 'codec_recon_0=0.013594; ', 'estimated_kb_0=1121.610840; ', 'bpp_0=6.520993; ', 'mse_1=0.004323; ', 'lpips_1=0.000927; ', 'codec_recon_1=0.236723; ', 'estimated_kb_1=277.928802; ', 'bpp_1=0.323173; ', 'mse_2=0.004257; ', 'lpips_2=0.000860; ', 'codec_recon_2=0.043165; ', 'estimated_kb_2=1111.178467; ', 'bpp_2=0.307635; ']
aux step[131] ; loss/aux = 23591.173828
Skipped bad example d9dc27d0e5121b5a. Context shape was torch.Size([2, 3, 270, 640]) and target shape was torch.Size([4, 3, 270, 640]).
train step[132/5000] ; used: 2m:13s; eta: 1h:21m:11s; loss = 0.091703; ['mse_0=0.001279; ', 'lpips_0=0.000768; ', 'codec_recon_0=0.010713; ', 'estimated_kb_0=1131.587158; ', 'bpp_0=6.578996; ', 'mse_1=0.000940; ', 'lpips_1=0.000612; ', 'codec_recon_1=0.236400; ', 'estimated_kb_1=279.274475; ', 'bpp_1=0.324738; ', 'mse_2=0.000621; ', 'lpips_2=0.000451; ', 'codec_recon_2=0.042993; ', 'estimated_kb_2=1114.642334; ', 'bpp_2=0.308594; ']
aux step[132] ; loss/aux = 23591.173828
train step[133/5000] ; used: 2m:14s; eta: 1h:21m:10s; loss = 0.090533; ['mse_0=0.000773; ', 'lpips_0=0.000589; ', 'codec_recon_0=0.011796; ', 'estimated_kb_0=1115.528687; ', 'bpp_0=6.485632; ', 'mse_1=0.000596; ', 'lpips_1=0.000510; ', 'codec_recon_1=0.235843; ', 'estimated_kb_1=277.697784; ', 'bpp_1=0.322904; ', 'mse_2=0.000439; ', 'lpips_2=0.000395; ', 'codec_recon_2=0.043130; ', 'estimated_kb_2=1103.861206; ', 'bpp_2=0.305609; ']
aux step[133] ; loss/aux = 23591.171875
train step[134/5000] ; used: 2m:15s; eta: 1h:21m:9s; loss = 0.094749; ['mse_0=0.001564; ', 'lpips_0=0.000822; ', 'codec_recon_0=0.016578; ', 'estimated_kb_0=1112.467651; ', 'bpp_0=6.467835; ', 'mse_1=0.001336; ', 'lpips_1=0.000683; ', 'codec_recon_1=0.235018; ', 'estimated_kb_1=277.862640; ', 'bpp_1=0.323096; ', 'mse_2=0.001261; ', 'lpips_2=0.000614; ', 'codec_recon_2=0.043295; ', 'estimated_kb_2=1108.430054; ', 'bpp_2=0.306874; ']
aux step[134] ; loss/aux = 23591.171875
train step[135/5000] ; used: 2m:16s; eta: 1h:21m:7s; loss = 0.093319; ['mse_0=0.000784; ', 'lpips_0=0.000731; ', 'codec_recon_0=0.012557; ', 'estimated_kb_0=1121.897827; ', 'bpp_0=6.522662; ', 'mse_1=0.000626; ', 'lpips_1=0.000596; ', 'codec_recon_1=0.236485; ', 'estimated_kb_1=277.410095; ', 'bpp_1=0.322570; ', 'mse_2=0.000512; ', 'lpips_2=0.000523; ', 'codec_recon_2=0.049446; ', 'estimated_kb_2=1108.445068; ', 'bpp_2=0.306878; ']
aux step[135] ; loss/aux = 23591.171875
train step[136/5000] ; used: 2m:17s; eta: 1h:21m:6s; loss = 0.102861; ['mse_0=0.002693; ', 'lpips_0=0.001364; ', 'codec_recon_0=0.013076; ', 'estimated_kb_0=1124.009766; ', 'bpp_0=6.534940; ', 'mse_1=0.002438; ', 'lpips_1=0.001211; ', 'codec_recon_1=0.243418; ', 'estimated_kb_1=278.756439; ', 'bpp_1=0.324135; ', 'mse_2=0.002310; ', 'lpips_2=0.001098; ', 'codec_recon_2=0.049334; ', 'estimated_kb_2=1115.473145; ', 'bpp_2=0.308824; ']
aux step[136] ; loss/aux = 23591.169922
train step[137/5000] ; used: 2m:18s; eta: 1h:21m:6s; loss = 0.085764; ['mse_0=0.000762; ', 'lpips_0=0.000725; ', 'codec_recon_0=0.011991; ', 'estimated_kb_0=1098.771362; ', 'bpp_0=6.388205; ', 'mse_1=0.000612; ', 'lpips_1=0.000604; ', 'codec_recon_1=0.214899; ', 'estimated_kb_1=275.034912; ', 'bpp_1=0.319808; ', 'mse_2=0.000491; ', 'lpips_2=0.000508; ', 'codec_recon_2=0.046650; ', 'estimated_kb_2=1091.903076; ', 'bpp_2=0.302299; ']
aux step[137] ; loss/aux = 23591.167969
train step[138/5000] ; used: 2m:19s; eta: 1h:21m:5s; loss = 0.081366; ['mse_0=0.000847; ', 'lpips_0=0.000705; ', 'codec_recon_0=0.011268; ', 'estimated_kb_0=1112.355835; ', 'bpp_0=6.467185; ', 'mse_1=0.000703; ', 'lpips_1=0.000613; ', 'codec_recon_1=0.205546; ', 'estimated_kb_1=277.124115; ', 'bpp_1=0.322237; ', 'mse_2=0.000628; ', 'lpips_2=0.000559; ', 'codec_recon_2=0.040889; ', 'estimated_kb_2=1102.696167; ', 'bpp_2=0.305287; ']
aux step[138] ; loss/aux = 23591.167969
train step[139/5000] ; used: 2m:20s; eta: 1h:21m:3s; loss = 0.097120; ['mse_0=0.001088; ', 'lpips_0=0.000945; ', 'codec_recon_0=0.014040; ', 'estimated_kb_0=1111.321411; ', 'bpp_0=6.461171; ', 'mse_1=0.000954; ', 'lpips_1=0.000808; ', 'codec_recon_1=0.242647; ', 'estimated_kb_1=276.058319; ', 'bpp_1=0.320998; ', 'mse_2=0.000861; ', 'lpips_2=0.000704; ', 'codec_recon_2=0.049178; ', 'estimated_kb_2=1103.220947; ', 'bpp_2=0.305432; ']
aux step[139] ; loss/aux = 23591.167969
train step[140/5000] ; used: 2m:21s; eta: 1h:21m:2s; loss = 0.095359; ['mse_0=0.001136; ', 'lpips_0=0.000823; ', 'codec_recon_0=0.014400; ', 'estimated_kb_0=1110.313843; ', 'bpp_0=6.455313; ', 'mse_1=0.000995; ', 'lpips_1=0.000718; ', 'codec_recon_1=0.231787; ', 'estimated_kb_1=275.870148; ', 'bpp_1=0.320779; ', 'mse_2=0.000961; ', 'lpips_2=0.000681; ', 'codec_recon_2=0.053965; ', 'estimated_kb_2=1104.599487; ', 'bpp_2=0.305814; ']
aux step[140] ; loss/aux = 23591.167969
train step[141/5000] ; used: 2m:22s; eta: 1h:21m:1s; loss = 0.078912; ['mse_0=0.000969; ', 'lpips_0=0.000778; ', 'codec_recon_0=0.014550; ', 'estimated_kb_0=1096.361938; ', 'bpp_0=6.374197; ', 'mse_1=0.000911; ', 'lpips_1=0.000675; ', 'codec_recon_1=0.192894; ', 'estimated_kb_1=275.344299; ', 'bpp_1=0.320168; ', 'mse_2=0.000836; ', 'lpips_2=0.000642; ', 'codec_recon_2=0.039559; ', 'estimated_kb_2=1095.613525; ', 'bpp_2=0.303326; ']
aux step[141] ; loss/aux = 23591.164062
train step[142/5000] ; used: 2m:23s; eta: 1h:21m:1s; loss = 0.109779; ['mse_0=0.001614; ', 'lpips_0=0.001305; ', 'codec_recon_0=0.013085; ', 'estimated_kb_0=1121.390381; ', 'bpp_0=6.519711; ', 'mse_1=0.001413; ', 'lpips_1=0.001164; ', 'codec_recon_1=0.277947; ', 'estimated_kb_1=278.021179; ', 'bpp_1=0.323280; ', 'mse_2=0.001235; ', 'lpips_2=0.001032; ', 'codec_recon_2=0.049022; ', 'estimated_kb_2=1114.456787; ', 'bpp_2=0.308543; ']
aux step[142] ; loss/aux = 23591.164062
train step[143/5000] ; used: 2m:24s; eta: 1h:21m; loss = 0.102581; ['mse_0=0.000778; ', 'lpips_0=0.000883; ', 'codec_recon_0=0.012431; ', 'estimated_kb_0=1113.775146; ', 'bpp_0=6.475437; ', 'mse_1=0.000624; ', 'lpips_1=0.000808; ', 'codec_recon_1=0.272470; ', 'estimated_kb_1=277.094147; ', 'bpp_1=0.322202; ', 'mse_2=0.000392; ', 'lpips_2=0.000666; ', 'codec_recon_2=0.043197; ', 'estimated_kb_2=1107.853516; ', 'bpp_2=0.306715; ']
aux step[143] ; loss/aux = 23591.164062
train step[144/5000] ; used: 2m:25s; eta: 1h:20m:59s; loss = 0.075687; ['mse_0=0.000597; ', 'lpips_0=0.000878; ', 'codec_recon_0=0.012064; ', 'estimated_kb_0=1087.852173; ', 'bpp_0=6.324722; ', 'mse_1=0.000468; ', 'lpips_1=0.000760; ', 'codec_recon_1=0.184568; ', 'estimated_kb_1=274.564819; ', 'bpp_1=0.319261; ', 'mse_2=0.000426; ', 'lpips_2=0.000728; ', 'codec_recon_2=0.042800; ', 'estimated_kb_2=1091.613281; ', 'bpp_2=0.302219; ']
aux step[144] ; loss/aux = 23591.164062
train step[145/5000] ; used: 2m:26s; eta: 1h:20m:57s; loss = 0.090959; ['mse_0=0.000930; ', 'lpips_0=0.000853; ', 'codec_recon_0=0.013497; ', 'estimated_kb_0=1111.668213; ', 'bpp_0=6.463187; ', 'mse_1=0.000803; ', 'lpips_1=0.000737; ', 'codec_recon_1=0.230395; ', 'estimated_kb_1=276.988403; ', 'bpp_1=0.322080; ', 'mse_2=0.000739; ', 'lpips_2=0.000677; ', 'codec_recon_2=0.043506; ', 'estimated_kb_2=1103.023071; ', 'bpp_2=0.305377; ']
aux step[145] ; loss/aux = 23591.164062
train step[146/5000] ; used: 2m:27s; eta: 1h:20m:56s; loss = 0.082180; ['mse_0=0.000504; ', 'lpips_0=0.000575; ', 'codec_recon_0=0.012087; ', 'estimated_kb_0=1103.758057; ', 'bpp_0=6.417198; ', 'mse_1=0.000366; ', 'lpips_1=0.000458; ', 'codec_recon_1=0.213568; ', 'estimated_kb_1=276.170990; ', 'bpp_1=0.321129; ', 'mse_2=0.000277; ', 'lpips_2=0.000388; ', 'codec_recon_2=0.039719; ', 'estimated_kb_2=1097.775269; ', 'bpp_2=0.303925; ']
aux step[146] ; loss/aux = 23591.162109
train step[147/5000] ; used: 2m:28s; eta: 1h:20m:56s; loss = 0.122768; ['mse_0=0.001014; ', 'lpips_0=0.001270; ', 'codec_recon_0=0.014018; ', 'estimated_kb_0=1108.095337; ', 'bpp_0=6.442414; ', 'mse_1=0.000855; ', 'lpips_1=0.001149; ', 'codec_recon_1=0.329811; ', 'estimated_kb_1=275.795074; ', 'bpp_1=0.320692; ', 'mse_2=0.000695; ', 'lpips_2=0.000933; ', 'codec_recon_2=0.045678; ', 'estimated_kb_2=1106.268188; ', 'bpp_2=0.306276; ']
aux step[147] ; loss/aux = 23591.160156
train step[148/5000] ; used: 2m:29s; eta: 1h:20m:55s; loss = 0.095737; ['mse_0=0.001587; ', 'lpips_0=0.000761; ', 'codec_recon_0=0.013061; ', 'estimated_kb_0=1107.163086; ', 'bpp_0=6.436995; ', 'mse_1=0.001275; ', 'lpips_1=0.000641; ', 'codec_recon_1=0.243599; ', 'estimated_kb_1=277.122833; ', 'bpp_1=0.322236; ', 'mse_2=0.001107; ', 'lpips_2=0.000536; ', 'codec_recon_2=0.042774; ', 'estimated_kb_2=1101.472168; ', 'bpp_2=0.304948; ']
aux step[148] ; loss/aux = 23591.160156
train step[149/5000] ; used: 2m:30s; eta: 1h:20m:54s; loss = 0.095157; ['mse_0=0.001859; ', 'lpips_0=0.000707; ', 'codec_recon_0=0.011562; ', 'estimated_kb_0=1110.299805; ', 'bpp_0=6.455231; ', 'mse_1=0.001483; ', 'lpips_1=0.000554; ', 'codec_recon_1=0.246086; ', 'estimated_kb_1=277.220764; ', 'bpp_1=0.322350; ', 'mse_2=0.001274; ', 'lpips_2=0.000447; ', 'codec_recon_2=0.038464; ', 'estimated_kb_2=1101.277100; ', 'bpp_2=0.304894; ']
aux step[149] ; loss/aux = 23591.160156
train step[150/5000] ; used: 2m:31s; eta: 1h:20m:53s; loss = 0.100214; ['mse_0=0.000953; ', 'lpips_0=0.001075; ', 'codec_recon_0=0.017596; ', 'estimated_kb_0=1103.582520; ', 'bpp_0=6.416178; ', 'mse_1=0.000775; ', 'lpips_1=0.000930; ', 'codec_recon_1=0.244429; ', 'estimated_kb_1=276.138214; ', 'bpp_1=0.321091; ', 'mse_2=0.000709; ', 'lpips_2=0.000873; ', 'codec_recon_2=0.054304; ', 'estimated_kb_2=1104.660767; ', 'bpp_2=0.305831; ']
aux step[150] ; loss/aux = 23591.158203
train step[151/5000] ; used: 2m:32s; eta: 1h:20m:53s; loss = 0.109327; ['mse_0=0.002377; ', 'lpips_0=0.000887; ', 'codec_recon_0=0.010824; ', 'estimated_kb_0=1123.612549; ', 'bpp_0=6.532631; ', 'mse_1=0.001901; ', 'lpips_1=0.000754; ', 'codec_recon_1=0.290881; ', 'estimated_kb_1=278.174286; ', 'bpp_1=0.323458; ', 'mse_2=0.001393; ', 'lpips_2=0.000537; ', 'codec_recon_2=0.036559; ', 'estimated_kb_2=1110.367920; ', 'bpp_2=0.307411; ']
aux step[151] ; loss/aux = 23591.158203
train step[152/5000] ; used: 2m:33s; eta: 1h:20m:52s; loss = 0.108218; ['mse_0=0.001563; ', 'lpips_0=0.000977; ', 'codec_recon_0=0.012592; ', 'estimated_kb_0=1120.748169; ', 'bpp_0=6.515978; ', 'mse_1=0.001326; ', 'lpips_1=0.000865; ', 'codec_recon_1=0.284290; ', 'estimated_kb_1=276.792297; ', 'bpp_1=0.321851; ', 'mse_2=0.001009; ', 'lpips_2=0.000683; ', 'codec_recon_2=0.042436; ', 'estimated_kb_2=1107.928589; ', 'bpp_2=0.306735; ']
aux step[152] ; loss/aux = 23591.156250
train step[153/5000] ; used: 2m:34s; eta: 1h:20m:51s; loss = 0.103296; ['mse_0=0.002017; ', 'lpips_0=0.000939; ', 'codec_recon_0=0.015112; ', 'estimated_kb_0=1128.545532; ', 'bpp_0=6.561311; ', 'mse_1=0.001652; ', 'lpips_1=0.000749; ', 'codec_recon_1=0.255898; ', 'estimated_kb_1=278.527252; ', 'bpp_1=0.323869; ', 'mse_2=0.001541; ', 'lpips_2=0.000658; ', 'codec_recon_2=0.048125; ', 'estimated_kb_2=1114.812622; ', 'bpp_2=0.308641; ']
aux step[153] ; loss/aux = 23591.156250
train step[154/5000] ; used: 2m:35s; eta: 1h:20m:49s; loss = 0.086884; ['mse_0=0.001519; ', 'lpips_0=0.001187; ', 'codec_recon_0=0.014602; ', 'estimated_kb_0=1096.666504; ', 'bpp_0=6.375968; ', 'mse_1=0.001379; ', 'lpips_1=0.001096; ', 'codec_recon_1=0.208812; ', 'estimated_kb_1=275.758789; ', 'bpp_1=0.320650; ', 'mse_2=0.001299; ', 'lpips_2=0.001045; ', 'codec_recon_2=0.041116; ', 'estimated_kb_2=1095.964600; ', 'bpp_2=0.303423; ']
aux step[154] ; loss/aux = 23591.154297
train step[155/5000] ; used: 2m:36s; eta: 1h:20m:48s; loss = 0.094755; ['mse_0=0.000812; ', 'lpips_0=0.000848; ', 'codec_recon_0=0.012679; ', 'estimated_kb_0=1102.821411; ', 'bpp_0=6.411753; ', 'mse_1=0.000671; ', 'lpips_1=0.000734; ', 'codec_recon_1=0.244251; ', 'estimated_kb_1=275.958832; ', 'bpp_1=0.320882; ', 'mse_2=0.000568; ', 'lpips_2=0.000673; ', 'codec_recon_2=0.044567; ', 'estimated_kb_2=1101.020020; ', 'bpp_2=0.304823; ']
aux step[155] ; loss/aux = 23591.154297
train step[156/5000] ; used: 2m:37s; eta: 1h:20m:47s; loss = 0.101464; ['mse_0=0.001973; ', 'lpips_0=0.000918; ', 'codec_recon_0=0.017759; ', 'estimated_kb_0=1107.210083; ', 'bpp_0=6.437268; ', 'mse_1=0.001762; ', 'lpips_1=0.000779; ', 'codec_recon_1=0.247083; ', 'estimated_kb_1=277.954254; ', 'bpp_1=0.323203; ', 'mse_2=0.001648; ', 'lpips_2=0.000673; ', 'codec_recon_2=0.047529; ', 'estimated_kb_2=1102.566162; ', 'bpp_2=0.305251; ']
aux step[156] ; loss/aux = 23591.152344
train step[157/5000] ; used: 2m:38s; eta: 1h:20m:47s; loss = 0.093477; ['mse_0=0.001644; ', 'lpips_0=0.001181; ', 'codec_recon_0=0.013734; ', 'estimated_kb_0=1107.385132; ', 'bpp_0=6.438285; ', 'mse_1=0.001447; ', 'lpips_1=0.001060; ', 'codec_recon_1=0.223394; ', 'estimated_kb_1=275.851166; ', 'bpp_1=0.320757; ', 'mse_2=0.001420; ', 'lpips_2=0.001018; ', 'codec_recon_2=0.048559; ', 'estimated_kb_2=1102.145386; ', 'bpp_2=0.305134; ']
aux step[157] ; loss/aux = 23591.152344
train step[158/5000] ; used: 2m:39s; eta: 1h:20m:47s; loss = 0.088437; ['mse_0=0.000996; ', 'lpips_0=0.000822; ', 'codec_recon_0=0.012527; ', 'estimated_kb_0=1101.938232; ', 'bpp_0=6.406618; ', 'mse_1=0.000848; ', 'lpips_1=0.000701; ', 'codec_recon_1=0.225414; ', 'estimated_kb_1=276.217712; ', 'bpp_1=0.321183; ', 'mse_2=0.000714; ', 'lpips_2=0.000621; ', 'codec_recon_2=0.041175; ', 'estimated_kb_2=1101.100220; ', 'bpp_2=0.304845; ']
aux step[158] ; loss/aux = 23591.152344
train step[159/5000] ; used: 2m:40s; eta: 1h:20m:45s; loss = 0.105762; ['mse_0=0.001389; ', 'lpips_0=0.001013; ', 'codec_recon_0=0.014867; ', 'estimated_kb_0=1110.931396; ', 'bpp_0=6.458903; ', 'mse_1=0.001056; ', 'lpips_1=0.000874; ', 'codec_recon_1=0.273783; ', 'estimated_kb_1=276.967346; ', 'bpp_1=0.322055; ', 'mse_2=0.000844; ', 'lpips_2=0.000729; ', 'codec_recon_2=0.044205; ', 'estimated_kb_2=1106.093262; ', 'bpp_2=0.306227; ']
aux step[159] ; loss/aux = 23591.150391
train step[160/5000] ; used: 2m:41s; eta: 1h:20m:44s; loss = 0.116440; ['mse_0=0.002790; ', 'lpips_0=0.001158; ', 'codec_recon_0=0.012263; ', 'estimated_kb_0=1134.109375; ', 'bpp_0=6.593659; ', 'mse_1=0.002594; ', 'lpips_1=0.001025; ', 'codec_recon_1=0.296576; ', 'estimated_kb_1=279.045532; ', 'bpp_1=0.324472; ', 'mse_2=0.002426; ', 'lpips_2=0.000851; ', 'codec_recon_2=0.043142; ', 'estimated_kb_2=1117.633545; ', 'bpp_2=0.309422; ']
aux step[160] ; loss/aux = 23591.148438
train step[161/5000] ; used: 2m:42s; eta: 1h:20m:44s; loss = 0.116076; ['mse_0=0.000459; ', 'lpips_0=0.001071; ', 'codec_recon_0=0.018262; ', 'estimated_kb_0=1121.263306; ', 'bpp_0=6.518972; ', 'mse_1=0.000350; ', 'lpips_1=0.000889; ', 'codec_recon_1=0.291216; ', 'estimated_kb_1=276.738190; ', 'bpp_1=0.321789; ', 'mse_2=0.000313; ', 'lpips_2=0.000796; ', 'codec_recon_2=0.064513; ', 'estimated_kb_2=1113.358398; ', 'bpp_2=0.308239; ']
aux step[161] ; loss/aux = 23591.148438
train step[162/5000] ; used: 2m:43s; eta: 1h:20m:43s; loss = 0.102591; ['mse_0=0.002576; ', 'lpips_0=0.000904; ', 'codec_recon_0=0.013552; ', 'estimated_kb_0=1120.656250; ', 'bpp_0=6.515443; ', 'mse_1=0.002363; ', 'lpips_1=0.000795; ', 'codec_recon_1=0.251403; ', 'estimated_kb_1=278.130646; ', 'bpp_1=0.323408; ', 'mse_2=0.002164; ', 'lpips_2=0.000631; ', 'codec_recon_2=0.045574; ', 'estimated_kb_2=1110.403564; ', 'bpp_2=0.307421; ']
aux step[162] ; loss/aux = 23591.148438
train step[163/5000] ; used: 2m:44s; eta: 1h:20m:42s; loss = 0.080327; ['mse_0=0.000860; ', 'lpips_0=0.000858; ', 'codec_recon_0=0.012733; ', 'estimated_kb_0=1090.779053; ', 'bpp_0=6.341739; ', 'mse_1=0.000765; ', 'lpips_1=0.000771; ', 'codec_recon_1=0.198224; ', 'estimated_kb_1=275.055298; ', 'bpp_1=0.319832; ', 'mse_2=0.000717; ', 'lpips_2=0.000725; ', 'codec_recon_2=0.041145; ', 'estimated_kb_2=1092.570557; ', 'bpp_2=0.302484; ']
aux step[163] ; loss/aux = 23591.148438
train step[164/5000] ; used: 2m:45s; eta: 1h:20m:41s; loss = 0.113791; ['mse_0=0.002617; ', 'lpips_0=0.001345; ', 'codec_recon_0=0.012262; ', 'estimated_kb_0=1123.882324; ', 'bpp_0=6.534200; ', 'mse_1=0.002233; ', 'lpips_1=0.001199; ', 'codec_recon_1=0.291051; ', 'estimated_kb_1=278.503815; ', 'bpp_1=0.323842; ', 'mse_2=0.001825; ', 'lpips_2=0.000968; ', 'codec_recon_2=0.042035; ', 'estimated_kb_2=1113.089966; ', 'bpp_2=0.308164; ']
aux step[164] ; loss/aux = 23591.148438
train step[165/5000] ; used: 2m:46s; eta: 1h:20m:39s; loss = 0.086781; ['mse_0=0.000920; ', 'lpips_0=0.000719; ', 'codec_recon_0=0.012455; ', 'estimated_kb_0=1102.506592; ', 'bpp_0=6.409922; ', 'mse_1=0.000752; ', 'lpips_1=0.000615; ', 'codec_recon_1=0.218717; ', 'estimated_kb_1=275.843109; ', 'bpp_1=0.320748; ', 'mse_2=0.000677; ', 'lpips_2=0.000576; ', 'codec_recon_2=0.043898; ', 'estimated_kb_2=1098.784546; ', 'bpp_2=0.304204; ']
aux step[165] ; loss/aux = 23591.146484
train step[166/5000] ; used: 2m:47s; eta: 1h:20m:39s; loss = 0.101185; ['mse_0=0.001317; ', 'lpips_0=0.000836; ', 'codec_recon_0=0.012840; ', 'estimated_kb_0=1117.997192; ', 'bpp_0=6.499984; ', 'mse_1=0.001081; ', 'lpips_1=0.000722; ', 'codec_recon_1=0.264042; ', 'estimated_kb_1=278.468567; ', 'bpp_1=0.323801; ', 'mse_2=0.000868; ', 'lpips_2=0.000618; ', 'codec_recon_2=0.042263; ', 'estimated_kb_2=1110.367432; ', 'bpp_2=0.307411; ']
aux step[166] ; loss/aux = 23591.144531
train step[167/5000] ; used: 2m:48s; eta: 1h:20m:39s; loss = 0.081148; ['mse_0=0.001033; ', 'lpips_0=0.000972; ', 'codec_recon_0=0.015319; ', 'estimated_kb_0=1091.588989; ', 'bpp_0=6.346448; ', 'mse_1=0.000887; ', 'lpips_1=0.000854; ', 'codec_recon_1=0.193925; ', 'estimated_kb_1=275.736450; ', 'bpp_1=0.320624; ', 'mse_2=0.000854; ', 'lpips_2=0.000820; ', 'codec_recon_2=0.043185; ', 'estimated_kb_2=1095.683716; ', 'bpp_2=0.303345; ']
aux step[167] ; loss/aux = 23591.144531
train step[168/5000] ; used: 2m:49s; eta: 1h:20m:38s; loss = 0.093082; ['mse_0=0.001453; ', 'lpips_0=0.000972; ', 'codec_recon_0=0.015386; ', 'estimated_kb_0=1100.278687; ', 'bpp_0=6.396969; ', 'mse_1=0.001214; ', 'lpips_1=0.000852; ', 'codec_recon_1=0.231635; ', 'estimated_kb_1=275.554291; ', 'bpp_1=0.320412; ', 'mse_2=0.001024; ', 'lpips_2=0.000781; ', 'codec_recon_2=0.042266; ', 'estimated_kb_2=1097.003662; ', 'bpp_2=0.303711; ']
aux step[168] ; loss/aux = 23591.144531
train step[169/5000] ; used: 2m:50s; eta: 1h:20m:37s; loss = 0.085170; ['mse_0=0.001006; ', 'lpips_0=0.000886; ', 'codec_recon_0=0.015967; ', 'estimated_kb_0=1097.576904; ', 'bpp_0=6.381261; ', 'mse_1=0.000958; ', 'lpips_1=0.000763; ', 'codec_recon_1=0.201190; ', 'estimated_kb_1=275.063385; ', 'bpp_1=0.319841; ', 'mse_2=0.000929; ', 'lpips_2=0.000707; ', 'codec_recon_2=0.049246; ', 'estimated_kb_2=1096.049316; ', 'bpp_2=0.303447; ']
aux step[169] ; loss/aux = 23591.144531
train step[170/5000] ; used: 2m:51s; eta: 1h:20m:36s; loss = 0.095282; ['mse_0=0.005275; ', 'lpips_0=0.001486; ', 'codec_recon_0=0.015756; ', 'estimated_kb_0=1093.613892; ', 'bpp_0=6.358221; ', 'mse_1=0.005043; ', 'lpips_1=0.001341; ', 'codec_recon_1=0.193577; ', 'estimated_kb_1=275.014801; ', 'bpp_1=0.319785; ', 'mse_2=0.004952; ', 'lpips_2=0.001293; ', 'codec_recon_2=0.043638; ', 'estimated_kb_2=1095.883423; ', 'bpp_2=0.303401; ']
aux step[170] ; loss/aux = 23591.142578
train step[171/5000] ; used: 2m:52s; eta: 1h:20m:36s; loss = 0.104609; ['mse_0=0.001134; ', 'lpips_0=0.000785; ', 'codec_recon_0=0.011061; ', 'estimated_kb_0=1121.066528; ', 'bpp_0=6.517828; ', 'mse_1=0.000914; ', 'lpips_1=0.000642; ', 'codec_recon_1=0.282268; ', 'estimated_kb_1=278.374512; ', 'bpp_1=0.323691; ', 'mse_2=0.000515; ', 'lpips_2=0.000434; ', 'codec_recon_2=0.040622; ', 'estimated_kb_2=1111.283569; ', 'bpp_2=0.307664; ']
aux step[171] ; loss/aux = 23591.140625
train step[172/5000] ; used: 2m:53s; eta: 1h:20m:34s; loss = 0.098071; ['mse_0=0.000679; ', 'lpips_0=0.000811; ', 'codec_recon_0=0.013180; ', 'estimated_kb_0=1106.424561; ', 'bpp_0=6.432701; ', 'mse_1=0.000515; ', 'lpips_1=0.000694; ', 'codec_recon_1=0.258038; ', 'estimated_kb_1=276.499603; ', 'bpp_1=0.321511; ', 'mse_2=0.000381; ', 'lpips_2=0.000588; ', 'codec_recon_2=0.043458; ', 'estimated_kb_2=1102.756592; ', 'bpp_2=0.305304; ']
aux step[172] ; loss/aux = 23591.140625
train step[173/5000] ; used: 2m:54s; eta: 1h:20m:32s; loss = 0.110052; ['mse_0=0.000561; ', 'lpips_0=0.000933; ', 'codec_recon_0=0.013352; ', 'estimated_kb_0=1122.169678; ', 'bpp_0=6.524242; ', 'mse_1=0.000457; ', 'lpips_1=0.000799; ', 'codec_recon_1=0.285952; ', 'estimated_kb_1=276.722473; ', 'bpp_1=0.321770; ', 'mse_2=0.000363; ', 'lpips_2=0.000667; ', 'codec_recon_2=0.054935; ', 'estimated_kb_2=1110.575439; ', 'bpp_2=0.307468; ']
aux step[173] ; loss/aux = 23591.138672
train step[174/5000] ; used: 2m:55s; eta: 1h:20m:31s; loss = 0.084151; ['mse_0=0.000690; ', 'lpips_0=0.000720; ', 'codec_recon_0=0.014025; ', 'estimated_kb_0=1103.540771; ', 'bpp_0=6.415935; ', 'mse_1=0.000589; ', 'lpips_1=0.000620; ', 'codec_recon_1=0.205549; ', 'estimated_kb_1=275.487946; ', 'bpp_1=0.320335; ', 'mse_2=0.000551; ', 'lpips_2=0.000568; ', 'codec_recon_2=0.048469; ', 'estimated_kb_2=1098.688843; ', 'bpp_2=0.304177; ']
aux step[174] ; loss/aux = 23591.138672
train step[175/5000] ; used: 2m:56s; eta: 1h:20m:30s; loss = 0.105497; ['mse_0=0.001981; ', 'lpips_0=0.001004; ', 'codec_recon_0=0.012997; ', 'estimated_kb_0=1120.688599; ', 'bpp_0=6.515632; ', 'mse_1=0.001549; ', 'lpips_1=0.000844; ', 'codec_recon_1=0.270742; ', 'estimated_kb_1=278.171204; ', 'bpp_1=0.323455; ', 'mse_2=0.001303; ', 'lpips_2=0.000708; ', 'codec_recon_2=0.043285; ', 'estimated_kb_2=1112.355347; ', 'bpp_2=0.307961; ']
aux step[175] ; loss/aux = 23591.138672
train step[176/5000] ; used: 2m:57s; eta: 1h:20m:30s; loss = 0.108953; ['mse_0=0.006902; ', 'lpips_0=0.001393; ', 'codec_recon_0=0.015143; ', 'estimated_kb_0=1098.953369; ', 'bpp_0=6.389263; ', 'mse_1=0.006694; ', 'lpips_1=0.001282; ', 'codec_recon_1=0.227275; ', 'estimated_kb_1=275.128693; ', 'bpp_1=0.319917; ', 'mse_2=0.006627; ', 'lpips_2=0.001226; ', 'codec_recon_2=0.040347; ', 'estimated_kb_2=1096.951172; ', 'bpp_2=0.303696; ']
aux step[176] ; loss/aux = 23591.136719
train step[177/5000] ; used: 2m:58s; eta: 1h:20m:29s; loss = 0.090470; ['mse_0=0.001311; ', 'lpips_0=0.000944; ', 'codec_recon_0=0.011799; ', 'estimated_kb_0=1113.530151; ', 'bpp_0=6.474012; ', 'mse_1=0.001131; ', 'lpips_1=0.000817; ', 'codec_recon_1=0.227863; ', 'estimated_kb_1=277.983337; ', 'bpp_1=0.323236; ', 'mse_2=0.001005; ', 'lpips_2=0.000722; ', 'codec_recon_2=0.042135; ', 'estimated_kb_2=1105.530884; ', 'bpp_2=0.306072; ']
aux step[177] ; loss/aux = 23591.136719
train step[178/5000] ; used: 2m:59s; eta: 1h:20m:29s; loss = 0.089464; ['mse_0=0.000728; ', 'lpips_0=0.000844; ', 'codec_recon_0=0.013411; ', 'estimated_kb_0=1105.105713; ', 'bpp_0=6.425033; ', 'mse_1=0.000671; ', 'lpips_1=0.000744; ', 'codec_recon_1=0.222820; ', 'estimated_kb_1=276.775787; ', 'bpp_1=0.321832; ', 'mse_2=0.000573; ', 'lpips_2=0.000671; ', 'codec_recon_2=0.047878; ', 'estimated_kb_2=1102.500732; ', 'bpp_2=0.305233; ']
aux step[178] ; loss/aux = 23591.136719
train step[179/5000] ; used: 3m; eta: 1h:20m:27s; loss = 0.100954; ['mse_0=0.001344; ', 'lpips_0=0.001003; ', 'codec_recon_0=0.014015; ', 'estimated_kb_0=1107.541870; ', 'bpp_0=6.439197; ', 'mse_1=0.001194; ', 'lpips_1=0.000862; ', 'codec_recon_1=0.257326; ', 'estimated_kb_1=276.562164; ', 'bpp_1=0.321584; ', 'mse_2=0.001024; ', 'lpips_2=0.000757; ', 'codec_recon_2=0.044556; ', 'estimated_kb_2=1101.328247; ', 'bpp_2=0.304908; ']
aux step[179] ; loss/aux = 23591.134766
train step[180/5000] ; used: 3m:1s; eta: 1h:20m:26s; loss = 0.081455; ['mse_0=0.000885; ', 'lpips_0=0.000722; ', 'codec_recon_0=0.015546; ', 'estimated_kb_0=1090.252075; ', 'bpp_0=6.338675; ', 'mse_1=0.000851; ', 'lpips_1=0.000652; ', 'codec_recon_1=0.198515; ', 'estimated_kb_1=274.665375; ', 'bpp_1=0.319378; ', 'mse_2=0.000809; ', 'lpips_2=0.000603; ', 'codec_recon_2=0.042387; ', 'estimated_kb_2=1093.517700; ', 'bpp_2=0.302746; ']
aux step[180] ; loss/aux = 23591.134766
train step[181/5000] ; used: 3m:2s; eta: 1h:20m:26s; loss = 0.086818; ['mse_0=0.000996; ', 'lpips_0=0.000965; ', 'codec_recon_0=0.013567; ', 'estimated_kb_0=1087.294067; ', 'bpp_0=6.321477; ', 'mse_1=0.000951; ', 'lpips_1=0.000886; ', 'codec_recon_1=0.215037; ', 'estimated_kb_1=274.518555; ', 'bpp_1=0.319208; ', 'mse_2=0.000889; ', 'lpips_2=0.000830; ', 'codec_recon_2=0.042400; ', 'estimated_kb_2=1089.909180; ', 'bpp_2=0.301747; ']
aux step[181] ; loss/aux = 23591.132812
train step[182/5000] ; used: 3m:3s; eta: 1h:20m:25s; loss = 0.105675; ['mse_0=0.003098; ', 'lpips_0=0.000896; ', 'codec_recon_0=0.012909; ', 'estimated_kb_0=1120.009399; ', 'bpp_0=6.511682; ', 'mse_1=0.002665; ', 'lpips_1=0.000777; ', 'codec_recon_1=0.265224; ', 'estimated_kb_1=277.855286; ', 'bpp_1=0.323088; ', 'mse_2=0.002280; ', 'lpips_2=0.000616; ', 'codec_recon_2=0.039674; ', 'estimated_kb_2=1109.965088; ', 'bpp_2=0.307299; ']
aux step[182] ; loss/aux = 23591.132812
train step[183/5000] ; used: 3m:4s; eta: 1h:20m:23s; loss = 0.087442; ['mse_0=0.001003; ', 'lpips_0=0.000854; ', 'codec_recon_0=0.015248; ', 'estimated_kb_0=1107.474243; ', 'bpp_0=6.438804; ', 'mse_1=0.000869; ', 'lpips_1=0.000739; ', 'codec_recon_1=0.210548; ', 'estimated_kb_1=275.840576; ', 'bpp_1=0.320745; ', 'mse_2=0.000834; ', 'lpips_2=0.000696; ', 'codec_recon_2=0.049027; ', 'estimated_kb_2=1103.180420; ', 'bpp_2=0.305421; ']
aux step[183] ; loss/aux = 23591.132812
train step[184/5000] ; used: 3m:5s; eta: 1h:20m:22s; loss = 0.097621; ['mse_0=0.002687; ', 'lpips_0=0.000845; ', 'codec_recon_0=0.012816; ', 'estimated_kb_0=1115.239258; ', 'bpp_0=6.483949; ', 'mse_1=0.002456; ', 'lpips_1=0.000737; ', 'codec_recon_1=0.240468; ', 'estimated_kb_1=277.353851; ', 'bpp_1=0.322504; ', 'mse_2=0.002237; ', 'lpips_2=0.000638; ', 'codec_recon_2=0.040117; ', 'estimated_kb_2=1105.719482; ', 'bpp_2=0.306124; ']
aux step[184] ; loss/aux = 23591.130859
train step[185/5000] ; used: 3m:6s; eta: 1h:20m:22s; loss = 0.106546; ['mse_0=0.002356; ', 'lpips_0=0.001330; ', 'codec_recon_0=0.014570; ', 'estimated_kb_0=1097.075317; ', 'bpp_0=6.378345; ', 'mse_1=0.002000; ', 'lpips_1=0.001153; ', 'codec_recon_1=0.264143; ', 'estimated_kb_1=276.030151; ', 'bpp_1=0.320965; ', 'mse_2=0.001896; ', 'lpips_2=0.001058; ', 'codec_recon_2=0.043801; ', 'estimated_kb_2=1101.483765; ', 'bpp_2=0.304951; ']
aux step[185] ; loss/aux = 23591.130859
train step[186/5000] ; used: 3m:7s; eta: 1h:20m:20s; loss = 0.110722; ['mse_0=0.002378; ', 'lpips_0=0.001118; ', 'codec_recon_0=0.014298; ', 'estimated_kb_0=1116.846680; ', 'bpp_0=6.493295; ', 'mse_1=0.002126; ', 'lpips_1=0.000990; ', 'codec_recon_1=0.267644; ', 'estimated_kb_1=276.715179; ', 'bpp_1=0.321762; ', 'mse_2=0.002042; ', 'lpips_2=0.000925; ', 'codec_recon_2=0.055198; ', 'estimated_kb_2=1109.391113; ', 'bpp_2=0.307140; ']
aux step[186] ; loss/aux = 23591.128906
train step[187/5000] ; used: 3m:8s; eta: 1h:20m:19s; loss = 0.094549; ['mse_0=0.002095; ', 'lpips_0=0.000760; ', 'codec_recon_0=0.011636; ', 'estimated_kb_0=1122.106323; ', 'bpp_0=6.523874; ', 'mse_1=0.001861; ', 'lpips_1=0.000636; ', 'codec_recon_1=0.236227; ', 'estimated_kb_1=278.302032; ', 'bpp_1=0.323607; ', 'mse_2=0.001728; ', 'lpips_2=0.000542; ', 'codec_recon_2=0.041894; ', 'estimated_kb_2=1110.977905; ', 'bpp_2=0.307580; ']
aux step[187] ; loss/aux = 23591.128906
train step[188/5000] ; used: 3m:9s; eta: 1h:20m:18s; loss = 0.105792; ['mse_0=0.001980; ', 'lpips_0=0.000878; ', 'codec_recon_0=0.011823; ', 'estimated_kb_0=1126.005615; ', 'bpp_0=6.546544; ', 'mse_1=0.001531; ', 'lpips_1=0.000753; ', 'codec_recon_1=0.274494; ', 'estimated_kb_1=278.928955; ', 'bpp_1=0.324336; ', 'mse_2=0.001005; ', 'lpips_2=0.000532; ', 'codec_recon_2=0.044058; ', 'estimated_kb_2=1114.969849; ', 'bpp_2=0.308685; ']
aux step[188] ; loss/aux = 23591.128906
train step[189/5000] ; used: 3m:10s; eta: 1h:20m:17s; loss = 0.085138; ['mse_0=0.001188; ', 'lpips_0=0.000794; ', 'codec_recon_0=0.012859; ', 'estimated_kb_0=1106.078125; ', 'bpp_0=6.430687; ', 'mse_1=0.000865; ', 'lpips_1=0.000679; ', 'codec_recon_1=0.212083; ', 'estimated_kb_1=276.390900; ', 'bpp_1=0.321385; ', 'mse_2=0.000743; ', 'lpips_2=0.000593; ', 'codec_recon_2=0.042644; ', 'estimated_kb_2=1100.281860; ', 'bpp_2=0.304618; ']
aux step[189] ; loss/aux = 23591.126953
train step[190/5000] ; used: 3m:11s; eta: 1h:20m:16s; loss = 0.080407; ['mse_0=0.000583; ', 'lpips_0=0.000729; ', 'codec_recon_0=0.013845; ', 'estimated_kb_0=1099.177856; ', 'bpp_0=6.390569; ', 'mse_1=0.000371; ', 'lpips_1=0.000604; ', 'codec_recon_1=0.196297; ', 'estimated_kb_1=275.586365; ', 'bpp_1=0.320449; ', 'mse_2=0.000331; ', 'lpips_2=0.000556; ', 'codec_recon_2=0.047308; ', 'estimated_kb_2=1096.453369; ', 'bpp_2=0.303559; ']
aux step[190] ; loss/aux = 23591.126953
train step[191/5000] ; used: 3m:12s; eta: 1h:20m:15s; loss = 0.086210; ['mse_0=0.001276; ', 'lpips_0=0.000996; ', 'codec_recon_0=0.011588; ', 'estimated_kb_0=1089.391113; ', 'bpp_0=6.333669; ', 'mse_1=0.001151; ', 'lpips_1=0.000917; ', 'codec_recon_1=0.212135; ', 'estimated_kb_1=274.498749; ', 'bpp_1=0.319185; ', 'mse_2=0.001061; ', 'lpips_2=0.000833; ', 'codec_recon_2=0.042864; ', 'estimated_kb_2=1088.183228; ', 'bpp_2=0.301269; ']
aux step[191] ; loss/aux = 23591.125000
train step[192/5000] ; used: 3m:13s; eta: 1h:20m:14s; loss = 0.101668; ['mse_0=0.001011; ', 'lpips_0=0.000891; ', 'codec_recon_0=0.011366; ', 'estimated_kb_0=1097.891846; ', 'bpp_0=6.383092; ', 'mse_1=0.000795; ', 'lpips_1=0.000768; ', 'codec_recon_1=0.273263; ', 'estimated_kb_1=275.219910; ', 'bpp_1=0.320023; ', 'mse_2=0.000516; ', 'lpips_2=0.000602; ', 'codec_recon_2=0.038986; ', 'estimated_kb_2=1092.475342; ', 'bpp_2=0.302457; ']
aux step[192] ; loss/aux = 23591.125000
train step[193/5000] ; used: 3m:14s; eta: 1h:20m:13s; loss = 0.090735; ['mse_0=0.001348; ', 'lpips_0=0.001034; ', 'codec_recon_0=0.012465; ', 'estimated_kb_0=1110.618408; ', 'bpp_0=6.457083; ', 'mse_1=0.001238; ', 'lpips_1=0.000917; ', 'codec_recon_1=0.224093; ', 'estimated_kb_1=277.676758; ', 'bpp_1=0.322880; ', 'mse_2=0.001178; ', 'lpips_2=0.000833; ', 'codec_recon_2=0.044064; ', 'estimated_kb_2=1105.661011; ', 'bpp_2=0.306108; ']
aux step[193] ; loss/aux = 23591.123047
train step[194/5000] ; used: 3m:15s; eta: 1h:20m:12s; loss = 0.093963; ['mse_0=0.001259; ', 'lpips_0=0.000810; ', 'codec_recon_0=0.011946; ', 'estimated_kb_0=1107.571167; ', 'bpp_0=6.439367; ', 'mse_1=0.001064; ', 'lpips_1=0.000679; ', 'codec_recon_1=0.239062; ', 'estimated_kb_1=277.177307; ', 'bpp_1=0.322299; ', 'mse_2=0.000937; ', 'lpips_2=0.000561; ', 'codec_recon_2=0.044506; ', 'estimated_kb_2=1104.173828; ', 'bpp_2=0.305696; ']
aux step[194] ; loss/aux = 23591.123047
train step[195/5000] ; used: 3m:16s; eta: 1h:20m:11s; loss = 0.100394; ['mse_0=0.001224; ', 'lpips_0=0.000867; ', 'codec_recon_0=0.015703; ', 'estimated_kb_0=1108.694336; ', 'bpp_0=6.445897; ', 'mse_1=0.001170; ', 'lpips_1=0.000766; ', 'codec_recon_1=0.241509; ', 'estimated_kb_1=275.433624; ', 'bpp_1=0.320272; ', 'mse_2=0.001109; ', 'lpips_2=0.000702; ', 'codec_recon_2=0.057976; ', 'estimated_kb_2=1103.813477; ', 'bpp_2=0.305596; ']
aux step[195] ; loss/aux = 23591.123047
train step[196/5000] ; used: 3m:17s; eta: 1h:20m:10s; loss = 0.106702; ['mse_0=0.000901; ', 'lpips_0=0.000855; ', 'codec_recon_0=0.010839; ', 'estimated_kb_0=1115.011597; ', 'bpp_0=6.482625; ', 'mse_1=0.000717; ', 'lpips_1=0.000778; ', 'codec_recon_1=0.283677; ', 'estimated_kb_1=276.764404; ', 'bpp_1=0.321819; ', 'mse_2=0.000452; ', 'lpips_2=0.000560; ', 'codec_recon_2=0.046944; ', 'estimated_kb_2=1105.423096; ', 'bpp_2=0.306042; ']
aux step[196] ; loss/aux = 23591.123047
train step[197/5000] ; used: 3m:18s; eta: 1h:20m:8s; loss = 0.086826; ['mse_0=0.000408; ', 'lpips_0=0.000708; ', 'codec_recon_0=0.012785; ', 'estimated_kb_0=1111.041382; ', 'bpp_0=6.459543; ', 'mse_1=0.000301; ', 'lpips_1=0.000570; ', 'codec_recon_1=0.218499; ', 'estimated_kb_1=276.480743; ', 'bpp_1=0.321489; ', 'mse_2=0.000235; ', 'lpips_2=0.000489; ', 'codec_recon_2=0.049101; ', 'estimated_kb_2=1103.321777; ', 'bpp_2=0.305460; ']
aux step[197] ; loss/aux = 23591.123047
train step[198/5000] ; used: 3m:19s; eta: 1h:20m:8s; loss = 0.114535; ['mse_0=0.002090; ', 'lpips_0=0.001216; ', 'codec_recon_0=0.012968; ', 'estimated_kb_0=1122.103394; ', 'bpp_0=6.523857; ', 'mse_1=0.001728; ', 'lpips_1=0.001034; ', 'codec_recon_1=0.296050; ', 'estimated_kb_1=277.747711; ', 'bpp_1=0.322962; ', 'mse_2=0.001471; ', 'lpips_2=0.000835; ', 'codec_recon_2=0.044848; ', 'estimated_kb_2=1111.241577; ', 'bpp_2=0.307653; ']
aux step[198] ; loss/aux = 23591.121094
train step[199/5000] ; used: 3m:20s; eta: 1h:20m:6s; loss = 0.101369; ['mse_0=0.001916; ', 'lpips_0=0.000922; ', 'codec_recon_0=0.013773; ', 'estimated_kb_0=1109.302979; ', 'bpp_0=6.449436; ', 'mse_1=0.001708; ', 'lpips_1=0.000778; ', 'codec_recon_1=0.255385; ', 'estimated_kb_1=276.834595; ', 'bpp_1=0.321901; ', 'mse_2=0.001598; ', 'lpips_2=0.000698; ', 'codec_recon_2=0.043333; ', 'estimated_kb_2=1100.517334; ', 'bpp_2=0.304684; ']
aux step[199] ; loss/aux = 23591.119141
train step[200/5000] ; used: 3m:21s; eta: 1h:20m:5s; loss = 0.100861; ['mse_0=0.002373; ', 'lpips_0=0.000933; ', 'codec_recon_0=0.014029; ', 'estimated_kb_0=1125.090332; ', 'bpp_0=6.541223; ', 'mse_1=0.002239; ', 'lpips_1=0.000797; ', 'codec_recon_1=0.250289; ', 'estimated_kb_1=278.491241; ', 'bpp_1=0.323827; ', 'mse_2=0.002117; ', 'lpips_2=0.000692; ', 'codec_recon_2=0.041382; ', 'estimated_kb_2=1112.928589; ', 'bpp_2=0.308120; ']
aux step[200] ; loss/aux = 23591.117188
train step[201/5000] ; used: 3m:22s; eta: 1h:20m:4s; loss = 0.128501; ['mse_0=0.003259; ', 'lpips_0=0.001832; ', 'codec_recon_0=0.014558; ', 'estimated_kb_0=1129.786377; ', 'bpp_0=6.568525; ', 'mse_1=0.002948; ', 'lpips_1=0.001696; ', 'codec_recon_1=0.320833; ', 'estimated_kb_1=279.116364; ', 'bpp_1=0.324554; ', 'mse_2=0.002777; ', 'lpips_2=0.001487; ', 'codec_recon_2=0.046284; ', 'estimated_kb_2=1118.811646; ', 'bpp_2=0.309749; ']
aux step[201] ; loss/aux = 23591.117188
train step[202/5000] ; used: 3m:23s; eta: 1h:20m:3s; loss = 0.096152; ['mse_0=0.001141; ', 'lpips_0=0.000828; ', 'codec_recon_0=0.011486; ', 'estimated_kb_0=1113.973633; ', 'bpp_0=6.476591; ', 'mse_1=0.000917; ', 'lpips_1=0.000711; ', 'codec_recon_1=0.253209; ', 'estimated_kb_1=277.212036; ', 'bpp_1=0.322340; ', 'mse_2=0.000703; ', 'lpips_2=0.000588; ', 'codec_recon_2=0.039517; ', 'estimated_kb_2=1105.824707; ', 'bpp_2=0.306153; ']
aux step[202] ; loss/aux = 23591.117188
train step[203/5000] ; used: 3m:24s; eta: 1h:20m:2s; loss = 0.086758; ['mse_0=0.000846; ', 'lpips_0=0.000735; ', 'codec_recon_0=0.011669; ', 'estimated_kb_0=1104.121826; ', 'bpp_0=6.419312; ', 'mse_1=0.000642; ', 'lpips_1=0.000613; ', 'codec_recon_1=0.223399; ', 'estimated_kb_1=276.669983; ', 'bpp_1=0.321709; ', 'mse_2=0.000534; ', 'lpips_2=0.000506; ', 'codec_recon_2=0.041202; ', 'estimated_kb_2=1098.800171; ', 'bpp_2=0.304208; ']
aux step[203] ; loss/aux = 23591.117188
train step[204/5000] ; used: 3m:25s; eta: 1h:20m:2s; loss = 0.093107; ['mse_0=0.000796; ', 'lpips_0=0.000791; ', 'codec_recon_0=0.013029; ', 'estimated_kb_0=1102.783447; ', 'bpp_0=6.411531; ', 'mse_1=0.000646; ', 'lpips_1=0.000669; ', 'codec_recon_1=0.236800; ', 'estimated_kb_1=275.773956; ', 'bpp_1=0.320667; ', 'mse_2=0.000563; ', 'lpips_2=0.000587; ', 'codec_recon_2=0.047022; ', 'estimated_kb_2=1098.231812; ', 'bpp_2=0.304051; ']
aux step[204] ; loss/aux = 23591.117188
train step[205/5000] ; used: 3m:26s; eta: 1h:20m:1s; loss = 0.099808; ['mse_0=0.001375; ', 'lpips_0=0.000729; ', 'codec_recon_0=0.014328; ', 'estimated_kb_0=1122.868652; ', 'bpp_0=6.528306; ', 'mse_1=0.001118; ', 'lpips_1=0.000590; ', 'codec_recon_1=0.258082; ', 'estimated_kb_1=278.322845; ', 'bpp_1=0.323631; ', 'mse_2=0.000945; ', 'lpips_2=0.000493; ', 'codec_recon_2=0.042785; ', 'estimated_kb_2=1111.144287; ', 'bpp_2=0.307626; ']
aux step[205] ; loss/aux = 23591.113281
train step[206/5000] ; used: 3m:27s; eta: 1h:19m:59s; loss = 0.089989; ['mse_0=0.001301; ', 'lpips_0=0.000836; ', 'codec_recon_0=0.014268; ', 'estimated_kb_0=1119.973022; ', 'bpp_0=6.511471; ', 'mse_1=0.001112; ', 'lpips_1=0.000710; ', 'codec_recon_1=0.224864; ', 'estimated_kb_1=277.923096; ', 'bpp_1=0.323166; ', 'mse_2=0.000986; ', 'lpips_2=0.000617; ', 'codec_recon_2=0.042287; ', 'estimated_kb_2=1107.737061; ', 'bpp_2=0.306682; ']
aux step[206] ; loss/aux = 23591.113281
train step[207/5000] ; used: 3m:28s; eta: 1h:19m:58s; loss = 0.087257; ['mse_0=0.001288; ', 'lpips_0=0.000763; ', 'codec_recon_0=0.012898; ', 'estimated_kb_0=1098.318970; ', 'bpp_0=6.385575; ', 'mse_1=0.001009; ', 'lpips_1=0.000636; ', 'codec_recon_1=0.219734; ', 'estimated_kb_1=275.797302; ', 'bpp_1=0.320695; ', 'mse_2=0.000872; ', 'lpips_2=0.000568; ', 'codec_recon_2=0.041103; ', 'estimated_kb_2=1095.873413; ', 'bpp_2=0.303398; ']
aux step[207] ; loss/aux = 23591.113281
train step[208/5000] ; used: 3m:29s; eta: 1h:19m:58s; loss = 0.096849; ['mse_0=0.001604; ', 'lpips_0=0.000794; ', 'codec_recon_0=0.013832; ', 'estimated_kb_0=1115.673584; ', 'bpp_0=6.486475; ', 'mse_1=0.001218; ', 'lpips_1=0.000669; ', 'codec_recon_1=0.248590; ', 'estimated_kb_1=278.000885; ', 'bpp_1=0.323257; ', 'mse_2=0.001018; ', 'lpips_2=0.000569; ', 'codec_recon_2=0.040831; ', 'estimated_kb_2=1104.927002; ', 'bpp_2=0.305905; ']
aux step[208] ; loss/aux = 23591.111328
train step[209/5000] ; used: 3m:30s; eta: 1h:19m:57s; loss = 0.093670; ['mse_0=0.001250; ', 'lpips_0=0.000784; ', 'codec_recon_0=0.012518; ', 'estimated_kb_0=1116.654419; ', 'bpp_0=6.492177; ', 'mse_1=0.001003; ', 'lpips_1=0.000641; ', 'codec_recon_1=0.241096; ', 'estimated_kb_1=277.399048; ', 'bpp_1=0.322557; ', 'mse_2=0.000819; ', 'lpips_2=0.000516; ', 'codec_recon_2=0.041906; ', 'estimated_kb_2=1108.698975; ', 'bpp_2=0.306949; ']
aux step[209] ; loss/aux = 23591.111328
train step[210/5000] ; used: 3m:31s; eta: 1h:19m:56s; loss = 0.095335; ['mse_0=0.000518; ', 'lpips_0=0.000685; ', 'codec_recon_0=0.013158; ', 'estimated_kb_0=1109.565796; ', 'bpp_0=6.450964; ', 'mse_1=0.000386; ', 'lpips_1=0.000561; ', 'codec_recon_1=0.246480; ', 'estimated_kb_1=276.061554; ', 'bpp_1=0.321002; ', 'mse_2=0.000293; ', 'lpips_2=0.000465; ', 'codec_recon_2=0.048453; ', 'estimated_kb_2=1102.153809; ', 'bpp_2=0.305137; ']
aux step[210] ; loss/aux = 23591.111328
train step[211/5000] ; used: 3m:32s; eta: 1h:19m:55s; loss = 0.080084; ['mse_0=0.001270; ', 'lpips_0=0.000642; ', 'codec_recon_0=0.011631; ', 'estimated_kb_0=1119.583496; ', 'bpp_0=6.509206; ', 'mse_1=0.000881; ', 'lpips_1=0.000521; ', 'codec_recon_1=0.201898; ', 'estimated_kb_1=277.942596; ', 'bpp_1=0.323189; ', 'mse_2=0.000628; ', 'lpips_2=0.000441; ', 'codec_recon_2=0.038808; ', 'estimated_kb_2=1101.690308; ', 'bpp_2=0.305008; ']
aux step[211] ; loss/aux = 23591.109375
train step[212/5000] ; used: 3m:33s; eta: 1h:19m:53s; loss = 0.103980; ['mse_0=0.001554; ', 'lpips_0=0.000801; ', 'codec_recon_0=0.011877; ', 'estimated_kb_0=1120.045044; ', 'bpp_0=6.511890; ', 'mse_1=0.001249; ', 'lpips_1=0.000683; ', 'codec_recon_1=0.275217; ', 'estimated_kb_1=278.971741; ', 'bpp_1=0.324386; ', 'mse_2=0.000937; ', 'lpips_2=0.000542; ', 'codec_recon_2=0.040287; ', 'estimated_kb_2=1108.945801; ', 'bpp_2=0.307017; ']
aux step[212] ; loss/aux = 23591.109375
train step[213/5000] ; used: 3m:34s; eta: 1h:19m:52s; loss = 0.085517; ['mse_0=0.000411; ', 'lpips_0=0.000641; ', 'codec_recon_0=0.011395; ', 'estimated_kb_0=1094.678467; ', 'bpp_0=6.364410; ', 'mse_1=0.000296; ', 'lpips_1=0.000523; ', 'codec_recon_1=0.225211; ', 'estimated_kb_1=275.319397; ', 'bpp_1=0.320139; ', 'mse_2=0.000209; ', 'lpips_2=0.000446; ', 'codec_recon_2=0.040029; ', 'estimated_kb_2=1092.253418; ', 'bpp_2=0.302396; ']
aux step[213] ; loss/aux = 23591.109375
train step[214/5000] ; used: 3m:35s; eta: 1h:19m:51s; loss = 0.104766; ['mse_0=0.001035; ', 'lpips_0=0.001032; ', 'codec_recon_0=0.012797; ', 'estimated_kb_0=1115.625610; ', 'bpp_0=6.486195; ', 'mse_1=0.000902; ', 'lpips_1=0.000935; ', 'codec_recon_1=0.269997; ', 'estimated_kb_1=276.478729; ', 'bpp_1=0.321487; ', 'mse_2=0.000786; ', 'lpips_2=0.000832; ', 'codec_recon_2=0.048019; ', 'estimated_kb_2=1107.342407; ', 'bpp_2=0.306573; ']
aux step[214] ; loss/aux = 23591.107422
train step[215/5000] ; used: 3m:36s; eta: 1h:19m:50s; loss = 0.092695; ['mse_0=0.001036; ', 'lpips_0=0.000667; ', 'codec_recon_0=0.012544; ', 'estimated_kb_0=1117.051392; ', 'bpp_0=6.494485; ', 'mse_1=0.000838; ', 'lpips_1=0.000571; ', 'codec_recon_1=0.236554; ', 'estimated_kb_1=277.523224; ', 'bpp_1=0.322701; ', 'mse_2=0.000712; ', 'lpips_2=0.000498; ', 'codec_recon_2=0.045477; ', 'estimated_kb_2=1108.036011; ', 'bpp_2=0.306765; ']
aux step[215] ; loss/aux = 23591.105469
train step[216/5000] ; used: 3m:37s; eta: 1h:19m:50s; loss = 0.107215; ['mse_0=0.001606; ', 'lpips_0=0.000783; ', 'codec_recon_0=0.015224; ', 'estimated_kb_0=1117.170410; ', 'bpp_0=6.495176; ', 'mse_1=0.001289; ', 'lpips_1=0.000632; ', 'codec_recon_1=0.281174; ', 'estimated_kb_1=277.499878; ', 'bpp_1=0.322674; ', 'mse_2=0.001106; ', 'lpips_2=0.000508; ', 'codec_recon_2=0.041235; ', 'estimated_kb_2=1106.770508; ', 'bpp_2=0.306415; ']
aux step[216] ; loss/aux = 23591.105469
train step[217/5000] ; used: 3m:38s; eta: 1h:19m:49s; loss = 0.081709; ['mse_0=0.000994; ', 'lpips_0=0.000776; ', 'codec_recon_0=0.010906; ', 'estimated_kb_0=1104.236816; ', 'bpp_0=6.419982; ', 'mse_1=0.000786; ', 'lpips_1=0.000669; ', 'codec_recon_1=0.206648; ', 'estimated_kb_1=276.651764; ', 'bpp_1=0.321688; ', 'mse_2=0.000692; ', 'lpips_2=0.000617; ', 'codec_recon_2=0.039696; ', 'estimated_kb_2=1099.263550; ', 'bpp_2=0.304337; ']
aux step[217] ; loss/aux = 23591.105469
train step[218/5000] ; used: 3m:39s; eta: 1h:19m:48s; loss = 0.095001; ['mse_0=0.000490; ', 'lpips_0=0.000588; ', 'codec_recon_0=0.011711; ', 'estimated_kb_0=1118.109375; ', 'bpp_0=6.500636; ', 'mse_1=0.000344; ', 'lpips_1=0.000461; ', 'codec_recon_1=0.249746; ', 'estimated_kb_1=276.944672; ', 'bpp_1=0.322029; ', 'mse_2=0.000254; ', 'lpips_2=0.000365; ', 'codec_recon_2=0.046875; ', 'estimated_kb_2=1104.563965; ', 'bpp_2=0.305804; ']
aux step[218] ; loss/aux = 23591.103516
train step[219/5000] ; used: 3m:40s; eta: 1h:19m:47s; loss = 0.085387; ['mse_0=0.001013; ', 'lpips_0=0.000841; ', 'codec_recon_0=0.013573; ', 'estimated_kb_0=1106.760254; ', 'bpp_0=6.434653; ', 'mse_1=0.000857; ', 'lpips_1=0.000747; ', 'codec_recon_1=0.209608; ', 'estimated_kb_1=276.198486; ', 'bpp_1=0.321161; ', 'mse_2=0.000852; ', 'lpips_2=0.000710; ', 'codec_recon_2=0.044708; ', 'estimated_kb_2=1099.492676; ', 'bpp_2=0.304400; ']
aux step[219] ; loss/aux = 23591.101562
train step[220/5000] ; used: 3m:41s; eta: 1h:19m:46s; loss = 0.099940; ['mse_0=0.001951; ', 'lpips_0=0.000885; ', 'codec_recon_0=0.011427; ', 'estimated_kb_0=1122.991699; ', 'bpp_0=6.529022; ', 'mse_1=0.001751; ', 'lpips_1=0.000787; ', 'codec_recon_1=0.255191; ', 'estimated_kb_1=277.486359; ', 'bpp_1=0.322659; ', 'mse_2=0.001525; ', 'lpips_2=0.000686; ', 'codec_recon_2=0.041229; ', 'estimated_kb_2=1111.038330; ', 'bpp_2=0.307596; ']
aux step[220] ; loss/aux = 23591.101562
train step[221/5000] ; used: 3m:42s; eta: 1h:19m:45s; loss = 0.082391; ['mse_0=0.000946; ', 'lpips_0=0.000642; ', 'codec_recon_0=0.011261; ', 'estimated_kb_0=1116.706665; ', 'bpp_0=6.492481; ', 'mse_1=0.000739; ', 'lpips_1=0.000532; ', 'codec_recon_1=0.212791; ', 'estimated_kb_1=278.156494; ', 'bpp_1=0.323438; ', 'mse_2=0.000569; ', 'lpips_2=0.000434; ', 'codec_recon_2=0.037714; ', 'estimated_kb_2=1108.700928; ', 'bpp_2=0.306949; ']
aux step[221] ; loss/aux = 23591.101562
train step[222/5000] ; used: 3m:43s; eta: 1h:19m:44s; loss = 0.120365; ['mse_0=0.001896; ', 'lpips_0=0.001182; ', 'codec_recon_0=0.014148; ', 'estimated_kb_0=1122.050659; ', 'bpp_0=6.523551; ', 'mse_1=0.001773; ', 'lpips_1=0.001048; ', 'codec_recon_1=0.307119; ', 'estimated_kb_1=277.161316; ', 'bpp_1=0.322281; ', 'mse_2=0.001641; ', 'lpips_2=0.000917; ', 'codec_recon_2=0.051760; ', 'estimated_kb_2=1111.853882; ', 'bpp_2=0.307822; ']
aux step[222] ; loss/aux = 23591.101562
train step[223/5000] ; used: 3m:44s; eta: 1h:19m:43s; loss = 0.089243; ['mse_0=0.001126; ', 'lpips_0=0.000844; ', 'codec_recon_0=0.013383; ', 'estimated_kb_0=1111.547607; ', 'bpp_0=6.462486; ', 'mse_1=0.000954; ', 'lpips_1=0.000727; ', 'codec_recon_1=0.221889; ', 'estimated_kb_1=276.908905; ', 'bpp_1=0.321987; ', 'mse_2=0.000848; ', 'lpips_2=0.000644; ', 'codec_recon_2=0.045058; ', 'estimated_kb_2=1104.838989; ', 'bpp_2=0.305880; ']
aux step[223] ; loss/aux = 23591.101562
train step[224/5000] ; used: 3m:45s; eta: 1h:19m:42s; loss = 0.088675; ['mse_0=0.001550; ', 'lpips_0=0.000783; ', 'codec_recon_0=0.011764; ', 'estimated_kb_0=1125.731812; ', 'bpp_0=6.544952; ', 'mse_1=0.001380; ', 'lpips_1=0.000651; ', 'codec_recon_1=0.218497; ', 'estimated_kb_1=278.649200; ', 'bpp_1=0.324011; ', 'mse_2=0.001287; ', 'lpips_2=0.000579; ', 'codec_recon_2=0.044555; ', 'estimated_kb_2=1111.759277; ', 'bpp_2=0.307796; ']
aux step[224] ; loss/aux = 23591.099609
train step[225/5000] ; used: 3m:46s; eta: 1h:19m:40s; loss = 0.083397; ['mse_0=0.000597; ', 'lpips_0=0.000732; ', 'codec_recon_0=0.010676; ', 'estimated_kb_0=1108.413208; ', 'bpp_0=6.444263; ', 'mse_1=0.000458; ', 'lpips_1=0.000601; ', 'codec_recon_1=0.213546; ', 'estimated_kb_1=276.761627; ', 'bpp_1=0.321816; ', 'mse_2=0.000361; ', 'lpips_2=0.000510; ', 'codec_recon_2=0.042906; ', 'estimated_kb_2=1102.961548; ', 'bpp_2=0.305360; ']
aux step[225] ; loss/aux = 23591.099609
train step[226/5000] ; used: 3m:47s; eta: 1h:19m:39s; loss = 0.097827; ['mse_0=0.001330; ', 'lpips_0=0.000726; ', 'codec_recon_0=0.013133; ', 'estimated_kb_0=1124.024048; ', 'bpp_0=6.535023; ', 'mse_1=0.001073; ', 'lpips_1=0.000596; ', 'codec_recon_1=0.251699; ', 'estimated_kb_1=277.926483; ', 'bpp_1=0.323170; ', 'mse_2=0.000910; ', 'lpips_2=0.000501; ', 'codec_recon_2=0.044141; ', 'estimated_kb_2=1110.088257; ', 'bpp_2=0.307333; ']
aux step[226] ; loss/aux = 23591.097656
train step[227/5000] ; used: 3m:48s; eta: 1h:19m:38s; loss = 0.093655; ['mse_0=0.001035; ', 'lpips_0=0.000783; ', 'codec_recon_0=0.014747; ', 'estimated_kb_0=1121.213135; ', 'bpp_0=6.518682; ', 'mse_1=0.000848; ', 'lpips_1=0.000617; ', 'codec_recon_1=0.234659; ', 'estimated_kb_1=277.465790; ', 'bpp_1=0.322635; ', 'mse_2=0.000790; ', 'lpips_2=0.000534; ', 'codec_recon_2=0.047417; ', 'estimated_kb_2=1110.673584; ', 'bpp_2=0.307495; ']
aux step[227] ; loss/aux = 23591.097656
train step[228/5000] ; used: 3m:49s; eta: 1h:19m:38s; loss = 0.096743; ['mse_0=0.000679; ', 'lpips_0=0.000831; ', 'codec_recon_0=0.012630; ', 'estimated_kb_0=1121.170532; ', 'bpp_0=6.518433; ', 'mse_1=0.000525; ', 'lpips_1=0.000672; ', 'codec_recon_1=0.242771; ', 'estimated_kb_1=277.381897; ', 'bpp_1=0.322537; ', 'mse_2=0.000455; ', 'lpips_2=0.000582; ', 'codec_recon_2=0.054592; ', 'estimated_kb_2=1108.730103; ', 'bpp_2=0.306957; ']
aux step[228] ; loss/aux = 23591.097656
train step[229/5000] ; used: 3m:50s; eta: 1h:19m:37s; loss = 0.088793; ['mse_0=0.000838; ', 'lpips_0=0.000718; ', 'codec_recon_0=0.011978; ', 'estimated_kb_0=1115.222778; ', 'bpp_0=6.483854; ', 'mse_1=0.000692; ', 'lpips_1=0.000604; ', 'codec_recon_1=0.222589; ', 'estimated_kb_1=277.615234; ', 'bpp_1=0.322808; ', 'mse_2=0.000665; ', 'lpips_2=0.000560; ', 'codec_recon_2=0.047819; ', 'estimated_kb_2=1106.939331; ', 'bpp_2=0.306462; ']
aux step[229] ; loss/aux = 23591.095703
train step[230/5000] ; used: 3m:51s; eta: 1h:19m:35s; loss = 0.093389; ['mse_0=0.001551; ', 'lpips_0=0.000753; ', 'codec_recon_0=0.012407; ', 'estimated_kb_0=1107.569092; ', 'bpp_0=6.439355; ', 'mse_1=0.001177; ', 'lpips_1=0.000619; ', 'codec_recon_1=0.236333; ', 'estimated_kb_1=276.262482; ', 'bpp_1=0.321235; ', 'mse_2=0.000959; ', 'lpips_2=0.000531; ', 'codec_recon_2=0.043921; ', 'estimated_kb_2=1101.736206; ', 'bpp_2=0.305021; ']
aux step[230] ; loss/aux = 23591.095703
train step[231/5000] ; used: 3m:52s; eta: 1h:19m:34s; loss = 0.088824; ['mse_0=0.001609; ', 'lpips_0=0.000828; ', 'codec_recon_0=0.012778; ', 'estimated_kb_0=1107.423950; ', 'bpp_0=6.438511; ', 'mse_1=0.001482; ', 'lpips_1=0.000736; ', 'codec_recon_1=0.214090; ', 'estimated_kb_1=276.008881; ', 'bpp_1=0.320941; ', 'mse_2=0.001444; ', 'lpips_2=0.000694; ', 'codec_recon_2=0.046568; ', 'estimated_kb_2=1099.315063; ', 'bpp_2=0.304351; ']
aux step[231] ; loss/aux = 23591.093750
train step[232/5000] ; used: 3m:53s; eta: 1h:19m:32s; loss = 0.115600; ['mse_0=0.007153; ', 'lpips_0=0.001478; ', 'codec_recon_0=0.015942; ', 'estimated_kb_0=1098.946533; ', 'bpp_0=6.389224; ', 'mse_1=0.007097; ', 'lpips_1=0.001394; ', 'codec_recon_1=0.238184; ', 'estimated_kb_1=276.597198; ', 'bpp_1=0.321625; ', 'mse_2=0.007105; ', 'lpips_2=0.001322; ', 'codec_recon_2=0.046042; ', 'estimated_kb_2=1099.199219; ', 'bpp_2=0.304319; ']
aux step[232] ; loss/aux = 23591.093750
train step[233/5000] ; used: 3m:54s; eta: 1h:19m:31s; loss = 0.085072; ['mse_0=0.000913; ', 'lpips_0=0.000820; ', 'codec_recon_0=0.013682; ', 'estimated_kb_0=1090.920898; ', 'bpp_0=6.342563; ', 'mse_1=0.000743; ', 'lpips_1=0.000686; ', 'codec_recon_1=0.212434; ', 'estimated_kb_1=274.878143; ', 'bpp_1=0.319626; ', 'mse_2=0.000623; ', 'lpips_2=0.000609; ', 'codec_recon_2=0.042812; ', 'estimated_kb_2=1092.344238; ', 'bpp_2=0.302421; ']
aux step[233] ; loss/aux = 23591.091797
train step[234/5000] ; used: 3m:55s; eta: 1h:19m:31s; loss = 0.090063; ['mse_0=0.001263; ', 'lpips_0=0.000755; ', 'codec_recon_0=0.014507; ', 'estimated_kb_0=1098.584961; ', 'bpp_0=6.387122; ', 'mse_1=0.000974; ', 'lpips_1=0.000617; ', 'codec_recon_1=0.227677; ', 'estimated_kb_1=275.923492; ', 'bpp_1=0.320841; ', 'mse_2=0.000808; ', 'lpips_2=0.000510; ', 'codec_recon_2=0.041602; ', 'estimated_kb_2=1095.747070; ', 'bpp_2=0.303363; ']
aux step[234] ; loss/aux = 23591.091797
train step[235/5000] ; used: 3m:56s; eta: 1h:19m:30s; loss = 0.128451; ['mse_0=0.001681; ', 'lpips_0=0.001562; ', 'codec_recon_0=0.013746; ', 'estimated_kb_0=1138.227051; ', 'bpp_0=6.617599; ', 'mse_1=0.001313; ', 'lpips_1=0.001371; ', 'codec_recon_1=0.341037; ', 'estimated_kb_1=279.285767; ', 'bpp_1=0.324751; ', 'mse_2=0.001033; ', 'lpips_2=0.001131; ', 'codec_recon_2=0.046414; ', 'estimated_kb_2=1123.418091; ', 'bpp_2=0.311024; ']
aux step[235] ; loss/aux = 23591.089844
train step[236/5000] ; used: 3m:57s; eta: 1h:19m:35s; loss = 0.103137; ['mse_0=0.001065; ', 'lpips_0=0.000889; ', 'codec_recon_0=0.015059; ', 'estimated_kb_0=1120.464844; ', 'bpp_0=6.514331; ', 'mse_1=0.000948; ', 'lpips_1=0.000753; ', 'codec_recon_1=0.260396; ', 'estimated_kb_1=276.139893; ', 'bpp_1=0.321093; ', 'mse_2=0.000896; ', 'lpips_2=0.000695; ', 'codec_recon_2=0.050844; ', 'estimated_kb_2=1106.147339; ', 'bpp_2=0.306242; ']
aux step[236] ; loss/aux = 23591.089844
train step[237/5000] ; used: 3m:58s; eta: 1h:19m:34s; loss = 0.098779; ['mse_0=0.001835; ', 'lpips_0=0.000966; ', 'codec_recon_0=0.012424; ', 'estimated_kb_0=1117.441162; ', 'bpp_0=6.496751; ', 'mse_1=0.001567; ', 'lpips_1=0.000814; ', 'codec_recon_1=0.250243; ', 'estimated_kb_1=277.526428; ', 'bpp_1=0.322705; ', 'mse_2=0.001397; ', 'lpips_2=0.000713; ', 'codec_recon_2=0.042291; ', 'estimated_kb_2=1107.014648; ', 'bpp_2=0.306482; ']
aux step[237] ; loss/aux = 23591.089844
train step[238/5000] ; used: 3m:59s; eta: 1h:19m:33s; loss = 0.097292; ['mse_0=0.002549; ', 'lpips_0=0.001188; ', 'codec_recon_0=0.013226; ', 'estimated_kb_0=1116.570801; ', 'bpp_0=6.491691; ', 'mse_1=0.002464; ', 'lpips_1=0.001114; ', 'codec_recon_1=0.226376; ', 'estimated_kb_1=277.881317; ', 'bpp_1=0.323118; ', 'mse_2=0.002414; ', 'lpips_2=0.001053; ', 'codec_recon_2=0.048764; ', 'estimated_kb_2=1108.328369; ', 'bpp_2=0.306846; ']
aux step[238] ; loss/aux = 23591.089844
train step[239/5000] ; used: 4m; eta: 1h:19m:32s; loss = 0.116313; ['mse_0=0.002433; ', 'lpips_0=0.001357; ', 'codec_recon_0=0.013503; ', 'estimated_kb_0=1129.373047; ', 'bpp_0=6.566123; ', 'mse_1=0.002180; ', 'lpips_1=0.001219; ', 'codec_recon_1=0.294972; ', 'estimated_kb_1=278.512512; ', 'bpp_1=0.323852; ', 'mse_2=0.001833; ', 'lpips_2=0.001018; ', 'codec_recon_2=0.045765; ', 'estimated_kb_2=1116.587891; ', 'bpp_2=0.309133; ']
aux step[239] ; loss/aux = 23591.085938
train step[240/5000] ; used: 4m:1s; eta: 1h:19m:30s; loss = 0.080777; ['mse_0=0.000438; ', 'lpips_0=0.000689; ', 'codec_recon_0=0.014062; ', 'estimated_kb_0=1103.744385; ', 'bpp_0=6.417119; ', 'mse_1=0.000315; ', 'lpips_1=0.000588; ', 'codec_recon_1=0.198311; ', 'estimated_kb_1=274.907837; ', 'bpp_1=0.319660; ', 'mse_2=0.000300; ', 'lpips_2=0.000563; ', 'codec_recon_2=0.047243; ', 'estimated_kb_2=1099.832397; ', 'bpp_2=0.304494; ']
aux step[240] ; loss/aux = 23591.085938
train step[241/5000] ; used: 4m:2s; eta: 1h:19m:30s; loss = 0.087234; ['mse_0=0.001157; ', 'lpips_0=0.000765; ', 'codec_recon_0=0.011973; ', 'estimated_kb_0=1107.725952; ', 'bpp_0=6.440267; ', 'mse_1=0.001009; ', 'lpips_1=0.000665; ', 'codec_recon_1=0.214613; ', 'estimated_kb_1=276.299988; ', 'bpp_1=0.321279; ', 'mse_2=0.000983; ', 'lpips_2=0.000614; ', 'codec_recon_2=0.046885; ', 'estimated_kb_2=1102.513672; ', 'bpp_2=0.305236; ']
aux step[241] ; loss/aux = 23591.085938
train step[242/5000] ; used: 4m:3s; eta: 1h:19m:29s; loss = 0.098903; ['mse_0=0.003145; ', 'lpips_0=0.001280; ', 'codec_recon_0=0.012014; ', 'estimated_kb_0=1116.525146; ', 'bpp_0=6.491426; ', 'mse_1=0.002321; ', 'lpips_1=0.001141; ', 'codec_recon_1=0.235800; ', 'estimated_kb_1=277.632385; ', 'bpp_1=0.322828; ', 'mse_2=0.002096; ', 'lpips_2=0.001036; ', 'codec_recon_2=0.045130; ', 'estimated_kb_2=1108.903687; ', 'bpp_2=0.307005; ']
aux step[242] ; loss/aux = 23591.085938
train step[243/5000] ; used: 4m:4s; eta: 1h:19m:28s; loss = 0.096293; ['mse_0=0.002273; ', 'lpips_0=0.000762; ', 'codec_recon_0=0.010858; ', 'estimated_kb_0=1125.016479; ', 'bpp_0=6.540793; ', 'mse_1=0.001923; ', 'lpips_1=0.000627; ', 'codec_recon_1=0.248416; ', 'estimated_kb_1=278.753662; ', 'bpp_1=0.324132; ', 'mse_2=0.001595; ', 'lpips_2=0.000494; ', 'codec_recon_2=0.036120; ', 'estimated_kb_2=1112.062012; ', 'bpp_2=0.307880; ']
aux step[243] ; loss/aux = 23591.085938
train step[244/5000] ; used: 4m:5s; eta: 1h:19m:27s; loss = 0.116923; ['mse_0=0.002937; ', 'lpips_0=0.001272; ', 'codec_recon_0=0.011932; ', 'estimated_kb_0=1125.973877; ', 'bpp_0=6.546360; ', 'mse_1=0.002683; ', 'lpips_1=0.001151; ', 'codec_recon_1=0.293571; ', 'estimated_kb_1=278.237823; ', 'bpp_1=0.323532; ', 'mse_2=0.002516; ', 'lpips_2=0.000997; ', 'codec_recon_2=0.045720; ', 'estimated_kb_2=1113.339355; ', 'bpp_2=0.308233; ']
aux step[244] ; loss/aux = 23591.085938
train step[245/5000] ; used: 4m:6s; eta: 1h:19m:26s; loss = 0.090880; ['mse_0=0.000880; ', 'lpips_0=0.000697; ', 'codec_recon_0=0.011671; ', 'estimated_kb_0=1116.759766; ', 'bpp_0=6.492790; ', 'mse_1=0.000667; ', 'lpips_1=0.000563; ', 'codec_recon_1=0.232656; ', 'estimated_kb_1=276.582703; ', 'bpp_1=0.321608; ', 'mse_2=0.000572; ', 'lpips_2=0.000466; ', 'codec_recon_2=0.045789; ', 'estimated_kb_2=1107.125488; ', 'bpp_2=0.306513; ']
aux step[245] ; loss/aux = 23591.082031
train step[246/5000] ; used: 4m:7s; eta: 1h:19m:25s; loss = 0.089704; ['mse_0=0.001007; ', 'lpips_0=0.000829; ', 'codec_recon_0=0.017569; ', 'estimated_kb_0=1106.755249; ', 'bpp_0=6.434624; ', 'mse_1=0.000899; ', 'lpips_1=0.000690; ', 'codec_recon_1=0.212105; ', 'estimated_kb_1=276.571777; ', 'bpp_1=0.321595; ', 'mse_2=0.000870; ', 'lpips_2=0.000639; ', 'codec_recon_2=0.052894; ', 'estimated_kb_2=1102.228760; ', 'bpp_2=0.305157; ']
aux step[246] ; loss/aux = 23591.082031
train step[247/5000] ; used: 4m:8s; eta: 1h:19m:24s; loss = 0.086824; ['mse_0=0.000629; ', 'lpips_0=0.000843; ', 'codec_recon_0=0.015847; ', 'estimated_kb_0=1107.661621; ', 'bpp_0=6.439893; ', 'mse_1=0.000538; ', 'lpips_1=0.000728; ', 'codec_recon_1=0.210795; ', 'estimated_kb_1=275.911255; ', 'bpp_1=0.320827; ', 'mse_2=0.000479; ', 'lpips_2=0.000677; ', 'codec_recon_2=0.049790; ', 'estimated_kb_2=1105.024048; ', 'bpp_2=0.305931; ']
aux step[247] ; loss/aux = 23591.080078
train step[248/5000] ; used: 4m:9s; eta: 1h:19m:23s; loss = 0.089830; ['mse_0=0.001575; ', 'lpips_0=0.000942; ', 'codec_recon_0=0.011492; ', 'estimated_kb_0=1108.568359; ', 'bpp_0=6.445165; ', 'mse_1=0.001288; ', 'lpips_1=0.000810; ', 'codec_recon_1=0.224457; ', 'estimated_kb_1=276.918640; ', 'bpp_1=0.321998; ', 'mse_2=0.001148; ', 'lpips_2=0.000743; ', 'codec_recon_2=0.041795; ', 'estimated_kb_2=1102.032593; ', 'bpp_2=0.305103; ']
aux step[248] ; loss/aux = 23591.080078
train step[249/5000] ; used: 4m:10s; eta: 1h:19m:22s; loss = 0.101097; ['mse_0=0.000937; ', 'lpips_0=0.000682; ', 'codec_recon_0=0.015801; ', 'estimated_kb_0=1099.991455; ', 'bpp_0=6.395299; ', 'mse_1=0.000854; ', 'lpips_1=0.000556; ', 'codec_recon_1=0.256265; ', 'estimated_kb_1=274.339142; ', 'bpp_1=0.318999; ', 'mse_2=0.000755; ', 'lpips_2=0.000452; ', 'codec_recon_2=0.050802; ', 'estimated_kb_2=1092.551636; ', 'bpp_2=0.302478; ']
aux step[249] ; loss/aux = 23591.080078
train step[250/5000] ; used: 4m:11s; eta: 1h:19m:20s; loss = 0.105056; ['mse_0=0.001252; ', 'lpips_0=0.000838; ', 'codec_recon_0=0.011372; ', 'estimated_kb_0=1115.896362; ', 'bpp_0=6.487770; ', 'mse_1=0.000926; ', 'lpips_1=0.000685; ', 'codec_recon_1=0.281711; ', 'estimated_kb_1=277.439606; ', 'bpp_1=0.322604; ', 'mse_2=0.000615; ', 'lpips_2=0.000483; ', 'codec_recon_2=0.041105; ', 'estimated_kb_2=1104.411255; ', 'bpp_2=0.305762; ']
aux step[250] ; loss/aux = 23591.078125
train step[251/5000] ; used: 4m:12s; eta: 1h:19m:19s; loss = 0.094029; ['mse_0=0.000658; ', 'lpips_0=0.000784; ', 'codec_recon_0=0.010416; ', 'estimated_kb_0=1115.972412; ', 'bpp_0=6.488212; ', 'mse_1=0.000492; ', 'lpips_1=0.000640; ', 'codec_recon_1=0.250819; ', 'estimated_kb_1=276.919525; ', 'bpp_1=0.321999; ', 'mse_2=0.000336; ', 'lpips_2=0.000487; ', 'codec_recon_2=0.040872; ', 'estimated_kb_2=1105.648071; ', 'bpp_2=0.306104; ']
aux step[251] ; loss/aux = 23591.078125
train step[252/5000] ; used: 4m:13s; eta: 1h:19m:18s; loss = 0.088243; ['mse_0=0.001321; ', 'lpips_0=0.000729; ', 'codec_recon_0=0.012514; ', 'estimated_kb_0=1105.887939; ', 'bpp_0=6.429581; ', 'mse_1=0.001047; ', 'lpips_1=0.000607; ', 'codec_recon_1=0.224640; ', 'estimated_kb_1=276.695007; ', 'bpp_1=0.321738; ', 'mse_2=0.000905; ', 'lpips_2=0.000527; ', 'codec_recon_2=0.039873; ', 'estimated_kb_2=1102.165039; ', 'bpp_2=0.305140; ']
aux step[252] ; loss/aux = 23591.078125
train step[253/5000] ; used: 4m:14s; eta: 1h:19m:17s; loss = 0.090218; ['mse_0=0.001178; ', 'lpips_0=0.001062; ', 'codec_recon_0=0.014007; ', 'estimated_kb_0=1111.209229; ', 'bpp_0=6.460518; ', 'mse_1=0.001032; ', 'lpips_1=0.000909; ', 'codec_recon_1=0.220644; ', 'estimated_kb_1=276.196838; ', 'bpp_1=0.321159; ', 'mse_2=0.000975; ', 'lpips_2=0.000850; ', 'codec_recon_2=0.046052; ', 'estimated_kb_2=1103.797119; ', 'bpp_2=0.305592; ']
aux step[253] ; loss/aux = 23591.076172
train step[254/5000] ; used: 4m:15s; eta: 1h:19m:16s; loss = 0.094768; ['mse_0=0.000670; ', 'lpips_0=0.000801; ', 'codec_recon_0=0.017938; ', 'estimated_kb_0=1089.009766; ', 'bpp_0=6.331452; ', 'mse_1=0.000557; ', 'lpips_1=0.000674; ', 'codec_recon_1=0.234944; ', 'estimated_kb_1=274.354126; ', 'bpp_1=0.319016; ', 'mse_2=0.000512; ', 'lpips_2=0.000627; ', 'codec_recon_2=0.050207; ', 'estimated_kb_2=1091.599365; ', 'bpp_2=0.302215; ']
aux step[254] ; loss/aux = 23591.076172
train step[255/5000] ; used: 4m:16s; eta: 1h:19m:15s; loss = 0.097619; ['mse_0=0.000488; ', 'lpips_0=0.000632; ', 'codec_recon_0=0.013002; ', 'estimated_kb_0=1115.542603; ', 'bpp_0=6.485713; ', 'mse_1=0.000356; ', 'lpips_1=0.000508; ', 'codec_recon_1=0.254199; ', 'estimated_kb_1=276.896729; ', 'bpp_1=0.321973; ', 'mse_2=0.000280; ', 'lpips_2=0.000420; ', 'codec_recon_2=0.049251; ', 'estimated_kb_2=1105.096680; ', 'bpp_2=0.305951; ']
aux step[255] ; loss/aux = 23591.074219
train step[256/5000] ; used: 4m:17s; eta: 1h:19m:14s; loss = 0.091358; ['mse_0=0.000567; ', 'lpips_0=0.000727; ', 'codec_recon_0=0.011707; ', 'estimated_kb_0=1096.698608; ', 'bpp_0=6.376154; ', 'mse_1=0.000454; ', 'lpips_1=0.000620; ', 'codec_recon_1=0.238101; ', 'estimated_kb_1=274.908112; ', 'bpp_1=0.319661; ', 'mse_2=0.000328; ', 'lpips_2=0.000514; ', 'codec_recon_2=0.044015; ', 'estimated_kb_2=1093.645874; ', 'bpp_2=0.302781; ']
aux step[256] ; loss/aux = 23591.074219
train step[257/5000] ; used: 4m:18s; eta: 1h:19m:13s; loss = 0.094943; ['mse_0=0.001809; ', 'lpips_0=0.000938; ', 'codec_recon_0=0.013310; ', 'estimated_kb_0=1117.129883; ', 'bpp_0=6.494941; ', 'mse_1=0.001560; ', 'lpips_1=0.000840; ', 'codec_recon_1=0.240040; ', 'estimated_kb_1=277.917572; ', 'bpp_1=0.323160; ', 'mse_2=0.001351; ', 'lpips_2=0.000753; ', 'codec_recon_2=0.038955; ', 'estimated_kb_2=1109.026245; ', 'bpp_2=0.307039; ']
aux step[257] ; loss/aux = 23591.074219
train step[258/5000] ; used: 4m:19s; eta: 1h:19m:12s; loss = 0.092749; ['mse_0=0.001232; ', 'lpips_0=0.000955; ', 'codec_recon_0=0.011365; ', 'estimated_kb_0=1113.729492; ', 'bpp_0=6.475172; ', 'mse_1=0.000931; ', 'lpips_1=0.000810; ', 'codec_recon_1=0.232159; ', 'estimated_kb_1=276.949188; ', 'bpp_1=0.322034; ', 'mse_2=0.000833; ', 'lpips_2=0.000707; ', 'codec_recon_2=0.047409; ', 'estimated_kb_2=1105.070068; ', 'bpp_2=0.305944; ']
aux step[258] ; loss/aux = 23591.072266
train step[259/5000] ; used: 4m:20s; eta: 1h:19m:10s; loss = 0.082577; ['mse_0=0.001557; ', 'lpips_0=0.000667; ', 'codec_recon_0=0.012282; ', 'estimated_kb_0=1111.563354; ', 'bpp_0=6.462577; ', 'mse_1=0.001459; ', 'lpips_1=0.000571; ', 'codec_recon_1=0.196884; ', 'estimated_kb_1=276.707947; ', 'bpp_1=0.321753; ', 'mse_2=0.001425; ', 'lpips_2=0.000518; ', 'codec_recon_2=0.045435; ', 'estimated_kb_2=1101.230957; ', 'bpp_2=0.304881; ']
aux step[259] ; loss/aux = 23591.072266
train step[260/5000] ; used: 4m:21s; eta: 1h:19m:9s; loss = 0.098209; ['mse_0=0.005202; ', 'lpips_0=0.000951; ', 'codec_recon_0=0.013620; ', 'estimated_kb_0=1112.302979; ', 'bpp_0=6.466877; ', 'mse_1=0.004996; ', 'lpips_1=0.000852; ', 'codec_recon_1=0.209684; ', 'estimated_kb_1=277.251678; ', 'bpp_1=0.322386; ', 'mse_2=0.004937; ', 'lpips_2=0.000804; ', 'codec_recon_2=0.044923; ', 'estimated_kb_2=1102.908936; ', 'bpp_2=0.305346; ']
aux step[260] ; loss/aux = 23591.070312
train step[261/5000] ; used: 4m:22s; eta: 1h:19m:9s; loss = 0.098513; ['mse_0=0.000874; ', 'lpips_0=0.000644; ', 'codec_recon_0=0.012935; ', 'estimated_kb_0=1118.270752; ', 'bpp_0=6.501574; ', 'mse_1=0.000574; ', 'lpips_1=0.000478; ', 'codec_recon_1=0.259057; ', 'estimated_kb_1=277.940521; ', 'bpp_1=0.323187; ', 'mse_2=0.000400; ', 'lpips_2=0.000360; ', 'codec_recon_2=0.045282; ', 'estimated_kb_2=1104.905640; ', 'bpp_2=0.305899; ']
aux step[261] ; loss/aux = 23591.070312
train step[262/5000] ; used: 4m:23s; eta: 1h:19m:8s; loss = 0.095423; ['mse_0=0.003733; ', 'lpips_0=0.001043; ', 'codec_recon_0=0.013125; ', 'estimated_kb_0=1108.192627; ', 'bpp_0=6.442980; ', 'mse_1=0.003510; ', 'lpips_1=0.000950; ', 'codec_recon_1=0.215327; ', 'estimated_kb_1=276.866821; ', 'bpp_1=0.321938; ', 'mse_2=0.003482; ', 'lpips_2=0.000906; ', 'codec_recon_2=0.044212; ', 'estimated_kb_2=1101.878052; ', 'bpp_2=0.305060; ']
aux step[262] ; loss/aux = 23591.070312
train step[263/5000] ; used: 4m:24s; eta: 1h:19m:7s; loss = 0.089908; ['mse_0=0.001396; ', 'lpips_0=0.000881; ', 'codec_recon_0=0.013670; ', 'estimated_kb_0=1109.963501; ', 'bpp_0=6.453276; ', 'mse_1=0.001154; ', 'lpips_1=0.000730; ', 'codec_recon_1=0.221267; ', 'estimated_kb_1=277.747253; ', 'bpp_1=0.322962; ', 'mse_2=0.001053; ', 'lpips_2=0.000645; ', 'codec_recon_2=0.045226; ', 'estimated_kb_2=1105.345581; ', 'bpp_2=0.306020; ']
aux step[263] ; loss/aux = 23591.070312
train step[264/5000] ; used: 4m:25s; eta: 1h:19m:5s; loss = 0.088631; ['mse_0=0.000357; ', 'lpips_0=0.000848; ', 'codec_recon_0=0.015113; ', 'estimated_kb_0=1080.117554; ', 'bpp_0=6.279753; ', 'mse_1=0.000297; ', 'lpips_1=0.000786; ', 'codec_recon_1=0.222094; ', 'estimated_kb_1=273.728455; ', 'bpp_1=0.318289; ', 'mse_2=0.000266; ', 'lpips_2=0.000728; ', 'codec_recon_2=0.047286; ', 'estimated_kb_2=1086.396606; ', 'bpp_2=0.300774; ']
aux step[264] ; loss/aux = 23591.068359
train step[265/5000] ; used: 4m:26s; eta: 1h:19m:4s; loss = 0.090463; ['mse_0=0.001396; ', 'lpips_0=0.000951; ', 'codec_recon_0=0.012330; ', 'estimated_kb_0=1103.448853; ', 'bpp_0=6.415401; ', 'mse_1=0.001245; ', 'lpips_1=0.000825; ', 'codec_recon_1=0.227788; ', 'estimated_kb_1=276.383484; ', 'bpp_1=0.321376; ', 'mse_2=0.001148; ', 'lpips_2=0.000738; ', 'codec_recon_2=0.040416; ', 'estimated_kb_2=1099.000366; ', 'bpp_2=0.304264; ']
aux step[265] ; loss/aux = 23591.066406
train step[266/5000] ; used: 4m:27s; eta: 1h:19m:3s; loss = 0.083743; ['mse_0=0.000361; ', 'lpips_0=0.000648; ', 'codec_recon_0=0.013014; ', 'estimated_kb_0=1103.442139; ', 'bpp_0=6.415361; ', 'mse_1=0.000295; ', 'lpips_1=0.000566; ', 'codec_recon_1=0.209320; ', 'estimated_kb_1=275.748444; ', 'bpp_1=0.320638; ', 'mse_2=0.000270; ', 'lpips_2=0.000520; ', 'codec_recon_2=0.047940; ', 'estimated_kb_2=1099.044312; ', 'bpp_2=0.304276; ']
aux step[266] ; loss/aux = 23591.066406
train step[267/5000] ; used: 4m:28s; eta: 1h:19m:3s; loss = 0.109399; ['mse_0=0.001909; ', 'lpips_0=0.001246; ', 'codec_recon_0=0.011508; ', 'estimated_kb_0=1118.901978; ', 'bpp_0=6.505244; ', 'mse_1=0.001743; ', 'lpips_1=0.001167; ', 'codec_recon_1=0.279617; ', 'estimated_kb_1=277.289673; ', 'bpp_1=0.322430; ', 'mse_2=0.001600; ', 'lpips_2=0.001061; ', 'codec_recon_2=0.044453; ', 'estimated_kb_2=1110.557861; ', 'bpp_2=0.307463; ']
aux step[267] ; loss/aux = 23591.064453
train step[268/5000] ; used: 4m:29s; eta: 1h:19m:1s; loss = 0.094221; ['mse_0=0.000884; ', 'lpips_0=0.000598; ', 'codec_recon_0=0.011396; ', 'estimated_kb_0=1117.465820; ', 'bpp_0=6.496894; ', 'mse_1=0.000645; ', 'lpips_1=0.000469; ', 'codec_recon_1=0.252269; ', 'estimated_kb_1=277.877533; ', 'bpp_1=0.323113; ', 'mse_2=0.000395; ', 'lpips_2=0.000355; ', 'codec_recon_2=0.039255; ', 'estimated_kb_2=1104.709229; ', 'bpp_2=0.305844; ']
aux step[268] ; loss/aux = 23591.064453
train step[269/5000] ; used: 4m:30s; eta: 1h:19m:1s; loss = 0.118735; ['mse_0=0.003324; ', 'lpips_0=0.001071; ', 'codec_recon_0=0.011517; ', 'estimated_kb_0=1127.096802; ', 'bpp_0=6.552888; ', 'mse_1=0.002779; ', 'lpips_1=0.000939; ', 'codec_recon_1=0.306252; ', 'estimated_kb_1=278.931824; ', 'bpp_1=0.324339; ', 'mse_2=0.002371; ', 'lpips_2=0.000690; ', 'codec_recon_2=0.040771; ', 'estimated_kb_2=1113.740601; ', 'bpp_2=0.308345; ']
aux step[269] ; loss/aux = 23591.064453
train step[270/5000] ; used: 4m:31s; eta: 1h:19m; loss = 0.102862; ['mse_0=0.001464; ', 'lpips_0=0.001168; ', 'codec_recon_0=0.014270; ', 'estimated_kb_0=1104.753174; ', 'bpp_0=6.422984; ', 'mse_1=0.001281; ', 'lpips_1=0.001015; ', 'codec_recon_1=0.255784; ', 'estimated_kb_1=276.146301; ', 'bpp_1=0.321100; ', 'mse_2=0.001143; ', 'lpips_2=0.000869; ', 'codec_recon_2=0.049683; ', 'estimated_kb_2=1101.012329; ', 'bpp_2=0.304821; ']
aux step[270] ; loss/aux = 23591.062500
train step[271/5000] ; used: 4m:32s; eta: 1h:18m:59s; loss = 0.114574; ['mse_0=0.001977; ', 'lpips_0=0.001127; ', 'codec_recon_0=0.013328; ', 'estimated_kb_0=1120.755737; ', 'bpp_0=6.516022; ', 'mse_1=0.001817; ', 'lpips_1=0.000999; ', 'codec_recon_1=0.295705; ', 'estimated_kb_1=276.996948; ', 'bpp_1=0.322089; ', 'mse_2=0.001561; ', 'lpips_2=0.000836; ', 'codec_recon_2=0.045156; ', 'estimated_kb_2=1111.922363; ', 'bpp_2=0.307841; ']
aux step[271] ; loss/aux = 23591.062500
train step[272/5000] ; used: 4m:33s; eta: 1h:18m:57s; loss = 0.095027; ['mse_0=0.002169; ', 'lpips_0=0.000867; ', 'codec_recon_0=0.013721; ', 'estimated_kb_0=1117.517944; ', 'bpp_0=6.497198; ', 'mse_1=0.002013; ', 'lpips_1=0.000748; ', 'codec_recon_1=0.231750; ', 'estimated_kb_1=277.420349; ', 'bpp_1=0.322582; ', 'mse_2=0.001895; ', 'lpips_2=0.000671; ', 'codec_recon_2=0.043403; ', 'estimated_kb_2=1108.959351; ', 'bpp_2=0.307021; ']
aux step[272] ; loss/aux = 23591.062500
train step[273/5000] ; used: 4m:34s; eta: 1h:18m:56s; loss = 0.090511; ['mse_0=0.000522; ', 'lpips_0=0.000707; ', 'codec_recon_0=0.014662; ', 'estimated_kb_0=1086.221191; ', 'bpp_0=6.315239; ', 'mse_1=0.000426; ', 'lpips_1=0.000604; ', 'codec_recon_1=0.232389; ', 'estimated_kb_1=274.404633; ', 'bpp_1=0.319075; ', 'mse_2=0.000312; ', 'lpips_2=0.000515; ', 'codec_recon_2=0.044365; ', 'estimated_kb_2=1088.414551; ', 'bpp_2=0.301333; ']
aux step[273] ; loss/aux = 23591.060547
train step[274/5000] ; used: 4m:35s; eta: 1h:18m:56s; loss = 0.091436; ['mse_0=0.000613; ', 'lpips_0=0.000838; ', 'codec_recon_0=0.012434; ', 'estimated_kb_0=1098.114746; ', 'bpp_0=6.384388; ', 'mse_1=0.000572; ', 'lpips_1=0.000754; ', 'codec_recon_1=0.236682; ', 'estimated_kb_1=275.995239; ', 'bpp_1=0.320925; ', 'mse_2=0.000474; ', 'lpips_2=0.000657; ', 'codec_recon_2=0.042644; ', 'estimated_kb_2=1099.617065; ', 'bpp_2=0.304434; ']
aux step[274] ; loss/aux = 23591.058594
train step[275/5000] ; used: 4m:36s; eta: 1h:18m:55s; loss = 0.085990; ['mse_0=0.000518; ', 'lpips_0=0.000631; ', 'codec_recon_0=0.013480; ', 'estimated_kb_0=1112.140381; ', 'bpp_0=6.465932; ', 'mse_1=0.000404; ', 'lpips_1=0.000531; ', 'codec_recon_1=0.215160; ', 'estimated_kb_1=276.143921; ', 'bpp_1=0.321098; ', 'mse_2=0.000344; ', 'lpips_2=0.000475; ', 'codec_recon_2=0.048320; ', 'estimated_kb_2=1104.267700; ', 'bpp_2=0.305722; ']
aux step[275] ; loss/aux = 23591.058594
train step[276/5000] ; used: 4m:37s; eta: 1h:18m:54s; loss = 0.095501; ['mse_0=0.000884; ', 'lpips_0=0.000558; ', 'codec_recon_0=0.011745; ', 'estimated_kb_0=1121.666016; ', 'bpp_0=6.521314; ', 'mse_1=0.000661; ', 'lpips_1=0.000424; ', 'codec_recon_1=0.255175; ', 'estimated_kb_1=277.949341; ', 'bpp_1=0.323197; ', 'mse_2=0.000475; ', 'lpips_2=0.000310; ', 'codec_recon_2=0.040373; ', 'estimated_kb_2=1109.809448; ', 'bpp_2=0.307256; ']
aux step[276] ; loss/aux = 23591.058594
train step[277/5000] ; used: 4m:38s; eta: 1h:18m:53s; loss = 0.083712; ['mse_0=0.000526; ', 'lpips_0=0.000695; ', 'codec_recon_0=0.012966; ', 'estimated_kb_0=1109.775391; ', 'bpp_0=6.452182; ', 'mse_1=0.000401; ', 'lpips_1=0.000573; ', 'codec_recon_1=0.205923; ', 'estimated_kb_1=276.414612; ', 'bpp_1=0.321412; ', 'mse_2=0.000342; ', 'lpips_2=0.000517; ', 'codec_recon_2=0.049971; ', 'estimated_kb_2=1101.972900; ', 'bpp_2=0.305087; ']
aux step[277] ; loss/aux = 23591.056641
train step[278/5000] ; used: 4m:39s; eta: 1h:18m:52s; loss = 0.109811; ['mse_0=0.001134; ', 'lpips_0=0.000952; ', 'codec_recon_0=0.013592; ', 'estimated_kb_0=1111.332642; ', 'bpp_0=6.461236; ', 'mse_1=0.000824; ', 'lpips_1=0.000798; ', 'codec_recon_1=0.293182; ', 'estimated_kb_1=276.636414; ', 'bpp_1=0.321670; ', 'mse_2=0.000591; ', 'lpips_2=0.000618; ', 'codec_recon_2=0.042872; ', 'estimated_kb_2=1105.732788; ', 'bpp_2=0.306128; ']
aux step[278] ; loss/aux = 23591.056641
train step[279/5000] ; used: 4m:40s; eta: 1h:18m:50s; loss = 0.095093; ['mse_0=0.001491; ', 'lpips_0=0.000953; ', 'codec_recon_0=0.011797; ', 'estimated_kb_0=1125.131226; ', 'bpp_0=6.541461; ', 'mse_1=0.001262; ', 'lpips_1=0.000808; ', 'codec_recon_1=0.237632; ', 'estimated_kb_1=277.651428; ', 'bpp_1=0.322850; ', 'mse_2=0.001145; ', 'lpips_2=0.000701; ', 'codec_recon_2=0.046347; ', 'estimated_kb_2=1110.817871; ', 'bpp_2=0.307535; ']
aux step[279] ; loss/aux = 23591.054688
train step[280/5000] ; used: 4m:41s; eta: 1h:18m:49s; loss = 0.098411; ['mse_0=0.001093; ', 'lpips_0=0.000817; ', 'codec_recon_0=0.013917; ', 'estimated_kb_0=1107.709106; ', 'bpp_0=6.440169; ', 'mse_1=0.000895; ', 'lpips_1=0.000684; ', 'codec_recon_1=0.254416; ', 'estimated_kb_1=276.792267; ', 'bpp_1=0.321851; ', 'mse_2=0.000767; ', 'lpips_2=0.000597; ', 'codec_recon_2=0.043528; ', 'estimated_kb_2=1102.622681; ', 'bpp_2=0.305267; ']
aux step[280] ; loss/aux = 23591.054688
train step[281/5000] ; used: 4m:42s; eta: 1h:18m:48s; loss = 0.088328; ['mse_0=0.000680; ', 'lpips_0=0.000699; ', 'codec_recon_0=0.013330; ', 'estimated_kb_0=1103.602051; ', 'bpp_0=6.416291; ', 'mse_1=0.000589; ', 'lpips_1=0.000593; ', 'codec_recon_1=0.220000; ', 'estimated_kb_1=275.093414; ', 'bpp_1=0.319876; ', 'mse_2=0.000563; ', 'lpips_2=0.000532; ', 'codec_recon_2=0.048904; ', 'estimated_kb_2=1098.654541; ', 'bpp_2=0.304168; ']
aux step[281] ; loss/aux = 23591.054688
train step[282/5000] ; used: 4m:43s; eta: 1h:18m:47s; loss = 0.117359; ['mse_0=0.004328; ', 'lpips_0=0.001307; ', 'codec_recon_0=0.013497; ', 'estimated_kb_0=1118.118896; ', 'bpp_0=6.500691; ', 'mse_1=0.003869; ', 'lpips_1=0.001176; ', 'codec_recon_1=0.286625; ', 'estimated_kb_1=278.149872; ', 'bpp_1=0.323430; ', 'mse_2=0.003501; ', 'lpips_2=0.001009; ', 'codec_recon_2=0.040445; ', 'estimated_kb_2=1111.950195; ', 'bpp_2=0.307849; ']
aux step[282] ; loss/aux = 23591.052734
train step[283/5000] ; used: 4m:44s; eta: 1h:18m:46s; loss = 0.112722; ['mse_0=0.001356; ', 'lpips_0=0.000863; ', 'codec_recon_0=0.010716; ', 'estimated_kb_0=1134.800781; ', 'bpp_0=6.597679; ', 'mse_1=0.001047; ', 'lpips_1=0.000685; ', 'codec_recon_1=0.304187; ', 'estimated_kb_1=278.899231; ', 'bpp_1=0.324301; ', 'mse_2=0.000681; ', 'lpips_2=0.000439; ', 'codec_recon_2=0.043932; ', 'estimated_kb_2=1119.879028; ', 'bpp_2=0.310044; ']
aux step[283] ; loss/aux = 23591.052734
train step[284/5000] ; used: 4m:45s; eta: 1h:18m:45s; loss = 0.080001; ['mse_0=0.000453; ', 'lpips_0=0.000771; ', 'codec_recon_0=0.013391; ', 'estimated_kb_0=1101.932861; ', 'bpp_0=6.406586; ', 'mse_1=0.000366; ', 'lpips_1=0.000686; ', 'codec_recon_1=0.197170; ', 'estimated_kb_1=275.419312; ', 'bpp_1=0.320255; ', 'mse_2=0.000340; ', 'lpips_2=0.000651; ', 'codec_recon_2=0.045216; ', 'estimated_kb_2=1099.351440; ', 'bpp_2=0.304361; ']
aux step[284] ; loss/aux = 23591.050781
train step[285/5000] ; used: 4m:46s; eta: 1h:18m:44s; loss = 0.099377; ['mse_0=0.001013; ', 'lpips_0=0.000856; ', 'codec_recon_0=0.013558; ', 'estimated_kb_0=1127.658936; ', 'bpp_0=6.556157; ', 'mse_1=0.000855; ', 'lpips_1=0.000708; ', 'codec_recon_1=0.249248; ', 'estimated_kb_1=278.778473; ', 'bpp_1=0.324161; ', 'mse_2=0.000791; ', 'lpips_2=0.000634; ', 'codec_recon_2=0.052262; ', 'estimated_kb_2=1111.809204; ', 'bpp_2=0.307810; ']
aux step[285] ; loss/aux = 23591.050781
train step[286/5000] ; used: 4m:47s; eta: 1h:18m:43s; loss = 0.110979; ['mse_0=0.001565; ', 'lpips_0=0.000934; ', 'codec_recon_0=0.015417; ', 'estimated_kb_0=1108.099121; ', 'bpp_0=6.442437; ', 'mse_1=0.001328; ', 'lpips_1=0.000810; ', 'codec_recon_1=0.288015; ', 'estimated_kb_1=276.286377; ', 'bpp_1=0.321263; ', 'mse_2=0.001166; ', 'lpips_2=0.000688; ', 'codec_recon_2=0.044860; ', 'estimated_kb_2=1102.540771; ', 'bpp_2=0.305244; ']
aux step[286] ; loss/aux = 23591.050781
train step[287/5000] ; used: 4m:48s; eta: 1h:18m:42s; loss = 0.076881; ['mse_0=0.000786; ', 'lpips_0=0.000749; ', 'codec_recon_0=0.012734; ', 'estimated_kb_0=1105.313110; ', 'bpp_0=6.426239; ', 'mse_1=0.000646; ', 'lpips_1=0.000672; ', 'codec_recon_1=0.186340; ', 'estimated_kb_1=275.968475; ', 'bpp_1=0.320894; ', 'mse_2=0.000654; ', 'lpips_2=0.000648; ', 'codec_recon_2=0.043345; ', 'estimated_kb_2=1099.195435; ', 'bpp_2=0.304318; ']
aux step[287] ; loss/aux = 23591.048828
train step[288/5000] ; used: 4m:49s; eta: 1h:18m:41s; loss = 0.089742; ['mse_0=0.000954; ', 'lpips_0=0.001078; ', 'codec_recon_0=0.017068; ', 'estimated_kb_0=1069.217773; ', 'bpp_0=6.216383; ', 'mse_1=0.000873; ', 'lpips_1=0.000962; ', 'codec_recon_1=0.221921; ', 'estimated_kb_1=273.702728; ', 'bpp_1=0.318259; ', 'mse_2=0.000812; ', 'lpips_2=0.000913; ', 'codec_recon_2=0.041513; ', 'estimated_kb_2=1083.567017; ', 'bpp_2=0.299991; ']
aux step[288] ; loss/aux = 23591.048828
train step[289/5000] ; used: 4m:50s; eta: 1h:18m:40s; loss = 0.113636; ['mse_0=0.001003; ', 'lpips_0=0.000980; ', 'codec_recon_0=0.012649; ', 'estimated_kb_0=1136.494873; ', 'bpp_0=6.607528; ', 'mse_1=0.000773; ', 'lpips_1=0.000817; ', 'codec_recon_1=0.304964; ', 'estimated_kb_1=279.083069; ', 'bpp_1=0.324515; ', 'mse_2=0.000530; ', 'lpips_2=0.000594; ', 'codec_recon_2=0.045513; ', 'estimated_kb_2=1118.720581; ', 'bpp_2=0.309723; ']
aux step[289] ; loss/aux = 23591.048828
train step[290/5000] ; used: 4m:51s; eta: 1h:18m:39s; loss = 0.096241; ['mse_0=0.001531; ', 'lpips_0=0.000976; ', 'codec_recon_0=0.013783; ', 'estimated_kb_0=1112.530396; ', 'bpp_0=6.468200; ', 'mse_1=0.001309; ', 'lpips_1=0.000853; ', 'codec_recon_1=0.238071; ', 'estimated_kb_1=277.202759; ', 'bpp_1=0.322329; ', 'mse_2=0.001238; ', 'lpips_2=0.000789; ', 'codec_recon_2=0.046629; ', 'estimated_kb_2=1105.387817; ', 'bpp_2=0.306032; ']
aux step[290] ; loss/aux = 23591.046875
train step[291/5000] ; used: 4m:52s; eta: 1h:18m:38s; loss = 0.123906; ['mse_0=0.002818; ', 'lpips_0=0.001351; ', 'codec_recon_0=0.013067; ', 'estimated_kb_0=1123.142822; ', 'bpp_0=6.529900; ', 'mse_1=0.002563; ', 'lpips_1=0.001216; ', 'codec_recon_1=0.320715; ', 'estimated_kb_1=277.618225; ', 'bpp_1=0.322812; ', 'mse_2=0.002139; ', 'lpips_2=0.000976; ', 'codec_recon_2=0.042358; ', 'estimated_kb_2=1113.972412; ', 'bpp_2=0.308409; ']
aux step[291] ; loss/aux = 23591.046875
train step[292/5000] ; used: 4m:53s; eta: 1h:18m:36s; loss = 0.103779; ['mse_0=0.001380; ', 'lpips_0=0.000944; ', 'codec_recon_0=0.011079; ', 'estimated_kb_0=1121.173584; ', 'bpp_0=6.518451; ', 'mse_1=0.001105; ', 'lpips_1=0.000872; ', 'codec_recon_1=0.270618; ', 'estimated_kb_1=278.144623; ', 'bpp_1=0.323424; ', 'mse_2=0.000844; ', 'lpips_2=0.000698; ', 'codec_recon_2=0.044759; ', 'estimated_kb_2=1111.733398; ', 'bpp_2=0.307789; ']
aux step[292] ; loss/aux = 23591.044922
train step[293/5000] ; used: 4m:54s; eta: 1h:18m:35s; loss = 0.097952; ['mse_0=0.002137; ', 'lpips_0=0.000954; ', 'codec_recon_0=0.010900; ', 'estimated_kb_0=1130.172241; ', 'bpp_0=6.570769; ', 'mse_1=0.001817; ', 'lpips_1=0.000804; ', 'codec_recon_1=0.247153; ', 'estimated_kb_1=279.231628; ', 'bpp_1=0.324688; ', 'mse_2=0.001558; ', 'lpips_2=0.000668; ', 'codec_recon_2=0.041992; ', 'estimated_kb_2=1116.410645; ', 'bpp_2=0.309084; ']
aux step[293] ; loss/aux = 23591.044922
train step[294/5000] ; used: 4m:55s; eta: 1h:18m:34s; loss = 0.096163; ['mse_0=0.000931; ', 'lpips_0=0.000855; ', 'codec_recon_0=0.015799; ', 'estimated_kb_0=1112.218262; ', 'bpp_0=6.466385; ', 'mse_1=0.000773; ', 'lpips_1=0.000732; ', 'codec_recon_1=0.236284; ', 'estimated_kb_1=276.513031; ', 'bpp_1=0.321527; ', 'mse_2=0.000696; ', 'lpips_2=0.000666; ', 'codec_recon_2=0.052952; ', 'estimated_kb_2=1104.943848; ', 'bpp_2=0.305909; ']
aux step[294] ; loss/aux = 23591.042969
train step[295/5000] ; used: 4m:56s; eta: 1h:18m:33s; loss = 0.076572; ['mse_0=0.000972; ', 'lpips_0=0.000754; ', 'codec_recon_0=0.013966; ', 'estimated_kb_0=1089.256104; ', 'bpp_0=6.332884; ', 'mse_1=0.000857; ', 'lpips_1=0.000616; ', 'codec_recon_1=0.183557; ', 'estimated_kb_1=274.871826; ', 'bpp_1=0.319618; ', 'mse_2=0.000802; ', 'lpips_2=0.000563; ', 'codec_recon_2=0.042507; ', 'estimated_kb_2=1088.718750; ', 'bpp_2=0.301417; ']
aux step[295] ; loss/aux = 23591.042969
train step[296/5000] ; used: 4m:57s; eta: 1h:18m:32s; loss = 0.120711; ['mse_0=0.006691; ', 'lpips_0=0.001683; ', 'codec_recon_0=0.015002; ', 'estimated_kb_0=1118.660889; ', 'bpp_0=6.503842; ', 'mse_1=0.006525; ', 'lpips_1=0.001583; ', 'codec_recon_1=0.255095; ', 'estimated_kb_1=276.763489; ', 'bpp_1=0.321818; ', 'mse_2=0.006489; ', 'lpips_2=0.001516; ', 'codec_recon_2=0.050650; ', 'estimated_kb_2=1110.004150; ', 'bpp_2=0.307310; ']
aux step[296] ; loss/aux = 23591.042969
train step[297/5000] ; used: 4m:58s; eta: 1h:18m:31s; loss = 0.094082; ['mse_0=0.000896; ', 'lpips_0=0.000809; ', 'codec_recon_0=0.012597; ', 'estimated_kb_0=1107.238770; ', 'bpp_0=6.437435; ', 'mse_1=0.000724; ', 'lpips_1=0.000673; ', 'codec_recon_1=0.240445; ', 'estimated_kb_1=276.995300; ', 'bpp_1=0.322088; ', 'mse_2=0.000593; ', 'lpips_2=0.000566; ', 'codec_recon_2=0.046360; ', 'estimated_kb_2=1101.911743; ', 'bpp_2=0.305070; ']
aux step[297] ; loss/aux = 23591.041016
train step[298/5000] ; used: 4m:59s; eta: 1h:18m:30s; loss = 0.099405; ['mse_0=0.000374; ', 'lpips_0=0.000815; ', 'codec_recon_0=0.013095; ', 'estimated_kb_0=1108.508789; ', 'bpp_0=6.444818; ', 'mse_1=0.000296; ', 'lpips_1=0.000672; ', 'codec_recon_1=0.257020; ', 'estimated_kb_1=276.463989; ', 'bpp_1=0.321470; ', 'mse_2=0.000217; ', 'lpips_2=0.000540; ', 'codec_recon_2=0.051522; ', 'estimated_kb_2=1102.500610; ', 'bpp_2=0.305233; ']
aux step[298] ; loss/aux = 23591.041016
train step[299/5000] ; used: 5m; eta: 1h:18m:29s; loss = 0.076118; ['mse_0=0.000591; ', 'lpips_0=0.000639; ', 'codec_recon_0=0.012401; ', 'estimated_kb_0=1100.701782; ', 'bpp_0=6.399429; ', 'mse_1=0.000480; ', 'lpips_1=0.000544; ', 'codec_recon_1=0.190594; ', 'estimated_kb_1=275.457458; ', 'bpp_1=0.320299; ', 'mse_2=0.000402; ', 'lpips_2=0.000482; ', 'codec_recon_2=0.040269; ', 'estimated_kb_2=1093.719971; ', 'bpp_2=0.302802; ']
aux step[299] ; loss/aux = 23591.039062
train step[300/5000] ; used: 5m:1s; eta: 1h:18m:28s; loss = 0.091304; ['mse_0=0.001414; ', 'lpips_0=0.000726; ', 'codec_recon_0=0.012620; ', 'estimated_kb_0=1113.302246; ', 'bpp_0=6.472688; ', 'mse_1=0.001295; ', 'lpips_1=0.000629; ', 'codec_recon_1=0.231715; ', 'estimated_kb_1=277.390472; ', 'bpp_1=0.322547; ', 'mse_2=0.001216; ', 'lpips_2=0.000524; ', 'codec_recon_2=0.040667; ', 'estimated_kb_2=1105.961182; ', 'bpp_2=0.306191; ']
aux step[300] ; loss/aux = 23591.039062
train step[301/5000] ; used: 5m:2s; eta: 1h:18m:27s; loss = 0.091564; ['mse_0=0.000587; ', 'lpips_0=0.000706; ', 'codec_recon_0=0.010621; ', 'estimated_kb_0=1127.361206; ', 'bpp_0=6.554426; ', 'mse_1=0.000448; ', 'lpips_1=0.000612; ', 'codec_recon_1=0.237202; ', 'estimated_kb_1=278.102997; ', 'bpp_1=0.323376; ', 'mse_2=0.000355; ', 'lpips_2=0.000532; ', 'codec_recon_2=0.046590; ', 'estimated_kb_2=1112.959351; ', 'bpp_2=0.308128; ']
aux step[301] ; loss/aux = 23591.039062
train step[302/5000] ; used: 5m:3s; eta: 1h:18m:25s; loss = 0.085314; ['mse_0=0.001348; ', 'lpips_0=0.000973; ', 'codec_recon_0=0.015558; ', 'estimated_kb_0=1085.370972; ', 'bpp_0=6.310296; ', 'mse_1=0.001214; ', 'lpips_1=0.000866; ', 'codec_recon_1=0.204856; ', 'estimated_kb_1=274.511719; ', 'bpp_1=0.319200; ', 'mse_2=0.001168; ', 'lpips_2=0.000817; ', 'codec_recon_2=0.042676; ', 'estimated_kb_2=1092.170532; ', 'bpp_2=0.302373; ']
aux step[302] ; loss/aux = 23591.037109
train step[303/5000] ; used: 5m:4s; eta: 1h:18m:24s; loss = 0.099829; ['mse_0=0.003997; ', 'lpips_0=0.001202; ', 'codec_recon_0=0.012070; ', 'estimated_kb_0=1110.172485; ', 'bpp_0=6.454491; ', 'mse_1=0.003746; ', 'lpips_1=0.001098; ', 'codec_recon_1=0.224773; ', 'estimated_kb_1=276.241028; ', 'bpp_1=0.321210; ', 'mse_2=0.003769; ', 'lpips_2=0.001043; ', 'codec_recon_2=0.046402; ', 'estimated_kb_2=1100.991821; ', 'bpp_2=0.304815; ']
aux step[303] ; loss/aux = 23591.037109
train step[304/5000] ; used: 5m:5s; eta: 1h:18m:24s; loss = 0.092320; ['mse_0=0.001596; ', 'lpips_0=0.000740; ', 'codec_recon_0=0.011598; ', 'estimated_kb_0=1109.968506; ', 'bpp_0=6.453305; ', 'mse_1=0.001411; ', 'lpips_1=0.000622; ', 'codec_recon_1=0.234216; ', 'estimated_kb_1=277.101288; ', 'bpp_1=0.322211; ', 'mse_2=0.001299; ', 'lpips_2=0.000527; ', 'codec_recon_2=0.041270; ', 'estimated_kb_2=1101.343628; ', 'bpp_2=0.304912; ']
aux step[304] ; loss/aux = 23591.035156
train step[305/5000] ; used: 5m:6s; eta: 1h:18m:22s; loss = 0.110663; ['mse_0=0.002611; ', 'lpips_0=0.001248; ', 'codec_recon_0=0.012401; ', 'estimated_kb_0=1104.554565; ', 'bpp_0=6.421829; ', 'mse_1=0.002307; ', 'lpips_1=0.001097; ', 'codec_recon_1=0.280218; ', 'estimated_kb_1=276.056763; ', 'bpp_1=0.320996; ', 'mse_2=0.002061; ', 'lpips_2=0.000971; ', 'codec_recon_2=0.041941; ', 'estimated_kb_2=1103.856934; ', 'bpp_2=0.305608; ']
aux step[305] ; loss/aux = 23591.035156
train step[306/5000] ; used: 5m:7s; eta: 1h:18m:22s; loss = 0.089503; ['mse_0=0.002374; ', 'lpips_0=0.000750; ', 'codec_recon_0=0.015835; ', 'estimated_kb_0=1102.582886; ', 'bpp_0=6.410366; ', 'mse_1=0.002239; ', 'lpips_1=0.000633; ', 'codec_recon_1=0.213452; ', 'estimated_kb_1=276.570160; ', 'bpp_1=0.321593; ', 'mse_2=0.002193; ', 'lpips_2=0.000559; ', 'codec_recon_2=0.039896; ', 'estimated_kb_2=1097.064453; ', 'bpp_2=0.303728; ']
aux step[306] ; loss/aux = 23591.035156
train step[307/5000] ; used: 5m:8s; eta: 1h:18m:20s; loss = 0.110265; ['mse_0=0.002212; ', 'lpips_0=0.001170; ', 'codec_recon_0=0.012574; ', 'estimated_kb_0=1133.114502; ', 'bpp_0=6.587875; ', 'mse_1=0.001907; ', 'lpips_1=0.001042; ', 'codec_recon_1=0.280353; ', 'estimated_kb_1=279.863922; ', 'bpp_1=0.325423; ', 'mse_2=0.001640; ', 'lpips_2=0.000870; ', 'codec_recon_2=0.045156; ', 'estimated_kb_2=1119.493530; ', 'bpp_2=0.309937; ']
aux step[307] ; loss/aux = 23591.035156
train step[308/5000] ; used: 5m:9s; eta: 1h:18m:19s; loss = 0.093984; ['mse_0=0.001208; ', 'lpips_0=0.000902; ', 'codec_recon_0=0.011693; ', 'estimated_kb_0=1111.714478; ', 'bpp_0=6.463457; ', 'mse_1=0.000994; ', 'lpips_1=0.000775; ', 'codec_recon_1=0.243307; ', 'estimated_kb_1=277.370331; ', 'bpp_1=0.322524; ', 'mse_2=0.000833; ', 'lpips_2=0.000678; ', 'codec_recon_2=0.040317; ', 'estimated_kb_2=1105.226685; ', 'bpp_2=0.305987; ']
aux step[308] ; loss/aux = 23591.035156
train step[309/5000] ; used: 5m:10s; eta: 1h:18m:19s; loss = 0.120165; ['mse_0=0.001323; ', 'lpips_0=0.001374; ', 'codec_recon_0=0.014245; ', 'estimated_kb_0=1123.434937; ', 'bpp_0=6.531599; ', 'mse_1=0.001053; ', 'lpips_1=0.001235; ', 'codec_recon_1=0.314342; ', 'estimated_kb_1=277.657867; ', 'bpp_1=0.322858; ', 'mse_2=0.000893; ', 'lpips_2=0.001075; ', 'codec_recon_2=0.048785; ', 'estimated_kb_2=1113.922607; ', 'bpp_2=0.308395; ']
aux step[309] ; loss/aux = 23591.033203
train step[310/5000] ; used: 5m:11s; eta: 1h:18m:18s; loss = 0.079686; ['mse_0=0.001003; ', 'lpips_0=0.000804; ', 'codec_recon_0=0.015207; ', 'estimated_kb_0=1089.463623; ', 'bpp_0=6.334090; ', 'mse_1=0.000877; ', 'lpips_1=0.000731; ', 'codec_recon_1=0.189483; ', 'estimated_kb_1=274.343384; ', 'bpp_1=0.319004; ', 'mse_2=0.000861; ', 'lpips_2=0.000702; ', 'codec_recon_2=0.044336; ', 'estimated_kb_2=1093.917236; ', 'bpp_2=0.302856; ']
aux step[310] ; loss/aux = 23591.031250
train step[311/5000] ; used: 5m:12s; eta: 1h:18m:17s; loss = 0.083840; ['mse_0=0.000678; ', 'lpips_0=0.000592; ', 'codec_recon_0=0.013166; ', 'estimated_kb_0=1108.511841; ', 'bpp_0=6.444836; ', 'mse_1=0.000562; ', 'lpips_1=0.000500; ', 'codec_recon_1=0.208801; ', 'estimated_kb_1=275.912109; ', 'bpp_1=0.320828; ', 'mse_2=0.000510; ', 'lpips_2=0.000462; ', 'codec_recon_2=0.046494; ', 'estimated_kb_2=1100.528931; ', 'bpp_2=0.304687; ']
aux step[311] ; loss/aux = 23591.031250
train step[312/5000] ; used: 5m:13s; eta: 1h:18m:16s; loss = 0.139070; ['mse_0=0.005899; ', 'lpips_0=0.002044; ', 'codec_recon_0=0.014074; ', 'estimated_kb_0=1131.771240; ', 'bpp_0=6.580065; ', 'mse_1=0.005584; ', 'lpips_1=0.001918; ', 'codec_recon_1=0.330007; ', 'estimated_kb_1=278.779602; ', 'bpp_1=0.324162; ', 'mse_2=0.005348; ', 'lpips_2=0.001859; ', 'codec_recon_2=0.043981; ', 'estimated_kb_2=1119.890625; ', 'bpp_2=0.310047; ']
aux step[312] ; loss/aux = 23591.031250
train step[313/5000] ; used: 5m:14s; eta: 1h:18m:15s; loss = 0.098057; ['mse_0=0.002596; ', 'lpips_0=0.001039; ', 'codec_recon_0=0.012703; ', 'estimated_kb_0=1123.127441; ', 'bpp_0=6.529810; ', 'mse_1=0.002507; ', 'lpips_1=0.000955; ', 'codec_recon_1=0.229526; ', 'estimated_kb_1=277.717499; ', 'bpp_1=0.322927; ', 'mse_2=0.002453; ', 'lpips_2=0.000905; ', 'codec_recon_2=0.049780; ', 'estimated_kb_2=1110.267700; ', 'bpp_2=0.307383; ']
aux step[313] ; loss/aux = 23591.029297
train step[314/5000] ; used: 5m:15s; eta: 1h:18m:14s; loss = 0.111224; ['mse_0=0.000612; ', 'lpips_0=0.000871; ', 'codec_recon_0=0.012462; ', 'estimated_kb_0=1105.612305; ', 'bpp_0=6.427979; ', 'mse_1=0.000445; ', 'lpips_1=0.000714; ', 'codec_recon_1=0.300371; ', 'estimated_kb_1=275.324341; ', 'bpp_1=0.320145; ', 'mse_2=0.000232; ', 'lpips_2=0.000512; ', 'codec_recon_2=0.046628; ', 'estimated_kb_2=1100.749390; ', 'bpp_2=0.304748; ']
aux step[314] ; loss/aux = 23591.027344
train step[315/5000] ; used: 5m:16s; eta: 1h:18m:13s; loss = 0.092411; ['mse_0=0.001674; ', 'lpips_0=0.000905; ', 'codec_recon_0=0.014475; ', 'estimated_kb_0=1102.784912; ', 'bpp_0=6.411540; ', 'mse_1=0.001608; ', 'lpips_1=0.000774; ', 'codec_recon_1=0.221924; ', 'estimated_kb_1=276.105438; ', 'bpp_1=0.321053; ', 'mse_2=0.001560; ', 'lpips_2=0.000711; ', 'codec_recon_2=0.047528; ', 'estimated_kb_2=1100.930176; ', 'bpp_2=0.304798; ']
aux step[315] ; loss/aux = 23591.027344
train step[316/5000] ; used: 5m:17s; eta: 1h:18m:11s; loss = 0.092167; ['mse_0=0.000725; ', 'lpips_0=0.000642; ', 'codec_recon_0=0.010884; ', 'estimated_kb_0=1112.104248; ', 'bpp_0=6.465722; ', 'mse_1=0.000562; ', 'lpips_1=0.000552; ', 'codec_recon_1=0.243747; ', 'estimated_kb_1=276.909149; ', 'bpp_1=0.321987; ', 'mse_2=0.000380; ', 'lpips_2=0.000429; ', 'codec_recon_2=0.041625; ', 'estimated_kb_2=1103.697388; ', 'bpp_2=0.305564; ']
aux step[316] ; loss/aux = 23591.027344
train step[317/5000] ; used: 5m:18s; eta: 1h:18m:10s; loss = 0.092701; ['mse_0=0.000807; ', 'lpips_0=0.000712; ', 'codec_recon_0=0.011796; ', 'estimated_kb_0=1113.625000; ', 'bpp_0=6.474564; ', 'mse_1=0.000606; ', 'lpips_1=0.000584; ', 'codec_recon_1=0.241082; ', 'estimated_kb_1=276.275513; ', 'bpp_1=0.321251; ', 'mse_2=0.000415; ', 'lpips_2=0.000436; ', 'codec_recon_2=0.044259; ', 'estimated_kb_2=1102.228149; ', 'bpp_2=0.305157; ']
aux step[317] ; loss/aux = 23591.025391
train step[318/5000] ; used: 5m:19s; eta: 1h:18m:9s; loss = 0.088524; ['mse_0=0.001128; ', 'lpips_0=0.000915; ', 'codec_recon_0=0.012922; ', 'estimated_kb_0=1111.109253; ', 'bpp_0=6.459938; ', 'mse_1=0.001001; ', 'lpips_1=0.000793; ', 'codec_recon_1=0.216750; ', 'estimated_kb_1=276.566711; ', 'bpp_1=0.321589; ', 'mse_2=0.000943; ', 'lpips_2=0.000718; ', 'codec_recon_2=0.047079; ', 'estimated_kb_2=1101.705811; ', 'bpp_2=0.305013; ']
aux step[318] ; loss/aux = 23591.025391
train step[319/5000] ; used: 5m:20s; eta: 1h:18m:9s; loss = 0.095943; ['mse_0=0.002248; ', 'lpips_0=0.001037; ', 'codec_recon_0=0.014540; ', 'estimated_kb_0=1099.008057; ', 'bpp_0=6.389582; ', 'mse_1=0.002076; ', 'lpips_1=0.000940; ', 'codec_recon_1=0.235530; ', 'estimated_kb_1=276.261353; ', 'bpp_1=0.321234; ', 'mse_2=0.001828; ', 'lpips_2=0.000815; ', 'codec_recon_2=0.039927; ', 'estimated_kb_2=1099.140137; ', 'bpp_2=0.304302; ']
aux step[319] ; loss/aux = 23591.023438
train step[320/5000] ; used: 5m:21s; eta: 1h:18m:8s; loss = 0.101980; ['mse_0=0.001660; ', 'lpips_0=0.000840; ', 'codec_recon_0=0.014463; ', 'estimated_kb_0=1114.028076; ', 'bpp_0=6.476908; ', 'mse_1=0.001439; ', 'lpips_1=0.000744; ', 'codec_recon_1=0.261786; ', 'estimated_kb_1=277.212128; ', 'bpp_1=0.322340; ', 'mse_2=0.001260; ', 'lpips_2=0.000631; ', 'codec_recon_2=0.041771; ', 'estimated_kb_2=1106.485840; ', 'bpp_2=0.306336; ']
aux step[320] ; loss/aux = 23591.023438
train step[321/5000] ; used: 5m:22s; eta: 1h:18m:7s; loss = 0.118275; ['mse_0=0.001377; ', 'lpips_0=0.001031; ', 'codec_recon_0=0.011879; ', 'estimated_kb_0=1123.460449; ', 'bpp_0=6.531747; ', 'mse_1=0.001080; ', 'lpips_1=0.000925; ', 'codec_recon_1=0.316867; ', 'estimated_kb_1=277.307312; ', 'bpp_1=0.322450; ', 'mse_2=0.000776; ', 'lpips_2=0.000666; ', 'codec_recon_2=0.045984; ', 'estimated_kb_2=1111.649658; ', 'bpp_2=0.307766; ']
aux step[321] ; loss/aux = 23591.023438
train step[322/5000] ; used: 5m:23s; eta: 1h:18m:6s; loss = 0.097557; ['mse_0=0.000355; ', 'lpips_0=0.000754; ', 'codec_recon_0=0.011660; ', 'estimated_kb_0=1101.823730; ', 'bpp_0=6.405952; ', 'mse_1=0.000257; ', 'lpips_1=0.000601; ', 'codec_recon_1=0.255865; ', 'estimated_kb_1=275.265320; ', 'bpp_1=0.320076; ', 'mse_2=0.000178; ', 'lpips_2=0.000486; ', 'codec_recon_2=0.048894; ', 'estimated_kb_2=1095.632568; ', 'bpp_2=0.303331; ']
aux step[322] ; loss/aux = 23591.023438
train step[323/5000] ; used: 5m:24s; eta: 1h:18m:4s; loss = 0.086459; ['mse_0=0.000872; ', 'lpips_0=0.000800; ', 'codec_recon_0=0.014670; ', 'estimated_kb_0=1097.664673; ', 'bpp_0=6.381771; ', 'mse_1=0.000734; ', 'lpips_1=0.000693; ', 'codec_recon_1=0.213990; ', 'estimated_kb_1=276.136597; ', 'bpp_1=0.321089; ', 'mse_2=0.000645; ', 'lpips_2=0.000641; ', 'codec_recon_2=0.044925; ', 'estimated_kb_2=1097.711426; ', 'bpp_2=0.303907; ']
aux step[323] ; loss/aux = 23591.019531
train step[324/5000] ; used: 5m:25s; eta: 1h:18m:4s; loss = 0.117264; ['mse_0=0.001105; ', 'lpips_0=0.001084; ', 'codec_recon_0=0.014079; ', 'estimated_kb_0=1108.579468; ', 'bpp_0=6.445230; ', 'mse_1=0.000967; ', 'lpips_1=0.000988; ', 'codec_recon_1=0.306136; ', 'estimated_kb_1=275.883575; ', 'bpp_1=0.320795; ', 'mse_2=0.000863; ', 'lpips_2=0.000894; ', 'codec_recon_2=0.050993; ', 'estimated_kb_2=1106.452881; ', 'bpp_2=0.306327; ']
aux step[324] ; loss/aux = 23591.019531
train step[325/5000] ; used: 5m:26s; eta: 1h:18m:3s; loss = 0.084631; ['mse_0=0.000628; ', 'lpips_0=0.000650; ', 'codec_recon_0=0.012705; ', 'estimated_kb_0=1109.181152; ', 'bpp_0=6.448727; ', 'mse_1=0.000486; ', 'lpips_1=0.000558; ', 'codec_recon_1=0.212372; ', 'estimated_kb_1=276.473328; ', 'bpp_1=0.321481; ', 'mse_2=0.000430; ', 'lpips_2=0.000488; ', 'codec_recon_2=0.046224; ', 'estimated_kb_2=1101.936035; ', 'bpp_2=0.305076; ']
aux step[325] ; loss/aux = 23591.019531
train step[326/5000] ; used: 5m:27s; eta: 1h:18m:2s; loss = 0.108500; ['mse_0=0.003020; ', 'lpips_0=0.001205; ', 'codec_recon_0=0.014454; ', 'estimated_kb_0=1110.791870; ', 'bpp_0=6.458092; ', 'mse_1=0.002588; ', 'lpips_1=0.001064; ', 'codec_recon_1=0.266373; ', 'estimated_kb_1=276.826569; ', 'bpp_1=0.321891; ', 'mse_2=0.002298; ', 'lpips_2=0.000912; ', 'codec_recon_2=0.043886; ', 'estimated_kb_2=1105.020020; ', 'bpp_2=0.305930; ']
aux step[326] ; loss/aux = 23591.019531
train step[327/5000] ; used: 5m:28s; eta: 1h:18m:1s; loss = 0.123266; ['mse_0=0.005199; ', 'lpips_0=0.001192; ', 'codec_recon_0=0.011734; ', 'estimated_kb_0=1129.521973; ', 'bpp_0=6.566988; ', 'mse_1=0.004836; ', 'lpips_1=0.001051; ', 'codec_recon_1=0.299260; ', 'estimated_kb_1=278.831207; ', 'bpp_1=0.324222; ', 'mse_2=0.004520; ', 'lpips_2=0.000874; ', 'codec_recon_2=0.040985; ', 'estimated_kb_2=1117.452515; ', 'bpp_2=0.309372; ']
aux step[327] ; loss/aux = 23591.017578
train step[328/5000] ; used: 5m:29s; eta: 1h:18m; loss = 0.076898; ['mse_0=0.000601; ', 'lpips_0=0.000694; ', 'codec_recon_0=0.012865; ', 'estimated_kb_0=1103.135010; ', 'bpp_0=6.413576; ', 'mse_1=0.000459; ', 'lpips_1=0.000577; ', 'codec_recon_1=0.189316; ', 'estimated_kb_1=275.371735; ', 'bpp_1=0.320200; ', 'mse_2=0.000396; ', 'lpips_2=0.000530; ', 'codec_recon_2=0.043290; ', 'estimated_kb_2=1097.114990; ', 'bpp_2=0.303742; ']
aux step[328] ; loss/aux = 23591.017578
train step[329/5000] ; used: 5m:30s; eta: 1h:17m:59s; loss = 0.112051; ['mse_0=0.002758; ', 'lpips_0=0.001221; ', 'codec_recon_0=0.012666; ', 'estimated_kb_0=1127.166138; ', 'bpp_0=6.553291; ', 'mse_1=0.002545; ', 'lpips_1=0.001085; ', 'codec_recon_1=0.280158; ', 'estimated_kb_1=278.121002; ', 'bpp_1=0.323397; ', 'mse_2=0.002277; ', 'lpips_2=0.000943; ', 'codec_recon_2=0.044581; ', 'estimated_kb_2=1113.274048; ', 'bpp_2=0.308215; ']
aux step[329] ; loss/aux = 23591.015625
train step[330/5000] ; used: 5m:31s; eta: 1h:17m:58s; loss = 0.104094; ['mse_0=0.004207; ', 'lpips_0=0.001390; ', 'codec_recon_0=0.012803; ', 'estimated_kb_0=1117.223511; ', 'bpp_0=6.495485; ', 'mse_1=0.004064; ', 'lpips_1=0.001258; ', 'codec_recon_1=0.235720; ', 'estimated_kb_1=276.981567; ', 'bpp_1=0.322072; ', 'mse_2=0.004017; ', 'lpips_2=0.001164; ', 'codec_recon_2=0.044787; ', 'estimated_kb_2=1106.092529; ', 'bpp_2=0.306227; ']
aux step[330] ; loss/aux = 23591.015625
train step[331/5000] ; used: 5m:32s; eta: 1h:17m:57s; loss = 0.099522; ['mse_0=0.000924; ', 'lpips_0=0.000864; ', 'codec_recon_0=0.011016; ', 'estimated_kb_0=1137.244141; ', 'bpp_0=6.611885; ', 'mse_1=0.000720; ', 'lpips_1=0.000721; ', 'codec_recon_1=0.256328; ', 'estimated_kb_1=279.402832; ', 'bpp_1=0.324887; ', 'mse_2=0.000566; ', 'lpips_2=0.000568; ', 'codec_recon_2=0.049860; ', 'estimated_kb_2=1117.990479; ', 'bpp_2=0.309521; ']
aux step[331] ; loss/aux = 23591.013672
train step[332/5000] ; used: 5m:33s; eta: 1h:17m:56s; loss = 0.084649; ['mse_0=0.000500; ', 'lpips_0=0.000618; ', 'codec_recon_0=0.013302; ', 'estimated_kb_0=1094.984497; ', 'bpp_0=6.366189; ', 'mse_1=0.000394; ', 'lpips_1=0.000508; ', 'codec_recon_1=0.216554; ', 'estimated_kb_1=274.751587; ', 'bpp_1=0.319479; ', 'mse_2=0.000313; ', 'lpips_2=0.000439; ', 'codec_recon_2=0.043068; ', 'estimated_kb_2=1095.754761; ', 'bpp_2=0.303365; ']
aux step[332] ; loss/aux = 23591.013672
train step[333/5000] ; used: 5m:34s; eta: 1h:17m:55s; loss = 0.129625; ['mse_0=0.007475; ', 'lpips_0=0.001765; ', 'codec_recon_0=0.016056; ', 'estimated_kb_0=1098.629028; ', 'bpp_0=6.387378; ', 'mse_1=0.007419; ', 'lpips_1=0.001697; ', 'codec_recon_1=0.280083; ', 'estimated_kb_1=275.896881; ', 'bpp_1=0.320810; ', 'mse_2=0.007293; ', 'lpips_2=0.001601; ', 'codec_recon_2=0.045109; ', 'estimated_kb_2=1098.587524; ', 'bpp_2=0.304149; ']
aux step[333] ; loss/aux = 23591.013672
train step[334/5000] ; used: 5m:35s; eta: 1h:17m:54s; loss = 0.119442; ['mse_0=0.001705; ', 'lpips_0=0.001083; ', 'codec_recon_0=0.012355; ', 'estimated_kb_0=1117.176270; ', 'bpp_0=6.495211; ', 'mse_1=0.001391; ', 'lpips_1=0.000946; ', 'codec_recon_1=0.322812; ', 'estimated_kb_1=277.947571; ', 'bpp_1=0.323195; ', 'mse_2=0.000902; ', 'lpips_2=0.000676; ', 'codec_recon_2=0.040625; ', 'estimated_kb_2=1110.096191; ', 'bpp_2=0.307336; ']
aux step[334] ; loss/aux = 23591.011719
train step[335/5000] ; used: 5m:36s; eta: 1h:17m:53s; loss = 0.088700; ['mse_0=0.000639; ', 'lpips_0=0.000641; ', 'codec_recon_0=0.012885; ', 'estimated_kb_0=1108.587402; ', 'bpp_0=6.445276; ', 'mse_1=0.000491; ', 'lpips_1=0.000547; ', 'codec_recon_1=0.225591; ', 'estimated_kb_1=276.160858; ', 'bpp_1=0.321117; ', 'mse_2=0.000410; ', 'lpips_2=0.000477; ', 'codec_recon_2=0.046505; ', 'estimated_kb_2=1099.443359; ', 'bpp_2=0.304386; ']
aux step[335] ; loss/aux = 23591.011719
train step[336/5000] ; used: 5m:37s; eta: 1h:17m:52s; loss = 0.089823; ['mse_0=0.000834; ', 'lpips_0=0.000699; ', 'codec_recon_0=0.013128; ', 'estimated_kb_0=1110.434814; ', 'bpp_0=6.456017; ', 'mse_1=0.000735; ', 'lpips_1=0.000581; ', 'codec_recon_1=0.227259; ', 'estimated_kb_1=277.179169; ', 'bpp_1=0.322301; ', 'mse_2=0.000576; ', 'lpips_2=0.000479; ', 'codec_recon_2=0.046007; ', 'estimated_kb_2=1103.845337; ', 'bpp_2=0.305605; ']
aux step[336] ; loss/aux = 23591.011719
train step[337/5000] ; used: 5m:38s; eta: 1h:17m:51s; loss = 0.095615; ['mse_0=0.001696; ', 'lpips_0=0.000879; ', 'codec_recon_0=0.012781; ', 'estimated_kb_0=1121.682983; ', 'bpp_0=6.521413; ', 'mse_1=0.001458; ', 'lpips_1=0.000757; ', 'codec_recon_1=0.239512; ', 'estimated_kb_1=278.012726; ', 'bpp_1=0.323271; ', 'mse_2=0.001389; ', 'lpips_2=0.000689; ', 'codec_recon_2=0.043530; ', 'estimated_kb_2=1108.158936; ', 'bpp_2=0.306799; ']
aux step[337] ; loss/aux = 23591.011719
train step[338/5000] ; used: 5m:39s; eta: 1h:17m:50s; loss = 0.098499; ['mse_0=0.006137; ', 'lpips_0=0.001040; ', 'codec_recon_0=0.011997; ', 'estimated_kb_0=1111.173096; ', 'bpp_0=6.460309; ', 'mse_1=0.003258; ', 'lpips_1=0.000873; ', 'codec_recon_1=0.224316; ', 'estimated_kb_1=276.915314; ', 'bpp_1=0.321995; ', 'mse_2=0.002605; ', 'lpips_2=0.000805; ', 'codec_recon_2=0.042961; ', 'estimated_kb_2=1102.513916; ', 'bpp_2=0.305236; ']
aux step[338] ; loss/aux = 23591.007812
train step[339/5000] ; used: 5m:40s; eta: 1h:17m:49s; loss = 0.097766; ['mse_0=0.003874; ', 'lpips_0=0.001019; ', 'codec_recon_0=0.013331; ', 'estimated_kb_0=1111.555664; ', 'bpp_0=6.462533; ', 'mse_1=0.003649; ', 'lpips_1=0.000920; ', 'codec_recon_1=0.223487; ', 'estimated_kb_1=277.426605; ', 'bpp_1=0.322589; ', 'mse_2=0.003506; ', 'lpips_2=0.000839; ', 'codec_recon_2=0.043045; ', 'estimated_kb_2=1102.921265; ', 'bpp_2=0.305349; ']
aux step[339] ; loss/aux = 23591.007812
train step[340/5000] ; used: 5m:41s; eta: 1h:17m:48s; loss = 0.110609; ['mse_0=0.002803; ', 'lpips_0=0.000913; ', 'codec_recon_0=0.012731; ', 'estimated_kb_0=1126.330078; ', 'bpp_0=6.548430; ', 'mse_1=0.002477; ', 'lpips_1=0.000784; ', 'codec_recon_1=0.282037; ', 'estimated_kb_1=278.739288; ', 'bpp_1=0.324115; ', 'mse_2=0.002143; ', 'lpips_2=0.000636; ', 'codec_recon_2=0.041412; ', 'estimated_kb_2=1114.535034; ', 'bpp_2=0.308565; ']
aux step[340] ; loss/aux = 23591.007812
train step[341/5000] ; used: 5m:42s; eta: 1h:17m:47s; loss = 0.106890; ['mse_0=0.001284; ', 'lpips_0=0.000973; ', 'codec_recon_0=0.013404; ', 'estimated_kb_0=1124.490356; ', 'bpp_0=6.537735; ', 'mse_1=0.001097; ', 'lpips_1=0.000848; ', 'codec_recon_1=0.273909; ', 'estimated_kb_1=278.165955; ', 'bpp_1=0.323449; ', 'mse_2=0.000947; ', 'lpips_2=0.000716; ', 'codec_recon_2=0.049440; ', 'estimated_kb_2=1112.379150; ', 'bpp_2=0.307968; ']
aux step[341] ; loss/aux = 23591.007812
train step[342/5000] ; used: 5m:43s; eta: 1h:17m:46s; loss = 0.100126; ['mse_0=0.002810; ', 'lpips_0=0.001806; ', 'codec_recon_0=0.016817; ', 'estimated_kb_0=1093.385742; ', 'bpp_0=6.356894; ', 'mse_1=0.002654; ', 'lpips_1=0.001684; ', 'codec_recon_1=0.225789; ', 'estimated_kb_1=276.113861; ', 'bpp_1=0.321063; ', 'mse_2=0.002646; ', 'lpips_2=0.001638; ', 'codec_recon_2=0.047023; ', 'estimated_kb_2=1097.554077; ', 'bpp_2=0.303863; ']
aux step[342] ; loss/aux = 23591.005859
train step[343/5000] ; used: 5m:44s; eta: 1h:17m:45s; loss = 0.107197; ['mse_0=0.001688; ', 'lpips_0=0.001451; ', 'codec_recon_0=0.011994; ', 'estimated_kb_0=1127.209473; ', 'bpp_0=6.553543; ', 'mse_1=0.001467; ', 'lpips_1=0.001274; ', 'codec_recon_1=0.265417; ', 'estimated_kb_1=277.609344; ', 'bpp_1=0.322802; ', 'mse_2=0.001361; ', 'lpips_2=0.001118; ', 'codec_recon_2=0.052051; ', 'estimated_kb_2=1113.894043; ', 'bpp_2=0.308387; ']
aux step[343] ; loss/aux = 23591.003906
train step[344/5000] ; used: 5m:45s; eta: 1h:17m:44s; loss = 0.081669; ['mse_0=0.000578; ', 'lpips_0=0.000670; ', 'codec_recon_0=0.012021; ', 'estimated_kb_0=1101.115356; ', 'bpp_0=6.401834; ', 'mse_1=0.000501; ', 'lpips_1=0.000593; ', 'codec_recon_1=0.205647; ', 'estimated_kb_1=275.565186; ', 'bpp_1=0.320425; ', 'mse_2=0.000464; ', 'lpips_2=0.000539; ', 'codec_recon_2=0.043412; ', 'estimated_kb_2=1097.848877; ', 'bpp_2=0.303945; ']
aux step[344] ; loss/aux = 23591.003906
train step[345/5000] ; used: 5m:46s; eta: 1h:17m:43s; loss = 0.090184; ['mse_0=0.001856; ', 'lpips_0=0.000821; ', 'codec_recon_0=0.013830; ', 'estimated_kb_0=1110.041870; ', 'bpp_0=6.453732; ', 'mse_1=0.001799; ', 'lpips_1=0.000713; ', 'codec_recon_1=0.218597; ', 'estimated_kb_1=277.289734; ', 'bpp_1=0.322430; ', 'mse_2=0.001751; ', 'lpips_2=0.000644; ', 'codec_recon_2=0.042906; ', 'estimated_kb_2=1105.770264; ', 'bpp_2=0.306138; ']
aux step[345] ; loss/aux = 23591.003906
train step[346/5000] ; used: 5m:47s; eta: 1h:17m:42s; loss = 0.088166; ['mse_0=0.000390; ', 'lpips_0=0.000486; ', 'codec_recon_0=0.012504; ', 'estimated_kb_0=1109.005737; ', 'bpp_0=6.447708; ', 'mse_1=0.000270; ', 'lpips_1=0.000374; ', 'codec_recon_1=0.231129; ', 'estimated_kb_1=275.941833; ', 'bpp_1=0.320863; ', 'mse_2=0.000192; ', 'lpips_2=0.000302; ', 'codec_recon_2=0.043541; ', 'estimated_kb_2=1099.582520; ', 'bpp_2=0.304425; ']
aux step[346] ; loss/aux = 23591.003906
train step[347/5000] ; used: 5m:48s; eta: 1h:17m:41s; loss = 0.077062; ['mse_0=0.000494; ', 'lpips_0=0.000749; ', 'codec_recon_0=0.011423; ', 'estimated_kb_0=1097.210693; ', 'bpp_0=6.379132; ', 'mse_1=0.000399; ', 'lpips_1=0.000635; ', 'codec_recon_1=0.195755; ', 'estimated_kb_1=275.921661; ', 'bpp_1=0.320839; ', 'mse_2=0.000348; ', 'lpips_2=0.000587; ', 'codec_recon_2=0.038990; ', 'estimated_kb_2=1094.451050; ', 'bpp_2=0.303004; ']
aux step[347] ; loss/aux = 23591.001953
train step[348/5000] ; used: 5m:49s; eta: 1h:17m:40s; loss = 0.099108; ['mse_0=0.003200; ', 'lpips_0=0.001173; ', 'codec_recon_0=0.013269; ', 'estimated_kb_0=1106.827026; ', 'bpp_0=6.435040; ', 'mse_1=0.002782; ', 'lpips_1=0.001006; ', 'codec_recon_1=0.233972; ', 'estimated_kb_1=276.298798; ', 'bpp_1=0.321278; ', 'mse_2=0.002683; ', 'lpips_2=0.000951; ', 'codec_recon_2=0.043802; ', 'estimated_kb_2=1102.158325; ', 'bpp_2=0.305138; ']
aux step[348] ; loss/aux = 23591.001953
train step[349/5000] ; used: 5m:50s; eta: 1h:17m:39s; loss = 0.076585; ['mse_0=0.002204; ', 'lpips_0=0.000849; ', 'codec_recon_0=0.013488; ', 'estimated_kb_0=1085.555664; ', 'bpp_0=6.311370; ', 'mse_1=0.001929; ', 'lpips_1=0.000740; ', 'codec_recon_1=0.175201; ', 'estimated_kb_1=274.289520; ', 'bpp_1=0.318941; ', 'mse_2=0.001898; ', 'lpips_2=0.000698; ', 'codec_recon_2=0.038867; ', 'estimated_kb_2=1087.680664; ', 'bpp_2=0.301130; ']
aux step[349] ; loss/aux = 23591.001953
train step[350/5000] ; used: 5m:51s; eta: 1h:17m:38s; loss = 0.103845; ['mse_0=0.005804; ', 'lpips_0=0.001246; ', 'codec_recon_0=0.013903; ', 'estimated_kb_0=1112.184570; ', 'bpp_0=6.466189; ', 'mse_1=0.005905; ', 'lpips_1=0.001164; ', 'codec_recon_1=0.216502; ', 'estimated_kb_1=277.108215; ', 'bpp_1=0.322219; ', 'mse_2=0.005956; ', 'lpips_2=0.001116; ', 'codec_recon_2=0.045113; ', 'estimated_kb_2=1106.013550; ', 'bpp_2=0.306205; ']
aux step[350] ; loss/aux = 23591.000000
train step[351/5000] ; used: 5m:52s; eta: 1h:17m:37s; loss = 0.077933; ['mse_0=0.000716; ', 'lpips_0=0.000548; ', 'codec_recon_0=0.013450; ', 'estimated_kb_0=1083.177856; ', 'bpp_0=6.297546; ', 'mse_1=0.000611; ', 'lpips_1=0.000445; ', 'codec_recon_1=0.197202; ', 'estimated_kb_1=272.366821; ', 'bpp_1=0.316706; ', 'mse_2=0.000547; ', 'lpips_2=0.000396; ', 'codec_recon_2=0.038246; ', 'estimated_kb_2=1084.007202; ', 'bpp_2=0.300113; ']
aux step[351] ; loss/aux = 23590.998047
train step[352/5000] ; used: 5m:53s; eta: 1h:17m:36s; loss = 0.120845; ['mse_0=0.007568; ', 'lpips_0=0.001707; ', 'codec_recon_0=0.014632; ', 'estimated_kb_0=1108.506592; ', 'bpp_0=6.444806; ', 'mse_1=0.007154; ', 'lpips_1=0.001579; ', 'codec_recon_1=0.252143; ', 'estimated_kb_1=276.354553; ', 'bpp_1=0.321342; ', 'mse_2=0.007000; ', 'lpips_2=0.001472; ', 'codec_recon_2=0.047776; ', 'estimated_kb_2=1108.168213; ', 'bpp_2=0.306802; ']
aux step[352] ; loss/aux = 23590.998047
train step[353/5000] ; used: 5m:54s; eta: 1h:17m:35s; loss = 0.092162; ['mse_0=0.000921; ', 'lpips_0=0.000791; ', 'codec_recon_0=0.012957; ', 'estimated_kb_0=1109.116821; ', 'bpp_0=6.448353; ', 'mse_1=0.000778; ', 'lpips_1=0.000679; ', 'codec_recon_1=0.233361; ', 'estimated_kb_1=276.083160; ', 'bpp_1=0.321027; ', 'mse_2=0.000703; ', 'lpips_2=0.000611; ', 'codec_recon_2=0.045947; ', 'estimated_kb_2=1100.802734; ', 'bpp_2=0.304763; ']
aux step[353] ; loss/aux = 23590.998047
train step[354/5000] ; used: 5m:55s; eta: 1h:17m:34s; loss = 0.102297; ['mse_0=0.002362; ', 'lpips_0=0.000982; ', 'codec_recon_0=0.013782; ', 'estimated_kb_0=1108.109009; ', 'bpp_0=6.442494; ', 'mse_1=0.002115; ', 'lpips_1=0.000876; ', 'codec_recon_1=0.255392; ', 'estimated_kb_1=276.975861; ', 'bpp_1=0.322065; ', 'mse_2=0.001967; ', 'lpips_2=0.000786; ', 'codec_recon_2=0.041525; ', 'estimated_kb_2=1102.928711; ', 'bpp_2=0.305351; ']
aux step[354] ; loss/aux = 23590.996094
train step[355/5000] ; used: 5m:56s; eta: 1h:17m:33s; loss = 0.094038; ['mse_0=0.001846; ', 'lpips_0=0.001107; ', 'codec_recon_0=0.014218; ', 'estimated_kb_0=1092.212402; ', 'bpp_0=6.350072; ', 'mse_1=0.001711; ', 'lpips_1=0.001035; ', 'codec_recon_1=0.224052; ', 'estimated_kb_1=274.868652; ', 'bpp_1=0.319615; ', 'mse_2=0.001654; ', 'lpips_2=0.000977; ', 'codec_recon_2=0.047421; ', 'estimated_kb_2=1093.640259; ', 'bpp_2=0.302780; ']
aux step[355] ; loss/aux = 23590.996094
train step[356/5000] ; used: 5m:57s; eta: 1h:17m:32s; loss = 0.085286; ['mse_0=0.000321; ', 'lpips_0=0.000685; ', 'codec_recon_0=0.012758; ', 'estimated_kb_0=1097.892822; ', 'bpp_0=6.383098; ', 'mse_1=0.000239; ', 'lpips_1=0.000548; ', 'codec_recon_1=0.217558; ', 'estimated_kb_1=274.806549; ', 'bpp_1=0.319542; ', 'mse_2=0.000183; ', 'lpips_2=0.000479; ', 'codec_recon_2=0.045789; ', 'estimated_kb_2=1097.051880; ', 'bpp_2=0.303724; ']
aux step[356] ; loss/aux = 23590.996094
train step[357/5000] ; used: 5m:58s; eta: 1h:17m:30s; loss = 0.088929; ['mse_0=0.000692; ', 'lpips_0=0.000691; ', 'codec_recon_0=0.013310; ', 'estimated_kb_0=1106.798096; ', 'bpp_0=6.434873; ', 'mse_1=0.000546; ', 'lpips_1=0.000611; ', 'codec_recon_1=0.229093; ', 'estimated_kb_1=276.349976; ', 'bpp_1=0.321337; ', 'mse_2=0.000418; ', 'lpips_2=0.000526; ', 'codec_recon_2=0.042411; ', 'estimated_kb_2=1100.390625; ', 'bpp_2=0.304649; ']
aux step[357] ; loss/aux = 23590.994141
train step[358/5000] ; used: 5m:59s; eta: 1h:17m:29s; loss = 0.118890; ['mse_0=0.004316; ', 'lpips_0=0.001431; ', 'codec_recon_0=0.013626; ', 'estimated_kb_0=1127.189453; ', 'bpp_0=6.553427; ', 'mse_1=0.004132; ', 'lpips_1=0.001311; ', 'codec_recon_1=0.280355; ', 'estimated_kb_1=279.027863; ', 'bpp_1=0.324451; ', 'mse_2=0.003944; ', 'lpips_2=0.001163; ', 'codec_recon_2=0.047995; ', 'estimated_kb_2=1113.180908; ', 'bpp_2=0.308190; ']
aux step[358] ; loss/aux = 23590.992188
train step[359/5000] ; used: 6m; eta: 1h:17m:28s; loss = 0.085099; ['mse_0=0.000739; ', 'lpips_0=0.000726; ', 'codec_recon_0=0.013346; ', 'estimated_kb_0=1098.468750; ', 'bpp_0=6.386446; ', 'mse_1=0.000596; ', 'lpips_1=0.000630; ', 'codec_recon_1=0.217852; ', 'estimated_kb_1=276.817444; ', 'bpp_1=0.321881; ', 'mse_2=0.000467; ', 'lpips_2=0.000541; ', 'codec_recon_2=0.040130; ', 'estimated_kb_2=1097.782959; ', 'bpp_2=0.303927; ']
aux step[359] ; loss/aux = 23590.992188
train step[360/5000] ; used: 6m:1s; eta: 1h:17m:31s; loss = 0.090589; ['mse_0=0.000492; ', 'lpips_0=0.000666; ', 'codec_recon_0=0.012387; ', 'estimated_kb_0=1101.656738; ', 'bpp_0=6.404981; ', 'mse_1=0.000382; ', 'lpips_1=0.000548; ', 'codec_recon_1=0.236227; ', 'estimated_kb_1=275.877716; ', 'bpp_1=0.320788; ', 'mse_2=0.000277; ', 'lpips_2=0.000472; ', 'codec_recon_2=0.043892; ', 'estimated_kb_2=1100.217896; ', 'bpp_2=0.304601; ']
aux step[360] ; loss/aux = 23590.990234
train step[361/5000] ; used: 6m:2s; eta: 1h:17m:30s; loss = 0.086347; ['mse_0=0.000559; ', 'lpips_0=0.000713; ', 'codec_recon_0=0.010711; ', 'estimated_kb_0=1108.501587; ', 'bpp_0=6.444777; ', 'mse_1=0.000441; ', 'lpips_1=0.000611; ', 'codec_recon_1=0.224311; ', 'estimated_kb_1=276.306671; ', 'bpp_1=0.321287; ', 'mse_2=0.000336; ', 'lpips_2=0.000529; ', 'codec_recon_2=0.042173; ', 'estimated_kb_2=1100.545044; ', 'bpp_2=0.304691; ']
aux step[361] ; loss/aux = 23590.990234
train step[362/5000] ; used: 6m:3s; eta: 1h:17m:29s; loss = 0.090959; ['mse_0=0.001126; ', 'lpips_0=0.000738; ', 'codec_recon_0=0.011947; ', 'estimated_kb_0=1115.419434; ', 'bpp_0=6.484997; ', 'mse_1=0.000911; ', 'lpips_1=0.000615; ', 'codec_recon_1=0.234461; ', 'estimated_kb_1=277.670319; ', 'bpp_1=0.322872; ', 'mse_2=0.000709; ', 'lpips_2=0.000512; ', 'codec_recon_2=0.041422; ', 'estimated_kb_2=1106.207397; ', 'bpp_2=0.306259; ']
aux step[362] ; loss/aux = 23590.990234
train step[363/5000] ; used: 6m:4s; eta: 1h:17m:27s; loss = 0.102555; ['mse_0=0.000945; ', 'lpips_0=0.000934; ', 'codec_recon_0=0.013411; ', 'estimated_kb_0=1122.311523; ', 'bpp_0=6.525067; ', 'mse_1=0.000781; ', 'lpips_1=0.000771; ', 'codec_recon_1=0.262537; ', 'estimated_kb_1=277.557892; ', 'bpp_1=0.322742; ', 'mse_2=0.000680; ', 'lpips_2=0.000646; ', 'codec_recon_2=0.050044; ', 'estimated_kb_2=1112.855347; ', 'bpp_2=0.308100; ']
aux step[363] ; loss/aux = 23590.990234
train step[364/5000] ; used: 6m:5s; eta: 1h:17m:27s; loss = 0.112074; ['mse_0=0.001083; ', 'lpips_0=0.001032; ', 'codec_recon_0=0.013583; ', 'estimated_kb_0=1128.894653; ', 'bpp_0=6.563341; ', 'mse_1=0.000936; ', 'lpips_1=0.000896; ', 'codec_recon_1=0.294509; ', 'estimated_kb_1=277.841217; ', 'bpp_1=0.323071; ', 'mse_2=0.000740; ', 'lpips_2=0.000709; ', 'codec_recon_2=0.047500; ', 'estimated_kb_2=1113.505859; ', 'bpp_2=0.308280; ']
aux step[364] ; loss/aux = 23590.988281
train step[365/5000] ; used: 6m:6s; eta: 1h:17m:26s; loss = 0.091866; ['mse_0=0.001363; ', 'lpips_0=0.000880; ', 'codec_recon_0=0.014787; ', 'estimated_kb_0=1118.401489; ', 'bpp_0=6.502334; ', 'mse_1=0.001253; ', 'lpips_1=0.000753; ', 'codec_recon_1=0.219446; ', 'estimated_kb_1=276.513641; ', 'bpp_1=0.321528; ', 'mse_2=0.001241; ', 'lpips_2=0.000706; ', 'codec_recon_2=0.051329; ', 'estimated_kb_2=1105.509766; ', 'bpp_2=0.306066; ']
aux step[365] ; loss/aux = 23590.988281
train step[366/5000] ; used: 6m:7s; eta: 1h:17m:25s; loss = 0.108438; ['mse_0=0.001724; ', 'lpips_0=0.001076; ', 'codec_recon_0=0.010713; ', 'estimated_kb_0=1128.161377; ', 'bpp_0=6.559078; ', 'mse_1=0.001494; ', 'lpips_1=0.000955; ', 'codec_recon_1=0.282670; ', 'estimated_kb_1=278.356445; ', 'bpp_1=0.323670; ', 'mse_2=0.001175; ', 'lpips_2=0.000737; ', 'codec_recon_2=0.044209; ', 'estimated_kb_2=1113.654053; ', 'bpp_2=0.308321; ']
aux step[366] ; loss/aux = 23590.988281
train step[367/5000] ; used: 6m:8s; eta: 1h:17m:24s; loss = 0.091506; ['mse_0=0.000885; ', 'lpips_0=0.000748; ', 'codec_recon_0=0.013509; ', 'estimated_kb_0=1116.096191; ', 'bpp_0=6.488931; ', 'mse_1=0.000741; ', 'lpips_1=0.000628; ', 'codec_recon_1=0.227107; ', 'estimated_kb_1=277.440308; ', 'bpp_1=0.322605; ', 'mse_2=0.000719; ', 'lpips_2=0.000583; ', 'codec_recon_2=0.050052; ', 'estimated_kb_2=1107.897583; ', 'bpp_2=0.306727; ']
aux step[367] ; loss/aux = 23590.986328
train step[368/5000] ; used: 6m:9s; eta: 1h:17m:23s; loss = 0.093651; ['mse_0=0.001829; ', 'lpips_0=0.000983; ', 'codec_recon_0=0.013584; ', 'estimated_kb_0=1109.077637; ', 'bpp_0=6.448125; ', 'mse_1=0.001556; ', 'lpips_1=0.000862; ', 'codec_recon_1=0.229267; ', 'estimated_kb_1=277.759521; ', 'bpp_1=0.322976; ', 'mse_2=0.001466; ', 'lpips_2=0.000776; ', 'codec_recon_2=0.044415; ', 'estimated_kb_2=1106.067139; ', 'bpp_2=0.306220; ']
aux step[368] ; loss/aux = 23590.984375
train step[369/5000] ; used: 6m:10s; eta: 1h:17m:22s; loss = 0.083869; ['mse_0=0.000791; ', 'lpips_0=0.000599; ', 'codec_recon_0=0.012024; ', 'estimated_kb_0=1110.606445; ', 'bpp_0=6.457014; ', 'mse_1=0.000578; ', 'lpips_1=0.000484; ', 'codec_recon_1=0.214435; ', 'estimated_kb_1=276.415436; ', 'bpp_1=0.321413; ', 'mse_2=0.000480; ', 'lpips_2=0.000408; ', 'codec_recon_2=0.041972; ', 'estimated_kb_2=1100.369751; ', 'bpp_2=0.304643; ']
aux step[369] ; loss/aux = 23590.984375
train step[370/5000] ; used: 6m:11s; eta: 1h:17m:21s; loss = 0.084024; ['mse_0=0.000748; ', 'lpips_0=0.000616; ', 'codec_recon_0=0.010646; ', 'estimated_kb_0=1107.679688; ', 'bpp_0=6.439998; ', 'mse_1=0.000591; ', 'lpips_1=0.000539; ', 'codec_recon_1=0.219002; ', 'estimated_kb_1=276.319183; ', 'bpp_1=0.321301; ', 'mse_2=0.000504; ', 'lpips_2=0.000473; ', 'codec_recon_2=0.038862; ', 'estimated_kb_2=1099.282349; ', 'bpp_2=0.304342; ']
aux step[370] ; loss/aux = 23590.984375
train step[371/5000] ; used: 6m:12s; eta: 1h:17m:19s; loss = 0.105068; ['mse_0=0.002665; ', 'lpips_0=0.001173; ', 'codec_recon_0=0.015876; ', 'estimated_kb_0=1104.251343; ', 'bpp_0=6.420066; ', 'mse_1=0.002504; ', 'lpips_1=0.001097; ', 'codec_recon_1=0.246295; ', 'estimated_kb_1=275.279144; ', 'bpp_1=0.320092; ', 'mse_2=0.002440; ', 'lpips_2=0.001014; ', 'codec_recon_2=0.051745; ', 'estimated_kb_2=1099.735107; ', 'bpp_2=0.304467; ']
aux step[371] ; loss/aux = 23590.982422
train step[372/5000] ; used: 6m:13s; eta: 1h:17m:18s; loss = 0.082062; ['mse_0=0.001003; ', 'lpips_0=0.000571; ', 'codec_recon_0=0.012155; ', 'estimated_kb_0=1110.092773; ', 'bpp_0=6.454028; ', 'mse_1=0.000923; ', 'lpips_1=0.000468; ', 'codec_recon_1=0.202690; ', 'estimated_kb_1=276.049988; ', 'bpp_1=0.320988; ', 'mse_2=0.000862; ', 'lpips_2=0.000420; ', 'codec_recon_2=0.044536; ', 'estimated_kb_2=1101.866211; ', 'bpp_2=0.305057; ']
aux step[372] ; loss/aux = 23590.980469
train step[373/5000] ; used: 6m:14s; eta: 1h:17m:17s; loss = 0.084799; ['mse_0=0.000842; ', 'lpips_0=0.000734; ', 'codec_recon_0=0.014606; ', 'estimated_kb_0=1095.336914; ', 'bpp_0=6.368238; ', 'mse_1=0.000725; ', 'lpips_1=0.000630; ', 'codec_recon_1=0.211458; ', 'estimated_kb_1=275.201782; ', 'bpp_1=0.320002; ', 'mse_2=0.000622; ', 'lpips_2=0.000576; ', 'codec_recon_2=0.042841; ', 'estimated_kb_2=1095.044678; ', 'bpp_2=0.303169; ']
aux step[373] ; loss/aux = 23590.980469
train step[374/5000] ; used: 6m:15s; eta: 1h:17m:16s; loss = 0.118134; ['mse_0=0.002149; ', 'lpips_0=0.000959; ', 'codec_recon_0=0.012647; ', 'estimated_kb_0=1109.906738; ', 'bpp_0=6.452946; ', 'mse_1=0.001783; ', 'lpips_1=0.000826; ', 'codec_recon_1=0.315671; ', 'estimated_kb_1=276.700378; ', 'bpp_1=0.321745; ', 'mse_2=0.001208; ', 'lpips_2=0.000604; ', 'codec_recon_2=0.040364; ', 'estimated_kb_2=1107.081299; ', 'bpp_2=0.306501; ']
aux step[374] ; loss/aux = 23590.980469
train step[375/5000] ; used: 6m:16s; eta: 1h:17m:15s; loss = 0.099117; ['mse_0=0.000843; ', 'lpips_0=0.000867; ', 'codec_recon_0=0.013135; ', 'estimated_kb_0=1118.010498; ', 'bpp_0=6.500062; ', 'mse_1=0.000693; ', 'lpips_1=0.000675; ', 'codec_recon_1=0.249269; ', 'estimated_kb_1=277.737915; ', 'bpp_1=0.322951; ', 'mse_2=0.000606; ', 'lpips_2=0.000588; ', 'codec_recon_2=0.053745; ', 'estimated_kb_2=1110.645996; ', 'bpp_2=0.307488; ']
aux step[375] ; loss/aux = 23590.980469
train step[376/5000] ; used: 6m:17s; eta: 1h:17m:14s; loss = 0.074808; ['mse_0=0.000808; ', 'lpips_0=0.000677; ', 'codec_recon_0=0.014823; ', 'estimated_kb_0=1096.641113; ', 'bpp_0=6.375820; ', 'mse_1=0.000736; ', 'lpips_1=0.000602; ', 'codec_recon_1=0.177327; ', 'estimated_kb_1=274.286896; ', 'bpp_1=0.318938; ', 'mse_2=0.000736; ', 'lpips_2=0.000575; ', 'codec_recon_2=0.043425; ', 'estimated_kb_2=1092.201050; ', 'bpp_2=0.302381; ']
aux step[376] ; loss/aux = 23590.978516
train step[377/5000] ; used: 6m:18s; eta: 1h:17m:13s; loss = 0.102138; ['mse_0=0.001165; ', 'lpips_0=0.000807; ', 'codec_recon_0=0.014644; ', 'estimated_kb_0=1112.219360; ', 'bpp_0=6.466392; ', 'mse_1=0.001009; ', 'lpips_1=0.000688; ', 'codec_recon_1=0.261703; ', 'estimated_kb_1=276.957153; ', 'bpp_1=0.322043; ', 'mse_2=0.000892; ', 'lpips_2=0.000573; ', 'codec_recon_2=0.046999; ', 'estimated_kb_2=1107.199219; ', 'bpp_2=0.306534; ']
aux step[377] ; loss/aux = 23590.978516
train step[378/5000] ; used: 6m:19s; eta: 1h:17m:12s; loss = 0.095959; ['mse_0=0.001915; ', 'lpips_0=0.000945; ', 'codec_recon_0=0.012604; ', 'estimated_kb_0=1111.218994; ', 'bpp_0=6.460575; ', 'mse_1=0.001827; ', 'lpips_1=0.000852; ', 'codec_recon_1=0.233739; ', 'estimated_kb_1=276.166321; ', 'bpp_1=0.321124; ', 'mse_2=0.001843; ', 'lpips_2=0.000794; ', 'codec_recon_2=0.046267; ', 'estimated_kb_2=1101.798218; ', 'bpp_2=0.305038; ']
aux step[378] ; loss/aux = 23590.976562
train step[379/5000] ; used: 6m:20s; eta: 1h:17m:10s; loss = 0.119478; ['mse_0=0.001723; ', 'lpips_0=0.001015; ', 'codec_recon_0=0.011725; ', 'estimated_kb_0=1140.710693; ', 'bpp_0=6.632039; ', 'mse_1=0.001451; ', 'lpips_1=0.000891; ', 'codec_recon_1=0.319734; ', 'estimated_kb_1=279.973083; ', 'bpp_1=0.325550; ', 'mse_2=0.001120; ', 'lpips_2=0.000647; ', 'codec_recon_2=0.043978; ', 'estimated_kb_2=1125.139404; ', 'bpp_2=0.311500; ']
aux step[379] ; loss/aux = 23590.976562
train step[380/5000] ; used: 6m:21s; eta: 1h:17m:9s; loss = 0.091840; ['mse_0=0.000558; ', 'lpips_0=0.000612; ', 'codec_recon_0=0.011367; ', 'estimated_kb_0=1117.034668; ', 'bpp_0=6.494388; ', 'mse_1=0.000403; ', 'lpips_1=0.000472; ', 'codec_recon_1=0.239876; ', 'estimated_kb_1=276.880157; ', 'bpp_1=0.321954; ', 'mse_2=0.000286; ', 'lpips_2=0.000384; ', 'codec_recon_2=0.045836; ', 'estimated_kb_2=1105.426880; ', 'bpp_2=0.306043; ']
aux step[380] ; loss/aux = 23590.976562
train step[381/5000] ; used: 6m:22s; eta: 1h:17m:8s; loss = 0.095189; ['mse_0=0.000951; ', 'lpips_0=0.000723; ', 'codec_recon_0=0.011517; ', 'estimated_kb_0=1121.531372; ', 'bpp_0=6.520531; ', 'mse_1=0.000721; ', 'lpips_1=0.000562; ', 'codec_recon_1=0.246966; ', 'estimated_kb_1=278.478821; ', 'bpp_1=0.323813; ', 'mse_2=0.000506; ', 'lpips_2=0.000437; ', 'codec_recon_2=0.045809; ', 'estimated_kb_2=1110.468140; ', 'bpp_2=0.307439; ']
aux step[381] ; loss/aux = 23590.976562
train step[382/5000] ; used: 6m:23s; eta: 1h:17m:7s; loss = 0.104282; ['mse_0=0.001315; ', 'lpips_0=0.001089; ', 'codec_recon_0=0.013709; ', 'estimated_kb_0=1113.905029; ', 'bpp_0=6.476192; ', 'mse_1=0.001176; ', 'lpips_1=0.000952; ', 'codec_recon_1=0.264770; ', 'estimated_kb_1=277.033997; ', 'bpp_1=0.322133; ', 'mse_2=0.001069; ', 'lpips_2=0.000854; ', 'codec_recon_2=0.047611; ', 'estimated_kb_2=1106.893921; ', 'bpp_2=0.306449; ']
aux step[382] ; loss/aux = 23590.976562
train step[383/5000] ; used: 6m:24s; eta: 1h:17m:6s; loss = 0.095646; ['mse_0=0.001524; ', 'lpips_0=0.000707; ', 'codec_recon_0=0.011580; ', 'estimated_kb_0=1122.443359; ', 'bpp_0=6.525834; ', 'mse_1=0.001250; ', 'lpips_1=0.000557; ', 'codec_recon_1=0.245872; ', 'estimated_kb_1=277.780731; ', 'bpp_1=0.323001; ', 'mse_2=0.001126; ', 'lpips_2=0.000473; ', 'codec_recon_2=0.042580; ', 'estimated_kb_2=1108.605347; ', 'bpp_2=0.306923; ']
aux step[383] ; loss/aux = 23590.972656
train step[384/5000] ; used: 6m:25s; eta: 1h:17m:5s; loss = 0.105027; ['mse_0=0.001611; ', 'lpips_0=0.000915; ', 'codec_recon_0=0.014798; ', 'estimated_kb_0=1097.096680; ', 'bpp_0=6.378469; ', 'mse_1=0.001317; ', 'lpips_1=0.000797; ', 'codec_recon_1=0.269307; ', 'estimated_kb_1=275.301117; ', 'bpp_1=0.320118; ', 'mse_2=0.001151; ', 'lpips_2=0.000705; ', 'codec_recon_2=0.044335; ', 'estimated_kb_2=1097.076050; ', 'bpp_2=0.303731; ']
aux step[384] ; loss/aux = 23590.972656
train step[385/5000] ; used: 6m:26s; eta: 1h:17m:3s; loss = 0.086460; ['mse_0=0.001865; ', 'lpips_0=0.000716; ', 'codec_recon_0=0.013021; ', 'estimated_kb_0=1089.258301; ', 'bpp_0=6.332897; ', 'mse_1=0.001664; ', 'lpips_1=0.000607; ', 'codec_recon_1=0.215139; ', 'estimated_kb_1=274.873352; ', 'bpp_1=0.319620; ', 'mse_2=0.001598; ', 'lpips_2=0.000548; ', 'codec_recon_2=0.036714; ', 'estimated_kb_2=1090.332764; ', 'bpp_2=0.301864; ']
aux step[385] ; loss/aux = 23590.970703
train step[386/5000] ; used: 6m:27s; eta: 1h:17m:3s; loss = 0.094460; ['mse_0=0.000803; ', 'lpips_0=0.001028; ', 'codec_recon_0=0.013114; ', 'estimated_kb_0=1114.010742; ', 'bpp_0=6.476807; ', 'mse_1=0.000680; ', 'lpips_1=0.000939; ', 'codec_recon_1=0.233367; ', 'estimated_kb_1=276.524353; ', 'bpp_1=0.321540; ', 'mse_2=0.000646; ', 'lpips_2=0.000855; ', 'codec_recon_2=0.051878; ', 'estimated_kb_2=1106.818115; ', 'bpp_2=0.306428; ']
aux step[386] ; loss/aux = 23590.970703
train step[387/5000] ; used: 6m:28s; eta: 1h:17m:1s; loss = 0.123874; ['mse_0=0.001339; ', 'lpips_0=0.000941; ', 'codec_recon_0=0.011872; ', 'estimated_kb_0=1132.754272; ', 'bpp_0=6.585781; ', 'mse_1=0.001074; ', 'lpips_1=0.000770; ', 'codec_recon_1=0.336026; ', 'estimated_kb_1=278.812958; ', 'bpp_1=0.324201; ', 'mse_2=0.000656; ', 'lpips_2=0.000473; ', 'codec_recon_2=0.047506; ', 'estimated_kb_2=1116.689819; ', 'bpp_2=0.309161; ']
aux step[387] ; loss/aux = 23590.970703
train step[388/5000] ; used: 6m:29s; eta: 1h:17m; loss = 0.100906; ['mse_0=0.000595; ', 'lpips_0=0.000750; ', 'codec_recon_0=0.012225; ', 'estimated_kb_0=1102.818726; ', 'bpp_0=6.411737; ', 'mse_1=0.000454; ', 'lpips_1=0.000617; ', 'codec_recon_1=0.269848; ', 'estimated_kb_1=275.807373; ', 'bpp_1=0.320706; ', 'mse_2=0.000302; ', 'lpips_2=0.000485; ', 'codec_recon_2=0.043600; ', 'estimated_kb_2=1098.297852; ', 'bpp_2=0.304069; ']
aux step[388] ; loss/aux = 23590.968750
train step[389/5000] ; used: 6m:30s; eta: 1h:16m:59s; loss = 0.087088; ['mse_0=0.001273; ', 'lpips_0=0.000830; ', 'codec_recon_0=0.010477; ', 'estimated_kb_0=1120.409424; ', 'bpp_0=6.514009; ', 'mse_1=0.000992; ', 'lpips_1=0.000711; ', 'codec_recon_1=0.221993; ', 'estimated_kb_1=278.453156; ', 'bpp_1=0.323783; ', 'mse_2=0.000808; ', 'lpips_2=0.000645; ', 'codec_recon_2=0.040293; ', 'estimated_kb_2=1108.685425; ', 'bpp_2=0.306945; ']
aux step[389] ; loss/aux = 23590.968750
train step[390/5000] ; used: 6m:31s; eta: 1h:16m:58s; loss = 0.102286; ['mse_0=0.001913; ', 'lpips_0=0.001304; ', 'codec_recon_0=0.014041; ', 'estimated_kb_0=1104.628296; ', 'bpp_0=6.422257; ', 'mse_1=0.001626; ', 'lpips_1=0.001168; ', 'codec_recon_1=0.253118; ', 'estimated_kb_1=276.610016; ', 'bpp_1=0.321640; ', 'mse_2=0.001508; ', 'lpips_2=0.001058; ', 'codec_recon_2=0.045204; ', 'estimated_kb_2=1103.365112; ', 'bpp_2=0.305472; ']
aux step[390] ; loss/aux = 23590.968750
train step[391/5000] ; used: 6m:32s; eta: 1h:16m:57s; loss = 0.088907; ['mse_0=0.001766; ', 'lpips_0=0.000926; ', 'codec_recon_0=0.014047; ', 'estimated_kb_0=1112.389526; ', 'bpp_0=6.467381; ', 'mse_1=0.001568; ', 'lpips_1=0.000811; ', 'codec_recon_1=0.217000; ', 'estimated_kb_1=277.174744; ', 'bpp_1=0.322296; ', 'mse_2=0.001421; ', 'lpips_2=0.000739; ', 'codec_recon_2=0.041204; ', 'estimated_kb_2=1105.022583; ', 'bpp_2=0.305931; ']
aux step[391] ; loss/aux = 23590.966797
train step[392/5000] ; used: 6m:33s; eta: 1h:16m:57s; loss = 0.121177; ['mse_0=0.001413; ', 'lpips_0=0.001011; ', 'codec_recon_0=0.013800; ', 'estimated_kb_0=1116.134521; ', 'bpp_0=6.489154; ', 'mse_1=0.001069; ', 'lpips_1=0.000858; ', 'codec_recon_1=0.328833; ', 'estimated_kb_1=277.117462; ', 'bpp_1=0.322230; ', 'mse_2=0.000612; ', 'lpips_2=0.000585; ', 'codec_recon_2=0.042797; ', 'estimated_kb_2=1105.643555; ', 'bpp_2=0.306103; ']
aux step[392] ; loss/aux = 23590.966797
train step[393/5000] ; used: 6m:34s; eta: 1h:16m:55s; loss = 0.126451; ['mse_0=0.002504; ', 'lpips_0=0.001515; ', 'codec_recon_0=0.012947; ', 'estimated_kb_0=1138.126709; ', 'bpp_0=6.617015; ', 'mse_1=0.002193; ', 'lpips_1=0.001338; ', 'codec_recon_1=0.323419; ', 'estimated_kb_1=279.411743; ', 'bpp_1=0.324897; ', 'mse_2=0.001945; ', 'lpips_2=0.001150; ', 'codec_recon_2=0.049653; ', 'estimated_kb_2=1124.109985; ', 'bpp_2=0.311215; ']
aux step[393] ; loss/aux = 23590.964844
train step[394/5000] ; used: 6m:35s; eta: 1h:16m:54s; loss = 0.112124; ['mse_0=0.004123; ', 'lpips_0=0.001063; ', 'codec_recon_0=0.014426; ', 'estimated_kb_0=1123.594604; ', 'bpp_0=6.532526; ', 'mse_1=0.004006; ', 'lpips_1=0.000947; ', 'codec_recon_1=0.262189; ', 'estimated_kb_1=277.437103; ', 'bpp_1=0.322601; ', 'mse_2=0.003846; ', 'lpips_2=0.000868; ', 'codec_recon_2=0.047625; ', 'estimated_kb_2=1111.547607; ', 'bpp_2=0.307737; ']
aux step[394] ; loss/aux = 23590.964844
train step[395/5000] ; used: 6m:36s; eta: 1h:16m:53s; loss = 0.092443; ['mse_0=0.002366; ', 'lpips_0=0.000758; ', 'codec_recon_0=0.011900; ', 'estimated_kb_0=1123.397217; ', 'bpp_0=6.531379; ', 'mse_1=0.002323; ', 'lpips_1=0.000673; ', 'codec_recon_1=0.220806; ', 'estimated_kb_1=277.334625; ', 'bpp_1=0.322482; ', 'mse_2=0.002280; ', 'lpips_2=0.000609; ', 'codec_recon_2=0.045410; ', 'estimated_kb_2=1109.202026; ', 'bpp_2=0.307088; ']
aux step[395] ; loss/aux = 23590.964844
train step[396/5000] ; used: 6m:37s; eta: 1h:16m:52s; loss = 0.091834; ['mse_0=0.001117; ', 'lpips_0=0.000819; ', 'codec_recon_0=0.012922; ', 'estimated_kb_0=1113.916748; ', 'bpp_0=6.476260; ', 'mse_1=0.000987; ', 'lpips_1=0.000702; ', 'codec_recon_1=0.224811; ', 'estimated_kb_1=277.199921; ', 'bpp_1=0.322325; ', 'mse_2=0.000905; ', 'lpips_2=0.000618; ', 'codec_recon_2=0.051219; ', 'estimated_kb_2=1108.679321; ', 'bpp_2=0.306943; ']
aux step[396] ; loss/aux = 23590.962891
train step[397/5000] ; used: 6m:38s; eta: 1h:16m:51s; loss = 0.089289; ['mse_0=0.000759; ', 'lpips_0=0.000676; ', 'codec_recon_0=0.012354; ', 'estimated_kb_0=1105.430054; ', 'bpp_0=6.426919; ', 'mse_1=0.000547; ', 'lpips_1=0.000550; ', 'codec_recon_1=0.231385; ', 'estimated_kb_1=276.145325; ', 'bpp_1=0.321099; ', 'mse_2=0.000428; ', 'lpips_2=0.000457; ', 'codec_recon_2=0.042499; ', 'estimated_kb_2=1099.622803; ', 'bpp_2=0.304436; ']
aux step[397] ; loss/aux = 23590.960938
train step[398/5000] ; used: 6m:39s; eta: 1h:16m:51s; loss = 0.088825; ['mse_0=0.000533; ', 'lpips_0=0.000841; ', 'codec_recon_0=0.012385; ', 'estimated_kb_0=1093.383789; ', 'bpp_0=6.356883; ', 'mse_1=0.000432; ', 'lpips_1=0.000764; ', 'codec_recon_1=0.226753; ', 'estimated_kb_1=274.903320; ', 'bpp_1=0.319655; ', 'mse_2=0.000356; ', 'lpips_2=0.000628; ', 'codec_recon_2=0.045099; ', 'estimated_kb_2=1096.133179; ', 'bpp_2=0.303470; ']
aux step[398] ; loss/aux = 23590.960938
train step[399/5000] ; used: 6m:40s; eta: 1h:16m:50s; loss = 0.092713; ['mse_0=0.002550; ', 'lpips_0=0.000869; ', 'codec_recon_0=0.011288; ', 'estimated_kb_0=1118.372803; ', 'bpp_0=6.502168; ', 'mse_1=0.002401; ', 'lpips_1=0.000777; ', 'codec_recon_1=0.227929; ', 'estimated_kb_1=278.328674; ', 'bpp_1=0.323638; ', 'mse_2=0.002294; ', 'lpips_2=0.000682; ', 'codec_recon_2=0.037916; ', 'estimated_kb_2=1108.544312; ', 'bpp_2=0.306906; ']
aux step[399] ; loss/aux = 23590.960938
train step[400/5000] ; used: 6m:41s; eta: 1h:16m:49s; loss = 0.078904; ['mse_0=0.000489; ', 'lpips_0=0.000890; ', 'codec_recon_0=0.013863; ', 'estimated_kb_0=1081.598145; ', 'bpp_0=6.288362; ', 'mse_1=0.000458; ', 'lpips_1=0.000798; ', 'codec_recon_1=0.193939; ', 'estimated_kb_1=273.288818; ', 'bpp_1=0.317778; ', 'mse_2=0.000415; ', 'lpips_2=0.000746; ', 'codec_recon_2=0.042561; ', 'estimated_kb_2=1086.543213; ', 'bpp_2=0.300815; ']
aux step[400] ; loss/aux = 23590.960938
train step[401/5000] ; used: 6m:42s; eta: 1h:16m:48s; loss = 0.082091; ['mse_0=0.001039; ', 'lpips_0=0.000793; ', 'codec_recon_0=0.011706; ', 'estimated_kb_0=1102.277588; ', 'bpp_0=6.408590; ', 'mse_1=0.000905; ', 'lpips_1=0.000686; ', 'codec_recon_1=0.202711; ', 'estimated_kb_1=276.084991; ', 'bpp_1=0.321029; ', 'mse_2=0.000850; ', 'lpips_2=0.000610; ', 'codec_recon_2=0.042940; ', 'estimated_kb_2=1097.479126; ', 'bpp_2=0.303842; ']
aux step[401] ; loss/aux = 23590.958984
train step[402/5000] ; used: 6m:43s; eta: 1h:16m:47s; loss = 0.110597; ['mse_0=0.001055; ', 'lpips_0=0.001089; ', 'codec_recon_0=0.014501; ', 'estimated_kb_0=1097.634033; ', 'bpp_0=6.381593; ', 'mse_1=0.000918; ', 'lpips_1=0.000948; ', 'codec_recon_1=0.282857; ', 'estimated_kb_1=275.341095; ', 'bpp_1=0.320164; ', 'mse_2=0.000780; ', 'lpips_2=0.000817; ', 'codec_recon_2=0.052606; ', 'estimated_kb_2=1099.779175; ', 'bpp_2=0.304479; ']
aux step[402] ; loss/aux = 23590.958984
train step[403/5000] ; used: 6m:44s; eta: 1h:16m:46s; loss = 0.086543; ['mse_0=0.001336; ', 'lpips_0=0.000749; ', 'codec_recon_0=0.012920; ', 'estimated_kb_0=1113.272705; ', 'bpp_0=6.472516; ', 'mse_1=0.001204; ', 'lpips_1=0.000638; ', 'codec_recon_1=0.212381; ', 'estimated_kb_1=277.309326; ', 'bpp_1=0.322453; ', 'mse_2=0.001132; ', 'lpips_2=0.000560; ', 'codec_recon_2=0.044446; ', 'estimated_kb_2=1101.524658; ', 'bpp_2=0.304963; ']
aux step[403] ; loss/aux = 23590.957031
train step[404/5000] ; used: 6m:45s; eta: 1h:16m:45s; loss = 0.091838; ['mse_0=0.001097; ', 'lpips_0=0.001013; ', 'codec_recon_0=0.012705; ', 'estimated_kb_0=1110.201172; ', 'bpp_0=6.454658; ', 'mse_1=0.000900; ', 'lpips_1=0.000903; ', 'codec_recon_1=0.229934; ', 'estimated_kb_1=276.402557; ', 'bpp_1=0.321398; ', 'mse_2=0.000790; ', 'lpips_2=0.000800; ', 'codec_recon_2=0.045146; ', 'estimated_kb_2=1102.547607; ', 'bpp_2=0.305246; ']
aux step[404] ; loss/aux = 23590.957031
train step[405/5000] ; used: 6m:46s; eta: 1h:16m:44s; loss = 0.085087; ['mse_0=0.001747; ', 'lpips_0=0.001090; ', 'codec_recon_0=0.014805; ', 'estimated_kb_0=1090.637695; ', 'bpp_0=6.340917; ', 'mse_1=0.001622; ', 'lpips_1=0.000994; ', 'codec_recon_1=0.198073; ', 'estimated_kb_1=274.597595; ', 'bpp_1=0.319300; ', 'mse_2=0.001544; ', 'lpips_2=0.000921; ', 'codec_recon_2=0.044349; ', 'estimated_kb_2=1095.990234; ', 'bpp_2=0.303430; ']
aux step[405] ; loss/aux = 23590.955078
train step[406/5000] ; used: 6m:47s; eta: 1h:16m:44s; loss = 0.102903; ['mse_0=0.001338; ', 'lpips_0=0.000881; ', 'codec_recon_0=0.010841; ', 'estimated_kb_0=1121.182861; ', 'bpp_0=6.518505; ', 'mse_1=0.001102; ', 'lpips_1=0.000774; ', 'codec_recon_1=0.271529; ', 'estimated_kb_1=277.018677; ', 'bpp_1=0.322115; ', 'mse_2=0.000782; ', 'lpips_2=0.000604; ', 'codec_recon_2=0.042368; ', 'estimated_kb_2=1109.637695; ', 'bpp_2=0.307209; ']
aux step[406] ; loss/aux = 23590.955078
train step[407/5000] ; used: 6m:48s; eta: 1h:16m:43s; loss = 0.090146; ['mse_0=0.001751; ', 'lpips_0=0.001062; ', 'codec_recon_0=0.016803; ', 'estimated_kb_0=1087.265381; ', 'bpp_0=6.321310; ', 'mse_1=0.001555; ', 'lpips_1=0.000938; ', 'codec_recon_1=0.212010; ', 'estimated_kb_1=274.716980; ', 'bpp_1=0.319438; ', 'mse_2=0.001529; ', 'lpips_2=0.000902; ', 'codec_recon_2=0.045888; ', 'estimated_kb_2=1091.646606; ', 'bpp_2=0.302228; ']
aux step[407] ; loss/aux = 23590.955078
train step[408/5000] ; used: 6m:49s; eta: 1h:16m:42s; loss = 0.096893; ['mse_0=0.001245; ', 'lpips_0=0.000883; ', 'codec_recon_0=0.015191; ', 'estimated_kb_0=1106.674805; ', 'bpp_0=6.434155; ', 'mse_1=0.001115; ', 'lpips_1=0.000773; ', 'codec_recon_1=0.243633; ', 'estimated_kb_1=275.974548; ', 'bpp_1=0.320901; ', 'mse_2=0.001001; ', 'lpips_2=0.000689; ', 'codec_recon_2=0.045131; ', 'estimated_kb_2=1099.826660; ', 'bpp_2=0.304492; ']
aux step[408] ; loss/aux = 23590.955078
train step[409/5000] ; used: 6m:50s; eta: 1h:16m:41s; loss = 0.088826; ['mse_0=0.001488; ', 'lpips_0=0.000782; ', 'codec_recon_0=0.014565; ', 'estimated_kb_0=1103.599243; ', 'bpp_0=6.416275; ', 'mse_1=0.001355; ', 'lpips_1=0.000670; ', 'codec_recon_1=0.218540; ', 'estimated_kb_1=276.129272; ', 'bpp_1=0.321081; ', 'mse_2=0.001337; ', 'lpips_2=0.000625; ', 'codec_recon_2=0.042122; ', 'estimated_kb_2=1098.777954; ', 'bpp_2=0.304202; ']
aux step[409] ; loss/aux = 23590.953125
train step[410/5000] ; used: 6m:51s; eta: 1h:16m:40s; loss = 0.107971; ['mse_0=0.002711; ', 'lpips_0=0.001247; ', 'codec_recon_0=0.013321; ', 'estimated_kb_0=1122.606812; ', 'bpp_0=6.526783; ', 'mse_1=0.002536; ', 'lpips_1=0.001147; ', 'codec_recon_1=0.259880; ', 'estimated_kb_1=277.583923; ', 'bpp_1=0.322772; ', 'mse_2=0.002383; ', 'lpips_2=0.001041; ', 'codec_recon_2=0.049822; ', 'estimated_kb_2=1109.321899; ', 'bpp_2=0.307121; ']
aux step[410] ; loss/aux = 23590.951172
Skipped bad example 3a596a6b42ce7b8f. Context shape was torch.Size([2, 3, 338, 640]) and target shape was torch.Size([4, 3, 338, 640]).
train step[411/5000] ; used: 6m:52s; eta: 1h:16m:39s; loss = 0.094256; ['mse_0=0.001561; ', 'lpips_0=0.000806; ', 'codec_recon_0=0.012722; ', 'estimated_kb_0=1120.421387; ', 'bpp_0=6.514078; ', 'mse_1=0.001428; ', 'lpips_1=0.000710; ', 'codec_recon_1=0.232922; ', 'estimated_kb_1=278.605042; ', 'bpp_1=0.323959; ', 'mse_2=0.001404; ', 'lpips_2=0.000658; ', 'codec_recon_2=0.046655; ', 'estimated_kb_2=1108.516479; ', 'bpp_2=0.306898; ']
aux step[411] ; loss/aux = 23590.951172
train step[412/5000] ; used: 6m:53s; eta: 1h:16m:38s; loss = 0.093003; ['mse_0=0.001879; ', 'lpips_0=0.001103; ', 'codec_recon_0=0.017125; ', 'estimated_kb_0=1107.028198; ', 'bpp_0=6.436210; ', 'mse_1=0.001761; ', 'lpips_1=0.000999; ', 'codec_recon_1=0.215563; ', 'estimated_kb_1=276.159698; ', 'bpp_1=0.321116; ', 'mse_2=0.001723; ', 'lpips_2=0.000962; ', 'codec_recon_2=0.049234; ', 'estimated_kb_2=1103.655273; ', 'bpp_2=0.305552; ']
aux step[412] ; loss/aux = 23590.949219
train step[413/5000] ; used: 6m:55s; eta: 1h:16m:38s; loss = 0.089368; ['mse_0=0.001429; ', 'lpips_0=0.001013; ', 'codec_recon_0=0.013587; ', 'estimated_kb_0=1107.021973; ', 'bpp_0=6.436174; ', 'mse_1=0.001339; ', 'lpips_1=0.000895; ', 'codec_recon_1=0.214694; ', 'estimated_kb_1=276.600159; ', 'bpp_1=0.321628; ', 'mse_2=0.001291; ', 'lpips_2=0.000827; ', 'codec_recon_2=0.046961; ', 'estimated_kb_2=1102.353271; ', 'bpp_2=0.305192; ']
aux step[413] ; loss/aux = 23590.949219
train step[414/5000] ; used: 6m:55s; eta: 1h:16m:36s; loss = 0.089305; ['mse_0=0.002523; ', 'lpips_0=0.000858; ', 'codec_recon_0=0.012623; ', 'estimated_kb_0=1101.045410; ', 'bpp_0=6.401427; ', 'mse_1=0.002542; ', 'lpips_1=0.000785; ', 'codec_recon_1=0.207856; ', 'estimated_kb_1=275.863495; ', 'bpp_1=0.320772; ', 'mse_2=0.002515; ', 'lpips_2=0.000744; ', 'codec_recon_2=0.043981; ', 'estimated_kb_2=1098.564209; ', 'bpp_2=0.304143; ']
aux step[414] ; loss/aux = 23590.949219
train step[415/5000] ; used: 6m:56s; eta: 1h:16m:35s; loss = 0.101467; ['mse_0=0.001909; ', 'lpips_0=0.001022; ', 'codec_recon_0=0.016832; ', 'estimated_kb_0=1118.023560; ', 'bpp_0=6.500137; ', 'mse_1=0.001667; ', 'lpips_1=0.000927; ', 'codec_recon_1=0.247952; ', 'estimated_kb_1=277.520386; ', 'bpp_1=0.322698; ', 'mse_2=0.001588; ', 'lpips_2=0.000878; ', 'codec_recon_2=0.046802; ', 'estimated_kb_2=1109.596436; ', 'bpp_2=0.307197; ']
aux step[415] ; loss/aux = 23590.949219
train step[416/5000] ; used: 6m:57s; eta: 1h:16m:34s; loss = 0.115171; ['mse_0=0.001836; ', 'lpips_0=0.001023; ', 'codec_recon_0=0.012996; ', 'estimated_kb_0=1127.551758; ', 'bpp_0=6.555533; ', 'mse_1=0.001657; ', 'lpips_1=0.000905; ', 'codec_recon_1=0.302125; ', 'estimated_kb_1=278.362152; ', 'bpp_1=0.323677; ', 'mse_2=0.001385; ', 'lpips_2=0.000685; ', 'codec_recon_2=0.043805; ', 'estimated_kb_2=1115.278687; ', 'bpp_2=0.308770; ']
aux step[416] ; loss/aux = 23590.947266
train step[417/5000] ; used: 6m:59s; eta: 1h:16m:34s; loss = 0.090927; ['mse_0=0.001121; ', 'lpips_0=0.000900; ', 'codec_recon_0=0.011621; ', 'estimated_kb_0=1109.419067; ', 'bpp_0=6.450111; ', 'mse_1=0.000868; ', 'lpips_1=0.000765; ', 'codec_recon_1=0.232328; ', 'estimated_kb_1=277.342621; ', 'bpp_1=0.322491; ', 'mse_2=0.000756; ', 'lpips_2=0.000656; ', 'codec_recon_2=0.042259; ', 'estimated_kb_2=1102.883911; ', 'bpp_2=0.305339; ']
aux step[417] ; loss/aux = 23590.945312
train step[418/5000] ; used: 7m; eta: 1h:16m:33s; loss = 0.115912; ['mse_0=0.003252; ', 'lpips_0=0.001528; ', 'codec_recon_0=0.014095; ', 'estimated_kb_0=1109.150879; ', 'bpp_0=6.448551; ', 'mse_1=0.003068; ', 'lpips_1=0.001431; ', 'codec_recon_1=0.283040; ', 'estimated_kb_1=276.786652; ', 'bpp_1=0.321845; ', 'mse_2=0.002981; ', 'lpips_2=0.001360; ', 'codec_recon_2=0.043839; ', 'estimated_kb_2=1107.066406; ', 'bpp_2=0.306497; ']
aux step[418] ; loss/aux = 23590.945312
train step[419/5000] ; used: 7m:1s; eta: 1h:16m:32s; loss = 0.094160; ['mse_0=0.002272; ', 'lpips_0=0.001013; ', 'codec_recon_0=0.014560; ', 'estimated_kb_0=1097.321167; ', 'bpp_0=6.379775; ', 'mse_1=0.001977; ', 'lpips_1=0.000899; ', 'codec_recon_1=0.227282; ', 'estimated_kb_1=276.335175; ', 'bpp_1=0.321320; ', 'mse_2=0.001891; ', 'lpips_2=0.000824; ', 'codec_recon_2=0.042442; ', 'estimated_kb_2=1097.702637; ', 'bpp_2=0.303904; ']
aux step[419] ; loss/aux = 23590.945312
train step[420/5000] ; used: 7m:1s; eta: 1h:16m:30s; loss = 0.108051; ['mse_0=0.001494; ', 'lpips_0=0.000953; ', 'codec_recon_0=0.012639; ', 'estimated_kb_0=1127.434937; ', 'bpp_0=6.554854; ', 'mse_1=0.001298; ', 'lpips_1=0.000786; ', 'codec_recon_1=0.277250; ', 'estimated_kb_1=277.505463; ', 'bpp_1=0.322681; ', 'mse_2=0.001212; ', 'lpips_2=0.000632; ', 'codec_recon_2=0.049030; ', 'estimated_kb_2=1112.590332; ', 'bpp_2=0.308026; ']
aux step[420] ; loss/aux = 23590.943359
train step[421/5000] ; used: 7m:2s; eta: 1h:16m:29s; loss = 0.107768; ['mse_0=0.000896; ', 'lpips_0=0.000687; ', 'codec_recon_0=0.013723; ', 'estimated_kb_0=1117.975830; ', 'bpp_0=6.499860; ', 'mse_1=0.000610; ', 'lpips_1=0.000513; ', 'codec_recon_1=0.289230; ', 'estimated_kb_1=277.666504; ', 'bpp_1=0.322868; ', 'mse_2=0.000382; ', 'lpips_2=0.000354; ', 'codec_recon_2=0.044805; ', 'estimated_kb_2=1106.417725; ', 'bpp_2=0.306317; ']
aux step[421] ; loss/aux = 23590.943359
train step[422/5000] ; used: 7m:4s; eta: 1h:16m:28s; loss = 0.089801; ['mse_0=0.002105; ', 'lpips_0=0.001376; ', 'codec_recon_0=0.017623; ', 'estimated_kb_0=1088.989624; ', 'bpp_0=6.331335; ', 'mse_1=0.002071; ', 'lpips_1=0.001262; ', 'codec_recon_1=0.200514; ', 'estimated_kb_1=275.569672; ', 'bpp_1=0.320430; ', 'mse_2=0.002077; ', 'lpips_2=0.001236; ', 'codec_recon_2=0.047442; ', 'estimated_kb_2=1097.996582; ', 'bpp_2=0.303986; ']
aux step[422] ; loss/aux = 23590.941406
train step[423/5000] ; used: 7m:5s; eta: 1h:16m:27s; loss = 0.091500; ['mse_0=0.000649; ', 'lpips_0=0.000779; ', 'codec_recon_0=0.011986; ', 'estimated_kb_0=1098.546753; ', 'bpp_0=6.386899; ', 'mse_1=0.000514; ', 'lpips_1=0.000686; ', 'codec_recon_1=0.237516; ', 'estimated_kb_1=275.666565; ', 'bpp_1=0.320543; ', 'mse_2=0.000404; ', 'lpips_2=0.000601; ', 'codec_recon_2=0.043387; ', 'estimated_kb_2=1095.482666; ', 'bpp_2=0.303290; ']
aux step[423] ; loss/aux = 23590.941406
train step[424/5000] ; used: 7m:6s; eta: 1h:16m:26s; loss = 0.094603; ['mse_0=0.000827; ', 'lpips_0=0.000764; ', 'codec_recon_0=0.013197; ', 'estimated_kb_0=1112.665894; ', 'bpp_0=6.468988; ', 'mse_1=0.000692; ', 'lpips_1=0.000658; ', 'codec_recon_1=0.243461; ', 'estimated_kb_1=276.352295; ', 'bpp_1=0.321340; ', 'mse_2=0.000585; ', 'lpips_2=0.000593; ', 'codec_recon_2=0.044957; ', 'estimated_kb_2=1105.286255; ', 'bpp_2=0.306004; ']
aux step[424] ; loss/aux = 23590.941406
train step[425/5000] ; used: 7m:7s; eta: 1h:16m:25s; loss = 0.090917; ['mse_0=0.000605; ', 'lpips_0=0.000797; ', 'codec_recon_0=0.012337; ', 'estimated_kb_0=1108.058472; ', 'bpp_0=6.442201; ', 'mse_1=0.000471; ', 'lpips_1=0.000703; ', 'codec_recon_1=0.232911; ', 'estimated_kb_1=276.970917; ', 'bpp_1=0.322059; ', 'mse_2=0.000365; ', 'lpips_2=0.000611; ', 'codec_recon_2=0.045972; ', 'estimated_kb_2=1101.653198; ', 'bpp_2=0.304998; ']
aux step[425] ; loss/aux = 23590.941406
train step[426/5000] ; used: 7m:8s; eta: 1h:16m:24s; loss = 0.104021; ['mse_0=0.002547; ', 'lpips_0=0.001045; ', 'codec_recon_0=0.012709; ', 'estimated_kb_0=1121.604004; ', 'bpp_0=6.520953; ', 'mse_1=0.002235; ', 'lpips_1=0.000930; ', 'codec_recon_1=0.257079; ', 'estimated_kb_1=278.408173; ', 'bpp_1=0.323730; ', 'mse_2=0.002114; ', 'lpips_2=0.000855; ', 'codec_recon_2=0.044530; ', 'estimated_kb_2=1110.487427; ', 'bpp_2=0.307444; ']
aux step[426] ; loss/aux = 23590.939453
train step[427/5000] ; used: 7m:9s; eta: 1h:16m:23s; loss = 0.077090; ['mse_0=0.000600; ', 'lpips_0=0.000672; ', 'codec_recon_0=0.013624; ', 'estimated_kb_0=1092.652344; ', 'bpp_0=6.352630; ', 'mse_1=0.000488; ', 'lpips_1=0.000526; ', 'codec_recon_1=0.192237; ', 'estimated_kb_1=275.106567; ', 'bpp_1=0.319891; ', 'mse_2=0.000445; ', 'lpips_2=0.000468; ', 'codec_recon_2=0.040442; ', 'estimated_kb_2=1092.224976; ', 'bpp_2=0.302388; ']
aux step[427] ; loss/aux = 23590.937500
train step[428/5000] ; used: 7m:10s; eta: 1h:16m:22s; loss = 0.101121; ['mse_0=0.004073; ', 'lpips_0=0.000978; ', 'codec_recon_0=0.013133; ', 'estimated_kb_0=1122.736938; ', 'bpp_0=6.527541; ', 'mse_1=0.003800; ', 'lpips_1=0.000844; ', 'codec_recon_1=0.234607; ', 'estimated_kb_1=277.873535; ', 'bpp_1=0.323109; ', 'mse_2=0.003768; ', 'lpips_2=0.000753; ', 'codec_recon_2=0.041944; ', 'estimated_kb_2=1109.867432; ', 'bpp_2=0.307272; ']
aux step[428] ; loss/aux = 23590.937500
train step[429/5000] ; used: 7m:11s; eta: 1h:16m:21s; loss = 0.085224; ['mse_0=0.002079; ', 'lpips_0=0.001159; ', 'codec_recon_0=0.013537; ', 'estimated_kb_0=1101.569824; ', 'bpp_0=6.404475; ', 'mse_1=0.002078; ', 'lpips_1=0.001072; ', 'codec_recon_1=0.195402; ', 'estimated_kb_1=276.385956; ', 'bpp_1=0.321379; ', 'mse_2=0.002019; ', 'lpips_2=0.001014; ', 'codec_recon_2=0.043738; ', 'estimated_kb_2=1099.829102; ', 'bpp_2=0.304493; ']
aux step[429] ; loss/aux = 23590.937500
train step[430/5000] ; used: 7m:12s; eta: 1h:16m:20s; loss = 0.094281; ['mse_0=0.001557; ', 'lpips_0=0.000827; ', 'codec_recon_0=0.012118; ', 'estimated_kb_0=1119.087402; ', 'bpp_0=6.506322; ', 'mse_1=0.001474; ', 'lpips_1=0.000716; ', 'codec_recon_1=0.233807; ', 'estimated_kb_1=277.863983; ', 'bpp_1=0.323098; ', 'mse_2=0.001352; ', 'lpips_2=0.000639; ', 'codec_recon_2=0.046464; ', 'estimated_kb_2=1109.226562; ', 'bpp_2=0.307095; ']
aux step[430] ; loss/aux = 23590.935547
train step[431/5000] ; used: 7m:13s; eta: 1h:16m:20s; loss = 0.091931; ['mse_0=0.001303; ', 'lpips_0=0.000681; ', 'codec_recon_0=0.012355; ', 'estimated_kb_0=1109.086182; ', 'bpp_0=6.448175; ', 'mse_1=0.001115; ', 'lpips_1=0.000577; ', 'codec_recon_1=0.236360; ', 'estimated_kb_1=276.723114; ', 'bpp_1=0.321771; ', 'mse_2=0.001058; ', 'lpips_2=0.000482; ', 'codec_recon_2=0.040331; ', 'estimated_kb_2=1102.668823; ', 'bpp_2=0.305279; ']
aux step[431] ; loss/aux = 23590.933594
train step[432/5000] ; used: 7m:14s; eta: 1h:16m:18s; loss = 0.113477; ['mse_0=0.001240; ', 'lpips_0=0.000930; ', 'codec_recon_0=0.012088; ', 'estimated_kb_0=1119.867065; ', 'bpp_0=6.510855; ', 'mse_1=0.000998; ', 'lpips_1=0.000790; ', 'codec_recon_1=0.301192; ', 'estimated_kb_1=277.374176; ', 'bpp_1=0.322528; ', 'mse_2=0.000702; ', 'lpips_2=0.000597; ', 'codec_recon_2=0.047454; ', 'estimated_kb_2=1109.513916; ', 'bpp_2=0.307174; ']
aux step[432] ; loss/aux = 23590.933594
train step[433/5000] ; used: 7m:15s; eta: 1h:16m:17s; loss = 0.087344; ['mse_0=0.001567; ', 'lpips_0=0.000906; ', 'codec_recon_0=0.012099; ', 'estimated_kb_0=1108.367065; ', 'bpp_0=6.443995; ', 'mse_1=0.001326; ', 'lpips_1=0.000789; ', 'codec_recon_1=0.216503; ', 'estimated_kb_1=276.843994; ', 'bpp_1=0.321912; ', 'mse_2=0.001172; ', 'lpips_2=0.000712; ', 'codec_recon_2=0.040973; ', 'estimated_kb_2=1102.570435; ', 'bpp_2=0.305252; ']
aux step[433] ; loss/aux = 23590.933594
train step[434/5000] ; used: 7m:16s; eta: 1h:16m:16s; loss = 0.092227; ['mse_0=0.001519; ', 'lpips_0=0.000831; ', 'codec_recon_0=0.012287; ', 'estimated_kb_0=1113.260010; ', 'bpp_0=6.472442; ', 'mse_1=0.001228; ', 'lpips_1=0.000701; ', 'codec_recon_1=0.232067; ', 'estimated_kb_1=276.996948; ', 'bpp_1=0.322089; ', 'mse_2=0.001114; ', 'lpips_2=0.000618; ', 'codec_recon_2=0.043031; ', 'estimated_kb_2=1105.419434; ', 'bpp_2=0.306041; ']
aux step[434] ; loss/aux = 23590.933594
train step[435/5000] ; used: 7m:17s; eta: 1h:16m:15s; loss = 0.087677; ['mse_0=0.000837; ', 'lpips_0=0.000933; ', 'codec_recon_0=0.013644; ', 'estimated_kb_0=1095.009521; ', 'bpp_0=6.366334; ', 'mse_1=0.000702; ', 'lpips_1=0.000838; ', 'codec_recon_1=0.218603; ', 'estimated_kb_1=275.481750; ', 'bpp_1=0.320328; ', 'mse_2=0.000598; ', 'lpips_2=0.000756; ', 'codec_recon_2=0.044466; ', 'estimated_kb_2=1095.584229; ', 'bpp_2=0.303318; ']
aux step[435] ; loss/aux = 23590.931641
train step[436/5000] ; used: 7m:18s; eta: 1h:16m:14s; loss = 0.105145; ['mse_0=0.000976; ', 'lpips_0=0.001012; ', 'codec_recon_0=0.011737; ', 'estimated_kb_0=1127.519531; ', 'bpp_0=6.555346; ', 'mse_1=0.000727; ', 'lpips_1=0.000823; ', 'codec_recon_1=0.275833; ', 'estimated_kb_1=278.606354; ', 'bpp_1=0.323961; ', 'mse_2=0.000574; ', 'lpips_2=0.000663; ', 'codec_recon_2=0.047000; ', 'estimated_kb_2=1114.065796; ', 'bpp_2=0.308435; ']
aux step[436] ; loss/aux = 23590.931641
train step[437/5000] ; used: 7m:19s; eta: 1h:16m:13s; loss = 0.085510; ['mse_0=0.001016; ', 'lpips_0=0.000812; ', 'codec_recon_0=0.012988; ', 'estimated_kb_0=1104.936768; ', 'bpp_0=6.424051; ', 'mse_1=0.000878; ', 'lpips_1=0.000727; ', 'codec_recon_1=0.210179; ', 'estimated_kb_1=276.362793; ', 'bpp_1=0.321352; ', 'mse_2=0.000829; ', 'lpips_2=0.000674; ', 'codec_recon_2=0.045411; ', 'estimated_kb_2=1099.495605; ', 'bpp_2=0.304401; ']
aux step[437] ; loss/aux = 23590.931641
train step[438/5000] ; used: 7m:19s; eta: 1h:16m:12s; loss = 0.115386; ['mse_0=0.002550; ', 'lpips_0=0.001081; ', 'codec_recon_0=0.012911; ', 'estimated_kb_0=1118.268921; ', 'bpp_0=6.501564; ', 'mse_1=0.002183; ', 'lpips_1=0.000935; ', 'codec_recon_1=0.298594; ', 'estimated_kb_1=278.417847; ', 'bpp_1=0.323742; ', 'mse_2=0.001950; ', 'lpips_2=0.000794; ', 'codec_recon_2=0.041472; ', 'estimated_kb_2=1112.030762; ', 'bpp_2=0.307871; ']
aux step[438] ; loss/aux = 23590.929688
train step[439/5000] ; used: 7m:21s; eta: 1h:16m:11s; loss = 0.095508; ['mse_0=0.000537; ', 'lpips_0=0.000602; ', 'codec_recon_0=0.014025; ', 'estimated_kb_0=1112.099121; ', 'bpp_0=6.465693; ', 'mse_1=0.000441; ', 'lpips_1=0.000518; ', 'codec_recon_1=0.241773; ', 'estimated_kb_1=275.636719; ', 'bpp_1=0.320508; ', 'mse_2=0.000383; ', 'lpips_2=0.000437; ', 'codec_recon_2=0.052832; ', 'estimated_kb_2=1102.886963; ', 'bpp_2=0.305340; ']
aux step[439] ; loss/aux = 23590.929688
train step[440/5000] ; used: 7m:22s; eta: 1h:16m:10s; loss = 0.077977; ['mse_0=0.000645; ', 'lpips_0=0.000717; ', 'codec_recon_0=0.012099; ', 'estimated_kb_0=1100.411499; ', 'bpp_0=6.397742; ', 'mse_1=0.000516; ', 'lpips_1=0.000613; ', 'codec_recon_1=0.199094; ', 'estimated_kb_1=275.753784; ', 'bpp_1=0.320644; ', 'mse_2=0.000431; ', 'lpips_2=0.000553; ', 'codec_recon_2=0.037147; ', 'estimated_kb_2=1095.808716; ', 'bpp_2=0.303380; ']
aux step[440] ; loss/aux = 23590.929688
train step[441/5000] ; used: 7m:22s; eta: 1h:16m:9s; loss = 0.115424; ['mse_0=0.002813; ', 'lpips_0=0.001218; ', 'codec_recon_0=0.012038; ', 'estimated_kb_0=1109.948364; ', 'bpp_0=6.453188; ', 'mse_1=0.002396; ', 'lpips_1=0.001069; ', 'codec_recon_1=0.300817; ', 'estimated_kb_1=277.113617; ', 'bpp_1=0.322225; ', 'mse_2=0.001932; ', 'lpips_2=0.000914; ', 'codec_recon_2=0.037425; ', 'estimated_kb_2=1107.801880; ', 'bpp_2=0.306700; ']
aux step[441] ; loss/aux = 23590.925781
train step[442/5000] ; used: 7m:23s; eta: 1h:16m:8s; loss = 0.097890; ['mse_0=0.000844; ', 'lpips_0=0.000672; ', 'codec_recon_0=0.015281; ', 'estimated_kb_0=1122.828125; ', 'bpp_0=6.528070; ', 'mse_1=0.000570; ', 'lpips_1=0.000479; ', 'codec_recon_1=0.250988; ', 'estimated_kb_1=278.107361; ', 'bpp_1=0.323381; ', 'mse_2=0.000421; ', 'lpips_2=0.000357; ', 'codec_recon_2=0.048890; ', 'estimated_kb_2=1109.679688; ', 'bpp_2=0.307220; ']
aux step[442] ; loss/aux = 23590.925781
train step[443/5000] ; used: 7m:24s; eta: 1h:16m:6s; loss = 0.082301; ['mse_0=0.000871; ', 'lpips_0=0.000867; ', 'codec_recon_0=0.013594; ', 'estimated_kb_0=1109.284668; ', 'bpp_0=6.449329; ', 'mse_1=0.000754; ', 'lpips_1=0.000727; ', 'codec_recon_1=0.200816; ', 'estimated_kb_1=276.537170; ', 'bpp_1=0.321555; ', 'mse_2=0.000709; ', 'lpips_2=0.000672; ', 'codec_recon_2=0.044595; ', 'estimated_kb_2=1101.690186; ', 'bpp_2=0.305008; ']
aux step[443] ; loss/aux = 23590.925781
train step[444/5000] ; used: 7m:25s; eta: 1h:16m:5s; loss = 0.091148; ['mse_0=0.000835; ', 'lpips_0=0.000695; ', 'codec_recon_0=0.013252; ', 'estimated_kb_0=1114.402222; ', 'bpp_0=6.479083; ', 'mse_1=0.000715; ', 'lpips_1=0.000546; ', 'codec_recon_1=0.231845; ', 'estimated_kb_1=277.410645; ', 'bpp_1=0.322571; ', 'mse_2=0.000628; ', 'lpips_2=0.000467; ', 'codec_recon_2=0.045773; ', 'estimated_kb_2=1107.564941; ', 'bpp_2=0.306635; ']
aux step[444] ; loss/aux = 23590.925781
train step[445/5000] ; used: 7m:26s; eta: 1h:16m:4s; loss = 0.095252; ['mse_0=0.002977; ', 'lpips_0=0.000996; ', 'codec_recon_0=0.012703; ', 'estimated_kb_0=1103.068726; ', 'bpp_0=6.413190; ', 'mse_1=0.002282; ', 'lpips_1=0.000824; ', 'codec_recon_1=0.231350; ', 'estimated_kb_1=276.270020; ', 'bpp_1=0.321244; ', 'mse_2=0.002199; ', 'lpips_2=0.000733; ', 'codec_recon_2=0.040079; ', 'estimated_kb_2=1098.811279; ', 'bpp_2=0.304211; ']
aux step[445] ; loss/aux = 23590.923828
train step[446/5000] ; used: 7m:27s; eta: 1h:16m:3s; loss = 0.101532; ['mse_0=0.001152; ', 'lpips_0=0.000713; ', 'codec_recon_0=0.012257; ', 'estimated_kb_0=1126.117432; ', 'bpp_0=6.547194; ', 'mse_1=0.000908; ', 'lpips_1=0.000557; ', 'codec_recon_1=0.262711; ', 'estimated_kb_1=277.704865; ', 'bpp_1=0.322913; ', 'mse_2=0.000745; ', 'lpips_2=0.000437; ', 'codec_recon_2=0.048432; ', 'estimated_kb_2=1112.168701; ', 'bpp_2=0.307909; ']
aux step[446] ; loss/aux = 23590.921875
train step[447/5000] ; used: 7m:28s; eta: 1h:16m:2s; loss = 0.094569; ['mse_0=0.000329; ', 'lpips_0=0.000720; ', 'codec_recon_0=0.012024; ', 'estimated_kb_0=1096.586914; ', 'bpp_0=6.375505; ', 'mse_1=0.000254; ', 'lpips_1=0.000612; ', 'codec_recon_1=0.247870; ', 'estimated_kb_1=274.612427; ', 'bpp_1=0.319317; ', 'mse_2=0.000180; ', 'lpips_2=0.000503; ', 'codec_recon_2=0.046672; ', 'estimated_kb_2=1094.144165; ', 'bpp_2=0.302919; ']
aux step[447] ; loss/aux = 23590.921875
train step[448/5000] ; used: 7m:29s; eta: 1h:16m:1s; loss = 0.088025; ['mse_0=0.001083; ', 'lpips_0=0.000842; ', 'codec_recon_0=0.016860; ', 'estimated_kb_0=1108.433716; ', 'bpp_0=6.444382; ', 'mse_1=0.001048; ', 'lpips_1=0.000755; ', 'codec_recon_1=0.206368; ', 'estimated_kb_1=276.624542; ', 'bpp_1=0.321656; ', 'mse_2=0.000997; ', 'lpips_2=0.000693; ', 'codec_recon_2=0.052135; ', 'estimated_kb_2=1103.581421; ', 'bpp_2=0.305532; ']
aux step[448] ; loss/aux = 23590.921875
train step[449/5000] ; used: 7m:30s; eta: 1h:16m:1s; loss = 0.093757; ['mse_0=0.000824; ', 'lpips_0=0.000953; ', 'codec_recon_0=0.011911; ', 'estimated_kb_0=1108.683960; ', 'bpp_0=6.445837; ', 'mse_1=0.000647; ', 'lpips_1=0.000787; ', 'codec_recon_1=0.236053; ', 'estimated_kb_1=276.351227; ', 'bpp_1=0.321339; ', 'mse_2=0.000541; ', 'lpips_2=0.000703; ', 'codec_recon_2=0.049710; ', 'estimated_kb_2=1103.382202; ', 'bpp_2=0.305477; ']
aux step[449] ; loss/aux = 23590.921875
train step[450/5000] ; used: 7m:32s; eta: 1h:16m; loss = 0.090565; ['mse_0=0.001915; ', 'lpips_0=0.000732; ', 'codec_recon_0=0.013521; ', 'estimated_kb_0=1099.754395; ', 'bpp_0=6.393920; ', 'mse_1=0.001499; ', 'lpips_1=0.000600; ', 'codec_recon_1=0.227010; ', 'estimated_kb_1=276.463501; ', 'bpp_1=0.321469; ', 'mse_2=0.001305; ', 'lpips_2=0.000519; ', 'codec_recon_2=0.039451; ', 'estimated_kb_2=1097.291504; ', 'bpp_2=0.303791; ']
aux step[450] ; loss/aux = 23590.921875
train step[451/5000] ; used: 7m:33s; eta: 1h:15m:59s; loss = 0.094381; ['mse_0=0.001167; ', 'lpips_0=0.000842; ', 'codec_recon_0=0.013493; ', 'estimated_kb_0=1125.331421; ', 'bpp_0=6.542624; ', 'mse_1=0.001145; ', 'lpips_1=0.000678; ', 'codec_recon_1=0.234814; ', 'estimated_kb_1=278.043396; ', 'bpp_1=0.323306; ', 'mse_2=0.000970; ', 'lpips_2=0.000577; ', 'codec_recon_2=0.048374; ', 'estimated_kb_2=1112.092896; ', 'bpp_2=0.307888; ']
aux step[451] ; loss/aux = 23590.917969
train step[452/5000] ; used: 7m:34s; eta: 1h:15m:58s; loss = 0.084444; ['mse_0=0.000850; ', 'lpips_0=0.000759; ', 'codec_recon_0=0.016731; ', 'estimated_kb_0=1097.030029; ', 'bpp_0=6.378082; ', 'mse_1=0.000727; ', 'lpips_1=0.000641; ', 'codec_recon_1=0.202065; ', 'estimated_kb_1=275.421844; ', 'bpp_1=0.320258; ', 'mse_2=0.000686; ', 'lpips_2=0.000605; ', 'codec_recon_2=0.048454; ', 'estimated_kb_2=1096.572754; ', 'bpp_2=0.303592; ']
aux step[452] ; loss/aux = 23590.917969
train step[453/5000] ; used: 7m:35s; eta: 1h:15m:57s; loss = 0.088359; ['mse_0=0.002405; ', 'lpips_0=0.001098; ', 'codec_recon_0=0.012345; ', 'estimated_kb_0=1113.963745; ', 'bpp_0=6.476533; ', 'mse_1=0.002267; ', 'lpips_1=0.000995; ', 'codec_recon_1=0.199534; ', 'estimated_kb_1=276.746765; ', 'bpp_1=0.321799; ', 'mse_2=0.002221; ', 'lpips_2=0.000921; ', 'codec_recon_2=0.049631; ', 'estimated_kb_2=1104.494751; ', 'bpp_2=0.305785; ']
aux step[453] ; loss/aux = 23590.917969
train step[454/5000] ; used: 7m:36s; eta: 1h:15m:56s; loss = 0.083103; ['mse_0=0.000414; ', 'lpips_0=0.000617; ', 'codec_recon_0=0.011416; ', 'estimated_kb_0=1099.902588; ', 'bpp_0=6.394783; ', 'mse_1=0.000326; ', 'lpips_1=0.000511; ', 'codec_recon_1=0.213734; ', 'estimated_kb_1=275.882538; ', 'bpp_1=0.320794; ', 'mse_2=0.000249; ', 'lpips_2=0.000442; ', 'codec_recon_2=0.043329; ', 'estimated_kb_2=1096.718750; ', 'bpp_2=0.303632; ']
aux step[454] ; loss/aux = 23590.917969
train step[455/5000] ; used: 7m:37s; eta: 1h:15m:55s; loss = 0.091406; ['mse_0=0.000701; ', 'lpips_0=0.000731; ', 'codec_recon_0=0.015036; ', 'estimated_kb_0=1099.903931; ', 'bpp_0=6.394790; ', 'mse_1=0.000535; ', 'lpips_1=0.000642; ', 'codec_recon_1=0.232888; ', 'estimated_kb_1=276.244934; ', 'bpp_1=0.321215; ', 'mse_2=0.000421; ', 'lpips_2=0.000528; ', 'codec_recon_2=0.044902; ', 'estimated_kb_2=1098.763672; ', 'bpp_2=0.304198; ']
aux step[455] ; loss/aux = 23590.916016
train step[456/5000] ; used: 7m:38s; eta: 1h:15m:54s; loss = 0.102165; ['mse_0=0.001344; ', 'lpips_0=0.000853; ', 'codec_recon_0=0.012821; ', 'estimated_kb_0=1118.079712; ', 'bpp_0=6.500463; ', 'mse_1=0.001082; ', 'lpips_1=0.000727; ', 'codec_recon_1=0.265417; ', 'estimated_kb_1=277.204987; ', 'bpp_1=0.322331; ', 'mse_2=0.000906; ', 'lpips_2=0.000630; ', 'codec_recon_2=0.043841; ', 'estimated_kb_2=1107.240479; ', 'bpp_2=0.306545; ']
aux step[456] ; loss/aux = 23590.914062
train step[457/5000] ; used: 7m:39s; eta: 1h:15m:53s; loss = 0.088364; ['mse_0=0.000584; ', 'lpips_0=0.000640; ', 'codec_recon_0=0.012152; ', 'estimated_kb_0=1113.989502; ', 'bpp_0=6.476683; ', 'mse_1=0.000443; ', 'lpips_1=0.000507; ', 'codec_recon_1=0.228989; ', 'estimated_kb_1=277.067566; ', 'bpp_1=0.322172; ', 'mse_2=0.000361; ', 'lpips_2=0.000429; ', 'codec_recon_2=0.043530; ', 'estimated_kb_2=1104.588379; ', 'bpp_2=0.305811; ']
aux step[457] ; loss/aux = 23590.914062
train step[458/5000] ; used: 7m:40s; eta: 1h:15m:52s; loss = 0.098345; ['mse_0=0.002410; ', 'lpips_0=0.000994; ', 'codec_recon_0=0.010738; ', 'estimated_kb_0=1126.332397; ', 'bpp_0=6.548444; ', 'mse_1=0.002001; ', 'lpips_1=0.000834; ', 'codec_recon_1=0.250945; ', 'estimated_kb_1=278.987488; ', 'bpp_1=0.324404; ', 'mse_2=0.001747; ', 'lpips_2=0.000705; ', 'codec_recon_2=0.037169; ', 'estimated_kb_2=1113.736084; ', 'bpp_2=0.308343; ']
aux step[458] ; loss/aux = 23590.914062
train step[459/5000] ; used: 7m:41s; eta: 1h:15m:51s; loss = 0.081659; ['mse_0=0.001096; ', 'lpips_0=0.000666; ', 'codec_recon_0=0.012127; ', 'estimated_kb_0=1113.357178; ', 'bpp_0=6.473007; ', 'mse_1=0.000935; ', 'lpips_1=0.000570; ', 'codec_recon_1=0.202353; ', 'estimated_kb_1=276.984924; ', 'bpp_1=0.322075; ', 'mse_2=0.000869; ', 'lpips_2=0.000517; ', 'codec_recon_2=0.042206; ', 'estimated_kb_2=1104.247681; ', 'bpp_2=0.305716; ']
aux step[459] ; loss/aux = 23590.914062
train step[460/5000] ; used: 7m:42s; eta: 1h:15m:50s; loss = 0.108511; ['mse_0=0.000990; ', 'lpips_0=0.000980; ', 'codec_recon_0=0.013123; ', 'estimated_kb_0=1116.632690; ', 'bpp_0=6.492051; ', 'mse_1=0.000846; ', 'lpips_1=0.000836; ', 'codec_recon_1=0.285005; ', 'estimated_kb_1=277.126740; ', 'bpp_1=0.322240; ', 'mse_2=0.000676; ', 'lpips_2=0.000672; ', 'codec_recon_2=0.046909; ', 'estimated_kb_2=1109.486084; ', 'bpp_2=0.307167; ']
aux step[460] ; loss/aux = 23590.912109
train step[461/5000] ; used: 7m:43s; eta: 1h:15m:49s; loss = 0.084557; ['mse_0=0.001058; ', 'lpips_0=0.000754; ', 'codec_recon_0=0.014691; ', 'estimated_kb_0=1102.013794; ', 'bpp_0=6.407057; ', 'mse_1=0.000971; ', 'lpips_1=0.000662; ', 'codec_recon_1=0.202949; ', 'estimated_kb_1=275.929016; ', 'bpp_1=0.320848; ', 'mse_2=0.000933; ', 'lpips_2=0.000619; ', 'codec_recon_2=0.047562; ', 'estimated_kb_2=1098.566772; ', 'bpp_2=0.304144; ']
aux step[461] ; loss/aux = 23590.912109
train step[462/5000] ; used: 7m:44s; eta: 1h:15m:48s; loss = 0.086251; ['mse_0=0.000407; ', 'lpips_0=0.000580; ', 'codec_recon_0=0.012271; ', 'estimated_kb_0=1097.349365; ', 'bpp_0=6.379939; ', 'mse_1=0.000316; ', 'lpips_1=0.000476; ', 'codec_recon_1=0.222530; ', 'estimated_kb_1=274.992493; ', 'bpp_1=0.319759; ', 'mse_2=0.000219; ', 'lpips_2=0.000383; ', 'codec_recon_2=0.044769; ', 'estimated_kb_2=1094.648071; ', 'bpp_2=0.303059; ']
aux step[462] ; loss/aux = 23590.912109
train step[463/5000] ; used: 7m:45s; eta: 1h:15m:47s; loss = 0.093507; ['mse_0=0.002041; ', 'lpips_0=0.001448; ', 'codec_recon_0=0.013945; ', 'estimated_kb_0=1102.210693; ', 'bpp_0=6.408201; ', 'mse_1=0.001839; ', 'lpips_1=0.001331; ', 'codec_recon_1=0.217266; ', 'estimated_kb_1=276.202393; ', 'bpp_1=0.321166; ', 'mse_2=0.001832; ', 'lpips_2=0.001273; ', 'codec_recon_2=0.047933; ', 'estimated_kb_2=1103.675903; ', 'bpp_2=0.305558; ']
aux step[463] ; loss/aux = 23590.910156
train step[464/5000] ; used: 7m:46s; eta: 1h:15m:46s; loss = 0.096009; ['mse_0=0.001120; ', 'lpips_0=0.000780; ', 'codec_recon_0=0.013678; ', 'estimated_kb_0=1098.024780; ', 'bpp_0=6.383865; ', 'mse_1=0.000975; ', 'lpips_1=0.000683; ', 'codec_recon_1=0.243635; ', 'estimated_kb_1=274.771912; ', 'bpp_1=0.319502; ', 'mse_2=0.000931; ', 'lpips_2=0.000631; ', 'codec_recon_2=0.045652; ', 'estimated_kb_2=1092.436401; ', 'bpp_2=0.302446; ']
aux step[464] ; loss/aux = 23590.908203
train step[465/5000] ; used: 7m:47s; eta: 1h:15m:45s; loss = 0.083666; ['mse_0=0.000556; ', 'lpips_0=0.000669; ', 'codec_recon_0=0.011977; ', 'estimated_kb_0=1089.682739; ', 'bpp_0=6.335365; ', 'mse_1=0.000413; ', 'lpips_1=0.000557; ', 'codec_recon_1=0.217299; ', 'estimated_kb_1=274.349945; ', 'bpp_1=0.319012; ', 'mse_2=0.000315; ', 'lpips_2=0.000482; ', 'codec_recon_2=0.039634; ', 'estimated_kb_2=1092.698608; ', 'bpp_2=0.302519; ']
aux step[465] ; loss/aux = 23590.908203
train step[466/5000] ; used: 7m:48s; eta: 1h:15m:44s; loss = 0.097963; ['mse_0=0.002058; ', 'lpips_0=0.000861; ', 'codec_recon_0=0.011721; ', 'estimated_kb_0=1116.116089; ', 'bpp_0=6.489047; ', 'mse_1=0.001636; ', 'lpips_1=0.000752; ', 'codec_recon_1=0.249872; ', 'estimated_kb_1=277.895721; ', 'bpp_1=0.323135; ', 'mse_2=0.001393; ', 'lpips_2=0.000659; ', 'codec_recon_2=0.040418; ', 'estimated_kb_2=1106.739624; ', 'bpp_2=0.306406; ']
aux step[466] ; loss/aux = 23590.908203
train step[467/5000] ; used: 7m:49s; eta: 1h:15m:43s; loss = 0.099058; ['mse_0=0.002715; ', 'lpips_0=0.001007; ', 'codec_recon_0=0.013893; ', 'estimated_kb_0=1109.307861; ', 'bpp_0=6.449464; ', 'mse_1=0.002521; ', 'lpips_1=0.000890; ', 'codec_recon_1=0.239387; ', 'estimated_kb_1=276.622070; ', 'bpp_1=0.321654; ', 'mse_2=0.002405; ', 'lpips_2=0.000841; ', 'codec_recon_2=0.042319; ', 'estimated_kb_2=1103.592163; ', 'bpp_2=0.305535; ']
aux step[467] ; loss/aux = 23590.906250
train step[468/5000] ; used: 7m:50s; eta: 1h:15m:41s; loss = 0.128407; ['mse_0=0.002319; ', 'lpips_0=0.001294; ', 'codec_recon_0=0.012354; ', 'estimated_kb_0=1138.198364; ', 'bpp_0=6.617432; ', 'mse_1=0.001937; ', 'lpips_1=0.001128; ', 'codec_recon_1=0.339706; ', 'estimated_kb_1=278.797302; ', 'bpp_1=0.324183; ', 'mse_2=0.001467; ', 'lpips_2=0.000834; ', 'codec_recon_2=0.046035; ', 'estimated_kb_2=1121.692749; ', 'bpp_2=0.310546; ']
aux step[468] ; loss/aux = 23590.906250
train step[469/5000] ; used: 7m:51s; eta: 1h:15m:40s; loss = 0.104008; ['mse_0=0.000624; ', 'lpips_0=0.000741; ', 'codec_recon_0=0.013281; ', 'estimated_kb_0=1124.932495; ', 'bpp_0=6.540306; ', 'mse_1=0.000462; ', 'lpips_1=0.000610; ', 'codec_recon_1=0.269828; ', 'estimated_kb_1=277.661987; ', 'bpp_1=0.322863; ', 'mse_2=0.000348; ', 'lpips_2=0.000465; ', 'codec_recon_2=0.052746; ', 'estimated_kb_2=1112.231201; ', 'bpp_2=0.307927; ']
aux step[469] ; loss/aux = 23590.904297
train step[470/5000] ; used: 7m:51s; eta: 1h:15m:39s; loss = 0.117355; ['mse_0=0.004069; ', 'lpips_0=0.001460; ', 'codec_recon_0=0.013654; ', 'estimated_kb_0=1116.613525; ', 'bpp_0=6.491939; ', 'mse_1=0.003708; ', 'lpips_1=0.001362; ', 'codec_recon_1=0.282157; ', 'estimated_kb_1=277.978149; ', 'bpp_1=0.323230; ', 'mse_2=0.003578; ', 'lpips_2=0.001280; ', 'codec_recon_2=0.043843; ', 'estimated_kb_2=1109.581787; ', 'bpp_2=0.307193; ']
aux step[470] ; loss/aux = 23590.904297
train step[471/5000] ; used: 7m:53s; eta: 1h:15m:38s; loss = 0.086227; ['mse_0=0.000370; ', 'lpips_0=0.000705; ', 'codec_recon_0=0.013150; ', 'estimated_kb_0=1115.207153; ', 'bpp_0=6.483762; ', 'mse_1=0.000281; ', 'lpips_1=0.000579; ', 'codec_recon_1=0.211089; ', 'estimated_kb_1=276.012756; ', 'bpp_1=0.320945; ', 'mse_2=0.000247; ', 'lpips_2=0.000535; ', 'codec_recon_2=0.054123; ', 'estimated_kb_2=1101.393921; ', 'bpp_2=0.304926; ']
aux step[471] ; loss/aux = 23590.902344
train step[472/5000] ; used: 7m:54s; eta: 1h:15m:37s; loss = 0.078652; ['mse_0=0.000690; ', 'lpips_0=0.000840; ', 'codec_recon_0=0.013488; ', 'estimated_kb_0=1083.006348; ', 'bpp_0=6.296548; ', 'mse_1=0.000506; ', 'lpips_1=0.000721; ', 'codec_recon_1=0.196742; ', 'estimated_kb_1=273.766113; ', 'bpp_1=0.318333; ', 'mse_2=0.000416; ', 'lpips_2=0.000668; ', 'codec_recon_2=0.039142; ', 'estimated_kb_2=1088.797119; ', 'bpp_2=0.301439; ']
aux step[472] ; loss/aux = 23590.902344
train step[473/5000] ; used: 7m:55s; eta: 1h:15m:36s; loss = 0.089938; ['mse_0=0.001305; ', 'lpips_0=0.000909; ', 'codec_recon_0=0.012043; ', 'estimated_kb_0=1108.795288; ', 'bpp_0=6.446484; ', 'mse_1=0.001078; ', 'lpips_1=0.000820; ', 'codec_recon_1=0.226294; ', 'estimated_kb_1=276.834991; ', 'bpp_1=0.321901; ', 'mse_2=0.000957; ', 'lpips_2=0.000725; ', 'codec_recon_2=0.042142; ', 'estimated_kb_2=1104.295044; ', 'bpp_2=0.305730; ']
aux step[473] ; loss/aux = 23590.902344
train step[474/5000] ; used: 7m:56s; eta: 1h:15m:35s; loss = 0.088922; ['mse_0=0.002604; ', 'lpips_0=0.001032; ', 'codec_recon_0=0.013558; ', 'estimated_kb_0=1103.579102; ', 'bpp_0=6.416157; ', 'mse_1=0.002150; ', 'lpips_1=0.000893; ', 'codec_recon_1=0.209641; ', 'estimated_kb_1=276.704987; ', 'bpp_1=0.321750; ', 'mse_2=0.002007; ', 'lpips_2=0.000823; ', 'codec_recon_2=0.041511; ', 'estimated_kb_2=1100.648926; ', 'bpp_2=0.304720; ']
aux step[474] ; loss/aux = 23590.900391
train step[475/5000] ; used: 7m:57s; eta: 1h:15m:34s; loss = 0.087813; ['mse_0=0.001144; ', 'lpips_0=0.000866; ', 'codec_recon_0=0.013072; ', 'estimated_kb_0=1104.761230; ', 'bpp_0=6.423030; ', 'mse_1=0.001005; ', 'lpips_1=0.000782; ', 'codec_recon_1=0.218458; ', 'estimated_kb_1=276.642242; ', 'bpp_1=0.321677; ', 'mse_2=0.000925; ', 'lpips_2=0.000736; ', 'codec_recon_2=0.042987; ', 'estimated_kb_2=1101.502930; ', 'bpp_2=0.304956; ']
aux step[475] ; loss/aux = 23590.900391
train step[476/5000] ; used: 7m:58s; eta: 1h:15m:33s; loss = 0.122692; ['mse_0=0.001600; ', 'lpips_0=0.001052; ', 'codec_recon_0=0.012292; ', 'estimated_kb_0=1120.239136; ', 'bpp_0=6.513018; ', 'mse_1=0.001341; ', 'lpips_1=0.000913; ', 'codec_recon_1=0.329910; ', 'estimated_kb_1=277.030762; ', 'bpp_1=0.322129; ', 'mse_2=0.001091; ', 'lpips_2=0.000699; ', 'codec_recon_2=0.044451; ', 'estimated_kb_2=1109.916382; ', 'bpp_2=0.307286; ']
aux step[476] ; loss/aux = 23590.898438
train step[477/5000] ; used: 7m:58s; eta: 1h:15m:32s; loss = 0.107481; ['mse_0=0.002463; ', 'lpips_0=0.001276; ', 'codec_recon_0=0.013238; ', 'estimated_kb_0=1124.958130; ', 'bpp_0=6.540454; ', 'mse_1=0.002113; ', 'lpips_1=0.001102; ', 'codec_recon_1=0.265150; ', 'estimated_kb_1=278.261353; ', 'bpp_1=0.323560; ', 'mse_2=0.001974; ', 'lpips_2=0.000981; ', 'codec_recon_2=0.046853; ', 'estimated_kb_2=1114.178955; ', 'bpp_2=0.308466; ']
aux step[477] ; loss/aux = 23590.898438
train step[478/5000] ; used: 8m; eta: 1h:15m:31s; loss = 0.082418; ['mse_0=0.001057; ', 'lpips_0=0.000767; ', 'codec_recon_0=0.013421; ', 'estimated_kb_0=1106.915527; ', 'bpp_0=6.435555; ', 'mse_1=0.000909; ', 'lpips_1=0.000673; ', 'codec_recon_1=0.200949; ', 'estimated_kb_1=276.344482; ', 'bpp_1=0.321331; ', 'mse_2=0.000846; ', 'lpips_2=0.000624; ', 'codec_recon_2=0.044109; ', 'estimated_kb_2=1102.799561; ', 'bpp_2=0.305315; ']
aux step[478] ; loss/aux = 23590.898438
train step[479/5000] ; used: 8m; eta: 1h:15m:30s; loss = 0.113576; ['mse_0=0.004265; ', 'lpips_0=0.001199; ', 'codec_recon_0=0.014161; ', 'estimated_kb_0=1104.802124; ', 'bpp_0=6.423268; ', 'mse_1=0.004056; ', 'lpips_1=0.001095; ', 'codec_recon_1=0.269937; ', 'estimated_kb_1=276.355499; ', 'bpp_1=0.321344; ', 'mse_2=0.003835; ', 'lpips_2=0.000986; ', 'codec_recon_2=0.043038; ', 'estimated_kb_2=1099.752808; ', 'bpp_2=0.304472; ']
aux step[479] ; loss/aux = 23590.896484
train step[480/5000] ; used: 8m:1s; eta: 1h:15m:29s; loss = 0.113238; ['mse_0=0.001566; ', 'lpips_0=0.000863; ', 'codec_recon_0=0.012638; ', 'estimated_kb_0=1120.925293; ', 'bpp_0=6.517008; ', 'mse_1=0.001282; ', 'lpips_1=0.000736; ', 'codec_recon_1=0.300381; ', 'estimated_kb_1=277.829315; ', 'bpp_1=0.323057; ', 'mse_2=0.000847; ', 'lpips_2=0.000537; ', 'codec_recon_2=0.045004; ', 'estimated_kb_2=1109.832764; ', 'bpp_2=0.307263; ']
aux step[480] ; loss/aux = 23590.896484
train step[481/5000] ; used: 8m:2s; eta: 1h:15m:28s; loss = 0.090855; ['mse_0=0.000990; ', 'lpips_0=0.000899; ', 'codec_recon_0=0.014001; ', 'estimated_kb_0=1109.752808; ', 'bpp_0=6.452051; ', 'mse_1=0.000872; ', 'lpips_1=0.000789; ', 'codec_recon_1=0.228254; ', 'estimated_kb_1=276.747284; ', 'bpp_1=0.321799; ', 'mse_2=0.000795; ', 'lpips_2=0.000723; ', 'codec_recon_2=0.043698; ', 'estimated_kb_2=1103.195190; ', 'bpp_2=0.305425; ']
aux step[481] ; loss/aux = 23590.894531
train step[482/5000] ; used: 8m:3s; eta: 1h:15m:27s; loss = 0.084548; ['mse_0=0.000550; ', 'lpips_0=0.000837; ', 'codec_recon_0=0.016648; ', 'estimated_kb_0=1089.885254; ', 'bpp_0=6.336542; ', 'mse_1=0.000482; ', 'lpips_1=0.000736; ', 'codec_recon_1=0.204813; ', 'estimated_kb_1=275.061066; ', 'bpp_1=0.319838; ', 'mse_2=0.000447; ', 'lpips_2=0.000699; ', 'codec_recon_2=0.047863; ', 'estimated_kb_2=1091.936890; ', 'bpp_2=0.302308; ']
aux step[482] ; loss/aux = 23590.894531
train step[483/5000] ; used: 8m:4s; eta: 1h:15m:25s; loss = 0.093386; ['mse_0=0.002270; ', 'lpips_0=0.001105; ', 'codec_recon_0=0.012340; ', 'estimated_kb_0=1118.051025; ', 'bpp_0=6.500296; ', 'mse_1=0.001933; ', 'lpips_1=0.000995; ', 'codec_recon_1=0.223831; ', 'estimated_kb_1=277.886688; ', 'bpp_1=0.323124; ', 'mse_2=0.001792; ', 'lpips_2=0.000877; ', 'codec_recon_2=0.045211; ', 'estimated_kb_2=1108.405762; ', 'bpp_2=0.306868; ']
aux step[483] ; loss/aux = 23590.894531
train step[484/5000] ; used: 8m:5s; eta: 1h:15m:25s; loss = 0.092056; ['mse_0=0.001143; ', 'lpips_0=0.000915; ', 'codec_recon_0=0.012516; ', 'estimated_kb_0=1110.792114; ', 'bpp_0=6.458094; ', 'mse_1=0.001036; ', 'lpips_1=0.000811; ', 'codec_recon_1=0.224939; ', 'estimated_kb_1=276.959717; ', 'bpp_1=0.322046; ', 'mse_2=0.000995; ', 'lpips_2=0.000761; ', 'codec_recon_2=0.050530; ', 'estimated_kb_2=1104.843994; ', 'bpp_2=0.305882; ']
aux step[484] ; loss/aux = 23590.894531
train step[485/5000] ; used: 8m:6s; eta: 1h:15m:23s; loss = 0.102265; ['mse_0=0.001223; ', 'lpips_0=0.000809; ', 'codec_recon_0=0.012008; ', 'estimated_kb_0=1116.758057; ', 'bpp_0=6.492780; ', 'mse_1=0.001045; ', 'lpips_1=0.000723; ', 'codec_recon_1=0.268992; ', 'estimated_kb_1=277.198242; ', 'bpp_1=0.322324; ', 'mse_2=0.000764; ', 'lpips_2=0.000561; ', 'codec_recon_2=0.042794; ', 'estimated_kb_2=1106.671997; ', 'bpp_2=0.306388; ']
aux step[485] ; loss/aux = 23590.890625
train step[486/5000] ; used: 8m:7s; eta: 1h:15m:22s; loss = 0.076982; ['mse_0=0.000515; ', 'lpips_0=0.000644; ', 'codec_recon_0=0.010726; ', 'estimated_kb_0=1100.409668; ', 'bpp_0=6.397731; ', 'mse_1=0.000423; ', 'lpips_1=0.000551; ', 'codec_recon_1=0.193974; ', 'estimated_kb_1=275.708008; ', 'bpp_1=0.320591; ', 'mse_2=0.000381; ', 'lpips_2=0.000520; ', 'codec_recon_2=0.041790; ', 'estimated_kb_2=1095.680298; ', 'bpp_2=0.303345; ']
aux step[486] ; loss/aux = 23590.890625
train step[487/5000] ; used: 8m:8s; eta: 1h:15m:21s; loss = 0.080346; ['mse_0=0.000433; ', 'lpips_0=0.000612; ', 'codec_recon_0=0.012301; ', 'estimated_kb_0=1106.169922; ', 'bpp_0=6.431221; ', 'mse_1=0.000345; ', 'lpips_1=0.000522; ', 'codec_recon_1=0.203433; ', 'estimated_kb_1=276.226776; ', 'bpp_1=0.321194; ', 'mse_2=0.000305; ', 'lpips_2=0.000479; ', 'codec_recon_2=0.043097; ', 'estimated_kb_2=1097.375122; ', 'bpp_2=0.303814; ']
aux step[487] ; loss/aux = 23590.890625
train step[488/5000] ; used: 8m:9s; eta: 1h:15m:20s; loss = 0.109952; ['mse_0=0.002967; ', 'lpips_0=0.001243; ', 'codec_recon_0=0.013010; ', 'estimated_kb_0=1121.020020; ', 'bpp_0=6.517559; ', 'mse_1=0.002599; ', 'lpips_1=0.001114; ', 'codec_recon_1=0.271237; ', 'estimated_kb_1=278.582458; ', 'bpp_1=0.323933; ', 'mse_2=0.002362; ', 'lpips_2=0.000999; ', 'codec_recon_2=0.044643; ', 'estimated_kb_2=1113.787231; ', 'bpp_2=0.308357; ']
aux step[488] ; loss/aux = 23590.890625
train step[489/5000] ; used: 8m:10s; eta: 1h:15m:19s; loss = 0.105097; ['mse_0=0.005954; ', 'lpips_0=0.001409; ', 'codec_recon_0=0.013191; ', 'estimated_kb_0=1107.299316; ', 'bpp_0=6.437787; ', 'mse_1=0.005714; ', 'lpips_1=0.001283; ', 'codec_recon_1=0.224726; ', 'estimated_kb_1=277.162231; ', 'bpp_1=0.322282; ', 'mse_2=0.005711; ', 'lpips_2=0.001223; ', 'codec_recon_2=0.041423; ', 'estimated_kb_2=1103.170532; ', 'bpp_2=0.305418; ']
aux step[489] ; loss/aux = 23590.888672
train step[490/5000] ; used: 8m:11s; eta: 1h:15m:18s; loss = 0.099800; ['mse_0=0.000780; ', 'lpips_0=0.000792; ', 'codec_recon_0=0.012037; ', 'estimated_kb_0=1113.268433; ', 'bpp_0=6.472491; ', 'mse_1=0.000682; ', 'lpips_1=0.000683; ', 'codec_recon_1=0.255582; ', 'estimated_kb_1=276.616119; ', 'bpp_1=0.321647; ', 'mse_2=0.000610; ', 'lpips_2=0.000586; ', 'codec_recon_2=0.051269; ', 'estimated_kb_2=1103.730347; ', 'bpp_2=0.305573; ']
aux step[490] ; loss/aux = 23590.888672
train step[491/5000] ; used: 8m:12s; eta: 1h:15m:17s; loss = 0.085817; ['mse_0=0.000532; ', 'lpips_0=0.000802; ', 'codec_recon_0=0.014396; ', 'estimated_kb_0=1091.006104; ', 'bpp_0=6.343059; ', 'mse_1=0.000470; ', 'lpips_1=0.000705; ', 'codec_recon_1=0.211395; ', 'estimated_kb_1=275.118011; ', 'bpp_1=0.319905; ', 'mse_2=0.000428; ', 'lpips_2=0.000648; ', 'codec_recon_2=0.048318; ', 'estimated_kb_2=1095.236206; ', 'bpp_2=0.303222; ']
aux step[491] ; loss/aux = 23590.886719
train step[492/5000] ; used: 8m:13s; eta: 1h:15m:16s; loss = 0.105744; ['mse_0=0.002904; ', 'lpips_0=0.001009; ', 'codec_recon_0=0.014117; ', 'estimated_kb_0=1114.408691; ', 'bpp_0=6.479120; ', 'mse_1=0.002651; ', 'lpips_1=0.000886; ', 'codec_recon_1=0.256765; ', 'estimated_kb_1=277.527557; ', 'bpp_1=0.322706; ', 'mse_2=0.002580; ', 'lpips_2=0.000796; ', 'codec_recon_2=0.045513; ', 'estimated_kb_2=1107.843384; ', 'bpp_2=0.306712; ']
aux step[492] ; loss/aux = 23590.886719
train step[493/5000] ; used: 8m:14s; eta: 1h:15m:15s; loss = 0.092932; ['mse_0=0.000624; ', 'lpips_0=0.000662; ', 'codec_recon_0=0.012181; ', 'estimated_kb_0=1112.567627; ', 'bpp_0=6.468416; ', 'mse_1=0.000474; ', 'lpips_1=0.000544; ', 'codec_recon_1=0.243917; ', 'estimated_kb_1=277.277374; ', 'bpp_1=0.322416; ', 'mse_2=0.000357; ', 'lpips_2=0.000467; ', 'codec_recon_2=0.043248; ', 'estimated_kb_2=1105.201416; ', 'bpp_2=0.305980; ']
aux step[493] ; loss/aux = 23590.886719
train step[494/5000] ; used: 8m:15s; eta: 1h:15m:14s; loss = 0.098743; ['mse_0=0.000661; ', 'lpips_0=0.000697; ', 'codec_recon_0=0.012790; ', 'estimated_kb_0=1114.745850; ', 'bpp_0=6.481080; ', 'mse_1=0.000519; ', 'lpips_1=0.000586; ', 'codec_recon_1=0.257465; ', 'estimated_kb_1=276.908600; ', 'bpp_1=0.321987; ', 'mse_2=0.000346; ', 'lpips_2=0.000450; ', 'codec_recon_2=0.048019; ', 'estimated_kb_2=1103.981934; ', 'bpp_2=0.305643; ']
aux step[494] ; loss/aux = 23590.886719
train step[495/5000] ; used: 8m:16s; eta: 1h:15m:12s; loss = 0.082563; ['mse_0=0.000629; ', 'lpips_0=0.000720; ', 'codec_recon_0=0.010196; ', 'estimated_kb_0=1111.047607; ', 'bpp_0=6.459579; ', 'mse_1=0.000515; ', 'lpips_1=0.000624; ', 'codec_recon_1=0.214475; ', 'estimated_kb_1=276.780884; ', 'bpp_1=0.321838; ', 'mse_2=0.000362; ', 'lpips_2=0.000545; ', 'codec_recon_2=0.039223; ', 'estimated_kb_2=1100.860840; ', 'bpp_2=0.304779; ']
aux step[495] ; loss/aux = 23590.884766
train step[496/5000] ; used: 8m:17s; eta: 1h:15m:11s; loss = 0.090119; ['mse_0=0.000967; ', 'lpips_0=0.000842; ', 'codec_recon_0=0.013999; ', 'estimated_kb_0=1105.836060; ', 'bpp_0=6.429279; ', 'mse_1=0.000801; ', 'lpips_1=0.000719; ', 'codec_recon_1=0.228636; ', 'estimated_kb_1=276.146912; ', 'bpp_1=0.321101; ', 'mse_2=0.000682; ', 'lpips_2=0.000642; ', 'codec_recon_2=0.042250; ', 'estimated_kb_2=1102.499634; ', 'bpp_2=0.305232; ']
aux step[496] ; loss/aux = 23590.882812
train step[497/5000] ; used: 8m:18s; eta: 1h:15m:11s; loss = 0.094579; ['mse_0=0.001334; ', 'lpips_0=0.000775; ', 'codec_recon_0=0.013706; ', 'estimated_kb_0=1120.474243; ', 'bpp_0=6.514385; ', 'mse_1=0.001076; ', 'lpips_1=0.000662; ', 'codec_recon_1=0.226287; ', 'estimated_kb_1=277.733002; ', 'bpp_1=0.322945; ', 'mse_2=0.001027; ', 'lpips_2=0.000605; ', 'codec_recon_2=0.057003; ', 'estimated_kb_2=1111.190552; ', 'bpp_2=0.307639; ']
aux step[497] ; loss/aux = 23590.882812
train step[498/5000] ; used: 8m:19s; eta: 1h:15m:10s; loss = 0.083435; ['mse_0=0.000929; ', 'lpips_0=0.000858; ', 'codec_recon_0=0.013627; ', 'estimated_kb_0=1103.584473; ', 'bpp_0=6.416189; ', 'mse_1=0.000812; ', 'lpips_1=0.000750; ', 'codec_recon_1=0.203820; ', 'estimated_kb_1=276.396881; ', 'bpp_1=0.321392; ', 'mse_2=0.000766; ', 'lpips_2=0.000693; ', 'codec_recon_2=0.044646; ', 'estimated_kb_2=1098.987305; ', 'bpp_2=0.304260; ']
aux step[498] ; loss/aux = 23590.882812
train step[499/5000] ; used: 8m:20s; eta: 1h:15m:9s; loss = 0.116745; ['mse_0=0.002662; ', 'lpips_0=0.001028; ', 'codec_recon_0=0.011560; ', 'estimated_kb_0=1133.928833; ', 'bpp_0=6.592609; ', 'mse_1=0.002454; ', 'lpips_1=0.000936; ', 'codec_recon_1=0.300263; ', 'estimated_kb_1=279.452362; ', 'bpp_1=0.324945; ', 'mse_2=0.002171; ', 'lpips_2=0.000766; ', 'codec_recon_2=0.043935; ', 'estimated_kb_2=1119.779785; ', 'bpp_2=0.310017; ']
aux step[499] ; loss/aux = 23590.882812
train step[500/5000] ; used: 8m:21s; eta: 1h:15m:7s; loss = 0.092553; ['mse_0=0.001663; ', 'lpips_0=0.000932; ', 'codec_recon_0=0.012892; ', 'estimated_kb_0=1115.405151; ', 'bpp_0=6.484913; ', 'mse_1=0.001295; ', 'lpips_1=0.000800; ', 'codec_recon_1=0.226561; ', 'estimated_kb_1=277.687195; ', 'bpp_1=0.322892; ', 'mse_2=0.001187; ', 'lpips_2=0.000712; ', 'codec_recon_2=0.047090; ', 'estimated_kb_2=1107.757324; ', 'bpp_2=0.306688; ']
aux step[500] ; loss/aux = 23590.878906
train step[501/5000] ; used: 8m:22s; eta: 1h:15m:6s; loss = 0.113915; ['mse_0=0.001656; ', 'lpips_0=0.001118; ', 'codec_recon_0=0.014710; ', 'estimated_kb_0=1113.189697; ', 'bpp_0=6.472033; ', 'mse_1=0.001404; ', 'lpips_1=0.000970; ', 'codec_recon_1=0.291692; ', 'estimated_kb_1=277.387848; ', 'bpp_1=0.322544; ', 'mse_2=0.001236; ', 'lpips_2=0.000823; ', 'codec_recon_2=0.049290; ', 'estimated_kb_2=1110.488159; ', 'bpp_2=0.307444; ']
aux step[501] ; loss/aux = 23590.878906
train step[502/5000] ; used: 8m:23s; eta: 1h:15m:6s; loss = 0.086013; ['mse_0=0.001462; ', 'lpips_0=0.000814; ', 'codec_recon_0=0.012142; ', 'estimated_kb_0=1110.113892; ', 'bpp_0=6.454151; ', 'mse_1=0.001203; ', 'lpips_1=0.000700; ', 'codec_recon_1=0.212530; ', 'estimated_kb_1=277.057526; ', 'bpp_1=0.322160; ', 'mse_2=0.001129; ', 'lpips_2=0.000655; ', 'codec_recon_2=0.042160; ', 'estimated_kb_2=1103.771118; ', 'bpp_2=0.305584; ']
aux step[502] ; loss/aux = 23590.878906
train step[503/5000] ; used: 8m:24s; eta: 1h:15m:5s; loss = 0.084023; ['mse_0=0.000912; ', 'lpips_0=0.000801; ', 'codec_recon_0=0.011828; ', 'estimated_kb_0=1099.921875; ', 'bpp_0=6.394895; ', 'mse_1=0.000811; ', 'lpips_1=0.000681; ', 'codec_recon_1=0.213910; ', 'estimated_kb_1=275.569489; ', 'bpp_1=0.320430; ', 'mse_2=0.000727; ', 'lpips_2=0.000623; ', 'codec_recon_2=0.039158; ', 'estimated_kb_2=1096.167236; ', 'bpp_2=0.303479; ']
aux step[503] ; loss/aux = 23590.878906
train step[504/5000] ; used: 8m:25s; eta: 1h:15m:4s; loss = 0.098136; ['mse_0=0.001665; ', 'lpips_0=0.000750; ', 'codec_recon_0=0.016706; ', 'estimated_kb_0=1114.988037; ', 'bpp_0=6.482489; ', 'mse_1=0.001535; ', 'lpips_1=0.000632; ', 'codec_recon_1=0.241677; ', 'estimated_kb_1=276.863647; ', 'bpp_1=0.321934; ', 'mse_2=0.001431; ', 'lpips_2=0.000540; ', 'codec_recon_2=0.046894; ', 'estimated_kb_2=1102.993164; ', 'bpp_2=0.305369; ']
aux step[504] ; loss/aux = 23590.876953
train step[505/5000] ; used: 8m:26s; eta: 1h:15m:2s; loss = 0.086294; ['mse_0=0.000824; ', 'lpips_0=0.000859; ', 'codec_recon_0=0.013533; ', 'estimated_kb_0=1099.613892; ', 'bpp_0=6.393104; ', 'mse_1=0.000710; ', 'lpips_1=0.000739; ', 'codec_recon_1=0.213408; ', 'estimated_kb_1=275.952728; ', 'bpp_1=0.320875; ', 'mse_2=0.000650; ', 'lpips_2=0.000674; ', 'codec_recon_2=0.045850; ', 'estimated_kb_2=1098.370483; ', 'bpp_2=0.304089; ']
aux step[505] ; loss/aux = 23590.875000
train step[506/5000] ; used: 8m:27s; eta: 1h:15m:1s; loss = 0.090250; ['mse_0=0.000494; ', 'lpips_0=0.000729; ', 'codec_recon_0=0.011726; ', 'estimated_kb_0=1114.748779; ', 'bpp_0=6.481097; ', 'mse_1=0.000393; ', 'lpips_1=0.000632; ', 'codec_recon_1=0.230657; ', 'estimated_kb_1=276.497925; ', 'bpp_1=0.321509; ', 'mse_2=0.000325; ', 'lpips_2=0.000559; ', 'codec_recon_2=0.048009; ', 'estimated_kb_2=1105.629028; ', 'bpp_2=0.306099; ']
aux step[506] ; loss/aux = 23590.875000
train step[507/5000] ; used: 8m:28s; eta: 1h:15m:1s; loss = 0.122834; ['mse_0=0.001586; ', 'lpips_0=0.001394; ', 'codec_recon_0=0.014928; ', 'estimated_kb_0=1099.661255; ', 'bpp_0=6.393379; ', 'mse_1=0.001389; ', 'lpips_1=0.001261; ', 'codec_recon_1=0.317813; ', 'estimated_kb_1=275.302582; ', 'bpp_1=0.320119; ', 'mse_2=0.001149; ', 'lpips_2=0.001037; ', 'codec_recon_2=0.050654; ', 'estimated_kb_2=1097.383179; ', 'bpp_2=0.303816; ']
aux step[507] ; loss/aux = 23590.875000
train step[508/5000] ; used: 8m:29s; eta: 1h:15m; loss = 0.094898; ['mse_0=0.002110; ', 'lpips_0=0.000985; ', 'codec_recon_0=0.012780; ', 'estimated_kb_0=1097.725830; ', 'bpp_0=6.382127; ', 'mse_1=0.001659; ', 'lpips_1=0.000847; ', 'codec_recon_1=0.236896; ', 'estimated_kb_1=275.870117; ', 'bpp_1=0.320779; ', 'mse_2=0.001496; ', 'lpips_2=0.000781; ', 'codec_recon_2=0.040394; ', 'estimated_kb_2=1095.842651; ', 'bpp_2=0.303389; ']
aux step[508] ; loss/aux = 23590.875000
train step[509/5000] ; used: 8m:30s; eta: 1h:14m:59s; loss = 0.103582; ['mse_0=0.001952; ', 'lpips_0=0.001169; ', 'codec_recon_0=0.011948; ', 'estimated_kb_0=1123.594482; ', 'bpp_0=6.532526; ', 'mse_1=0.001670; ', 'lpips_1=0.000982; ', 'codec_recon_1=0.261967; ', 'estimated_kb_1=278.248505; ', 'bpp_1=0.323545; ', 'mse_2=0.001440; ', 'lpips_2=0.000813; ', 'codec_recon_2=0.044608; ', 'estimated_kb_2=1112.839722; ', 'bpp_2=0.308095; ']
aux step[509] ; loss/aux = 23590.875000
train step[510/5000] ; used: 8m:31s; eta: 1h:14m:57s; loss = 0.085025; ['mse_0=0.000713; ', 'lpips_0=0.000802; ', 'codec_recon_0=0.011643; ', 'estimated_kb_0=1096.905762; ', 'bpp_0=6.377359; ', 'mse_1=0.000636; ', 'lpips_1=0.000709; ', 'codec_recon_1=0.211169; ', 'estimated_kb_1=275.158508; ', 'bpp_1=0.319952; ', 'mse_2=0.000558; ', 'lpips_2=0.000633; ', 'codec_recon_2=0.047099; ', 'estimated_kb_2=1096.449585; ', 'bpp_2=0.303557; ']
aux step[510] ; loss/aux = 23590.873047
train step[511/5000] ; used: 8m:32s; eta: 1h:14m:56s; loss = 0.101103; ['mse_0=0.001970; ', 'lpips_0=0.001098; ', 'codec_recon_0=0.013544; ', 'estimated_kb_0=1117.789429; ', 'bpp_0=6.498776; ', 'mse_1=0.001769; ', 'lpips_1=0.000942; ', 'codec_recon_1=0.249862; ', 'estimated_kb_1=277.242981; ', 'bpp_1=0.322376; ', 'mse_2=0.001612; ', 'lpips_2=0.000845; ', 'codec_recon_2=0.046148; ', 'estimated_kb_2=1107.006470; ', 'bpp_2=0.306480; ']
aux step[511] ; loss/aux = 23590.871094
train step[512/5000] ; used: 8m:33s; eta: 1h:14m:55s; loss = 0.078878; ['mse_0=0.000570; ', 'lpips_0=0.000683; ', 'codec_recon_0=0.012066; ', 'estimated_kb_0=1101.041626; ', 'bpp_0=6.401405; ', 'mse_1=0.000480; ', 'lpips_1=0.000585; ', 'codec_recon_1=0.197029; ', 'estimated_kb_1=275.839661; ', 'bpp_1=0.320744; ', 'mse_2=0.000432; ', 'lpips_2=0.000522; ', 'codec_recon_2=0.042927; ', 'estimated_kb_2=1097.002930; ', 'bpp_2=0.303711; ']
aux step[512] ; loss/aux = 23590.871094
train step[513/5000] ; used: 8m:34s; eta: 1h:14m:54s; loss = 0.109451; ['mse_0=0.001503; ', 'lpips_0=0.000969; ', 'codec_recon_0=0.013041; ', 'estimated_kb_0=1126.642212; ', 'bpp_0=6.550245; ', 'mse_1=0.001241; ', 'lpips_1=0.000814; ', 'codec_recon_1=0.286394; ', 'estimated_kb_1=278.300751; ', 'bpp_1=0.323606; ', 'mse_2=0.000939; ', 'lpips_2=0.000624; ', 'codec_recon_2=0.045102; ', 'estimated_kb_2=1113.578979; ', 'bpp_2=0.308300; ']
aux step[513] ; loss/aux = 23590.871094
train step[514/5000] ; used: 8m:35s; eta: 1h:14m:53s; loss = 0.106598; ['mse_0=0.001268; ', 'lpips_0=0.000831; ', 'codec_recon_0=0.012436; ', 'estimated_kb_0=1110.408081; ', 'bpp_0=6.455860; ', 'mse_1=0.001029; ', 'lpips_1=0.000717; ', 'codec_recon_1=0.282540; ', 'estimated_kb_1=276.155640; ', 'bpp_1=0.321111; ', 'mse_2=0.000800; ', 'lpips_2=0.000590; ', 'codec_recon_2=0.042898; ', 'estimated_kb_2=1105.436035; ', 'bpp_2=0.306045; ']
aux step[514] ; loss/aux = 23590.867188
train step[515/5000] ; used: 8m:36s; eta: 1h:14m:52s; loss = 0.089143; ['mse_0=0.002061; ', 'lpips_0=0.000895; ', 'codec_recon_0=0.010944; ', 'estimated_kb_0=1105.296631; ', 'bpp_0=6.426143; ', 'mse_1=0.001802; ', 'lpips_1=0.000768; ', 'codec_recon_1=0.220545; ', 'estimated_kb_1=277.007294; ', 'bpp_1=0.322102; ', 'mse_2=0.001602; ', 'lpips_2=0.000673; ', 'codec_recon_2=0.039651; ', 'estimated_kb_2=1100.045532; ', 'bpp_2=0.304553; ']
aux step[515] ; loss/aux = 23590.867188
train step[516/5000] ; used: 8m:37s; eta: 1h:14m:51s; loss = 0.114216; ['mse_0=0.001267; ', 'lpips_0=0.001026; ', 'codec_recon_0=0.011716; ', 'estimated_kb_0=1106.871704; ', 'bpp_0=6.435300; ', 'mse_1=0.001029; ', 'lpips_1=0.000856; ', 'codec_recon_1=0.308490; ', 'estimated_kb_1=275.831451; ', 'bpp_1=0.320734; ', 'mse_2=0.000727; ', 'lpips_2=0.000652; ', 'codec_recon_2=0.041992; ', 'estimated_kb_2=1103.441040; ', 'bpp_2=0.305493; ']
aux step[516] ; loss/aux = 23590.867188
train step[517/5000] ; used: 8m:38s; eta: 1h:14m:50s; loss = 0.085767; ['mse_0=0.000685; ', 'lpips_0=0.000665; ', 'codec_recon_0=0.012608; ', 'estimated_kb_0=1099.556885; ', 'bpp_0=6.392773; ', 'mse_1=0.000589; ', 'lpips_1=0.000573; ', 'codec_recon_1=0.220063; ', 'estimated_kb_1=275.556152; ', 'bpp_1=0.320414; ', 'mse_2=0.000540; ', 'lpips_2=0.000514; ', 'codec_recon_2=0.041336; ', 'estimated_kb_2=1093.254272; ', 'bpp_2=0.302673; ']
aux step[517] ; loss/aux = 23590.867188
train step[518/5000] ; used: 8m:39s; eta: 1h:14m:49s; loss = 0.095420; ['mse_0=0.000802; ', 'lpips_0=0.000765; ', 'codec_recon_0=0.013163; ', 'estimated_kb_0=1114.569336; ', 'bpp_0=6.480054; ', 'mse_1=0.000717; ', 'lpips_1=0.000638; ', 'codec_recon_1=0.238610; ', 'estimated_kb_1=277.071808; ', 'bpp_1=0.322177; ', 'mse_2=0.000634; ', 'lpips_2=0.000565; ', 'codec_recon_2=0.052563; ', 'estimated_kb_2=1105.284302; ', 'bpp_2=0.306003; ']
aux step[518] ; loss/aux = 23590.865234
train step[519/5000] ; used: 8m:40s; eta: 1h:14m:48s; loss = 0.086654; ['mse_0=0.001724; ', 'lpips_0=0.001058; ', 'codec_recon_0=0.017594; ', 'estimated_kb_0=1085.574219; ', 'bpp_0=6.311478; ', 'mse_1=0.001509; ', 'lpips_1=0.000927; ', 'codec_recon_1=0.201412; ', 'estimated_kb_1=273.685516; ', 'bpp_1=0.318239; ', 'mse_2=0.001454; ', 'lpips_2=0.000879; ', 'codec_recon_2=0.044667; ', 'estimated_kb_2=1085.362427; ', 'bpp_2=0.300488; ']
aux step[519] ; loss/aux = 23590.865234
train step[520/5000] ; used: 8m:41s; eta: 1h:14m:47s; loss = 0.086961; ['mse_0=0.001180; ', 'lpips_0=0.000988; ', 'codec_recon_0=0.013951; ', 'estimated_kb_0=1093.573242; ', 'bpp_0=6.357984; ', 'mse_1=0.001022; ', 'lpips_1=0.000847; ', 'codec_recon_1=0.211774; ', 'estimated_kb_1=275.179047; ', 'bpp_1=0.319976; ', 'mse_2=0.000972; ', 'lpips_2=0.000775; ', 'codec_recon_2=0.044864; ', 'estimated_kb_2=1097.264038; ', 'bpp_2=0.303783; ']
aux step[520] ; loss/aux = 23590.863281
train step[521/5000] ; used: 8m:42s; eta: 1h:14m:46s; loss = 0.092613; ['mse_0=0.001351; ', 'lpips_0=0.000820; ', 'codec_recon_0=0.013287; ', 'estimated_kb_0=1108.317749; ', 'bpp_0=6.443708; ', 'mse_1=0.001202; ', 'lpips_1=0.000688; ', 'codec_recon_1=0.234814; ', 'estimated_kb_1=276.744568; ', 'bpp_1=0.321796; ', 'mse_2=0.001076; ', 'lpips_2=0.000574; ', 'codec_recon_2=0.041575; ', 'estimated_kb_2=1105.000122; ', 'bpp_2=0.305925; ']
aux step[521] ; loss/aux = 23590.863281
train step[522/5000] ; used: 8m:43s; eta: 1h:14m:45s; loss = 0.090988; ['mse_0=0.001033; ', 'lpips_0=0.000845; ', 'codec_recon_0=0.012262; ', 'estimated_kb_0=1105.994385; ', 'bpp_0=6.430200; ', 'mse_1=0.000912; ', 'lpips_1=0.000726; ', 'codec_recon_1=0.232209; ', 'estimated_kb_1=277.339233; ', 'bpp_1=0.322487; ', 'mse_2=0.000810; ', 'lpips_2=0.000642; ', 'codec_recon_2=0.042260; ', 'estimated_kb_2=1102.050171; ', 'bpp_2=0.305108; ']
aux step[522] ; loss/aux = 23590.863281
train step[523/5000] ; used: 8m:44s; eta: 1h:14m:44s; loss = 0.086509; ['mse_0=0.001183; ', 'lpips_0=0.000845; ', 'codec_recon_0=0.012342; ', 'estimated_kb_0=1111.270996; ', 'bpp_0=6.460878; ', 'mse_1=0.000902; ', 'lpips_1=0.000701; ', 'codec_recon_1=0.215848; ', 'estimated_kb_1=276.919647; ', 'bpp_1=0.322000; ', 'mse_2=0.000777; ', 'lpips_2=0.000587; ', 'codec_recon_2=0.043522; ', 'estimated_kb_2=1105.831787; ', 'bpp_2=0.306155; ']
aux step[523] ; loss/aux = 23590.863281
train step[524/5000] ; used: 8m:45s; eta: 1h:14m:43s; loss = 0.091459; ['mse_0=0.000910; ', 'lpips_0=0.000915; ', 'codec_recon_0=0.013074; ', 'estimated_kb_0=1096.180542; ', 'bpp_0=6.373143; ', 'mse_1=0.000752; ', 'lpips_1=0.000773; ', 'codec_recon_1=0.230102; ', 'estimated_kb_1=275.455139; ', 'bpp_1=0.320297; ', 'mse_2=0.000682; ', 'lpips_2=0.000709; ', 'codec_recon_2=0.045881; ', 'estimated_kb_2=1096.572632; ', 'bpp_2=0.303592; ']
aux step[524] ; loss/aux = 23590.863281
train step[525/5000] ; used: 8m:46s; eta: 1h:14m:43s; loss = 0.102065; ['mse_0=0.000652; ', 'lpips_0=0.000837; ', 'codec_recon_0=0.012212; ', 'estimated_kb_0=1121.892822; ', 'bpp_0=6.522633; ', 'mse_1=0.000473; ', 'lpips_1=0.000698; ', 'codec_recon_1=0.268637; ', 'estimated_kb_1=277.330292; ', 'bpp_1=0.322477; ', 'mse_2=0.000340; ', 'lpips_2=0.000513; ', 'codec_recon_2=0.047659; ', 'estimated_kb_2=1110.183716; ', 'bpp_2=0.307360; ']
aux step[525] ; loss/aux = 23590.861328
train step[526/5000] ; used: 8m:47s; eta: 1h:14m:41s; loss = 0.101969; ['mse_0=0.002441; ', 'lpips_0=0.001094; ', 'codec_recon_0=0.011788; ', 'estimated_kb_0=1125.255737; ', 'bpp_0=6.542185; ', 'mse_1=0.002298; ', 'lpips_1=0.000991; ', 'codec_recon_1=0.254905; ', 'estimated_kb_1=278.179474; ', 'bpp_1=0.323465; ', 'mse_2=0.002095; ', 'lpips_2=0.000891; ', 'codec_recon_2=0.040506; ', 'estimated_kb_2=1111.161865; ', 'bpp_2=0.307631; ']
aux step[526] ; loss/aux = 23590.859375
train step[527/5000] ; used: 8m:48s; eta: 1h:14m:40s; loss = 0.097922; ['mse_0=0.000929; ', 'lpips_0=0.000774; ', 'codec_recon_0=0.013927; ', 'estimated_kb_0=1120.819824; ', 'bpp_0=6.516395; ', 'mse_1=0.000684; ', 'lpips_1=0.000601; ', 'codec_recon_1=0.248885; ', 'estimated_kb_1=278.336334; ', 'bpp_1=0.323647; ', 'mse_2=0.000563; ', 'lpips_2=0.000491; ', 'codec_recon_2=0.050123; ', 'estimated_kb_2=1111.653320; ', 'bpp_2=0.307767; ']
aux step[527] ; loss/aux = 23590.859375
train step[528/5000] ; used: 8m:49s; eta: 1h:14m:40s; loss = 0.104581; ['mse_0=0.002191; ', 'lpips_0=0.000836; ', 'codec_recon_0=0.010528; ', 'estimated_kb_0=1124.552490; ', 'bpp_0=6.538095; ', 'mse_1=0.001925; ', 'lpips_1=0.000722; ', 'codec_recon_1=0.272321; ', 'estimated_kb_1=278.836700; ', 'bpp_1=0.324229; ', 'mse_2=0.001625; ', 'lpips_2=0.000518; ', 'codec_recon_2=0.039698; ', 'estimated_kb_2=1112.150513; ', 'bpp_2=0.307904; ']
aux step[528] ; loss/aux = 23590.857422
train step[529/5000] ; used: 8m:50s; eta: 1h:14m:39s; loss = 0.100464; ['mse_0=0.003190; ', 'lpips_0=0.001084; ', 'codec_recon_0=0.012020; ', 'estimated_kb_0=1124.505249; ', 'bpp_0=6.537821; ', 'mse_1=0.002615; ', 'lpips_1=0.000918; ', 'codec_recon_1=0.246029; ', 'estimated_kb_1=279.052216; ', 'bpp_1=0.324479; ', 'mse_2=0.002249; ', 'lpips_2=0.000800; ', 'codec_recon_2=0.040643; ', 'estimated_kb_2=1115.223511; ', 'bpp_2=0.308755; ']
aux step[529] ; loss/aux = 23590.855469
train step[530/5000] ; used: 8m:51s; eta: 1h:14m:38s; loss = 0.083499; ['mse_0=0.000533; ', 'lpips_0=0.000753; ', 'codec_recon_0=0.011881; ', 'estimated_kb_0=1102.246826; ', 'bpp_0=6.408412; ', 'mse_1=0.000398; ', 'lpips_1=0.000649; ', 'codec_recon_1=0.208763; ', 'estimated_kb_1=275.655609; ', 'bpp_1=0.320530; ', 'mse_2=0.000334; ', 'lpips_2=0.000601; ', 'codec_recon_2=0.046792; ', 'estimated_kb_2=1097.098389; ', 'bpp_2=0.303737; ']
aux step[530] ; loss/aux = 23590.855469
train step[531/5000] ; used: 8m:52s; eta: 1h:14m:37s; loss = 0.094574; ['mse_0=0.002226; ', 'lpips_0=0.000894; ', 'codec_recon_0=0.013510; ', 'estimated_kb_0=1106.225586; ', 'bpp_0=6.431544; ', 'mse_1=0.001952; ', 'lpips_1=0.000790; ', 'codec_recon_1=0.227260; ', 'estimated_kb_1=277.119781; ', 'bpp_1=0.322232; ', 'mse_2=0.001815; ', 'lpips_2=0.000697; ', 'codec_recon_2=0.046563; ', 'estimated_kb_2=1101.417480; ', 'bpp_2=0.304933; ']
aux step[531] ; loss/aux = 23590.855469
train step[532/5000] ; used: 8m:53s; eta: 1h:14m:36s; loss = 0.125093; ['mse_0=0.002843; ', 'lpips_0=0.001336; ', 'codec_recon_0=0.013652; ', 'estimated_kb_0=1111.800659; ', 'bpp_0=6.463957; ', 'mse_1=0.002625; ', 'lpips_1=0.001229; ', 'codec_recon_1=0.318254; ', 'estimated_kb_1=277.641754; ', 'bpp_1=0.322839; ', 'mse_2=0.002489; ', 'lpips_2=0.001089; ', 'codec_recon_2=0.046364; ', 'estimated_kb_2=1110.020508; ', 'bpp_2=0.307315; ']
aux step[532] ; loss/aux = 23590.855469
train step[533/5000] ; used: 8m:54s; eta: 1h:14m:35s; loss = 0.084131; ['mse_0=0.000961; ', 'lpips_0=0.000781; ', 'codec_recon_0=0.012611; ', 'estimated_kb_0=1103.182617; ', 'bpp_0=6.413853; ', 'mse_1=0.000850; ', 'lpips_1=0.000687; ', 'codec_recon_1=0.207570; ', 'estimated_kb_1=275.986603; ', 'bpp_1=0.320915; ', 'mse_2=0.000800; ', 'lpips_2=0.000633; ', 'codec_recon_2=0.044547; ', 'estimated_kb_2=1098.253906; ', 'bpp_2=0.304057; ']
aux step[533] ; loss/aux = 23590.853516
train step[534/5000] ; used: 8m:55s; eta: 1h:14m:34s; loss = 0.085278; ['mse_0=0.000400; ', 'lpips_0=0.000682; ', 'codec_recon_0=0.013504; ', 'estimated_kb_0=1100.732422; ', 'bpp_0=6.399607; ', 'mse_1=0.000315; ', 'lpips_1=0.000580; ', 'codec_recon_1=0.213123; ', 'estimated_kb_1=275.192108; ', 'bpp_1=0.319991; ', 'mse_2=0.000270; ', 'lpips_2=0.000505; ', 'codec_recon_2=0.048461; ', 'estimated_kb_2=1095.972290; ', 'bpp_2=0.303425; ']
aux step[534] ; loss/aux = 23590.853516
train step[535/5000] ; used: 8m:56s; eta: 1h:14m:33s; loss = 0.092585; ['mse_0=0.000418; ', 'lpips_0=0.000544; ', 'codec_recon_0=0.012220; ', 'estimated_kb_0=1107.076904; ', 'bpp_0=6.436494; ', 'mse_1=0.000287; ', 'lpips_1=0.000427; ', 'codec_recon_1=0.243360; ', 'estimated_kb_1=277.435547; ', 'bpp_1=0.322599; ', 'mse_2=0.000201; ', 'lpips_2=0.000354; ', 'codec_recon_2=0.045606; ', 'estimated_kb_2=1101.278809; ', 'bpp_2=0.304894; ']
aux step[535] ; loss/aux = 23590.851562
train step[536/5000] ; used: 8m:57s; eta: 1h:14m:32s; loss = 0.092817; ['mse_0=0.001425; ', 'lpips_0=0.000852; ', 'codec_recon_0=0.013514; ', 'estimated_kb_0=1110.084351; ', 'bpp_0=6.453979; ', 'mse_1=0.001151; ', 'lpips_1=0.000702; ', 'codec_recon_1=0.230235; ', 'estimated_kb_1=278.026550; ', 'bpp_1=0.323287; ', 'mse_2=0.001072; ', 'lpips_2=0.000631; ', 'codec_recon_2=0.046197; ', 'estimated_kb_2=1105.871704; ', 'bpp_2=0.306166; ']
aux step[536] ; loss/aux = 23590.851562
train step[537/5000] ; used: 8m:59s; eta: 1h:14m:34s; loss = 0.091034; ['mse_0=0.002628; ', 'lpips_0=0.001048; ', 'codec_recon_0=0.013011; ', 'estimated_kb_0=1097.075317; ', 'bpp_0=6.378345; ', 'mse_1=0.002332; ', 'lpips_1=0.000951; ', 'codec_recon_1=0.218044; ', 'estimated_kb_1=276.132141; ', 'bpp_1=0.321084; ', 'mse_2=0.002211; ', 'lpips_2=0.000892; ', 'codec_recon_2=0.038849; ', 'estimated_kb_2=1096.060669; ', 'bpp_2=0.303450; ']
aux step[537] ; loss/aux = 23590.851562
train step[538/5000] ; used: 9m; eta: 1h:14m:33s; loss = 0.092094; ['mse_0=0.001067; ', 'lpips_0=0.000780; ', 'codec_recon_0=0.012937; ', 'estimated_kb_0=1100.340332; ', 'bpp_0=6.397327; ', 'mse_1=0.000836; ', 'lpips_1=0.000669; ', 'codec_recon_1=0.237879; ', 'estimated_kb_1=276.184509; ', 'bpp_1=0.321145; ', 'mse_2=0.000687; ', 'lpips_2=0.000592; ', 'codec_recon_2=0.040731; ', 'estimated_kb_2=1100.030396; ', 'bpp_2=0.304549; ']
aux step[538] ; loss/aux = 23590.851562
train step[539/5000] ; used: 9m:1s; eta: 1h:14m:32s; loss = 0.090683; ['mse_0=0.001719; ', 'lpips_0=0.000960; ', 'codec_recon_0=0.011322; ', 'estimated_kb_0=1120.541870; ', 'bpp_0=6.514778; ', 'mse_1=0.001400; ', 'lpips_1=0.000847; ', 'codec_recon_1=0.219549; ', 'estimated_kb_1=277.839325; ', 'bpp_1=0.323069; ', 'mse_2=0.001331; ', 'lpips_2=0.000758; ', 'codec_recon_2=0.048019; ', 'estimated_kb_2=1109.752686; ', 'bpp_2=0.307240; ']
aux step[539] ; loss/aux = 23590.851562
train step[540/5000] ; used: 9m:2s; eta: 1h:14m:30s; loss = 0.088952; ['mse_0=0.001023; ', 'lpips_0=0.000756; ', 'codec_recon_0=0.012635; ', 'estimated_kb_0=1103.538208; ', 'bpp_0=6.415920; ', 'mse_1=0.000891; ', 'lpips_1=0.000668; ', 'codec_recon_1=0.224526; ', 'estimated_kb_1=276.607056; ', 'bpp_1=0.321636; ', 'mse_2=0.000779; ', 'lpips_2=0.000581; ', 'codec_recon_2=0.043688; ', 'estimated_kb_2=1099.984497; ', 'bpp_2=0.304536; ']
aux step[540] ; loss/aux = 23590.847656
train step[541/5000] ; used: 9m:3s; eta: 1h:14m:29s; loss = 0.101115; ['mse_0=0.000610; ', 'lpips_0=0.001046; ', 'codec_recon_0=0.013252; ', 'estimated_kb_0=1087.062012; ', 'bpp_0=6.320128; ', 'mse_1=0.000491; ', 'lpips_1=0.000933; ', 'codec_recon_1=0.262946; ', 'estimated_kb_1=273.681244; ', 'bpp_1=0.318234; ', 'mse_2=0.000411; ', 'lpips_2=0.000816; ', 'codec_recon_2=0.046497; ', 'estimated_kb_2=1089.943726; ', 'bpp_2=0.301756; ']
aux step[541] ; loss/aux = 23590.847656
train step[542/5000] ; used: 9m:4s; eta: 1h:14m:28s; loss = 0.091152; ['mse_0=0.000533; ', 'lpips_0=0.000612; ', 'codec_recon_0=0.015197; ', 'estimated_kb_0=1106.386719; ', 'bpp_0=6.432481; ', 'mse_1=0.000386; ', 'lpips_1=0.000489; ', 'codec_recon_1=0.227122; ', 'estimated_kb_1=275.900848; ', 'bpp_1=0.320815; ', 'mse_2=0.000336; ', 'lpips_2=0.000437; ', 'codec_recon_2=0.052211; ', 'estimated_kb_2=1102.686890; ', 'bpp_2=0.305284; ']
aux step[542] ; loss/aux = 23590.847656
train step[543/5000] ; used: 9m:5s; eta: 1h:14m:28s; loss = 0.082546; ['mse_0=0.000724; ', 'lpips_0=0.000716; ', 'codec_recon_0=0.010895; ', 'estimated_kb_0=1108.500122; ', 'bpp_0=6.444768; ', 'mse_1=0.000636; ', 'lpips_1=0.000603; ', 'codec_recon_1=0.206766; ', 'estimated_kb_1=276.471497; ', 'bpp_1=0.321478; ', 'mse_2=0.000578; ', 'lpips_2=0.000539; ', 'codec_recon_2=0.044840; ', 'estimated_kb_2=1101.221802; ', 'bpp_2=0.304879; ']
aux step[543] ; loss/aux = 23590.847656
train step[544/5000] ; used: 9m:6s; eta: 1h:14m:27s; loss = 0.108920; ['mse_0=0.002867; ', 'lpips_0=0.001209; ', 'codec_recon_0=0.012592; ', 'estimated_kb_0=1131.979614; ', 'bpp_0=6.581277; ', 'mse_1=0.002424; ', 'lpips_1=0.001061; ', 'codec_recon_1=0.272441; ', 'estimated_kb_1=279.755219; ', 'bpp_1=0.325297; ', 'mse_2=0.002075; ', 'lpips_2=0.000911; ', 'codec_recon_2=0.042875; ', 'estimated_kb_2=1118.985474; ', 'bpp_2=0.309797; ']
aux step[544] ; loss/aux = 23590.847656
train step[545/5000] ; used: 9m:7s; eta: 1h:14m:25s; loss = 0.094345; ['mse_0=0.001052; ', 'lpips_0=0.000843; ', 'codec_recon_0=0.012175; ', 'estimated_kb_0=1123.545166; ', 'bpp_0=6.532239; ', 'mse_1=0.000747; ', 'lpips_1=0.000667; ', 'codec_recon_1=0.234860; ', 'estimated_kb_1=277.642975; ', 'bpp_1=0.322841; ', 'mse_2=0.000632; ', 'lpips_2=0.000546; ', 'codec_recon_2=0.052491; ', 'estimated_kb_2=1108.113647; ', 'bpp_2=0.306787; ']
aux step[545] ; loss/aux = 23590.845703
train step[546/5000] ; used: 9m:8s; eta: 1h:14m:24s; loss = 0.096056; ['mse_0=0.000727; ', 'lpips_0=0.000746; ', 'codec_recon_0=0.013105; ', 'estimated_kb_0=1101.434814; ', 'bpp_0=6.403691; ', 'mse_1=0.000536; ', 'lpips_1=0.000642; ', 'codec_recon_1=0.252162; ', 'estimated_kb_1=275.312775; ', 'bpp_1=0.320131; ', 'mse_2=0.000426; ', 'lpips_2=0.000560; ', 'codec_recon_2=0.042793; ', 'estimated_kb_2=1097.167480; ', 'bpp_2=0.303756; ']
aux step[546] ; loss/aux = 23590.843750
train step[547/5000] ; used: 9m:9s; eta: 1h:14m:24s; loss = 0.119859; ['mse_0=0.006136; ', 'lpips_0=0.001464; ', 'codec_recon_0=0.015900; ', 'estimated_kb_0=1111.027344; ', 'bpp_0=6.459461; ', 'mse_1=0.006026; ', 'lpips_1=0.001347; ', 'codec_recon_1=0.259960; ', 'estimated_kb_1=276.722412; ', 'bpp_1=0.321770; ', 'mse_2=0.006028; ', 'lpips_2=0.001275; ', 'codec_recon_2=0.049421; ', 'estimated_kb_2=1106.740845; ', 'bpp_2=0.306407; ']
aux step[547] ; loss/aux = 23590.841797
train step[548/5000] ; used: 9m:10s; eta: 1h:14m:23s; loss = 0.113857; ['mse_0=0.003547; ', 'lpips_0=0.001229; ', 'codec_recon_0=0.010836; ', 'estimated_kb_0=1127.375977; ', 'bpp_0=6.554512; ', 'mse_1=0.003174; ', 'lpips_1=0.001111; ', 'codec_recon_1=0.286606; ', 'estimated_kb_1=279.271912; ', 'bpp_1=0.324735; ', 'mse_2=0.002797; ', 'lpips_2=0.000918; ', 'codec_recon_2=0.039497; ', 'estimated_kb_2=1117.605103; ', 'bpp_2=0.309414; ']
aux step[548] ; loss/aux = 23590.841797
train step[549/5000] ; used: 9m:11s; eta: 1h:14m:22s; loss = 0.082520; ['mse_0=0.001313; ', 'lpips_0=0.000681; ', 'codec_recon_0=0.013757; ', 'estimated_kb_0=1098.290894; ', 'bpp_0=6.385412; ', 'mse_1=0.001175; ', 'lpips_1=0.000556; ', 'codec_recon_1=0.198238; ', 'estimated_kb_1=275.414917; ', 'bpp_1=0.320250; ', 'mse_2=0.001107; ', 'lpips_2=0.000491; ', 'codec_recon_2=0.045325; ', 'estimated_kb_2=1095.001709; ', 'bpp_2=0.303157; ']
aux step[549] ; loss/aux = 23590.841797
train step[550/5000] ; used: 9m:12s; eta: 1h:14m:21s; loss = 0.114752; ['mse_0=0.001531; ', 'lpips_0=0.001082; ', 'codec_recon_0=0.010849; ', 'estimated_kb_0=1113.105957; ', 'bpp_0=6.471546; ', 'mse_1=0.001236; ', 'lpips_1=0.000947; ', 'codec_recon_1=0.306244; ', 'estimated_kb_1=276.398010; ', 'bpp_1=0.321393; ', 'mse_2=0.000802; ', 'lpips_2=0.000713; ', 'codec_recon_2=0.044377; ', 'estimated_kb_2=1105.717773; ', 'bpp_2=0.306123; ']
aux step[550] ; loss/aux = 23590.841797
train step[551/5000] ; used: 9m:13s; eta: 1h:14m:19s; loss = 0.076733; ['mse_0=0.000426; ', 'lpips_0=0.000736; ', 'codec_recon_0=0.012713; ', 'estimated_kb_0=1096.421753; ', 'bpp_0=6.374545; ', 'mse_1=0.000391; ', 'lpips_1=0.000629; ', 'codec_recon_1=0.191133; ', 'estimated_kb_1=275.168365; ', 'bpp_1=0.319963; ', 'mse_2=0.000354; ', 'lpips_2=0.000583; ', 'codec_recon_2=0.041536; ', 'estimated_kb_2=1094.153687; ', 'bpp_2=0.302922; ']
aux step[551] ; loss/aux = 23590.839844
train step[552/5000] ; used: 9m:14s; eta: 1h:14m:18s; loss = 0.102244; ['mse_0=0.000908; ', 'lpips_0=0.000685; ', 'codec_recon_0=0.011655; ', 'estimated_kb_0=1126.434082; ', 'bpp_0=6.549035; ', 'mse_1=0.000726; ', 'lpips_1=0.000560; ', 'codec_recon_1=0.272584; ', 'estimated_kb_1=277.215363; ', 'bpp_1=0.322343; ', 'mse_2=0.000510; ', 'lpips_2=0.000400; ', 'codec_recon_2=0.043938; ', 'estimated_kb_2=1109.546509; ', 'bpp_2=0.307183; ']
aux step[552] ; loss/aux = 23590.839844
train step[553/5000] ; used: 9m:15s; eta: 1h:14m:17s; loss = 0.089617; ['mse_0=0.000920; ', 'lpips_0=0.000850; ', 'codec_recon_0=0.012533; ', 'estimated_kb_0=1123.233521; ', 'bpp_0=6.530427; ', 'mse_1=0.000753; ', 'lpips_1=0.000717; ', 'codec_recon_1=0.219614; ', 'estimated_kb_1=277.441833; ', 'bpp_1=0.322607; ', 'mse_2=0.000694; ', 'lpips_2=0.000642; ', 'codec_recon_2=0.051326; ', 'estimated_kb_2=1110.666870; ', 'bpp_2=0.307494; ']
aux step[553] ; loss/aux = 23590.837891
train step[554/5000] ; used: 9m:16s; eta: 1h:14m:17s; loss = 0.091660; ['mse_0=0.001109; ', 'lpips_0=0.000746; ', 'codec_recon_0=0.012766; ', 'estimated_kb_0=1115.515259; ', 'bpp_0=6.485553; ', 'mse_1=0.000866; ', 'lpips_1=0.000595; ', 'codec_recon_1=0.233251; ', 'estimated_kb_1=277.054749; ', 'bpp_1=0.322157; ', 'mse_2=0.000765; ', 'lpips_2=0.000515; ', 'codec_recon_2=0.044194; ', 'estimated_kb_2=1105.649170; ', 'bpp_2=0.306104; ']
aux step[554] ; loss/aux = 23590.835938
train step[555/5000] ; used: 9m:17s; eta: 1h:14m:16s; loss = 0.089084; ['mse_0=0.000614; ', 'lpips_0=0.000638; ', 'codec_recon_0=0.012742; ', 'estimated_kb_0=1111.535156; ', 'bpp_0=6.462413; ', 'mse_1=0.000418; ', 'lpips_1=0.000502; ', 'codec_recon_1=0.234458; ', 'estimated_kb_1=276.830719; ', 'bpp_1=0.321896; ', 'mse_2=0.000301; ', 'lpips_2=0.000421; ', 'codec_recon_2=0.040100; ', 'estimated_kb_2=1103.104736; ', 'bpp_2=0.305400; ']
aux step[555] ; loss/aux = 23590.835938
train step[556/5000] ; used: 9m:18s; eta: 1h:14m:15s; loss = 0.082138; ['mse_0=0.000443; ', 'lpips_0=0.000653; ', 'codec_recon_0=0.012825; ', 'estimated_kb_0=1094.739014; ', 'bpp_0=6.364762; ', 'mse_1=0.000363; ', 'lpips_1=0.000562; ', 'codec_recon_1=0.208516; ', 'estimated_kb_1=275.135010; ', 'bpp_1=0.319924; ', 'mse_2=0.000291; ', 'lpips_2=0.000515; ', 'codec_recon_2=0.043032; ', 'estimated_kb_2=1093.684814; ', 'bpp_2=0.302792; ']
aux step[556] ; loss/aux = 23590.835938
train step[557/5000] ; used: 9m:19s; eta: 1h:14m:14s; loss = 0.098932; ['mse_0=0.004347; ', 'lpips_0=0.000985; ', 'codec_recon_0=0.012187; ', 'estimated_kb_0=1112.572632; ', 'bpp_0=6.468445; ', 'mse_1=0.004023; ', 'lpips_1=0.000872; ', 'codec_recon_1=0.227295; ', 'estimated_kb_1=277.633240; ', 'bpp_1=0.322829; ', 'mse_2=0.003964; ', 'lpips_2=0.000794; ', 'codec_recon_2=0.040343; ', 'estimated_kb_2=1103.214722; ', 'bpp_2=0.305430; ']
aux step[557] ; loss/aux = 23590.835938
train step[558/5000] ; used: 9m:20s; eta: 1h:14m:13s; loss = 0.078867; ['mse_0=0.000650; ', 'lpips_0=0.000687; ', 'codec_recon_0=0.012263; ', 'estimated_kb_0=1101.086548; ', 'bpp_0=6.401666; ', 'mse_1=0.000509; ', 'lpips_1=0.000579; ', 'codec_recon_1=0.200338; ', 'estimated_kb_1=276.166870; ', 'bpp_1=0.321124; ', 'mse_2=0.000434; ', 'lpips_2=0.000504; ', 'codec_recon_2=0.039079; ', 'estimated_kb_2=1096.299072; ', 'bpp_2=0.303516; ']
aux step[558] ; loss/aux = 23590.833984
train step[559/5000] ; used: 9m:21s; eta: 1h:14m:12s; loss = 0.095350; ['mse_0=0.000698; ', 'lpips_0=0.000792; ', 'codec_recon_0=0.014677; ', 'estimated_kb_0=1115.828003; ', 'bpp_0=6.487372; ', 'mse_1=0.000624; ', 'lpips_1=0.000682; ', 'codec_recon_1=0.238343; ', 'estimated_kb_1=276.423035; ', 'bpp_1=0.321422; ', 'mse_2=0.000587; ', 'lpips_2=0.000641; ', 'codec_recon_2=0.051399; ', 'estimated_kb_2=1104.539673; ', 'bpp_2=0.305797; ']
aux step[559] ; loss/aux = 23590.833984
train step[560/5000] ; used: 9m:22s; eta: 1h:14m:11s; loss = 0.100998; ['mse_0=0.001235; ', 'lpips_0=0.000985; ', 'codec_recon_0=0.012860; ', 'estimated_kb_0=1117.475830; ', 'bpp_0=6.496953; ', 'mse_1=0.000985; ', 'lpips_1=0.000847; ', 'codec_recon_1=0.258316; ', 'estimated_kb_1=277.540009; ', 'bpp_1=0.322721; ', 'mse_2=0.000863; ', 'lpips_2=0.000710; ', 'codec_recon_2=0.046734; ', 'estimated_kb_2=1106.487671; ', 'bpp_2=0.306337; ']
aux step[560] ; loss/aux = 23590.832031
train step[561/5000] ; used: 9m:23s; eta: 1h:14m:10s; loss = 0.091672; ['mse_0=0.001280; ', 'lpips_0=0.000730; ', 'codec_recon_0=0.012755; ', 'estimated_kb_0=1118.933228; ', 'bpp_0=6.505426; ', 'mse_1=0.001036; ', 'lpips_1=0.000615; ', 'codec_recon_1=0.231002; ', 'estimated_kb_1=277.655548; ', 'bpp_1=0.322855; ', 'mse_2=0.000929; ', 'lpips_2=0.000533; ', 'codec_recon_2=0.044739; ', 'estimated_kb_2=1109.410767; ', 'bpp_2=0.307146; ']
aux step[561] ; loss/aux = 23590.832031
train step[562/5000] ; used: 9m:24s; eta: 1h:14m:9s; loss = 0.091098; ['mse_0=0.001020; ', 'lpips_0=0.000956; ', 'codec_recon_0=0.012946; ', 'estimated_kb_0=1096.296021; ', 'bpp_0=6.373814; ', 'mse_1=0.000912; ', 'lpips_1=0.000845; ', 'codec_recon_1=0.226007; ', 'estimated_kb_1=275.117798; ', 'bpp_1=0.319904; ', 'mse_2=0.000832; ', 'lpips_2=0.000780; ', 'codec_recon_2=0.046892; ', 'estimated_kb_2=1098.185669; ', 'bpp_2=0.304038; ']
aux step[562] ; loss/aux = 23590.830078
train step[563/5000] ; used: 9m:25s; eta: 1h:14m:8s; loss = 0.087952; ['mse_0=0.001856; ', 'lpips_0=0.000904; ', 'codec_recon_0=0.012702; ', 'estimated_kb_0=1083.889160; ', 'bpp_0=6.301681; ', 'mse_1=0.001484; ', 'lpips_1=0.000762; ', 'codec_recon_1=0.217648; ', 'estimated_kb_1=273.953217; ', 'bpp_1=0.318550; ', 'mse_2=0.001364; ', 'lpips_2=0.000691; ', 'codec_recon_2=0.039289; ', 'estimated_kb_2=1087.717773; ', 'bpp_2=0.301140; ']
aux step[563] ; loss/aux = 23590.830078
train step[564/5000] ; used: 9m:26s; eta: 1h:14m:7s; loss = 0.100352; ['mse_0=0.001370; ', 'lpips_0=0.000798; ', 'codec_recon_0=0.011434; ', 'estimated_kb_0=1122.153076; ', 'bpp_0=6.524146; ', 'mse_1=0.001083; ', 'lpips_1=0.000678; ', 'codec_recon_1=0.265786; ', 'estimated_kb_1=277.888885; ', 'bpp_1=0.323127; ', 'mse_2=0.000765; ', 'lpips_2=0.000543; ', 'codec_recon_2=0.039832; ', 'estimated_kb_2=1110.682007; ', 'bpp_2=0.307498; ']
aux step[564] ; loss/aux = 23590.830078
train step[565/5000] ; used: 9m:27s; eta: 1h:14m:6s; loss = 0.105376; ['mse_0=0.001590; ', 'lpips_0=0.000912; ', 'codec_recon_0=0.013400; ', 'estimated_kb_0=1125.833862; ', 'bpp_0=6.545546; ', 'mse_1=0.001349; ', 'lpips_1=0.000770; ', 'codec_recon_1=0.270560; ', 'estimated_kb_1=278.457703; ', 'bpp_1=0.323788; ', 'mse_2=0.001166; ', 'lpips_2=0.000645; ', 'codec_recon_2=0.045855; ', 'estimated_kb_2=1113.942749; ', 'bpp_2=0.308401; ']
aux step[565] ; loss/aux = 23590.830078
train step[566/5000] ; used: 9m:28s; eta: 1h:14m:5s; loss = 0.100224; ['mse_0=0.001834; ', 'lpips_0=0.001134; ', 'codec_recon_0=0.018307; ', 'estimated_kb_0=1100.760864; ', 'bpp_0=6.399773; ', 'mse_1=0.001589; ', 'lpips_1=0.000957; ', 'codec_recon_1=0.238741; ', 'estimated_kb_1=275.101135; ', 'bpp_1=0.319885; ', 'mse_2=0.001492; ', 'lpips_2=0.000889; ', 'codec_recon_2=0.050716; ', 'estimated_kb_2=1097.087402; ', 'bpp_2=0.303734; ']
aux step[566] ; loss/aux = 23590.828125
train step[567/5000] ; used: 9m:29s; eta: 1h:14m:4s; loss = 0.095328; ['mse_0=0.001840; ', 'lpips_0=0.000945; ', 'codec_recon_0=0.015085; ', 'estimated_kb_0=1105.685669; ', 'bpp_0=6.428405; ', 'mse_1=0.001662; ', 'lpips_1=0.000824; ', 'codec_recon_1=0.232564; ', 'estimated_kb_1=277.377045; ', 'bpp_1=0.322531; ', 'mse_2=0.001557; ', 'lpips_2=0.000739; ', 'codec_recon_2=0.044889; ', 'estimated_kb_2=1103.539551; ', 'bpp_2=0.305520; ']
aux step[567] ; loss/aux = 23590.828125
train step[568/5000] ; used: 9m:30s; eta: 1h:14m:3s; loss = 0.083676; ['mse_0=0.000571; ', 'lpips_0=0.000615; ', 'codec_recon_0=0.014498; ', 'estimated_kb_0=1105.982178; ', 'bpp_0=6.430130; ', 'mse_1=0.000474; ', 'lpips_1=0.000508; ', 'codec_recon_1=0.208370; ', 'estimated_kb_1=275.798706; ', 'bpp_1=0.320696; ', 'mse_2=0.000439; ', 'lpips_2=0.000464; ', 'codec_recon_2=0.045813; ', 'estimated_kb_2=1097.229980; ', 'bpp_2=0.303774; ']
aux step[568] ; loss/aux = 23590.826172
train step[569/5000] ; used: 9m:31s; eta: 1h:14m:2s; loss = 0.094681; ['mse_0=0.000684; ', 'lpips_0=0.000871; ', 'codec_recon_0=0.011857; ', 'estimated_kb_0=1114.699829; ', 'bpp_0=6.480814; ', 'mse_1=0.000563; ', 'lpips_1=0.000755; ', 'codec_recon_1=0.240612; ', 'estimated_kb_1=276.906799; ', 'bpp_1=0.321985; ', 'mse_2=0.000478; ', 'lpips_2=0.000648; ', 'codec_recon_2=0.049807; ', 'estimated_kb_2=1105.078369; ', 'bpp_2=0.305946; ']
aux step[569] ; loss/aux = 23590.826172
train step[570/5000] ; used: 9m:32s; eta: 1h:14m:1s; loss = 0.104112; ['mse_0=0.002755; ', 'lpips_0=0.001247; ', 'codec_recon_0=0.015888; ', 'estimated_kb_0=1102.528687; ', 'bpp_0=6.410050; ', 'mse_1=0.002225; ', 'lpips_1=0.001093; ', 'codec_recon_1=0.254296; ', 'estimated_kb_1=277.274475; ', 'bpp_1=0.322412; ', 'mse_2=0.002093; ', 'lpips_2=0.000997; ', 'codec_recon_2=0.042152; ', 'estimated_kb_2=1100.601318; ', 'bpp_2=0.304707; ']
aux step[570] ; loss/aux = 23590.824219
train step[571/5000] ; used: 9m:33s; eta: 1h:14m; loss = 0.091880; ['mse_0=0.001541; ', 'lpips_0=0.000867; ', 'codec_recon_0=0.010860; ', 'estimated_kb_0=1107.726929; ', 'bpp_0=6.440272; ', 'mse_1=0.001373; ', 'lpips_1=0.000761; ', 'codec_recon_1=0.233320; ', 'estimated_kb_1=277.175232; ', 'bpp_1=0.322297; ', 'mse_2=0.001240; ', 'lpips_2=0.000677; ', 'codec_recon_2=0.040557; ', 'estimated_kb_2=1101.618652; ', 'bpp_2=0.304989; ']
aux step[571] ; loss/aux = 23590.824219
train step[572/5000] ; used: 9m:34s; eta: 1h:13m:59s; loss = 0.089399; ['mse_0=0.001297; ', 'lpips_0=0.000810; ', 'codec_recon_0=0.012423; ', 'estimated_kb_0=1114.095093; ', 'bpp_0=6.477297; ', 'mse_1=0.001121; ', 'lpips_1=0.000704; ', 'codec_recon_1=0.223416; ', 'estimated_kb_1=277.176025; ', 'bpp_1=0.322298; ', 'mse_2=0.001009; ', 'lpips_2=0.000626; ', 'codec_recon_2=0.043605; ', 'estimated_kb_2=1104.943115; ', 'bpp_2=0.305909; ']
aux step[572] ; loss/aux = 23590.824219
train step[573/5000] ; used: 9m:35s; eta: 1h:13m:58s; loss = 0.087534; ['mse_0=0.001193; ', 'lpips_0=0.000792; ', 'codec_recon_0=0.014395; ', 'estimated_kb_0=1091.865112; ', 'bpp_0=6.348053; ', 'mse_1=0.000832; ', 'lpips_1=0.000660; ', 'codec_recon_1=0.222394; ', 'estimated_kb_1=274.702515; ', 'bpp_1=0.319422; ', 'mse_2=0.000672; ', 'lpips_2=0.000588; ', 'codec_recon_2=0.039202; ', 'estimated_kb_2=1090.063599; ', 'bpp_2=0.301789; ']
aux step[573] ; loss/aux = 23590.820312
train step[574/5000] ; used: 9m:36s; eta: 1h:13m:57s; loss = 0.089724; ['mse_0=0.001612; ', 'lpips_0=0.000870; ', 'codec_recon_0=0.015568; ', 'estimated_kb_0=1106.073730; ', 'bpp_0=6.430662; ', 'mse_1=0.001413; ', 'lpips_1=0.000747; ', 'codec_recon_1=0.214251; ', 'estimated_kb_1=276.313385; ', 'bpp_1=0.321295; ', 'mse_2=0.001370; ', 'lpips_2=0.000698; ', 'codec_recon_2=0.046899; ', 'estimated_kb_2=1102.547974; ', 'bpp_2=0.305246; ']
aux step[574] ; loss/aux = 23590.820312
train step[575/5000] ; used: 9m:37s; eta: 1h:13m:56s; loss = 0.086570; ['mse_0=0.000314; ', 'lpips_0=0.000700; ', 'codec_recon_0=0.014794; ', 'estimated_kb_0=1093.274414; ', 'bpp_0=6.356247; ', 'mse_1=0.000237; ', 'lpips_1=0.000600; ', 'codec_recon_1=0.218688; ', 'estimated_kb_1=274.494934; ', 'bpp_1=0.319180; ', 'mse_2=0.000194; ', 'lpips_2=0.000540; ', 'codec_recon_2=0.046469; ', 'estimated_kb_2=1092.546021; ', 'bpp_2=0.302477; ']
aux step[575] ; loss/aux = 23590.820312
train step[576/5000] ; used: 9m:38s; eta: 1h:13m:55s; loss = 0.096543; ['mse_0=0.003133; ', 'lpips_0=0.001330; ', 'codec_recon_0=0.017040; ', 'estimated_kb_0=1091.596924; ', 'bpp_0=6.346494; ', 'mse_1=0.002974; ', 'lpips_1=0.001226; ', 'codec_recon_1=0.213632; ', 'estimated_kb_1=274.262543; ', 'bpp_1=0.318910; ', 'mse_2=0.002918; ', 'lpips_2=0.001193; ', 'codec_recon_2=0.048556; ', 'estimated_kb_2=1093.295776; ', 'bpp_2=0.302684; ']
aux step[576] ; loss/aux = 23590.820312
train step[577/5000] ; used: 9m:39s; eta: 1h:13m:54s; loss = 0.089004; ['mse_0=0.000707; ', 'lpips_0=0.000607; ', 'codec_recon_0=0.014371; ', 'estimated_kb_0=1106.553345; ', 'bpp_0=6.433449; ', 'mse_1=0.000616; ', 'lpips_1=0.000494; ', 'codec_recon_1=0.218616; ', 'estimated_kb_1=276.277008; ', 'bpp_1=0.321252; ', 'mse_2=0.000557; ', 'lpips_2=0.000432; ', 'codec_recon_2=0.052315; ', 'estimated_kb_2=1099.241089; ', 'bpp_2=0.304330; ']
aux step[577] ; loss/aux = 23590.820312
train step[578/5000] ; used: 9m:40s; eta: 1h:13m:53s; loss = 0.093958; ['mse_0=0.001761; ', 'lpips_0=0.000777; ', 'codec_recon_0=0.013765; ', 'estimated_kb_0=1119.209961; ', 'bpp_0=6.507035; ', 'mse_1=0.001534; ', 'lpips_1=0.000646; ', 'codec_recon_1=0.234135; ', 'estimated_kb_1=277.641266; ', 'bpp_1=0.322839; ', 'mse_2=0.001415; ', 'lpips_2=0.000551; ', 'codec_recon_2=0.043013; ', 'estimated_kb_2=1107.547363; ', 'bpp_2=0.306630; ']
aux step[578] ; loss/aux = 23590.818359
train step[579/5000] ; used: 9m:41s; eta: 1h:13m:52s; loss = 0.104417; ['mse_0=0.001013; ', 'lpips_0=0.000764; ', 'codec_recon_0=0.012023; ', 'estimated_kb_0=1106.886108; ', 'bpp_0=6.435384; ', 'mse_1=0.000847; ', 'lpips_1=0.000683; ', 'codec_recon_1=0.281377; ', 'estimated_kb_1=275.366028; ', 'bpp_1=0.320193; ', 'mse_2=0.000539; ', 'lpips_2=0.000497; ', 'codec_recon_2=0.040179; ', 'estimated_kb_2=1099.152954; ', 'bpp_2=0.304306; ']
aux step[579] ; loss/aux = 23590.818359
train step[580/5000] ; used: 9m:42s; eta: 1h:13m:51s; loss = 0.090959; ['mse_0=0.000802; ', 'lpips_0=0.000818; ', 'codec_recon_0=0.012719; ', 'estimated_kb_0=1103.460571; ', 'bpp_0=6.415469; ', 'mse_1=0.000572; ', 'lpips_1=0.000700; ', 'codec_recon_1=0.230961; ', 'estimated_kb_1=275.650818; ', 'bpp_1=0.320524; ', 'mse_2=0.000500; ', 'lpips_2=0.000625; ', 'codec_recon_2=0.046125; ', 'estimated_kb_2=1098.948853; ', 'bpp_2=0.304249; ']
aux step[580] ; loss/aux = 23590.816406
train step[581/5000] ; used: 9m:43s; eta: 1h:13m:50s; loss = 0.081936; ['mse_0=0.000683; ', 'lpips_0=0.000866; ', 'codec_recon_0=0.011503; ', 'estimated_kb_0=1108.819580; ', 'bpp_0=6.446625; ', 'mse_1=0.000436; ', 'lpips_1=0.000676; ', 'codec_recon_1=0.204478; ', 'estimated_kb_1=276.134216; ', 'bpp_1=0.321086; ', 'mse_2=0.000378; ', 'lpips_2=0.000624; ', 'codec_recon_2=0.044923; ', 'estimated_kb_2=1100.309937; ', 'bpp_2=0.304626; ']
aux step[581] ; loss/aux = 23590.816406
train step[582/5000] ; used: 9m:44s; eta: 1h:13m:49s; loss = 0.082744; ['mse_0=0.000685; ', 'lpips_0=0.000832; ', 'codec_recon_0=0.013716; ', 'estimated_kb_0=1105.623413; ', 'bpp_0=6.428043; ', 'mse_1=0.000595; ', 'lpips_1=0.000748; ', 'codec_recon_1=0.205807; ', 'estimated_kb_1=276.238281; ', 'bpp_1=0.321207; ', 'mse_2=0.000523; ', 'lpips_2=0.000691; ', 'codec_recon_2=0.042709; ', 'estimated_kb_2=1098.175171; ', 'bpp_2=0.304035; ']
aux step[582] ; loss/aux = 23590.816406
train step[583/5000] ; used: 9m:45s; eta: 1h:13m:48s; loss = 0.100488; ['mse_0=0.001202; ', 'lpips_0=0.000753; ', 'codec_recon_0=0.011330; ', 'estimated_kb_0=1118.376343; ', 'bpp_0=6.502188; ', 'mse_1=0.000978; ', 'lpips_1=0.000632; ', 'codec_recon_1=0.261942; ', 'estimated_kb_1=277.926239; ', 'bpp_1=0.323170; ', 'mse_2=0.000832; ', 'lpips_2=0.000476; ', 'codec_recon_2=0.045444; ', 'estimated_kb_2=1108.443115; ', 'bpp_2=0.306878; ']
aux step[583] ; loss/aux = 23590.816406
train step[584/5000] ; used: 9m:46s; eta: 1h:13m:47s; loss = 0.090464; ['mse_0=0.000918; ', 'lpips_0=0.000701; ', 'codec_recon_0=0.012979; ', 'estimated_kb_0=1110.945679; ', 'bpp_0=6.458986; ', 'mse_1=0.000754; ', 'lpips_1=0.000563; ', 'codec_recon_1=0.229448; ', 'estimated_kb_1=276.031769; ', 'bpp_1=0.320967; ', 'mse_2=0.000621; ', 'lpips_2=0.000474; ', 'codec_recon_2=0.045686; ', 'estimated_kb_2=1101.057007; ', 'bpp_2=0.304833; ']
aux step[584] ; loss/aux = 23590.816406
train step[585/5000] ; used: 9m:47s; eta: 1h:13m:46s; loss = 0.090205; ['mse_0=0.001004; ', 'lpips_0=0.000741; ', 'codec_recon_0=0.012826; ', 'estimated_kb_0=1110.685303; ', 'bpp_0=6.457472; ', 'mse_1=0.000923; ', 'lpips_1=0.000645; ', 'codec_recon_1=0.220834; ', 'estimated_kb_1=275.912659; ', 'bpp_1=0.320829; ', 'mse_2=0.000869; ', 'lpips_2=0.000583; ', 'codec_recon_2=0.051136; ', 'estimated_kb_2=1102.238525; ', 'bpp_2=0.305160; ']
aux step[585] ; loss/aux = 23590.812500
train step[586/5000] ; used: 9m:48s; eta: 1h:13m:45s; loss = 0.085519; ['mse_0=0.002167; ', 'lpips_0=0.001059; ', 'codec_recon_0=0.015086; ', 'estimated_kb_0=1092.835449; ', 'bpp_0=6.353695; ', 'mse_1=0.001817; ', 'lpips_1=0.000947; ', 'codec_recon_1=0.195827; ', 'estimated_kb_1=274.337341; ', 'bpp_1=0.318997; ', 'mse_2=0.001781; ', 'lpips_2=0.000904; ', 'codec_recon_2=0.045236; ', 'estimated_kb_2=1094.865234; ', 'bpp_2=0.303119; ']
aux step[586] ; loss/aux = 23590.812500
train step[587/5000] ; used: 9m:49s; eta: 1h:13m:44s; loss = 0.091544; ['mse_0=0.000924; ', 'lpips_0=0.000879; ', 'codec_recon_0=0.014351; ', 'estimated_kb_0=1104.994751; ', 'bpp_0=6.424388; ', 'mse_1=0.000903; ', 'lpips_1=0.000729; ', 'codec_recon_1=0.226756; ', 'estimated_kb_1=276.352173; ', 'bpp_1=0.321340; ', 'mse_2=0.000819; ', 'lpips_2=0.000630; ', 'codec_recon_2=0.047760; ', 'estimated_kb_2=1101.953857; ', 'bpp_2=0.305081; ']
aux step[587] ; loss/aux = 23590.810547
train step[588/5000] ; used: 9m:50s; eta: 1h:13m:43s; loss = 0.088963; ['mse_0=0.000811; ', 'lpips_0=0.000732; ', 'codec_recon_0=0.012384; ', 'estimated_kb_0=1105.160767; ', 'bpp_0=6.425354; ', 'mse_1=0.000661; ', 'lpips_1=0.000624; ', 'codec_recon_1=0.226196; ', 'estimated_kb_1=276.212616; ', 'bpp_1=0.321177; ', 'mse_2=0.000564; ', 'lpips_2=0.000562; ', 'codec_recon_2=0.044781; ', 'estimated_kb_2=1100.751953; ', 'bpp_2=0.304749; ']
aux step[588] ; loss/aux = 23590.810547
train step[589/5000] ; used: 9m:51s; eta: 1h:13m:42s; loss = 0.100618; ['mse_0=0.001394; ', 'lpips_0=0.000865; ', 'codec_recon_0=0.012248; ', 'estimated_kb_0=1125.444946; ', 'bpp_0=6.543285; ', 'mse_1=0.001202; ', 'lpips_1=0.000718; ', 'codec_recon_1=0.256599; ', 'estimated_kb_1=278.359924; ', 'bpp_1=0.323674; ', 'mse_2=0.001045; ', 'lpips_2=0.000599; ', 'codec_recon_2=0.047137; ', 'estimated_kb_2=1115.154785; ', 'bpp_2=0.308736; ']
aux step[589] ; loss/aux = 23590.808594
train step[590/5000] ; used: 9m:52s; eta: 1h:13m:41s; loss = 0.106669; ['mse_0=0.001862; ', 'lpips_0=0.000970; ', 'codec_recon_0=0.011127; ', 'estimated_kb_0=1120.698242; ', 'bpp_0=6.515687; ', 'mse_1=0.001514; ', 'lpips_1=0.000836; ', 'codec_recon_1=0.274310; ', 'estimated_kb_1=278.290558; ', 'bpp_1=0.323594; ', 'mse_2=0.001296; ', 'lpips_2=0.000692; ', 'codec_recon_2=0.046226; ', 'estimated_kb_2=1112.284180; ', 'bpp_2=0.307941; ']
aux step[590] ; loss/aux = 23590.808594
train step[591/5000] ; used: 9m:53s; eta: 1h:13m:40s; loss = 0.085845; ['mse_0=0.000791; ', 'lpips_0=0.000572; ', 'codec_recon_0=0.014131; ', 'estimated_kb_0=1109.633789; ', 'bpp_0=6.451359; ', 'mse_1=0.000577; ', 'lpips_1=0.000490; ', 'codec_recon_1=0.221728; ', 'estimated_kb_1=276.552429; ', 'bpp_1=0.321573; ', 'mse_2=0.000442; ', 'lpips_2=0.000426; ', 'codec_recon_2=0.039300; ', 'estimated_kb_2=1101.878906; ', 'bpp_2=0.305061; ']
aux step[591] ; loss/aux = 23590.808594
train step[592/5000] ; used: 9m:54s; eta: 1h:13m:39s; loss = 0.095157; ['mse_0=0.000524; ', 'lpips_0=0.000603; ', 'codec_recon_0=0.013812; ', 'estimated_kb_0=1118.301392; ', 'bpp_0=6.501752; ', 'mse_1=0.000349; ', 'lpips_1=0.000460; ', 'codec_recon_1=0.248782; ', 'estimated_kb_1=277.211029; ', 'bpp_1=0.322338; ', 'mse_2=0.000239; ', 'lpips_2=0.000376; ', 'codec_recon_2=0.046093; ', 'estimated_kb_2=1107.089233; ', 'bpp_2=0.306503; ']
aux step[592] ; loss/aux = 23590.808594
train step[593/5000] ; used: 9m:55s; eta: 1h:13m:38s; loss = 0.110315; ['mse_0=0.003259; ', 'lpips_0=0.001406; ', 'codec_recon_0=0.013795; ', 'estimated_kb_0=1103.544189; ', 'bpp_0=6.415955; ', 'mse_1=0.003051; ', 'lpips_1=0.001218; ', 'codec_recon_1=0.261199; ', 'estimated_kb_1=275.771515; ', 'bpp_1=0.320665; ', 'mse_2=0.002929; ', 'lpips_2=0.001055; ', 'codec_recon_2=0.049661; ', 'estimated_kb_2=1100.510620; ', 'bpp_2=0.304682; ']
aux step[593] ; loss/aux = 23590.806641
train step[594/5000] ; used: 9m:56s; eta: 1h:13m:37s; loss = 0.085090; ['mse_0=0.000777; ', 'lpips_0=0.000821; ', 'codec_recon_0=0.012167; ', 'estimated_kb_0=1107.287720; ', 'bpp_0=6.437720; ', 'mse_1=0.000674; ', 'lpips_1=0.000696; ', 'codec_recon_1=0.214969; ', 'estimated_kb_1=276.077698; ', 'bpp_1=0.321021; ', 'mse_2=0.000576; ', 'lpips_2=0.000616; ', 'codec_recon_2=0.042632; ', 'estimated_kb_2=1102.828857; ', 'bpp_2=0.305324; ']
aux step[594] ; loss/aux = 23590.804688
train step[595/5000] ; used: 9m:57s; eta: 1h:13m:36s; loss = 0.119374; ['mse_0=0.001861; ', 'lpips_0=0.001092; ', 'codec_recon_0=0.012414; ', 'estimated_kb_0=1124.927734; ', 'bpp_0=6.540277; ', 'mse_1=0.001637; ', 'lpips_1=0.000989; ', 'codec_recon_1=0.311821; ', 'estimated_kb_1=277.261505; ', 'bpp_1=0.322397; ', 'mse_2=0.001513; ', 'lpips_2=0.000837; ', 'codec_recon_2=0.047248; ', 'estimated_kb_2=1113.103638; ', 'bpp_2=0.308168; ']
aux step[595] ; loss/aux = 23590.804688
train step[596/5000] ; used: 9m:58s; eta: 1h:13m:35s; loss = 0.082083; ['mse_0=0.000706; ', 'lpips_0=0.000767; ', 'codec_recon_0=0.012058; ', 'estimated_kb_0=1092.420654; ', 'bpp_0=6.351283; ', 'mse_1=0.000600; ', 'lpips_1=0.000667; ', 'codec_recon_1=0.208788; ', 'estimated_kb_1=276.185791; ', 'bpp_1=0.321146; ', 'mse_2=0.000535; ', 'lpips_2=0.000606; ', 'codec_recon_2=0.039825; ', 'estimated_kb_2=1093.410522; ', 'bpp_2=0.302716; ']
aux step[596] ; loss/aux = 23590.804688
train step[597/5000] ; used: 9m:59s; eta: 1h:13m:34s; loss = 0.090208; ['mse_0=0.000739; ', 'lpips_0=0.000748; ', 'codec_recon_0=0.012460; ', 'estimated_kb_0=1105.353760; ', 'bpp_0=6.426475; ', 'mse_1=0.000605; ', 'lpips_1=0.000631; ', 'codec_recon_1=0.231849; ', 'estimated_kb_1=276.100739; ', 'bpp_1=0.321047; ', 'mse_2=0.000459; ', 'lpips_2=0.000547; ', 'codec_recon_2=0.043951; ', 'estimated_kb_2=1100.953003; ', 'bpp_2=0.304804; ']
aux step[597] ; loss/aux = 23590.804688
train step[598/5000] ; used: 10m; eta: 1h:13m:33s; loss = 0.085102; ['mse_0=0.002074; ', 'lpips_0=0.001025; ', 'codec_recon_0=0.015130; ', 'estimated_kb_0=1094.355103; ', 'bpp_0=6.362529; ', 'mse_1=0.001968; ', 'lpips_1=0.000915; ', 'codec_recon_1=0.198393; ', 'estimated_kb_1=275.356140; ', 'bpp_1=0.320182; ', 'mse_2=0.001941; ', 'lpips_2=0.000862; ', 'codec_recon_2=0.040865; ', 'estimated_kb_2=1094.463135; ', 'bpp_2=0.303008; ']
aux step[598] ; loss/aux = 23590.800781
train step[599/5000] ; used: 10m:1s; eta: 1h:13m:32s; loss = 0.091142; ['mse_0=0.000538; ', 'lpips_0=0.000583; ', 'codec_recon_0=0.011344; ', 'estimated_kb_0=1105.827026; ', 'bpp_0=6.429227; ', 'mse_1=0.000365; ', 'lpips_1=0.000446; ', 'codec_recon_1=0.240208; ', 'estimated_kb_1=276.419952; ', 'bpp_1=0.321419; ', 'mse_2=0.000242; ', 'lpips_2=0.000341; ', 'codec_recon_2=0.043874; ', 'estimated_kb_2=1098.841797; ', 'bpp_2=0.304220; ']
aux step[599] ; loss/aux = 23590.800781
train step[600/5000] ; used: 10m:2s; eta: 1h:13m:31s; loss = 0.084230; ['mse_0=0.000801; ', 'lpips_0=0.000575; ', 'codec_recon_0=0.010482; ', 'estimated_kb_0=1117.918823; ', 'bpp_0=6.499528; ', 'mse_1=0.000623; ', 'lpips_1=0.000458; ', 'codec_recon_1=0.219647; ', 'estimated_kb_1=277.455597; ', 'bpp_1=0.322623; ', 'mse_2=0.000470; ', 'lpips_2=0.000377; ', 'codec_recon_2=0.039626; ', 'estimated_kb_2=1104.977173; ', 'bpp_2=0.305918; ']
aux step[600] ; loss/aux = 23590.800781
train step[601/5000] ; used: 10m:3s; eta: 1h:13m:30s; loss = 0.091027; ['mse_0=0.001212; ', 'lpips_0=0.000805; ', 'codec_recon_0=0.016498; ', 'estimated_kb_0=1120.468506; ', 'bpp_0=6.514352; ', 'mse_1=0.001023; ', 'lpips_1=0.000685; ', 'codec_recon_1=0.221500; ', 'estimated_kb_1=278.003418; ', 'bpp_1=0.323260; ', 'mse_2=0.000958; ', 'lpips_2=0.000610; ', 'codec_recon_2=0.047785; ', 'estimated_kb_2=1107.451172; ', 'bpp_2=0.306603; ']
aux step[601] ; loss/aux = 23590.800781
train step[602/5000] ; used: 10m:4s; eta: 1h:13m:29s; loss = 0.092707; ['mse_0=0.001026; ', 'lpips_0=0.000799; ', 'codec_recon_0=0.014980; ', 'estimated_kb_0=1113.628418; ', 'bpp_0=6.474584; ', 'mse_1=0.000828; ', 'lpips_1=0.000683; ', 'codec_recon_1=0.230351; ', 'estimated_kb_1=276.244751; ', 'bpp_1=0.321215; ', 'mse_2=0.000742; ', 'lpips_2=0.000630; ', 'codec_recon_2=0.047997; ', 'estimated_kb_2=1108.847900; ', 'bpp_2=0.306990; ']
aux step[602] ; loss/aux = 23590.798828
train step[603/5000] ; used: 10m:5s; eta: 1h:13m:28s; loss = 0.107892; ['mse_0=0.002158; ', 'lpips_0=0.001266; ', 'codec_recon_0=0.012311; ', 'estimated_kb_0=1127.285645; ', 'bpp_0=6.553986; ', 'mse_1=0.002029; ', 'lpips_1=0.001082; ', 'codec_recon_1=0.271540; ', 'estimated_kb_1=277.962097; ', 'bpp_1=0.323212; ', 'mse_2=0.001924; ', 'lpips_2=0.000915; ', 'codec_recon_2=0.044542; ', 'estimated_kb_2=1117.327026; ', 'bpp_2=0.309337; ']
aux step[603] ; loss/aux = 23590.798828
train step[604/5000] ; used: 10m:6s; eta: 1h:13m:27s; loss = 0.092882; ['mse_0=0.001168; ', 'lpips_0=0.000814; ', 'codec_recon_0=0.013791; ', 'estimated_kb_0=1104.310303; ', 'bpp_0=6.420409; ', 'mse_1=0.001017; ', 'lpips_1=0.000704; ', 'codec_recon_1=0.235701; ', 'estimated_kb_1=276.550720; ', 'bpp_1=0.321571; ', 'mse_2=0.000928; ', 'lpips_2=0.000634; ', 'codec_recon_2=0.042563; ', 'estimated_kb_2=1099.853149; ', 'bpp_2=0.304500; ']
aux step[604] ; loss/aux = 23590.798828
train step[605/5000] ; used: 10m:7s; eta: 1h:13m:26s; loss = 0.109662; ['mse_0=0.001137; ', 'lpips_0=0.001008; ', 'codec_recon_0=0.013824; ', 'estimated_kb_0=1115.565430; ', 'bpp_0=6.485846; ', 'mse_1=0.000921; ', 'lpips_1=0.000843; ', 'codec_recon_1=0.283989; ', 'estimated_kb_1=276.720764; ', 'bpp_1=0.321768; ', 'mse_2=0.000789; ', 'lpips_2=0.000716; ', 'codec_recon_2=0.049679; ', 'estimated_kb_2=1106.829224; ', 'bpp_2=0.306431; ']
aux step[605] ; loss/aux = 23590.796875
train step[606/5000] ; used: 10m:8s; eta: 1h:13m:25s; loss = 0.075369; ['mse_0=0.000714; ', 'lpips_0=0.000786; ', 'codec_recon_0=0.012929; ', 'estimated_kb_0=1098.764160; ', 'bpp_0=6.388164; ', 'mse_1=0.000611; ', 'lpips_1=0.000685; ', 'codec_recon_1=0.183320; ', 'estimated_kb_1=275.545593; ', 'bpp_1=0.320402; ', 'mse_2=0.000554; ', 'lpips_2=0.000637; ', 'codec_recon_2=0.041691; ', 'estimated_kb_2=1096.021851; ', 'bpp_2=0.303439; ']
aux step[606] ; loss/aux = 23590.794922
train step[607/5000] ; used: 10m:9s; eta: 1h:13m:24s; loss = 0.126025; ['mse_0=0.004457; ', 'lpips_0=0.001279; ', 'codec_recon_0=0.012582; ', 'estimated_kb_0=1124.371704; ', 'bpp_0=6.537045; ', 'mse_1=0.004196; ', 'lpips_1=0.001193; ', 'codec_recon_1=0.315063; ', 'estimated_kb_1=278.643890; ', 'bpp_1=0.324005; ', 'mse_2=0.003815; ', 'lpips_2=0.000994; ', 'codec_recon_2=0.039323; ', 'estimated_kb_2=1113.796021; ', 'bpp_2=0.308360; ']
aux step[607] ; loss/aux = 23590.794922
train step[608/5000] ; used: 10m:10s; eta: 1h:13m:23s; loss = 0.087086; ['mse_0=0.001123; ', 'lpips_0=0.001002; ', 'codec_recon_0=0.014233; ', 'estimated_kb_0=1103.746338; ', 'bpp_0=6.417130; ', 'mse_1=0.001093; ', 'lpips_1=0.000867; ', 'codec_recon_1=0.205824; ', 'estimated_kb_1=275.093140; ', 'bpp_1=0.319876; ', 'mse_2=0.001051; ', 'lpips_2=0.000813; ', 'codec_recon_2=0.050402; ', 'estimated_kb_2=1094.852295; ', 'bpp_2=0.303115; ']
aux step[608] ; loss/aux = 23590.794922
train step[609/5000] ; used: 10m:11s; eta: 1h:13m:22s; loss = 0.103770; ['mse_0=0.000730; ', 'lpips_0=0.000982; ', 'codec_recon_0=0.013784; ', 'estimated_kb_0=1104.491699; ', 'bpp_0=6.421463; ', 'mse_1=0.000609; ', 'lpips_1=0.000866; ', 'codec_recon_1=0.269507; ', 'estimated_kb_1=276.651794; ', 'bpp_1=0.321688; ', 'mse_2=0.000506; ', 'lpips_2=0.000756; ', 'codec_recon_2=0.047779; ', 'estimated_kb_2=1102.469116; ', 'bpp_2=0.305224; ']
aux step[609] ; loss/aux = 23590.794922
train step[610/5000] ; used: 10m:12s; eta: 1h:13m:20s; loss = 0.131758; ['mse_0=0.002644; ', 'lpips_0=0.001670; ', 'codec_recon_0=0.014600; ', 'estimated_kb_0=1117.399780; ', 'bpp_0=6.496511; ', 'mse_1=0.002608; ', 'lpips_1=0.001552; ', 'codec_recon_1=0.336875; ', 'estimated_kb_1=277.120117; ', 'bpp_1=0.322233; ', 'mse_2=0.002467; ', 'lpips_2=0.001368; ', 'codec_recon_2=0.046687; ', 'estimated_kb_2=1111.595825; ', 'bpp_2=0.307751; ']
aux step[610] ; loss/aux = 23590.792969
train step[611/5000] ; used: 10m:13s; eta: 1h:13m:19s; loss = 0.106817; ['mse_0=0.002237; ', 'lpips_0=0.001149; ', 'codec_recon_0=0.011697; ', 'estimated_kb_0=1111.313110; ', 'bpp_0=6.461123; ', 'mse_1=0.002112; ', 'lpips_1=0.001175; ', 'codec_recon_1=0.264456; ', 'estimated_kb_1=276.546387; ', 'bpp_1=0.321566; ', 'mse_2=0.001796; ', 'lpips_2=0.000931; ', 'codec_recon_2=0.048570; ', 'estimated_kb_2=1103.171143; ', 'bpp_2=0.305418; ']
aux step[611] ; loss/aux = 23590.792969
train step[612/5000] ; used: 10m:14s; eta: 1h:13m:18s; loss = 0.096856; ['mse_0=0.000974; ', 'lpips_0=0.000982; ', 'codec_recon_0=0.012920; ', 'estimated_kb_0=1104.251343; ', 'bpp_0=6.420066; ', 'mse_1=0.000851; ', 'lpips_1=0.000821; ', 'codec_recon_1=0.244239; ', 'estimated_kb_1=275.872040; ', 'bpp_1=0.320781; ', 'mse_2=0.000818; ', 'lpips_2=0.000728; ', 'codec_recon_2=0.048442; ', 'estimated_kb_2=1100.775635; ', 'bpp_2=0.304755; ']
aux step[612] ; loss/aux = 23590.791016
train step[613/5000] ; used: 10m:15s; eta: 1h:13m:17s; loss = 0.092440; ['mse_0=0.001573; ', 'lpips_0=0.001113; ', 'codec_recon_0=0.015070; ', 'estimated_kb_0=1096.279175; ', 'bpp_0=6.373716; ', 'mse_1=0.001323; ', 'lpips_1=0.000994; ', 'codec_recon_1=0.222727; ', 'estimated_kb_1=276.159973; ', 'bpp_1=0.321116; ', 'mse_2=0.001275; ', 'lpips_2=0.000944; ', 'codec_recon_2=0.046264; ', 'estimated_kb_2=1098.724121; ', 'bpp_2=0.304187; ']
aux step[613] ; loss/aux = 23590.789062
train step[614/5000] ; used: 10m:16s; eta: 1h:13m:16s; loss = 0.093060; ['mse_0=0.001264; ', 'lpips_0=0.001023; ', 'codec_recon_0=0.012548; ', 'estimated_kb_0=1115.377319; ', 'bpp_0=6.484752; ', 'mse_1=0.001080; ', 'lpips_1=0.000929; ', 'codec_recon_1=0.230744; ', 'estimated_kb_1=277.354401; ', 'bpp_1=0.322505; ', 'mse_2=0.000996; ', 'lpips_2=0.000851; ', 'codec_recon_2=0.046431; ', 'estimated_kb_2=1107.291870; ', 'bpp_2=0.306559; ']
aux step[614] ; loss/aux = 23590.789062
train step[615/5000] ; used: 10m:17s; eta: 1h:13m:15s; loss = 0.096867; ['mse_0=0.000590; ', 'lpips_0=0.000683; ', 'codec_recon_0=0.013744; ', 'estimated_kb_0=1106.893433; ', 'bpp_0=6.435427; ', 'mse_1=0.000488; ', 'lpips_1=0.000584; ', 'codec_recon_1=0.247837; ', 'estimated_kb_1=275.958832; ', 'bpp_1=0.320882; ', 'mse_2=0.000369; ', 'lpips_2=0.000486; ', 'codec_recon_2=0.050647; ', 'estimated_kb_2=1101.767822; ', 'bpp_2=0.305030; ']
aux step[615] ; loss/aux = 23590.789062
train step[616/5000] ; used: 10m:18s; eta: 1h:13m:14s; loss = 0.097380; ['mse_0=0.000660; ', 'lpips_0=0.001090; ', 'codec_recon_0=0.012710; ', 'estimated_kb_0=1106.296143; ', 'bpp_0=6.431955; ', 'mse_1=0.000573; ', 'lpips_1=0.001012; ', 'codec_recon_1=0.242753; ', 'estimated_kb_1=276.364502; ', 'bpp_1=0.321354; ', 'mse_2=0.000507; ', 'lpips_2=0.000885; ', 'codec_recon_2=0.053379; ', 'estimated_kb_2=1099.060059; ', 'bpp_2=0.304280; ']
aux step[616] ; loss/aux = 23590.789062
train step[617/5000] ; used: 10m:19s; eta: 1h:13m:13s; loss = 0.092028; ['mse_0=0.001657; ', 'lpips_0=0.000806; ', 'codec_recon_0=0.012385; ', 'estimated_kb_0=1098.435181; ', 'bpp_0=6.386251; ', 'mse_1=0.001553; ', 'lpips_1=0.000683; ', 'codec_recon_1=0.226594; ', 'estimated_kb_1=275.375916; ', 'bpp_1=0.320205; ', 'mse_2=0.001505; ', 'lpips_2=0.000610; ', 'codec_recon_2=0.045068; ', 'estimated_kb_2=1098.597168; ', 'bpp_2=0.304152; ']
aux step[617] ; loss/aux = 23590.789062
train step[618/5000] ; used: 10m:20s; eta: 1h:13m:12s; loss = 0.089698; ['mse_0=0.000553; ', 'lpips_0=0.000671; ', 'codec_recon_0=0.011979; ', 'estimated_kb_0=1109.656616; ', 'bpp_0=6.451492; ', 'mse_1=0.000409; ', 'lpips_1=0.000540; ', 'codec_recon_1=0.234899; ', 'estimated_kb_1=276.907806; ', 'bpp_1=0.321986; ', 'mse_2=0.000286; ', 'lpips_2=0.000441; ', 'codec_recon_2=0.042448; ', 'estimated_kb_2=1102.114868; ', 'bpp_2=0.305126; ']
aux step[618] ; loss/aux = 23590.787109
train step[619/5000] ; used: 10m:21s; eta: 1h:13m:11s; loss = 0.096166; ['mse_0=0.002588; ', 'lpips_0=0.000735; ', 'codec_recon_0=0.012078; ', 'estimated_kb_0=1112.628540; ', 'bpp_0=6.468771; ', 'mse_1=0.002464; ', 'lpips_1=0.000621; ', 'codec_recon_1=0.234510; ', 'estimated_kb_1=277.352417; ', 'bpp_1=0.322503; ', 'mse_2=0.002445; ', 'lpips_2=0.000553; ', 'codec_recon_2=0.042610; ', 'estimated_kb_2=1103.964111; ', 'bpp_2=0.305638; ']
aux step[619] ; loss/aux = 23590.785156
train step[620/5000] ; used: 10m:22s; eta: 1h:13m:10s; loss = 0.112984; ['mse_0=0.001794; ', 'lpips_0=0.001090; ', 'codec_recon_0=0.013255; ', 'estimated_kb_0=1123.458130; ', 'bpp_0=6.531733; ', 'mse_1=0.001310; ', 'lpips_1=0.000920; ', 'codec_recon_1=0.293691; ', 'estimated_kb_1=277.929840; ', 'bpp_1=0.323174; ', 'mse_2=0.001042; ', 'lpips_2=0.000673; ', 'codec_recon_2=0.046906; ', 'estimated_kb_2=1112.096924; ', 'bpp_2=0.307889; ']
aux step[620] ; loss/aux = 23590.785156
train step[621/5000] ; used: 10m:23s; eta: 1h:13m:9s; loss = 0.100046; ['mse_0=0.001850; ', 'lpips_0=0.001545; ', 'codec_recon_0=0.013421; ', 'estimated_kb_0=1105.927002; ', 'bpp_0=6.429808; ', 'mse_1=0.001733; ', 'lpips_1=0.001454; ', 'codec_recon_1=0.243218; ', 'estimated_kb_1=276.710754; ', 'bpp_1=0.321757; ', 'mse_2=0.001554; ', 'lpips_2=0.001347; ', 'codec_recon_2=0.045236; ', 'estimated_kb_2=1104.480347; ', 'bpp_2=0.305781; ']
aux step[621] ; loss/aux = 23590.783203
train step[622/5000] ; used: 10m:24s; eta: 1h:13m:8s; loss = 0.109060; ['mse_0=0.003967; ', 'lpips_0=0.000957; ', 'codec_recon_0=0.014487; ', 'estimated_kb_0=1098.465210; ', 'bpp_0=6.386426; ', 'mse_1=0.003767; ', 'lpips_1=0.000820; ', 'codec_recon_1=0.253282; ', 'estimated_kb_1=275.950439; ', 'bpp_1=0.320873; ', 'mse_2=0.003614; ', 'lpips_2=0.000713; ', 'codec_recon_2=0.049639; ', 'estimated_kb_2=1101.329346; ', 'bpp_2=0.304908; ']
aux step[622] ; loss/aux = 23590.783203
train step[623/5000] ; used: 10m:25s; eta: 1h:13m:7s; loss = 0.101687; ['mse_0=0.001253; ', 'lpips_0=0.000859; ', 'codec_recon_0=0.012257; ', 'estimated_kb_0=1121.528564; ', 'bpp_0=6.520515; ', 'mse_1=0.000963; ', 'lpips_1=0.000710; ', 'codec_recon_1=0.267240; ', 'estimated_kb_1=278.271820; ', 'bpp_1=0.323572; ', 'mse_2=0.000740; ', 'lpips_2=0.000575; ', 'codec_recon_2=0.042461; ', 'estimated_kb_2=1111.107788; ', 'bpp_2=0.307616; ']
aux step[623] ; loss/aux = 23590.783203
train step[624/5000] ; used: 10m:26s; eta: 1h:13m:6s; loss = 0.119361; ['mse_0=0.002536; ', 'lpips_0=0.001147; ', 'codec_recon_0=0.012160; ', 'estimated_kb_0=1125.806396; ', 'bpp_0=6.545386; ', 'mse_1=0.002169; ', 'lpips_1=0.001028; ', 'codec_recon_1=0.314521; ', 'estimated_kb_1=278.012451; ', 'bpp_1=0.323270; ', 'mse_2=0.001797; ', 'lpips_2=0.000815; ', 'codec_recon_2=0.039548; ', 'estimated_kb_2=1112.348389; ', 'bpp_2=0.307959; ']
aux step[624] ; loss/aux = 23590.783203
train step[625/5000] ; used: 10m:27s; eta: 1h:13m:5s; loss = 0.080890; ['mse_0=0.000663; ', 'lpips_0=0.000700; ', 'codec_recon_0=0.013383; ', 'estimated_kb_0=1100.885864; ', 'bpp_0=6.400499; ', 'mse_1=0.000563; ', 'lpips_1=0.000599; ', 'codec_recon_1=0.201919; ', 'estimated_kb_1=275.097656; ', 'bpp_1=0.319881; ', 'mse_2=0.000499; ', 'lpips_2=0.000557; ', 'codec_recon_2=0.042396; ', 'estimated_kb_2=1095.917358; ', 'bpp_2=0.303410; ']
aux step[625] ; loss/aux = 23590.781250
train step[626/5000] ; used: 10m:28s; eta: 1h:13m:4s; loss = 0.088204; ['mse_0=0.001986; ', 'lpips_0=0.000670; ', 'codec_recon_0=0.011824; ', 'estimated_kb_0=1108.848755; ', 'bpp_0=6.446795; ', 'mse_1=0.001875; ', 'lpips_1=0.000556; ', 'codec_recon_1=0.215447; ', 'estimated_kb_1=276.498444; ', 'bpp_1=0.321510; ', 'mse_2=0.001802; ', 'lpips_2=0.000484; ', 'codec_recon_2=0.042168; ', 'estimated_kb_2=1100.998535; ', 'bpp_2=0.304817; ']
aux step[626] ; loss/aux = 23590.781250
train step[627/5000] ; used: 10m:29s; eta: 1h:13m:3s; loss = 0.119206; ['mse_0=0.001847; ', 'lpips_0=0.001064; ', 'codec_recon_0=0.016692; ', 'estimated_kb_0=1126.201172; ', 'bpp_0=6.547681; ', 'mse_1=0.001605; ', 'lpips_1=0.000942; ', 'codec_recon_1=0.307255; ', 'estimated_kb_1=278.413696; ', 'bpp_1=0.323737; ', 'mse_2=0.001376; ', 'lpips_2=0.000714; ', 'codec_recon_2=0.048244; ', 'estimated_kb_2=1112.771118; ', 'bpp_2=0.308076; ']
aux step[627] ; loss/aux = 23590.779297
train step[628/5000] ; used: 10m:30s; eta: 1h:13m:2s; loss = 0.083807; ['mse_0=0.000741; ', 'lpips_0=0.000781; ', 'codec_recon_0=0.013434; ', 'estimated_kb_0=1100.088135; ', 'bpp_0=6.395861; ', 'mse_1=0.000595; ', 'lpips_1=0.000669; ', 'codec_recon_1=0.207107; ', 'estimated_kb_1=275.044556; ', 'bpp_1=0.319819; ', 'mse_2=0.000545; ', 'lpips_2=0.000613; ', 'codec_recon_2=0.045668; ', 'estimated_kb_2=1095.333130; ', 'bpp_2=0.303248; ']
aux step[628] ; loss/aux = 23590.777344
train step[629/5000] ; used: 10m:31s; eta: 1h:13m:1s; loss = 0.088623; ['mse_0=0.001877; ', 'lpips_0=0.000884; ', 'codec_recon_0=0.014379; ', 'estimated_kb_0=1093.969604; ', 'bpp_0=6.360288; ', 'mse_1=0.001734; ', 'lpips_1=0.000779; ', 'codec_recon_1=0.213225; ', 'estimated_kb_1=274.835632; ', 'bpp_1=0.319576; ', 'mse_2=0.001661; ', 'lpips_2=0.000730; ', 'codec_recon_2=0.042258; ', 'estimated_kb_2=1094.679443; ', 'bpp_2=0.303067; ']
aux step[629] ; loss/aux = 23590.777344
train step[630/5000] ; used: 10m:32s; eta: 1h:13m; loss = 0.093260; ['mse_0=0.001741; ', 'lpips_0=0.000882; ', 'codec_recon_0=0.012820; ', 'estimated_kb_0=1117.748169; ', 'bpp_0=6.498536; ', 'mse_1=0.001319; ', 'lpips_1=0.000728; ', 'codec_recon_1=0.234018; ', 'estimated_kb_1=277.872986; ', 'bpp_1=0.323108; ', 'mse_2=0.001143; ', 'lpips_2=0.000637; ', 'codec_recon_2=0.042528; ', 'estimated_kb_2=1109.460449; ', 'bpp_2=0.307160; ']
aux step[630] ; loss/aux = 23590.777344
train step[631/5000] ; used: 10m:33s; eta: 1h:12m:59s; loss = 0.125337; ['mse_0=0.001822; ', 'lpips_0=0.001300; ', 'codec_recon_0=0.013897; ', 'estimated_kb_0=1114.537964; ', 'bpp_0=6.479872; ', 'mse_1=0.001558; ', 'lpips_1=0.001146; ', 'codec_recon_1=0.331882; ', 'estimated_kb_1=276.777527; ', 'bpp_1=0.321834; ', 'mse_2=0.001086; ', 'lpips_2=0.000863; ', 'codec_recon_2=0.046093; ', 'estimated_kb_2=1107.745972; ', 'bpp_2=0.306685; ']
aux step[631] ; loss/aux = 23590.777344
train step[632/5000] ; used: 10m:34s; eta: 1h:12m:58s; loss = 0.082146; ['mse_0=0.000305; ', 'lpips_0=0.000556; ', 'codec_recon_0=0.011856; ', 'estimated_kb_0=1094.450928; ', 'bpp_0=6.363087; ', 'mse_1=0.000243; ', 'lpips_1=0.000460; ', 'codec_recon_1=0.209498; ', 'estimated_kb_1=273.925720; ', 'bpp_1=0.318518; ', 'mse_2=0.000178; ', 'lpips_2=0.000400; ', 'codec_recon_2=0.045325; ', 'estimated_kb_2=1089.177246; ', 'bpp_2=0.301544; ']
aux step[632] ; loss/aux = 23590.775391
train step[633/5000] ; used: 10m:35s; eta: 1h:12m:57s; loss = 0.086511; ['mse_0=0.000499; ', 'lpips_0=0.001091; ', 'codec_recon_0=0.015344; ', 'estimated_kb_0=1082.328857; ', 'bpp_0=6.292609; ', 'mse_1=0.000388; ', 'lpips_1=0.000952; ', 'codec_recon_1=0.211112; ', 'estimated_kb_1=274.338745; ', 'bpp_1=0.318999; ', 'mse_2=0.000352; ', 'lpips_2=0.000903; ', 'codec_recon_2=0.047962; ', 'estimated_kb_2=1091.516724; ', 'bpp_2=0.302192; ']
aux step[633] ; loss/aux = 23590.775391
train step[634/5000] ; used: 10m:36s; eta: 1h:12m:56s; loss = 0.090800; ['mse_0=0.001076; ', 'lpips_0=0.000646; ', 'codec_recon_0=0.014832; ', 'estimated_kb_0=1101.794800; ', 'bpp_0=6.405784; ', 'mse_1=0.000905; ', 'lpips_1=0.000522; ', 'codec_recon_1=0.225201; ', 'estimated_kb_1=275.423462; ', 'bpp_1=0.320260; ', 'mse_2=0.000842; ', 'lpips_2=0.000469; ', 'codec_recon_2=0.047767; ', 'estimated_kb_2=1096.685425; ', 'bpp_2=0.303623; ']
aux step[634] ; loss/aux = 23590.773438
train step[635/5000] ; used: 10m:37s; eta: 1h:12m:55s; loss = 0.122273; ['mse_0=0.005674; ', 'lpips_0=0.001441; ', 'codec_recon_0=0.012559; ', 'estimated_kb_0=1125.041260; ', 'bpp_0=6.540937; ', 'mse_1=0.005189; ', 'lpips_1=0.001299; ', 'codec_recon_1=0.288519; ', 'estimated_kb_1=278.622650; ', 'bpp_1=0.323980; ', 'mse_2=0.004827; ', 'lpips_2=0.001082; ', 'codec_recon_2=0.041458; ', 'estimated_kb_2=1114.682129; ', 'bpp_2=0.308605; ']
aux step[635] ; loss/aux = 23590.773438
train step[636/5000] ; used: 10m:38s; eta: 1h:12m:54s; loss = 0.084194; ['mse_0=0.000662; ', 'lpips_0=0.000636; ', 'codec_recon_0=0.010581; ', 'estimated_kb_0=1105.136841; ', 'bpp_0=6.425214; ', 'mse_1=0.000515; ', 'lpips_1=0.000540; ', 'codec_recon_1=0.219104; ', 'estimated_kb_1=276.252411; ', 'bpp_1=0.321224; ', 'mse_2=0.000410; ', 'lpips_2=0.000467; ', 'codec_recon_2=0.040191; ', 'estimated_kb_2=1098.681519; ', 'bpp_2=0.304175; ']
aux step[636] ; loss/aux = 23590.771484
train step[637/5000] ; used: 10m:39s; eta: 1h:12m:53s; loss = 0.100937; ['mse_0=0.001773; ', 'lpips_0=0.001028; ', 'codec_recon_0=0.012396; ', 'estimated_kb_0=1128.192749; ', 'bpp_0=6.559260; ', 'mse_1=0.001631; ', 'lpips_1=0.000894; ', 'codec_recon_1=0.250456; ', 'estimated_kb_1=278.711761; ', 'bpp_1=0.324083; ', 'mse_2=0.001584; ', 'lpips_2=0.000814; ', 'codec_recon_2=0.047857; ', 'estimated_kb_2=1115.876953; ', 'bpp_2=0.308936; ']
aux step[637] ; loss/aux = 23590.771484
train step[638/5000] ; used: 10m:40s; eta: 1h:12m:52s; loss = 0.109161; ['mse_0=0.002312; ', 'lpips_0=0.001338; ', 'codec_recon_0=0.013508; ', 'estimated_kb_0=1118.506226; ', 'bpp_0=6.502944; ', 'mse_1=0.001858; ', 'lpips_1=0.001137; ', 'codec_recon_1=0.273901; ', 'estimated_kb_1=277.253693; ', 'bpp_1=0.322388; ', 'mse_2=0.001643; ', 'lpips_2=0.000993; ', 'codec_recon_2=0.045527; ', 'estimated_kb_2=1111.520386; ', 'bpp_2=0.307730; ']
aux step[638] ; loss/aux = 23590.771484
train step[639/5000] ; used: 10m:41s; eta: 1h:12m:51s; loss = 0.105746; ['mse_0=0.002199; ', 'lpips_0=0.000860; ', 'codec_recon_0=0.011421; ', 'estimated_kb_0=1122.028809; ', 'bpp_0=6.523424; ', 'mse_1=0.001944; ', 'lpips_1=0.000737; ', 'codec_recon_1=0.269945; ', 'estimated_kb_1=278.302246; ', 'bpp_1=0.323607; ', 'mse_2=0.001734; ', 'lpips_2=0.000569; ', 'codec_recon_2=0.044315; ', 'estimated_kb_2=1111.784546; ', 'bpp_2=0.307803; ']
aux step[639] ; loss/aux = 23590.769531
train step[640/5000] ; used: 10m:42s; eta: 1h:12m:50s; loss = 0.093115; ['mse_0=0.003744; ', 'lpips_0=0.001056; ', 'codec_recon_0=0.015033; ', 'estimated_kb_0=1087.274780; ', 'bpp_0=6.321364; ', 'mse_1=0.003757; ', 'lpips_1=0.000955; ', 'codec_recon_1=0.203519; ', 'estimated_kb_1=274.680450; ', 'bpp_1=0.319396; ', 'mse_2=0.003803; ', 'lpips_2=0.000923; ', 'codec_recon_2=0.044375; ', 'estimated_kb_2=1092.640503; ', 'bpp_2=0.302503; ']
aux step[640] ; loss/aux = 23590.769531
train step[641/5000] ; used: 10m:43s; eta: 1h:12m:49s; loss = 0.110636; ['mse_0=0.001727; ', 'lpips_0=0.001053; ', 'codec_recon_0=0.012933; ', 'estimated_kb_0=1134.612183; ', 'bpp_0=6.596582; ', 'mse_1=0.001381; ', 'lpips_1=0.000890; ', 'codec_recon_1=0.289913; ', 'estimated_kb_1=278.680328; ', 'bpp_1=0.324047; ', 'mse_2=0.001073; ', 'lpips_2=0.000665; ', 'codec_recon_2=0.043308; ', 'estimated_kb_2=1120.095581; ', 'bpp_2=0.310104; ']
aux step[641] ; loss/aux = 23590.769531
train step[642/5000] ; used: 10m:44s; eta: 1h:12m:48s; loss = 0.095568; ['mse_0=0.001937; ', 'lpips_0=0.000806; ', 'codec_recon_0=0.011388; ', 'estimated_kb_0=1133.068970; ', 'bpp_0=6.587610; ', 'mse_1=0.001686; ', 'lpips_1=0.000669; ', 'codec_recon_1=0.238987; ', 'estimated_kb_1=279.388611; ', 'bpp_1=0.324870; ', 'mse_2=0.001542; ', 'lpips_2=0.000570; ', 'codec_recon_2=0.044154; ', 'estimated_kb_2=1119.238647; ', 'bpp_2=0.309867; ']
aux step[642] ; loss/aux = 23590.767578
train step[643/5000] ; used: 10m:45s; eta: 1h:12m:47s; loss = 0.117612; ['mse_0=0.003590; ', 'lpips_0=0.001191; ', 'codec_recon_0=0.014176; ', 'estimated_kb_0=1108.444092; ', 'bpp_0=6.444442; ', 'mse_1=0.003009; ', 'lpips_1=0.001042; ', 'codec_recon_1=0.282950; ', 'estimated_kb_1=276.594788; ', 'bpp_1=0.321622; ', 'mse_2=0.002798; ', 'lpips_2=0.000859; ', 'codec_recon_2=0.053286; ', 'estimated_kb_2=1099.951538; ', 'bpp_2=0.304527; ']
aux step[643] ; loss/aux = 23590.765625
train step[644/5000] ; used: 10m:46s; eta: 1h:12m:46s; loss = 0.098386; ['mse_0=0.000513; ', 'lpips_0=0.000741; ', 'codec_recon_0=0.013894; ', 'estimated_kb_0=1092.825684; ', 'bpp_0=6.353638; ', 'mse_1=0.000356; ', 'lpips_1=0.000595; ', 'codec_recon_1=0.258994; ', 'estimated_kb_1=274.380371; ', 'bpp_1=0.319047; ', 'mse_2=0.000231; ', 'lpips_2=0.000486; ', 'codec_recon_2=0.045326; ', 'estimated_kb_2=1090.580200; ', 'bpp_2=0.301933; ']
aux step[644] ; loss/aux = 23590.765625
train step[645/5000] ; used: 10m:47s; eta: 1h:12m:45s; loss = 0.093631; ['mse_0=0.001471; ', 'lpips_0=0.000823; ', 'codec_recon_0=0.013027; ', 'estimated_kb_0=1110.192749; ', 'bpp_0=6.454609; ', 'mse_1=0.001243; ', 'lpips_1=0.000700; ', 'codec_recon_1=0.237850; ', 'estimated_kb_1=276.947601; ', 'bpp_1=0.322032; ', 'mse_2=0.001048; ', 'lpips_2=0.000609; ', 'codec_recon_2=0.041581; ', 'estimated_kb_2=1100.439331; ', 'bpp_2=0.304662; ']
aux step[645] ; loss/aux = 23590.763672
train step[646/5000] ; used: 10m:48s; eta: 1h:12m:44s; loss = 0.090549; ['mse_0=0.000610; ', 'lpips_0=0.000821; ', 'codec_recon_0=0.014075; ', 'estimated_kb_0=1099.739136; ', 'bpp_0=6.393832; ', 'mse_1=0.000494; ', 'lpips_1=0.000718; ', 'codec_recon_1=0.229867; ', 'estimated_kb_1=275.330566; ', 'bpp_1=0.320152; ', 'mse_2=0.000416; ', 'lpips_2=0.000674; ', 'codec_recon_2=0.045443; ', 'estimated_kb_2=1098.304321; ', 'bpp_2=0.304071; ']
aux step[646] ; loss/aux = 23590.763672
train step[647/5000] ; used: 10m:49s; eta: 1h:12m:43s; loss = 0.096811; ['mse_0=0.000900; ', 'lpips_0=0.000696; ', 'codec_recon_0=0.012595; ', 'estimated_kb_0=1121.405396; ', 'bpp_0=6.519799; ', 'mse_1=0.000706; ', 'lpips_1=0.000557; ', 'codec_recon_1=0.251520; ', 'estimated_kb_1=278.163605; ', 'bpp_1=0.323446; ', 'mse_2=0.000550; ', 'lpips_2=0.000451; ', 'codec_recon_2=0.045722; ', 'estimated_kb_2=1111.323364; ', 'bpp_2=0.307675; ']
aux step[647] ; loss/aux = 23590.763672
train step[648/5000] ; used: 10m:50s; eta: 1h:12m:41s; loss = 0.102615; ['mse_0=0.000667; ', 'lpips_0=0.000805; ', 'codec_recon_0=0.012423; ', 'estimated_kb_0=1107.671509; ', 'bpp_0=6.439951; ', 'mse_1=0.000492; ', 'lpips_1=0.000669; ', 'codec_recon_1=0.275045; ', 'estimated_kb_1=276.461853; ', 'bpp_1=0.321467; ', 'mse_2=0.000338; ', 'lpips_2=0.000531; ', 'codec_recon_2=0.042912; ', 'estimated_kb_2=1103.705688; ', 'bpp_2=0.305566; ']
aux step[648] ; loss/aux = 23590.761719
train step[649/5000] ; used: 10m:51s; eta: 1h:12m:40s; loss = 0.101520; ['mse_0=0.001947; ', 'lpips_0=0.000932; ', 'codec_recon_0=0.011763; ', 'estimated_kb_0=1119.532349; ', 'bpp_0=6.508909; ', 'mse_1=0.001631; ', 'lpips_1=0.000803; ', 'codec_recon_1=0.261218; ', 'estimated_kb_1=278.414978; ', 'bpp_1=0.323738; ', 'mse_2=0.001269; ', 'lpips_2=0.000645; ', 'codec_recon_2=0.041331; ', 'estimated_kb_2=1113.123901; ', 'bpp_2=0.308174; ']
aux step[649] ; loss/aux = 23590.761719
train step[650/5000] ; used: 10m:52s; eta: 1h:12m:40s; loss = 0.086094; ['mse_0=0.000968; ', 'lpips_0=0.000658; ', 'codec_recon_0=0.011096; ', 'estimated_kb_0=1109.216797; ', 'bpp_0=6.448935; ', 'mse_1=0.000750; ', 'lpips_1=0.000550; ', 'codec_recon_1=0.223692; ', 'estimated_kb_1=276.779236; ', 'bpp_1=0.321836; ', 'mse_2=0.000456; ', 'lpips_2=0.000445; ', 'codec_recon_2=0.039433; ', 'estimated_kb_2=1100.014771; ', 'bpp_2=0.304545; ']
aux step[650] ; loss/aux = 23590.761719
train step[651/5000] ; used: 10m:53s; eta: 1h:12m:38s; loss = 0.085837; ['mse_0=0.000347; ', 'lpips_0=0.000549; ', 'codec_recon_0=0.012585; ', 'estimated_kb_0=1103.468750; ', 'bpp_0=6.415516; ', 'mse_1=0.000250; ', 'lpips_1=0.000444; ', 'codec_recon_1=0.221024; ', 'estimated_kb_1=275.365601; ', 'bpp_1=0.320193; ', 'mse_2=0.000199; ', 'lpips_2=0.000385; ', 'codec_recon_2=0.045269; ', 'estimated_kb_2=1097.703247; ', 'bpp_2=0.303905; ']
aux step[651] ; loss/aux = 23590.761719
train step[652/5000] ; used: 10m:54s; eta: 1h:12m:37s; loss = 0.085783; ['mse_0=0.000890; ', 'lpips_0=0.000578; ', 'codec_recon_0=0.012051; ', 'estimated_kb_0=1121.234009; ', 'bpp_0=6.518802; ', 'mse_1=0.000739; ', 'lpips_1=0.000463; ', 'codec_recon_1=0.218005; ', 'estimated_kb_1=278.085602; ', 'bpp_1=0.323355; ', 'mse_2=0.000674; ', 'lpips_2=0.000399; ', 'codec_recon_2=0.043405; ', 'estimated_kb_2=1106.946045; ', 'bpp_2=0.306463; ']
aux step[652] ; loss/aux = 23590.757812
train step[653/5000] ; used: 10m:55s; eta: 1h:12m:36s; loss = 0.106703; ['mse_0=0.001049; ', 'lpips_0=0.000976; ', 'codec_recon_0=0.013507; ', 'estimated_kb_0=1120.670532; ', 'bpp_0=6.515527; ', 'mse_1=0.000804; ', 'lpips_1=0.000808; ', 'codec_recon_1=0.274513; ', 'estimated_kb_1=276.554260; ', 'bpp_1=0.321575; ', 'mse_2=0.000679; ', 'lpips_2=0.000660; ', 'codec_recon_2=0.051071; ', 'estimated_kb_2=1108.023071; ', 'bpp_2=0.306762; ']
aux step[653] ; loss/aux = 23590.757812
train step[654/5000] ; used: 10m:56s; eta: 1h:12m:35s; loss = 0.091728; ['mse_0=0.000554; ', 'lpips_0=0.000738; ', 'codec_recon_0=0.013899; ', 'estimated_kb_0=1099.288086; ', 'bpp_0=6.391210; ', 'mse_1=0.000465; ', 'lpips_1=0.000623; ', 'codec_recon_1=0.235575; ', 'estimated_kb_1=275.529724; ', 'bpp_1=0.320383; ', 'mse_2=0.000395; ', 'lpips_2=0.000535; ', 'codec_recon_2=0.045253; ', 'estimated_kb_2=1094.393921; ', 'bpp_2=0.302988; ']
aux step[654] ; loss/aux = 23590.757812
train step[655/5000] ; used: 10m:57s; eta: 1h:12m:34s; loss = 0.094545; ['mse_0=0.001504; ', 'lpips_0=0.001067; ', 'codec_recon_0=0.018474; ', 'estimated_kb_0=1105.670410; ', 'bpp_0=6.428316; ', 'mse_1=0.001264; ', 'lpips_1=0.000925; ', 'codec_recon_1=0.225055; ', 'estimated_kb_1=276.354004; ', 'bpp_1=0.321342; ', 'mse_2=0.001209; ', 'lpips_2=0.000860; ', 'codec_recon_2=0.048856; ', 'estimated_kb_2=1102.923584; ', 'bpp_2=0.305350; ']
aux step[655] ; loss/aux = 23590.757812
train step[656/5000] ; used: 10m:58s; eta: 1h:12m:34s; loss = 0.092697; ['mse_0=0.000859; ', 'lpips_0=0.000734; ', 'codec_recon_0=0.013021; ', 'estimated_kb_0=1108.723511; ', 'bpp_0=6.446067; ', 'mse_1=0.000670; ', 'lpips_1=0.000609; ', 'codec_recon_1=0.235472; ', 'estimated_kb_1=276.835510; ', 'bpp_1=0.321902; ', 'mse_2=0.000597; ', 'lpips_2=0.000535; ', 'codec_recon_2=0.047153; ', 'estimated_kb_2=1100.628906; ', 'bpp_2=0.304715; ']
aux step[656] ; loss/aux = 23590.757812
train step[657/5000] ; used: 10m:59s; eta: 1h:12m:33s; loss = 0.097747; ['mse_0=0.001062; ', 'lpips_0=0.000807; ', 'codec_recon_0=0.011274; ', 'estimated_kb_0=1131.055664; ', 'bpp_0=6.575905; ', 'mse_1=0.000888; ', 'lpips_1=0.000666; ', 'codec_recon_1=0.251854; ', 'estimated_kb_1=278.336060; ', 'bpp_1=0.323647; ', 'mse_2=0.000770; ', 'lpips_2=0.000544; ', 'codec_recon_2=0.046900; ', 'estimated_kb_2=1115.093140; ', 'bpp_2=0.308719; ']
aux step[657] ; loss/aux = 23590.755859
train step[658/5000] ; used: 11m; eta: 1h:12m:32s; loss = 0.097752; ['mse_0=0.000607; ', 'lpips_0=0.000855; ', 'codec_recon_0=0.012241; ', 'estimated_kb_0=1108.974854; ', 'bpp_0=6.447528; ', 'mse_1=0.000449; ', 'lpips_1=0.000710; ', 'codec_recon_1=0.256063; ', 'estimated_kb_1=276.534729; ', 'bpp_1=0.321552; ', 'mse_2=0.000278; ', 'lpips_2=0.000490; ', 'codec_recon_2=0.046240; ', 'estimated_kb_2=1103.876953; ', 'bpp_2=0.305614; ']
aux step[658] ; loss/aux = 23590.753906
train step[659/5000] ; used: 11m:1s; eta: 1h:12m:31s; loss = 0.090215; ['mse_0=0.001016; ', 'lpips_0=0.000853; ', 'codec_recon_0=0.014021; ', 'estimated_kb_0=1095.273926; ', 'bpp_0=6.367872; ', 'mse_1=0.000900; ', 'lpips_1=0.000738; ', 'codec_recon_1=0.223448; ', 'estimated_kb_1=275.550873; ', 'bpp_1=0.320408; ', 'mse_2=0.000864; ', 'lpips_2=0.000668; ', 'codec_recon_2=0.046449; ', 'estimated_kb_2=1096.291870; ', 'bpp_2=0.303514; ']
aux step[659] ; loss/aux = 23590.753906
train step[660/5000] ; used: 11m:2s; eta: 1h:12m:30s; loss = 0.084966; ['mse_0=0.000709; ', 'lpips_0=0.000737; ', 'codec_recon_0=0.014870; ', 'estimated_kb_0=1089.917236; ', 'bpp_0=6.336729; ', 'mse_1=0.000593; ', 'lpips_1=0.000624; ', 'codec_recon_1=0.209749; ', 'estimated_kb_1=274.605042; ', 'bpp_1=0.319308; ', 'mse_2=0.000563; ', 'lpips_2=0.000579; ', 'codec_recon_2=0.045915; ', 'estimated_kb_2=1093.377197; ', 'bpp_2=0.302707; ']
aux step[660] ; loss/aux = 23590.751953
train step[661/5000] ; used: 11m:3s; eta: 1h:12m:29s; loss = 0.094340; ['mse_0=0.002251; ', 'lpips_0=0.001029; ', 'codec_recon_0=0.012767; ', 'estimated_kb_0=1116.466431; ', 'bpp_0=6.491084; ', 'mse_1=0.002001; ', 'lpips_1=0.000909; ', 'codec_recon_1=0.228643; ', 'estimated_kb_1=278.018280; ', 'bpp_1=0.323277; ', 'mse_2=0.001887; ', 'lpips_2=0.000853; ', 'codec_recon_2=0.043292; ', 'estimated_kb_2=1107.508911; ', 'bpp_2=0.306619; ']
aux step[661] ; loss/aux = 23590.751953
train step[662/5000] ; used: 11m:4s; eta: 1h:12m:28s; loss = 0.105290; ['mse_0=0.001024; ', 'lpips_0=0.000949; ', 'codec_recon_0=0.011943; ', 'estimated_kb_0=1113.254883; ', 'bpp_0=6.472412; ', 'mse_1=0.000749; ', 'lpips_1=0.000848; ', 'codec_recon_1=0.277588; ', 'estimated_kb_1=276.472260; ', 'bpp_1=0.321479; ', 'mse_2=0.000531; ', 'lpips_2=0.000643; ', 'codec_recon_2=0.045620; ', 'estimated_kb_2=1104.927246; ', 'bpp_2=0.305905; ']
aux step[662] ; loss/aux = 23590.751953
train step[663/5000] ; used: 11m:5s; eta: 1h:12m:27s; loss = 0.082987; ['mse_0=0.000918; ', 'lpips_0=0.000707; ', 'codec_recon_0=0.012530; ', 'estimated_kb_0=1106.011475; ', 'bpp_0=6.430299; ', 'mse_1=0.000833; ', 'lpips_1=0.000612; ', 'codec_recon_1=0.203066; ', 'estimated_kb_1=276.114960; ', 'bpp_1=0.321064; ', 'mse_2=0.000778; ', 'lpips_2=0.000573; ', 'codec_recon_2=0.046293; ', 'estimated_kb_2=1099.047974; ', 'bpp_2=0.304277; ']
aux step[663] ; loss/aux = 23590.751953
train step[664/5000] ; used: 11m:6s; eta: 1h:12m:26s; loss = 0.099249; ['mse_0=0.001287; ', 'lpips_0=0.000876; ', 'codec_recon_0=0.014549; ', 'estimated_kb_0=1118.767700; ', 'bpp_0=6.504464; ', 'mse_1=0.001042; ', 'lpips_1=0.000748; ', 'codec_recon_1=0.255124; ', 'estimated_kb_1=277.287598; ', 'bpp_1=0.322427; ', 'mse_2=0.000856; ', 'lpips_2=0.000625; ', 'codec_recon_2=0.043049; ', 'estimated_kb_2=1105.620117; ', 'bpp_2=0.306096; ']
aux step[664] ; loss/aux = 23590.751953
train step[665/5000] ; used: 11m:7s; eta: 1h:12m:24s; loss = 0.087196; ['mse_0=0.001593; ', 'lpips_0=0.001271; ', 'codec_recon_0=0.017647; ', 'estimated_kb_0=1079.980591; ', 'bpp_0=6.278957; ', 'mse_1=0.001510; ', 'lpips_1=0.001173; ', 'codec_recon_1=0.202808; ', 'estimated_kb_1=274.013336; ', 'bpp_1=0.318620; ', 'mse_2=0.001456; ', 'lpips_2=0.001125; ', 'codec_recon_2=0.043111; ', 'estimated_kb_2=1088.878540; ', 'bpp_2=0.301461; ']
aux step[665] ; loss/aux = 23590.750000
train step[666/5000] ; used: 11m:8s; eta: 1h:12m:23s; loss = 0.095860; ['mse_0=0.000374; ', 'lpips_0=0.000666; ', 'codec_recon_0=0.011407; ', 'estimated_kb_0=1118.680786; ', 'bpp_0=6.503958; ', 'mse_1=0.000279; ', 'lpips_1=0.000557; ', 'codec_recon_1=0.251085; ', 'estimated_kb_1=276.748566; ', 'bpp_1=0.321801; ', 'mse_2=0.000195; ', 'lpips_2=0.000403; ', 'codec_recon_2=0.048791; ', 'estimated_kb_2=1103.953613; ', 'bpp_2=0.305635; ']
aux step[666] ; loss/aux = 23590.748047
train step[667/5000] ; used: 11m:9s; eta: 1h:12m:22s; loss = 0.134268; ['mse_0=0.003474; ', 'lpips_0=0.001566; ', 'codec_recon_0=0.014686; ', 'estimated_kb_0=1129.134888; ', 'bpp_0=6.564738; ', 'mse_1=0.003164; ', 'lpips_1=0.001405; ', 'codec_recon_1=0.326696; ', 'estimated_kb_1=277.268646; ', 'bpp_1=0.322405; ', 'mse_2=0.003093; ', 'lpips_2=0.001262; ', 'codec_recon_2=0.059633; ', 'estimated_kb_2=1118.033813; ', 'bpp_2=0.309533; ']
aux step[667] ; loss/aux = 23590.746094
train step[668/5000] ; used: 11m:10s; eta: 1h:12m:21s; loss = 0.089341; ['mse_0=0.000777; ', 'lpips_0=0.000745; ', 'codec_recon_0=0.015782; ', 'estimated_kb_0=1111.013916; ', 'bpp_0=6.459383; ', 'mse_1=0.000666; ', 'lpips_1=0.000624; ', 'codec_recon_1=0.219573; ', 'estimated_kb_1=275.875336; ', 'bpp_1=0.320785; ', 'mse_2=0.000604; ', 'lpips_2=0.000564; ', 'codec_recon_2=0.049183; ', 'estimated_kb_2=1104.956421; ', 'bpp_2=0.305913; ']
aux step[668] ; loss/aux = 23590.746094
train step[669/5000] ; used: 11m:11s; eta: 1h:12m:20s; loss = 0.108561; ['mse_0=0.002216; ', 'lpips_0=0.001097; ', 'codec_recon_0=0.014762; ', 'estimated_kb_0=1110.248901; ', 'bpp_0=6.454936; ', 'mse_1=0.002060; ', 'lpips_1=0.000980; ', 'codec_recon_1=0.267995; ', 'estimated_kb_1=276.402710; ', 'bpp_1=0.321398; ', 'mse_2=0.001880; ', 'lpips_2=0.000868; ', 'codec_recon_2=0.048776; ', 'estimated_kb_2=1106.308472; ', 'bpp_2=0.306287; ']
aux step[669] ; loss/aux = 23590.746094
train step[670/5000] ; used: 11m:12s; eta: 1h:12m:20s; loss = 0.090295; ['mse_0=0.000839; ', 'lpips_0=0.000676; ', 'codec_recon_0=0.011432; ', 'estimated_kb_0=1119.148193; ', 'bpp_0=6.506676; ', 'mse_1=0.000717; ', 'lpips_1=0.000568; ', 'codec_recon_1=0.233904; ', 'estimated_kb_1=277.727417; ', 'bpp_1=0.322939; ', 'mse_2=0.000593; ', 'lpips_2=0.000467; ', 'codec_recon_2=0.042780; ', 'estimated_kb_2=1107.591797; ', 'bpp_2=0.306642; ']
aux step[670] ; loss/aux = 23590.746094
train step[671/5000] ; used: 11m:13s; eta: 1h:12m:18s; loss = 0.084563; ['mse_0=0.000515; ', 'lpips_0=0.000855; ', 'codec_recon_0=0.013531; ', 'estimated_kb_0=1086.151123; ', 'bpp_0=6.314832; ', 'mse_1=0.000426; ', 'lpips_1=0.000761; ', 'codec_recon_1=0.213302; ', 'estimated_kb_1=274.954742; ', 'bpp_1=0.319715; ', 'mse_2=0.000363; ', 'lpips_2=0.000693; ', 'codec_recon_2=0.043000; ', 'estimated_kb_2=1089.924194; ', 'bpp_2=0.301751; ']
aux step[671] ; loss/aux = 23590.744141
train step[672/5000] ; used: 11m:14s; eta: 1h:12m:18s; loss = 0.100210; ['mse_0=0.000739; ', 'lpips_0=0.000679; ', 'codec_recon_0=0.012825; ', 'estimated_kb_0=1107.569824; ', 'bpp_0=6.439360; ', 'mse_1=0.000553; ', 'lpips_1=0.000587; ', 'codec_recon_1=0.261483; ', 'estimated_kb_1=276.501953; ', 'bpp_1=0.321514; ', 'mse_2=0.000352; ', 'lpips_2=0.000433; ', 'codec_recon_2=0.048583; ', 'estimated_kb_2=1099.424561; ', 'bpp_2=0.304381; ']
aux step[672] ; loss/aux = 23590.744141
train step[673/5000] ; used: 11m:15s; eta: 1h:12m:17s; loss = 0.144986; ['mse_0=0.006347; ', 'lpips_0=0.001698; ', 'codec_recon_0=0.015908; ', 'estimated_kb_0=1118.663940; ', 'bpp_0=6.503860; ', 'mse_1=0.005961; ', 'lpips_1=0.001543; ', 'codec_recon_1=0.344100; ', 'estimated_kb_1=277.516327; ', 'bpp_1=0.322693; ', 'mse_2=0.005742; ', 'lpips_2=0.001417; ', 'codec_recon_2=0.047584; ', 'estimated_kb_2=1111.682617; ', 'bpp_2=0.307775; ']
aux step[673] ; loss/aux = 23590.742188
train step[674/5000] ; used: 11m:16s; eta: 1h:12m:16s; loss = 0.095332; ['mse_0=0.000686; ', 'lpips_0=0.000761; ', 'codec_recon_0=0.012119; ', 'estimated_kb_0=1098.404053; ', 'bpp_0=6.386070; ', 'mse_1=0.000559; ', 'lpips_1=0.000660; ', 'codec_recon_1=0.250172; ', 'estimated_kb_1=275.405396; ', 'bpp_1=0.320239; ', 'mse_2=0.000394; ', 'lpips_2=0.000542; ', 'codec_recon_2=0.043476; ', 'estimated_kb_2=1094.502930; ', 'bpp_2=0.303019; ']
aux step[674] ; loss/aux = 23590.742188
train step[675/5000] ; used: 11m:17s; eta: 1h:12m:15s; loss = 0.093017; ['mse_0=0.000812; ', 'lpips_0=0.000814; ', 'codec_recon_0=0.014216; ', 'estimated_kb_0=1106.718140; ', 'bpp_0=6.434408; ', 'mse_1=0.000696; ', 'lpips_1=0.000685; ', 'codec_recon_1=0.235367; ', 'estimated_kb_1=276.464081; ', 'bpp_1=0.321470; ', 'mse_2=0.000623; ', 'lpips_2=0.000610; ', 'codec_recon_2=0.046343; ', 'estimated_kb_2=1102.567871; ', 'bpp_2=0.305251; ']
aux step[675] ; loss/aux = 23590.742188
train step[676/5000] ; used: 11m:18s; eta: 1h:12m:13s; loss = 0.102673; ['mse_0=0.004152; ', 'lpips_0=0.001319; ', 'codec_recon_0=0.013639; ', 'estimated_kb_0=1111.976196; ', 'bpp_0=6.464978; ', 'mse_1=0.003870; ', 'lpips_1=0.001203; ', 'codec_recon_1=0.233427; ', 'estimated_kb_1=276.997101; ', 'bpp_1=0.322090; ', 'mse_2=0.003822; ', 'lpips_2=0.001149; ', 'codec_recon_2=0.043463; ', 'estimated_kb_2=1106.341187; ', 'bpp_2=0.306296; ']
aux step[676] ; loss/aux = 23590.740234
train step[677/5000] ; used: 11m:19s; eta: 1h:12m:12s; loss = 0.095154; ['mse_0=0.002756; ', 'lpips_0=0.000902; ', 'codec_recon_0=0.012102; ', 'estimated_kb_0=1112.310181; ', 'bpp_0=6.466920; ', 'mse_1=0.002586; ', 'lpips_1=0.000793; ', 'codec_recon_1=0.228676; ', 'estimated_kb_1=276.790100; ', 'bpp_1=0.321849; ', 'mse_2=0.002411; ', 'lpips_2=0.000713; ', 'codec_recon_2=0.042529; ', 'estimated_kb_2=1100.731323; ', 'bpp_2=0.304743; ']
aux step[677] ; loss/aux = 23590.740234
train step[678/5000] ; used: 11m:20s; eta: 1h:12m:11s; loss = 0.085789; ['mse_0=0.000671; ', 'lpips_0=0.000747; ', 'codec_recon_0=0.014032; ', 'estimated_kb_0=1096.732300; ', 'bpp_0=6.376350; ', 'mse_1=0.000553; ', 'lpips_1=0.000643; ', 'codec_recon_1=0.213465; ', 'estimated_kb_1=275.303955; ', 'bpp_1=0.320121; ', 'mse_2=0.000483; ', 'lpips_2=0.000588; ', 'codec_recon_2=0.046185; ', 'estimated_kb_2=1095.018921; ', 'bpp_2=0.303161; ']
aux step[678] ; loss/aux = 23590.738281
train step[679/5000] ; used: 11m:21s; eta: 1h:12m:10s; loss = 0.088910; ['mse_0=0.002656; ', 'lpips_0=0.001080; ', 'codec_recon_0=0.012229; ', 'estimated_kb_0=1114.047485; ', 'bpp_0=6.477020; ', 'mse_1=0.002510; ', 'lpips_1=0.000999; ', 'codec_recon_1=0.202894; ', 'estimated_kb_1=276.998871; ', 'bpp_1=0.322092; ', 'mse_2=0.002432; ', 'lpips_2=0.000949; ', 'codec_recon_2=0.045826; ', 'estimated_kb_2=1104.001099; ', 'bpp_2=0.305648; ']
aux step[679] ; loss/aux = 23590.738281
train step[680/5000] ; used: 11m:22s; eta: 1h:12m:9s; loss = 0.092636; ['mse_0=0.000640; ', 'lpips_0=0.000598; ', 'codec_recon_0=0.012477; ', 'estimated_kb_0=1128.642456; ', 'bpp_0=6.561874; ', 'mse_1=0.000449; ', 'lpips_1=0.000485; ', 'codec_recon_1=0.242282; ', 'estimated_kb_1=278.456238; ', 'bpp_1=0.323786; ', 'mse_2=0.000359; ', 'lpips_2=0.000412; ', 'codec_recon_2=0.044215; ', 'estimated_kb_2=1113.454956; ', 'bpp_2=0.308266; ']
aux step[680] ; loss/aux = 23590.738281
train step[681/5000] ; used: 11m:23s; eta: 1h:12m:8s; loss = 0.090559; ['mse_0=0.002527; ', 'lpips_0=0.001568; ', 'codec_recon_0=0.017789; ', 'estimated_kb_0=1076.334595; ', 'bpp_0=6.257759; ', 'mse_1=0.002499; ', 'lpips_1=0.001488; ', 'codec_recon_1=0.197544; ', 'estimated_kb_1=273.611694; ', 'bpp_1=0.318153; ', 'mse_2=0.002466; ', 'lpips_2=0.001460; ', 'codec_recon_2=0.046499; ', 'estimated_kb_2=1086.984497; ', 'bpp_2=0.300937; ']
aux step[681] ; loss/aux = 23590.736328
train step[682/5000] ; used: 11m:24s; eta: 1h:12m:7s; loss = 0.104483; ['mse_0=0.002040; ', 'lpips_0=0.001289; ', 'codec_recon_0=0.015365; ', 'estimated_kb_0=1111.167847; ', 'bpp_0=6.460278; ', 'mse_1=0.001805; ', 'lpips_1=0.001152; ', 'codec_recon_1=0.258778; ', 'estimated_kb_1=276.809784; ', 'bpp_1=0.321872; ', 'mse_2=0.001672; ', 'lpips_2=0.001028; ', 'codec_recon_2=0.044185; ', 'estimated_kb_2=1106.663818; ', 'bpp_2=0.306385; ']
aux step[682] ; loss/aux = 23590.736328
train step[683/5000] ; used: 11m:25s; eta: 1h:12m:6s; loss = 0.088616; ['mse_0=0.001728; ', 'lpips_0=0.000813; ', 'codec_recon_0=0.012092; ', 'estimated_kb_0=1117.661377; ', 'bpp_0=6.498031; ', 'mse_1=0.001412; ', 'lpips_1=0.000690; ', 'codec_recon_1=0.221255; ', 'estimated_kb_1=277.736664; ', 'bpp_1=0.322950; ', 'mse_2=0.001282; ', 'lpips_2=0.000624; ', 'codec_recon_2=0.040208; ', 'estimated_kb_2=1106.439331; ', 'bpp_2=0.306323; ']
aux step[683] ; loss/aux = 23590.734375
train step[684/5000] ; used: 11m:26s; eta: 1h:12m:5s; loss = 0.095400; ['mse_0=0.001039; ', 'lpips_0=0.001019; ', 'codec_recon_0=0.015055; ', 'estimated_kb_0=1101.633667; ', 'bpp_0=6.404847; ', 'mse_1=0.000902; ', 'lpips_1=0.000885; ', 'codec_recon_1=0.232776; ', 'estimated_kb_1=275.035400; ', 'bpp_1=0.319809; ', 'mse_2=0.000841; ', 'lpips_2=0.000809; ', 'codec_recon_2=0.051858; ', 'estimated_kb_2=1098.150513; ', 'bpp_2=0.304028; ']
aux step[684] ; loss/aux = 23590.734375
train step[685/5000] ; used: 11m:27s; eta: 1h:12m:4s; loss = 0.089427; ['mse_0=0.000640; ', 'lpips_0=0.001007; ', 'codec_recon_0=0.015165; ', 'estimated_kb_0=1099.265137; ', 'bpp_0=6.391077; ', 'mse_1=0.000532; ', 'lpips_1=0.000852; ', 'codec_recon_1=0.220576; ', 'estimated_kb_1=275.286316; ', 'bpp_1=0.320100; ', 'mse_2=0.000478; ', 'lpips_2=0.000779; ', 'codec_recon_2=0.048057; ', 'estimated_kb_2=1099.360107; ', 'bpp_2=0.304363; ']
aux step[685] ; loss/aux = 23590.734375
train step[686/5000] ; used: 11m:28s; eta: 1h:12m:3s; loss = 0.095633; ['mse_0=0.000932; ', 'lpips_0=0.000671; ', 'codec_recon_0=0.009866; ', 'estimated_kb_0=1121.220703; ', 'bpp_0=6.518725; ', 'mse_1=0.000706; ', 'lpips_1=0.000517; ', 'codec_recon_1=0.257614; ', 'estimated_kb_1=278.107330; ', 'bpp_1=0.323381; ', 'mse_2=0.000384; ', 'lpips_2=0.000291; ', 'codec_recon_2=0.039627; ', 'estimated_kb_2=1106.006470; ', 'bpp_2=0.306203; ']
aux step[686] ; loss/aux = 23590.732422
train step[687/5000] ; used: 11m:29s; eta: 1h:12m:2s; loss = 0.083065; ['mse_0=0.000429; ', 'lpips_0=0.000789; ', 'codec_recon_0=0.014945; ', 'estimated_kb_0=1092.971436; ', 'bpp_0=6.354486; ', 'mse_1=0.000350; ', 'lpips_1=0.000691; ', 'codec_recon_1=0.205797; ', 'estimated_kb_1=275.093109; ', 'bpp_1=0.319876; ', 'mse_2=0.000314; ', 'lpips_2=0.000650; ', 'codec_recon_2=0.045396; ', 'estimated_kb_2=1094.987061; ', 'bpp_2=0.303153; ']
aux step[687] ; loss/aux = 23590.730469
train step[688/5000] ; used: 11m:30s; eta: 1h:12m:1s; loss = 0.102119; ['mse_0=0.002926; ', 'lpips_0=0.001076; ', 'codec_recon_0=0.012875; ', 'estimated_kb_0=1105.039307; ', 'bpp_0=6.424647; ', 'mse_1=0.002626; ', 'lpips_1=0.000984; ', 'codec_recon_1=0.253394; ', 'estimated_kb_1=277.486237; ', 'bpp_1=0.322658; ', 'mse_2=0.002265; ', 'lpips_2=0.000844; ', 'codec_recon_2=0.038387; ', 'estimated_kb_2=1104.393799; ', 'bpp_2=0.305757; ']
aux step[688] ; loss/aux = 23590.730469
train step[689/5000] ; used: 11m:31s; eta: 1h:12m; loss = 0.089025; ['mse_0=0.000899; ', 'lpips_0=0.000624; ', 'codec_recon_0=0.013334; ', 'estimated_kb_0=1110.711426; ', 'bpp_0=6.457624; ', 'mse_1=0.000764; ', 'lpips_1=0.000540; ', 'codec_recon_1=0.227359; ', 'estimated_kb_1=276.693390; ', 'bpp_1=0.321736; ', 'mse_2=0.000611; ', 'lpips_2=0.000469; ', 'codec_recon_2=0.043033; ', 'estimated_kb_2=1101.204346; ', 'bpp_2=0.304874; ']
aux step[689] ; loss/aux = 23590.730469
train step[690/5000] ; used: 11m:32s; eta: 1h:11m:59s; loss = 0.085626; ['mse_0=0.001021; ', 'lpips_0=0.000833; ', 'codec_recon_0=0.013257; ', 'estimated_kb_0=1107.334961; ', 'bpp_0=6.437994; ', 'mse_1=0.000781; ', 'lpips_1=0.000711; ', 'codec_recon_1=0.214831; ', 'estimated_kb_1=277.355469; ', 'bpp_1=0.322506; ', 'mse_2=0.000685; ', 'lpips_2=0.000638; ', 'codec_recon_2=0.041768; ', 'estimated_kb_2=1100.809937; ', 'bpp_2=0.304765; ']
aux step[690] ; loss/aux = 23590.730469
train step[691/5000] ; used: 11m:33s; eta: 1h:11m:58s; loss = 0.109507; ['mse_0=0.002172; ', 'lpips_0=0.000922; ', 'codec_recon_0=0.012897; ', 'estimated_kb_0=1127.336182; ', 'bpp_0=6.554280; ', 'mse_1=0.001807; ', 'lpips_1=0.000812; ', 'codec_recon_1=0.286257; ', 'estimated_kb_1=278.836151; ', 'bpp_1=0.324228; ', 'mse_2=0.001402; ', 'lpips_2=0.000585; ', 'codec_recon_2=0.040202; ', 'estimated_kb_2=1114.565308; ', 'bpp_2=0.308573; ']
aux step[691] ; loss/aux = 23590.728516
train step[692/5000] ; used: 11m:34s; eta: 1h:11m:57s; loss = 0.099120; ['mse_0=0.001101; ', 'lpips_0=0.000859; ', 'codec_recon_0=0.015967; ', 'estimated_kb_0=1098.494385; ', 'bpp_0=6.386595; ', 'mse_1=0.000672; ', 'lpips_1=0.000660; ', 'codec_recon_1=0.249151; ', 'estimated_kb_1=275.956665; ', 'bpp_1=0.320880; ', 'mse_2=0.000623; ', 'lpips_2=0.000599; ', 'codec_recon_2=0.050237; ', 'estimated_kb_2=1099.415283; ', 'bpp_2=0.304379; ']
aux step[692] ; loss/aux = 23590.726562
train step[693/5000] ; used: 11m:35s; eta: 1h:11m:56s; loss = 0.094393; ['mse_0=0.001922; ', 'lpips_0=0.001062; ', 'codec_recon_0=0.014676; ', 'estimated_kb_0=1112.848877; ', 'bpp_0=6.470052; ', 'mse_1=0.001694; ', 'lpips_1=0.000952; ', 'codec_recon_1=0.228658; ', 'estimated_kb_1=276.490845; ', 'bpp_1=0.321501; ', 'mse_2=0.001614; ', 'lpips_2=0.000886; ', 'codec_recon_2=0.044210; ', 'estimated_kb_2=1105.717163; ', 'bpp_2=0.306123; ']
aux step[693] ; loss/aux = 23590.726562
train step[694/5000] ; used: 11m:36s; eta: 1h:11m:55s; loss = 0.108747; ['mse_0=0.003996; ', 'lpips_0=0.001576; ', 'codec_recon_0=0.015181; ', 'estimated_kb_0=1117.033081; ', 'bpp_0=6.494378; ', 'mse_1=0.003966; ', 'lpips_1=0.001493; ', 'codec_recon_1=0.247279; ', 'estimated_kb_1=278.338501; ', 'bpp_1=0.323649; ', 'mse_2=0.003862; ', 'lpips_2=0.001434; ', 'codec_recon_2=0.045609; ', 'estimated_kb_2=1111.232178; ', 'bpp_2=0.307650; ']
aux step[694] ; loss/aux = 23590.726562
train step[695/5000] ; used: 11m:37s; eta: 1h:11m:54s; loss = 0.107462; ['mse_0=0.002930; ', 'lpips_0=0.000841; ', 'codec_recon_0=0.013273; ', 'estimated_kb_0=1110.848999; ', 'bpp_0=6.458425; ', 'mse_1=0.002697; ', 'lpips_1=0.000730; ', 'codec_recon_1=0.262627; ', 'estimated_kb_1=277.057495; ', 'bpp_1=0.322160; ', 'mse_2=0.002506; ', 'lpips_2=0.000580; ', 'codec_recon_2=0.048028; ', 'estimated_kb_2=1102.324097; ', 'bpp_2=0.305184; ']
aux step[695] ; loss/aux = 23590.726562
train step[696/5000] ; used: 11m:38s; eta: 1h:11m:53s; loss = 0.092764; ['mse_0=0.000720; ', 'lpips_0=0.000990; ', 'codec_recon_0=0.013816; ', 'estimated_kb_0=1095.441284; ', 'bpp_0=6.368845; ', 'mse_1=0.000597; ', 'lpips_1=0.000891; ', 'codec_recon_1=0.235165; ', 'estimated_kb_1=275.362091; ', 'bpp_1=0.320188; ', 'mse_2=0.000484; ', 'lpips_2=0.000833; ', 'codec_recon_2=0.045181; ', 'estimated_kb_2=1097.446777; ', 'bpp_2=0.303834; ']
aux step[696] ; loss/aux = 23590.724609
train step[697/5000] ; used: 11m:39s; eta: 1h:11m:52s; loss = 0.110418; ['mse_0=0.002799; ', 'lpips_0=0.000988; ', 'codec_recon_0=0.011922; ', 'estimated_kb_0=1125.914429; ', 'bpp_0=6.546014; ', 'mse_1=0.002328; ', 'lpips_1=0.000807; ', 'codec_recon_1=0.286322; ', 'estimated_kb_1=278.186859; ', 'bpp_1=0.323473; ', 'mse_2=0.001870; ', 'lpips_2=0.000629; ', 'codec_recon_2=0.038416; ', 'estimated_kb_2=1114.485107; ', 'bpp_2=0.308551; ']
aux step[697] ; loss/aux = 23590.724609
train step[698/5000] ; used: 11m:40s; eta: 1h:11m:51s; loss = 0.082263; ['mse_0=0.000738; ', 'lpips_0=0.000933; ', 'codec_recon_0=0.015990; ', 'estimated_kb_0=1093.041504; ', 'bpp_0=6.354892; ', 'mse_1=0.000596; ', 'lpips_1=0.000783; ', 'codec_recon_1=0.197900; ', 'estimated_kb_1=275.780731; ', 'bpp_1=0.320675; ', 'mse_2=0.000547; ', 'lpips_2=0.000729; ', 'codec_recon_2=0.045901; ', 'estimated_kb_2=1096.693726; ', 'bpp_2=0.303625; ']
aux step[698] ; loss/aux = 23590.722656
train step[699/5000] ; used: 11m:41s; eta: 1h:11m:50s; loss = 0.082018; ['mse_0=0.000733; ', 'lpips_0=0.000778; ', 'codec_recon_0=0.017330; ', 'estimated_kb_0=1100.726074; ', 'bpp_0=6.399570; ', 'mse_1=0.000697; ', 'lpips_1=0.000684; ', 'codec_recon_1=0.191346; ', 'estimated_kb_1=275.051727; ', 'bpp_1=0.319828; ', 'mse_2=0.000682; ', 'lpips_2=0.000649; ', 'codec_recon_2=0.050640; ', 'estimated_kb_2=1095.170288; ', 'bpp_2=0.303203; ']
aux step[699] ; loss/aux = 23590.722656
train step[700/5000] ; used: 11m:42s; eta: 1h:11m:49s; loss = 0.095910; ['mse_0=0.002171; ', 'lpips_0=0.000805; ', 'codec_recon_0=0.011887; ', 'estimated_kb_0=1110.931763; ', 'bpp_0=6.458906; ', 'mse_1=0.002029; ', 'lpips_1=0.000708; ', 'codec_recon_1=0.237575; ', 'estimated_kb_1=276.717590; ', 'bpp_1=0.321765; ', 'mse_2=0.001956; ', 'lpips_2=0.000630; ', 'codec_recon_2=0.042576; ', 'estimated_kb_2=1101.120850; ', 'bpp_2=0.304851; ']
aux step[700] ; loss/aux = 23590.720703
train step[701/5000] ; used: 11m:43s; eta: 1h:11m:48s; loss = 0.096204; ['mse_0=0.001317; ', 'lpips_0=0.000669; ', 'codec_recon_0=0.013087; ', 'estimated_kb_0=1125.387451; ', 'bpp_0=6.542950; ', 'mse_1=0.001091; ', 'lpips_1=0.000532; ', 'codec_recon_1=0.247536; ', 'estimated_kb_1=279.041199; ', 'bpp_1=0.324467; ', 'mse_2=0.000959; ', 'lpips_2=0.000455; ', 'codec_recon_2=0.043310; ', 'estimated_kb_2=1112.636841; ', 'bpp_2=0.308039; ']
aux step[701] ; loss/aux = 23590.718750
train step[702/5000] ; used: 11m:44s; eta: 1h:11m:47s; loss = 0.135038; ['mse_0=0.007395; ', 'lpips_0=0.001121; ', 'codec_recon_0=0.014405; ', 'estimated_kb_0=1126.801758; ', 'bpp_0=6.551173; ', 'mse_1=0.006981; ', 'lpips_1=0.000940; ', 'codec_recon_1=0.314536; ', 'estimated_kb_1=278.409454; ', 'bpp_1=0.323732; ', 'mse_2=0.006649; ', 'lpips_2=0.000687; ', 'codec_recon_2=0.041943; ', 'estimated_kb_2=1114.054688; ', 'bpp_2=0.308432; ']
aux step[702] ; loss/aux = 23590.718750
train step[703/5000] ; used: 11m:45s; eta: 1h:11m:46s; loss = 0.084467; ['mse_0=0.001331; ', 'lpips_0=0.000772; ', 'codec_recon_0=0.014086; ', 'estimated_kb_0=1102.970581; ', 'bpp_0=6.412620; ', 'mse_1=0.001197; ', 'lpips_1=0.000682; ', 'codec_recon_1=0.204910; ', 'estimated_kb_1=275.462067; ', 'bpp_1=0.320305; ', 'mse_2=0.001139; ', 'lpips_2=0.000624; ', 'codec_recon_2=0.043409; ', 'estimated_kb_2=1092.662476; ', 'bpp_2=0.302509; ']
aux step[703] ; loss/aux = 23590.718750
train step[704/5000] ; used: 11m:46s; eta: 1h:11m:45s; loss = 0.103826; ['mse_0=0.002170; ', 'lpips_0=0.000908; ', 'codec_recon_0=0.014677; ', 'estimated_kb_0=1127.775391; ', 'bpp_0=6.556834; ', 'mse_1=0.001677; ', 'lpips_1=0.000701; ', 'codec_recon_1=0.259208; ', 'estimated_kb_1=278.527100; ', 'bpp_1=0.323869; ', 'mse_2=0.001431; ', 'lpips_2=0.000597; ', 'codec_recon_2=0.047253; ', 'estimated_kb_2=1112.961182; ', 'bpp_2=0.308129; ']
aux step[704] ; loss/aux = 23590.718750
train step[705/5000] ; used: 11m:47s; eta: 1h:11m:44s; loss = 0.111465; ['mse_0=0.001533; ', 'lpips_0=0.000841; ', 'codec_recon_0=0.011532; ', 'estimated_kb_0=1130.966797; ', 'bpp_0=6.575388; ', 'mse_1=0.001209; ', 'lpips_1=0.000718; ', 'codec_recon_1=0.300107; ', 'estimated_kb_1=279.115082; ', 'bpp_1=0.324552; ', 'mse_2=0.000790; ', 'lpips_2=0.000472; ', 'codec_recon_2=0.041368; ', 'estimated_kb_2=1116.740112; ', 'bpp_2=0.309175; ']
aux step[705] ; loss/aux = 23590.718750
train step[706/5000] ; used: 11m:48s; eta: 1h:11m:43s; loss = 0.086869; ['mse_0=0.001543; ', 'lpips_0=0.000847; ', 'codec_recon_0=0.014493; ', 'estimated_kb_0=1103.913940; ', 'bpp_0=6.418104; ', 'mse_1=0.001403; ', 'lpips_1=0.000750; ', 'codec_recon_1=0.203516; ', 'estimated_kb_1=276.082489; ', 'bpp_1=0.321026; ', 'mse_2=0.001385; ', 'lpips_2=0.000713; ', 'codec_recon_2=0.049413; ', 'estimated_kb_2=1099.268188; ', 'bpp_2=0.304338; ']
aux step[706] ; loss/aux = 23590.716797
train step[707/5000] ; used: 11m:49s; eta: 1h:11m:42s; loss = 0.094136; ['mse_0=0.001021; ', 'lpips_0=0.000691; ', 'codec_recon_0=0.013123; ', 'estimated_kb_0=1112.033447; ', 'bpp_0=6.465311; ', 'mse_1=0.000846; ', 'lpips_1=0.000554; ', 'codec_recon_1=0.242152; ', 'estimated_kb_1=277.436981; ', 'bpp_1=0.322601; ', 'mse_2=0.000678; ', 'lpips_2=0.000445; ', 'codec_recon_2=0.044398; ', 'estimated_kb_2=1103.175049; ', 'bpp_2=0.305419; ']
aux step[707] ; loss/aux = 23590.714844
train step[708/5000] ; used: 11m:50s; eta: 1h:11m:41s; loss = 0.093295; ['mse_0=0.001296; ', 'lpips_0=0.000917; ', 'codec_recon_0=0.013148; ', 'estimated_kb_0=1119.198486; ', 'bpp_0=6.506968; ', 'mse_1=0.001102; ', 'lpips_1=0.000806; ', 'codec_recon_1=0.233513; ', 'estimated_kb_1=277.810516; ', 'bpp_1=0.323035; ', 'mse_2=0.000979; ', 'lpips_2=0.000742; ', 'codec_recon_2=0.044845; ', 'estimated_kb_2=1108.976562; ', 'bpp_2=0.307026; ']
aux step[708] ; loss/aux = 23590.714844
train step[709/5000] ; used: 11m:51s; eta: 1h:11m:40s; loss = 0.089479; ['mse_0=0.000801; ', 'lpips_0=0.000865; ', 'codec_recon_0=0.012805; ', 'estimated_kb_0=1100.069824; ', 'bpp_0=6.395754; ', 'mse_1=0.000665; ', 'lpips_1=0.000807; ', 'codec_recon_1=0.227723; ', 'estimated_kb_1=275.992035; ', 'bpp_1=0.320921; ', 'mse_2=0.000586; ', 'lpips_2=0.000756; ', 'codec_recon_2=0.042803; ', 'estimated_kb_2=1098.745239; ', 'bpp_2=0.304193; ']
aux step[709] ; loss/aux = 23590.714844
train step[710/5000] ; used: 11m:52s; eta: 1h:11m:39s; loss = 0.127507; ['mse_0=0.007205; ', 'lpips_0=0.001590; ', 'codec_recon_0=0.013256; ', 'estimated_kb_0=1135.130371; ', 'bpp_0=6.599596; ', 'mse_1=0.006862; ', 'lpips_1=0.001462; ', 'codec_recon_1=0.283178; ', 'estimated_kb_1=278.709351; ', 'bpp_1=0.324081; ', 'mse_2=0.006545; ', 'lpips_2=0.001273; ', 'codec_recon_2=0.045472; ', 'estimated_kb_2=1120.413574; ', 'bpp_2=0.310192; ']
aux step[710] ; loss/aux = 23590.714844
train step[711/5000] ; used: 11m:53s; eta: 1h:11m:38s; loss = 0.082997; ['mse_0=0.000548; ', 'lpips_0=0.000678; ', 'codec_recon_0=0.014998; ', 'estimated_kb_0=1100.240356; ', 'bpp_0=6.396746; ', 'mse_1=0.000477; ', 'lpips_1=0.000601; ', 'codec_recon_1=0.203696; ', 'estimated_kb_1=275.596375; ', 'bpp_1=0.320461; ', 'mse_2=0.000453; ', 'lpips_2=0.000567; ', 'codec_recon_2=0.046879; ', 'estimated_kb_2=1096.822266; ', 'bpp_2=0.303661; ']
aux step[711] ; loss/aux = 23590.712891
train step[712/5000] ; used: 11m:54s; eta: 1h:11m:37s; loss = 0.100759; ['mse_0=0.002669; ', 'lpips_0=0.000816; ', 'codec_recon_0=0.013853; ', 'estimated_kb_0=1127.655518; ', 'bpp_0=6.556137; ', 'mse_1=0.002390; ', 'lpips_1=0.000701; ', 'codec_recon_1=0.246519; ', 'estimated_kb_1=278.663452; ', 'bpp_1=0.324027; ', 'mse_2=0.002222; ', 'lpips_2=0.000608; ', 'codec_recon_2=0.044138; ', 'estimated_kb_2=1112.613403; ', 'bpp_2=0.308033; ']
aux step[712] ; loss/aux = 23590.712891
train step[713/5000] ; used: 11m:55s; eta: 1h:11m:36s; loss = 0.100434; ['mse_0=0.001416; ', 'lpips_0=0.000892; ', 'codec_recon_0=0.020159; ', 'estimated_kb_0=1099.098999; ', 'bpp_0=6.390110; ', 'mse_1=0.001184; ', 'lpips_1=0.000749; ', 'codec_recon_1=0.246667; ', 'estimated_kb_1=276.937653; ', 'bpp_1=0.322021; ', 'mse_2=0.001060; ', 'lpips_2=0.000676; ', 'codec_recon_2=0.048038; ', 'estimated_kb_2=1101.104736; ', 'bpp_2=0.304846; ']
aux step[713] ; loss/aux = 23590.710938
train step[714/5000] ; used: 11m:56s; eta: 1h:11m:35s; loss = 0.089172; ['mse_0=0.001187; ', 'lpips_0=0.000812; ', 'codec_recon_0=0.013311; ', 'estimated_kb_0=1109.994141; ', 'bpp_0=6.453454; ', 'mse_1=0.001047; ', 'lpips_1=0.000700; ', 'codec_recon_1=0.221157; ', 'estimated_kb_1=276.457428; ', 'bpp_1=0.321462; ', 'mse_2=0.000968; ', 'lpips_2=0.000624; ', 'codec_recon_2=0.044983; ', 'estimated_kb_2=1102.635498; ', 'bpp_2=0.305270; ']
aux step[714] ; loss/aux = 23590.710938
train step[715/5000] ; used: 11m:57s; eta: 1h:11m:34s; loss = 0.100231; ['mse_0=0.002404; ', 'lpips_0=0.001249; ', 'codec_recon_0=0.014583; ', 'estimated_kb_0=1103.503906; ', 'bpp_0=6.415720; ', 'mse_1=0.002110; ', 'lpips_1=0.001120; ', 'codec_recon_1=0.234631; ', 'estimated_kb_1=275.723999; ', 'bpp_1=0.320609; ', 'mse_2=0.002042; ', 'lpips_2=0.001060; ', 'codec_recon_2=0.051604; ', 'estimated_kb_2=1100.837524; ', 'bpp_2=0.304772; ']
aux step[715] ; loss/aux = 23590.710938
train step[716/5000] ; used: 11m:58s; eta: 1h:11m:33s; loss = 0.080895; ['mse_0=0.000927; ', 'lpips_0=0.000793; ', 'codec_recon_0=0.013277; ', 'estimated_kb_0=1097.577393; ', 'bpp_0=6.381264; ', 'mse_1=0.000774; ', 'lpips_1=0.000687; ', 'codec_recon_1=0.198772; ', 'estimated_kb_1=275.177673; ', 'bpp_1=0.319974; ', 'mse_2=0.000723; ', 'lpips_2=0.000641; ', 'codec_recon_2=0.042449; ', 'estimated_kb_2=1095.556519; ', 'bpp_2=0.303310; ']
aux step[716] ; loss/aux = 23590.708984
train step[717/5000] ; used: 11m:59s; eta: 1h:11m:32s; loss = 0.112933; ['mse_0=0.001982; ', 'lpips_0=0.000924; ', 'codec_recon_0=0.012468; ', 'estimated_kb_0=1125.123779; ', 'bpp_0=6.541418; ', 'mse_1=0.001723; ', 'lpips_1=0.000772; ', 'codec_recon_1=0.292223; ', 'estimated_kb_1=277.944702; ', 'bpp_1=0.323191; ', 'mse_2=0.001493; ', 'lpips_2=0.000604; ', 'codec_recon_2=0.046758; ', 'estimated_kb_2=1113.570801; ', 'bpp_2=0.308298; ']
aux step[717] ; loss/aux = 23590.707031
train step[718/5000] ; used: 12m; eta: 1h:11m:31s; loss = 0.092038; ['mse_0=0.000837; ', 'lpips_0=0.000702; ', 'codec_recon_0=0.013535; ', 'estimated_kb_0=1102.607666; ', 'bpp_0=6.410510; ', 'mse_1=0.000700; ', 'lpips_1=0.000582; ', 'codec_recon_1=0.235485; ', 'estimated_kb_1=276.395386; ', 'bpp_1=0.321390; ', 'mse_2=0.000605; ', 'lpips_2=0.000496; ', 'codec_recon_2=0.044704; ', 'estimated_kb_2=1100.959595; ', 'bpp_2=0.304806; ']
aux step[718] ; loss/aux = 23590.707031
train step[719/5000] ; used: 12m:1s; eta: 1h:11m:30s; loss = 0.101956; ['mse_0=0.000845; ', 'lpips_0=0.000885; ', 'codec_recon_0=0.011502; ', 'estimated_kb_0=1100.266968; ', 'bpp_0=6.396901; ', 'mse_1=0.000638; ', 'lpips_1=0.000779; ', 'codec_recon_1=0.272053; ', 'estimated_kb_1=275.164520; ', 'bpp_1=0.319959; ', 'mse_2=0.000429; ', 'lpips_2=0.000634; ', 'codec_recon_2=0.042264; ', 'estimated_kb_2=1095.597534; ', 'bpp_2=0.303322; ']
aux step[719] ; loss/aux = 23590.707031
train step[720/5000] ; used: 12m:2s; eta: 1h:11m:29s; loss = 0.097490; ['mse_0=0.003406; ', 'lpips_0=0.000889; ', 'codec_recon_0=0.015018; ', 'estimated_kb_0=1110.549927; ', 'bpp_0=6.456686; ', 'mse_1=0.003111; ', 'lpips_1=0.000763; ', 'codec_recon_1=0.230214; ', 'estimated_kb_1=277.046143; ', 'bpp_1=0.322147; ', 'mse_2=0.002961; ', 'lpips_2=0.000665; ', 'codec_recon_2=0.040425; ', 'estimated_kb_2=1103.403564; ', 'bpp_2=0.305483; ']
aux step[720] ; loss/aux = 23590.705078
train step[721/5000] ; used: 12m:3s; eta: 1h:11m:28s; loss = 0.088441; ['mse_0=0.001320; ', 'lpips_0=0.000728; ', 'codec_recon_0=0.012088; ', 'estimated_kb_0=1103.925659; ', 'bpp_0=6.418172; ', 'mse_1=0.001052; ', 'lpips_1=0.000603; ', 'codec_recon_1=0.224629; ', 'estimated_kb_1=276.969452; ', 'bpp_1=0.322058; ', 'mse_2=0.000777; ', 'lpips_2=0.000476; ', 'codec_recon_2=0.041566; ', 'estimated_kb_2=1100.033081; ', 'bpp_2=0.304550; ']
aux step[721] ; loss/aux = 23590.705078
train step[722/5000] ; used: 12m:4s; eta: 1h:11m:27s; loss = 0.088893; ['mse_0=0.000878; ', 'lpips_0=0.000707; ', 'codec_recon_0=0.013856; ', 'estimated_kb_0=1098.159302; ', 'bpp_0=6.384647; ', 'mse_1=0.000654; ', 'lpips_1=0.000593; ', 'codec_recon_1=0.232088; ', 'estimated_kb_1=275.260559; ', 'bpp_1=0.320070; ', 'mse_2=0.000478; ', 'lpips_2=0.000509; ', 'codec_recon_2=0.037639; ', 'estimated_kb_2=1095.779175; ', 'bpp_2=0.303372; ']
aux step[722] ; loss/aux = 23590.705078
train step[723/5000] ; used: 12m:5s; eta: 1h:11m:26s; loss = 0.108065; ['mse_0=0.001347; ', 'lpips_0=0.001390; ', 'codec_recon_0=0.012096; ', 'estimated_kb_0=1111.208984; ', 'bpp_0=6.460517; ', 'mse_1=0.001061; ', 'lpips_1=0.001209; ', 'codec_recon_1=0.272071; ', 'estimated_kb_1=276.912720; ', 'bpp_1=0.321992; ', 'mse_2=0.000959; ', 'lpips_2=0.001078; ', 'codec_recon_2=0.052570; ', 'estimated_kb_2=1106.040527; ', 'bpp_2=0.306213; ']
aux step[723] ; loss/aux = 23590.703125
train step[724/5000] ; used: 12m:6s; eta: 1h:11m:25s; loss = 0.092230; ['mse_0=0.000414; ', 'lpips_0=0.000648; ', 'codec_recon_0=0.012622; ', 'estimated_kb_0=1109.168823; ', 'bpp_0=6.448656; ', 'mse_1=0.000308; ', 'lpips_1=0.000511; ', 'codec_recon_1=0.240088; ', 'estimated_kb_1=275.955872; ', 'bpp_1=0.320879; ', 'mse_2=0.000215; ', 'lpips_2=0.000409; ', 'codec_recon_2=0.046373; ', 'estimated_kb_2=1101.980835; ', 'bpp_2=0.305089; ']
aux step[724] ; loss/aux = 23590.703125
train step[725/5000] ; used: 12m:7s; eta: 1h:11m:24s; loss = 0.116944; ['mse_0=0.003852; ', 'lpips_0=0.001432; ', 'codec_recon_0=0.015088; ', 'estimated_kb_0=1123.946899; ', 'bpp_0=6.534575; ', 'mse_1=0.003130; ', 'lpips_1=0.001254; ', 'codec_recon_1=0.287026; ', 'estimated_kb_1=278.618256; ', 'bpp_1=0.323975; ', 'mse_2=0.002816; ', 'lpips_2=0.001148; ', 'codec_recon_2=0.042255; ', 'estimated_kb_2=1116.099976; ', 'bpp_2=0.308998; ']
aux step[725] ; loss/aux = 23590.701172
train step[726/5000] ; used: 12m:8s; eta: 1h:11m:23s; loss = 0.105814; ['mse_0=0.001459; ', 'lpips_0=0.000853; ', 'codec_recon_0=0.012747; ', 'estimated_kb_0=1120.016846; ', 'bpp_0=6.511726; ', 'mse_1=0.001293; ', 'lpips_1=0.000771; ', 'codec_recon_1=0.279492; ', 'estimated_kb_1=277.734955; ', 'bpp_1=0.322948; ', 'mse_2=0.001001; ', 'lpips_2=0.000638; ', 'codec_recon_2=0.040426; ', 'estimated_kb_2=1110.083862; ', 'bpp_2=0.307332; ']
aux step[726] ; loss/aux = 23590.701172
train step[727/5000] ; used: 12m:9s; eta: 1h:11m:22s; loss = 0.088517; ['mse_0=0.003079; ', 'lpips_0=0.001457; ', 'codec_recon_0=0.014208; ', 'estimated_kb_0=1095.976929; ', 'bpp_0=6.371959; ', 'mse_1=0.002703; ', 'lpips_1=0.001316; ', 'codec_recon_1=0.196960; ', 'estimated_kb_1=276.303314; ', 'bpp_1=0.321283; ', 'mse_2=0.002664; ', 'lpips_2=0.001271; ', 'codec_recon_2=0.042256; ', 'estimated_kb_2=1098.887939; ', 'bpp_2=0.304233; ']
aux step[727] ; loss/aux = 23590.699219
train step[728/5000] ; used: 12m:10s; eta: 1h:11m:21s; loss = 0.084453; ['mse_0=0.000755; ', 'lpips_0=0.000634; ', 'codec_recon_0=0.012859; ', 'estimated_kb_0=1099.348267; ', 'bpp_0=6.391560; ', 'mse_1=0.000603; ', 'lpips_1=0.000544; ', 'codec_recon_1=0.212586; ', 'estimated_kb_1=275.811859; ', 'bpp_1=0.320711; ', 'mse_2=0.000524; ', 'lpips_2=0.000490; ', 'codec_recon_2=0.044229; ', 'estimated_kb_2=1094.893188; ', 'bpp_2=0.303127; ']
aux step[728] ; loss/aux = 23590.699219
train step[729/5000] ; used: 12m:11s; eta: 1h:11m:20s; loss = 0.103161; ['mse_0=0.000870; ', 'lpips_0=0.001065; ', 'codec_recon_0=0.012670; ', 'estimated_kb_0=1114.557007; ', 'bpp_0=6.479983; ', 'mse_1=0.000731; ', 'lpips_1=0.000895; ', 'codec_recon_1=0.260209; ', 'estimated_kb_1=276.800079; ', 'bpp_1=0.321861; ', 'mse_2=0.000616; ', 'lpips_2=0.000805; ', 'codec_recon_2=0.054382; ', 'estimated_kb_2=1108.291138; ', 'bpp_2=0.306836; ']
aux step[729] ; loss/aux = 23590.699219
train step[730/5000] ; used: 12m:12s; eta: 1h:11m:19s; loss = 0.113376; ['mse_0=0.002724; ', 'lpips_0=0.000975; ', 'codec_recon_0=0.012003; ', 'estimated_kb_0=1125.782471; ', 'bpp_0=6.545247; ', 'mse_1=0.002460; ', 'lpips_1=0.000866; ', 'codec_recon_1=0.290659; ', 'estimated_kb_1=277.696716; ', 'bpp_1=0.322903; ', 'mse_2=0.002051; ', 'lpips_2=0.000743; ', 'codec_recon_2=0.042531; ', 'estimated_kb_2=1113.123047; ', 'bpp_2=0.308174; ']
aux step[730] ; loss/aux = 23590.699219
train step[731/5000] ; used: 12m:13s; eta: 1h:11m:18s; loss = 0.091996; ['mse_0=0.001160; ', 'lpips_0=0.000832; ', 'codec_recon_0=0.012268; ', 'estimated_kb_0=1120.298828; ', 'bpp_0=6.513365; ', 'mse_1=0.001002; ', 'lpips_1=0.000705; ', 'codec_recon_1=0.229881; ', 'estimated_kb_1=277.686096; ', 'bpp_1=0.322891; ', 'mse_2=0.000921; ', 'lpips_2=0.000632; ', 'codec_recon_2=0.046996; ', 'estimated_kb_2=1110.935425; ', 'bpp_2=0.307568; ']
aux step[731] ; loss/aux = 23590.697266
train step[732/5000] ; used: 12m:14s; eta: 1h:11m:17s; loss = 0.104437; ['mse_0=0.002473; ', 'lpips_0=0.001102; ', 'codec_recon_0=0.014173; ', 'estimated_kb_0=1119.549805; ', 'bpp_0=6.509011; ', 'mse_1=0.002208; ', 'lpips_1=0.000981; ', 'codec_recon_1=0.247260; ', 'estimated_kb_1=277.599548; ', 'bpp_1=0.322790; ', 'mse_2=0.002129; ', 'lpips_2=0.000838; ', 'codec_recon_2=0.054254; ', 'estimated_kb_2=1112.418701; ', 'bpp_2=0.307979; ']
aux step[732] ; loss/aux = 23590.695312
train step[733/5000] ; used: 12m:15s; eta: 1h:11m:16s; loss = 0.094616; ['mse_0=0.000527; ', 'lpips_0=0.000994; ', 'codec_recon_0=0.012936; ', 'estimated_kb_0=1104.686279; ', 'bpp_0=6.422595; ', 'mse_1=0.000401; ', 'lpips_1=0.000838; ', 'codec_recon_1=0.244360; ', 'estimated_kb_1=275.882172; ', 'bpp_1=0.320793; ', 'mse_2=0.000321; ', 'lpips_2=0.000771; ', 'codec_recon_2=0.045253; ', 'estimated_kb_2=1102.401123; ', 'bpp_2=0.305205; ']
aux step[733] ; loss/aux = 23590.695312
train step[734/5000] ; used: 12m:16s; eta: 1h:11m:15s; loss = 0.107725; ['mse_0=0.001968; ', 'lpips_0=0.000969; ', 'codec_recon_0=0.012278; ', 'estimated_kb_0=1124.976562; ', 'bpp_0=6.540561; ', 'mse_1=0.001725; ', 'lpips_1=0.000866; ', 'codec_recon_1=0.279125; ', 'estimated_kb_1=278.254028; ', 'bpp_1=0.323551; ', 'mse_2=0.001450; ', 'lpips_2=0.000736; ', 'codec_recon_2=0.041965; ', 'estimated_kb_2=1112.270142; ', 'bpp_2=0.307937; ']
aux step[734] ; loss/aux = 23590.693359
train step[735/5000] ; used: 12m:17s; eta: 1h:11m:14s; loss = 0.090018; ['mse_0=0.000905; ', 'lpips_0=0.000815; ', 'codec_recon_0=0.012612; ', 'estimated_kb_0=1082.570801; ', 'bpp_0=6.294017; ', 'mse_1=0.000686; ', 'lpips_1=0.000685; ', 'codec_recon_1=0.235138; ', 'estimated_kb_1=275.195374; ', 'bpp_1=0.319995; ', 'mse_2=0.000519; ', 'lpips_2=0.000576; ', 'codec_recon_2=0.038353; ', 'estimated_kb_2=1084.759888; ', 'bpp_2=0.300321; ']
aux step[735] ; loss/aux = 23590.693359
train step[736/5000] ; used: 12m:18s; eta: 1h:11m:13s; loss = 0.086973; ['mse_0=0.001411; ', 'lpips_0=0.000744; ', 'codec_recon_0=0.012667; ', 'estimated_kb_0=1107.617676; ', 'bpp_0=6.439637; ', 'mse_1=0.001332; ', 'lpips_1=0.000655; ', 'codec_recon_1=0.209345; ', 'estimated_kb_1=275.958282; ', 'bpp_1=0.320882; ', 'mse_2=0.001326; ', 'lpips_2=0.000618; ', 'codec_recon_2=0.047613; ', 'estimated_kb_2=1101.053101; ', 'bpp_2=0.304832; ']
aux step[736] ; loss/aux = 23590.693359
train step[737/5000] ; used: 12m:19s; eta: 1h:11m:12s; loss = 0.125767; ['mse_0=0.002604; ', 'lpips_0=0.001361; ', 'codec_recon_0=0.013180; ', 'estimated_kb_0=1118.988892; ', 'bpp_0=6.505750; ', 'mse_1=0.002370; ', 'lpips_1=0.001236; ', 'codec_recon_1=0.325654; ', 'estimated_kb_1=277.618317; ', 'bpp_1=0.322812; ', 'mse_2=0.002128; ', 'lpips_2=0.001034; ', 'codec_recon_2=0.044616; ', 'estimated_kb_2=1110.063477; ', 'bpp_2=0.307327; ']
aux step[737] ; loss/aux = 23590.691406
train step[738/5000] ; used: 12m:20s; eta: 1h:11m:11s; loss = 0.100130; ['mse_0=0.001780; ', 'lpips_0=0.000987; ', 'codec_recon_0=0.012659; ', 'estimated_kb_0=1123.886475; ', 'bpp_0=6.534224; ', 'mse_1=0.001611; ', 'lpips_1=0.000842; ', 'codec_recon_1=0.251455; ', 'estimated_kb_1=278.211914; ', 'bpp_1=0.323502; ', 'mse_2=0.001437; ', 'lpips_2=0.000717; ', 'codec_recon_2=0.045070; ', 'estimated_kb_2=1112.622314; ', 'bpp_2=0.308035; ']
aux step[738] ; loss/aux = 23590.691406
train step[739/5000] ; used: 12m:21s; eta: 1h:11m:10s; loss = 0.109803; ['mse_0=0.002720; ', 'lpips_0=0.001006; ', 'codec_recon_0=0.014163; ', 'estimated_kb_0=1105.027466; ', 'bpp_0=6.424578; ', 'mse_1=0.002970; ', 'lpips_1=0.000917; ', 'codec_recon_1=0.266363; ', 'estimated_kb_1=276.448212; ', 'bpp_1=0.321451; ', 'mse_2=0.002783; ', 'lpips_2=0.000791; ', 'codec_recon_2=0.048193; ', 'estimated_kb_2=1101.271973; ', 'bpp_2=0.304893; ']
aux step[739] ; loss/aux = 23590.691406
train step[740/5000] ; used: 12m:22s; eta: 1h:11m:9s; loss = 0.090662; ['mse_0=0.002720; ', 'lpips_0=0.000913; ', 'codec_recon_0=0.012347; ', 'estimated_kb_0=1106.184692; ', 'bpp_0=6.431306; ', 'mse_1=0.002489; ', 'lpips_1=0.000775; ', 'codec_recon_1=0.213874; ', 'estimated_kb_1=276.455994; ', 'bpp_1=0.321460; ', 'mse_2=0.002488; ', 'lpips_2=0.000737; ', 'codec_recon_2=0.042246; ', 'estimated_kb_2=1102.409546; ', 'bpp_2=0.305208; ']
aux step[740] ; loss/aux = 23590.689453
train step[741/5000] ; used: 12m:23s; eta: 1h:11m:8s; loss = 0.098704; ['mse_0=0.000859; ', 'lpips_0=0.000725; ', 'codec_recon_0=0.013365; ', 'estimated_kb_0=1113.280518; ', 'bpp_0=6.472561; ', 'mse_1=0.000635; ', 'lpips_1=0.000570; ', 'codec_recon_1=0.246819; ', 'estimated_kb_1=276.461182; ', 'bpp_1=0.321466; ', 'mse_2=0.000539; ', 'lpips_2=0.000486; ', 'codec_recon_2=0.056116; ', 'estimated_kb_2=1106.426636; ', 'bpp_2=0.306320; ']
aux step[741] ; loss/aux = 23590.687500
Skipped bad example 167f974d9ad170b3. Context shape was torch.Size([2, 3, 270, 480]) and target shape was torch.Size([4, 3, 270, 480]).
train step[742/5000] ; used: 12m:24s; eta: 1h:11m:7s; loss = 0.088445; ['mse_0=0.001042; ', 'lpips_0=0.000879; ', 'codec_recon_0=0.014549; ', 'estimated_kb_0=1102.465210; ', 'bpp_0=6.409681; ', 'mse_1=0.000859; ', 'lpips_1=0.000756; ', 'codec_recon_1=0.219892; ', 'estimated_kb_1=276.322357; ', 'bpp_1=0.321305; ', 'mse_2=0.000793; ', 'lpips_2=0.000704; ', 'codec_recon_2=0.043602; ', 'estimated_kb_2=1099.998291; ', 'bpp_2=0.304540; ']
aux step[742] ; loss/aux = 23590.687500
train step[743/5000] ; used: 12m:25s; eta: 1h:11m:6s; loss = 0.077728; ['mse_0=0.000426; ', 'lpips_0=0.000725; ', 'codec_recon_0=0.013003; ', 'estimated_kb_0=1088.558105; ', 'bpp_0=6.328826; ', 'mse_1=0.000351; ', 'lpips_1=0.000616; ', 'codec_recon_1=0.193470; ', 'estimated_kb_1=275.094269; ', 'bpp_1=0.319877; ', 'mse_2=0.000297; ', 'lpips_2=0.000569; ', 'codec_recon_2=0.042674; ', 'estimated_kb_2=1090.115479; ', 'bpp_2=0.301804; ']
aux step[743] ; loss/aux = 23590.687500
train step[744/5000] ; used: 12m:26s; eta: 1h:11m:5s; loss = 0.106926; ['mse_0=0.001106; ', 'lpips_0=0.000735; ', 'codec_recon_0=0.012650; ', 'estimated_kb_0=1123.729126; ', 'bpp_0=6.533309; ', 'mse_1=0.000839; ', 'lpips_1=0.000614; ', 'codec_recon_1=0.291287; ', 'estimated_kb_1=278.569885; ', 'bpp_1=0.323918; ', 'mse_2=0.000440; ', 'lpips_2=0.000371; ', 'codec_recon_2=0.038798; ', 'estimated_kb_2=1111.024780; ', 'bpp_2=0.307593; ']
aux step[744] ; loss/aux = 23590.687500
train step[745/5000] ; used: 12m:27s; eta: 1h:11m:4s; loss = 0.091838; ['mse_0=0.001700; ', 'lpips_0=0.000829; ', 'codec_recon_0=0.010816; ', 'estimated_kb_0=1119.874634; ', 'bpp_0=6.510899; ', 'mse_1=0.001521; ', 'lpips_1=0.000710; ', 'codec_recon_1=0.229931; ', 'estimated_kb_1=277.515350; ', 'bpp_1=0.322692; ', 'mse_2=0.001429; ', 'lpips_2=0.000610; ', 'codec_recon_2=0.042717; ', 'estimated_kb_2=1108.180786; ', 'bpp_2=0.306805; ']
aux step[745] ; loss/aux = 23590.687500
train step[746/5000] ; used: 12m:28s; eta: 1h:11m:3s; loss = 0.119542; ['mse_0=0.004222; ', 'lpips_0=0.000986; ', 'codec_recon_0=0.011680; ', 'estimated_kb_0=1126.962402; ', 'bpp_0=6.552107; ', 'mse_1=0.003946; ', 'lpips_1=0.000849; ', 'codec_recon_1=0.292966; ', 'estimated_kb_1=277.845734; ', 'bpp_1=0.323076; ', 'mse_2=0.003849; ', 'lpips_2=0.000662; ', 'codec_recon_2=0.045448; ', 'estimated_kb_2=1113.436279; ', 'bpp_2=0.308260; ']
aux step[746] ; loss/aux = 23590.685547
train step[747/5000] ; used: 12m:29s; eta: 1h:11m:2s; loss = 0.093407; ['mse_0=0.003126; ', 'lpips_0=0.000958; ', 'codec_recon_0=0.011502; ', 'estimated_kb_0=1116.138062; ', 'bpp_0=6.489175; ', 'mse_1=0.002716; ', 'lpips_1=0.000837; ', 'codec_recon_1=0.227384; ', 'estimated_kb_1=277.594666; ', 'bpp_1=0.322784; ', 'mse_2=0.002542; ', 'lpips_2=0.000745; ', 'codec_recon_2=0.036056; ', 'estimated_kb_2=1105.680054; ', 'bpp_2=0.306113; ']
aux step[747] ; loss/aux = 23590.683594
train step[748/5000] ; used: 12m:30s; eta: 1h:11m:1s; loss = 0.111059; ['mse_0=0.002776; ', 'lpips_0=0.000977; ', 'codec_recon_0=0.011869; ', 'estimated_kb_0=1134.536377; ', 'bpp_0=6.596141; ', 'mse_1=0.002343; ', 'lpips_1=0.000846; ', 'codec_recon_1=0.285785; ', 'estimated_kb_1=279.278931; ', 'bpp_1=0.324743; ', 'mse_2=0.001845; ', 'lpips_2=0.000603; ', 'codec_recon_2=0.041243; ', 'estimated_kb_2=1117.725220; ', 'bpp_2=0.309448; ']
aux step[748] ; loss/aux = 23590.683594
train step[749/5000] ; used: 12m:31s; eta: 1h:11m; loss = 0.094877; ['mse_0=0.000984; ', 'lpips_0=0.000691; ', 'codec_recon_0=0.011534; ', 'estimated_kb_0=1127.392212; ', 'bpp_0=6.554606; ', 'mse_1=0.000784; ', 'lpips_1=0.000562; ', 'codec_recon_1=0.245084; ', 'estimated_kb_1=279.140289; ', 'bpp_1=0.324582; ', 'mse_2=0.000646; ', 'lpips_2=0.000463; ', 'codec_recon_2=0.045875; ', 'estimated_kb_2=1113.590454; ', 'bpp_2=0.308303; ']
aux step[749] ; loss/aux = 23590.683594
train step[750/5000] ; used: 12m:32s; eta: 1h:10m:59s; loss = 0.090382; ['mse_0=0.001373; ', 'lpips_0=0.001340; ', 'codec_recon_0=0.016400; ', 'estimated_kb_0=1102.008179; ', 'bpp_0=6.407024; ', 'mse_1=0.001292; ', 'lpips_1=0.001220; ', 'codec_recon_1=0.211087; ', 'estimated_kb_1=275.922363; ', 'bpp_1=0.320840; ', 'mse_2=0.001247; ', 'lpips_2=0.001158; ', 'codec_recon_2=0.048352; ', 'estimated_kb_2=1101.433838; ', 'bpp_2=0.304937; ']
aux step[750] ; loss/aux = 23590.681641
train step[751/5000] ; used: 12m:33s; eta: 1h:10m:58s; loss = 0.089495; ['mse_0=0.000748; ', 'lpips_0=0.000808; ', 'codec_recon_0=0.012421; ', 'estimated_kb_0=1121.154419; ', 'bpp_0=6.518340; ', 'mse_1=0.000583; ', 'lpips_1=0.000680; ', 'codec_recon_1=0.227053; ', 'estimated_kb_1=277.151672; ', 'bpp_1=0.322269; ', 'mse_2=0.000479; ', 'lpips_2=0.000593; ', 'codec_recon_2=0.045872; ', 'estimated_kb_2=1107.283569; ', 'bpp_2=0.306557; ']
aux step[751] ; loss/aux = 23590.681641
train step[752/5000] ; used: 12m:34s; eta: 1h:10m:57s; loss = 0.093748; ['mse_0=0.002978; ', 'lpips_0=0.000983; ', 'codec_recon_0=0.013598; ', 'estimated_kb_0=1101.784790; ', 'bpp_0=6.405725; ', 'mse_1=0.002726; ', 'lpips_1=0.000870; ', 'codec_recon_1=0.214802; ', 'estimated_kb_1=276.524414; ', 'bpp_1=0.321540; ', 'mse_2=0.002724; ', 'lpips_2=0.000814; ', 'codec_recon_2=0.047106; ', 'estimated_kb_2=1098.946533; ', 'bpp_2=0.304249; ']
aux step[752] ; loss/aux = 23590.679688
train step[753/5000] ; used: 12m:35s; eta: 1h:10m:56s; loss = 0.082311; ['mse_0=0.001232; ', 'lpips_0=0.000707; ', 'codec_recon_0=0.012367; ', 'estimated_kb_0=1107.000610; ', 'bpp_0=6.436050; ', 'mse_1=0.000914; ', 'lpips_1=0.000589; ', 'codec_recon_1=0.205265; ', 'estimated_kb_1=276.325745; ', 'bpp_1=0.321309; ', 'mse_2=0.000779; ', 'lpips_2=0.000520; ', 'codec_recon_2=0.040937; ', 'estimated_kb_2=1103.550537; ', 'bpp_2=0.305523; ']
aux step[753] ; loss/aux = 23590.679688
train step[754/5000] ; used: 12m:36s; eta: 1h:10m:55s; loss = 0.090851; ['mse_0=0.001028; ', 'lpips_0=0.000703; ', 'codec_recon_0=0.012679; ', 'estimated_kb_0=1114.029297; ', 'bpp_0=6.476914; ', 'mse_1=0.000828; ', 'lpips_1=0.000584; ', 'codec_recon_1=0.230453; ', 'estimated_kb_1=276.889648; ', 'bpp_1=0.321965; ', 'mse_2=0.000735; ', 'lpips_2=0.000497; ', 'codec_recon_2=0.045123; ', 'estimated_kb_2=1105.150269; ', 'bpp_2=0.305966; ']
aux step[754] ; loss/aux = 23590.679688
train step[755/5000] ; used: 12m:37s; eta: 1h:10m:54s; loss = 0.082934; ['mse_0=0.000673; ', 'lpips_0=0.000708; ', 'codec_recon_0=0.014623; ', 'estimated_kb_0=1091.095825; ', 'bpp_0=6.343581; ', 'mse_1=0.000611; ', 'lpips_1=0.000615; ', 'codec_recon_1=0.201877; ', 'estimated_kb_1=274.686829; ', 'bpp_1=0.319403; ', 'mse_2=0.000580; ', 'lpips_2=0.000578; ', 'codec_recon_2=0.047397; ', 'estimated_kb_2=1093.055664; ', 'bpp_2=0.302618; ']
aux step[755] ; loss/aux = 23590.677734
train step[756/5000] ; used: 12m:38s; eta: 1h:10m:53s; loss = 0.098365; ['mse_0=0.001182; ', 'lpips_0=0.000958; ', 'codec_recon_0=0.012115; ', 'estimated_kb_0=1117.278931; ', 'bpp_0=6.495808; ', 'mse_1=0.000879; ', 'lpips_1=0.000789; ', 'codec_recon_1=0.256751; ', 'estimated_kb_1=277.411438; ', 'bpp_1=0.322571; ', 'mse_2=0.000609; ', 'lpips_2=0.000555; ', 'codec_recon_2=0.042443; ', 'estimated_kb_2=1108.813721; ', 'bpp_2=0.306981; ']
aux step[756] ; loss/aux = 23590.677734
train step[757/5000] ; used: 12m:39s; eta: 1h:10m:52s; loss = 0.089068; ['mse_0=0.000837; ', 'lpips_0=0.000786; ', 'codec_recon_0=0.013935; ', 'estimated_kb_0=1116.603882; ', 'bpp_0=6.491883; ', 'mse_1=0.000660; ', 'lpips_1=0.000657; ', 'codec_recon_1=0.224354; ', 'estimated_kb_1=277.340546; ', 'bpp_1=0.322489; ', 'mse_2=0.000545; ', 'lpips_2=0.000584; ', 'codec_recon_2=0.045038; ', 'estimated_kb_2=1108.441040; ', 'bpp_2=0.306877; ']
aux step[757] ; loss/aux = 23590.675781
train step[758/5000] ; used: 12m:40s; eta: 1h:10m:52s; loss = 0.086988; ['mse_0=0.003531; ', 'lpips_0=0.000898; ', 'codec_recon_0=0.011288; ', 'estimated_kb_0=1110.735596; ', 'bpp_0=6.457766; ', 'mse_1=0.003397; ', 'lpips_1=0.000824; ', 'codec_recon_1=0.192746; ', 'estimated_kb_1=275.878876; ', 'bpp_1=0.320789; ', 'mse_2=0.003347; ', 'lpips_2=0.000788; ', 'codec_recon_2=0.043310; ', 'estimated_kb_2=1099.897705; ', 'bpp_2=0.304512; ']
aux step[758] ; loss/aux = 23590.675781
train step[759/5000] ; used: 12m:41s; eta: 1h:10m:51s; loss = 0.081889; ['mse_0=0.000714; ', 'lpips_0=0.000692; ', 'codec_recon_0=0.013735; ', 'estimated_kb_0=1107.759644; ', 'bpp_0=6.440464; ', 'mse_1=0.000567; ', 'lpips_1=0.000569; ', 'codec_recon_1=0.203477; ', 'estimated_kb_1=276.669464; ', 'bpp_1=0.321709; ', 'mse_2=0.000505; ', 'lpips_2=0.000509; ', 'codec_recon_2=0.043901; ', 'estimated_kb_2=1101.260010; ', 'bpp_2=0.304889; ']
aux step[759] ; loss/aux = 23590.673828
train step[760/5000] ; used: 12m:42s; eta: 1h:10m:50s; loss = 0.084717; ['mse_0=0.001857; ', 'lpips_0=0.001081; ', 'codec_recon_0=0.012633; ', 'estimated_kb_0=1106.394897; ', 'bpp_0=6.432528; ', 'mse_1=0.001556; ', 'lpips_1=0.000968; ', 'codec_recon_1=0.202187; ', 'estimated_kb_1=276.632599; ', 'bpp_1=0.321666; ', 'mse_2=0.001485; ', 'lpips_2=0.000923; ', 'codec_recon_2=0.041333; ', 'estimated_kb_2=1100.892578; ', 'bpp_2=0.304788; ']
aux step[760] ; loss/aux = 23590.673828
train step[761/5000] ; used: 12m:43s; eta: 1h:10m:49s; loss = 0.083142; ['mse_0=0.000924; ', 'lpips_0=0.000723; ', 'codec_recon_0=0.011269; ', 'estimated_kb_0=1110.288452; ', 'bpp_0=6.455165; ', 'mse_1=0.000749; ', 'lpips_1=0.000577; ', 'codec_recon_1=0.207253; ', 'estimated_kb_1=277.392578; ', 'bpp_1=0.322549; ', 'mse_2=0.000636; ', 'lpips_2=0.000490; ', 'codec_recon_2=0.044952; ', 'estimated_kb_2=1104.753540; ', 'bpp_2=0.305856; ']
aux step[761] ; loss/aux = 23590.673828
train step[762/5000] ; used: 12m:44s; eta: 1h:10m:48s; loss = 0.081666; ['mse_0=0.001769; ', 'lpips_0=0.000848; ', 'codec_recon_0=0.011306; ', 'estimated_kb_0=1107.188232; ', 'bpp_0=6.437141; ', 'mse_1=0.001500; ', 'lpips_1=0.000719; ', 'codec_recon_1=0.197308; ', 'estimated_kb_1=276.650879; ', 'bpp_1=0.321687; ', 'mse_2=0.001401; ', 'lpips_2=0.000663; ', 'codec_recon_2=0.040610; ', 'estimated_kb_2=1099.113770; ', 'bpp_2=0.304295; ']
aux step[762] ; loss/aux = 23590.671875
train step[763/5000] ; used: 12m:45s; eta: 1h:10m:46s; loss = 0.087355; ['mse_0=0.001094; ', 'lpips_0=0.001011; ', 'codec_recon_0=0.012560; ', 'estimated_kb_0=1095.513672; ', 'bpp_0=6.369266; ', 'mse_1=0.000914; ', 'lpips_1=0.000911; ', 'codec_recon_1=0.214775; ', 'estimated_kb_1=274.874481; ', 'bpp_1=0.319621; ', 'mse_2=0.000818; ', 'lpips_2=0.000820; ', 'codec_recon_2=0.045287; ', 'estimated_kb_2=1095.636353; ', 'bpp_2=0.303332; ']
aux step[763] ; loss/aux = 23590.671875
train step[764/5000] ; used: 12m:46s; eta: 1h:10m:45s; loss = 0.081258; ['mse_0=0.001105; ', 'lpips_0=0.000742; ', 'codec_recon_0=0.012758; ', 'estimated_kb_0=1114.154907; ', 'bpp_0=6.477644; ', 'mse_1=0.000943; ', 'lpips_1=0.000639; ', 'codec_recon_1=0.200138; ', 'estimated_kb_1=277.151947; ', 'bpp_1=0.322270; ', 'mse_2=0.000852; ', 'lpips_2=0.000562; ', 'codec_recon_2=0.041819; ', 'estimated_kb_2=1103.254395; ', 'bpp_2=0.305441; ']
aux step[764] ; loss/aux = 23590.671875
train step[765/5000] ; used: 12m:47s; eta: 1h:10m:44s; loss = 0.104781; ['mse_0=0.000971; ', 'lpips_0=0.000853; ', 'codec_recon_0=0.010810; ', 'estimated_kb_0=1135.253540; ', 'bpp_0=6.600311; ', 'mse_1=0.000713; ', 'lpips_1=0.000703; ', 'codec_recon_1=0.280090; ', 'estimated_kb_1=279.226624; ', 'bpp_1=0.324682; ', 'mse_2=0.000497; ', 'lpips_2=0.000535; ', 'codec_recon_2=0.044131; ', 'estimated_kb_2=1119.476440; ', 'bpp_2=0.309933; ']
aux step[765] ; loss/aux = 23590.669922
train step[766/5000] ; used: 12m:48s; eta: 1h:10m:43s; loss = 0.085812; ['mse_0=0.000271; ', 'lpips_0=0.000740; ', 'codec_recon_0=0.014905; ', 'estimated_kb_0=1096.966431; ', 'bpp_0=6.377712; ', 'mse_1=0.000209; ', 'lpips_1=0.000639; ', 'codec_recon_1=0.211156; ', 'estimated_kb_1=274.553467; ', 'bpp_1=0.319248; ', 'mse_2=0.000195; ', 'lpips_2=0.000611; ', 'codec_recon_2=0.051092; ', 'estimated_kb_2=1096.236816; ', 'bpp_2=0.303499; ']
aux step[766] ; loss/aux = 23590.667969
train step[767/5000] ; used: 12m:49s; eta: 1h:10m:43s; loss = 0.104866; ['mse_0=0.002556; ', 'lpips_0=0.001110; ', 'codec_recon_0=0.012797; ', 'estimated_kb_0=1102.679199; ', 'bpp_0=6.410925; ', 'mse_1=0.002342; ', 'lpips_1=0.000954; ', 'codec_recon_1=0.257387; ', 'estimated_kb_1=276.484741; ', 'bpp_1=0.321494; ', 'mse_2=0.002268; ', 'lpips_2=0.000843; ', 'codec_recon_2=0.045789; ', 'estimated_kb_2=1100.947876; ', 'bpp_2=0.304803; ']
aux step[767] ; loss/aux = 23590.667969
train step[768/5000] ; used: 12m:50s; eta: 1h:10m:42s; loss = 0.094565; ['mse_0=0.000406; ', 'lpips_0=0.000549; ', 'codec_recon_0=0.012709; ', 'estimated_kb_0=1103.401855; ', 'bpp_0=6.415127; ', 'mse_1=0.000295; ', 'lpips_1=0.000435; ', 'codec_recon_1=0.248650; ', 'estimated_kb_1=276.408417; ', 'bpp_1=0.321405; ', 'mse_2=0.000194; ', 'lpips_2=0.000324; ', 'codec_recon_2=0.046512; ', 'estimated_kb_2=1097.490234; ', 'bpp_2=0.303846; ']
aux step[768] ; loss/aux = 23590.667969
train step[769/5000] ; used: 12m:51s; eta: 1h:10m:41s; loss = 0.136138; ['mse_0=0.003615; ', 'lpips_0=0.001677; ', 'codec_recon_0=0.012441; ', 'estimated_kb_0=1138.220703; ', 'bpp_0=6.617562; ', 'mse_1=0.003131; ', 'lpips_1=0.001514; ', 'codec_recon_1=0.355284; ', 'estimated_kb_1=278.960876; ', 'bpp_1=0.324373; ', 'mse_2=0.002395; ', 'lpips_2=0.001120; ', 'codec_recon_2=0.041228; ', 'estimated_kb_2=1122.673462; ', 'bpp_2=0.310818; ']
aux step[769] ; loss/aux = 23590.667969
train step[770/5000] ; used: 12m:52s; eta: 1h:10m:40s; loss = 0.113542; ['mse_0=0.001802; ', 'lpips_0=0.001038; ', 'codec_recon_0=0.012661; ', 'estimated_kb_0=1130.583008; ', 'bpp_0=6.573157; ', 'mse_1=0.001615; ', 'lpips_1=0.000902; ', 'codec_recon_1=0.294999; ', 'estimated_kb_1=278.547760; ', 'bpp_1=0.323893; ', 'mse_2=0.001373; ', 'lpips_2=0.000761; ', 'codec_recon_2=0.045842; ', 'estimated_kb_2=1114.106689; ', 'bpp_2=0.308446; ']
aux step[770] ; loss/aux = 23590.667969
train step[771/5000] ; used: 12m:53s; eta: 1h:10m:38s; loss = 0.147850; ['mse_0=0.020874; ', 'lpips_0=0.002422; ', 'codec_recon_0=0.019903; ', 'estimated_kb_0=1092.551025; ', 'bpp_0=6.352041; ', 'mse_1=0.020779; ', 'lpips_1=0.002249; ', 'codec_recon_1=0.202029; ', 'estimated_kb_1=275.584015; ', 'bpp_1=0.320447; ', 'mse_2=0.020673; ', 'lpips_2=0.002211; ', 'codec_recon_2=0.040213; ', 'estimated_kb_2=1097.449463; ', 'bpp_2=0.303834; ']
aux step[771] ; loss/aux = 23590.664062
train step[772/5000] ; used: 12m:54s; eta: 1h:10m:37s; loss = 0.099647; ['mse_0=0.000764; ', 'lpips_0=0.000674; ', 'codec_recon_0=0.012063; ', 'estimated_kb_0=1129.473999; ', 'bpp_0=6.566710; ', 'mse_1=0.000555; ', 'lpips_1=0.000534; ', 'codec_recon_1=0.263098; ', 'estimated_kb_1=278.490814; ', 'bpp_1=0.323827; ', 'mse_2=0.000423; ', 'lpips_2=0.000425; ', 'codec_recon_2=0.045743; ', 'estimated_kb_2=1115.111694; ', 'bpp_2=0.308724; ']
aux step[772] ; loss/aux = 23590.664062
train step[773/5000] ; used: 12m:55s; eta: 1h:10m:36s; loss = 0.117763; ['mse_0=0.003057; ', 'lpips_0=0.001276; ', 'codec_recon_0=0.012294; ', 'estimated_kb_0=1125.009277; ', 'bpp_0=6.540751; ', 'mse_1=0.002494; ', 'lpips_1=0.001143; ', 'codec_recon_1=0.302736; ', 'estimated_kb_1=278.544373; ', 'bpp_1=0.323889; ', 'mse_2=0.002117; ', 'lpips_2=0.000945; ', 'codec_recon_2=0.040742; ', 'estimated_kb_2=1115.314331; ', 'bpp_2=0.308780; ']
aux step[773] ; loss/aux = 23590.664062
train step[774/5000] ; used: 12m:56s; eta: 1h:10m:35s; loss = 0.155686; ['mse_0=0.012782; ', 'lpips_0=0.001942; ', 'codec_recon_0=0.018043; ', 'estimated_kb_0=1120.788574; ', 'bpp_0=6.516213; ', 'mse_1=0.012574; ', 'lpips_1=0.001826; ', 'codec_recon_1=0.289476; ', 'estimated_kb_1=277.706024; ', 'bpp_1=0.322914; ', 'mse_2=0.012685; ', 'lpips_2=0.001762; ', 'codec_recon_2=0.066197; ', 'estimated_kb_2=1110.433105; ', 'bpp_2=0.307429; ']
aux step[774] ; loss/aux = 23590.662109
train step[775/5000] ; used: 12m:57s; eta: 1h:10m:34s; loss = 0.124047; ['mse_0=0.001806; ', 'lpips_0=0.001129; ', 'codec_recon_0=0.013270; ', 'estimated_kb_0=1099.722900; ', 'bpp_0=6.393737; ', 'mse_1=0.001546; ', 'lpips_1=0.001023; ', 'codec_recon_1=0.329304; ', 'estimated_kb_1=275.506592; ', 'bpp_1=0.320356; ', 'mse_2=0.001107; ', 'lpips_2=0.000749; ', 'codec_recon_2=0.046382; ', 'estimated_kb_2=1099.517944; ', 'bpp_2=0.304407; ']
aux step[775] ; loss/aux = 23590.662109
train step[776/5000] ; used: 12m:58s; eta: 1h:10m:33s; loss = 0.097642; ['mse_0=0.001423; ', 'lpips_0=0.000858; ', 'codec_recon_0=0.013232; ', 'estimated_kb_0=1119.464722; ', 'bpp_0=6.508516; ', 'mse_1=0.001213; ', 'lpips_1=0.000746; ', 'codec_recon_1=0.246123; ', 'estimated_kb_1=277.369446; ', 'bpp_1=0.322523; ', 'mse_2=0.001075; ', 'lpips_2=0.000645; ', 'codec_recon_2=0.046255; ', 'estimated_kb_2=1107.206055; ', 'bpp_2=0.306535; ']
aux step[776] ; loss/aux = 23590.660156
train step[777/5000] ; used: 12m:59s; eta: 1h:10m:32s; loss = 0.116814; ['mse_0=0.000970; ', 'lpips_0=0.000969; ', 'codec_recon_0=0.012445; ', 'estimated_kb_0=1123.071045; ', 'bpp_0=6.529482; ', 'mse_1=0.000757; ', 'lpips_1=0.000851; ', 'codec_recon_1=0.314990; ', 'estimated_kb_1=277.826599; ', 'bpp_1=0.323054; ', 'mse_2=0.000521; ', 'lpips_2=0.000603; ', 'codec_recon_2=0.046372; ', 'estimated_kb_2=1114.299072; ', 'bpp_2=0.308499; ']
aux step[777] ; loss/aux = 23590.660156
train step[778/5000] ; used: 13m; eta: 1h:10m:31s; loss = 0.122365; ['mse_0=0.010362; ', 'lpips_0=0.001856; ', 'codec_recon_0=0.013000; ', 'estimated_kb_0=1120.979370; ', 'bpp_0=6.517322; ', 'mse_1=0.008445; ', 'lpips_1=0.001656; ', 'codec_recon_1=0.243897; ', 'estimated_kb_1=277.681671; ', 'bpp_1=0.322886; ', 'mse_2=0.008197; ', 'lpips_2=0.001587; ', 'codec_recon_2=0.043977; ', 'estimated_kb_2=1108.567505; ', 'bpp_2=0.306912; ']
aux step[778] ; loss/aux = 23590.660156
train step[779/5000] ; used: 13m:2s; eta: 1h:10m:32s; loss = 0.089327; ['mse_0=0.000353; ', 'lpips_0=0.000727; ', 'codec_recon_0=0.011591; ', 'estimated_kb_0=1105.264526; ', 'bpp_0=6.425956; ', 'mse_1=0.000281; ', 'lpips_1=0.000620; ', 'codec_recon_1=0.229404; ', 'estimated_kb_1=275.395172; ', 'bpp_1=0.320227; ', 'mse_2=0.000210; ', 'lpips_2=0.000534; ', 'codec_recon_2=0.047674; ', 'estimated_kb_2=1096.600952; ', 'bpp_2=0.303599; ']
aux step[779] ; loss/aux = 23590.660156
train step[780/5000] ; used: 13m:3s; eta: 1h:10m:31s; loss = 0.094022; ['mse_0=0.001154; ', 'lpips_0=0.000790; ', 'codec_recon_0=0.012590; ', 'estimated_kb_0=1109.043823; ', 'bpp_0=6.447929; ', 'mse_1=0.000989; ', 'lpips_1=0.000693; ', 'codec_recon_1=0.236887; ', 'estimated_kb_1=276.441467; ', 'bpp_1=0.321444; ', 'mse_2=0.000907; ', 'lpips_2=0.000623; ', 'codec_recon_2=0.046744; ', 'estimated_kb_2=1101.621338; ', 'bpp_2=0.304989; ']
aux step[780] ; loss/aux = 23590.658203
train step[781/5000] ; used: 13m:4s; eta: 1h:10m:30s; loss = 0.116028; ['mse_0=0.005365; ', 'lpips_0=0.000981; ', 'codec_recon_0=0.015162; ', 'estimated_kb_0=1112.922607; ', 'bpp_0=6.470480; ', 'mse_1=0.005083; ', 'lpips_1=0.000904; ', 'codec_recon_1=0.271482; ', 'estimated_kb_1=276.703552; ', 'bpp_1=0.321748; ', 'mse_2=0.005000; ', 'lpips_2=0.000793; ', 'codec_recon_2=0.039696; ', 'estimated_kb_2=1102.981934; ', 'bpp_2=0.305366; ']
aux step[781] ; loss/aux = 23590.656250
train step[782/5000] ; used: 13m:5s; eta: 1h:10m:29s; loss = 0.088221; ['mse_0=0.001051; ', 'lpips_0=0.000590; ', 'codec_recon_0=0.011462; ', 'estimated_kb_0=1126.743774; ', 'bpp_0=6.550835; ', 'mse_1=0.000745; ', 'lpips_1=0.000454; ', 'codec_recon_1=0.231424; ', 'estimated_kb_1=279.001862; ', 'bpp_1=0.324421; ', 'mse_2=0.000551; ', 'lpips_2=0.000359; ', 'codec_recon_2=0.038688; ', 'estimated_kb_2=1113.587402; ', 'bpp_2=0.308302; ']
aux step[782] ; loss/aux = 23590.656250
train step[783/5000] ; used: 13m:6s; eta: 1h:10m:28s; loss = 0.101954; ['mse_0=0.002277; ', 'lpips_0=0.001286; ', 'codec_recon_0=0.017142; ', 'estimated_kb_0=1100.761597; ', 'bpp_0=6.399776; ', 'mse_1=0.002284; ', 'lpips_1=0.001201; ', 'codec_recon_1=0.233924; ', 'estimated_kb_1=276.385040; ', 'bpp_1=0.321378; ', 'mse_2=0.002301; ', 'lpips_2=0.001150; ', 'codec_recon_2=0.053784; ', 'estimated_kb_2=1099.479370; ', 'bpp_2=0.304396; ']
aux step[783] ; loss/aux = 23590.656250
train step[784/5000] ; used: 13m:7s; eta: 1h:10m:27s; loss = 0.089869; ['mse_0=0.000829; ', 'lpips_0=0.000769; ', 'codec_recon_0=0.012679; ', 'estimated_kb_0=1097.559448; ', 'bpp_0=6.381159; ', 'mse_1=0.000707; ', 'lpips_1=0.000664; ', 'codec_recon_1=0.228002; ', 'estimated_kb_1=274.962341; ', 'bpp_1=0.319724; ', 'mse_2=0.000621; ', 'lpips_2=0.000594; ', 'codec_recon_2=0.044937; ', 'estimated_kb_2=1096.337524; ', 'bpp_2=0.303526; ']
aux step[784] ; loss/aux = 23590.656250
train step[785/5000] ; used: 13m:8s; eta: 1h:10m:26s; loss = 0.085877; ['mse_0=0.001372; ', 'lpips_0=0.000859; ', 'codec_recon_0=0.012151; ', 'estimated_kb_0=1114.282349; ', 'bpp_0=6.478385; ', 'mse_1=0.001214; ', 'lpips_1=0.000755; ', 'codec_recon_1=0.208915; ', 'estimated_kb_1=276.773590; ', 'bpp_1=0.321830; ', 'mse_2=0.001176; ', 'lpips_2=0.000696; ', 'codec_recon_2=0.044951; ', 'estimated_kb_2=1104.890991; ', 'bpp_2=0.305895; ']
aux step[785] ; loss/aux = 23590.654297
train step[786/5000] ; used: 13m:9s; eta: 1h:10m:25s; loss = 0.105725; ['mse_0=0.001022; ', 'lpips_0=0.000914; ', 'codec_recon_0=0.012896; ', 'estimated_kb_0=1094.965088; ', 'bpp_0=6.366076; ', 'mse_1=0.000842; ', 'lpips_1=0.000841; ', 'codec_recon_1=0.274844; ', 'estimated_kb_1=275.246613; ', 'bpp_1=0.320054; ', 'mse_2=0.000669; ', 'lpips_2=0.000723; ', 'codec_recon_2=0.047978; ', 'estimated_kb_2=1093.624878; ', 'bpp_2=0.302775; ']
aux step[786] ; loss/aux = 23590.652344
train step[787/5000] ; used: 13m:10s; eta: 1h:10m:24s; loss = 0.114240; ['mse_0=0.002633; ', 'lpips_0=0.001254; ', 'codec_recon_0=0.012450; ', 'estimated_kb_0=1127.303467; ', 'bpp_0=6.554090; ', 'mse_1=0.002186; ', 'lpips_1=0.001105; ', 'codec_recon_1=0.290393; ', 'estimated_kb_1=278.670837; ', 'bpp_1=0.324036; ', 'mse_2=0.001986; ', 'lpips_2=0.000970; ', 'codec_recon_2=0.044181; ', 'estimated_kb_2=1116.698486; ', 'bpp_2=0.309163; ']
aux step[787] ; loss/aux = 23590.652344
train step[788/5000] ; used: 13m:11s; eta: 1h:10m:24s; loss = 0.090354; ['mse_0=0.000675; ', 'lpips_0=0.000760; ', 'codec_recon_0=0.014895; ', 'estimated_kb_0=1110.405273; ', 'bpp_0=6.455845; ', 'mse_1=0.000538; ', 'lpips_1=0.000640; ', 'codec_recon_1=0.225867; ', 'estimated_kb_1=276.306610; ', 'bpp_1=0.321287; ', 'mse_2=0.000486; ', 'lpips_2=0.000584; ', 'codec_recon_2=0.048145; ', 'estimated_kb_2=1101.572266; ', 'bpp_2=0.304976; ']
aux step[788] ; loss/aux = 23590.652344
train step[789/5000] ; used: 13m:12s; eta: 1h:10m:23s; loss = 0.084066; ['mse_0=0.000585; ', 'lpips_0=0.000777; ', 'codec_recon_0=0.014227; ', 'estimated_kb_0=1111.698364; ', 'bpp_0=6.463362; ', 'mse_1=0.000495; ', 'lpips_1=0.000676; ', 'codec_recon_1=0.200069; ', 'estimated_kb_1=276.265900; ', 'bpp_1=0.321239; ', 'mse_2=0.000433; ', 'lpips_2=0.000635; ', 'codec_recon_2=0.053923; ', 'estimated_kb_2=1101.970215; ', 'bpp_2=0.305086; ']
aux step[789] ; loss/aux = 23590.652344
train step[790/5000] ; used: 13m:13s; eta: 1h:10m:22s; loss = 0.099264; ['mse_0=0.001349; ', 'lpips_0=0.001090; ', 'codec_recon_0=0.012083; ', 'estimated_kb_0=1117.029297; ', 'bpp_0=6.494356; ', 'mse_1=0.001166; ', 'lpips_1=0.000957; ', 'codec_recon_1=0.249929; ', 'estimated_kb_1=276.952301; ', 'bpp_1=0.322038; ', 'mse_2=0.001079; ', 'lpips_2=0.000849; ', 'codec_recon_2=0.047236; ', 'estimated_kb_2=1109.115723; ', 'bpp_2=0.307064; ']
aux step[790] ; loss/aux = 23590.650391
train step[791/5000] ; used: 13m:14s; eta: 1h:10m:21s; loss = 0.084712; ['mse_0=0.000506; ', 'lpips_0=0.000620; ', 'codec_recon_0=0.011719; ', 'estimated_kb_0=1109.385620; ', 'bpp_0=6.449916; ', 'mse_1=0.000360; ', 'lpips_1=0.000515; ', 'codec_recon_1=0.215599; ', 'estimated_kb_1=276.822815; ', 'bpp_1=0.321887; ', 'mse_2=0.000277; ', 'lpips_2=0.000440; ', 'codec_recon_2=0.045993; ', 'estimated_kb_2=1101.575195; ', 'bpp_2=0.304976; ']
aux step[791] ; loss/aux = 23590.648438
train step[792/5000] ; used: 13m:15s; eta: 1h:10m:20s; loss = 0.088060; ['mse_0=0.001557; ', 'lpips_0=0.000765; ', 'codec_recon_0=0.012337; ', 'estimated_kb_0=1109.653687; ', 'bpp_0=6.451475; ', 'mse_1=0.001266; ', 'lpips_1=0.000642; ', 'codec_recon_1=0.220083; ', 'estimated_kb_1=277.135956; ', 'bpp_1=0.322251; ', 'mse_2=0.001127; ', 'lpips_2=0.000574; ', 'codec_recon_2=0.041342; ', 'estimated_kb_2=1100.115601; ', 'bpp_2=0.304572; ']
aux step[792] ; loss/aux = 23590.648438
train step[793/5000] ; used: 13m:16s; eta: 1h:10m:19s; loss = 0.086894; ['mse_0=0.000670; ', 'lpips_0=0.000723; ', 'codec_recon_0=0.014419; ', 'estimated_kb_0=1107.893921; ', 'bpp_0=6.441243; ', 'mse_1=0.000531; ', 'lpips_1=0.000583; ', 'codec_recon_1=0.211328; ', 'estimated_kb_1=276.085480; ', 'bpp_1=0.321030; ', 'mse_2=0.000499; ', 'lpips_2=0.000539; ', 'codec_recon_2=0.052087; ', 'estimated_kb_2=1101.136475; ', 'bpp_2=0.304855; ']
aux step[793] ; loss/aux = 23590.646484
train step[794/5000] ; used: 13m:17s; eta: 1h:10m:18s; loss = 0.109345; ['mse_0=0.002911; ', 'lpips_0=0.001130; ', 'codec_recon_0=0.015028; ', 'estimated_kb_0=1106.311646; ', 'bpp_0=6.432045; ', 'mse_1=0.002500; ', 'lpips_1=0.001018; ', 'codec_recon_1=0.268734; ', 'estimated_kb_1=276.487335; ', 'bpp_1=0.321497; ', 'mse_2=0.002323; ', 'lpips_2=0.000930; ', 'codec_recon_2=0.044686; ', 'estimated_kb_2=1102.824097; ', 'bpp_2=0.305322; ']
aux step[794] ; loss/aux = 23590.646484
train step[795/5000] ; used: 13m:18s; eta: 1h:10m:17s; loss = 0.098054; ['mse_0=0.002282; ', 'lpips_0=0.001244; ', 'codec_recon_0=0.016161; ', 'estimated_kb_0=1101.616577; ', 'bpp_0=6.404748; ', 'mse_1=0.002066; ', 'lpips_1=0.001071; ', 'codec_recon_1=0.229091; ', 'estimated_kb_1=276.015167; ', 'bpp_1=0.320948; ', 'mse_2=0.001950; ', 'lpips_2=0.001012; ', 'codec_recon_2=0.049510; ', 'estimated_kb_2=1100.023804; ', 'bpp_2=0.304547; ']
aux step[795] ; loss/aux = 23590.646484
train step[796/5000] ; used: 13m:19s; eta: 1h:10m:16s; loss = 0.089854; ['mse_0=0.001382; ', 'lpips_0=0.000922; ', 'codec_recon_0=0.014565; ', 'estimated_kb_0=1090.878418; ', 'bpp_0=6.342317; ', 'mse_1=0.001274; ', 'lpips_1=0.000841; ', 'codec_recon_1=0.219227; ', 'estimated_kb_1=274.776489; ', 'bpp_1=0.319508; ', 'mse_2=0.001201; ', 'lpips_2=0.000786; ', 'codec_recon_2=0.044370; ', 'estimated_kb_2=1093.567261; ', 'bpp_2=0.302759; ']
aux step[796] ; loss/aux = 23590.644531
train step[797/5000] ; used: 13m:20s; eta: 1h:10m:15s; loss = 0.085345; ['mse_0=0.000665; ', 'lpips_0=0.000770; ', 'codec_recon_0=0.013494; ', 'estimated_kb_0=1095.889526; ', 'bpp_0=6.371451; ', 'mse_1=0.000554; ', 'lpips_1=0.000647; ', 'codec_recon_1=0.213011; ', 'estimated_kb_1=274.689850; ', 'bpp_1=0.319407; ', 'mse_2=0.000492; ', 'lpips_2=0.000549; ', 'codec_recon_2=0.045724; ', 'estimated_kb_2=1093.330688; ', 'bpp_2=0.302694; ']
aux step[797] ; loss/aux = 23590.644531
train step[798/5000] ; used: 13m:21s; eta: 1h:10m:14s; loss = 0.112871; ['mse_0=0.005643; ', 'lpips_0=0.000999; ', 'codec_recon_0=0.013435; ', 'estimated_kb_0=1126.709839; ', 'bpp_0=6.550639; ', 'mse_1=0.005157; ', 'lpips_1=0.000849; ', 'codec_recon_1=0.260074; ', 'estimated_kb_1=278.875977; ', 'bpp_1=0.324274; ', 'mse_2=0.004954; ', 'lpips_2=0.000733; ', 'codec_recon_2=0.041615; ', 'estimated_kb_2=1113.626709; ', 'bpp_2=0.308313; ']
aux step[798] ; loss/aux = 23590.644531
train step[799/5000] ; used: 13m:22s; eta: 1h:10m:13s; loss = 0.088445; ['mse_0=0.000652; ', 'lpips_0=0.000704; ', 'codec_recon_0=0.012102; ', 'estimated_kb_0=1105.505249; ', 'bpp_0=6.427356; ', 'mse_1=0.000505; ', 'lpips_1=0.000606; ', 'codec_recon_1=0.228364; ', 'estimated_kb_1=275.984039; ', 'bpp_1=0.320912; ', 'mse_2=0.000384; ', 'lpips_2=0.000524; ', 'codec_recon_2=0.043102; ', 'estimated_kb_2=1098.345459; ', 'bpp_2=0.304082; ']
aux step[799] ; loss/aux = 23590.642578
train step[800/5000] ; used: 13m:23s; eta: 1h:10m:12s; loss = 0.121146; ['mse_0=0.004069; ', 'lpips_0=0.001190; ', 'codec_recon_0=0.011489; ', 'estimated_kb_0=1140.251343; ', 'bpp_0=6.629369; ', 'mse_1=0.003538; ', 'lpips_1=0.000995; ', 'codec_recon_1=0.303447; ', 'estimated_kb_1=280.361023; ', 'bpp_1=0.326001; ', 'mse_2=0.003090; ', 'lpips_2=0.000723; ', 'codec_recon_2=0.043534; ', 'estimated_kb_2=1124.332153; ', 'bpp_2=0.311277; ']
aux step[800] ; loss/aux = 23590.640625
train step[801/5000] ; used: 13m:24s; eta: 1h:10m:11s; loss = 0.091325; ['mse_0=0.000722; ', 'lpips_0=0.000928; ', 'codec_recon_0=0.013518; ', 'estimated_kb_0=1112.802490; ', 'bpp_0=6.469782; ', 'mse_1=0.000609; ', 'lpips_1=0.000802; ', 'codec_recon_1=0.224238; ', 'estimated_kb_1=276.542969; ', 'bpp_1=0.321562; ', 'mse_2=0.000590; ', 'lpips_2=0.000753; ', 'codec_recon_2=0.051981; ', 'estimated_kb_2=1104.339111; ', 'bpp_2=0.305742; ']
aux step[801] ; loss/aux = 23590.640625
train step[802/5000] ; used: 13m:25s; eta: 1h:10m:10s; loss = 0.093597; ['mse_0=0.000941; ', 'lpips_0=0.000840; ', 'codec_recon_0=0.012533; ', 'estimated_kb_0=1116.189697; ', 'bpp_0=6.489475; ', 'mse_1=0.000792; ', 'lpips_1=0.000721; ', 'codec_recon_1=0.236918; ', 'estimated_kb_1=276.942291; ', 'bpp_1=0.322026; ', 'mse_2=0.000693; ', 'lpips_2=0.000638; ', 'codec_recon_2=0.047125; ', 'estimated_kb_2=1106.342407; ', 'bpp_2=0.306296; ']
aux step[802] ; loss/aux = 23590.640625
train step[803/5000] ; used: 13m:26s; eta: 1h:10m:9s; loss = 0.116115; ['mse_0=0.001981; ', 'lpips_0=0.001406; ', 'codec_recon_0=0.011386; ', 'estimated_kb_0=1124.845825; ', 'bpp_0=6.539802; ', 'mse_1=0.001767; ', 'lpips_1=0.001277; ', 'codec_recon_1=0.303637; ', 'estimated_kb_1=277.467438; ', 'bpp_1=0.322637; ', 'mse_2=0.001465; ', 'lpips_2=0.001114; ', 'codec_recon_2=0.041992; ', 'estimated_kb_2=1112.349365; ', 'bpp_2=0.307959; ']
aux step[803] ; loss/aux = 23590.640625
train step[804/5000] ; used: 13m:27s; eta: 1h:10m:8s; loss = 0.105125; ['mse_0=0.001042; ', 'lpips_0=0.001005; ', 'codec_recon_0=0.011825; ', 'estimated_kb_0=1122.408569; ', 'bpp_0=6.525631; ', 'mse_1=0.000899; ', 'lpips_1=0.000884; ', 'codec_recon_1=0.268119; ', 'estimated_kb_1=277.560028; ', 'bpp_1=0.322744; ', 'mse_2=0.000840; ', 'lpips_2=0.000794; ', 'codec_recon_2=0.052258; ', 'estimated_kb_2=1111.512817; ', 'bpp_2=0.307728; ']
aux step[804] ; loss/aux = 23590.640625
train step[805/5000] ; used: 13m:28s; eta: 1h:10m:7s; loss = 0.074880; ['mse_0=0.000476; ', 'lpips_0=0.000824; ', 'codec_recon_0=0.013161; ', 'estimated_kb_0=1088.056396; ', 'bpp_0=6.325909; ', 'mse_1=0.000371; ', 'lpips_1=0.000712; ', 'codec_recon_1=0.183804; ', 'estimated_kb_1=274.643799; ', 'bpp_1=0.319353; ', 'mse_2=0.000309; ', 'lpips_2=0.000665; ', 'codec_recon_2=0.041444; ', 'estimated_kb_2=1090.858276; ', 'bpp_2=0.302009; ']
aux step[805] ; loss/aux = 23590.638672
train step[806/5000] ; used: 13m:29s; eta: 1h:10m:6s; loss = 0.091762; ['mse_0=0.000881; ', 'lpips_0=0.000797; ', 'codec_recon_0=0.011830; ', 'estimated_kb_0=1106.862671; ', 'bpp_0=6.435248; ', 'mse_1=0.000813; ', 'lpips_1=0.000684; ', 'codec_recon_1=0.232765; ', 'estimated_kb_1=276.416321; ', 'bpp_1=0.321414; ', 'mse_2=0.000757; ', 'lpips_2=0.000612; ', 'codec_recon_2=0.046134; ', 'estimated_kb_2=1100.796509; ', 'bpp_2=0.304761; ']
aux step[806] ; loss/aux = 23590.638672
train step[807/5000] ; used: 13m:30s; eta: 1h:10m:5s; loss = 0.110601; ['mse_0=0.002303; ', 'lpips_0=0.000933; ', 'codec_recon_0=0.011757; ', 'estimated_kb_0=1122.414062; ', 'bpp_0=6.525663; ', 'mse_1=0.001952; ', 'lpips_1=0.000795; ', 'codec_recon_1=0.294546; ', 'estimated_kb_1=278.119263; ', 'bpp_1=0.323395; ', 'mse_2=0.001232; ', 'lpips_2=0.000562; ', 'codec_recon_2=0.036443; ', 'estimated_kb_2=1111.819824; ', 'bpp_2=0.307813; ']
aux step[807] ; loss/aux = 23590.636719
train step[808/5000] ; used: 13m:31s; eta: 1h:10m:4s; loss = 0.094324; ['mse_0=0.002411; ', 'lpips_0=0.000969; ', 'codec_recon_0=0.013823; ', 'estimated_kb_0=1105.928833; ', 'bpp_0=6.429819; ', 'mse_1=0.002218; ', 'lpips_1=0.000872; ', 'codec_recon_1=0.226720; ', 'estimated_kb_1=276.669067; ', 'bpp_1=0.321708; ', 'mse_2=0.002168; ', 'lpips_2=0.000794; ', 'codec_recon_2=0.042432; ', 'estimated_kb_2=1102.831787; ', 'bpp_2=0.305324; ']
aux step[808] ; loss/aux = 23590.636719
train step[809/5000] ; used: 13m:32s; eta: 1h:10m:3s; loss = 0.089470; ['mse_0=0.000746; ', 'lpips_0=0.000925; ', 'codec_recon_0=0.014094; ', 'estimated_kb_0=1091.589600; ', 'bpp_0=6.346451; ', 'mse_1=0.000564; ', 'lpips_1=0.000843; ', 'codec_recon_1=0.224358; ', 'estimated_kb_1=274.828552; ', 'bpp_1=0.319568; ', 'mse_2=0.000512; ', 'lpips_2=0.000792; ', 'codec_recon_2=0.045173; ', 'estimated_kb_2=1093.988403; ', 'bpp_2=0.302876; ']
aux step[809] ; loss/aux = 23590.634766
train step[810/5000] ; used: 13m:33s; eta: 1h:10m:2s; loss = 0.083960; ['mse_0=0.000515; ', 'lpips_0=0.000753; ', 'codec_recon_0=0.011956; ', 'estimated_kb_0=1106.652466; ', 'bpp_0=6.434026; ', 'mse_1=0.000451; ', 'lpips_1=0.000648; ', 'codec_recon_1=0.208590; ', 'estimated_kb_1=275.721313; ', 'bpp_1=0.320606; ', 'mse_2=0.000426; ', 'lpips_2=0.000609; ', 'codec_recon_2=0.047981; ', 'estimated_kb_2=1097.190674; ', 'bpp_2=0.303763; ']
aux step[810] ; loss/aux = 23590.634766
train step[811/5000] ; used: 13m:34s; eta: 1h:10m:1s; loss = 0.101584; ['mse_0=0.002190; ', 'lpips_0=0.000891; ', 'codec_recon_0=0.012768; ', 'estimated_kb_0=1112.395142; ', 'bpp_0=6.467413; ', 'mse_1=0.001988; ', 'lpips_1=0.000792; ', 'codec_recon_1=0.255907; ', 'estimated_kb_1=277.080902; ', 'bpp_1=0.322187; ', 'mse_2=0.001837; ', 'lpips_2=0.000694; ', 'codec_recon_2=0.041968; ', 'estimated_kb_2=1106.110596; ', 'bpp_2=0.306232; ']
aux step[811] ; loss/aux = 23590.632812
train step[812/5000] ; used: 13m:35s; eta: 1h:10m; loss = 0.084139; ['mse_0=0.000854; ', 'lpips_0=0.000639; ', 'codec_recon_0=0.011261; ', 'estimated_kb_0=1115.769287; ', 'bpp_0=6.487031; ', 'mse_1=0.000678; ', 'lpips_1=0.000545; ', 'codec_recon_1=0.216409; ', 'estimated_kb_1=277.604401; ', 'bpp_1=0.322796; ', 'mse_2=0.000538; ', 'lpips_2=0.000463; ', 'codec_recon_2=0.040401; ', 'estimated_kb_2=1103.891968; ', 'bpp_2=0.305618; ']
aux step[812] ; loss/aux = 23590.632812
train step[813/5000] ; used: 13m:36s; eta: 1h:9m:59s; loss = 0.094491; ['mse_0=0.002206; ', 'lpips_0=0.000990; ', 'codec_recon_0=0.017478; ', 'estimated_kb_0=1114.326782; ', 'bpp_0=6.478644; ', 'mse_1=0.001918; ', 'lpips_1=0.000857; ', 'codec_recon_1=0.224005; ', 'estimated_kb_1=277.349762; ', 'bpp_1=0.322500; ', 'mse_2=0.001790; ', 'lpips_2=0.000783; ', 'codec_recon_2=0.045007; ', 'estimated_kb_2=1107.007446; ', 'bpp_2=0.306480; ']
aux step[813] ; loss/aux = 23590.632812
train step[814/5000] ; used: 13m:37s; eta: 1h:9m:58s; loss = 0.088058; ['mse_0=0.000756; ', 'lpips_0=0.000849; ', 'codec_recon_0=0.013352; ', 'estimated_kb_0=1105.707642; ', 'bpp_0=6.428533; ', 'mse_1=0.000631; ', 'lpips_1=0.000774; ', 'codec_recon_1=0.219992; ', 'estimated_kb_1=276.656006; ', 'bpp_1=0.321693; ', 'mse_2=0.000553; ', 'lpips_2=0.000721; ', 'codec_recon_2=0.045904; ', 'estimated_kb_2=1102.427734; ', 'bpp_2=0.305213; ']
aux step[814] ; loss/aux = 23590.630859
train step[815/5000] ; used: 13m:38s; eta: 1h:9m:57s; loss = 0.085423; ['mse_0=0.001100; ', 'lpips_0=0.000767; ', 'codec_recon_0=0.013344; ', 'estimated_kb_0=1106.556641; ', 'bpp_0=6.433469; ', 'mse_1=0.000958; ', 'lpips_1=0.000647; ', 'codec_recon_1=0.210562; ', 'estimated_kb_1=276.702087; ', 'bpp_1=0.321747; ', 'mse_2=0.000886; ', 'lpips_2=0.000579; ', 'codec_recon_2=0.044379; ', 'estimated_kb_2=1100.997559; ', 'bpp_2=0.304817; ']
aux step[815] ; loss/aux = 23590.630859
train step[816/5000] ; used: 13m:39s; eta: 1h:9m:56s; loss = 0.088669; ['mse_0=0.001042; ', 'lpips_0=0.000793; ', 'codec_recon_0=0.013712; ', 'estimated_kb_0=1102.299316; ', 'bpp_0=6.408717; ', 'mse_1=0.000957; ', 'lpips_1=0.000704; ', 'codec_recon_1=0.217934; ', 'estimated_kb_1=276.040070; ', 'bpp_1=0.320977; ', 'mse_2=0.000900; ', 'lpips_2=0.000644; ', 'codec_recon_2=0.047116; ', 'estimated_kb_2=1099.419434; ', 'bpp_2=0.304380; ']
aux step[816] ; loss/aux = 23590.630859
train step[817/5000] ; used: 13m:40s; eta: 1h:9m:55s; loss = 0.096224; ['mse_0=0.000648; ', 'lpips_0=0.000649; ', 'codec_recon_0=0.011900; ', 'estimated_kb_0=1123.192871; ', 'bpp_0=6.530191; ', 'mse_1=0.000499; ', 'lpips_1=0.000513; ', 'codec_recon_1=0.247714; ', 'estimated_kb_1=277.117981; ', 'bpp_1=0.322230; ', 'mse_2=0.000390; ', 'lpips_2=0.000433; ', 'codec_recon_2=0.050692; ', 'estimated_kb_2=1109.257446; ', 'bpp_2=0.307103; ']
aux step[817] ; loss/aux = 23590.628906
train step[818/5000] ; used: 13m:41s; eta: 1h:9m:53s; loss = 0.081744; ['mse_0=0.000516; ', 'lpips_0=0.000842; ', 'codec_recon_0=0.013528; ', 'estimated_kb_0=1095.144897; ', 'bpp_0=6.367122; ', 'mse_1=0.000470; ', 'lpips_1=0.000736; ', 'codec_recon_1=0.203441; ', 'estimated_kb_1=276.140778; ', 'bpp_1=0.321094; ', 'mse_2=0.000436; ', 'lpips_2=0.000683; ', 'codec_recon_2=0.043240; ', 'estimated_kb_2=1096.259033; ', 'bpp_2=0.303505; ']
aux step[818] ; loss/aux = 23590.628906
train step[819/5000] ; used: 13m:42s; eta: 1h:9m:53s; loss = 0.110243; ['mse_0=0.001010; ', 'lpips_0=0.000774; ', 'codec_recon_0=0.012299; ', 'estimated_kb_0=1124.173096; ', 'bpp_0=6.535890; ', 'mse_1=0.000835; ', 'lpips_1=0.000680; ', 'codec_recon_1=0.293671; ', 'estimated_kb_1=277.879303; ', 'bpp_1=0.323115; ', 'mse_2=0.000602; ', 'lpips_2=0.000492; ', 'codec_recon_2=0.046863; ', 'estimated_kb_2=1110.734375; ', 'bpp_2=0.307512; ']
aux step[819] ; loss/aux = 23590.626953
train step[820/5000] ; used: 13m:43s; eta: 1h:9m:51s; loss = 0.088233; ['mse_0=0.000503; ', 'lpips_0=0.000694; ', 'codec_recon_0=0.013321; ', 'estimated_kb_0=1102.232544; ', 'bpp_0=6.408329; ', 'mse_1=0.000363; ', 'lpips_1=0.000583; ', 'codec_recon_1=0.224535; ', 'estimated_kb_1=275.691254; ', 'bpp_1=0.320571; ', 'mse_2=0.000303; ', 'lpips_2=0.000528; ', 'codec_recon_2=0.046343; ', 'estimated_kb_2=1097.558594; ', 'bpp_2=0.303864; ']
aux step[820] ; loss/aux = 23590.626953
train step[821/5000] ; used: 13m:44s; eta: 1h:9m:50s; loss = 0.095755; ['mse_0=0.001813; ', 'lpips_0=0.000882; ', 'codec_recon_0=0.014160; ', 'estimated_kb_0=1096.452637; ', 'bpp_0=6.374724; ', 'mse_1=0.001509; ', 'lpips_1=0.000743; ', 'codec_recon_1=0.244603; ', 'estimated_kb_1=276.050354; ', 'bpp_1=0.320989; ', 'mse_2=0.001270; ', 'lpips_2=0.000630; ', 'codec_recon_2=0.037595; ', 'estimated_kb_2=1096.959839; ', 'bpp_2=0.303699; ']
aux step[821] ; loss/aux = 23590.625000
train step[822/5000] ; used: 13m:45s; eta: 1h:9m:49s; loss = 0.116829; ['mse_0=0.005969; ', 'lpips_0=0.001798; ', 'codec_recon_0=0.016002; ', 'estimated_kb_0=1096.412598; ', 'bpp_0=6.374492; ', 'mse_1=0.005899; ', 'lpips_1=0.001733; ', 'codec_recon_1=0.251759; ', 'estimated_kb_1=275.424622; ', 'bpp_1=0.320261; ', 'mse_2=0.005673; ', 'lpips_2=0.001672; ', 'codec_recon_2=0.045854; ', 'estimated_kb_2=1097.420776; ', 'bpp_2=0.303826; ']
aux step[822] ; loss/aux = 23590.625000
train step[823/5000] ; used: 13m:46s; eta: 1h:9m:48s; loss = 0.090314; ['mse_0=0.000591; ', 'lpips_0=0.000694; ', 'codec_recon_0=0.013929; ', 'estimated_kb_0=1107.697632; ', 'bpp_0=6.440103; ', 'mse_1=0.000461; ', 'lpips_1=0.000570; ', 'codec_recon_1=0.231665; ', 'estimated_kb_1=276.483978; ', 'bpp_1=0.321493; ', 'mse_2=0.000385; ', 'lpips_2=0.000505; ', 'codec_recon_2=0.044763; ', 'estimated_kb_2=1102.126343; ', 'bpp_2=0.305129; ']
aux step[823] ; loss/aux = 23590.623047
train step[824/5000] ; used: 13m:47s; eta: 1h:9m:47s; loss = 0.087303; ['mse_0=0.000730; ', 'lpips_0=0.000732; ', 'codec_recon_0=0.011084; ', 'estimated_kb_0=1103.541626; ', 'bpp_0=6.415939; ', 'mse_1=0.000591; ', 'lpips_1=0.000648; ', 'codec_recon_1=0.226366; ', 'estimated_kb_1=276.806305; ', 'bpp_1=0.321868; ', 'mse_2=0.000485; ', 'lpips_2=0.000568; ', 'codec_recon_2=0.041044; ', 'estimated_kb_2=1100.852417; ', 'bpp_2=0.304776; ']
aux step[824] ; loss/aux = 23590.623047
train step[825/5000] ; used: 13m:48s; eta: 1h:9m:46s; loss = 0.120856; ['mse_0=0.003538; ', 'lpips_0=0.001149; ', 'codec_recon_0=0.012241; ', 'estimated_kb_0=1132.714111; ', 'bpp_0=6.585547; ', 'mse_1=0.002929; ', 'lpips_1=0.000960; ', 'codec_recon_1=0.308013; ', 'estimated_kb_1=278.735107; ', 'bpp_1=0.324111; ', 'mse_2=0.002224; ', 'lpips_2=0.000722; ', 'codec_recon_2=0.044198; ', 'estimated_kb_2=1117.358032; ', 'bpp_2=0.309346; ']
aux step[825] ; loss/aux = 23590.623047
train step[826/5000] ; used: 13m:49s; eta: 1h:9m:45s; loss = 0.090839; ['mse_0=0.000996; ', 'lpips_0=0.000850; ', 'codec_recon_0=0.013938; ', 'estimated_kb_0=1095.614990; ', 'bpp_0=6.369854; ', 'mse_1=0.000895; ', 'lpips_1=0.000742; ', 'codec_recon_1=0.228305; ', 'estimated_kb_1=275.506317; ', 'bpp_1=0.320356; ', 'mse_2=0.000832; ', 'lpips_2=0.000658; ', 'codec_recon_2=0.043976; ', 'estimated_kb_2=1096.724121; ', 'bpp_2=0.303634; ']
aux step[826] ; loss/aux = 23590.621094
train step[827/5000] ; used: 13m:50s; eta: 1h:9m:44s; loss = 0.099978; ['mse_0=0.001343; ', 'lpips_0=0.000937; ', 'codec_recon_0=0.011269; ', 'estimated_kb_0=1107.755737; ', 'bpp_0=6.440441; ', 'mse_1=0.001087; ', 'lpips_1=0.000838; ', 'codec_recon_1=0.261520; ', 'estimated_kb_1=275.816437; ', 'bpp_1=0.320717; ', 'mse_2=0.000741; ', 'lpips_2=0.000673; ', 'codec_recon_2=0.041740; ', 'estimated_kb_2=1098.678345; ', 'bpp_2=0.304175; ']
aux step[827] ; loss/aux = 23590.621094
train step[828/5000] ; used: 13m:51s; eta: 1h:9m:43s; loss = 0.096337; ['mse_0=0.002256; ', 'lpips_0=0.000958; ', 'codec_recon_0=0.011976; ', 'estimated_kb_0=1118.824097; ', 'bpp_0=6.504791; ', 'mse_1=0.001914; ', 'lpips_1=0.000799; ', 'codec_recon_1=0.242653; ', 'estimated_kb_1=277.948486; ', 'bpp_1=0.323196; ', 'mse_2=0.001688; ', 'lpips_2=0.000683; ', 'codec_recon_2=0.038835; ', 'estimated_kb_2=1110.740112; ', 'bpp_2=0.307514; ']
aux step[828] ; loss/aux = 23590.621094
train step[829/5000] ; used: 13m:52s; eta: 1h:9m:42s; loss = 0.107897; ['mse_0=0.001257; ', 'lpips_0=0.000903; ', 'codec_recon_0=0.012908; ', 'estimated_kb_0=1118.790527; ', 'bpp_0=6.504596; ', 'mse_1=0.000986; ', 'lpips_1=0.000729; ', 'codec_recon_1=0.279630; ', 'estimated_kb_1=277.754822; ', 'bpp_1=0.322971; ', 'mse_2=0.000736; ', 'lpips_2=0.000526; ', 'codec_recon_2=0.049995; ', 'estimated_kb_2=1109.020752; ', 'bpp_2=0.307038; ']
aux step[829] ; loss/aux = 23590.619141
train step[830/5000] ; used: 13m:53s; eta: 1h:9m:41s; loss = 0.087768; ['mse_0=0.001719; ', 'lpips_0=0.000756; ', 'codec_recon_0=0.012923; ', 'estimated_kb_0=1105.801147; ', 'bpp_0=6.429076; ', 'mse_1=0.001639; ', 'lpips_1=0.000670; ', 'codec_recon_1=0.211615; ', 'estimated_kb_1=275.905487; ', 'bpp_1=0.320820; ', 'mse_2=0.001565; ', 'lpips_2=0.000607; ', 'codec_recon_2=0.044833; ', 'estimated_kb_2=1100.257202; ', 'bpp_2=0.304612; ']
aux step[830] ; loss/aux = 23590.617188
train step[831/5000] ; used: 13m:54s; eta: 1h:9m:40s; loss = 0.091752; ['mse_0=0.001077; ', 'lpips_0=0.000798; ', 'codec_recon_0=0.012783; ', 'estimated_kb_0=1099.988159; ', 'bpp_0=6.395279; ', 'mse_1=0.000977; ', 'lpips_1=0.000633; ', 'codec_recon_1=0.231814; ', 'estimated_kb_1=276.001434; ', 'bpp_1=0.320932; ', 'mse_2=0.000856; ', 'lpips_2=0.000554; ', 'codec_recon_2=0.044923; ', 'estimated_kb_2=1095.326782; ', 'bpp_2=0.303247; ']
aux step[831] ; loss/aux = 23590.617188
train step[832/5000] ; used: 13m:55s; eta: 1h:9m:39s; loss = 0.109796; ['mse_0=0.003064; ', 'lpips_0=0.001315; ', 'codec_recon_0=0.014593; ', 'estimated_kb_0=1107.924194; ', 'bpp_0=6.441420; ', 'mse_1=0.002709; ', 'lpips_1=0.001188; ', 'codec_recon_1=0.266684; ', 'estimated_kb_1=276.662903; ', 'bpp_1=0.321701; ', 'mse_2=0.002503; ', 'lpips_2=0.001086; ', 'codec_recon_2=0.045159; ', 'estimated_kb_2=1106.240234; ', 'bpp_2=0.306268; ']
aux step[832] ; loss/aux = 23590.617188
train step[833/5000] ; used: 13m:56s; eta: 1h:9m:38s; loss = 0.080586; ['mse_0=0.000759; ', 'lpips_0=0.000874; ', 'codec_recon_0=0.014595; ', 'estimated_kb_0=1086.190430; ', 'bpp_0=6.315061; ', 'mse_1=0.000639; ', 'lpips_1=0.000771; ', 'codec_recon_1=0.195682; ', 'estimated_kb_1=274.797424; ', 'bpp_1=0.319532; ', 'mse_2=0.000585; ', 'lpips_2=0.000727; ', 'codec_recon_2=0.043825; ', 'estimated_kb_2=1093.241577; ', 'bpp_2=0.302669; ']
aux step[833] ; loss/aux = 23590.617188
train step[834/5000] ; used: 13m:57s; eta: 1h:9m:37s; loss = 0.099339; ['mse_0=0.000779; ', 'lpips_0=0.000748; ', 'codec_recon_0=0.013313; ', 'estimated_kb_0=1121.790283; ', 'bpp_0=6.522036; ', 'mse_1=0.000572; ', 'lpips_1=0.000599; ', 'codec_recon_1=0.259382; ', 'estimated_kb_1=278.135529; ', 'bpp_1=0.323413; ', 'mse_2=0.000407; ', 'lpips_2=0.000466; ', 'codec_recon_2=0.046532; ', 'estimated_kb_2=1110.966553; ', 'bpp_2=0.307577; ']
aux step[834] ; loss/aux = 23590.615234
train step[835/5000] ; used: 13m:58s; eta: 1h:9m:36s; loss = 0.101854; ['mse_0=0.001106; ', 'lpips_0=0.000889; ', 'codec_recon_0=0.013175; ', 'estimated_kb_0=1113.695068; ', 'bpp_0=6.474971; ', 'mse_1=0.000821; ', 'lpips_1=0.000733; ', 'codec_recon_1=0.262012; ', 'estimated_kb_1=277.194061; ', 'bpp_1=0.322319; ', 'mse_2=0.000655; ', 'lpips_2=0.000591; ', 'codec_recon_2=0.048343; ', 'estimated_kb_2=1108.967285; ', 'bpp_2=0.307023; ']
aux step[835] ; loss/aux = 23590.615234
train step[836/5000] ; used: 13m:59s; eta: 1h:9m:35s; loss = 0.093902; ['mse_0=0.002058; ', 'lpips_0=0.000896; ', 'codec_recon_0=0.015585; ', 'estimated_kb_0=1105.451782; ', 'bpp_0=6.427045; ', 'mse_1=0.001584; ', 'lpips_1=0.000719; ', 'codec_recon_1=0.230154; ', 'estimated_kb_1=276.738556; ', 'bpp_1=0.321789; ', 'mse_2=0.001487; ', 'lpips_2=0.000640; ', 'codec_recon_2=0.042653; ', 'estimated_kb_2=1102.649292; ', 'bpp_2=0.305274; ']
aux step[836] ; loss/aux = 23590.613281
train step[837/5000] ; used: 14m; eta: 1h:9m:34s; loss = 0.089312; ['mse_0=0.000715; ', 'lpips_0=0.000882; ', 'codec_recon_0=0.015011; ', 'estimated_kb_0=1102.133667; ', 'bpp_0=6.407754; ', 'mse_1=0.000576; ', 'lpips_1=0.000753; ', 'codec_recon_1=0.222805; ', 'estimated_kb_1=276.258301; ', 'bpp_1=0.321231; ', 'mse_2=0.000527; ', 'lpips_2=0.000698; ', 'codec_recon_2=0.046053; ', 'estimated_kb_2=1097.097778; ', 'bpp_2=0.303737; ']
aux step[837] ; loss/aux = 23590.613281
train step[838/5000] ; used: 14m:1s; eta: 1h:9m:33s; loss = 0.120585; ['mse_0=0.002091; ', 'lpips_0=0.001127; ', 'codec_recon_0=0.014776; ', 'estimated_kb_0=1108.756348; ', 'bpp_0=6.446258; ', 'mse_1=0.001959; ', 'lpips_1=0.000981; ', 'codec_recon_1=0.309748; ', 'estimated_kb_1=276.472839; ', 'bpp_1=0.321480; ', 'mse_2=0.001815; ', 'lpips_2=0.000823; ', 'codec_recon_2=0.048104; ', 'estimated_kb_2=1108.295044; ', 'bpp_2=0.306837; ']
aux step[838] ; loss/aux = 23590.611328
train step[839/5000] ; used: 14m:2s; eta: 1h:9m:32s; loss = 0.099534; ['mse_0=0.000445; ', 'lpips_0=0.000739; ', 'codec_recon_0=0.012222; ', 'estimated_kb_0=1110.069214; ', 'bpp_0=6.453891; ', 'mse_1=0.000341; ', 'lpips_1=0.000597; ', 'codec_recon_1=0.261245; ', 'estimated_kb_1=276.024292; ', 'bpp_1=0.320958; ', 'mse_2=0.000267; ', 'lpips_2=0.000486; ', 'codec_recon_2=0.048729; ', 'estimated_kb_2=1103.566895; ', 'bpp_2=0.305528; ']
aux step[839] ; loss/aux = 23590.611328
train step[840/5000] ; used: 14m:3s; eta: 1h:9m:31s; loss = 0.097135; ['mse_0=0.000685; ', 'lpips_0=0.000950; ', 'codec_recon_0=0.013411; ', 'estimated_kb_0=1098.537720; ', 'bpp_0=6.386847; ', 'mse_1=0.000605; ', 'lpips_1=0.000816; ', 'codec_recon_1=0.245948; ', 'estimated_kb_1=275.550415; ', 'bpp_1=0.320407; ', 'mse_2=0.000531; ', 'lpips_2=0.000710; ', 'codec_recon_2=0.050098; ', 'estimated_kb_2=1097.681763; ', 'bpp_2=0.303899; ']
aux step[840] ; loss/aux = 23590.611328
train step[841/5000] ; used: 14m:4s; eta: 1h:9m:30s; loss = 0.094188; ['mse_0=0.001291; ', 'lpips_0=0.000985; ', 'codec_recon_0=0.013705; ', 'estimated_kb_0=1113.328735; ', 'bpp_0=6.472842; ', 'mse_1=0.001121; ', 'lpips_1=0.000880; ', 'codec_recon_1=0.231050; ', 'estimated_kb_1=276.669434; ', 'bpp_1=0.321709; ', 'mse_2=0.001035; ', 'lpips_2=0.000828; ', 'codec_recon_2=0.048736; ', 'estimated_kb_2=1107.748535; ', 'bpp_2=0.306686; ']
aux step[841] ; loss/aux = 23590.609375
train step[842/5000] ; used: 14m:5s; eta: 1h:9m:29s; loss = 0.116473; ['mse_0=0.000880; ', 'lpips_0=0.001110; ', 'codec_recon_0=0.013466; ', 'estimated_kb_0=1115.131348; ', 'bpp_0=6.483322; ', 'mse_1=0.000750; ', 'lpips_1=0.000976; ', 'codec_recon_1=0.307134; ', 'estimated_kb_1=276.942291; ', 'bpp_1=0.322026; ', 'mse_2=0.000608; ', 'lpips_2=0.000775; ', 'codec_recon_2=0.050650; ', 'estimated_kb_2=1109.027466; ', 'bpp_2=0.307040; ']
aux step[842] ; loss/aux = 23590.609375
train step[843/5000] ; used: 14m:6s; eta: 1h:9m:28s; loss = 0.107842; ['mse_0=0.001650; ', 'lpips_0=0.000999; ', 'codec_recon_0=0.012040; ', 'estimated_kb_0=1119.698364; ', 'bpp_0=6.509875; ', 'mse_1=0.001386; ', 'lpips_1=0.000861; ', 'codec_recon_1=0.283945; ', 'estimated_kb_1=277.424072; ', 'bpp_1=0.322586; ', 'mse_2=0.001117; ', 'lpips_2=0.000674; ', 'codec_recon_2=0.041199; ', 'estimated_kb_2=1110.275269; ', 'bpp_2=0.307385; ']
aux step[843] ; loss/aux = 23590.609375
train step[844/5000] ; used: 14m:7s; eta: 1h:9m:27s; loss = 0.082816; ['mse_0=0.000640; ', 'lpips_0=0.000669; ', 'codec_recon_0=0.011133; ', 'estimated_kb_0=1104.303345; ', 'bpp_0=6.420368; ', 'mse_1=0.000497; ', 'lpips_1=0.000550; ', 'codec_recon_1=0.213230; ', 'estimated_kb_1=276.353424; ', 'bpp_1=0.321341; ', 'mse_2=0.000374; ', 'lpips_2=0.000455; ', 'codec_recon_2=0.041072; ', 'estimated_kb_2=1098.472412; ', 'bpp_2=0.304118; ']
aux step[844] ; loss/aux = 23590.607422
train step[845/5000] ; used: 14m:8s; eta: 1h:9m:26s; loss = 0.093925; ['mse_0=0.002365; ', 'lpips_0=0.000879; ', 'codec_recon_0=0.013917; ', 'estimated_kb_0=1118.592529; ', 'bpp_0=6.503445; ', 'mse_1=0.002104; ', 'lpips_1=0.000751; ', 'codec_recon_1=0.227789; ', 'estimated_kb_1=277.318329; ', 'bpp_1=0.322463; ', 'mse_2=0.001959; ', 'lpips_2=0.000656; ', 'codec_recon_2=0.042331; ', 'estimated_kb_2=1109.436279; ', 'bpp_2=0.307153; ']
aux step[845] ; loss/aux = 23590.607422
train step[846/5000] ; used: 14m:9s; eta: 1h:9m:25s; loss = 0.107450; ['mse_0=0.001769; ', 'lpips_0=0.001236; ', 'codec_recon_0=0.013291; ', 'estimated_kb_0=1107.462158; ', 'bpp_0=6.438733; ', 'mse_1=0.001653; ', 'lpips_1=0.001104; ', 'codec_recon_1=0.271747; ', 'estimated_kb_1=276.980835; ', 'bpp_1=0.322071; ', 'mse_2=0.001513; ', 'lpips_2=0.000974; ', 'codec_recon_2=0.045634; ', 'estimated_kb_2=1102.986206; ', 'bpp_2=0.305367; ']
aux step[846] ; loss/aux = 23590.605469
train step[847/5000] ; used: 14m:10s; eta: 1h:9m:24s; loss = 0.118939; ['mse_0=0.003764; ', 'lpips_0=0.001278; ', 'codec_recon_0=0.012044; ', 'estimated_kb_0=1113.491821; ', 'bpp_0=6.473790; ', 'mse_1=0.003421; ', 'lpips_1=0.001121; ', 'codec_recon_1=0.298144; ', 'estimated_kb_1=277.658203; ', 'bpp_1=0.322858; ', 'mse_2=0.003122; ', 'lpips_2=0.000950; ', 'codec_recon_2=0.040755; ', 'estimated_kb_2=1106.623169; ', 'bpp_2=0.306374; ']
aux step[847] ; loss/aux = 23590.605469
train step[848/5000] ; used: 14m:11s; eta: 1h:9m:23s; loss = 0.113916; ['mse_0=0.001561; ', 'lpips_0=0.001111; ', 'codec_recon_0=0.011170; ', 'estimated_kb_0=1138.522339; ', 'bpp_0=6.619316; ', 'mse_1=0.001255; ', 'lpips_1=0.000954; ', 'codec_recon_1=0.298848; ', 'estimated_kb_1=279.334778; ', 'bpp_1=0.324808; ', 'mse_2=0.001005; ', 'lpips_2=0.000770; ', 'codec_recon_2=0.047516; ', 'estimated_kb_2=1119.375122; ', 'bpp_2=0.309905; ']
aux step[848] ; loss/aux = 23590.603516
train step[849/5000] ; used: 14m:12s; eta: 1h:9m:22s; loss = 0.115844; ['mse_0=0.001633; ', 'lpips_0=0.000902; ', 'codec_recon_0=0.013414; ', 'estimated_kb_0=1126.700806; ', 'bpp_0=6.550586; ', 'mse_1=0.001289; ', 'lpips_1=0.000779; ', 'codec_recon_1=0.307467; ', 'estimated_kb_1=277.981995; ', 'bpp_1=0.323235; ', 'mse_2=0.000941; ', 'lpips_2=0.000601; ', 'codec_recon_2=0.044781; ', 'estimated_kb_2=1114.063843; ', 'bpp_2=0.308434; ']
aux step[849] ; loss/aux = 23590.603516
train step[850/5000] ; used: 14m:13s; eta: 1h:9m:21s; loss = 0.098960; ['mse_0=0.000677; ', 'lpips_0=0.000905; ', 'codec_recon_0=0.012322; ', 'estimated_kb_0=1107.785278; ', 'bpp_0=6.440612; ', 'mse_1=0.000599; ', 'lpips_1=0.000798; ', 'codec_recon_1=0.252380; ', 'estimated_kb_1=275.805725; ', 'bpp_1=0.320704; ', 'mse_2=0.000537; ', 'lpips_2=0.000698; ', 'codec_recon_2=0.051117; ', 'estimated_kb_2=1100.836060; ', 'bpp_2=0.304772; ']
aux step[850] ; loss/aux = 23590.603516
train step[851/5000] ; used: 14m:14s; eta: 1h:9m:20s; loss = 0.091543; ['mse_0=0.001133; ', 'lpips_0=0.000841; ', 'codec_recon_0=0.014172; ', 'estimated_kb_0=1102.537964; ', 'bpp_0=6.410104; ', 'mse_1=0.000969; ', 'lpips_1=0.000698; ', 'codec_recon_1=0.223374; ', 'estimated_kb_1=276.048096; ', 'bpp_1=0.320986; ', 'mse_2=0.000889; ', 'lpips_2=0.000644; ', 'codec_recon_2=0.050355; ', 'estimated_kb_2=1100.283447; ', 'bpp_2=0.304619; ']
aux step[851] ; loss/aux = 23590.601562
train step[852/5000] ; used: 14m:15s; eta: 1h:9m:19s; loss = 0.079879; ['mse_0=0.001257; ', 'lpips_0=0.000915; ', 'codec_recon_0=0.014539; ', 'estimated_kb_0=1091.962769; ', 'bpp_0=6.348620; ', 'mse_1=0.001004; ', 'lpips_1=0.000751; ', 'codec_recon_1=0.190531; ', 'estimated_kb_1=274.945557; ', 'bpp_1=0.319704; ', 'mse_2=0.000975; ', 'lpips_2=0.000711; ', 'codec_recon_2=0.042480; ', 'estimated_kb_2=1090.466675; ', 'bpp_2=0.301901; ']
aux step[852] ; loss/aux = 23590.601562
train step[853/5000] ; used: 14m:16s; eta: 1h:9m:18s; loss = 0.116647; ['mse_0=0.003929; ', 'lpips_0=0.001133; ', 'codec_recon_0=0.012561; ', 'estimated_kb_0=1130.605225; ', 'bpp_0=6.573287; ', 'mse_1=0.003263; ', 'lpips_1=0.001007; ', 'codec_recon_1=0.296142; ', 'estimated_kb_1=279.578949; ', 'bpp_1=0.325092; ', 'mse_2=0.002661; ', 'lpips_2=0.000793; ', 'codec_recon_2=0.037502; ', 'estimated_kb_2=1120.541626; ', 'bpp_2=0.310227; ']
aux step[853] ; loss/aux = 23590.599609
train step[854/5000] ; used: 14m:17s; eta: 1h:9m:17s; loss = 0.090194; ['mse_0=0.001151; ', 'lpips_0=0.000837; ', 'codec_recon_0=0.010917; ', 'estimated_kb_0=1100.208252; ', 'bpp_0=6.396560; ', 'mse_1=0.000966; ', 'lpips_1=0.000742; ', 'codec_recon_1=0.232640; ', 'estimated_kb_1=276.248138; ', 'bpp_1=0.321219; ', 'mse_2=0.000856; ', 'lpips_2=0.000675; ', 'codec_recon_2=0.039667; ', 'estimated_kb_2=1095.766357; ', 'bpp_2=0.303368; ']
aux step[854] ; loss/aux = 23590.597656
train step[855/5000] ; used: 14m:18s; eta: 1h:9m:16s; loss = 0.089518; ['mse_0=0.000615; ', 'lpips_0=0.000641; ', 'codec_recon_0=0.013181; ', 'estimated_kb_0=1110.690430; ', 'bpp_0=6.457502; ', 'mse_1=0.000538; ', 'lpips_1=0.000541; ', 'codec_recon_1=0.222489; ', 'estimated_kb_1=275.714691; ', 'bpp_1=0.320598; ', 'mse_2=0.000499; ', 'lpips_2=0.000479; ', 'codec_recon_2=0.051684; ', 'estimated_kb_2=1099.730469; ', 'bpp_2=0.304466; ']
aux step[855] ; loss/aux = 23590.597656
train step[856/5000] ; used: 14m:19s; eta: 1h:9m:15s; loss = 0.087217; ['mse_0=0.000285; ', 'lpips_0=0.000791; ', 'codec_recon_0=0.012994; ', 'estimated_kb_0=1087.900635; ', 'bpp_0=6.325003; ', 'mse_1=0.000226; ', 'lpips_1=0.000691; ', 'codec_recon_1=0.220319; ', 'estimated_kb_1=273.264832; ', 'bpp_1=0.317750; ', 'mse_2=0.000211; ', 'lpips_2=0.000634; ', 'codec_recon_2=0.047948; ', 'estimated_kb_2=1089.185547; ', 'bpp_2=0.301546; ']
aux step[856] ; loss/aux = 23590.597656
train step[857/5000] ; used: 14m:20s; eta: 1h:9m:14s; loss = 0.121235; ['mse_0=0.001076; ', 'lpips_0=0.001022; ', 'codec_recon_0=0.012143; ', 'estimated_kb_0=1138.447144; ', 'bpp_0=6.618879; ', 'mse_1=0.000831; ', 'lpips_1=0.000843; ', 'codec_recon_1=0.325982; ', 'estimated_kb_1=279.150360; ', 'bpp_1=0.324593; ', 'mse_2=0.000556; ', 'lpips_2=0.000606; ', 'codec_recon_2=0.049544; ', 'estimated_kb_2=1122.962769; ', 'bpp_2=0.310898; ']
aux step[857] ; loss/aux = 23590.597656
train step[858/5000] ; used: 14m:21s; eta: 1h:9m:13s; loss = 0.093430; ['mse_0=0.002057; ', 'lpips_0=0.000818; ', 'codec_recon_0=0.012879; ', 'estimated_kb_0=1122.584473; ', 'bpp_0=6.526654; ', 'mse_1=0.001764; ', 'lpips_1=0.000701; ', 'codec_recon_1=0.230456; ', 'estimated_kb_1=277.821930; ', 'bpp_1=0.323049; ', 'mse_2=0.001700; ', 'lpips_2=0.000614; ', 'codec_recon_2=0.042589; ', 'estimated_kb_2=1111.537354; ', 'bpp_2=0.307735; ']
aux step[858] ; loss/aux = 23590.595703
train step[859/5000] ; used: 14m:22s; eta: 1h:9m:12s; loss = 0.108724; ['mse_0=0.002912; ', 'lpips_0=0.001124; ', 'codec_recon_0=0.014573; ', 'estimated_kb_0=1117.385254; ', 'bpp_0=6.496426; ', 'mse_1=0.002704; ', 'lpips_1=0.001024; ', 'codec_recon_1=0.263352; ', 'estimated_kb_1=277.945343; ', 'bpp_1=0.323192; ', 'mse_2=0.002563; ', 'lpips_2=0.000912; ', 'codec_recon_2=0.047021; ', 'estimated_kb_2=1107.742676; ', 'bpp_2=0.306684; ']
aux step[859] ; loss/aux = 23590.595703
train step[860/5000] ; used: 14m:23s; eta: 1h:9m:11s; loss = 0.097583; ['mse_0=0.001295; ', 'lpips_0=0.000878; ', 'codec_recon_0=0.012087; ', 'estimated_kb_0=1125.472168; ', 'bpp_0=6.543443; ', 'mse_1=0.001141; ', 'lpips_1=0.000773; ', 'codec_recon_1=0.252168; ', 'estimated_kb_1=278.260376; ', 'bpp_1=0.323559; ', 'mse_2=0.000905; ', 'lpips_2=0.000639; ', 'codec_recon_2=0.042246; ', 'estimated_kb_2=1112.285034; ', 'bpp_2=0.307942; ']
aux step[860] ; loss/aux = 23590.593750
train step[861/5000] ; used: 14m:24s; eta: 1h:9m:10s; loss = 0.085462; ['mse_0=0.000770; ', 'lpips_0=0.000712; ', 'codec_recon_0=0.010690; ', 'estimated_kb_0=1114.987427; ', 'bpp_0=6.482485; ', 'mse_1=0.000616; ', 'lpips_1=0.000603; ', 'codec_recon_1=0.217384; ', 'estimated_kb_1=277.657745; ', 'bpp_1=0.322858; ', 'mse_2=0.000504; ', 'lpips_2=0.000513; ', 'codec_recon_2=0.044405; ', 'estimated_kb_2=1104.718872; ', 'bpp_2=0.305847; ']
aux step[861] ; loss/aux = 23590.593750
train step[862/5000] ; used: 14m:25s; eta: 1h:9m:9s; loss = 0.094727; ['mse_0=0.003564; ', 'lpips_0=0.001240; ', 'codec_recon_0=0.013961; ', 'estimated_kb_0=1092.900879; ', 'bpp_0=6.354074; ', 'mse_1=0.003407; ', 'lpips_1=0.001151; ', 'codec_recon_1=0.210316; ', 'estimated_kb_1=275.649872; ', 'bpp_1=0.320523; ', 'mse_2=0.003405; ', 'lpips_2=0.001116; ', 'codec_recon_2=0.045204; ', 'estimated_kb_2=1097.743652; ', 'bpp_2=0.303916; ']
aux step[862] ; loss/aux = 23590.591797
train step[863/5000] ; used: 14m:26s; eta: 1h:9m:8s; loss = 0.082326; ['mse_0=0.000691; ', 'lpips_0=0.000723; ', 'codec_recon_0=0.012638; ', 'estimated_kb_0=1110.840698; ', 'bpp_0=6.458376; ', 'mse_1=0.000529; ', 'lpips_1=0.000607; ', 'codec_recon_1=0.208677; ', 'estimated_kb_1=277.003632; ', 'bpp_1=0.322097; ', 'mse_2=0.000458; ', 'lpips_2=0.000550; ', 'codec_recon_2=0.041242; ', 'estimated_kb_2=1103.809082; ', 'bpp_2=0.305595; ']
aux step[863] ; loss/aux = 23590.591797
train step[864/5000] ; used: 14m:27s; eta: 1h:9m:7s; loss = 0.110489; ['mse_0=0.004566; ', 'lpips_0=0.001881; ', 'codec_recon_0=0.012745; ', 'estimated_kb_0=1127.748779; ', 'bpp_0=6.556679; ', 'mse_1=0.004355; ', 'lpips_1=0.001721; ', 'codec_recon_1=0.247236; ', 'estimated_kb_1=278.884796; ', 'bpp_1=0.324285; ', 'mse_2=0.004357; ', 'lpips_2=0.001635; ', 'codec_recon_2=0.046599; ', 'estimated_kb_2=1114.343628; ', 'bpp_2=0.308512; ']
aux step[864] ; loss/aux = 23590.591797
train step[865/5000] ; used: 14m:28s; eta: 1h:9m:6s; loss = 0.087650; ['mse_0=0.000617; ', 'lpips_0=0.000785; ', 'codec_recon_0=0.012086; ', 'estimated_kb_0=1108.400146; ', 'bpp_0=6.444187; ', 'mse_1=0.000456; ', 'lpips_1=0.000675; ', 'codec_recon_1=0.224132; ', 'estimated_kb_1=277.012268; ', 'bpp_1=0.322107; ', 'mse_2=0.000366; ', 'lpips_2=0.000593; ', 'codec_recon_2=0.044309; ', 'estimated_kb_2=1103.329102; ', 'bpp_2=0.305462; ']
aux step[865] ; loss/aux = 23590.591797
train step[866/5000] ; used: 14m:29s; eta: 1h:9m:5s; loss = 0.093289; ['mse_0=0.000292; ', 'lpips_0=0.000620; ', 'codec_recon_0=0.013323; ', 'estimated_kb_0=1102.845337; ', 'bpp_0=6.411891; ', 'mse_1=0.000221; ', 'lpips_1=0.000495; ', 'codec_recon_1=0.242191; ', 'estimated_kb_1=274.289276; ', 'bpp_1=0.318941; ', 'mse_2=0.000145; ', 'lpips_2=0.000405; ', 'codec_recon_2=0.048191; ', 'estimated_kb_2=1095.108276; ', 'bpp_2=0.303186; ']
aux step[866] ; loss/aux = 23590.589844
train step[867/5000] ; used: 14m:30s; eta: 1h:9m:4s; loss = 0.093159; ['mse_0=0.000906; ', 'lpips_0=0.000766; ', 'codec_recon_0=0.013586; ', 'estimated_kb_0=1116.734985; ', 'bpp_0=6.492645; ', 'mse_1=0.000769; ', 'lpips_1=0.000651; ', 'codec_recon_1=0.235998; ', 'estimated_kb_1=277.028961; ', 'bpp_1=0.322127; ', 'mse_2=0.000737; ', 'lpips_2=0.000577; ', 'codec_recon_2=0.046259; ', 'estimated_kb_2=1108.918213; ', 'bpp_2=0.307009; ']
aux step[867] ; loss/aux = 23590.589844
train step[868/5000] ; used: 14m:31s; eta: 1h:9m:3s; loss = 0.097621; ['mse_0=0.001183; ', 'lpips_0=0.000808; ', 'codec_recon_0=0.011766; ', 'estimated_kb_0=1118.698975; ', 'bpp_0=6.504064; ', 'mse_1=0.000996; ', 'lpips_1=0.000681; ', 'codec_recon_1=0.252185; ', 'estimated_kb_1=277.560699; ', 'bpp_1=0.322745; ', 'mse_2=0.000852; ', 'lpips_2=0.000546; ', 'codec_recon_2=0.044570; ', 'estimated_kb_2=1108.910278; ', 'bpp_2=0.307007; ']
aux step[868] ; loss/aux = 23590.589844
train step[869/5000] ; used: 14m:32s; eta: 1h:9m:2s; loss = 0.105896; ['mse_0=0.001290; ', 'lpips_0=0.001001; ', 'codec_recon_0=0.013291; ', 'estimated_kb_0=1125.747559; ', 'bpp_0=6.545044; ', 'mse_1=0.000981; ', 'lpips_1=0.000816; ', 'codec_recon_1=0.271440; ', 'estimated_kb_1=277.877777; ', 'bpp_1=0.323114; ', 'mse_2=0.000786; ', 'lpips_2=0.000675; ', 'codec_recon_2=0.049760; ', 'estimated_kb_2=1115.738770; ', 'bpp_2=0.308898; ']
aux step[869] ; loss/aux = 23590.587891
train step[870/5000] ; used: 14m:33s; eta: 1h:9m:1s; loss = 0.087372; ['mse_0=0.001032; ', 'lpips_0=0.000774; ', 'codec_recon_0=0.013215; ', 'estimated_kb_0=1098.906250; ', 'bpp_0=6.388990; ', 'mse_1=0.000900; ', 'lpips_1=0.000635; ', 'codec_recon_1=0.216138; ', 'estimated_kb_1=275.321533; ', 'bpp_1=0.320141; ', 'mse_2=0.000820; ', 'lpips_2=0.000567; ', 'codec_recon_2=0.046128; ', 'estimated_kb_2=1095.739014; ', 'bpp_2=0.303361; ']
aux step[870] ; loss/aux = 23590.585938
train step[871/5000] ; used: 14m:34s; eta: 1h:9m; loss = 0.107319; ['mse_0=0.001112; ', 'lpips_0=0.000924; ', 'codec_recon_0=0.014427; ', 'estimated_kb_0=1108.532104; ', 'bpp_0=6.444954; ', 'mse_1=0.000947; ', 'lpips_1=0.000812; ', 'codec_recon_1=0.279484; ', 'estimated_kb_1=276.226257; ', 'bpp_1=0.321193; ', 'mse_2=0.000723; ', 'lpips_2=0.000674; ', 'codec_recon_2=0.046512; ', 'estimated_kb_2=1104.443604; ', 'bpp_2=0.305771; ']
aux step[871] ; loss/aux = 23590.585938
train step[872/5000] ; used: 14m:35s; eta: 1h:8m:59s; loss = 0.077171; ['mse_0=0.000821; ', 'lpips_0=0.000808; ', 'codec_recon_0=0.012779; ', 'estimated_kb_0=1097.984863; ', 'bpp_0=6.383633; ', 'mse_1=0.000743; ', 'lpips_1=0.000711; ', 'codec_recon_1=0.188396; ', 'estimated_kb_1=275.684479; ', 'bpp_1=0.320563; ', 'mse_2=0.000712; ', 'lpips_2=0.000660; ', 'codec_recon_2=0.041212; ', 'estimated_kb_2=1098.260620; ', 'bpp_2=0.304059; ']
aux step[872] ; loss/aux = 23590.585938
train step[873/5000] ; used: 14m:36s; eta: 1h:8m:58s; loss = 0.088995; ['mse_0=0.001487; ', 'lpips_0=0.000847; ', 'codec_recon_0=0.012098; ', 'estimated_kb_0=1111.517456; ', 'bpp_0=6.462311; ', 'mse_1=0.001372; ', 'lpips_1=0.000758; ', 'codec_recon_1=0.218672; ', 'estimated_kb_1=276.680939; ', 'bpp_1=0.321722; ', 'mse_2=0.001304; ', 'lpips_2=0.000688; ', 'codec_recon_2=0.044361; ', 'estimated_kb_2=1104.583252; ', 'bpp_2=0.305809; ']
aux step[873] ; loss/aux = 23590.583984
train step[874/5000] ; used: 14m:37s; eta: 1h:8m:57s; loss = 0.085703; ['mse_0=0.000972; ', 'lpips_0=0.000758; ', 'codec_recon_0=0.013207; ', 'estimated_kb_0=1114.494873; ', 'bpp_0=6.479621; ', 'mse_1=0.000851; ', 'lpips_1=0.000628; ', 'codec_recon_1=0.214171; ', 'estimated_kb_1=276.874603; ', 'bpp_1=0.321947; ', 'mse_2=0.000790; ', 'lpips_2=0.000555; ', 'codec_recon_2=0.043116; ', 'estimated_kb_2=1105.143433; ', 'bpp_2=0.305964; ']
aux step[874] ; loss/aux = 23590.582031
train step[875/5000] ; used: 14m:38s; eta: 1h:8m:56s; loss = 0.099248; ['mse_0=0.000876; ', 'lpips_0=0.000956; ', 'codec_recon_0=0.013425; ', 'estimated_kb_0=1114.170532; ', 'bpp_0=6.477736; ', 'mse_1=0.000761; ', 'lpips_1=0.000836; ', 'codec_recon_1=0.252818; ', 'estimated_kb_1=276.793091; ', 'bpp_1=0.321852; ', 'mse_2=0.000674; ', 'lpips_2=0.000730; ', 'codec_recon_2=0.048470; ', 'estimated_kb_2=1104.720825; ', 'bpp_2=0.305847; ']
aux step[875] ; loss/aux = 23590.582031
train step[876/5000] ; used: 14m:39s; eta: 1h:8m:55s; loss = 0.083968; ['mse_0=0.000880; ', 'lpips_0=0.000839; ', 'codec_recon_0=0.012720; ', 'estimated_kb_0=1111.577637; ', 'bpp_0=6.462661; ', 'mse_1=0.000720; ', 'lpips_1=0.000718; ', 'codec_recon_1=0.207507; ', 'estimated_kb_1=276.824463; ', 'bpp_1=0.321889; ', 'mse_2=0.000634; ', 'lpips_2=0.000670; ', 'codec_recon_2=0.044792; ', 'estimated_kb_2=1103.826172; ', 'bpp_2=0.305600; ']
aux step[876] ; loss/aux = 23590.582031
train step[877/5000] ; used: 14m:40s; eta: 1h:8m:54s; loss = 0.095526; ['mse_0=0.002123; ', 'lpips_0=0.000964; ', 'codec_recon_0=0.011468; ', 'estimated_kb_0=1114.784180; ', 'bpp_0=6.481303; ', 'mse_1=0.001724; ', 'lpips_1=0.000797; ', 'codec_recon_1=0.239006; ', 'estimated_kb_1=277.266541; ', 'bpp_1=0.322403; ', 'mse_2=0.001529; ', 'lpips_2=0.000706; ', 'codec_recon_2=0.041803; ', 'estimated_kb_2=1107.149170; ', 'bpp_2=0.306520; ']
aux step[877] ; loss/aux = 23590.582031
train step[878/5000] ; used: 14m:41s; eta: 1h:8m:53s; loss = 0.091003; ['mse_0=0.001015; ', 'lpips_0=0.000703; ', 'codec_recon_0=0.013192; ', 'estimated_kb_0=1112.027954; ', 'bpp_0=6.465279; ', 'mse_1=0.000804; ', 'lpips_1=0.000604; ', 'codec_recon_1=0.231009; ', 'estimated_kb_1=277.063843; ', 'bpp_1=0.322167; ', 'mse_2=0.000727; ', 'lpips_2=0.000525; ', 'codec_recon_2=0.044553; ', 'estimated_kb_2=1104.285889; ', 'bpp_2=0.305727; ']
aux step[878] ; loss/aux = 23590.580078
train step[879/5000] ; used: 14m:42s; eta: 1h:8m:52s; loss = 0.103941; ['mse_0=0.001383; ', 'lpips_0=0.000860; ', 'codec_recon_0=0.013215; ', 'estimated_kb_0=1129.104370; ', 'bpp_0=6.564560; ', 'mse_1=0.001151; ', 'lpips_1=0.000732; ', 'codec_recon_1=0.267678; ', 'estimated_kb_1=278.582672; ', 'bpp_1=0.323933; ', 'mse_2=0.000964; ', 'lpips_2=0.000627; ', 'codec_recon_2=0.046521; ', 'estimated_kb_2=1115.620361; ', 'bpp_2=0.308865; ']
aux step[879] ; loss/aux = 23590.578125
train step[880/5000] ; used: 14m:43s; eta: 1h:8m:51s; loss = 0.081721; ['mse_0=0.000556; ', 'lpips_0=0.000795; ', 'codec_recon_0=0.013729; ', 'estimated_kb_0=1097.769043; ', 'bpp_0=6.382378; ', 'mse_1=0.000442; ', 'lpips_1=0.000681; ', 'codec_recon_1=0.201976; ', 'estimated_kb_1=274.972351; ', 'bpp_1=0.319735; ', 'mse_2=0.000404; ', 'lpips_2=0.000647; ', 'codec_recon_2=0.044949; ', 'estimated_kb_2=1098.092041; ', 'bpp_2=0.304012; ']
aux step[880] ; loss/aux = 23590.578125
train step[881/5000] ; used: 14m:44s; eta: 1h:8m:50s; loss = 0.095225; ['mse_0=0.001978; ', 'lpips_0=0.000955; ', 'codec_recon_0=0.013348; ', 'estimated_kb_0=1109.428833; ', 'bpp_0=6.450168; ', 'mse_1=0.001709; ', 'lpips_1=0.000803; ', 'codec_recon_1=0.231072; ', 'estimated_kb_1=277.335754; ', 'bpp_1=0.322483; ', 'mse_2=0.001642; ', 'lpips_2=0.000744; ', 'codec_recon_2=0.046893; ', 'estimated_kb_2=1104.778442; ', 'bpp_2=0.305863; ']
aux step[881] ; loss/aux = 23590.578125
train step[882/5000] ; used: 14m:45s; eta: 1h:8m:49s; loss = 0.095729; ['mse_0=0.000575; ', 'lpips_0=0.000808; ', 'codec_recon_0=0.013822; ', 'estimated_kb_0=1117.237793; ', 'bpp_0=6.495568; ', 'mse_1=0.000457; ', 'lpips_1=0.000669; ', 'codec_recon_1=0.243413; ', 'estimated_kb_1=276.783234; ', 'bpp_1=0.321841; ', 'mse_2=0.000389; ', 'lpips_2=0.000591; ', 'codec_recon_2=0.050228; ', 'estimated_kb_2=1106.277832; ', 'bpp_2=0.306278; ']
aux step[882] ; loss/aux = 23590.578125
train step[883/5000] ; used: 14m:46s; eta: 1h:8m:48s; loss = 0.110172; ['mse_0=0.001209; ', 'lpips_0=0.001226; ', 'codec_recon_0=0.013058; ', 'estimated_kb_0=1119.114014; ', 'bpp_0=6.506476; ', 'mse_1=0.000956; ', 'lpips_1=0.001088; ', 'codec_recon_1=0.285065; ', 'estimated_kb_1=277.338074; ', 'bpp_1=0.322486; ', 'mse_2=0.000760; ', 'lpips_2=0.000835; ', 'codec_recon_2=0.048865; ', 'estimated_kb_2=1110.173218; ', 'bpp_2=0.307357; ']
aux step[883] ; loss/aux = 23590.576172
train step[884/5000] ; used: 14m:47s; eta: 1h:8m:47s; loss = 0.095494; ['mse_0=0.000881; ', 'lpips_0=0.000818; ', 'codec_recon_0=0.013867; ', 'estimated_kb_0=1097.156860; ', 'bpp_0=6.378819; ', 'mse_1=0.000674; ', 'lpips_1=0.000666; ', 'codec_recon_1=0.244404; ', 'estimated_kb_1=275.325592; ', 'bpp_1=0.320146; ', 'mse_2=0.000563; ', 'lpips_2=0.000564; ', 'codec_recon_2=0.046157; ', 'estimated_kb_2=1095.989502; ', 'bpp_2=0.303430; ']
aux step[884] ; loss/aux = 23590.574219
train step[885/5000] ; used: 14m:48s; eta: 1h:8m:46s; loss = 0.086178; ['mse_0=0.001848; ', 'lpips_0=0.000943; ', 'codec_recon_0=0.012889; ', 'estimated_kb_0=1112.553345; ', 'bpp_0=6.468333; ', 'mse_1=0.001853; ', 'lpips_1=0.000865; ', 'codec_recon_1=0.202557; ', 'estimated_kb_1=276.777252; ', 'bpp_1=0.321834; ', 'mse_2=0.001829; ', 'lpips_2=0.000821; ', 'codec_recon_2=0.044619; ', 'estimated_kb_2=1104.448853; ', 'bpp_2=0.305772; ']
aux step[885] ; loss/aux = 23590.574219
train step[886/5000] ; used: 14m:49s; eta: 1h:8m:45s; loss = 0.097287; ['mse_0=0.001933; ', 'lpips_0=0.001189; ', 'codec_recon_0=0.014954; ', 'estimated_kb_0=1116.408081; ', 'bpp_0=6.490745; ', 'mse_1=0.001771; ', 'lpips_1=0.001099; ', 'codec_recon_1=0.231883; ', 'estimated_kb_1=277.701477; ', 'bpp_1=0.322909; ', 'mse_2=0.001726; ', 'lpips_2=0.001058; ', 'codec_recon_2=0.048203; ', 'estimated_kb_2=1109.154175; ', 'bpp_2=0.307075; ']
aux step[886] ; loss/aux = 23590.574219
train step[887/5000] ; used: 14m:50s; eta: 1h:8m:44s; loss = 0.133354; ['mse_0=0.005242; ', 'lpips_0=0.001658; ', 'codec_recon_0=0.011266; ', 'estimated_kb_0=1132.565308; ', 'bpp_0=6.584682; ', 'mse_1=0.004725; ', 'lpips_1=0.001484; ', 'codec_recon_1=0.333309; ', 'estimated_kb_1=279.308563; ', 'bpp_1=0.324777; ', 'mse_2=0.004086; ', 'lpips_2=0.001213; ', 'codec_recon_2=0.038581; ', 'estimated_kb_2=1118.883179; ', 'bpp_2=0.309768; ']
aux step[887] ; loss/aux = 23590.572266
train step[888/5000] ; used: 14m:51s; eta: 1h:8m:43s; loss = 0.121706; ['mse_0=0.002323; ', 'lpips_0=0.000861; ', 'codec_recon_0=0.013772; ', 'estimated_kb_0=1127.399292; ', 'bpp_0=6.554647; ', 'mse_1=0.001834; ', 'lpips_1=0.000740; ', 'codec_recon_1=0.330797; ', 'estimated_kb_1=278.133118; ', 'bpp_1=0.323411; ', 'mse_2=0.001051; ', 'lpips_2=0.000403; ', 'codec_recon_2=0.037074; ', 'estimated_kb_2=1111.861084; ', 'bpp_2=0.307824; ']
aux step[888] ; loss/aux = 23590.570312
train step[889/5000] ; used: 14m:52s; eta: 1h:8m:42s; loss = 0.080293; ['mse_0=0.000619; ', 'lpips_0=0.000729; ', 'codec_recon_0=0.013110; ', 'estimated_kb_0=1098.359009; ', 'bpp_0=6.385808; ', 'mse_1=0.000549; ', 'lpips_1=0.000611; ', 'codec_recon_1=0.200074; ', 'estimated_kb_1=275.239594; ', 'bpp_1=0.320046; ', 'mse_2=0.000492; ', 'lpips_2=0.000552; ', 'codec_recon_2=0.042621; ', 'estimated_kb_2=1093.418823; ', 'bpp_2=0.302718; ']
aux step[889] ; loss/aux = 23590.570312
train step[890/5000] ; used: 14m:53s; eta: 1h:8m:41s; loss = 0.082036; ['mse_0=0.000584; ', 'lpips_0=0.000773; ', 'codec_recon_0=0.011957; ', 'estimated_kb_0=1099.154541; ', 'bpp_0=6.390433; ', 'mse_1=0.000487; ', 'lpips_1=0.000676; ', 'codec_recon_1=0.206736; ', 'estimated_kb_1=276.271759; ', 'bpp_1=0.321246; ', 'mse_2=0.000396; ', 'lpips_2=0.000598; ', 'codec_recon_2=0.043043; ', 'estimated_kb_2=1096.386719; ', 'bpp_2=0.303540; ']
aux step[890] ; loss/aux = 23590.570312
train step[891/5000] ; used: 14m:54s; eta: 1h:8m:40s; loss = 0.088942; ['mse_0=0.001020; ', 'lpips_0=0.000974; ', 'codec_recon_0=0.015388; ', 'estimated_kb_0=1093.129639; ', 'bpp_0=6.355405; ', 'mse_1=0.000831; ', 'lpips_1=0.000841; ', 'codec_recon_1=0.219439; ', 'estimated_kb_1=274.198669; ', 'bpp_1=0.318836; ', 'mse_2=0.000782; ', 'lpips_2=0.000787; ', 'codec_recon_2=0.044202; ', 'estimated_kb_2=1096.247070; ', 'bpp_2=0.303501; ']
aux step[891] ; loss/aux = 23590.570312
train step[892/5000] ; used: 14m:55s; eta: 1h:8m:39s; loss = 0.088525; ['mse_0=0.000505; ', 'lpips_0=0.000741; ', 'codec_recon_0=0.013468; ', 'estimated_kb_0=1096.440186; ', 'bpp_0=6.374652; ', 'mse_1=0.000421; ', 'lpips_1=0.000654; ', 'codec_recon_1=0.222228; ', 'estimated_kb_1=275.452332; ', 'bpp_1=0.320293; ', 'mse_2=0.000358; ', 'lpips_2=0.000603; ', 'codec_recon_2=0.048443; ', 'estimated_kb_2=1096.829590; ', 'bpp_2=0.303663; ']
aux step[892] ; loss/aux = 23590.570312
train step[893/5000] ; used: 14m:56s; eta: 1h:8m:38s; loss = 0.102682; ['mse_0=0.001554; ', 'lpips_0=0.001039; ', 'codec_recon_0=0.012733; ', 'estimated_kb_0=1114.882202; ', 'bpp_0=6.481873; ', 'mse_1=0.001345; ', 'lpips_1=0.000948; ', 'codec_recon_1=0.262906; ', 'estimated_kb_1=276.555206; ', 'bpp_1=0.321576; ', 'mse_2=0.001208; ', 'lpips_2=0.000846; ', 'codec_recon_2=0.043503; ', 'estimated_kb_2=1108.272827; ', 'bpp_2=0.306831; ']
aux step[893] ; loss/aux = 23590.568359
train step[894/5000] ; used: 14m:57s; eta: 1h:8m:37s; loss = 0.087895; ['mse_0=0.000833; ', 'lpips_0=0.000628; ', 'codec_recon_0=0.013007; ', 'estimated_kb_0=1102.601929; ', 'bpp_0=6.410476; ', 'mse_1=0.000759; ', 'lpips_1=0.000510; ', 'codec_recon_1=0.225182; ', 'estimated_kb_1=275.425140; ', 'bpp_1=0.320262; ', 'mse_2=0.000665; ', 'lpips_2=0.000436; ', 'codec_recon_2=0.042023; ', 'estimated_kb_2=1094.517090; ', 'bpp_2=0.303022; ']
aux step[894] ; loss/aux = 23590.566406
train step[895/5000] ; used: 14m:58s; eta: 1h:8m:36s; loss = 0.098853; ['mse_0=0.001316; ', 'lpips_0=0.000952; ', 'codec_recon_0=0.012889; ', 'estimated_kb_0=1096.360962; ', 'bpp_0=6.374191; ', 'mse_1=0.001196; ', 'lpips_1=0.000856; ', 'codec_recon_1=0.253989; ', 'estimated_kb_1=275.442902; ', 'bpp_1=0.320282; ', 'mse_2=0.001052; ', 'lpips_2=0.000744; ', 'codec_recon_2=0.042244; ', 'estimated_kb_2=1096.345337; ', 'bpp_2=0.303529; ']
aux step[895] ; loss/aux = 23590.566406
train step[896/5000] ; used: 14m:59s; eta: 1h:8m:35s; loss = 0.088668; ['mse_0=0.001296; ', 'lpips_0=0.000896; ', 'codec_recon_0=0.013751; ', 'estimated_kb_0=1104.081299; ', 'bpp_0=6.419077; ', 'mse_1=0.001220; ', 'lpips_1=0.000801; ', 'codec_recon_1=0.215634; ', 'estimated_kb_1=276.116791; ', 'bpp_1=0.321066; ', 'mse_2=0.001164; ', 'lpips_2=0.000759; ', 'codec_recon_2=0.045721; ', 'estimated_kb_2=1098.568115; ', 'bpp_2=0.304144; ']
aux step[896] ; loss/aux = 23590.566406
train step[897/5000] ; used: 15m; eta: 1h:8m:34s; loss = 0.107298; ['mse_0=0.000926; ', 'lpips_0=0.000904; ', 'codec_recon_0=0.011193; ', 'estimated_kb_0=1117.342163; ', 'bpp_0=6.496175; ', 'mse_1=0.000722; ', 'lpips_1=0.000783; ', 'codec_recon_1=0.288150; ', 'estimated_kb_1=277.017456; ', 'bpp_1=0.322113; ', 'mse_2=0.000469; ', 'lpips_2=0.000551; ', 'codec_recon_2=0.043801; ', 'estimated_kb_2=1107.780518; ', 'bpp_2=0.306695; ']
aux step[897] ; loss/aux = 23590.566406
train step[898/5000] ; used: 15m:1s; eta: 1h:8m:33s; loss = 0.075902; ['mse_0=0.000404; ', 'lpips_0=0.000936; ', 'codec_recon_0=0.014146; ', 'estimated_kb_0=1079.042603; ', 'bpp_0=6.273504; ', 'mse_1=0.000336; ', 'lpips_1=0.000834; ', 'codec_recon_1=0.185977; ', 'estimated_kb_1=273.040680; ', 'bpp_1=0.317489; ', 'mse_2=0.000318; ', 'lpips_2=0.000804; ', 'codec_recon_2=0.040780; ', 'estimated_kb_2=1085.797363; ', 'bpp_2=0.300608; ']
aux step[898] ; loss/aux = 23590.564453
train step[899/5000] ; used: 15m:2s; eta: 1h:8m:32s; loss = 0.108382; ['mse_0=0.001648; ', 'lpips_0=0.000852; ', 'codec_recon_0=0.012814; ', 'estimated_kb_0=1118.777832; ', 'bpp_0=6.504522; ', 'mse_1=0.001386; ', 'lpips_1=0.000688; ', 'codec_recon_1=0.279692; ', 'estimated_kb_1=277.568390; ', 'bpp_1=0.322754; ', 'mse_2=0.001153; ', 'lpips_2=0.000496; ', 'codec_recon_2=0.048023; ', 'estimated_kb_2=1111.056152; ', 'bpp_2=0.307601; ']
aux step[899] ; loss/aux = 23590.564453
train step[900/5000] ; used: 15m:3s; eta: 1h:8m:31s; loss = 0.099266; ['mse_0=0.000301; ', 'lpips_0=0.000964; ', 'codec_recon_0=0.017124; ', 'estimated_kb_0=1096.000000; ', 'bpp_0=6.372093; ', 'mse_1=0.000254; ', 'lpips_1=0.000857; ', 'codec_recon_1=0.247395; ', 'estimated_kb_1=273.952972; ', 'bpp_1=0.318550; ', 'mse_2=0.000231; ', 'lpips_2=0.000791; ', 'codec_recon_2=0.055040; ', 'estimated_kb_2=1095.731201; ', 'bpp_2=0.303359; ']
aux step[900] ; loss/aux = 23590.562500
train step[901/5000] ; used: 15m:4s; eta: 1h:8m:30s; loss = 0.123970; ['mse_0=0.004214; ', 'lpips_0=0.001343; ', 'codec_recon_0=0.015197; ', 'estimated_kb_0=1136.276001; ', 'bpp_0=6.606256; ', 'mse_1=0.004091; ', 'lpips_1=0.001221; ', 'codec_recon_1=0.301640; ', 'estimated_kb_1=279.901093; ', 'bpp_1=0.325466; ', 'mse_2=0.003893; ', 'lpips_2=0.001072; ', 'codec_recon_2=0.043617; ', 'estimated_kb_2=1122.951294; ', 'bpp_2=0.310895; ']
aux step[901] ; loss/aux = 23590.562500
train step[902/5000] ; used: 15m:5s; eta: 1h:8m:29s; loss = 0.101695; ['mse_0=0.003150; ', 'lpips_0=0.000905; ', 'codec_recon_0=0.016901; ', 'estimated_kb_0=1108.806519; ', 'bpp_0=6.446549; ', 'mse_1=0.002976; ', 'lpips_1=0.000797; ', 'codec_recon_1=0.242529; ', 'estimated_kb_1=276.767029; ', 'bpp_1=0.321822; ', 'mse_2=0.002887; ', 'lpips_2=0.000697; ', 'codec_recon_2=0.041514; ', 'estimated_kb_2=1103.049683; ', 'bpp_2=0.305385; ']
aux step[902] ; loss/aux = 23590.560547
train step[903/5000] ; used: 15m:6s; eta: 1h:8m:28s; loss = 0.096724; ['mse_0=0.003034; ', 'lpips_0=0.001067; ', 'codec_recon_0=0.012440; ', 'estimated_kb_0=1103.625854; ', 'bpp_0=6.416430; ', 'mse_1=0.003053; ', 'lpips_1=0.000985; ', 'codec_recon_1=0.222789; ', 'estimated_kb_1=276.110809; ', 'bpp_1=0.321059; ', 'mse_2=0.003101; ', 'lpips_2=0.000926; ', 'codec_recon_2=0.046627; ', 'estimated_kb_2=1099.507568; ', 'bpp_2=0.304404; ']
aux step[903] ; loss/aux = 23590.560547
train step[904/5000] ; used: 15m:7s; eta: 1h:8m:27s; loss = 0.100007; ['mse_0=0.001924; ', 'lpips_0=0.000948; ', 'codec_recon_0=0.012986; ', 'estimated_kb_0=1123.753296; ', 'bpp_0=6.533449; ', 'mse_1=0.002313; ', 'lpips_1=0.000823; ', 'codec_recon_1=0.247005; ', 'estimated_kb_1=278.574738; ', 'bpp_1=0.323924; ', 'mse_2=0.002167; ', 'lpips_2=0.000684; ', 'codec_recon_2=0.043838; ', 'estimated_kb_2=1112.398071; ', 'bpp_2=0.307973; ']
aux step[904] ; loss/aux = 23590.558594
train step[905/5000] ; used: 15m:8s; eta: 1h:8m:26s; loss = 0.086713; ['mse_0=0.000758; ', 'lpips_0=0.000608; ', 'codec_recon_0=0.011305; ', 'estimated_kb_0=1119.816895; ', 'bpp_0=6.510563; ', 'mse_1=0.000569; ', 'lpips_1=0.000488; ', 'codec_recon_1=0.224491; ', 'estimated_kb_1=278.124786; ', 'bpp_1=0.323401; ', 'mse_2=0.000433; ', 'lpips_2=0.000404; ', 'codec_recon_2=0.042381; ', 'estimated_kb_2=1108.735962; ', 'bpp_2=0.306959; ']
aux step[905] ; loss/aux = 23590.558594
train step[906/5000] ; used: 15m:9s; eta: 1h:8m:25s; loss = 0.122828; ['mse_0=0.006316; ', 'lpips_0=0.002400; ', 'codec_recon_0=0.016657; ', 'estimated_kb_0=1106.801392; ', 'bpp_0=6.434892; ', 'mse_1=0.004154; ', 'lpips_1=0.002094; ', 'codec_recon_1=0.269682; ', 'estimated_kb_1=275.965912; ', 'bpp_1=0.320891; ', 'mse_2=0.003835; ', 'lpips_2=0.001981; ', 'codec_recon_2=0.053821; ', 'estimated_kb_2=1105.168945; ', 'bpp_2=0.305971; ']
aux step[906] ; loss/aux = 23590.558594
train step[907/5000] ; used: 15m:10s; eta: 1h:8m:24s; loss = 0.090928; ['mse_0=0.001636; ', 'lpips_0=0.001156; ', 'codec_recon_0=0.013752; ', 'estimated_kb_0=1103.321777; ', 'bpp_0=6.414661; ', 'mse_1=0.001446; ', 'lpips_1=0.001047; ', 'codec_recon_1=0.216527; ', 'estimated_kb_1=276.364838; ', 'bpp_1=0.321354; ', 'mse_2=0.001331; ', 'lpips_2=0.000977; ', 'codec_recon_2=0.047506; ', 'estimated_kb_2=1098.390625; ', 'bpp_2=0.304095; ']
aux step[907] ; loss/aux = 23590.556641
train step[908/5000] ; used: 15m:11s; eta: 1h:8m:23s; loss = 0.087780; ['mse_0=0.000935; ', 'lpips_0=0.000582; ', 'codec_recon_0=0.012346; ', 'estimated_kb_0=1114.225098; ', 'bpp_0=6.478053; ', 'mse_1=0.000789; ', 'lpips_1=0.000479; ', 'codec_recon_1=0.226788; ', 'estimated_kb_1=277.983795; ', 'bpp_1=0.323237; ', 'mse_2=0.000642; ', 'lpips_2=0.000402; ', 'codec_recon_2=0.040704; ', 'estimated_kb_2=1106.387573; ', 'bpp_2=0.306309; ']
aux step[908] ; loss/aux = 23590.556641
train step[909/5000] ; used: 15m:12s; eta: 1h:8m:22s; loss = 0.131561; ['mse_0=0.002750; ', 'lpips_0=0.001611; ', 'codec_recon_0=0.013072; ', 'estimated_kb_0=1124.511841; ', 'bpp_0=6.537860; ', 'mse_1=0.002472; ', 'lpips_1=0.001450; ', 'codec_recon_1=0.341837; ', 'estimated_kb_1=277.814758; ', 'bpp_1=0.323040; ', 'mse_2=0.001984; ', 'lpips_2=0.001189; ', 'codec_recon_2=0.045443; ', 'estimated_kb_2=1117.557129; ', 'bpp_2=0.309401; ']
aux step[909] ; loss/aux = 23590.554688
train step[910/5000] ; used: 15m:13s; eta: 1h:8m:21s; loss = 0.094392; ['mse_0=0.001661; ', 'lpips_0=0.001255; ', 'codec_recon_0=0.016366; ', 'estimated_kb_0=1096.737427; ', 'bpp_0=6.376380; ', 'mse_1=0.001420; ', 'lpips_1=0.001071; ', 'codec_recon_1=0.227211; ', 'estimated_kb_1=275.758789; ', 'bpp_1=0.320650; ', 'mse_2=0.001294; ', 'lpips_2=0.000987; ', 'codec_recon_2=0.045444; ', 'estimated_kb_2=1101.219238; ', 'bpp_2=0.304878; ']
aux step[910] ; loss/aux = 23590.554688
train step[911/5000] ; used: 15m:14s; eta: 1h:8m:20s; loss = 0.091012; ['mse_0=0.002170; ', 'lpips_0=0.000945; ', 'codec_recon_0=0.013920; ', 'estimated_kb_0=1093.943848; ', 'bpp_0=6.360138; ', 'mse_1=0.002147; ', 'lpips_1=0.000846; ', 'codec_recon_1=0.213328; ', 'estimated_kb_1=274.926300; ', 'bpp_1=0.319682; ', 'mse_2=0.002119; ', 'lpips_2=0.000811; ', 'codec_recon_2=0.045997; ', 'estimated_kb_2=1094.292603; ', 'bpp_2=0.302960; ']
aux step[911] ; loss/aux = 23590.552734
train step[912/5000] ; used: 15m:15s; eta: 1h:8m:19s; loss = 0.083875; ['mse_0=0.001053; ', 'lpips_0=0.000607; ', 'codec_recon_0=0.012998; ', 'estimated_kb_0=1086.958618; ', 'bpp_0=6.319527; ', 'mse_1=0.000917; ', 'lpips_1=0.000502; ', 'codec_recon_1=0.215078; ', 'estimated_kb_1=273.656403; ', 'bpp_1=0.318205; ', 'mse_2=0.000819; ', 'lpips_2=0.000440; ', 'codec_recon_2=0.037046; ', 'estimated_kb_2=1085.561157; ', 'bpp_2=0.300543; ']
aux step[912] ; loss/aux = 23590.552734
train step[913/5000] ; used: 15m:16s; eta: 1h:8m:18s; loss = 0.094613; ['mse_0=0.001364; ', 'lpips_0=0.000989; ', 'codec_recon_0=0.015899; ', 'estimated_kb_0=1097.636597; ', 'bpp_0=6.381608; ', 'mse_1=0.001241; ', 'lpips_1=0.000859; ', 'codec_recon_1=0.232892; ', 'estimated_kb_1=275.473572; ', 'bpp_1=0.320318; ', 'mse_2=0.001161; ', 'lpips_2=0.000788; ', 'codec_recon_2=0.045250; ', 'estimated_kb_2=1096.853638; ', 'bpp_2=0.303669; ']
aux step[913] ; loss/aux = 23590.552734
train step[914/5000] ; used: 15m:17s; eta: 1h:8m:17s; loss = 0.087147; ['mse_0=0.000841; ', 'lpips_0=0.000786; ', 'codec_recon_0=0.013779; ', 'estimated_kb_0=1108.505615; ', 'bpp_0=6.444800; ', 'mse_1=0.000642; ', 'lpips_1=0.000672; ', 'codec_recon_1=0.221374; ', 'estimated_kb_1=276.640594; ', 'bpp_1=0.321675; ', 'mse_2=0.000557; ', 'lpips_2=0.000602; ', 'codec_recon_2=0.041671; ', 'estimated_kb_2=1098.919434; ', 'bpp_2=0.304241; ']
aux step[914] ; loss/aux = 23590.550781
train step[915/5000] ; used: 15m:18s; eta: 1h:8m:16s; loss = 0.095183; ['mse_0=0.001331; ', 'lpips_0=0.000723; ', 'codec_recon_0=0.011854; ', 'estimated_kb_0=1092.348999; ', 'bpp_0=6.350866; ', 'mse_1=0.001087; ', 'lpips_1=0.000633; ', 'codec_recon_1=0.251185; ', 'estimated_kb_1=274.825714; ', 'bpp_1=0.319565; ', 'mse_2=0.000612; ', 'lpips_2=0.000504; ', 'codec_recon_2=0.037934; ', 'estimated_kb_2=1093.316040; ', 'bpp_2=0.302690; ']
aux step[915] ; loss/aux = 23590.550781
train step[916/5000] ; used: 15m:19s; eta: 1h:8m:15s; loss = 0.094613; ['mse_0=0.001045; ', 'lpips_0=0.000835; ', 'codec_recon_0=0.013159; ', 'estimated_kb_0=1116.121460; ', 'bpp_0=6.489078; ', 'mse_1=0.000832; ', 'lpips_1=0.000699; ', 'codec_recon_1=0.239925; ', 'estimated_kb_1=277.256439; ', 'bpp_1=0.322391; ', 'mse_2=0.000725; ', 'lpips_2=0.000605; ', 'codec_recon_2=0.046488; ', 'estimated_kb_2=1106.956177; ', 'bpp_2=0.306466; ']
aux step[916] ; loss/aux = 23590.548828
train step[917/5000] ; used: 15m:20s; eta: 1h:8m:14s; loss = 0.089703; ['mse_0=0.000817; ', 'lpips_0=0.000572; ', 'codec_recon_0=0.010841; ', 'estimated_kb_0=1120.650757; ', 'bpp_0=6.515411; ', 'mse_1=0.000594; ', 'lpips_1=0.000467; ', 'codec_recon_1=0.235669; ', 'estimated_kb_1=278.109497; ', 'bpp_1=0.323383; ', 'mse_2=0.000432; ', 'lpips_2=0.000378; ', 'codec_recon_2=0.041633; ', 'estimated_kb_2=1108.197876; ', 'bpp_2=0.306810; ']
aux step[917] ; loss/aux = 23590.548828
train step[918/5000] ; used: 15m:21s; eta: 1h:8m:13s; loss = 0.097189; ['mse_0=0.001494; ', 'lpips_0=0.000810; ', 'codec_recon_0=0.012594; ', 'estimated_kb_0=1105.405762; ', 'bpp_0=6.426778; ', 'mse_1=0.001271; ', 'lpips_1=0.000733; ', 'codec_recon_1=0.252318; ', 'estimated_kb_1=277.351807; ', 'bpp_1=0.322502; ', 'mse_2=0.001027; ', 'lpips_2=0.000611; ', 'codec_recon_2=0.039225; ', 'estimated_kb_2=1102.262695; ', 'bpp_2=0.305167; ']
aux step[918] ; loss/aux = 23590.546875
train step[919/5000] ; used: 15m:22s; eta: 1h:8m:12s; loss = 0.088474; ['mse_0=0.000936; ', 'lpips_0=0.000902; ', 'codec_recon_0=0.013607; ', 'estimated_kb_0=1106.294067; ', 'bpp_0=6.431942; ', 'mse_1=0.000804; ', 'lpips_1=0.000763; ', 'codec_recon_1=0.222169; ', 'estimated_kb_1=276.721497; ', 'bpp_1=0.321769; ', 'mse_2=0.000742; ', 'lpips_2=0.000698; ', 'codec_recon_2=0.042983; ', 'estimated_kb_2=1102.730469; ', 'bpp_2=0.305296; ']
aux step[919] ; loss/aux = 23590.546875
train step[920/5000] ; used: 15m:23s; eta: 1h:8m:11s; loss = 0.086472; ['mse_0=0.001099; ', 'lpips_0=0.000883; ', 'codec_recon_0=0.012643; ', 'estimated_kb_0=1093.576294; ', 'bpp_0=6.358002; ', 'mse_1=0.000955; ', 'lpips_1=0.000758; ', 'codec_recon_1=0.215137; ', 'estimated_kb_1=274.753693; ', 'bpp_1=0.319481; ', 'mse_2=0.000871; ', 'lpips_2=0.000685; ', 'codec_recon_2=0.042954; ', 'estimated_kb_2=1095.589722; ', 'bpp_2=0.303319; ']
aux step[920] ; loss/aux = 23590.546875
train step[921/5000] ; used: 15m:24s; eta: 1h:8m:10s; loss = 0.094110; ['mse_0=0.001578; ', 'lpips_0=0.001044; ', 'codec_recon_0=0.015976; ', 'estimated_kb_0=1112.463135; ', 'bpp_0=6.467809; ', 'mse_1=0.001411; ', 'lpips_1=0.000910; ', 'codec_recon_1=0.221054; ', 'estimated_kb_1=275.944153; ', 'bpp_1=0.320865; ', 'mse_2=0.001365; ', 'lpips_2=0.000866; ', 'codec_recon_2=0.052763; ', 'estimated_kb_2=1104.286377; ', 'bpp_2=0.305727; ']
aux step[921] ; loss/aux = 23590.546875
train step[922/5000] ; used: 15m:25s; eta: 1h:8m:9s; loss = 0.091511; ['mse_0=0.001476; ', 'lpips_0=0.000763; ', 'codec_recon_0=0.011349; ', 'estimated_kb_0=1119.623657; ', 'bpp_0=6.509439; ', 'mse_1=0.001253; ', 'lpips_1=0.000609; ', 'codec_recon_1=0.232990; ', 'estimated_kb_1=277.470459; ', 'bpp_1=0.322640; ', 'mse_2=0.001150; ', 'lpips_2=0.000504; ', 'codec_recon_2=0.041518; ', 'estimated_kb_2=1106.371216; ', 'bpp_2=0.306304; ']
aux step[922] ; loss/aux = 23590.544922
train step[923/5000] ; used: 15m:26s; eta: 1h:8m:8s; loss = 0.088598; ['mse_0=0.000937; ', 'lpips_0=0.000629; ', 'codec_recon_0=0.010599; ', 'estimated_kb_0=1110.530884; ', 'bpp_0=6.456575; ', 'mse_1=0.000832; ', 'lpips_1=0.000517; ', 'codec_recon_1=0.226603; ', 'estimated_kb_1=276.299072; ', 'bpp_1=0.321278; ', 'mse_2=0.000759; ', 'lpips_2=0.000441; ', 'codec_recon_2=0.044410; ', 'estimated_kb_2=1101.205933; ', 'bpp_2=0.304874; ']
aux step[923] ; loss/aux = 23590.544922
train step[924/5000] ; used: 15m:27s; eta: 1h:8m:7s; loss = 0.101034; ['mse_0=0.002632; ', 'lpips_0=0.001079; ', 'codec_recon_0=0.014517; ', 'estimated_kb_0=1110.468018; ', 'bpp_0=6.456210; ', 'mse_1=0.002489; ', 'lpips_1=0.000964; ', 'codec_recon_1=0.243545; ', 'estimated_kb_1=276.919678; ', 'bpp_1=0.322000; ', 'mse_2=0.002407; ', 'lpips_2=0.000898; ', 'codec_recon_2=0.043820; ', 'estimated_kb_2=1105.615723; ', 'bpp_2=0.306095; ']
aux step[924] ; loss/aux = 23590.542969
train step[925/5000] ; used: 15m:28s; eta: 1h:8m:6s; loss = 0.105533; ['mse_0=0.002133; ', 'lpips_0=0.000873; ', 'codec_recon_0=0.011671; ', 'estimated_kb_0=1127.939819; ', 'bpp_0=6.557789; ', 'mse_1=0.001858; ', 'lpips_1=0.000754; ', 'codec_recon_1=0.275038; ', 'estimated_kb_1=278.701508; ', 'bpp_1=0.324071; ', 'mse_2=0.001577; ', 'lpips_2=0.000613; ', 'codec_recon_2=0.039039; ', 'estimated_kb_2=1114.128418; ', 'bpp_2=0.308452; ']
aux step[925] ; loss/aux = 23590.542969
train step[926/5000] ; used: 15m:29s; eta: 1h:8m:5s; loss = 0.081858; ['mse_0=0.000887; ', 'lpips_0=0.000840; ', 'codec_recon_0=0.012838; ', 'estimated_kb_0=1094.551392; ', 'bpp_0=6.363671; ', 'mse_1=0.000691; ', 'lpips_1=0.000686; ', 'codec_recon_1=0.204783; ', 'estimated_kb_1=275.622559; ', 'bpp_1=0.320491; ', 'mse_2=0.000634; ', 'lpips_2=0.000602; ', 'codec_recon_2=0.040777; ', 'estimated_kb_2=1096.587158; ', 'bpp_2=0.303596; ']
aux step[926] ; loss/aux = 23590.541016
train step[927/5000] ; used: 15m:30s; eta: 1h:8m:4s; loss = 0.083048; ['mse_0=0.001586; ', 'lpips_0=0.000754; ', 'codec_recon_0=0.013650; ', 'estimated_kb_0=1101.701904; ', 'bpp_0=6.405244; ', 'mse_1=0.001521; ', 'lpips_1=0.000670; ', 'codec_recon_1=0.195981; ', 'estimated_kb_1=275.662476; ', 'bpp_1=0.320538; ', 'mse_2=0.001484; ', 'lpips_2=0.000639; ', 'codec_recon_2=0.045015; ', 'estimated_kb_2=1099.360962; ', 'bpp_2=0.304363; ']
aux step[927] ; loss/aux = 23590.541016
train step[928/5000] ; used: 15m:31s; eta: 1h:8m:3s; loss = 0.105734; ['mse_0=0.002785; ', 'lpips_0=0.001139; ', 'codec_recon_0=0.012337; ', 'estimated_kb_0=1123.192261; ', 'bpp_0=6.530188; ', 'mse_1=0.002439; ', 'lpips_1=0.000987; ', 'codec_recon_1=0.260729; ', 'estimated_kb_1=278.189972; ', 'bpp_1=0.323477; ', 'mse_2=0.002322; ', 'lpips_2=0.000892; ', 'codec_recon_2=0.044166; ', 'estimated_kb_2=1112.629028; ', 'bpp_2=0.308037; ']
aux step[928] ; loss/aux = 23590.541016
train step[929/5000] ; used: 15m:32s; eta: 1h:8m:2s; loss = 0.090989; ['mse_0=0.001222; ', 'lpips_0=0.000816; ', 'codec_recon_0=0.013465; ', 'estimated_kb_0=1106.856689; ', 'bpp_0=6.435214; ', 'mse_1=0.001083; ', 'lpips_1=0.000716; ', 'codec_recon_1=0.230094; ', 'estimated_kb_1=276.772583; ', 'bpp_1=0.321829; ', 'mse_2=0.000974; ', 'lpips_2=0.000660; ', 'codec_recon_2=0.041498; ', 'estimated_kb_2=1101.484009; ', 'bpp_2=0.304951; ']
aux step[929] ; loss/aux = 23590.539062
train step[930/5000] ; used: 15m:33s; eta: 1h:8m:1s; loss = 0.086638; ['mse_0=0.001175; ', 'lpips_0=0.000889; ', 'codec_recon_0=0.014298; ', 'estimated_kb_0=1100.291870; ', 'bpp_0=6.397046; ', 'mse_1=0.000966; ', 'lpips_1=0.000757; ', 'codec_recon_1=0.210330; ', 'estimated_kb_1=276.016235; ', 'bpp_1=0.320949; ', 'mse_2=0.000869; ', 'lpips_2=0.000712; ', 'codec_recon_2=0.046272; ', 'estimated_kb_2=1098.774536; ', 'bpp_2=0.304201; ']
aux step[930] ; loss/aux = 23590.539062
train step[931/5000] ; used: 15m:34s; eta: 1h:8m; loss = 0.080082; ['mse_0=0.000778; ', 'lpips_0=0.000789; ', 'codec_recon_0=0.012755; ', 'estimated_kb_0=1107.008667; ', 'bpp_0=6.436097; ', 'mse_1=0.000635; ', 'lpips_1=0.000659; ', 'codec_recon_1=0.199017; ', 'estimated_kb_1=277.101929; ', 'bpp_1=0.322212; ', 'mse_2=0.000564; ', 'lpips_2=0.000613; ', 'codec_recon_2=0.041708; ', 'estimated_kb_2=1101.760376; ', 'bpp_2=0.305028; ']
aux step[931] ; loss/aux = 23590.537109
train step[932/5000] ; used: 15m:35s; eta: 1h:7m:59s; loss = 0.106449; ['mse_0=0.000650; ', 'lpips_0=0.000885; ', 'codec_recon_0=0.016001; ', 'estimated_kb_0=1106.177490; ', 'bpp_0=6.431264; ', 'mse_1=0.000571; ', 'lpips_1=0.000765; ', 'codec_recon_1=0.271425; ', 'estimated_kb_1=275.458679; ', 'bpp_1=0.320301; ', 'mse_2=0.000491; ', 'lpips_2=0.000672; ', 'codec_recon_2=0.053956; ', 'estimated_kb_2=1101.499146; ', 'bpp_2=0.304955; ']
aux step[932] ; loss/aux = 23590.537109
train step[933/5000] ; used: 15m:36s; eta: 1h:7m:58s; loss = 0.101623; ['mse_0=0.003859; ', 'lpips_0=0.001136; ', 'codec_recon_0=0.013086; ', 'estimated_kb_0=1102.228149; ', 'bpp_0=6.408303; ', 'mse_1=0.003477; ', 'lpips_1=0.001044; ', 'codec_recon_1=0.241374; ', 'estimated_kb_1=277.284607; ', 'bpp_1=0.322424; ', 'mse_2=0.003285; ', 'lpips_2=0.000956; ', 'codec_recon_2=0.038430; ', 'estimated_kb_2=1099.600708; ', 'bpp_2=0.304430; ']
aux step[933] ; loss/aux = 23590.537109
train step[934/5000] ; used: 15m:37s; eta: 1h:7m:57s; loss = 0.098977; ['mse_0=0.003822; ', 'lpips_0=0.001136; ', 'codec_recon_0=0.014881; ', 'estimated_kb_0=1111.643066; ', 'bpp_0=6.463041; ', 'mse_1=0.003746; ', 'lpips_1=0.001056; ', 'codec_recon_1=0.219554; ', 'estimated_kb_1=277.007355; ', 'bpp_1=0.322102; ', 'mse_2=0.003730; ', 'lpips_2=0.000998; ', 'codec_recon_2=0.047193; ', 'estimated_kb_2=1102.730103; ', 'bpp_2=0.305296; ']
aux step[934] ; loss/aux = 23590.535156
train step[935/5000] ; used: 15m:38s; eta: 1h:7m:57s; loss = 0.090550; ['mse_0=0.001552; ', 'lpips_0=0.000812; ', 'codec_recon_0=0.011608; ', 'estimated_kb_0=1114.093140; ', 'bpp_0=6.477286; ', 'mse_1=0.001227; ', 'lpips_1=0.000686; ', 'codec_recon_1=0.226871; ', 'estimated_kb_1=277.918030; ', 'bpp_1=0.323160; ', 'mse_2=0.001039; ', 'lpips_2=0.000594; ', 'codec_recon_2=0.043656; ', 'estimated_kb_2=1107.664307; ', 'bpp_2=0.306662; ']
aux step[935] ; loss/aux = 23590.535156
train step[936/5000] ; used: 15m:39s; eta: 1h:7m:55s; loss = 0.080837; ['mse_0=0.000408; ', 'lpips_0=0.000867; ', 'codec_recon_0=0.015515; ', 'estimated_kb_0=1095.867432; ', 'bpp_0=6.371322; ', 'mse_1=0.000370; ', 'lpips_1=0.000787; ', 'codec_recon_1=0.193433; ', 'estimated_kb_1=274.834198; ', 'bpp_1=0.319575; ', 'mse_2=0.000355; ', 'lpips_2=0.000768; ', 'codec_recon_2=0.048654; ', 'estimated_kb_2=1096.433105; ', 'bpp_2=0.303553; ']
aux step[936] ; loss/aux = 23590.533203
train step[937/5000] ; used: 15m:40s; eta: 1h:7m:54s; loss = 0.093853; ['mse_0=0.000448; ', 'lpips_0=0.000753; ', 'codec_recon_0=0.012935; ', 'estimated_kb_0=1090.374023; ', 'bpp_0=6.339384; ', 'mse_1=0.000308; ', 'lpips_1=0.000621; ', 'codec_recon_1=0.243336; ', 'estimated_kb_1=274.466217; ', 'bpp_1=0.319147; ', 'mse_2=0.000224; ', 'lpips_2=0.000551; ', 'codec_recon_2=0.046891; ', 'estimated_kb_2=1090.401245; ', 'bpp_2=0.301883; ']
aux step[937] ; loss/aux = 23590.533203
train step[938/5000] ; used: 15m:41s; eta: 1h:7m:53s; loss = 0.114285; ['mse_0=0.001372; ', 'lpips_0=0.000678; ', 'codec_recon_0=0.018633; ', 'estimated_kb_0=1128.434570; ', 'bpp_0=6.560666; ', 'mse_1=0.000965; ', 'lpips_1=0.000513; ', 'codec_recon_1=0.300583; ', 'estimated_kb_1=278.902344; ', 'bpp_1=0.324305; ', 'mse_2=0.000748; ', 'lpips_2=0.000399; ', 'codec_recon_2=0.046149; ', 'estimated_kb_2=1112.824097; ', 'bpp_2=0.308091; ']
aux step[938] ; loss/aux = 23590.531250
train step[939/5000] ; used: 15m:42s; eta: 1h:7m:52s; loss = 0.112007; ['mse_0=0.001244; ', 'lpips_0=0.000948; ', 'codec_recon_0=0.012819; ', 'estimated_kb_0=1123.667358; ', 'bpp_0=6.532949; ', 'mse_1=0.000954; ', 'lpips_1=0.000805; ', 'codec_recon_1=0.298444; ', 'estimated_kb_1=277.959381; ', 'bpp_1=0.323209; ', 'mse_2=0.000719; ', 'lpips_2=0.000655; ', 'codec_recon_2=0.044341; ', 'estimated_kb_2=1111.148193; ', 'bpp_2=0.307627; ']
aux step[939] ; loss/aux = 23590.531250
train step[940/5000] ; used: 15m:43s; eta: 1h:7m:51s; loss = 0.099744; ['mse_0=0.000861; ', 'lpips_0=0.000959; ', 'codec_recon_0=0.014113; ', 'estimated_kb_0=1113.211182; ', 'bpp_0=6.472158; ', 'mse_1=0.000725; ', 'lpips_1=0.000829; ', 'codec_recon_1=0.247717; ', 'estimated_kb_1=277.069244; ', 'bpp_1=0.322174; ', 'mse_2=0.000659; ', 'lpips_2=0.000747; ', 'codec_recon_2=0.054719; ', 'estimated_kb_2=1105.781128; ', 'bpp_2=0.306141; ']
aux step[940] ; loss/aux = 23590.531250
train step[941/5000] ; used: 15m:44s; eta: 1h:7m:50s; loss = 0.085667; ['mse_0=0.000801; ', 'lpips_0=0.000733; ', 'codec_recon_0=0.012842; ', 'estimated_kb_0=1104.053955; ', 'bpp_0=6.418919; ', 'mse_1=0.000654; ', 'lpips_1=0.000635; ', 'codec_recon_1=0.215501; ', 'estimated_kb_1=276.282806; ', 'bpp_1=0.321259; ', 'mse_2=0.000557; ', 'lpips_2=0.000563; ', 'codec_recon_2=0.044067; ', 'estimated_kb_2=1099.823730; ', 'bpp_2=0.304492; ']
aux step[941] ; loss/aux = 23590.529297
train step[942/5000] ; used: 15m:45s; eta: 1h:7m:49s; loss = 0.108965; ['mse_0=0.001086; ', 'lpips_0=0.000979; ', 'codec_recon_0=0.014574; ', 'estimated_kb_0=1120.591309; ', 'bpp_0=6.515066; ', 'mse_1=0.000894; ', 'lpips_1=0.000840; ', 'codec_recon_1=0.282640; ', 'estimated_kb_1=277.358887; ', 'bpp_1=0.322510; ', 'mse_2=0.000723; ', 'lpips_2=0.000697; ', 'codec_recon_2=0.048610; ', 'estimated_kb_2=1111.518555; ', 'bpp_2=0.307729; ']
aux step[942] ; loss/aux = 23590.529297
train step[943/5000] ; used: 15m:46s; eta: 1h:7m:48s; loss = 0.085289; ['mse_0=0.000686; ', 'lpips_0=0.000680; ', 'codec_recon_0=0.011563; ', 'estimated_kb_0=1110.380005; ', 'bpp_0=6.455698; ', 'mse_1=0.000579; ', 'lpips_1=0.000580; ', 'codec_recon_1=0.217830; ', 'estimated_kb_1=277.168030; ', 'bpp_1=0.322288; ', 'mse_2=0.000500; ', 'lpips_2=0.000512; ', 'codec_recon_2=0.043113; ', 'estimated_kb_2=1102.930908; ', 'bpp_2=0.305352; ']
aux step[943] ; loss/aux = 23590.529297
train step[944/5000] ; used: 15m:47s; eta: 1h:7m:47s; loss = 0.098309; ['mse_0=0.001218; ', 'lpips_0=0.000830; ', 'codec_recon_0=0.016856; ', 'estimated_kb_0=1093.049683; ', 'bpp_0=6.354939; ', 'mse_1=0.001023; ', 'lpips_1=0.000722; ', 'codec_recon_1=0.251507; ', 'estimated_kb_1=274.805023; ', 'bpp_1=0.319541; ', 'mse_2=0.000888; ', 'lpips_2=0.000636; ', 'codec_recon_2=0.041609; ', 'estimated_kb_2=1094.264893; ', 'bpp_2=0.302953; ']
aux step[944] ; loss/aux = 23590.527344
train step[945/5000] ; used: 15m:48s; eta: 1h:7m:46s; loss = 0.121258; ['mse_0=0.001513; ', 'lpips_0=0.001073; ', 'codec_recon_0=0.013254; ', 'estimated_kb_0=1132.536133; ', 'bpp_0=6.584512; ', 'mse_1=0.001204; ', 'lpips_1=0.000938; ', 'codec_recon_1=0.322287; ', 'estimated_kb_1=279.201385; ', 'bpp_1=0.324653; ', 'mse_2=0.000891; ', 'lpips_2=0.000676; ', 'codec_recon_2=0.047668; ', 'estimated_kb_2=1119.628784; ', 'bpp_2=0.309975; ']
aux step[945] ; loss/aux = 23590.527344
train step[946/5000] ; used: 15m:50s; eta: 1h:7m:47s; loss = 0.084281; ['mse_0=0.000926; ', 'lpips_0=0.000724; ', 'codec_recon_0=0.012179; ', 'estimated_kb_0=1098.168335; ', 'bpp_0=6.384699; ', 'mse_1=0.000716; ', 'lpips_1=0.000609; ', 'codec_recon_1=0.214498; ', 'estimated_kb_1=276.376617; ', 'bpp_1=0.321368; ', 'mse_2=0.000572; ', 'lpips_2=0.000524; ', 'codec_recon_2=0.040690; ', 'estimated_kb_2=1095.961914; ', 'bpp_2=0.303422; ']
aux step[946] ; loss/aux = 23590.527344
train step[947/5000] ; used: 15m:51s; eta: 1h:7m:46s; loss = 0.086989; ['mse_0=0.000714; ', 'lpips_0=0.000580; ', 'codec_recon_0=0.011480; ', 'estimated_kb_0=1119.384888; ', 'bpp_0=6.508051; ', 'mse_1=0.000529; ', 'lpips_1=0.000442; ', 'codec_recon_1=0.220799; ', 'estimated_kb_1=277.259033; ', 'bpp_1=0.322394; ', 'mse_2=0.000424; ', 'lpips_2=0.000360; ', 'codec_recon_2=0.047524; ', 'estimated_kb_2=1106.221802; ', 'bpp_2=0.306263; ']
aux step[947] ; loss/aux = 23590.525391
train step[948/5000] ; used: 15m:52s; eta: 1h:7m:45s; loss = 0.117041; ['mse_0=0.001288; ', 'lpips_0=0.000952; ', 'codec_recon_0=0.013331; ', 'estimated_kb_0=1122.085083; ', 'bpp_0=6.523750; ', 'mse_1=0.001106; ', 'lpips_1=0.000866; ', 'codec_recon_1=0.313068; ', 'estimated_kb_1=277.285370; ', 'bpp_1=0.322425; ', 'mse_2=0.000876; ', 'lpips_2=0.000711; ', 'codec_recon_2=0.044413; ', 'estimated_kb_2=1111.439453; ', 'bpp_2=0.307707; ']
aux step[948] ; loss/aux = 23590.523438
train step[949/5000] ; used: 15m:53s; eta: 1h:7m:44s; loss = 0.085834; ['mse_0=0.001266; ', 'lpips_0=0.000614; ', 'codec_recon_0=0.011702; ', 'estimated_kb_0=1114.217407; ', 'bpp_0=6.478008; ', 'mse_1=0.001049; ', 'lpips_1=0.000511; ', 'codec_recon_1=0.220911; ', 'estimated_kb_1=277.814270; ', 'bpp_1=0.323040; ', 'mse_2=0.000945; ', 'lpips_2=0.000445; ', 'codec_recon_2=0.037398; ', 'estimated_kb_2=1105.730835; ', 'bpp_2=0.306127; ']
aux step[949] ; loss/aux = 23590.523438
train step[950/5000] ; used: 15m:54s; eta: 1h:7m:43s; loss = 0.088098; ['mse_0=0.001031; ', 'lpips_0=0.000947; ', 'codec_recon_0=0.018000; ', 'estimated_kb_0=1093.997437; ', 'bpp_0=6.360450; ', 'mse_1=0.000842; ', 'lpips_1=0.000853; ', 'codec_recon_1=0.208702; ', 'estimated_kb_1=274.628662; ', 'bpp_1=0.319336; ', 'mse_2=0.000800; ', 'lpips_2=0.000826; ', 'codec_recon_2=0.049295; ', 'estimated_kb_2=1097.307617; ', 'bpp_2=0.303795; ']
aux step[950] ; loss/aux = 23590.523438
train step[951/5000] ; used: 15m:55s; eta: 1h:7m:42s; loss = 0.088713; ['mse_0=0.001248; ', 'lpips_0=0.000735; ', 'codec_recon_0=0.010776; ', 'estimated_kb_0=1128.539429; ', 'bpp_0=6.561275; ', 'mse_1=0.000943; ', 'lpips_1=0.000601; ', 'codec_recon_1=0.225949; ', 'estimated_kb_1=278.587402; ', 'bpp_1=0.323939; ', 'mse_2=0.000783; ', 'lpips_2=0.000499; ', 'codec_recon_2=0.042955; ', 'estimated_kb_2=1113.340698; ', 'bpp_2=0.308234; ']
aux step[951] ; loss/aux = 23590.523438
train step[952/5000] ; used: 15m:56s; eta: 1h:7m:41s; loss = 0.086827; ['mse_0=0.000651; ', 'lpips_0=0.000696; ', 'codec_recon_0=0.011479; ', 'estimated_kb_0=1111.668335; ', 'bpp_0=6.463188; ', 'mse_1=0.000504; ', 'lpips_1=0.000560; ', 'codec_recon_1=0.223314; ', 'estimated_kb_1=276.831451; ', 'bpp_1=0.321897; ', 'mse_2=0.000410; ', 'lpips_2=0.000478; ', 'codec_recon_2=0.043625; ', 'estimated_kb_2=1103.603882; ', 'bpp_2=0.305538; ']
aux step[952] ; loss/aux = 23590.521484
train step[953/5000] ; used: 15m:57s; eta: 1h:7m:40s; loss = 0.094798; ['mse_0=0.002011; ', 'lpips_0=0.001103; ', 'codec_recon_0=0.015581; ', 'estimated_kb_0=1105.380005; ', 'bpp_0=6.426628; ', 'mse_1=0.001908; ', 'lpips_1=0.000983; ', 'codec_recon_1=0.229648; ', 'estimated_kb_1=276.752533; ', 'bpp_1=0.321805; ', 'mse_2=0.001832; ', 'lpips_2=0.000885; ', 'codec_recon_2=0.041692; ', 'estimated_kb_2=1101.483398; ', 'bpp_2=0.304951; ']
aux step[953] ; loss/aux = 23590.521484
train step[954/5000] ; used: 15m:58s; eta: 1h:7m:39s; loss = 0.092040; ['mse_0=0.001405; ', 'lpips_0=0.000810; ', 'codec_recon_0=0.013021; ', 'estimated_kb_0=1116.724121; ', 'bpp_0=6.492582; ', 'mse_1=0.001334; ', 'lpips_1=0.000700; ', 'codec_recon_1=0.227290; ', 'estimated_kb_1=277.184753; ', 'bpp_1=0.322308; ', 'mse_2=0.001241; ', 'lpips_2=0.000644; ', 'codec_recon_2=0.046045; ', 'estimated_kb_2=1107.030151; ', 'bpp_2=0.306487; ']
aux step[954] ; loss/aux = 23590.519531
train step[955/5000] ; used: 15m:59s; eta: 1h:7m:38s; loss = 0.080246; ['mse_0=0.000483; ', 'lpips_0=0.000708; ', 'codec_recon_0=0.013250; ', 'estimated_kb_0=1094.871582; ', 'bpp_0=6.365532; ', 'mse_1=0.000359; ', 'lpips_1=0.000584; ', 'codec_recon_1=0.199971; ', 'estimated_kb_1=275.510712; ', 'bpp_1=0.320361; ', 'mse_2=0.000319; ', 'lpips_2=0.000524; ', 'codec_recon_2=0.044342; ', 'estimated_kb_2=1094.381226; ', 'bpp_2=0.302985; ']
aux step[955] ; loss/aux = 23590.519531
train step[956/5000] ; used: 16m; eta: 1h:7m:37s; loss = 0.114567; ['mse_0=0.001652; ', 'lpips_0=0.001109; ', 'codec_recon_0=0.011730; ', 'estimated_kb_0=1139.227417; ', 'bpp_0=6.623415; ', 'mse_1=0.001318; ', 'lpips_1=0.000934; ', 'codec_recon_1=0.307931; ', 'estimated_kb_1=279.209106; ', 'bpp_1=0.324662; ', 'mse_2=0.000975; ', 'lpips_2=0.000688; ', 'codec_recon_2=0.039972; ', 'estimated_kb_2=1119.613770; ', 'bpp_2=0.309971; ']
aux step[956] ; loss/aux = 23590.519531
train step[957/5000] ; used: 16m:1s; eta: 1h:7m:36s; loss = 0.082138; ['mse_0=0.000869; ', 'lpips_0=0.000963; ', 'codec_recon_0=0.013565; ', 'estimated_kb_0=1101.976074; ', 'bpp_0=6.406837; ', 'mse_1=0.000711; ', 'lpips_1=0.000844; ', 'codec_recon_1=0.197770; ', 'estimated_kb_1=275.882385; ', 'bpp_1=0.320793; ', 'mse_2=0.000677; ', 'lpips_2=0.000793; ', 'codec_recon_2=0.046275; ', 'estimated_kb_2=1100.253906; ', 'bpp_2=0.304611; ']
aux step[957] ; loss/aux = 23590.517578
train step[958/5000] ; used: 16m:2s; eta: 1h:7m:35s; loss = 0.084114; ['mse_0=0.001138; ', 'lpips_0=0.000780; ', 'codec_recon_0=0.013894; ', 'estimated_kb_0=1096.829834; ', 'bpp_0=6.376917; ', 'mse_1=0.000921; ', 'lpips_1=0.000663; ', 'codec_recon_1=0.208339; ', 'estimated_kb_1=275.638611; ', 'bpp_1=0.320510; ', 'mse_2=0.000834; ', 'lpips_2=0.000596; ', 'codec_recon_2=0.041708; ', 'estimated_kb_2=1096.413330; ', 'bpp_2=0.303547; ']
aux step[958] ; loss/aux = 23590.517578
train step[959/5000] ; used: 16m:3s; eta: 1h:7m:34s; loss = 0.119155; ['mse_0=0.005572; ', 'lpips_0=0.001526; ', 'codec_recon_0=0.014573; ', 'estimated_kb_0=1109.030640; ', 'bpp_0=6.447853; ', 'mse_1=0.005469; ', 'lpips_1=0.001397; ', 'codec_recon_1=0.266256; ', 'estimated_kb_1=276.695709; ', 'bpp_1=0.321739; ', 'mse_2=0.005374; ', 'lpips_2=0.001294; ', 'codec_recon_2=0.047581; ', 'estimated_kb_2=1105.047974; ', 'bpp_2=0.305938; ']
aux step[959] ; loss/aux = 23590.515625
train step[960/5000] ; used: 16m:4s; eta: 1h:7m:33s; loss = 0.099038; ['mse_0=0.000888; ', 'lpips_0=0.000875; ', 'codec_recon_0=0.013028; ', 'estimated_kb_0=1109.931152; ', 'bpp_0=6.453088; ', 'mse_1=0.000818; ', 'lpips_1=0.000775; ', 'codec_recon_1=0.249817; ', 'estimated_kb_1=275.315063; ', 'bpp_1=0.320134; ', 'mse_2=0.000758; ', 'lpips_2=0.000687; ', 'codec_recon_2=0.051275; ', 'estimated_kb_2=1102.359253; ', 'bpp_2=0.305194; ']
aux step[960] ; loss/aux = 23590.515625
train step[961/5000] ; used: 16m:5s; eta: 1h:7m:32s; loss = 0.104035; ['mse_0=0.000870; ', 'lpips_0=0.000906; ', 'codec_recon_0=0.011259; ', 'estimated_kb_0=1128.790039; ', 'bpp_0=6.562733; ', 'mse_1=0.000726; ', 'lpips_1=0.000765; ', 'codec_recon_1=0.273101; ', 'estimated_kb_1=278.444122; ', 'bpp_1=0.323772; ', 'mse_2=0.000575; ', 'lpips_2=0.000644; ', 'codec_recon_2=0.047471; ', 'estimated_kb_2=1113.581787; ', 'bpp_2=0.308301; ']
aux step[961] ; loss/aux = 23590.515625
train step[962/5000] ; used: 16m:6s; eta: 1h:7m:31s; loss = 0.091580; ['mse_0=0.002256; ', 'lpips_0=0.000886; ', 'codec_recon_0=0.013960; ', 'estimated_kb_0=1119.739380; ', 'bpp_0=6.510113; ', 'mse_1=0.001910; ', 'lpips_1=0.000759; ', 'codec_recon_1=0.222501; ', 'estimated_kb_1=278.126282; ', 'bpp_1=0.323403; ', 'mse_2=0.001784; ', 'lpips_2=0.000680; ', 'codec_recon_2=0.041220; ', 'estimated_kb_2=1110.091797; ', 'bpp_2=0.307334; ']
aux step[962] ; loss/aux = 23590.513672
train step[963/5000] ; used: 16m:7s; eta: 1h:7m:30s; loss = 0.112949; ['mse_0=0.001629; ', 'lpips_0=0.000801; ', 'codec_recon_0=0.013548; ', 'estimated_kb_0=1127.891113; ', 'bpp_0=6.557507; ', 'mse_1=0.001280; ', 'lpips_1=0.000654; ', 'codec_recon_1=0.300853; ', 'estimated_kb_1=278.165649; ', 'bpp_1=0.323448; ', 'mse_2=0.000938; ', 'lpips_2=0.000444; ', 'codec_recon_2=0.042943; ', 'estimated_kb_2=1111.190796; ', 'bpp_2=0.307639; ']
aux step[963] ; loss/aux = 23590.511719
train step[964/5000] ; used: 16m:8s; eta: 1h:7m:29s; loss = 0.097595; ['mse_0=0.002280; ', 'lpips_0=0.000868; ', 'codec_recon_0=0.010599; ', 'estimated_kb_0=1133.401001; ', 'bpp_0=6.589540; ', 'mse_1=0.001813; ', 'lpips_1=0.000739; ', 'codec_recon_1=0.247953; ', 'estimated_kb_1=279.862061; ', 'bpp_1=0.325421; ', 'mse_2=0.001547; ', 'lpips_2=0.000607; ', 'codec_recon_2=0.040579; ', 'estimated_kb_2=1118.778198; ', 'bpp_2=0.309739; ']
aux step[964] ; loss/aux = 23590.511719
train step[965/5000] ; used: 16m:9s; eta: 1h:7m:28s; loss = 0.112371; ['mse_0=0.000750; ', 'lpips_0=0.001068; ', 'codec_recon_0=0.014258; ', 'estimated_kb_0=1111.453857; ', 'bpp_0=6.461941; ', 'mse_1=0.000601; ', 'lpips_1=0.000920; ', 'codec_recon_1=0.290208; ', 'estimated_kb_1=276.584412; ', 'bpp_1=0.321610; ', 'mse_2=0.000501; ', 'lpips_2=0.000817; ', 'codec_recon_2=0.054578; ', 'estimated_kb_2=1106.000122; ', 'bpp_2=0.306202; ']
aux step[965] ; loss/aux = 23590.511719
train step[966/5000] ; used: 16m:10s; eta: 1h:7m:27s; loss = 0.118342; ['mse_0=0.005323; ', 'lpips_0=0.001344; ', 'codec_recon_0=0.012144; ', 'estimated_kb_0=1120.134888; ', 'bpp_0=6.512412; ', 'mse_1=0.005037; ', 'lpips_1=0.001236; ', 'codec_recon_1=0.275149; ', 'estimated_kb_1=277.886871; ', 'bpp_1=0.323124; ', 'mse_2=0.004938; ', 'lpips_2=0.001110; ', 'codec_recon_2=0.043885; ', 'estimated_kb_2=1108.927856; ', 'bpp_2=0.307012; ']
aux step[966] ; loss/aux = 23590.509766
train step[967/5000] ; used: 16m:11s; eta: 1h:7m:26s; loss = 0.108886; ['mse_0=0.000785; ', 'lpips_0=0.000878; ', 'codec_recon_0=0.013291; ', 'estimated_kb_0=1117.394409; ', 'bpp_0=6.496479; ', 'mse_1=0.000599; ', 'lpips_1=0.000703; ', 'codec_recon_1=0.287204; ', 'estimated_kb_1=276.461487; ', 'bpp_1=0.321467; ', 'mse_2=0.000472; ', 'lpips_2=0.000555; ', 'codec_recon_2=0.049153; ', 'estimated_kb_2=1108.599731; ', 'bpp_2=0.306921; ']
aux step[967] ; loss/aux = 23590.507812
train step[968/5000] ; used: 16m:12s; eta: 1h:7m:25s; loss = 0.092945; ['mse_0=0.001076; ', 'lpips_0=0.000821; ', 'codec_recon_0=0.011654; ', 'estimated_kb_0=1123.447144; ', 'bpp_0=6.531670; ', 'mse_1=0.000934; ', 'lpips_1=0.000723; ', 'codec_recon_1=0.234536; ', 'estimated_kb_1=277.637268; ', 'bpp_1=0.322834; ', 'mse_2=0.000843; ', 'lpips_2=0.000644; ', 'codec_recon_2=0.046821; ', 'estimated_kb_2=1110.843994; ', 'bpp_2=0.307543; ']
aux step[968] ; loss/aux = 23590.507812
train step[969/5000] ; used: 16m:13s; eta: 1h:7m:24s; loss = 0.114495; ['mse_0=0.001980; ', 'lpips_0=0.001226; ', 'codec_recon_0=0.013847; ', 'estimated_kb_0=1123.906616; ', 'bpp_0=6.534341; ', 'mse_1=0.001623; ', 'lpips_1=0.001045; ', 'codec_recon_1=0.293814; ', 'estimated_kb_1=278.204773; ', 'bpp_1=0.323494; ', 'mse_2=0.001435; ', 'lpips_2=0.000863; ', 'codec_recon_2=0.046753; ', 'estimated_kb_2=1114.493408; ', 'bpp_2=0.308553; ']
aux step[969] ; loss/aux = 23590.507812
train step[970/5000] ; used: 16m:14s; eta: 1h:7m:23s; loss = 0.075225; ['mse_0=0.000608; ', 'lpips_0=0.000723; ', 'codec_recon_0=0.012430; ', 'estimated_kb_0=1091.712891; ', 'bpp_0=6.347168; ', 'mse_1=0.000518; ', 'lpips_1=0.000617; ', 'codec_recon_1=0.187776; ', 'estimated_kb_1=275.049896; ', 'bpp_1=0.319825; ', 'mse_2=0.000461; ', 'lpips_2=0.000571; ', 'codec_recon_2=0.038882; ', 'estimated_kb_2=1094.598633; ', 'bpp_2=0.303045; ']
aux step[970] ; loss/aux = 23590.507812
train step[971/5000] ; used: 16m:15s; eta: 1h:7m:22s; loss = 0.097652; ['mse_0=0.004077; ', 'lpips_0=0.001290; ', 'codec_recon_0=0.013004; ', 'estimated_kb_0=1103.912964; ', 'bpp_0=6.418099; ', 'mse_1=0.003952; ', 'lpips_1=0.001172; ', 'codec_recon_1=0.215581; ', 'estimated_kb_1=276.813232; ', 'bpp_1=0.321876; ', 'mse_2=0.003925; ', 'lpips_2=0.001101; ', 'codec_recon_2=0.045199; ', 'estimated_kb_2=1102.376099; ', 'bpp_2=0.305198; ']
aux step[971] ; loss/aux = 23590.505859
train step[972/5000] ; used: 16m:16s; eta: 1h:7m:21s; loss = 0.113971; ['mse_0=0.001493; ', 'lpips_0=0.000955; ', 'codec_recon_0=0.012100; ', 'estimated_kb_0=1119.849243; ', 'bpp_0=6.510751; ', 'mse_1=0.001240; ', 'lpips_1=0.000854; ', 'codec_recon_1=0.306498; ', 'estimated_kb_1=277.461975; ', 'bpp_1=0.322630; ', 'mse_2=0.000998; ', 'lpips_2=0.000683; ', 'codec_recon_2=0.040564; ', 'estimated_kb_2=1110.367920; ', 'bpp_2=0.307411; ']
aux step[972] ; loss/aux = 23590.505859
train step[973/5000] ; used: 16m:17s; eta: 1h:7m:20s; loss = 0.084179; ['mse_0=0.000362; ', 'lpips_0=0.000595; ', 'codec_recon_0=0.011366; ', 'estimated_kb_0=1109.196777; ', 'bpp_0=6.448818; ', 'mse_1=0.000260; ', 'lpips_1=0.000478; ', 'codec_recon_1=0.216603; ', 'estimated_kb_1=275.713531; ', 'bpp_1=0.320597; ', 'mse_2=0.000208; ', 'lpips_2=0.000401; ', 'codec_recon_2=0.044950; ', 'estimated_kb_2=1098.893066; ', 'bpp_2=0.304234; ']
aux step[973] ; loss/aux = 23590.503906
train step[974/5000] ; used: 16m:18s; eta: 1h:7m:19s; loss = 0.090820; ['mse_0=0.001520; ', 'lpips_0=0.000836; ', 'codec_recon_0=0.012840; ', 'estimated_kb_0=1114.434204; ', 'bpp_0=6.479269; ', 'mse_1=0.001123; ', 'lpips_1=0.000659; ', 'codec_recon_1=0.231415; ', 'estimated_kb_1=277.908203; ', 'bpp_1=0.323149; ', 'mse_2=0.000952; ', 'lpips_2=0.000556; ', 'codec_recon_2=0.039657; ', 'estimated_kb_2=1107.367798; ', 'bpp_2=0.306580; ']
aux step[974] ; loss/aux = 23590.503906
train step[975/5000] ; used: 16m:19s; eta: 1h:7m:18s; loss = 0.128976; ['mse_0=0.010057; ', 'lpips_0=0.001627; ', 'codec_recon_0=0.016051; ', 'estimated_kb_0=1118.398682; ', 'bpp_0=6.502317; ', 'mse_1=0.009249; ', 'lpips_1=0.001442; ', 'codec_recon_1=0.249348; ', 'estimated_kb_1=277.374634; ', 'bpp_1=0.322529; ', 'mse_2=0.009089; ', 'lpips_2=0.001278; ', 'codec_recon_2=0.055376; ', 'estimated_kb_2=1109.786621; ', 'bpp_2=0.307250; ']
aux step[975] ; loss/aux = 23590.503906
train step[976/5000] ; used: 16m:20s; eta: 1h:7m:17s; loss = 0.090669; ['mse_0=0.002556; ', 'lpips_0=0.001035; ', 'codec_recon_0=0.011867; ', 'estimated_kb_0=1126.467041; ', 'bpp_0=6.549227; ', 'mse_1=0.002111; ', 'lpips_1=0.000910; ', 'codec_recon_1=0.216967; ', 'estimated_kb_1=278.493164; ', 'bpp_1=0.323829; ', 'mse_2=0.001963; ', 'lpips_2=0.000828; ', 'codec_recon_2=0.042057; ', 'estimated_kb_2=1115.869385; ', 'bpp_2=0.308934; ']
aux step[976] ; loss/aux = 23590.503906
train step[977/5000] ; used: 16m:21s; eta: 1h:7m:16s; loss = 0.100307; ['mse_0=0.001532; ', 'lpips_0=0.000928; ', 'codec_recon_0=0.012580; ', 'estimated_kb_0=1122.530273; ', 'bpp_0=6.526339; ', 'mse_1=0.001264; ', 'lpips_1=0.000833; ', 'codec_recon_1=0.253942; ', 'estimated_kb_1=277.876160; ', 'bpp_1=0.323112; ', 'mse_2=0.001017; ', 'lpips_2=0.000690; ', 'codec_recon_2=0.046954; ', 'estimated_kb_2=1113.094604; ', 'bpp_2=0.308166; ']
aux step[977] ; loss/aux = 23590.500000
train step[978/5000] ; used: 16m:22s; eta: 1h:7m:14s; loss = 0.092543; ['mse_0=0.002338; ', 'lpips_0=0.001220; ', 'codec_recon_0=0.012876; ', 'estimated_kb_0=1112.404541; ', 'bpp_0=6.467468; ', 'mse_1=0.002238; ', 'lpips_1=0.001074; ', 'codec_recon_1=0.217941; ', 'estimated_kb_1=277.045166; ', 'bpp_1=0.322146; ', 'mse_2=0.002176; ', 'lpips_2=0.000992; ', 'codec_recon_2=0.044199; ', 'estimated_kb_2=1103.587769; ', 'bpp_2=0.305534; ']
aux step[978] ; loss/aux = 23590.500000
train step[979/5000] ; used: 16m:23s; eta: 1h:7m:14s; loss = 0.104169; ['mse_0=0.001291; ', 'lpips_0=0.000845; ', 'codec_recon_0=0.011989; ', 'estimated_kb_0=1119.886108; ', 'bpp_0=6.510966; ', 'mse_1=0.001087; ', 'lpips_1=0.000709; ', 'codec_recon_1=0.272962; ', 'estimated_kb_1=277.789429; ', 'bpp_1=0.323011; ', 'mse_2=0.000874; ', 'lpips_2=0.000576; ', 'codec_recon_2=0.044343; ', 'estimated_kb_2=1111.572998; ', 'bpp_2=0.307744; ']
aux step[979] ; loss/aux = 23590.500000
train step[980/5000] ; used: 16m:24s; eta: 1h:7m:13s; loss = 0.091388; ['mse_0=0.000952; ', 'lpips_0=0.000750; ', 'codec_recon_0=0.012001; ', 'estimated_kb_0=1113.646606; ', 'bpp_0=6.474689; ', 'mse_1=0.000791; ', 'lpips_1=0.000615; ', 'codec_recon_1=0.234684; ', 'estimated_kb_1=277.024780; ', 'bpp_1=0.322122; ', 'mse_2=0.000640; ', 'lpips_2=0.000526; ', 'codec_recon_2=0.043692; ', 'estimated_kb_2=1105.842407; ', 'bpp_2=0.306158; ']
aux step[980] ; loss/aux = 23590.500000
train step[981/5000] ; used: 16m:25s; eta: 1h:7m:12s; loss = 0.080575; ['mse_0=0.000479; ', 'lpips_0=0.000605; ', 'codec_recon_0=0.011878; ', 'estimated_kb_0=1102.944458; ', 'bpp_0=6.412468; ', 'mse_1=0.000366; ', 'lpips_1=0.000493; ', 'codec_recon_1=0.207540; ', 'estimated_kb_1=275.939362; ', 'bpp_1=0.320860; ', 'mse_2=0.000258; ', 'lpips_2=0.000416; ', 'codec_recon_2=0.040441; ', 'estimated_kb_2=1097.392700; ', 'bpp_2=0.303819; ']
aux step[981] ; loss/aux = 23590.498047
train step[982/5000] ; used: 16m:26s; eta: 1h:7m:10s; loss = 0.077889; ['mse_0=0.000747; ', 'lpips_0=0.000619; ', 'codec_recon_0=0.012595; ', 'estimated_kb_0=1093.981201; ', 'bpp_0=6.360356; ', 'mse_1=0.000585; ', 'lpips_1=0.000518; ', 'codec_recon_1=0.196737; ', 'estimated_kb_1=275.544342; ', 'bpp_1=0.320400; ', 'mse_2=0.000493; ', 'lpips_2=0.000473; ', 'codec_recon_2=0.038845; ', 'estimated_kb_2=1091.794067; ', 'bpp_2=0.302269; ']
aux step[982] ; loss/aux = 23590.498047
train step[983/5000] ; used: 16m:27s; eta: 1h:7m:9s; loss = 0.081779; ['mse_0=0.001155; ', 'lpips_0=0.000891; ', 'codec_recon_0=0.012550; ', 'estimated_kb_0=1103.178711; ', 'bpp_0=6.413830; ', 'mse_1=0.001034; ', 'lpips_1=0.000793; ', 'codec_recon_1=0.197595; ', 'estimated_kb_1=276.424469; ', 'bpp_1=0.321424; ', 'mse_2=0.000950; ', 'lpips_2=0.000712; ', 'codec_recon_2=0.044003; ', 'estimated_kb_2=1101.739990; ', 'bpp_2=0.305022; ']
aux step[983] ; loss/aux = 23590.496094
train step[984/5000] ; used: 16m:28s; eta: 1h:7m:8s; loss = 0.097009; ['mse_0=0.003195; ', 'lpips_0=0.001038; ', 'codec_recon_0=0.012574; ', 'estimated_kb_0=1111.785889; ', 'bpp_0=6.463871; ', 'mse_1=0.003008; ', 'lpips_1=0.000917; ', 'codec_recon_1=0.228241; ', 'estimated_kb_1=277.479065; ', 'bpp_1=0.322650; ', 'mse_2=0.002947; ', 'lpips_2=0.000857; ', 'codec_recon_2=0.042671; ', 'estimated_kb_2=1105.319092; ', 'bpp_2=0.306013; ']
aux step[984] ; loss/aux = 23590.496094
train step[985/5000] ; used: 16m:29s; eta: 1h:7m:7s; loss = 0.088542; ['mse_0=0.001189; ', 'lpips_0=0.000830; ', 'codec_recon_0=0.013856; ', 'estimated_kb_0=1109.509521; ', 'bpp_0=6.450637; ', 'mse_1=0.000933; ', 'lpips_1=0.000713; ', 'codec_recon_1=0.219281; ', 'estimated_kb_1=276.982025; ', 'bpp_1=0.322072; ', 'mse_2=0.000847; ', 'lpips_2=0.000632; ', 'codec_recon_2=0.044859; ', 'estimated_kb_2=1101.803589; ', 'bpp_2=0.305040; ']
aux step[985] ; loss/aux = 23590.496094
train step[986/5000] ; used: 16m:30s; eta: 1h:7m:6s; loss = 0.111823; ['mse_0=0.001273; ', 'lpips_0=0.001136; ', 'codec_recon_0=0.011710; ', 'estimated_kb_0=1114.269531; ', 'bpp_0=6.478311; ', 'mse_1=0.001050; ', 'lpips_1=0.000990; ', 'codec_recon_1=0.294558; ', 'estimated_kb_1=276.832489; ', 'bpp_1=0.321898; ', 'mse_2=0.000861; ', 'lpips_2=0.000816; ', 'codec_recon_2=0.046056; ', 'estimated_kb_2=1105.908936; ', 'bpp_2=0.306176; ']
aux step[986] ; loss/aux = 23590.494141
train step[987/5000] ; used: 16m:31s; eta: 1h:7m:5s; loss = 0.082492; ['mse_0=0.000752; ', 'lpips_0=0.000868; ', 'codec_recon_0=0.012000; ', 'estimated_kb_0=1102.052856; ', 'bpp_0=6.407284; ', 'mse_1=0.000654; ', 'lpips_1=0.000769; ', 'codec_recon_1=0.204673; ', 'estimated_kb_1=275.844177; ', 'bpp_1=0.320749; ', 'mse_2=0.000620; ', 'lpips_2=0.000709; ', 'codec_recon_2=0.043725; ', 'estimated_kb_2=1100.138184; ', 'bpp_2=0.304579; ']
aux step[987] ; loss/aux = 23590.492188
train step[988/5000] ; used: 16m:32s; eta: 1h:7m:4s; loss = 0.100978; ['mse_0=0.003905; ', 'lpips_0=0.001208; ', 'codec_recon_0=0.014599; ', 'estimated_kb_0=1115.554565; ', 'bpp_0=6.485782; ', 'mse_1=0.003141; ', 'lpips_1=0.001048; ', 'codec_recon_1=0.237032; ', 'estimated_kb_1=277.836639; ', 'bpp_1=0.323066; ', 'mse_2=0.002994; ', 'lpips_2=0.000964; ', 'codec_recon_2=0.040761; ', 'estimated_kb_2=1107.008179; ', 'bpp_2=0.306481; ']
aux step[988] ; loss/aux = 23590.492188
train step[989/5000] ; used: 16m:33s; eta: 1h:7m:3s; loss = 0.099092; ['mse_0=0.001118; ', 'lpips_0=0.000843; ', 'codec_recon_0=0.012706; ', 'estimated_kb_0=1101.224487; ', 'bpp_0=6.402468; ', 'mse_1=0.000900; ', 'lpips_1=0.000721; ', 'codec_recon_1=0.259228; ', 'estimated_kb_1=276.170685; ', 'bpp_1=0.321129; ', 'mse_2=0.000686; ', 'lpips_2=0.000624; ', 'codec_recon_2=0.042069; ', 'estimated_kb_2=1101.046509; ', 'bpp_2=0.304830; ']
aux step[989] ; loss/aux = 23590.492188
train step[990/5000] ; used: 16m:34s; eta: 1h:7m:2s; loss = 0.106754; ['mse_0=0.001600; ', 'lpips_0=0.001039; ', 'codec_recon_0=0.014622; ', 'estimated_kb_0=1121.630615; ', 'bpp_0=6.521108; ', 'mse_1=0.001417; ', 'lpips_1=0.000909; ', 'codec_recon_1=0.268597; ', 'estimated_kb_1=278.918915; ', 'bpp_1=0.324324; ', 'mse_2=0.001263; ', 'lpips_2=0.000761; ', 'codec_recon_2=0.049329; ', 'estimated_kb_2=1114.586548; ', 'bpp_2=0.308579; ']
aux step[990] ; loss/aux = 23590.492188
train step[991/5000] ; used: 16m:35s; eta: 1h:7m:1s; loss = 0.106235; ['mse_0=0.003343; ', 'lpips_0=0.001182; ', 'codec_recon_0=0.014158; ', 'estimated_kb_0=1120.735107; ', 'bpp_0=6.515902; ', 'mse_1=0.003123; ', 'lpips_1=0.001039; ', 'codec_recon_1=0.250908; ', 'estimated_kb_1=277.792267; ', 'bpp_1=0.323014; ', 'mse_2=0.002980; ', 'lpips_2=0.000924; ', 'codec_recon_2=0.047080; ', 'estimated_kb_2=1110.381592; ', 'bpp_2=0.307415; ']
aux step[991] ; loss/aux = 23590.492188
train step[992/5000] ; used: 16m:36s; eta: 1h:7m; loss = 0.085591; ['mse_0=0.001344; ', 'lpips_0=0.000674; ', 'codec_recon_0=0.012872; ', 'estimated_kb_0=1108.777466; ', 'bpp_0=6.446381; ', 'mse_1=0.000998; ', 'lpips_1=0.000552; ', 'codec_recon_1=0.217504; ', 'estimated_kb_1=277.538452; ', 'bpp_1=0.322719; ', 'mse_2=0.000848; ', 'lpips_2=0.000479; ', 'codec_recon_2=0.038612; ', 'estimated_kb_2=1102.072876; ', 'bpp_2=0.305114; ']
aux step[992] ; loss/aux = 23590.488281
train step[993/5000] ; used: 16m:37s; eta: 1h:6m:59s; loss = 0.105110; ['mse_0=0.002200; ', 'lpips_0=0.001071; ', 'codec_recon_0=0.011743; ', 'estimated_kb_0=1125.130371; ', 'bpp_0=6.541455; ', 'mse_1=0.001869; ', 'lpips_1=0.000991; ', 'codec_recon_1=0.266364; ', 'estimated_kb_1=278.765472; ', 'bpp_1=0.324146; ', 'mse_2=0.001676; ', 'lpips_2=0.000881; ', 'codec_recon_2=0.043303; ', 'estimated_kb_2=1112.840454; ', 'bpp_2=0.308095; ']
aux step[993] ; loss/aux = 23590.488281
train step[994/5000] ; used: 16m:38s; eta: 1h:6m:58s; loss = 0.104908; ['mse_0=0.001393; ', 'lpips_0=0.000942; ', 'codec_recon_0=0.010675; ', 'estimated_kb_0=1128.407349; ', 'bpp_0=6.560508; ', 'mse_1=0.001177; ', 'lpips_1=0.000805; ', 'codec_recon_1=0.273218; ', 'estimated_kb_1=278.455963; ', 'bpp_1=0.323786; ', 'mse_2=0.000950; ', 'lpips_2=0.000631; ', 'codec_recon_2=0.046142; ', 'estimated_kb_2=1113.398315; ', 'bpp_2=0.308250; ']
aux step[994] ; loss/aux = 23590.488281
train step[995/5000] ; used: 16m:39s; eta: 1h:6m:57s; loss = 0.090863; ['mse_0=0.001041; ', 'lpips_0=0.001035; ', 'codec_recon_0=0.015693; ', 'estimated_kb_0=1081.982544; ', 'bpp_0=6.290596; ', 'mse_1=0.000964; ', 'lpips_1=0.000947; ', 'codec_recon_1=0.222336; ', 'estimated_kb_1=274.315002; ', 'bpp_1=0.318971; ', 'mse_2=0.000914; ', 'lpips_2=0.000910; ', 'codec_recon_2=0.045474; ', 'estimated_kb_2=1093.455078; ', 'bpp_2=0.302728; ']
aux step[995] ; loss/aux = 23590.488281
train step[996/5000] ; used: 16m:40s; eta: 1h:6m:56s; loss = 0.079669; ['mse_0=0.001310; ', 'lpips_0=0.000817; ', 'codec_recon_0=0.011466; ', 'estimated_kb_0=1107.537354; ', 'bpp_0=6.439171; ', 'mse_1=0.001249; ', 'lpips_1=0.000727; ', 'codec_recon_1=0.193901; ', 'estimated_kb_1=276.390381; ', 'bpp_1=0.321384; ', 'mse_2=0.001193; ', 'lpips_2=0.000662; ', 'codec_recon_2=0.040338; ', 'estimated_kb_2=1099.647583; ', 'bpp_2=0.304443; ']
aux step[996] ; loss/aux = 23590.486328
train step[997/5000] ; used: 16m:41s; eta: 1h:6m:55s; loss = 0.104189; ['mse_0=0.001989; ', 'lpips_0=0.001013; ', 'codec_recon_0=0.012661; ', 'estimated_kb_0=1111.866699; ', 'bpp_0=6.464341; ', 'mse_1=0.001660; ', 'lpips_1=0.000877; ', 'codec_recon_1=0.265343; ', 'estimated_kb_1=276.868835; ', 'bpp_1=0.321941; ', 'mse_2=0.001340; ', 'lpips_2=0.000724; ', 'codec_recon_2=0.043950; ', 'estimated_kb_2=1105.684326; ', 'bpp_2=0.306114; ']
aux step[997] ; loss/aux = 23590.484375
train step[998/5000] ; used: 16m:42s; eta: 1h:6m:54s; loss = 0.115729; ['mse_0=0.001179; ', 'lpips_0=0.000913; ', 'codec_recon_0=0.011733; ', 'estimated_kb_0=1131.539673; ', 'bpp_0=6.578719; ', 'mse_1=0.000899; ', 'lpips_1=0.000769; ', 'codec_recon_1=0.314946; ', 'estimated_kb_1=278.436890; ', 'bpp_1=0.323764; ', 'mse_2=0.000595; ', 'lpips_2=0.000499; ', 'codec_recon_2=0.042908; ', 'estimated_kb_2=1115.278442; ', 'bpp_2=0.308770; ']
aux step[998] ; loss/aux = 23590.484375
train step[999/5000] ; used: 16m:43s; eta: 1h:6m:53s; loss = 0.119295; ['mse_0=0.001262; ', 'lpips_0=0.001177; ', 'codec_recon_0=0.013247; ', 'estimated_kb_0=1137.330933; ', 'bpp_0=6.612389; ', 'mse_1=0.000971; ', 'lpips_1=0.000930; ', 'codec_recon_1=0.314831; ', 'estimated_kb_1=279.066956; ', 'bpp_1=0.324496; ', 'mse_2=0.000764; ', 'lpips_2=0.000688; ', 'codec_recon_2=0.050268; ', 'estimated_kb_2=1119.567139; ', 'bpp_2=0.309958; ']
aux step[999] ; loss/aux = 23590.484375
validation step on 1000 1/100; scene = ['5aca87f95a9412c6']; context = [[58, 133]]
Setting up [LPIPS] perceptual loss: trunk [vgg], v[0.1], spatial [off]
Loading model from: /ceph_data/clue9986/anaconda3/envs/hisplat/lib/python3.10/site-packages/lpips/weights/v0.1/vgg.pth
validation step on 1000 2/100; scene = ['bc95e5c7e357f1b7']; context = [[35, 91]]
validation step on 1000 3/100; scene = ['34b0658a5c200cdf']; context = [[0, 70]]
validation step on 1000 4/100; scene = ['28e8300e004ab30b']; context = [[3, 68]]
validation step on 1000 5/100; scene = ['6558c5f10d45a929']; context = [[43, 160]]
validation step on 1000 6/100; scene = ['89ea49cd9865aeff']; context = [[31, 81]]
validation step on 1000 7/100; scene = ['ed477bdf8582adff']; context = [[40, 85]]
validation step on 1000 8/100; scene = ['57d3409bf04c4651']; context = [[0, 45]]
validation step on 1000 9/100; scene = ['aadc1e2dc74fd644']; context = [[2, 52]]
validation step on 1000 10/100; scene = ['cd74b1244d112628']; context = [[63, 110]]
validation step on 1000 11/100; scene = ['57d25dafabb5a238']; context = [[32, 104]]
validation step on 1000 12/100; scene = ['e4f4574df7938f37']; context = [[0, 115]]
validation step on 1000 13/100; scene = ['20d86cff490c0c42']; context = [[18, 69]]
validation step on 1000 14/100; scene = ['0c4c5d5f751aabf5']; context = [[12, 57]]
validation step on 1000 15/100; scene = ['fea544b472e9abd1']; context = [[12, 93]]
validation step on 1000 16/100; scene = ['656381bea665bf3d']; context = [[27, 75]]
validation step on 1000 17/100; scene = ['322261824c4a3003']; context = [[33, 78]]
validation step on 1000 18/100; scene = ['f7c0fa5b81552d35']; context = [[11, 64]]
validation step on 1000 19/100; scene = ['a56ba2efb5e3fdd9']; context = [[33, 92]]
validation step on 1000 20/100; scene = ['c48f19e2ffa52523']; context = [[195, 264]]
validation step on 1000 21/100; scene = ['1214f2a11a9fc1ed']; context = [[103, 215]]
validation step on 1000 22/100; scene = ['a9b3ff60b213e099']; context = [[32, 96]]
validation step on 1000 23/100; scene = ['a6fa92e8204f6118']; context = [[2, 66]]
validation step on 1000 24/100; scene = ['21e794f71e31becb']; context = [[72, 180]]
validation step on 1000 25/100; scene = ['f7d916b43193c181']; context = [[7, 61]]
validation step on 1000 26/100; scene = ['84ab392d682f296b']; context = [[43, 120]]
validation step on 1000 27/100; scene = ['6771a51bf0cfce7f']; context = [[152, 199]]
validation step on 1000 28/100; scene = ['17d9303ee77c3a3d']; context = [[17, 63]]
validation step on 1000 29/100; scene = ['ffa95c3b40609c76']; context = [[120, 213]]
validation step on 1000 30/100; scene = ['a47b88040452d7d9']; context = [[35, 97]]
validation step on 1000 31/100; scene = ['0d4de33c6888a754']; context = [[2, 57]]
validation step on 1000 32/100; scene = ['41bcd011f99bfb66']; context = [[4, 50]]
validation step on 1000 33/100; scene = ['67a69088a2695987']; context = [[6, 86]]
validation step on 1000 34/100; scene = ['b4099665590548fc']; context = [[23, 74]]
validation step on 1000 35/100; scene = ['9e2a8cc5f32dd46b']; context = [[75, 151]]
validation step on 1000 36/100; scene = ['2e109379f53bb221']; context = [[35, 108]]
validation step on 1000 37/100; scene = ['8adebbb68f2c3f84']; context = [[72, 131]]
validation step on 1000 38/100; scene = ['29e0bfbad00f0d5e']; context = [[8, 100]]
validation step on 1000 39/100; scene = ['debc3490ba0bd84b']; context = [[34, 81]]
validation step on 1000 40/100; scene = ['7c7bc5285126e6ad']; context = [[64, 126]]
validation step on 1000 41/100; scene = ['cdf439b17a6a98d4']; context = [[31, 77]]
validation step on 1000 42/100; scene = ['cb38d67088b66084']; context = [[49, 106]]
validation step on 1000 43/100; scene = ['2da2eeb966bc0ef8']; context = [[30, 94]]
validation step on 1000 44/100; scene = ['bb4d7012261ee0ed']; context = [[0, 46]]
validation step on 1000 45/100; scene = ['9e1f1beb4ba8e5da']; context = [[9, 73]]
validation step on 1000 46/100; scene = ['26b31d71789bffad']; context = [[3, 57]]
validation step on 1000 47/100; scene = ['41abd737e0228c1a']; context = [[81, 127]]
validation step on 1000 48/100; scene = ['ed0c2aca14b99efa']; context = [[62, 119]]
validation step on 1000 49/100; scene = ['8d5163de9ea4d851']; context = [[39, 85]]
validation step on 1000 50/100; scene = ['81be42df6ccae760']; context = [[13, 107]]
validation step on 1000 51/100; scene = ['6fe141ec9be1a432']; context = [[12, 73]]
validation step on 1000 52/100; scene = ['3b6d8db52c54b174']; context = [[0, 80]]
validation step on 1000 53/100; scene = ['3087828bc27bc4c7']; context = [[15, 96]]
validation step on 1000 54/100; scene = ['e124dfa7e996a414']; context = [[48, 93]]
validation step on 1000 55/100; scene = ['e1afd89a69ee6947']; context = [[34, 113]]
validation step on 1000 56/100; scene = ['79ce50fb7b021e1d']; context = [[212, 278]]
validation step on 1000 57/100; scene = ['358bdee988c269ef']; context = [[3, 95]]
validation step on 1000 58/100; scene = ['f14791aec34dbdcd']; context = [[5, 59]]
validation step on 1000 59/100; scene = ['0c52996355b23d76']; context = [[51, 111]]
validation step on 1000 60/100; scene = ['62bcb465bb03d34f']; context = [[6, 84]]
validation step on 1000 61/100; scene = ['1f0e06e4388dd600']; context = [[44, 96]]
validation step on 1000 62/100; scene = ['c9c30723d7c54793']; context = [[152, 247]]
validation step on 1000 63/100; scene = ['8b212f2755d955ec']; context = [[40, 110]]
validation step on 1000 64/100; scene = ['de67e3a0b0648cfe']; context = [[16, 72]]
validation step on 1000 65/100; scene = ['54841308aff91857']; context = [[27, 86]]
validation step on 1000 66/100; scene = ['40ca76de44a6e1a9']; context = [[43, 107]]
validation step on 1000 67/100; scene = ['bc143130c1842e4b']; context = [[29, 133]]
validation step on 1000 68/100; scene = ['912177dbf0a1ed6c']; context = [[3, 60]]
validation step on 1000 69/100; scene = ['afe4e799a94e06b3']; context = [[54, 150]]
validation step on 1000 70/100; scene = ['17f552ef56d85c55']; context = [[20, 86]]
validation step on 1000 71/100; scene = ['a7c691c210154b09']; context = [[0, 50]]
validation step on 1000 72/100; scene = ['9490f1219dbbb6ce']; context = [[17, 72]]
validation step on 1000 73/100; scene = ['154365ab5a4e067b']; context = [[2, 48]]
validation step on 1000 74/100; scene = ['ab4c269f8d523d02']; context = [[18, 72]]
validation step on 1000 75/100; scene = ['75d475e9558ab806']; context = [[1, 46]]
validation step on 1000 76/100; scene = ['fdaab1f49851782c']; context = [[31, 142]]
validation step on 1000 77/100; scene = ['2d4efa3897a4ba2d']; context = [[4, 58]]
validation step on 1000 78/100; scene = ['14f477e7d5af5b91']; context = [[17, 72]]
validation step on 1000 79/100; scene = ['de45926738229f67']; context = [[22, 84]]
validation step on 1000 80/100; scene = ['5c909c802eb6edb1']; context = [[13, 78]]
validation step on 1000 81/100; scene = ['aa91dfdd5f4ad32b']; context = [[8, 57]]
validation step on 1000 82/100; scene = ['88d9ba3324f2ec21']; context = [[2, 49]]
validation step on 1000 83/100; scene = ['622ef98e83ed5239']; context = [[3, 66]]
validation step on 1000 84/100; scene = ['30fc5fc78c5a716e']; context = [[151, 210]]
validation step on 1000 85/100; scene = ['8b760ac05c93a6bb']; context = [[26, 72]]
validation step on 1000 86/100; scene = ['800ea72b6988f63e']; context = [[141, 190]]
validation step on 1000 87/100; scene = ['674dabef8f53b566']; context = [[9, 91]]
validation step on 1000 88/100; scene = ['d3a01038c5f21473']; context = [[139, 273]]
validation step on 1000 89/100; scene = ['3e5f747d06bc84a3']; context = [[85, 190]]
validation step on 1000 90/100; scene = ['bb6fa5bdafc14e8c']; context = [[43, 139]]
validation step on 1000 91/100; scene = ['052430ff6e2c07c4']; context = [[19, 92]]
validation step on 1000 92/100; scene = ['0588138dfec165a1']; context = [[70, 160]]
validation step on 1000 93/100; scene = ['e4bcb18fa6aa91be']; context = [[32, 79]]
validation step on 1000 94/100; scene = ['4c4fa41951e37e78']; context = [[8, 60]]
validation step on 1000 95/100; scene = ['252a24d25a1ea81d']; context = [[198, 263]]
validation step on 1000 96/100; scene = ['214df1c2863d2959']; context = [[45, 96]]
validation step on 1000 97/100; scene = ['bfd27ad72975e120']; context = [[8, 55]]
validation step on 1000 98/100; scene = ['572acd18419c3456']; context = [[3, 62]]
validation step on 1000 99/100; scene = ['b26e6c80d283c4c8']; context = [[46, 92]]
validation step on 1000 100/100; scene = ['10c8e54590f715f7']; context = [[6, 76]]
train step[1000/5000] ; used: 17m:36s; eta: 1h:10m:20s; loss = 0.093795; ['mse_0=0.001786; ', 'lpips_0=0.000891; ', 'codec_recon_0=0.014639; ', 'estimated_kb_0=1108.295410; ', 'bpp_0=6.443578; ', 'mse_1=0.001680; ', 'lpips_1=0.000792; ', 'codec_recon_1=0.229994; ', 'estimated_kb_1=276.672363; ', 'bpp_1=0.321712; ', 'mse_2=0.001609; ', 'lpips_2=0.000728; ', 'codec_recon_2=0.043067; ', 'estimated_kb_2=1102.441284; ', 'bpp_2=0.305216; ']
aux step[1000] ; loss/aux = 23590.482422
train step[1001/5000] ; used: 17m:37s; eta: 1h:10m:19s; loss = 0.108303; ['mse_0=0.001211; ', 'lpips_0=0.000860; ', 'codec_recon_0=0.011848; ', 'estimated_kb_0=1126.896240; ', 'bpp_0=6.551723; ', 'mse_1=0.000991; ', 'lpips_1=0.000730; ', 'codec_recon_1=0.290189; ', 'estimated_kb_1=277.728973; ', 'bpp_1=0.322941; ', 'mse_2=0.000682; ', 'lpips_2=0.000532; ', 'codec_recon_2=0.042282; ', 'estimated_kb_2=1112.826660; ', 'bpp_2=0.308092; ']
aux step[1001] ; loss/aux = 23590.482422
train step[1002/5000] ; used: 17m:38s; eta: 1h:10m:18s; loss = 0.098997; ['mse_0=0.001100; ', 'lpips_0=0.000923; ', 'codec_recon_0=0.015738; ', 'estimated_kb_0=1105.066162; ', 'bpp_0=6.424803; ', 'mse_1=0.000967; ', 'lpips_1=0.000823; ', 'codec_recon_1=0.248392; ', 'estimated_kb_1=275.885468; ', 'bpp_1=0.320797; ', 'mse_2=0.000901; ', 'lpips_2=0.000746; ', 'codec_recon_2=0.047664; ', 'estimated_kb_2=1099.135620; ', 'bpp_2=0.304301; ']
aux step[1002] ; loss/aux = 23590.482422
train step[1003/5000] ; used: 17m:39s; eta: 1h:10m:16s; loss = 0.083803; ['mse_0=0.000921; ', 'lpips_0=0.000693; ', 'codec_recon_0=0.013623; ', 'estimated_kb_0=1103.401245; ', 'bpp_0=6.415124; ', 'mse_1=0.000715; ', 'lpips_1=0.000570; ', 'codec_recon_1=0.208870; ', 'estimated_kb_1=275.833130; ', 'bpp_1=0.320736; ', 'mse_2=0.000651; ', 'lpips_2=0.000514; ', 'codec_recon_2=0.043305; ', 'estimated_kb_2=1100.066406; ', 'bpp_2=0.304559; ']
aux step[1003] ; loss/aux = 23590.480469
Skipped bad example 85286f80c1b89c7e. Context shape was torch.Size([2, 3, 338, 640]) and target shape was torch.Size([4, 3, 338, 640]).
train step[1004/5000] ; used: 17m:40s; eta: 1h:10m:15s; loss = 0.080688; ['mse_0=0.000512; ', 'lpips_0=0.000730; ', 'codec_recon_0=0.014011; ', 'estimated_kb_0=1097.924683; ', 'bpp_0=6.383283; ', 'mse_1=0.000457; ', 'lpips_1=0.000634; ', 'codec_recon_1=0.197974; ', 'estimated_kb_1=275.532410; ', 'bpp_1=0.320386; ', 'mse_2=0.000410; ', 'lpips_2=0.000551; ', 'codec_recon_2=0.045992; ', 'estimated_kb_2=1094.944702; ', 'bpp_2=0.303141; ']
aux step[1004] ; loss/aux = 23590.480469
train step[1005/5000] ; used: 17m:41s; eta: 1h:10m:14s; loss = 0.097929; ['mse_0=0.002738; ', 'lpips_0=0.001167; ', 'codec_recon_0=0.015018; ', 'estimated_kb_0=1119.737183; ', 'bpp_0=6.510099; ', 'mse_1=0.002580; ', 'lpips_1=0.001055; ', 'codec_recon_1=0.223958; ', 'estimated_kb_1=277.528809; ', 'bpp_1=0.322708; ', 'mse_2=0.002542; ', 'lpips_2=0.000981; ', 'codec_recon_2=0.050578; ', 'estimated_kb_2=1108.668823; ', 'bpp_2=0.306940; ']
aux step[1005] ; loss/aux = 23590.478516
train step[1006/5000] ; used: 17m:42s; eta: 1h:10m:12s; loss = 0.083350; ['mse_0=0.001581; ', 'lpips_0=0.000726; ', 'codec_recon_0=0.014115; ', 'estimated_kb_0=1095.301514; ', 'bpp_0=6.368032; ', 'mse_1=0.001439; ', 'lpips_1=0.000622; ', 'codec_recon_1=0.201612; ', 'estimated_kb_1=274.747375; ', 'bpp_1=0.319474; ', 'mse_2=0.001422; ', 'lpips_2=0.000559; ', 'codec_recon_2=0.040940; ', 'estimated_kb_2=1095.239746; ', 'bpp_2=0.303223; ']
aux step[1006] ; loss/aux = 23590.478516
train step[1007/5000] ; used: 17m:43s; eta: 1h:10m:11s; loss = 0.093370; ['mse_0=0.000997; ', 'lpips_0=0.000628; ', 'codec_recon_0=0.010590; ', 'estimated_kb_0=1115.696533; ', 'bpp_0=6.486608; ', 'mse_1=0.000810; ', 'lpips_1=0.000517; ', 'codec_recon_1=0.244302; ', 'estimated_kb_1=276.823639; ', 'bpp_1=0.321888; ', 'mse_2=0.000691; ', 'lpips_2=0.000400; ', 'codec_recon_2=0.042864; ', 'estimated_kb_2=1100.898682; ', 'bpp_2=0.304789; ']
aux step[1007] ; loss/aux = 23590.478516
train step[1008/5000] ; used: 17m:44s; eta: 1h:10m:10s; loss = 0.102632; ['mse_0=0.002312; ', 'lpips_0=0.001017; ', 'codec_recon_0=0.012471; ', 'estimated_kb_0=1102.115601; ', 'bpp_0=6.407649; ', 'mse_1=0.002064; ', 'lpips_1=0.000914; ', 'codec_recon_1=0.258957; ', 'estimated_kb_1=276.916565; ', 'bpp_1=0.321996; ', 'mse_2=0.001875; ', 'lpips_2=0.000812; ', 'codec_recon_2=0.040698; ', 'estimated_kb_2=1101.592773; ', 'bpp_2=0.304981; ']
aux step[1008] ; loss/aux = 23590.478516
train step[1009/5000] ; used: 17m:45s; eta: 1h:10m:8s; loss = 0.091256; ['mse_0=0.000846; ', 'lpips_0=0.000757; ', 'codec_recon_0=0.011678; ', 'estimated_kb_0=1102.479370; ', 'bpp_0=6.409764; ', 'mse_1=0.000701; ', 'lpips_1=0.000646; ', 'codec_recon_1=0.238518; ', 'estimated_kb_1=275.675385; ', 'bpp_1=0.320553; ', 'mse_2=0.000574; ', 'lpips_2=0.000541; ', 'codec_recon_2=0.040440; ', 'estimated_kb_2=1098.010132; ', 'bpp_2=0.303990; ']
aux step[1009] ; loss/aux = 23590.476562
train step[1010/5000] ; used: 17m:46s; eta: 1h:10m:7s; loss = 0.086740; ['mse_0=0.002317; ', 'lpips_0=0.000994; ', 'codec_recon_0=0.013041; ', 'estimated_kb_0=1103.293701; ', 'bpp_0=6.414498; ', 'mse_1=0.002154; ', 'lpips_1=0.000866; ', 'codec_recon_1=0.205287; ', 'estimated_kb_1=275.950012; ', 'bpp_1=0.320872; ', 'mse_2=0.002138; ', 'lpips_2=0.000803; ', 'codec_recon_2=0.039896; ', 'estimated_kb_2=1099.384766; ', 'bpp_2=0.304370; ']
aux step[1010] ; loss/aux = 23590.476562
train step[1011/5000] ; used: 17m:47s; eta: 1h:10m:6s; loss = 0.119279; ['mse_0=0.003426; ', 'lpips_0=0.001304; ', 'codec_recon_0=0.012858; ', 'estimated_kb_0=1114.765015; ', 'bpp_0=6.481192; ', 'mse_1=0.003110; ', 'lpips_1=0.001168; ', 'codec_recon_1=0.300911; ', 'estimated_kb_1=277.229401; ', 'bpp_1=0.322360; ', 'mse_2=0.002825; ', 'lpips_2=0.000918; ', 'codec_recon_2=0.041325; ', 'estimated_kb_2=1108.813110; ', 'bpp_2=0.306980; ']
aux step[1011] ; loss/aux = 23590.474609
train step[1012/5000] ; used: 17m:48s; eta: 1h:10m:5s; loss = 0.091350; ['mse_0=0.000947; ', 'lpips_0=0.000770; ', 'codec_recon_0=0.013098; ', 'estimated_kb_0=1112.244995; ', 'bpp_0=6.466540; ', 'mse_1=0.000756; ', 'lpips_1=0.000639; ', 'codec_recon_1=0.229419; ', 'estimated_kb_1=276.934113; ', 'bpp_1=0.322016; ', 'mse_2=0.000621; ', 'lpips_2=0.000541; ', 'codec_recon_2=0.047734; ', 'estimated_kb_2=1103.279297; ', 'bpp_2=0.305448; ']
aux step[1012] ; loss/aux = 23590.472656
train step[1013/5000] ; used: 17m:49s; eta: 1h:10m:3s; loss = 0.088187; ['mse_0=0.001335; ', 'lpips_0=0.000758; ', 'codec_recon_0=0.012519; ', 'estimated_kb_0=1092.202148; ', 'bpp_0=6.350013; ', 'mse_1=0.001199; ', 'lpips_1=0.000672; ', 'codec_recon_1=0.221986; ', 'estimated_kb_1=275.385010; ', 'bpp_1=0.320215; ', 'mse_2=0.001105; ', 'lpips_2=0.000606; ', 'codec_recon_2=0.040538; ', 'estimated_kb_2=1092.729980; ', 'bpp_2=0.302528; ']
aux step[1013] ; loss/aux = 23590.472656
train step[1014/5000] ; used: 17m:50s; eta: 1h:10m:2s; loss = 0.101276; ['mse_0=0.000607; ', 'lpips_0=0.000786; ', 'codec_recon_0=0.012458; ', 'estimated_kb_0=1126.003296; ', 'bpp_0=6.546531; ', 'mse_1=0.000472; ', 'lpips_1=0.000667; ', 'codec_recon_1=0.260782; ', 'estimated_kb_1=278.115601; ', 'bpp_1=0.323390; ', 'mse_2=0.000408; ', 'lpips_2=0.000608; ', 'codec_recon_2=0.052523; ', 'estimated_kb_2=1114.306396; ', 'bpp_2=0.308501; ']
aux step[1014] ; loss/aux = 23590.472656
train step[1015/5000] ; used: 17m:51s; eta: 1h:10m:1s; loss = 0.093127; ['mse_0=0.001001; ', 'lpips_0=0.000825; ', 'codec_recon_0=0.010599; ', 'estimated_kb_0=1115.740967; ', 'bpp_0=6.486866; ', 'mse_1=0.000760; ', 'lpips_1=0.000717; ', 'codec_recon_1=0.246643; ', 'estimated_kb_1=277.931213; ', 'bpp_1=0.323176; ', 'mse_2=0.000592; ', 'lpips_2=0.000603; ', 'codec_recon_2=0.038186; ', 'estimated_kb_2=1104.689087; ', 'bpp_2=0.305839; ']
aux step[1015] ; loss/aux = 23590.472656
train step[1016/5000] ; used: 17m:52s; eta: 1h:10m; loss = 0.092720; ['mse_0=0.000949; ', 'lpips_0=0.000929; ', 'codec_recon_0=0.016864; ', 'estimated_kb_0=1102.359131; ', 'bpp_0=6.409065; ', 'mse_1=0.000855; ', 'lpips_1=0.000808; ', 'codec_recon_1=0.223988; ', 'estimated_kb_1=275.681824; ', 'bpp_1=0.320560; ', 'mse_2=0.000823; ', 'lpips_2=0.000766; ', 'codec_recon_2=0.051114; ', 'estimated_kb_2=1101.353149; ', 'bpp_2=0.304915; ']
aux step[1016] ; loss/aux = 23590.472656
train step[1017/5000] ; used: 17m:53s; eta: 1h:9m:59s; loss = 0.097266; ['mse_0=0.001523; ', 'lpips_0=0.000947; ', 'codec_recon_0=0.012770; ', 'estimated_kb_0=1124.018433; ', 'bpp_0=6.534991; ', 'mse_1=0.001310; ', 'lpips_1=0.000806; ', 'codec_recon_1=0.244025; ', 'estimated_kb_1=278.230774; ', 'bpp_1=0.323524; ', 'mse_2=0.001201; ', 'lpips_2=0.000726; ', 'codec_recon_2=0.045711; ', 'estimated_kb_2=1112.234741; ', 'bpp_2=0.307928; ']
aux step[1017] ; loss/aux = 23590.468750
train step[1018/5000] ; used: 17m:54s; eta: 1h:9m:58s; loss = 0.110361; ['mse_0=0.000848; ', 'lpips_0=0.000950; ', 'codec_recon_0=0.012577; ', 'estimated_kb_0=1113.523926; ', 'bpp_0=6.473976; ', 'mse_1=0.000733; ', 'lpips_1=0.000854; ', 'codec_recon_1=0.292872; ', 'estimated_kb_1=275.804077; ', 'bpp_1=0.320702; ', 'mse_2=0.000622; ', 'lpips_2=0.000693; ', 'codec_recon_2=0.046749; ', 'estimated_kb_2=1104.358398; ', 'bpp_2=0.305747; ']
aux step[1018] ; loss/aux = 23590.468750
train step[1019/5000] ; used: 17m:55s; eta: 1h:9m:57s; loss = 0.094680; ['mse_0=0.003148; ', 'lpips_0=0.000980; ', 'codec_recon_0=0.016653; ', 'estimated_kb_0=1101.855225; ', 'bpp_0=6.406135; ', 'mse_1=0.003022; ', 'lpips_1=0.000888; ', 'codec_recon_1=0.211579; ', 'estimated_kb_1=275.368439; ', 'bpp_1=0.320196; ', 'mse_2=0.003064; ', 'lpips_2=0.000871; ', 'codec_recon_2=0.047459; ', 'estimated_kb_2=1097.916016; ', 'bpp_2=0.303963; ']
aux step[1019] ; loss/aux = 23590.468750
train step[1020/5000] ; used: 17m:56s; eta: 1h:9m:56s; loss = 0.087612; ['mse_0=0.000397; ', 'lpips_0=0.000762; ', 'codec_recon_0=0.013707; ', 'estimated_kb_0=1095.058838; ', 'bpp_0=6.366621; ', 'mse_1=0.000331; ', 'lpips_1=0.000657; ', 'codec_recon_1=0.221541; ', 'estimated_kb_1=274.618561; ', 'bpp_1=0.319324; ', 'mse_2=0.000289; ', 'lpips_2=0.000557; ', 'codec_recon_2=0.046820; ', 'estimated_kb_2=1094.899048; ', 'bpp_2=0.303128; ']
aux step[1020] ; loss/aux = 23590.466797
train step[1021/5000] ; used: 17m:57s; eta: 1h:9m:54s; loss = 0.095351; ['mse_0=0.000731; ', 'lpips_0=0.000742; ', 'codec_recon_0=0.011410; ', 'estimated_kb_0=1124.747681; ', 'bpp_0=6.539231; ', 'mse_1=0.000609; ', 'lpips_1=0.000619; ', 'codec_recon_1=0.244580; ', 'estimated_kb_1=278.560638; ', 'bpp_1=0.323908; ', 'mse_2=0.000429; ', 'lpips_2=0.000513; ', 'codec_recon_2=0.049706; ', 'estimated_kb_2=1113.032227; ', 'bpp_2=0.308148; ']
aux step[1021] ; loss/aux = 23590.466797
train step[1022/5000] ; used: 17m:58s; eta: 1h:9m:53s; loss = 0.091708; ['mse_0=0.000808; ', 'lpips_0=0.000911; ', 'codec_recon_0=0.014346; ', 'estimated_kb_0=1104.769775; ', 'bpp_0=6.423079; ', 'mse_1=0.000736; ', 'lpips_1=0.000825; ', 'codec_recon_1=0.223976; ', 'estimated_kb_1=275.818634; ', 'bpp_1=0.320719; ', 'mse_2=0.000685; ', 'lpips_2=0.000774; ', 'codec_recon_2=0.051572; ', 'estimated_kb_2=1100.543213; ', 'bpp_2=0.304691; ']
aux step[1022] ; loss/aux = 23590.466797
train step[1023/5000] ; used: 17m:59s; eta: 1h:9m:52s; loss = 0.107404; ['mse_0=0.005380; ', 'lpips_0=0.001414; ', 'codec_recon_0=0.011734; ', 'estimated_kb_0=1120.386719; ', 'bpp_0=6.513876; ', 'mse_1=0.005191; ', 'lpips_1=0.001264; ', 'codec_recon_1=0.237170; ', 'estimated_kb_1=278.384918; ', 'bpp_1=0.323703; ', 'mse_2=0.005109; ', 'lpips_2=0.001157; ', 'codec_recon_2=0.044060; ', 'estimated_kb_2=1111.701050; ', 'bpp_2=0.307780; ']
aux step[1023] ; loss/aux = 23590.464844
train step[1024/5000] ; used: 18m; eta: 1h:9m:50s; loss = 0.100905; ['mse_0=0.001503; ', 'lpips_0=0.000831; ', 'codec_recon_0=0.014485; ', 'estimated_kb_0=1118.123413; ', 'bpp_0=6.500718; ', 'mse_1=0.001314; ', 'lpips_1=0.000716; ', 'codec_recon_1=0.252460; ', 'estimated_kb_1=277.350922; ', 'bpp_1=0.322501; ', 'mse_2=0.001233; ', 'lpips_2=0.000617; ', 'codec_recon_2=0.048688; ', 'estimated_kb_2=1106.200562; ', 'bpp_2=0.306257; ']
aux step[1024] ; loss/aux = 23590.464844
train step[1025/5000] ; used: 18m:1s; eta: 1h:9m:49s; loss = 0.105491; ['mse_0=0.000998; ', 'lpips_0=0.000887; ', 'codec_recon_0=0.012098; ', 'estimated_kb_0=1123.746460; ', 'bpp_0=6.533410; ', 'mse_1=0.000791; ', 'lpips_1=0.000762; ', 'codec_recon_1=0.276273; ', 'estimated_kb_1=278.157196; ', 'bpp_1=0.323439; ', 'mse_2=0.000609; ', 'lpips_2=0.000612; ', 'codec_recon_2=0.047733; ', 'estimated_kb_2=1111.130737; ', 'bpp_2=0.307622; ']
aux step[1025] ; loss/aux = 23590.462891
train step[1026/5000] ; used: 18m:2s; eta: 1h:9m:48s; loss = 0.093260; ['mse_0=0.002463; ', 'lpips_0=0.000914; ', 'codec_recon_0=0.012050; ', 'estimated_kb_0=1128.971191; ', 'bpp_0=6.563786; ', 'mse_1=0.002220; ', 'lpips_1=0.000790; ', 'codec_recon_1=0.223253; ', 'estimated_kb_1=278.555969; ', 'bpp_1=0.323902; ', 'mse_2=0.002127; ', 'lpips_2=0.000713; ', 'codec_recon_2=0.044807; ', 'estimated_kb_2=1115.100830; ', 'bpp_2=0.308721; ']
aux step[1026] ; loss/aux = 23590.462891
train step[1027/5000] ; used: 18m:3s; eta: 1h:9m:46s; loss = 0.117507; ['mse_0=0.003181; ', 'lpips_0=0.001384; ', 'codec_recon_0=0.014127; ', 'estimated_kb_0=1130.001831; ', 'bpp_0=6.569778; ', 'mse_1=0.002832; ', 'lpips_1=0.001183; ', 'codec_recon_1=0.291911; ', 'estimated_kb_1=278.659851; ', 'bpp_1=0.324023; ', 'mse_2=0.002492; ', 'lpips_2=0.001021; ', 'codec_recon_2=0.045339; ', 'estimated_kb_2=1115.896851; ', 'bpp_2=0.308942; ']
aux step[1027] ; loss/aux = 23590.462891
train step[1028/5000] ; used: 18m:4s; eta: 1h:9m:46s; loss = 0.098458; ['mse_0=0.002424; ', 'lpips_0=0.000991; ', 'codec_recon_0=0.014289; ', 'estimated_kb_0=1114.811401; ', 'bpp_0=6.481462; ', 'mse_1=0.002305; ', 'lpips_1=0.000903; ', 'codec_recon_1=0.237707; ', 'estimated_kb_1=277.910980; ', 'bpp_1=0.323152; ', 'mse_2=0.002241; ', 'lpips_2=0.000823; ', 'codec_recon_2=0.043908; ', 'estimated_kb_2=1106.623657; ', 'bpp_2=0.306374; ']
aux step[1028] ; loss/aux = 23590.460938
train step[1029/5000] ; used: 18m:5s; eta: 1h:9m:45s; loss = 0.112446; ['mse_0=0.004107; ', 'lpips_0=0.001383; ', 'codec_recon_0=0.016916; ', 'estimated_kb_0=1116.483154; ', 'bpp_0=6.491181; ', 'mse_1=0.004026; ', 'lpips_1=0.001257; ', 'codec_recon_1=0.252514; ', 'estimated_kb_1=276.843994; ', 'bpp_1=0.321912; ', 'mse_2=0.004119; ', 'lpips_2=0.001177; ', 'codec_recon_2=0.051826; ', 'estimated_kb_2=1108.028687; ', 'bpp_2=0.306763; ']
aux step[1029] ; loss/aux = 23590.460938
train step[1030/5000] ; used: 18m:6s; eta: 1h:9m:43s; loss = 0.105730; ['mse_0=0.001855; ', 'lpips_0=0.000905; ', 'codec_recon_0=0.014280; ', 'estimated_kb_0=1114.987549; ', 'bpp_0=6.482486; ', 'mse_1=0.001502; ', 'lpips_1=0.000776; ', 'codec_recon_1=0.275328; ', 'estimated_kb_1=277.524353; ', 'bpp_1=0.322703; ', 'mse_2=0.001080; ', 'lpips_2=0.000616; ', 'codec_recon_2=0.040375; ', 'estimated_kb_2=1107.118164; ', 'bpp_2=0.306511; ']
aux step[1030] ; loss/aux = 23590.458984
train step[1031/5000] ; used: 18m:7s; eta: 1h:9m:42s; loss = 0.097318; ['mse_0=0.002477; ', 'lpips_0=0.000969; ', 'codec_recon_0=0.010901; ', 'estimated_kb_0=1107.179932; ', 'bpp_0=6.437092; ', 'mse_1=0.002268; ', 'lpips_1=0.000851; ', 'codec_recon_1=0.242185; ', 'estimated_kb_1=276.815094; ', 'bpp_1=0.321878; ', 'mse_2=0.002152; ', 'lpips_2=0.000752; ', 'codec_recon_2=0.039742; ', 'estimated_kb_2=1101.806885; ', 'bpp_2=0.305041; ']
aux step[1031] ; loss/aux = 23590.457031
train step[1032/5000] ; used: 18m:8s; eta: 1h:9m:41s; loss = 0.088108; ['mse_0=0.000888; ', 'lpips_0=0.000771; ', 'codec_recon_0=0.012981; ', 'estimated_kb_0=1112.218506; ', 'bpp_0=6.466386; ', 'mse_1=0.000662; ', 'lpips_1=0.000613; ', 'codec_recon_1=0.224419; ', 'estimated_kb_1=275.923309; ', 'bpp_1=0.320841; ', 'mse_2=0.000548; ', 'lpips_2=0.000531; ', 'codec_recon_2=0.042914; ', 'estimated_kb_2=1099.924927; ', 'bpp_2=0.304520; ']
aux step[1032] ; loss/aux = 23590.457031
train step[1033/5000] ; used: 18m:9s; eta: 1h:9m:39s; loss = 0.095002; ['mse_0=0.002123; ', 'lpips_0=0.001126; ', 'codec_recon_0=0.012426; ', 'estimated_kb_0=1106.374878; ', 'bpp_0=6.432413; ', 'mse_1=0.001922; ', 'lpips_1=0.001008; ', 'codec_recon_1=0.229922; ', 'estimated_kb_1=276.979156; ', 'bpp_1=0.322069; ', 'mse_2=0.001805; ', 'lpips_2=0.000940; ', 'codec_recon_2=0.044584; ', 'estimated_kb_2=1102.712280; ', 'bpp_2=0.305291; ']
aux step[1033] ; loss/aux = 23590.457031
train step[1034/5000] ; used: 18m:10s; eta: 1h:9m:38s; loss = 0.085116; ['mse_0=0.000449; ', 'lpips_0=0.000748; ', 'codec_recon_0=0.012100; ', 'estimated_kb_0=1085.675049; ', 'bpp_0=6.312064; ', 'mse_1=0.000368; ', 'lpips_1=0.000666; ', 'codec_recon_1=0.219755; ', 'estimated_kb_1=274.098328; ', 'bpp_1=0.318719; ', 'mse_2=0.000300; ', 'lpips_2=0.000588; ', 'codec_recon_2=0.041468; ', 'estimated_kb_2=1089.032715; ', 'bpp_2=0.301504; ']
aux step[1034] ; loss/aux = 23590.457031
train step[1035/5000] ; used: 18m:11s; eta: 1h:9m:37s; loss = 0.094847; ['mse_0=0.000507; ', 'lpips_0=0.000702; ', 'codec_recon_0=0.013030; ', 'estimated_kb_0=1113.331787; ', 'bpp_0=6.472859; ', 'mse_1=0.000364; ', 'lpips_1=0.000580; ', 'codec_recon_1=0.242389; ', 'estimated_kb_1=276.488647; ', 'bpp_1=0.321498; ', 'mse_2=0.000297; ', 'lpips_2=0.000500; ', 'codec_recon_2=0.050905; ', 'estimated_kb_2=1101.759766; ', 'bpp_2=0.305028; ']
aux step[1035] ; loss/aux = 23590.457031
train step[1036/5000] ; used: 18m:12s; eta: 1h:9m:35s; loss = 0.083101; ['mse_0=0.001278; ', 'lpips_0=0.000852; ', 'codec_recon_0=0.015253; ', 'estimated_kb_0=1104.322388; ', 'bpp_0=6.420479; ', 'mse_1=0.001193; ', 'lpips_1=0.000758; ', 'codec_recon_1=0.197913; ', 'estimated_kb_1=275.809601; ', 'bpp_1=0.320709; ', 'mse_2=0.001141; ', 'lpips_2=0.000720; ', 'codec_recon_2=0.044032; ', 'estimated_kb_2=1100.177490; ', 'bpp_2=0.304590; ']
aux step[1036] ; loss/aux = 23590.455078
train step[1037/5000] ; used: 18m:13s; eta: 1h:9m:34s; loss = 0.097830; ['mse_0=0.000795; ', 'lpips_0=0.000779; ', 'codec_recon_0=0.013230; ', 'estimated_kb_0=1111.528809; ', 'bpp_0=6.462377; ', 'mse_1=0.000641; ', 'lpips_1=0.000655; ', 'codec_recon_1=0.252724; ', 'estimated_kb_1=276.305176; ', 'bpp_1=0.321285; ', 'mse_2=0.000538; ', 'lpips_2=0.000560; ', 'codec_recon_2=0.046916; ', 'estimated_kb_2=1103.066772; ', 'bpp_2=0.305389; ']
aux step[1037] ; loss/aux = 23590.453125
train step[1038/5000] ; used: 18m:14s; eta: 1h:9m:33s; loss = 0.086787; ['mse_0=0.001628; ', 'lpips_0=0.000707; ', 'codec_recon_0=0.013872; ', 'estimated_kb_0=1079.938232; ', 'bpp_0=6.278710; ', 'mse_1=0.001447; ', 'lpips_1=0.000610; ', 'codec_recon_1=0.217246; ', 'estimated_kb_1=274.226410; ', 'bpp_1=0.318868; ', 'mse_2=0.001343; ', 'lpips_2=0.000562; ', 'codec_recon_2=0.037182; ', 'estimated_kb_2=1083.848633; ', 'bpp_2=0.300069; ']
aux step[1038] ; loss/aux = 23590.453125
train step[1039/5000] ; used: 18m:15s; eta: 1h:9m:31s; loss = 0.106127; ['mse_0=0.001186; ', 'lpips_0=0.000996; ', 'codec_recon_0=0.014138; ', 'estimated_kb_0=1124.182983; ', 'bpp_0=6.535948; ', 'mse_1=0.001033; ', 'lpips_1=0.000876; ', 'codec_recon_1=0.269234; ', 'estimated_kb_1=277.542419; ', 'bpp_1=0.322724; ', 'mse_2=0.000937; ', 'lpips_2=0.000729; ', 'codec_recon_2=0.051195; ', 'estimated_kb_2=1110.938843; ', 'bpp_2=0.307569; ']
aux step[1039] ; loss/aux = 23590.453125
train step[1040/5000] ; used: 18m:16s; eta: 1h:9m:30s; loss = 0.097142; ['mse_0=0.001648; ', 'lpips_0=0.000876; ', 'codec_recon_0=0.014836; ', 'estimated_kb_0=1119.506714; ', 'bpp_0=6.508760; ', 'mse_1=0.001538; ', 'lpips_1=0.000752; ', 'codec_recon_1=0.237216; ', 'estimated_kb_1=277.008514; ', 'bpp_1=0.322103; ', 'mse_2=0.001462; ', 'lpips_2=0.000684; ', 'codec_recon_2=0.048558; ', 'estimated_kb_2=1109.234863; ', 'bpp_2=0.307097; ']
aux step[1040] ; loss/aux = 23590.451172
train step[1041/5000] ; used: 18m:17s; eta: 1h:9m:29s; loss = 0.107252; ['mse_0=0.001749; ', 'lpips_0=0.000932; ', 'codec_recon_0=0.012334; ', 'estimated_kb_0=1119.668457; ', 'bpp_0=6.509700; ', 'mse_1=0.001410; ', 'lpips_1=0.000802; ', 'codec_recon_1=0.281141; ', 'estimated_kb_1=278.834229; ', 'bpp_1=0.324226; ', 'mse_2=0.001042; ', 'lpips_2=0.000613; ', 'codec_recon_2=0.042206; ', 'estimated_kb_2=1112.455200; ', 'bpp_2=0.307989; ']
aux step[1041] ; loss/aux = 23590.451172
train step[1042/5000] ; used: 18m:18s; eta: 1h:9m:28s; loss = 0.102458; ['mse_0=0.002104; ', 'lpips_0=0.001046; ', 'codec_recon_0=0.017334; ', 'estimated_kb_0=1118.291382; ', 'bpp_0=6.501694; ', 'mse_1=0.001799; ', 'lpips_1=0.000895; ', 'codec_recon_1=0.245748; ', 'estimated_kb_1=278.114319; ', 'bpp_1=0.323389; ', 'mse_2=0.001710; ', 'lpips_2=0.000816; ', 'codec_recon_2=0.050542; ', 'estimated_kb_2=1110.452759; ', 'bpp_2=0.307434; ']
aux step[1042] ; loss/aux = 23590.449219
train step[1043/5000] ; used: 18m:19s; eta: 1h:9m:26s; loss = 0.103984; ['mse_0=0.000927; ', 'lpips_0=0.000727; ', 'codec_recon_0=0.011461; ', 'estimated_kb_0=1122.572876; ', 'bpp_0=6.526587; ', 'mse_1=0.000722; ', 'lpips_1=0.000610; ', 'codec_recon_1=0.276175; ', 'estimated_kb_1=277.583923; ', 'bpp_1=0.322772; ', 'mse_2=0.000454; ', 'lpips_2=0.000433; ', 'codec_recon_2=0.046066; ', 'estimated_kb_2=1109.554932; ', 'bpp_2=0.307186; ']
aux step[1043] ; loss/aux = 23590.449219
train step[1044/5000] ; used: 18m:20s; eta: 1h:9m:25s; loss = 0.096125; ['mse_0=0.001361; ', 'lpips_0=0.000727; ', 'codec_recon_0=0.012858; ', 'estimated_kb_0=1121.793701; ', 'bpp_0=6.522057; ', 'mse_1=0.001130; ', 'lpips_1=0.000618; ', 'codec_recon_1=0.247098; ', 'estimated_kb_1=277.964478; ', 'bpp_1=0.323214; ', 'mse_2=0.000966; ', 'lpips_2=0.000507; ', 'codec_recon_2=0.042764; ', 'estimated_kb_2=1110.957031; ', 'bpp_2=0.307574; ']
aux step[1044] ; loss/aux = 23590.449219
train step[1045/5000] ; used: 18m:21s; eta: 1h:9m:24s; loss = 0.115716; ['mse_0=0.004854; ', 'lpips_0=0.000974; ', 'codec_recon_0=0.014399; ', 'estimated_kb_0=1117.835449; ', 'bpp_0=6.499043; ', 'mse_1=0.004631; ', 'lpips_1=0.000866; ', 'codec_recon_1=0.273419; ', 'estimated_kb_1=278.595032; ', 'bpp_1=0.323948; ', 'mse_2=0.004420; ', 'lpips_2=0.000735; ', 'codec_recon_2=0.042964; ', 'estimated_kb_2=1109.040771; ', 'bpp_2=0.307043; ']
aux step[1045] ; loss/aux = 23590.447266
train step[1046/5000] ; used: 18m:22s; eta: 1h:9m:23s; loss = 0.092617; ['mse_0=0.000964; ', 'lpips_0=0.000803; ', 'codec_recon_0=0.013138; ', 'estimated_kb_0=1123.404297; ', 'bpp_0=6.531420; ', 'mse_1=0.000755; ', 'lpips_1=0.000637; ', 'codec_recon_1=0.232751; ', 'estimated_kb_1=277.936523; ', 'bpp_1=0.323182; ', 'mse_2=0.000670; ', 'lpips_2=0.000569; ', 'codec_recon_2=0.048175; ', 'estimated_kb_2=1113.394775; ', 'bpp_2=0.308249; ']
aux step[1046] ; loss/aux = 23590.445312
train step[1047/5000] ; used: 18m:23s; eta: 1h:9m:21s; loss = 0.096691; ['mse_0=0.002200; ', 'lpips_0=0.000861; ', 'codec_recon_0=0.012690; ', 'estimated_kb_0=1121.423706; ', 'bpp_0=6.519906; ', 'mse_1=0.001782; ', 'lpips_1=0.000728; ', 'codec_recon_1=0.245704; ', 'estimated_kb_1=278.466858; ', 'bpp_1=0.323799; ', 'mse_2=0.001570; ', 'lpips_2=0.000627; ', 'codec_recon_2=0.038016; ', 'estimated_kb_2=1110.815063; ', 'bpp_2=0.307535; ']
aux step[1047] ; loss/aux = 23590.445312
train step[1048/5000] ; used: 18m:24s; eta: 1h:9m:20s; loss = 0.095942; ['mse_0=0.000511; ', 'lpips_0=0.000690; ', 'codec_recon_0=0.012693; ', 'estimated_kb_0=1106.723755; ', 'bpp_0=6.434441; ', 'mse_1=0.000377; ', 'lpips_1=0.000588; ', 'codec_recon_1=0.250282; ', 'estimated_kb_1=275.565277; ', 'bpp_1=0.320425; ', 'mse_2=0.000237; ', 'lpips_2=0.000457; ', 'codec_recon_2=0.047298; ', 'estimated_kb_2=1099.217041; ', 'bpp_2=0.304324; ']
aux step[1048] ; loss/aux = 23590.445312
train step[1049/5000] ; used: 18m:25s; eta: 1h:9m:19s; loss = 0.096390; ['mse_0=0.002203; ', 'lpips_0=0.001023; ', 'codec_recon_0=0.011688; ', 'estimated_kb_0=1116.144409; ', 'bpp_0=6.489212; ', 'mse_1=0.001839; ', 'lpips_1=0.000854; ', 'codec_recon_1=0.238911; ', 'estimated_kb_1=277.835541; ', 'bpp_1=0.323065; ', 'mse_2=0.001557; ', 'lpips_2=0.000742; ', 'codec_recon_2=0.043307; ', 'estimated_kb_2=1106.170532; ', 'bpp_2=0.306249; ']
aux step[1049] ; loss/aux = 23590.445312
train step[1050/5000] ; used: 18m:26s; eta: 1h:9m:17s; loss = 0.109152; ['mse_0=0.003541; ', 'lpips_0=0.001217; ', 'codec_recon_0=0.017513; ', 'estimated_kb_0=1108.609497; ', 'bpp_0=6.445404; ', 'mse_1=0.003460; ', 'lpips_1=0.001108; ', 'codec_recon_1=0.251577; ', 'estimated_kb_1=276.676697; ', 'bpp_1=0.321717; ', 'mse_2=0.003356; ', 'lpips_2=0.001052; ', 'codec_recon_2=0.048969; ', 'estimated_kb_2=1108.176758; ', 'bpp_2=0.306804; ']
aux step[1050] ; loss/aux = 23590.443359
train step[1051/5000] ; used: 18m:27s; eta: 1h:9m:16s; loss = 0.086924; ['mse_0=0.001649; ', 'lpips_0=0.001052; ', 'codec_recon_0=0.012660; ', 'estimated_kb_0=1095.432129; ', 'bpp_0=6.368792; ', 'mse_1=0.001524; ', 'lpips_1=0.000947; ', 'codec_recon_1=0.210599; ', 'estimated_kb_1=276.167023; ', 'bpp_1=0.321124; ', 'mse_2=0.001441; ', 'lpips_2=0.000884; ', 'codec_recon_2=0.041498; ', 'estimated_kb_2=1097.521484; ', 'bpp_2=0.303854; ']
aux step[1051] ; loss/aux = 23590.441406
train step[1052/5000] ; used: 18m:28s; eta: 1h:9m:15s; loss = 0.095135; ['mse_0=0.000448; ', 'lpips_0=0.000615; ', 'codec_recon_0=0.012590; ', 'estimated_kb_0=1111.064087; ', 'bpp_0=6.459675; ', 'mse_1=0.000323; ', 'lpips_1=0.000482; ', 'codec_recon_1=0.247436; ', 'estimated_kb_1=275.918488; ', 'bpp_1=0.320835; ', 'mse_2=0.000256; ', 'lpips_2=0.000397; ', 'codec_recon_2=0.048686; ', 'estimated_kb_2=1100.161987; ', 'bpp_2=0.304585; ']
aux step[1052] ; loss/aux = 23590.441406
train step[1053/5000] ; used: 18m:29s; eta: 1h:9m:14s; loss = 0.086288; ['mse_0=0.000740; ', 'lpips_0=0.000797; ', 'codec_recon_0=0.012498; ', 'estimated_kb_0=1094.431763; ', 'bpp_0=6.362976; ', 'mse_1=0.000596; ', 'lpips_1=0.000705; ', 'codec_recon_1=0.221586; ', 'estimated_kb_1=275.585999; ', 'bpp_1=0.320449; ', 'mse_2=0.000445; ', 'lpips_2=0.000631; ', 'codec_recon_2=0.040496; ', 'estimated_kb_2=1094.223877; ', 'bpp_2=0.302941; ']
aux step[1053] ; loss/aux = 23590.441406
train step[1054/5000] ; used: 18m:30s; eta: 1h:9m:12s; loss = 0.094905; ['mse_0=0.001965; ', 'lpips_0=0.001058; ', 'codec_recon_0=0.012158; ', 'estimated_kb_0=1118.283813; ', 'bpp_0=6.501650; ', 'mse_1=0.001746; ', 'lpips_1=0.000944; ', 'codec_recon_1=0.236452; ', 'estimated_kb_1=277.967712; ', 'bpp_1=0.323218; ', 'mse_2=0.001641; ', 'lpips_2=0.000883; ', 'codec_recon_2=0.040283; ', 'estimated_kb_2=1109.073730; ', 'bpp_2=0.307053; ']
aux step[1054] ; loss/aux = 23590.439453
train step[1055/5000] ; used: 18m:31s; eta: 1h:9m:11s; loss = 0.111433; ['mse_0=0.002970; ', 'lpips_0=0.001003; ', 'codec_recon_0=0.011274; ', 'estimated_kb_0=1116.145508; ', 'bpp_0=6.489218; ', 'mse_1=0.002818; ', 'lpips_1=0.000892; ', 'codec_recon_1=0.281816; ', 'estimated_kb_1=277.132355; ', 'bpp_1=0.322247; ', 'mse_2=0.002674; ', 'lpips_2=0.000751; ', 'codec_recon_2=0.041330; ', 'estimated_kb_2=1107.573853; ', 'bpp_2=0.306637; ']
aux step[1055] ; loss/aux = 23590.439453
train step[1056/5000] ; used: 18m:32s; eta: 1h:9m:10s; loss = 0.114455; ['mse_0=0.003195; ', 'lpips_0=0.001163; ', 'codec_recon_0=0.011314; ', 'estimated_kb_0=1137.125488; ', 'bpp_0=6.611195; ', 'mse_1=0.002704; ', 'lpips_1=0.001018; ', 'codec_recon_1=0.291661; ', 'estimated_kb_1=280.297180; ', 'bpp_1=0.325927; ', 'mse_2=0.002242; ', 'lpips_2=0.000795; ', 'codec_recon_2=0.041488; ', 'estimated_kb_2=1122.665039; ', 'bpp_2=0.310815; ']
aux step[1056] ; loss/aux = 23590.437500
train step[1057/5000] ; used: 18m:33s; eta: 1h:9m:8s; loss = 0.084496; ['mse_0=0.001166; ', 'lpips_0=0.000700; ', 'codec_recon_0=0.011764; ', 'estimated_kb_0=1115.827881; ', 'bpp_0=6.487371; ', 'mse_1=0.001004; ', 'lpips_1=0.000600; ', 'codec_recon_1=0.207248; ', 'estimated_kb_1=277.754822; ', 'bpp_1=0.322971; ', 'mse_2=0.000953; ', 'lpips_2=0.000551; ', 'codec_recon_2=0.046060; ', 'estimated_kb_2=1106.703369; ', 'bpp_2=0.306396; ']
aux step[1057] ; loss/aux = 23590.437500
train step[1058/5000] ; used: 18m:34s; eta: 1h:9m:7s; loss = 0.085249; ['mse_0=0.000528; ', 'lpips_0=0.000775; ', 'codec_recon_0=0.014627; ', 'estimated_kb_0=1101.115479; ', 'bpp_0=6.401834; ', 'mse_1=0.000444; ', 'lpips_1=0.000675; ', 'codec_recon_1=0.207283; ', 'estimated_kb_1=275.813477; ', 'bpp_1=0.320713; ', 'mse_2=0.000404; ', 'lpips_2=0.000601; ', 'codec_recon_2=0.050836; ', 'estimated_kb_2=1097.472290; ', 'bpp_2=0.303841; ']
aux step[1058] ; loss/aux = 23590.437500
train step[1059/5000] ; used: 18m:35s; eta: 1h:9m:6s; loss = 0.081450; ['mse_0=0.000303; ', 'lpips_0=0.000507; ', 'codec_recon_0=0.010302; ', 'estimated_kb_0=1104.832642; ', 'bpp_0=6.423446; ', 'mse_1=0.000215; ', 'lpips_1=0.000402; ', 'codec_recon_1=0.211528; ', 'estimated_kb_1=275.737366; ', 'bpp_1=0.320625; ', 'mse_2=0.000159; ', 'lpips_2=0.000340; ', 'codec_recon_2=0.043248; ', 'estimated_kb_2=1096.791626; ', 'bpp_2=0.303652; ']
aux step[1059] ; loss/aux = 23590.437500
train step[1060/5000] ; used: 18m:36s; eta: 1h:9m:5s; loss = 0.108038; ['mse_0=0.001091; ', 'lpips_0=0.000904; ', 'codec_recon_0=0.014664; ', 'estimated_kb_0=1104.118042; ', 'bpp_0=6.419291; ', 'mse_1=0.000960; ', 'lpips_1=0.000790; ', 'codec_recon_1=0.280291; ', 'estimated_kb_1=275.682465; ', 'bpp_1=0.320561; ', 'mse_2=0.000860; ', 'lpips_2=0.000664; ', 'codec_recon_2=0.047602; ', 'estimated_kb_2=1098.681152; ', 'bpp_2=0.304175; ']
aux step[1060] ; loss/aux = 23590.437500
train step[1061/5000] ; used: 18m:37s; eta: 1h:9m:3s; loss = 0.097661; ['mse_0=0.003724; ', 'lpips_0=0.001219; ', 'codec_recon_0=0.013074; ', 'estimated_kb_0=1111.087280; ', 'bpp_0=6.459809; ', 'mse_1=0.003155; ', 'lpips_1=0.001076; ', 'codec_recon_1=0.225051; ', 'estimated_kb_1=277.118591; ', 'bpp_1=0.322231; ', 'mse_2=0.003048; ', 'lpips_2=0.001002; ', 'codec_recon_2=0.043333; ', 'estimated_kb_2=1103.392334; ', 'bpp_2=0.305480; ']
aux step[1061] ; loss/aux = 23590.435547
train step[1062/5000] ; used: 18m:38s; eta: 1h:9m:2s; loss = 0.093432; ['mse_0=0.000601; ', 'lpips_0=0.000709; ', 'codec_recon_0=0.013776; ', 'estimated_kb_0=1103.047607; ', 'bpp_0=6.413067; ', 'mse_1=0.000441; ', 'lpips_1=0.000602; ', 'codec_recon_1=0.242324; ', 'estimated_kb_1=275.877808; ', 'bpp_1=0.320788; ', 'mse_2=0.000266; ', 'lpips_2=0.000507; ', 'codec_recon_2=0.044921; ', 'estimated_kb_2=1101.299927; ', 'bpp_2=0.304900; ']
aux step[1062] ; loss/aux = 23590.433594
train step[1063/5000] ; used: 18m:39s; eta: 1h:9m:1s; loss = 0.090025; ['mse_0=0.000705; ', 'lpips_0=0.000760; ', 'codec_recon_0=0.015610; ', 'estimated_kb_0=1087.820312; ', 'bpp_0=6.324537; ', 'mse_1=0.000597; ', 'lpips_1=0.000654; ', 'codec_recon_1=0.223879; ', 'estimated_kb_1=275.109558; ', 'bpp_1=0.319895; ', 'mse_2=0.000531; ', 'lpips_2=0.000604; ', 'codec_recon_2=0.047756; ', 'estimated_kb_2=1091.720581; ', 'bpp_2=0.302248; ']
aux step[1063] ; loss/aux = 23590.433594
train step[1064/5000] ; used: 18m:40s; eta: 1h:8m:59s; loss = 0.107395; ['mse_0=0.001818; ', 'lpips_0=0.001096; ', 'codec_recon_0=0.012368; ', 'estimated_kb_0=1120.393311; ', 'bpp_0=6.513915; ', 'mse_1=0.001640; ', 'lpips_1=0.000961; ', 'codec_recon_1=0.274825; ', 'estimated_kb_1=277.593628; ', 'bpp_1=0.322783; ', 'mse_2=0.001607; ', 'lpips_2=0.000846; ', 'codec_recon_2=0.044230; ', 'estimated_kb_2=1109.542358; ', 'bpp_2=0.307182; ']
aux step[1064] ; loss/aux = 23590.433594
train step[1065/5000] ; used: 18m:41s; eta: 1h:8m:58s; loss = 0.094828; ['mse_0=0.001702; ', 'lpips_0=0.000845; ', 'codec_recon_0=0.014546; ', 'estimated_kb_0=1121.386475; ', 'bpp_0=6.519689; ', 'mse_1=0.001363; ', 'lpips_1=0.000707; ', 'codec_recon_1=0.238161; ', 'estimated_kb_1=278.326569; ', 'bpp_1=0.323636; ', 'mse_2=0.001210; ', 'lpips_2=0.000621; ', 'codec_recon_2=0.041892; ', 'estimated_kb_2=1111.062622; ', 'bpp_2=0.307603; ']
aux step[1065] ; loss/aux = 23590.431641
train step[1066/5000] ; used: 18m:42s; eta: 1h:8m:57s; loss = 0.090812; ['mse_0=0.000336; ', 'lpips_0=0.000579; ', 'codec_recon_0=0.011979; ', 'estimated_kb_0=1113.130981; ', 'bpp_0=6.471692; ', 'mse_1=0.000257; ', 'lpips_1=0.000476; ', 'codec_recon_1=0.231894; ', 'estimated_kb_1=276.399628; ', 'bpp_1=0.321395; ', 'mse_2=0.000221; ', 'lpips_2=0.000401; ', 'codec_recon_2=0.051264; ', 'estimated_kb_2=1102.545776; ', 'bpp_2=0.305245; ']
aux step[1066] ; loss/aux = 23590.431641
train step[1067/5000] ; used: 18m:43s; eta: 1h:8m:56s; loss = 0.116361; ['mse_0=0.002227; ', 'lpips_0=0.001006; ', 'codec_recon_0=0.016244; ', 'estimated_kb_0=1099.867798; ', 'bpp_0=6.394580; ', 'mse_1=0.002081; ', 'lpips_1=0.000899; ', 'codec_recon_1=0.291182; ', 'estimated_kb_1=274.914795; ', 'bpp_1=0.319668; ', 'mse_2=0.001819; ', 'lpips_2=0.000703; ', 'codec_recon_2=0.051327; ', 'estimated_kb_2=1091.385742; ', 'bpp_2=0.302156; ']
aux step[1067] ; loss/aux = 23590.431641
train step[1068/5000] ; used: 18m:44s; eta: 1h:8m:54s; loss = 0.105039; ['mse_0=0.002581; ', 'lpips_0=0.001161; ', 'codec_recon_0=0.014614; ', 'estimated_kb_0=1114.155151; ', 'bpp_0=6.477646; ', 'mse_1=0.002228; ', 'lpips_1=0.000981; ', 'codec_recon_1=0.260476; ', 'estimated_kb_1=277.748199; ', 'bpp_1=0.322963; ', 'mse_2=0.002013; ', 'lpips_2=0.000832; ', 'codec_recon_2=0.042389; ', 'estimated_kb_2=1110.130737; ', 'bpp_2=0.307345; ']
aux step[1068] ; loss/aux = 23590.429688
train step[1069/5000] ; used: 18m:45s; eta: 1h:8m:53s; loss = 0.096048; ['mse_0=0.002392; ', 'lpips_0=0.000928; ', 'codec_recon_0=0.011609; ', 'estimated_kb_0=1132.169556; ', 'bpp_0=6.582381; ', 'mse_1=0.001947; ', 'lpips_1=0.000764; ', 'codec_recon_1=0.235307; ', 'estimated_kb_1=279.076904; ', 'bpp_1=0.324508; ', 'mse_2=0.001746; ', 'lpips_2=0.000682; ', 'codec_recon_2=0.045049; ', 'estimated_kb_2=1115.516968; ', 'bpp_2=0.308836; ']
aux step[1069] ; loss/aux = 23590.427734
train step[1070/5000] ; used: 18m:46s; eta: 1h:8m:52s; loss = 0.092572; ['mse_0=0.002783; ', 'lpips_0=0.001055; ', 'codec_recon_0=0.012123; ', 'estimated_kb_0=1099.921753; ', 'bpp_0=6.394894; ', 'mse_1=0.002713; ', 'lpips_1=0.000949; ', 'codec_recon_1=0.213522; ', 'estimated_kb_1=275.280396; ', 'bpp_1=0.320093; ', 'mse_2=0.002658; ', 'lpips_2=0.000901; ', 'codec_recon_2=0.046066; ', 'estimated_kb_2=1097.617554; ', 'bpp_2=0.303881; ']
aux step[1070] ; loss/aux = 23590.427734
train step[1071/5000] ; used: 18m:47s; eta: 1h:8m:51s; loss = 0.101810; ['mse_0=0.000944; ', 'lpips_0=0.000935; ', 'codec_recon_0=0.015589; ', 'estimated_kb_0=1100.246338; ', 'bpp_0=6.396780; ', 'mse_1=0.000813; ', 'lpips_1=0.000807; ', 'codec_recon_1=0.255015; ', 'estimated_kb_1=275.946503; ', 'bpp_1=0.320868; ', 'mse_2=0.000733; ', 'lpips_2=0.000701; ', 'codec_recon_2=0.052317; ', 'estimated_kb_2=1098.779419; ', 'bpp_2=0.304202; ']
aux step[1071] ; loss/aux = 23590.427734
train step[1072/5000] ; used: 18m:48s; eta: 1h:8m:49s; loss = 0.099619; ['mse_0=0.000930; ', 'lpips_0=0.000768; ', 'codec_recon_0=0.011811; ', 'estimated_kb_0=1120.615356; ', 'bpp_0=6.515206; ', 'mse_1=0.000698; ', 'lpips_1=0.000672; ', 'codec_recon_1=0.264888; ', 'estimated_kb_1=277.994415; ', 'bpp_1=0.323249; ', 'mse_2=0.000507; ', 'lpips_2=0.000521; ', 'codec_recon_2=0.041714; ', 'estimated_kb_2=1110.222778; ', 'bpp_2=0.307371; ']
aux step[1072] ; loss/aux = 23590.425781
train step[1073/5000] ; used: 18m:49s; eta: 1h:8m:48s; loss = 0.117197; ['mse_0=0.000663; ', 'lpips_0=0.000992; ', 'codec_recon_0=0.015205; ', 'estimated_kb_0=1108.136230; ', 'bpp_0=6.442652; ', 'mse_1=0.000495; ', 'lpips_1=0.000789; ', 'codec_recon_1=0.316061; ', 'estimated_kb_1=276.272888; ', 'bpp_1=0.321248; ', 'mse_2=0.000340; ', 'lpips_2=0.000606; ', 'codec_recon_2=0.046440; ', 'estimated_kb_2=1106.455933; ', 'bpp_2=0.306328; ']
aux step[1073] ; loss/aux = 23590.425781
train step[1074/5000] ; used: 18m:50s; eta: 1h:8m:47s; loss = 0.090024; ['mse_0=0.000860; ', 'lpips_0=0.000926; ', 'codec_recon_0=0.015604; ', 'estimated_kb_0=1093.180908; ', 'bpp_0=6.355703; ', 'mse_1=0.000737; ', 'lpips_1=0.000830; ', 'codec_recon_1=0.221665; ', 'estimated_kb_1=275.740814; ', 'bpp_1=0.320629; ', 'mse_2=0.000699; ', 'lpips_2=0.000770; ', 'codec_recon_2=0.046734; ', 'estimated_kb_2=1096.213257; ', 'bpp_2=0.303492; ']
aux step[1074] ; loss/aux = 23590.425781
train step[1075/5000] ; used: 18m:51s; eta: 1h:8m:46s; loss = 0.088616; ['mse_0=0.000813; ', 'lpips_0=0.001007; ', 'codec_recon_0=0.013229; ', 'estimated_kb_0=1104.749512; ', 'bpp_0=6.422962; ', 'mse_1=0.000704; ', 'lpips_1=0.000922; ', 'codec_recon_1=0.216151; ', 'estimated_kb_1=276.071503; ', 'bpp_1=0.321013; ', 'mse_2=0.000671; ', 'lpips_2=0.000882; ', 'codec_recon_2=0.049338; ', 'estimated_kb_2=1102.254761; ', 'bpp_2=0.305165; ']
aux step[1075] ; loss/aux = 23590.423828
train step[1076/5000] ; used: 18m:52s; eta: 1h:8m:44s; loss = 0.125746; ['mse_0=0.005349; ', 'lpips_0=0.001493; ', 'codec_recon_0=0.014391; ', 'estimated_kb_0=1118.417114; ', 'bpp_0=6.502425; ', 'mse_1=0.004890; ', 'lpips_1=0.001388; ', 'codec_recon_1=0.300083; ', 'estimated_kb_1=277.299011; ', 'bpp_1=0.322441; ', 'mse_2=0.004578; ', 'lpips_2=0.001257; ', 'codec_recon_2=0.041496; ', 'estimated_kb_2=1110.760986; ', 'bpp_2=0.307520; ']
aux step[1076] ; loss/aux = 23590.423828
train step[1077/5000] ; used: 18m:53s; eta: 1h:8m:43s; loss = 0.108885; ['mse_0=0.001465; ', 'lpips_0=0.000906; ', 'codec_recon_0=0.011450; ', 'estimated_kb_0=1117.199707; ', 'bpp_0=6.495347; ', 'mse_1=0.001135; ', 'lpips_1=0.000769; ', 'codec_recon_1=0.291739; ', 'estimated_kb_1=277.290741; ', 'bpp_1=0.322431; ', 'mse_2=0.000786; ', 'lpips_2=0.000576; ', 'codec_recon_2=0.040969; ', 'estimated_kb_2=1107.186035; ', 'bpp_2=0.306530; ']
aux step[1077] ; loss/aux = 23590.421875
train step[1078/5000] ; used: 18m:54s; eta: 1h:8m:42s; loss = 0.085128; ['mse_0=0.000884; ', 'lpips_0=0.000718; ', 'codec_recon_0=0.012473; ', 'estimated_kb_0=1112.427490; ', 'bpp_0=6.467602; ', 'mse_1=0.000686; ', 'lpips_1=0.000588; ', 'codec_recon_1=0.213240; ', 'estimated_kb_1=277.004150; ', 'bpp_1=0.322098; ', 'mse_2=0.000600; ', 'lpips_2=0.000509; ', 'codec_recon_2=0.044760; ', 'estimated_kb_2=1102.692749; ', 'bpp_2=0.305286; ']
aux step[1078] ; loss/aux = 23590.421875
train step[1079/5000] ; used: 18m:55s; eta: 1h:8m:40s; loss = 0.091018; ['mse_0=0.001882; ', 'lpips_0=0.001020; ', 'codec_recon_0=0.012671; ', 'estimated_kb_0=1117.853394; ', 'bpp_0=6.499148; ', 'mse_1=0.001701; ', 'lpips_1=0.000921; ', 'codec_recon_1=0.220132; ', 'estimated_kb_1=276.614807; ', 'bpp_1=0.321645; ', 'mse_2=0.001601; ', 'lpips_2=0.000880; ', 'codec_recon_2=0.043904; ', 'estimated_kb_2=1106.231079; ', 'bpp_2=0.306266; ']
aux step[1079] ; loss/aux = 23590.419922
train step[1080/5000] ; used: 18m:56s; eta: 1h:8m:39s; loss = 0.126404; ['mse_0=0.003828; ', 'lpips_0=0.001444; ', 'codec_recon_0=0.013975; ', 'estimated_kb_0=1117.763062; ', 'bpp_0=6.498622; ', 'mse_1=0.003372; ', 'lpips_1=0.001348; ', 'codec_recon_1=0.321685; ', 'estimated_kb_1=277.284546; ', 'bpp_1=0.322424; ', 'mse_2=0.002862; ', 'lpips_2=0.001178; ', 'codec_recon_2=0.038913; ', 'estimated_kb_2=1111.002319; ', 'bpp_2=0.307586; ']
aux step[1080] ; loss/aux = 23590.419922
train step[1081/5000] ; used: 18m:57s; eta: 1h:8m:38s; loss = 0.108399; ['mse_0=0.001571; ', 'lpips_0=0.001142; ', 'codec_recon_0=0.012167; ', 'estimated_kb_0=1116.439087; ', 'bpp_0=6.490925; ', 'mse_1=0.001343; ', 'lpips_1=0.001048; ', 'codec_recon_1=0.277745; ', 'estimated_kb_1=276.907745; ', 'bpp_1=0.321986; ', 'mse_2=0.000956; ', 'lpips_2=0.000821; ', 'codec_recon_2=0.048480; ', 'estimated_kb_2=1106.292358; ', 'bpp_2=0.306282; ']
aux step[1081] ; loss/aux = 23590.419922
train step[1082/5000] ; used: 18m:58s; eta: 1h:8m:37s; loss = 0.093640; ['mse_0=0.000472; ', 'lpips_0=0.000739; ', 'codec_recon_0=0.014149; ', 'estimated_kb_0=1106.373413; ', 'bpp_0=6.432404; ', 'mse_1=0.000384; ', 'lpips_1=0.000604; ', 'codec_recon_1=0.238719; ', 'estimated_kb_1=275.435120; ', 'bpp_1=0.320273; ', 'mse_2=0.000328; ', 'lpips_2=0.000534; ', 'codec_recon_2=0.049062; ', 'estimated_kb_2=1100.778564; ', 'bpp_2=0.304756; ']
aux step[1082] ; loss/aux = 23590.419922
train step[1083/5000] ; used: 18m:59s; eta: 1h:8m:35s; loss = 0.092274; ['mse_0=0.002575; ', 'lpips_0=0.001217; ', 'codec_recon_0=0.013869; ', 'estimated_kb_0=1108.502075; ', 'bpp_0=6.444779; ', 'mse_1=0.002430; ', 'lpips_1=0.001112; ', 'codec_recon_1=0.210718; ', 'estimated_kb_1=276.976074; ', 'bpp_1=0.322065; ', 'mse_2=0.002409; ', 'lpips_2=0.001070; ', 'codec_recon_2=0.046953; ', 'estimated_kb_2=1105.488892; ', 'bpp_2=0.306060; ']
aux step[1083] ; loss/aux = 23590.417969
train step[1084/5000] ; used: 19m; eta: 1h:8m:34s; loss = 0.108895; ['mse_0=0.001870; ', 'lpips_0=0.000912; ', 'codec_recon_0=0.012108; ', 'estimated_kb_0=1128.532227; ', 'bpp_0=6.561234; ', 'mse_1=0.001534; ', 'lpips_1=0.000777; ', 'codec_recon_1=0.288516; ', 'estimated_kb_1=278.960236; ', 'bpp_1=0.324372; ', 'mse_2=0.001134; ', 'lpips_2=0.000600; ', 'codec_recon_2=0.039604; ', 'estimated_kb_2=1116.640625; ', 'bpp_2=0.309147; ']
aux step[1084] ; loss/aux = 23590.416016
train step[1085/5000] ; used: 19m:1s; eta: 1h:8m:33s; loss = 0.092561; ['mse_0=0.000710; ', 'lpips_0=0.000749; ', 'codec_recon_0=0.011793; ', 'estimated_kb_0=1116.228760; ', 'bpp_0=6.489702; ', 'mse_1=0.000623; ', 'lpips_1=0.000655; ', 'codec_recon_1=0.234858; ', 'estimated_kb_1=277.713470; ', 'bpp_1=0.322923; ', 'mse_2=0.000584; ', 'lpips_2=0.000584; ', 'codec_recon_2=0.048871; ', 'estimated_kb_2=1107.257324; ', 'bpp_2=0.306550; ']
aux step[1085] ; loss/aux = 23590.416016
train step[1086/5000] ; used: 19m:2s; eta: 1h:8m:32s; loss = 0.085197; ['mse_0=0.000820; ', 'lpips_0=0.000903; ', 'codec_recon_0=0.012520; ', 'estimated_kb_0=1104.739990; ', 'bpp_0=6.422907; ', 'mse_1=0.000768; ', 'lpips_1=0.000811; ', 'codec_recon_1=0.209870; ', 'estimated_kb_1=276.547119; ', 'bpp_1=0.321566; ', 'mse_2=0.000709; ', 'lpips_2=0.000762; ', 'codec_recon_2=0.045689; ', 'estimated_kb_2=1100.613892; ', 'bpp_2=0.304710; ']
aux step[1086] ; loss/aux = 23590.414062
train step[1087/5000] ; used: 19m:3s; eta: 1h:8m:31s; loss = 0.104542; ['mse_0=0.001269; ', 'lpips_0=0.000726; ', 'codec_recon_0=0.012928; ', 'estimated_kb_0=1116.967529; ', 'bpp_0=6.493998; ', 'mse_1=0.000981; ', 'lpips_1=0.000615; ', 'codec_recon_1=0.278232; ', 'estimated_kb_1=277.140747; ', 'bpp_1=0.322257; ', 'mse_2=0.000510; ', 'lpips_2=0.000427; ', 'codec_recon_2=0.042217; ', 'estimated_kb_2=1106.661499; ', 'bpp_2=0.306385; ']
aux step[1087] ; loss/aux = 23590.414062
train step[1088/5000] ; used: 19m:4s; eta: 1h:8m:29s; loss = 0.118250; ['mse_0=0.002081; ', 'lpips_0=0.000968; ', 'codec_recon_0=0.011557; ', 'estimated_kb_0=1140.035278; ', 'bpp_0=6.628112; ', 'mse_1=0.001555; ', 'lpips_1=0.000796; ', 'codec_recon_1=0.318604; ', 'estimated_kb_1=279.396423; ', 'bpp_1=0.324880; ', 'mse_2=0.001062; ', 'lpips_2=0.000544; ', 'codec_recon_2=0.040656; ', 'estimated_kb_2=1124.943604; ', 'bpp_2=0.311446; ']
aux step[1088] ; loss/aux = 23590.414062
train step[1089/5000] ; used: 19m:5s; eta: 1h:8m:28s; loss = 0.085950; ['mse_0=0.000303; ', 'lpips_0=0.000760; ', 'codec_recon_0=0.013851; ', 'estimated_kb_0=1090.186768; ', 'bpp_0=6.338295; ', 'mse_1=0.000232; ', 'lpips_1=0.000667; ', 'codec_recon_1=0.214761; ', 'estimated_kb_1=273.814026; ', 'bpp_1=0.318388; ', 'mse_2=0.000190; ', 'lpips_2=0.000611; ', 'codec_recon_2=0.048680; ', 'estimated_kb_2=1090.250366; ', 'bpp_2=0.301841; ']
aux step[1089] ; loss/aux = 23590.414062
train step[1090/5000] ; used: 19m:6s; eta: 1h:8m:27s; loss = 0.089569; ['mse_0=0.001846; ', 'lpips_0=0.000975; ', 'codec_recon_0=0.013019; ', 'estimated_kb_0=1100.954834; ', 'bpp_0=6.400900; ', 'mse_1=0.001757; ', 'lpips_1=0.000866; ', 'codec_recon_1=0.214953; ', 'estimated_kb_1=275.471161; ', 'bpp_1=0.320315; ', 'mse_2=0.001745; ', 'lpips_2=0.000814; ', 'codec_recon_2=0.043917; ', 'estimated_kb_2=1098.048462; ', 'bpp_2=0.304000; ']
aux step[1090] ; loss/aux = 23590.412109
train step[1091/5000] ; used: 19m:7s; eta: 1h:8m:26s; loss = 0.108767; ['mse_0=0.003146; ', 'lpips_0=0.001096; ', 'codec_recon_0=0.010641; ', 'estimated_kb_0=1141.065430; ', 'bpp_0=6.634101; ', 'mse_1=0.002581; ', 'lpips_1=0.001021; ', 'codec_recon_1=0.275245; ', 'estimated_kb_1=281.008423; ', 'bpp_1=0.326754; ', 'mse_2=0.002033; ', 'lpips_2=0.000736; ', 'codec_recon_2=0.041293; ', 'estimated_kb_2=1125.216309; ', 'bpp_2=0.311522; ']
aux step[1091] ; loss/aux = 23590.410156
