============================================
HiSplat + per-stage MSH training
Repo: /ceph_data/clue9986/HiSplatMSH
Phase: warmup
Lambda RD: 1e-6
Pretrained ckpt: /ceph_data/clue9986/HiSplatMSH/outputs/msh_proj_full_highrate_bypass_5k/checkpoints/epoch_0-step_5000.ckpt
Max steps: 1500
Batch size/GPU: 2
Checkpoint interval/top-k: 100 / -1
SH degree: 4
Codec stage N: [192,192,192]
Codec stage M: [320,320,320]
Codec stage depth: [2,4,4]
Codec train mode: full
Codec input: proj
LR codec/aux/generator: 1.0e-4 / 1.0e-5 / 2.0e-5
Codec LR warmup: 200 steps from factor 0.1
Codec recon weight: 1.0
Codec warmup bypass: true
Output: msh_proj_full_ratewarm_l1e-6_ladder
Extra Hydra args: <none>
============================================
[36mSaving outputs to /ceph_data/clue9986/HiSplatMSH/outputs/msh_proj_full_ratewarm_l1e-6_ladder.[39m
GPU number is 1
missing keys:[]
unexpected keys:[]
error msgs:[]
!!!Successfully load the DINOV2 ckpt from ./checkpoints/dinov2_vitb14_pretrain.pth
==> Load multi-view transformer backbone checkpoint: checkpoints/gmdepth-scale1-resumeflowthings-scannet-5d9d7964.pth
Setting up [LPIPS] perceptual loss: trunk [vgg], v[0.1], spatial [off]
Loading model from: /ceph_data/clue9986/anaconda3/envs/hisplat/lib/python3.10/site-packages/lpips/weights/v0.1/vgg.pth
begin to train fit!
start training without trainer-state resume!!!
train step[0/1500] ; used: 0s; eta: 0s; loss = 0.351463; ['mse_0=0.000529; ', 'lpips_0=0.004173; ', 'codec_recon_0=0.021819; ', 'bpp_0=5.653471; ', 'mse_1=0.000360; ', 'lpips_1=0.003348; ', 'codec_recon_1=0.260543; ', 'bpp_1=0.287267; ', 'mse_2=0.000329; ', 'lpips_2=0.003194; ', 'codec_recon_2=0.069094; ', 'bpp_2=0.264892; ']
train step[1/1500] ; used: 2s; eta: 26m:15s; loss = 0.326870; ['mse_0=0.000553; ', 'lpips_0=0.003435; ', 'codec_recon_0=0.020254; ', 'bpp_0=5.602414; ', 'mse_1=0.000445; ', 'lpips_1=0.002775; ', 'codec_recon_1=0.241110; ', 'bpp_1=0.285216; ', 'mse_2=0.000414; ', 'lpips_2=0.002663; ', 'codec_recon_2=0.065499; ', 'bpp_2=0.262247; ']
train step[2/1500] ; used: 2s; eta: 23m:4s; loss = 0.451121; ['mse_0=0.002162; ', 'lpips_0=0.005445; ', 'codec_recon_0=0.020003; ', 'bpp_0=6.164807; ', 'mse_1=0.001612; ', 'lpips_1=0.004088; ', 'codec_recon_1=0.361108; ', 'bpp_1=0.297713; ', 'mse_2=0.001480; ', 'lpips_2=0.003753; ', 'codec_recon_2=0.070004; ', 'bpp_2=0.280309; ']
train step[3/1500] ; used: 3s; eta: 21m:19s; loss = 0.447547; ['mse_0=0.004153; ', 'lpips_0=0.006893; ', 'codec_recon_0=0.018769; ', 'bpp_0=6.013170; ', 'mse_1=0.003379; ', 'lpips_1=0.005431; ', 'codec_recon_1=0.357851; ', 'bpp_1=0.296022; ', 'mse_2=0.003146; ', 'lpips_2=0.005044; ', 'codec_recon_2=0.070921; ', 'bpp_2=0.277609; ']
train step[4/1500] ; used: 4s; eta: 20m:13s; loss = 0.406706; ['mse_0=0.001410; ', 'lpips_0=0.004460; ', 'codec_recon_0=0.020084; ', 'bpp_0=6.038601; ', 'mse_1=0.001035; ', 'lpips_1=0.003489; ', 'codec_recon_1=0.312255; ', 'bpp_1=0.294467; ', 'mse_2=0.000955; ', 'lpips_2=0.003223; ', 'codec_recon_2=0.074361; ', 'bpp_2=0.275135; ']
train step[5/1500] ; used: 4s; eta: 19m:30s; loss = 0.368495; ['mse_0=0.001199; ', 'lpips_0=0.003303; ', 'codec_recon_0=0.018843; ', 'bpp_0=6.100638; ', 'mse_1=0.000942; ', 'lpips_1=0.002375; ', 'codec_recon_1=0.273756; ', 'bpp_1=0.295609; ', 'mse_2=0.000900; ', 'lpips_2=0.002184; ', 'codec_recon_2=0.075889; ', 'bpp_2=0.274972; ']
train step[6/1500] ; used: 5s; eta: 19m; loss = 0.425567; ['mse_0=0.001352; ', 'lpips_0=0.005154; ', 'codec_recon_0=0.018890; ', 'bpp_0=6.151156; ', 'mse_1=0.000867; ', 'lpips_1=0.003879; ', 'codec_recon_1=0.328072; ', 'bpp_1=0.299732; ', 'mse_2=0.000802; ', 'lpips_2=0.003766; ', 'codec_recon_2=0.078599; ', 'bpp_2=0.280878; ']
train step[7/1500] ; used: 6s; eta: 18m:45s; loss = 0.383932; ['mse_0=0.001760; ', 'lpips_0=0.004400; ', 'codec_recon_0=0.021121; ', 'bpp_0=5.866281; ', 'mse_1=0.001372; ', 'lpips_1=0.003523; ', 'codec_recon_1=0.284725; ', 'bpp_1=0.291095; ', 'mse_2=0.001348; ', 'lpips_2=0.003388; ', 'codec_recon_2=0.078080; ', 'bpp_2=0.270690; ']
train step[8/1500] ; used: 6s; eta: 18m:29s; loss = 0.368130; ['mse_0=0.001177; ', 'lpips_0=0.003922; ', 'codec_recon_0=0.018147; ', 'bpp_0=5.955832; ', 'mse_1=0.000969; ', 'lpips_1=0.003301; ', 'codec_recon_1=0.278319; ', 'bpp_1=0.292208; ', 'mse_2=0.000923; ', 'lpips_2=0.003192; ', 'codec_recon_2=0.071657; ', 'bpp_2=0.270380; ']
train step[9/1500] ; used: 7s; eta: 18m:18s; loss = 0.364545; ['mse_0=0.002376; ', 'lpips_0=0.004065; ', 'codec_recon_0=0.016775; ', 'bpp_0=6.123068; ', 'mse_1=0.002176; ', 'lpips_1=0.003296; ', 'codec_recon_1=0.278271; ', 'bpp_1=0.296242; ', 'mse_2=0.002143; ', 'lpips_2=0.003151; ', 'codec_recon_2=0.069492; ', 'bpp_2=0.276189; ']
train step[10/1500] ; used: 8s; eta: 18m:6s; loss = 0.384253; ['mse_0=0.000764; ', 'lpips_0=0.003918; ', 'codec_recon_0=0.018901; ', 'bpp_0=5.978425; ', 'mse_1=0.000611; ', 'lpips_1=0.003231; ', 'codec_recon_1=0.286865; ', 'bpp_1=0.292449; ', 'mse_2=0.000582; ', 'lpips_2=0.003107; ', 'codec_recon_2=0.078481; ', 'bpp_2=0.269733; ']
train step[11/1500] ; used: 8s; eta: 17m:56s; loss = 0.406624; ['mse_0=0.001201; ', 'lpips_0=0.003217; ', 'codec_recon_0=0.016422; ', 'bpp_0=6.248000; ', 'mse_1=0.000711; ', 'lpips_1=0.001917; ', 'codec_recon_1=0.313125; ', 'bpp_1=0.300601; ', 'mse_2=0.000642; ', 'lpips_2=0.001757; ', 'codec_recon_2=0.077070; ', 'bpp_2=0.281445; ']
train step[12/1500] ; used: 9s; eta: 17m:49s; loss = 0.444641; ['mse_0=0.002538; ', 'lpips_0=0.004719; ', 'codec_recon_0=0.030936; ', 'bpp_0=6.004647; ', 'mse_1=0.002273; ', 'lpips_1=0.003869; ', 'codec_recon_1=0.310388; ', 'bpp_1=0.294706; ', 'mse_2=0.002276; ', 'lpips_2=0.003792; ', 'codec_recon_2=0.103311; ', 'bpp_2=0.273800; ']
train step[13/1500] ; used: 10s; eta: 17m:43s; loss = 0.373182; ['mse_0=0.001420; ', 'lpips_0=0.004665; ', 'codec_recon_0=0.018971; ', 'bpp_0=5.828544; ', 'mse_1=0.001158; ', 'lpips_1=0.003890; ', 'codec_recon_1=0.277963; ', 'bpp_1=0.290382; ', 'mse_2=0.001121; ', 'lpips_2=0.003751; ', 'codec_recon_2=0.076242; ', 'bpp_2=0.266998; ']
train step[14/1500] ; used: 10s; eta: 17m:40s; loss = 0.379214; ['mse_0=0.003247; ', 'lpips_0=0.005955; ', 'codec_recon_0=0.018037; ', 'bpp_0=6.045224; ', 'mse_1=0.003050; ', 'lpips_1=0.005146; ', 'codec_recon_1=0.286031; ', 'bpp_1=0.295711; ', 'mse_2=0.003020; ', 'lpips_2=0.004910; ', 'codec_recon_2=0.075138; ', 'bpp_2=0.276340; ']
train step[15/1500] ; used: 11s; eta: 17m:34s; loss = 0.329701; ['mse_0=0.000797; ', 'lpips_0=0.003202; ', 'codec_recon_0=0.016904; ', 'bpp_0=6.068473; ', 'mse_1=0.000668; ', 'lpips_1=0.002630; ', 'codec_recon_1=0.243851; ', 'bpp_1=0.294103; ', 'mse_2=0.000633; ', 'lpips_2=0.002437; ', 'codec_recon_2=0.068939; ', 'bpp_2=0.271892; ']
train step[16/1500] ; used: 12s; eta: 17m:29s; loss = 0.350654; ['mse_0=0.000723; ', 'lpips_0=0.003406; ', 'codec_recon_0=0.015535; ', 'bpp_0=6.022469; ', 'mse_1=0.000492; ', 'lpips_1=0.002561; ', 'codec_recon_1=0.262087; ', 'bpp_1=0.293726; ', 'mse_2=0.000451; ', 'lpips_2=0.002391; ', 'codec_recon_2=0.073025; ', 'bpp_2=0.268521; ']
train step[17/1500] ; used: 12s; eta: 17m:25s; loss = 0.356131; ['mse_0=0.000556; ', 'lpips_0=0.003498; ', 'codec_recon_0=0.020363; ', 'bpp_0=5.762099; ', 'mse_1=0.000428; ', 'lpips_1=0.002932; ', 'codec_recon_1=0.267167; ', 'bpp_1=0.288291; ', 'mse_2=0.000406; ', 'lpips_2=0.002819; ', 'codec_recon_2=0.068595; ', 'bpp_2=0.266781; ']
train step[18/1500] ; used: 13s; eta: 17m:21s; loss = 0.416372; ['mse_0=0.001018; ', 'lpips_0=0.003840; ', 'codec_recon_0=0.020206; ', 'bpp_0=5.988511; ', 'mse_1=0.000691; ', 'lpips_1=0.002664; ', 'codec_recon_1=0.315657; ', 'bpp_1=0.293220; ', 'mse_2=0.000635; ', 'lpips_2=0.002458; ', 'codec_recon_2=0.080502; ', 'bpp_2=0.271522; ']
train step[19/1500] ; used: 14s; eta: 17m:18s; loss = 0.336327; ['mse_0=0.001525; ', 'lpips_0=0.005156; ', 'codec_recon_0=0.018481; ', 'bpp_0=5.845081; ', 'mse_1=0.001485; ', 'lpips_1=0.004358; ', 'codec_recon_1=0.251513; ', 'bpp_1=0.290212; ', 'mse_2=0.001440; ', 'lpips_2=0.004242; ', 'codec_recon_2=0.066327; ', 'bpp_2=0.267327; ']
train step[20/1500] ; used: 14s; eta: 17m:14s; loss = 0.337679; ['mse_0=0.000693; ', 'lpips_0=0.004479; ', 'codec_recon_0=0.019648; ', 'bpp_0=5.700514; ', 'mse_1=0.000565; ', 'lpips_1=0.003878; ', 'codec_recon_1=0.246838; ', 'bpp_1=0.288510; ', 'mse_2=0.000548; ', 'lpips_2=0.003777; ', 'codec_recon_2=0.071187; ', 'bpp_2=0.265356; ']
train step[21/1500] ; used: 15s; eta: 17m:10s; loss = 0.353731; ['mse_0=0.001069; ', 'lpips_0=0.004901; ', 'codec_recon_0=0.022203; ', 'bpp_0=5.745363; ', 'mse_1=0.000837; ', 'lpips_1=0.004127; ', 'codec_recon_1=0.261629; ', 'bpp_1=0.288820; ', 'mse_2=0.000795; ', 'lpips_2=0.003905; ', 'codec_recon_2=0.069893; ', 'bpp_2=0.268064; ']
train step[22/1500] ; used: 15s; eta: 17m:7s; loss = 0.482558; ['mse_0=0.002373; ', 'lpips_0=0.006441; ', 'codec_recon_0=0.022938; ', 'bpp_0=6.198162; ', 'mse_1=0.001992; ', 'lpips_1=0.005255; ', 'codec_recon_1=0.360607; ', 'bpp_1=0.296073; ', 'mse_2=0.001945; ', 'lpips_2=0.005111; ', 'codec_recon_2=0.099006; ', 'bpp_2=0.275090; ']
train step[23/1500] ; used: 16s; eta: 17m:4s; loss = 0.341789; ['mse_0=0.001683; ', 'lpips_0=0.005317; ', 'codec_recon_0=0.019177; ', 'bpp_0=5.789623; ', 'mse_1=0.001059; ', 'lpips_1=0.004092; ', 'codec_recon_1=0.258036; ', 'bpp_1=0.288601; ', 'mse_2=0.000971; ', 'lpips_2=0.004008; ', 'codec_recon_2=0.064570; ', 'bpp_2=0.265843; ']
train step[24/1500] ; used: 17s; eta: 17m:2s; loss = 0.357375; ['mse_0=0.006581; ', 'lpips_0=0.009014; ', 'codec_recon_0=0.023912; ', 'bpp_0=5.710673; ', 'mse_1=0.006517; ', 'lpips_1=0.008480; ', 'codec_recon_1=0.261230; ', 'bpp_1=0.289240; ', 'mse_2=0.006559; ', 'lpips_2=0.008408; ', 'codec_recon_2=0.072227; ', 'bpp_2=0.268560; ']
train step[25/1500] ; used: 18s; eta: 17m:1s; loss = 0.375120; ['mse_0=0.000975; ', 'lpips_0=0.003787; ', 'codec_recon_0=0.019418; ', 'bpp_0=5.935731; ', 'mse_1=0.000896; ', 'lpips_1=0.003196; ', 'codec_recon_1=0.269107; ', 'bpp_1=0.290652; ', 'mse_2=0.000895; ', 'lpips_2=0.003101; ', 'codec_recon_2=0.086589; ', 'bpp_2=0.266525; ']
train step[26/1500] ; used: 18s; eta: 17m; loss = 0.370976; ['mse_0=0.002952; ', 'lpips_0=0.005841; ', 'codec_recon_0=0.019310; ', 'bpp_0=5.927330; ', 'mse_1=0.002696; ', 'lpips_1=0.004869; ', 'codec_recon_1=0.276315; ', 'bpp_1=0.293328; ', 'mse_2=0.002684; ', 'lpips_2=0.004713; ', 'codec_recon_2=0.075345; ', 'bpp_2=0.272095; ']
train step[27/1500] ; used: 19s; eta: 17m; loss = 0.368412; ['mse_0=0.001832; ', 'lpips_0=0.003780; ', 'codec_recon_0=0.016316; ', 'bpp_0=6.073955; ', 'mse_1=0.001385; ', 'lpips_1=0.002787; ', 'codec_recon_1=0.284522; ', 'bpp_1=0.294324; ', 'mse_2=0.001317; ', 'lpips_2=0.002571; ', 'codec_recon_2=0.067566; ', 'bpp_2=0.274904; ']
train step[28/1500] ; used: 20s; eta: 16m:58s; loss = 0.451635; ['mse_0=0.001541; ', 'lpips_0=0.005872; ', 'codec_recon_0=0.026622; ', 'bpp_0=5.905966; ', 'mse_1=0.001293; ', 'lpips_1=0.004910; ', 'codec_recon_1=0.331554; ', 'bpp_1=0.292761; ', 'mse_2=0.001271; ', 'lpips_2=0.004815; ', 'codec_recon_2=0.093453; ', 'bpp_2=0.270754; ']
train step[29/1500] ; used: 20s; eta: 16m:57s; loss = 0.532156; ['mse_0=0.002597; ', 'lpips_0=0.007328; ', 'codec_recon_0=0.019673; ', 'bpp_0=6.322833; ', 'mse_1=0.001835; ', 'lpips_1=0.004150; ', 'codec_recon_1=0.424572; ', 'bpp_1=0.301204; ', 'mse_2=0.001605; ', 'lpips_2=0.003614; ', 'codec_recon_2=0.087904; ', 'bpp_2=0.284734; ']
train step[30/1500] ; used: 21s; eta: 16m:55s; loss = 0.483647; ['mse_0=0.010914; ', 'lpips_0=0.011142; ', 'codec_recon_0=0.020809; ', 'bpp_0=6.304288; ', 'mse_1=0.010619; ', 'lpips_1=0.009718; ', 'codec_recon_1=0.382655; ', 'bpp_1=0.301623; ', 'mse_2=0.010599; ', 'lpips_2=0.009395; ', 'codec_recon_2=0.080176; ', 'bpp_2=0.286023; ']
train step[31/1500] ; used: 22s; eta: 16m:55s; loss = 0.405094; ['mse_0=0.004145; ', 'lpips_0=0.005562; ', 'codec_recon_0=0.015665; ', 'bpp_0=6.298282; ', 'mse_1=0.003847; ', 'lpips_1=0.004440; ', 'codec_recon_1=0.315292; ', 'bpp_1=0.301094; ', 'mse_2=0.003785; ', 'lpips_2=0.004227; ', 'codec_recon_2=0.074131; ', 'bpp_2=0.282721; ']
train step[32/1500] ; used: 22s; eta: 16m:54s; loss = 0.404380; ['mse_0=0.002104; ', 'lpips_0=0.004962; ', 'codec_recon_0=0.019016; ', 'bpp_0=6.064655; ', 'mse_1=0.001488; ', 'lpips_1=0.003780; ', 'codec_recon_1=0.317161; ', 'bpp_1=0.295694; ', 'mse_2=0.001417; ', 'lpips_2=0.003547; ', 'codec_recon_2=0.068197; ', 'bpp_2=0.275965; ']
train step[33/1500] ; used: 23s; eta: 16m:52s; loss = 0.389926; ['mse_0=0.002694; ', 'lpips_0=0.004449; ', 'codec_recon_0=0.018790; ', 'bpp_0=6.045831; ', 'mse_1=0.002079; ', 'lpips_1=0.003309; ', 'codec_recon_1=0.303854; ', 'bpp_1=0.296650; ', 'mse_2=0.001960; ', 'lpips_2=0.003057; ', 'codec_recon_2=0.067275; ', 'bpp_2=0.277627; ']
train step[34/1500] ; used: 24s; eta: 16m:51s; loss = 0.382031; ['mse_0=0.000345; ', 'lpips_0=0.003589; ', 'codec_recon_0=0.018853; ', 'bpp_0=5.964144; ', 'mse_1=0.000234; ', 'lpips_1=0.002627; ', 'codec_recon_1=0.282128; ', 'bpp_1=0.292140; ', 'mse_2=0.000226; ', 'lpips_2=0.002498; ', 'codec_recon_2=0.081043; ', 'bpp_2=0.269761; ']
train step[35/1500] ; used: 24s; eta: 16m:49s; loss = 0.322058; ['mse_0=0.001675; ', 'lpips_0=0.005791; ', 'codec_recon_0=0.021974; ', 'bpp_0=5.817832; ', 'mse_1=0.001198; ', 'lpips_1=0.004868; ', 'codec_recon_1=0.230478; ', 'bpp_1=0.288745; ', 'mse_2=0.001144; ', 'lpips_2=0.004716; ', 'codec_recon_2=0.069600; ', 'bpp_2=0.266595; ']
train step[36/1500] ; used: 25s; eta: 16m:49s; loss = 0.359134; ['mse_0=0.001347; ', 'lpips_0=0.004485; ', 'codec_recon_0=0.018407; ', 'bpp_0=5.968035; ', 'mse_1=0.001038; ', 'lpips_1=0.003519; ', 'codec_recon_1=0.267575; ', 'bpp_1=0.294014; ', 'mse_2=0.000972; ', 'lpips_2=0.003381; ', 'codec_recon_2=0.073145; ', 'bpp_2=0.272727; ']
train step[37/1500] ; used: 26s; eta: 16m:47s; loss = 0.342216; ['mse_0=0.000660; ', 'lpips_0=0.003394; ', 'codec_recon_0=0.026387; ', 'bpp_0=5.837323; ', 'mse_1=0.000547; ', 'lpips_1=0.002752; ', 'codec_recon_1=0.235659; ', 'bpp_1=0.288845; ', 'mse_2=0.000527; ', 'lpips_2=0.002609; ', 'codec_recon_2=0.080163; ', 'bpp_2=0.266110; ']
train step[38/1500] ; used: 26s; eta: 16m:46s; loss = 0.363672; ['mse_0=0.000646; ', 'lpips_0=0.003279; ', 'codec_recon_0=0.016645; ', 'bpp_0=6.107814; ', 'mse_1=0.000487; ', 'lpips_1=0.002492; ', 'codec_recon_1=0.266997; ', 'bpp_1=0.296043; ', 'mse_2=0.000471; ', 'lpips_2=0.002414; ', 'codec_recon_2=0.080023; ', 'bpp_2=0.272834; ']
train step[39/1500] ; used: 27s; eta: 16m:45s; loss = 0.373716; ['mse_0=0.000823; ', 'lpips_0=0.003415; ', 'codec_recon_0=0.018939; ', 'bpp_0=5.970740; ', 'mse_1=0.000549; ', 'lpips_1=0.002555; ', 'codec_recon_1=0.282950; ', 'bpp_1=0.294792; ', 'mse_2=0.000492; ', 'lpips_2=0.002370; ', 'codec_recon_2=0.071820; ', 'bpp_2=0.272938; ']
train step[40/1500] ; used: 28s; eta: 16m:44s; loss = 0.367691; ['mse_0=0.000868; ', 'lpips_0=0.003669; ', 'codec_recon_0=0.024641; ', 'bpp_0=5.880510; ', 'mse_1=0.000612; ', 'lpips_1=0.003006; ', 'codec_recon_1=0.263270; ', 'bpp_1=0.291974; ', 'mse_2=0.000575; ', 'lpips_2=0.002835; ', 'codec_recon_2=0.079773; ', 'bpp_2=0.272127; ']
train step[41/1500] ; used: 28s; eta: 16m:43s; loss = 0.427561; ['mse_0=0.000603; ', 'lpips_0=0.004536; ', 'codec_recon_0=0.018275; ', 'bpp_0=5.693169; ', 'mse_1=0.000313; ', 'lpips_1=0.003155; ', 'codec_recon_1=0.331641; ', 'bpp_1=0.288529; ', 'mse_2=0.000278; ', 'lpips_2=0.002976; ', 'codec_recon_2=0.077638; ', 'bpp_2=0.267061; ']
train step[42/1500] ; used: 29s; eta: 16m:42s; loss = 0.363719; ['mse_0=0.000325; ', 'lpips_0=0.003370; ', 'codec_recon_0=0.018753; ', 'bpp_0=5.922362; ', 'mse_1=0.000272; ', 'lpips_1=0.002814; ', 'codec_recon_1=0.264321; ', 'bpp_1=0.288613; ', 'mse_2=0.000255; ', 'lpips_2=0.002767; ', 'codec_recon_2=0.080638; ', 'bpp_2=0.266070; ']
train step[43/1500] ; used: 30s; eta: 16m:42s; loss = 0.368640; ['mse_0=0.001015; ', 'lpips_0=0.002983; ', 'codec_recon_0=0.021299; ', 'bpp_0=6.019900; ', 'mse_1=0.000825; ', 'lpips_1=0.002304; ', 'codec_recon_1=0.263987; ', 'bpp_1=0.292297; ', 'mse_2=0.000760; ', 'lpips_2=0.002157; ', 'codec_recon_2=0.083348; ', 'bpp_2=0.269375; ']
train step[44/1500] ; used: 30s; eta: 16m:40s; loss = 0.370576; ['mse_0=0.000540; ', 'lpips_0=0.002917; ', 'codec_recon_0=0.015668; ', 'bpp_0=6.004014; ', 'mse_1=0.000293; ', 'lpips_1=0.002039; ', 'codec_recon_1=0.280520; ', 'bpp_1=0.293919; ', 'mse_2=0.000263; ', 'lpips_2=0.001980; ', 'codec_recon_2=0.074382; ', 'bpp_2=0.268917; ']
train step[45/1500] ; used: 31s; eta: 16m:40s; loss = 0.324309; ['mse_0=0.001863; ', 'lpips_0=0.004266; ', 'codec_recon_0=0.017331; ', 'bpp_0=5.926947; ', 'mse_1=0.001547; ', 'lpips_1=0.003432; ', 'codec_recon_1=0.241797; ', 'bpp_1=0.291608; ', 'mse_2=0.001462; ', 'lpips_2=0.003204; ', 'codec_recon_2=0.065174; ', 'bpp_2=0.270880; ']
train step[46/1500] ; used: 32s; eta: 16m:39s; loss = 0.355887; ['mse_0=0.001004; ', 'lpips_0=0.004603; ', 'codec_recon_0=0.019158; ', 'bpp_0=5.834630; ', 'mse_1=0.000899; ', 'lpips_1=0.003934; ', 'codec_recon_1=0.260782; ', 'bpp_1=0.289344; ', 'mse_2=0.000870; ', 'lpips_2=0.003750; ', 'codec_recon_2=0.075941; ', 'bpp_2=0.267079; ']
train step[47/1500] ; used: 32s; eta: 16m:38s; loss = 0.449427; ['mse_0=0.001202; ', 'lpips_0=0.004538; ', 'codec_recon_0=0.017431; ', 'bpp_0=6.133877; ', 'mse_1=0.000760; ', 'lpips_1=0.003015; ', 'codec_recon_1=0.350573; ', 'bpp_1=0.295747; ', 'mse_2=0.000646; ', 'lpips_2=0.002740; ', 'codec_recon_2=0.081416; ', 'bpp_2=0.275678; ']
train step[48/1500] ; used: 33s; eta: 16m:37s; loss = 0.348081; ['mse_0=0.001506; ', 'lpips_0=0.004552; ', 'codec_recon_0=0.018151; ', 'bpp_0=5.859916; ', 'mse_1=0.001688; ', 'lpips_1=0.003952; ', 'codec_recon_1=0.261822; ', 'bpp_1=0.290526; ', 'mse_2=0.001662; ', 'lpips_2=0.003869; ', 'codec_recon_2=0.068101; ', 'bpp_2=0.268778; ']
train step[49/1500] ; used: 34s; eta: 16m:36s; loss = 0.386822; ['mse_0=0.000995; ', 'lpips_0=0.003462; ', 'codec_recon_0=0.019011; ', 'bpp_0=6.096493; ', 'mse_1=0.000657; ', 'lpips_1=0.002280; ', 'codec_recon_1=0.288395; ', 'bpp_1=0.296562; ', 'mse_2=0.000609; ', 'lpips_2=0.002131; ', 'codec_recon_2=0.079409; ', 'bpp_2=0.276857; ']
train step[50/1500] ; used: 34s; eta: 16m:34s; loss = 0.348039; ['mse_0=0.001119; ', 'lpips_0=0.003547; ', 'codec_recon_0=0.020402; ', 'bpp_0=5.777542; ', 'mse_1=0.000697; ', 'lpips_1=0.002750; ', 'codec_recon_1=0.261593; ', 'bpp_1=0.288896; ', 'mse_2=0.000640; ', 'lpips_2=0.002619; ', 'codec_recon_2=0.066038; ', 'bpp_2=0.265996; ']
train step[51/1500] ; used: 35s; eta: 16m:33s; loss = 0.500210; ['mse_0=0.001743; ', 'lpips_0=0.005894; ', 'codec_recon_0=0.017698; ', 'bpp_0=6.075058; ', 'mse_1=0.000816; ', 'lpips_1=0.003475; ', 'codec_recon_1=0.398175; ', 'bpp_1=0.296067; ', 'mse_2=0.000677; ', 'lpips_2=0.003132; ', 'codec_recon_2=0.084329; ', 'bpp_2=0.278039; ']
train step[52/1500] ; used: 36s; eta: 16m:33s; loss = 0.421616; ['mse_0=0.001751; ', 'lpips_0=0.003733; ', 'codec_recon_0=0.017073; ', 'bpp_0=6.236566; ', 'mse_1=0.000817; ', 'lpips_1=0.002219; ', 'codec_recon_1=0.336768; ', 'bpp_1=0.299767; ', 'mse_2=0.000730; ', 'lpips_2=0.002061; ', 'codec_recon_2=0.067768; ', 'bpp_2=0.280170; ']
train step[53/1500] ; used: 37s; eta: 16m:32s; loss = 0.361764; ['mse_0=0.000715; ', 'lpips_0=0.003549; ', 'codec_recon_0=0.018305; ', 'bpp_0=5.905549; ', 'mse_1=0.000581; ', 'lpips_1=0.002913; ', 'codec_recon_1=0.267921; ', 'bpp_1=0.290507; ', 'mse_2=0.000584; ', 'lpips_2=0.002802; ', 'codec_recon_2=0.075532; ', 'bpp_2=0.267222; ']
train step[54/1500] ; used: 37s; eta: 16m:31s; loss = 0.444549; ['mse_0=0.002800; ', 'lpips_0=0.004575; ', 'codec_recon_0=0.027041; ', 'bpp_0=6.168386; ', 'mse_1=0.002283; ', 'lpips_1=0.003190; ', 'codec_recon_1=0.332729; ', 'bpp_1=0.298565; ', 'mse_2=0.002183; ', 'lpips_2=0.003003; ', 'codec_recon_2=0.084772; ', 'bpp_2=0.279443; ']
train step[55/1500] ; used: 38s; eta: 16m:30s; loss = 0.328184; ['mse_0=0.000480; ', 'lpips_0=0.004232; ', 'codec_recon_0=0.017895; ', 'bpp_0=5.848918; ', 'mse_1=0.000357; ', 'lpips_1=0.003704; ', 'codec_recon_1=0.237412; ', 'bpp_1=0.287932; ', 'mse_2=0.000340; ', 'lpips_2=0.003633; ', 'codec_recon_2=0.072870; ', 'bpp_2=0.267940; ']
train step[56/1500] ; used: 39s; eta: 16m:28s; loss = 0.381474; ['mse_0=0.001879; ', 'lpips_0=0.003423; ', 'codec_recon_0=0.016852; ', 'bpp_0=6.079391; ', 'mse_1=0.001702; ', 'lpips_1=0.002601; ', 'codec_recon_1=0.286889; ', 'bpp_1=0.293715; ', 'mse_2=0.001613; ', 'lpips_2=0.002401; ', 'codec_recon_2=0.077726; ', 'bpp_2=0.271143; ']
train step[57/1500] ; used: 39s; eta: 16m:27s; loss = 0.475588; ['mse_0=0.003813; ', 'lpips_0=0.006680; ', 'codec_recon_0=0.020526; ', 'bpp_0=6.109106; ', 'mse_1=0.002784; ', 'lpips_1=0.004658; ', 'codec_recon_1=0.386174; ', 'bpp_1=0.299674; ', 'mse_2=0.002712; ', 'lpips_2=0.004347; ', 'codec_recon_2=0.068882; ', 'bpp_2=0.282247; ']
train step[58/1500] ; used: 40s; eta: 16m:26s; loss = 0.373752; ['mse_0=0.000764; ', 'lpips_0=0.003740; ', 'codec_recon_0=0.017513; ', 'bpp_0=5.889308; ', 'mse_1=0.000607; ', 'lpips_1=0.002968; ', 'codec_recon_1=0.277652; ', 'bpp_1=0.290602; ', 'mse_2=0.000580; ', 'lpips_2=0.002837; ', 'codec_recon_2=0.078581; ', 'bpp_2=0.268410; ']
train step[59/1500] ; used: 41s; eta: 16m:26s; loss = 0.368379; ['mse_0=0.000717; ', 'lpips_0=0.003057; ', 'codec_recon_0=0.020616; ', 'bpp_0=5.939952; ', 'mse_1=0.000590; ', 'lpips_1=0.002486; ', 'codec_recon_1=0.275866; ', 'bpp_1=0.291450; ', 'mse_2=0.000578; ', 'lpips_2=0.002390; ', 'codec_recon_2=0.071892; ', 'bpp_2=0.268551; ']
train step[60/1500] ; used: 41s; eta: 16m:25s; loss = 0.369800; ['mse_0=0.000428; ', 'lpips_0=0.006041; ', 'codec_recon_0=0.027741; ', 'bpp_0=5.650234; ', 'mse_1=0.000352; ', 'lpips_1=0.005483; ', 'codec_recon_1=0.265670; ', 'bpp_1=0.282617; ', 'mse_2=0.000332; ', 'lpips_2=0.005265; ', 'codec_recon_2=0.076383; ', 'bpp_2=0.262227; ']
train step[61/1500] ; used: 42s; eta: 16m:24s; loss = 0.429746; ['mse_0=0.002377; ', 'lpips_0=0.005916; ', 'codec_recon_0=0.020351; ', 'bpp_0=5.910716; ', 'mse_1=0.002011; ', 'lpips_1=0.004981; ', 'codec_recon_1=0.329017; ', 'bpp_1=0.292187; ', 'mse_2=0.001947; ', 'lpips_2=0.004852; ', 'codec_recon_2=0.080370; ', 'bpp_2=0.272396; ']
train step[62/1500] ; used: 43s; eta: 16m:23s; loss = 0.302699; ['mse_0=0.000482; ', 'lpips_0=0.003033; ', 'codec_recon_0=0.014900; ', 'bpp_0=5.781691; ', 'mse_1=0.000258; ', 'lpips_1=0.002298; ', 'codec_recon_1=0.224331; ', 'bpp_1=0.287964; ', 'mse_2=0.000214; ', 'lpips_2=0.002161; ', 'codec_recon_2=0.063462; ', 'bpp_2=0.263554; ']
train step[63/1500] ; used: 43s; eta: 16m:22s; loss = 0.310277; ['mse_0=0.000714; ', 'lpips_0=0.003088; ', 'codec_recon_0=0.019480; ', 'bpp_0=5.766500; ', 'mse_1=0.000643; ', 'lpips_1=0.002648; ', 'codec_recon_1=0.226340; ', 'bpp_1=0.286358; ', 'mse_2=0.000634; ', 'lpips_2=0.002564; ', 'codec_recon_2=0.064451; ', 'bpp_2=0.265518; ']
train step[64/1500] ; used: 44s; eta: 16m:21s; loss = 0.385217; ['mse_0=0.002096; ', 'lpips_0=0.004367; ', 'codec_recon_0=0.019516; ', 'bpp_0=5.898314; ', 'mse_1=0.001848; ', 'lpips_1=0.003476; ', 'codec_recon_1=0.296528; ', 'bpp_1=0.291314; ', 'mse_2=0.001780; ', 'lpips_2=0.003285; ', 'codec_recon_2=0.069166; ', 'bpp_2=0.270339; ']
train step[65/1500] ; used: 45s; eta: 16m:20s; loss = 0.396442; ['mse_0=0.001350; ', 'lpips_0=0.004613; ', 'codec_recon_0=0.018467; ', 'bpp_0=5.988815; ', 'mse_1=0.001046; ', 'lpips_1=0.003701; ', 'codec_recon_1=0.302434; ', 'bpp_1=0.294338; ', 'mse_2=0.000978; ', 'lpips_2=0.003502; ', 'codec_recon_2=0.075535; ', 'bpp_2=0.272290; ']
train step[66/1500] ; used: 45s; eta: 16m:19s; loss = 0.442019; ['mse_0=0.001453; ', 'lpips_0=0.004736; ', 'codec_recon_0=0.017138; ', 'bpp_0=6.053492; ', 'mse_1=0.000829; ', 'lpips_1=0.002897; ', 'codec_recon_1=0.343289; ', 'bpp_1=0.295740; ', 'mse_2=0.000735; ', 'lpips_2=0.002659; ', 'codec_recon_2=0.081586; ', 'bpp_2=0.274661; ']
train step[67/1500] ; used: 46s; eta: 16m:18s; loss = 0.356641; ['mse_0=0.003182; ', 'lpips_0=0.005236; ', 'codec_recon_0=0.023604; ', 'bpp_0=5.903716; ', 'mse_1=0.002898; ', 'lpips_1=0.004682; ', 'codec_recon_1=0.248223; ', 'bpp_1=0.290743; ', 'mse_2=0.002915; ', 'lpips_2=0.004645; ', 'codec_recon_2=0.084808; ', 'bpp_2=0.269009; ']
train step[68/1500] ; used: 47s; eta: 16m:17s; loss = 0.418709; ['mse_0=0.002081; ', 'lpips_0=0.005419; ', 'codec_recon_0=0.016726; ', 'bpp_0=5.993682; ', 'mse_1=0.001830; ', 'lpips_1=0.004223; ', 'codec_recon_1=0.331366; ', 'bpp_1=0.296079; ', 'mse_2=0.001800; ', 'lpips_2=0.003985; ', 'codec_recon_2=0.070610; ', 'bpp_2=0.277721; ']
train step[69/1500] ; used: 47s; eta: 16m:16s; loss = 0.477529; ['mse_0=0.001716; ', 'lpips_0=0.008200; ', 'codec_recon_0=0.018881; ', 'bpp_0=6.092393; ', 'mse_1=0.001404; ', 'lpips_1=0.006705; ', 'codec_recon_1=0.367688; ', 'bpp_1=0.295602; ', 'mse_2=0.001374; ', 'lpips_2=0.006528; ', 'codec_recon_2=0.090954; ', 'bpp_2=0.275736; ']
train step[70/1500] ; used: 48s; eta: 16m:15s; loss = 0.410413; ['mse_0=0.000544; ', 'lpips_0=0.004177; ', 'codec_recon_0=0.017084; ', 'bpp_0=6.122552; ', 'mse_1=0.000402; ', 'lpips_1=0.002917; ', 'codec_recon_1=0.306090; ', 'bpp_1=0.295495; ', 'mse_2=0.000373; ', 'lpips_2=0.002700; ', 'codec_recon_2=0.087232; ', 'bpp_2=0.272704; ']
train step[71/1500] ; used: 49s; eta: 16m:14s; loss = 0.457632; ['mse_0=0.001136; ', 'lpips_0=0.004570; ', 'codec_recon_0=0.019931; ', 'bpp_0=6.074243; ', 'mse_1=0.000760; ', 'lpips_1=0.003391; ', 'codec_recon_1=0.350587; ', 'bpp_1=0.294920; ', 'mse_2=0.000659; ', 'lpips_2=0.003101; ', 'codec_recon_2=0.087108; ', 'bpp_2=0.272473; ']
train step[72/1500] ; used: 49s; eta: 16m:13s; loss = 0.369892; ['mse_0=0.000544; ', 'lpips_0=0.003369; ', 'codec_recon_0=0.015665; ', 'bpp_0=6.029356; ', 'mse_1=0.000384; ', 'lpips_1=0.002591; ', 'codec_recon_1=0.277609; ', 'bpp_1=0.292787; ', 'mse_2=0.000342; ', 'lpips_2=0.002463; ', 'codec_recon_2=0.076611; ', 'bpp_2=0.270068; ']
train step[73/1500] ; used: 50s; eta: 16m:12s; loss = 0.387569; ['mse_0=0.002299; ', 'lpips_0=0.004069; ', 'codec_recon_0=0.020775; ', 'bpp_0=6.102746; ', 'mse_1=0.001976; ', 'lpips_1=0.003189; ', 'codec_recon_1=0.284076; ', 'bpp_1=0.296559; ', 'mse_2=0.001933; ', 'lpips_2=0.003044; ', 'codec_recon_2=0.082711; ', 'bpp_2=0.275277; ']
train step[74/1500] ; used: 51s; eta: 16m:11s; loss = 0.363755; ['mse_0=0.002428; ', 'lpips_0=0.006436; ', 'codec_recon_0=0.022748; ', 'bpp_0=5.847453; ', 'mse_1=0.002261; ', 'lpips_1=0.005917; ', 'codec_recon_1=0.268633; ', 'bpp_1=0.291179; ', 'mse_2=0.002215; ', 'lpips_2=0.005761; ', 'codec_recon_2=0.072367; ', 'bpp_2=0.267945; ']
train step[75/1500] ; used: 51s; eta: 16m:10s; loss = 0.384981; ['mse_0=0.001278; ', 'lpips_0=0.003385; ', 'codec_recon_0=0.017561; ', 'bpp_0=6.049771; ', 'mse_1=0.000990; ', 'lpips_1=0.002608; ', 'codec_recon_1=0.292329; ', 'bpp_1=0.295333; ', 'mse_2=0.000937; ', 'lpips_2=0.002503; ', 'codec_recon_2=0.075084; ', 'bpp_2=0.274337; ']
train step[76/1500] ; used: 52s; eta: 16m:10s; loss = 0.335404; ['mse_0=0.000772; ', 'lpips_0=0.003369; ', 'codec_recon_0=0.017640; ', 'bpp_0=5.851463; ', 'mse_1=0.000634; ', 'lpips_1=0.002708; ', 'codec_recon_1=0.247349; ', 'bpp_1=0.289899; ', 'mse_2=0.000579; ', 'lpips_2=0.002500; ', 'codec_recon_2=0.070408; ', 'bpp_2=0.266463; ']
train step[77/1500] ; used: 53s; eta: 16m:9s; loss = 0.351822; ['mse_0=0.001451; ', 'lpips_0=0.003471; ', 'codec_recon_0=0.020085; ', 'bpp_0=6.080195; ', 'mse_1=0.001171; ', 'lpips_1=0.002850; ', 'codec_recon_1=0.258662; ', 'bpp_1=0.295671; ', 'mse_2=0.001125; ', 'lpips_2=0.002731; ', 'codec_recon_2=0.073068; ', 'bpp_2=0.273787; ']
train step[78/1500] ; used: 53s; eta: 16m:8s; loss = 0.349306; ['mse_0=0.001029; ', 'lpips_0=0.004301; ', 'codec_recon_0=0.024398; ', 'bpp_0=5.697690; ', 'mse_1=0.000822; ', 'lpips_1=0.003627; ', 'codec_recon_1=0.254148; ', 'bpp_1=0.288650; ', 'mse_2=0.000792; ', 'lpips_2=0.003535; ', 'codec_recon_2=0.070753; ', 'bpp_2=0.269019; ']
train step[79/1500] ; used: 54s; eta: 16m:7s; loss = 0.389529; ['mse_0=0.000563; ', 'lpips_0=0.003250; ', 'codec_recon_0=0.016530; ', 'bpp_0=5.951612; ', 'mse_1=0.000290; ', 'lpips_1=0.002252; ', 'codec_recon_1=0.298092; ', 'bpp_1=0.293131; ', 'mse_2=0.000250; ', 'lpips_2=0.002122; ', 'codec_recon_2=0.074900; ', 'bpp_2=0.268793; ']
train step[80/1500] ; used: 55s; eta: 16m:6s; loss = 0.351968; ['mse_0=0.000371; ', 'lpips_0=0.002920; ', 'codec_recon_0=0.018343; ', 'bpp_0=5.869330; ', 'mse_1=0.000268; ', 'lpips_1=0.002240; ', 'codec_recon_1=0.259433; ', 'bpp_1=0.291364; ', 'mse_2=0.000243; ', 'lpips_2=0.002109; ', 'codec_recon_2=0.074185; ', 'bpp_2=0.268591; ']
train step[81/1500] ; used: 55s; eta: 16m:5s; loss = 0.335320; ['mse_0=0.001680; ', 'lpips_0=0.003967; ', 'codec_recon_0=0.023383; ', 'bpp_0=5.639491; ', 'mse_1=0.001383; ', 'lpips_1=0.003467; ', 'codec_recon_1=0.248635; ', 'bpp_1=0.288611; ', 'mse_2=0.001368; ', 'lpips_2=0.003377; ', 'codec_recon_2=0.063295; ', 'bpp_2=0.264183; ']
train step[82/1500] ; used: 56s; eta: 16m:5s; loss = 0.344668; ['mse_0=0.000802; ', 'lpips_0=0.003232; ', 'codec_recon_0=0.017596; ', 'bpp_0=6.005959; ', 'mse_1=0.000492; ', 'lpips_1=0.002338; ', 'codec_recon_1=0.258163; ', 'bpp_1=0.294735; ', 'mse_2=0.000467; ', 'lpips_2=0.002186; ', 'codec_recon_2=0.068903; ', 'bpp_2=0.273125; ']
train step[83/1500] ; used: 57s; eta: 16m:4s; loss = 0.414052; ['mse_0=0.002064; ', 'lpips_0=0.005440; ', 'codec_recon_0=0.020378; ', 'bpp_0=5.990016; ', 'mse_1=0.001965; ', 'lpips_1=0.004548; ', 'codec_recon_1=0.317970; ', 'bpp_1=0.294277; ', 'mse_2=0.002009; ', 'lpips_2=0.004420; ', 'codec_recon_2=0.075696; ', 'bpp_2=0.274090; ']
train step[84/1500] ; used: 57s; eta: 16m:2s; loss = 0.487108; ['mse_0=0.003497; ', 'lpips_0=0.007131; ', 'codec_recon_0=0.016387; ', 'bpp_0=6.293763; ', 'mse_1=0.002457; ', 'lpips_1=0.005017; ', 'codec_recon_1=0.393602; ', 'bpp_1=0.300436; ', 'mse_2=0.002262; ', 'lpips_2=0.004552; ', 'codec_recon_2=0.077112; ', 'bpp_2=0.283446; ']
train step[85/1500] ; used: 58s; eta: 16m:2s; loss = 0.370790; ['mse_0=0.001003; ', 'lpips_0=0.004185; ', 'codec_recon_0=0.018277; ', 'bpp_0=6.159511; ', 'mse_1=0.000782; ', 'lpips_1=0.003344; ', 'codec_recon_1=0.273930; ', 'bpp_1=0.298422; ', 'mse_2=0.000742; ', 'lpips_2=0.003247; ', 'codec_recon_2=0.078576; ', 'bpp_2=0.277192; ']
train step[86/1500] ; used: 59s; eta: 16m:1s; loss = 0.460465; ['mse_0=0.002216; ', 'lpips_0=0.006865; ', 'codec_recon_0=0.016889; ', 'bpp_0=6.132468; ', 'mse_1=0.001685; ', 'lpips_1=0.005552; ', 'codec_recon_1=0.361490; ', 'bpp_1=0.296303; ', 'mse_2=0.001576; ', 'lpips_2=0.005251; ', 'codec_recon_2=0.082080; ', 'bpp_2=0.276486; ']
train step[87/1500] ; used: 59s; eta: 16m:1s; loss = 0.429722; ['mse_0=0.001500; ', 'lpips_0=0.004647; ', 'codec_recon_0=0.016561; ', 'bpp_0=5.968729; ', 'mse_1=0.001012; ', 'lpips_1=0.003319; ', 'codec_recon_1=0.338885; ', 'bpp_1=0.293439; ', 'mse_2=0.000895; ', 'lpips_2=0.003061; ', 'codec_recon_2=0.074270; ', 'bpp_2=0.276103; ']
train step[88/1500] ; used: 1m; eta: 16m; loss = 0.403935; ['mse_0=0.005789; ', 'lpips_0=0.005631; ', 'codec_recon_0=0.016621; ', 'bpp_0=6.121334; ', 'mse_1=0.005389; ', 'lpips_1=0.004404; ', 'codec_recon_1=0.317787; ', 'bpp_1=0.300093; ', 'mse_2=0.005442; ', 'lpips_2=0.004214; ', 'codec_recon_2=0.069520; ', 'bpp_2=0.280998; ']
train step[89/1500] ; used: 1m:1s; eta: 15m:59s; loss = 0.334770; ['mse_0=0.002471; ', 'lpips_0=0.004355; ', 'codec_recon_0=0.021288; ', 'bpp_0=5.565634; ', 'mse_1=0.002328; ', 'lpips_1=0.003752; ', 'codec_recon_1=0.252268; ', 'bpp_1=0.285690; ', 'mse_2=0.002335; ', 'lpips_2=0.003706; ', 'codec_recon_2=0.061208; ', 'bpp_2=0.262029; ']
train step[90/1500] ; used: 1m:1s; eta: 15m:59s; loss = 0.439143; ['mse_0=0.001876; ', 'lpips_0=0.004110; ', 'codec_recon_0=0.018209; ', 'bpp_0=6.183890; ', 'mse_1=0.001143; ', 'lpips_1=0.002485; ', 'codec_recon_1=0.347455; ', 'bpp_1=0.299284; ', 'mse_2=0.001010; ', 'lpips_2=0.002255; ', 'codec_recon_2=0.073473; ', 'bpp_2=0.279761; ']
train step[91/1500] ; used: 1m:2s; eta: 15m:58s; loss = 0.397466; ['mse_0=0.003307; ', 'lpips_0=0.007045; ', 'codec_recon_0=0.020771; ', 'bpp_0=6.084037; ', 'mse_1=0.002947; ', 'lpips_1=0.006081; ', 'codec_recon_1=0.299535; ', 'bpp_1=0.297529; ', 'mse_2=0.002887; ', 'lpips_2=0.005843; ', 'codec_recon_2=0.077154; ', 'bpp_2=0.277340; ']
train step[92/1500] ; used: 1m:3s; eta: 15m:58s; loss = 0.343869; ['mse_0=0.000862; ', 'lpips_0=0.003549; ', 'codec_recon_0=0.022083; ', 'bpp_0=5.823579; ', 'mse_1=0.000803; ', 'lpips_1=0.002938; ', 'codec_recon_1=0.240046; ', 'bpp_1=0.289217; ', 'mse_2=0.000780; ', 'lpips_2=0.002797; ', 'codec_recon_2=0.081734; ', 'bpp_2=0.266104; ']
train step[93/1500] ; used: 1m:3s; eta: 15m:57s; loss = 0.340881; ['mse_0=0.000794; ', 'lpips_0=0.004025; ', 'codec_recon_0=0.021053; ', 'bpp_0=5.556247; ', 'mse_1=0.000616; ', 'lpips_1=0.003279; ', 'codec_recon_1=0.251734; ', 'bpp_1=0.284115; ', 'mse_2=0.000592; ', 'lpips_2=0.003109; ', 'codec_recon_2=0.068088; ', 'bpp_2=0.261672; ']
train step[94/1500] ; used: 1m:4s; eta: 15m:57s; loss = 0.344882; ['mse_0=0.000636; ', 'lpips_0=0.003292; ', 'codec_recon_0=0.017636; ', 'bpp_0=5.780603; ', 'mse_1=0.000543; ', 'lpips_1=0.002663; ', 'codec_recon_1=0.252439; ', 'bpp_1=0.288917; ', 'mse_2=0.000518; ', 'lpips_2=0.002512; ', 'codec_recon_2=0.074800; ', 'bpp_2=0.264865; ']
train step[95/1500] ; used: 1m:5s; eta: 16m:1s; loss = 0.363400; ['mse_0=0.000575; ', 'lpips_0=0.003674; ', 'codec_recon_0=0.019454; ', 'bpp_0=5.927072; ', 'mse_1=0.000438; ', 'lpips_1=0.002962; ', 'codec_recon_1=0.267814; ', 'bpp_1=0.293663; ', 'mse_2=0.000407; ', 'lpips_2=0.002841; ', 'codec_recon_2=0.076126; ', 'bpp_2=0.271241; ']
train step[96/1500] ; used: 1m:6s; eta: 16m; loss = 0.389759; ['mse_0=0.004054; ', 'lpips_0=0.007310; ', 'codec_recon_0=0.018568; ', 'bpp_0=5.998777; ', 'mse_1=0.003902; ', 'lpips_1=0.006397; ', 'codec_recon_1=0.299408; ', 'bpp_1=0.294402; ', 'mse_2=0.003885; ', 'lpips_2=0.006297; ', 'codec_recon_2=0.071777; ', 'bpp_2=0.275524; ']
train step[97/1500] ; used: 1m:7s; eta: 15m:59s; loss = 0.459683; ['mse_0=0.002001; ', 'lpips_0=0.005538; ', 'codec_recon_0=0.017207; ', 'bpp_0=6.122525; ', 'mse_1=0.001223; ', 'lpips_1=0.003741; ', 'codec_recon_1=0.368833; ', 'bpp_1=0.297001; ', 'mse_2=0.001059; ', 'lpips_2=0.003451; ', 'codec_recon_2=0.073635; ', 'bpp_2=0.277992; ']
train step[98/1500] ; used: 1m:7s; eta: 15m:58s; loss = 0.362853; ['mse_0=0.000512; ', 'lpips_0=0.003361; ', 'codec_recon_0=0.016018; ', 'bpp_0=5.891626; ', 'mse_1=0.000347; ', 'lpips_1=0.002605; ', 'codec_recon_1=0.268972; ', 'bpp_1=0.292152; ', 'mse_2=0.000323; ', 'lpips_2=0.002498; ', 'codec_recon_2=0.077857; ', 'bpp_2=0.268484; ']
train step[99/1500] ; used: 1m:8s; eta: 15m:57s; loss = 0.393778; ['mse_0=0.001838; ', 'lpips_0=0.004513; ', 'codec_recon_0=0.018608; ', 'bpp_0=6.060369; ', 'mse_1=0.001674; ', 'lpips_1=0.003361; ', 'codec_recon_1=0.298007; ', 'bpp_1=0.293766; ', 'mse_2=0.001651; ', 'lpips_2=0.003115; ', 'codec_recon_2=0.077157; ', 'bpp_2=0.273698; ']
train step[100/1500] ; used: 1m:11s; eta: 16m:27s; loss = 0.401989; ['mse_0=0.001037; ', 'lpips_0=0.004913; ', 'codec_recon_0=0.017597; ', 'bpp_0=6.133366; ', 'mse_1=0.000771; ', 'lpips_1=0.003975; ', 'codec_recon_1=0.295899; ', 'bpp_1=0.296824; ', 'mse_2=0.000686; ', 'lpips_2=0.003806; ', 'codec_recon_2=0.088486; ', 'bpp_2=0.273983; ']
train step[101/1500] ; used: 1m:11s; eta: 16m:26s; loss = 0.342019; ['mse_0=0.000607; ', 'lpips_0=0.002739; ', 'codec_recon_0=0.019001; ', 'bpp_0=6.014989; ', 'mse_1=0.000419; ', 'lpips_1=0.002103; ', 'codec_recon_1=0.254656; ', 'bpp_1=0.293118; ', 'mse_2=0.000377; ', 'lpips_2=0.001941; ', 'codec_recon_2=0.068356; ', 'bpp_2=0.269987; ']
train step[102/1500] ; used: 1m:12s; eta: 16m:25s; loss = 0.385157; ['mse_0=0.001661; ', 'lpips_0=0.003520; ', 'codec_recon_0=0.017898; ', 'bpp_0=6.172886; ', 'mse_1=0.001215; ', 'lpips_1=0.002458; ', 'codec_recon_1=0.301001; ', 'bpp_1=0.296164; ', 'mse_2=0.001133; ', 'lpips_2=0.002276; ', 'codec_recon_2=0.066252; ', 'bpp_2=0.276027; ']
train step[103/1500] ; used: 1m:13s; eta: 16m:24s; loss = 0.355534; ['mse_0=0.000484; ', 'lpips_0=0.002949; ', 'codec_recon_0=0.018776; ', 'bpp_0=5.823284; ', 'mse_1=0.000349; ', 'lpips_1=0.002268; ', 'codec_recon_1=0.265959; ', 'bpp_1=0.289469; ', 'mse_2=0.000317; ', 'lpips_2=0.002153; ', 'codec_recon_2=0.070793; ', 'bpp_2=0.267891; ']
train step[104/1500] ; used: 1m:13s; eta: 16m:23s; loss = 0.384954; ['mse_0=0.000895; ', 'lpips_0=0.004203; ', 'codec_recon_0=0.024322; ', 'bpp_0=5.980977; ', 'mse_1=0.000819; ', 'lpips_1=0.003604; ', 'codec_recon_1=0.270273; ', 'bpp_1=0.292956; ', 'mse_2=0.000819; ', 'lpips_2=0.003569; ', 'codec_recon_2=0.090353; ', 'bpp_2=0.269264; ']
train step[105/1500] ; used: 1m:14s; eta: 16m:21s; loss = 0.399965; ['mse_0=0.000870; ', 'lpips_0=0.003960; ', 'codec_recon_0=0.017354; ', 'bpp_0=6.030154; ', 'mse_1=0.000604; ', 'lpips_1=0.002960; ', 'codec_recon_1=0.304112; ', 'bpp_1=0.294116; ', 'mse_2=0.000561; ', 'lpips_2=0.002810; ', 'codec_recon_2=0.078492; ', 'bpp_2=0.272457; ']
train step[106/1500] ; used: 1m:15s; eta: 16m:20s; loss = 0.445719; ['mse_0=0.001068; ', 'lpips_0=0.004429; ', 'codec_recon_0=0.021143; ', 'bpp_0=5.901757; ', 'mse_1=0.000751; ', 'lpips_1=0.003091; ', 'codec_recon_1=0.341942; ', 'bpp_1=0.291894; ', 'mse_2=0.000716; ', 'lpips_2=0.002934; ', 'codec_recon_2=0.082628; ', 'bpp_2=0.271950; ']
train step[107/1500] ; used: 1m:15s; eta: 16m:19s; loss = 0.367513; ['mse_0=0.002343; ', 'lpips_0=0.004446; ', 'codec_recon_0=0.019282; ', 'bpp_0=5.730107; ', 'mse_1=0.001983; ', 'lpips_1=0.003565; ', 'codec_recon_1=0.284202; ', 'bpp_1=0.288865; ', 'mse_2=0.001919; ', 'lpips_2=0.003441; ', 'codec_recon_2=0.064023; ', 'bpp_2=0.266668; ']
train step[108/1500] ; used: 1m:16s; eta: 16m:18s; loss = 0.371948; ['mse_0=0.001557; ', 'lpips_0=0.004106; ', 'codec_recon_0=0.017218; ', 'bpp_0=5.918757; ', 'mse_1=0.001328; ', 'lpips_1=0.003349; ', 'codec_recon_1=0.283304; ', 'bpp_1=0.292763; ', 'mse_2=0.001300; ', 'lpips_2=0.003280; ', 'codec_recon_2=0.071420; ', 'bpp_2=0.270826; ']
train step[109/1500] ; used: 1m:17s; eta: 16m:17s; loss = 0.353610; ['mse_0=0.000362; ', 'lpips_0=0.002793; ', 'codec_recon_0=0.019589; ', 'bpp_0=5.818514; ', 'mse_1=0.000269; ', 'lpips_1=0.002174; ', 'codec_recon_1=0.258571; ', 'bpp_1=0.288066; ', 'mse_2=0.000252; ', 'lpips_2=0.002055; ', 'codec_recon_2=0.075443; ', 'bpp_2=0.263754; ']
Skipped bad example 1c46c37d7928785e. Context shape was torch.Size([2, 3, 338, 640]) and target shape was torch.Size([4, 3, 338, 640]).
train step[110/1500] ; used: 1m:17s; eta: 16m:16s; loss = 0.520416; ['mse_0=0.003736; ', 'lpips_0=0.008865; ', 'codec_recon_0=0.017975; ', 'bpp_0=6.328639; ', 'mse_1=0.003003; ', 'lpips_1=0.006725; ', 'codec_recon_1=0.419855; ', 'bpp_1=0.300581; ', 'mse_2=0.002783; ', 'lpips_2=0.006283; ', 'codec_recon_2=0.082579; ', 'bpp_2=0.284542; ']
train step[111/1500] ; used: 1m:18s; eta: 16m:15s; loss = 0.476572; ['mse_0=0.001632; ', 'lpips_0=0.006171; ', 'codec_recon_0=0.017624; ', 'bpp_0=6.194863; ', 'mse_1=0.001008; ', 'lpips_1=0.004166; ', 'codec_recon_1=0.381518; ', 'bpp_1=0.298514; ', 'mse_2=0.000875; ', 'lpips_2=0.003809; ', 'codec_recon_2=0.077424; ', 'bpp_2=0.280253; ']
train step[112/1500] ; used: 1m:19s; eta: 16m:14s; loss = 0.373487; ['mse_0=0.000745; ', 'lpips_0=0.004177; ', 'codec_recon_0=0.018848; ', 'bpp_0=5.802980; ', 'mse_1=0.000526; ', 'lpips_1=0.003441; ', 'codec_recon_1=0.283167; ', 'bpp_1=0.288549; ', 'mse_2=0.000497; ', 'lpips_2=0.003369; ', 'codec_recon_2=0.071465; ', 'bpp_2=0.266848; ']
train step[113/1500] ; used: 1m:20s; eta: 16m:13s; loss = 0.362837; ['mse_0=0.000972; ', 'lpips_0=0.003128; ', 'codec_recon_0=0.017686; ', 'bpp_0=6.124865; ', 'mse_1=0.000704; ', 'lpips_1=0.002321; ', 'codec_recon_1=0.267972; ', 'bpp_1=0.295401; ', 'mse_2=0.000662; ', 'lpips_2=0.002190; ', 'codec_recon_2=0.077173; ', 'bpp_2=0.273944; ']
train step[114/1500] ; used: 1m:20s; eta: 16m:12s; loss = 0.370693; ['mse_0=0.000374; ', 'lpips_0=0.004687; ', 'codec_recon_0=0.020086; ', 'bpp_0=5.803197; ', 'mse_1=0.000248; ', 'lpips_1=0.003824; ', 'codec_recon_1=0.279435; ', 'bpp_1=0.287948; ', 'mse_2=0.000234; ', 'lpips_2=0.003725; ', 'codec_recon_2=0.071166; ', 'bpp_2=0.266429; ']
train step[115/1500] ; used: 1m:21s; eta: 16m:11s; loss = 0.371000; ['mse_0=0.001307; ', 'lpips_0=0.004030; ', 'codec_recon_0=0.016121; ', 'bpp_0=5.978504; ', 'mse_1=0.000981; ', 'lpips_1=0.003148; ', 'codec_recon_1=0.283875; ', 'bpp_1=0.292701; ', 'mse_2=0.000877; ', 'lpips_2=0.002911; ', 'codec_recon_2=0.070998; ', 'bpp_2=0.268986; ']
train step[116/1500] ; used: 1m:22s; eta: 16m:10s; loss = 0.345065; ['mse_0=0.001484; ', 'lpips_0=0.003861; ', 'codec_recon_0=0.022376; ', 'bpp_0=5.727204; ', 'mse_1=0.001120; ', 'lpips_1=0.003107; ', 'codec_recon_1=0.251314; ', 'bpp_1=0.288344; ', 'mse_2=0.001048; ', 'lpips_2=0.002946; ', 'codec_recon_2=0.071368; ', 'bpp_2=0.264826; ']
train step[117/1500] ; used: 1m:22s; eta: 16m:9s; loss = 0.441531; ['mse_0=0.000969; ', 'lpips_0=0.004711; ', 'codec_recon_0=0.017214; ', 'bpp_0=6.205935; ', 'mse_1=0.000701; ', 'lpips_1=0.003470; ', 'codec_recon_1=0.337741; ', 'bpp_1=0.295231; ', 'mse_2=0.000664; ', 'lpips_2=0.003313; ', 'codec_recon_2=0.086569; ', 'bpp_2=0.275266; ']
train step[118/1500] ; used: 1m:23s; eta: 16m:8s; loss = 0.397588; ['mse_0=0.001067; ', 'lpips_0=0.004926; ', 'codec_recon_0=0.021688; ', 'bpp_0=5.781449; ', 'mse_1=0.000850; ', 'lpips_1=0.004071; ', 'codec_recon_1=0.299041; ', 'bpp_1=0.290537; ', 'mse_2=0.000814; ', 'lpips_2=0.003881; ', 'codec_recon_2=0.076853; ', 'bpp_2=0.267389; ']
train step[119/1500] ; used: 1m:24s; eta: 16m:7s; loss = 0.385240; ['mse_0=0.001346; ', 'lpips_0=0.004449; ', 'codec_recon_0=0.021879; ', 'bpp_0=5.872573; ', 'mse_1=0.001062; ', 'lpips_1=0.003608; ', 'codec_recon_1=0.290582; ', 'bpp_1=0.292244; ', 'mse_2=0.000990; ', 'lpips_2=0.003406; ', 'codec_recon_2=0.072773; ', 'bpp_2=0.271683; ']
train step[120/1500] ; used: 1m:24s; eta: 16m:6s; loss = 0.391494; ['mse_0=0.002170; ', 'lpips_0=0.004413; ', 'codec_recon_0=0.018274; ', 'bpp_0=6.080760; ', 'mse_1=0.001898; ', 'lpips_1=0.003607; ', 'codec_recon_1=0.294930; ', 'bpp_1=0.295272; ', 'mse_2=0.001889; ', 'lpips_2=0.003484; ', 'codec_recon_2=0.078284; ', 'bpp_2=0.274501; ']
train step[121/1500] ; used: 1m:25s; eta: 16m:5s; loss = 0.443018; ['mse_0=0.001062; ', 'lpips_0=0.005715; ', 'codec_recon_0=0.019928; ', 'bpp_0=6.005303; ', 'mse_1=0.000735; ', 'lpips_1=0.004008; ', 'codec_recon_1=0.337273; ', 'bpp_1=0.292394; ', 'mse_2=0.000701; ', 'lpips_2=0.003792; ', 'codec_recon_2=0.085811; ', 'bpp_2=0.273118; ']
train step[122/1500] ; used: 1m:26s; eta: 16m:4s; loss = 0.412275; ['mse_0=0.000494; ', 'lpips_0=0.002974; ', 'codec_recon_0=0.018231; ', 'bpp_0=6.035262; ', 'mse_1=0.000257; ', 'lpips_1=0.001983; ', 'codec_recon_1=0.315630; ', 'bpp_1=0.294500; ', 'mse_2=0.000221; ', 'lpips_2=0.001864; ', 'codec_recon_2=0.078407; ', 'bpp_2=0.271708; ']
train step[123/1500] ; used: 1m:26s; eta: 16m:3s; loss = 0.372884; ['mse_0=0.000283; ', 'lpips_0=0.002705; ', 'codec_recon_0=0.018006; ', 'bpp_0=6.018171; ', 'mse_1=0.000180; ', 'lpips_1=0.002043; ', 'codec_recon_1=0.267750; ', 'bpp_1=0.292708; ', 'mse_2=0.000163; ', 'lpips_2=0.001921; ', 'codec_recon_2=0.087121; ', 'bpp_2=0.270639; ']
train step[124/1500] ; used: 1m:27s; eta: 16m:2s; loss = 0.349988; ['mse_0=0.000633; ', 'lpips_0=0.003850; ', 'codec_recon_0=0.019470; ', 'bpp_0=5.960476; ', 'mse_1=0.000462; ', 'lpips_1=0.003152; ', 'codec_recon_1=0.254083; ', 'bpp_1=0.292983; ', 'mse_2=0.000430; ', 'lpips_2=0.002971; ', 'codec_recon_2=0.076428; ', 'bpp_2=0.270645; ']
train step[125/1500] ; used: 1m:28s; eta: 16m:1s; loss = 0.352285; ['mse_0=0.000843; ', 'lpips_0=0.003509; ', 'codec_recon_0=0.018205; ', 'bpp_0=6.030897; ', 'mse_1=0.000650; ', 'lpips_1=0.002777; ', 'codec_recon_1=0.260425; ', 'bpp_1=0.294520; ', 'mse_2=0.000615; ', 'lpips_2=0.002606; ', 'codec_recon_2=0.073648; ', 'bpp_2=0.273567; ']
train step[126/1500] ; used: 1m:28s; eta: 16m; loss = 0.408733; ['mse_0=0.001738; ', 'lpips_0=0.004898; ', 'codec_recon_0=0.018319; ', 'bpp_0=6.090253; ', 'mse_1=0.001366; ', 'lpips_1=0.003757; ', 'codec_recon_1=0.311670; ', 'bpp_1=0.296255; ', 'mse_2=0.001313; ', 'lpips_2=0.003575; ', 'codec_recon_2=0.078736; ', 'bpp_2=0.276328; ']
train step[127/1500] ; used: 1m:29s; eta: 15m:59s; loss = 0.361475; ['mse_0=0.001145; ', 'lpips_0=0.003561; ', 'codec_recon_0=0.024479; ', 'bpp_0=5.776553; ', 'mse_1=0.000932; ', 'lpips_1=0.002857; ', 'codec_recon_1=0.255041; ', 'bpp_1=0.290108; ', 'mse_2=0.000912; ', 'lpips_2=0.002681; ', 'codec_recon_2=0.081949; ', 'bpp_2=0.265250; ']
train step[128/1500] ; used: 1m:30s; eta: 15m:58s; loss = 0.421209; ['mse_0=0.002013; ', 'lpips_0=0.004683; ', 'codec_recon_0=0.016236; ', 'bpp_0=6.021572; ', 'mse_1=0.001219; ', 'lpips_1=0.003329; ', 'codec_recon_1=0.338211; ', 'bpp_1=0.297533; ', 'mse_2=0.001138; ', 'lpips_2=0.003133; ', 'codec_recon_2=0.066755; ', 'bpp_2=0.276430; ']
train step[129/1500] ; used: 1m:30s; eta: 15m:57s; loss = 0.439765; ['mse_0=0.001402; ', 'lpips_0=0.006055; ', 'codec_recon_0=0.023297; ', 'bpp_0=6.097682; ', 'mse_1=0.001253; ', 'lpips_1=0.005054; ', 'codec_recon_1=0.328883; ', 'bpp_1=0.294414; ', 'mse_2=0.001203; ', 'lpips_2=0.004790; ', 'codec_recon_2=0.087579; ', 'bpp_2=0.274233; ']
train step[130/1500] ; used: 1m:31s; eta: 15m:56s; loss = 0.405669; ['mse_0=0.001664; ', 'lpips_0=0.004802; ', 'codec_recon_0=0.016408; ', 'bpp_0=5.897967; ', 'mse_1=0.001533; ', 'lpips_1=0.003791; ', 'codec_recon_1=0.313023; ', 'bpp_1=0.291781; ', 'mse_2=0.001510; ', 'lpips_2=0.003670; ', 'codec_recon_2=0.076232; ', 'bpp_2=0.269672; ']
train step[131/1500] ; used: 1m:32s; eta: 15m:55s; loss = 0.381106; ['mse_0=0.004705; ', 'lpips_0=0.005098; ', 'codec_recon_0=0.019510; ', 'bpp_0=6.113834; ', 'mse_1=0.004385; ', 'lpips_1=0.004245; ', 'codec_recon_1=0.290019; ', 'bpp_1=0.296731; ', 'mse_2=0.004352; ', 'lpips_2=0.004132; ', 'codec_recon_2=0.071571; ', 'bpp_2=0.277598; ']
Skipped bad example d9dc27d0e5121b5a. Context shape was torch.Size([2, 3, 270, 640]) and target shape was torch.Size([4, 3, 270, 640]).
train step[132/1500] ; used: 1m:32s; eta: 15m:54s; loss = 0.382734; ['mse_0=0.001241; ', 'lpips_0=0.003713; ', 'codec_recon_0=0.015923; ', 'bpp_0=6.255203; ', 'mse_1=0.000755; ', 'lpips_1=0.002419; ', 'codec_recon_1=0.291821; ', 'bpp_1=0.300160; ', 'mse_2=0.000567; ', 'lpips_2=0.002014; ', 'codec_recon_2=0.074983; ', 'bpp_2=0.279922; ']
train step[133/1500] ; used: 1m:33s; eta: 15m:54s; loss = 0.381346; ['mse_0=0.000751; ', 'lpips_0=0.002871; ', 'codec_recon_0=0.017149; ', 'bpp_0=6.046349; ', 'mse_1=0.000452; ', 'lpips_1=0.002061; ', 'codec_recon_1=0.289729; ', 'bpp_1=0.295119; ', 'mse_2=0.000391; ', 'lpips_2=0.001872; ', 'codec_recon_2=0.074461; ', 'bpp_2=0.272057; ']
train step[134/1500] ; used: 1m:34s; eta: 15m:53s; loss = 0.383641; ['mse_0=0.001521; ', 'lpips_0=0.003929; ', 'codec_recon_0=0.022829; ', 'bpp_0=5.992079; ', 'mse_1=0.001291; ', 'lpips_1=0.003099; ', 'codec_recon_1=0.290637; ', 'bpp_1=0.296284; ', 'mse_2=0.001257; ', 'lpips_2=0.002956; ', 'codec_recon_2=0.070167; ', 'bpp_2=0.276114; ']
train step[135/1500] ; used: 1m:34s; eta: 15m:52s; loss = 0.394365; ['mse_0=0.000764; ', 'lpips_0=0.003500; ', 'codec_recon_0=0.018544; ', 'bpp_0=6.142176; ', 'mse_1=0.000533; ', 'lpips_1=0.002626; ', 'codec_recon_1=0.293315; ', 'bpp_1=0.296441; ', 'mse_2=0.000489; ', 'lpips_2=0.002470; ', 'codec_recon_2=0.082499; ', 'bpp_2=0.273586; ']
train step[136/1500] ; used: 1m:35s; eta: 15m:51s; loss = 0.405119; ['mse_0=0.002623; ', 'lpips_0=0.006713; ', 'codec_recon_0=0.018975; ', 'bpp_0=6.157797; ', 'mse_1=0.002237; ', 'lpips_1=0.005548; ', 'codec_recon_1=0.301479; ', 'bpp_1=0.298820; ', 'mse_2=0.002162; ', 'lpips_2=0.005286; ', 'codec_recon_2=0.084659; ', 'bpp_2=0.279943; ']
train step[137/1500] ; used: 1m:36s; eta: 15m:50s; loss = 0.377357; ['mse_0=0.000747; ', 'lpips_0=0.003493; ', 'codec_recon_0=0.020574; ', 'bpp_0=5.861952; ', 'mse_1=0.000511; ', 'lpips_1=0.002642; ', 'codec_recon_1=0.268580; ', 'bpp_1=0.289210; ', 'mse_2=0.000466; ', 'lpips_2=0.002420; ', 'codec_recon_2=0.088197; ', 'bpp_2=0.264976; ']
train step[138/1500] ; used: 1m:36s; eta: 15m:50s; loss = 0.339245; ['mse_0=0.000822; ', 'lpips_0=0.003408; ', 'codec_recon_0=0.017000; ', 'bpp_0=6.019115; ', 'mse_1=0.000644; ', 'lpips_1=0.002788; ', 'codec_recon_1=0.253708; ', 'bpp_1=0.294617; ', 'mse_2=0.000610; ', 'lpips_2=0.002674; ', 'codec_recon_2=0.068530; ', 'bpp_2=0.271776; ']
train step[139/1500] ; used: 1m:37s; eta: 15m:49s; loss = 0.398594; ['mse_0=0.001059; ', 'lpips_0=0.004588; ', 'codec_recon_0=0.020585; ', 'bpp_0=6.006721; ', 'mse_1=0.000861; ', 'lpips_1=0.003660; ', 'codec_recon_1=0.295663; ', 'bpp_1=0.293670; ', 'mse_2=0.000805; ', 'lpips_2=0.003366; ', 'codec_recon_2=0.082340; ', 'bpp_2=0.271145; ']
train step[140/1500] ; used: 1m:38s; eta: 15m:48s; loss = 0.390112; ['mse_0=0.001094; ', 'lpips_0=0.004037; ', 'codec_recon_0=0.020642; ', 'bpp_0=6.013905; ', 'mse_1=0.000958; ', 'lpips_1=0.003391; ', 'codec_recon_1=0.281919; ', 'bpp_1=0.291467; ', 'mse_2=0.000944; ', 'lpips_2=0.003316; ', 'codec_recon_2=0.087544; ', 'bpp_2=0.270494; ']
train step[141/1500] ; used: 1m:39s; eta: 15m:47s; loss = 0.358685; ['mse_0=0.000953; ', 'lpips_0=0.003808; ', 'codec_recon_0=0.024489; ', 'bpp_0=5.821479; ', 'mse_1=0.000876; ', 'lpips_1=0.003250; ', 'codec_recon_1=0.259142; ', 'bpp_1=0.291617; ', 'mse_2=0.000824; ', 'lpips_2=0.003133; ', 'codec_recon_2=0.075048; ', 'bpp_2=0.267464; ']
train step[142/1500] ; used: 1m:39s; eta: 15m:46s; loss = 0.435638; ['mse_0=0.001579; ', 'lpips_0=0.006302; ', 'codec_recon_0=0.019342; ', 'bpp_0=6.118089; ', 'mse_1=0.001257; ', 'lpips_1=0.005123; ', 'codec_recon_1=0.332489; ', 'bpp_1=0.297104; ', 'mse_2=0.001208; ', 'lpips_2=0.004946; ', 'codec_recon_2=0.083800; ', 'bpp_2=0.278473; ']
train step[143/1500] ; used: 1m:40s; eta: 15m:45s; loss = 0.417287; ['mse_0=0.000753; ', 'lpips_0=0.004261; ', 'codec_recon_0=0.018116; ', 'bpp_0=6.052509; ', 'mse_1=0.000399; ', 'lpips_1=0.003302; ', 'codec_recon_1=0.322693; ', 'bpp_1=0.294917; ', 'mse_2=0.000360; ', 'lpips_2=0.003218; ', 'codec_recon_2=0.076472; ', 'bpp_2=0.275277; ']
train step[144/1500] ; used: 1m:41s; eta: 15m:45s; loss = 0.317473; ['mse_0=0.000583; ', 'lpips_0=0.004251; ', 'codec_recon_0=0.018087; ', 'bpp_0=5.714618; ', 'mse_1=0.000477; ', 'lpips_1=0.003624; ', 'codec_recon_1=0.230898; ', 'bpp_1=0.287964; ', 'mse_2=0.000458; ', 'lpips_2=0.003558; ', 'codec_recon_2=0.068482; ', 'bpp_2=0.264643; ']
train step[145/1500] ; used: 1m:41s; eta: 15m:44s; loss = 0.375580; ['mse_0=0.000930; ', 'lpips_0=0.004152; ', 'codec_recon_0=0.019306; ', 'bpp_0=5.996682; ', 'mse_1=0.000757; ', 'lpips_1=0.003389; ', 'codec_recon_1=0.284468; ', 'bpp_1=0.294330; ', 'mse_2=0.000732; ', 'lpips_2=0.003243; ', 'codec_recon_2=0.071800; ', 'bpp_2=0.272444; ']
train step[146/1500] ; used: 1m:42s; eta: 15m:43s; loss = 0.347166; ['mse_0=0.000490; ', 'lpips_0=0.002750; ', 'codec_recon_0=0.017518; ', 'bpp_0=5.911904; ', 'mse_1=0.000309; ', 'lpips_1=0.001997; ', 'codec_recon_1=0.262233; ', 'bpp_1=0.291952; ', 'mse_2=0.000266; ', 'lpips_2=0.001842; ', 'codec_recon_2=0.067408; ', 'bpp_2=0.268174; ']
train step[147/1500] ; used: 1m:43s; eta: 15m:42s; loss = 0.483127; ['mse_0=0.001004; ', 'lpips_0=0.006174; ', 'codec_recon_0=0.020908; ', 'bpp_0=5.974957; ', 'mse_1=0.000716; ', 'lpips_1=0.004661; ', 'codec_recon_1=0.380051; ', 'bpp_1=0.292291; ', 'mse_2=0.000707; ', 'lpips_2=0.004575; ', 'codec_recon_2=0.082161; ', 'bpp_2=0.275092; ']
train step[148/1500] ; used: 1m:43s; eta: 15m:41s; loss = 0.394276; ['mse_0=0.001526; ', 'lpips_0=0.003635; ', 'codec_recon_0=0.019391; ', 'bpp_0=5.954595; ', 'mse_1=0.001090; ', 'lpips_1=0.002655; ', 'codec_recon_1=0.300908; ', 'bpp_1=0.294009; ', 'mse_2=0.001018; ', 'lpips_2=0.002499; ', 'codec_recon_2=0.073971; ', 'bpp_2=0.272221; ']
train step[149/1500] ; used: 1m:44s; eta: 15m:40s; loss = 0.386449; ['mse_0=0.001797; ', 'lpips_0=0.003360; ', 'codec_recon_0=0.018065; ', 'bpp_0=5.986510; ', 'mse_1=0.001308; ', 'lpips_1=0.002244; ', 'codec_recon_1=0.297499; ', 'bpp_1=0.295281; ', 'mse_2=0.001244; ', 'lpips_2=0.002065; ', 'codec_recon_2=0.070878; ', 'bpp_2=0.272323; ']
train step[150/1500] ; used: 1m:45s; eta: 15m:39s; loss = 0.415742; ['mse_0=0.000912; ', 'lpips_0=0.005310; ', 'codec_recon_0=0.025065; ', 'bpp_0=5.927443; ', 'mse_1=0.000717; ', 'lpips_1=0.004440; ', 'codec_recon_1=0.301792; ', 'bpp_1=0.292954; ', 'mse_2=0.000677; ', 'lpips_2=0.004294; ', 'codec_recon_2=0.088879; ', 'bpp_2=0.272481; ']
train step[151/1500] ; used: 1m:45s; eta: 15m:38s; loss = 0.424047; ['mse_0=0.002285; ', 'lpips_0=0.004229; ', 'codec_recon_0=0.016102; ', 'bpp_0=6.108350; ', 'mse_1=0.001388; ', 'lpips_1=0.002667; ', 'codec_recon_1=0.340262; ', 'bpp_1=0.298045; ', 'mse_2=0.001247; ', 'lpips_2=0.002421; ', 'codec_recon_2=0.067676; ', 'bpp_2=0.279989; ']
train step[152/1500] ; used: 1m:46s; eta: 15m:37s; loss = 0.423610; ['mse_0=0.001523; ', 'lpips_0=0.004732; ', 'codec_recon_0=0.018580; ', 'bpp_0=6.124315; ', 'mse_1=0.001044; ', 'lpips_1=0.003456; ', 'codec_recon_1=0.330191; ', 'bpp_1=0.295213; ', 'mse_2=0.000920; ', 'lpips_2=0.003166; ', 'codec_recon_2=0.074831; ', 'bpp_2=0.274650; ']
train step[153/1500] ; used: 1m:47s; eta: 15m:36s; loss = 0.431582; ['mse_0=0.001991; ', 'lpips_0=0.004516; ', 'codec_recon_0=0.023839; ', 'bpp_0=6.193071; ', 'mse_1=0.001595; ', 'lpips_1=0.003289; ', 'codec_recon_1=0.318327; ', 'bpp_1=0.298469; ', 'mse_2=0.001540; ', 'lpips_2=0.003110; ', 'codec_recon_2=0.089410; ', 'bpp_2=0.279423; ']
train step[154/1500] ; used: 1m:47s; eta: 15m:35s; loss = 0.355804; ['mse_0=0.001457; ', 'lpips_0=0.005781; ', 'codec_recon_0=0.021778; ', 'bpp_0=5.834391; ', 'mse_1=0.001232; ', 'lpips_1=0.005158; ', 'codec_recon_1=0.261885; ', 'bpp_1=0.291537; ', 'mse_2=0.001207; ', 'lpips_2=0.005098; ', 'codec_recon_2=0.072135; ', 'bpp_2=0.269869; ']
train step[155/1500] ; used: 1m:48s; eta: 15m:35s; loss = 0.388394; ['mse_0=0.000794; ', 'lpips_0=0.004140; ', 'codec_recon_0=0.018585; ', 'bpp_0=5.908049; ', 'mse_1=0.000583; ', 'lpips_1=0.003373; ', 'codec_recon_1=0.294402; ', 'bpp_1=0.292332; ', 'mse_2=0.000534; ', 'lpips_2=0.003261; ', 'codec_recon_2=0.075400; ', 'bpp_2=0.271381; ']
train step[156/1500] ; used: 1m:49s; eta: 15m:34s; loss = 0.436181; ['mse_0=0.001977; ', 'lpips_0=0.004471; ', 'codec_recon_0=0.034960; ', 'bpp_0=5.926236; ', 'mse_1=0.001632; ', 'lpips_1=0.003359; ', 'codec_recon_1=0.306125; ', 'bpp_1=0.296213; ', 'mse_2=0.001630; ', 'lpips_2=0.003189; ', 'codec_recon_2=0.095090; ', 'bpp_2=0.273279; ']
train step[157/1500] ; used: 1m:49s; eta: 15m:33s; loss = 0.379879; ['mse_0=0.001614; ', 'lpips_0=0.005771; ', 'codec_recon_0=0.019876; ', 'bpp_0=5.951534; ', 'mse_1=0.001406; ', 'lpips_1=0.005083; ', 'codec_recon_1=0.276436; ', 'bpp_1=0.292237; ', 'mse_2=0.001393; ', 'lpips_2=0.004984; ', 'codec_recon_2=0.083561; ', 'bpp_2=0.271418; ']
train step[158/1500] ; used: 1m:50s; eta: 15m:32s; loss = 0.368743; ['mse_0=0.000989; ', 'lpips_0=0.003895; ', 'codec_recon_0=0.018724; ', 'bpp_0=5.908128; ', 'mse_1=0.000736; ', 'lpips_1=0.003063; ', 'codec_recon_1=0.277781; ', 'bpp_1=0.293402; ', 'mse_2=0.000692; ', 'lpips_2=0.002962; ', 'codec_recon_2=0.072232; ', 'bpp_2=0.273560; ']
train step[159/1500] ; used: 1m:51s; eta: 15m:31s; loss = 0.427910; ['mse_0=0.001364; ', 'lpips_0=0.004833; ', 'codec_recon_0=0.021178; ', 'bpp_0=5.996931; ', 'mse_1=0.000853; ', 'lpips_1=0.003547; ', 'codec_recon_1=0.329766; ', 'bpp_1=0.294645; ', 'mse_2=0.000788; ', 'lpips_2=0.003370; ', 'codec_recon_2=0.076960; ', 'bpp_2=0.274760; ']
train step[160/1500] ; used: 1m:51s; eta: 15m:30s; loss = 0.451513; ['mse_0=0.002749; ', 'lpips_0=0.005657; ', 'codec_recon_0=0.018934; ', 'bpp_0=6.272584; ', 'mse_1=0.002456; ', 'lpips_1=0.004331; ', 'codec_recon_1=0.354751; ', 'bpp_1=0.300842; ', 'mse_2=0.002362; ', 'lpips_2=0.003944; ', 'codec_recon_2=0.077820; ', 'bpp_2=0.282001; ']
train step[161/1500] ; used: 1m:52s; eta: 15m:30s; loss = 0.490428; ['mse_0=0.000426; ', 'lpips_0=0.005136; ', 'codec_recon_0=0.025614; ', 'bpp_0=6.144454; ', 'mse_1=0.000317; ', 'lpips_1=0.004142; ', 'codec_recon_1=0.359940; ', 'bpp_1=0.294510; ', 'mse_2=0.000297; ', 'lpips_2=0.003836; ', 'codec_recon_2=0.104867; ', 'bpp_2=0.274355; ']
train step[162/1500] ; used: 1m:53s; eta: 15m:29s; loss = 0.431559; ['mse_0=0.002565; ', 'lpips_0=0.004383; ', 'codec_recon_0=0.024619; ', 'bpp_0=6.094702; ', 'mse_1=0.002187; ', 'lpips_1=0.003151; ', 'codec_recon_1=0.319591; ', 'bpp_1=0.297262; ', 'mse_2=0.002126; ', 'lpips_2=0.002929; ', 'codec_recon_2=0.087342; ', 'bpp_2=0.276509; ']
train step[163/1500] ; used: 1m:53s; eta: 15m:28s; loss = 0.344613; ['mse_0=0.000855; ', 'lpips_0=0.004195; ', 'codec_recon_0=0.019151; ', 'bpp_0=5.768801; ', 'mse_1=0.000733; ', 'lpips_1=0.003620; ', 'codec_recon_1=0.252748; ', 'bpp_1=0.289354; ', 'mse_2=0.000717; ', 'lpips_2=0.003528; ', 'codec_recon_2=0.072708; ', 'bpp_2=0.265563; ']
train step[164/1500] ; used: 1m:54s; eta: 15m:27s; loss = 0.439619; ['mse_0=0.002611; ', 'lpips_0=0.006566; ', 'codec_recon_0=0.018627; ', 'bpp_0=6.174116; ', 'mse_1=0.001996; ', 'lpips_1=0.005074; ', 'codec_recon_1=0.344207; ', 'bpp_1=0.297548; ', 'mse_2=0.001759; ', 'lpips_2=0.004579; ', 'codec_recon_2=0.076779; ', 'bpp_2=0.278027; ']
train step[165/1500] ; used: 1m:55s; eta: 15m:26s; loss = 0.365942; ['mse_0=0.000889; ', 'lpips_0=0.003469; ', 'codec_recon_0=0.019832; ', 'bpp_0=5.908949; ', 'mse_1=0.000683; ', 'lpips_1=0.002820; ', 'codec_recon_1=0.270467; ', 'bpp_1=0.292040; ', 'mse_2=0.000657; ', 'lpips_2=0.002774; ', 'codec_recon_2=0.075636; ', 'bpp_2=0.269857; ']
train step[166/1500] ; used: 1m:55s; eta: 15m:25s; loss = 0.414394; ['mse_0=0.001267; ', 'lpips_0=0.004043; ', 'codec_recon_0=0.018825; ', 'bpp_0=6.086776; ', 'mse_1=0.000867; ', 'lpips_1=0.003056; ', 'codec_recon_1=0.321081; ', 'bpp_1=0.295989; ', 'mse_2=0.000787; ', 'lpips_2=0.002864; ', 'codec_recon_2=0.074481; ', 'bpp_2=0.276439; ']
train step[167/1500] ; used: 1m:56s; eta: 15m:24s; loss = 0.341396; ['mse_0=0.001016; ', 'lpips_0=0.004745; ', 'codec_recon_0=0.022208; ', 'bpp_0=5.789573; ', 'mse_1=0.000865; ', 'lpips_1=0.004121; ', 'codec_recon_1=0.246892; ', 'bpp_1=0.290404; ', 'mse_2=0.000849; ', 'lpips_2=0.004003; ', 'codec_recon_2=0.072289; ', 'bpp_2=0.268814; ']
train step[168/1500] ; used: 1m:57s; eta: 15m:23s; loss = 0.379195; ['mse_0=0.001427; ', 'lpips_0=0.004706; ', 'codec_recon_0=0.022141; ', 'bpp_0=5.867098; ', 'mse_1=0.001111; ', 'lpips_1=0.003980; ', 'codec_recon_1=0.284434; ', 'bpp_1=0.289681; ', 'mse_2=0.000994; ', 'lpips_2=0.003782; ', 'codec_recon_2=0.072614; ', 'bpp_2=0.268877; ']
train step[169/1500] ; used: 1m:57s; eta: 15m:22s; loss = 0.377648; ['mse_0=0.001001; ', 'lpips_0=0.004338; ', 'codec_recon_0=0.028238; ', 'bpp_0=5.853390; ', 'mse_1=0.000931; ', 'lpips_1=0.003635; ', 'codec_recon_1=0.259847; ', 'bpp_1=0.289552; ', 'mse_2=0.000914; ', 'lpips_2=0.003465; ', 'codec_recon_2=0.089556; ', 'bpp_2=0.266938; ']
train step[170/1500] ; used: 1m:58s; eta: 15m:22s; loss = 0.341604; ['mse_0=0.004930; ', 'lpips_0=0.007261; ', 'codec_recon_0=0.022787; ', 'bpp_0=5.800537; ', 'mse_1=0.004743; ', 'lpips_1=0.006527; ', 'codec_recon_1=0.244821; ', 'bpp_1=0.290780; ', 'mse_2=0.004671; ', 'lpips_2=0.006392; ', 'codec_recon_2=0.073991; ', 'bpp_2=0.270138; ']
train step[171/1500] ; used: 1m:59s; eta: 15m:21s; loss = 0.431714; ['mse_0=0.001087; ', 'lpips_0=0.003806; ', 'codec_recon_0=0.017240; ', 'bpp_0=6.105185; ', 'mse_1=0.000531; ', 'lpips_1=0.002223; ', 'codec_recon_1=0.337568; ', 'bpp_1=0.296644; ', 'mse_2=0.000437; ', 'lpips_2=0.001984; ', 'codec_recon_2=0.076900; ', 'bpp_2=0.278034; ']
train step[172/1500] ; used: 1m:59s; eta: 15m:20s; loss = 0.411960; ['mse_0=0.000659; ', 'lpips_0=0.003906; ', 'codec_recon_0=0.019747; ', 'bpp_0=5.932820; ', 'mse_1=0.000378; ', 'lpips_1=0.002863; ', 'codec_recon_1=0.314085; ', 'bpp_1=0.292999; ', 'mse_2=0.000333; ', 'lpips_2=0.002733; ', 'codec_recon_2=0.078122; ', 'bpp_2=0.272519; ']
train step[173/1500] ; used: 2m; eta: 15m:19s; loss = 0.453270; ['mse_0=0.000546; ', 'lpips_0=0.004533; ', 'codec_recon_0=0.020181; ', 'bpp_0=6.140100; ', 'mse_1=0.000376; ', 'lpips_1=0.003369; ', 'codec_recon_1=0.336136; ', 'bpp_1=0.295565; ', 'mse_2=0.000334; ', 'lpips_2=0.003123; ', 'codec_recon_2=0.096946; ', 'bpp_2=0.276170; ']
train step[174/1500] ; used: 2m:1s; eta: 15m:18s; loss = 0.371926; ['mse_0=0.000659; ', 'lpips_0=0.003451; ', 'codec_recon_0=0.022818; ', 'bpp_0=5.934762; ', 'mse_1=0.000556; ', 'lpips_1=0.002866; ', 'codec_recon_1=0.261371; ', 'bpp_1=0.291656; ', 'mse_2=0.000539; ', 'lpips_2=0.002755; ', 'codec_recon_2=0.087730; ', 'bpp_2=0.268301; ']
train step[175/1500] ; used: 2m:1s; eta: 15m:18s; loss = 0.430603; ['mse_0=0.001943; ', 'lpips_0=0.004882; ', 'codec_recon_0=0.019560; ', 'bpp_0=6.112576; ', 'mse_1=0.001305; ', 'lpips_1=0.003617; ', 'codec_recon_1=0.330952; ', 'bpp_1=0.297780; ', 'mse_2=0.001205; ', 'lpips_2=0.003358; ', 'codec_recon_2=0.080085; ', 'bpp_2=0.278419; ']
train step[176/1500] ; used: 2m:2s; eta: 15m:17s; loss = 0.373840; ['mse_0=0.006852; ', 'lpips_0=0.006800; ', 'codec_recon_0=0.021420; ', 'bpp_0=5.876106; ', 'mse_1=0.006642; ', 'lpips_1=0.006000; ', 'codec_recon_1=0.280442; ', 'bpp_1=0.290821; ', 'mse_2=0.006623; ', 'lpips_2=0.005919; ', 'codec_recon_2=0.071972; ', 'bpp_2=0.270514; ']
train step[177/1500] ; used: 2m:3s; eta: 15m:16s; loss = 0.378229; ['mse_0=0.001279; ', 'lpips_0=0.004549; ', 'codec_recon_0=0.018367; ', 'bpp_0=6.008880; ', 'mse_1=0.001006; ', 'lpips_1=0.003548; ', 'codec_recon_1=0.282561; ', 'bpp_1=0.295461; ', 'mse_2=0.000967; ', 'lpips_2=0.003413; ', 'codec_recon_2=0.077294; ', 'bpp_2=0.274772; ']
train step[178/1500] ; used: 2m:4s; eta: 15m:15s; loss = 0.378227; ['mse_0=0.000710; ', 'lpips_0=0.004088; ', 'codec_recon_0=0.019981; ', 'bpp_0=5.921088; ', 'mse_1=0.000556; ', 'lpips_1=0.003312; ', 'codec_recon_1=0.274012; ', 'bpp_1=0.293294; ', 'mse_2=0.000534; ', 'lpips_2=0.003205; ', 'codec_recon_2=0.084228; ', 'bpp_2=0.271899; ']
train step[179/1500] ; used: 2m:4s; eta: 15m:15s; loss = 0.437252; ['mse_0=0.001309; ', 'lpips_0=0.004904; ', 'codec_recon_0=0.022864; ', 'bpp_0=5.970093; ', 'mse_1=0.001063; ', 'lpips_1=0.003883; ', 'codec_recon_1=0.326876; ', 'bpp_1=0.293814; ', 'mse_2=0.001005; ', 'lpips_2=0.003696; ', 'codec_recon_2=0.087505; ', 'bpp_2=0.269935; ']
train step[180/1500] ; used: 2m:5s; eta: 15m:14s; loss = 0.342964; ['mse_0=0.000939; ', 'lpips_0=0.003513; ', 'codec_recon_0=0.022750; ', 'bpp_0=5.765652; ', 'mse_1=0.000868; ', 'lpips_1=0.003011; ', 'codec_recon_1=0.248205; ', 'bpp_1=0.288566; ', 'mse_2=0.000851; ', 'lpips_2=0.002904; ', 'codec_recon_2=0.072003; ', 'bpp_2=0.267535; ']
train step[181/1500] ; used: 2m:6s; eta: 15m:13s; loss = 0.359370; ['mse_0=0.000983; ', 'lpips_0=0.004719; ', 'codec_recon_0=0.020273; ', 'bpp_0=5.706149; ', 'mse_1=0.000899; ', 'lpips_1=0.004172; ', 'codec_recon_1=0.267235; ', 'bpp_1=0.288264; ', 'mse_2=0.000872; ', 'lpips_2=0.004055; ', 'codec_recon_2=0.071855; ', 'bpp_2=0.263932; ']
train step[182/1500] ; used: 2m:6s; eta: 15m:12s; loss = 0.417119; ['mse_0=0.003060; ', 'lpips_0=0.004325; ', 'codec_recon_0=0.019032; ', 'bpp_0=6.104087; ', 'mse_1=0.002410; ', 'lpips_1=0.003042; ', 'codec_recon_1=0.324363; ', 'bpp_1=0.297138; ', 'mse_2=0.002265; ', 'lpips_2=0.002799; ', 'codec_recon_2=0.073718; ', 'bpp_2=0.278371; ']
train step[183/1500] ; used: 2m:7s; eta: 15m:11s; loss = 0.368210; ['mse_0=0.000982; ', 'lpips_0=0.004155; ', 'codec_recon_0=0.022267; ', 'bpp_0=5.972761; ', 'mse_1=0.000845; ', 'lpips_1=0.003549; ', 'codec_recon_1=0.264512; ', 'bpp_1=0.292712; ', 'mse_2=0.000817; ', 'lpips_2=0.003413; ', 'codec_recon_2=0.081425; ', 'bpp_2=0.271827; ']
train step[184/1500] ; used: 2m:8s; eta: 15m:10s; loss = 0.387537; ['mse_0=0.002709; ', 'lpips_0=0.004125; ', 'codec_recon_0=0.019024; ', 'bpp_0=6.034209; ', 'mse_1=0.002320; ', 'lpips_1=0.003224; ', 'codec_recon_1=0.296549; ', 'bpp_1=0.295670; ', 'mse_2=0.002205; ', 'lpips_2=0.003046; ', 'codec_recon_2=0.071958; ', 'bpp_2=0.275064; ']
train step[185/1500] ; used: 2m:8s; eta: 15m:10s; loss = 0.417846; ['mse_0=0.002349; ', 'lpips_0=0.006347; ', 'codec_recon_0=0.021472; ', 'bpp_0=5.849101; ', 'mse_1=0.001945; ', 'lpips_1=0.005296; ', 'codec_recon_1=0.320100; ', 'bpp_1=0.290816; ', 'mse_2=0.001897; ', 'lpips_2=0.005098; ', 'codec_recon_2=0.076267; ', 'bpp_2=0.273076; ']
train step[186/1500] ; used: 2m:9s; eta: 15m:9s; loss = 0.437544; ['mse_0=0.002342; ', 'lpips_0=0.005469; ', 'codec_recon_0=0.021080; ', 'bpp_0=6.077057; ', 'mse_1=0.002068; ', 'lpips_1=0.004581; ', 'codec_recon_1=0.323239; ', 'bpp_1=0.294789; ', 'mse_2=0.002050; ', 'lpips_2=0.004501; ', 'codec_recon_2=0.093219; ', 'bpp_2=0.275287; ']
train step[187/1500] ; used: 2m:10s; eta: 15m:8s; loss = 0.383021; ['mse_0=0.002034; ', 'lpips_0=0.003675; ', 'codec_recon_0=0.018050; ', 'bpp_0=6.135246; ', 'mse_1=0.001666; ', 'lpips_1=0.002726; ', 'codec_recon_1=0.290082; ', 'bpp_1=0.298244; ', 'mse_2=0.001610; ', 'lpips_2=0.002547; ', 'codec_recon_2=0.074883; ', 'bpp_2=0.277055; ']
train step[188/1500] ; used: 2m:10s; eta: 15m:7s; loss = 0.427757; ['mse_0=0.001964; ', 'lpips_0=0.004291; ', 'codec_recon_0=0.018411; ', 'bpp_0=6.166795; ', 'mse_1=0.001090; ', 'lpips_1=0.002610; ', 'codec_recon_1=0.328768; ', 'bpp_1=0.298958; ', 'mse_2=0.000919; ', 'lpips_2=0.002320; ', 'codec_recon_2=0.080570; ', 'bpp_2=0.280811; ']
train step[189/1500] ; used: 2m:11s; eta: 15m:6s; loss = 0.357825; ['mse_0=0.001147; ', 'lpips_0=0.003812; ', 'codec_recon_0=0.019452; ', 'bpp_0=5.935865; ', 'mse_1=0.000695; ', 'lpips_1=0.002958; ', 'codec_recon_1=0.265375; ', 'bpp_1=0.292264; ', 'mse_2=0.000656; ', 'lpips_2=0.002798; ', 'codec_recon_2=0.072991; ', 'bpp_2=0.271580; ']
train step[190/1500] ; used: 2m:12s; eta: 15m:6s; loss = 0.349719; ['mse_0=0.000562; ', 'lpips_0=0.003486; ', 'codec_recon_0=0.021124; ', 'bpp_0=5.884688; ', 'mse_1=0.000343; ', 'lpips_1=0.002809; ', 'codec_recon_1=0.248563; ', 'bpp_1=0.291598; ', 'mse_2=0.000324; ', 'lpips_2=0.002712; ', 'codec_recon_2=0.080026; ', 'bpp_2=0.266556; ']
train step[191/1500] ; used: 2m:12s; eta: 15m:5s; loss = 0.386115; ['mse_0=0.001257; ', 'lpips_0=0.004873; ', 'codec_recon_0=0.021038; ', 'bpp_0=5.739717; ', 'mse_1=0.001034; ', 'lpips_1=0.004128; ', 'codec_recon_1=0.279596; ', 'bpp_1=0.288681; ', 'mse_2=0.001009; ', 'lpips_2=0.004022; ', 'codec_recon_2=0.085475; ', 'bpp_2=0.261692; ']
train step[192/1500] ; used: 2m:13s; eta: 15m:4s; loss = 0.419469; ['mse_0=0.000980; ', 'lpips_0=0.004302; ', 'codec_recon_0=0.017752; ', 'bpp_0=5.814204; ', 'mse_1=0.000511; ', 'lpips_1=0.002924; ', 'codec_recon_1=0.326610; ', 'bpp_1=0.289654; ', 'mse_2=0.000449; ', 'lpips_2=0.002794; ', 'codec_recon_2=0.075100; ', 'bpp_2=0.267918; ']
train step[193/1500] ; used: 2m:14s; eta: 15m:3s; loss = 0.381612; ['mse_0=0.001324; ', 'lpips_0=0.005015; ', 'codec_recon_0=0.019248; ', 'bpp_0=6.007633; ', 'mse_1=0.001110; ', 'lpips_1=0.004161; ', 'codec_recon_1=0.281669; ', 'bpp_1=0.294468; ', 'mse_2=0.001080; ', 'lpips_2=0.003962; ', 'codec_recon_2=0.080687; ', 'bpp_2=0.273443; ']
train step[194/1500] ; used: 2m:14s; eta: 15m:2s; loss = 0.392612; ['mse_0=0.001258; ', 'lpips_0=0.003908; ', 'codec_recon_0=0.018476; ', 'bpp_0=5.972777; ', 'mse_1=0.000902; ', 'lpips_1=0.002790; ', 'codec_recon_1=0.294070; ', 'bpp_1=0.295362; ', 'mse_2=0.000863; ', 'lpips_2=0.002567; ', 'codec_recon_2=0.080060; ', 'bpp_2=0.274281; ']
train step[195/1500] ; used: 2m:15s; eta: 15m:2s; loss = 0.414898; ['mse_0=0.001220; ', 'lpips_0=0.004149; ', 'codec_recon_0=0.023163; ', 'bpp_0=5.991458; ', 'mse_1=0.001141; ', 'lpips_1=0.003492; ', 'codec_recon_1=0.295312; ', 'bpp_1=0.292291; ', 'mse_2=0.001102; ', 'lpips_2=0.003397; ', 'codec_recon_2=0.096416; ', 'bpp_2=0.270260; ']
train step[196/1500] ; used: 2m:16s; eta: 15m:1s; loss = 0.440282; ['mse_0=0.000850; ', 'lpips_0=0.004180; ', 'codec_recon_0=0.016910; ', 'bpp_0=6.057138; ', 'mse_1=0.000440; ', 'lpips_1=0.002786; ', 'codec_recon_1=0.335020; ', 'bpp_1=0.294162; ', 'mse_2=0.000383; ', 'lpips_2=0.002632; ', 'codec_recon_2=0.088346; ', 'bpp_2=0.273088; ']
train step[197/1500] ; used: 2m:16s; eta: 15m:1s; loss = 0.376245; ['mse_0=0.000387; ', 'lpips_0=0.003379; ', 'codec_recon_0=0.019657; ', 'bpp_0=6.005154; ', 'mse_1=0.000256; ', 'lpips_1=0.002488; ', 'codec_recon_1=0.269981; ', 'bpp_1=0.293376; ', 'mse_2=0.000224; ', 'lpips_2=0.002319; ', 'codec_recon_2=0.086600; ', 'bpp_2=0.270965; ']
train step[198/1500] ; used: 2m:17s; eta: 15m; loss = 0.455548; ['mse_0=0.002052; ', 'lpips_0=0.005877; ', 'codec_recon_0=0.020179; ', 'bpp_0=6.129073; ', 'mse_1=0.001554; ', 'lpips_1=0.004345; ', 'codec_recon_1=0.351199; ', 'bpp_1=0.297854; ', 'mse_2=0.001431; ', 'lpips_2=0.003947; ', 'codec_recon_2=0.084164; ', 'bpp_2=0.278787; ']
train step[199/1500] ; used: 2m:18s; eta: 14m:59s; loss = 0.407618; ['mse_0=0.001909; ', 'lpips_0=0.004459; ', 'codec_recon_0=0.021676; ', 'bpp_0=5.970225; ', 'mse_1=0.001638; ', 'lpips_1=0.003514; ', 'codec_recon_1=0.308376; ', 'bpp_1=0.294378; ', 'mse_2=0.001598; ', 'lpips_2=0.003361; ', 'codec_recon_2=0.077559; ', 'bpp_2=0.271112; ']
train step[200/1500] ; used: 2m:21s; eta: 15m:12s; loss = 0.401073; ['mse_0=0.002339; ', 'lpips_0=0.004445; ', 'codec_recon_0=0.020480; ', 'bpp_0=6.147281; ', 'mse_1=0.002197; ', 'lpips_1=0.003442; ', 'codec_recon_1=0.306662; ', 'bpp_1=0.297986; ', 'mse_2=0.002126; ', 'lpips_2=0.003226; ', 'codec_recon_2=0.073923; ', 'bpp_2=0.279585; ']
train step[201/1500] ; used: 2m:21s; eta: 15m:12s; loss = 0.490528; ['mse_0=0.003217; ', 'lpips_0=0.009026; ', 'codec_recon_0=0.022374; ', 'bpp_0=6.223615; ', 'mse_1=0.002772; ', 'lpips_1=0.007469; ', 'codec_recon_1=0.381011; ', 'bpp_1=0.300536; ', 'mse_2=0.002758; ', 'lpips_2=0.007215; ', 'codec_recon_2=0.087136; ', 'bpp_2=0.283122; ']
train step[202/1500] ; used: 2m:22s; eta: 15m:11s; loss = 0.397703; ['mse_0=0.001119; ', 'lpips_0=0.003999; ', 'codec_recon_0=0.017480; ', 'bpp_0=6.038303; ', 'mse_1=0.000717; ', 'lpips_1=0.002942; ', 'codec_recon_1=0.310144; ', 'bpp_1=0.295617; ', 'mse_2=0.000648; ', 'lpips_2=0.002760; ', 'codec_recon_2=0.070073; ', 'bpp_2=0.276129; ']
train step[203/1500] ; used: 2m:23s; eta: 15m:10s; loss = 0.365434; ['mse_0=0.000831; ', 'lpips_0=0.003532; ', 'codec_recon_0=0.017723; ', 'bpp_0=5.903292; ', 'mse_1=0.000549; ', 'lpips_1=0.002575; ', 'codec_recon_1=0.275395; ', 'bpp_1=0.292898; ', 'mse_2=0.000499; ', 'lpips_2=0.002371; ', 'codec_recon_2=0.072310; ', 'bpp_2=0.270632; ']
train step[204/1500] ; used: 2m:23s; eta: 15m:9s; loss = 0.386135; ['mse_0=0.000770; ', 'lpips_0=0.003855; ', 'codec_recon_0=0.019290; ', 'bpp_0=5.906153; ', 'mse_1=0.000586; ', 'lpips_1=0.003015; ', 'codec_recon_1=0.285338; ', 'bpp_1=0.290317; ', 'mse_2=0.000534; ', 'lpips_2=0.002829; ', 'codec_recon_2=0.081501; ', 'bpp_2=0.268482; ']
train step[205/1500] ; used: 2m:24s; eta: 15m:8s; loss = 0.422656; ['mse_0=0.001334; ', 'lpips_0=0.003481; ', 'codec_recon_0=0.022234; ', 'bpp_0=6.130247; ', 'mse_1=0.000964; ', 'lpips_1=0.002456; ', 'codec_recon_1=0.320557; ', 'bpp_1=0.297965; ', 'mse_2=0.000898; ', 'lpips_2=0.002275; ', 'codec_recon_2=0.079859; ', 'bpp_2=0.277970; ']
train step[206/1500] ; used: 2m:25s; eta: 15m:7s; loss = 0.396752; ['mse_0=0.001281; ', 'lpips_0=0.004077; ', 'codec_recon_0=0.024018; ', 'bpp_0=6.101881; ', 'mse_1=0.001012; ', 'lpips_1=0.003162; ', 'codec_recon_1=0.290606; ', 'bpp_1=0.296818; ', 'mse_2=0.000945; ', 'lpips_2=0.002932; ', 'codec_recon_2=0.082121; ', 'bpp_2=0.277392; ']
train step[207/1500] ; used: 2m:25s; eta: 15m:7s; loss = 0.365726; ['mse_0=0.001212; ', 'lpips_0=0.003658; ', 'codec_recon_0=0.019417; ', 'bpp_0=5.848354; ', 'mse_1=0.000860; ', 'lpips_1=0.002776; ', 'codec_recon_1=0.275183; ', 'bpp_1=0.291344; ', 'mse_2=0.000807; ', 'lpips_2=0.002657; ', 'codec_recon_2=0.071120; ', 'bpp_2=0.269260; ']
train step[208/1500] ; used: 2m:26s; eta: 15m:6s; loss = 0.402927; ['mse_0=0.001560; ', 'lpips_0=0.003826; ', 'codec_recon_0=0.020592; ', 'bpp_0=6.033518; ', 'mse_1=0.001042; ', 'lpips_1=0.002856; ', 'codec_recon_1=0.310715; ', 'bpp_1=0.296564; ', 'mse_2=0.000952; ', 'lpips_2=0.002678; ', 'codec_recon_2=0.071613; ', 'bpp_2=0.275012; ']
train step[209/1500] ; used: 2m:27s; eta: 15m:5s; loss = 0.391187; ['mse_0=0.001228; ', 'lpips_0=0.003763; ', 'codec_recon_0=0.019088; ', 'bpp_0=6.061718; ', 'mse_1=0.000870; ', 'lpips_1=0.002671; ', 'codec_recon_1=0.298238; ', 'bpp_1=0.296413; ', 'mse_2=0.000790; ', 'lpips_2=0.002394; ', 'codec_recon_2=0.073854; ', 'bpp_2=0.276565; ']
train step[210/1500] ; used: 2m:28s; eta: 15m:5s; loss = 0.399826; ['mse_0=0.000502; ', 'lpips_0=0.003301; ', 'codec_recon_0=0.019829; ', 'bpp_0=5.987657; ', 'mse_1=0.000309; ', 'lpips_1=0.002373; ', 'codec_recon_1=0.297243; ', 'bpp_1=0.293026; ', 'mse_2=0.000273; ', 'lpips_2=0.002227; ', 'codec_recon_2=0.082747; ', 'bpp_2=0.269349; ']
train step[211/1500] ; used: 2m:28s; eta: 15m:4s; loss = 0.349454; ['mse_0=0.001184; ', 'lpips_0=0.003087; ', 'codec_recon_0=0.017693; ', 'bpp_0=6.089109; ', 'mse_1=0.000613; ', 'lpips_1=0.002189; ', 'codec_recon_1=0.261685; ', 'bpp_1=0.295509; ', 'mse_2=0.000541; ', 'lpips_2=0.002067; ', 'codec_recon_2=0.070070; ', 'bpp_2=0.272375; ']
train step[212/1500] ; used: 2m:29s; eta: 15m:3s; loss = 0.426235; ['mse_0=0.001520; ', 'lpips_0=0.003812; ', 'codec_recon_0=0.018237; ', 'bpp_0=6.082875; ', 'mse_1=0.000961; ', 'lpips_1=0.002672; ', 'codec_recon_1=0.334636; ', 'bpp_1=0.297661; ', 'mse_2=0.000867; ', 'lpips_2=0.002486; ', 'codec_recon_2=0.073355; ', 'bpp_2=0.277527; ']
train step[213/1500] ; used: 2m:30s; eta: 15m:2s; loss = 0.365365; ['mse_0=0.000394; ', 'lpips_0=0.003016; ', 'codec_recon_0=0.017698; ', 'bpp_0=5.790104; ', 'mse_1=0.000206; ', 'lpips_1=0.002180; ', 'codec_recon_1=0.276152; ', 'bpp_1=0.289193; ', 'mse_2=0.000184; ', 'lpips_2=0.002049; ', 'codec_recon_2=0.071509; ', 'bpp_2=0.264355; ']
train step[214/1500] ; used: 2m:30s; eta: 15m:1s; loss = 0.425826; ['mse_0=0.001017; ', 'lpips_0=0.005057; ', 'codec_recon_0=0.019342; ', 'bpp_0=6.070827; ', 'mse_1=0.000811; ', 'lpips_1=0.004231; ', 'codec_recon_1=0.321722; ', 'bpp_1=0.294462; ', 'mse_2=0.000758; ', 'lpips_2=0.004006; ', 'codec_recon_2=0.084756; ', 'bpp_2=0.275101; ']
train step[215/1500] ; used: 2m:31s; eta: 15m; loss = 0.392982; ['mse_0=0.000992; ', 'lpips_0=0.003182; ', 'codec_recon_0=0.018970; ', 'bpp_0=6.063136; ', 'mse_1=0.000690; ', 'lpips_1=0.002480; ', 'codec_recon_1=0.296180; ', 'bpp_1=0.296031; ', 'mse_2=0.000631; ', 'lpips_2=0.002364; ', 'codec_recon_2=0.077825; ', 'bpp_2=0.274436; ']
train step[216/1500] ; used: 2m:32s; eta: 14m:59s; loss = 0.435457; ['mse_0=0.001541; ', 'lpips_0=0.003705; ', 'codec_recon_0=0.021457; ', 'bpp_0=6.052753; ', 'mse_1=0.001099; ', 'lpips_1=0.002504; ', 'codec_recon_1=0.341598; ', 'bpp_1=0.296089; ', 'mse_2=0.001070; ', 'lpips_2=0.002333; ', 'codec_recon_2=0.072395; ', 'bpp_2=0.275742; ']
train step[217/1500] ; used: 2m:32s; eta: 14m:58s; loss = 0.342141; ['mse_0=0.000963; ', 'lpips_0=0.003754; ', 'codec_recon_0=0.016863; ', 'bpp_0=5.910703; ', 'mse_1=0.000694; ', 'lpips_1=0.003053; ', 'codec_recon_1=0.257520; ', 'bpp_1=0.293177; ', 'mse_2=0.000657; ', 'lpips_2=0.002960; ', 'codec_recon_2=0.067751; ', 'bpp_2=0.272071; ']
train step[218/1500] ; used: 2m:33s; eta: 14m:57s; loss = 0.404985; ['mse_0=0.000468; ', 'lpips_0=0.002768; ', 'codec_recon_0=0.018274; ', 'bpp_0=6.079384; ', 'mse_1=0.000266; ', 'lpips_1=0.001883; ', 'codec_recon_1=0.305168; ', 'bpp_1=0.295229; ', 'mse_2=0.000239; ', 'lpips_2=0.001707; ', 'codec_recon_2=0.081536; ', 'bpp_2=0.271748; ']
train step[219/1500] ; used: 2m:33s; eta: 14m:56s; loss = 0.357900; ['mse_0=0.000992; ', 'lpips_0=0.004087; ', 'codec_recon_0=0.020096; ', 'bpp_0=5.961063; ', 'mse_1=0.000812; ', 'lpips_1=0.003510; ', 'codec_recon_1=0.263811; ', 'bpp_1=0.293213; ', 'mse_2=0.000828; ', 'lpips_2=0.003444; ', 'codec_recon_2=0.073987; ', 'bpp_2=0.270730; ']
train step[220/1500] ; used: 2m:34s; eta: 14m:55s; loss = 0.408096; ['mse_0=0.001926; ', 'lpips_0=0.004296; ', 'codec_recon_0=0.017480; ', 'bpp_0=6.125121; ', 'mse_1=0.001529; ', 'lpips_1=0.003433; ', 'codec_recon_1=0.313142; ', 'bpp_1=0.297581; ', 'mse_2=0.001469; ', 'lpips_2=0.003232; ', 'codec_recon_2=0.077467; ', 'bpp_2=0.277963; ']
train step[221/1500] ; used: 2m:35s; eta: 14m:54s; loss = 0.357662; ['mse_0=0.000914; ', 'lpips_0=0.003073; ', 'codec_recon_0=0.017090; ', 'bpp_0=6.057407; ', 'mse_1=0.000585; ', 'lpips_1=0.002108; ', 'codec_recon_1=0.273018; ', 'bpp_1=0.296665; ', 'mse_2=0.000509; ', 'lpips_2=0.001978; ', 'codec_recon_2=0.067548; ', 'bpp_2=0.277409; ']
train step[222/1500] ; used: 2m:35s; eta: 14m:53s; loss = 0.477634; ['mse_0=0.001836; ', 'lpips_0=0.005753; ', 'codec_recon_0=0.021218; ', 'bpp_0=6.129717; ', 'mse_1=0.001563; ', 'lpips_1=0.004400; ', 'codec_recon_1=0.363461; ', 'bpp_1=0.295398; ', 'mse_2=0.001519; ', 'lpips_2=0.004223; ', 'codec_recon_2=0.092947; ', 'bpp_2=0.278024; ']
train step[223/1500] ; used: 2m:36s; eta: 14m:52s; loss = 0.374370; ['mse_0=0.001135; ', 'lpips_0=0.004125; ', 'codec_recon_0=0.019805; ', 'bpp_0=6.007100; ', 'mse_1=0.000891; ', 'lpips_1=0.003321; ', 'codec_recon_1=0.277323; ', 'bpp_1=0.295097; ', 'mse_2=0.000824; ', 'lpips_2=0.003126; ', 'codec_recon_2=0.077235; ', 'bpp_2=0.274508; ']
train step[224/1500] ; used: 2m:37s; eta: 14m:51s; loss = 0.387535; ['mse_0=0.001520; ', 'lpips_0=0.003795; ', 'codec_recon_0=0.019891; ', 'bpp_0=6.173627; ', 'mse_1=0.001288; ', 'lpips_1=0.002942; ', 'codec_recon_1=0.278727; ', 'bpp_1=0.297762; ', 'mse_2=0.001236; ', 'lpips_2=0.002779; ', 'codec_recon_2=0.088910; ', 'bpp_2=0.277263; ']
train step[225/1500] ; used: 2m:37s; eta: 14m:50s; loss = 0.360838; ['mse_0=0.000580; ', 'lpips_0=0.003534; ', 'codec_recon_0=0.016722; ', 'bpp_0=5.947892; ', 'mse_1=0.000384; ', 'lpips_1=0.002590; ', 'codec_recon_1=0.269815; ', 'bpp_1=0.294217; ', 'mse_2=0.000337; ', 'lpips_2=0.002418; ', 'codec_recon_2=0.074295; ', 'bpp_2=0.273259; ']
train step[226/1500] ; used: 2m:38s; eta: 14m:50s; loss = 0.406543; ['mse_0=0.001284; ', 'lpips_0=0.003490; ', 'codec_recon_0=0.019594; ', 'bpp_0=6.161374; ', 'mse_1=0.000905; ', 'lpips_1=0.002517; ', 'codec_recon_1=0.309746; ', 'bpp_1=0.297707; ', 'mse_2=0.000859; ', 'lpips_2=0.002373; ', 'codec_recon_2=0.077197; ', 'bpp_2=0.277174; ']
train step[227/1500] ; used: 2m:39s; eta: 14m:49s; loss = 0.442245; ['mse_0=0.001036; ', 'lpips_0=0.003745; ', 'codec_recon_0=0.024678; ', 'bpp_0=6.114724; ', 'mse_1=0.000810; ', 'lpips_1=0.002705; ', 'codec_recon_1=0.314866; ', 'bpp_1=0.296122; ', 'mse_2=0.000795; ', 'lpips_2=0.002563; ', 'codec_recon_2=0.102694; ', 'bpp_2=0.275784; ']
train step[228/1500] ; used: 2m:39s; eta: 14m:48s; loss = 0.410547; ['mse_0=0.000651; ', 'lpips_0=0.004007; ', 'codec_recon_0=0.019612; ', 'bpp_0=6.105800; ', 'mse_1=0.000485; ', 'lpips_1=0.002914; ', 'codec_recon_1=0.300711; ', 'bpp_1=0.294859; ', 'mse_2=0.000452; ', 'lpips_2=0.002745; ', 'codec_recon_2=0.090217; ', 'bpp_2=0.273809; ']
train step[229/1500] ; used: 2m:40s; eta: 14m:47s; loss = 0.375864; ['mse_0=0.000827; ', 'lpips_0=0.003465; ', 'codec_recon_0=0.018433; ', 'bpp_0=6.028416; ', 'mse_1=0.000667; ', 'lpips_1=0.002800; ', 'codec_recon_1=0.277149; ', 'bpp_1=0.295429; ', 'mse_2=0.000672; ', 'lpips_2=0.002699; ', 'codec_recon_2=0.080275; ', 'bpp_2=0.273852; ']
train step[230/1500] ; used: 2m:41s; eta: 14m:46s; loss = 0.390912; ['mse_0=0.001522; ', 'lpips_0=0.003616; ', 'codec_recon_0=0.019078; ', 'bpp_0=5.921241; ', 'mse_1=0.001018; ', 'lpips_1=0.002725; ', 'codec_recon_1=0.296005; ', 'bpp_1=0.292672; ', 'mse_2=0.000892; ', 'lpips_2=0.002493; ', 'codec_recon_2=0.075822; ', 'bpp_2=0.272246; ']
train step[231/1500] ; used: 2m:41s; eta: 14m:45s; loss = 0.370051; ['mse_0=0.001581; ', 'lpips_0=0.004067; ', 'codec_recon_0=0.019508; ', 'bpp_0=5.928924; ', 'mse_1=0.001430; ', 'lpips_1=0.003464; ', 'codec_recon_1=0.272934; ', 'bpp_1=0.291580; ', 'mse_2=0.001417; ', 'lpips_2=0.003375; ', 'codec_recon_2=0.077603; ', 'bpp_2=0.269071; ']
train step[232/1500] ; used: 2m:42s; eta: 14m:44s; loss = 0.393468; ['mse_0=0.007187; ', 'lpips_0=0.007290; ', 'codec_recon_0=0.022932; ', 'bpp_0=5.821001; ', 'mse_1=0.007098; ', 'lpips_1=0.006609; ', 'codec_recon_1=0.294069; ', 'bpp_1=0.292090; ', 'mse_2=0.007100; ', 'lpips_2=0.006452; ', 'codec_recon_2=0.076460; ', 'bpp_2=0.270501; ']
train step[233/1500] ; used: 2m:43s; eta: 14m:44s; loss = 0.358984; ['mse_0=0.000925; ', 'lpips_0=0.003940; ', 'codec_recon_0=0.020374; ', 'bpp_0=5.722310; ', 'mse_1=0.000693; ', 'lpips_1=0.003185; ', 'codec_recon_1=0.268740; ', 'bpp_1=0.288758; ', 'mse_2=0.000593; ', 'lpips_2=0.002929; ', 'codec_recon_2=0.069864; ', 'bpp_2=0.267106; ']
train step[234/1500] ; used: 2m:43s; eta: 14m:43s; loss = 0.398015; ['mse_0=0.001219; ', 'lpips_0=0.003604; ', 'codec_recon_0=0.024810; ', 'bpp_0=5.789637; ', 'mse_1=0.000808; ', 'lpips_1=0.002606; ', 'codec_recon_1=0.292790; ', 'bpp_1=0.291080; ', 'mse_2=0.000753; ', 'lpips_2=0.002423; ', 'codec_recon_2=0.080409; ', 'bpp_2=0.269216; ']
train step[235/1500] ; used: 2m:44s; eta: 14m:42s; loss = 0.518648; ['mse_0=0.001583; ', 'lpips_0=0.007538; ', 'codec_recon_0=0.020895; ', 'bpp_0=6.195629; ', 'mse_1=0.001004; ', 'lpips_1=0.005616; ', 'codec_recon_1=0.412621; ', 'bpp_1=0.300830; ', 'mse_2=0.000945; ', 'lpips_2=0.005355; ', 'codec_recon_2=0.085125; ', 'bpp_2=0.285977; ']
train step[236/1500] ; used: 2m:45s; eta: 14m:41s; loss = 0.424988; ['mse_0=0.001057; ', 'lpips_0=0.004323; ', 'codec_recon_0=0.022632; ', 'bpp_0=6.010243; ', 'mse_1=0.000924; ', 'lpips_1=0.003480; ', 'codec_recon_1=0.316760; ', 'bpp_1=0.293955; ', 'mse_2=0.000886; ', 'lpips_2=0.003333; ', 'codec_recon_2=0.085589; ', 'bpp_2=0.272156; ']
train step[237/1500] ; used: 2m:45s; eta: 14m:40s; loss = 0.398618; ['mse_0=0.001847; ', 'lpips_0=0.004669; ', 'codec_recon_0=0.018488; ', 'bpp_0=5.882287; ', 'mse_1=0.001485; ', 'lpips_1=0.003551; ', 'codec_recon_1=0.305558; ', 'bpp_1=0.297113; ', 'mse_2=0.001404; ', 'lpips_2=0.003364; ', 'codec_recon_2=0.074565; ', 'bpp_2=0.275296; ']
train step[238/1500] ; used: 2m:46s; eta: 14m:39s; loss = 0.382692; ['mse_0=0.002676; ', 'lpips_0=0.005896; ', 'codec_recon_0=0.019809; ', 'bpp_0=5.844232; ', 'mse_1=0.002467; ', 'lpips_1=0.005320; ', 'codec_recon_1=0.281121; ', 'bpp_1=0.297106; ', 'mse_2=0.002443; ', 'lpips_2=0.005161; ', 'codec_recon_2=0.081757; ', 'bpp_2=0.275085; ']
train step[239/1500] ; used: 2m:47s; eta: 14m:39s; loss = 0.459563; ['mse_0=0.002444; ', 'lpips_0=0.006680; ', 'codec_recon_0=0.020499; ', 'bpp_0=5.953600; ', 'mse_1=0.001912; ', 'lpips_1=0.005144; ', 'codec_recon_1=0.356839; ', 'bpp_1=0.299098; ', 'mse_2=0.001845; ', 'lpips_2=0.004866; ', 'codec_recon_2=0.082219; ', 'bpp_2=0.280295; ']
train step[240/1500] ; used: 2m:47s; eta: 14m:38s; loss = 0.350063; ['mse_0=0.000422; ', 'lpips_0=0.003378; ', 'codec_recon_0=0.020574; ', 'bpp_0=5.601525; ', 'mse_1=0.000295; ', 'lpips_1=0.002844; ', 'codec_recon_1=0.251456; ', 'bpp_1=0.290660; ', 'mse_2=0.000292; ', 'lpips_2=0.002773; ', 'codec_recon_2=0.078026; ', 'bpp_2=0.270406; ']
train step[241/1500] ; used: 2m:48s; eta: 14m:37s; loss = 0.363560; ['mse_0=0.001150; ', 'lpips_0=0.003735; ', 'codec_recon_0=0.018669; ', 'bpp_0=5.525002; ', 'mse_1=0.000964; ', 'lpips_1=0.003070; ', 'codec_recon_1=0.266411; ', 'bpp_1=0.292671; ', 'mse_2=0.000957; ', 'lpips_2=0.002960; ', 'codec_recon_2=0.078473; ', 'bpp_2=0.270859; ']
train step[242/1500] ; used: 2m:49s; eta: 14m:36s; loss = 0.386052; ['mse_0=0.002974; ', 'lpips_0=0.006293; ', 'codec_recon_0=0.018664; ', 'bpp_0=5.521374; ', 'mse_1=0.002096; ', 'lpips_1=0.005207; ', 'codec_recon_1=0.291877; ', 'bpp_1=0.295927; ', 'mse_2=0.001994; ', 'lpips_2=0.005023; ', 'codec_recon_2=0.075505; ', 'bpp_2=0.276622; ']
train step[243/1500] ; used: 2m:50s; eta: 14m:35s; loss = 0.389356; ['mse_0=0.002226; ', 'lpips_0=0.003673; ', 'codec_recon_0=0.016805; ', 'bpp_0=5.450805; ', 'mse_1=0.001646; ', 'lpips_1=0.002438; ', 'codec_recon_1=0.306030; ', 'bpp_1=0.299411; ', 'mse_2=0.001528; ', 'lpips_2=0.002263; ', 'codec_recon_2=0.066515; ', 'bpp_2=0.279703; ']
train step[244/1500] ; used: 2m:50s; eta: 14m:35s; loss = 0.453830; ['mse_0=0.002924; ', 'lpips_0=0.006229; ', 'codec_recon_0=0.018176; ', 'bpp_0=5.314228; ', 'mse_1=0.002568; ', 'lpips_1=0.004978; ', 'codec_recon_1=0.355345; ', 'bpp_1=0.297798; ', 'mse_2=0.002542; ', 'lpips_2=0.004788; ', 'codec_recon_2=0.080303; ', 'bpp_2=0.277415; ']
train step[245/1500] ; used: 2m:51s; eta: 14m:34s; loss = 0.385625; ['mse_0=0.000866; ', 'lpips_0=0.003402; ', 'codec_recon_0=0.018004; ', 'bpp_0=5.017170; ', 'mse_1=0.000578; ', 'lpips_1=0.002350; ', 'codec_recon_1=0.288496; ', 'bpp_1=0.295170; ', 'mse_2=0.000555; ', 'lpips_2=0.002209; ', 'codec_recon_2=0.079120; ', 'bpp_2=0.273060; ']
train step[246/1500] ; used: 2m:52s; eta: 14m:33s; loss = 0.447411; ['mse_0=0.001003; ', 'lpips_0=0.004016; ', 'codec_recon_0=0.038332; ', 'bpp_0=4.647294; ', 'mse_1=0.000895; ', 'lpips_1=0.003282; ', 'codec_recon_1=0.295064; ', 'bpp_1=0.292647; ', 'mse_2=0.000884; ', 'lpips_2=0.003128; ', 'codec_recon_2=0.114009; ', 'bpp_2=0.271799; ']
train step[247/1500] ; used: 2m:52s; eta: 14m:32s; loss = 0.412976; ['mse_0=0.000612; ', 'lpips_0=0.004115; ', 'codec_recon_0=0.029113; ', 'bpp_0=4.432712; ', 'mse_1=0.000491; ', 'lpips_1=0.003427; ', 'codec_recon_1=0.286121; ', 'bpp_1=0.292763; ', 'mse_2=0.000456; ', 'lpips_2=0.003283; ', 'codec_recon_2=0.097737; ', 'bpp_2=0.271849; ']
train step[248/1500] ; used: 2m:53s; eta: 14m:31s; loss = 0.375946; ['mse_0=0.001564; ', 'lpips_0=0.004570; ', 'codec_recon_0=0.017744; ', 'bpp_0=4.045313; ', 'mse_1=0.001231; ', 'lpips_1=0.003745; ', 'codec_recon_1=0.284767; ', 'bpp_1=0.294332; ', 'mse_2=0.001138; ', 'lpips_2=0.003571; ', 'codec_recon_2=0.073430; ', 'bpp_2=0.272790; ']
train step[249/1500] ; used: 2m:54s; eta: 14m:31s; loss = 0.443518; ['mse_0=0.000920; ', 'lpips_0=0.003237; ', 'codec_recon_0=0.026180; ', 'bpp_0=3.716835; ', 'mse_1=0.000770; ', 'lpips_1=0.002248; ', 'codec_recon_1=0.320640; ', 'bpp_1=0.289497; ', 'mse_2=0.000734; ', 'lpips_2=0.002105; ', 'codec_recon_2=0.096693; ', 'bpp_2=0.262929; ']
validation step on 250 1/100; scene = ['5aca87f95a9412c6']; context = [[58, 133]]
Setting up [LPIPS] perceptual loss: trunk [vgg], v[0.1], spatial [off]
Loading model from: /ceph_data/clue9986/anaconda3/envs/hisplat/lib/python3.10/site-packages/lpips/weights/v0.1/vgg.pth
validation step on 250 2/100; scene = ['bc95e5c7e357f1b7']; context = [[35, 91]]
validation step on 250 3/100; scene = ['34b0658a5c200cdf']; context = [[0, 70]]
validation step on 250 4/100; scene = ['28e8300e004ab30b']; context = [[3, 68]]
validation step on 250 5/100; scene = ['6558c5f10d45a929']; context = [[43, 160]]
validation step on 250 6/100; scene = ['89ea49cd9865aeff']; context = [[31, 81]]
validation step on 250 7/100; scene = ['ed477bdf8582adff']; context = [[40, 85]]
validation step on 250 8/100; scene = ['57d3409bf04c4651']; context = [[0, 45]]
validation step on 250 9/100; scene = ['aadc1e2dc74fd644']; context = [[2, 52]]
validation step on 250 10/100; scene = ['cd74b1244d112628']; context = [[63, 110]]
validation step on 250 11/100; scene = ['57d25dafabb5a238']; context = [[32, 104]]
validation step on 250 12/100; scene = ['e4f4574df7938f37']; context = [[0, 115]]
validation step on 250 13/100; scene = ['20d86cff490c0c42']; context = [[18, 69]]
validation step on 250 14/100; scene = ['0c4c5d5f751aabf5']; context = [[12, 57]]
validation step on 250 15/100; scene = ['fea544b472e9abd1']; context = [[12, 93]]
validation step on 250 16/100; scene = ['656381bea665bf3d']; context = [[27, 75]]
validation step on 250 17/100; scene = ['322261824c4a3003']; context = [[33, 78]]
validation step on 250 18/100; scene = ['f7c0fa5b81552d35']; context = [[11, 64]]
validation step on 250 19/100; scene = ['a56ba2efb5e3fdd9']; context = [[33, 92]]
validation step on 250 20/100; scene = ['c48f19e2ffa52523']; context = [[195, 264]]
validation step on 250 21/100; scene = ['1214f2a11a9fc1ed']; context = [[103, 215]]
validation step on 250 22/100; scene = ['a9b3ff60b213e099']; context = [[32, 96]]
validation step on 250 23/100; scene = ['a6fa92e8204f6118']; context = [[2, 66]]
validation step on 250 24/100; scene = ['21e794f71e31becb']; context = [[72, 180]]
validation step on 250 25/100; scene = ['f7d916b43193c181']; context = [[7, 61]]
validation step on 250 26/100; scene = ['84ab392d682f296b']; context = [[43, 120]]
validation step on 250 27/100; scene = ['6771a51bf0cfce7f']; context = [[152, 199]]
validation step on 250 28/100; scene = ['17d9303ee77c3a3d']; context = [[17, 63]]
validation step on 250 29/100; scene = ['ffa95c3b40609c76']; context = [[120, 213]]
validation step on 250 30/100; scene = ['a47b88040452d7d9']; context = [[35, 97]]
validation step on 250 31/100; scene = ['0d4de33c6888a754']; context = [[2, 57]]
validation step on 250 32/100; scene = ['41bcd011f99bfb66']; context = [[4, 50]]
validation step on 250 33/100; scene = ['67a69088a2695987']; context = [[6, 86]]
validation step on 250 34/100; scene = ['b4099665590548fc']; context = [[23, 74]]
validation step on 250 35/100; scene = ['9e2a8cc5f32dd46b']; context = [[75, 151]]
validation step on 250 36/100; scene = ['2e109379f53bb221']; context = [[35, 108]]
validation step on 250 37/100; scene = ['8adebbb68f2c3f84']; context = [[72, 131]]
validation step on 250 38/100; scene = ['29e0bfbad00f0d5e']; context = [[8, 100]]
validation step on 250 39/100; scene = ['debc3490ba0bd84b']; context = [[34, 81]]
validation step on 250 40/100; scene = ['7c7bc5285126e6ad']; context = [[64, 126]]
validation step on 250 41/100; scene = ['cdf439b17a6a98d4']; context = [[31, 77]]
validation step on 250 42/100; scene = ['cb38d67088b66084']; context = [[49, 106]]
validation step on 250 43/100; scene = ['2da2eeb966bc0ef8']; context = [[30, 94]]
validation step on 250 44/100; scene = ['bb4d7012261ee0ed']; context = [[0, 46]]
validation step on 250 45/100; scene = ['9e1f1beb4ba8e5da']; context = [[9, 73]]
validation step on 250 46/100; scene = ['26b31d71789bffad']; context = [[3, 57]]
validation step on 250 47/100; scene = ['41abd737e0228c1a']; context = [[81, 127]]
validation step on 250 48/100; scene = ['ed0c2aca14b99efa']; context = [[62, 119]]
validation step on 250 49/100; scene = ['8d5163de9ea4d851']; context = [[39, 85]]
validation step on 250 50/100; scene = ['81be42df6ccae760']; context = [[13, 107]]
validation step on 250 51/100; scene = ['6fe141ec9be1a432']; context = [[12, 73]]
validation step on 250 52/100; scene = ['3b6d8db52c54b174']; context = [[0, 80]]
validation step on 250 53/100; scene = ['3087828bc27bc4c7']; context = [[15, 96]]
validation step on 250 54/100; scene = ['e124dfa7e996a414']; context = [[48, 93]]
validation step on 250 55/100; scene = ['e1afd89a69ee6947']; context = [[34, 113]]
validation step on 250 56/100; scene = ['79ce50fb7b021e1d']; context = [[212, 278]]
validation step on 250 57/100; scene = ['358bdee988c269ef']; context = [[3, 95]]
validation step on 250 58/100; scene = ['f14791aec34dbdcd']; context = [[5, 59]]
validation step on 250 59/100; scene = ['0c52996355b23d76']; context = [[51, 111]]
validation step on 250 60/100; scene = ['62bcb465bb03d34f']; context = [[6, 84]]
validation step on 250 61/100; scene = ['1f0e06e4388dd600']; context = [[44, 96]]
validation step on 250 62/100; scene = ['c9c30723d7c54793']; context = [[152, 247]]
validation step on 250 63/100; scene = ['8b212f2755d955ec']; context = [[40, 110]]
validation step on 250 64/100; scene = ['de67e3a0b0648cfe']; context = [[16, 72]]
validation step on 250 65/100; scene = ['54841308aff91857']; context = [[27, 86]]
validation step on 250 66/100; scene = ['40ca76de44a6e1a9']; context = [[43, 107]]
validation step on 250 67/100; scene = ['bc143130c1842e4b']; context = [[29, 133]]
validation step on 250 68/100; scene = ['912177dbf0a1ed6c']; context = [[3, 60]]
validation step on 250 69/100; scene = ['afe4e799a94e06b3']; context = [[54, 150]]
validation step on 250 70/100; scene = ['17f552ef56d85c55']; context = [[20, 86]]
validation step on 250 71/100; scene = ['a7c691c210154b09']; context = [[0, 50]]
validation step on 250 72/100; scene = ['9490f1219dbbb6ce']; context = [[17, 72]]
validation step on 250 73/100; scene = ['154365ab5a4e067b']; context = [[2, 48]]
validation step on 250 74/100; scene = ['ab4c269f8d523d02']; context = [[18, 72]]
validation step on 250 75/100; scene = ['75d475e9558ab806']; context = [[1, 46]]
validation step on 250 76/100; scene = ['fdaab1f49851782c']; context = [[31, 142]]
validation step on 250 77/100; scene = ['2d4efa3897a4ba2d']; context = [[4, 58]]
validation step on 250 78/100; scene = ['14f477e7d5af5b91']; context = [[17, 72]]
validation step on 250 79/100; scene = ['de45926738229f67']; context = [[22, 84]]
validation step on 250 80/100; scene = ['5c909c802eb6edb1']; context = [[13, 78]]
validation step on 250 81/100; scene = ['aa91dfdd5f4ad32b']; context = [[8, 57]]
validation step on 250 82/100; scene = ['88d9ba3324f2ec21']; context = [[2, 49]]
validation step on 250 83/100; scene = ['622ef98e83ed5239']; context = [[3, 66]]
validation step on 250 84/100; scene = ['30fc5fc78c5a716e']; context = [[151, 210]]
validation step on 250 85/100; scene = ['8b760ac05c93a6bb']; context = [[26, 72]]
validation step on 250 86/100; scene = ['800ea72b6988f63e']; context = [[141, 190]]
validation step on 250 87/100; scene = ['674dabef8f53b566']; context = [[9, 91]]
validation step on 250 88/100; scene = ['d3a01038c5f21473']; context = [[139, 273]]
validation step on 250 89/100; scene = ['3e5f747d06bc84a3']; context = [[85, 190]]
validation step on 250 90/100; scene = ['bb6fa5bdafc14e8c']; context = [[43, 139]]
validation step on 250 91/100; scene = ['052430ff6e2c07c4']; context = [[19, 92]]
validation step on 250 92/100; scene = ['0588138dfec165a1']; context = [[70, 160]]
validation step on 250 93/100; scene = ['e4bcb18fa6aa91be']; context = [[32, 79]]
validation step on 250 94/100; scene = ['4c4fa41951e37e78']; context = [[8, 60]]
validation step on 250 95/100; scene = ['252a24d25a1ea81d']; context = [[198, 263]]
validation step on 250 96/100; scene = ['214df1c2863d2959']; context = [[45, 96]]
validation step on 250 97/100; scene = ['bfd27ad72975e120']; context = [[8, 55]]
validation step on 250 98/100; scene = ['572acd18419c3456']; context = [[3, 62]]
validation step on 250 99/100; scene = ['b26e6c80d283c4c8']; context = [[46, 92]]
validation step on 250 100/100; scene = ['10c8e54590f715f7']; context = [[6, 76]]
train step[250/1500] ; used: 3m:46s; eta: 18m:48s; loss = 0.432948; ['mse_0=0.001219; ', 'lpips_0=0.004004; ', 'codec_recon_0=0.017697; ', 'bpp_0=3.443552; ', 'mse_1=0.000635; ', 'lpips_1=0.002401; ', 'codec_recon_1=0.339833; ', 'bpp_1=0.295728; ', 'mse_2=0.000542; ', 'lpips_2=0.002168; ', 'codec_recon_2=0.075414; ', 'bpp_2=0.274342; ']
train step[251/1500] ; used: 3m:47s; eta: 18m:45s; loss = 0.397429; ['mse_0=0.000628; ', 'lpips_0=0.003800; ', 'codec_recon_0=0.016650; ', 'bpp_0=3.069124; ', 'mse_1=0.000350; ', 'lpips_1=0.002377; ', 'codec_recon_1=0.306886; ', 'bpp_1=0.295099; ', 'mse_2=0.000305; ', 'lpips_2=0.002185; ', 'codec_recon_2=0.073889; ', 'bpp_2=0.275597; ']
train step[252/1500] ; used: 3m:47s; eta: 18m:43s; loss = 0.380028; ['mse_0=0.001292; ', 'lpips_0=0.003516; ', 'codec_recon_0=0.021076; ', 'bpp_0=2.805405; ', 'mse_1=0.000924; ', 'lpips_1=0.002644; ', 'codec_recon_1=0.286327; ', 'bpp_1=0.294649; ', 'mse_2=0.000869; ', 'lpips_2=0.002485; ', 'codec_recon_2=0.072621; ', 'bpp_2=0.273389; ']
train step[253/1500] ; used: 3m:48s; eta: 18m:41s; loss = 0.377015; ['mse_0=0.001173; ', 'lpips_0=0.005207; ', 'codec_recon_0=0.020966; ', 'bpp_0=2.418918; ', 'mse_1=0.000987; ', 'lpips_1=0.004263; ', 'codec_recon_1=0.278372; ', 'bpp_1=0.293395; ', 'mse_2=0.000968; ', 'lpips_2=0.004109; ', 'codec_recon_2=0.077674; ', 'bpp_2=0.273458; ']
train step[254/1500] ; used: 3m:49s; eta: 18m:39s; loss = 0.415204; ['mse_0=0.000656; ', 'lpips_0=0.003844; ', 'codec_recon_0=0.028885; ', 'bpp_0=2.154754; ', 'mse_1=0.000512; ', 'lpips_1=0.003085; ', 'codec_recon_1=0.297734; ', 'bpp_1=0.288187; ', 'mse_2=0.000499; ', 'lpips_2=0.003017; ', 'codec_recon_2=0.088582; ', 'bpp_2=0.265129; ']
train step[255/1500] ; used: 3m:49s; eta: 18m:37s; loss = 0.419711; ['mse_0=0.000470; ', 'lpips_0=0.003017; ', 'codec_recon_0=0.019733; ', 'bpp_0=1.932001; ', 'mse_1=0.000287; ', 'lpips_1=0.002081; ', 'codec_recon_1=0.313974; ', 'bpp_1=0.294360; ', 'mse_2=0.000263; ', 'lpips_2=0.001940; ', 'codec_recon_2=0.086001; ', 'bpp_2=0.272228; ']
train step[256/1500] ; used: 3m:50s; eta: 18m:35s; loss = 0.389326; ['mse_0=0.000547; ', 'lpips_0=0.003528; ', 'codec_recon_0=0.017832; ', 'bpp_0=1.732700; ', 'mse_1=0.000337; ', 'lpips_1=0.002567; ', 'codec_recon_1=0.294251; ', 'bpp_1=0.289402; ', 'mse_2=0.000297; ', 'lpips_2=0.002443; ', 'codec_recon_2=0.077241; ', 'bpp_2=0.265637; ']
train step[257/1500] ; used: 3m:51s; eta: 18m:33s; loss = 0.391052; ['mse_0=0.001759; ', 'lpips_0=0.004575; ', 'codec_recon_0=0.019997; ', 'bpp_0=1.617134; ', 'mse_1=0.001339; ', 'lpips_1=0.003704; ', 'codec_recon_1=0.301931; ', 'bpp_1=0.296531; ', 'mse_2=0.001254; ', 'lpips_2=0.003570; ', 'codec_recon_2=0.069123; ', 'bpp_2=0.277798; ']
train step[258/1500] ; used: 3m:51s; eta: 18m:31s; loss = 0.390517; ['mse_0=0.001166; ', 'lpips_0=0.004642; ', 'codec_recon_0=0.017852; ', 'bpp_0=1.500106; ', 'mse_1=0.000753; ', 'lpips_1=0.003535; ', 'codec_recon_1=0.289093; ', 'bpp_1=0.295202; ', 'mse_2=0.000710; ', 'lpips_2=0.003373; ', 'codec_recon_2=0.083570; ', 'bpp_2=0.273733; ']
train step[259/1500] ; used: 3m:52s; eta: 18m:30s; loss = 0.344461; ['mse_0=0.001547; ', 'lpips_0=0.003244; ', 'codec_recon_0=0.018849; ', 'bpp_0=1.448761; ', 'mse_1=0.001450; ', 'lpips_1=0.002674; ', 'codec_recon_1=0.249847; ', 'bpp_1=0.293916; ', 'mse_2=0.001428; ', 'lpips_2=0.002523; ', 'codec_recon_2=0.075763; ', 'bpp_2=0.270978; ']
train step[260/1500] ; used: 3m:53s; eta: 18m:28s; loss = 0.407105; ['mse_0=0.004884; ', 'lpips_0=0.004605; ', 'codec_recon_0=0.025485; ', 'bpp_0=1.327043; ', 'mse_1=0.004643; ', 'lpips_1=0.003923; ', 'codec_recon_1=0.279602; ', 'bpp_1=0.295117; ', 'mse_2=0.004629; ', 'lpips_2=0.003848; ', 'codec_recon_2=0.102015; ', 'bpp_2=0.272207; ']
train step[261/1500] ; used: 3m:53s; eta: 18m:26s; loss = 0.423977; ['mse_0=0.000821; ', 'lpips_0=0.003019; ', 'codec_recon_0=0.019480; ', 'bpp_0=1.399828; ', 'mse_1=0.000421; ', 'lpips_1=0.001858; ', 'codec_recon_1=0.321623; ', 'bpp_1=0.297503; ', 'mse_2=0.000362; ', 'lpips_2=0.001669; ', 'codec_recon_2=0.082873; ', 'bpp_2=0.272277; ']
train step[262/1500] ; used: 3m:54s; eta: 18m:24s; loss = 0.367565; ['mse_0=0.003741; ', 'lpips_0=0.005089; ', 'codec_recon_0=0.019849; ', 'bpp_0=1.344544; ', 'mse_1=0.003516; ', 'lpips_1=0.004526; ', 'codec_recon_1=0.271767; ', 'bpp_1=0.295451; ', 'mse_2=0.003502; ', 'lpips_2=0.004416; ', 'codec_recon_2=0.075946; ', 'bpp_2=0.272780; ']
train step[263/1500] ; used: 3m:55s; eta: 18m:22s; loss = 0.375824; ['mse_0=0.001392; ', 'lpips_0=0.004302; ', 'codec_recon_0=0.020484; ', 'bpp_0=1.304073; ', 'mse_1=0.001062; ', 'lpips_1=0.003304; ', 'codec_recon_1=0.276782; ', 'bpp_1=0.296158; ', 'mse_2=0.001007; ', 'lpips_2=0.003082; ', 'codec_recon_2=0.078556; ', 'bpp_2=0.274708; ']
train step[264/1500] ; used: 3m:55s; eta: 18m:20s; loss = 0.376131; ['mse_0=0.000343; ', 'lpips_0=0.004146; ', 'codec_recon_0=0.022336; ', 'bpp_0=1.253994; ', 'mse_1=0.000269; ', 'lpips_1=0.003610; ', 'codec_recon_1=0.273690; ', 'bpp_1=0.285168; ', 'mse_2=0.000264; ', 'lpips_2=0.003559; ', 'codec_recon_2=0.080103; ', 'bpp_2=0.261385; ']
train step[265/1500] ; used: 3m:56s; eta: 18m:18s; loss = 0.376027; ['mse_0=0.001381; ', 'lpips_0=0.004634; ', 'codec_recon_0=0.018706; ', 'bpp_0=1.283340; ', 'mse_1=0.001174; ', 'lpips_1=0.003653; ', 'codec_recon_1=0.285373; ', 'bpp_1=0.292580; ', 'mse_2=0.001137; ', 'lpips_2=0.003548; ', 'codec_recon_2=0.071947; ', 'bpp_2=0.271804; ']
train step[266/1500] ; used: 3m:57s; eta: 18m:16s; loss = 0.361322; ['mse_0=0.000358; ', 'lpips_0=0.003158; ', 'codec_recon_0=0.019568; ', 'bpp_0=1.272004; ', 'mse_1=0.000279; ', 'lpips_1=0.002597; ', 'codec_recon_1=0.261502; ', 'bpp_1=0.291529; ', 'mse_2=0.000272; ', 'lpips_2=0.002502; ', 'codec_recon_2=0.080250; ', 'bpp_2=0.269573; ']
train step[267/1500] ; used: 3m:57s; eta: 18m:14s; loss = 0.438096; ['mse_0=0.001883; ', 'lpips_0=0.006112; ', 'codec_recon_0=0.018113; ', 'bpp_0=1.332826; ', 'mse_1=0.001659; ', 'lpips_1=0.005240; ', 'codec_recon_1=0.339571; ', 'bpp_1=0.296453; ', 'mse_2=0.001597; ', 'lpips_2=0.005087; ', 'codec_recon_2=0.080411; ', 'bpp_2=0.276733; ']
train step[268/1500] ; used: 3m:58s; eta: 18m:12s; loss = 0.395819; ['mse_0=0.000846; ', 'lpips_0=0.002801; ', 'codec_recon_0=0.017244; ', 'bpp_0=1.334693; ', 'mse_1=0.000391; ', 'lpips_1=0.001685; ', 'codec_recon_1=0.308525; ', 'bpp_1=0.296913; ', 'mse_2=0.000330; ', 'lpips_2=0.001548; ', 'codec_recon_2=0.070049; ', 'bpp_2=0.274370; ']
train step[269/1500] ; used: 3m:59s; eta: 18m:11s; loss = 0.463589; ['mse_0=0.003251; ', 'lpips_0=0.005183; ', 'codec_recon_0=0.019504; ', 'bpp_0=1.396519; ', 'mse_1=0.002409; ', 'lpips_1=0.003446; ', 'codec_recon_1=0.363570; ', 'bpp_1=0.299249; ', 'mse_2=0.002271; ', 'lpips_2=0.003109; ', 'codec_recon_2=0.080512; ', 'bpp_2=0.281945; ']
train step[270/1500] ; used: 4m; eta: 18m:9s; loss = 0.430449; ['mse_0=0.001306; ', 'lpips_0=0.005757; ', 'codec_recon_0=0.025075; ', 'bpp_0=1.321830; ', 'mse_1=0.001058; ', 'lpips_1=0.004376; ', 'codec_recon_1=0.311646; ', 'bpp_1=0.292351; ', 'mse_2=0.000999; ', 'lpips_2=0.004149; ', 'codec_recon_2=0.093726; ', 'bpp_2=0.270532; ']
train step[271/1500] ; used: 4m; eta: 18m:7s; loss = 0.455507; ['mse_0=0.001955; ', 'lpips_0=0.005503; ', 'codec_recon_0=0.020317; ', 'bpp_0=1.370970; ', 'mse_1=0.001622; ', 'lpips_1=0.004283; ', 'codec_recon_1=0.354075; ', 'bpp_1=0.296287; ', 'mse_2=0.001519; ', 'lpips_2=0.003957; ', 'codec_recon_2=0.081113; ', 'bpp_2=0.278658; ']
train step[272/1500] ; used: 4m:1s; eta: 18m:5s; loss = 0.412950; ['mse_0=0.002138; ', 'lpips_0=0.004246; ', 'codec_recon_0=0.023374; ', 'bpp_0=1.360126; ', 'mse_1=0.001913; ', 'lpips_1=0.003384; ', 'codec_recon_1=0.302184; ', 'bpp_1=0.296959; ', 'mse_2=0.001876; ', 'lpips_2=0.003242; ', 'codec_recon_2=0.087391; ', 'bpp_2=0.276161; ']
train step[273/1500] ; used: 4m:2s; eta: 18m:3s; loss = 0.391465; ['mse_0=0.000504; ', 'lpips_0=0.003411; ', 'codec_recon_0=0.024150; ', 'bpp_0=1.286940; ', 'mse_1=0.000314; ', 'lpips_1=0.002543; ', 'codec_recon_1=0.288396; ', 'bpp_1=0.286951; ', 'mse_2=0.000278; ', 'lpips_2=0.002418; ', 'codec_recon_2=0.078916; ', 'bpp_2=0.264220; ']
train step[274/1500] ; used: 4m:2s; eta: 18m:1s; loss = 0.387375; ['mse_0=0.000603; ', 'lpips_0=0.004103; ', 'codec_recon_0=0.018947; ', 'bpp_0=1.325652; ', 'mse_1=0.000486; ', 'lpips_1=0.003268; ', 'codec_recon_1=0.293305; ', 'bpp_1=0.292351; ', 'mse_2=0.000459; ', 'lpips_2=0.003169; ', 'codec_recon_2=0.075121; ', 'bpp_2=0.270816; ']
train step[275/1500] ; used: 4m:3s; eta: 17m:59s; loss = 0.368286; ['mse_0=0.000503; ', 'lpips_0=0.003048; ', 'codec_recon_0=0.020149; ', 'bpp_0=1.338903; ', 'mse_1=0.000350; ', 'lpips_1=0.002349; ', 'codec_recon_1=0.266315; ', 'bpp_1=0.293166; ', 'mse_2=0.000320; ', 'lpips_2=0.002243; ', 'codec_recon_2=0.081820; ', 'bpp_2=0.273187; ']
train step[276/1500] ; used: 4m:3s; eta: 17m:58s; loss = 0.405840; ['mse_0=0.000844; ', 'lpips_0=0.002628; ', 'codec_recon_0=0.018062; ', 'bpp_0=1.393465; ', 'mse_1=0.000500; ', 'lpips_1=0.001554; ', 'codec_recon_1=0.314224; ', 'bpp_1=0.297206; ', 'mse_2=0.000441; ', 'lpips_2=0.001407; ', 'codec_recon_2=0.073551; ', 'bpp_2=0.277146; ']
train step[277/1500] ; used: 4m:4s; eta: 17m:56s; loss = 0.370181; ['mse_0=0.000532; ', 'lpips_0=0.003367; ', 'codec_recon_0=0.020399; ', 'bpp_0=1.350617; ', 'mse_1=0.000370; ', 'lpips_1=0.002642; ', 'codec_recon_1=0.265269; ', 'bpp_1=0.293297; ', 'mse_2=0.000337; ', 'lpips_2=0.002498; ', 'codec_recon_2=0.084511; ', 'bpp_2=0.270694; ']
train step[278/1500] ; used: 4m:5s; eta: 17m:54s; loss = 0.448193; ['mse_0=0.001063; ', 'lpips_0=0.004523; ', 'codec_recon_0=0.021029; ', 'bpp_0=1.355664; ', 'mse_1=0.000577; ', 'lpips_1=0.003038; ', 'codec_recon_1=0.349477; ', 'bpp_1=0.293817; ', 'mse_2=0.000507; ', 'lpips_2=0.002819; ', 'codec_recon_2=0.077686; ', 'bpp_2=0.274599; ']
train step[279/1500] ; used: 4m:5s; eta: 17m:52s; loss = 0.393031; ['mse_0=0.001446; ', 'lpips_0=0.004567; ', 'codec_recon_0=0.017886; ', 'bpp_0=1.394764; ', 'mse_1=0.001146; ', 'lpips_1=0.003490; ', 'codec_recon_1=0.294435; ', 'bpp_1=0.296880; ', 'mse_2=0.001092; ', 'lpips_2=0.003289; ', 'codec_recon_2=0.080708; ', 'bpp_2=0.277079; ']
train step[280/1500] ; used: 4m:6s; eta: 17m:50s; loss = 0.408357; ['mse_0=0.001060; ', 'lpips_0=0.003930; ', 'codec_recon_0=0.020281; ', 'bpp_0=1.359106; ', 'mse_1=0.000782; ', 'lpips_1=0.002999; ', 'codec_recon_1=0.311893; ', 'bpp_1=0.293991; ', 'mse_2=0.000722; ', 'lpips_2=0.002818; ', 'codec_recon_2=0.076181; ', 'bpp_2=0.271662; ']
train step[281/1500] ; used: 4m:7s; eta: 17m:49s; loss = 0.382244; ['mse_0=0.000666; ', 'lpips_0=0.003388; ', 'codec_recon_0=0.020841; ', 'bpp_0=1.325273; ', 'mse_1=0.000561; ', 'lpips_1=0.002638; ', 'codec_recon_1=0.277341; ', 'bpp_1=0.291278; ', 'mse_2=0.000561; ', 'lpips_2=0.002532; ', 'codec_recon_2=0.084060; ', 'bpp_2=0.268225; ']
train step[282/1500] ; used: 4m:7s; eta: 17m:47s; loss = 0.435107; ['mse_0=0.004153; ', 'lpips_0=0.006325; ', 'codec_recon_0=0.020202; ', 'bpp_0=1.371322; ', 'mse_1=0.003421; ', 'lpips_1=0.004931; ', 'codec_recon_1=0.341635; ', 'bpp_1=0.298497; ', 'mse_2=0.003307; ', 'lpips_2=0.004689; ', 'codec_recon_2=0.073268; ', 'bpp_2=0.280131; ']
train step[283/1500] ; used: 4m:8s; eta: 17m:45s; loss = 0.459660; ['mse_0=0.001321; ', 'lpips_0=0.004150; ', 'codec_recon_0=0.017041; ', 'bpp_0=1.436134; ', 'mse_1=0.000687; ', 'lpips_1=0.002257; ', 'codec_recon_1=0.361301; ', 'bpp_1=0.299989; ', 'mse_2=0.000601; ', 'lpips_2=0.001949; ', 'codec_recon_2=0.081316; ', 'bpp_2=0.283625; ']
train step[284/1500] ; used: 4m:9s; eta: 17m:43s; loss = 0.341855; ['mse_0=0.000438; ', 'lpips_0=0.003771; ', 'codec_recon_0=0.020205; ', 'bpp_0=1.322851; ', 'mse_1=0.000340; ', 'lpips_1=0.003261; ', 'codec_recon_1=0.246494; ', 'bpp_1=0.291415; ', 'mse_2=0.000328; ', 'lpips_2=0.003137; ', 'codec_recon_2=0.075153; ', 'bpp_2=0.269256; ']
train step[285/1500] ; used: 4m:9s; eta: 17m:42s; loss = 0.415164; ['mse_0=0.000970; ', 'lpips_0=0.004038; ', 'codec_recon_0=0.020109; ', 'bpp_0=1.395802; ', 'mse_1=0.000796; ', 'lpips_1=0.003130; ', 'codec_recon_1=0.306406; ', 'bpp_1=0.297895; ', 'mse_2=0.000775; ', 'lpips_2=0.003043; ', 'codec_recon_2=0.088647; ', 'bpp_2=0.276631; ']
train step[286/1500] ; used: 4m:10s; eta: 17m:40s; loss = 0.454850; ['mse_0=0.001518; ', 'lpips_0=0.004515; ', 'codec_recon_0=0.023660; ', 'bpp_0=1.354237; ', 'mse_1=0.001180; ', 'lpips_1=0.003315; ', 'codec_recon_1=0.344704; ', 'bpp_1=0.293295; ', 'mse_2=0.001126; ', 'lpips_2=0.003184; ', 'codec_recon_2=0.086484; ', 'bpp_2=0.273545; ']
train step[287/1500] ; used: 4m:11s; eta: 17m:38s; loss = 0.329552; ['mse_0=0.000776; ', 'lpips_0=0.003638; ', 'codec_recon_0=0.019482; ', 'bpp_0=1.322101; ', 'mse_1=0.000644; ', 'lpips_1=0.003169; ', 'codec_recon_1=0.237376; ', 'bpp_1=0.292558; ', 'mse_2=0.000660; ', 'lpips_2=0.003134; ', 'codec_recon_2=0.072692; ', 'bpp_2=0.270873; ']
train step[288/1500] ; used: 4m:11s; eta: 17m:36s; loss = 0.368799; ['mse_0=0.000950; ', 'lpips_0=0.005242; ', 'codec_recon_0=0.024413; ', 'bpp_0=1.251362; ', 'mse_1=0.000852; ', 'lpips_1=0.004565; ', 'codec_recon_1=0.275166; ', 'bpp_1=0.285144; ', 'mse_2=0.000801; ', 'lpips_2=0.004403; ', 'codec_recon_2=0.069218; ', 'bpp_2=0.263645; ']
train step[289/1500] ; used: 4m:12s; eta: 17m:34s; loss = 0.467277; ['mse_0=0.000963; ', 'lpips_0=0.004743; ', 'codec_recon_0=0.019047; ', 'bpp_0=1.422711; ', 'mse_1=0.000519; ', 'lpips_1=0.002950; ', 'codec_recon_1=0.364285; ', 'bpp_1=0.300002; ', 'mse_2=0.000463; ', 'lpips_2=0.002723; ', 'codec_recon_2=0.083942; ', 'bpp_2=0.282724; ']
train step[290/1500] ; used: 4m:13s; eta: 17m:33s; loss = 0.393954; ['mse_0=0.001522; ', 'lpips_0=0.004807; ', 'codec_recon_0=0.020543; ', 'bpp_0=1.355532; ', 'mse_1=0.001283; ', 'lpips_1=0.003965; ', 'codec_recon_1=0.293995; ', 'bpp_1=0.294957; ', 'mse_2=0.001240; ', 'lpips_2=0.003818; ', 'codec_recon_2=0.079415; ', 'bpp_2=0.274043; ']
train step[291/1500] ; used: 4m:13s; eta: 17m:31s; loss = 0.468347; ['mse_0=0.002788; ', 'lpips_0=0.006606; ', 'codec_recon_0=0.019669; ', 'bpp_0=1.381331; ', 'mse_1=0.002148; ', 'lpips_1=0.004893; ', 'codec_recon_1=0.372786; ', 'bpp_1=0.297372; ', 'mse_2=0.002056; ', 'lpips_2=0.004630; ', 'codec_recon_2=0.075890; ', 'bpp_2=0.280067; ']
train step[292/1500] ; used: 4m:14s; eta: 17m:29s; loss = 0.425920; ['mse_0=0.001364; ', 'lpips_0=0.004601; ', 'codec_recon_0=0.017614; ', 'bpp_0=1.378003; ', 'mse_1=0.000856; ', 'lpips_1=0.003461; ', 'codec_recon_1=0.327075; ', 'bpp_1=0.297615; ', 'mse_2=0.000769; ', 'lpips_2=0.003258; ', 'codec_recon_2=0.081229; ', 'bpp_2=0.277890; ']
train step[293/1500] ; used: 4m:15s; eta: 17m:28s; loss = 0.395566; ['mse_0=0.002080; ', 'lpips_0=0.004607; ', 'codec_recon_0=0.017281; ', 'bpp_0=1.406365; ', 'mse_1=0.001545; ', 'lpips_1=0.003195; ', 'codec_recon_1=0.302888; ', 'bpp_1=0.300665; ', 'mse_2=0.001456; ', 'lpips_2=0.003048; ', 'codec_recon_2=0.075395; ', 'bpp_2=0.280831; ']
train step[294/1500] ; used: 4m:15s; eta: 17m:26s; loss = 0.400873; ['mse_0=0.000911; ', 'lpips_0=0.004137; ', 'codec_recon_0=0.023206; ', 'bpp_0=1.335537; ', 'mse_1=0.000698; ', 'lpips_1=0.003296; ', 'codec_recon_1=0.290724; ', 'bpp_1=0.293195; ', 'mse_2=0.000658; ', 'lpips_2=0.003176; ', 'codec_recon_2=0.086942; ', 'bpp_2=0.272421; ']
train step[295/1500] ; used: 4m:16s; eta: 17m:24s; loss = 0.332380; ['mse_0=0.000929; ', 'lpips_0=0.003620; ', 'codec_recon_0=0.022928; ', 'bpp_0=1.307772; ', 'mse_1=0.000821; ', 'lpips_1=0.002874; ', 'codec_recon_1=0.234146; ', 'bpp_1=0.289127; ', 'mse_2=0.000793; ', 'lpips_2=0.002698; ', 'codec_recon_2=0.075304; ', 'bpp_2=0.266493; ']
train step[296/1500] ; used: 4m:17s; eta: 17m:22s; loss = 0.417713; ['mse_0=0.006711; ', 'lpips_0=0.008332; ', 'codec_recon_0=0.021973; ', 'bpp_0=1.343710; ', 'mse_1=0.006581; ', 'lpips_1=0.007629; ', 'codec_recon_1=0.308828; ', 'bpp_1=0.295145; ', 'mse_2=0.006569; ', 'lpips_2=0.007462; ', 'codec_recon_2=0.086910; ', 'bpp_2=0.276537; ']
train step[297/1500] ; used: 4m:17s; eta: 17m:21s; loss = 0.397116; ['mse_0=0.000858; ', 'lpips_0=0.003865; ', 'codec_recon_0=0.019137; ', 'bpp_0=1.330907; ', 'mse_1=0.000617; ', 'lpips_1=0.002879; ', 'codec_recon_1=0.297372; ', 'bpp_1=0.294296; ', 'mse_2=0.000545; ', 'lpips_2=0.002654; ', 'codec_recon_2=0.080605; ', 'bpp_2=0.271758; ']
train step[298/1500] ; used: 4m:18s; eta: 17m:19s; loss = 0.418926; ['mse_0=0.000366; ', 'lpips_0=0.003953; ', 'codec_recon_0=0.020072; ', 'bpp_0=1.326746; ', 'mse_1=0.000224; ', 'lpips_1=0.002712; ', 'codec_recon_1=0.309574; ', 'bpp_1=0.292138; ', 'mse_2=0.000199; ', 'lpips_2=0.002523; ', 'codec_recon_2=0.089279; ', 'bpp_2=0.268912; ']
train step[299/1500] ; used: 4m:19s; eta: 17m:17s; loss = 0.332843; ['mse_0=0.000577; ', 'lpips_0=0.003107; ', 'codec_recon_0=0.019882; ', 'bpp_0=1.290799; ', 'mse_1=0.000418; ', 'lpips_1=0.002512; ', 'codec_recon_1=0.243970; ', 'bpp_1=0.290116; ', 'mse_2=0.000376; ', 'lpips_2=0.002333; ', 'codec_recon_2=0.068989; ', 'bpp_2=0.267658; ']
train step[300/1500] ; used: 4m:22s; eta: 17m:26s; loss = 0.378714; ['mse_0=0.001409; ', 'lpips_0=0.003506; ', 'codec_recon_0=0.019206; ', 'bpp_0=1.330733; ', 'mse_1=0.001244; ', 'lpips_1=0.002580; ', 'codec_recon_1=0.288046; ', 'bpp_1=0.294047; ', 'mse_2=0.001221; ', 'lpips_2=0.002409; ', 'codec_recon_2=0.071460; ', 'bpp_2=0.274473; ']
train step[301/1500] ; used: 4m:23s; eta: 17m:24s; loss = 0.389787; ['mse_0=0.000566; ', 'lpips_0=0.003410; ', 'codec_recon_0=0.016775; ', 'bpp_0=1.367454; ', 'mse_1=0.000379; ', 'lpips_1=0.002695; ', 'codec_recon_1=0.290565; ', 'bpp_1=0.296784; ', 'mse_2=0.000341; ', 'lpips_2=0.002584; ', 'codec_recon_2=0.082445; ', 'bpp_2=0.277090; ']
train step[302/1500] ; used: 4m:23s; eta: 17m:22s; loss = 0.354743; ['mse_0=0.001323; ', 'lpips_0=0.004767; ', 'codec_recon_0=0.024512; ', 'bpp_0=1.261665; ', 'mse_1=0.001199; ', 'lpips_1=0.004181; ', 'codec_recon_1=0.255128; ', 'bpp_1=0.288556; ', 'mse_2=0.001175; ', 'lpips_2=0.004041; ', 'codec_recon_2=0.075100; ', 'bpp_2=0.267690; ']
train step[303/1500] ; used: 4m:24s; eta: 17m:21s; loss = 0.384470; ['mse_0=0.003967; ', 'lpips_0=0.005910; ', 'codec_recon_0=0.018951; ', 'bpp_0=1.318784; ', 'mse_1=0.003822; ', 'lpips_1=0.005256; ', 'codec_recon_1=0.285468; ', 'bpp_1=0.292005; ', 'mse_2=0.003855; ', 'lpips_2=0.005146; ', 'codec_recon_2=0.080049; ', 'bpp_2=0.268816; ']
train step[304/1500] ; used: 4m:25s; eta: 17m:19s; loss = 0.390108; ['mse_0=0.001566; ', 'lpips_0=0.003561; ', 'codec_recon_0=0.018428; ', 'bpp_0=1.324818; ', 'mse_1=0.001346; ', 'lpips_1=0.002728; ', 'codec_recon_1=0.296177; ', 'bpp_1=0.293947; ', 'mse_2=0.001279; ', 'lpips_2=0.002519; ', 'codec_recon_2=0.075501; ', 'bpp_2=0.272222; ']
train step[305/1500] ; used: 4m:25s; eta: 17m:17s; loss = 0.427904; ['mse_0=0.002589; ', 'lpips_0=0.006092; ', 'codec_recon_0=0.019303; ', 'bpp_0=1.292595; ', 'mse_1=0.002163; ', 'lpips_1=0.005048; ', 'codec_recon_1=0.334755; ', 'bpp_1=0.292713; ', 'mse_2=0.001990; ', 'lpips_2=0.004665; ', 'codec_recon_2=0.073845; ', 'bpp_2=0.273891; ']
train step[306/1500] ; used: 4m:26s; eta: 17m:16s; loss = 0.389699; ['mse_0=0.002359; ', 'lpips_0=0.003619; ', 'codec_recon_0=0.032649; ', 'bpp_0=1.318446; ', 'mse_1=0.002215; ', 'lpips_1=0.002884; ', 'codec_recon_1=0.277646; ', 'bpp_1=0.292725; ', 'mse_2=0.002204; ', 'lpips_2=0.002685; ', 'codec_recon_2=0.079402; ', 'bpp_2=0.271540; ']
train step[307/1500] ; used: 4m:27s; eta: 17m:14s; loss = 0.443431; ['mse_0=0.002160; ', 'lpips_0=0.005701; ', 'codec_recon_0=0.019572; ', 'bpp_0=1.385881; ', 'mse_1=0.001643; ', 'lpips_1=0.004291; ', 'codec_recon_1=0.342772; ', 'bpp_1=0.300310; ', 'mse_2=0.001548; ', 'lpips_2=0.004064; ', 'codec_recon_2=0.081085; ', 'bpp_2=0.283696; ']
train step[308/1500] ; used: 4m:27s; eta: 17m:13s; loss = 0.388730; ['mse_0=0.001168; ', 'lpips_0=0.004320; ', 'codec_recon_0=0.018129; ', 'bpp_0=1.320439; ', 'mse_1=0.000861; ', 'lpips_1=0.003353; ', 'codec_recon_1=0.298816; ', 'bpp_1=0.295686; ', 'mse_2=0.000799; ', 'lpips_2=0.003208; ', 'codec_recon_2=0.071784; ', 'bpp_2=0.275692; ']
train step[309/1500] ; used: 4m:28s; eta: 17m:11s; loss = 0.480239; ['mse_0=0.001295; ', 'lpips_0=0.006772; ', 'codec_recon_0=0.021216; ', 'bpp_0=1.363228; ', 'mse_1=0.000938; ', 'lpips_1=0.005548; ', 'codec_recon_1=0.374005; ', 'bpp_1=0.295786; ', 'mse_2=0.000878; ', 'lpips_2=0.005239; ', 'codec_recon_2=0.085016; ', 'bpp_2=0.277821; ']
train step[310/1500] ; used: 4m:29s; eta: 17m:9s; loss = 0.340558; ['mse_0=0.000988; ', 'lpips_0=0.003933; ', 'codec_recon_0=0.023570; ', 'bpp_0=1.257549; ', 'mse_1=0.000873; ', 'lpips_1=0.003504; ', 'codec_recon_1=0.241734; ', 'bpp_1=0.288493; ', 'mse_2=0.000870; ', 'lpips_2=0.003437; ', 'codec_recon_2=0.075251; ', 'bpp_2=0.268366; ']
train step[311/1500] ; used: 4m:29s; eta: 17m:8s; loss = 0.363761; ['mse_0=0.000657; ', 'lpips_0=0.002868; ', 'codec_recon_0=0.021107; ', 'bpp_0=1.311193; ', 'mse_1=0.000519; ', 'lpips_1=0.002303; ', 'codec_recon_1=0.260256; ', 'bpp_1=0.293023; ', 'mse_2=0.000495; ', 'lpips_2=0.002216; ', 'codec_recon_2=0.082396; ', 'bpp_2=0.270381; ']
train step[312/1500] ; used: 4m:30s; eta: 17m:6s; loss = 0.489903; ['mse_0=0.005802; ', 'lpips_0=0.010120; ', 'codec_recon_0=0.020775; ', 'bpp_0=1.372965; ', 'mse_1=0.005393; ', 'lpips_1=0.009068; ', 'codec_recon_1=0.389664; ', 'bpp_1=0.299920; ', 'mse_2=0.005210; ', 'lpips_2=0.008922; ', 'codec_recon_2=0.079462; ', 'bpp_2=0.282469; ']
train step[313/1500] ; used: 4m:31s; eta: 17m:5s; loss = 0.385834; ['mse_0=0.002556; ', 'lpips_0=0.005061; ', 'codec_recon_0=0.019411; ', 'bpp_0=1.332821; ', 'mse_1=0.002488; ', 'lpips_1=0.004513; ', 'codec_recon_1=0.282394; ', 'bpp_1=0.296513; ', 'mse_2=0.002463; ', 'lpips_2=0.004423; ', 'codec_recon_2=0.084027; ', 'bpp_2=0.274834; ']
train step[314/1500] ; used: 4m:31s; eta: 17m:3s; loss = 0.455324; ['mse_0=0.000589; ', 'lpips_0=0.004184; ', 'codec_recon_0=0.019339; ', 'bpp_0=1.296019; ', 'mse_1=0.000246; ', 'lpips_1=0.002549; ', 'codec_recon_1=0.353043; ', 'bpp_1=0.289559; ', 'mse_2=0.000183; ', 'lpips_2=0.002256; ', 'codec_recon_2=0.082940; ', 'bpp_2=0.270971; ']
train step[315/1500] ; used: 4m:32s; eta: 17m:2s; loss = 0.377032; ['mse_0=0.001643; ', 'lpips_0=0.004425; ', 'codec_recon_0=0.021961; ', 'bpp_0=1.278233; ', 'mse_1=0.001482; ', 'lpips_1=0.003596; ', 'codec_recon_1=0.275906; ', 'bpp_1=0.291423; ', 'mse_2=0.001464; ', 'lpips_2=0.003437; ', 'codec_recon_2=0.079162; ', 'bpp_2=0.270715; ']
train step[316/1500] ; used: 4m:33s; eta: 17m; loss = 0.392834; ['mse_0=0.000692; ', 'lpips_0=0.003065; ', 'codec_recon_0=0.017244; ', 'bpp_0=1.305885; ', 'mse_1=0.000397; ', 'lpips_1=0.002147; ', 'codec_recon_1=0.299895; ', 'bpp_1=0.294851; ', 'mse_2=0.000332; ', 'lpips_2=0.001985; ', 'codec_recon_2=0.075693; ', 'bpp_2=0.272219; ']
train step[317/1500] ; used: 4m:33s; eta: 16m:59s; loss = 0.391327; ['mse_0=0.000803; ', 'lpips_0=0.003452; ', 'codec_recon_0=0.018478; ', 'bpp_0=1.308081; ', 'mse_1=0.000488; ', 'lpips_1=0.002189; ', 'codec_recon_1=0.295103; ', 'bpp_1=0.291999; ', 'mse_2=0.000378; ', 'lpips_2=0.001944; ', 'codec_recon_2=0.077744; ', 'bpp_2=0.270695; ']
train step[318/1500] ; used: 4m:34s; eta: 16m:57s; loss = 0.371410; ['mse_0=0.001089; ', 'lpips_0=0.004459; ', 'codec_recon_0=0.019820; ', 'bpp_0=1.291798; ', 'mse_1=0.000950; ', 'lpips_1=0.003622; ', 'codec_recon_1=0.271545; ', 'bpp_1=0.293283; ', 'mse_2=0.000936; ', 'lpips_2=0.003521; ', 'codec_recon_2=0.080042; ', 'bpp_2=0.272202; ']
train step[319/1500] ; used: 4m:35s; eta: 16m:56s; loss = 0.417049; ['mse_0=0.002170; ', 'lpips_0=0.004946; ', 'codec_recon_0=0.028520; ', 'bpp_0=1.273376; ', 'mse_1=0.001729; ', 'lpips_1=0.003961; ', 'codec_recon_1=0.301089; ', 'bpp_1=0.292591; ', 'mse_2=0.001710; ', 'lpips_2=0.003827; ', 'codec_recon_2=0.087438; ', 'bpp_2=0.273760; ']
train step[320/1500] ; used: 4m:36s; eta: 16m:54s; loss = 0.450331; ['mse_0=0.001623; ', 'lpips_0=0.004060; ', 'codec_recon_0=0.029642; ', 'bpp_0=1.298034; ', 'mse_1=0.001252; ', 'lpips_1=0.003087; ', 'codec_recon_1=0.329656; ', 'bpp_1=0.296229; ', 'mse_2=0.001197; ', 'lpips_2=0.002944; ', 'codec_recon_2=0.091031; ', 'bpp_2=0.274693; ']
train step[321/1500] ; used: 4m:36s; eta: 16m:53s; loss = 0.475465; ['mse_0=0.001340; ', 'lpips_0=0.005010; ', 'codec_recon_0=0.018562; ', 'bpp_0=1.339173; ', 'mse_1=0.000792; ', 'lpips_1=0.003269; ', 'codec_recon_1=0.372182; ', 'bpp_1=0.297225; ', 'mse_2=0.000687; ', 'lpips_2=0.002956; ', 'codec_recon_2=0.084719; ', 'bpp_2=0.278911; ']
train step[322/1500] ; used: 4m:37s; eta: 16m:51s; loss = 0.417591; ['mse_0=0.000340; ', 'lpips_0=0.003600; ', 'codec_recon_0=0.018499; ', 'bpp_0=1.297629; ', 'mse_1=0.000176; ', 'lpips_1=0.002404; ', 'codec_recon_1=0.312168; ', 'bpp_1=0.289784; ', 'mse_2=0.000160; ', 'lpips_2=0.002238; ', 'codec_recon_2=0.086922; ', 'bpp_2=0.265372; ']
train step[323/1500] ; used: 4m:37s; eta: 16m:49s; loss = 0.373761; ['mse_0=0.000870; ', 'lpips_0=0.003875; ', 'codec_recon_0=0.023170; ', 'bpp_0=1.251231; ', 'mse_1=0.000698; ', 'lpips_1=0.003223; ', 'codec_recon_1=0.271210; ', 'bpp_1=0.292309; ', 'mse_2=0.000641; ', 'lpips_2=0.003094; ', 'codec_recon_2=0.079380; ', 'bpp_2=0.270973; ']
train step[324/1500] ; used: 4m:38s; eta: 16m:48s; loss = 0.472442; ['mse_0=0.001088; ', 'lpips_0=0.005246; ', 'codec_recon_0=0.021481; ', 'bpp_0=1.301402; ', 'mse_1=0.000875; ', 'lpips_1=0.004255; ', 'codec_recon_1=0.360123; ', 'bpp_1=0.293114; ', 'mse_2=0.000831; ', 'lpips_2=0.004141; ', 'codec_recon_2=0.090835; ', 'bpp_2=0.273728; ']
train step[325/1500] ; used: 4m:39s; eta: 16m:46s; loss = 0.372765; ['mse_0=0.000620; ', 'lpips_0=0.003152; ', 'codec_recon_0=0.021110; ', 'bpp_0=1.302060; ', 'mse_1=0.000437; ', 'lpips_1=0.002443; ', 'codec_recon_1=0.268759; ', 'bpp_1=0.293378; ', 'mse_2=0.000413; ', 'lpips_2=0.002330; ', 'codec_recon_2=0.082895; ', 'bpp_2=0.270654; ']
train step[326/1500] ; used: 4m:40s; eta: 16m:45s; loss = 0.430585; ['mse_0=0.002973; ', 'lpips_0=0.005864; ', 'codec_recon_0=0.021494; ', 'bpp_0=1.299536; ', 'mse_1=0.002246; ', 'lpips_1=0.004663; ', 'codec_recon_1=0.330664; ', 'bpp_1=0.294485; ', 'mse_2=0.002125; ', 'lpips_2=0.004338; ', 'codec_recon_2=0.078426; ', 'bpp_2=0.274334; ']
train step[327/1500] ; used: 4m:40s; eta: 16m:43s; loss = 0.452483; ['mse_0=0.005157; ', 'lpips_0=0.005834; ', 'codec_recon_0=0.018574; ', 'bpp_0=1.359008; ', 'mse_1=0.004646; ', 'lpips_1=0.004404; ', 'codec_recon_1=0.358777; ', 'bpp_1=0.299533; ', 'mse_2=0.004507; ', 'lpips_2=0.004115; ', 'codec_recon_2=0.075131; ', 'bpp_2=0.281852; ']
train step[328/1500] ; used: 4m:41s; eta: 16m:42s; loss = 0.334344; ['mse_0=0.000567; ', 'lpips_0=0.003348; ', 'codec_recon_0=0.019523; ', 'bpp_0=1.252550; ', 'mse_1=0.000409; ', 'lpips_1=0.002694; ', 'codec_recon_1=0.241267; ', 'bpp_1=0.290922; ', 'mse_2=0.000372; ', 'lpips_2=0.002561; ', 'codec_recon_2=0.073553; ', 'bpp_2=0.268903; ']
train step[329/1500] ; used: 4m:42s; eta: 16m:40s; loss = 0.442279; ['mse_0=0.002854; ', 'lpips_0=0.006018; ', 'codec_recon_0=0.019843; ', 'bpp_0=1.339319; ', 'mse_1=0.002453; ', 'lpips_1=0.004855; ', 'codec_recon_1=0.339612; ', 'bpp_1=0.297971; ', 'mse_2=0.002298; ', 'lpips_2=0.004541; ', 'codec_recon_2=0.082822; ', 'bpp_2=0.279112; ']
train step[330/1500] ; used: 4m:42s; eta: 16m:39s; loss = 0.390173; ['mse_0=0.004155; ', 'lpips_0=0.006820; ', 'codec_recon_0=0.019771; ', 'bpp_0=1.299803; ', 'mse_1=0.003927; ', 'lpips_1=0.005830; ', 'codec_recon_1=0.290116; ', 'bpp_1=0.296658; ', 'mse_2=0.003918; ', 'lpips_2=0.005634; ', 'codec_recon_2=0.080285; ', 'bpp_2=0.276151; ']
train step[331/1500] ; used: 4m:43s; eta: 16m:37s; loss = 0.422408; ['mse_0=0.000899; ', 'lpips_0=0.004164; ', 'codec_recon_0=0.017798; ', 'bpp_0=1.361313; ', 'mse_1=0.000578; ', 'lpips_1=0.002776; ', 'codec_recon_1=0.314609; ', 'bpp_1=0.300965; ', 'mse_2=0.000528; ', 'lpips_2=0.002559; ', 'codec_recon_2=0.089999; ', 'bpp_2=0.280959; ']
train step[332/1500] ; used: 4m:44s; eta: 16m:36s; loss = 0.359489; ['mse_0=0.000477; ', 'lpips_0=0.002994; ', 'codec_recon_0=0.020210; ', 'bpp_0=1.266613; ', 'mse_1=0.000329; ', 'lpips_1=0.002219; ', 'codec_recon_1=0.266013; ', 'bpp_1=0.288898; ', 'mse_2=0.000299; ', 'lpips_2=0.002101; ', 'codec_recon_2=0.073264; ', 'bpp_2=0.268203; ']
train step[333/1500] ; used: 4m:44s; eta: 16m:34s; loss = 0.442214; ['mse_0=0.007492; ', 'lpips_0=0.008725; ', 'codec_recon_0=0.023335; ', 'bpp_0=1.270978; ', 'mse_1=0.007386; ', 'lpips_1=0.007952; ', 'codec_recon_1=0.337758; ', 'bpp_1=0.292630; ', 'mse_2=0.007366; ', 'lpips_2=0.007845; ', 'codec_recon_2=0.081120; ', 'bpp_2=0.271580; ']
train step[334/1500] ; used: 4m:45s; eta: 16m:33s; loss = 0.466701; ['mse_0=0.001671; ', 'lpips_0=0.005312; ', 'codec_recon_0=0.018823; ', 'bpp_0=1.312985; ', 'mse_1=0.000974; ', 'lpips_1=0.003656; ', 'codec_recon_1=0.373771; ', 'bpp_1=0.295347; ', 'mse_2=0.000809; ', 'lpips_2=0.003164; ', 'codec_recon_2=0.074106; ', 'bpp_2=0.277372; ']
train step[335/1500] ; used: 4m:46s; eta: 16m:31s; loss = 0.387610; ['mse_0=0.000612; ', 'lpips_0=0.003103; ', 'codec_recon_0=0.020365; ', 'bpp_0=1.284868; ', 'mse_1=0.000414; ', 'lpips_1=0.002437; ', 'codec_recon_1=0.286209; ', 'bpp_1=0.291942; ', 'mse_2=0.000389; ', 'lpips_2=0.002299; ', 'codec_recon_2=0.081035; ', 'bpp_2=0.268886; ']
train step[336/1500] ; used: 4m:46s; eta: 16m:30s; loss = 0.414887; ['mse_0=0.000793; ', 'lpips_0=0.003364; ', 'codec_recon_0=0.020307; ', 'bpp_0=1.289864; ', 'mse_1=0.000578; ', 'lpips_1=0.002392; ', 'codec_recon_1=0.315656; ', 'bpp_1=0.295293; ', 'mse_2=0.000526; ', 'lpips_2=0.002288; ', 'codec_recon_2=0.078921; ', 'bpp_2=0.272272; ']
train step[337/1500] ; used: 4m:47s; eta: 16m:28s; loss = 0.392454; ['mse_0=0.001670; ', 'lpips_0=0.004287; ', 'codec_recon_0=0.020014; ', 'bpp_0=1.314795; ', 'mse_1=0.001373; ', 'lpips_1=0.003492; ', 'codec_recon_1=0.295532; ', 'bpp_1=0.297059; ', 'mse_2=0.001351; ', 'lpips_2=0.003372; ', 'codec_recon_2=0.076906; ', 'bpp_2=0.275653; ']
train step[338/1500] ; used: 4m:48s; eta: 16m:27s; loss = 0.378845; ['mse_0=0.005896; ', 'lpips_0=0.005055; ', 'codec_recon_0=0.018933; ', 'bpp_0=1.287900; ', 'mse_1=0.003102; ', 'lpips_1=0.004049; ', 'codec_recon_1=0.283655; ', 'bpp_1=0.294398; ', 'mse_2=0.002567; ', 'lpips_2=0.003886; ', 'codec_recon_2=0.076256; ', 'bpp_2=0.272593; ']
train step[339/1500] ; used: 4m:48s; eta: 16m:25s; loss = 0.384068; ['mse_0=0.003831; ', 'lpips_0=0.005037; ', 'codec_recon_0=0.022019; ', 'bpp_0=1.327338; ', 'mse_1=0.003546; ', 'lpips_1=0.004287; ', 'codec_recon_1=0.286181; ', 'bpp_1=0.294412; ', 'mse_2=0.003478; ', 'lpips_2=0.004143; ', 'codec_recon_2=0.075866; ', 'bpp_2=0.273882; ']
train step[340/1500] ; used: 4m:49s; eta: 16m:24s; loss = 0.435676; ['mse_0=0.002738; ', 'lpips_0=0.004379; ', 'codec_recon_0=0.019352; ', 'bpp_0=1.337945; ', 'mse_1=0.002248; ', 'lpips_1=0.003251; ', 'codec_recon_1=0.340028; ', 'bpp_1=0.298744; ', 'mse_2=0.002095; ', 'lpips_2=0.002978; ', 'codec_recon_2=0.076294; ', 'bpp_2=0.279013; ']
train step[341/1500] ; used: 4m:50s; eta: 16m:22s; loss = 0.440919; ['mse_0=0.001256; ', 'lpips_0=0.004758; ', 'codec_recon_0=0.020292; ', 'bpp_0=1.329848; ', 'mse_1=0.000961; ', 'lpips_1=0.003569; ', 'codec_recon_1=0.334011; ', 'bpp_1=0.296500; ', 'mse_2=0.000892; ', 'lpips_2=0.003297; ', 'codec_recon_2=0.086614; ', 'bpp_2=0.277035; ']
train step[342/1500] ; used: 4m:50s; eta: 16m:21s; loss = 0.391514; ['mse_0=0.002798; ', 'lpips_0=0.008950; ', 'codec_recon_0=0.024349; ', 'bpp_0=1.226623; ', 'mse_1=0.002642; ', 'lpips_1=0.008267; ', 'codec_recon_1=0.288179; ', 'bpp_1=0.290700; ', 'mse_2=0.002636; ', 'lpips_2=0.008171; ', 'codec_recon_2=0.078984; ', 'bpp_2=0.270802; ']
train step[343/1500] ; used: 4m:51s; eta: 16m:20s; loss = 0.430278; ['mse_0=0.001675; ', 'lpips_0=0.007116; ', 'codec_recon_0=0.018708; ', 'bpp_0=1.301452; ', 'mse_1=0.001407; ', 'lpips_1=0.005837; ', 'codec_recon_1=0.320046; ', 'bpp_1=0.297232; ', 'mse_2=0.001347; ', 'lpips_2=0.005448; ', 'codec_recon_2=0.091522; ', 'bpp_2=0.277515; ']
train step[344/1500] ; used: 4m:52s; eta: 16m:19s; loss = 0.351053; ['mse_0=0.000566; ', 'lpips_0=0.003299; ', 'codec_recon_0=0.018730; ', 'bpp_0=1.264826; ', 'mse_1=0.000469; ', 'lpips_1=0.002735; ', 'codec_recon_1=0.257777; ', 'bpp_1=0.290647; ', 'mse_2=0.000456; ', 'lpips_2=0.002608; ', 'codec_recon_2=0.074544; ', 'bpp_2=0.268926; ']
train step[345/1500] ; used: 4m:52s; eta: 16m:17s; loss = 0.369323; ['mse_0=0.001873; ', 'lpips_0=0.004016; ', 'codec_recon_0=0.020856; ', 'bpp_0=1.268098; ', 'mse_1=0.001847; ', 'lpips_1=0.003264; ', 'codec_recon_1=0.274722; ', 'bpp_1=0.295158; ', 'mse_2=0.001827; ', 'lpips_2=0.003086; ', 'codec_recon_2=0.073743; ', 'bpp_2=0.274752; ']
train step[346/1500] ; used: 4m:53s; eta: 16m:16s; loss = 0.379369; ['mse_0=0.000361; ', 'lpips_0=0.002274; ', 'codec_recon_0=0.018794; ', 'bpp_0=1.285090; ', 'mse_1=0.000206; ', 'lpips_1=0.001554; ', 'codec_recon_1=0.284715; ', 'bpp_1=0.292773; ', 'mse_2=0.000177; ', 'lpips_2=0.001418; ', 'codec_recon_2=0.075858; ', 'bpp_2=0.268683; ']
train step[347/1500] ; used: 4m:54s; eta: 16m:15s; loss = 0.332139; ['mse_0=0.000485; ', 'lpips_0=0.003622; ', 'codec_recon_0=0.017684; ', 'bpp_0=1.233742; ', 'mse_1=0.000355; ', 'lpips_1=0.002961; ', 'codec_recon_1=0.248311; ', 'bpp_1=0.290085; ', 'mse_2=0.000337; ', 'lpips_2=0.002855; ', 'codec_recon_2=0.066142; ', 'bpp_2=0.266709; ']
train step[348/1500] ; used: 4m:55s; eta: 16m:14s; loss = 0.389238; ['mse_0=0.003201; ', 'lpips_0=0.005712; ', 'codec_recon_0=0.019827; ', 'bpp_0=1.265023; ', 'mse_1=0.002786; ', 'lpips_1=0.004739; ', 'codec_recon_1=0.292467; ', 'bpp_1=0.293027; ', 'mse_2=0.002723; ', 'lpips_2=0.004568; ', 'codec_recon_2=0.076942; ', 'bpp_2=0.273073; ']
train step[349/1500] ; used: 4m:55s; eta: 16m:12s; loss = 0.307945; ['mse_0=0.002191; ', 'lpips_0=0.004140; ', 'codec_recon_0=0.020061; ', 'bpp_0=1.224237; ', 'mse_1=0.001875; ', 'lpips_1=0.003546; ', 'codec_recon_1=0.223810; ', 'bpp_1=0.287699; ', 'mse_2=0.001859; ', 'lpips_2=0.003385; ', 'codec_recon_2=0.064072; ', 'bpp_2=0.265090; ']
train step[350/1500] ; used: 4m:56s; eta: 16m:11s; loss = 0.416430; ['mse_0=0.005818; ', 'lpips_0=0.006177; ', 'codec_recon_0=0.025309; ', 'bpp_0=1.267833; ', 'mse_1=0.005948; ', 'lpips_1=0.005588; ', 'codec_recon_1=0.278488; ', 'bpp_1=0.294641; ', 'mse_2=0.005991; ', 'lpips_2=0.005489; ', 'codec_recon_2=0.112631; ', 'bpp_2=0.275045; ']
train step[351/1500] ; used: 4m:57s; eta: 16m:10s; loss = 0.332615; ['mse_0=0.000695; ', 'lpips_0=0.002612; ', 'codec_recon_0=0.020209; ', 'bpp_0=1.259433; ', 'mse_1=0.000555; ', 'lpips_1=0.001998; ', 'codec_recon_1=0.248205; ', 'bpp_1=0.282786; ', 'mse_2=0.000531; ', 'lpips_2=0.001886; ', 'codec_recon_2=0.064199; ', 'bpp_2=0.264758; ']
train step[352/1500] ; used: 4m:57s; eta: 16m:8s; loss = 0.418340; ['mse_0=0.007464; ', 'lpips_0=0.008387; ', 'codec_recon_0=0.021771; ', 'bpp_0=1.291168; ', 'mse_1=0.007016; ', 'lpips_1=0.007547; ', 'codec_recon_1=0.313315; ', 'bpp_1=0.294236; ', 'mse_2=0.006928; ', 'lpips_2=0.007218; ', 'codec_recon_2=0.083252; ', 'bpp_2=0.276128; ']
train step[353/1500] ; used: 4m:58s; eta: 16m:7s; loss = 0.392331; ['mse_0=0.000902; ', 'lpips_0=0.003821; ', 'codec_recon_0=0.020124; ', 'bpp_0=1.290565; ', 'mse_1=0.000712; ', 'lpips_1=0.003052; ', 'codec_recon_1=0.291515; ', 'bpp_1=0.292375; ', 'mse_2=0.000693; ', 'lpips_2=0.002920; ', 'codec_recon_2=0.080691; ', 'bpp_2=0.270261; ']
train step[354/1500] ; used: 4m:59s; eta: 16m:6s; loss = 0.408807; ['mse_0=0.002334; ', 'lpips_0=0.004764; ', 'codec_recon_0=0.020605; ', 'bpp_0=1.268134; ', 'mse_1=0.001979; ', 'lpips_1=0.003861; ', 'codec_recon_1=0.315291; ', 'bpp_1=0.294555; ', 'mse_2=0.001946; ', 'lpips_2=0.003785; ', 'codec_recon_2=0.072909; ', 'bpp_2=0.274519; ']
train step[355/1500] ; used: 5m; eta: 16m:4s; loss = 0.390442; ['mse_0=0.001839; ', 'lpips_0=0.005410; ', 'codec_recon_0=0.025100; ', 'bpp_0=1.236321; ', 'mse_1=0.001712; ', 'lpips_1=0.004795; ', 'codec_recon_1=0.274594; ', 'bpp_1=0.288319; ', 'mse_2=0.001688; ', 'lpips_2=0.004696; ', 'codec_recon_2=0.090747; ', 'bpp_2=0.267889; ']
train step[356/1500] ; used: 5m; eta: 16m:3s; loss = 0.364710; ['mse_0=0.000302; ', 'lpips_0=0.003285; ', 'codec_recon_0=0.019628; ', 'bpp_0=1.227612; ', 'mse_1=0.000192; ', 'lpips_1=0.002459; ', 'codec_recon_1=0.268501; ', 'bpp_1=0.289357; ', 'mse_2=0.000167; ', 'lpips_2=0.002285; ', 'codec_recon_2=0.076580; ', 'bpp_2=0.269186; ']
train step[357/1500] ; used: 5m:1s; eta: 16m:2s; loss = 0.372697; ['mse_0=0.000667; ', 'lpips_0=0.003315; ', 'codec_recon_0=0.019685; ', 'bpp_0=1.263542; ', 'mse_1=0.000415; ', 'lpips_1=0.002647; ', 'codec_recon_1=0.280571; ', 'bpp_1=0.292322; ', 'mse_2=0.000381; ', 'lpips_2=0.002514; ', 'codec_recon_2=0.072439; ', 'bpp_2=0.269836; ']
train step[358/1500] ; used: 5m:2s; eta: 16m:1s; loss = 0.443207; ['mse_0=0.004254; ', 'lpips_0=0.006993; ', 'codec_recon_0=0.019967; ', 'bpp_0=1.332035; ', 'mse_1=0.003971; ', 'lpips_1=0.005853; ', 'codec_recon_1=0.338480; ', 'bpp_1=0.299066; ', 'mse_2=0.003910; ', 'lpips_2=0.005552; ', 'codec_recon_2=0.084758; ', 'bpp_2=0.278772; ']
train step[359/1500] ; used: 5m:2s; eta: 15m:59s; loss = 0.361509; ['mse_0=0.000712; ', 'lpips_0=0.003508; ', 'codec_recon_0=0.019996; ', 'bpp_0=1.293062; ', 'mse_1=0.000485; ', 'lpips_1=0.002723; ', 'codec_recon_1=0.272355; ', 'bpp_1=0.293098; ', 'mse_2=0.000445; ', 'lpips_2=0.002612; ', 'codec_recon_2=0.069156; ', 'bpp_2=0.270880; ']
train step[360/1500] ; used: 5m:3s; eta: 15m:58s; loss = 0.381380; ['mse_0=0.000482; ', 'lpips_0=0.003239; ', 'codec_recon_0=0.018687; ', 'bpp_0=1.238659; ', 'mse_1=0.000305; ', 'lpips_1=0.002421; ', 'codec_recon_1=0.287249; ', 'bpp_1=0.292445; ', 'mse_2=0.000256; ', 'lpips_2=0.002264; ', 'codec_recon_2=0.075443; ', 'bpp_2=0.269230; ']
train step[361/1500] ; used: 5m:4s; eta: 15m:57s; loss = 0.364589; ['mse_0=0.000541; ', 'lpips_0=0.003445; ', 'codec_recon_0=0.016654; ', 'bpp_0=1.262469; ', 'mse_1=0.000351; ', 'lpips_1=0.002693; ', 'codec_recon_1=0.275571; ', 'bpp_1=0.293158; ', 'mse_2=0.000313; ', 'lpips_2=0.002531; ', 'codec_recon_2=0.072362; ', 'bpp_2=0.270387; ']
train step[362/1500] ; used: 5m:4s; eta: 15m:55s; loss = 0.381654; ['mse_0=0.001097; ', 'lpips_0=0.003563; ', 'codec_recon_0=0.018131; ', 'bpp_0=1.288824; ', 'mse_1=0.000714; ', 'lpips_1=0.002588; ', 'codec_recon_1=0.291504; ', 'bpp_1=0.297213; ', 'mse_2=0.000613; ', 'lpips_2=0.002406; ', 'codec_recon_2=0.072017; ', 'bpp_2=0.276035; ']
train step[363/1500] ; used: 5m:5s; eta: 15m:54s; loss = 0.427527; ['mse_0=0.000920; ', 'lpips_0=0.004512; ', 'codec_recon_0=0.020466; ', 'bpp_0=1.296266; ', 'mse_1=0.000699; ', 'lpips_1=0.003390; ', 'codec_recon_1=0.321322; ', 'bpp_1=0.296694; ', 'mse_2=0.000661; ', 'lpips_2=0.003061; ', 'codec_recon_2=0.085737; ', 'bpp_2=0.277029; ']
train step[364/1500] ; used: 5m:6s; eta: 15m:53s; loss = 0.478261; ['mse_0=0.001068; ', 'lpips_0=0.005057; ', 'codec_recon_0=0.023630; ', 'bpp_0=1.344801; ', 'mse_1=0.000783; ', 'lpips_1=0.003589; ', 'codec_recon_1=0.361065; ', 'bpp_1=0.297642; ', 'mse_2=0.000714; ', 'lpips_2=0.003292; ', 'codec_recon_2=0.093563; ', 'bpp_2=0.278695; ']
train step[365/1500] ; used: 5m:6s; eta: 15m:51s; loss = 0.382166; ['mse_0=0.001349; ', 'lpips_0=0.004285; ', 'codec_recon_0=0.021838; ', 'bpp_0=1.262972; ', 'mse_1=0.001254; ', 'lpips_1=0.003578; ', 'codec_recon_1=0.274601; ', 'bpp_1=0.293433; ', 'mse_2=0.001243; ', 'lpips_2=0.003467; ', 'codec_recon_2=0.085725; ', 'bpp_2=0.273672; ']
train step[366/1500] ; used: 5m:7s; eta: 15m:50s; loss = 0.433638; ['mse_0=0.001680; ', 'lpips_0=0.005272; ', 'codec_recon_0=0.016832; ', 'bpp_0=1.313194; ', 'mse_1=0.001176; ', 'lpips_1=0.003713; ', 'codec_recon_1=0.333918; ', 'bpp_1=0.298647; ', 'mse_2=0.001107; ', 'lpips_2=0.003500; ', 'codec_recon_2=0.082887; ', 'bpp_2=0.278805; ']
train step[367/1500] ; used: 5m:8s; eta: 15m:49s; loss = 0.384485; ['mse_0=0.000875; ', 'lpips_0=0.003612; ', 'codec_recon_0=0.020345; ', 'bpp_0=1.281819; ', 'mse_1=0.000725; ', 'lpips_1=0.002948; ', 'codec_recon_1=0.280958; ', 'bpp_1=0.294896; ', 'mse_2=0.000721; ', 'lpips_2=0.002851; ', 'codec_recon_2=0.083181; ', 'bpp_2=0.274295; ']
train step[368/1500] ; used: 5m:9s; eta: 15m:47s; loss = 0.384032; ['mse_0=0.001795; ', 'lpips_0=0.004796; ', 'codec_recon_0=0.020722; ', 'bpp_0=1.295019; ', 'mse_1=0.001462; ', 'lpips_1=0.003829; ', 'codec_recon_1=0.286412; ', 'bpp_1=0.295059; ', 'mse_2=0.001438; ', 'lpips_2=0.003662; ', 'codec_recon_2=0.076896; ', 'bpp_2=0.275634; ']
train step[369/1500] ; used: 5m:9s; eta: 15m:46s; loss = 0.363224; ['mse_0=0.000761; ', 'lpips_0=0.002906; ', 'codec_recon_0=0.018426; ', 'bpp_0=1.268867; ', 'mse_1=0.000496; ', 'lpips_1=0.002051; ', 'codec_recon_1=0.271432; ', 'bpp_1=0.292914; ', 'mse_2=0.000444; ', 'lpips_2=0.001900; ', 'codec_recon_2=0.073364; ', 'bpp_2=0.268814; ']
train step[370/1500] ; used: 5m:10s; eta: 15m:45s; loss = 0.353800; ['mse_0=0.000723; ', 'lpips_0=0.002994; ', 'codec_recon_0=0.016257; ', 'bpp_0=1.258558; ', 'mse_1=0.000488; ', 'lpips_1=0.002341; ', 'codec_recon_1=0.268532; ', 'bpp_1=0.293648; ', 'mse_2=0.000460; ', 'lpips_2=0.002257; ', 'codec_recon_2=0.069009; ', 'bpp_2=0.270519; ']
train step[371/1500] ; used: 5m:10s; eta: 15m:43s; loss = 0.430540; ['mse_0=0.002610; ', 'lpips_0=0.005769; ', 'codec_recon_0=0.028504; ', 'bpp_0=1.270688; ', 'mse_1=0.002442; ', 'lpips_1=0.005012; ', 'codec_recon_1=0.301932; ', 'bpp_1=0.291387; ', 'mse_2=0.002414; ', 'lpips_2=0.004874; ', 'codec_recon_2=0.100103; ', 'bpp_2=0.269643; ']
train step[372/1500] ; used: 5m:11s; eta: 15m:42s; loss = 0.348084; ['mse_0=0.000950; ', 'lpips_0=0.002748; ', 'codec_recon_0=0.018274; ', 'bpp_0=1.277549; ', 'mse_1=0.000803; ', 'lpips_1=0.002091; ', 'codec_recon_1=0.254407; ', 'bpp_1=0.292663; ', 'mse_2=0.000772; ', 'lpips_2=0.002001; ', 'codec_recon_2=0.075401; ', 'bpp_2=0.270352; ']
train step[373/1500] ; used: 5m:12s; eta: 15m:41s; loss = 0.364000; ['mse_0=0.000807; ', 'lpips_0=0.003579; ', 'codec_recon_0=0.023429; ', 'bpp_0=1.243206; ', 'mse_1=0.000649; ', 'lpips_1=0.002898; ', 'codec_recon_1=0.264965; ', 'bpp_1=0.290437; ', 'mse_2=0.000598; ', 'lpips_2=0.002752; ', 'codec_recon_2=0.075604; ', 'bpp_2=0.268516; ']
train step[374/1500] ; used: 5m:12s; eta: 15m:39s; loss = 0.465519; ['mse_0=0.002143; ', 'lpips_0=0.004598; ', 'codec_recon_0=0.019213; ', 'bpp_0=1.278856; ', 'mse_1=0.001260; ', 'lpips_1=0.003046; ', 'codec_recon_1=0.370804; ', 'bpp_1=0.293793; ', 'mse_2=0.001103; ', 'lpips_2=0.002764; ', 'codec_recon_2=0.075501; ', 'bpp_2=0.275399; ']
train step[375/1500] ; used: 5m:13s; eta: 15m:38s; loss = 0.416987; ['mse_0=0.000818; ', 'lpips_0=0.004220; ', 'codec_recon_0=0.019790; ', 'bpp_0=1.298124; ', 'mse_1=0.000616; ', 'lpips_1=0.002977; ', 'codec_recon_1=0.307442; ', 'bpp_1=0.295538; ', 'mse_2=0.000580; ', 'lpips_2=0.002770; ', 'codec_recon_2=0.089753; ', 'bpp_2=0.276619; ']
train step[376/1500] ; used: 5m:14s; eta: 15m:37s; loss = 0.355791; ['mse_0=0.000785; ', 'lpips_0=0.003341; ', 'codec_recon_0=0.025562; ', 'bpp_0=1.231646; ', 'mse_1=0.000709; ', 'lpips_1=0.002869; ', 'codec_recon_1=0.238870; ', 'bpp_1=0.289155; ', 'mse_2=0.000713; ', 'lpips_2=0.002804; ', 'codec_recon_2=0.091358; ', 'bpp_2=0.264143; ']
train step[377/1500] ; used: 5m:15s; eta: 15m:35s; loss = 0.442365; ['mse_0=0.001139; ', 'lpips_0=0.003881; ', 'codec_recon_0=0.023052; ', 'bpp_0=1.288252; ', 'mse_1=0.000897; ', 'lpips_1=0.002809; ', 'codec_recon_1=0.325334; ', 'bpp_1=0.294530; ', 'mse_2=0.000860; ', 'lpips_2=0.002622; ', 'codec_recon_2=0.093976; ', 'bpp_2=0.274957; ']
train step[378/1500] ; used: 5m:15s; eta: 15m:34s; loss = 0.387630; ['mse_0=0.001905; ', 'lpips_0=0.004626; ', 'codec_recon_0=0.019354; ', 'bpp_0=1.265681; ', 'mse_1=0.001850; ', 'lpips_1=0.004006; ', 'codec_recon_1=0.288228; ', 'bpp_1=0.292810; ', 'mse_2=0.001874; ', 'lpips_2=0.003886; ', 'codec_recon_2=0.080046; ', 'bpp_2=0.270529; ']
train step[379/1500] ; used: 5m:16s; eta: 15m:33s; loss = 0.484399; ['mse_0=0.001659; ', 'lpips_0=0.004880; ', 'codec_recon_0=0.018184; ', 'bpp_0=1.339832; ', 'mse_1=0.001124; ', 'lpips_1=0.003084; ', 'codec_recon_1=0.381835; ', 'bpp_1=0.302047; ', 'mse_2=0.001027; ', 'lpips_2=0.002853; ', 'codec_recon_2=0.084378; ', 'bpp_2=0.286627; ']
train step[380/1500] ; used: 5m:17s; eta: 15m:32s; loss = 0.386901; ['mse_0=0.000530; ', 'lpips_0=0.002866; ', 'codec_recon_0=0.017565; ', 'bpp_0=1.284796; ', 'mse_1=0.000304; ', 'lpips_1=0.001906; ', 'codec_recon_1=0.290272; ', 'bpp_1=0.293928; ', 'mse_2=0.000263; ', 'lpips_2=0.001766; ', 'codec_recon_2=0.079063; ', 'bpp_2=0.271295; ']
train step[381/1500] ; used: 5m:17s; eta: 15m:30s; loss = 0.404107; ['mse_0=0.000923; ', 'lpips_0=0.003494; ', 'codec_recon_0=0.017731; ', 'bpp_0=1.298737; ', 'mse_1=0.000556; ', 'lpips_1=0.002274; ', 'codec_recon_1=0.304135; ', 'bpp_1=0.298674; ', 'mse_2=0.000454; ', 'lpips_2=0.001994; ', 'codec_recon_2=0.082239; ', 'bpp_2=0.276817; ']
train step[382/1500] ; used: 5m:18s; eta: 15m:29s; loss = 0.422056; ['mse_0=0.001308; ', 'lpips_0=0.005255; ', 'codec_recon_0=0.020589; ', 'bpp_0=1.268865; ', 'mse_1=0.001114; ', 'lpips_1=0.004300; ', 'codec_recon_1=0.319761; ', 'bpp_1=0.294607; ', 'mse_2=0.001080; ', 'lpips_2=0.004146; ', 'codec_recon_2=0.081704; ', 'bpp_2=0.275291; ']
train step[383/1500] ; used: 5m:19s; eta: 15m:28s; loss = 0.394175; ['mse_0=0.001492; ', 'lpips_0=0.003426; ', 'codec_recon_0=0.017673; ', 'bpp_0=1.321129; ', 'mse_1=0.001109; ', 'lpips_1=0.002320; ', 'codec_recon_1=0.301323; ', 'bpp_1=0.297015; ', 'mse_2=0.001063; ', 'lpips_2=0.002154; ', 'codec_recon_2=0.075177; ', 'bpp_2=0.275997; ']
train step[384/1500] ; used: 5m:19s; eta: 15m:26s; loss = 0.422837; ['mse_0=0.001545; ', 'lpips_0=0.004382; ', 'codec_recon_0=0.021441; ', 'bpp_0=1.239328; ', 'mse_1=0.001174; ', 'lpips_1=0.003457; ', 'codec_recon_1=0.323839; ', 'bpp_1=0.291116; ', 'mse_2=0.001109; ', 'lpips_2=0.003301; ', 'codec_recon_2=0.077556; ', 'bpp_2=0.269275; ']
train step[385/1500] ; used: 5m:20s; eta: 15m:25s; loss = 0.354129; ['mse_0=0.001841; ', 'lpips_0=0.003415; ', 'codec_recon_0=0.019253; ', 'bpp_0=1.203474; ', 'mse_1=0.001656; ', 'lpips_1=0.002743; ', 'codec_recon_1=0.271907; ', 'bpp_1=0.289643; ', 'mse_2=0.001604; ', 'lpips_2=0.002606; ', 'codec_recon_2=0.062968; ', 'bpp_2=0.267472; ']
train step[386/1500] ; used: 5m:21s; eta: 15m:24s; loss = 0.397586; ['mse_0=0.000785; ', 'lpips_0=0.005027; ', 'codec_recon_0=0.019769; ', 'bpp_0=1.290480; ', 'mse_1=0.000630; ', 'lpips_1=0.004123; ', 'codec_recon_1=0.290038; ', 'bpp_1=0.295013; ', 'mse_2=0.000632; ', 'lpips_2=0.004040; ', 'codec_recon_2=0.087778; ', 'bpp_2=0.274211; ']
train step[387/1500] ; used: 5m:21s; eta: 15m:22s; loss = 0.499853; ['mse_0=0.001292; ', 'lpips_0=0.004508; ', 'codec_recon_0=0.017962; ', 'bpp_0=1.334195; ', 'mse_1=0.000711; ', 'lpips_1=0.002384; ', 'codec_recon_1=0.390300; ', 'bpp_1=0.299455; ', 'mse_2=0.000557; ', 'lpips_2=0.001997; ', 'codec_recon_2=0.091589; ', 'bpp_2=0.279922; ']
train step[388/1500] ; used: 5m:22s; eta: 15m:21s; loss = 0.420267; ['mse_0=0.000574; ', 'lpips_0=0.003603; ', 'codec_recon_0=0.018469; ', 'bpp_0=1.232748; ', 'mse_1=0.000328; ', 'lpips_1=0.002422; ', 'codec_recon_1=0.323975; ', 'bpp_1=0.291585; ', 'mse_2=0.000274; ', 'lpips_2=0.002214; ', 'codec_recon_2=0.077821; ', 'bpp_2=0.269586; ']
train step[389/1500] ; used: 5m:23s; eta: 15m:20s; loss = 0.364770; ['mse_0=0.001225; ', 'lpips_0=0.004021; ', 'codec_recon_0=0.016611; ', 'bpp_0=1.300453; ', 'mse_1=0.000859; ', 'lpips_1=0.003260; ', 'codec_recon_1=0.276558; ', 'bpp_1=0.297984; ', 'mse_2=0.000781; ', 'lpips_2=0.003137; ', 'codec_recon_2=0.071599; ', 'bpp_2=0.277133; ']
train step[390/1500] ; used: 5m:23s; eta: 15m:19s; loss = 0.408597; ['mse_0=0.001898; ', 'lpips_0=0.006322; ', 'codec_recon_0=0.020612; ', 'bpp_0=1.253878; ', 'mse_1=0.001551; ', 'lpips_1=0.005266; ', 'codec_recon_1=0.310577; ', 'bpp_1=0.292973; ', 'mse_2=0.001495; ', 'lpips_2=0.005049; ', 'codec_recon_2=0.077406; ', 'bpp_2=0.272480; ']
train step[391/1500] ; used: 5m:24s; eta: 15m:18s; loss = 0.361780; ['mse_0=0.001695; ', 'lpips_0=0.004520; ', 'codec_recon_0=0.020640; ', 'bpp_0=1.243996; ', 'mse_1=0.001406; ', 'lpips_1=0.003762; ', 'codec_recon_1=0.272533; ', 'bpp_1=0.295368; ', 'mse_2=0.001318; ', 'lpips_2=0.003569; ', 'codec_recon_2=0.068605; ', 'bpp_2=0.274900; ']
train step[392/1500] ; used: 5m:25s; eta: 15m:16s; loss = 0.488736; ['mse_0=0.001362; ', 'lpips_0=0.004827; ', 'codec_recon_0=0.020357; ', 'bpp_0=1.326615; ', 'mse_1=0.000538; ', 'lpips_1=0.002652; ', 'codec_recon_1=0.386869; ', 'bpp_1=0.295265; ', 'mse_2=0.000435; ', 'lpips_2=0.002396; ', 'codec_recon_2=0.081509; ', 'bpp_2=0.276492; ']
train step[393/1500] ; used: 5m:25s; eta: 15m:15s; loss = 0.494652; ['mse_0=0.002497; ', 'lpips_0=0.007501; ', 'codec_recon_0=0.019324; ', 'bpp_0=1.357504; ', 'mse_1=0.002109; ', 'lpips_1=0.006110; ', 'codec_recon_1=0.385766; ', 'bpp_1=0.301528; ', 'mse_2=0.001936; ', 'lpips_2=0.005503; ', 'codec_recon_2=0.089559; ', 'bpp_2=0.284788; ']
train step[394/1500] ; used: 5m:26s; eta: 15m:14s; loss = 0.437398; ['mse_0=0.004019; ', 'lpips_0=0.005211; ', 'codec_recon_0=0.022745; ', 'bpp_0=1.294751; ', 'mse_1=0.003828; ', 'lpips_1=0.004371; ', 'codec_recon_1=0.318166; ', 'bpp_1=0.297206; ', 'mse_2=0.003777; ', 'lpips_2=0.004229; ', 'codec_recon_2=0.096485; ', 'bpp_2=0.277976; ']
train step[395/1500] ; used: 5m:27s; eta: 15m:12s; loss = 0.376888; ['mse_0=0.002442; ', 'lpips_0=0.003717; ', 'codec_recon_0=0.018326; ', 'bpp_0=1.291134; ', 'mse_1=0.002406; ', 'lpips_1=0.003044; ', 'codec_recon_1=0.277172; ', 'bpp_1=0.296359; ', 'mse_2=0.002364; ', 'lpips_2=0.002954; ', 'codec_recon_2=0.081388; ', 'bpp_2=0.276193; ']
train step[396/1500] ; used: 5m:27s; eta: 15m:11s; loss = 0.386698; ['mse_0=0.001083; ', 'lpips_0=0.004003; ', 'codec_recon_0=0.019710; ', 'bpp_0=1.265054; ', 'mse_1=0.000924; ', 'lpips_1=0.003205; ', 'codec_recon_1=0.279842; ', 'bpp_1=0.294265; ', 'mse_2=0.000881; ', 'lpips_2=0.002938; ', 'codec_recon_2=0.087145; ', 'bpp_2=0.274094; ']
train step[397/1500] ; used: 5m:28s; eta: 15m:10s; loss = 0.377910; ['mse_0=0.000725; ', 'lpips_0=0.003237; ', 'codec_recon_0=0.018561; ', 'bpp_0=1.241895; ', 'mse_1=0.000445; ', 'lpips_1=0.002240; ', 'codec_recon_1=0.285755; ', 'bpp_1=0.292342; ', 'mse_2=0.000388; ', 'lpips_2=0.002105; ', 'codec_recon_2=0.073592; ', 'bpp_2=0.270792; ']
train step[398/1500] ; used: 5m:29s; eta: 15m:9s; loss = 0.370760; ['mse_0=0.000509; ', 'lpips_0=0.004045; ', 'codec_recon_0=0.018357; ', 'bpp_0=1.213925; ', 'mse_1=0.000361; ', 'lpips_1=0.003094; ', 'codec_recon_1=0.276068; ', 'bpp_1=0.289227; ', 'mse_2=0.000331; ', 'lpips_2=0.002951; ', 'codec_recon_2=0.076334; ', 'bpp_2=0.268761; ']
train step[399/1500] ; used: 5m:29s; eta: 15m:8s; loss = 0.372803; ['mse_0=0.002529; ', 'lpips_0=0.004273; ', 'codec_recon_0=0.017548; ', 'bpp_0=1.278592; ', 'mse_1=0.002275; ', 'lpips_1=0.003437; ', 'codec_recon_1=0.285787; ', 'bpp_1=0.296509; ', 'mse_2=0.002266; ', 'lpips_2=0.003268; ', 'codec_recon_2=0.069466; ', 'bpp_2=0.276763; ']
train step[400/1500] ; used: 5m:32s; eta: 15m:13s; loss = 0.335972; ['mse_0=0.000483; ', 'lpips_0=0.004351; ', 'codec_recon_0=0.020590; ', 'bpp_0=1.192088; ', 'mse_1=0.000425; ', 'lpips_1=0.003756; ', 'codec_recon_1=0.243984; ', 'bpp_1=0.284549; ', 'mse_2=0.000399; ', 'lpips_2=0.003612; ', 'codec_recon_2=0.071396; ', 'bpp_2=0.264882; ']
train step[401/1500] ; used: 5m:33s; eta: 15m:11s; loss = 0.345337; ['mse_0=0.001024; ', 'lpips_0=0.003856; ', 'codec_recon_0=0.017711; ', 'bpp_0=1.237007; ', 'mse_1=0.000897; ', 'lpips_1=0.003074; ', 'codec_recon_1=0.253921; ', 'bpp_1=0.290282; ', 'mse_2=0.000876; ', 'lpips_2=0.002946; ', 'codec_recon_2=0.073703; ', 'bpp_2=0.269069; ']
train step[402/1500] ; used: 5m:34s; eta: 15m:10s; loss = 0.448262; ['mse_0=0.001047; ', 'lpips_0=0.005327; ', 'codec_recon_0=0.021127; ', 'bpp_0=1.247121; ', 'mse_1=0.000803; ', 'lpips_1=0.004192; ', 'codec_recon_1=0.336330; ', 'bpp_1=0.289702; ', 'mse_2=0.000750; ', 'lpips_2=0.003959; ', 'codec_recon_2=0.090803; ', 'bpp_2=0.269551; ']
train step[403/1500] ; used: 5m:34s; eta: 15m:9s; loss = 0.397588; ['mse_0=0.001311; ', 'lpips_0=0.003606; ', 'codec_recon_0=0.027055; ', 'bpp_0=1.269582; ', 'mse_1=0.001137; ', 'lpips_1=0.002865; ', 'codec_recon_1=0.284589; ', 'bpp_1=0.293713; ', 'mse_2=0.001113; ', 'lpips_2=0.002677; ', 'codec_recon_2=0.085942; ', 'bpp_2=0.270796; ']
train step[404/1500] ; used: 5m:35s; eta: 15m:8s; loss = 0.377357; ['mse_0=0.001077; ', 'lpips_0=0.004942; ', 'codec_recon_0=0.018958; ', 'bpp_0=1.275195; ', 'mse_1=0.000830; ', 'lpips_1=0.004104; ', 'codec_recon_1=0.282222; ', 'bpp_1=0.293542; ', 'mse_2=0.000768; ', 'lpips_2=0.003815; ', 'codec_recon_2=0.076176; ', 'bpp_2=0.272607; ']
train step[405/1500] ; used: 5m:36s; eta: 15m:6s; loss = 0.367833; ['mse_0=0.001673; ', 'lpips_0=0.005319; ', 'codec_recon_0=0.025404; ', 'bpp_0=1.291018; ', 'mse_1=0.001428; ', 'lpips_1=0.004624; ', 'codec_recon_1=0.257554; ', 'bpp_1=0.290052; ', 'mse_2=0.001378; ', 'lpips_2=0.004422; ', 'codec_recon_2=0.084873; ', 'bpp_2=0.271357; ']
train step[406/1500] ; used: 5m:36s; eta: 15m:5s; loss = 0.421239; ['mse_0=0.001307; ', 'lpips_0=0.004266; ', 'codec_recon_0=0.017258; ', 'bpp_0=1.285891; ', 'mse_1=0.000829; ', 'lpips_1=0.003145; ', 'codec_recon_1=0.326269; ', 'bpp_1=0.296368; ', 'mse_2=0.000719; ', 'lpips_2=0.002830; ', 'codec_recon_2=0.077710; ', 'bpp_2=0.276107; ']
train step[407/1500] ; used: 5m:37s; eta: 15m:4s; loss = 0.367211; ['mse_0=0.001732; ', 'lpips_0=0.005162; ', 'codec_recon_0=0.023919; ', 'bpp_0=1.239759; ', 'mse_1=0.001527; ', 'lpips_1=0.004463; ', 'codec_recon_1=0.267729; ', 'bpp_1=0.287814; ', 'mse_2=0.001520; ', 'lpips_2=0.004380; ', 'codec_recon_2=0.075562; ', 'bpp_2=0.265922; ']
train step[408/1500] ; used: 5m:38s; eta: 15m:3s; loss = 0.396465; ['mse_0=0.001371; ', 'lpips_0=0.004294; ', 'codec_recon_0=0.021918; ', 'bpp_0=1.248749; ', 'mse_1=0.001153; ', 'lpips_1=0.003494; ', 'codec_recon_1=0.297652; ', 'bpp_1=0.292286; ', 'mse_2=0.001109; ', 'lpips_2=0.003332; ', 'codec_recon_2=0.076893; ', 'bpp_2=0.271200; ']
train step[409/1500] ; used: 5m:38s; eta: 15m:1s; loss = 0.392964; ['mse_0=0.001453; ', 'lpips_0=0.003813; ', 'codec_recon_0=0.026386; ', 'bpp_0=1.242572; ', 'mse_1=0.001320; ', 'lpips_1=0.003088; ', 'codec_recon_1=0.282376; ', 'bpp_1=0.291536; ', 'mse_2=0.001323; ', 'lpips_2=0.003012; ', 'codec_recon_2=0.084200; ', 'bpp_2=0.270666; ']
train step[410/1500] ; used: 5m:39s; eta: 15m; loss = 0.432757; ['mse_0=0.002673; ', 'lpips_0=0.006052; ', 'codec_recon_0=0.019939; ', 'bpp_0=1.312713; ', 'mse_1=0.002413; ', 'lpips_1=0.005147; ', 'codec_recon_1=0.326714; ', 'bpp_1=0.295952; ', 'mse_2=0.002360; ', 'lpips_2=0.004985; ', 'codec_recon_2=0.086102; ', 'bpp_2=0.275838; ']
Skipped bad example 3a596a6b42ce7b8f. Context shape was torch.Size([2, 3, 338, 640]) and target shape was torch.Size([4, 3, 338, 640]).
train step[411/1500] ; used: 5m:40s; eta: 14m:59s; loss = 0.391908; ['mse_0=0.001535; ', 'lpips_0=0.003868; ', 'codec_recon_0=0.018981; ', 'bpp_0=1.287766; ', 'mse_1=0.001400; ', 'lpips_1=0.003232; ', 'codec_recon_1=0.292860; ', 'bpp_1=0.295622; ', 'mse_2=0.001397; ', 'lpips_2=0.003165; ', 'codec_recon_2=0.080066; ', 'bpp_2=0.275849; ']
train step[412/1500] ; used: 5m:41s; eta: 14m:58s; loss = 0.397032; ['mse_0=0.001838; ', 'lpips_0=0.005394; ', 'codec_recon_0=0.031990; ', 'bpp_0=1.225784; ', 'mse_1=0.001676; ', 'lpips_1=0.004826; ', 'codec_recon_1=0.274981; ', 'bpp_1=0.291784; ', 'mse_2=0.001659; ', 'lpips_2=0.004711; ', 'codec_recon_2=0.090059; ', 'bpp_2=0.273229; ']
train step[413/1500] ; used: 5m:41s; eta: 14m:57s; loss = 0.385514; ['mse_0=0.001461; ', 'lpips_0=0.004973; ', 'codec_recon_0=0.023352; ', 'bpp_0=1.232124; ', 'mse_1=0.001326; ', 'lpips_1=0.004184; ', 'codec_recon_1=0.276725; ', 'bpp_1=0.292338; ', 'mse_2=0.001301; ', 'lpips_2=0.004000; ', 'codec_recon_2=0.085435; ', 'bpp_2=0.272323; ']
train step[414/1500] ; used: 5m:42s; eta: 14m:56s; loss = 0.352684; ['mse_0=0.002504; ', 'lpips_0=0.004208; ', 'codec_recon_0=0.018953; ', 'bpp_0=1.233186; ', 'mse_1=0.002516; ', 'lpips_1=0.003655; ', 'codec_recon_1=0.259820; ', 'bpp_1=0.291351; ', 'mse_2=0.002508; ', 'lpips_2=0.003611; ', 'codec_recon_2=0.073910; ', 'bpp_2=0.269885; ']
train step[415/1500] ; used: 5m:43s; eta: 14m:54s; loss = 0.419666; ['mse_0=0.001868; ', 'lpips_0=0.005011; ', 'codec_recon_0=0.026357; ', 'bpp_0=1.290400; ', 'mse_1=0.001592; ', 'lpips_1=0.004357; ', 'codec_recon_1=0.309397; ', 'bpp_1=0.296190; ', 'mse_2=0.001549; ', 'lpips_2=0.004234; ', 'codec_recon_2=0.083910; ', 'bpp_2=0.277961; ']
train step[416/1500] ; used: 5m:43s; eta: 14m:53s; loss = 0.458366; ['mse_0=0.001831; ', 'lpips_0=0.004974; ', 'codec_recon_0=0.019965; ', 'bpp_0=1.339741; ', 'mse_1=0.001420; ', 'lpips_1=0.003466; ', 'codec_recon_1=0.358814; ', 'bpp_1=0.298925; ', 'mse_2=0.001344; ', 'lpips_2=0.003133; ', 'codec_recon_2=0.079584; ', 'bpp_2=0.279203; ']
train step[417/1500] ; used: 5m:44s; eta: 14m:52s; loss = 0.379259; ['mse_0=0.001112; ', 'lpips_0=0.004369; ', 'codec_recon_0=0.017722; ', 'bpp_0=1.255023; ', 'mse_1=0.000761; ', 'lpips_1=0.003257; ', 'codec_recon_1=0.287941; ', 'bpp_1=0.295240; ', 'mse_2=0.000733; ', 'lpips_2=0.003118; ', 'codec_recon_2=0.073594; ', 'bpp_2=0.272908; ']
train step[418/1500] ; used: 5m:45s; eta: 14m:51s; loss = 0.437187; ['mse_0=0.003261; ', 'lpips_0=0.007543; ', 'codec_recon_0=0.021036; ', 'bpp_0=1.293471; ', 'mse_1=0.002962; ', 'lpips_1=0.006729; ', 'codec_recon_1=0.341544; ', 'bpp_1=0.293589; ', 'mse_2=0.002944; ', 'lpips_2=0.006618; ', 'codec_recon_2=0.074606; ', 'bpp_2=0.276727; ']
train step[419/1500] ; used: 5m:45s; eta: 14m:49s; loss = 0.376695; ['mse_0=0.002297; ', 'lpips_0=0.005011; ', 'codec_recon_0=0.021300; ', 'bpp_0=1.224523; ', 'mse_1=0.001970; ', 'lpips_1=0.004196; ', 'codec_recon_1=0.283722; ', 'bpp_1=0.292433; ', 'mse_2=0.001923; ', 'lpips_2=0.003998; ', 'codec_recon_2=0.071672; ', 'bpp_2=0.271050; ']
train step[420/1500] ; used: 5m:46s; eta: 14m:48s; loss = 0.440928; ['mse_0=0.001479; ', 'lpips_0=0.004673; ', 'codec_recon_0=0.019667; ', 'bpp_0=1.310235; ', 'mse_1=0.001234; ', 'lpips_1=0.003281; ', 'codec_recon_1=0.335941; ', 'bpp_1=0.296041; ', 'mse_2=0.001182; ', 'lpips_2=0.002909; ', 'codec_recon_2=0.085318; ', 'bpp_2=0.276851; ']
train step[421/1500] ; used: 5m:47s; eta: 14m:47s; loss = 0.451034; ['mse_0=0.000890; ', 'lpips_0=0.003284; ', 'codec_recon_0=0.020376; ', 'bpp_0=1.299031; ', 'mse_1=0.000400; ', 'lpips_1=0.001744; ', 'codec_recon_1=0.351077; ', 'bpp_1=0.295702; ', 'mse_2=0.000332; ', 'lpips_2=0.001564; ', 'codec_recon_2=0.079580; ', 'bpp_2=0.274942; ']
train step[422/1500] ; used: 5m:47s; eta: 14m:46s; loss = 0.389521; ['mse_0=0.002149; ', 'lpips_0=0.006724; ', 'codec_recon_0=0.025572; ', 'bpp_0=1.212203; ', 'mse_1=0.002130; ', 'lpips_1=0.006176; ', 'codec_recon_1=0.287767; ', 'bpp_1=0.289519; ', 'mse_2=0.002140; ', 'lpips_2=0.006127; ', 'codec_recon_2=0.076181; ', 'bpp_2=0.271423; ']
train step[423/1500] ; used: 5m:48s; eta: 14m:45s; loss = 0.382975; ['mse_0=0.000628; ', 'lpips_0=0.003737; ', 'codec_recon_0=0.018348; ', 'bpp_0=1.221577; ', 'mse_1=0.000396; ', 'lpips_1=0.002946; ', 'codec_recon_1=0.289387; ', 'bpp_1=0.290616; ', 'mse_2=0.000366; ', 'lpips_2=0.002830; ', 'codec_recon_2=0.075238; ', 'bpp_2=0.267661; ']
train step[424/1500] ; used: 5m:49s; eta: 14m:43s; loss = 0.394577; ['mse_0=0.000805; ', 'lpips_0=0.003699; ', 'codec_recon_0=0.019423; ', 'bpp_0=1.248174; ', 'mse_1=0.000598; ', 'lpips_1=0.002905; ', 'codec_recon_1=0.299642; ', 'bpp_1=0.294894; ', 'mse_2=0.000543; ', 'lpips_2=0.002801; ', 'codec_recon_2=0.075510; ', 'bpp_2=0.273234; ']
train step[425/1500] ; used: 5m:49s; eta: 14m:42s; loss = 0.389714; ['mse_0=0.000578; ', 'lpips_0=0.003809; ', 'codec_recon_0=0.018941; ', 'bpp_0=1.250971; ', 'mse_1=0.000363; ', 'lpips_1=0.002965; ', 'codec_recon_1=0.292259; ', 'bpp_1=0.293909; ', 'mse_2=0.000329; ', 'lpips_2=0.002844; ', 'codec_recon_2=0.078512; ', 'bpp_2=0.271394; ']
train step[426/1500] ; used: 5m:50s; eta: 14m:41s; loss = 0.409194; ['mse_0=0.002532; ', 'lpips_0=0.005130; ', 'codec_recon_0=0.019388; ', 'bpp_0=1.303723; ', 'mse_1=0.002188; ', 'lpips_1=0.004305; ', 'codec_recon_1=0.313880; ', 'bpp_1=0.297694; ', 'mse_2=0.002112; ', 'lpips_2=0.004120; ', 'codec_recon_2=0.075924; ', 'bpp_2=0.277750; ']
train step[427/1500] ; used: 5m:51s; eta: 14m:40s; loss = 0.331743; ['mse_0=0.000601; ', 'lpips_0=0.003218; ', 'codec_recon_0=0.020271; ', 'bpp_0=1.192031; ', 'mse_1=0.000475; ', 'lpips_1=0.002437; ', 'codec_recon_1=0.245422; ', 'bpp_1=0.290438; ', 'mse_2=0.000457; ', 'lpips_2=0.002264; ', 'codec_recon_2=0.066048; ', 'bpp_2=0.267176; ']
train step[428/1500] ; used: 5m:51s; eta: 14m:39s; loss = 0.379243; ['mse_0=0.004072; ', 'lpips_0=0.004739; ', 'codec_recon_0=0.019255; ', 'bpp_0=1.285030; ', 'mse_1=0.003726; ', 'lpips_1=0.003740; ', 'codec_recon_1=0.289047; ', 'bpp_1=0.297156; ', 'mse_2=0.003753; ', 'lpips_2=0.003569; ', 'codec_recon_2=0.070939; ', 'bpp_2=0.276992; ']
train step[429/1500] ; used: 5m:52s; eta: 14m:37s; loss = 0.348343; ['mse_0=0.002327; ', 'lpips_0=0.005786; ', 'codec_recon_0=0.020350; ', 'bpp_0=1.251544; ', 'mse_1=0.002315; ', 'lpips_1=0.005206; ', 'codec_recon_1=0.254964; ', 'bpp_1=0.293070; ', 'mse_2=0.002275; ', 'lpips_2=0.005037; ', 'codec_recon_2=0.073027; ', 'bpp_2=0.271323; ']
train step[430/1500] ; used: 5m:53s; eta: 14m:36s; loss = 0.386553; ['mse_0=0.001544; ', 'lpips_0=0.004025; ', 'codec_recon_0=0.018632; ', 'bpp_0=1.271856; ', 'mse_1=0.001380; ', 'lpips_1=0.003233; ', 'codec_recon_1=0.290068; ', 'bpp_1=0.295958; ', 'mse_2=0.001326; ', 'lpips_2=0.003081; ', 'codec_recon_2=0.077851; ', 'bpp_2=0.275461; ']
train step[431/1500] ; used: 5m:53s; eta: 14m:35s; loss = 0.375506; ['mse_0=0.001278; ', 'lpips_0=0.003312; ', 'codec_recon_0=0.018426; ', 'bpp_0=1.252782; ', 'mse_1=0.001075; ', 'lpips_1=0.002416; ', 'codec_recon_1=0.288535; ', 'bpp_1=0.293565; ', 'mse_2=0.001060; ', 'lpips_2=0.002281; ', 'codec_recon_2=0.068543; ', 'bpp_2=0.273319; ']
train step[432/1500] ; used: 5m:54s; eta: 14m:34s; loss = 0.461450; ['mse_0=0.001182; ', 'lpips_0=0.004511; ', 'codec_recon_0=0.018497; ', 'bpp_0=1.285739; ', 'mse_1=0.000737; ', 'lpips_1=0.002910; ', 'codec_recon_1=0.357234; ', 'bpp_1=0.296181; ', 'mse_2=0.000620; ', 'lpips_2=0.002674; ', 'codec_recon_2=0.085717; ', 'bpp_2=0.276991; ']
train step[433/1500] ; used: 5m:55s; eta: 14m:33s; loss = 0.359923; ['mse_0=0.001513; ', 'lpips_0=0.004362; ', 'codec_recon_0=0.018003; ', 'bpp_0=1.260272; ', 'mse_1=0.001197; ', 'lpips_1=0.003514; ', 'codec_recon_1=0.273377; ', 'bpp_1=0.293595; ', 'mse_2=0.001119; ', 'lpips_2=0.003357; ', 'codec_recon_2=0.068542; ', 'bpp_2=0.273757; ']
train step[434/1500] ; used: 5m:55s; eta: 14m:32s; loss = 0.399364; ['mse_0=0.001482; ', 'lpips_0=0.004000; ', 'codec_recon_0=0.029080; ', 'bpp_0=1.266782; ', 'mse_1=0.001106; ', 'lpips_1=0.003023; ', 'codec_recon_1=0.292327; ', 'bpp_1=0.296167; ', 'mse_2=0.001056; ', 'lpips_2=0.002885; ', 'codec_recon_2=0.077956; ', 'bpp_2=0.273980; ']
train step[435/1500] ; used: 5m:56s; eta: 14m:30s; loss = 0.362238; ['mse_0=0.000826; ', 'lpips_0=0.004547; ', 'codec_recon_0=0.020291; ', 'bpp_0=1.216104; ', 'mse_1=0.000611; ', 'lpips_1=0.003736; ', 'codec_recon_1=0.268366; ', 'bpp_1=0.289911; ', 'mse_2=0.000573; ', 'lpips_2=0.003631; ', 'codec_recon_2=0.073580; ', 'bpp_2=0.269239; ']
train step[436/1500] ; used: 5m:57s; eta: 14m:29s; loss = 0.428916; ['mse_0=0.000933; ', 'lpips_0=0.004815; ', 'codec_recon_0=0.017909; ', 'bpp_0=1.305595; ', 'mse_1=0.000588; ', 'lpips_1=0.003286; ', 'codec_recon_1=0.330189; ', 'bpp_1=0.299071; ', 'mse_2=0.000542; ', 'lpips_2=0.003072; ', 'codec_recon_2=0.080816; ', 'bpp_2=0.278864; ']
train step[437/1500] ; used: 5m:57s; eta: 14m:28s; loss = 0.354863; ['mse_0=0.001000; ', 'lpips_0=0.003950; ', 'codec_recon_0=0.019390; ', 'bpp_0=1.230738; ', 'mse_1=0.000837; ', 'lpips_1=0.003348; ', 'codec_recon_1=0.261643; ', 'bpp_1=0.291347; ', 'mse_2=0.000825; ', 'lpips_2=0.003262; ', 'codec_recon_2=0.073828; ', 'bpp_2=0.270337; ']
train step[438/1500] ; used: 5m:58s; eta: 14m:27s; loss = 0.446719; ['mse_0=0.002476; ', 'lpips_0=0.005217; ', 'codec_recon_0=0.019253; ', 'bpp_0=1.291483; ', 'mse_1=0.001956; ', 'lpips_1=0.003842; ', 'codec_recon_1=0.354355; ', 'bpp_1=0.297041; ', 'mse_2=0.001882; ', 'lpips_2=0.003619; ', 'codec_recon_2=0.073109; ', 'bpp_2=0.279675; ']
train step[439/1500] ; used: 5m:59s; eta: 14m:26s; loss = 0.405806; ['mse_0=0.000521; ', 'lpips_0=0.002886; ', 'codec_recon_0=0.021166; ', 'bpp_0=1.270649; ', 'mse_1=0.000399; ', 'lpips_1=0.002163; ', 'codec_recon_1=0.298367; ', 'bpp_1=0.291909; ', 'mse_2=0.000381; ', 'lpips_2=0.002079; ', 'codec_recon_2=0.086272; ', 'bpp_2=0.270522; ']
train step[440/1500] ; used: 5m:59s; eta: 14m:25s; loss = 0.337852; ['mse_0=0.000620; ', 'lpips_0=0.003424; ', 'codec_recon_0=0.020558; ', 'bpp_0=1.227065; ', 'mse_1=0.000459; ', 'lpips_1=0.002799; ', 'codec_recon_1=0.251162; ', 'bpp_1=0.292025; ', 'mse_2=0.000417; ', 'lpips_2=0.002663; ', 'codec_recon_2=0.066131; ', 'bpp_2=0.269999; ']
train step[441/1500] ; used: 6m; eta: 14m:23s; loss = 0.442339; ['mse_0=0.002753; ', 'lpips_0=0.005910; ', 'codec_recon_0=0.018182; ', 'bpp_0=1.263518; ', 'mse_1=0.001924; ', 'lpips_1=0.004504; ', 'codec_recon_1=0.357005; ', 'bpp_1=0.295446; ', 'mse_2=0.001824; ', 'lpips_2=0.004327; ', 'codec_recon_2=0.067151; ', 'bpp_2=0.277988; ']
train step[442/1500] ; used: 6m:1s; eta: 14m:22s; loss = 0.410558; ['mse_0=0.000799; ', 'lpips_0=0.003123; ', 'codec_recon_0=0.021276; ', 'bpp_0=1.297559; ', 'mse_1=0.000466; ', 'lpips_1=0.001898; ', 'codec_recon_1=0.307531; ', 'bpp_1=0.296296; ', 'mse_2=0.000393; ', 'lpips_2=0.001644; ', 'codec_recon_2=0.081749; ', 'bpp_2=0.275550; ']
train step[443/1500] ; used: 6m:2s; eta: 14m:21s; loss = 0.357191; ['mse_0=0.000847; ', 'lpips_0=0.004210; ', 'codec_recon_0=0.023110; ', 'bpp_0=1.251270; ', 'mse_1=0.000677; ', 'lpips_1=0.003346; ', 'codec_recon_1=0.257266; ', 'bpp_1=0.293520; ', 'mse_2=0.000654; ', 'lpips_2=0.003203; ', 'codec_recon_2=0.076813; ', 'bpp_2=0.271957; ']
train step[444/1500] ; used: 6m:2s; eta: 14m:20s; loss = 0.383976; ['mse_0=0.000808; ', 'lpips_0=0.003315; ', 'codec_recon_0=0.019651; ', 'bpp_0=1.272966; ', 'mse_1=0.000643; ', 'lpips_1=0.002414; ', 'codec_recon_1=0.289027; ', 'bpp_1=0.295586; ', 'mse_2=0.000602; ', 'lpips_2=0.002236; ', 'codec_recon_2=0.075297; ', 'bpp_2=0.274091; ']
train step[445/1500] ; used: 6m:3s; eta: 14m:19s; loss = 0.374675; ['mse_0=0.002955; ', 'lpips_0=0.004830; ', 'codec_recon_0=0.019938; ', 'bpp_0=1.241483; ', 'mse_1=0.002179; ', 'lpips_1=0.003593; ', 'codec_recon_1=0.287374; ', 'bpp_1=0.293356; ', 'mse_2=0.002146; ', 'lpips_2=0.003439; ', 'codec_recon_2=0.067361; ', 'bpp_2=0.270295; ']
train step[446/1500] ; used: 6m:4s; eta: 14m:18s; loss = 0.419458; ['mse_0=0.001115; ', 'lpips_0=0.003382; ', 'codec_recon_0=0.018493; ', 'bpp_0=1.293693; ', 'mse_1=0.000788; ', 'lpips_1=0.002226; ', 'codec_recon_1=0.318815; ', 'bpp_1=0.297073; ', 'mse_2=0.000731; ', 'lpips_2=0.002061; ', 'codec_recon_2=0.082148; ', 'bpp_2=0.277397; ']
train step[447/1500] ; used: 6m:4s; eta: 14m:17s; loss = 0.406124; ['mse_0=0.000319; ', 'lpips_0=0.003474; ', 'codec_recon_0=0.018824; ', 'bpp_0=1.232767; ', 'mse_1=0.000186; ', 'lpips_1=0.002483; ', 'codec_recon_1=0.305126; ', 'bpp_1=0.288432; ', 'mse_2=0.000166; ', 'lpips_2=0.002336; ', 'codec_recon_2=0.082173; ', 'bpp_2=0.266409; ']
train step[448/1500] ; used: 6m:5s; eta: 14m:16s; loss = 0.392132; ['mse_0=0.001076; ', 'lpips_0=0.004108; ', 'codec_recon_0=0.032473; ', 'bpp_0=1.244052; ', 'mse_1=0.001056; ', 'lpips_1=0.003526; ', 'codec_recon_1=0.266223; ', 'bpp_1=0.293595; ', 'mse_2=0.001026; ', 'lpips_2=0.003367; ', 'codec_recon_2=0.093434; ', 'bpp_2=0.272342; ']
train step[449/1500] ; used: 6m:6s; eta: 14m:15s; loss = 0.391365; ['mse_0=0.000783; ', 'lpips_0=0.004551; ', 'codec_recon_0=0.018466; ', 'bpp_0=1.262935; ', 'mse_1=0.000557; ', 'lpips_1=0.003459; ', 'codec_recon_1=0.289064; ', 'bpp_1=0.293767; ', 'mse_2=0.000491; ', 'lpips_2=0.003316; ', 'codec_recon_2=0.083832; ', 'bpp_2=0.272291; ']
train step[450/1500] ; used: 6m:6s; eta: 14m:14s; loss = 0.372863; ['mse_0=0.001882; ', 'lpips_0=0.003540; ', 'codec_recon_0=0.020217; ', 'bpp_0=1.244372; ', 'mse_1=0.001334; ', 'lpips_1=0.002549; ', 'codec_recon_1=0.284661; ', 'bpp_1=0.292676; ', 'mse_2=0.001257; ', 'lpips_2=0.002413; ', 'codec_recon_2=0.067984; ', 'bpp_2=0.269489; ']
train step[451/1500] ; used: 6m:7s; eta: 14m:13s; loss = 0.396773; ['mse_0=0.001088; ', 'lpips_0=0.004046; ', 'codec_recon_0=0.020657; ', 'bpp_0=1.286427; ', 'mse_1=0.000983; ', 'lpips_1=0.002904; ', 'codec_recon_1=0.293752; ', 'bpp_1=0.298186; ', 'mse_2=0.000890; ', 'lpips_2=0.002700; ', 'codec_recon_2=0.082362; ', 'bpp_2=0.277160; ']
train step[452/1500] ; used: 6m:8s; eta: 14m:12s; loss = 0.357903; ['mse_0=0.000824; ', 'lpips_0=0.003682; ', 'codec_recon_0=0.024032; ', 'bpp_0=1.234233; ', 'mse_1=0.000683; ', 'lpips_1=0.003061; ', 'codec_recon_1=0.256048; ', 'bpp_1=0.288383; ', 'mse_2=0.000656; ', 'lpips_2=0.002912; ', 'codec_recon_2=0.077821; ', 'bpp_2=0.267476; ']
train step[453/1500] ; used: 6m:9s; eta: 14m:11s; loss = 0.350801; ['mse_0=0.002384; ', 'lpips_0=0.005379; ', 'codec_recon_0=0.018939; ', 'bpp_0=1.277723; ', 'mse_1=0.002221; ', 'lpips_1=0.004674; ', 'codec_recon_1=0.250178; ', 'bpp_1=0.293996; ', 'mse_2=0.002204; ', 'lpips_2=0.004494; ', 'codec_recon_2=0.081683; ', 'bpp_2=0.273138; ']
train step[454/1500] ; used: 6m:9s; eta: 14m:10s; loss = 0.360132; ['mse_0=0.000400; ', 'lpips_0=0.002974; ', 'codec_recon_0=0.017860; ', 'bpp_0=1.273483; ', 'mse_1=0.000260; ', 'lpips_1=0.002244; ', 'codec_recon_1=0.269187; ', 'bpp_1=0.291398; ', 'mse_2=0.000234; ', 'lpips_2=0.002116; ', 'codec_recon_2=0.073083; ', 'bpp_2=0.267714; ']
train step[455/1500] ; used: 6m:10s; eta: 14m:9s; loss = 0.400127; ['mse_0=0.000670; ', 'lpips_0=0.003457; ', 'codec_recon_0=0.024159; ', 'bpp_0=1.268502; ', 'mse_1=0.000426; ', 'lpips_1=0.002605; ', 'codec_recon_1=0.293758; ', 'bpp_1=0.291900; ', 'mse_2=0.000389; ', 'lpips_2=0.002480; ', 'codec_recon_2=0.082209; ', 'bpp_2=0.270612; ']
train step[456/1500] ; used: 6m:11s; eta: 14m:8s; loss = 0.419981; ['mse_0=0.001303; ', 'lpips_0=0.004113; ', 'codec_recon_0=0.019450; ', 'bpp_0=1.306861; ', 'mse_1=0.000882; ', 'lpips_1=0.003015; ', 'codec_recon_1=0.323284; ', 'bpp_1=0.295107; ', 'mse_2=0.000833; ', 'lpips_2=0.002868; ', 'codec_recon_2=0.077245; ', 'bpp_2=0.275880; ']
train step[457/1500] ; used: 6m:12s; eta: 14m:7s; loss = 0.379563; ['mse_0=0.000559; ', 'lpips_0=0.003088; ', 'codec_recon_0=0.018567; ', 'bpp_0=1.270022; ', 'mse_1=0.000363; ', 'lpips_1=0.002169; ', 'codec_recon_1=0.286626; ', 'bpp_1=0.295425; ', 'mse_2=0.000335; ', 'lpips_2=0.002009; ', 'codec_recon_2=0.074368; ', 'bpp_2=0.272727; ']
train step[458/1500] ; used: 6m:13s; eta: 14m:6s; loss = 0.391244; ['mse_0=0.002310; ', 'lpips_0=0.004851; ', 'codec_recon_0=0.016819; ', 'bpp_0=1.295996; ', 'mse_1=0.001667; ', 'lpips_1=0.003517; ', 'codec_recon_1=0.308051; ', 'bpp_1=0.298773; ', 'mse_2=0.001583; ', 'lpips_2=0.003273; ', 'codec_recon_2=0.066372; ', 'bpp_2=0.280728; ']
train step[459/1500] ; used: 6m:13s; eta: 14m:5s; loss = 0.344909; ['mse_0=0.001087; ', 'lpips_0=0.003237; ', 'codec_recon_0=0.018805; ', 'bpp_0=1.265239; ', 'mse_1=0.000885; ', 'lpips_1=0.002572; ', 'codec_recon_1=0.255662; ', 'bpp_1=0.294256; ', 'mse_2=0.000850; ', 'lpips_2=0.002451; ', 'codec_recon_2=0.070440; ', 'bpp_2=0.272197; ']
train step[460/1500] ; used: 6m:14s; eta: 14m:4s; loss = 0.458582; ['mse_0=0.000971; ', 'lpips_0=0.004736; ', 'codec_recon_0=0.021858; ', 'bpp_0=1.291803; ', 'mse_1=0.000695; ', 'lpips_1=0.003297; ', 'codec_recon_1=0.346037; ', 'bpp_1=0.294621; ', 'mse_2=0.000614; ', 'lpips_2=0.003005; ', 'codec_recon_2=0.090685; ', 'bpp_2=0.276004; ']
train step[461/1500] ; used: 6m:15s; eta: 14m:3s; loss = 0.355262; ['mse_0=0.001018; ', 'lpips_0=0.003642; ', 'codec_recon_0=0.022125; ', 'bpp_0=1.263167; ', 'mse_1=0.000884; ', 'lpips_1=0.003088; ', 'codec_recon_1=0.255888; ', 'bpp_1=0.290773; ', 'mse_2=0.000863; ', 'lpips_2=0.002950; ', 'codec_recon_2=0.077247; ', 'bpp_2=0.270078; ']
train step[462/1500] ; used: 6m:15s; eta: 14m:2s; loss = 0.374098; ['mse_0=0.000399; ', 'lpips_0=0.002781; ', 'codec_recon_0=0.018790; ', 'bpp_0=1.245399; ', 'mse_1=0.000243; ', 'lpips_1=0.001990; ', 'codec_recon_1=0.279379; ', 'bpp_1=0.290084; ', 'mse_2=0.000202; ', 'lpips_2=0.001780; ', 'codec_recon_2=0.075927; ', 'bpp_2=0.266194; ']
train step[463/1500] ; used: 6m:16s; eta: 14m:1s; loss = 0.370769; ['mse_0=0.001987; ', 'lpips_0=0.007131; ', 'codec_recon_0=0.020853; ', 'bpp_0=1.230362; ', 'mse_1=0.001743; ', 'lpips_1=0.006316; ', 'codec_recon_1=0.270773; ', 'bpp_1=0.292718; ', 'mse_2=0.001756; ', 'lpips_2=0.006209; ', 'codec_recon_2=0.079141; ', 'bpp_2=0.273929; ']
train step[464/1500] ; used: 6m:17s; eta: 14m; loss = 0.389661; ['mse_0=0.001082; ', 'lpips_0=0.003794; ', 'codec_recon_0=0.020315; ', 'bpp_0=1.220544; ', 'mse_1=0.000936; ', 'lpips_1=0.003161; ', 'codec_recon_1=0.295304; ', 'bpp_1=0.289563; ', 'mse_2=0.000918; ', 'lpips_2=0.003060; ', 'codec_recon_2=0.074041; ', 'bpp_2=0.264855; ']
train step[465/1500] ; used: 6m:17s; eta: 13m:58s; loss = 0.352271; ['mse_0=0.000539; ', 'lpips_0=0.003188; ', 'codec_recon_0=0.018100; ', 'bpp_0=1.211826; ', 'mse_1=0.000321; ', 'lpips_1=0.002400; ', 'codec_recon_1=0.266801; ', 'bpp_1=0.289018; ', 'mse_2=0.000294; ', 'lpips_2=0.002283; ', 'codec_recon_2=0.067369; ', 'bpp_2=0.267412; ']
train step[466/1500] ; used: 6m:18s; eta: 13m:57s; loss = 0.391985; ['mse_0=0.002041; ', 'lpips_0=0.004182; ', 'codec_recon_0=0.017903; ', 'bpp_0=1.268245; ', 'mse_1=0.001534; ', 'lpips_1=0.003313; ', 'codec_recon_1=0.303918; ', 'bpp_1=0.296787; ', 'mse_2=0.001404; ', 'lpips_2=0.003113; ', 'codec_recon_2=0.070161; ', 'bpp_2=0.275277; ']
train step[467/1500] ; used: 6m:19s; eta: 13m:56s; loss = 0.388462; ['mse_0=0.002689; ', 'lpips_0=0.004940; ', 'codec_recon_0=0.020190; ', 'bpp_0=1.257014; ', 'mse_1=0.002507; ', 'lpips_1=0.004243; ', 'codec_recon_1=0.299312; ', 'bpp_1=0.294161; ', 'mse_2=0.002413; ', 'lpips_2=0.004097; ', 'codec_recon_2=0.068958; ', 'bpp_2=0.274197; ']
train step[468/1500] ; used: 6m:19s; eta: 13m:55s; loss = 0.505358; ['mse_0=0.002259; ', 'lpips_0=0.006313; ', 'codec_recon_0=0.019068; ', 'bpp_0=1.347729; ', 'mse_1=0.001525; ', 'lpips_1=0.004178; ', 'codec_recon_1=0.401997; ', 'bpp_1=0.301057; ', 'mse_2=0.001399; ', 'lpips_2=0.003827; ', 'codec_recon_2=0.084290; ', 'bpp_2=0.284528; ']
train step[469/1500] ; used: 6m:20s; eta: 13m:54s; loss = 0.441525; ['mse_0=0.000594; ', 'lpips_0=0.003531; ', 'codec_recon_0=0.020137; ', 'bpp_0=1.279708; ', 'mse_1=0.000361; ', 'lpips_1=0.002320; ', 'codec_recon_1=0.329731; ', 'bpp_1=0.296229; ', 'mse_2=0.000327; ', 'lpips_2=0.002169; ', 'codec_recon_2=0.091655; ', 'bpp_2=0.276936; ']
train step[470/1500] ; used: 6m:21s; eta: 13m:53s; loss = 0.437335; ['mse_0=0.003996; ', 'lpips_0=0.007196; ', 'codec_recon_0=0.020513; ', 'bpp_0=1.285918; ', 'mse_1=0.003543; ', 'lpips_1=0.006210; ', 'codec_recon_1=0.340850; ', 'bpp_1=0.296370; ', 'mse_2=0.003540; ', 'lpips_2=0.006106; ', 'codec_recon_2=0.075970; ', 'bpp_2=0.277240; ']
train step[471/1500] ; used: 6m:21s; eta: 13m:52s; loss = 0.370008; ['mse_0=0.000361; ', 'lpips_0=0.003360; ', 'codec_recon_0=0.019831; ', 'bpp_0=1.242274; ', 'mse_1=0.000261; ', 'lpips_1=0.002735; ', 'codec_recon_1=0.262428; ', 'bpp_1=0.292175; ', 'mse_2=0.000243; ', 'lpips_2=0.002602; ', 'codec_recon_2=0.087747; ', 'bpp_2=0.267618; ']
train step[472/1500] ; used: 6m:22s; eta: 13m:51s; loss = 0.333524; ['mse_0=0.000671; ', 'lpips_0=0.004051; ', 'codec_recon_0=0.020362; ', 'bpp_0=1.194753; ', 'mse_1=0.000431; ', 'lpips_1=0.003343; ', 'codec_recon_1=0.247756; ', 'bpp_1=0.285472; ', 'mse_2=0.000386; ', 'lpips_2=0.003202; ', 'codec_recon_2=0.065404; ', 'bpp_2=0.264037; ']
train step[473/1500] ; used: 6m:23s; eta: 13m:50s; loss = 0.370414; ['mse_0=0.001290; ', 'lpips_0=0.004413; ', 'codec_recon_0=0.018193; ', 'bpp_0=1.225770; ', 'mse_1=0.000961; ', 'lpips_1=0.003570; ', 'codec_recon_1=0.278383; ', 'bpp_1=0.294689; ', 'mse_2=0.000940; ', 'lpips_2=0.003458; ', 'codec_recon_2=0.073836; ', 'bpp_2=0.274265; ']
train step[474/1500] ; used: 6m:23s; eta: 13m:49s; loss = 0.355456; ['mse_0=0.002447; ', 'lpips_0=0.004974; ', 'codec_recon_0=0.020651; ', 'bpp_0=1.248117; ', 'mse_1=0.001979; ', 'lpips_1=0.004165; ', 'codec_recon_1=0.266451; ', 'bpp_1=0.292957; ', 'mse_2=0.001914; ', 'lpips_2=0.004015; ', 'codec_recon_2=0.068353; ', 'bpp_2=0.273089; ']
train step[475/1500] ; used: 6m:24s; eta: 13m:48s; loss = 0.362565; ['mse_0=0.001111; ', 'lpips_0=0.004253; ', 'codec_recon_0=0.019510; ', 'bpp_0=1.225472; ', 'mse_1=0.000889; ', 'lpips_1=0.003628; ', 'codec_recon_1=0.271948; ', 'bpp_1=0.292912; ', 'mse_2=0.000852; ', 'lpips_2=0.003531; ', 'codec_recon_2=0.071105; ', 'bpp_2=0.271795; ']
train step[476/1500] ; used: 6m:25s; eta: 13m:47s; loss = 0.487629; ['mse_0=0.001571; ', 'lpips_0=0.005110; ', 'codec_recon_0=0.018722; ', 'bpp_0=1.279613; ', 'mse_1=0.001065; ', 'lpips_1=0.003442; ', 'codec_recon_1=0.386327; ', 'bpp_1=0.294909; ', 'mse_2=0.001015; ', 'lpips_2=0.003205; ', 'codec_recon_2=0.082578; ', 'bpp_2=0.276906; ']
train step[477/1500] ; used: 6m:25s; eta: 13m:46s; loss = 0.424287; ['mse_0=0.002441; ', 'lpips_0=0.006222; ', 'codec_recon_0=0.020081; ', 'bpp_0=1.279384; ', 'mse_1=0.001858; ', 'lpips_1=0.004865; ', 'codec_recon_1=0.324527; ', 'bpp_1=0.298170; ', 'mse_2=0.001803; ', 'lpips_2=0.004674; ', 'codec_recon_2=0.079678; ', 'bpp_2=0.279818; ']
train step[478/1500] ; used: 6m:26s; eta: 13m:44s; loss = 0.366855; ['mse_0=0.001021; ', 'lpips_0=0.003731; ', 'codec_recon_0=0.021304; ', 'bpp_0=1.235620; ', 'mse_1=0.000811; ', 'lpips_1=0.003118; ', 'codec_recon_1=0.257836; ', 'bpp_1=0.294124; ', 'mse_2=0.000781; ', 'lpips_2=0.003008; ', 'codec_recon_2=0.087714; ', 'bpp_2=0.271833; ']
train step[479/1500] ; used: 6m:27s; eta: 13m:43s; loss = 0.429882; ['mse_0=0.004274; ', 'lpips_0=0.005926; ', 'codec_recon_0=0.021264; ', 'bpp_0=1.279586; ', 'mse_1=0.003894; ', 'lpips_1=0.004939; ', 'codec_recon_1=0.331324; ', 'bpp_1=0.291295; ', 'mse_2=0.003807; ', 'lpips_2=0.004763; ', 'codec_recon_2=0.077292; ', 'bpp_2=0.270679; ']
train step[480/1500] ; used: 6m:27s; eta: 13m:42s; loss = 0.458614; ['mse_0=0.001511; ', 'lpips_0=0.004178; ', 'codec_recon_0=0.019175; ', 'bpp_0=1.300550; ', 'mse_1=0.000887; ', 'lpips_1=0.002628; ', 'codec_recon_1=0.356662; ', 'bpp_1=0.296764; ', 'mse_2=0.000781; ', 'lpips_2=0.002418; ', 'codec_recon_2=0.082776; ', 'bpp_2=0.276629; ']
train step[481/1500] ; used: 6m:28s; eta: 13m:41s; loss = 0.376215; ['mse_0=0.000971; ', 'lpips_0=0.004348; ', 'codec_recon_0=0.020640; ', 'bpp_0=1.232268; ', 'mse_1=0.000806; ', 'lpips_1=0.003672; ', 'codec_recon_1=0.282927; ', 'bpp_1=0.294107; ', 'mse_2=0.000769; ', 'lpips_2=0.003496; ', 'codec_recon_2=0.072647; ', 'bpp_2=0.272016; ']
train step[482/1500] ; used: 6m:29s; eta: 13m:40s; loss = 0.356140; ['mse_0=0.000559; ', 'lpips_0=0.004106; ', 'codec_recon_0=0.024076; ', 'bpp_0=1.194796; ', 'mse_1=0.000476; ', 'lpips_1=0.003582; ', 'codec_recon_1=0.255131; ', 'bpp_1=0.288480; ', 'mse_2=0.000454; ', 'lpips_2=0.003465; ', 'codec_recon_2=0.076931; ', 'bpp_2=0.266162; ']
train step[483/1500] ; used: 6m:29s; eta: 13m:39s; loss = 0.375662; ['mse_0=0.002223; ', 'lpips_0=0.005296; ', 'codec_recon_0=0.018688; ', 'bpp_0=1.279985; ', 'mse_1=0.001835; ', 'lpips_1=0.004425; ', 'codec_recon_1=0.279253; ', 'bpp_1=0.296350; ', 'mse_2=0.001745; ', 'lpips_2=0.004163; ', 'codec_recon_2=0.077720; ', 'bpp_2=0.275897; ']
train step[484/1500] ; used: 6m:30s; eta: 13m:38s; loss = 0.384151; ['mse_0=0.001129; ', 'lpips_0=0.004492; ', 'codec_recon_0=0.018996; ', 'bpp_0=1.263518; ', 'mse_1=0.000976; ', 'lpips_1=0.003825; ', 'codec_recon_1=0.280907; ', 'bpp_1=0.293494; ', 'mse_2=0.000950; ', 'lpips_2=0.003717; ', 'codec_recon_2=0.084247; ', 'bpp_2=0.271722; ']
train step[485/1500] ; used: 6m:31s; eta: 13m:37s; loss = 0.425940; ['mse_0=0.001196; ', 'lpips_0=0.003933; ', 'codec_recon_0=0.019373; ', 'bpp_0=1.261769; ', 'mse_1=0.000774; ', 'lpips_1=0.002789; ', 'codec_recon_1=0.325310; ', 'bpp_1=0.295320; ', 'mse_2=0.000710; ', 'lpips_2=0.002601; ', 'codec_recon_2=0.081255; ', 'bpp_2=0.274366; ']
train step[486/1500] ; used: 6m:31s; eta: 13m:36s; loss = 0.332759; ['mse_0=0.000499; ', 'lpips_0=0.003129; ', 'codec_recon_0=0.017176; ', 'bpp_0=1.212071; ', 'mse_1=0.000373; ', 'lpips_1=0.002570; ', 'codec_recon_1=0.244030; ', 'bpp_1=0.291720; ', 'mse_2=0.000363; ', 'lpips_2=0.002519; ', 'codec_recon_2=0.071552; ', 'bpp_2=0.268612; ']
train step[487/1500] ; used: 6m:32s; eta: 13m:35s; loss = 0.352651; ['mse_0=0.000426; ', 'lpips_0=0.002951; ', 'codec_recon_0=0.019600; ', 'bpp_0=1.228181; ', 'mse_1=0.000310; ', 'lpips_1=0.002367; ', 'codec_recon_1=0.257123; ', 'bpp_1=0.291879; ', 'mse_2=0.000297; ', 'lpips_2=0.002308; ', 'codec_recon_2=0.075927; ', 'bpp_2=0.268642; ']
train step[488/1500] ; used: 6m:33s; eta: 13m:33s; loss = 0.427189; ['mse_0=0.002925; ', 'lpips_0=0.006111; ', 'codec_recon_0=0.019096; ', 'bpp_0=1.281277; ', 'mse_1=0.002400; ', 'lpips_1=0.004968; ', 'codec_recon_1=0.331668; ', 'bpp_1=0.297786; ', 'mse_2=0.002283; ', 'lpips_2=0.004780; ', 'codec_recon_2=0.076423; ', 'bpp_2=0.280181; ']
train step[489/1500] ; used: 6m:33s; eta: 13m:32s; loss = 0.365753; ['mse_0=0.005724; ', 'lpips_0=0.006906; ', 'codec_recon_0=0.019267; ', 'bpp_0=1.229996; ', 'mse_1=0.005362; ', 'lpips_1=0.006032; ', 'codec_recon_1=0.277990; ', 'bpp_1=0.294324; ', 'mse_2=0.005370; ', 'lpips_2=0.005887; ', 'codec_recon_2=0.068494; ', 'bpp_2=0.273393; ']
train step[490/1500] ; used: 6m:34s; eta: 13m:31s; loss = 0.417405; ['mse_0=0.000765; ', 'lpips_0=0.003869; ', 'codec_recon_0=0.018651; ', 'bpp_0=1.256593; ', 'mse_1=0.000636; ', 'lpips_1=0.002936; ', 'codec_recon_1=0.310128; ', 'bpp_1=0.293879; ', 'mse_2=0.000607; ', 'lpips_2=0.002790; ', 'codec_recon_2=0.088625; ', 'bpp_2=0.271359; ']
train step[491/1500] ; used: 6m:35s; eta: 13m:30s; loss = 0.363109; ['mse_0=0.000521; ', 'lpips_0=0.003906; ', 'codec_recon_0=0.020813; ', 'bpp_0=1.210993; ', 'mse_1=0.000431; ', 'lpips_1=0.003301; ', 'codec_recon_1=0.263701; ', 'bpp_1=0.289376; ', 'mse_2=0.000408; ', 'lpips_2=0.003175; ', 'codec_recon_2=0.078593; ', 'bpp_2=0.268612; ']
train step[492/1500] ; used: 6m:35s; eta: 13m:29s; loss = 0.416761; ['mse_0=0.002898; ', 'lpips_0=0.004903; ', 'codec_recon_0=0.020725; ', 'bpp_0=1.269182; ', 'mse_1=0.002634; ', 'lpips_1=0.003977; ', 'codec_recon_1=0.318439; ', 'bpp_1=0.295907; ', 'mse_2=0.002585; ', 'lpips_2=0.003767; ', 'codec_recon_2=0.077595; ', 'bpp_2=0.275576; ']
train step[493/1500] ; used: 6m:36s; eta: 13m:28s; loss = 0.387080; ['mse_0=0.000602; ', 'lpips_0=0.003204; ', 'codec_recon_0=0.018001; ', 'bpp_0=1.245279; ', 'mse_1=0.000364; ', 'lpips_1=0.002348; ', 'codec_recon_1=0.295296; ', 'bpp_1=0.294859; ', 'mse_2=0.000322; ', 'lpips_2=0.002214; ', 'codec_recon_2=0.073781; ', 'bpp_2=0.274159; ']
train step[494/1500] ; used: 6m:37s; eta: 13m:27s; loss = 0.410684; ['mse_0=0.000644; ', 'lpips_0=0.003325; ', 'codec_recon_0=0.019621; ', 'bpp_0=1.258393; ', 'mse_1=0.000351; ', 'lpips_1=0.002279; ', 'codec_recon_1=0.309267; ', 'bpp_1=0.293749; ', 'mse_2=0.000312; ', 'lpips_2=0.002112; ', 'codec_recon_2=0.081794; ', 'bpp_2=0.271829; ']
train step[495/1500] ; used: 6m:37s; eta: 13m:26s; loss = 0.352787; ['mse_0=0.000608; ', 'lpips_0=0.003475; ', 'codec_recon_0=0.015973; ', 'bpp_0=1.247351; ', 'mse_1=0.000373; ', 'lpips_1=0.002702; ', 'codec_recon_1=0.267230; ', 'bpp_1=0.293951; ', 'mse_2=0.000327; ', 'lpips_2=0.002594; ', 'codec_recon_2=0.069582; ', 'bpp_2=0.271031; ']
train step[496/1500] ; used: 6m:38s; eta: 13m:25s; loss = 0.401172; ['mse_0=0.000953; ', 'lpips_0=0.004025; ', 'codec_recon_0=0.023285; ', 'bpp_0=1.226199; ', 'mse_1=0.000682; ', 'lpips_1=0.003165; ', 'codec_recon_1=0.285064; ', 'bpp_1=0.292172; ', 'mse_2=0.000643; ', 'lpips_2=0.003013; ', 'codec_recon_2=0.092821; ', 'bpp_2=0.272185; ']
train step[497/1500] ; used: 6m:39s; eta: 13m:24s; loss = 0.392669; ['mse_0=0.001279; ', 'lpips_0=0.003789; ', 'codec_recon_0=0.020714; ', 'bpp_0=1.280270; ', 'mse_1=0.000978; ', 'lpips_1=0.003057; ', 'codec_recon_1=0.278804; ', 'bpp_1=0.295861; ', 'mse_2=0.000959; ', 'lpips_2=0.002931; ', 'codec_recon_2=0.093148; ', 'bpp_2=0.275155; ']
train step[498/1500] ; used: 6m:40s; eta: 13m:23s; loss = 0.371635; ['mse_0=0.000901; ', 'lpips_0=0.004139; ', 'codec_recon_0=0.021781; ', 'bpp_0=1.245108; ', 'mse_1=0.000781; ', 'lpips_1=0.003489; ', 'codec_recon_1=0.265699; ', 'bpp_1=0.291447; ', 'mse_2=0.000763; ', 'lpips_2=0.003341; ', 'codec_recon_2=0.084153; ', 'bpp_2=0.269040; ']
train step[499/1500] ; used: 6m:40s; eta: 13m:22s; loss = 0.455654; ['mse_0=0.002591; ', 'lpips_0=0.004996; ', 'codec_recon_0=0.017725; ', 'bpp_0=1.335039; ', 'mse_1=0.002123; ', 'lpips_1=0.003893; ', 'codec_recon_1=0.357106; ', 'bpp_1=0.301285; ', 'mse_2=0.002079; ', 'lpips_2=0.003676; ', 'codec_recon_2=0.080822; ', 'bpp_2=0.284758; ']
validation step on 500 1/100; scene = ['5aca87f95a9412c6']; context = [[58, 133]]
validation step on 500 2/100; scene = ['bc95e5c7e357f1b7']; context = [[35, 91]]
validation step on 500 3/100; scene = ['34b0658a5c200cdf']; context = [[0, 70]]
validation step on 500 4/100; scene = ['28e8300e004ab30b']; context = [[3, 68]]
validation step on 500 5/100; scene = ['6558c5f10d45a929']; context = [[43, 160]]
validation step on 500 6/100; scene = ['89ea49cd9865aeff']; context = [[31, 81]]
validation step on 500 7/100; scene = ['ed477bdf8582adff']; context = [[40, 85]]
validation step on 500 8/100; scene = ['57d3409bf04c4651']; context = [[0, 45]]
validation step on 500 9/100; scene = ['aadc1e2dc74fd644']; context = [[2, 52]]
validation step on 500 10/100; scene = ['cd74b1244d112628']; context = [[63, 110]]
validation step on 500 11/100; scene = ['57d25dafabb5a238']; context = [[32, 104]]
validation step on 500 12/100; scene = ['e4f4574df7938f37']; context = [[0, 115]]
validation step on 500 13/100; scene = ['20d86cff490c0c42']; context = [[18, 69]]
validation step on 500 14/100; scene = ['0c4c5d5f751aabf5']; context = [[12, 57]]
validation step on 500 15/100; scene = ['fea544b472e9abd1']; context = [[12, 93]]
validation step on 500 16/100; scene = ['656381bea665bf3d']; context = [[27, 75]]
validation step on 500 17/100; scene = ['322261824c4a3003']; context = [[33, 78]]
validation step on 500 18/100; scene = ['f7c0fa5b81552d35']; context = [[11, 64]]
validation step on 500 19/100; scene = ['a56ba2efb5e3fdd9']; context = [[33, 92]]
validation step on 500 20/100; scene = ['c48f19e2ffa52523']; context = [[195, 264]]
validation step on 500 21/100; scene = ['1214f2a11a9fc1ed']; context = [[103, 215]]
validation step on 500 22/100; scene = ['a9b3ff60b213e099']; context = [[32, 96]]
validation step on 500 23/100; scene = ['a6fa92e8204f6118']; context = [[2, 66]]
validation step on 500 24/100; scene = ['21e794f71e31becb']; context = [[72, 180]]
validation step on 500 25/100; scene = ['f7d916b43193c181']; context = [[7, 61]]
validation step on 500 26/100; scene = ['84ab392d682f296b']; context = [[43, 120]]
validation step on 500 27/100; scene = ['6771a51bf0cfce7f']; context = [[152, 199]]
validation step on 500 28/100; scene = ['17d9303ee77c3a3d']; context = [[17, 63]]
validation step on 500 29/100; scene = ['ffa95c3b40609c76']; context = [[120, 213]]
validation step on 500 30/100; scene = ['a47b88040452d7d9']; context = [[35, 97]]
validation step on 500 31/100; scene = ['0d4de33c6888a754']; context = [[2, 57]]
validation step on 500 32/100; scene = ['41bcd011f99bfb66']; context = [[4, 50]]
validation step on 500 33/100; scene = ['67a69088a2695987']; context = [[6, 86]]
validation step on 500 34/100; scene = ['b4099665590548fc']; context = [[23, 74]]
validation step on 500 35/100; scene = ['9e2a8cc5f32dd46b']; context = [[75, 151]]
validation step on 500 36/100; scene = ['2e109379f53bb221']; context = [[35, 108]]
validation step on 500 37/100; scene = ['8adebbb68f2c3f84']; context = [[72, 131]]
validation step on 500 38/100; scene = ['29e0bfbad00f0d5e']; context = [[8, 100]]
validation step on 500 39/100; scene = ['debc3490ba0bd84b']; context = [[34, 81]]
validation step on 500 40/100; scene = ['7c7bc5285126e6ad']; context = [[64, 126]]
validation step on 500 41/100; scene = ['cdf439b17a6a98d4']; context = [[31, 77]]
validation step on 500 42/100; scene = ['cb38d67088b66084']; context = [[49, 106]]
validation step on 500 43/100; scene = ['2da2eeb966bc0ef8']; context = [[30, 94]]
validation step on 500 44/100; scene = ['bb4d7012261ee0ed']; context = [[0, 46]]
validation step on 500 45/100; scene = ['9e1f1beb4ba8e5da']; context = [[9, 73]]
validation step on 500 46/100; scene = ['26b31d71789bffad']; context = [[3, 57]]
validation step on 500 47/100; scene = ['41abd737e0228c1a']; context = [[81, 127]]
validation step on 500 48/100; scene = ['ed0c2aca14b99efa']; context = [[62, 119]]
validation step on 500 49/100; scene = ['8d5163de9ea4d851']; context = [[39, 85]]
validation step on 500 50/100; scene = ['81be42df6ccae760']; context = [[13, 107]]
validation step on 500 51/100; scene = ['6fe141ec9be1a432']; context = [[12, 73]]
validation step on 500 52/100; scene = ['3b6d8db52c54b174']; context = [[0, 80]]
validation step on 500 53/100; scene = ['3087828bc27bc4c7']; context = [[15, 96]]
validation step on 500 54/100; scene = ['e124dfa7e996a414']; context = [[48, 93]]
validation step on 500 55/100; scene = ['e1afd89a69ee6947']; context = [[34, 113]]
validation step on 500 56/100; scene = ['79ce50fb7b021e1d']; context = [[212, 278]]
validation step on 500 57/100; scene = ['358bdee988c269ef']; context = [[3, 95]]
validation step on 500 58/100; scene = ['f14791aec34dbdcd']; context = [[5, 59]]
validation step on 500 59/100; scene = ['0c52996355b23d76']; context = [[51, 111]]
validation step on 500 60/100; scene = ['62bcb465bb03d34f']; context = [[6, 84]]
validation step on 500 61/100; scene = ['1f0e06e4388dd600']; context = [[44, 96]]
validation step on 500 62/100; scene = ['c9c30723d7c54793']; context = [[152, 247]]
validation step on 500 63/100; scene = ['8b212f2755d955ec']; context = [[40, 110]]
validation step on 500 64/100; scene = ['de67e3a0b0648cfe']; context = [[16, 72]]
validation step on 500 65/100; scene = ['54841308aff91857']; context = [[27, 86]]
validation step on 500 66/100; scene = ['40ca76de44a6e1a9']; context = [[43, 107]]
validation step on 500 67/100; scene = ['bc143130c1842e4b']; context = [[29, 133]]
validation step on 500 68/100; scene = ['912177dbf0a1ed6c']; context = [[3, 60]]
validation step on 500 69/100; scene = ['afe4e799a94e06b3']; context = [[54, 150]]
validation step on 500 70/100; scene = ['17f552ef56d85c55']; context = [[20, 86]]
validation step on 500 71/100; scene = ['a7c691c210154b09']; context = [[0, 50]]
validation step on 500 72/100; scene = ['9490f1219dbbb6ce']; context = [[17, 72]]
validation step on 500 73/100; scene = ['154365ab5a4e067b']; context = [[2, 48]]
validation step on 500 74/100; scene = ['ab4c269f8d523d02']; context = [[18, 72]]
validation step on 500 75/100; scene = ['75d475e9558ab806']; context = [[1, 46]]
validation step on 500 76/100; scene = ['fdaab1f49851782c']; context = [[31, 142]]
validation step on 500 77/100; scene = ['2d4efa3897a4ba2d']; context = [[4, 58]]
validation step on 500 78/100; scene = ['14f477e7d5af5b91']; context = [[17, 72]]
validation step on 500 79/100; scene = ['de45926738229f67']; context = [[22, 84]]
validation step on 500 80/100; scene = ['5c909c802eb6edb1']; context = [[13, 78]]
validation step on 500 81/100; scene = ['aa91dfdd5f4ad32b']; context = [[8, 57]]
validation step on 500 82/100; scene = ['88d9ba3324f2ec21']; context = [[2, 49]]
validation step on 500 83/100; scene = ['622ef98e83ed5239']; context = [[3, 66]]
validation step on 500 84/100; scene = ['30fc5fc78c5a716e']; context = [[151, 210]]
validation step on 500 85/100; scene = ['8b760ac05c93a6bb']; context = [[26, 72]]
validation step on 500 86/100; scene = ['800ea72b6988f63e']; context = [[141, 190]]
validation step on 500 87/100; scene = ['674dabef8f53b566']; context = [[9, 91]]
validation step on 500 88/100; scene = ['d3a01038c5f21473']; context = [[139, 273]]
validation step on 500 89/100; scene = ['3e5f747d06bc84a3']; context = [[85, 190]]
validation step on 500 90/100; scene = ['bb6fa5bdafc14e8c']; context = [[43, 139]]
validation step on 500 91/100; scene = ['052430ff6e2c07c4']; context = [[19, 92]]
validation step on 500 92/100; scene = ['0588138dfec165a1']; context = [[70, 160]]
validation step on 500 93/100; scene = ['e4bcb18fa6aa91be']; context = [[32, 79]]
validation step on 500 94/100; scene = ['4c4fa41951e37e78']; context = [[8, 60]]
validation step on 500 95/100; scene = ['252a24d25a1ea81d']; context = [[198, 263]]
validation step on 500 96/100; scene = ['214df1c2863d2959']; context = [[45, 96]]
validation step on 500 97/100; scene = ['bfd27ad72975e120']; context = [[8, 55]]
validation step on 500 98/100; scene = ['572acd18419c3456']; context = [[3, 62]]
validation step on 500 99/100; scene = ['b26e6c80d283c4c8']; context = [[46, 92]]
validation step on 500 100/100; scene = ['10c8e54590f715f7']; context = [[6, 76]]
train step[500/1500] ; used: 7m:33s; eta: 15m:4s; loss = 0.378333; ['mse_0=0.001608; ', 'lpips_0=0.004536; ', 'codec_recon_0=0.018966; ', 'bpp_0=1.279373; ', 'mse_1=0.001164; ', 'lpips_1=0.003554; ', 'codec_recon_1=0.281154; ', 'bpp_1=0.295803; ', 'mse_2=0.001106; ', 'lpips_2=0.003426; ', 'codec_recon_2=0.078212; ', 'bpp_2=0.274992; ']
train step[501/1500] ; used: 7m:34s; eta: 15m:3s; loss = 0.456929; ['mse_0=0.001623; ', 'lpips_0=0.005416; ', 'codec_recon_0=0.021748; ', 'bpp_0=1.299244; ', 'mse_1=0.001229; ', 'lpips_1=0.004088; ', 'codec_recon_1=0.350512; ', 'bpp_1=0.295930; ', 'mse_2=0.001173; ', 'lpips_2=0.003859; ', 'codec_recon_2=0.084667; ', 'bpp_2=0.277470; ']
train step[502/1500] ; used: 7m:34s; eta: 15m:2s; loss = 0.354199; ['mse_0=0.001449; ', 'lpips_0=0.003983; ', 'codec_recon_0=0.018193; ', 'bpp_0=1.231815; ', 'mse_1=0.001142; ', 'lpips_1=0.003279; ', 'codec_recon_1=0.263904; ', 'bpp_1=0.294298; ', 'mse_2=0.001094; ', 'lpips_2=0.003149; ', 'codec_recon_2=0.072100; ', 'bpp_2=0.273468; ']
train step[503/1500] ; used: 7m:35s; eta: 15m; loss = 0.356522; ['mse_0=0.000897; ', 'lpips_0=0.003884; ', 'codec_recon_0=0.018008; ', 'bpp_0=1.223199; ', 'mse_1=0.000722; ', 'lpips_1=0.003077; ', 'codec_recon_1=0.270987; ', 'bpp_1=0.290921; ', 'mse_2=0.000696; ', 'lpips_2=0.002972; ', 'codec_recon_2=0.067525; ', 'bpp_2=0.268945; ']
train step[504/1500] ; used: 7m:36s; eta: 14m:59s; loss = 0.431437; ['mse_0=0.001654; ', 'lpips_0=0.003612; ', 'codec_recon_0=0.032007; ', 'bpp_0=1.270216; ', 'mse_1=0.001445; ', 'lpips_1=0.002682; ', 'codec_recon_1=0.298002; ', 'bpp_1=0.295799; ', 'mse_2=0.001399; ', 'lpips_2=0.002501; ', 'codec_recon_2=0.101426; ', 'bpp_2=0.272407; ']
train step[505/1500] ; used: 7m:36s; eta: 14m:58s; loss = 0.363636; ['mse_0=0.000814; ', 'lpips_0=0.004128; ', 'codec_recon_0=0.020051; ', 'bpp_0=1.209605; ', 'mse_1=0.000657; ', 'lpips_1=0.003342; ', 'codec_recon_1=0.267169; ', 'bpp_1=0.291606; ', 'mse_2=0.000636; ', 'lpips_2=0.003203; ', 'codec_recon_2=0.076414; ', 'bpp_2=0.270574; ']
train step[506/1500] ; used: 7m:37s; eta: 14m:56s; loss = 0.382635; ['mse_0=0.000480; ', 'lpips_0=0.003588; ', 'codec_recon_0=0.017673; ', 'bpp_0=1.271752; ', 'mse_1=0.000333; ', 'lpips_1=0.002807; ', 'codec_recon_1=0.283684; ', 'bpp_1=0.293776; ', 'mse_2=0.000311; ', 'lpips_2=0.002691; ', 'codec_recon_2=0.081276; ', 'bpp_2=0.272573; ']
train step[507/1500] ; used: 7m:38s; eta: 14m:55s; loss = 0.481426; ['mse_0=0.001574; ', 'lpips_0=0.006851; ', 'codec_recon_0=0.022330; ', 'bpp_0=1.224587; ', 'mse_1=0.001215; ', 'lpips_1=0.005202; ', 'codec_recon_1=0.369794; ', 'bpp_1=0.289201; ', 'mse_2=0.001119; ', 'lpips_2=0.004837; ', 'codec_recon_2=0.089300; ', 'bpp_2=0.269161; ']
train step[508/1500] ; used: 7m:38s; eta: 14m:53s; loss = 0.383789; ['mse_0=0.002060; ', 'lpips_0=0.004801; ', 'codec_recon_0=0.018724; ', 'bpp_0=1.243299; ', 'mse_1=0.001469; ', 'lpips_1=0.003869; ', 'codec_recon_1=0.295703; ', 'bpp_1=0.291677; ', 'mse_2=0.001409; ', 'lpips_2=0.003762; ', 'codec_recon_2=0.069360; ', 'bpp_2=0.270121; ']
train step[509/1500] ; used: 7m:39s; eta: 14m:52s; loss = 0.416379; ['mse_0=0.001898; ', 'lpips_0=0.005667; ', 'codec_recon_0=0.018047; ', 'bpp_0=1.287444; ', 'mse_1=0.001442; ', 'lpips_1=0.003960; ', 'codec_recon_1=0.320032; ', 'bpp_1=0.298086; ', 'mse_2=0.001355; ', 'lpips_2=0.003748; ', 'codec_recon_2=0.078299; ', 'bpp_2=0.280370; ']
train step[510/1500] ; used: 7m:40s; eta: 14m:51s; loss = 0.354525; ['mse_0=0.000696; ', 'lpips_0=0.003867; ', 'codec_recon_0=0.017760; ', 'bpp_0=1.212282; ', 'mse_1=0.000571; ', 'lpips_1=0.003163; ', 'codec_recon_1=0.259070; ', 'bpp_1=0.290202; ', 'mse_2=0.000532; ', 'lpips_2=0.002971; ', 'codec_recon_2=0.077693; ', 'bpp_2=0.268173; ']
train step[511/1500] ; used: 7m:40s; eta: 14m:50s; loss = 0.402640; ['mse_0=0.001914; ', 'lpips_0=0.005306; ', 'codec_recon_0=0.019982; ', 'bpp_0=1.298137; ', 'mse_1=0.001628; ', 'lpips_1=0.004254; ', 'codec_recon_1=0.304020; ', 'bpp_1=0.295179; ', 'mse_2=0.001583; ', 'lpips_2=0.004070; ', 'codec_recon_2=0.078637; ', 'bpp_2=0.274927; ']
train step[512/1500] ; used: 7m:41s; eta: 14m:48s; loss = 0.331209; ['mse_0=0.000547; ', 'lpips_0=0.003277; ', 'codec_recon_0=0.017634; ', 'bpp_0=1.221463; ', 'mse_1=0.000442; ', 'lpips_1=0.002619; ', 'codec_recon_1=0.242688; ', 'bpp_1=0.291608; ', 'mse_2=0.000415; ', 'lpips_2=0.002478; ', 'codec_recon_2=0.070885; ', 'bpp_2=0.268698; ']
train step[513/1500] ; used: 7m:42s; eta: 14m:47s; loss = 0.442474; ['mse_0=0.001473; ', 'lpips_0=0.004672; ', 'codec_recon_0=0.020836; ', 'bpp_0=1.328450; ', 'mse_1=0.001007; ', 'lpips_1=0.003162; ', 'codec_recon_1=0.340465; ', 'bpp_1=0.297652; ', 'mse_2=0.000903; ', 'lpips_2=0.002840; ', 'codec_recon_2=0.081172; ', 'bpp_2=0.279357; ']
train step[514/1500] ; used: 7m:42s; eta: 14m:46s; loss = 0.425861; ['mse_0=0.001228; ', 'lpips_0=0.004043; ', 'codec_recon_0=0.018539; ', 'bpp_0=1.252151; ', 'mse_1=0.000819; ', 'lpips_1=0.002937; ', 'codec_recon_1=0.331811; ', 'bpp_1=0.294030; ', 'mse_2=0.000749; ', 'lpips_2=0.002799; ', 'codec_recon_2=0.075509; ', 'bpp_2=0.274514; ']
train step[515/1500] ; used: 7m:43s; eta: 14m:44s; loss = 0.356503; ['mse_0=0.002035; ', 'lpips_0=0.004293; ', 'codec_recon_0=0.016730; ', 'bpp_0=1.241812; ', 'mse_1=0.001564; ', 'lpips_1=0.003359; ', 'codec_recon_1=0.271639; ', 'bpp_1=0.293738; ', 'mse_2=0.001474; ', 'lpips_2=0.003200; ', 'codec_recon_2=0.068133; ', 'bpp_2=0.270981; ']
train step[516/1500] ; used: 7m:44s; eta: 14m:43s; loss = 0.450947; ['mse_0=0.001242; ', 'lpips_0=0.004936; ', 'codec_recon_0=0.017829; ', 'bpp_0=1.234355; ', 'mse_1=0.000726; ', 'lpips_1=0.003244; ', 'codec_recon_1=0.357604; ', 'bpp_1=0.292472; ', 'mse_2=0.000658; ', 'lpips_2=0.002992; ', 'codec_recon_2=0.075512; ', 'bpp_2=0.274074; ']
train step[517/1500] ; used: 7m:45s; eta: 14m:42s; loss = 0.367708; ['mse_0=0.000665; ', 'lpips_0=0.003201; ', 'codec_recon_0=0.020648; ', 'bpp_0=1.222988; ', 'mse_1=0.000542; ', 'lpips_1=0.002532; ', 'codec_recon_1=0.274424; ', 'bpp_1=0.291000; ', 'mse_2=0.000532; ', 'lpips_2=0.002456; ', 'codec_recon_2=0.072634; ', 'bpp_2=0.265663; ']
train step[518/1500] ; used: 7m:45s; eta: 14m:41s; loss = 0.399117; ['mse_0=0.000777; ', 'lpips_0=0.003662; ', 'codec_recon_0=0.019650; ', 'bpp_0=1.254694; ', 'mse_1=0.000648; ', 'lpips_1=0.002830; ', 'codec_recon_1=0.292562; ', 'bpp_1=0.293973; ', 'mse_2=0.000600; ', 'lpips_2=0.002659; ', 'codec_recon_2=0.086903; ', 'bpp_2=0.272382; ']
train step[519/1500] ; used: 7m:46s; eta: 14m:39s; loss = 0.398003; ['mse_0=0.001624; ', 'lpips_0=0.005106; ', 'codec_recon_0=0.035552; ', 'bpp_0=1.187207; ', 'mse_1=0.001408; ', 'lpips_1=0.004422; ', 'codec_recon_1=0.258217; ', 'bpp_1=0.285477; ', 'mse_2=0.001379; ', 'lpips_2=0.004281; ', 'codec_recon_2=0.104233; ', 'bpp_2=0.263308; ']
train step[520/1500] ; used: 7m:47s; eta: 14m:38s; loss = 0.363104; ['mse_0=0.001123; ', 'lpips_0=0.004798; ', 'codec_recon_0=0.020914; ', 'bpp_0=1.245081; ', 'mse_1=0.000953; ', 'lpips_1=0.003938; ', 'codec_recon_1=0.267150; ', 'bpp_1=0.290090; ', 'mse_2=0.000922; ', 'lpips_2=0.003713; ', 'codec_recon_2=0.075038; ', 'bpp_2=0.270344; ']
train step[521/1500] ; used: 7m:47s; eta: 14m:37s; loss = 0.388451; ['mse_0=0.001359; ', 'lpips_0=0.003942; ', 'codec_recon_0=0.020021; ', 'bpp_0=1.235581; ', 'mse_1=0.001168; ', 'lpips_1=0.002981; ', 'codec_recon_1=0.299392; ', 'bpp_1=0.295114; ', 'mse_2=0.001125; ', 'lpips_2=0.002765; ', 'codec_recon_2=0.069036; ', 'bpp_2=0.275180; ']
train step[522/1500] ; used: 7m:48s; eta: 14m:36s; loss = 0.379601; ['mse_0=0.001090; ', 'lpips_0=0.004118; ', 'codec_recon_0=0.018666; ', 'bpp_0=1.243598; ', 'mse_1=0.000880; ', 'lpips_1=0.003193; ', 'codec_recon_1=0.287860; ', 'bpp_1=0.294123; ', 'mse_2=0.000864; ', 'lpips_2=0.003083; ', 'codec_recon_2=0.073074; ', 'bpp_2=0.272011; ']
train step[523/1500] ; used: 7m:49s; eta: 14m:34s; loss = 0.362944; ['mse_0=0.001146; ', 'lpips_0=0.004102; ', 'codec_recon_0=0.018779; ', 'bpp_0=1.249235; ', 'mse_1=0.000810; ', 'lpips_1=0.002974; ', 'codec_recon_1=0.269639; ', 'bpp_1=0.293649; ', 'mse_2=0.000754; ', 'lpips_2=0.002789; ', 'codec_recon_2=0.074525; ', 'bpp_2=0.274902; ']
train step[524/1500] ; used: 7m:49s; eta: 14m:33s; loss = 0.376482; ['mse_0=0.000896; ', 'lpips_0=0.004438; ', 'codec_recon_0=0.019306; ', 'bpp_0=1.239391; ', 'mse_1=0.000712; ', 'lpips_1=0.003605; ', 'codec_recon_1=0.281262; ', 'bpp_1=0.291344; ', 'mse_2=0.000664; ', 'lpips_2=0.003408; ', 'codec_recon_2=0.075911; ', 'bpp_2=0.268101; ']
train step[525/1500] ; used: 7m:50s; eta: 14m:32s; loss = 0.427190; ['mse_0=0.000621; ', 'lpips_0=0.004012; ', 'codec_recon_0=0.018388; ', 'bpp_0=1.263678; ', 'mse_1=0.000325; ', 'lpips_1=0.002478; ', 'codec_recon_1=0.324772; ', 'bpp_1=0.295730; ', 'mse_2=0.000288; ', 'lpips_2=0.002270; ', 'codec_recon_2=0.084027; ', 'bpp_2=0.276510; ']
train step[526/1500] ; used: 7m:51s; eta: 14m:31s; loss = 0.432101; ['mse_0=0.002409; ', 'lpips_0=0.005328; ', 'codec_recon_0=0.018677; ', 'bpp_0=1.306213; ', 'mse_1=0.002100; ', 'lpips_1=0.004461; ', 'codec_recon_1=0.312124; ', 'bpp_1=0.298024; ', 'mse_2=0.002033; ', 'lpips_2=0.004338; ', 'codec_recon_2=0.101298; ', 'bpp_2=0.277944; ']
train step[527/1500] ; used: 7m:51s; eta: 14m:29s; loss = 0.410205; ['mse_0=0.000897; ', 'lpips_0=0.003684; ', 'codec_recon_0=0.020557; ', 'bpp_0=1.251228; ', 'mse_1=0.000603; ', 'lpips_1=0.002631; ', 'codec_recon_1=0.306272; ', 'bpp_1=0.296424; ', 'mse_2=0.000533; ', 'lpips_2=0.002310; ', 'codec_recon_2=0.083375; ', 'bpp_2=0.276473; ']
train step[528/1500] ; used: 7m:52s; eta: 14m:28s; loss = 0.419360; ['mse_0=0.002170; ', 'lpips_0=0.004055; ', 'codec_recon_0=0.016479; ', 'bpp_0=1.285294; ', 'mse_1=0.001676; ', 'lpips_1=0.002573; ', 'codec_recon_1=0.329332; ', 'bpp_1=0.298770; ', 'mse_2=0.001627; ', 'lpips_2=0.002395; ', 'codec_recon_2=0.073547; ', 'bpp_2=0.279267; ']
train step[529/1500] ; used: 7m:53s; eta: 14m:27s; loss = 0.390133; ['mse_0=0.003050; ', 'lpips_0=0.005268; ', 'codec_recon_0=0.018512; ', 'bpp_0=1.319075; ', 'mse_1=0.002201; ', 'lpips_1=0.003968; ', 'codec_recon_1=0.300301; ', 'bpp_1=0.299601; ', 'mse_2=0.002017; ', 'lpips_2=0.003743; ', 'codec_recon_2=0.071317; ', 'bpp_2=0.282044; ']
train step[530/1500] ; used: 7m:54s; eta: 14m:25s; loss = 0.357585; ['mse_0=0.000525; ', 'lpips_0=0.003643; ', 'codec_recon_0=0.018138; ', 'bpp_0=1.244515; ', 'mse_1=0.000332; ', 'lpips_1=0.003038; ', 'codec_recon_1=0.261139; ', 'bpp_1=0.291041; ', 'mse_2=0.000303; ', 'lpips_2=0.002966; ', 'codec_recon_2=0.078306; ', 'bpp_2=0.266755; ']
train step[531/1500] ; used: 7m:54s; eta: 14m:24s; loss = 0.385813; ['mse_0=0.002217; ', 'lpips_0=0.004298; ', 'codec_recon_0=0.020301; ', 'bpp_0=1.251098; ', 'mse_1=0.001846; ', 'lpips_1=0.003351; ', 'codec_recon_1=0.285870; ', 'bpp_1=0.293286; ', 'mse_2=0.001771; ', 'lpips_2=0.003241; ', 'codec_recon_2=0.079640; ', 'bpp_2=0.271926; ']
train step[532/1500] ; used: 7m:55s; eta: 14m:23s; loss = 0.483382; ['mse_0=0.003024; ', 'lpips_0=0.006556; ', 'codec_recon_0=0.020633; ', 'bpp_0=1.259979; ', 'mse_1=0.002685; ', 'lpips_1=0.005104; ', 'codec_recon_1=0.379277; ', 'bpp_1=0.295975; ', 'mse_2=0.002679; ', 'lpips_2=0.004983; ', 'codec_recon_2=0.083470; ', 'bpp_2=0.278520; ']
train step[533/1500] ; used: 7m:56s; eta: 14m:22s; loss = 0.370053; ['mse_0=0.000949; ', 'lpips_0=0.003782; ', 'codec_recon_0=0.021300; ', 'bpp_0=1.205894; ', 'mse_1=0.000792; ', 'lpips_1=0.003125; ', 'codec_recon_1=0.264183; ', 'bpp_1=0.292965; ', 'mse_2=0.000773; ', 'lpips_2=0.003032; ', 'codec_recon_2=0.084568; ', 'bpp_2=0.268565; ']
train step[534/1500] ; used: 7m:56s; eta: 14m:21s; loss = 0.363844; ['mse_0=0.000378; ', 'lpips_0=0.003286; ', 'codec_recon_0=0.020444; ', 'bpp_0=1.239463; ', 'mse_1=0.000281; ', 'lpips_1=0.002547; ', 'codec_recon_1=0.262603; ', 'bpp_1=0.290341; ', 'mse_2=0.000258; ', 'lpips_2=0.002405; ', 'codec_recon_2=0.080796; ', 'bpp_2=0.266995; ']
train step[535/1500] ; used: 7m:57s; eta: 14m:19s; loss = 0.401703; ['mse_0=0.000389; ', 'lpips_0=0.002573; ', 'codec_recon_0=0.018389; ', 'bpp_0=1.257949; ', 'mse_1=0.000206; ', 'lpips_1=0.001744; ', 'codec_recon_1=0.305485; ', 'bpp_1=0.294638; ', 'mse_2=0.000180; ', 'lpips_2=0.001641; ', 'codec_recon_2=0.077828; ', 'bpp_2=0.271031; ']
train step[536/1500] ; used: 7m:58s; eta: 14m:18s; loss = 0.390271; ['mse_0=0.001396; ', 'lpips_0=0.004145; ', 'codec_recon_0=0.021452; ', 'bpp_0=1.240752; ', 'mse_1=0.001097; ', 'lpips_1=0.003179; ', 'codec_recon_1=0.286275; ', 'bpp_1=0.295570; ', 'mse_2=0.001052; ', 'lpips_2=0.003000; ', 'codec_recon_2=0.082542; ', 'bpp_2=0.274496; ']
train step[537/1500] ; used: 7m:58s; eta: 14m:17s; loss = 0.359721; ['mse_0=0.002537; ', 'lpips_0=0.005094; ', 'codec_recon_0=0.019216; ', 'bpp_0=1.210981; ', 'mse_1=0.002182; ', 'lpips_1=0.004397; ', 'codec_recon_1=0.274050; ', 'bpp_1=0.291593; ', 'mse_2=0.002143; ', 'lpips_2=0.004287; ', 'codec_recon_2=0.066453; ', 'bpp_2=0.269485; ']
train step[538/1500] ; used: 7m:59s; eta: 14m:16s; loss = 0.385145; ['mse_0=0.001010; ', 'lpips_0=0.003752; ', 'codec_recon_0=0.019393; ', 'bpp_0=1.221251; ', 'mse_1=0.000662; ', 'lpips_1=0.002848; ', 'codec_recon_1=0.295619; ', 'bpp_1=0.292510; ', 'mse_2=0.000623; ', 'lpips_2=0.002760; ', 'codec_recon_2=0.070132; ', 'bpp_2=0.271941; ']
train step[539/1500] ; used: 8m; eta: 14m:14s; loss = 0.374728; ['mse_0=0.001694; ', 'lpips_0=0.004647; ', 'codec_recon_0=0.017100; ', 'bpp_0=1.277843; ', 'mse_1=0.001299; ', 'lpips_1=0.003832; ', 'codec_recon_1=0.276835; ', 'bpp_1=0.296691; ', 'mse_2=0.001266; ', 'lpips_2=0.003606; ', 'codec_recon_2=0.080791; ', 'bpp_2=0.275675; ']
train step[540/1500] ; used: 8m; eta: 14m:13s; loss = 0.381352; ['mse_0=0.000997; ', 'lpips_0=0.003666; ', 'codec_recon_0=0.019670; ', 'bpp_0=1.266436; ', 'mse_1=0.000766; ', 'lpips_1=0.002858; ', 'codec_recon_1=0.283264; ', 'bpp_1=0.293444; ', 'mse_2=0.000728; ', 'lpips_2=0.002761; ', 'codec_recon_2=0.078416; ', 'bpp_2=0.271569; ']
train step[541/1500] ; used: 8m:1s; eta: 14m:12s; loss = 0.415290; ['mse_0=0.000551; ', 'lpips_0=0.005036; ', 'codec_recon_0=0.020127; ', 'bpp_0=1.190811; ', 'mse_1=0.000381; ', 'lpips_1=0.003998; ', 'codec_recon_1=0.315703; ', 'bpp_1=0.286372; ', 'mse_2=0.000359; ', 'lpips_2=0.003863; ', 'codec_recon_2=0.079458; ', 'bpp_2=0.265633; ']
train step[542/1500] ; used: 8m:2s; eta: 14m:10s; loss = 0.387937; ['mse_0=0.000518; ', 'lpips_0=0.002887; ', 'codec_recon_0=0.022130; ', 'bpp_0=1.231486; ', 'mse_1=0.000329; ', 'lpips_1=0.002166; ', 'codec_recon_1=0.281565; ', 'bpp_1=0.292427; ', 'mse_2=0.000307; ', 'lpips_2=0.002045; ', 'codec_recon_2=0.084240; ', 'bpp_2=0.270819; ']
train step[543/1500] ; used: 8m:2s; eta: 14m:9s; loss = 0.345427; ['mse_0=0.000705; ', 'lpips_0=0.003485; ', 'codec_recon_0=0.016387; ', 'bpp_0=1.217913; ', 'mse_1=0.000581; ', 'lpips_1=0.002780; ', 'codec_recon_1=0.254909; ', 'bpp_1=0.293963; ', 'mse_2=0.000557; ', 'lpips_2=0.002626; ', 'codec_recon_2=0.074129; ', 'bpp_2=0.269263; ']
train step[544/1500] ; used: 8m:3s; eta: 14m:8s; loss = 0.428651; ['mse_0=0.002793; ', 'lpips_0=0.005895; ', 'codec_recon_0=0.018786; ', 'bpp_0=1.320859; ', 'mse_1=0.002106; ', 'lpips_1=0.004575; ', 'codec_recon_1=0.334156; ', 'bpp_1=0.301677; ', 'mse_2=0.002010; ', 'lpips_2=0.004349; ', 'codec_recon_2=0.075707; ', 'bpp_2=0.283745; ']
train step[545/1500] ; used: 8m:4s; eta: 14m:7s; loss = 0.395463; ['mse_0=0.001034; ', 'lpips_0=0.004108; ', 'codec_recon_0=0.018719; ', 'bpp_0=1.292569; ', 'mse_1=0.000648; ', 'lpips_1=0.002680; ', 'codec_recon_1=0.289798; ', 'bpp_1=0.296469; ', 'mse_2=0.000588; ', 'lpips_2=0.002458; ', 'codec_recon_2=0.086943; ', 'bpp_2=0.273996; ']
train step[546/1500] ; used: 8m:4s; eta: 14m:5s; loss = 0.395253; ['mse_0=0.000689; ', 'lpips_0=0.003558; ', 'codec_recon_0=0.019371; ', 'bpp_0=1.226462; ', 'mse_1=0.000424; ', 'lpips_1=0.002741; ', 'codec_recon_1=0.302433; ', 'bpp_1=0.291672; ', 'mse_2=0.000390; ', 'lpips_2=0.002639; ', 'codec_recon_2=0.073447; ', 'bpp_2=0.268567; ']
train step[547/1500] ; used: 8m:5s; eta: 14m:4s; loss = 0.425408; ['mse_0=0.006243; ', 'lpips_0=0.007147; ', 'codec_recon_0=0.022859; ', 'bpp_0=1.259810; ', 'mse_1=0.006135; ', 'lpips_1=0.006358; ', 'codec_recon_1=0.319575; ', 'bpp_1=0.295202; ', 'mse_2=0.006138; ', 'lpips_2=0.006173; ', 'codec_recon_2=0.082973; ', 'bpp_2=0.275619; ']
train step[548/1500] ; used: 8m:6s; eta: 14m:3s; loss = 0.428001; ['mse_0=0.003440; ', 'lpips_0=0.006020; ', 'codec_recon_0=0.016750; ', 'bpp_0=1.289428; ', 'mse_1=0.002816; ', 'lpips_1=0.004685; ', 'codec_recon_1=0.339420; ', 'bpp_1=0.300775; ', 'mse_2=0.002662; ', 'lpips_2=0.004360; ', 'codec_recon_2=0.071830; ', 'bpp_2=0.282751; ']
train step[549/1500] ; used: 8m:6s; eta: 14m:1s; loss = 0.342801; ['mse_0=0.001263; ', 'lpips_0=0.003283; ', 'codec_recon_0=0.020385; ', 'bpp_0=1.230360; ', 'mse_1=0.001080; ', 'lpips_1=0.002577; ', 'codec_recon_1=0.247723; ', 'bpp_1=0.289709; ', 'mse_2=0.001036; ', 'lpips_2=0.002381; ', 'codec_recon_2=0.074691; ', 'bpp_2=0.267932; ']
train step[550/1500] ; used: 8m:7s; eta: 14m; loss = 0.460176; ['mse_0=0.001497; ', 'lpips_0=0.005298; ', 'codec_recon_0=0.017135; ', 'bpp_0=1.261266; ', 'mse_1=0.000816; ', 'lpips_1=0.003504; ', 'codec_recon_1=0.361674; ', 'bpp_1=0.294491; ', 'mse_2=0.000705; ', 'lpips_2=0.003263; ', 'codec_recon_2=0.081364; ', 'bpp_2=0.274294; ']
train step[551/1500] ; used: 8m:8s; eta: 13m:59s; loss = 0.327161; ['mse_0=0.000409; ', 'lpips_0=0.003551; ', 'codec_recon_0=0.019351; ', 'bpp_0=1.187821; ', 'mse_1=0.000352; ', 'lpips_1=0.002944; ', 'codec_recon_1=0.239854; ', 'bpp_1=0.288570; ', 'mse_2=0.000334; ', 'lpips_2=0.002813; ', 'codec_recon_2=0.067955; ', 'bpp_2=0.267163; ']
train step[552/1500] ; used: 8m:8s; eta: 13m:58s; loss = 0.423715; ['mse_0=0.000849; ', 'lpips_0=0.003274; ', 'codec_recon_0=0.017975; ', 'bpp_0=1.277475; ', 'mse_1=0.000476; ', 'lpips_1=0.001973; ', 'codec_recon_1=0.327684; ', 'bpp_1=0.297056; ', 'mse_2=0.000428; ', 'lpips_2=0.001809; ', 'codec_recon_2=0.078055; ', 'bpp_2=0.276220; ']
train step[553/1500] ; used: 8m:9s; eta: 13m:56s; loss = 0.377189; ['mse_0=0.000894; ', 'lpips_0=0.004104; ', 'codec_recon_0=0.019486; ', 'bpp_0=1.279078; ', 'mse_1=0.000694; ', 'lpips_1=0.003200; ', 'codec_recon_1=0.272385; ', 'bpp_1=0.295554; ', 'mse_2=0.000667; ', 'lpips_2=0.003056; ', 'codec_recon_2=0.085315; ', 'bpp_2=0.275168; ']
train step[554/1500] ; used: 8m:10s; eta: 13m:55s; loss = 0.379127; ['mse_0=0.001070; ', 'lpips_0=0.003516; ', 'codec_recon_0=0.019047; ', 'bpp_0=1.240445; ', 'mse_1=0.000777; ', 'lpips_1=0.002538; ', 'codec_recon_1=0.286213; ', 'bpp_1=0.295793; ', 'mse_2=0.000737; ', 'lpips_2=0.002421; ', 'codec_recon_2=0.073865; ', 'bpp_2=0.274950; ']
train step[555/1500] ; used: 8m:10s; eta: 13m:54s; loss = 0.376499; ['mse_0=0.000583; ', 'lpips_0=0.003036; ', 'codec_recon_0=0.018741; ', 'bpp_0=1.248478; ', 'mse_1=0.000309; ', 'lpips_1=0.002098; ', 'codec_recon_1=0.289910; ', 'bpp_1=0.293908; ', 'mse_2=0.000275; ', 'lpips_2=0.001994; ', 'codec_recon_2=0.067847; ', 'bpp_2=0.272370; ']
train step[556/1500] ; used: 8m:11s; eta: 13m:53s; loss = 0.349729; ['mse_0=0.000431; ', 'lpips_0=0.003175; ', 'codec_recon_0=0.018966; ', 'bpp_0=1.202960; ', 'mse_1=0.000301; ', 'lpips_1=0.002593; ', 'codec_recon_1=0.259384; ', 'bpp_1=0.289361; ', 'mse_2=0.000271; ', 'lpips_2=0.002496; ', 'codec_recon_2=0.071377; ', 'bpp_2=0.267306; ']
train step[557/1500] ; used: 8m:12s; eta: 13m:52s; loss = 0.375008; ['mse_0=0.004301; ', 'lpips_0=0.004832; ', 'codec_recon_0=0.018267; ', 'bpp_0=1.254408; ', 'mse_1=0.004006; ', 'lpips_1=0.004036; ', 'codec_recon_1=0.288377; ', 'bpp_1=0.294434; ', 'mse_2=0.003989; ', 'lpips_2=0.003847; ', 'codec_recon_2=0.068362; ', 'bpp_2=0.274149; ']
train step[558/1500] ; used: 8m:13s; eta: 13m:50s; loss = 0.334324; ['mse_0=0.000636; ', 'lpips_0=0.003337; ', 'codec_recon_0=0.018452; ', 'bpp_0=1.232164; ', 'mse_1=0.000463; ', 'lpips_1=0.002588; ', 'codec_recon_1=0.249970; ', 'bpp_1=0.292136; ', 'mse_2=0.000430; ', 'lpips_2=0.002406; ', 'codec_recon_2=0.065900; ', 'bpp_2=0.270160; ']
train step[559/1500] ; used: 8m:13s; eta: 13m:49s; loss = 0.396916; ['mse_0=0.000703; ', 'lpips_0=0.003797; ', 'codec_recon_0=0.021422; ', 'bpp_0=1.252108; ', 'mse_1=0.000602; ', 'lpips_1=0.003139; ', 'codec_recon_1=0.290968; ', 'bpp_1=0.292519; ', 'mse_2=0.000597; ', 'lpips_2=0.003062; ', 'codec_recon_2=0.084524; ', 'bpp_2=0.272370; ']
train step[560/1500] ; used: 8m:14s; eta: 13m:48s; loss = 0.413842; ['mse_0=0.001241; ', 'lpips_0=0.004801; ', 'codec_recon_0=0.019464; ', 'bpp_0=1.252331; ', 'mse_1=0.000928; ', 'lpips_1=0.003651; ', 'codec_recon_1=0.315594; ', 'bpp_1=0.295561; ', 'mse_2=0.000873; ', 'lpips_2=0.003400; ', 'codec_recon_2=0.078782; ', 'bpp_2=0.275839; ']
train step[561/1500] ; used: 8m:15s; eta: 13m:47s; loss = 0.379227; ['mse_0=0.001247; ', 'lpips_0=0.003523; ', 'codec_recon_0=0.019029; ', 'bpp_0=1.254897; ', 'mse_1=0.000939; ', 'lpips_1=0.002708; ', 'codec_recon_1=0.284956; ', 'bpp_1=0.295634; ', 'mse_2=0.000886; ', 'lpips_2=0.002555; ', 'codec_recon_2=0.075240; ', 'bpp_2=0.275764; ']
train step[562/1500] ; used: 8m:15s; eta: 13m:45s; loss = 0.378639; ['mse_0=0.001024; ', 'lpips_0=0.004627; ', 'codec_recon_0=0.019663; ', 'bpp_0=1.219142; ', 'mse_1=0.000862; ', 'lpips_1=0.003867; ', 'codec_recon_1=0.279161; ', 'bpp_1=0.290189; ', 'mse_2=0.000829; ', 'lpips_2=0.003740; ', 'codec_recon_2=0.079814; ', 'bpp_2=0.269066; ']
train step[563/1500] ; used: 8m:16s; eta: 13m:44s; loss = 0.349616; ['mse_0=0.001792; ', 'lpips_0=0.004305; ', 'codec_recon_0=0.018706; ', 'bpp_0=1.235211; ', 'mse_1=0.001416; ', 'lpips_1=0.003416; ', 'codec_recon_1=0.264699; ', 'bpp_1=0.286527; ', 'mse_2=0.001337; ', 'lpips_2=0.003254; ', 'codec_recon_2=0.066209; ', 'bpp_2=0.264182; ']
train step[564/1500] ; used: 8m:17s; eta: 13m:43s; loss = 0.411870; ['mse_0=0.001347; ', 'lpips_0=0.003911; ', 'codec_recon_0=0.017671; ', 'bpp_0=1.268243; ', 'mse_1=0.000847; ', 'lpips_1=0.002878; ', 'codec_recon_1=0.323223; ', 'bpp_1=0.297076; ', 'mse_2=0.000683; ', 'lpips_2=0.002516; ', 'codec_recon_2=0.070974; ', 'bpp_2=0.277397; ']
train step[565/1500] ; used: 8m:17s; eta: 13m:42s; loss = 0.431714; ['mse_0=0.001567; ', 'lpips_0=0.004481; ', 'codec_recon_0=0.020869; ', 'bpp_0=1.295964; ', 'mse_1=0.001187; ', 'lpips_1=0.003236; ', 'codec_recon_1=0.327323; ', 'bpp_1=0.297853; ', 'mse_2=0.001122; ', 'lpips_2=0.003031; ', 'codec_recon_2=0.083519; ', 'bpp_2=0.278979; ']
train step[566/1500] ; used: 8m:18s; eta: 13m:41s; loss = 0.395691; ['mse_0=0.001754; ', 'lpips_0=0.005560; ', 'codec_recon_0=0.025805; ', 'bpp_0=1.232775; ', 'mse_1=0.001495; ', 'lpips_1=0.004525; ', 'codec_recon_1=0.289506; ', 'bpp_1=0.290265; ', 'mse_2=0.001444; ', 'lpips_2=0.004329; ', 'codec_recon_2=0.080378; ', 'bpp_2=0.268534; ']
train step[567/1500] ; used: 8m:19s; eta: 13m:40s; loss = 0.395099; ['mse_0=0.001767; ', 'lpips_0=0.004612; ', 'codec_recon_0=0.025030; ', 'bpp_0=1.243028; ', 'mse_1=0.001504; ', 'lpips_1=0.003632; ', 'codec_recon_1=0.289241; ', 'bpp_1=0.295485; ', 'mse_2=0.001465; ', 'lpips_2=0.003490; ', 'codec_recon_2=0.080827; ', 'bpp_2=0.274449; ']
train step[568/1500] ; used: 8m:19s; eta: 13m:38s; loss = 0.355028; ['mse_0=0.000552; ', 'lpips_0=0.002942; ', 'codec_recon_0=0.020775; ', 'bpp_0=1.254731; ', 'mse_1=0.000442; ', 'lpips_1=0.002319; ', 'codec_recon_1=0.259097; ', 'bpp_1=0.290925; ', 'mse_2=0.000424; ', 'lpips_2=0.002226; ', 'codec_recon_2=0.075154; ', 'bpp_2=0.267241; ']
train step[569/1500] ; used: 8m:20s; eta: 13m:37s; loss = 0.407672; ['mse_0=0.000664; ', 'lpips_0=0.004170; ', 'codec_recon_0=0.020390; ', 'bpp_0=1.238640; ', 'mse_1=0.000505; ', 'lpips_1=0.003238; ', 'codec_recon_1=0.296770; ', 'bpp_1=0.294591; ', 'mse_2=0.000478; ', 'lpips_2=0.003099; ', 'codec_recon_2=0.090511; ', 'bpp_2=0.272561; ']
train step[570/1500] ; used: 8m:21s; eta: 13m:36s; loss = 0.404554; ['mse_0=0.002703; ', 'lpips_0=0.005996; ', 'codec_recon_0=0.022239; ', 'bpp_0=1.267128; ', 'mse_1=0.001998; ', 'lpips_1=0.004881; ', 'codec_recon_1=0.310717; ', 'bpp_1=0.292841; ', 'mse_2=0.001947; ', 'lpips_2=0.004675; ', 'codec_recon_2=0.071597; ', 'bpp_2=0.272654; ']
train step[571/1500] ; used: 8m:21s; eta: 13m:35s; loss = 0.379832; ['mse_0=0.001503; ', 'lpips_0=0.004192; ', 'codec_recon_0=0.016901; ', 'bpp_0=1.240275; ', 'mse_1=0.001241; ', 'lpips_1=0.003262; ', 'codec_recon_1=0.292564; ', 'bpp_1=0.294814; ', 'mse_2=0.001186; ', 'lpips_2=0.003150; ', 'codec_recon_2=0.070366; ', 'bpp_2=0.272880; ']
train step[572/1500] ; used: 8m:22s; eta: 13m:34s; loss = 0.368902; ['mse_0=0.001277; ', 'lpips_0=0.003919; ', 'codec_recon_0=0.018495; ', 'bpp_0=1.233365; ', 'mse_1=0.001037; ', 'lpips_1=0.003150; ', 'codec_recon_1=0.277045; ', 'bpp_1=0.294660; ', 'mse_2=0.000989; ', 'lpips_2=0.003004; ', 'codec_recon_2=0.073361; ', 'bpp_2=0.272998; ']
train step[573/1500] ; used: 8m:23s; eta: 13m:32s; loss = 0.362260; ['mse_0=0.001166; ', 'lpips_0=0.003775; ', 'codec_recon_0=0.020720; ', 'bpp_0=1.230140; ', 'mse_1=0.000693; ', 'lpips_1=0.002924; ', 'codec_recon_1=0.275924; ', 'bpp_1=0.288388; ', 'mse_2=0.000632; ', 'lpips_2=0.002777; ', 'codec_recon_2=0.065614; ', 'bpp_2=0.266066; ']
train step[574/1500] ; used: 8m:24s; eta: 13m:31s; loss = 0.366724; ['mse_0=0.001686; ', 'lpips_0=0.004239; ', 'codec_recon_0=0.022632; ', 'bpp_0=1.219434; ', 'mse_1=0.001448; ', 'lpips_1=0.003575; ', 'codec_recon_1=0.267896; ', 'bpp_1=0.293556; ', 'mse_2=0.001427; ', 'lpips_2=0.003431; ', 'codec_recon_2=0.076195; ', 'bpp_2=0.272947; ']
train step[575/1500] ; used: 8m:24s; eta: 13m:30s; loss = 0.364492; ['mse_0=0.000308; ', 'lpips_0=0.003369; ', 'codec_recon_0=0.021357; ', 'bpp_0=1.228641; ', 'mse_1=0.000195; ', 'lpips_1=0.002688; ', 'codec_recon_1=0.266824; ', 'bpp_1=0.288948; ', 'mse_2=0.000178; ', 'lpips_2=0.002558; ', 'codec_recon_2=0.076309; ', 'bpp_2=0.264316; ']
train step[576/1500] ; used: 8m:25s; eta: 13m:29s; loss = 0.361515; ['mse_0=0.003116; ', 'lpips_0=0.006529; ', 'codec_recon_0=0.024278; ', 'bpp_0=1.190326; ', 'mse_1=0.002926; ', 'lpips_1=0.005957; ', 'codec_recon_1=0.261371; ', 'bpp_1=0.288151; ', 'mse_2=0.002875; ', 'lpips_2=0.005866; ', 'codec_recon_2=0.075865; ', 'bpp_2=0.267642; ']
train step[577/1500] ; used: 8m:25s; eta: 13m:27s; loss = 0.422071; ['mse_0=0.000696; ', 'lpips_0=0.002928; ', 'codec_recon_0=0.023526; ', 'bpp_0=1.247962; ', 'mse_1=0.000577; ', 'lpips_1=0.002181; ', 'codec_recon_1=0.275989; ', 'bpp_1=0.293196; ', 'mse_2=0.000552; ', 'lpips_2=0.002045; ', 'codec_recon_2=0.122554; ', 'bpp_2=0.268032; ']
train step[578/1500] ; used: 8m:26s; eta: 13m:26s; loss = 0.390524; ['mse_0=0.001731; ', 'lpips_0=0.003757; ', 'codec_recon_0=0.020815; ', 'bpp_0=1.262431; ', 'mse_1=0.001450; ', 'lpips_1=0.002793; ', 'codec_recon_1=0.291022; ', 'bpp_1=0.295613; ', 'mse_2=0.001407; ', 'lpips_2=0.002559; ', 'codec_recon_2=0.078685; ', 'bpp_2=0.275297; ']
train step[579/1500] ; used: 8m:27s; eta: 13m:25s; loss = 0.428265; ['mse_0=0.000979; ', 'lpips_0=0.003620; ', 'codec_recon_0=0.018809; ', 'bpp_0=1.262757; ', 'mse_1=0.000538; ', 'lpips_1=0.002450; ', 'codec_recon_1=0.334899; ', 'bpp_1=0.291924; ', 'mse_2=0.000475; ', 'lpips_2=0.002314; ', 'codec_recon_2=0.074555; ', 'bpp_2=0.270841; ']
train step[580/1500] ; used: 8m:28s; eta: 13m:24s; loss = 0.379285; ['mse_0=0.000766; ', 'lpips_0=0.003947; ', 'codec_recon_0=0.018960; ', 'bpp_0=1.230070; ', 'mse_1=0.000521; ', 'lpips_1=0.003167; ', 'codec_recon_1=0.282385; ', 'bpp_1=0.291416; ', 'mse_2=0.000485; ', 'lpips_2=0.003001; ', 'codec_recon_2=0.077938; ', 'bpp_2=0.270287; ']
train step[581/1500] ; used: 8m:28s; eta: 13m:23s; loss = 0.349131; ['mse_0=0.000668; ', 'lpips_0=0.004150; ', 'codec_recon_0=0.017441; ', 'bpp_0=1.228290; ', 'mse_1=0.000391; ', 'lpips_1=0.003070; ', 'codec_recon_1=0.256622; ', 'bpp_1=0.292803; ', 'mse_2=0.000361; ', 'lpips_2=0.002931; ', 'codec_recon_2=0.075066; ', 'bpp_2=0.269951; ']
train step[582/1500] ; used: 8m:29s; eta: 13m:22s; loss = 0.361424; ['mse_0=0.000677; ', 'lpips_0=0.004049; ', 'codec_recon_0=0.024889; ', 'bpp_0=1.196602; ', 'mse_1=0.000525; ', 'lpips_1=0.003376; ', 'codec_recon_1=0.261386; ', 'bpp_1=0.293147; ', 'mse_2=0.000497; ', 'lpips_2=0.003278; ', 'codec_recon_2=0.075146; ', 'bpp_2=0.270881; ']
train step[583/1500] ; used: 8m:30s; eta: 13m:21s; loss = 0.417084; ['mse_0=0.001168; ', 'lpips_0=0.003623; ', 'codec_recon_0=0.017745; ', 'bpp_0=1.253325; ', 'mse_1=0.000872; ', 'lpips_1=0.002406; ', 'codec_recon_1=0.317551; ', 'bpp_1=0.296710; ', 'mse_2=0.000817; ', 'lpips_2=0.002181; ', 'codec_recon_2=0.081786; ', 'bpp_2=0.275946; ']
train step[584/1500] ; used: 8m:30s; eta: 13m:20s; loss = 0.380954; ['mse_0=0.000892; ', 'lpips_0=0.003444; ', 'codec_recon_0=0.019664; ', 'bpp_0=1.266942; ', 'mse_1=0.000644; ', 'lpips_1=0.002406; ', 'codec_recon_1=0.283660; ', 'bpp_1=0.292689; ', 'mse_2=0.000574; ', 'lpips_2=0.002247; ', 'codec_recon_2=0.077629; ', 'bpp_2=0.270560; ']
train step[585/1500] ; used: 8m:31s; eta: 13m:18s; loss = 0.372269; ['mse_0=0.000989; ', 'lpips_0=0.003561; ', 'codec_recon_0=0.019134; ', 'bpp_0=1.221526; ', 'mse_1=0.000840; ', 'lpips_1=0.002931; ', 'codec_recon_1=0.269956; ', 'bpp_1=0.292010; ', 'mse_2=0.000820; ', 'lpips_2=0.002789; ', 'codec_recon_2=0.083178; ', 'bpp_2=0.269634; ']
train step[586/1500] ; used: 8m:32s; eta: 13m:17s; loss = 0.339889; ['mse_0=0.002173; ', 'lpips_0=0.005215; ', 'codec_recon_0=0.021913; ', 'bpp_0=1.198331; ', 'mse_1=0.001796; ', 'lpips_1=0.004569; ', 'codec_recon_1=0.245246; ', 'bpp_1=0.288043; ', 'mse_2=0.001773; ', 'lpips_2=0.004432; ', 'codec_recon_2=0.072728; ', 'bpp_2=0.267756; ']
train step[587/1500] ; used: 8m:33s; eta: 13m:16s; loss = 0.377913; ['mse_0=0.000909; ', 'lpips_0=0.004207; ', 'codec_recon_0=0.021124; ', 'bpp_0=1.227317; ', 'mse_1=0.000790; ', 'lpips_1=0.003317; ', 'codec_recon_1=0.278551; ', 'bpp_1=0.292253; ', 'mse_2=0.000746; ', 'lpips_2=0.003045; ', 'codec_recon_2=0.078237; ', 'bpp_2=0.271400; ']
train step[588/1500] ; used: 8m:33s; eta: 13m:15s; loss = 0.378241; ['mse_0=0.000777; ', 'lpips_0=0.003453; ', 'codec_recon_0=0.018741; ', 'bpp_0=1.225788; ', 'mse_1=0.000554; ', 'lpips_1=0.002722; ', 'codec_recon_1=0.282356; ', 'bpp_1=0.292895; ', 'mse_2=0.000518; ', 'lpips_2=0.002646; ', 'codec_recon_2=0.077142; ', 'bpp_2=0.270700; ']
train step[589/1500] ; used: 8m:34s; eta: 13m:14s; loss = 0.413199; ['mse_0=0.001351; ', 'lpips_0=0.004166; ', 'codec_recon_0=0.018526; ', 'bpp_0=1.279055; ', 'mse_1=0.001055; ', 'lpips_1=0.003052; ', 'codec_recon_1=0.312859; ', 'bpp_1=0.299060; ', 'mse_2=0.000977; ', 'lpips_2=0.002838; ', 'codec_recon_2=0.081812; ', 'bpp_2=0.279831; ']
train step[590/1500] ; used: 8m:35s; eta: 13m:13s; loss = 0.429039; ['mse_0=0.001835; ', 'lpips_0=0.004730; ', 'codec_recon_0=0.017179; ', 'bpp_0=1.260383; ', 'mse_1=0.001298; ', 'lpips_1=0.003407; ', 'codec_recon_1=0.329459; ', 'bpp_1=0.297481; ', 'mse_2=0.001239; ', 'lpips_2=0.003206; ', 'codec_recon_2=0.082399; ', 'bpp_2=0.278278; ']
train step[591/1500] ; used: 8m:35s; eta: 13m:12s; loss = 0.368982; ['mse_0=0.000751; ', 'lpips_0=0.002775; ', 'codec_recon_0=0.020506; ', 'bpp_0=1.252404; ', 'mse_1=0.000458; ', 'lpips_1=0.002110; ', 'codec_recon_1=0.280030; ', 'bpp_1=0.294000; ', 'mse_2=0.000405; ', 'lpips_2=0.002013; ', 'codec_recon_2=0.068444; ', 'bpp_2=0.272246; ']
train step[592/1500] ; used: 8m:36s; eta: 13m:11s; loss = 0.405836; ['mse_0=0.000495; ', 'lpips_0=0.002853; ', 'codec_recon_0=0.020065; ', 'bpp_0=1.246204; ', 'mse_1=0.000243; ', 'lpips_1=0.001888; ', 'codec_recon_1=0.308355; ', 'bpp_1=0.294981; ', 'mse_2=0.000215; ', 'lpips_2=0.001782; ', 'codec_recon_2=0.077414; ', 'bpp_2=0.274673; ']
train step[593/1500] ; used: 8m:37s; eta: 13m:9s; loss = 0.421754; ['mse_0=0.003184; ', 'lpips_0=0.006847; ', 'codec_recon_0=0.020727; ', 'bpp_0=1.220872; ', 'mse_1=0.002885; ', 'lpips_1=0.005339; ', 'codec_recon_1=0.313198; ', 'bpp_1=0.291726; ', 'mse_2=0.002830; ', 'lpips_2=0.005047; ', 'codec_recon_2=0.087827; ', 'bpp_2=0.271402; ']
train step[594/1500] ; used: 8m:38s; eta: 13m:8s; loss = 0.359573; ['mse_0=0.000763; ', 'lpips_0=0.003959; ', 'codec_recon_0=0.018389; ', 'bpp_0=1.214128; ', 'mse_1=0.000594; ', 'lpips_1=0.003154; ', 'codec_recon_1=0.268788; ', 'bpp_1=0.293596; ', 'mse_2=0.000547; ', 'lpips_2=0.002946; ', 'codec_recon_2=0.072393; ', 'bpp_2=0.273009; ']
train step[595/1500] ; used: 8m:38s; eta: 13m:7s; loss = 0.472319; ['mse_0=0.001838; ', 'lpips_0=0.005359; ', 'codec_recon_0=0.018975; ', 'bpp_0=1.286895; ', 'mse_1=0.001525; ', 'lpips_1=0.004215; ', 'codec_recon_1=0.367435; ', 'bpp_1=0.296635; ', 'mse_2=0.001465; ', 'lpips_2=0.003884; ', 'codec_recon_2=0.085906; ', 'bpp_2=0.278292; ']
train step[596/1500] ; used: 8m:39s; eta: 13m:6s; loss = 0.354985; ['mse_0=0.000698; ', 'lpips_0=0.003749; ', 'codec_recon_0=0.020861; ', 'bpp_0=1.199495; ', 'mse_1=0.000533; ', 'lpips_1=0.003092; ', 'codec_recon_1=0.261086; ', 'bpp_1=0.291086; ', 'mse_2=0.000514; ', 'lpips_2=0.002921; ', 'codec_recon_2=0.073037; ', 'bpp_2=0.268843; ']
train step[597/1500] ; used: 8m:40s; eta: 13m:5s; loss = 0.378583; ['mse_0=0.000721; ', 'lpips_0=0.003621; ', 'codec_recon_0=0.018598; ', 'bpp_0=1.208674; ', 'mse_1=0.000482; ', 'lpips_1=0.002801; ', 'codec_recon_1=0.284813; ', 'bpp_1=0.292050; ', 'mse_2=0.000428; ', 'lpips_2=0.002603; ', 'codec_recon_2=0.075170; ', 'bpp_2=0.270983; ']
train step[598/1500] ; used: 8m:40s; eta: 13m:4s; loss = 0.372709; ['mse_0=0.002031; ', 'lpips_0=0.004907; ', 'codec_recon_0=0.031236; ', 'bpp_0=1.206398; ', 'mse_1=0.001887; ', 'lpips_1=0.004231; ', 'codec_recon_1=0.254716; ', 'bpp_1=0.290367; ', 'mse_2=0.001889; ', 'lpips_2=0.004111; ', 'codec_recon_2=0.086755; ', 'bpp_2=0.269164; ']
train step[599/1500] ; used: 8m:41s; eta: 13m:3s; loss = 0.382114; ['mse_0=0.000506; ', 'lpips_0=0.002731; ', 'codec_recon_0=0.017087; ', 'bpp_0=1.214727; ', 'mse_1=0.000250; ', 'lpips_1=0.001751; ', 'codec_recon_1=0.289217; ', 'bpp_1=0.293117; ', 'mse_2=0.000208; ', 'lpips_2=0.001587; ', 'codec_recon_2=0.075807; ', 'bpp_2=0.270499; ']
train step[600/1500] ; used: 8m:44s; eta: 13m:5s; loss = 0.361938; ['mse_0=0.000771; ', 'lpips_0=0.002750; ', 'codec_recon_0=0.016547; ', 'bpp_0=1.275050; ', 'mse_1=0.000482; ', 'lpips_1=0.001898; ', 'codec_recon_1=0.275203; ', 'bpp_1=0.296406; ', 'mse_2=0.000418; ', 'lpips_2=0.001754; ', 'codec_recon_2=0.070186; ', 'bpp_2=0.274190; ']
train step[601/1500] ; used: 8m:45s; eta: 13m:4s; loss = 0.405014; ['mse_0=0.001208; ', 'lpips_0=0.003900; ', 'codec_recon_0=0.027658; ', 'bpp_0=1.237333; ', 'mse_1=0.000984; ', 'lpips_1=0.003028; ', 'codec_recon_1=0.286534; ', 'bpp_1=0.296469; ', 'mse_2=0.000946; ', 'lpips_2=0.002879; ', 'codec_recon_2=0.090820; ', 'bpp_2=0.275903; ']
train step[602/1500] ; used: 8m:45s; eta: 13m:3s; loss = 0.417474; ['mse_0=0.001020; ', 'lpips_0=0.003891; ', 'codec_recon_0=0.024814; ', 'bpp_0=1.254020; ', 'mse_1=0.000768; ', 'lpips_1=0.003093; ', 'codec_recon_1=0.289567; ', 'bpp_1=0.294901; ', 'mse_2=0.000737; ', 'lpips_2=0.003002; ', 'codec_recon_2=0.103091; ', 'bpp_2=0.275588; ']
train step[603/1500] ; used: 8m:46s; eta: 13m:1s; loss = 0.434946; ['mse_0=0.002114; ', 'lpips_0=0.006118; ', 'codec_recon_0=0.018814; ', 'bpp_0=1.283495; ', 'mse_1=0.001881; ', 'lpips_1=0.004549; ', 'codec_recon_1=0.336337; ', 'bpp_1=0.298812; ', 'mse_2=0.001852; ', 'lpips_2=0.004253; ', 'codec_recon_2=0.079793; ', 'bpp_2=0.282610; ']
train step[604/1500] ; used: 8m:47s; eta: 13m; loss = 0.392223; ['mse_0=0.001145; ', 'lpips_0=0.003928; ', 'codec_recon_0=0.021983; ', 'bpp_0=1.220077; ', 'mse_1=0.000900; ', 'lpips_1=0.003108; ', 'codec_recon_1=0.292364; ', 'bpp_1=0.293488; ', 'mse_2=0.000888; ', 'lpips_2=0.003032; ', 'codec_recon_2=0.077875; ', 'bpp_2=0.273079; ']
train step[605/1500] ; used: 8m:47s; eta: 12m:59s; loss = 0.444705; ['mse_0=0.001118; ', 'lpips_0=0.004887; ', 'codec_recon_0=0.020370; ', 'bpp_0=1.242854; ', 'mse_1=0.000850; ', 'lpips_1=0.003740; ', 'codec_recon_1=0.338622; ', 'bpp_1=0.293481; ', 'mse_2=0.000782; ', 'lpips_2=0.003410; ', 'codec_recon_2=0.085711; ', 'bpp_2=0.273119; ']
train step[606/1500] ; used: 8m:48s; eta: 12m:58s; loss = 0.323429; ['mse_0=0.000690; ', 'lpips_0=0.003792; ', 'codec_recon_0=0.019073; ', 'bpp_0=1.226656; ', 'mse_1=0.000545; ', 'lpips_1=0.003181; ', 'codec_recon_1=0.235720; ', 'bpp_1=0.290099; ', 'mse_2=0.000515; ', 'lpips_2=0.003035; ', 'codec_recon_2=0.068635; ', 'bpp_2=0.269652; ']
train step[607/1500] ; used: 8m:49s; eta: 12m:57s; loss = 0.459144; ['mse_0=0.004437; ', 'lpips_0=0.006240; ', 'codec_recon_0=0.018996; ', 'bpp_0=1.287339; ', 'mse_1=0.003850; ', 'lpips_1=0.004921; ', 'codec_recon_1=0.368171; ', 'bpp_1=0.298637; ', 'mse_2=0.003773; ', 'lpips_2=0.004680; ', 'codec_recon_2=0.071975; ', 'bpp_2=0.281632; ']
train step[608/1500] ; used: 8m:49s; eta: 12m:56s; loss = 0.357666; ['mse_0=0.001128; ', 'lpips_0=0.004825; ', 'codec_recon_0=0.020748; ', 'bpp_0=1.222185; ', 'mse_1=0.001083; ', 'lpips_1=0.004095; ', 'codec_recon_1=0.256306; ', 'bpp_1=0.290658; ', 'mse_2=0.001062; ', 'lpips_2=0.003942; ', 'codec_recon_2=0.080610; ', 'bpp_2=0.265911; ']
train step[609/1500] ; used: 8m:50s; eta: 12m:54s; loss = 0.422827; ['mse_0=0.000734; ', 'lpips_0=0.004826; ', 'codec_recon_0=0.020286; ', 'bpp_0=1.198713; ', 'mse_1=0.000536; ', 'lpips_1=0.003758; ', 'codec_recon_1=0.319395; ', 'bpp_1=0.293187; ', 'mse_2=0.000506; ', 'lpips_2=0.003630; ', 'codec_recon_2=0.083144; ', 'bpp_2=0.273065; ']
train step[610/1500] ; used: 8m:51s; eta: 12m:53s; loss = 0.499942; ['mse_0=0.002621; ', 'lpips_0=0.008215; ', 'codec_recon_0=0.021402; ', 'bpp_0=1.273881; ', 'mse_1=0.002410; ', 'lpips_1=0.006752; ', 'codec_recon_1=0.389396; ', 'bpp_1=0.295354; ', 'mse_2=0.002354; ', 'lpips_2=0.006466; ', 'codec_recon_2=0.089142; ', 'bpp_2=0.279956; ']
train step[611/1500] ; used: 8m:51s; eta: 12m:52s; loss = 0.418714; ['mse_0=0.002213; ', 'lpips_0=0.005602; ', 'codec_recon_0=0.017912; ', 'bpp_0=1.225606; ', 'mse_1=0.001790; ', 'lpips_1=0.004567; ', 'codec_recon_1=0.313492; ', 'bpp_1=0.293807; ', 'mse_2=0.001724; ', 'lpips_2=0.004380; ', 'codec_recon_2=0.087308; ', 'bpp_2=0.274464; ']
train step[612/1500] ; used: 8m:52s; eta: 12m:51s; loss = 0.402886; ['mse_0=0.000964; ', 'lpips_0=0.004806; ', 'codec_recon_0=0.019632; ', 'bpp_0=1.235856; ', 'mse_1=0.000843; ', 'lpips_1=0.003725; ', 'codec_recon_1=0.298766; ', 'bpp_1=0.291772; ', 'mse_2=0.000831; ', 'lpips_2=0.003462; ', 'codec_recon_2=0.084486; ', 'bpp_2=0.270305; ']
train step[613/1500] ; used: 8m:53s; eta: 12m:50s; loss = 0.372718; ['mse_0=0.001575; ', 'lpips_0=0.005389; ', 'codec_recon_0=0.022156; ', 'bpp_0=1.221707; ', 'mse_1=0.001306; ', 'lpips_1=0.004613; ', 'codec_recon_1=0.274566; ', 'bpp_1=0.291475; ', 'mse_2=0.001290; ', 'lpips_2=0.004503; ', 'codec_recon_2=0.075995; ', 'bpp_2=0.270716; ']
train step[614/1500] ; used: 8m:53s; eta: 12m:49s; loss = 0.385451; ['mse_0=0.001172; ', 'lpips_0=0.005051; ', 'codec_recon_0=0.018928; ', 'bpp_0=1.253178; ', 'mse_1=0.000946; ', 'lpips_1=0.004244; ', 'codec_recon_1=0.285319; ', 'bpp_1=0.295603; ', 'mse_2=0.000919; ', 'lpips_2=0.004109; ', 'codec_recon_2=0.081202; ', 'bpp_2=0.275854; ']
train step[615/1500] ; used: 8m:54s; eta: 12m:48s; loss = 0.409024; ['mse_0=0.000568; ', 'lpips_0=0.003246; ', 'codec_recon_0=0.020039; ', 'bpp_0=1.224750; ', 'mse_1=0.000381; ', 'lpips_1=0.002466; ', 'codec_recon_1=0.302341; ', 'bpp_1=0.292664; ', 'mse_2=0.000338; ', 'lpips_2=0.002321; ', 'codec_recon_2=0.086643; ', 'bpp_2=0.271559; ']
train step[616/1500] ; used: 8m:55s; eta: 12m:46s; loss = 0.406473; ['mse_0=0.000640; ', 'lpips_0=0.005265; ', 'codec_recon_0=0.019227; ', 'bpp_0=1.239291; ', 'mse_1=0.000526; ', 'lpips_1=0.004532; ', 'codec_recon_1=0.294860; ', 'bpp_1=0.291805; ', 'mse_2=0.000497; ', 'lpips_2=0.004213; ', 'codec_recon_2=0.092385; ', 'bpp_2=0.267738; ']
train step[617/1500] ; used: 8m:55s; eta: 12m:45s; loss = 0.373431; ['mse_0=0.001630; ', 'lpips_0=0.003889; ', 'codec_recon_0=0.018467; ', 'bpp_0=1.221769; ', 'mse_1=0.001449; ', 'lpips_1=0.003061; ', 'codec_recon_1=0.278486; ', 'bpp_1=0.291096; ', 'mse_2=0.001426; ', 'lpips_2=0.002870; ', 'codec_recon_2=0.076477; ', 'bpp_2=0.269814; ']
train step[618/1500] ; used: 8m:56s; eta: 12m:44s; loss = 0.383387; ['mse_0=0.000523; ', 'lpips_0=0.003190; ', 'codec_recon_0=0.018496; ', 'bpp_0=1.231736; ', 'mse_1=0.000281; ', 'lpips_1=0.002223; ', 'codec_recon_1=0.290149; ', 'bpp_1=0.293207; ', 'mse_2=0.000251; ', 'lpips_2=0.002055; ', 'codec_recon_2=0.074741; ', 'bpp_2=0.271726; ']
train step[619/1500] ; used: 8m:57s; eta: 12m:43s; loss = 0.390118; ['mse_0=0.002562; ', 'lpips_0=0.003523; ', 'codec_recon_0=0.018277; ', 'bpp_0=1.244875; ', 'mse_1=0.002492; ', 'lpips_1=0.002787; ', 'codec_recon_1=0.297484; ', 'bpp_1=0.293761; ', 'mse_2=0.002523; ', 'lpips_2=0.002686; ', 'codec_recon_2=0.074356; ', 'bpp_2=0.273376; ']
train step[620/1500] ; used: 8m:57s; eta: 12m:42s; loss = 0.455816; ['mse_0=0.001776; ', 'lpips_0=0.005297; ', 'codec_recon_0=0.019989; ', 'bpp_0=1.319719; ', 'mse_1=0.001054; ', 'lpips_1=0.003425; ', 'codec_recon_1=0.351139; ', 'bpp_1=0.297574; ', 'mse_2=0.000980; ', 'lpips_2=0.003148; ', 'codec_recon_2=0.084685; ', 'bpp_2=0.279643; ']
train step[621/1500] ; used: 8m:58s; eta: 12m:41s; loss = 0.398868; ['mse_0=0.001930; ', 'lpips_0=0.007680; ', 'codec_recon_0=0.020139; ', 'bpp_0=1.219900; ', 'mse_1=0.001687; ', 'lpips_1=0.006927; ', 'codec_recon_1=0.299651; ', 'bpp_1=0.293615; ', 'mse_2=0.001600; ', 'lpips_2=0.006694; ', 'codec_recon_2=0.079077; ', 'bpp_2=0.274586; ']
train step[622/1500] ; used: 8m:59s; eta: 12m:39s; loss = 0.416023; ['mse_0=0.004046; ', 'lpips_0=0.004678; ', 'codec_recon_0=0.022824; ', 'bpp_0=1.257391; ', 'mse_1=0.003750; ', 'lpips_1=0.003566; ', 'codec_recon_1=0.307088; ', 'bpp_1=0.292360; ', 'mse_2=0.003689; ', 'lpips_2=0.003431; ', 'codec_recon_2=0.086110; ', 'bpp_2=0.272679; ']
train step[623/1500] ; used: 8m:59s; eta: 12m:38s; loss = 0.418903; ['mse_0=0.001218; ', 'lpips_0=0.004144; ', 'codec_recon_0=0.018375; ', 'bpp_0=1.279837; ', 'mse_1=0.000793; ', 'lpips_1=0.002963; ', 'codec_recon_1=0.324589; ', 'bpp_1=0.297236; ', 'mse_2=0.000681; ', 'lpips_2=0.002689; ', 'codec_recon_2=0.075938; ', 'bpp_2=0.277463; ']
train step[624/1500] ; used: 9m; eta: 12m:37s; loss = 0.457803; ['mse_0=0.002493; ', 'lpips_0=0.005583; ', 'codec_recon_0=0.018522; ', 'bpp_0=1.278150; ', 'mse_1=0.001892; ', 'lpips_1=0.004073; ', 'codec_recon_1=0.367099; ', 'bpp_1=0.297022; ', 'mse_2=0.001741; ', 'lpips_2=0.003773; ', 'codec_recon_2=0.072180; ', 'bpp_2=0.279939; ']
train step[625/1500] ; used: 9m:1s; eta: 12m:36s; loss = 0.347179; ['mse_0=0.000648; ', 'lpips_0=0.003405; ', 'codec_recon_0=0.019570; ', 'bpp_0=1.243267; ', 'mse_1=0.000506; ', 'lpips_1=0.002785; ', 'codec_recon_1=0.255815; ', 'bpp_1=0.290101; ', 'mse_2=0.000473; ', 'lpips_2=0.002676; ', 'codec_recon_2=0.071792; ', 'bpp_2=0.267887; ']
train step[626/1500] ; used: 9m:1s; eta: 12m:35s; loss = 0.360049; ['mse_0=0.001948; ', 'lpips_0=0.003234; ', 'codec_recon_0=0.017753; ', 'bpp_0=1.224796; ', 'mse_1=0.001805; ', 'lpips_1=0.002486; ', 'codec_recon_1=0.270419; ', 'bpp_1=0.293319; ', 'mse_2=0.001778; ', 'lpips_2=0.002337; ', 'codec_recon_2=0.071874; ', 'bpp_2=0.272026; ']
train step[627/1500] ; used: 9m:2s; eta: 12m:34s; loss = 0.476196; ['mse_0=0.001817; ', 'lpips_0=0.005123; ', 'codec_recon_0=0.025565; ', 'bpp_0=1.273111; ', 'mse_1=0.001379; ', 'lpips_1=0.003626; ', 'codec_recon_1=0.367377; ', 'bpp_1=0.298313; ', 'mse_2=0.001333; ', 'lpips_2=0.003344; ', 'codec_recon_2=0.083252; ', 'bpp_2=0.279371; ']
train step[628/1500] ; used: 9m:3s; eta: 12m:33s; loss = 0.354914; ['mse_0=0.000706; ', 'lpips_0=0.003744; ', 'codec_recon_0=0.019970; ', 'bpp_0=1.199681; ', 'mse_1=0.000536; ', 'lpips_1=0.003056; ', 'codec_recon_1=0.259568; ', 'bpp_1=0.290111; ', 'mse_2=0.000511; ', 'lpips_2=0.002940; ', 'codec_recon_2=0.075373; ', 'bpp_2=0.267451; ']
train step[629/1500] ; used: 9m:3s; eta: 12m:32s; loss = 0.356582; ['mse_0=0.001810; ', 'lpips_0=0.004260; ', 'codec_recon_0=0.020944; ', 'bpp_0=1.209607; ', 'mse_1=0.001622; ', 'lpips_1=0.003626; ', 'codec_recon_1=0.265750; ', 'bpp_1=0.290225; ', 'mse_2=0.001593; ', 'lpips_2=0.003535; ', 'codec_recon_2=0.069886; ', 'bpp_2=0.268447; ']
train step[630/1500] ; used: 9m:5s; eta: 12m:31s; loss = 0.384307; ['mse_0=0.001671; ', 'lpips_0=0.004208; ', 'codec_recon_0=0.019442; ', 'bpp_0=1.256158; ', 'mse_1=0.001161; ', 'lpips_1=0.003118; ', 'codec_recon_1=0.292199; ', 'bpp_1=0.297924; ', 'mse_2=0.001066; ', 'lpips_2=0.002955; ', 'codec_recon_2=0.072664; ', 'bpp_2=0.277066; ']
train step[631/1500] ; used: 9m:5s; eta: 12m:30s; loss = 0.488330; ['mse_0=0.001778; ', 'lpips_0=0.006376; ', 'codec_recon_0=0.020741; ', 'bpp_0=1.254566; ', 'mse_1=0.001140; ', 'lpips_1=0.004423; ', 'codec_recon_1=0.381671; ', 'bpp_1=0.295238; ', 'mse_2=0.001025; ', 'lpips_2=0.004090; ', 'codec_recon_2=0.085915; ', 'bpp_2=0.275878; ']
train step[632/1500] ; used: 9m:6s; eta: 12m:29s; loss = 0.354551; ['mse_0=0.000297; ', 'lpips_0=0.002671; ', 'codec_recon_0=0.018083; ', 'bpp_0=1.189594; ', 'mse_1=0.000192; ', 'lpips_1=0.002022; ', 'codec_recon_1=0.259921; ', 'bpp_1=0.289062; ', 'mse_2=0.000165; ', 'lpips_2=0.001904; ', 'codec_recon_2=0.076546; ', 'bpp_2=0.262895; ']
train step[633/1500] ; used: 9m:7s; eta: 12m:28s; loss = 0.361124; ['mse_0=0.000488; ', 'lpips_0=0.005349; ', 'codec_recon_0=0.022010; ', 'bpp_0=1.180576; ', 'mse_1=0.000375; ', 'lpips_1=0.004561; ', 'codec_recon_1=0.260037; ', 'bpp_1=0.286624; ', 'mse_2=0.000353; ', 'lpips_2=0.004422; ', 'codec_recon_2=0.079076; ', 'bpp_2=0.266998; ']
train step[634/1500] ; used: 9m:7s; eta: 12m:27s; loss = 0.390537; ['mse_0=0.001055; ', 'lpips_0=0.003092; ', 'codec_recon_0=0.027564; ', 'bpp_0=1.222281; ', 'mse_1=0.000817; ', 'lpips_1=0.002375; ', 'codec_recon_1=0.278129; ', 'bpp_1=0.290768; ', 'mse_2=0.000787; ', 'lpips_2=0.002232; ', 'codec_recon_2=0.084841; ', 'bpp_2=0.269077; ']
train step[635/1500] ; used: 9m:8s; eta: 12m:25s; loss = 0.451743; ['mse_0=0.005593; ', 'lpips_0=0.007018; ', 'codec_recon_0=0.019189; ', 'bpp_0=1.294672; ', 'mse_1=0.004776; ', 'lpips_1=0.005507; ', 'codec_recon_1=0.351826; ', 'bpp_1=0.299911; ', 'mse_2=0.004601; ', 'lpips_2=0.005003; ', 'codec_recon_2=0.080726; ', 'bpp_2=0.281664; ']
train step[636/1500] ; used: 9m:9s; eta: 12m:24s; loss = 0.362039; ['mse_0=0.000639; ', 'lpips_0=0.003063; ', 'codec_recon_0=0.016523; ', 'bpp_0=1.217889; ', 'mse_1=0.000425; ', 'lpips_1=0.002300; ', 'codec_recon_1=0.273926; ', 'bpp_1=0.293820; ', 'mse_2=0.000384; ', 'lpips_2=0.002216; ', 'codec_recon_2=0.071589; ', 'bpp_2=0.270455; ']
train step[637/1500] ; used: 9m:9s; eta: 12m:23s; loss = 0.409420; ['mse_0=0.001737; ', 'lpips_0=0.005015; ', 'codec_recon_0=0.018921; ', 'bpp_0=1.272610; ', 'mse_1=0.001557; ', 'lpips_1=0.003995; ', 'codec_recon_1=0.308167; ', 'bpp_1=0.298940; ', 'mse_2=0.001564; ', 'lpips_2=0.003917; ', 'codec_recon_2=0.082330; ', 'bpp_2=0.278663; ']
train step[638/1500] ; used: 9m:10s; eta: 12m:22s; loss = 0.427309; ['mse_0=0.002315; ', 'lpips_0=0.006551; ', 'codec_recon_0=0.020378; ', 'bpp_0=1.261800; ', 'mse_1=0.001750; ', 'lpips_1=0.005117; ', 'codec_recon_1=0.330306; ', 'bpp_1=0.295785; ', 'mse_2=0.001603; ', 'lpips_2=0.004735; ', 'codec_recon_2=0.076623; ', 'bpp_2=0.278174; ']
train step[639/1500] ; used: 9m:11s; eta: 12m:21s; loss = 0.426694; ['mse_0=0.002128; ', 'lpips_0=0.004134; ', 'codec_recon_0=0.017516; ', 'bpp_0=1.286008; ', 'mse_1=0.001772; ', 'lpips_1=0.002821; ', 'codec_recon_1=0.328395; ', 'bpp_1=0.297666; ', 'mse_2=0.001708; ', 'lpips_2=0.002656; ', 'codec_recon_2=0.080781; ', 'bpp_2=0.277891; ']
train step[640/1500] ; used: 9m:11s; eta: 12m:20s; loss = 0.352230; ['mse_0=0.003733; ', 'lpips_0=0.005168; ', 'codec_recon_0=0.022532; ', 'bpp_0=1.191565; ', 'mse_1=0.003766; ', 'lpips_1=0.004597; ', 'codec_recon_1=0.253915; ', 'bpp_1=0.287926; ', 'mse_2=0.003804; ', 'lpips_2=0.004535; ', 'codec_recon_2=0.075782; ', 'bpp_2=0.267304; ']
train step[641/1500] ; used: 9m:12s; eta: 12m:19s; loss = 0.445958; ['mse_0=0.001698; ', 'lpips_0=0.005106; ', 'codec_recon_0=0.018950; ', 'bpp_0=1.296726; ', 'mse_1=0.001083; ', 'lpips_1=0.003316; ', 'codec_recon_1=0.347433; ', 'bpp_1=0.300523; ', 'mse_2=0.000990; ', 'lpips_2=0.003060; ', 'codec_recon_2=0.079573; ', 'bpp_2=0.284433; ']
train step[642/1500] ; used: 9m:13s; eta: 12m:18s; loss = 0.393878; ['mse_0=0.001883; ', 'lpips_0=0.003884; ', 'codec_recon_0=0.017566; ', 'bpp_0=1.297407; ', 'mse_1=0.001580; ', 'lpips_1=0.002837; ', 'codec_recon_1=0.298728; ', 'bpp_1=0.301658; ', 'mse_2=0.001517; ', 'lpips_2=0.002673; ', 'codec_recon_2=0.077581; ', 'bpp_2=0.282955; ']
train step[643/1500] ; used: 9m:13s; eta: 12m:17s; loss = 0.467783; ['mse_0=0.003516; ', 'lpips_0=0.005806; ', 'codec_recon_0=0.025835; ', 'bpp_0=1.233543; ', 'mse_1=0.002867; ', 'lpips_1=0.004245; ', 'codec_recon_1=0.341112; ', 'bpp_1=0.293857; ', 'mse_2=0.002805; ', 'lpips_2=0.003998; ', 'codec_recon_2=0.100835; ', 'bpp_2=0.270721; ']
train step[644/1500] ; used: 9m:14s; eta: 12m:15s; loss = 0.412108; ['mse_0=0.000491; ', 'lpips_0=0.003478; ', 'codec_recon_0=0.020200; ', 'bpp_0=1.200133; ', 'mse_1=0.000228; ', 'lpips_1=0.002396; ', 'codec_recon_1=0.312444; ', 'bpp_1=0.287168; ', 'mse_2=0.000197; ', 'lpips_2=0.002238; ', 'codec_recon_2=0.079462; ', 'bpp_2=0.264867; ']
train step[645/1500] ; used: 9m:15s; eta: 12m:14s; loss = 0.390111; ['mse_0=0.001441; ', 'lpips_0=0.003941; ', 'codec_recon_0=0.019287; ', 'bpp_0=1.225934; ', 'mse_1=0.001106; ', 'lpips_1=0.002980; ', 'codec_recon_1=0.297939; ', 'bpp_1=0.293298; ', 'mse_2=0.001012; ', 'lpips_2=0.002857; ', 'codec_recon_2=0.072883; ', 'bpp_2=0.272270; ']
train step[646/1500] ; used: 9m:15s; eta: 12m:13s; loss = 0.377569; ['mse_0=0.000610; ', 'lpips_0=0.004037; ', 'codec_recon_0=0.020802; ', 'bpp_0=1.203601; ', 'mse_1=0.000439; ', 'lpips_1=0.003360; ', 'codec_recon_1=0.278786; ', 'bpp_1=0.290895; ', 'mse_2=0.000403; ', 'lpips_2=0.003267; ', 'codec_recon_2=0.077979; ', 'bpp_2=0.269743; ']
train step[647/1500] ; used: 9m:16s; eta: 12m:12s; loss = 0.412580; ['mse_0=0.000866; ', 'lpips_0=0.003305; ', 'codec_recon_0=0.018767; ', 'bpp_0=1.272564; ', 'mse_1=0.000540; ', 'lpips_1=0.002289; ', 'codec_recon_1=0.315340; ', 'bpp_1=0.298230; ', 'mse_2=0.000503; ', 'lpips_2=0.002120; ', 'codec_recon_2=0.078472; ', 'bpp_2=0.277439; ']
train step[648/1500] ; used: 9m:17s; eta: 12m:11s; loss = 0.421701; ['mse_0=0.000650; ', 'lpips_0=0.003876; ', 'codec_recon_0=0.018622; ', 'bpp_0=1.214592; ', 'mse_1=0.000364; ', 'lpips_1=0.002732; ', 'codec_recon_1=0.322723; ', 'bpp_1=0.293435; ', 'mse_2=0.000318; ', 'lpips_2=0.002553; ', 'codec_recon_2=0.080354; ', 'bpp_2=0.273706; ']
train step[649/1500] ; used: 9m:18s; eta: 12m:10s; loss = 0.409225; ['mse_0=0.001912; ', 'lpips_0=0.004494; ', 'codec_recon_0=0.017300; ', 'bpp_0=1.280605; ', 'mse_1=0.001290; ', 'lpips_1=0.003169; ', 'codec_recon_1=0.317590; ', 'bpp_1=0.298937; ', 'mse_2=0.001191; ', 'lpips_2=0.002960; ', 'codec_recon_2=0.074332; ', 'bpp_2=0.281182; ']
train step[650/1500] ; used: 9m:18s; eta: 12m:9s; loss = 0.375406; ['mse_0=0.000926; ', 'lpips_0=0.003183; ', 'codec_recon_0=0.016953; ', 'bpp_0=1.236213; ', 'mse_1=0.000444; ', 'lpips_1=0.002210; ', 'codec_recon_1=0.284334; ', 'bpp_1=0.293552; ', 'mse_2=0.000369; ', 'lpips_2=0.002060; ', 'codec_recon_2=0.074117; ', 'bpp_2=0.271388; ']
train step[651/1500] ; used: 9m:19s; eta: 12m:8s; loss = 0.370743; ['mse_0=0.000329; ', 'lpips_0=0.002622; ', 'codec_recon_0=0.019010; ', 'bpp_0=1.219733; ', 'mse_1=0.000201; ', 'lpips_1=0.001925; ', 'codec_recon_1=0.273264; ', 'bpp_1=0.291082; ', 'mse_2=0.000188; ', 'lpips_2=0.001848; ', 'codec_recon_2=0.078467; ', 'bpp_2=0.268342; ']
train step[652/1500] ; used: 9m:20s; eta: 12m:7s; loss = 0.370044; ['mse_0=0.000869; ', 'lpips_0=0.002765; ', 'codec_recon_0=0.018213; ', 'bpp_0=1.259951; ', 'mse_1=0.000672; ', 'lpips_1=0.002029; ', 'codec_recon_1=0.276083; ', 'bpp_1=0.296459; ', 'mse_2=0.000667; ', 'lpips_2=0.001901; ', 'codec_recon_2=0.075746; ', 'bpp_2=0.276114; ']
train step[653/1500] ; used: 9m:20s; eta: 12m:6s; loss = 0.438627; ['mse_0=0.001014; ', 'lpips_0=0.004667; ', 'codec_recon_0=0.020552; ', 'bpp_0=1.260557; ', 'mse_1=0.000663; ', 'lpips_1=0.003227; ', 'codec_recon_1=0.328466; ', 'bpp_1=0.293998; ', 'mse_2=0.000632; ', 'lpips_2=0.003080; ', 'codec_recon_2=0.089607; ', 'bpp_2=0.274003; ']
train step[654/1500] ; used: 9m:21s; eta: 12m:5s; loss = 0.386857; ['mse_0=0.000554; ', 'lpips_0=0.003539; ', 'codec_recon_0=0.020290; ', 'bpp_0=1.211496; ', 'mse_1=0.000428; ', 'lpips_1=0.002751; ', 'codec_recon_1=0.289646; ', 'bpp_1=0.289840; ', 'mse_2=0.000397; ', 'lpips_2=0.002568; ', 'codec_recon_2=0.076920; ', 'bpp_2=0.265904; ']
train step[655/1500] ; used: 9m:22s; eta: 12m:4s; loss = 0.444594; ['mse_0=0.001505; ', 'lpips_0=0.005234; ', 'codec_recon_0=0.032817; ', 'bpp_0=1.208909; ', 'mse_1=0.001226; ', 'lpips_1=0.004396; ', 'codec_recon_1=0.280762; ', 'bpp_1=0.293131; ', 'mse_2=0.001187; ', 'lpips_2=0.004147; ', 'codec_recon_2=0.131013; ', 'bpp_2=0.274127; ']
train step[656/1500] ; used: 9m:22s; eta: 12m:3s; loss = 0.390983; ['mse_0=0.000839; ', 'lpips_0=0.003491; ', 'codec_recon_0=0.019564; ', 'bpp_0=1.241086; ', 'mse_1=0.000596; ', 'lpips_1=0.002625; ', 'codec_recon_1=0.288624; ', 'bpp_1=0.293296; ', 'mse_2=0.000566; ', 'lpips_2=0.002505; ', 'codec_recon_2=0.082793; ', 'bpp_2=0.269437; ']
train step[657/1500] ; used: 9m:23s; eta: 12m:1s; loss = 0.409956; ['mse_0=0.001042; ', 'lpips_0=0.003902; ', 'codec_recon_0=0.017261; ', 'bpp_0=1.275698; ', 'mse_1=0.000764; ', 'lpips_1=0.002715; ', 'codec_recon_1=0.305126; ', 'bpp_1=0.299140; ', 'mse_2=0.000737; ', 'lpips_2=0.002534; ', 'codec_recon_2=0.087567; ', 'bpp_2=0.279617; ']
train step[658/1500] ; used: 9m:24s; eta: 12m; loss = 0.416486; ['mse_0=0.000581; ', 'lpips_0=0.004123; ', 'codec_recon_0=0.019714; ', 'bpp_0=1.229791; ', 'mse_1=0.000275; ', 'lpips_1=0.002532; ', 'codec_recon_1=0.305408; ', 'bpp_1=0.293213; ', 'mse_2=0.000239; ', 'lpips_2=0.002257; ', 'codec_recon_2=0.091362; ', 'bpp_2=0.271604; ']
train step[659/1500] ; used: 9m:24s; eta: 11m:59s; loss = 0.369313; ['mse_0=0.000987; ', 'lpips_0=0.004108; ', 'codec_recon_0=0.020337; ', 'bpp_0=1.176708; ', 'mse_1=0.000870; ', 'lpips_1=0.003394; ', 'codec_recon_1=0.269987; ', 'bpp_1=0.290248; ', 'mse_2=0.000858; ', 'lpips_2=0.003246; ', 'codec_recon_2=0.078988; ', 'bpp_2=0.268126; ']
train step[660/1500] ; used: 9m:25s; eta: 11m:58s; loss = 0.362503; ['mse_0=0.000695; ', 'lpips_0=0.003548; ', 'codec_recon_0=0.021642; ', 'bpp_0=1.166664; ', 'mse_1=0.000566; ', 'lpips_1=0.002923; ', 'codec_recon_1=0.263424; ', 'bpp_1=0.288187; ', 'mse_2=0.000557; ', 'lpips_2=0.002822; ', 'codec_recon_2=0.077435; ', 'bpp_2=0.266302; ']
train step[661/1500] ; used: 9m:26s; eta: 11m:57s; loss = 0.377369; ['mse_0=0.002232; ', 'lpips_0=0.005009; ', 'codec_recon_0=0.019142; ', 'bpp_0=1.266768; ', 'mse_1=0.001912; ', 'lpips_1=0.004215; ', 'codec_recon_1=0.282870; ', 'bpp_1=0.296245; ', 'mse_2=0.001852; ', 'lpips_2=0.004104; ', 'codec_recon_2=0.075355; ', 'bpp_2=0.276855; ']
train step[662/1500] ; used: 9m:26s; eta: 11m:56s; loss = 0.430055; ['mse_0=0.000989; ', 'lpips_0=0.004537; ', 'codec_recon_0=0.017961; ', 'bpp_0=1.246316; ', 'mse_1=0.000563; ', 'lpips_1=0.003229; ', 'codec_recon_1=0.328600; ', 'bpp_1=0.294353; ', 'mse_2=0.000495; ', 'lpips_2=0.003031; ', 'codec_recon_2=0.083491; ', 'bpp_2=0.273573; ']
train step[663/1500] ; used: 9m:27s; eta: 11m:55s; loss = 0.351326; ['mse_0=0.000898; ', 'lpips_0=0.003431; ', 'codec_recon_0=0.018635; ', 'bpp_0=1.247823; ', 'mse_1=0.000819; ', 'lpips_1=0.002889; ', 'codec_recon_1=0.254215; ', 'bpp_1=0.292876; ', 'mse_2=0.000792; ', 'lpips_2=0.002797; ', 'codec_recon_2=0.078474; ', 'bpp_2=0.269510; ']
train step[664/1500] ; used: 9m:28s; eta: 11m:54s; loss = 0.403534; ['mse_0=0.001254; ', 'lpips_0=0.004230; ', 'codec_recon_0=0.020943; ', 'bpp_0=1.260613; ', 'mse_1=0.000892; ', 'lpips_1=0.003179; ', 'codec_recon_1=0.305828; ', 'bpp_1=0.294528; ', 'mse_2=0.000821; ', 'lpips_2=0.002964; ', 'codec_recon_2=0.076761; ', 'bpp_2=0.274967; ']
train step[665/1500] ; used: 9m:28s; eta: 11m:53s; loss = 0.393986; ['mse_0=0.001592; ', 'lpips_0=0.006123; ', 'codec_recon_0=0.031567; ', 'bpp_0=1.167819; ', 'mse_1=0.001460; ', 'lpips_1=0.005484; ', 'codec_recon_1=0.261016; ', 'bpp_1=0.287956; ', 'mse_2=0.001433; ', 'lpips_2=0.005394; ', 'codec_recon_2=0.101401; ', 'bpp_2=0.268164; ']
train step[666/1500] ; used: 9m:29s; eta: 11m:52s; loss = 0.411096; ['mse_0=0.000360; ', 'lpips_0=0.003212; ', 'codec_recon_0=0.017460; ', 'bpp_0=1.261176; ', 'mse_1=0.000211; ', 'lpips_1=0.002098; ', 'codec_recon_1=0.306447; ', 'bpp_1=0.294602; ', 'mse_2=0.000178; ', 'lpips_2=0.001846; ', 'codec_recon_2=0.087186; ', 'bpp_2=0.271931; ']
train step[667/1500] ; used: 9m:30s; eta: 11m:51s; loss = 0.511866; ['mse_0=0.003436; ', 'lpips_0=0.007622; ', 'codec_recon_0=0.021765; ', 'bpp_0=1.277211; ', 'mse_1=0.003155; ', 'lpips_1=0.006092; ', 'codec_recon_1=0.385978; ', 'bpp_1=0.296818; ', 'mse_2=0.003159; ', 'lpips_2=0.005921; ', 'codec_recon_2=0.104121; ', 'bpp_2=0.279928; ']
train step[668/1500] ; used: 9m:31s; eta: 11m:50s; loss = 0.377336; ['mse_0=0.000762; ', 'lpips_0=0.003603; ', 'codec_recon_0=0.022623; ', 'bpp_0=1.214499; ', 'mse_1=0.000611; ', 'lpips_1=0.002875; ', 'codec_recon_1=0.272780; ', 'bpp_1=0.292824; ', 'mse_2=0.000580; ', 'lpips_2=0.002718; ', 'codec_recon_2=0.081931; ', 'bpp_2=0.272707; ']
train step[669/1500] ; used: 9m:31s; eta: 11m:49s; loss = 0.430685; ['mse_0=0.002212; ', 'lpips_0=0.005415; ', 'codec_recon_0=0.021427; ', 'bpp_0=1.223057; ', 'mse_1=0.001946; ', 'lpips_1=0.004467; ', 'codec_recon_1=0.325446; ', 'bpp_1=0.293301; ', 'mse_2=0.001879; ', 'lpips_2=0.004226; ', 'codec_recon_2=0.083810; ', 'bpp_2=0.273527; ']
train step[670/1500] ; used: 9m:32s; eta: 11m:48s; loss = 0.379918; ['mse_0=0.000804; ', 'lpips_0=0.003209; ', 'codec_recon_0=0.017482; ', 'bpp_0=1.233239; ', 'mse_1=0.000634; ', 'lpips_1=0.002287; ', 'codec_recon_1=0.287040; ', 'bpp_1=0.296041; ', 'mse_2=0.000586; ', 'lpips_2=0.002165; ', 'codec_recon_2=0.075394; ', 'bpp_2=0.275909; ']
train step[671/1500] ; used: 9m:33s; eta: 11m:47s; loss = 0.358680; ['mse_0=0.000501; ', 'lpips_0=0.004140; ', 'codec_recon_0=0.020250; ', 'bpp_0=1.149093; ', 'mse_1=0.000371; ', 'lpips_1=0.003465; ', 'codec_recon_1=0.265747; ', 'bpp_1=0.288760; ', 'mse_2=0.000348; ', 'lpips_2=0.003337; ', 'codec_recon_2=0.072680; ', 'bpp_2=0.265702; ']
train step[672/1500] ; used: 9m:33s; eta: 11m:46s; loss = 0.424997; ['mse_0=0.000715; ', 'lpips_0=0.003288; ', 'codec_recon_0=0.019681; ', 'bpp_0=1.234253; ', 'mse_1=0.000361; ', 'lpips_1=0.002146; ', 'codec_recon_1=0.316801; ', 'bpp_1=0.292863; ', 'mse_2=0.000310; ', 'lpips_2=0.002009; ', 'codec_recon_2=0.088513; ', 'bpp_2=0.269254; ']
train step[673/1500] ; used: 9m:34s; eta: 11m:44s; loss = 0.508831; ['mse_0=0.006362; ', 'lpips_0=0.008325; ', 'codec_recon_0=0.022715; ', 'bpp_0=1.273837; ', 'mse_1=0.005898; ', 'lpips_1=0.006956; ', 'codec_recon_1=0.399924; ', 'bpp_1=0.297351; ', 'mse_2=0.005772; ', 'lpips_2=0.006654; ', 'codec_recon_2=0.086190; ', 'bpp_2=0.278961; ']
train step[674/1500] ; used: 9m:35s; eta: 11m:43s; loss = 0.395317; ['mse_0=0.000665; ', 'lpips_0=0.003663; ', 'codec_recon_0=0.018151; ', 'bpp_0=1.193290; ', 'mse_1=0.000415; ', 'lpips_1=0.002728; ', 'codec_recon_1=0.301013; ', 'bpp_1=0.290996; ', 'mse_2=0.000350; ', 'lpips_2=0.002516; ', 'codec_recon_2=0.076151; ', 'bpp_2=0.267029; ']
train step[675/1500] ; used: 9m:35s; eta: 11m:42s; loss = 0.391177; ['mse_0=0.000805; ', 'lpips_0=0.003885; ', 'codec_recon_0=0.020946; ', 'bpp_0=1.225250; ', 'mse_1=0.000638; ', 'lpips_1=0.003065; ', 'codec_recon_1=0.289745; ', 'bpp_1=0.293265; ', 'mse_2=0.000606; ', 'lpips_2=0.002923; ', 'codec_recon_2=0.080485; ', 'bpp_2=0.272487; ']
train step[676/1500] ; used: 9m:36s; eta: 11m:41s; loss = 0.384821; ['mse_0=0.004049; ', 'lpips_0=0.006457; ', 'codec_recon_0=0.020057; ', 'bpp_0=1.263739; ', 'mse_1=0.003620; ', 'lpips_1=0.005643; ', 'codec_recon_1=0.290466; ', 'bpp_1=0.294432; ', 'mse_2=0.003621; ', 'lpips_2=0.005517; ', 'codec_recon_2=0.074296; ', 'bpp_2=0.275495; ']
train step[677/1500] ; used: 9m:37s; eta: 11m:40s; loss = 0.375171; ['mse_0=0.002709; ', 'lpips_0=0.004403; ', 'codec_recon_0=0.018474; ', 'bpp_0=1.238333; ', 'mse_1=0.002505; ', 'lpips_1=0.003629; ', 'codec_recon_1=0.283274; ', 'bpp_1=0.294627; ', 'mse_2=0.002393; ', 'lpips_2=0.003407; ', 'codec_recon_2=0.073420; ', 'bpp_2=0.272767; ']
train step[678/1500] ; used: 9m:37s; eta: 11m:39s; loss = 0.367532; ['mse_0=0.000660; ', 'lpips_0=0.003616; ', 'codec_recon_0=0.020807; ', 'bpp_0=1.223346; ', 'mse_1=0.000517; ', 'lpips_1=0.002948; ', 'codec_recon_1=0.269810; ', 'bpp_1=0.289037; ', 'mse_2=0.000487; ', 'lpips_2=0.002812; ', 'codec_recon_2=0.076913; ', 'bpp_2=0.265896; ']
train step[679/1500] ; used: 9m:38s; eta: 11m:38s; loss = 0.351181; ['mse_0=0.002643; ', 'lpips_0=0.005317; ', 'codec_recon_0=0.018807; ', 'bpp_0=1.236029; ', 'mse_1=0.002482; ', 'lpips_1=0.004791; ', 'codec_recon_1=0.254800; ', 'bpp_1=0.294778; ', 'mse_2=0.002395; ', 'lpips_2=0.004640; ', 'codec_recon_2=0.077573; ', 'bpp_2=0.272880; ']
train step[680/1500] ; used: 9m:39s; eta: 11m:37s; loss = 0.392609; ['mse_0=0.000602; ', 'lpips_0=0.002863; ', 'codec_recon_0=0.018724; ', 'bpp_0=1.265879; ', 'mse_1=0.000336; ', 'lpips_1=0.001974; ', 'codec_recon_1=0.298174; ', 'bpp_1=0.298301; ', 'mse_2=0.000314; ', 'lpips_2=0.001858; ', 'codec_recon_2=0.075710; ', 'bpp_2=0.278918; ']
train step[681/1500] ; used: 9m:39s; eta: 11m:36s; loss = 0.347190; ['mse_0=0.002584; ', 'lpips_0=0.007725; ', 'codec_recon_0=0.025481; ', 'bpp_0=1.142274; ', 'mse_1=0.002517; ', 'lpips_1=0.007193; ', 'codec_recon_1=0.247748; ', 'bpp_1=0.285009; ', 'mse_2=0.002503; ', 'lpips_2=0.007141; ', 'codec_recon_2=0.073959; ', 'bpp_2=0.264354; ']
train step[682/1500] ; used: 9m:40s; eta: 11m:35s; loss = 0.446388; ['mse_0=0.002025; ', 'lpips_0=0.006315; ', 'codec_recon_0=0.027907; ', 'bpp_0=1.248123; ', 'mse_1=0.001699; ', 'lpips_1=0.005179; ', 'codec_recon_1=0.322886; ', 'bpp_1=0.295216; ', 'mse_2=0.001631; ', 'lpips_2=0.004887; ', 'codec_recon_2=0.095593; ', 'bpp_2=0.276328; ']
train step[683/1500] ; used: 9m:41s; eta: 11m:34s; loss = 0.368709; ['mse_0=0.001691; ', 'lpips_0=0.003901; ', 'codec_recon_0=0.018096; ', 'bpp_0=1.237944; ', 'mse_1=0.001250; ', 'lpips_1=0.003013; ', 'codec_recon_1=0.281050; ', 'bpp_1=0.295650; ', 'mse_2=0.001201; ', 'lpips_2=0.002914; ', 'codec_recon_2=0.069561; ', 'bpp_2=0.275886; ']
train step[684/1500] ; used: 9m:41s; eta: 11m:33s; loss = 0.390117; ['mse_0=0.001017; ', 'lpips_0=0.004944; ', 'codec_recon_0=0.022172; ', 'bpp_0=1.196795; ', 'mse_1=0.000831; ', 'lpips_1=0.004085; ', 'codec_recon_1=0.285298; ', 'bpp_1=0.289468; ', 'mse_2=0.000796; ', 'lpips_2=0.003881; ', 'codec_recon_2=0.082644; ', 'bpp_2=0.267527; ']
train step[685/1500] ; used: 9m:42s; eta: 11m:32s; loss = 0.375378; ['mse_0=0.000614; ', 'lpips_0=0.004973; ', 'codec_recon_0=0.022554; ', 'bpp_0=1.209013; ', 'mse_1=0.000470; ', 'lpips_1=0.003926; ', 'codec_recon_1=0.273798; ', 'bpp_1=0.290694; ', 'mse_2=0.000444; ', 'lpips_2=0.003758; ', 'codec_recon_2=0.079024; ', 'bpp_2=0.271297; ']
train step[686/1500] ; used: 9m:43s; eta: 11m:31s; loss = 0.401798; ['mse_0=0.000893; ', 'lpips_0=0.003185; ', 'codec_recon_0=0.015448; ', 'bpp_0=1.275581; ', 'mse_1=0.000375; ', 'lpips_1=0.001504; ', 'codec_recon_1=0.312143; ', 'bpp_1=0.296676; ', 'mse_2=0.000306; ', 'lpips_2=0.001256; ', 'codec_recon_2=0.074206; ', 'bpp_2=0.275952; ']
train step[687/1500] ; used: 9m:43s; eta: 11m:30s; loss = 0.356284; ['mse_0=0.000373; ', 'lpips_0=0.003767; ', 'codec_recon_0=0.022955; ', 'bpp_0=1.194045; ', 'mse_1=0.000276; ', 'lpips_1=0.003167; ', 'codec_recon_1=0.256427; ', 'bpp_1=0.289959; ', 'mse_2=0.000266; ', 'lpips_2=0.003087; ', 'codec_recon_2=0.076900; ', 'bpp_2=0.267414; ']
train step[688/1500] ; used: 9m:44s; eta: 11m:28s; loss = 0.404026; ['mse_0=0.002934; ', 'lpips_0=0.005315; ', 'codec_recon_0=0.020264; ', 'bpp_0=1.214070; ', 'mse_1=0.002274; ', 'lpips_1=0.004162; ', 'codec_recon_1=0.309979; ', 'bpp_1=0.295224; ', 'mse_2=0.002211; ', 'lpips_2=0.004028; ', 'codec_recon_2=0.073781; ', 'bpp_2=0.276768; ']
train step[689/1500] ; used: 9m:45s; eta: 11m:27s; loss = 0.380289; ['mse_0=0.000873; ', 'lpips_0=0.002992; ', 'codec_recon_0=0.020606; ', 'bpp_0=1.237909; ', 'mse_1=0.000630; ', 'lpips_1=0.002330; ', 'codec_recon_1=0.284816; ', 'bpp_1=0.293213; ', 'mse_2=0.000573; ', 'lpips_2=0.002208; ', 'codec_recon_2=0.074866; ', 'bpp_2=0.272829; ']
train step[690/1500] ; used: 9m:45s; eta: 11m:26s; loss = 0.359310; ['mse_0=0.001026; ', 'lpips_0=0.004048; ', 'codec_recon_0=0.019907; ', 'bpp_0=1.207801; ', 'mse_1=0.000738; ', 'lpips_1=0.003251; ', 'codec_recon_1=0.269597; ', 'bpp_1=0.293883; ', 'mse_2=0.000694; ', 'lpips_2=0.003092; ', 'codec_recon_2=0.069805; ', 'bpp_2=0.272782; ']
train step[691/1500] ; used: 9m:46s; eta: 11m:25s; loss = 0.445855; ['mse_0=0.002085; ', 'lpips_0=0.004449; ', 'codec_recon_0=0.023045; ', 'bpp_0=1.269226; ', 'mse_1=0.001442; ', 'lpips_1=0.002951; ', 'codec_recon_1=0.341692; ', 'bpp_1=0.298995; ', 'mse_2=0.001306; ', 'lpips_2=0.002688; ', 'codec_recon_2=0.081116; ', 'bpp_2=0.280838; ']
train step[692/1500] ; used: 9m:47s; eta: 11m:24s; loss = 0.406331; ['mse_0=0.001090; ', 'lpips_0=0.004088; ', 'codec_recon_0=0.022877; ', 'bpp_0=1.228791; ', 'mse_1=0.000607; ', 'lpips_1=0.002935; ', 'codec_recon_1=0.300567; ', 'bpp_1=0.291430; ', 'mse_2=0.000599; ', 'lpips_2=0.002838; ', 'codec_recon_2=0.082884; ', 'bpp_2=0.269742; ']
train step[693/1500] ; used: 9m:47s; eta: 11m:23s; loss = 0.378805; ['mse_0=0.001897; ', 'lpips_0=0.005170; ', 'codec_recon_0=0.021331; ', 'bpp_0=1.216215; ', 'mse_1=0.001615; ', 'lpips_1=0.004451; ', 'codec_recon_1=0.284117; ', 'bpp_1=0.294064; ', 'mse_2=0.001584; ', 'lpips_2=0.004284; ', 'codec_recon_2=0.073355; ', 'bpp_2=0.275847; ']
train step[694/1500] ; used: 9m:48s; eta: 11m:22s; loss = 0.420199; ['mse_0=0.003998; ', 'lpips_0=0.007803; ', 'codec_recon_0=0.021851; ', 'bpp_0=1.245104; ', 'mse_1=0.003886; ', 'lpips_1=0.007109; ', 'codec_recon_1=0.321556; ', 'bpp_1=0.297866; ', 'mse_2=0.003858; ', 'lpips_2=0.007042; ', 'codec_recon_2=0.076790; ', 'bpp_2=0.278574; ']
train step[695/1500] ; used: 9m:49s; eta: 11m:21s; loss = 0.429395; ['mse_0=0.002961; ', 'lpips_0=0.004081; ', 'codec_recon_0=0.020025; ', 'bpp_0=1.234735; ', 'mse_1=0.002568; ', 'lpips_1=0.002842; ', 'codec_recon_1=0.324110; ', 'bpp_1=0.294913; ', 'mse_2=0.002508; ', 'lpips_2=0.002655; ', 'codec_recon_2=0.085258; ', 'bpp_2=0.271886; ']
train step[696/1500] ; used: 9m:50s; eta: 11m:20s; loss = 0.383696; ['mse_0=0.000711; ', 'lpips_0=0.004785; ', 'codec_recon_0=0.020294; ', 'bpp_0=1.193926; ', 'mse_1=0.000504; ', 'lpips_1=0.004091; ', 'codec_recon_1=0.285896; ', 'bpp_1=0.290129; ', 'mse_2=0.000458; ', 'lpips_2=0.004004; ', 'codec_recon_2=0.077505; ', 'bpp_2=0.270591; ']
train step[697/1500] ; used: 9m:50s; eta: 11m:19s; loss = 0.429474; ['mse_0=0.002721; ', 'lpips_0=0.004675; ', 'codec_recon_0=0.017760; ', 'bpp_0=1.285953; ', 'mse_1=0.001933; ', 'lpips_1=0.003161; ', 'codec_recon_1=0.341803; ', 'bpp_1=0.299566; ', 'mse_2=0.001798; ', 'lpips_2=0.002923; ', 'codec_recon_2=0.069910; ', 'bpp_2=0.281402; ']
train step[698/1500] ; used: 9m:51s; eta: 11m:18s; loss = 0.361382; ['mse_0=0.000744; ', 'lpips_0=0.004592; ', 'codec_recon_0=0.025501; ', 'bpp_0=1.150655; ', 'mse_1=0.000583; ', 'lpips_1=0.003730; ', 'codec_recon_1=0.253007; ', 'bpp_1=0.290387; ', 'mse_2=0.000550; ', 'lpips_2=0.003560; ', 'codec_recon_2=0.082872; ', 'bpp_2=0.269896; ']
train step[699/1500] ; used: 9m:52s; eta: 11m:17s; loss = 0.395373; ['mse_0=0.000713; ', 'lpips_0=0.003795; ', 'codec_recon_0=0.034130; ', 'bpp_0=1.190638; ', 'mse_1=0.000677; ', 'lpips_1=0.003313; ', 'codec_recon_1=0.250437; ', 'bpp_1=0.290053; ', 'mse_2=0.000667; ', 'lpips_2=0.003188; ', 'codec_recon_2=0.110805; ', 'bpp_2=0.266060; ']
train step[700/1500] ; used: 9m:55s; eta: 11m:19s; loss = 0.388471; ['mse_0=0.002146; ', 'lpips_0=0.003886; ', 'codec_recon_0=0.018076; ', 'bpp_0=1.211922; ', 'mse_1=0.001966; ', 'lpips_1=0.003216; ', 'codec_recon_1=0.296975; ', 'bpp_1=0.293397; ', 'mse_2=0.001944; ', 'lpips_2=0.003066; ', 'codec_recon_2=0.073417; ', 'bpp_2=0.271968; ']
train step[701/1500] ; used: 9m:55s; eta: 11m:17s; loss = 0.399921; ['mse_0=0.001307; ', 'lpips_0=0.003214; ', 'codec_recon_0=0.019594; ', 'bpp_0=1.251074; ', 'mse_1=0.000988; ', 'lpips_1=0.002285; ', 'codec_recon_1=0.305954; ', 'bpp_1=0.299759; ', 'mse_2=0.000911; ', 'lpips_2=0.002080; ', 'codec_recon_2=0.074372; ', 'bpp_2=0.279314; ']
train step[702/1500] ; used: 9m:56s; eta: 11m:16s; loss = 0.471197; ['mse_0=0.007541; ', 'lpips_0=0.005383; ', 'codec_recon_0=0.021044; ', 'bpp_0=1.274240; ', 'mse_1=0.006734; ', 'lpips_1=0.003341; ', 'codec_recon_1=0.373662; ', 'bpp_1=0.299027; ', 'mse_2=0.006617; ', 'lpips_2=0.003037; ', 'codec_recon_2=0.076489; ', 'bpp_2=0.279790; ']
train step[703/1500] ; used: 9m:57s; eta: 11m:15s; loss = 0.393110; ['mse_0=0.001312; ', 'lpips_0=0.003791; ', 'codec_recon_0=0.026291; ', 'bpp_0=1.226160; ', 'mse_1=0.001170; ', 'lpips_1=0.003144; ', 'codec_recon_1=0.264963; ', 'bpp_1=0.291468; ', 'mse_2=0.001143; ', 'lpips_2=0.003020; ', 'codec_recon_2=0.101854; ', 'bpp_2=0.266888; ']
train step[704/1500] ; used: 9m:57s; eta: 11m:14s; loss = 0.433599; ['mse_0=0.002096; ', 'lpips_0=0.004343; ', 'codec_recon_0=0.021421; ', 'bpp_0=1.277555; ', 'mse_1=0.001457; ', 'lpips_1=0.003053; ', 'codec_recon_1=0.330338; ', 'bpp_1=0.298365; ', 'mse_2=0.001335; ', 'lpips_2=0.002804; ', 'codec_recon_2=0.081838; ', 'bpp_2=0.278594; ']
train step[705/1500] ; used: 9m:58s; eta: 11m:13s; loss = 0.454889; ['mse_0=0.001486; ', 'lpips_0=0.004043; ', 'codec_recon_0=0.018102; ', 'bpp_0=1.301308; ', 'mse_1=0.000795; ', 'lpips_1=0.002345; ', 'codec_recon_1=0.357987; ', 'bpp_1=0.300152; ', 'mse_2=0.000676; ', 'lpips_2=0.002063; ', 'codec_recon_2=0.078797; ', 'bpp_2=0.280668; ']
train step[706/1500] ; used: 9m:59s; eta: 11m:12s; loss = 0.388401; ['mse_0=0.001561; ', 'lpips_0=0.004140; ', 'codec_recon_0=0.026915; ', 'bpp_0=1.183138; ', 'mse_1=0.001394; ', 'lpips_1=0.003554; ', 'codec_recon_1=0.265095; ', 'bpp_1=0.292497; ', 'mse_2=0.001396; ', 'lpips_2=0.003484; ', 'codec_recon_2=0.096390; ', 'bpp_2=0.269373; ']
train step[707/1500] ; used: 9m:59s; eta: 11m:11s; loss = 0.390642; ['mse_0=0.000992; ', 'lpips_0=0.003275; ', 'codec_recon_0=0.019507; ', 'bpp_0=1.237236; ', 'mse_1=0.000701; ', 'lpips_1=0.002235; ', 'codec_recon_1=0.296065; ', 'bpp_1=0.294029; ', 'mse_2=0.000620; ', 'lpips_2=0.002050; ', 'codec_recon_2=0.075068; ', 'bpp_2=0.272164; ']
train step[708/1500] ; used: 10m; eta: 11m:10s; loss = 0.387020; ['mse_0=0.001275; ', 'lpips_0=0.004437; ', 'codec_recon_0=0.019722; ', 'bpp_0=1.235498; ', 'mse_1=0.000998; ', 'lpips_1=0.003712; ', 'codec_recon_1=0.290695; ', 'bpp_1=0.297230; ', 'mse_2=0.000952; ', 'lpips_2=0.003617; ', 'codec_recon_2=0.076601; ', 'bpp_2=0.276247; ']
train step[709/1500] ; used: 10m:1s; eta: 11m:10s; loss = 0.372477; ['mse_0=0.000787; ', 'lpips_0=0.004246; ', 'codec_recon_0=0.018935; ', 'bpp_0=1.193047; ', 'mse_1=0.000589; ', 'lpips_1=0.003720; ', 'codec_recon_1=0.281730; ', 'bpp_1=0.292004; ', 'mse_2=0.000565; ', 'lpips_2=0.003691; ', 'codec_recon_2=0.071810; ', 'bpp_2=0.270108; ']
train step[710/1500] ; used: 10m:2s; eta: 11m:9s; loss = 0.442107; ['mse_0=0.007343; ', 'lpips_0=0.007810; ', 'codec_recon_0=0.019953; ', 'bpp_0=1.309127; ', 'mse_1=0.006824; ', 'lpips_1=0.006482; ', 'codec_recon_1=0.343089; ', 'bpp_1=0.299664; ', 'mse_2=0.006629; ', 'lpips_2=0.006118; ', 'codec_recon_2=0.079063; ', 'bpp_2=0.282892; ']
train step[711/1500] ; used: 10m:2s; eta: 11m:7s; loss = 0.357652; ['mse_0=0.000550; ', 'lpips_0=0.003300; ', 'codec_recon_0=0.023046; ', 'bpp_0=1.210864; ', 'mse_1=0.000468; ', 'lpips_1=0.002847; ', 'codec_recon_1=0.255649; ', 'bpp_1=0.291353; ', 'mse_2=0.000457; ', 'lpips_2=0.002757; ', 'codec_recon_2=0.078955; ', 'bpp_2=0.268636; ']
train step[712/1500] ; used: 10m:3s; eta: 11m:6s; loss = 0.401883; ['mse_0=0.002621; ', 'lpips_0=0.003936; ', 'codec_recon_0=0.020040; ', 'bpp_0=1.270054; ', 'mse_1=0.002243; ', 'lpips_1=0.003064; ', 'codec_recon_1=0.306260; ', 'bpp_1=0.299298; ', 'mse_2=0.002196; ', 'lpips_2=0.002879; ', 'codec_recon_2=0.075582; ', 'bpp_2=0.278857; ']
train step[713/1500] ; used: 10m:4s; eta: 11m:5s; loss = 0.441020; ['mse_0=0.001341; ', 'lpips_0=0.004249; ', 'codec_recon_0=0.028919; ', 'bpp_0=1.252064; ', 'mse_1=0.001099; ', 'lpips_1=0.003343; ', 'codec_recon_1=0.329371; ', 'bpp_1=0.292616; ', 'mse_2=0.001053; ', 'lpips_2=0.003219; ', 'codec_recon_2=0.082728; ', 'bpp_2=0.273215; ']
train step[714/1500] ; used: 10m:4s; eta: 11m:4s; loss = 0.369155; ['mse_0=0.001172; ', 'lpips_0=0.003909; ', 'codec_recon_0=0.019688; ', 'bpp_0=1.217501; ', 'mse_1=0.000988; ', 'lpips_1=0.003158; ', 'codec_recon_1=0.276476; ', 'bpp_1=0.293388; ', 'mse_2=0.000965; ', 'lpips_2=0.003052; ', 'codec_recon_2=0.072989; ', 'bpp_2=0.272080; ']
train step[715/1500] ; used: 10m:5s; eta: 11m:3s; loss = 0.395929; ['mse_0=0.002371; ', 'lpips_0=0.006031; ', 'codec_recon_0=0.021622; ', 'bpp_0=1.224404; ', 'mse_1=0.001991; ', 'lpips_1=0.005134; ', 'codec_recon_1=0.288139; ', 'bpp_1=0.291779; ', 'mse_2=0.001965; ', 'lpips_2=0.005060; ', 'codec_recon_2=0.086166; ', 'bpp_2=0.270519; ']
train step[716/1500] ; used: 10m:6s; eta: 11m:2s; loss = 0.337985; ['mse_0=0.000920; ', 'lpips_0=0.003866; ', 'codec_recon_0=0.019497; ', 'bpp_0=1.197333; ', 'mse_1=0.000749; ', 'lpips_1=0.003199; ', 'codec_recon_1=0.249287; ', 'bpp_1=0.290482; ', 'mse_2=0.000726; ', 'lpips_2=0.003109; ', 'codec_recon_2=0.069199; ', 'bpp_2=0.268450; ']
train step[717/1500] ; used: 10m:6s; eta: 11m:1s; loss = 0.454156; ['mse_0=0.001952; ', 'lpips_0=0.004435; ', 'codec_recon_0=0.018903; ', 'bpp_0=1.259256; ', 'mse_1=0.001587; ', 'lpips_1=0.002981; ', 'codec_recon_1=0.352852; ', 'bpp_1=0.297479; ', 'mse_2=0.001474; ', 'lpips_2=0.002711; ', 'codec_recon_2=0.082399; ', 'bpp_2=0.279319; ']
train step[718/1500] ; used: 10m:7s; eta: 11m; loss = 0.387839; ['mse_0=0.000816; ', 'lpips_0=0.003401; ', 'codec_recon_0=0.020121; ', 'bpp_0=1.215797; ', 'mse_1=0.000628; ', 'lpips_1=0.002532; ', 'codec_recon_1=0.292653; ', 'bpp_1=0.292861; ', 'mse_2=0.000580; ', 'lpips_2=0.002345; ', 'codec_recon_2=0.075063; ', 'bpp_2=0.271740; ']
train step[719/1500] ; used: 10m:8s; eta: 10m:59s; loss = 0.416711; ['mse_0=0.000829; ', 'lpips_0=0.004231; ', 'codec_recon_0=0.017723; ', 'bpp_0=1.201024; ', 'mse_1=0.000430; ', 'lpips_1=0.003054; ', 'codec_recon_1=0.323869; ', 'bpp_1=0.291786; ', 'mse_2=0.000383; ', 'lpips_2=0.002889; ', 'codec_recon_2=0.075117; ', 'bpp_2=0.267734; ']
train step[720/1500] ; used: 10m:8s; eta: 10m:58s; loss = 0.375464; ['mse_0=0.003377; ', 'lpips_0=0.004344; ', 'codec_recon_0=0.021686; ', 'bpp_0=1.233501; ', 'mse_1=0.002996; ', 'lpips_1=0.003400; ', 'codec_recon_1=0.286537; ', 'bpp_1=0.294687; ', 'mse_2=0.002933; ', 'lpips_2=0.003170; ', 'codec_recon_2=0.067239; ', 'bpp_2=0.274633; ']
train step[721/1500] ; used: 10m:9s; eta: 10m:57s; loss = 0.367544; ['mse_0=0.001265; ', 'lpips_0=0.003476; ', 'codec_recon_0=0.017795; ', 'bpp_0=1.222128; ', 'mse_1=0.000830; ', 'lpips_1=0.002479; ', 'codec_recon_1=0.278664; ', 'bpp_1=0.295175; ', 'mse_2=0.000707; ', 'lpips_2=0.002213; ', 'codec_recon_2=0.071084; ', 'bpp_2=0.270672; ']
train step[722/1500] ; used: 10m:10s; eta: 10m:56s; loss = 0.365385; ['mse_0=0.000827; ', 'lpips_0=0.003328; ', 'codec_recon_0=0.020228; ', 'bpp_0=1.198855; ', 'mse_1=0.000536; ', 'lpips_1=0.002537; ', 'codec_recon_1=0.282800; ', 'bpp_1=0.290931; ', 'mse_2=0.000448; ', 'lpips_2=0.002380; ', 'codec_recon_2=0.062356; ', 'bpp_2=0.269231; ']
train step[723/1500] ; used: 10m:10s; eta: 10m:55s; loss = 0.436540; ['mse_0=0.001329; ', 'lpips_0=0.006767; ', 'codec_recon_0=0.018715; ', 'bpp_0=1.228841; ', 'mse_1=0.000982; ', 'lpips_1=0.005206; ', 'codec_recon_1=0.328460; ', 'bpp_1=0.293823; ', 'mse_2=0.000929; ', 'lpips_2=0.004953; ', 'codec_recon_2=0.089363; ', 'bpp_2=0.273313; ']
train step[724/1500] ; used: 10m:11s; eta: 10m:54s; loss = 0.389657; ['mse_0=0.000401; ', 'lpips_0=0.003088; ', 'codec_recon_0=0.018961; ', 'bpp_0=1.194059; ', 'mse_1=0.000223; ', 'lpips_1=0.002087; ', 'codec_recon_1=0.292976; ', 'bpp_1=0.293329; ', 'mse_2=0.000192; ', 'lpips_2=0.001901; ', 'codec_recon_2=0.077718; ', 'bpp_2=0.269387; ']
train step[725/1500] ; used: 10m:12s; eta: 10m:53s; loss = 0.441362; ['mse_0=0.003704; ', 'lpips_0=0.006915; ', 'codec_recon_0=0.021690; ', 'bpp_0=1.272750; ', 'mse_1=0.002797; ', 'lpips_1=0.005549; ', 'codec_recon_1=0.347452; ', 'bpp_1=0.298989; ', 'mse_2=0.002647; ', 'lpips_2=0.005333; ', 'codec_recon_2=0.072219; ', 'bpp_2=0.281686; ']
train step[726/1500] ; used: 10m:13s; eta: 10m:52s; loss = 0.427550; ['mse_0=0.001439; ', 'lpips_0=0.004089; ', 'codec_recon_0=0.019266; ', 'bpp_0=1.274484; ', 'mse_1=0.001004; ', 'lpips_1=0.003070; ', 'codec_recon_1=0.338132; ', 'bpp_1=0.297258; ', 'mse_2=0.000955; ', 'lpips_2=0.002989; ', 'codec_recon_2=0.070150; ', 'bpp_2=0.277427; ']
train step[727/1500] ; used: 10m:13s; eta: 10m:51s; loss = 0.339627; ['mse_0=0.003064; ', 'lpips_0=0.007186; ', 'codec_recon_0=0.020872; ', 'bpp_0=1.190364; ', 'mse_1=0.002645; ', 'lpips_1=0.006301; ', 'codec_recon_1=0.248822; ', 'bpp_1=0.291958; ', 'mse_2=0.002623; ', 'lpips_2=0.006204; ', 'codec_recon_2=0.069931; ', 'bpp_2=0.271744; ']
train step[728/1500] ; used: 10m:14s; eta: 10m:50s; loss = 0.377577; ['mse_0=0.000727; ', 'lpips_0=0.003029; ', 'codec_recon_0=0.022771; ', 'bpp_0=1.209400; ', 'mse_1=0.000524; ', 'lpips_1=0.002414; ', 'codec_recon_1=0.269062; ', 'bpp_1=0.292429; ', 'mse_2=0.000500; ', 'lpips_2=0.002331; ', 'codec_recon_2=0.085742; ', 'bpp_2=0.267069; ']
train step[729/1500] ; used: 10m:15s; eta: 10m:49s; loss = 0.430930; ['mse_0=0.000864; ', 'lpips_0=0.005198; ', 'codec_recon_0=0.019723; ', 'bpp_0=1.238291; ', 'mse_1=0.000684; ', 'lpips_1=0.004107; ', 'codec_recon_1=0.318855; ', 'bpp_1=0.295087; ', 'mse_2=0.000612; ', 'lpips_2=0.003841; ', 'codec_recon_2=0.092350; ', 'bpp_2=0.274199; ']
train step[730/1500] ; used: 10m:15s; eta: 10m:48s; loss = 0.445616; ['mse_0=0.002696; ', 'lpips_0=0.004754; ', 'codec_recon_0=0.018263; ', 'bpp_0=1.272498; ', 'mse_1=0.002126; ', 'lpips_1=0.003669; ', 'codec_recon_1=0.349683; ', 'bpp_1=0.297570; ', 'mse_2=0.001939; ', 'lpips_2=0.003499; ', 'codec_recon_2=0.077668; ', 'bpp_2=0.278686; ']
train step[731/1500] ; used: 10m:16s; eta: 10m:47s; loss = 0.383774; ['mse_0=0.001140; ', 'lpips_0=0.004071; ', 'codec_recon_0=0.018614; ', 'bpp_0=1.268585; ', 'mse_1=0.000914; ', 'lpips_1=0.003192; ', 'codec_recon_1=0.284934; ', 'bpp_1=0.297784; ', 'mse_2=0.000875; ', 'lpips_2=0.003002; ', 'codec_recon_2=0.080224; ', 'bpp_2=0.276073; ']
train step[732/1500] ; used: 10m:17s; eta: 10m:46s; loss = 0.418245; ['mse_0=0.002435; ', 'lpips_0=0.005356; ', 'codec_recon_0=0.021374; ', 'bpp_0=1.246086; ', 'mse_1=0.002132; ', 'lpips_1=0.004220; ', 'codec_recon_1=0.305103; ', 'bpp_1=0.297187; ', 'mse_2=0.002090; ', 'lpips_2=0.003939; ', 'codec_recon_2=0.091766; ', 'bpp_2=0.277991; ']
train step[733/1500] ; used: 10m:17s; eta: 10m:45s; loss = 0.391951; ['mse_0=0.000486; ', 'lpips_0=0.004742; ', 'codec_recon_0=0.018979; ', 'bpp_0=1.200012; ', 'mse_1=0.000325; ', 'lpips_1=0.003761; ', 'codec_recon_1=0.296561; ', 'bpp_1=0.293343; ', 'mse_2=0.000287; ', 'lpips_2=0.003672; ', 'codec_recon_2=0.076408; ', 'bpp_2=0.271699; ']
train step[734/1500] ; used: 10m:18s; eta: 10m:44s; loss = 0.423176; ['mse_0=0.001923; ', 'lpips_0=0.004695; ', 'codec_recon_0=0.018640; ', 'bpp_0=1.267437; ', 'mse_1=0.001495; ', 'lpips_1=0.003677; ', 'codec_recon_1=0.331697; ', 'bpp_1=0.298099; ', 'mse_2=0.001385; ', 'lpips_2=0.003417; ', 'codec_recon_2=0.072838; ', 'bpp_2=0.278990; ']
train step[735/1500] ; used: 10m:19s; eta: 10m:43s; loss = 0.373644; ['mse_0=0.000875; ', 'lpips_0=0.003917; ', 'codec_recon_0=0.018967; ', 'bpp_0=1.191366; ', 'mse_1=0.000524; ', 'lpips_1=0.002889; ', 'codec_recon_1=0.288081; ', 'bpp_1=0.288893; ', 'mse_2=0.000469; ', 'lpips_2=0.002730; ', 'codec_recon_2=0.066593; ', 'bpp_2=0.263139; ']
train step[736/1500] ; used: 10m:19s; eta: 10m:42s; loss = 0.355291; ['mse_0=0.001410; ', 'lpips_0=0.003623; ', 'codec_recon_0=0.018608; ', 'bpp_0=1.192913; ', 'mse_1=0.001320; ', 'lpips_1=0.003041; ', 'codec_recon_1=0.258245; ', 'bpp_1=0.292528; ', 'mse_2=0.001327; ', 'lpips_2=0.002976; ', 'codec_recon_2=0.078436; ', 'bpp_2=0.270185; ']
train step[737/1500] ; used: 10m:20s; eta: 10m:41s; loss = 0.482205; ['mse_0=0.002593; ', 'lpips_0=0.006686; ', 'codec_recon_0=0.019805; ', 'bpp_0=1.259222; ', 'mse_1=0.002149; ', 'lpips_1=0.005127; ', 'codec_recon_1=0.384573; ', 'bpp_1=0.295891; ', 'mse_2=0.002068; ', 'lpips_2=0.004849; ', 'codec_recon_2=0.077825; ', 'bpp_2=0.275650; ']
train step[738/1500] ; used: 10m:21s; eta: 10m:40s; loss = 0.410822; ['mse_0=0.001765; ', 'lpips_0=0.004738; ', 'codec_recon_0=0.019708; ', 'bpp_0=1.275713; ', 'mse_1=0.001485; ', 'lpips_1=0.003643; ', 'codec_recon_1=0.311179; ', 'bpp_1=0.298658; ', 'mse_2=0.001404; ', 'lpips_2=0.003318; ', 'codec_recon_2=0.079932; ', 'bpp_2=0.278513; ']
train step[739/1500] ; used: 10m:21s; eta: 10m:39s; loss = 0.434034; ['mse_0=0.002666; ', 'lpips_0=0.004819; ', 'codec_recon_0=0.020748; ', 'bpp_0=1.214621; ', 'mse_1=0.002670; ', 'lpips_1=0.003894; ', 'codec_recon_1=0.330529; ', 'bpp_1=0.293455; ', 'mse_2=0.002627; ', 'lpips_2=0.003779; ', 'codec_recon_2=0.082755; ', 'bpp_2=0.271837; ']
train step[740/1500] ; used: 10m:22s; eta: 10m:38s; loss = 0.358790; ['mse_0=0.002723; ', 'lpips_0=0.004473; ', 'codec_recon_0=0.018282; ', 'bpp_0=1.206579; ', 'mse_1=0.002462; ', 'lpips_1=0.003665; ', 'codec_recon_1=0.270917; ', 'bpp_1=0.293555; ', 'mse_2=0.002480; ', 'lpips_2=0.003555; ', 'codec_recon_2=0.069588; ', 'bpp_2=0.272228; ']
train step[741/1500] ; used: 10m:23s; eta: 10m:37s; loss = 0.411959; ['mse_0=0.000813; ', 'lpips_0=0.003522; ', 'codec_recon_0=0.019678; ', 'bpp_0=1.229216; ', 'mse_1=0.000573; ', 'lpips_1=0.002498; ', 'codec_recon_1=0.305680; ', 'bpp_1=0.293251; ', 'mse_2=0.000515; ', 'lpips_2=0.002313; ', 'codec_recon_2=0.086598; ', 'bpp_2=0.273122; ']
Skipped bad example 167f974d9ad170b3. Context shape was torch.Size([2, 3, 270, 480]) and target shape was torch.Size([4, 3, 270, 480]).
train step[742/1500] ; used: 10m:23s; eta: 10m:36s; loss = 0.370058; ['mse_0=0.001015; ', 'lpips_0=0.004255; ', 'codec_recon_0=0.021094; ', 'bpp_0=1.190184; ', 'mse_1=0.000816; ', 'lpips_1=0.003482; ', 'codec_recon_1=0.276507; ', 'bpp_1=0.292675; ', 'mse_2=0.000781; ', 'lpips_2=0.003374; ', 'codec_recon_2=0.072454; ', 'bpp_2=0.271451; ']
train step[743/1500] ; used: 10m:24s; eta: 10m:35s; loss = 0.328206; ['mse_0=0.000415; ', 'lpips_0=0.003483; ', 'codec_recon_0=0.019377; ', 'bpp_0=1.167420; ', 'mse_1=0.000312; ', 'lpips_1=0.002842; ', 'codec_recon_1=0.239237; ', 'bpp_1=0.288983; ', 'mse_2=0.000283; ', 'lpips_2=0.002723; ', 'codec_recon_2=0.069591; ', 'bpp_2=0.265857; ']
train step[744/1500] ; used: 10m:25s; eta: 10m:34s; loss = 0.438629; ['mse_0=0.001059; ', 'lpips_0=0.003440; ', 'codec_recon_0=0.018494; ', 'bpp_0=1.267150; ', 'mse_1=0.000446; ', 'lpips_1=0.001823; ', 'codec_recon_1=0.348684; ', 'bpp_1=0.296969; ', 'mse_2=0.000364; ', 'lpips_2=0.001603; ', 'codec_recon_2=0.071448; ', 'bpp_2=0.278464; ']
train step[745/1500] ; used: 10m:25s; eta: 10m:33s; loss = 0.377283; ['mse_0=0.001672; ', 'lpips_0=0.004005; ', 'codec_recon_0=0.016792; ', 'bpp_0=1.247195; ', 'mse_1=0.001453; ', 'lpips_1=0.003047; ', 'codec_recon_1=0.286580; ', 'bpp_1=0.296702; ', 'mse_2=0.001421; ', 'lpips_2=0.002897; ', 'codec_recon_2=0.073908; ', 'bpp_2=0.275816; ']
train step[746/1500] ; used: 10m:26s; eta: 10m:32s; loss = 0.445634; ['mse_0=0.004215; ', 'lpips_0=0.004826; ', 'codec_recon_0=0.017777; ', 'bpp_0=1.257810; ', 'mse_1=0.003952; ', 'lpips_1=0.003344; ', 'codec_recon_1=0.349006; ', 'bpp_1=0.297434; ', 'mse_2=0.003941; ', 'lpips_2=0.003140; ', 'codec_recon_2=0.078849; ', 'bpp_2=0.279118; ']
train step[747/1500] ; used: 10m:27s; eta: 10m:31s; loss = 0.365245; ['mse_0=0.003058; ', 'lpips_0=0.004636; ', 'codec_recon_0=0.017471; ', 'bpp_0=1.258492; ', 'mse_1=0.002559; ', 'lpips_1=0.003697; ', 'codec_recon_1=0.284706; ', 'bpp_1=0.296597; ', 'mse_2=0.002497; ', 'lpips_2=0.003553; ', 'codec_recon_2=0.063066; ', 'bpp_2=0.276966; ']
train step[748/1500] ; used: 10m:28s; eta: 10m:30s; loss = 0.429165; ['mse_0=0.002718; ', 'lpips_0=0.004696; ', 'codec_recon_0=0.017711; ', 'bpp_0=1.300204; ', 'mse_1=0.001929; ', 'lpips_1=0.003101; ', 'codec_recon_1=0.339185; ', 'bpp_1=0.300596; ', 'mse_2=0.001755; ', 'lpips_2=0.002774; ', 'codec_recon_2=0.072267; ', 'bpp_2=0.282733; ']
train step[749/1500] ; used: 10m:28s; eta: 10m:29s; loss = 0.397187; ['mse_0=0.000945; ', 'lpips_0=0.003297; ', 'codec_recon_0=0.017667; ', 'bpp_0=1.261749; ', 'mse_1=0.000647; ', 'lpips_1=0.002359; ', 'codec_recon_1=0.301141; ', 'bpp_1=0.298491; ', 'mse_2=0.000584; ', 'lpips_2=0.002183; ', 'codec_recon_2=0.078378; ', 'bpp_2=0.278243; ']
validation step on 750 1/100; scene = ['5aca87f95a9412c6']; context = [[58, 133]]
validation step on 750 2/100; scene = ['bc95e5c7e357f1b7']; context = [[35, 91]]
validation step on 750 3/100; scene = ['34b0658a5c200cdf']; context = [[0, 70]]
validation step on 750 4/100; scene = ['28e8300e004ab30b']; context = [[3, 68]]
validation step on 750 5/100; scene = ['6558c5f10d45a929']; context = [[43, 160]]
validation step on 750 6/100; scene = ['89ea49cd9865aeff']; context = [[31, 81]]
validation step on 750 7/100; scene = ['ed477bdf8582adff']; context = [[40, 85]]
validation step on 750 8/100; scene = ['57d3409bf04c4651']; context = [[0, 45]]
validation step on 750 9/100; scene = ['aadc1e2dc74fd644']; context = [[2, 52]]
validation step on 750 10/100; scene = ['cd74b1244d112628']; context = [[63, 110]]
validation step on 750 11/100; scene = ['57d25dafabb5a238']; context = [[32, 104]]
validation step on 750 12/100; scene = ['e4f4574df7938f37']; context = [[0, 115]]
validation step on 750 13/100; scene = ['20d86cff490c0c42']; context = [[18, 69]]
validation step on 750 14/100; scene = ['0c4c5d5f751aabf5']; context = [[12, 57]]
validation step on 750 15/100; scene = ['fea544b472e9abd1']; context = [[12, 93]]
validation step on 750 16/100; scene = ['656381bea665bf3d']; context = [[27, 75]]
validation step on 750 17/100; scene = ['322261824c4a3003']; context = [[33, 78]]
validation step on 750 18/100; scene = ['f7c0fa5b81552d35']; context = [[11, 64]]
validation step on 750 19/100; scene = ['a56ba2efb5e3fdd9']; context = [[33, 92]]
validation step on 750 20/100; scene = ['c48f19e2ffa52523']; context = [[195, 264]]
validation step on 750 21/100; scene = ['1214f2a11a9fc1ed']; context = [[103, 215]]
validation step on 750 22/100; scene = ['a9b3ff60b213e099']; context = [[32, 96]]
validation step on 750 23/100; scene = ['a6fa92e8204f6118']; context = [[2, 66]]
validation step on 750 24/100; scene = ['21e794f71e31becb']; context = [[72, 180]]
validation step on 750 25/100; scene = ['f7d916b43193c181']; context = [[7, 61]]
validation step on 750 26/100; scene = ['84ab392d682f296b']; context = [[43, 120]]
validation step on 750 27/100; scene = ['6771a51bf0cfce7f']; context = [[152, 199]]
validation step on 750 28/100; scene = ['17d9303ee77c3a3d']; context = [[17, 63]]
validation step on 750 29/100; scene = ['ffa95c3b40609c76']; context = [[120, 213]]
validation step on 750 30/100; scene = ['a47b88040452d7d9']; context = [[35, 97]]
validation step on 750 31/100; scene = ['0d4de33c6888a754']; context = [[2, 57]]
validation step on 750 32/100; scene = ['41bcd011f99bfb66']; context = [[4, 50]]
validation step on 750 33/100; scene = ['67a69088a2695987']; context = [[6, 86]]
validation step on 750 34/100; scene = ['b4099665590548fc']; context = [[23, 74]]
validation step on 750 35/100; scene = ['9e2a8cc5f32dd46b']; context = [[75, 151]]
validation step on 750 36/100; scene = ['2e109379f53bb221']; context = [[35, 108]]
validation step on 750 37/100; scene = ['8adebbb68f2c3f84']; context = [[72, 131]]
validation step on 750 38/100; scene = ['29e0bfbad00f0d5e']; context = [[8, 100]]
validation step on 750 39/100; scene = ['debc3490ba0bd84b']; context = [[34, 81]]
validation step on 750 40/100; scene = ['7c7bc5285126e6ad']; context = [[64, 126]]
validation step on 750 41/100; scene = ['cdf439b17a6a98d4']; context = [[31, 77]]
validation step on 750 42/100; scene = ['cb38d67088b66084']; context = [[49, 106]]
validation step on 750 43/100; scene = ['2da2eeb966bc0ef8']; context = [[30, 94]]
validation step on 750 44/100; scene = ['bb4d7012261ee0ed']; context = [[0, 46]]
validation step on 750 45/100; scene = ['9e1f1beb4ba8e5da']; context = [[9, 73]]
validation step on 750 46/100; scene = ['26b31d71789bffad']; context = [[3, 57]]
validation step on 750 47/100; scene = ['41abd737e0228c1a']; context = [[81, 127]]
validation step on 750 48/100; scene = ['ed0c2aca14b99efa']; context = [[62, 119]]
validation step on 750 49/100; scene = ['8d5163de9ea4d851']; context = [[39, 85]]
validation step on 750 50/100; scene = ['81be42df6ccae760']; context = [[13, 107]]
validation step on 750 51/100; scene = ['6fe141ec9be1a432']; context = [[12, 73]]
validation step on 750 52/100; scene = ['3b6d8db52c54b174']; context = [[0, 80]]
validation step on 750 53/100; scene = ['3087828bc27bc4c7']; context = [[15, 96]]
validation step on 750 54/100; scene = ['e124dfa7e996a414']; context = [[48, 93]]
validation step on 750 55/100; scene = ['e1afd89a69ee6947']; context = [[34, 113]]
validation step on 750 56/100; scene = ['79ce50fb7b021e1d']; context = [[212, 278]]
validation step on 750 57/100; scene = ['358bdee988c269ef']; context = [[3, 95]]
validation step on 750 58/100; scene = ['f14791aec34dbdcd']; context = [[5, 59]]
validation step on 750 59/100; scene = ['0c52996355b23d76']; context = [[51, 111]]
validation step on 750 60/100; scene = ['62bcb465bb03d34f']; context = [[6, 84]]
validation step on 750 61/100; scene = ['1f0e06e4388dd600']; context = [[44, 96]]
validation step on 750 62/100; scene = ['c9c30723d7c54793']; context = [[152, 247]]
validation step on 750 63/100; scene = ['8b212f2755d955ec']; context = [[40, 110]]
validation step on 750 64/100; scene = ['de67e3a0b0648cfe']; context = [[16, 72]]
validation step on 750 65/100; scene = ['54841308aff91857']; context = [[27, 86]]
validation step on 750 66/100; scene = ['40ca76de44a6e1a9']; context = [[43, 107]]
validation step on 750 67/100; scene = ['bc143130c1842e4b']; context = [[29, 133]]
validation step on 750 68/100; scene = ['912177dbf0a1ed6c']; context = [[3, 60]]
validation step on 750 69/100; scene = ['afe4e799a94e06b3']; context = [[54, 150]]
validation step on 750 70/100; scene = ['17f552ef56d85c55']; context = [[20, 86]]
validation step on 750 71/100; scene = ['a7c691c210154b09']; context = [[0, 50]]
validation step on 750 72/100; scene = ['9490f1219dbbb6ce']; context = [[17, 72]]
validation step on 750 73/100; scene = ['154365ab5a4e067b']; context = [[2, 48]]
validation step on 750 74/100; scene = ['ab4c269f8d523d02']; context = [[18, 72]]
validation step on 750 75/100; scene = ['75d475e9558ab806']; context = [[1, 46]]
validation step on 750 76/100; scene = ['fdaab1f49851782c']; context = [[31, 142]]
validation step on 750 77/100; scene = ['2d4efa3897a4ba2d']; context = [[4, 58]]
validation step on 750 78/100; scene = ['14f477e7d5af5b91']; context = [[17, 72]]
validation step on 750 79/100; scene = ['de45926738229f67']; context = [[22, 84]]
validation step on 750 80/100; scene = ['5c909c802eb6edb1']; context = [[13, 78]]
validation step on 750 81/100; scene = ['aa91dfdd5f4ad32b']; context = [[8, 57]]
validation step on 750 82/100; scene = ['88d9ba3324f2ec21']; context = [[2, 49]]
validation step on 750 83/100; scene = ['622ef98e83ed5239']; context = [[3, 66]]
validation step on 750 84/100; scene = ['30fc5fc78c5a716e']; context = [[151, 210]]
validation step on 750 85/100; scene = ['8b760ac05c93a6bb']; context = [[26, 72]]
validation step on 750 86/100; scene = ['800ea72b6988f63e']; context = [[141, 190]]
validation step on 750 87/100; scene = ['674dabef8f53b566']; context = [[9, 91]]
validation step on 750 88/100; scene = ['d3a01038c5f21473']; context = [[139, 273]]
validation step on 750 89/100; scene = ['3e5f747d06bc84a3']; context = [[85, 190]]
validation step on 750 90/100; scene = ['bb6fa5bdafc14e8c']; context = [[43, 139]]
validation step on 750 91/100; scene = ['052430ff6e2c07c4']; context = [[19, 92]]
validation step on 750 92/100; scene = ['0588138dfec165a1']; context = [[70, 160]]
validation step on 750 93/100; scene = ['e4bcb18fa6aa91be']; context = [[32, 79]]
validation step on 750 94/100; scene = ['4c4fa41951e37e78']; context = [[8, 60]]
validation step on 750 95/100; scene = ['252a24d25a1ea81d']; context = [[198, 263]]
validation step on 750 96/100; scene = ['214df1c2863d2959']; context = [[45, 96]]
validation step on 750 97/100; scene = ['bfd27ad72975e120']; context = [[8, 55]]
validation step on 750 98/100; scene = ['572acd18419c3456']; context = [[3, 62]]
validation step on 750 99/100; scene = ['b26e6c80d283c4c8']; context = [[46, 92]]
validation step on 750 100/100; scene = ['10c8e54590f715f7']; context = [[6, 76]]
train step[750/1500] ; used: 11m:19s; eta: 11m:18s; loss = 0.368875; ['mse_0=0.001313; ', 'lpips_0=0.006486; ', 'codec_recon_0=0.023460; ', 'bpp_0=1.194845; ', 'mse_1=0.001238; ', 'lpips_1=0.005749; ', 'codec_recon_1=0.266086; ', 'bpp_1=0.291936; ', 'mse_2=0.001223; ', 'lpips_2=0.005624; ', 'codec_recon_2=0.079327; ', 'bpp_2=0.272728; ']
train step[751/1500] ; used: 11m:19s; eta: 11m:16s; loss = 0.395939; ['mse_0=0.000721; ', 'lpips_0=0.003896; ', 'codec_recon_0=0.020566; ', 'bpp_0=1.243508; ', 'mse_1=0.000514; ', 'lpips_1=0.002945; ', 'codec_recon_1=0.284024; ', 'bpp_1=0.295722; ', 'mse_2=0.000454; ', 'lpips_2=0.002789; ', 'codec_recon_2=0.091347; ', 'bpp_2=0.274649; ']
train step[752/1500] ; used: 11m:20s; eta: 11m:15s; loss = 0.369549; ['mse_0=0.002969; ', 'lpips_0=0.004800; ', 'codec_recon_0=0.020626; ', 'bpp_0=1.222472; ', 'mse_1=0.002675; ', 'lpips_1=0.004113; ', 'codec_recon_1=0.271233; ', 'bpp_1=0.292898; ', 'mse_2=0.002680; ', 'lpips_2=0.003959; ', 'codec_recon_2=0.077689; ', 'bpp_2=0.270579; ']
train step[753/1500] ; used: 11m:21s; eta: 11m:14s; loss = 0.348553; ['mse_0=0.001196; ', 'lpips_0=0.003359; ', 'codec_recon_0=0.019488; ', 'bpp_0=1.218904; ', 'mse_1=0.000810; ', 'lpips_1=0.002587; ', 'codec_recon_1=0.258267; ', 'bpp_1=0.293367; ', 'mse_2=0.000743; ', 'lpips_2=0.002427; ', 'codec_recon_2=0.070796; ', 'bpp_2=0.272622; ']
train step[754/1500] ; used: 11m:21s; eta: 11m:13s; loss = 0.385661; ['mse_0=0.000994; ', 'lpips_0=0.003402; ', 'codec_recon_0=0.019754; ', 'bpp_0=1.251296; ', 'mse_1=0.000794; ', 'lpips_1=0.002596; ', 'codec_recon_1=0.287960; ', 'bpp_1=0.294767; ', 'mse_2=0.000745; ', 'lpips_2=0.002349; ', 'codec_recon_2=0.077946; ', 'bpp_2=0.273822; ']
train step[755/1500] ; used: 11m:22s; eta: 11m:12s; loss = 0.357845; ['mse_0=0.000660; ', 'lpips_0=0.003391; ', 'codec_recon_0=0.022682; ', 'bpp_0=1.188831; ', 'mse_1=0.000595; ', 'lpips_1=0.002873; ', 'codec_recon_1=0.255175; ', 'bpp_1=0.288584; ', 'mse_2=0.000582; ', 'lpips_2=0.002784; ', 'codec_recon_2=0.079986; ', 'bpp_2=0.266172; ']
train step[756/1500] ; used: 11m:23s; eta: 11m:11s; loss = 0.432860; ['mse_0=0.001133; ', 'lpips_0=0.004560; ', 'codec_recon_0=0.020661; ', 'bpp_0=1.249702; ', 'mse_1=0.000626; ', 'lpips_1=0.002797; ', 'codec_recon_1=0.325860; ', 'bpp_1=0.297148; ', 'mse_2=0.000561; ', 'lpips_2=0.002549; ', 'codec_recon_2=0.086338; ', 'bpp_2=0.278165; ']
train step[757/1500] ; used: 11m:23s; eta: 11m:10s; loss = 0.372475; ['mse_0=0.000830; ', 'lpips_0=0.003825; ', 'codec_recon_0=0.020642; ', 'bpp_0=1.230692; ', 'mse_1=0.000569; ', 'lpips_1=0.002951; ', 'codec_recon_1=0.278432; ', 'bpp_1=0.295788; ', 'mse_2=0.000513; ', 'lpips_2=0.002768; ', 'codec_recon_2=0.073399; ', 'bpp_2=0.276595; ']
train step[758/1500] ; used: 11m:24s; eta: 11m:9s; loss = 0.331323; ['mse_0=0.003508; ', 'lpips_0=0.004395; ', 'codec_recon_0=0.017323; ', 'bpp_0=1.212729; ', 'mse_1=0.003355; ', 'lpips_1=0.003917; ', 'codec_recon_1=0.242241; ', 'bpp_1=0.292440; ', 'mse_2=0.003327; ', 'lpips_2=0.003868; ', 'codec_recon_2=0.071758; ', 'bpp_2=0.269767; ']
train step[759/1500] ; used: 11m:25s; eta: 11m:8s; loss = 0.346719; ['mse_0=0.000674; ', 'lpips_0=0.003332; ', 'codec_recon_0=0.020124; ', 'bpp_0=1.220443; ', 'mse_1=0.000486; ', 'lpips_1=0.002577; ', 'codec_recon_1=0.253969; ', 'bpp_1=0.293685; ', 'mse_2=0.000454; ', 'lpips_2=0.002410; ', 'codec_recon_2=0.072625; ', 'bpp_2=0.272899; ']
train step[760/1500] ; used: 11m:25s; eta: 11m:7s; loss = 0.344347; ['mse_0=0.001856; ', 'lpips_0=0.005292; ', 'codec_recon_0=0.018881; ', 'bpp_0=1.210350; ', 'mse_1=0.001503; ', 'lpips_1=0.004526; ', 'codec_recon_1=0.256183; ', 'bpp_1=0.293657; ', 'mse_2=0.001458; ', 'lpips_2=0.004460; ', 'codec_recon_2=0.069281; ', 'bpp_2=0.272133; ']
train step[761/1500] ; used: 11m:26s; eta: 11m:5s; loss = 0.349989; ['mse_0=0.000895; ', 'lpips_0=0.003493; ', 'codec_recon_0=0.016924; ', 'bpp_0=1.225567; ', 'mse_1=0.000650; ', 'lpips_1=0.002579; ', 'codec_recon_1=0.258595; ', 'bpp_1=0.294630; ', 'mse_2=0.000593; ', 'lpips_2=0.002333; ', 'codec_recon_2=0.074469; ', 'bpp_2=0.273195; ']
train step[762/1500] ; used: 11m:27s; eta: 11m:4s; loss = 0.333143; ['mse_0=0.001743; ', 'lpips_0=0.004090; ', 'codec_recon_0=0.017192; ', 'bpp_0=1.204945; ', 'mse_1=0.001399; ', 'lpips_1=0.003316; ', 'codec_recon_1=0.249227; ', 'bpp_1=0.293357; ', 'mse_2=0.001323; ', 'lpips_2=0.003117; ', 'codec_recon_2=0.066722; ', 'bpp_2=0.271906; ']
train step[763/1500] ; used: 11m:28s; eta: 11m:3s; loss = 0.357668; ['mse_0=0.001055; ', 'lpips_0=0.004929; ', 'codec_recon_0=0.018950; ', 'bpp_0=1.189695; ', 'mse_1=0.000833; ', 'lpips_1=0.004075; ', 'codec_recon_1=0.264045; ', 'bpp_1=0.289495; ', 'mse_2=0.000784; ', 'lpips_2=0.003904; ', 'codec_recon_2=0.074672; ', 'bpp_2=0.267437; ']
train step[764/1500] ; used: 11m:28s; eta: 11m:2s; loss = 0.345226; ['mse_0=0.001089; ', 'lpips_0=0.003601; ', 'codec_recon_0=0.021279; ', 'bpp_0=1.227673; ', 'mse_1=0.000876; ', 'lpips_1=0.002939; ', 'codec_recon_1=0.251279; ', 'bpp_1=0.295448; ', 'mse_2=0.000842; ', 'lpips_2=0.002721; ', 'codec_recon_2=0.072667; ', 'bpp_2=0.273289; ']
train step[765/1500] ; used: 11m:29s; eta: 11m:1s; loss = 0.433527; ['mse_0=0.000945; ', 'lpips_0=0.004095; ', 'codec_recon_0=0.016637; ', 'bpp_0=1.283465; ', 'mse_1=0.000494; ', 'lpips_1=0.002649; ', 'codec_recon_1=0.339027; ', 'bpp_1=0.301250; ', 'mse_2=0.000436; ', 'lpips_2=0.002434; ', 'codec_recon_2=0.077860; ', 'bpp_2=0.282810; ']
train step[766/1500] ; used: 11m:30s; eta: 11m; loss = 0.362773; ['mse_0=0.000264; ', 'lpips_0=0.003589; ', 'codec_recon_0=0.021455; ', 'bpp_0=1.177777; ', 'mse_1=0.000202; ', 'lpips_1=0.003044; ', 'codec_recon_1=0.260616; ', 'bpp_1=0.288277; ', 'mse_2=0.000196; ', 'lpips_2=0.002981; ', 'codec_recon_2=0.080700; ', 'bpp_2=0.267272; ']
train step[767/1500] ; used: 11m:30s; eta: 10m:59s; loss = 0.408803; ['mse_0=0.002540; ', 'lpips_0=0.005365; ', 'codec_recon_0=0.019283; ', 'bpp_0=1.220420; ', 'mse_1=0.002281; ', 'lpips_1=0.004275; ', 'codec_recon_1=0.312913; ', 'bpp_1=0.292616; ', 'mse_2=0.002249; ', 'lpips_2=0.004061; ', 'codec_recon_2=0.076605; ', 'bpp_2=0.272328; ']
train step[768/1500] ; used: 11m:31s; eta: 10m:58s; loss = 0.398470; ['mse_0=0.000382; ', 'lpips_0=0.002569; ', 'codec_recon_0=0.018932; ', 'bpp_0=1.227932; ', 'mse_1=0.000204; ', 'lpips_1=0.001642; ', 'codec_recon_1=0.301154; ', 'bpp_1=0.292052; ', 'mse_2=0.000170; ', 'lpips_2=0.001485; ', 'codec_recon_2=0.078382; ', 'bpp_2=0.267388; ']
train step[769/1500] ; used: 11m:32s; eta: 10m:56s; loss = 0.511778; ['mse_0=0.003549; ', 'lpips_0=0.008216; ', 'codec_recon_0=0.019878; ', 'bpp_0=1.311716; ', 'mse_1=0.002588; ', 'lpips_1=0.005617; ', 'codec_recon_1=0.413524; ', 'bpp_1=0.300638; ', 'mse_2=0.002253; ', 'lpips_2=0.004835; ', 'codec_recon_2=0.078374; ', 'bpp_2=0.286691; ']
train step[770/1500] ; used: 11m:33s; eta: 10m:56s; loss = 0.452065; ['mse_0=0.001781; ', 'lpips_0=0.005004; ', 'codec_recon_0=0.019342; ', 'bpp_0=1.288000; ', 'mse_1=0.001402; ', 'lpips_1=0.003730; ', 'codec_recon_1=0.352156; ', 'bpp_1=0.298645; ', 'mse_2=0.001344; ', 'lpips_2=0.003481; ', 'codec_recon_2=0.080565; ', 'bpp_2=0.279499; ']
train step[771/1500] ; used: 11m:33s; eta: 10m:55s; loss = 0.355715; ['mse_0=0.020202; ', 'lpips_0=0.011832; ', 'codec_recon_0=0.027871; ', 'bpp_0=1.165671; ', 'mse_1=0.020231; ', 'lpips_1=0.010996; ', 'codec_recon_1=0.261022; ', 'bpp_1=0.293070; ', 'mse_2=0.020133; ', 'lpips_2=0.010942; ', 'codec_recon_2=0.066821; ', 'bpp_2=0.273517; ']
train step[772/1500] ; used: 11m:34s; eta: 10m:54s; loss = 0.414310; ['mse_0=0.000739; ', 'lpips_0=0.003226; ', 'codec_recon_0=0.017993; ', 'bpp_0=1.263252; ', 'mse_1=0.000411; ', 'lpips_1=0.002060; ', 'codec_recon_1=0.318486; ', 'bpp_1=0.299299; ', 'mse_2=0.000374; ', 'lpips_2=0.001912; ', 'codec_recon_2=0.077829; ', 'bpp_2=0.279538; ']
train step[773/1500] ; used: 11m:35s; eta: 10m:53s; loss = 0.452012; ['mse_0=0.002975; ', 'lpips_0=0.006132; ', 'codec_recon_0=0.018193; ', 'bpp_0=1.270066; ', 'mse_1=0.002111; ', 'lpips_1=0.004582; ', 'codec_recon_1=0.360628; ', 'bpp_1=0.299837; ', 'mse_2=0.001980; ', 'lpips_2=0.004372; ', 'codec_recon_2=0.073190; ', 'bpp_2=0.282554; ']
train step[774/1500] ; used: 11m:36s; eta: 10m:52s; loss = 0.483594; ['mse_0=0.013067; ', 'lpips_0=0.009633; ', 'codec_recon_0=0.025745; ', 'bpp_0=1.240836; ', 'mse_1=0.013096; ', 'lpips_1=0.008972; ', 'codec_recon_1=0.352111; ', 'bpp_1=0.295308; ', 'mse_2=0.013173; ', 'lpips_2=0.008815; ', 'codec_recon_2=0.105735; ', 'bpp_2=0.274646; ']
train step[775/1500] ; used: 11m:36s; eta: 10m:50s; loss = 0.490780; ['mse_0=0.001778; ', 'lpips_0=0.005451; ', 'codec_recon_0=0.020404; ', 'bpp_0=1.225233; ', 'mse_1=0.001102; ', 'lpips_1=0.003599; ', 'codec_recon_1=0.381025; ', 'bpp_1=0.290467; ', 'mse_2=0.001011; ', 'lpips_2=0.003374; ', 'codec_recon_2=0.089350; ', 'bpp_2=0.271964; ']
train step[776/1500] ; used: 11m:37s; eta: 10m:49s; loss = 0.413838; ['mse_0=0.001389; ', 'lpips_0=0.004112; ', 'codec_recon_0=0.020876; ', 'bpp_0=1.266697; ', 'mse_1=0.001120; ', 'lpips_1=0.003134; ', 'codec_recon_1=0.304313; ', 'bpp_1=0.295447; ', 'mse_2=0.001059; ', 'lpips_2=0.003018; ', 'codec_recon_2=0.088646; ', 'bpp_2=0.275009; ']
train step[777/1500] ; used: 11m:38s; eta: 10m:48s; loss = 0.477018; ['mse_0=0.000952; ', 'lpips_0=0.004647; ', 'codec_recon_0=0.020333; ', 'bpp_0=1.267736; ', 'mse_1=0.000522; ', 'lpips_1=0.002983; ', 'codec_recon_1=0.373457; ', 'bpp_1=0.296366; ', 'mse_2=0.000461; ', 'lpips_2=0.002703; ', 'codec_recon_2=0.083227; ', 'bpp_2=0.279625; ']
train step[778/1500] ; used: 11m:38s; eta: 10m:47s; loss = 0.390816; ['mse_0=0.009974; ', 'lpips_0=0.008999; ', 'codec_recon_0=0.019104; ', 'bpp_0=1.246077; ', 'mse_1=0.008026; ', 'lpips_1=0.007752; ', 'codec_recon_1=0.297788; ', 'bpp_1=0.296056; ', 'mse_2=0.007872; ', 'lpips_2=0.007592; ', 'codec_recon_2=0.073923; ', 'bpp_2=0.276007; ']
train step[779/1500] ; used: 11m:39s; eta: 10m:46s; loss = 0.380236; ['mse_0=0.000346; ', 'lpips_0=0.003528; ', 'codec_recon_0=0.018150; ', 'bpp_0=1.196771; ', 'mse_1=0.000230; ', 'lpips_1=0.002808; ', 'codec_recon_1=0.281467; ', 'bpp_1=0.290958; ', 'mse_2=0.000194; ', 'lpips_2=0.002593; ', 'codec_recon_2=0.080617; ', 'bpp_2=0.266446; ']
train step[780/1500] ; used: 11m:40s; eta: 10m:45s; loss = 0.387366; ['mse_0=0.001130; ', 'lpips_0=0.003825; ', 'codec_recon_0=0.019163; ', 'bpp_0=1.230201; ', 'mse_1=0.000901; ', 'lpips_1=0.003098; ', 'codec_recon_1=0.287772; ', 'bpp_1=0.292744; ', 'mse_2=0.000875; ', 'lpips_2=0.002971; ', 'codec_recon_2=0.080429; ', 'bpp_2=0.271315; ']
train step[781/1500] ; used: 11m:40s; eta: 10m:44s; loss = 0.423716; ['mse_0=0.005380; ', 'lpips_0=0.004773; ', 'codec_recon_0=0.024032; ', 'bpp_0=1.242749; ', 'mse_1=0.005101; ', 'lpips_1=0.003981; ', 'codec_recon_1=0.328119; ', 'bpp_1=0.295314; ', 'mse_2=0.005098; ', 'lpips_2=0.003784; ', 'codec_recon_2=0.071564; ', 'bpp_2=0.273734; ']
train step[782/1500] ; used: 11m:41s; eta: 10m:43s; loss = 0.378087; ['mse_0=0.001006; ', 'lpips_0=0.002827; ', 'codec_recon_0=0.017397; ', 'bpp_0=1.270798; ', 'mse_1=0.000590; ', 'lpips_1=0.001860; ', 'codec_recon_1=0.292667; ', 'bpp_1=0.299846; ', 'mse_2=0.000494; ', 'lpips_2=0.001665; ', 'codec_recon_2=0.068020; ', 'bpp_2=0.280196; ']
train step[783/1500] ; used: 11m:42s; eta: 10m:42s; loss = 0.400816; ['mse_0=0.002295; ', 'lpips_0=0.006309; ', 'codec_recon_0=0.024368; ', 'bpp_0=1.220263; ', 'mse_1=0.002344; ', 'lpips_1=0.005767; ', 'codec_recon_1=0.289062; ', 'bpp_1=0.292440; ', 'mse_2=0.002363; ', 'lpips_2=0.005619; ', 'codec_recon_2=0.087384; ', 'bpp_2=0.270097; ']
train step[784/1500] ; used: 11m:42s; eta: 10m:41s; loss = 0.376354; ['mse_0=0.000818; ', 'lpips_0=0.003660; ', 'codec_recon_0=0.018713; ', 'bpp_0=1.190680; ', 'mse_1=0.000641; ', 'lpips_1=0.003001; ', 'codec_recon_1=0.281377; ', 'bpp_1=0.290751; ', 'mse_2=0.000590; ', 'lpips_2=0.002828; ', 'codec_recon_2=0.076263; ', 'bpp_2=0.268686; ']
train step[785/1500] ; used: 11m:43s; eta: 10m:40s; loss = 0.355723; ['mse_0=0.001342; ', 'lpips_0=0.004192; ', 'codec_recon_0=0.018355; ', 'bpp_0=1.212569; ', 'mse_1=0.001059; ', 'lpips_1=0.003489; ', 'codec_recon_1=0.261717; ', 'bpp_1=0.294066; ', 'mse_2=0.001047; ', 'lpips_2=0.003356; ', 'codec_recon_2=0.075649; ', 'bpp_2=0.272954; ']
train step[786/1500] ; used: 11m:44s; eta: 10m:39s; loss = 0.426808; ['mse_0=0.000994; ', 'lpips_0=0.004433; ', 'codec_recon_0=0.019238; ', 'bpp_0=1.187686; ', 'mse_1=0.000636; ', 'lpips_1=0.003438; ', 'codec_recon_1=0.323630; ', 'bpp_1=0.291226; ', 'mse_2=0.000590; ', 'lpips_2=0.003377; ', 'codec_recon_2=0.083939; ', 'bpp_2=0.266403; ']
train step[787/1500] ; used: 11m:45s; eta: 10m:37s; loss = 0.443391; ['mse_0=0.002593; ', 'lpips_0=0.006100; ', 'codec_recon_0=0.018575; ', 'bpp_0=1.261467; ', 'mse_1=0.002005; ', 'lpips_1=0.004736; ', 'codec_recon_1=0.346036; ', 'bpp_1=0.299808; ', 'mse_2=0.001951; ', 'lpips_2=0.004612; ', 'codec_recon_2=0.078778; ', 'bpp_2=0.281752; ']
train step[788/1500] ; used: 11m:45s; eta: 10m:36s; loss = 0.381898; ['mse_0=0.000621; ', 'lpips_0=0.003633; ', 'codec_recon_0=0.021275; ', 'bpp_0=1.243350; ', 'mse_1=0.000447; ', 'lpips_1=0.002802; ', 'codec_recon_1=0.281373; ', 'bpp_1=0.293055; ', 'mse_2=0.000430; ', 'lpips_2=0.002698; ', 'codec_recon_2=0.079249; ', 'bpp_2=0.270529; ']
train step[789/1500] ; used: 11m:46s; eta: 10m:35s; loss = 0.357673; ['mse_0=0.000562; ', 'lpips_0=0.003764; ', 'codec_recon_0=0.021090; ', 'bpp_0=1.218940; ', 'mse_1=0.000452; ', 'lpips_1=0.003188; ', 'codec_recon_1=0.250867; ', 'bpp_1=0.292097; ', 'mse_2=0.000414; ', 'lpips_2=0.003090; ', 'codec_recon_2=0.085713; ', 'bpp_2=0.269862; ']
train step[790/1500] ; used: 11m:47s; eta: 10m:34s; loss = 0.407854; ['mse_0=0.001308; ', 'lpips_0=0.005316; ', 'codec_recon_0=0.018069; ', 'bpp_0=1.264523; ', 'mse_1=0.001061; ', 'lpips_1=0.004195; ', 'codec_recon_1=0.308057; ', 'bpp_1=0.295053; ', 'mse_2=0.001031; ', 'lpips_2=0.004082; ', 'codec_recon_2=0.081726; ', 'bpp_2=0.275588; ']
train step[791/1500] ; used: 11m:47s; eta: 10m:33s; loss = 0.369414; ['mse_0=0.000484; ', 'lpips_0=0.002960; ', 'codec_recon_0=0.017301; ', 'bpp_0=1.230067; ', 'mse_1=0.000283; ', 'lpips_1=0.002157; ', 'codec_recon_1=0.273837; ', 'bpp_1=0.293502; ', 'mse_2=0.000258; ', 'lpips_2=0.002082; ', 'codec_recon_2=0.078274; ', 'bpp_2=0.270682; ']
train step[792/1500] ; used: 11m:48s; eta: 10m:32s; loss = 0.362400; ['mse_0=0.001457; ', 'lpips_0=0.003690; ', 'codec_recon_0=0.018606; ', 'bpp_0=1.224389; ', 'mse_1=0.001065; ', 'lpips_1=0.002876; ', 'codec_recon_1=0.273655; ', 'bpp_1=0.294299; ', 'mse_2=0.001006; ', 'lpips_2=0.002735; ', 'codec_recon_2=0.070137; ', 'bpp_2=0.271703; ']
train step[793/1500] ; used: 11m:49s; eta: 10m:31s; loss = 0.367031; ['mse_0=0.000657; ', 'lpips_0=0.003527; ', 'codec_recon_0=0.020949; ', 'bpp_0=1.223556; ', 'mse_1=0.000480; ', 'lpips_1=0.002665; ', 'codec_recon_1=0.263836; ', 'bpp_1=0.293161; ', 'mse_2=0.000463; ', 'lpips_2=0.002548; ', 'codec_recon_2=0.082244; ', 'bpp_2=0.270243; ']
train step[794/1500] ; used: 11m:49s; eta: 10m:30s; loss = 0.429466; ['mse_0=0.002834; ', 'lpips_0=0.005462; ', 'codec_recon_0=0.022010; ', 'bpp_0=1.228599; ', 'mse_1=0.002294; ', 'lpips_1=0.004510; ', 'codec_recon_1=0.329789; ', 'bpp_1=0.292973; ', 'mse_2=0.002239; ', 'lpips_2=0.004404; ', 'codec_recon_2=0.077665; ', 'bpp_2=0.274020; ']
train step[795/1500] ; used: 11m:50s; eta: 10m:29s; loss = 0.382503; ['mse_0=0.002290; ', 'lpips_0=0.006035; ', 'codec_recon_0=0.023515; ', 'bpp_0=1.194221; ', 'mse_1=0.001987; ', 'lpips_1=0.004971; ', 'codec_recon_1=0.279355; ', 'bpp_1=0.292769; ', 'mse_2=0.001927; ', 'lpips_2=0.004751; ', 'codec_recon_2=0.079632; ', 'bpp_2=0.272150; ']
train step[796/1500] ; used: 11m:51s; eta: 10m:28s; loss = 0.371358; ['mse_0=0.001343; ', 'lpips_0=0.004515; ', 'codec_recon_0=0.021549; ', 'bpp_0=1.190839; ', 'mse_1=0.001225; ', 'lpips_1=0.003871; ', 'codec_recon_1=0.276006; ', 'bpp_1=0.289480; ', 'mse_2=0.001183; ', 'lpips_2=0.003745; ', 'codec_recon_2=0.073801; ', 'bpp_2=0.267384; ']
train step[797/1500] ; used: 11m:51s; eta: 10m:27s; loss = 0.361273; ['mse_0=0.000656; ', 'lpips_0=0.003737; ', 'codec_recon_0=0.020059; ', 'bpp_0=1.206770; ', 'mse_1=0.000493; ', 'lpips_1=0.002843; ', 'codec_recon_1=0.265407; ', 'bpp_1=0.289251; ', 'mse_2=0.000467; ', 'lpips_2=0.002617; ', 'codec_recon_2=0.075805; ', 'bpp_2=0.268206; ']
train step[798/1500] ; used: 11m:52s; eta: 10m:26s; loss = 0.413107; ['mse_0=0.005635; ', 'lpips_0=0.004822; ', 'codec_recon_0=0.020079; ', 'bpp_0=1.276597; ', 'mse_1=0.004998; ', 'lpips_1=0.003751; ', 'codec_recon_1=0.321079; ', 'bpp_1=0.299141; ', 'mse_2=0.004903; ', 'lpips_2=0.003458; ', 'codec_recon_2=0.071947; ', 'bpp_2=0.281080; ']
train step[799/1500] ; used: 11m:53s; eta: 10m:24s; loss = 0.378140; ['mse_0=0.000627; ', 'lpips_0=0.003387; ', 'codec_recon_0=0.018382; ', 'bpp_0=1.215829; ', 'mse_1=0.000377; ', 'lpips_1=0.002574; ', 'codec_recon_1=0.284970; ', 'bpp_1=0.291548; ', 'mse_2=0.000343; ', 'lpips_2=0.002491; ', 'codec_recon_2=0.074786; ', 'bpp_2=0.269006; ']
train step[800/1500] ; used: 11m:56s; eta: 10m:25s; loss = 0.455612; ['mse_0=0.004019; ', 'lpips_0=0.005740; ', 'codec_recon_0=0.017839; ', 'bpp_0=1.306221; ', 'mse_1=0.003215; ', 'lpips_1=0.003634; ', 'codec_recon_1=0.360160; ', 'bpp_1=0.302832; ', 'mse_2=0.003100; ', 'lpips_2=0.003323; ', 'codec_recon_2=0.077611; ', 'bpp_2=0.287173; ']
train step[801/1500] ; used: 11m:56s; eta: 10m:24s; loss = 0.380576; ['mse_0=0.000690; ', 'lpips_0=0.004521; ', 'codec_recon_0=0.020399; ', 'bpp_0=1.208135; ', 'mse_1=0.000566; ', 'lpips_1=0.003753; ', 'codec_recon_1=0.276446; ', 'bpp_1=0.293422; ', 'mse_2=0.000562; ', 'lpips_2=0.003665; ', 'codec_recon_2=0.083730; ', 'bpp_2=0.272341; ']
train step[802/1500] ; used: 11m:57s; eta: 10m:23s; loss = 0.392842; ['mse_0=0.000924; ', 'lpips_0=0.004133; ', 'codec_recon_0=0.018967; ', 'bpp_0=1.232190; ', 'mse_1=0.000700; ', 'lpips_1=0.003207; ', 'codec_recon_1=0.293227; ', 'bpp_1=0.294764; ', 'mse_2=0.000665; ', 'lpips_2=0.003024; ', 'codec_recon_2=0.080646; ', 'bpp_2=0.273557; ']
train step[803/1500] ; used: 11m:58s; eta: 10m:22s; loss = 0.452800; ['mse_0=0.001937; ', 'lpips_0=0.006863; ', 'codec_recon_0=0.017601; ', 'bpp_0=1.257586; ', 'mse_1=0.001446; ', 'lpips_1=0.005588; ', 'codec_recon_1=0.358514; ', 'bpp_1=0.296561; ', 'mse_2=0.001337; ', 'lpips_2=0.005239; ', 'codec_recon_2=0.076683; ', 'bpp_2=0.277921; ']
train step[804/1500] ; used: 11m:58s; eta: 10m:21s; loss = 0.427202; ['mse_0=0.001033; ', 'lpips_0=0.004884; ', 'codec_recon_0=0.017920; ', 'bpp_0=1.244954; ', 'mse_1=0.000873; ', 'lpips_1=0.003899; ', 'codec_recon_1=0.321755; ', 'bpp_1=0.295898; ', 'mse_2=0.000854; ', 'lpips_2=0.003767; ', 'codec_recon_2=0.087526; ', 'bpp_2=0.276228; ']
train step[805/1500] ; used: 11m:59s; eta: 10m:20s; loss = 0.323534; ['mse_0=0.000463; ', 'lpips_0=0.003960; ', 'codec_recon_0=0.019607; ', 'bpp_0=1.188138; ', 'mse_1=0.000325; ', 'lpips_1=0.003321; ', 'codec_recon_1=0.234963; ', 'bpp_1=0.288370; ', 'mse_2=0.000290; ', 'lpips_2=0.003189; ', 'codec_recon_2=0.068962; ', 'bpp_2=0.266434; ']
train step[806/1500] ; used: 12m; eta: 10m:19s; loss = 0.381941; ['mse_0=0.000880; ', 'lpips_0=0.003860; ', 'codec_recon_0=0.018205; ', 'bpp_0=1.196066; ', 'mse_1=0.000783; ', 'lpips_1=0.003110; ', 'codec_recon_1=0.286459; ', 'bpp_1=0.293388; ', 'mse_2=0.000752; ', 'lpips_2=0.002937; ', 'codec_recon_2=0.077275; ', 'bpp_2=0.269951; ']
train step[807/1500] ; used: 12m:1s; eta: 10m:18s; loss = 0.434083; ['mse_0=0.002248; ', 'lpips_0=0.004490; ', 'codec_recon_0=0.017821; ', 'bpp_0=1.273885; ', 'mse_1=0.001338; ', 'lpips_1=0.002948; ', 'codec_recon_1=0.351535; ', 'bpp_1=0.297616; ', 'mse_2=0.001100; ', 'lpips_2=0.002597; ', 'codec_recon_2=0.064726; ', 'bpp_2=0.279737; ']
train step[808/1500] ; used: 12m:1s; eta: 10m:17s; loss = 0.380883; ['mse_0=0.002417; ', 'lpips_0=0.004709; ', 'codec_recon_0=0.021769; ', 'bpp_0=1.221999; ', 'mse_1=0.002131; ', 'lpips_1=0.003979; ', 'codec_recon_1=0.283056; ', 'bpp_1=0.293136; ', 'mse_2=0.002116; ', 'lpips_2=0.003806; ', 'codec_recon_2=0.076056; ', 'bpp_2=0.272567; ']
train step[809/1500] ; used: 12m:2s; eta: 10m:16s; loss = 0.369921; ['mse_0=0.000717; ', 'lpips_0=0.004557; ', 'codec_recon_0=0.021174; ', 'bpp_0=1.181689; ', 'mse_1=0.000488; ', 'lpips_1=0.003992; ', 'codec_recon_1=0.273543; ', 'bpp_1=0.288931; ', 'mse_2=0.000463; ', 'lpips_2=0.003897; ', 'codec_recon_2=0.075202; ', 'bpp_2=0.268250; ']
train step[810/1500] ; used: 12m:3s; eta: 10m:15s; loss = 0.357447; ['mse_0=0.000502; ', 'lpips_0=0.003588; ', 'codec_recon_0=0.018004; ', 'bpp_0=1.200063; ', 'mse_1=0.000431; ', 'lpips_1=0.003010; ', 'codec_recon_1=0.259906; ', 'bpp_1=0.290997; ', 'mse_2=0.000420; ', 'lpips_2=0.002920; ', 'codec_recon_2=0.079535; ', 'bpp_2=0.267525; ']
train step[811/1500] ; used: 12m:3s; eta: 10m:14s; loss = 0.408973; ['mse_0=0.002130; ', 'lpips_0=0.004311; ', 'codec_recon_0=0.018889; ', 'bpp_0=1.265998; ', 'mse_1=0.001843; ', 'lpips_1=0.003435; ', 'codec_recon_1=0.316700; ', 'bpp_1=0.295551; ', 'mse_2=0.001820; ', 'lpips_2=0.003312; ', 'codec_recon_2=0.073382; ', 'bpp_2=0.275134; ']
train step[812/1500] ; used: 12m:4s; eta: 10m:13s; loss = 0.356645; ['mse_0=0.000833; ', 'lpips_0=0.003087; ', 'codec_recon_0=0.016917; ', 'bpp_0=1.217139; ', 'mse_1=0.000552; ', 'lpips_1=0.002342; ', 'codec_recon_1=0.270576; ', 'bpp_1=0.295396; ', 'mse_2=0.000506; ', 'lpips_2=0.002209; ', 'codec_recon_2=0.069150; ', 'bpp_2=0.273405; ']
train step[813/1500] ; used: 12m:5s; eta: 10m:12s; loss = 0.422423; ['mse_0=0.002191; ', 'lpips_0=0.004813; ', 'codec_recon_0=0.031136; ', 'bpp_0=1.240198; ', 'mse_1=0.001822; ', 'lpips_1=0.003959; ', 'codec_recon_1=0.294929; ', 'bpp_1=0.295744; ', 'mse_2=0.001751; ', 'lpips_2=0.003786; ', 'codec_recon_2=0.096357; ', 'bpp_2=0.274476; ']
train step[814/1500] ; used: 12m:5s; eta: 10m:10s; loss = 0.369311; ['mse_0=0.000719; ', 'lpips_0=0.004106; ', 'codec_recon_0=0.020022; ', 'bpp_0=1.193799; ', 'mse_1=0.000542; ', 'lpips_1=0.003564; ', 'codec_recon_1=0.272056; ', 'bpp_1=0.292617; ', 'mse_2=0.000515; ', 'lpips_2=0.003478; ', 'codec_recon_2=0.077232; ', 'bpp_2=0.272270; ']
train step[815/1500] ; used: 12m:6s; eta: 10m:9s; loss = 0.358349; ['mse_0=0.001050; ', 'lpips_0=0.003695; ', 'codec_recon_0=0.019749; ', 'bpp_0=1.207065; ', 'mse_1=0.000812; ', 'lpips_1=0.002846; ', 'codec_recon_1=0.263985; ', 'bpp_1=0.293677; ', 'mse_2=0.000773; ', 'lpips_2=0.002720; ', 'codec_recon_2=0.074614; ', 'bpp_2=0.271823; ']
train step[816/1500] ; used: 12m:7s; eta: 10m:8s; loss = 0.372383; ['mse_0=0.001031; ', 'lpips_0=0.003859; ', 'codec_recon_0=0.021376; ', 'bpp_0=1.187701; ', 'mse_1=0.000898; ', 'lpips_1=0.003196; ', 'codec_recon_1=0.270937; ', 'bpp_1=0.291560; ', 'mse_2=0.000870; ', 'lpips_2=0.003098; ', 'codec_recon_2=0.080069; ', 'bpp_2=0.269643; ']
train step[817/1500] ; used: 12m:7s; eta: 10m:7s; loss = 0.402879; ['mse_0=0.000620; ', 'lpips_0=0.003125; ', 'codec_recon_0=0.018212; ', 'bpp_0=1.220658; ', 'mse_1=0.000398; ', 'lpips_1=0.002172; ', 'codec_recon_1=0.300040; ', 'bpp_1=0.296120; ', 'mse_2=0.000356; ', 'lpips_2=0.002051; ', 'codec_recon_2=0.084625; ', 'bpp_2=0.274375; ']
train step[818/1500] ; used: 12m:8s; eta: 10m:6s; loss = 0.342784; ['mse_0=0.000511; ', 'lpips_0=0.004145; ', 'codec_recon_0=0.020201; ', 'bpp_0=1.172097; ', 'mse_1=0.000450; ', 'lpips_1=0.003524; ', 'codec_recon_1=0.252907; ', 'bpp_1=0.290985; ', 'mse_2=0.000427; ', 'lpips_2=0.003339; ', 'codec_recon_2=0.069675; ', 'bpp_2=0.270504; ']
train step[819/1500] ; used: 12m:9s; eta: 10m:5s; loss = 0.451347; ['mse_0=0.000954; ', 'lpips_0=0.003702; ', 'codec_recon_0=0.018389; ', 'bpp_0=1.241575; ', 'mse_1=0.000571; ', 'lpips_1=0.002394; ', 'codec_recon_1=0.350845; ', 'bpp_1=0.297073; ', 'mse_2=0.000506; ', 'lpips_2=0.002144; ', 'codec_recon_2=0.082111; ', 'bpp_2=0.277774; ']
train step[820/1500] ; used: 12m:9s; eta: 10m:4s; loss = 0.372975; ['mse_0=0.000484; ', 'lpips_0=0.003345; ', 'codec_recon_0=0.019512; ', 'bpp_0=1.182509; ', 'mse_1=0.000299; ', 'lpips_1=0.002615; ', 'codec_recon_1=0.276635; ', 'bpp_1=0.291136; ', 'mse_2=0.000278; ', 'lpips_2=0.002540; ', 'codec_recon_2=0.076827; ', 'bpp_2=0.269010; ']
train step[821/1500] ; used: 12m:10s; eta: 10m:3s; loss = 0.387249; ['mse_0=0.001766; ', 'lpips_0=0.004190; ', 'codec_recon_0=0.020384; ', 'bpp_0=1.198433; ', 'mse_1=0.001278; ', 'lpips_1=0.003176; ', 'codec_recon_1=0.302312; ', 'bpp_1=0.292586; ', 'mse_2=0.001164; ', 'lpips_2=0.002900; ', 'codec_recon_2=0.064552; ', 'bpp_2=0.271827; ']
train step[822/1500] ; used: 12m:11s; eta: 10m:2s; loss = 0.401310; ['mse_0=0.005841; ', 'lpips_0=0.008783; ', 'codec_recon_0=0.022896; ', 'bpp_0=1.196712; ', 'mse_1=0.005654; ', 'lpips_1=0.008259; ', 'codec_recon_1=0.302707; ', 'bpp_1=0.291059; ', 'mse_2=0.005570; ', 'lpips_2=0.008192; ', 'codec_recon_2=0.075704; ', 'bpp_2=0.273227; ']
train step[823/1500] ; used: 12m:11s; eta: 10m:1s; loss = 0.378885; ['mse_0=0.000565; ', 'lpips_0=0.003302; ', 'codec_recon_0=0.019925; ', 'bpp_0=1.200614; ', 'mse_1=0.000396; ', 'lpips_1=0.002549; ', 'codec_recon_1=0.285880; ', 'bpp_1=0.293528; ', 'mse_2=0.000362; ', 'lpips_2=0.002407; ', 'codec_recon_2=0.073078; ', 'bpp_2=0.272573; ']
train step[824/1500] ; used: 12m:12s; eta: 10m; loss = 0.371156; ['mse_0=0.000700; ', 'lpips_0=0.003583; ', 'codec_recon_0=0.017001; ', 'bpp_0=1.190570; ', 'mse_1=0.000469; ', 'lpips_1=0.002780; ', 'codec_recon_1=0.284973; ', 'bpp_1=0.292735; ', 'mse_2=0.000449; ', 'lpips_2=0.002728; ', 'codec_recon_2=0.069181; ', 'bpp_2=0.272304; ']
train step[825/1500] ; used: 12m:13s; eta: 9m:59s; loss = 0.461525; ['mse_0=0.003404; ', 'lpips_0=0.005548; ', 'codec_recon_0=0.019341; ', 'bpp_0=1.283956; ', 'mse_1=0.002399; ', 'lpips_1=0.003575; ', 'codec_recon_1=0.361088; ', 'bpp_1=0.300545; ', 'mse_2=0.002058; ', 'lpips_2=0.003165; ', 'codec_recon_2=0.081093; ', 'bpp_2=0.283393; ']
train step[826/1500] ; used: 12m:14s; eta: 9m:58s; loss = 0.374837; ['mse_0=0.000970; ', 'lpips_0=0.004103; ', 'codec_recon_0=0.020368; ', 'bpp_0=1.191660; ', 'mse_1=0.000842; ', 'lpips_1=0.003247; ', 'codec_recon_1=0.280394; ', 'bpp_1=0.290916; ', 'mse_2=0.000818; ', 'lpips_2=0.003078; ', 'codec_recon_2=0.074074; ', 'bpp_2=0.270090; ']
train step[827/1500] ; used: 12m:14s; eta: 9m:57s; loss = 0.400318; ['mse_0=0.001309; ', 'lpips_0=0.004540; ', 'codec_recon_0=0.017456; ', 'bpp_0=1.223118; ', 'mse_1=0.000778; ', 'lpips_1=0.003365; ', 'codec_recon_1=0.309201; ', 'bpp_1=0.292987; ', 'mse_2=0.000665; ', 'lpips_2=0.003133; ', 'codec_recon_2=0.073659; ', 'bpp_2=0.272474; ']
train step[828/1500] ; used: 12m:15s; eta: 9m:56s; loss = 0.385265; ['mse_0=0.002191; ', 'lpips_0=0.004630; ', 'codec_recon_0=0.018117; ', 'bpp_0=1.253889; ', 'mse_1=0.001746; ', 'lpips_1=0.003418; ', 'codec_recon_1=0.299579; ', 'bpp_1=0.296850; ', 'mse_2=0.001650; ', 'lpips_2=0.003228; ', 'codec_recon_2=0.067568; ', 'bpp_2=0.279943; ']
train step[829/1500] ; used: 12m:16s; eta: 9m:55s; loss = 0.440537; ['mse_0=0.001224; ', 'lpips_0=0.004345; ', 'codec_recon_0=0.019587; ', 'bpp_0=1.268707; ', 'mse_1=0.000755; ', 'lpips_1=0.002620; ', 'codec_recon_1=0.334458; ', 'bpp_1=0.295827; ', 'mse_2=0.000693; ', 'lpips_2=0.002388; ', 'codec_recon_2=0.086490; ', 'bpp_2=0.275786; ']
train step[830/1500] ; used: 12m:16s; eta: 9m:54s; loss = 0.358838; ['mse_0=0.001584; ', 'lpips_0=0.003671; ', 'codec_recon_0=0.019332; ', 'bpp_0=1.222930; ', 'mse_1=0.001502; ', 'lpips_1=0.002985; ', 'codec_recon_1=0.265268; ', 'bpp_1=0.292425; ', 'mse_2=0.001472; ', 'lpips_2=0.002894; ', 'codec_recon_2=0.074235; ', 'bpp_2=0.270879; ']
train step[831/1500] ; used: 12m:17s; eta: 9m:53s; loss = 0.380935; ['mse_0=0.001057; ', 'lpips_0=0.003843; ', 'codec_recon_0=0.019118; ', 'bpp_0=1.205400; ', 'mse_1=0.000878; ', 'lpips_1=0.002790; ', 'codec_recon_1=0.287345; ', 'bpp_1=0.290972; ', 'mse_2=0.000808; ', 'lpips_2=0.002619; ', 'codec_recon_2=0.074469; ', 'bpp_2=0.267810; ']
train step[832/1500] ; used: 12m:18s; eta: 9m:52s; loss = 0.415376; ['mse_0=0.003067; ', 'lpips_0=0.006309; ', 'codec_recon_0=0.021033; ', 'bpp_0=1.224988; ', 'mse_1=0.002574; ', 'lpips_1=0.005215; ', 'codec_recon_1=0.317027; ', 'bpp_1=0.294411; ', 'mse_2=0.002513; ', 'lpips_2=0.005069; ', 'codec_recon_2=0.077314; ', 'bpp_2=0.275666; ']
train step[833/1500] ; used: 12m:19s; eta: 9m:51s; loss = 0.337234; ['mse_0=0.000753; ', 'lpips_0=0.004289; ', 'codec_recon_0=0.021219; ', 'bpp_0=1.164354; ', 'mse_1=0.000597; ', 'lpips_1=0.003660; ', 'codec_recon_1=0.245467; ', 'bpp_1=0.289028; ', 'mse_2=0.000557; ', 'lpips_2=0.003493; ', 'codec_recon_2=0.070546; ', 'bpp_2=0.268359; ']
train step[834/1500] ; used: 12m:19s; eta: 9m:50s; loss = 0.413977; ['mse_0=0.000746; ', 'lpips_0=0.003655; ', 'codec_recon_0=0.020029; ', 'bpp_0=1.265664; ', 'mse_1=0.000437; ', 'lpips_1=0.002451; ', 'codec_recon_1=0.316678; ', 'bpp_1=0.297136; ', 'mse_2=0.000378; ', 'lpips_2=0.002212; ', 'codec_recon_2=0.077268; ', 'bpp_2=0.278587; ']
train step[835/1500] ; used: 12m:20s; eta: 9m:48s; loss = 0.422074; ['mse_0=0.001071; ', 'lpips_0=0.004275; ', 'codec_recon_0=0.019475; ', 'bpp_0=1.238098; ', 'mse_1=0.000683; ', 'lpips_1=0.002940; ', 'codec_recon_1=0.319879; ', 'bpp_1=0.296146; ', 'mse_2=0.000609; ', 'lpips_2=0.002723; ', 'codec_recon_2=0.082718; ', 'bpp_2=0.275876; ']
train step[836/1500] ; used: 12m:21s; eta: 9m:47s; loss = 0.378330; ['mse_0=0.001996; ', 'lpips_0=0.004234; ', 'codec_recon_0=0.021620; ', 'bpp_0=1.208773; ', 'mse_1=0.001478; ', 'lpips_1=0.003181; ', 'codec_recon_1=0.284510; ', 'bpp_1=0.294304; ', 'mse_2=0.001435; ', 'lpips_2=0.003016; ', 'codec_recon_2=0.072198; ', 'bpp_2=0.273025; ']
train step[837/1500] ; used: 12m:21s; eta: 9m:46s; loss = 0.374877; ['mse_0=0.000685; ', 'lpips_0=0.004282; ', 'codec_recon_0=0.022671; ', 'bpp_0=1.191693; ', 'mse_1=0.000527; ', 'lpips_1=0.003463; ', 'codec_recon_1=0.275518; ', 'bpp_1=0.291729; ', 'mse_2=0.000513; ', 'lpips_2=0.003360; ', 'codec_recon_2=0.076687; ', 'bpp_2=0.270013; ']
train step[838/1500] ; used: 12m:22s; eta: 9m:45s; loss = 0.472935; ['mse_0=0.002107; ', 'lpips_0=0.005412; ', 'codec_recon_0=0.021581; ', 'bpp_0=1.245578; ', 'mse_1=0.001854; ', 'lpips_1=0.004101; ', 'codec_recon_1=0.366759; ', 'bpp_1=0.293662; ', 'mse_2=0.001826; ', 'lpips_2=0.003889; ', 'codec_recon_2=0.084594; ', 'bpp_2=0.276807; ']
train step[839/1500] ; used: 12m:23s; eta: 9m:44s; loss = 0.413586; ['mse_0=0.000438; ', 'lpips_0=0.003565; ', 'codec_recon_0=0.018333; ', 'bpp_0=1.226186; ', 'mse_1=0.000266; ', 'lpips_1=0.002467; ', 'codec_recon_1=0.312166; ', 'bpp_1=0.292247; ', 'mse_2=0.000256; ', 'lpips_2=0.002313; ', 'codec_recon_2=0.083084; ', 'bpp_2=0.272120; ']
train step[840/1500] ; used: 12m:23s; eta: 9m:43s; loss = 0.398872; ['mse_0=0.000670; ', 'lpips_0=0.004526; ', 'codec_recon_0=0.019843; ', 'bpp_0=1.168317; ', 'mse_1=0.000559; ', 'lpips_1=0.003541; ', 'codec_recon_1=0.294666; ', 'bpp_1=0.291052; ', 'mse_2=0.000523; ', 'lpips_2=0.003313; ', 'codec_recon_2=0.084361; ', 'bpp_2=0.268778; ']
train step[841/1500] ; used: 12m:24s; eta: 9m:42s; loss = 0.385848; ['mse_0=0.001266; ', 'lpips_0=0.004822; ', 'codec_recon_0=0.020090; ', 'bpp_0=1.222451; ', 'mse_1=0.001059; ', 'lpips_1=0.004117; ', 'codec_recon_1=0.285452; ', 'bpp_1=0.294446; ', 'mse_2=0.001008; ', 'lpips_2=0.004008; ', 'codec_recon_2=0.080304; ', 'bpp_2=0.275023; ']
train step[842/1500] ; used: 12m:25s; eta: 9m:41s; loss = 0.474326; ['mse_0=0.000871; ', 'lpips_0=0.005428; ', 'codec_recon_0=0.020349; ', 'bpp_0=1.237823; ', 'mse_1=0.000606; ', 'lpips_1=0.003836; ', 'codec_recon_1=0.364670; ', 'bpp_1=0.294563; ', 'mse_2=0.000559; ', 'lpips_2=0.003517; ', 'codec_recon_2=0.089305; ', 'bpp_2=0.275662; ']
train step[843/1500] ; used: 12m:25s; eta: 9m:40s; loss = 0.429695; ['mse_0=0.001624; ', 'lpips_0=0.004848; ', 'codec_recon_0=0.017674; ', 'bpp_0=1.261319; ', 'mse_1=0.001117; ', 'lpips_1=0.003270; ', 'codec_recon_1=0.339438; ', 'bpp_1=0.296894; ', 'mse_2=0.001056; ', 'lpips_2=0.003115; ', 'codec_recon_2=0.072581; ', 'bpp_2=0.277679; ']
train step[844/1500] ; used: 12m:26s; eta: 9m:39s; loss = 0.354278; ['mse_0=0.000616; ', 'lpips_0=0.003213; ', 'codec_recon_0=0.016790; ', 'bpp_0=1.187839; ', 'mse_1=0.000391; ', 'lpips_1=0.002348; ', 'codec_recon_1=0.267445; ', 'bpp_1=0.293687; ', 'mse_2=0.000341; ', 'lpips_2=0.002167; ', 'codec_recon_2=0.070042; ', 'bpp_2=0.271418; ']
train step[845/1500] ; used: 12m:27s; eta: 9m:38s; loss = 0.417053; ['mse_0=0.002311; ', 'lpips_0=0.004308; ', 'codec_recon_0=0.023012; ', 'bpp_0=1.221678; ', 'mse_1=0.002001; ', 'lpips_1=0.003394; ', 'codec_recon_1=0.290661; ', 'bpp_1=0.296100; ', 'mse_2=0.001917; ', 'lpips_2=0.003166; ', 'codec_recon_2=0.103379; ', 'bpp_2=0.276599; ']
train step[846/1500] ; used: 12m:27s; eta: 9m:37s; loss = 0.428611; ['mse_0=0.001740; ', 'lpips_0=0.006001; ', 'codec_recon_0=0.019852; ', 'bpp_0=1.208824; ', 'mse_1=0.001474; ', 'lpips_1=0.004746; ', 'codec_recon_1=0.327775; ', 'bpp_1=0.293044; ', 'mse_2=0.001451; ', 'lpips_2=0.004626; ', 'codec_recon_2=0.080982; ', 'bpp_2=0.272355; ']
train step[847/1500] ; used: 12m:28s; eta: 9m:36s; loss = 0.439534; ['mse_0=0.003699; ', 'lpips_0=0.006156; ', 'codec_recon_0=0.018192; ', 'bpp_0=1.241980; ', 'mse_1=0.003177; ', 'lpips_1=0.004932; ', 'codec_recon_1=0.349040; ', 'bpp_1=0.295658; ', 'mse_2=0.003079; ', 'lpips_2=0.004492; ', 'codec_recon_2=0.072300; ', 'bpp_2=0.276725; ']
train step[848/1500] ; used: 12m:29s; eta: 9m:35s; loss = 0.453693; ['mse_0=0.001525; ', 'lpips_0=0.005380; ', 'codec_recon_0=0.016868; ', 'bpp_0=1.304308; ', 'mse_1=0.001044; ', 'lpips_1=0.003849; ', 'codec_recon_1=0.352084; ', 'bpp_1=0.300461; ', 'mse_2=0.000961; ', 'lpips_2=0.003630; ', 'codec_recon_2=0.084739; ', 'bpp_2=0.283579; ']
train step[849/1500] ; used: 12m:29s; eta: 9m:34s; loss = 0.463095; ['mse_0=0.001584; ', 'lpips_0=0.004387; ', 'codec_recon_0=0.019354; ', 'bpp_0=1.280076; ', 'mse_1=0.000917; ', 'lpips_1=0.002959; ', 'codec_recon_1=0.363205; ', 'bpp_1=0.298657; ', 'mse_2=0.000822; ', 'lpips_2=0.002724; ', 'codec_recon_2=0.080535; ', 'bpp_2=0.280380; ']
train step[850/1500] ; used: 12m:30s; eta: 9m:33s; loss = 0.409266; ['mse_0=0.000659; ', 'lpips_0=0.004357; ', 'codec_recon_0=0.018659; ', 'bpp_0=1.194401; ', 'mse_1=0.000546; ', 'lpips_1=0.003487; ', 'codec_recon_1=0.300620; ', 'bpp_1=0.292230; ', 'mse_2=0.000530; ', 'lpips_2=0.003367; ', 'codec_recon_2=0.089986; ', 'bpp_2=0.269254; ']
train step[851/1500] ; used: 12m:31s; eta: 9m:32s; loss = 0.383527; ['mse_0=0.001133; ', 'lpips_0=0.004120; ', 'codec_recon_0=0.021241; ', 'bpp_0=1.216006; ', 'mse_1=0.000895; ', 'lpips_1=0.003285; ', 'codec_recon_1=0.276545; ', 'bpp_1=0.292065; ', 'mse_2=0.000848; ', 'lpips_2=0.003118; ', 'codec_recon_2=0.085740; ', 'bpp_2=0.271324; ']
train step[852/1500] ; used: 12m:32s; eta: 9m:31s; loss = 0.339088; ['mse_0=0.001203; ', 'lpips_0=0.004425; ', 'codec_recon_0=0.023069; ', 'bpp_0=1.181123; ', 'mse_1=0.000896; ', 'lpips_1=0.003540; ', 'codec_recon_1=0.241796; ', 'bpp_1=0.288562; ', 'mse_2=0.000881; ', 'lpips_2=0.003411; ', 'codec_recon_2=0.074221; ', 'bpp_2=0.266402; ']
train step[853/1500] ; used: 12m:32s; eta: 9m:30s; loss = 0.447721; ['mse_0=0.003847; ', 'lpips_0=0.005449; ', 'codec_recon_0=0.018491; ', 'bpp_0=1.279194; ', 'mse_1=0.002654; ', 'lpips_1=0.003874; ', 'codec_recon_1=0.356490; ', 'bpp_1=0.301663; ', 'mse_2=0.002493; ', 'lpips_2=0.003613; ', 'codec_recon_2=0.072739; ', 'bpp_2=0.286099; ']
train step[854/1500] ; used: 12m:33s; eta: 9m:29s; loss = 0.370520; ['mse_0=0.001119; ', 'lpips_0=0.004092; ', 'codec_recon_0=0.016169; ', 'bpp_0=1.177490; ', 'mse_1=0.000849; ', 'lpips_1=0.003327; ', 'codec_recon_1=0.284740; ', 'bpp_1=0.292224; ', 'mse_2=0.000814; ', 'lpips_2=0.003205; ', 'codec_recon_2=0.069609; ', 'bpp_2=0.269876; ']
train step[855/1500] ; used: 12m:34s; eta: 9m:28s; loss = 0.391685; ['mse_0=0.000598; ', 'lpips_0=0.003009; ', 'codec_recon_0=0.020318; ', 'bpp_0=1.203550; ', 'mse_1=0.000501; ', 'lpips_1=0.002379; ', 'codec_recon_1=0.275661; ', 'bpp_1=0.292963; ', 'mse_2=0.000486; ', 'lpips_2=0.002284; ', 'codec_recon_2=0.095704; ', 'bpp_2=0.269661; ']
train step[856/1500] ; used: 12m:34s; eta: 9m:27s; loss = 0.369064; ['mse_0=0.000276; ', 'lpips_0=0.003845; ', 'codec_recon_0=0.019590; ', 'bpp_0=1.148117; ', 'mse_1=0.000212; ', 'lpips_1=0.003190; ', 'codec_recon_1=0.269531; ', 'bpp_1=0.286289; ', 'mse_2=0.000210; ', 'lpips_2=0.003090; ', 'codec_recon_2=0.079942; ', 'bpp_2=0.263786; ']
train step[857/1500] ; used: 12m:35s; eta: 9m:26s; loss = 0.497395; ['mse_0=0.001062; ', 'lpips_0=0.004980; ', 'codec_recon_0=0.018159; ', 'bpp_0=1.280299; ', 'mse_1=0.000642; ', 'lpips_1=0.003132; ', 'codec_recon_1=0.386986; ', 'bpp_1=0.300960; ', 'mse_2=0.000500; ', 'lpips_2=0.002681; ', 'codec_recon_2=0.092249; ', 'bpp_2=0.285047; ']
train step[858/1500] ; used: 12m:36s; eta: 9m:25s; loss = 0.382244; ['mse_0=0.002047; ', 'lpips_0=0.003929; ', 'codec_recon_0=0.018833; ', 'bpp_0=1.250684; ', 'mse_1=0.001715; ', 'lpips_1=0.003092; ', 'codec_recon_1=0.287458; ', 'bpp_1=0.296144; ', 'mse_2=0.001703; ', 'lpips_2=0.002919; ', 'codec_recon_2=0.075951; ', 'bpp_2=0.278293; ']
train step[859/1500] ; used: 12m:36s; eta: 9m:24s; loss = 0.421758; ['mse_0=0.002850; ', 'lpips_0=0.005418; ', 'codec_recon_0=0.022182; ', 'bpp_0=1.229891; ', 'mse_1=0.002541; ', 'lpips_1=0.004422; ', 'codec_recon_1=0.314688; ', 'bpp_1=0.297065; ', 'mse_2=0.002514; ', 'lpips_2=0.004318; ', 'codec_recon_2=0.084887; ', 'bpp_2=0.277618; ']
train step[860/1500] ; used: 12m:37s; eta: 9m:23s; loss = 0.422659; ['mse_0=0.001281; ', 'lpips_0=0.004309; ', 'codec_recon_0=0.020107; ', 'bpp_0=1.260350; ', 'mse_1=0.000878; ', 'lpips_1=0.003115; ', 'codec_recon_1=0.317015; ', 'bpp_1=0.296638; ', 'mse_2=0.000841; ', 'lpips_2=0.002971; ', 'codec_recon_2=0.085535; ', 'bpp_2=0.278596; ']
train step[861/1500] ; used: 12m:38s; eta: 9m:21s; loss = 0.366212; ['mse_0=0.000753; ', 'lpips_0=0.003470; ', 'codec_recon_0=0.016452; ', 'bpp_0=1.228423; ', 'mse_1=0.000523; ', 'lpips_1=0.002581; ', 'codec_recon_1=0.269531; ', 'bpp_1=0.294886; ', 'mse_2=0.000472; ', 'lpips_2=0.002402; ', 'codec_recon_2=0.080228; ', 'bpp_2=0.273153; ']
train step[862/1500] ; used: 12m:38s; eta: 9m:20s; loss = 0.363069; ['mse_0=0.003541; ', 'lpips_0=0.006075; ', 'codec_recon_0=0.020489; ', 'bpp_0=1.147063; ', 'mse_1=0.003405; ', 'lpips_1=0.005550; ', 'codec_recon_1=0.262435; ', 'bpp_1=0.291326; ', 'mse_2=0.003415; ', 'lpips_2=0.005490; ', 'codec_recon_2=0.080143; ', 'bpp_2=0.270498; ']
train step[863/1500] ; used: 12m:39s; eta: 9m:19s; loss = 0.352165; ['mse_0=0.000663; ', 'lpips_0=0.003524; ', 'codec_recon_0=0.018737; ', 'bpp_0=1.202005; ', 'mse_1=0.000468; ', 'lpips_1=0.002753; ', 'codec_recon_1=0.261062; ', 'bpp_1=0.294214; ', 'mse_2=0.000437; ', 'lpips_2=0.002650; ', 'codec_recon_2=0.072364; ', 'bpp_2=0.274595; ']
train step[864/1500] ; used: 12m:40s; eta: 9m:18s; loss = 0.405024; ['mse_0=0.004569; ', 'lpips_0=0.009309; ', 'codec_recon_0=0.019336; ', 'bpp_0=1.253388; ', 'mse_1=0.004390; ', 'lpips_1=0.008314; ', 'codec_recon_1=0.304397; ', 'bpp_1=0.298835; ', 'mse_2=0.004400; ', 'lpips_2=0.008095; ', 'codec_recon_2=0.081289; ', 'bpp_2=0.280312; ']
train step[865/1500] ; used: 12m:40s; eta: 9m:17s; loss = 0.369053; ['mse_0=0.000583; ', 'lpips_0=0.003721; ', 'codec_recon_0=0.017974; ', 'bpp_0=1.201198; ', 'mse_1=0.000381; ', 'lpips_1=0.003028; ', 'codec_recon_1=0.274307; ', 'bpp_1=0.293685; ', 'mse_2=0.000343; ', 'lpips_2=0.002872; ', 'codec_recon_2=0.076770; ', 'bpp_2=0.272316; ']
train step[866/1500] ; used: 12m:41s; eta: 9m:16s; loss = 0.389942; ['mse_0=0.000281; ', 'lpips_0=0.002940; ', 'codec_recon_0=0.019411; ', 'bpp_0=1.184144; ', 'mse_1=0.000150; ', 'lpips_1=0.002026; ', 'codec_recon_1=0.288940; ', 'bpp_1=0.289206; ', 'mse_2=0.000131; ', 'lpips_2=0.001894; ', 'codec_recon_2=0.081589; ', 'bpp_2=0.266029; ']
train step[867/1500] ; used: 12m:42s; eta: 9m:15s; loss = 0.390505; ['mse_0=0.000884; ', 'lpips_0=0.003625; ', 'codec_recon_0=0.019799; ', 'bpp_0=1.231174; ', 'mse_1=0.000695; ', 'lpips_1=0.002865; ', 'codec_recon_1=0.291292; ', 'bpp_1=0.295186; ', 'mse_2=0.000698; ', 'lpips_2=0.002764; ', 'codec_recon_2=0.079413; ', 'bpp_2=0.277955; ']
train step[868/1500] ; used: 12m:42s; eta: 9m:14s; loss = 0.416391; ['mse_0=0.001146; ', 'lpips_0=0.003880; ', 'codec_recon_0=0.018964; ', 'bpp_0=1.225250; ', 'mse_1=0.000833; ', 'lpips_1=0.002648; ', 'codec_recon_1=0.311054; ', 'bpp_1=0.296722; ', 'mse_2=0.000800; ', 'lpips_2=0.002483; ', 'codec_recon_2=0.086371; ', 'bpp_2=0.277007; ']
train step[869/1500] ; used: 12m:43s; eta: 9m:13s; loss = 0.432560; ['mse_0=0.001263; ', 'lpips_0=0.004901; ', 'codec_recon_0=0.019800; ', 'bpp_0=1.243322; ', 'mse_1=0.000845; ', 'lpips_1=0.003540; ', 'codec_recon_1=0.326355; ', 'bpp_1=0.298030; ', 'mse_2=0.000724; ', 'lpips_2=0.003107; ', 'codec_recon_2=0.086403; ', 'bpp_2=0.279725; ']
train step[870/1500] ; used: 12m:44s; eta: 9m:12s; loss = 0.365304; ['mse_0=0.001025; ', 'lpips_0=0.003733; ', 'codec_recon_0=0.019287; ', 'bpp_0=1.182857; ', 'mse_1=0.000817; ', 'lpips_1=0.002869; ', 'codec_recon_1=0.266992; ', 'bpp_1=0.291360; ', 'mse_2=0.000787; ', 'lpips_2=0.002730; ', 'codec_recon_2=0.079022; ', 'bpp_2=0.268377; ']
train step[871/1500] ; used: 12m:45s; eta: 9m:11s; loss = 0.441684; ['mse_0=0.001099; ', 'lpips_0=0.004476; ', 'codec_recon_0=0.023535; ', 'bpp_0=1.204381; ', 'mse_1=0.000772; ', 'lpips_1=0.003373; ', 'codec_recon_1=0.332828; ', 'bpp_1=0.293407; ', 'mse_2=0.000665; ', 'lpips_2=0.003129; ', 'codec_recon_2=0.085320; ', 'bpp_2=0.274757; ']
train step[872/1500] ; used: 12m:45s; eta: 9m:10s; loss = 0.347988; ['mse_0=0.000812; ', 'lpips_0=0.003872; ', 'codec_recon_0=0.020923; ', 'bpp_0=1.196906; ', 'mse_1=0.000701; ', 'lpips_1=0.003241; ', 'codec_recon_1=0.248327; ', 'bpp_1=0.291112; ', 'mse_2=0.000696; ', 'lpips_2=0.003166; ', 'codec_recon_2=0.078735; ', 'bpp_2=0.270663; ']
train step[873/1500] ; used: 12m:46s; eta: 9m:9s; loss = 0.362179; ['mse_0=0.001453; ', 'lpips_0=0.004116; ', 'codec_recon_0=0.017815; ', 'bpp_0=1.207100; ', 'mse_1=0.001290; ', 'lpips_1=0.003425; ', 'codec_recon_1=0.269017; ', 'bpp_1=0.293665; ', 'mse_2=0.001267; ', 'lpips_2=0.003316; ', 'codec_recon_2=0.075345; ', 'bpp_2=0.273649; ']
train step[874/1500] ; used: 12m:47s; eta: 9m:8s; loss = 0.373943; ['mse_0=0.000959; ', 'lpips_0=0.003648; ', 'codec_recon_0=0.021233; ', 'bpp_0=1.202040; ', 'mse_1=0.000794; ', 'lpips_1=0.002821; ', 'codec_recon_1=0.271869; ', 'bpp_1=0.294804; ', 'mse_2=0.000779; ', 'lpips_2=0.002672; ', 'codec_recon_2=0.080839; ', 'bpp_2=0.274260; ']
train step[875/1500] ; used: 12m:47s; eta: 9m:7s; loss = 0.413709; ['mse_0=0.000858; ', 'lpips_0=0.004631; ', 'codec_recon_0=0.020118; ', 'bpp_0=1.250002; ', 'mse_1=0.000678; ', 'lpips_1=0.003592; ', 'codec_recon_1=0.307070; ', 'bpp_1=0.293711; ', 'mse_2=0.000666; ', 'lpips_2=0.003437; ', 'codec_recon_2=0.086519; ', 'bpp_2=0.273965; ']
train step[876/1500] ; used: 12m:48s; eta: 9m:6s; loss = 0.350740; ['mse_0=0.000848; ', 'lpips_0=0.004089; ', 'codec_recon_0=0.019026; ', 'bpp_0=1.210247; ', 'mse_1=0.000631; ', 'lpips_1=0.003296; ', 'codec_recon_1=0.256192; ', 'bpp_1=0.294284; ', 'mse_2=0.000596; ', 'lpips_2=0.003223; ', 'codec_recon_2=0.075520; ', 'bpp_2=0.274292; ']
train step[877/1500] ; used: 12m:49s; eta: 9m:5s; loss = 0.381030; ['mse_0=0.002108; ', 'lpips_0=0.004699; ', 'codec_recon_0=0.017506; ', 'bpp_0=1.222344; ', 'mse_1=0.001639; ', 'lpips_1=0.003560; ', 'codec_recon_1=0.291120; ', 'bpp_1=0.294848; ', 'mse_2=0.001541; ', 'lpips_2=0.003355; ', 'codec_recon_2=0.072402; ', 'bpp_2=0.275364; ']
train step[878/1500] ; used: 12m:49s; eta: 9m:4s; loss = 0.379340; ['mse_0=0.001002; ', 'lpips_0=0.003423; ', 'codec_recon_0=0.019163; ', 'bpp_0=1.240364; ', 'mse_1=0.000726; ', 'lpips_1=0.002647; ', 'codec_recon_1=0.284382; ', 'bpp_1=0.295396; ', 'mse_2=0.000696; ', 'lpips_2=0.002505; ', 'codec_recon_2=0.075793; ', 'bpp_2=0.274274; ']
train step[879/1500] ; used: 12m:50s; eta: 9m:3s; loss = 0.434589; ['mse_0=0.001338; ', 'lpips_0=0.004108; ', 'codec_recon_0=0.020352; ', 'bpp_0=1.252108; ', 'mse_1=0.000991; ', 'lpips_1=0.003065; ', 'codec_recon_1=0.327613; ', 'bpp_1=0.298076; ', 'mse_2=0.000912; ', 'lpips_2=0.002914; ', 'codec_recon_2=0.086623; ', 'bpp_2=0.281109; ']
train step[880/1500] ; used: 12m:51s; eta: 9m:2s; loss = 0.346371; ['mse_0=0.000542; ', 'lpips_0=0.003862; ', 'codec_recon_0=0.020145; ', 'bpp_0=1.180131; ', 'mse_1=0.000426; ', 'lpips_1=0.003252; ', 'codec_recon_1=0.251267; ', 'bpp_1=0.290220; ', 'mse_2=0.000404; ', 'lpips_2=0.003130; ', 'codec_recon_2=0.074957; ', 'bpp_2=0.271456; ']
train step[881/1500] ; used: 12m:51s; eta: 9m:1s; loss = 0.382808; ['mse_0=0.001901; ', 'lpips_0=0.004580; ', 'codec_recon_0=0.019582; ', 'bpp_0=1.223299; ', 'mse_1=0.001561; ', 'lpips_1=0.003633; ', 'codec_recon_1=0.285517; ', 'bpp_1=0.295887; ', 'mse_2=0.001533; ', 'lpips_2=0.003515; ', 'codec_recon_2=0.077707; ', 'bpp_2=0.274419; ']
train step[882/1500] ; used: 12m:52s; eta: 9m; loss = 0.406034; ['mse_0=0.000555; ', 'lpips_0=0.003842; ', 'codec_recon_0=0.020543; ', 'bpp_0=1.230381; ', 'mse_1=0.000379; ', 'lpips_1=0.002767; ', 'codec_recon_1=0.302145; ', 'bpp_1=0.293995; ', 'mse_2=0.000354; ', 'lpips_2=0.002686; ', 'codec_recon_2=0.083345; ', 'bpp_2=0.272768; ']
train step[883/1500] ; used: 12m:53s; eta: 8m:59s; loss = 0.448528; ['mse_0=0.001179; ', 'lpips_0=0.005971; ', 'codec_recon_0=0.019642; ', 'bpp_0=1.236760; ', 'mse_1=0.000792; ', 'lpips_1=0.004263; ', 'codec_recon_1=0.343875; ', 'bpp_1=0.296182; ', 'mse_2=0.000720; ', 'lpips_2=0.003891; ', 'codec_recon_2=0.085010; ', 'bpp_2=0.277795; ']
train step[884/1500] ; used: 12m:53s; eta: 8m:58s; loss = 0.394579; ['mse_0=0.000855; ', 'lpips_0=0.003961; ', 'codec_recon_0=0.020415; ', 'bpp_0=1.182252; ', 'mse_1=0.000571; ', 'lpips_1=0.002881; ', 'codec_recon_1=0.295667; ', 'bpp_1=0.291219; ', 'mse_2=0.000528; ', 'lpips_2=0.002672; ', 'codec_recon_2=0.078496; ', 'bpp_2=0.269352; ']
train step[885/1500] ; used: 12m:54s; eta: 8m:57s; loss = 0.352309; ['mse_0=0.001715; ', 'lpips_0=0.004590; ', 'codec_recon_0=0.019322; ', 'bpp_0=1.217303; ', 'mse_1=0.001645; ', 'lpips_1=0.004010; ', 'codec_recon_1=0.257740; ', 'bpp_1=0.294432; ', 'mse_2=0.001648; ', 'lpips_2=0.003930; ', 'codec_recon_2=0.075245; ', 'bpp_2=0.274326; ']
train step[886/1500] ; used: 12m:55s; eta: 8m:56s; loss = 0.387792; ['mse_0=0.001921; ', 'lpips_0=0.005806; ', 'codec_recon_0=0.021452; ', 'bpp_0=1.225833; ', 'mse_1=0.001717; ', 'lpips_1=0.005192; ', 'codec_recon_1=0.286175; ', 'bpp_1=0.296427; ', 'mse_2=0.001685; ', 'lpips_2=0.005109; ', 'codec_recon_2=0.080163; ', 'bpp_2=0.276833; ']
train step[887/1500] ; used: 12m:55s; eta: 8m:55s; loss = 0.476214; ['mse_0=0.005204; ', 'lpips_0=0.008082; ', 'codec_recon_0=0.017293; ', 'bpp_0=1.301454; ', 'mse_1=0.004191; ', 'lpips_1=0.006016; ', 'codec_recon_1=0.384859; ', 'bpp_1=0.301476; ', 'mse_2=0.003980; ', 'lpips_2=0.005716; ', 'codec_recon_2=0.074061; ', 'bpp_2=0.285878; ']
train step[888/1500] ; used: 12m:56s; eta: 8m:54s; loss = 0.478250; ['mse_0=0.002222; ', 'lpips_0=0.004113; ', 'codec_recon_0=0.019689; ', 'bpp_0=1.284265; ', 'mse_1=0.001041; ', 'lpips_1=0.001954; ', 'codec_recon_1=0.387802; ', 'bpp_1=0.298912; ', 'mse_2=0.000860; ', 'lpips_2=0.001665; ', 'codec_recon_2=0.070757; ', 'bpp_2=0.283377; ']
train step[889/1500] ; used: 12m:57s; eta: 8m:53s; loss = 0.345898; ['mse_0=0.000614; ', 'lpips_0=0.003526; ', 'codec_recon_0=0.019801; ', 'bpp_0=1.181174; ', 'mse_1=0.000518; ', 'lpips_1=0.002796; ', 'codec_recon_1=0.252061; ', 'bpp_1=0.289495; ', 'mse_2=0.000492; ', 'lpips_2=0.002653; ', 'codec_recon_2=0.074034; ', 'bpp_2=0.267973; ']
train step[890/1500] ; used: 12m:57s; eta: 8m:52s; loss = 0.354318; ['mse_0=0.000576; ', 'lpips_0=0.003750; ', 'codec_recon_0=0.018521; ', 'bpp_0=1.181655; ', 'mse_1=0.000408; ', 'lpips_1=0.002980; ', 'codec_recon_1=0.258447; ', 'bpp_1=0.292001; ', 'mse_2=0.000376; ', 'lpips_2=0.002835; ', 'codec_recon_2=0.077349; ', 'bpp_2=0.268773; ']
train step[891/1500] ; used: 12m:58s; eta: 8m:51s; loss = 0.387121; ['mse_0=0.000993; ', 'lpips_0=0.004674; ', 'codec_recon_0=0.026084; ', 'bpp_0=1.179795; ', 'mse_1=0.000776; ', 'lpips_1=0.003899; ', 'codec_recon_1=0.278344; ', 'bpp_1=0.288543; ', 'mse_2=0.000756; ', 'lpips_2=0.003783; ', 'codec_recon_2=0.082692; ', 'bpp_2=0.273422; ']
train step[892/1500] ; used: 12m:59s; eta: 8m:50s; loss = 0.381778; ['mse_0=0.000495; ', 'lpips_0=0.003625; ', 'codec_recon_0=0.020037; ', 'bpp_0=1.177761; ', 'mse_1=0.000364; ', 'lpips_1=0.003037; ', 'codec_recon_1=0.278771; ', 'bpp_1=0.290157; ', 'mse_2=0.000343; ', 'lpips_2=0.002925; ', 'codec_recon_2=0.082968; ', 'bpp_2=0.268252; ']
train step[893/1500] ; used: 12m:59s; eta: 8m:49s; loss = 0.417254; ['mse_0=0.001518; ', 'lpips_0=0.005073; ', 'codec_recon_0=0.019434; ', 'bpp_0=1.236285; ', 'mse_1=0.001225; ', 'lpips_1=0.004175; ', 'codec_recon_1=0.318545; ', 'bpp_1=0.295566; ', 'mse_2=0.001168; ', 'lpips_2=0.004007; ', 'codec_recon_2=0.079273; ', 'bpp_2=0.278482; ']
train step[894/1500] ; used: 13m; eta: 8m:48s; loss = 0.366876; ['mse_0=0.000818; ', 'lpips_0=0.003005; ', 'codec_recon_0=0.019246; ', 'bpp_0=1.183944; ', 'mse_1=0.000710; ', 'lpips_1=0.002263; ', 'codec_recon_1=0.275296; ', 'bpp_1=0.290975; ', 'mse_2=0.000652; ', 'lpips_2=0.002090; ', 'codec_recon_2=0.072332; ', 'bpp_2=0.267481; ']
train step[895/1500] ; used: 13m:1s; eta: 8m:47s; loss = 0.398386; ['mse_0=0.001295; ', 'lpips_0=0.004663; ', 'codec_recon_0=0.019463; ', 'bpp_0=1.202024; ', 'mse_1=0.001083; ', 'lpips_1=0.003779; ', 'codec_recon_1=0.304113; ', 'bpp_1=0.290255; ', 'mse_2=0.001031; ', 'lpips_2=0.003583; ', 'codec_recon_2=0.074808; ', 'bpp_2=0.268840; ']
train step[896/1500] ; used: 13m:1s; eta: 8m:46s; loss = 0.383438; ['mse_0=0.001279; ', 'lpips_0=0.004368; ', 'codec_recon_0=0.021735; ', 'bpp_0=1.209523; ', 'mse_1=0.001164; ', 'lpips_1=0.003732; ', 'codec_recon_1=0.269876; ', 'bpp_1=0.293282; ', 'mse_2=0.001150; ', 'lpips_2=0.003674; ', 'codec_recon_2=0.091826; ', 'bpp_2=0.270412; ']
train step[897/1500] ; used: 13m:2s; eta: 8m:45s; loss = 0.439208; ['mse_0=0.000899; ', 'lpips_0=0.004417; ', 'codec_recon_0=0.017220; ', 'bpp_0=1.235921; ', 'mse_1=0.000470; ', 'lpips_1=0.002750; ', 'codec_recon_1=0.343037; ', 'bpp_1=0.296524; ', 'mse_2=0.000407; ', 'lpips_2=0.002448; ', 'codec_recon_2=0.078950; ', 'bpp_2=0.276404; ']
train step[898/1500] ; used: 13m:3s; eta: 8m:44s; loss = 0.320001; ['mse_0=0.000390; ', 'lpips_0=0.004539; ', 'codec_recon_0=0.020221; ', 'bpp_0=1.114678; ', 'mse_1=0.000315; ', 'lpips_1=0.003977; ', 'codec_recon_1=0.232457; ', 'bpp_1=0.285460; ', 'mse_2=0.000312; ', 'lpips_2=0.003901; ', 'codec_recon_2=0.067322; ', 'bpp_2=0.263966; ']
train step[899/1500] ; used: 13m:3s; eta: 8m:43s; loss = 0.440150; ['mse_0=0.001588; ', 'lpips_0=0.004089; ', 'codec_recon_0=0.019008; ', 'bpp_0=1.236393; ', 'mse_1=0.001150; ', 'lpips_1=0.002580; ', 'codec_recon_1=0.334987; ', 'bpp_1=0.296103; ', 'mse_2=0.001095; ', 'lpips_2=0.002323; ', 'codec_recon_2=0.086153; ', 'bpp_2=0.278064; ']
train step[900/1500] ; used: 13m:6s; eta: 8m:43s; loss = 0.410708; ['mse_0=0.000292; ', 'lpips_0=0.004645; ', 'codec_recon_0=0.024621; ', 'bpp_0=1.179430; ', 'mse_1=0.000228; ', 'lpips_1=0.003988; ', 'codec_recon_1=0.298509; ', 'bpp_1=0.288303; ', 'mse_2=0.000214; ', 'lpips_2=0.003820; ', 'codec_recon_2=0.087576; ', 'bpp_2=0.267303; ']
train step[901/1500] ; used: 13m:7s; eta: 8m:42s; loss = 0.460433; ['mse_0=0.004150; ', 'lpips_0=0.006460; ', 'codec_recon_0=0.021959; ', 'bpp_0=1.296694; ', 'mse_1=0.003882; ', 'lpips_1=0.005173; ', 'codec_recon_1=0.359378; ', 'bpp_1=0.301532; ', 'mse_2=0.003798; ', 'lpips_2=0.004886; ', 'codec_recon_2=0.079094; ', 'bpp_2=0.286083; ']
train step[902/1500] ; used: 13m:8s; eta: 8m:41s; loss = 0.434249; ['mse_0=0.003124; ', 'lpips_0=0.004381; ', 'codec_recon_0=0.034646; ', 'bpp_0=1.227522; ', 'mse_1=0.002872; ', 'lpips_1=0.003394; ', 'codec_recon_1=0.311165; ', 'bpp_1=0.294770; ', 'mse_2=0.002841; ', 'lpips_2=0.003271; ', 'codec_recon_2=0.088437; ', 'bpp_2=0.273842; ']
train step[903/1500] ; used: 13m:8s; eta: 8m:40s; loss = 0.375934; ['mse_0=0.002810; ', 'lpips_0=0.005173; ', 'codec_recon_0=0.018913; ', 'bpp_0=1.215691; ', 'mse_1=0.002810; ', 'lpips_1=0.004496; ', 'codec_recon_1=0.277748; ', 'bpp_1=0.292067; ', 'mse_2=0.002879; ', 'lpips_2=0.004379; ', 'codec_recon_2=0.079271; ', 'bpp_2=0.269313; ']
train step[904/1500] ; used: 13m:9s; eta: 8m:39s; loss = 0.444103; ['mse_0=0.001994; ', 'lpips_0=0.004536; ', 'codec_recon_0=0.020017; ', 'bpp_0=1.225400; ', 'mse_1=0.002250; ', 'lpips_1=0.003343; ', 'codec_recon_1=0.344841; ', 'bpp_1=0.297731; ', 'mse_2=0.002212; ', 'lpips_2=0.003186; ', 'codec_recon_2=0.079242; ', 'bpp_2=0.280241; ']
train step[905/1500] ; used: 13m:10s; eta: 8m:38s; loss = 0.372504; ['mse_0=0.000735; ', 'lpips_0=0.002947; ', 'codec_recon_0=0.017419; ', 'bpp_0=1.222265; ', 'mse_1=0.000468; ', 'lpips_1=0.002087; ', 'codec_recon_1=0.279991; ', 'bpp_1=0.296745; ', 'mse_2=0.000415; ', 'lpips_2=0.001917; ', 'codec_recon_2=0.075092; ', 'bpp_2=0.277050; ']
train step[906/1500] ; used: 13m:10s; eta: 8m:37s; loss = 0.463876; ['mse_0=0.006774; ', 'lpips_0=0.011918; ', 'codec_recon_0=0.030126; ', 'bpp_0=1.218662; ', 'mse_1=0.004271; ', 'lpips_1=0.010033; ', 'codec_recon_1=0.332515; ', 'bpp_1=0.293406; ', 'mse_2=0.004038; ', 'lpips_2=0.009786; ', 'codec_recon_2=0.101233; ', 'bpp_2=0.274747; ']
train step[907/1500] ; used: 13m:11s; eta: 8m:36s; loss = 0.396974; ['mse_0=0.001611; ', 'lpips_0=0.005681; ', 'codec_recon_0=0.025022; ', 'bpp_0=1.202590; ', 'mse_1=0.001373; ', 'lpips_1=0.004944; ', 'codec_recon_1=0.272320; ', 'bpp_1=0.291528; ', 'mse_2=0.001307; ', 'lpips_2=0.004730; ', 'codec_recon_2=0.099629; ', 'bpp_2=0.270543; ']
train step[908/1500] ; used: 13m:12s; eta: 8m:35s; loss = 0.373240; ['mse_0=0.000901; ', 'lpips_0=0.002759; ', 'codec_recon_0=0.018948; ', 'bpp_0=1.232697; ', 'mse_1=0.000681; ', 'lpips_1=0.002045; ', 'codec_recon_1=0.283885; ', 'bpp_1=0.295734; ', 'mse_2=0.000613; ', 'lpips_2=0.001894; ', 'codec_recon_2=0.070405; ', 'bpp_2=0.276526; ']
train step[909/1500] ; used: 13m:12s; eta: 8m:34s; loss = 0.501509; ['mse_0=0.002691; ', 'lpips_0=0.007862; ', 'codec_recon_0=0.019576; ', 'bpp_0=1.266443; ', 'mse_1=0.001967; ', 'lpips_1=0.005881; ', 'codec_recon_1=0.399040; ', 'bpp_1=0.298193; ', 'mse_2=0.001850; ', 'lpips_2=0.005566; ', 'codec_recon_2=0.082891; ', 'bpp_2=0.282298; ']
train step[910/1500] ; used: 13m:13s; eta: 8m:34s; loss = 0.404359; ['mse_0=0.001606; ', 'lpips_0=0.006068; ', 'codec_recon_0=0.026506; ', 'bpp_0=1.181559; ', 'mse_1=0.001307; ', 'lpips_1=0.004926; ', 'codec_recon_1=0.289080; ', 'bpp_1=0.292600; ', 'mse_2=0.001232; ', 'lpips_2=0.004629; ', 'codec_recon_2=0.088772; ', 'bpp_2=0.272027; ']
train step[911/1500] ; used: 13m:14s; eta: 8m:33s; loss = 0.364719; ['mse_0=0.002182; ', 'lpips_0=0.004611; ', 'codec_recon_0=0.021179; ', 'bpp_0=1.168868; ', 'mse_1=0.002130; ', 'lpips_1=0.004011; ', 'codec_recon_1=0.265602; ', 'bpp_1=0.289861; ', 'mse_2=0.002115; ', 'lpips_2=0.003966; ', 'codec_recon_2=0.077937; ', 'bpp_2=0.266937; ']
train step[912/1500] ; used: 13m:15s; eta: 8m:32s; loss = 0.350047; ['mse_0=0.001022; ', 'lpips_0=0.002876; ', 'codec_recon_0=0.019421; ', 'bpp_0=1.164715; ', 'mse_1=0.000838; ', 'lpips_1=0.002166; ', 'codec_recon_1=0.267022; ', 'bpp_1=0.286449; ', 'mse_2=0.000797; ', 'lpips_2=0.002056; ', 'codec_recon_2=0.063603; ', 'bpp_2=0.265148; ']
train step[913/1500] ; used: 13m:15s; eta: 8m:31s; loss = 0.387548; ['mse_0=0.001352; ', 'lpips_0=0.004738; ', 'codec_recon_0=0.022810; ', 'bpp_0=1.164025; ', 'mse_1=0.001197; ', 'lpips_1=0.003949; ', 'codec_recon_1=0.289915; ', 'bpp_1=0.290904; ', 'mse_2=0.001158; ', 'lpips_2=0.003790; ', 'codec_recon_2=0.074822; ', 'bpp_2=0.268965; ']
train step[914/1500] ; used: 13m:16s; eta: 8m:30s; loss = 0.374692; ['mse_0=0.000813; ', 'lpips_0=0.003787; ', 'codec_recon_0=0.022122; ', 'bpp_0=1.203863; ', 'mse_1=0.000564; ', 'lpips_1=0.003040; ', 'codec_recon_1=0.275894; ', 'bpp_1=0.292755; ', 'mse_2=0.000523; ', 'lpips_2=0.002873; ', 'codec_recon_2=0.076674; ', 'bpp_2=0.271878; ']
train step[915/1500] ; used: 13m:17s; eta: 8m:29s; loss = 0.387398; ['mse_0=0.001282; ', 'lpips_0=0.003474; ', 'codec_recon_0=0.018042; ', 'bpp_0=1.181826; ', 'mse_1=0.000548; ', 'lpips_1=0.002399; ', 'codec_recon_1=0.301655; ', 'bpp_1=0.289611; ', 'mse_2=0.000434; ', 'lpips_2=0.002255; ', 'codec_recon_2=0.067699; ', 'bpp_2=0.270215; ']
train step[916/1500] ; used: 13m:17s; eta: 8m:28s; loss = 0.394031; ['mse_0=0.001027; ', 'lpips_0=0.004077; ', 'codec_recon_0=0.019845; ', 'bpp_0=1.222287; ', 'mse_1=0.000736; ', 'lpips_1=0.003133; ', 'codec_recon_1=0.295089; ', 'bpp_1=0.295530; ', 'mse_2=0.000707; ', 'lpips_2=0.002914; ', 'codec_recon_2=0.079095; ', 'bpp_2=0.272964; ']
train step[917/1500] ; used: 13m:18s; eta: 8m:27s; loss = 0.379952; ['mse_0=0.000796; ', 'lpips_0=0.002778; ', 'codec_recon_0=0.017118; ', 'bpp_0=1.227336; ', 'mse_1=0.000463; ', 'lpips_1=0.001918; ', 'codec_recon_1=0.289520; ', 'bpp_1=0.297774; ', 'mse_2=0.000398; ', 'lpips_2=0.001780; ', 'codec_recon_2=0.073312; ', 'bpp_2=0.276801; ']
train step[918/1500] ; used: 13m:19s; eta: 8m:26s; loss = 0.395538; ['mse_0=0.001476; ', 'lpips_0=0.003927; ', 'codec_recon_0=0.018999; ', 'bpp_0=1.191397; ', 'mse_1=0.001011; ', 'lpips_1=0.003031; ', 'codec_recon_1=0.306592; ', 'bpp_1=0.294476; ', 'mse_2=0.000956; ', 'lpips_2=0.002897; ', 'codec_recon_2=0.069945; ', 'bpp_2=0.274618; ']
train step[919/1500] ; used: 13m:19s; eta: 8m:25s; loss = 0.370555; ['mse_0=0.000932; ', 'lpips_0=0.004377; ', 'codec_recon_0=0.020254; ', 'bpp_0=1.196524; ', 'mse_1=0.000741; ', 'lpips_1=0.003468; ', 'codec_recon_1=0.278137; ', 'bpp_1=0.293631; ', 'mse_2=0.000709; ', 'lpips_2=0.003342; ', 'codec_recon_2=0.072162; ', 'bpp_2=0.273606; ']
train step[920/1500] ; used: 13m:20s; eta: 8m:24s; loss = 0.356480; ['mse_0=0.001109; ', 'lpips_0=0.004339; ', 'codec_recon_0=0.019066; ', 'bpp_0=1.155023; ', 'mse_1=0.000919; ', 'lpips_1=0.003482; ', 'codec_recon_1=0.265507; ', 'bpp_1=0.289393; ', 'mse_2=0.000867; ', 'lpips_2=0.003268; ', 'codec_recon_2=0.071906; ', 'bpp_2=0.269071; ']
train step[921/1500] ; used: 13m:21s; eta: 8m:23s; loss = 0.381060; ['mse_0=0.001543; ', 'lpips_0=0.005113; ', 'codec_recon_0=0.023155; ', 'bpp_0=1.217303; ', 'mse_1=0.001385; ', 'lpips_1=0.004420; ', 'codec_recon_1=0.273675; ', 'bpp_1=0.292899; ', 'mse_2=0.001356; ', 'lpips_2=0.004292; ', 'codec_recon_2=0.084228; ', 'bpp_2=0.273704; ']
train step[922/1500] ; used: 13m:21s; eta: 8m:22s; loss = 0.383426; ['mse_0=0.001450; ', 'lpips_0=0.003616; ', 'codec_recon_0=0.018550; ', 'bpp_0=1.234230; ', 'mse_1=0.001157; ', 'lpips_1=0.002611; ', 'codec_recon_1=0.288060; ', 'bpp_1=0.296761; ', 'mse_2=0.001122; ', 'lpips_2=0.002369; ', 'codec_recon_2=0.076815; ', 'bpp_2=0.275614; ']
train step[923/1500] ; used: 13m:22s; eta: 8m:21s; loss = 0.384818; ['mse_0=0.000930; ', 'lpips_0=0.003054; ', 'codec_recon_0=0.017377; ', 'bpp_0=1.230858; ', 'mse_1=0.000789; ', 'lpips_1=0.002179; ', 'codec_recon_1=0.282317; ', 'bpp_1=0.293076; ', 'mse_2=0.000757; ', 'lpips_2=0.002051; ', 'codec_recon_2=0.085122; ', 'bpp_2=0.271619; ']
train step[924/1500] ; used: 13m:23s; eta: 8m:20s; loss = 0.395882; ['mse_0=0.002633; ', 'lpips_0=0.005228; ', 'codec_recon_0=0.020878; ', 'bpp_0=1.216503; ', 'mse_1=0.002440; ', 'lpips_1=0.004452; ', 'codec_recon_1=0.299513; ', 'bpp_1=0.295185; ', 'mse_2=0.002397; ', 'lpips_2=0.004318; ', 'codec_recon_2=0.075489; ', 'bpp_2=0.276004; ']
train step[925/1500] ; used: 13m:23s; eta: 8m:19s; loss = 0.419352; ['mse_0=0.002125; ', 'lpips_0=0.004242; ', 'codec_recon_0=0.017897; ', 'bpp_0=1.273202; ', 'mse_1=0.001593; ', 'lpips_1=0.003113; ', 'codec_recon_1=0.330769; ', 'bpp_1=0.300473; ', 'mse_2=0.001518; ', 'lpips_2=0.002893; ', 'codec_recon_2=0.070684; ', 'bpp_2=0.282892; ']
train step[926/1500] ; used: 13m:24s; eta: 8m:18s; loss = 0.344064; ['mse_0=0.000866; ', 'lpips_0=0.004048; ', 'codec_recon_0=0.018849; ', 'bpp_0=1.155830; ', 'mse_1=0.000643; ', 'lpips_1=0.003100; ', 'codec_recon_1=0.257189; ', 'bpp_1=0.291816; ', 'mse_2=0.000617; ', 'lpips_2=0.002921; ', 'codec_recon_2=0.068024; ', 'bpp_2=0.270425; ']
train step[927/1500] ; used: 13m:25s; eta: 8m:17s; loss = 0.338044; ['mse_0=0.001594; ', 'lpips_0=0.003640; ', 'codec_recon_0=0.020177; ', 'bpp_0=1.188044; ', 'mse_1=0.001499; ', 'lpips_1=0.003129; ', 'codec_recon_1=0.244014; ', 'bpp_1=0.290975; ', 'mse_2=0.001487; ', 'lpips_2=0.003085; ', 'codec_recon_2=0.073851; ', 'bpp_2=0.270298; ']
train step[928/1500] ; used: 13m:25s; eta: 8m:16s; loss = 0.411553; ['mse_0=0.002772; ', 'lpips_0=0.005530; ', 'codec_recon_0=0.018513; ', 'bpp_0=1.240658; ', 'mse_1=0.002410; ', 'lpips_1=0.004491; ', 'codec_recon_1=0.317171; ', 'bpp_1=0.298224; ', 'mse_2=0.002327; ', 'lpips_2=0.004303; ', 'codec_recon_2=0.075867; ', 'bpp_2=0.279779; ']
train step[929/1500] ; used: 13m:26s; eta: 8m:15s; loss = 0.372089; ['mse_0=0.001178; ', 'lpips_0=0.003966; ', 'codec_recon_0=0.019518; ', 'bpp_0=1.179967; ', 'mse_1=0.000960; ', 'lpips_1=0.003271; ', 'codec_recon_1=0.283006; ', 'bpp_1=0.294264; ', 'mse_2=0.000913; ', 'lpips_2=0.003145; ', 'codec_recon_2=0.069564; ', 'bpp_2=0.272737; ']
train step[930/1500] ; used: 13m:27s; eta: 8m:14s; loss = 0.372393; ['mse_0=0.001184; ', 'lpips_0=0.004344; ', 'codec_recon_0=0.022956; ', 'bpp_0=1.185262; ', 'mse_1=0.000826; ', 'lpips_1=0.003563; ', 'codec_recon_1=0.265981; ', 'bpp_1=0.291305; ', 'mse_2=0.000798; ', 'lpips_2=0.003443; ', 'codec_recon_2=0.083454; ', 'bpp_2=0.271180; ']
train step[931/1500] ; used: 13m:27s; eta: 8m:13s; loss = 0.341689; ['mse_0=0.000777; ', 'lpips_0=0.003908; ', 'codec_recon_0=0.019268; ', 'bpp_0=1.204104; ', 'mse_1=0.000594; ', 'lpips_1=0.003098; ', 'codec_recon_1=0.252164; ', 'bpp_1=0.294939; ', 'mse_2=0.000552; ', 'lpips_2=0.002978; ', 'codec_recon_2=0.070254; ', 'bpp_2=0.274069; ']
train step[932/1500] ; used: 13m:28s; eta: 8m:12s; loss = 0.452383; ['mse_0=0.000648; ', 'lpips_0=0.004242; ', 'codec_recon_0=0.027678; ', 'bpp_0=1.187222; ', 'mse_1=0.000509; ', 'lpips_1=0.003382; ', 'codec_recon_1=0.324863; ', 'bpp_1=0.291603; ', 'mse_2=0.000487; ', 'lpips_2=0.003281; ', 'codec_recon_2=0.099840; ', 'bpp_2=0.271453; ']
train step[933/1500] ; used: 13m:29s; eta: 8m:11s; loss = 0.387747; ['mse_0=0.003682; ', 'lpips_0=0.005531; ', 'codec_recon_0=0.018967; ', 'bpp_0=1.192314; ', 'mse_1=0.003236; ', 'lpips_1=0.004667; ', 'codec_recon_1=0.302844; ', 'bpp_1=0.293747; ', 'mse_2=0.003145; ', 'lpips_2=0.004545; ', 'codec_recon_2=0.065934; ', 'bpp_2=0.272854; ']
train step[934/1500] ; used: 13m:29s; eta: 8m:10s; loss = 0.386997; ['mse_0=0.003754; ', 'lpips_0=0.005479; ', 'codec_recon_0=0.025981; ', 'bpp_0=1.198162; ', 'mse_1=0.003683; ', 'lpips_1=0.004840; ', 'codec_recon_1=0.275952; ', 'bpp_1=0.294312; ', 'mse_2=0.003678; ', 'lpips_2=0.004743; ', 'codec_recon_2=0.085063; ', 'bpp_2=0.272095; ']
train step[935/1500] ; used: 13m:30s; eta: 8m:9s; loss = 0.369842; ['mse_0=0.001506; ', 'lpips_0=0.003964; ', 'codec_recon_0=0.017755; ', 'bpp_0=1.220609; ', 'mse_1=0.001083; ', 'lpips_1=0.003105; ', 'codec_recon_1=0.278145; ', 'bpp_1=0.297193; ', 'mse_2=0.000994; ', 'lpips_2=0.002862; ', 'codec_recon_2=0.073940; ', 'bpp_2=0.275433; ']
train step[936/1500] ; used: 13m:31s; eta: 8m:8s; loss = 0.339519; ['mse_0=0.000390; ', 'lpips_0=0.004230; ', 'codec_recon_0=0.022579; ', 'bpp_0=1.164092; ', 'mse_1=0.000330; ', 'lpips_1=0.003803; ', 'codec_recon_1=0.240460; ', 'bpp_1=0.288569; ', 'mse_2=0.000326; ', 'lpips_2=0.003762; ', 'codec_recon_2=0.076477; ', 'bpp_2=0.269813; ']
train step[937/1500] ; used: 13m:32s; eta: 8m:7s; loss = 0.387955; ['mse_0=0.000433; ', 'lpips_0=0.003600; ', 'codec_recon_0=0.019404; ', 'bpp_0=1.148409; ', 'mse_1=0.000220; ', 'lpips_1=0.002683; ', 'codec_recon_1=0.291682; ', 'bpp_1=0.287380; ', 'mse_2=0.000203; ', 'lpips_2=0.002583; ', 'codec_recon_2=0.076867; ', 'bpp_2=0.264970; ']
train step[938/1500] ; used: 13m:32s; eta: 8m:6s; loss = 0.464204; ['mse_0=0.001291; ', 'lpips_0=0.003187; ', 'codec_recon_0=0.025436; ', 'bpp_0=1.247222; ', 'mse_1=0.000746; ', 'lpips_1=0.001948; ', 'codec_recon_1=0.359477; ', 'bpp_1=0.298785; ', 'mse_2=0.000660; ', 'lpips_2=0.001760; ', 'codec_recon_2=0.079289; ', 'bpp_2=0.279587; ']
train step[939/1500] ; used: 13m:33s; eta: 8m:5s; loss = 0.446295; ['mse_0=0.001202; ', 'lpips_0=0.004560; ', 'codec_recon_0=0.019043; ', 'bpp_0=1.244089; ', 'mse_1=0.000726; ', 'lpips_1=0.003192; ', 'codec_recon_1=0.350600; ', 'bpp_1=0.297325; ', 'mse_2=0.000663; ', 'lpips_2=0.003006; ', 'codec_recon_2=0.076650; ', 'bpp_2=0.278679; ']
train step[940/1500] ; used: 13m:34s; eta: 8m:4s; loss = 0.409935; ['mse_0=0.000828; ', 'lpips_0=0.004637; ', 'codec_recon_0=0.021103; ', 'bpp_0=1.209236; ', 'mse_1=0.000657; ', 'lpips_1=0.003788; ', 'codec_recon_1=0.301758; ', 'bpp_1=0.294148; ', 'mse_2=0.000623; ', 'lpips_2=0.003621; ', 'codec_recon_2=0.087071; ', 'bpp_2=0.274533; ']
train step[941/1500] ; used: 13m:34s; eta: 8m:3s; loss = 0.361964; ['mse_0=0.000781; ', 'lpips_0=0.003493; ', 'codec_recon_0=0.019498; ', 'bpp_0=1.209863; ', 'mse_1=0.000554; ', 'lpips_1=0.002797; ', 'codec_recon_1=0.268482; ', 'bpp_1=0.293645; ', 'mse_2=0.000512; ', 'lpips_2=0.002664; ', 'codec_recon_2=0.073983; ', 'bpp_2=0.270844; ']
train step[942/1500] ; used: 13m:35s; eta: 8m:2s; loss = 0.457857; ['mse_0=0.001066; ', 'lpips_0=0.004797; ', 'codec_recon_0=0.025490; ', 'bpp_0=1.238723; ', 'mse_1=0.000744; ', 'lpips_1=0.003610; ', 'codec_recon_1=0.343443; ', 'bpp_1=0.296334; ', 'mse_2=0.000674; ', 'lpips_2=0.003304; ', 'codec_recon_2=0.088922; ', 'bpp_2=0.278600; ']
train step[943/1500] ; used: 13m:36s; eta: 8m:1s; loss = 0.357139; ['mse_0=0.000665; ', 'lpips_0=0.003250; ', 'codec_recon_0=0.017852; ', 'bpp_0=1.202224; ', 'mse_1=0.000525; ', 'lpips_1=0.002543; ', 'codec_recon_1=0.266465; ', 'bpp_1=0.294869; ', 'mse_2=0.000494; ', 'lpips_2=0.002451; ', 'codec_recon_2=0.072820; ', 'bpp_2=0.272190; ']
train step[944/1500] ; used: 13m:36s; eta: 8m; loss = 0.398239; ['mse_0=0.001171; ', 'lpips_0=0.003976; ', 'codec_recon_0=0.023994; ', 'bpp_0=1.192108; ', 'mse_1=0.000878; ', 'lpips_1=0.003137; ', 'codec_recon_1=0.304602; ', 'bpp_1=0.289355; ', 'mse_2=0.000831; ', 'lpips_2=0.003022; ', 'codec_recon_2=0.069641; ', 'bpp_2=0.269124; ']
train step[945/1500] ; used: 13m:37s; eta: 7m:59s; loss = 0.481546; ['mse_0=0.001456; ', 'lpips_0=0.005123; ', 'codec_recon_0=0.020222; ', 'bpp_0=1.278321; ', 'mse_1=0.000896; ', 'lpips_1=0.003313; ', 'codec_recon_1=0.377949; ', 'bpp_1=0.300822; ', 'mse_2=0.000827; ', 'lpips_2=0.003093; ', 'codec_recon_2=0.083373; ', 'bpp_2=0.283435; ']
train step[946/1500] ; used: 13m:38s; eta: 7m:58s; loss = 0.352280; ['mse_0=0.000922; ', 'lpips_0=0.003523; ', 'codec_recon_0=0.018280; ', 'bpp_0=1.192158; ', 'mse_1=0.000621; ', 'lpips_1=0.002695; ', 'codec_recon_1=0.266065; ', 'bpp_1=0.291946; ', 'mse_2=0.000534; ', 'lpips_2=0.002503; ', 'codec_recon_2=0.067933; ', 'bpp_2=0.268970; ']
train step[947/1500] ; used: 13m:39s; eta: 7m:57s; loss = 0.374623; ['mse_0=0.000679; ', 'lpips_0=0.002779; ', 'codec_recon_0=0.018028; ', 'bpp_0=1.253562; ', 'mse_1=0.000447; ', 'lpips_1=0.001876; ', 'codec_recon_1=0.275666; ', 'bpp_1=0.295470; ', 'mse_2=0.000402; ', 'lpips_2=0.001690; ', 'codec_recon_2=0.080928; ', 'bpp_2=0.273249; ']
train step[948/1500] ; used: 13m:39s; eta: 7m:56s; loss = 0.467976; ['mse_0=0.001233; ', 'lpips_0=0.004614; ', 'codec_recon_0=0.020042; ', 'bpp_0=1.225726; ', 'mse_1=0.000887; ', 'lpips_1=0.003439; ', 'codec_recon_1=0.368439; ', 'bpp_1=0.296177; ', 'mse_2=0.000802; ', 'lpips_2=0.003278; ', 'codec_recon_2=0.079493; ', 'bpp_2=0.277637; ']
train step[949/1500] ; used: 13m:40s; eta: 7m:55s; loss = 0.356266; ['mse_0=0.001238; ', 'lpips_0=0.002948; ', 'codec_recon_0=0.017467; ', 'bpp_0=1.206501; ', 'mse_1=0.000943; ', 'lpips_1=0.002247; ', 'codec_recon_1=0.275497; ', 'bpp_1=0.296591; ', 'mse_2=0.000909; ', 'lpips_2=0.002120; ', 'codec_recon_2=0.063301; ', 'bpp_2=0.274759; ']
train step[950/1500] ; used: 13m:41s; eta: 7m:54s; loss = 0.403143; ['mse_0=0.000994; ', 'lpips_0=0.004611; ', 'codec_recon_0=0.029367; ', 'bpp_0=1.172897; ', 'mse_1=0.000798; ', 'lpips_1=0.004062; ', 'codec_recon_1=0.281847; ', 'bpp_1=0.289276; ', 'mse_2=0.000774; ', 'lpips_2=0.003990; ', 'codec_recon_2=0.091928; ', 'bpp_2=0.269990; ']
train step[951/1500] ; used: 13m:41s; eta: 7m:53s; loss = 0.368724; ['mse_0=0.001196; ', 'lpips_0=0.003570; ', 'codec_recon_0=0.016512; ', 'bpp_0=1.247169; ', 'mse_1=0.000819; ', 'lpips_1=0.002542; ', 'codec_recon_1=0.278544; ', 'bpp_1=0.299199; ', 'mse_2=0.000729; ', 'lpips_2=0.002318; ', 'codec_recon_2=0.073666; ', 'bpp_2=0.279798; ']
train step[952/1500] ; used: 13m:42s; eta: 7m:52s; loss = 0.366160; ['mse_0=0.000638; ', 'lpips_0=0.003371; ', 'codec_recon_0=0.017504; ', 'bpp_0=1.195588; ', 'mse_1=0.000431; ', 'lpips_1=0.002480; ', 'codec_recon_1=0.275830; ', 'bpp_1=0.295546; ', 'mse_2=0.000391; ', 'lpips_2=0.002296; ', 'codec_recon_2=0.072824; ', 'bpp_2=0.272491; ']
train step[953/1500] ; used: 13m:43s; eta: 7m:51s; loss = 0.386546; ['mse_0=0.002073; ', 'lpips_0=0.005396; ', 'codec_recon_0=0.024365; ', 'bpp_0=1.200754; ', 'mse_1=0.001878; ', 'lpips_1=0.004394; ', 'codec_recon_1=0.288481; ', 'bpp_1=0.294933; ', 'mse_2=0.001860; ', 'lpips_2=0.004273; ', 'codec_recon_2=0.073699; ', 'bpp_2=0.272507; ']
train step[954/1500] ; used: 13m:43s; eta: 7m:50s; loss = 0.372954; ['mse_0=0.001399; ', 'lpips_0=0.003937; ', 'codec_recon_0=0.019648; ', 'bpp_0=1.217182; ', 'mse_1=0.001247; ', 'lpips_1=0.003215; ', 'codec_recon_1=0.276498; ', 'bpp_1=0.294760; ', 'mse_2=0.001209; ', 'lpips_2=0.003071; ', 'codec_recon_2=0.076806; ', 'bpp_2=0.275035; ']
train step[955/1500] ; used: 13m:44s; eta: 7m:49s; loss = 0.341756; ['mse_0=0.000477; ', 'lpips_0=0.003471; ', 'codec_recon_0=0.020083; ', 'bpp_0=1.158524; ', 'mse_1=0.000321; ', 'lpips_1=0.002675; ', 'codec_recon_1=0.249691; ', 'bpp_1=0.290689; ', 'mse_2=0.000302; ', 'lpips_2=0.002537; ', 'codec_recon_2=0.071980; ', 'bpp_2=0.267245; ']
train step[956/1500] ; used: 13m:45s; eta: 7m:49s; loss = 0.455132; ['mse_0=0.001584; ', 'lpips_0=0.005418; ', 'codec_recon_0=0.017862; ', 'bpp_0=1.297030; ', 'mse_1=0.001026; ', 'lpips_1=0.003663; ', 'codec_recon_1=0.365524; ', 'bpp_1=0.300811; ', 'mse_2=0.000882; ', 'lpips_2=0.003191; ', 'codec_recon_2=0.071744; ', 'bpp_2=0.284916; ']
train step[957/1500] ; used: 13m:45s; eta: 7m:48s; loss = 0.339988; ['mse_0=0.000849; ', 'lpips_0=0.004710; ', 'codec_recon_0=0.020158; ', 'bpp_0=1.166638; ', 'mse_1=0.000679; ', 'lpips_1=0.004034; ', 'codec_recon_1=0.245069; ', 'bpp_1=0.291757; ', 'mse_2=0.000653; ', 'lpips_2=0.003894; ', 'codec_recon_2=0.074759; ', 'bpp_2=0.271521; ']
train step[958/1500] ; used: 13m:46s; eta: 7m:47s; loss = 0.350672; ['mse_0=0.001100; ', 'lpips_0=0.003751; ', 'codec_recon_0=0.020293; ', 'bpp_0=1.196618; ', 'mse_1=0.000789; ', 'lpips_1=0.003026; ', 'codec_recon_1=0.262429; ', 'bpp_1=0.290683; ', 'mse_2=0.000734; ', 'lpips_2=0.002801; ', 'codec_recon_2=0.067948; ', 'bpp_2=0.270497; ']
train step[959/1500] ; used: 13m:47s; eta: 7m:46s; loss = 0.424169; ['mse_0=0.005514; ', 'lpips_0=0.007506; ', 'codec_recon_0=0.021379; ', 'bpp_0=1.196454; ', 'mse_1=0.005126; ', 'lpips_1=0.006386; ', 'codec_recon_1=0.320354; ', 'bpp_1=0.293891; ', 'mse_2=0.005095; ', 'lpips_2=0.006154; ', 'codec_recon_2=0.082434; ', 'bpp_2=0.273932; ']
train step[960/1500] ; used: 13m:47s; eta: 7m:45s; loss = 0.403235; ['mse_0=0.000882; ', 'lpips_0=0.004241; ', 'codec_recon_0=0.019712; ', 'bpp_0=1.194704; ', 'mse_1=0.000778; ', 'lpips_1=0.003447; ', 'codec_recon_1=0.299494; ', 'bpp_1=0.292044; ', 'mse_2=0.000757; ', 'lpips_2=0.003304; ', 'codec_recon_2=0.084027; ', 'bpp_2=0.269733; ']
train step[961/1500] ; used: 13m:48s; eta: 7m:44s; loss = 0.423567; ['mse_0=0.000860; ', 'lpips_0=0.004432; ', 'codec_recon_0=0.017365; ', 'bpp_0=1.252467; ', 'mse_1=0.000636; ', 'lpips_1=0.003346; ', 'codec_recon_1=0.324722; ', 'bpp_1=0.298689; ', 'mse_2=0.000543; ', 'lpips_2=0.003030; ', 'codec_recon_2=0.081478; ', 'bpp_2=0.278849; ']
train step[962/1500] ; used: 13m:49s; eta: 7m:43s; loss = 0.405559; ['mse_0=0.002207; ', 'lpips_0=0.004329; ', 'codec_recon_0=0.023446; ', 'bpp_0=1.231587; ', 'mse_1=0.001785; ', 'lpips_1=0.003462; ', 'codec_recon_1=0.287010; ', 'bpp_1=0.297585; ', 'mse_2=0.001721; ', 'lpips_2=0.003255; ', 'codec_recon_2=0.095102; ', 'bpp_2=0.278387; ']
train step[963/1500] ; used: 13m:50s; eta: 7m:42s; loss = 0.453042; ['mse_0=0.001572; ', 'lpips_0=0.003831; ', 'codec_recon_0=0.019654; ', 'bpp_0=1.256371; ', 'mse_1=0.000947; ', 'lpips_1=0.002208; ', 'codec_recon_1=0.355739; ', 'bpp_1=0.298087; ', 'mse_2=0.000859; ', 'lpips_2=0.001973; ', 'codec_recon_2=0.077647; ', 'bpp_2=0.280865; ']
train step[964/1500] ; used: 13m:50s; eta: 7m:41s; loss = 0.395181; ['mse_0=0.002239; ', 'lpips_0=0.004221; ', 'codec_recon_0=0.017143; ', 'bpp_0=1.271232; ', 'mse_1=0.001559; ', 'lpips_1=0.003072; ', 'codec_recon_1=0.306580; ', 'bpp_1=0.301285; ', 'mse_2=0.001442; ', 'lpips_2=0.002810; ', 'codec_recon_2=0.071456; ', 'bpp_2=0.283466; ']
train step[965/1500] ; used: 13m:51s; eta: 7m:40s; loss = 0.462290; ['mse_0=0.000726; ', 'lpips_0=0.005113; ', 'codec_recon_0=0.021244; ', 'bpp_0=1.188564; ', 'mse_1=0.000518; ', 'lpips_1=0.003946; ', 'codec_recon_1=0.343651; ', 'bpp_1=0.293231; ', 'mse_2=0.000475; ', 'lpips_2=0.003774; ', 'codec_recon_2=0.097394; ', 'bpp_2=0.273256; ']
train step[966/1500] ; used: 13m:52s; eta: 7m:39s; loss = 0.425378; ['mse_0=0.005239; ', 'lpips_0=0.006587; ', 'codec_recon_0=0.018284; ', 'bpp_0=1.237006; ', 'mse_1=0.004981; ', 'lpips_1=0.005614; ', 'codec_recon_1=0.331694; ', 'bpp_1=0.297213; ', 'mse_2=0.004931; ', 'lpips_2=0.005343; ', 'codec_recon_2=0.075399; ', 'bpp_2=0.277881; ']
train step[967/1500] ; used: 13m:53s; eta: 7m:38s; loss = 0.445733; ['mse_0=0.000771; ', 'lpips_0=0.004256; ', 'codec_recon_0=0.020632; ', 'bpp_0=1.225549; ', 'mse_1=0.000467; ', 'lpips_1=0.002758; ', 'codec_recon_1=0.339698; ', 'bpp_1=0.294838; ', 'mse_2=0.000424; ', 'lpips_2=0.002515; ', 'codec_recon_2=0.085401; ', 'bpp_2=0.274875; ']
train step[968/1500] ; used: 13m:53s; eta: 7m:37s; loss = 0.386854; ['mse_0=0.001048; ', 'lpips_0=0.003986; ', 'codec_recon_0=0.018004; ', 'bpp_0=1.231389; ', 'mse_1=0.000831; ', 'lpips_1=0.003164; ', 'codec_recon_1=0.288374; ', 'bpp_1=0.297101; ', 'mse_2=0.000803; ', 'lpips_2=0.003064; ', 'codec_recon_2=0.080473; ', 'bpp_2=0.277346; ']
train step[969/1500] ; used: 13m:54s; eta: 7m:36s; loss = 0.449013; ['mse_0=0.001964; ', 'lpips_0=0.006006; ', 'codec_recon_0=0.019800; ', 'bpp_0=1.259969; ', 'mse_1=0.001560; ', 'lpips_1=0.004603; ', 'codec_recon_1=0.348994; ', 'bpp_1=0.297717; ', 'mse_2=0.001460; ', 'lpips_2=0.004148; ', 'codec_recon_2=0.080218; ', 'bpp_2=0.280430; ']
train step[970/1500] ; used: 13m:54s; eta: 7m:35s; loss = 0.319396; ['mse_0=0.000594; ', 'lpips_0=0.003507; ', 'codec_recon_0=0.018812; ', 'bpp_0=1.155348; ', 'mse_1=0.000474; ', 'lpips_1=0.002931; ', 'codec_recon_1=0.235992; ', 'bpp_1=0.290645; ', 'mse_2=0.000448; ', 'lpips_2=0.002794; ', 'codec_recon_2=0.064590; ', 'bpp_2=0.269177; ']
train step[971/1500] ; used: 13m:55s; eta: 7m:34s; loss = 0.365588; ['mse_0=0.004091; ', 'lpips_0=0.006292; ', 'codec_recon_0=0.019701; ', 'bpp_0=1.195591; ', 'mse_1=0.004008; ', 'lpips_1=0.005555; ', 'codec_recon_1=0.269512; ', 'bpp_1=0.294649; ', 'mse_2=0.003983; ', 'lpips_2=0.005408; ', 'codec_recon_2=0.076373; ', 'bpp_2=0.272350; ']
train step[972/1500] ; used: 13m:56s; eta: 7m:33s; loss = 0.456600; ['mse_0=0.001461; ', 'lpips_0=0.004630; ', 'codec_recon_0=0.018523; ', 'bpp_0=1.252235; ', 'mse_1=0.000992; ', 'lpips_1=0.003325; ', 'codec_recon_1=0.361740; ', 'bpp_1=0.298009; ', 'mse_2=0.000927; ', 'lpips_2=0.003146; ', 'codec_recon_2=0.076335; ', 'bpp_2=0.277801; ']
train step[973/1500] ; used: 13m:56s; eta: 7m:32s; loss = 0.361031; ['mse_0=0.000346; ', 'lpips_0=0.002819; ', 'codec_recon_0=0.017439; ', 'bpp_0=1.195272; ', 'mse_1=0.000219; ', 'lpips_1=0.002028; ', 'codec_recon_1=0.266766; ', 'bpp_1=0.292657; ', 'mse_2=0.000194; ', 'lpips_2=0.001866; ', 'codec_recon_2=0.076825; ', 'bpp_2=0.268311; ']
train step[974/1500] ; used: 13m:57s; eta: 7m:31s; loss = 0.374814; ['mse_0=0.001479; ', 'lpips_0=0.003950; ', 'codec_recon_0=0.019000; ', 'bpp_0=1.205056; ', 'mse_1=0.001023; ', 'lpips_1=0.002888; ', 'codec_recon_1=0.288602; ', 'bpp_1=0.297135; ', 'mse_2=0.000940; ', 'lpips_2=0.002624; ', 'codec_recon_2=0.067211; ', 'bpp_2=0.277069; ']
train step[975/1500] ; used: 13m:58s; eta: 7m:30s; loss = 0.413941; ['mse_0=0.010105; ', 'lpips_0=0.007895; ', 'codec_recon_0=0.022862; ', 'bpp_0=1.245198; ', 'mse_1=0.009220; ', 'lpips_1=0.006571; ', 'codec_recon_1=0.302030; ', 'bpp_1=0.296627; ', 'mse_2=0.009142; ', 'lpips_2=0.006130; ', 'codec_recon_2=0.089047; ', 'bpp_2=0.275551; ']
train step[976/1500] ; used: 13m:58s; eta: 7m:29s; loss = 0.357684; ['mse_0=0.002491; ', 'lpips_0=0.005079; ', 'codec_recon_0=0.017949; ', 'bpp_0=1.236823; ', 'mse_1=0.001996; ', 'lpips_1=0.004225; ', 'codec_recon_1=0.269487; ', 'bpp_1=0.299065; ', 'mse_2=0.001908; ', 'lpips_2=0.003955; ', 'codec_recon_2=0.070247; ', 'bpp_2=0.281213; ']
train step[977/1500] ; used: 13m:59s; eta: 7m:29s; loss = 0.409654; ['mse_0=0.001485; ', 'lpips_0=0.004498; ', 'codec_recon_0=0.018988; ', 'bpp_0=1.238945; ', 'mse_1=0.001034; ', 'lpips_1=0.003446; ', 'codec_recon_1=0.311458; ', 'bpp_1=0.297783; ', 'mse_2=0.000946; ', 'lpips_2=0.003274; ', 'codec_recon_2=0.079206; ', 'bpp_2=0.278698; ']
train step[978/1500] ; used: 14m; eta: 7m:28s; loss = 0.365325; ['mse_0=0.002343; ', 'lpips_0=0.005941; ', 'codec_recon_0=0.018988; ', 'bpp_0=1.221987; ', 'mse_1=0.002180; ', 'lpips_1=0.005044; ', 'codec_recon_1=0.272223; ', 'bpp_1=0.294177; ', 'mse_2=0.002159; ', 'lpips_2=0.004845; ', 'codec_recon_2=0.074112; ', 'bpp_2=0.272912; ']
train step[979/1500] ; used: 14m:1s; eta: 7m:27s; loss = 0.428954; ['mse_0=0.001270; ', 'lpips_0=0.004069; ', 'codec_recon_0=0.017814; ', 'bpp_0=1.235080; ', 'mse_1=0.000899; ', 'lpips_1=0.002899; ', 'codec_recon_1=0.332256; ', 'bpp_1=0.297315; ', 'mse_2=0.000822; ', 'lpips_2=0.002682; ', 'codec_recon_2=0.078882; ', 'bpp_2=0.278086; ']
train step[980/1500] ; used: 14m:1s; eta: 7m:26s; loss = 0.383093; ['mse_0=0.000934; ', 'lpips_0=0.003563; ', 'codec_recon_0=0.018063; ', 'bpp_0=1.224813; ', 'mse_1=0.000692; ', 'lpips_1=0.002657; ', 'codec_recon_1=0.291061; ', 'bpp_1=0.296276; ', 'mse_2=0.000609; ', 'lpips_2=0.002477; ', 'codec_recon_2=0.073966; ', 'bpp_2=0.274296; ']
train step[981/1500] ; used: 14m:2s; eta: 7m:25s; loss = 0.343126; ['mse_0=0.000457; ', 'lpips_0=0.002881; ', 'codec_recon_0=0.017959; ', 'bpp_0=1.169406; ', 'mse_1=0.000270; ', 'lpips_1=0.002117; ', 'codec_recon_1=0.256794; ', 'bpp_1=0.291761; ', 'mse_2=0.000225; ', 'lpips_2=0.001968; ', 'codec_recon_2=0.068371; ', 'bpp_2=0.270605; ']
train step[982/1500] ; used: 14m:3s; eta: 7m:24s; loss = 0.331638; ['mse_0=0.000724; ', 'lpips_0=0.002991; ', 'codec_recon_0=0.019119; ', 'bpp_0=1.175141; ', 'mse_1=0.000527; ', 'lpips_1=0.002368; ', 'codec_recon_1=0.247882; ', 'bpp_1=0.290297; ', 'mse_2=0.000484; ', 'lpips_2=0.002271; ', 'codec_recon_2=0.064637; ', 'bpp_2=0.267644; ']
train step[983/1500] ; used: 14m:3s; eta: 7m:23s; loss = 0.343675; ['mse_0=0.001103; ', 'lpips_0=0.004319; ', 'codec_recon_0=0.018833; ', 'bpp_0=1.199160; ', 'mse_1=0.000927; ', 'lpips_1=0.003610; ', 'codec_recon_1=0.250550; ', 'bpp_1=0.291814; ', 'mse_2=0.000890; ', 'lpips_2=0.003399; ', 'codec_recon_2=0.074291; ', 'bpp_2=0.273436; ']
train step[984/1500] ; used: 14m:4s; eta: 7m:22s; loss = 0.371559; ['mse_0=0.003158; ', 'lpips_0=0.005090; ', 'codec_recon_0=0.019085; ', 'bpp_0=1.205404; ', 'mse_1=0.002918; ', 'lpips_1=0.004299; ', 'codec_recon_1=0.280660; ', 'bpp_1=0.297089; ', 'mse_2=0.002901; ', 'lpips_2=0.004126; ', 'codec_recon_2=0.071812; ', 'bpp_2=0.274488; ']
train step[985/1500] ; used: 14m:5s; eta: 7m:21s; loss = 0.365446; ['mse_0=0.001185; ', 'lpips_0=0.004046; ', 'codec_recon_0=0.020055; ', 'bpp_0=1.195010; ', 'mse_1=0.000881; ', 'lpips_1=0.003236; ', 'codec_recon_1=0.270898; ', 'bpp_1=0.294358; ', 'mse_2=0.000832; ', 'lpips_2=0.003026; ', 'codec_recon_2=0.074491; ', 'bpp_2=0.271468; ']
train step[986/1500] ; used: 14m:6s; eta: 7m:20s; loss = 0.445936; ['mse_0=0.001263; ', 'lpips_0=0.005494; ', 'codec_recon_0=0.017856; ', 'bpp_0=1.205915; ', 'mse_1=0.000878; ', 'lpips_1=0.004026; ', 'codec_recon_1=0.345407; ', 'bpp_1=0.294248; ', 'mse_2=0.000809; ', 'lpips_2=0.003760; ', 'codec_recon_2=0.082671; ', 'bpp_2=0.277071; ']
train step[987/1500] ; used: 14m:6s; eta: 7m:19s; loss = 0.346737; ['mse_0=0.000727; ', 'lpips_0=0.004226; ', 'codec_recon_0=0.018054; ', 'bpp_0=1.172089; ', 'mse_1=0.000606; ', 'lpips_1=0.003522; ', 'codec_recon_1=0.256597; ', 'bpp_1=0.292072; ', 'mse_2=0.000587; ', 'lpips_2=0.003418; ', 'codec_recon_2=0.072085; ', 'bpp_2=0.270556; ']
train step[988/1500] ; used: 14m:7s; eta: 7m:18s; loss = 0.402353; ['mse_0=0.003813; ', 'lpips_0=0.005850; ', 'codec_recon_0=0.025422; ', 'bpp_0=1.239584; ', 'mse_1=0.003070; ', 'lpips_1=0.004900; ', 'codec_recon_1=0.296981; ', 'bpp_1=0.296955; ', 'mse_2=0.002996; ', 'lpips_2=0.004628; ', 'codec_recon_2=0.079947; ', 'bpp_2=0.276807; ']
train step[989/1500] ; used: 14m:8s; eta: 7m:17s; loss = 0.403077; ['mse_0=0.001091; ', 'lpips_0=0.004073; ', 'codec_recon_0=0.018958; ', 'bpp_0=1.185758; ', 'mse_1=0.000676; ', 'lpips_1=0.003025; ', 'codec_recon_1=0.310707; ', 'bpp_1=0.291795; ', 'mse_2=0.000621; ', 'lpips_2=0.002910; ', 'codec_recon_2=0.073411; ', 'bpp_2=0.273175; ']
train step[990/1500] ; used: 14m:8s; eta: 7m:16s; loss = 0.486293; ['mse_0=0.001657; ', 'lpips_0=0.005067; ', 'codec_recon_0=0.021487; ', 'bpp_0=1.224832; ', 'mse_1=0.001339; ', 'lpips_1=0.003853; ', 'codec_recon_1=0.381789; ', 'bpp_1=0.298232; ', 'mse_2=0.001284; ', 'lpips_2=0.003635; ', 'codec_recon_2=0.083015; ', 'bpp_2=0.279647; ']
train step[991/1500] ; used: 14m:9s; eta: 7m:15s; loss = 0.405999; ['mse_0=0.003303; ', 'lpips_0=0.005732; ', 'codec_recon_0=0.021376; ', 'bpp_0=1.218632; ', 'mse_1=0.003000; ', 'lpips_1=0.004612; ', 'codec_recon_1=0.305474; ', 'bpp_1=0.296741; ', 'mse_2=0.002922; ', 'lpips_2=0.004393; ', 'codec_recon_2=0.079147; ', 'bpp_2=0.278632; ']
train step[992/1500] ; used: 14m:10s; eta: 7m:14s; loss = 0.363420; ['mse_0=0.001307; ', 'lpips_0=0.003264; ', 'codec_recon_0=0.019184; ', 'bpp_0=1.218864; ', 'mse_1=0.000867; ', 'lpips_1=0.002424; ', 'codec_recon_1=0.278627; ', 'bpp_1=0.295475; ', 'mse_2=0.000788; ', 'lpips_2=0.002253; ', 'codec_recon_2=0.065607; ', 'bpp_2=0.273384; ']
train step[993/1500] ; used: 14m:10s; eta: 7m:13s; loss = 0.415660; ['mse_0=0.002121; ', 'lpips_0=0.005212; ', 'codec_recon_0=0.017575; ', 'bpp_0=1.241689; ', 'mse_1=0.001611; ', 'lpips_1=0.004157; ', 'codec_recon_1=0.322832; ', 'bpp_1=0.298740; ', 'mse_2=0.001569; ', 'lpips_2=0.004026; ', 'codec_recon_2=0.075250; ', 'bpp_2=0.279372; ']
train step[994/1500] ; used: 14m:11s; eta: 7m:12s; loss = 0.427107; ['mse_0=0.001331; ', 'lpips_0=0.004486; ', 'codec_recon_0=0.016100; ', 'bpp_0=1.255195; ', 'mse_1=0.000954; ', 'lpips_1=0.003054; ', 'codec_recon_1=0.329149; ', 'bpp_1=0.298939; ', 'mse_2=0.000836; ', 'lpips_2=0.002798; ', 'codec_recon_2=0.081857; ', 'bpp_2=0.278816; ']
train step[995/1500] ; used: 14m:12s; eta: 7m:12s; loss = 0.370063; ['mse_0=0.001019; ', 'lpips_0=0.005015; ', 'codec_recon_0=0.022461; ', 'bpp_0=1.131202; ', 'mse_1=0.000928; ', 'lpips_1=0.004461; ', 'codec_recon_1=0.272732; ', 'bpp_1=0.288718; ', 'mse_2=0.000890; ', 'lpips_2=0.004386; ', 'codec_recon_2=0.074868; ', 'bpp_2=0.269638; ']
train step[996/1500] ; used: 14m:12s; eta: 7m:11s; loss = 0.326501; ['mse_0=0.001290; ', 'lpips_0=0.003956; ', 'codec_recon_0=0.017213; ', 'bpp_0=1.198455; ', 'mse_1=0.001180; ', 'lpips_1=0.003227; ', 'codec_recon_1=0.242514; ', 'bpp_1=0.293686; ', 'mse_2=0.001159; ', 'lpips_2=0.003171; ', 'codec_recon_2=0.066772; ', 'bpp_2=0.271545; ']
train step[997/1500] ; used: 14m:13s; eta: 7m:10s; loss = 0.420762; ['mse_0=0.001898; ', 'lpips_0=0.004824; ', 'codec_recon_0=0.019002; ', 'bpp_0=1.215088; ', 'mse_1=0.001318; ', 'lpips_1=0.003320; ', 'codec_recon_1=0.324042; ', 'bpp_1=0.294733; ', 'mse_2=0.001231; ', 'lpips_2=0.003171; ', 'codec_recon_2=0.077717; ', 'bpp_2=0.276445; ']
train step[998/1500] ; used: 14m:14s; eta: 7m:9s; loss = 0.463370; ['mse_0=0.001139; ', 'lpips_0=0.004389; ', 'codec_recon_0=0.017738; ', 'bpp_0=1.259777; ', 'mse_1=0.000596; ', 'lpips_1=0.002467; ', 'codec_recon_1=0.368225; ', 'bpp_1=0.299531; ', 'mse_2=0.000519; ', 'lpips_2=0.002225; ', 'codec_recon_2=0.077404; ', 'bpp_2=0.281155; ']
train step[999/1500] ; used: 14m:14s; eta: 7m:8s; loss = 0.477306; ['mse_0=0.001218; ', 'lpips_0=0.005695; ', 'codec_recon_0=0.019842; ', 'bpp_0=1.276023; ', 'mse_1=0.000738; ', 'lpips_1=0.003298; ', 'codec_recon_1=0.370962; ', 'bpp_1=0.300287; ', 'mse_2=0.000687; ', 'lpips_2=0.003017; ', 'codec_recon_2=0.086500; ', 'bpp_2=0.282970; ']
validation step on 1000 1/100; scene = ['5aca87f95a9412c6']; context = [[58, 133]]
validation step on 1000 2/100; scene = ['bc95e5c7e357f1b7']; context = [[35, 91]]
validation step on 1000 3/100; scene = ['34b0658a5c200cdf']; context = [[0, 70]]
validation step on 1000 4/100; scene = ['28e8300e004ab30b']; context = [[3, 68]]
validation step on 1000 5/100; scene = ['6558c5f10d45a929']; context = [[43, 160]]
validation step on 1000 6/100; scene = ['89ea49cd9865aeff']; context = [[31, 81]]
validation step on 1000 7/100; scene = ['ed477bdf8582adff']; context = [[40, 85]]
validation step on 1000 8/100; scene = ['57d3409bf04c4651']; context = [[0, 45]]
validation step on 1000 9/100; scene = ['aadc1e2dc74fd644']; context = [[2, 52]]
validation step on 1000 10/100; scene = ['cd74b1244d112628']; context = [[63, 110]]
validation step on 1000 11/100; scene = ['57d25dafabb5a238']; context = [[32, 104]]
validation step on 1000 12/100; scene = ['e4f4574df7938f37']; context = [[0, 115]]
validation step on 1000 13/100; scene = ['20d86cff490c0c42']; context = [[18, 69]]
validation step on 1000 14/100; scene = ['0c4c5d5f751aabf5']; context = [[12, 57]]
validation step on 1000 15/100; scene = ['fea544b472e9abd1']; context = [[12, 93]]
validation step on 1000 16/100; scene = ['656381bea665bf3d']; context = [[27, 75]]
validation step on 1000 17/100; scene = ['322261824c4a3003']; context = [[33, 78]]
validation step on 1000 18/100; scene = ['f7c0fa5b81552d35']; context = [[11, 64]]
validation step on 1000 19/100; scene = ['a56ba2efb5e3fdd9']; context = [[33, 92]]
validation step on 1000 20/100; scene = ['c48f19e2ffa52523']; context = [[195, 264]]
validation step on 1000 21/100; scene = ['1214f2a11a9fc1ed']; context = [[103, 215]]
validation step on 1000 22/100; scene = ['a9b3ff60b213e099']; context = [[32, 96]]
validation step on 1000 23/100; scene = ['a6fa92e8204f6118']; context = [[2, 66]]
validation step on 1000 24/100; scene = ['21e794f71e31becb']; context = [[72, 180]]
validation step on 1000 25/100; scene = ['f7d916b43193c181']; context = [[7, 61]]
validation step on 1000 26/100; scene = ['84ab392d682f296b']; context = [[43, 120]]
validation step on 1000 27/100; scene = ['6771a51bf0cfce7f']; context = [[152, 199]]
validation step on 1000 28/100; scene = ['17d9303ee77c3a3d']; context = [[17, 63]]
validation step on 1000 29/100; scene = ['ffa95c3b40609c76']; context = [[120, 213]]
validation step on 1000 30/100; scene = ['a47b88040452d7d9']; context = [[35, 97]]
validation step on 1000 31/100; scene = ['0d4de33c6888a754']; context = [[2, 57]]
validation step on 1000 32/100; scene = ['41bcd011f99bfb66']; context = [[4, 50]]
validation step on 1000 33/100; scene = ['67a69088a2695987']; context = [[6, 86]]
validation step on 1000 34/100; scene = ['b4099665590548fc']; context = [[23, 74]]
validation step on 1000 35/100; scene = ['9e2a8cc5f32dd46b']; context = [[75, 151]]
validation step on 1000 36/100; scene = ['2e109379f53bb221']; context = [[35, 108]]
validation step on 1000 37/100; scene = ['8adebbb68f2c3f84']; context = [[72, 131]]
validation step on 1000 38/100; scene = ['29e0bfbad00f0d5e']; context = [[8, 100]]
validation step on 1000 39/100; scene = ['debc3490ba0bd84b']; context = [[34, 81]]
validation step on 1000 40/100; scene = ['7c7bc5285126e6ad']; context = [[64, 126]]
validation step on 1000 41/100; scene = ['cdf439b17a6a98d4']; context = [[31, 77]]
validation step on 1000 42/100; scene = ['cb38d67088b66084']; context = [[49, 106]]
validation step on 1000 43/100; scene = ['2da2eeb966bc0ef8']; context = [[30, 94]]
validation step on 1000 44/100; scene = ['bb4d7012261ee0ed']; context = [[0, 46]]
validation step on 1000 45/100; scene = ['9e1f1beb4ba8e5da']; context = [[9, 73]]
validation step on 1000 46/100; scene = ['26b31d71789bffad']; context = [[3, 57]]
validation step on 1000 47/100; scene = ['41abd737e0228c1a']; context = [[81, 127]]
validation step on 1000 48/100; scene = ['ed0c2aca14b99efa']; context = [[62, 119]]
validation step on 1000 49/100; scene = ['8d5163de9ea4d851']; context = [[39, 85]]
validation step on 1000 50/100; scene = ['81be42df6ccae760']; context = [[13, 107]]
validation step on 1000 51/100; scene = ['6fe141ec9be1a432']; context = [[12, 73]]
validation step on 1000 52/100; scene = ['3b6d8db52c54b174']; context = [[0, 80]]
validation step on 1000 53/100; scene = ['3087828bc27bc4c7']; context = [[15, 96]]
validation step on 1000 54/100; scene = ['e124dfa7e996a414']; context = [[48, 93]]
validation step on 1000 55/100; scene = ['e1afd89a69ee6947']; context = [[34, 113]]
validation step on 1000 56/100; scene = ['79ce50fb7b021e1d']; context = [[212, 278]]
validation step on 1000 57/100; scene = ['358bdee988c269ef']; context = [[3, 95]]
validation step on 1000 58/100; scene = ['f14791aec34dbdcd']; context = [[5, 59]]
validation step on 1000 59/100; scene = ['0c52996355b23d76']; context = [[51, 111]]
validation step on 1000 60/100; scene = ['62bcb465bb03d34f']; context = [[6, 84]]
validation step on 1000 61/100; scene = ['1f0e06e4388dd600']; context = [[44, 96]]
validation step on 1000 62/100; scene = ['c9c30723d7c54793']; context = [[152, 247]]
validation step on 1000 63/100; scene = ['8b212f2755d955ec']; context = [[40, 110]]
validation step on 1000 64/100; scene = ['de67e3a0b0648cfe']; context = [[16, 72]]
validation step on 1000 65/100; scene = ['54841308aff91857']; context = [[27, 86]]
validation step on 1000 66/100; scene = ['40ca76de44a6e1a9']; context = [[43, 107]]
validation step on 1000 67/100; scene = ['bc143130c1842e4b']; context = [[29, 133]]
validation step on 1000 68/100; scene = ['912177dbf0a1ed6c']; context = [[3, 60]]
validation step on 1000 69/100; scene = ['afe4e799a94e06b3']; context = [[54, 150]]
validation step on 1000 70/100; scene = ['17f552ef56d85c55']; context = [[20, 86]]
validation step on 1000 71/100; scene = ['a7c691c210154b09']; context = [[0, 50]]
validation step on 1000 72/100; scene = ['9490f1219dbbb6ce']; context = [[17, 72]]
validation step on 1000 73/100; scene = ['154365ab5a4e067b']; context = [[2, 48]]
validation step on 1000 74/100; scene = ['ab4c269f8d523d02']; context = [[18, 72]]
validation step on 1000 75/100; scene = ['75d475e9558ab806']; context = [[1, 46]]
validation step on 1000 76/100; scene = ['fdaab1f49851782c']; context = [[31, 142]]
validation step on 1000 77/100; scene = ['2d4efa3897a4ba2d']; context = [[4, 58]]
validation step on 1000 78/100; scene = ['14f477e7d5af5b91']; context = [[17, 72]]
validation step on 1000 79/100; scene = ['de45926738229f67']; context = [[22, 84]]
validation step on 1000 80/100; scene = ['5c909c802eb6edb1']; context = [[13, 78]]
validation step on 1000 81/100; scene = ['aa91dfdd5f4ad32b']; context = [[8, 57]]
validation step on 1000 82/100; scene = ['88d9ba3324f2ec21']; context = [[2, 49]]
validation step on 1000 83/100; scene = ['622ef98e83ed5239']; context = [[3, 66]]
validation step on 1000 84/100; scene = ['30fc5fc78c5a716e']; context = [[151, 210]]
validation step on 1000 85/100; scene = ['8b760ac05c93a6bb']; context = [[26, 72]]
validation step on 1000 86/100; scene = ['800ea72b6988f63e']; context = [[141, 190]]
validation step on 1000 87/100; scene = ['674dabef8f53b566']; context = [[9, 91]]
validation step on 1000 88/100; scene = ['d3a01038c5f21473']; context = [[139, 273]]
validation step on 1000 89/100; scene = ['3e5f747d06bc84a3']; context = [[85, 190]]
validation step on 1000 90/100; scene = ['bb6fa5bdafc14e8c']; context = [[43, 139]]
validation step on 1000 91/100; scene = ['052430ff6e2c07c4']; context = [[19, 92]]
validation step on 1000 92/100; scene = ['0588138dfec165a1']; context = [[70, 160]]
validation step on 1000 93/100; scene = ['e4bcb18fa6aa91be']; context = [[32, 79]]
validation step on 1000 94/100; scene = ['4c4fa41951e37e78']; context = [[8, 60]]
validation step on 1000 95/100; scene = ['252a24d25a1ea81d']; context = [[198, 263]]
validation step on 1000 96/100; scene = ['214df1c2863d2959']; context = [[45, 96]]
validation step on 1000 97/100; scene = ['bfd27ad72975e120']; context = [[8, 55]]
validation step on 1000 98/100; scene = ['572acd18419c3456']; context = [[3, 62]]
validation step on 1000 99/100; scene = ['b26e6c80d283c4c8']; context = [[46, 92]]
validation step on 1000 100/100; scene = ['10c8e54590f715f7']; context = [[6, 76]]
train step[1000/1500] ; used: 15m:7s; eta: 7m:33s; loss = 0.384971; ['mse_0=0.001772; ', 'lpips_0=0.004273; ', 'codec_recon_0=0.022346; ', 'bpp_0=1.200649; ', 'mse_1=0.001586; ', 'lpips_1=0.003560; ', 'codec_recon_1=0.287705; ', 'bpp_1=0.294488; ', 'mse_2=0.001558; ', 'lpips_2=0.003445; ', 'codec_recon_2=0.074919; ', 'bpp_2=0.273591; ']
train step[1001/1500] ; used: 15m:7s; eta: 7m:32s; loss = 0.435925; ['mse_0=0.001177; ', 'lpips_0=0.004165; ', 'codec_recon_0=0.017852; ', 'bpp_0=1.233209; ', 'mse_1=0.000706; ', 'lpips_1=0.002737; ', 'codec_recon_1=0.343047; ', 'bpp_1=0.296682; ', 'mse_2=0.000606; ', 'lpips_2=0.002423; ', 'codec_recon_2=0.075024; ', 'bpp_2=0.279307; ']
train step[1002/1500] ; used: 15m:8s; eta: 7m:31s; loss = 0.427574; ['mse_0=0.001090; ', 'lpips_0=0.004470; ', 'codec_recon_0=0.028201; ', 'bpp_0=1.178805; ', 'mse_1=0.000907; ', 'lpips_1=0.003680; ', 'codec_recon_1=0.304631; ', 'bpp_1=0.291841; ', 'mse_2=0.000882; ', 'lpips_2=0.003559; ', 'codec_recon_2=0.094740; ', 'bpp_2=0.270047; ']
train step[1003/1500] ; used: 15m:9s; eta: 7m:30s; loss = 0.354447; ['mse_0=0.000876; ', 'lpips_0=0.003341; ', 'codec_recon_0=0.019788; ', 'bpp_0=1.176379; ', 'mse_1=0.000655; ', 'lpips_1=0.002658; ', 'codec_recon_1=0.263206; ', 'bpp_1=0.291776; ', 'mse_2=0.000624; ', 'lpips_2=0.002504; ', 'codec_recon_2=0.071450; ', 'bpp_2=0.271489; ']
Skipped bad example 85286f80c1b89c7e. Context shape was torch.Size([2, 3, 338, 640]) and target shape was torch.Size([4, 3, 338, 640]).
train step[1004/1500] ; used: 15m:9s; eta: 7m:29s; loss = 0.345024; ['mse_0=0.000504; ', 'lpips_0=0.003583; ', 'codec_recon_0=0.020730; ', 'bpp_0=1.189840; ', 'mse_1=0.000424; ', 'lpips_1=0.002856; ', 'codec_recon_1=0.248725; ', 'bpp_1=0.291033; ', 'mse_2=0.000397; ', 'lpips_2=0.002647; ', 'codec_recon_2=0.075567; ', 'bpp_2=0.268970; ']
train step[1005/1500] ; used: 15m:10s; eta: 7m:28s; loss = 0.410215; ['mse_0=0.002749; ', 'lpips_0=0.005726; ', 'codec_recon_0=0.026804; ', 'bpp_0=1.227069; ', 'mse_1=0.002520; ', 'lpips_1=0.004937; ', 'codec_recon_1=0.288237; ', 'bpp_1=0.296025; ', 'mse_2=0.002501; ', 'lpips_2=0.004755; ', 'codec_recon_2=0.095173; ', 'bpp_2=0.276095; ']
train step[1006/1500] ; used: 15m:11s; eta: 7m:26s; loss = 0.362219; ['mse_0=0.001557; ', 'lpips_0=0.003500; ', 'codec_recon_0=0.023451; ', 'bpp_0=1.187345; ', 'mse_1=0.001383; ', 'lpips_1=0.002794; ', 'codec_recon_1=0.258079; ', 'bpp_1=0.290463; ', 'mse_2=0.001406; ', 'lpips_2=0.002673; ', 'codec_recon_2=0.080687; ', 'bpp_2=0.268529; ']
train step[1007/1500] ; used: 15m:11s; eta: 7m:25s; loss = 0.391043; ['mse_0=0.000980; ', 'lpips_0=0.003059; ', 'codec_recon_0=0.016548; ', 'bpp_0=1.221586; ', 'mse_1=0.000722; ', 'lpips_1=0.002073; ', 'codec_recon_1=0.299896; ', 'bpp_1=0.293555; ', 'mse_2=0.000686; ', 'lpips_2=0.001884; ', 'codec_recon_2=0.074598; ', 'bpp_2=0.274298; ']
train step[1008/1500] ; used: 15m:12s; eta: 7m:24s; loss = 0.404189; ['mse_0=0.002291; ', 'lpips_0=0.004951; ', 'codec_recon_0=0.018396; ', 'bpp_0=1.187575; ', 'mse_1=0.001900; ', 'lpips_1=0.003979; ', 'codec_recon_1=0.315169; ', 'bpp_1=0.294054; ', 'mse_2=0.001816; ', 'lpips_2=0.003845; ', 'codec_recon_2=0.070623; ', 'bpp_2=0.274242; ']
train step[1009/1500] ; used: 15m:13s; eta: 7m:23s; loss = 0.376006; ['mse_0=0.000821; ', 'lpips_0=0.003603; ', 'codec_recon_0=0.017228; ', 'bpp_0=1.168368; ', 'mse_1=0.000577; ', 'lpips_1=0.002633; ', 'codec_recon_1=0.288391; ', 'bpp_1=0.292094; ', 'mse_2=0.000546; ', 'lpips_2=0.002521; ', 'codec_recon_2=0.070385; ', 'bpp_2=0.269541; ']
train step[1010/1500] ; used: 15m:13s; eta: 7m:22s; loss = 0.341342; ['mse_0=0.002304; ', 'lpips_0=0.004826; ', 'codec_recon_0=0.019071; ', 'bpp_0=1.173430; ', 'mse_1=0.002107; ', 'lpips_1=0.004071; ', 'codec_recon_1=0.256080; ', 'bpp_1=0.291814; ', 'mse_2=0.002117; ', 'lpips_2=0.003889; ', 'codec_recon_2=0.066189; ', 'bpp_2=0.271571; ']
train step[1011/1500] ; used: 15m:14s; eta: 7m:21s; loss = 0.450620; ['mse_0=0.003292; ', 'lpips_0=0.006357; ', 'codec_recon_0=0.019244; ', 'bpp_0=1.243218; ', 'mse_1=0.002808; ', 'lpips_1=0.004797; ', 'codec_recon_1=0.356635; ', 'bpp_1=0.295404; ', 'mse_2=0.002718; ', 'lpips_2=0.004312; ', 'codec_recon_2=0.074740; ', 'bpp_2=0.278394; ']
train step[1012/1500] ; used: 15m:15s; eta: 7m:20s; loss = 0.391963; ['mse_0=0.000921; ', 'lpips_0=0.003718; ', 'codec_recon_0=0.021064; ', 'bpp_0=1.189614; ', 'mse_1=0.000651; ', 'lpips_1=0.002808; ', 'codec_recon_1=0.287407; ', 'bpp_1=0.294057; ', 'mse_2=0.000575; ', 'lpips_2=0.002578; ', 'codec_recon_2=0.083490; ', 'bpp_2=0.272627; ']
train step[1013/1500] ; used: 15m:15s; eta: 7m:19s; loss = 0.358146; ['mse_0=0.001326; ', 'lpips_0=0.003648; ', 'codec_recon_0=0.018238; ', 'bpp_0=1.154570; ', 'mse_1=0.001130; ', 'lpips_1=0.002948; ', 'codec_recon_1=0.271411; ', 'bpp_1=0.290493; ', 'mse_2=0.001105; ', 'lpips_2=0.002833; ', 'codec_recon_2=0.068495; ', 'bpp_2=0.266738; ']
train step[1014/1500] ; used: 15m:16s; eta: 7m:18s; loss = 0.421274; ['mse_0=0.000585; ', 'lpips_0=0.003824; ', 'codec_recon_0=0.018621; ', 'bpp_0=1.225463; ', 'mse_1=0.000414; ', 'lpips_1=0.003050; ', 'codec_recon_1=0.314378; ', 'bpp_1=0.297853; ', 'mse_2=0.000392; ', 'lpips_2=0.002928; ', 'codec_recon_2=0.088273; ', 'bpp_2=0.278587; ']
train step[1015/1500] ; used: 15m:17s; eta: 7m:17s; loss = 0.381179; ['mse_0=0.000969; ', 'lpips_0=0.003986; ', 'codec_recon_0=0.016198; ', 'bpp_0=1.223644; ', 'mse_1=0.000588; ', 'lpips_1=0.002950; ', 'codec_recon_1=0.298232; ', 'bpp_1=0.295832; ', 'mse_2=0.000541; ', 'lpips_2=0.002840; ', 'codec_recon_2=0.066748; ', 'bpp_2=0.276216; ']
train step[1016/1500] ; used: 15m:18s; eta: 7m:16s; loss = 0.419744; ['mse_0=0.000933; ', 'lpips_0=0.004443; ', 'codec_recon_0=0.026799; ', 'bpp_0=1.208607; ', 'mse_1=0.000832; ', 'lpips_1=0.003803; ', 'codec_recon_1=0.287335; ', 'bpp_1=0.292526; ', 'mse_2=0.000811; ', 'lpips_2=0.003717; ', 'codec_recon_2=0.105609; ', 'bpp_2=0.272258; ']
train step[1017/1500] ; used: 15m:18s; eta: 7m:15s; loss = 0.395034; ['mse_0=0.001500; ', 'lpips_0=0.004597; ', 'codec_recon_0=0.019114; ', 'bpp_0=1.231056; ', 'mse_1=0.001167; ', 'lpips_1=0.003539; ', 'codec_recon_1=0.297380; ', 'bpp_1=0.297663; ', 'mse_2=0.001146; ', 'lpips_2=0.003459; ', 'codec_recon_2=0.078538; ', 'bpp_2=0.278552; ']
train step[1018/1500] ; used: 15m:19s; eta: 7m:14s; loss = 0.446869; ['mse_0=0.000843; ', 'lpips_0=0.004606; ', 'codec_recon_0=0.018701; ', 'bpp_0=1.208835; ', 'mse_1=0.000626; ', 'lpips_1=0.003490; ', 'codec_recon_1=0.347704; ', 'bpp_1=0.293672; ', 'mse_2=0.000599; ', 'lpips_2=0.003344; ', 'codec_recon_2=0.080462; ', 'bpp_2=0.273205; ']
train step[1019/1500] ; used: 15m:20s; eta: 7m:13s; loss = 0.363918; ['mse_0=0.003174; ', 'lpips_0=0.004804; ', 'codec_recon_0=0.023316; ', 'bpp_0=1.153267; ', 'mse_1=0.003045; ', 'lpips_1=0.004355; ', 'codec_recon_1=0.264823; ', 'bpp_1=0.291108; ', 'mse_2=0.003077; ', 'lpips_2=0.004315; ', 'codec_recon_2=0.075777; ', 'bpp_2=0.269443; ']
train step[1020/1500] ; used: 15m:20s; eta: 7m:12s; loss = 0.393269; ['mse_0=0.000388; ', 'lpips_0=0.003728; ', 'codec_recon_0=0.022630; ', 'bpp_0=1.167051; ', 'mse_1=0.000273; ', 'lpips_1=0.002861; ', 'codec_recon_1=0.286546; ', 'bpp_1=0.289483; ', 'mse_2=0.000271; ', 'lpips_2=0.002630; ', 'codec_recon_2=0.084092; ', 'bpp_2=0.266846; ']
train step[1021/1500] ; used: 15m:21s; eta: 7m:11s; loss = 0.414340; ['mse_0=0.000713; ', 'lpips_0=0.003566; ', 'codec_recon_0=0.017779; ', 'bpp_0=1.233563; ', 'mse_1=0.000467; ', 'lpips_1=0.002625; ', 'codec_recon_1=0.311515; ', 'bpp_1=0.298698; ', 'mse_2=0.000382; ', 'lpips_2=0.002414; ', 'codec_recon_2=0.085045; ', 'bpp_2=0.277450; ']
train step[1022/1500] ; used: 15m:22s; eta: 7m:10s; loss = 0.377223; ['mse_0=0.000803; ', 'lpips_0=0.004486; ', 'codec_recon_0=0.021182; ', 'bpp_0=1.193191; ', 'mse_1=0.000704; ', 'lpips_1=0.003910; ', 'codec_recon_1=0.272947; ', 'bpp_1=0.291407; ', 'mse_2=0.000673; ', 'lpips_2=0.003774; ', 'codec_recon_2=0.083092; ', 'bpp_2=0.269458; ']
train step[1023/1500] ; used: 15m:22s; eta: 7m:9s; loss = 0.380834; ['mse_0=0.005413; ', 'lpips_0=0.006960; ', 'codec_recon_0=0.017546; ', 'bpp_0=1.237058; ', 'mse_1=0.005150; ', 'lpips_1=0.005886; ', 'codec_recon_1=0.290117; ', 'bpp_1=0.298132; ', 'mse_2=0.005105; ', 'lpips_2=0.005626; ', 'codec_recon_2=0.073169; ', 'bpp_2=0.278766; ']
train step[1024/1500] ; used: 15m:23s; eta: 7m:8s; loss = 0.439591; ['mse_0=0.001475; ', 'lpips_0=0.004011; ', 'codec_recon_0=0.027322; ', 'bpp_0=1.230559; ', 'mse_1=0.001255; ', 'lpips_1=0.002993; ', 'codec_recon_1=0.316846; ', 'bpp_1=0.295459; ', 'mse_2=0.001229; ', 'lpips_2=0.002838; ', 'codec_recon_2=0.095422; ', 'bpp_2=0.274340; ']
train step[1025/1500] ; used: 15m:24s; eta: 7m:7s; loss = 0.428941; ['mse_0=0.000976; ', 'lpips_0=0.004227; ', 'codec_recon_0=0.018014; ', 'bpp_0=1.230597; ', 'mse_1=0.000614; ', 'lpips_1=0.002987; ', 'codec_recon_1=0.328775; ', 'bpp_1=0.297737; ', 'mse_2=0.000573; ', 'lpips_2=0.002829; ', 'codec_recon_2=0.082150; ', 'bpp_2=0.277616; ']
train step[1026/1500] ; used: 15m:24s; eta: 7m:6s; loss = 0.377994; ['mse_0=0.002367; ', 'lpips_0=0.004477; ', 'codec_recon_0=0.019324; ', 'bpp_0=1.250266; ', 'mse_1=0.002037; ', 'lpips_1=0.003625; ', 'codec_recon_1=0.282497; ', 'bpp_1=0.299394; ', 'mse_2=0.002002; ', 'lpips_2=0.003436; ', 'codec_recon_2=0.076171; ', 'bpp_2=0.279652; ']
train step[1027/1500] ; used: 15m:25s; eta: 7m:5s; loss = 0.446582; ['mse_0=0.003192; ', 'lpips_0=0.006781; ', 'codec_recon_0=0.020869; ', 'bpp_0=1.256793; ', 'mse_1=0.002728; ', 'lpips_1=0.005271; ', 'codec_recon_1=0.345088; ', 'bpp_1=0.299685; ', 'mse_2=0.002505; ', 'lpips_2=0.004842; ', 'codec_recon_2=0.080623; ', 'bpp_2=0.282021; ']
train step[1028/1500] ; used: 15m:26s; eta: 7m:4s; loss = 0.388565; ['mse_0=0.002397; ', 'lpips_0=0.004815; ', 'codec_recon_0=0.020864; ', 'bpp_0=1.230398; ', 'mse_1=0.002214; ', 'lpips_1=0.004116; ', 'codec_recon_1=0.294209; ', 'bpp_1=0.296166; ', 'mse_2=0.002203; ', 'lpips_2=0.003974; ', 'codec_recon_2=0.073489; ', 'bpp_2=0.275416; ']
train step[1029/1500] ; used: 15m:26s; eta: 7m:3s; loss = 0.429887; ['mse_0=0.004022; ', 'lpips_0=0.006762; ', 'codec_recon_0=0.026415; ', 'bpp_0=1.208392; ', 'mse_1=0.004065; ', 'lpips_1=0.005942; ', 'codec_recon_1=0.314607; ', 'bpp_1=0.295352; ', 'mse_2=0.004275; ', 'lpips_2=0.005866; ', 'codec_recon_2=0.088863; ', 'bpp_2=0.276906; ']
train step[1030/1500] ; used: 15m:27s; eta: 7m:2s; loss = 0.442350; ['mse_0=0.001776; ', 'lpips_0=0.004301; ', 'codec_recon_0=0.022959; ', 'bpp_0=1.213215; ', 'mse_1=0.001082; ', 'lpips_1=0.003024; ', 'codec_recon_1=0.337050; ', 'bpp_1=0.296450; ', 'mse_2=0.000966; ', 'lpips_2=0.002843; ', 'codec_recon_2=0.082339; ', 'bpp_2=0.277417; ']
train step[1031/1500] ; used: 15m:28s; eta: 7m:1s; loss = 0.383766; ['mse_0=0.002445; ', 'lpips_0=0.004687; ', 'codec_recon_0=0.016614; ', 'bpp_0=1.188321; ', 'mse_1=0.002133; ', 'lpips_1=0.003709; ', 'codec_recon_1=0.297893; ', 'bpp_1=0.294143; ', 'mse_2=0.002117; ', 'lpips_2=0.003505; ', 'codec_recon_2=0.069257; ', 'bpp_2=0.272700; ']
train step[1032/1500] ; used: 15m:28s; eta: 7m; loss = 0.368048; ['mse_0=0.000862; ', 'lpips_0=0.003664; ', 'codec_recon_0=0.019053; ', 'bpp_0=1.205266; ', 'mse_1=0.000581; ', 'lpips_1=0.002698; ', 'codec_recon_1=0.276904; ', 'bpp_1=0.292164; ', 'mse_2=0.000516; ', 'lpips_2=0.002501; ', 'codec_recon_2=0.072089; ', 'bpp_2=0.270864; ']
train step[1033/1500] ; used: 15m:29s; eta: 6m:59s; loss = 0.377870; ['mse_0=0.002062; ', 'lpips_0=0.005480; ', 'codec_recon_0=0.018712; ', 'bpp_0=1.173746; ', 'mse_1=0.001798; ', 'lpips_1=0.004643; ', 'codec_recon_1=0.284318; ', 'bpp_1=0.294587; ', 'mse_2=0.001747; ', 'lpips_2=0.004543; ', 'codec_recon_2=0.074839; ', 'bpp_2=0.272563; ']
train step[1034/1500] ; used: 15m:30s; eta: 6m:58s; loss = 0.356209; ['mse_0=0.000440; ', 'lpips_0=0.003618; ', 'codec_recon_0=0.018508; ', 'bpp_0=1.131395; ', 'mse_1=0.000298; ', 'lpips_1=0.002867; ', 'codec_recon_1=0.267030; ', 'bpp_1=0.288293; ', 'mse_2=0.000285; ', 'lpips_2=0.002787; ', 'codec_recon_2=0.070670; ', 'bpp_2=0.265164; ']
train step[1035/1500] ; used: 15m:30s; eta: 6m:57s; loss = 0.391980; ['mse_0=0.000484; ', 'lpips_0=0.003309; ', 'codec_recon_0=0.019464; ', 'bpp_0=1.203217; ', 'mse_1=0.000313; ', 'lpips_1=0.002581; ', 'codec_recon_1=0.290841; ', 'bpp_1=0.293279; ', 'mse_2=0.000283; ', 'lpips_2=0.002400; ', 'codec_recon_2=0.081673; ', 'bpp_2=0.270224; ']
train step[1036/1500] ; used: 15m:31s; eta: 6m:56s; loss = 0.391010; ['mse_0=0.001244; ', 'lpips_0=0.004122; ', 'codec_recon_0=0.028587; ', 'bpp_0=1.204576; ', 'mse_1=0.001143; ', 'lpips_1=0.003553; ', 'codec_recon_1=0.258093; ', 'bpp_1=0.292201; ', 'mse_2=0.001111; ', 'lpips_2=0.003451; ', 'codec_recon_2=0.104329; ', 'bpp_2=0.272638; ']
train step[1037/1500] ; used: 15m:32s; eta: 6m:55s; loss = 0.408912; ['mse_0=0.000766; ', 'lpips_0=0.003707; ', 'codec_recon_0=0.019546; ', 'bpp_0=1.222824; ', 'mse_1=0.000566; ', 'lpips_1=0.002828; ', 'codec_recon_1=0.309854; ', 'bpp_1=0.293175; ', 'mse_2=0.000520; ', 'lpips_2=0.002674; ', 'codec_recon_2=0.079510; ', 'bpp_2=0.270908; ']
train step[1038/1500] ; used: 15m:32s; eta: 6m:54s; loss = 0.347919; ['mse_0=0.001595; ', 'lpips_0=0.003352; ', 'codec_recon_0=0.020133; ', 'bpp_0=1.123619; ', 'mse_1=0.001328; ', 'lpips_1=0.002754; ', 'codec_recon_1=0.266651; ', 'bpp_1=0.287424; ', 'mse_2=0.001298; ', 'lpips_2=0.002678; ', 'codec_recon_2=0.061133; ', 'bpp_2=0.262445; ']
train step[1039/1500] ; used: 15m:33s; eta: 6m:53s; loss = 0.429275; ['mse_0=0.001182; ', 'lpips_0=0.004857; ', 'codec_recon_0=0.020735; ', 'bpp_0=1.230379; ', 'mse_1=0.000962; ', 'lpips_1=0.003782; ', 'codec_recon_1=0.323875; ', 'bpp_1=0.297672; ', 'mse_2=0.000921; ', 'lpips_2=0.003489; ', 'codec_recon_2=0.084663; ', 'bpp_2=0.276620; ']
train step[1040/1500] ; used: 15m:34s; eta: 6m:52s; loss = 0.391245; ['mse_0=0.001655; ', 'lpips_0=0.004270; ', 'codec_recon_0=0.021602; ', 'bpp_0=1.215663; ', 'mse_1=0.001512; ', 'lpips_1=0.003471; ', 'codec_recon_1=0.290275; ', 'bpp_1=0.295050; ', 'mse_2=0.001459; ', 'lpips_2=0.003310; ', 'codec_recon_2=0.079366; ', 'bpp_2=0.276211; ']
train step[1041/1500] ; used: 15m:34s; eta: 6m:51s; loss = 0.428758; ['mse_0=0.001681; ', 'lpips_0=0.004484; ', 'codec_recon_0=0.018290; ', 'bpp_0=1.239669; ', 'mse_1=0.001043; ', 'lpips_1=0.003056; ', 'codec_recon_1=0.336399; ', 'bpp_1=0.298540; ', 'mse_2=0.000901; ', 'lpips_2=0.002771; ', 'codec_recon_2=0.074066; ', 'bpp_2=0.279566; ']
train step[1042/1500] ; used: 15m:35s; eta: 6m:50s; loss = 0.410137; ['mse_0=0.002043; ', 'lpips_0=0.005117; ', 'codec_recon_0=0.024396; ', 'bpp_0=1.229830; ', 'mse_1=0.001658; ', 'lpips_1=0.004121; ', 'codec_recon_1=0.304403; ', 'bpp_1=0.297621; ', 'mse_2=0.001619; ', 'lpips_2=0.003942; ', 'codec_recon_2=0.081337; ', 'bpp_2=0.277003; ']
train step[1043/1500] ; used: 15m:36s; eta: 6m:49s; loss = 0.427061; ['mse_0=0.000884; ', 'lpips_0=0.003473; ', 'codec_recon_0=0.017539; ', 'bpp_0=1.239220; ', 'mse_1=0.000456; ', 'lpips_1=0.002090; ', 'codec_recon_1=0.329096; ', 'bpp_1=0.296735; ', 'mse_2=0.000397; ', 'lpips_2=0.001975; ', 'codec_recon_2=0.080425; ', 'bpp_2=0.276322; ']
train step[1044/1500] ; used: 15m:36s; eta: 6m:48s; loss = 0.396102; ['mse_0=0.001329; ', 'lpips_0=0.003511; ', 'codec_recon_0=0.018765; ', 'bpp_0=1.238360; ', 'mse_1=0.000975; ', 'lpips_1=0.002576; ', 'codec_recon_1=0.302871; ', 'bpp_1=0.297947; ', 'mse_2=0.000909; ', 'lpips_2=0.002354; ', 'codec_recon_2=0.074464; ', 'bpp_2=0.278104; ']
train step[1045/1500] ; used: 15m:37s; eta: 6m:47s; loss = 0.428137; ['mse_0=0.004996; ', 'lpips_0=0.004742; ', 'codec_recon_0=0.022288; ', 'bpp_0=1.216712; ', 'mse_1=0.004632; ', 'lpips_1=0.003711; ', 'codec_recon_1=0.330319; ', 'bpp_1=0.298029; ', 'mse_2=0.004581; ', 'lpips_2=0.003540; ', 'codec_recon_2=0.075529; ', 'bpp_2=0.278490; ']
train step[1046/1500] ; used: 15m:38s; eta: 6m:46s; loss = 0.385025; ['mse_0=0.000915; ', 'lpips_0=0.003868; ', 'codec_recon_0=0.019253; ', 'bpp_0=1.219702; ', 'mse_1=0.000697; ', 'lpips_1=0.002878; ', 'codec_recon_1=0.287586; ', 'bpp_1=0.299178; ', 'mse_2=0.000651; ', 'lpips_2=0.002696; ', 'codec_recon_2=0.078185; ', 'bpp_2=0.278979; ']
train step[1047/1500] ; used: 15m:38s; eta: 6m:45s; loss = 0.384238; ['mse_0=0.002122; ', 'lpips_0=0.004169; ', 'codec_recon_0=0.018700; ', 'bpp_0=1.235727; ', 'mse_1=0.001649; ', 'lpips_1=0.003204; ', 'codec_recon_1=0.301666; ', 'bpp_1=0.297804; ', 'mse_2=0.001536; ', 'lpips_2=0.003031; ', 'codec_recon_2=0.063870; ', 'bpp_2=0.278968; ']
train step[1048/1500] ; used: 15m:39s; eta: 6m:44s; loss = 0.407227; ['mse_0=0.000491; ', 'lpips_0=0.003266; ', 'codec_recon_0=0.018925; ', 'bpp_0=1.186471; ', 'mse_1=0.000243; ', 'lpips_1=0.002249; ', 'codec_recon_1=0.306723; ', 'bpp_1=0.292201; ', 'mse_2=0.000214; ', 'lpips_2=0.002119; ', 'codec_recon_2=0.081577; ', 'bpp_2=0.269324; ']
train step[1049/1500] ; used: 15m:40s; eta: 6m:43s; loss = 0.382253; ['mse_0=0.002159; ', 'lpips_0=0.004960; ', 'codec_recon_0=0.017731; ', 'bpp_0=1.212127; ', 'mse_1=0.001640; ', 'lpips_1=0.003783; ', 'codec_recon_1=0.292043; ', 'bpp_1=0.295759; ', 'mse_2=0.001481; ', 'lpips_2=0.003510; ', 'codec_recon_2=0.072478; ', 'bpp_2=0.274990; ']
train step[1050/1500] ; used: 15m:40s; eta: 6m:42s; loss = 0.412002; ['mse_0=0.003529; ', 'lpips_0=0.005992; ', 'codec_recon_0=0.025071; ', 'bpp_0=1.196477; ', 'mse_1=0.003435; ', 'lpips_1=0.005231; ', 'codec_recon_1=0.307680; ', 'bpp_1=0.294812; ', 'mse_2=0.003369; ', 'lpips_2=0.005134; ', 'codec_recon_2=0.079249; ', 'bpp_2=0.275494; ']
train step[1051/1500] ; used: 15m:41s; eta: 6m:41s; loss = 0.349943; ['mse_0=0.001606; ', 'lpips_0=0.005097; ', 'codec_recon_0=0.018739; ', 'bpp_0=1.170393; ', 'mse_1=0.001440; ', 'lpips_1=0.004416; ', 'codec_recon_1=0.262572; ', 'bpp_1=0.292946; ', 'mse_2=0.001386; ', 'lpips_2=0.004229; ', 'codec_recon_2=0.068630; ', 'bpp_2=0.271496; ']
train step[1052/1500] ; used: 15m:42s; eta: 6m:40s; loss = 0.397433; ['mse_0=0.000433; ', 'lpips_0=0.002895; ', 'codec_recon_0=0.018579; ', 'bpp_0=1.182609; ', 'mse_1=0.000271; ', 'lpips_1=0.002019; ', 'codec_recon_1=0.300230; ', 'bpp_1=0.292342; ', 'mse_2=0.000246; ', 'lpips_2=0.001874; ', 'codec_recon_2=0.078622; ', 'bpp_2=0.269174; ']
train step[1053/1500] ; used: 15m:42s; eta: 6m:39s; loss = 0.358763; ['mse_0=0.000712; ', 'lpips_0=0.003829; ', 'codec_recon_0=0.018529; ', 'bpp_0=1.165926; ', 'mse_1=0.000433; ', 'lpips_1=0.003125; ', 'codec_recon_1=0.272825; ', 'bpp_1=0.290348; ', 'mse_2=0.000399; ', 'lpips_2=0.003017; ', 'codec_recon_2=0.067407; ', 'bpp_2=0.269163; ']
train step[1054/1500] ; used: 15m:43s; eta: 6m:38s; loss = 0.374556; ['mse_0=0.001935; ', 'lpips_0=0.005168; ', 'codec_recon_0=0.017974; ', 'bpp_0=1.226541; ', 'mse_1=0.001599; ', 'lpips_1=0.004383; ', 'codec_recon_1=0.289157; ', 'bpp_1=0.296881; ', 'mse_2=0.001576; ', 'lpips_2=0.004289; ', 'codec_recon_2=0.067423; ', 'bpp_2=0.277592; ']
train step[1055/1500] ; used: 15m:44s; eta: 6m:37s; loss = 0.424142; ['mse_0=0.002947; ', 'lpips_0=0.004864; ', 'codec_recon_0=0.016889; ', 'bpp_0=1.219439; ', 'mse_1=0.002714; ', 'lpips_1=0.003730; ', 'codec_recon_1=0.334468; ', 'bpp_1=0.295688; ', 'mse_2=0.002701; ', 'lpips_2=0.003534; ', 'codec_recon_2=0.072783; ', 'bpp_2=0.276498; ']
train step[1056/1500] ; used: 15m:44s; eta: 6m:36s; loss = 0.436396; ['mse_0=0.003142; ', 'lpips_0=0.005566; ', 'codec_recon_0=0.016887; ', 'bpp_0=1.277122; ', 'mse_1=0.002226; ', 'lpips_1=0.003954; ', 'codec_recon_1=0.346952; ', 'bpp_1=0.302420; ', 'mse_2=0.002063; ', 'lpips_2=0.003707; ', 'codec_recon_2=0.072555; ', 'bpp_2=0.286082; ']
train step[1057/1500] ; used: 15m:45s; eta: 6m:35s; loss = 0.354463; ['mse_0=0.001145; ', 'lpips_0=0.003367; ', 'codec_recon_0=0.018093; ', 'bpp_0=1.216666; ', 'mse_1=0.000934; ', 'lpips_1=0.002724; ', 'codec_recon_1=0.260402; ', 'bpp_1=0.296381; ', 'mse_2=0.000912; ', 'lpips_2=0.002606; ', 'codec_recon_2=0.075966; ', 'bpp_2=0.274545; ']
train step[1058/1500] ; used: 15m:46s; eta: 6m:34s; loss = 0.405072; ['mse_0=0.000516; ', 'lpips_0=0.003745; ', 'codec_recon_0=0.024771; ', 'bpp_0=1.185965; ', 'mse_1=0.000418; ', 'lpips_1=0.003082; ', 'codec_recon_1=0.280254; ', 'bpp_1=0.291967; ', 'mse_2=0.000396; ', 'lpips_2=0.002889; ', 'codec_recon_2=0.100045; ', 'bpp_2=0.267225; ']
train step[1059/1500] ; used: 15m:46s; eta: 6m:33s; loss = 0.352734; ['mse_0=0.000291; ', 'lpips_0=0.002412; ', 'codec_recon_0=0.016044; ', 'bpp_0=1.177367; ', 'mse_1=0.000164; ', 'lpips_1=0.001728; ', 'codec_recon_1=0.265823; ', 'bpp_1=0.291983; ', 'mse_2=0.000143; ', 'lpips_2=0.001625; ', 'codec_recon_2=0.070865; ', 'bpp_2=0.267842; ']
train step[1060/1500] ; used: 15m:47s; eta: 6m:32s; loss = 0.433452; ['mse_0=0.001081; ', 'lpips_0=0.004341; ', 'codec_recon_0=0.021104; ', 'bpp_0=1.188884; ', 'mse_1=0.000857; ', 'lpips_1=0.003339; ', 'codec_recon_1=0.333299; ', 'bpp_1=0.291459; ', 'mse_2=0.000835; ', 'lpips_2=0.003153; ', 'codec_recon_2=0.079047; ', 'bpp_2=0.269275; ']
train step[1061/1500] ; used: 15m:48s; eta: 6m:31s; loss = 0.368786; ['mse_0=0.003520; ', 'lpips_0=0.005935; ', 'codec_recon_0=0.019096; ', 'bpp_0=1.188020; ', 'mse_1=0.002951; ', 'lpips_1=0.005034; ', 'codec_recon_1=0.277836; ', 'bpp_1=0.294836; ', 'mse_2=0.002889; ', 'lpips_2=0.004828; ', 'codec_recon_2=0.071852; ', 'bpp_2=0.273515; ']
train step[1062/1500] ; used: 15m:48s; eta: 6m:30s; loss = 0.392680; ['mse_0=0.000566; ', 'lpips_0=0.003417; ', 'codec_recon_0=0.020447; ', 'bpp_0=1.195434; ', 'mse_1=0.000262; ', 'lpips_1=0.002591; ', 'codec_recon_1=0.298218; ', 'bpp_1=0.292996; ', 'mse_2=0.000221; ', 'lpips_2=0.002415; ', 'codec_recon_2=0.074013; ', 'bpp_2=0.272586; ']
train step[1063/1500] ; used: 15m:49s; eta: 6m:29s; loss = 0.373075; ['mse_0=0.000697; ', 'lpips_0=0.003669; ', 'codec_recon_0=0.022400; ', 'bpp_0=1.162969; ', 'mse_1=0.000564; ', 'lpips_1=0.003048; ', 'codec_recon_1=0.274278; ', 'bpp_1=0.288967; ', 'mse_2=0.000529; ', 'lpips_2=0.002906; ', 'codec_recon_2=0.076395; ', 'bpp_2=0.264259; ']
train step[1064/1500] ; used: 15m:50s; eta: 6m:29s; loss = 0.421600; ['mse_0=0.001790; ', 'lpips_0=0.005302; ', 'codec_recon_0=0.018501; ', 'bpp_0=1.237448; ', 'mse_1=0.001641; ', 'lpips_1=0.004335; ', 'codec_recon_1=0.329271; ', 'bpp_1=0.296822; ', 'mse_2=0.001631; ', 'lpips_2=0.004072; ', 'codec_recon_2=0.073826; ', 'bpp_2=0.279058; ']
train step[1065/1500] ; used: 15m:50s; eta: 6m:28s; loss = 0.384823; ['mse_0=0.001648; ', 'lpips_0=0.004065; ', 'codec_recon_0=0.020857; ', 'bpp_0=1.222782; ', 'mse_1=0.001186; ', 'lpips_1=0.003101; ', 'codec_recon_1=0.294223; ', 'bpp_1=0.298255; ', 'mse_2=0.001113; ', 'lpips_2=0.002924; ', 'codec_recon_2=0.069741; ', 'bpp_2=0.278471; ']
train step[1066/1500] ; used: 15m:51s; eta: 6m:27s; loss = 0.386695; ['mse_0=0.000322; ', 'lpips_0=0.002796; ', 'codec_recon_0=0.018077; ', 'bpp_0=1.213909; ', 'mse_1=0.000211; ', 'lpips_1=0.001997; ', 'codec_recon_1=0.285006; ', 'bpp_1=0.292143; ', 'mse_2=0.000207; ', 'lpips_2=0.001872; ', 'codec_recon_2=0.083610; ', 'bpp_2=0.270251; ']
train step[1067/1500] ; used: 15m:52s; eta: 6m:26s; loss = 0.467083; ['mse_0=0.002234; ', 'lpips_0=0.004824; ', 'codec_recon_0=0.026355; ', 'bpp_0=1.194484; ', 'mse_1=0.001876; ', 'lpips_1=0.003469; ', 'codec_recon_1=0.345851; ', 'bpp_1=0.289708; ', 'mse_2=0.001817; ', 'lpips_2=0.003224; ', 'codec_recon_2=0.094875; ', 'bpp_2=0.266269; ']
train step[1068/1500] ; used: 15m:53s; eta: 6m:25s; loss = 0.408150; ['mse_0=0.002514; ', 'lpips_0=0.005608; ', 'codec_recon_0=0.021459; ', 'bpp_0=1.222588; ', 'mse_1=0.001981; ', 'lpips_1=0.004190; ', 'codec_recon_1=0.315133; ', 'bpp_1=0.296614; ', 'mse_2=0.001905; ', 'lpips_2=0.003930; ', 'codec_recon_2=0.071556; ', 'bpp_2=0.279203; ']
train step[1069/1500] ; used: 15m:53s; eta: 6m:24s; loss = 0.392923; ['mse_0=0.002331; ', 'lpips_0=0.004507; ', 'codec_recon_0=0.017618; ', 'bpp_0=1.251658; ', 'mse_1=0.001741; ', 'lpips_1=0.003484; ', 'codec_recon_1=0.298385; ', 'bpp_1=0.299678; ', 'mse_2=0.001628; ', 'lpips_2=0.003285; ', 'codec_recon_2=0.076918; ', 'bpp_2=0.280644; ']
train step[1070/1500] ; used: 15m:54s; eta: 6m:23s; loss = 0.356884; ['mse_0=0.002809; ', 'lpips_0=0.005172; ', 'codec_recon_0=0.018146; ', 'bpp_0=1.172501; ', 'mse_1=0.002722; ', 'lpips_1=0.004530; ', 'codec_recon_1=0.263625; ', 'bpp_1=0.290700; ', 'mse_2=0.002684; ', 'lpips_2=0.004423; ', 'codec_recon_2=0.075111; ', 'bpp_2=0.269190; ']
train step[1071/1500] ; used: 15m:55s; eta: 6m:22s; loss = 0.430807; ['mse_0=0.000934; ', 'lpips_0=0.004548; ', 'codec_recon_0=0.023738; ', 'bpp_0=1.176788; ', 'mse_1=0.000746; ', 'lpips_1=0.003636; ', 'codec_recon_1=0.317229; ', 'bpp_1=0.290920; ', 'mse_2=0.000705; ', 'lpips_2=0.003316; ', 'codec_recon_2=0.089838; ', 'bpp_2=0.267826; ']
train step[1072/1500] ; used: 15m:55s; eta: 6m:21s; loss = 0.409508; ['mse_0=0.000897; ', 'lpips_0=0.003698; ', 'codec_recon_0=0.017971; ', 'bpp_0=1.233377; ', 'mse_1=0.000513; ', 'lpips_1=0.002547; ', 'codec_recon_1=0.318253; ', 'bpp_1=0.296992; ', 'mse_2=0.000454; ', 'lpips_2=0.002370; ', 'codec_recon_2=0.073282; ', 'bpp_2=0.278216; ']
train step[1073/1500] ; used: 15m:56s; eta: 6m:20s; loss = 0.473274; ['mse_0=0.000656; ', 'lpips_0=0.004740; ', 'codec_recon_0=0.021806; ', 'bpp_0=1.214136; ', 'mse_1=0.000358; ', 'lpips_1=0.003049; ', 'codec_recon_1=0.373147; ', 'bpp_1=0.292655; ', 'mse_2=0.000310; ', 'lpips_2=0.002764; ', 'codec_recon_2=0.078320; ', 'bpp_2=0.276202; ']
train step[1074/1500] ; used: 15m:57s; eta: 6m:19s; loss = 0.372610; ['mse_0=0.000830; ', 'lpips_0=0.004501; ', 'codec_recon_0=0.022512; ', 'bpp_0=1.172478; ', 'mse_1=0.000677; ', 'lpips_1=0.003780; ', 'codec_recon_1=0.273930; ', 'bpp_1=0.289947; ', 'mse_2=0.000664; ', 'lpips_2=0.003690; ', 'codec_recon_2=0.076167; ', 'bpp_2=0.270206; ']
train step[1075/1500] ; used: 15m:57s; eta: 6m:18s; loss = 0.368983; ['mse_0=0.000825; ', 'lpips_0=0.004934; ', 'codec_recon_0=0.019480; ', 'bpp_0=1.189409; ', 'mse_1=0.000701; ', 'lpips_1=0.004400; ', 'codec_recon_1=0.267181; ', 'bpp_1=0.292377; ', 'mse_2=0.000693; ', 'lpips_2=0.004305; ', 'codec_recon_2=0.082320; ', 'bpp_2=0.271858; ']
train step[1076/1500] ; used: 15m:58s; eta: 6m:17s; loss = 0.458895; ['mse_0=0.005278; ', 'lpips_0=0.007276; ', 'codec_recon_0=0.023151; ', 'bpp_0=1.237366; ', 'mse_1=0.004563; ', 'lpips_1=0.006241; ', 'codec_recon_1=0.360341; ', 'bpp_1=0.296696; ', 'mse_2=0.004453; ', 'lpips_2=0.006038; ', 'codec_recon_2=0.075402; ', 'bpp_2=0.279520; ']
train step[1077/1500] ; used: 15m:59s; eta: 6m:16s; loss = 0.437445; ['mse_0=0.001413; ', 'lpips_0=0.004340; ', 'codec_recon_0=0.017388; ', 'bpp_0=1.231043; ', 'mse_1=0.000779; ', 'lpips_1=0.002878; ', 'codec_recon_1=0.347496; ', 'bpp_1=0.294841; ', 'mse_2=0.000696; ', 'lpips_2=0.002640; ', 'codec_recon_2=0.072559; ', 'bpp_2=0.275800; ']
train step[1078/1500] ; used: 15m:59s; eta: 6m:15s; loss = 0.362910; ['mse_0=0.000851; ', 'lpips_0=0.003444; ', 'codec_recon_0=0.018730; ', 'bpp_0=1.229465; ', 'mse_1=0.000624; ', 'lpips_1=0.002590; ', 'codec_recon_1=0.268147; ', 'bpp_1=0.294353; ', 'mse_2=0.000574; ', 'lpips_2=0.002397; ', 'codec_recon_2=0.076032; ', 'bpp_2=0.272912; ']
train step[1079/1500] ; used: 16m; eta: 6m:14s; loss = 0.377020; ['mse_0=0.001877; ', 'lpips_0=0.004982; ', 'codec_recon_0=0.020589; ', 'bpp_0=1.220807; ', 'mse_1=0.001655; ', 'lpips_1=0.004403; ', 'codec_recon_1=0.279684; ', 'bpp_1=0.294891; ', 'mse_2=0.001598; ', 'lpips_2=0.004316; ', 'codec_recon_2=0.076745; ', 'bpp_2=0.274135; ']
train step[1080/1500] ; used: 16m:1s; eta: 6m:13s; loss = 0.466790; ['mse_0=0.003781; ', 'lpips_0=0.007095; ', 'codec_recon_0=0.020664; ', 'bpp_0=1.246954; ', 'mse_1=0.002860; ', 'lpips_1=0.005785; ', 'codec_recon_1=0.375641; ', 'bpp_1=0.297589; ', 'mse_2=0.002641; ', 'lpips_2=0.005479; ', 'codec_recon_2=0.070483; ', 'bpp_2=0.281681; ']
train step[1081/1500] ; used: 16m:2s; eta: 6m:12s; loss = 0.436483; ['mse_0=0.001547; ', 'lpips_0=0.005649; ', 'codec_recon_0=0.018264; ', 'bpp_0=1.223813; ', 'mse_1=0.000934; ', 'lpips_1=0.003962; ', 'codec_recon_1=0.333045; ', 'bpp_1=0.295565; ', 'mse_2=0.000831; ', 'lpips_2=0.003762; ', 'codec_recon_2=0.085173; ', 'bpp_2=0.275340; ']
train step[1082/1500] ; used: 16m:2s; eta: 6m:11s; loss = 0.395872; ['mse_0=0.000465; ', 'lpips_0=0.003601; ', 'codec_recon_0=0.021000; ', 'bpp_0=1.173349; ', 'mse_1=0.000344; ', 'lpips_1=0.002717; ', 'codec_recon_1=0.293316; ', 'bpp_1=0.291101; ', 'mse_2=0.000322; ', 'lpips_2=0.002562; ', 'codec_recon_2=0.081555; ', 'bpp_2=0.270279; ']
train step[1083/1500] ; used: 16m:3s; eta: 6m:10s; loss = 0.363381; ['mse_0=0.002956; ', 'lpips_0=0.006121; ', 'codec_recon_0=0.020894; ', 'bpp_0=1.200505; ', 'mse_1=0.002781; ', 'lpips_1=0.005483; ', 'codec_recon_1=0.265297; ', 'bpp_1=0.295514; ', 'mse_2=0.002781; ', 'lpips_2=0.005340; ', 'codec_recon_2=0.077189; ', 'bpp_2=0.274339; ']
train step[1084/1500] ; used: 16m:4s; eta: 6m:9s; loss = 0.451593; ['mse_0=0.001843; ', 'lpips_0=0.004426; ', 'codec_recon_0=0.019733; ', 'bpp_0=1.253709; ', 'mse_1=0.001166; ', 'lpips_1=0.003062; ', 'codec_recon_1=0.355773; ', 'bpp_1=0.299452; ', 'mse_2=0.001041; ', 'lpips_2=0.002774; ', 'codec_recon_2=0.076085; ', 'bpp_2=0.282343; ']
train step[1085/1500] ; used: 16m:4s; eta: 6m:8s; loss = 0.390757; ['mse_0=0.000699; ', 'lpips_0=0.003655; ', 'codec_recon_0=0.018182; ', 'bpp_0=1.213637; ', 'mse_1=0.000593; ', 'lpips_1=0.002971; ', 'codec_recon_1=0.289805; ', 'bpp_1=0.295837; ', 'mse_2=0.000582; ', 'lpips_2=0.002820; ', 'codec_recon_2=0.082768; ', 'bpp_2=0.273806; ']
train step[1086/1500] ; used: 16m:5s; eta: 6m:7s; loss = 0.362098; ['mse_0=0.000807; ', 'lpips_0=0.004426; ', 'codec_recon_0=0.019867; ', 'bpp_0=1.197996; ', 'mse_1=0.000715; ', 'lpips_1=0.003872; ', 'codec_recon_1=0.264291; ', 'bpp_1=0.292788; ', 'mse_2=0.000688; ', 'lpips_2=0.003728; ', 'codec_recon_2=0.077938; ', 'bpp_2=0.272437; ']
train step[1087/1500] ; used: 16m:6s; eta: 6m:6s; loss = 0.434204; ['mse_0=0.001212; ', 'lpips_0=0.003441; ', 'codec_recon_0=0.019089; ', 'bpp_0=1.230399; ', 'mse_1=0.000509; ', 'lpips_1=0.002136; ', 'codec_recon_1=0.341730; ', 'bpp_1=0.295637; ', 'mse_2=0.000409; ', 'lpips_2=0.001959; ', 'codec_recon_2=0.073383; ', 'bpp_2=0.275184; ']
train step[1088/1500] ; used: 16m:6s; eta: 6m:5s; loss = 0.465864; ['mse_0=0.001998; ', 'lpips_0=0.004635; ', 'codec_recon_0=0.017433; ', 'bpp_0=1.282791; ', 'mse_1=0.001053; ', 'lpips_1=0.002629; ', 'codec_recon_1=0.376431; ', 'bpp_1=0.302907; ', 'mse_2=0.000928; ', 'lpips_2=0.002376; ', 'codec_recon_2=0.071998; ', 'bpp_2=0.287687; ']
train step[1089/1500] ; used: 16m:7s; eta: 6m:4s; loss = 0.365546; ['mse_0=0.000299; ', 'lpips_0=0.003717; ', 'codec_recon_0=0.020744; ', 'bpp_0=1.175936; ', 'mse_1=0.000203; ', 'lpips_1=0.003101; ', 'codec_recon_1=0.265936; ', 'bpp_1=0.286951; ', 'mse_2=0.000182; ', 'lpips_2=0.002972; ', 'codec_recon_2=0.078864; ', 'bpp_2=0.264127; ']
train step[1090/1500] ; used: 16m:8s; eta: 6m:3s; loss = 0.360386; ['mse_0=0.001823; ', 'lpips_0=0.004738; ', 'codec_recon_0=0.019859; ', 'bpp_0=1.172507; ', 'mse_1=0.001754; ', 'lpips_1=0.004075; ', 'codec_recon_1=0.268189; ', 'bpp_1=0.291503; ', 'mse_2=0.001757; ', 'lpips_2=0.003968; ', 'codec_recon_2=0.072337; ', 'bpp_2=0.269977; ']
train step[1091/1500] ; used: 16m:9s; eta: 6m:3s; loss = 0.425050; ['mse_0=0.003068; ', 'lpips_0=0.005280; ', 'codec_recon_0=0.016241; ', 'bpp_0=1.295626; ', 'mse_1=0.002119; ', 'lpips_1=0.003556; ', 'codec_recon_1=0.334050; ', 'bpp_1=0.303849; ', 'mse_2=0.001883; ', 'lpips_2=0.003265; ', 'codec_recon_2=0.074757; ', 'bpp_2=0.287773; ']
train step[1092/1500] ; used: 16m:10s; eta: 6m:2s; loss = 0.369588; ['mse_0=0.000482; ', 'lpips_0=0.002461; ', 'codec_recon_0=0.019730; ', 'bpp_0=1.197695; ', 'mse_1=0.000376; ', 'lpips_1=0.001805; ', 'codec_recon_1=0.274211; ', 'bpp_1=0.293659; ', 'mse_2=0.000347; ', 'lpips_2=0.001684; ', 'codec_recon_2=0.075646; ', 'bpp_2=0.272457; ']
train step[1093/1500] ; used: 16m:10s; eta: 6m:1s; loss = 0.442757; ['mse_0=0.001137; ', 'lpips_0=0.004862; ', 'codec_recon_0=0.021335; ', 'bpp_0=1.224838; ', 'mse_1=0.000897; ', 'lpips_1=0.003662; ', 'codec_recon_1=0.330567; ', 'bpp_1=0.295694; ', 'mse_2=0.000870; ', 'lpips_2=0.003453; ', 'codec_recon_2=0.090853; ', 'bpp_2=0.277518; ']
train step[1094/1500] ; used: 16m:11s; eta: 6m; loss = 0.437470; ['mse_0=0.000928; ', 'lpips_0=0.003758; ', 'codec_recon_0=0.021746; ', 'bpp_0=1.228316; ', 'mse_1=0.000633; ', 'lpips_1=0.002370; ', 'codec_recon_1=0.323586; ', 'bpp_1=0.295879; ', 'mse_2=0.000588; ', 'lpips_2=0.002195; ', 'codec_recon_2=0.092136; ', 'bpp_2=0.275401; ']
train step[1095/1500] ; used: 16m:12s; eta: 5m:59s; loss = 0.369490; ['mse_0=0.000628; ', 'lpips_0=0.003834; ', 'codec_recon_0=0.018473; ', 'bpp_0=1.175529; ', 'mse_1=0.000513; ', 'lpips_1=0.003040; ', 'codec_recon_1=0.275826; ', 'bpp_1=0.293430; ', 'mse_2=0.000484; ', 'lpips_2=0.002957; ', 'codec_recon_2=0.075190; ', 'bpp_2=0.271915; ']
train step[1096/1500] ; used: 16m:12s; eta: 5m:58s; loss = 0.343577; ['mse_0=0.001313; ', 'lpips_0=0.003994; ', 'codec_recon_0=0.021689; ', 'bpp_0=1.196584; ', 'mse_1=0.001122; ', 'lpips_1=0.003355; ', 'codec_recon_1=0.249249; ', 'bpp_1=0.290197; ', 'mse_2=0.001105; ', 'lpips_2=0.003257; ', 'codec_recon_2=0.072638; ', 'bpp_2=0.268586; ']
train step[1097/1500] ; used: 16m:13s; eta: 5m:57s; loss = 0.426990; ['mse_0=0.001428; ', 'lpips_0=0.003582; ', 'codec_recon_0=0.017328; ', 'bpp_0=1.257557; ', 'mse_1=0.000693; ', 'lpips_1=0.002123; ', 'codec_recon_1=0.334954; ', 'bpp_1=0.297885; ', 'mse_2=0.000587; ', 'lpips_2=0.001918; ', 'codec_recon_2=0.074706; ', 'bpp_2=0.279564; ']
train step[1098/1500] ; used: 16m:14s; eta: 5m:56s; loss = 0.411275; ['mse_0=0.002188; ', 'lpips_0=0.004829; ', 'codec_recon_0=0.024618; ', 'bpp_0=1.208154; ', 'mse_1=0.001911; ', 'lpips_1=0.003877; ', 'codec_recon_1=0.292414; ', 'bpp_1=0.295952; ', 'mse_2=0.001823; ', 'lpips_2=0.003768; ', 'codec_recon_2=0.094241; ', 'bpp_2=0.275988; ']
train step[1099/1500] ; used: 16m:14s; eta: 5m:55s; loss = 0.384562; ['mse_0=0.001412; ', 'lpips_0=0.005180; ', 'codec_recon_0=0.019539; ', 'bpp_0=1.221653; ', 'mse_1=0.000987; ', 'lpips_1=0.003968; ', 'codec_recon_1=0.292192; ', 'bpp_1=0.298361; ', 'mse_2=0.000927; ', 'lpips_2=0.003780; ', 'codec_recon_2=0.072829; ', 'bpp_2=0.279987; ']
train step[1100/1500] ; used: 16m:17s; eta: 5m:55s; loss = 0.371482; ['mse_0=0.007675; ', 'lpips_0=0.007441; ', 'codec_recon_0=0.018612; ', 'bpp_0=1.217193; ', 'mse_1=0.007526; ', 'lpips_1=0.006761; ', 'codec_recon_1=0.274160; ', 'bpp_1=0.296352; ', 'mse_2=0.007578; ', 'lpips_2=0.006577; ', 'codec_recon_2=0.078708; ', 'bpp_2=0.276192; ']
train step[1101/1500] ; used: 16m:18s; eta: 5m:54s; loss = 0.363039; ['mse_0=0.000949; ', 'lpips_0=0.003121; ', 'codec_recon_0=0.020801; ', 'bpp_0=1.204539; ', 'mse_1=0.000664; ', 'lpips_1=0.002309; ', 'codec_recon_1=0.266864; ', 'bpp_1=0.295065; ', 'mse_2=0.000627; ', 'lpips_2=0.002113; ', 'codec_recon_2=0.075372; ', 'bpp_2=0.271634; ']
train step[1102/1500] ; used: 16m:19s; eta: 5m:53s; loss = 0.450436; ['mse_0=0.001823; ', 'lpips_0=0.005082; ', 'codec_recon_0=0.017813; ', 'bpp_0=1.239605; ', 'mse_1=0.001028; ', 'lpips_1=0.003271; ', 'codec_recon_1=0.361396; ', 'bpp_1=0.297891; ', 'mse_2=0.000865; ', 'lpips_2=0.002983; ', 'codec_recon_2=0.071226; ', 'bpp_2=0.280127; ']
train step[1103/1500] ; used: 16m:19s; eta: 5m:52s; loss = 0.397198; ['mse_0=0.001402; ', 'lpips_0=0.004326; ', 'codec_recon_0=0.020337; ', 'bpp_0=1.209803; ', 'mse_1=0.001239; ', 'lpips_1=0.003630; ', 'codec_recon_1=0.291784; ', 'bpp_1=0.293474; ', 'mse_2=0.001209; ', 'lpips_2=0.003503; ', 'codec_recon_2=0.085076; ', 'bpp_2=0.272851; ']
train step[1104/1500] ; used: 16m:20s; eta: 5m:51s; loss = 0.342999; ['mse_0=0.001332; ', 'lpips_0=0.003075; ', 'codec_recon_0=0.019712; ', 'bpp_0=1.227453; ', 'mse_1=0.001020; ', 'lpips_1=0.002313; ', 'codec_recon_1=0.254271; ', 'bpp_1=0.297882; ', 'mse_2=0.000958; ', 'lpips_2=0.002203; ', 'codec_recon_2=0.069014; ', 'bpp_2=0.276699; ']
train step[1105/1500] ; used: 16m:21s; eta: 5m:50s; loss = 0.334268; ['mse_0=0.000504; ', 'lpips_0=0.003386; ', 'codec_recon_0=0.021516; ', 'bpp_0=1.147587; ', 'mse_1=0.000348; ', 'lpips_1=0.002900; ', 'codec_recon_1=0.243487; ', 'bpp_1=0.287227; ', 'mse_2=0.000322; ', 'lpips_2=0.002821; ', 'codec_recon_2=0.069263; ', 'bpp_2=0.264998; ']
Skipped bad example 7ab1ca08282c3433. Context shape was torch.Size([2, 3, 360, 480]) and target shape was torch.Size([4, 3, 360, 480]).
train step[1106/1500] ; used: 16m:21s; eta: 5m:49s; loss = 0.335937; ['mse_0=0.000872; ', 'lpips_0=0.003791; ', 'codec_recon_0=0.022983; ', 'bpp_0=1.135359; ', 'mse_1=0.000685; ', 'lpips_1=0.003237; ', 'codec_recon_1=0.237321; ', 'bpp_1=0.287709; ', 'mse_2=0.000666; ', 'lpips_2=0.003156; ', 'codec_recon_2=0.075631; ', 'bpp_2=0.267059; ']
train step[1107/1500] ; used: 16m:22s; eta: 5m:48s; loss = 0.440141; ['mse_0=0.002328; ', 'lpips_0=0.007127; ', 'codec_recon_0=0.022398; ', 'bpp_0=1.207409; ', 'mse_1=0.001895; ', 'lpips_1=0.005862; ', 'codec_recon_1=0.331395; ', 'bpp_1=0.294712; ', 'mse_2=0.001844; ', 'lpips_2=0.005698; ', 'codec_recon_2=0.086346; ', 'bpp_2=0.277122; ']
train step[1108/1500] ; used: 16m:23s; eta: 5m:47s; loss = 0.366830; ['mse_0=0.000749; ', 'lpips_0=0.003828; ', 'codec_recon_0=0.020175; ', 'bpp_0=1.165643; ', 'mse_1=0.000566; ', 'lpips_1=0.002968; ', 'codec_recon_1=0.273815; ', 'bpp_1=0.292841; ', 'mse_2=0.000514; ', 'lpips_2=0.002690; ', 'codec_recon_2=0.072839; ', 'bpp_2=0.270844; ']
train step[1109/1500] ; used: 16m:24s; eta: 5m:46s; loss = 0.372684; ['mse_0=0.000708; ', 'lpips_0=0.003458; ', 'codec_recon_0=0.018602; ', 'bpp_0=1.184447; ', 'mse_1=0.000486; ', 'lpips_1=0.002652; ', 'codec_recon_1=0.281545; ', 'bpp_1=0.293934; ', 'mse_2=0.000450; ', 'lpips_2=0.002503; ', 'codec_recon_2=0.072535; ', 'bpp_2=0.272757; ']
train step[1110/1500] ; used: 16m:24s; eta: 5m:45s; loss = 0.343490; ['mse_0=0.001514; ', 'lpips_0=0.004512; ', 'codec_recon_0=0.020032; ', 'bpp_0=1.159483; ', 'mse_1=0.001384; ', 'lpips_1=0.003909; ', 'codec_recon_1=0.249937; ', 'bpp_1=0.290696; ', 'mse_2=0.001355; ', 'lpips_2=0.003751; ', 'codec_recon_2=0.073519; ', 'bpp_2=0.268966; ']
train step[1111/1500] ; used: 16m:25s; eta: 5m:44s; loss = 0.382334; ['mse_0=0.000548; ', 'lpips_0=0.003177; ', 'codec_recon_0=0.017476; ', 'bpp_0=1.201394; ', 'mse_1=0.000345; ', 'lpips_1=0.002110; ', 'codec_recon_1=0.286784; ', 'bpp_1=0.291634; ', 'mse_2=0.000317; ', 'lpips_2=0.001950; ', 'codec_recon_2=0.078072; ', 'bpp_2=0.268775; ']
train step[1112/1500] ; used: 16m:26s; eta: 5m:43s; loss = 0.364585; ['mse_0=0.001605; ', 'lpips_0=0.004359; ', 'codec_recon_0=0.023714; ', 'bpp_0=1.173880; ', 'mse_1=0.001479; ', 'lpips_1=0.003601; ', 'codec_recon_1=0.252565; ', 'bpp_1=0.288822; ', 'mse_2=0.001457; ', 'lpips_2=0.003354; ', 'codec_recon_2=0.088305; ', 'bpp_2=0.265647; ']
train step[1113/1500] ; used: 16m:26s; eta: 5m:42s; loss = 0.353279; ['mse_0=0.000904; ', 'lpips_0=0.004111; ', 'codec_recon_0=0.018064; ', 'bpp_0=1.190095; ', 'mse_1=0.000655; ', 'lpips_1=0.003367; ', 'codec_recon_1=0.263320; ', 'bpp_1=0.294901; ', 'mse_2=0.000620; ', 'lpips_2=0.003213; ', 'codec_recon_2=0.071893; ', 'bpp_2=0.273592; ']
train step[1114/1500] ; used: 16m:27s; eta: 5m:41s; loss = 0.366319; ['mse_0=0.002070; ', 'lpips_0=0.006280; ', 'codec_recon_0=0.017678; ', 'bpp_0=1.209670; ', 'mse_1=0.001807; ', 'lpips_1=0.005342; ', 'codec_recon_1=0.276327; ', 'bpp_1=0.295703; ', 'mse_2=0.001765; ', 'lpips_2=0.005096; ', 'codec_recon_2=0.072313; ', 'bpp_2=0.275217; ']
train step[1115/1500] ; used: 16m:28s; eta: 5m:40s; loss = 0.458623; ['mse_0=0.001348; ', 'lpips_0=0.005732; ', 'codec_recon_0=0.017868; ', 'bpp_0=1.241199; ', 'mse_1=0.000799; ', 'lpips_1=0.003838; ', 'codec_recon_1=0.360103; ', 'bpp_1=0.299861; ', 'mse_2=0.000699; ', 'lpips_2=0.003567; ', 'codec_recon_2=0.080649; ', 'bpp_2=0.281911; ']
train step[1116/1500] ; used: 16m:28s; eta: 5m:39s; loss = 0.349812; ['mse_0=0.000818; ', 'lpips_0=0.003431; ', 'codec_recon_0=0.017968; ', 'bpp_0=1.193896; ', 'mse_1=0.000757; ', 'lpips_1=0.002834; ', 'codec_recon_1=0.253938; ', 'bpp_1=0.291855; ', 'mse_2=0.000737; ', 'lpips_2=0.002753; ', 'codec_recon_2=0.077904; ', 'bpp_2=0.267534; ']
train step[1117/1500] ; used: 16m:29s; eta: 5m:38s; loss = 0.400203; ['mse_0=0.001715; ', 'lpips_0=0.005146; ', 'codec_recon_0=0.021831; ', 'bpp_0=1.192748; ', 'mse_1=0.001460; ', 'lpips_1=0.004413; ', 'codec_recon_1=0.288488; ', 'bpp_1=0.295074; ', 'mse_2=0.001428; ', 'lpips_2=0.004308; ', 'codec_recon_2=0.089882; ', 'bpp_2=0.274784; ']
train step[1118/1500] ; used: 16m:30s; eta: 5m:38s; loss = 0.501171; ['mse_0=0.002804; ', 'lpips_0=0.007271; ', 'codec_recon_0=0.021190; ', 'bpp_0=1.237499; ', 'mse_1=0.002209; ', 'lpips_1=0.005675; ', 'codec_recon_1=0.397474; ', 'bpp_1=0.297369; ', 'mse_2=0.002087; ', 'lpips_2=0.005244; ', 'codec_recon_2=0.082506; ', 'bpp_2=0.279266; ']
train step[1119/1500] ; used: 16m:30s; eta: 5m:37s; loss = 0.398532; ['mse_0=0.001949; ', 'lpips_0=0.003476; ', 'codec_recon_0=0.018603; ', 'bpp_0=1.253932; ', 'mse_1=0.001386; ', 'lpips_1=0.002383; ', 'codec_recon_1=0.308019; ', 'bpp_1=0.300102; ', 'mse_2=0.001285; ', 'lpips_2=0.002160; ', 'codec_recon_2=0.071907; ', 'bpp_2=0.280503; ']
train step[1120/1500] ; used: 16m:31s; eta: 5m:36s; loss = 0.341697; ['mse_0=0.002024; ', 'lpips_0=0.004002; ', 'codec_recon_0=0.019278; ', 'bpp_0=1.184114; ', 'mse_1=0.002104; ', 'lpips_1=0.003452; ', 'codec_recon_1=0.251388; ', 'bpp_1=0.293034; ', 'mse_2=0.002102; ', 'lpips_2=0.003408; ', 'codec_recon_2=0.071029; ', 'bpp_2=0.271490; ']
train step[1121/1500] ; used: 16m:32s; eta: 5m:35s; loss = 0.420242; ['mse_0=0.002242; ', 'lpips_0=0.004739; ', 'codec_recon_0=0.022858; ', 'bpp_0=1.197785; ', 'mse_1=0.002060; ', 'lpips_1=0.003718; ', 'codec_recon_1=0.309306; ', 'bpp_1=0.290387; ', 'mse_2=0.002063; ', 'lpips_2=0.003607; ', 'codec_recon_2=0.088076; ', 'bpp_2=0.268973; ']
train step[1122/1500] ; used: 16m:32s; eta: 5m:34s; loss = 0.372767; ['mse_0=0.000521; ', 'lpips_0=0.002877; ', 'codec_recon_0=0.018791; ', 'bpp_0=1.209445; ', 'mse_1=0.000346; ', 'lpips_1=0.002189; ', 'codec_recon_1=0.278061; ', 'bpp_1=0.294335; ', 'mse_2=0.000308; ', 'lpips_2=0.002027; ', 'codec_recon_2=0.075913; ', 'bpp_2=0.272191; ']
train step[1123/1500] ; used: 16m:33s; eta: 5m:33s; loss = 0.385597; ['mse_0=0.001375; ', 'lpips_0=0.003450; ', 'codec_recon_0=0.020056; ', 'bpp_0=1.219663; ', 'mse_1=0.001043; ', 'lpips_1=0.002550; ', 'codec_recon_1=0.291215; ', 'bpp_1=0.295430; ', 'mse_2=0.001003; ', 'lpips_2=0.002415; ', 'codec_recon_2=0.074324; ', 'bpp_2=0.274224; ']
train step[1124/1500] ; used: 16m:34s; eta: 5m:32s; loss = 0.393246; ['mse_0=0.000464; ', 'lpips_0=0.003976; ', 'codec_recon_0=0.022194; ', 'bpp_0=1.164391; ', 'mse_1=0.000289; ', 'lpips_1=0.003040; ', 'codec_recon_1=0.292688; ', 'bpp_1=0.290609; ', 'mse_2=0.000273; ', 'lpips_2=0.002937; ', 'codec_recon_2=0.078362; ', 'bpp_2=0.268834; ']
train step[1125/1500] ; used: 16m:34s; eta: 5m:31s; loss = 0.385252; ['mse_0=0.000736; ', 'lpips_0=0.003682; ', 'codec_recon_0=0.020141; ', 'bpp_0=1.170242; ', 'mse_1=0.000465; ', 'lpips_1=0.002692; ', 'codec_recon_1=0.288334; ', 'bpp_1=0.293735; ', 'mse_2=0.000415; ', 'lpips_2=0.002515; ', 'codec_recon_2=0.076775; ', 'bpp_2=0.272973; ']
train step[1126/1500] ; used: 16m:35s; eta: 5m:30s; loss = 0.358758; ['mse_0=0.001639; ', 'lpips_0=0.005073; ', 'codec_recon_0=0.020274; ', 'bpp_0=1.183397; ', 'mse_1=0.001413; ', 'lpips_1=0.004331; ', 'codec_recon_1=0.266388; ', 'bpp_1=0.293825; ', 'mse_2=0.001361; ', 'lpips_2=0.004136; ', 'codec_recon_2=0.072094; ', 'bpp_2=0.273696; ']
train step[1127/1500] ; used: 16m:36s; eta: 5m:29s; loss = 0.427449; ['mse_0=0.003717; ', 'lpips_0=0.005370; ', 'codec_recon_0=0.019542; ', 'bpp_0=1.237846; ', 'mse_1=0.003223; ', 'lpips_1=0.004187; ', 'codec_recon_1=0.329413; ', 'bpp_1=0.295829; ', 'mse_2=0.003128; ', 'lpips_2=0.003909; ', 'codec_recon_2=0.078492; ', 'bpp_2=0.276574; ']
train step[1128/1500] ; used: 16m:36s; eta: 5m:28s; loss = 0.383435; ['mse_0=0.000781; ', 'lpips_0=0.003950; ', 'codec_recon_0=0.022412; ', 'bpp_0=1.165414; ', 'mse_1=0.000568; ', 'lpips_1=0.003236; ', 'codec_recon_1=0.279671; ', 'bpp_1=0.293559; ', 'mse_2=0.000547; ', 'lpips_2=0.003124; ', 'codec_recon_2=0.081350; ', 'bpp_2=0.271105; ']
train step[1129/1500] ; used: 16m:37s; eta: 5m:27s; loss = 0.365339; ['mse_0=0.000410; ', 'lpips_0=0.003333; ', 'codec_recon_0=0.020981; ', 'bpp_0=1.179837; ', 'mse_1=0.000353; ', 'lpips_1=0.002781; ', 'codec_recon_1=0.264158; ', 'bpp_1=0.290135; ', 'mse_2=0.000345; ', 'lpips_2=0.002634; ', 'codec_recon_2=0.080198; ', 'bpp_2=0.268989; ']
train step[1130/1500] ; used: 16m:38s; eta: 5m:26s; loss = 0.391955; ['mse_0=0.000981; ', 'lpips_0=0.003973; ', 'codec_recon_0=0.019072; ', 'bpp_0=1.200175; ', 'mse_1=0.000734; ', 'lpips_1=0.003032; ', 'codec_recon_1=0.297859; ', 'bpp_1=0.296756; ', 'mse_2=0.000663; ', 'lpips_2=0.002825; ', 'codec_recon_2=0.075023; ', 'bpp_2=0.277101; ']
train step[1131/1500] ; used: 16m:39s; eta: 5m:25s; loss = 0.378486; ['mse_0=0.001578; ', 'lpips_0=0.004467; ', 'codec_recon_0=0.020435; ', 'bpp_0=1.180589; ', 'mse_1=0.001144; ', 'lpips_1=0.003651; ', 'codec_recon_1=0.287578; ', 'bpp_1=0.295523; ', 'mse_2=0.001100; ', 'lpips_2=0.003489; ', 'codec_recon_2=0.070472; ', 'bpp_2=0.275622; ']
train step[1132/1500] ; used: 16m:40s; eta: 5m:24s; loss = 0.403175; ['mse_0=0.001510; ', 'lpips_0=0.004416; ', 'codec_recon_0=0.017797; ', 'bpp_0=1.231588; ', 'mse_1=0.001056; ', 'lpips_1=0.003309; ', 'codec_recon_1=0.311341; ', 'bpp_1=0.298617; ', 'mse_2=0.001001; ', 'lpips_2=0.003188; ', 'codec_recon_2=0.074035; ', 'bpp_2=0.279874; ']
train step[1133/1500] ; used: 16m:40s; eta: 5m:23s; loss = 0.369475; ['mse_0=0.001177; ', 'lpips_0=0.003955; ', 'codec_recon_0=0.017853; ', 'bpp_0=1.180047; ', 'mse_1=0.000826; ', 'lpips_1=0.002996; ', 'codec_recon_1=0.280974; ', 'bpp_1=0.293722; ', 'mse_2=0.000761; ', 'lpips_2=0.002822; ', 'codec_recon_2=0.070647; ', 'bpp_2=0.272239; ']
train step[1134/1500] ; used: 16m:41s; eta: 5m:22s; loss = 0.365487; ['mse_0=0.000602; ', 'lpips_0=0.003668; ', 'codec_recon_0=0.023871; ', 'bpp_0=1.157343; ', 'mse_1=0.000458; ', 'lpips_1=0.003137; ', 'codec_recon_1=0.259049; ', 'bpp_1=0.289935; ', 'mse_2=0.000439; ', 'lpips_2=0.003012; ', 'codec_recon_2=0.082565; ', 'bpp_2=0.267771; ']
train step[1135/1500] ; used: 16m:42s; eta: 5m:21s; loss = 0.329231; ['mse_0=0.001488; ', 'lpips_0=0.003714; ', 'codec_recon_0=0.017949; ', 'bpp_0=1.170303; ', 'mse_1=0.001264; ', 'lpips_1=0.003008; ', 'codec_recon_1=0.249267; ', 'bpp_1=0.289540; ', 'mse_2=0.001212; ', 'lpips_2=0.002937; ', 'codec_recon_2=0.062013; ', 'bpp_2=0.267384; ']
train step[1136/1500] ; used: 16m:42s; eta: 5m:21s; loss = 0.347948; ['mse_0=0.002123; ', 'lpips_0=0.004943; ', 'codec_recon_0=0.021019; ', 'bpp_0=1.184499; ', 'mse_1=0.001713; ', 'lpips_1=0.004085; ', 'codec_recon_1=0.257471; ', 'bpp_1=0.293444; ', 'mse_2=0.001699; ', 'lpips_2=0.003972; ', 'codec_recon_2=0.069457; ', 'bpp_2=0.272555; ']
train step[1137/1500] ; used: 16m:43s; eta: 5m:20s; loss = 0.351581; ['mse_0=0.000581; ', 'lpips_0=0.003266; ', 'codec_recon_0=0.019607; ', 'bpp_0=1.200384; ', 'mse_1=0.000432; ', 'lpips_1=0.002596; ', 'codec_recon_1=0.256720; ', 'bpp_1=0.293516; ', 'mse_2=0.000418; ', 'lpips_2=0.002489; ', 'codec_recon_2=0.075253; ', 'bpp_2=0.272323; ']
train step[1138/1500] ; used: 16m:44s; eta: 5m:19s; loss = 0.370026; ['mse_0=0.002420; ', 'lpips_0=0.004709; ', 'codec_recon_0=0.019244; ', 'bpp_0=1.186407; ', 'mse_1=0.002103; ', 'lpips_1=0.003845; ', 'codec_recon_1=0.284997; ', 'bpp_1=0.291180; ', 'mse_2=0.002046; ', 'lpips_2=0.003724; ', 'codec_recon_2=0.065783; ', 'bpp_2=0.272583; ']
train step[1139/1500] ; used: 16m:44s; eta: 5m:18s; loss = 0.420519; ['mse_0=0.003080; ', 'lpips_0=0.005188; ', 'codec_recon_0=0.017521; ', 'bpp_0=1.250507; ', 'mse_1=0.002615; ', 'lpips_1=0.004254; ', 'codec_recon_1=0.336634; ', 'bpp_1=0.298979; ', 'mse_2=0.002525; ', 'lpips_2=0.004047; ', 'codec_recon_2=0.066363; ', 'bpp_2=0.280803; ']
train step[1140/1500] ; used: 16m:45s; eta: 5m:17s; loss = 0.460305; ['mse_0=0.003451; ', 'lpips_0=0.007665; ', 'codec_recon_0=0.020447; ', 'bpp_0=1.219300; ', 'mse_1=0.003260; ', 'lpips_1=0.006613; ', 'codec_recon_1=0.361597; ', 'bpp_1=0.295390; ', 'mse_2=0.003158; ', 'lpips_2=0.006405; ', 'codec_recon_2=0.078260; ', 'bpp_2=0.275015; ']
train step[1141/1500] ; used: 16m:46s; eta: 5m:16s; loss = 0.416737; ['mse_0=0.001052; ', 'lpips_0=0.004425; ', 'codec_recon_0=0.017584; ', 'bpp_0=1.203805; ', 'mse_1=0.000780; ', 'lpips_1=0.003530; ', 'codec_recon_1=0.324797; ', 'bpp_1=0.295058; ', 'mse_2=0.000747; ', 'lpips_2=0.003279; ', 'codec_recon_2=0.074353; ', 'bpp_2=0.275047; ']
train step[1142/1500] ; used: 16m:46s; eta: 5m:15s; loss = 0.382607; ['mse_0=0.001313; ', 'lpips_0=0.003922; ', 'codec_recon_0=0.017070; ', 'bpp_0=1.246944; ', 'mse_1=0.000833; ', 'lpips_1=0.003024; ', 'codec_recon_1=0.290774; ', 'bpp_1=0.296791; ', 'mse_2=0.000735; ', 'lpips_2=0.002814; ', 'codec_recon_2=0.074761; ', 'bpp_2=0.275719; ']
train step[1143/1500] ; used: 16m:47s; eta: 5m:14s; loss = 0.357643; ['mse_0=0.003321; ', 'lpips_0=0.006262; ', 'codec_recon_0=0.017313; ', 'bpp_0=1.166914; ', 'mse_1=0.003219; ', 'lpips_1=0.005745; ', 'codec_recon_1=0.262148; ', 'bpp_1=0.289640; ', 'mse_2=0.003205; ', 'lpips_2=0.005639; ', 'codec_recon_2=0.078180; ', 'bpp_2=0.266403; ']
train step[1144/1500] ; used: 16m:48s; eta: 5m:13s; loss = 0.410883; ['mse_0=0.000846; ', 'lpips_0=0.003711; ', 'codec_recon_0=0.022418; ', 'bpp_0=1.167556; ', 'mse_1=0.000742; ', 'lpips_1=0.002922; ', 'codec_recon_1=0.304923; ', 'bpp_1=0.290819; ', 'mse_2=0.000705; ', 'lpips_2=0.002747; ', 'codec_recon_2=0.083540; ', 'bpp_2=0.268289; ']
train step[1145/1500] ; used: 16m:48s; eta: 5m:12s; loss = 0.377926; ['mse_0=0.000372; ', 'lpips_0=0.002803; ', 'codec_recon_0=0.018790; ', 'bpp_0=1.166831; ', 'mse_1=0.000257; ', 'lpips_1=0.002084; ', 'codec_recon_1=0.282871; ', 'bpp_1=0.292468; ', 'mse_2=0.000240; ', 'lpips_2=0.001976; ', 'codec_recon_2=0.076264; ', 'bpp_2=0.270869; ']
train step[1146/1500] ; used: 16m:49s; eta: 5m:11s; loss = 0.403345; ['mse_0=0.000654; ', 'lpips_0=0.004233; ', 'codec_recon_0=0.024497; ', 'bpp_0=1.199052; ', 'mse_1=0.000515; ', 'lpips_1=0.003355; ', 'codec_recon_1=0.291387; ', 'bpp_1=0.292849; ', 'mse_2=0.000489; ', 'lpips_2=0.003172; ', 'codec_recon_2=0.087459; ', 'bpp_2=0.271937; ']
train step[1147/1500] ; used: 16m:50s; eta: 5m:10s; loss = 0.382954; ['mse_0=0.000887; ', 'lpips_0=0.003421; ', 'codec_recon_0=0.017640; ', 'bpp_0=1.200935; ', 'mse_1=0.000758; ', 'lpips_1=0.002534; ', 'codec_recon_1=0.286981; ', 'bpp_1=0.293026; ', 'mse_2=0.000734; ', 'lpips_2=0.002386; ', 'codec_recon_2=0.078331; ', 'bpp_2=0.273185; ']
train step[1148/1500] ; used: 16m:50s; eta: 5m:9s; loss = 0.384653; ['mse_0=0.002083; ', 'lpips_0=0.004110; ', 'codec_recon_0=0.023187; ', 'bpp_0=1.199806; ', 'mse_1=0.001892; ', 'lpips_1=0.003407; ', 'codec_recon_1=0.268794; ', 'bpp_1=0.295293; ', 'mse_2=0.001853; ', 'lpips_2=0.003254; ', 'codec_recon_2=0.092670; ', 'bpp_2=0.273269; ']
train step[1149/1500] ; used: 16m:51s; eta: 5m:8s; loss = 0.361623; ['mse_0=0.000502; ', 'lpips_0=0.003766; ', 'codec_recon_0=0.017607; ', 'bpp_0=1.183940; ', 'mse_1=0.000329; ', 'lpips_1=0.002867; ', 'codec_recon_1=0.271267; ', 'bpp_1=0.290905; ', 'mse_2=0.000294; ', 'lpips_2=0.002752; ', 'codec_recon_2=0.072746; ', 'bpp_2=0.269020; ']
train step[1150/1500] ; used: 16m:52s; eta: 5m:7s; loss = 0.349693; ['mse_0=0.000657; ', 'lpips_0=0.003679; ', 'codec_recon_0=0.018200; ', 'bpp_0=1.163031; ', 'mse_1=0.000551; ', 'lpips_1=0.002869; ', 'codec_recon_1=0.260102; ', 'bpp_1=0.292020; ', 'mse_2=0.000535; ', 'lpips_2=0.002716; ', 'codec_recon_2=0.071389; ', 'bpp_2=0.270608; ']
train step[1151/1500] ; used: 16m:52s; eta: 5m:6s; loss = 0.379556; ['mse_0=0.001805; ', 'lpips_0=0.004225; ', 'codec_recon_0=0.018959; ', 'bpp_0=1.190621; ', 'mse_1=0.001528; ', 'lpips_1=0.003454; ', 'codec_recon_1=0.286506; ', 'bpp_1=0.295479; ', 'mse_2=0.001486; ', 'lpips_2=0.003315; ', 'codec_recon_2=0.074090; ', 'bpp_2=0.272192; ']
train step[1152/1500] ; used: 16m:53s; eta: 5m:5s; loss = 0.408561; ['mse_0=0.001250; ', 'lpips_0=0.003285; ', 'codec_recon_0=0.017648; ', 'bpp_0=1.210978; ', 'mse_1=0.000851; ', 'lpips_1=0.002194; ', 'codec_recon_1=0.315745; ', 'bpp_1=0.298014; ', 'mse_2=0.000792; ', 'lpips_2=0.002008; ', 'codec_recon_2=0.075166; ', 'bpp_2=0.276633; ']
train step[1153/1500] ; used: 16m:54s; eta: 5m:4s; loss = 0.403350; ['mse_0=0.000650; ', 'lpips_0=0.003023; ', 'codec_recon_0=0.017972; ', 'bpp_0=1.212349; ', 'mse_1=0.000367; ', 'lpips_1=0.002018; ', 'codec_recon_1=0.302990; ', 'bpp_1=0.293761; ', 'mse_2=0.000341; ', 'lpips_2=0.001866; ', 'codec_recon_2=0.082386; ', 'bpp_2=0.272459; ']
train step[1154/1500] ; used: 16m:54s; eta: 5m:3s; loss = 0.380297; ['mse_0=0.002554; ', 'lpips_0=0.004754; ', 'codec_recon_0=0.017937; ', 'bpp_0=1.209472; ', 'mse_1=0.002273; ', 'lpips_1=0.003779; ', 'codec_recon_1=0.291252; ', 'bpp_1=0.295770; ', 'mse_2=0.002221; ', 'lpips_2=0.003600; ', 'codec_recon_2=0.071107; ', 'bpp_2=0.274532; ']
train step[1155/1500] ; used: 16m:55s; eta: 5m:3s; loss = 0.391959; ['mse_0=0.008238; ', 'lpips_0=0.007182; ', 'codec_recon_0=0.023491; ', 'bpp_0=1.165056; ', 'mse_1=0.008016; ', 'lpips_1=0.006636; ', 'codec_recon_1=0.294619; ', 'bpp_1=0.293636; ', 'mse_2=0.007997; ', 'lpips_2=0.006565; ', 'codec_recon_2=0.073848; ', 'bpp_2=0.276735; ']
train step[1156/1500] ; used: 16m:56s; eta: 5m:2s; loss = 0.452659; ['mse_0=0.003451; ', 'lpips_0=0.005488; ', 'codec_recon_0=0.018446; ', 'bpp_0=1.240457; ', 'mse_1=0.003032; ', 'lpips_1=0.004236; ', 'codec_recon_1=0.366850; ', 'bpp_1=0.296822; ', 'mse_2=0.002991; ', 'lpips_2=0.004068; ', 'codec_recon_2=0.067362; ', 'bpp_2=0.279178; ']
train step[1157/1500] ; used: 16m:56s; eta: 5m:1s; loss = 0.404898; ['mse_0=0.006486; ', 'lpips_0=0.008554; ', 'codec_recon_0=0.022138; ', 'bpp_0=1.177382; ', 'mse_1=0.006514; ', 'lpips_1=0.007811; ', 'codec_recon_1=0.301651; ', 'bpp_1=0.292351; ', 'mse_2=0.006467; ', 'lpips_2=0.007689; ', 'codec_recon_2=0.081107; ', 'bpp_2=0.273473; ']
train step[1158/1500] ; used: 16m:57s; eta: 5m; loss = 0.378704; ['mse_0=0.000956; ', 'lpips_0=0.003623; ', 'codec_recon_0=0.019377; ', 'bpp_0=1.192734; ', 'mse_1=0.000618; ', 'lpips_1=0.002741; ', 'codec_recon_1=0.286159; ', 'bpp_1=0.297087; ', 'mse_2=0.000562; ', 'lpips_2=0.002561; ', 'codec_recon_2=0.073166; ', 'bpp_2=0.276403; ']
train step[1159/1500] ; used: 16m:58s; eta: 4m:59s; loss = 0.391771; ['mse_0=0.000546; ', 'lpips_0=0.003341; ', 'codec_recon_0=0.018767; ', 'bpp_0=1.190848; ', 'mse_1=0.000320; ', 'lpips_1=0.002375; ', 'codec_recon_1=0.300838; ', 'bpp_1=0.291597; ', 'mse_2=0.000285; ', 'lpips_2=0.002237; ', 'codec_recon_2=0.072164; ', 'bpp_2=0.272366; ']
train step[1160/1500] ; used: 16m:58s; eta: 4m:58s; loss = 0.402062; ['mse_0=0.000920; ', 'lpips_0=0.004331; ', 'codec_recon_0=0.021023; ', 'bpp_0=1.194774; ', 'mse_1=0.000851; ', 'lpips_1=0.003526; ', 'codec_recon_1=0.294107; ', 'bpp_1=0.294133; ', 'mse_2=0.000787; ', 'lpips_2=0.003371; ', 'codec_recon_2=0.086930; ', 'bpp_2=0.274578; ']
train step[1161/1500] ; used: 16m:59s; eta: 4m:57s; loss = 0.358137; ['mse_0=0.002163; ', 'lpips_0=0.004393; ', 'codec_recon_0=0.019989; ', 'bpp_0=1.209009; ', 'mse_1=0.001861; ', 'lpips_1=0.003600; ', 'codec_recon_1=0.271155; ', 'bpp_1=0.296208; ', 'mse_2=0.001765; ', 'lpips_2=0.003318; ', 'codec_recon_2=0.066991; ', 'bpp_2=0.275690; ']
train step[1162/1500] ; used: 17m; eta: 4m:56s; loss = 0.347371; ['mse_0=0.001032; ', 'lpips_0=0.003639; ', 'codec_recon_0=0.022793; ', 'bpp_0=1.175396; ', 'mse_1=0.000982; ', 'lpips_1=0.003055; ', 'codec_recon_1=0.246997; ', 'bpp_1=0.289308; ', 'mse_2=0.000966; ', 'lpips_2=0.002929; ', 'codec_recon_2=0.077579; ', 'bpp_2=0.266996; ']
train step[1163/1500] ; used: 17m; eta: 4m:55s; loss = 0.340909; ['mse_0=0.000822; ', 'lpips_0=0.003919; ', 'codec_recon_0=0.019670; ', 'bpp_0=1.204824; ', 'mse_1=0.000700; ', 'lpips_1=0.003217; ', 'codec_recon_1=0.248892; ', 'bpp_1=0.295172; ', 'mse_2=0.000646; ', 'lpips_2=0.003003; ', 'codec_recon_2=0.072345; ', 'bpp_2=0.274535; ']
train step[1164/1500] ; used: 17m:1s; eta: 4m:54s; loss = 0.457384; ['mse_0=0.001005; ', 'lpips_0=0.004958; ', 'codec_recon_0=0.018562; ', 'bpp_0=1.238038; ', 'mse_1=0.000727; ', 'lpips_1=0.003787; ', 'codec_recon_1=0.359028; ', 'bpp_1=0.296351; ', 'mse_2=0.000648; ', 'lpips_2=0.003506; ', 'codec_recon_2=0.079793; ', 'bpp_2=0.275915; ']
train step[1165/1500] ; used: 17m:2s; eta: 4m:53s; loss = 0.377665; ['mse_0=0.002501; ', 'lpips_0=0.004392; ', 'codec_recon_0=0.020238; ', 'bpp_0=1.195096; ', 'mse_1=0.001831; ', 'lpips_1=0.003363; ', 'codec_recon_1=0.290265; ', 'bpp_1=0.294968; ', 'mse_2=0.001730; ', 'lpips_2=0.003167; ', 'codec_recon_2=0.067160; ', 'bpp_2=0.276061; ']
train step[1166/1500] ; used: 17m:2s; eta: 4m:52s; loss = 0.321348; ['mse_0=0.000820; ', 'lpips_0=0.004116; ', 'codec_recon_0=0.020341; ', 'bpp_0=1.171331; ', 'mse_1=0.000710; ', 'lpips_1=0.003623; ', 'codec_recon_1=0.232023; ', 'bpp_1=0.288512; ', 'mse_2=0.000687; ', 'lpips_2=0.003542; ', 'codec_recon_2=0.068982; ', 'bpp_2=0.267981; ']
train step[1167/1500] ; used: 17m:3s; eta: 4m:51s; loss = 0.347430; ['mse_0=0.001412; ', 'lpips_0=0.003535; ', 'codec_recon_0=0.018156; ', 'bpp_0=1.227847; ', 'mse_1=0.001227; ', 'lpips_1=0.002770; ', 'codec_recon_1=0.261384; ', 'bpp_1=0.296683; ', 'mse_2=0.001193; ', 'lpips_2=0.002630; ', 'codec_recon_2=0.067888; ', 'bpp_2=0.275810; ']
train step[1168/1500] ; used: 17m:4s; eta: 4m:50s; loss = 0.376933; ['mse_0=0.001243; ', 'lpips_0=0.005513; ', 'codec_recon_0=0.022230; ', 'bpp_0=1.162646; ', 'mse_1=0.001120; ', 'lpips_1=0.004836; ', 'codec_recon_1=0.275207; ', 'bpp_1=0.289248; ', 'mse_2=0.001078; ', 'lpips_2=0.004683; ', 'codec_recon_2=0.079493; ', 'bpp_2=0.267308; ']
train step[1169/1500] ; used: 17m:4s; eta: 4m:49s; loss = 0.389296; ['mse_0=0.000850; ', 'lpips_0=0.003460; ', 'codec_recon_0=0.019108; ', 'bpp_0=1.215374; ', 'mse_1=0.000686; ', 'lpips_1=0.002655; ', 'codec_recon_1=0.292500; ', 'bpp_1=0.296206; ', 'mse_2=0.000634; ', 'lpips_2=0.002468; ', 'codec_recon_2=0.077686; ', 'bpp_2=0.275497; ']
train step[1170/1500] ; used: 17m:5s; eta: 4m:49s; loss = 0.386123; ['mse_0=0.001250; ', 'lpips_0=0.004836; ', 'codec_recon_0=0.018381; ', 'bpp_0=1.195249; ', 'mse_1=0.000992; ', 'lpips_1=0.004029; ', 'codec_recon_1=0.292883; ', 'bpp_1=0.296367; ', 'mse_2=0.000957; ', 'lpips_2=0.003903; ', 'codec_recon_2=0.074857; ', 'bpp_2=0.275844; ']
train step[1171/1500] ; used: 17m:6s; eta: 4m:48s; loss = 0.403799; ['mse_0=0.000925; ', 'lpips_0=0.003791; ', 'codec_recon_0=0.020894; ', 'bpp_0=1.176063; ', 'mse_1=0.000600; ', 'lpips_1=0.002669; ', 'codec_recon_1=0.307659; ', 'bpp_1=0.291460; ', 'mse_2=0.000560; ', 'lpips_2=0.002508; ', 'codec_recon_2=0.075244; ', 'bpp_2=0.271275; ']
train step[1172/1500] ; used: 17m:6s; eta: 4m:47s; loss = 0.389210; ['mse_0=0.001060; ', 'lpips_0=0.003202; ', 'codec_recon_0=0.021237; ', 'bpp_0=1.196408; ', 'mse_1=0.000773; ', 'lpips_1=0.002438; ', 'codec_recon_1=0.296614; ', 'bpp_1=0.295907; ', 'mse_2=0.000731; ', 'lpips_2=0.002315; ', 'codec_recon_2=0.071357; ', 'bpp_2=0.272280; ']
train step[1173/1500] ; used: 17m:7s; eta: 4m:46s; loss = 0.373509; ['mse_0=0.000892; ', 'lpips_0=0.003555; ', 'codec_recon_0=0.019299; ', 'bpp_0=1.180828; ', 'mse_1=0.000534; ', 'lpips_1=0.002610; ', 'codec_recon_1=0.285857; ', 'bpp_1=0.292628; ', 'mse_2=0.000475; ', 'lpips_2=0.002513; ', 'codec_recon_2=0.068351; ', 'bpp_2=0.269396; ']
train step[1174/1500] ; used: 17m:8s; eta: 4m:45s; loss = 0.421448; ['mse_0=0.003625; ', 'lpips_0=0.006812; ', 'codec_recon_0=0.018332; ', 'bpp_0=1.254088; ', 'mse_1=0.002340; ', 'lpips_1=0.005011; ', 'codec_recon_1=0.330953; ', 'bpp_1=0.298893; ', 'mse_2=0.002115; ', 'lpips_2=0.004693; ', 'codec_recon_2=0.072162; ', 'bpp_2=0.280069; ']
train step[1175/1500] ; used: 17m:8s; eta: 4m:44s; loss = 0.412088; ['mse_0=0.001329; ', 'lpips_0=0.004291; ', 'codec_recon_0=0.019176; ', 'bpp_0=1.226658; ', 'mse_1=0.000962; ', 'lpips_1=0.003004; ', 'codec_recon_1=0.320605; ', 'bpp_1=0.296961; ', 'mse_2=0.000880; ', 'lpips_2=0.002702; ', 'codec_recon_2=0.072305; ', 'bpp_2=0.279179; ']
train step[1176/1500] ; used: 17m:9s; eta: 4m:43s; loss = 0.384661; ['mse_0=0.000753; ', 'lpips_0=0.003309; ', 'codec_recon_0=0.017543; ', 'bpp_0=1.198799; ', 'mse_1=0.000416; ', 'lpips_1=0.002113; ', 'codec_recon_1=0.296105; ', 'bpp_1=0.295209; ', 'mse_2=0.000365; ', 'lpips_2=0.001935; ', 'codec_recon_2=0.071011; ', 'bpp_2=0.275598; ']
train step[1177/1500] ; used: 17m:10s; eta: 4m:42s; loss = 0.406572; ['mse_0=0.002335; ', 'lpips_0=0.004930; ', 'codec_recon_0=0.021167; ', 'bpp_0=1.217304; ', 'mse_1=0.001700; ', 'lpips_1=0.003841; ', 'codec_recon_1=0.315442; ', 'bpp_1=0.297088; ', 'mse_2=0.001587; ', 'lpips_2=0.003531; ', 'codec_recon_2=0.069962; ', 'bpp_2=0.276228; ']
train step[1178/1500] ; used: 17m:11s; eta: 4m:41s; loss = 0.398162; ['mse_0=0.001310; ', 'lpips_0=0.004688; ', 'codec_recon_0=0.018766; ', 'bpp_0=1.229765; ', 'mse_1=0.001050; ', 'lpips_1=0.003966; ', 'codec_recon_1=0.300025; ', 'bpp_1=0.296409; ', 'mse_2=0.001027; ', 'lpips_2=0.003811; ', 'codec_recon_2=0.079370; ', 'bpp_2=0.277356; ']
train step[1179/1500] ; used: 17m:11s; eta: 4m:40s; loss = 0.385084; ['mse_0=0.000763; ', 'lpips_0=0.005740; ', 'codec_recon_0=0.024789; ', 'bpp_0=1.156899; ', 'mse_1=0.000687; ', 'lpips_1=0.004838; ', 'codec_recon_1=0.288195; ', 'bpp_1=0.286904; ', 'mse_2=0.000672; ', 'lpips_2=0.004605; ', 'codec_recon_2=0.072098; ', 'bpp_2=0.266658; ']
train step[1180/1500] ; used: 17m:12s; eta: 4m:39s; loss = 0.364547; ['mse_0=0.000991; ', 'lpips_0=0.003486; ', 'codec_recon_0=0.019466; ', 'bpp_0=1.196022; ', 'mse_1=0.000743; ', 'lpips_1=0.002754; ', 'codec_recon_1=0.270548; ', 'bpp_1=0.294892; ', 'mse_2=0.000681; ', 'lpips_2=0.002625; ', 'codec_recon_2=0.074531; ', 'bpp_2=0.274562; ']
train step[1181/1500] ; used: 17m:13s; eta: 4m:38s; loss = 0.333535; ['mse_0=0.000962; ', 'lpips_0=0.004203; ', 'codec_recon_0=0.019289; ', 'bpp_0=1.171442; ', 'mse_1=0.000688; ', 'lpips_1=0.003522; ', 'codec_recon_1=0.246997; ', 'bpp_1=0.293485; ', 'mse_2=0.000656; ', 'lpips_2=0.003361; ', 'codec_recon_2=0.067246; ', 'bpp_2=0.273077; ']
train step[1182/1500] ; used: 17m:13s; eta: 4m:37s; loss = 0.415800; ['mse_0=0.003525; ', 'lpips_0=0.005506; ', 'codec_recon_0=0.018367; ', 'bpp_0=1.245176; ', 'mse_1=0.002986; ', 'lpips_1=0.004204; ', 'codec_recon_1=0.317357; ', 'bpp_1=0.298705; ', 'mse_2=0.002945; ', 'lpips_2=0.003858; ', 'codec_recon_2=0.080074; ', 'bpp_2=0.280373; ']
train step[1183/1500] ; used: 17m:14s; eta: 4m:36s; loss = 0.357270; ['mse_0=0.001877; ', 'lpips_0=0.003605; ', 'codec_recon_0=0.017761; ', 'bpp_0=1.204895; ', 'mse_1=0.001411; ', 'lpips_1=0.002590; ', 'codec_recon_1=0.274728; ', 'bpp_1=0.295795; ', 'mse_2=0.001289; ', 'lpips_2=0.002371; ', 'codec_recon_2=0.064779; ', 'bpp_2=0.275258; ']
train step[1184/1500] ; used: 17m:15s; eta: 4m:36s; loss = 0.433930; ['mse_0=0.002200; ', 'lpips_0=0.005210; ', 'codec_recon_0=0.017942; ', 'bpp_0=1.243285; ', 'mse_1=0.001778; ', 'lpips_1=0.003970; ', 'codec_recon_1=0.344925; ', 'bpp_1=0.297106; ', 'mse_2=0.001677; ', 'lpips_2=0.003804; ', 'codec_recon_2=0.071062; ', 'bpp_2=0.278181; ']
train step[1185/1500] ; used: 17m:15s; eta: 4m:35s; loss = 0.411168; ['mse_0=0.000682; ', 'lpips_0=0.004789; ', 'codec_recon_0=0.027189; ', 'bpp_0=1.164167; ', 'mse_1=0.000493; ', 'lpips_1=0.004131; ', 'codec_recon_1=0.299193; ', 'bpp_1=0.288880; ', 'mse_2=0.000463; ', 'lpips_2=0.004012; ', 'codec_recon_2=0.084783; ', 'bpp_2=0.271125; ']
train step[1186/1500] ; used: 17m:16s; eta: 4m:34s; loss = 0.404765; ['mse_0=0.000856; ', 'lpips_0=0.003531; ', 'codec_recon_0=0.017943; ', 'bpp_0=1.225857; ', 'mse_1=0.000513; ', 'lpips_1=0.002565; ', 'codec_recon_1=0.309801; ', 'bpp_1=0.296046; ', 'mse_2=0.000466; ', 'lpips_2=0.002347; ', 'codec_recon_2=0.077019; ', 'bpp_2=0.275154; ']
train step[1187/1500] ; used: 17m:17s; eta: 4m:33s; loss = 0.398667; ['mse_0=0.000896; ', 'lpips_0=0.004030; ', 'codec_recon_0=0.019068; ', 'bpp_0=1.202863; ', 'mse_1=0.000687; ', 'lpips_1=0.003108; ', 'codec_recon_1=0.297055; ', 'bpp_1=0.295111; ', 'mse_2=0.000642; ', 'lpips_2=0.002912; ', 'codec_recon_2=0.082543; ', 'bpp_2=0.274877; ']
train step[1188/1500] ; used: 17m:17s; eta: 4m:32s; loss = 0.429582; ['mse_0=0.002646; ', 'lpips_0=0.007884; ', 'codec_recon_0=0.021504; ', 'bpp_0=1.198571; ', 'mse_1=0.002232; ', 'lpips_1=0.006896; ', 'codec_recon_1=0.334941; ', 'bpp_1=0.293876; ', 'mse_2=0.002158; ', 'lpips_2=0.006739; ', 'codec_recon_2=0.073135; ', 'bpp_2=0.276486; ']
train step[1189/1500] ; used: 17m:18s; eta: 4m:31s; loss = 0.340380; ['mse_0=0.000285; ', 'lpips_0=0.002658; ', 'codec_recon_0=0.017437; ', 'bpp_0=1.202538; ', 'mse_1=0.000200; ', 'lpips_1=0.001992; ', 'codec_recon_1=0.244015; ', 'bpp_1=0.294437; ', 'mse_2=0.000190; ', 'lpips_2=0.001897; ', 'codec_recon_2=0.078926; ', 'bpp_2=0.272737; ']
train step[1190/1500] ; used: 17m:19s; eta: 4m:30s; loss = 0.372911; ['mse_0=0.000574; ', 'lpips_0=0.003407; ', 'codec_recon_0=0.017623; ', 'bpp_0=1.176840; ', 'mse_1=0.000403; ', 'lpips_1=0.002538; ', 'codec_recon_1=0.279675; ', 'bpp_1=0.292119; ', 'mse_2=0.000355; ', 'lpips_2=0.002341; ', 'codec_recon_2=0.075611; ', 'bpp_2=0.270290; ']
train step[1191/1500] ; used: 17m:19s; eta: 4m:29s; loss = 0.427060; ['mse_0=0.000766; ', 'lpips_0=0.003215; ', 'codec_recon_0=0.018564; ', 'bpp_0=1.193508; ', 'mse_1=0.000358; ', 'lpips_1=0.001813; ', 'codec_recon_1=0.335984; ', 'bpp_1=0.292992; ', 'mse_2=0.000287; ', 'lpips_2=0.001557; ', 'codec_recon_2=0.072510; ', 'bpp_2=0.272183; ']
train step[1192/1500] ; used: 17m:20s; eta: 4m:28s; loss = 0.387251; ['mse_0=0.000837; ', 'lpips_0=0.004270; ', 'codec_recon_0=0.019799; ', 'bpp_0=1.204823; ', 'mse_1=0.000700; ', 'lpips_1=0.003489; ', 'codec_recon_1=0.285958; ', 'bpp_1=0.294386; ', 'mse_2=0.000661; ', 'lpips_2=0.003342; ', 'codec_recon_2=0.081492; ', 'bpp_2=0.270840; ']
train step[1193/1500] ; used: 17m:21s; eta: 4m:27s; loss = 0.356332; ['mse_0=0.001156; ', 'lpips_0=0.004041; ', 'codec_recon_0=0.017676; ', 'bpp_0=1.198531; ', 'mse_1=0.000756; ', 'lpips_1=0.003055; ', 'codec_recon_1=0.270806; ', 'bpp_1=0.294891; ', 'mse_2=0.000687; ', 'lpips_2=0.002859; ', 'codec_recon_2=0.067848; ', 'bpp_2=0.273946; ']
train step[1194/1500] ; used: 17m:21s; eta: 4m:26s; loss = 0.393255; ['mse_0=0.002152; ', 'lpips_0=0.005149; ', 'codec_recon_0=0.018332; ', 'bpp_0=1.240671; ', 'mse_1=0.002031; ', 'lpips_1=0.004310; ', 'codec_recon_1=0.291203; ', 'bpp_1=0.299047; ', 'mse_2=0.001967; ', 'lpips_2=0.004112; ', 'codec_recon_2=0.083718; ', 'bpp_2=0.279588; ']
train step[1195/1500] ; used: 17m:22s; eta: 4m:25s; loss = 0.405446; ['mse_0=0.001175; ', 'lpips_0=0.004720; ', 'codec_recon_0=0.016439; ', 'bpp_0=1.210222; ', 'mse_1=0.000856; ', 'lpips_1=0.003667; ', 'codec_recon_1=0.315652; ', 'bpp_1=0.295606; ', 'mse_2=0.000810; ', 'lpips_2=0.003527; ', 'codec_recon_2=0.073353; ', 'bpp_2=0.275156; ']
train step[1196/1500] ; used: 17m:23s; eta: 4m:24s; loss = 0.434412; ['mse_0=0.001238; ', 'lpips_0=0.005605; ', 'codec_recon_0=0.018982; ', 'bpp_0=1.243205; ', 'mse_1=0.000896; ', 'lpips_1=0.003820; ', 'codec_recon_1=0.331805; ', 'bpp_1=0.297769; ', 'mse_2=0.000831; ', 'lpips_2=0.003526; ', 'codec_recon_2=0.083624; ', 'bpp_2=0.278144; ']
train step[1197/1500] ; used: 17m:23s; eta: 4m:24s; loss = 0.441873; ['mse_0=0.002834; ', 'lpips_0=0.007024; ', 'codec_recon_0=0.020887; ', 'bpp_0=1.211650; ', 'mse_1=0.002317; ', 'lpips_1=0.005576; ', 'codec_recon_1=0.342631; ', 'bpp_1=0.296224; ', 'mse_2=0.002232; ', 'lpips_2=0.005318; ', 'codec_recon_2=0.078353; ', 'bpp_2=0.278090; ']
train step[1198/1500] ; used: 17m:24s; eta: 4m:23s; loss = 0.396497; ['mse_0=0.006246; ', 'lpips_0=0.004699; ', 'codec_recon_0=0.019296; ', 'bpp_0=1.200529; ', 'mse_1=0.005926; ', 'lpips_1=0.003970; ', 'codec_recon_1=0.311572; ', 'bpp_1=0.295393; ', 'mse_2=0.005949; ', 'lpips_2=0.003878; ', 'codec_recon_2=0.065628; ', 'bpp_2=0.276445; ']
train step[1199/1500] ; used: 17m:25s; eta: 4m:22s; loss = 0.365152; ['mse_0=0.000568; ', 'lpips_0=0.003277; ', 'codec_recon_0=0.016745; ', 'bpp_0=1.206524; ', 'mse_1=0.000383; ', 'lpips_1=0.002533; ', 'codec_recon_1=0.278934; ', 'bpp_1=0.295377; ', 'mse_2=0.000359; ', 'lpips_2=0.002475; ', 'codec_recon_2=0.069471; ', 'bpp_2=0.274387; ']
train step[1200/1500] ; used: 17m:28s; eta: 4m:21s; loss = 0.400661; ['mse_0=0.004024; ', 'lpips_0=0.006443; ', 'codec_recon_0=0.020929; ', 'bpp_0=1.223760; ', 'mse_1=0.003821; ', 'lpips_1=0.005540; ', 'codec_recon_1=0.300829; ', 'bpp_1=0.295109; ', 'mse_2=0.003797; ', 'lpips_2=0.005363; ', 'codec_recon_2=0.078902; ', 'bpp_2=0.275426; ']
train step[1201/1500] ; used: 17m:28s; eta: 4m:20s; loss = 0.374122; ['mse_0=0.000893; ', 'lpips_0=0.003991; ', 'codec_recon_0=0.019230; ', 'bpp_0=1.179430; ', 'mse_1=0.000617; ', 'lpips_1=0.002840; ', 'codec_recon_1=0.281678; ', 'bpp_1=0.292211; ', 'mse_2=0.000582; ', 'lpips_2=0.002656; ', 'codec_recon_2=0.073212; ', 'bpp_2=0.269075; ']
train step[1202/1500] ; used: 17m:29s; eta: 4m:19s; loss = 0.339909; ['mse_0=0.002304; ', 'lpips_0=0.004521; ', 'codec_recon_0=0.019736; ', 'bpp_0=1.172768; ', 'mse_1=0.002211; ', 'lpips_1=0.003755; ', 'codec_recon_1=0.250740; ', 'bpp_1=0.289334; ', 'mse_2=0.002162; ', 'lpips_2=0.003631; ', 'codec_recon_2=0.069431; ', 'bpp_2=0.266610; ']
train step[1203/1500] ; used: 17m:30s; eta: 4m:19s; loss = 0.338439; ['mse_0=0.001057; ', 'lpips_0=0.003856; ', 'codec_recon_0=0.019485; ', 'bpp_0=1.158832; ', 'mse_1=0.000946; ', 'lpips_1=0.003380; ', 'codec_recon_1=0.249332; ', 'bpp_1=0.290024; ', 'mse_2=0.000922; ', 'lpips_2=0.003281; ', 'codec_recon_2=0.069620; ', 'bpp_2=0.268326; ']
train step[1204/1500] ; used: 17m:30s; eta: 4m:18s; loss = 0.384402; ['mse_0=0.001038; ', 'lpips_0=0.004400; ', 'codec_recon_0=0.033019; ', 'bpp_0=1.161559; ', 'mse_1=0.000928; ', 'lpips_1=0.003822; ', 'codec_recon_1=0.255112; ', 'bpp_1=0.291360; ', 'mse_2=0.000890; ', 'lpips_2=0.003687; ', 'codec_recon_2=0.096269; ', 'bpp_2=0.270575; ']
train step[1205/1500] ; used: 17m:31s; eta: 4m:17s; loss = 0.374434; ['mse_0=0.000725; ', 'lpips_0=0.003568; ', 'codec_recon_0=0.020094; ', 'bpp_0=1.194155; ', 'mse_1=0.000522; ', 'lpips_1=0.002821; ', 'codec_recon_1=0.275061; ', 'bpp_1=0.292673; ', 'mse_2=0.000470; ', 'lpips_2=0.002655; ', 'codec_recon_2=0.079277; ', 'bpp_2=0.269199; ']
train step[1206/1500] ; used: 17m:32s; eta: 4m:16s; loss = 0.336157; ['mse_0=0.000357; ', 'lpips_0=0.002912; ', 'codec_recon_0=0.019049; ', 'bpp_0=1.160049; ', 'mse_1=0.000234; ', 'lpips_1=0.002417; ', 'codec_recon_1=0.248261; ', 'bpp_1=0.291404; ', 'mse_2=0.000220; ', 'lpips_2=0.002341; ', 'codec_recon_2=0.068845; ', 'bpp_2=0.268953; ']
train step[1207/1500] ; used: 17m:32s; eta: 4m:15s; loss = 0.342632; ['mse_0=0.000636; ', 'lpips_0=0.004452; ', 'codec_recon_0=0.019933; ', 'bpp_0=1.151500; ', 'mse_1=0.000428; ', 'lpips_1=0.003797; ', 'codec_recon_1=0.253573; ', 'bpp_1=0.291647; ', 'mse_2=0.000396; ', 'lpips_2=0.003696; ', 'codec_recon_2=0.069125; ', 'bpp_2=0.272192; ']
train step[1208/1500] ; used: 17m:33s; eta: 4m:14s; loss = 0.341349; ['mse_0=0.000976; ', 'lpips_0=0.003457; ', 'codec_recon_0=0.017429; ', 'bpp_0=1.178313; ', 'mse_1=0.000733; ', 'lpips_1=0.002645; ', 'codec_recon_1=0.263643; ', 'bpp_1=0.292859; ', 'mse_2=0.000675; ', 'lpips_2=0.002509; ', 'codec_recon_2=0.060276; ', 'bpp_2=0.270815; ']
train step[1209/1500] ; used: 17m:34s; eta: 4m:13s; loss = 0.367798; ['mse_0=0.001783; ', 'lpips_0=0.005918; ', 'codec_recon_0=0.020567; ', 'bpp_0=1.185831; ', 'mse_1=0.001604; ', 'lpips_1=0.005126; ', 'codec_recon_1=0.275910; ', 'bpp_1=0.292824; ', 'mse_2=0.001588; ', 'lpips_2=0.004924; ', 'codec_recon_2=0.071319; ', 'bpp_2=0.272644; ']
train step[1210/1500] ; used: 17m:34s; eta: 4m:12s; loss = 0.430697; ['mse_0=0.001046; ', 'lpips_0=0.003381; ', 'codec_recon_0=0.024497; ', 'bpp_0=1.213343; ', 'mse_1=0.000881; ', 'lpips_1=0.002467; ', 'codec_recon_1=0.310497; ', 'bpp_1=0.294704; ', 'mse_2=0.000885; ', 'lpips_2=0.002325; ', 'codec_recon_2=0.095701; ', 'bpp_2=0.273961; ']
train step[1211/1500] ; used: 17m:35s; eta: 4m:11s; loss = 0.384679; ['mse_0=0.001242; ', 'lpips_0=0.004053; ', 'codec_recon_0=0.020442; ', 'bpp_0=1.177091; ', 'mse_1=0.001059; ', 'lpips_1=0.003314; ', 'codec_recon_1=0.287689; ', 'bpp_1=0.292871; ', 'mse_2=0.001014; ', 'lpips_2=0.003101; ', 'codec_recon_2=0.076547; ', 'bpp_2=0.271342; ']
train step[1212/1500] ; used: 17m:36s; eta: 4m:10s; loss = 0.395012; ['mse_0=0.000621; ', 'lpips_0=0.003905; ', 'codec_recon_0=0.021064; ', 'bpp_0=1.159434; ', 'mse_1=0.000543; ', 'lpips_1=0.003119; ', 'codec_recon_1=0.287415; ', 'bpp_1=0.290539; ', 'mse_2=0.000502; ', 'lpips_2=0.002990; ', 'codec_recon_2=0.086531; ', 'bpp_2=0.270478; ']
train step[1213/1500] ; used: 17m:36s; eta: 4m:9s; loss = 0.388642; ['mse_0=0.003309; ', 'lpips_0=0.004792; ', 'codec_recon_0=0.026785; ', 'bpp_0=1.199697; ', 'mse_1=0.003198; ', 'lpips_1=0.004037; ', 'codec_recon_1=0.267580; ', 'bpp_1=0.292724; ', 'mse_2=0.003164; ', 'lpips_2=0.003877; ', 'codec_recon_2=0.094275; ', 'bpp_2=0.272722; ']
train step[1214/1500] ; used: 17m:37s; eta: 4m:8s; loss = 0.427203; ['mse_0=0.002452; ', 'lpips_0=0.004403; ', 'codec_recon_0=0.019283; ', 'bpp_0=1.275469; ', 'mse_1=0.001962; ', 'lpips_1=0.002884; ', 'codec_recon_1=0.328738; ', 'bpp_1=0.300537; ', 'mse_2=0.001900; ', 'lpips_2=0.002673; ', 'codec_recon_2=0.079179; ', 'bpp_2=0.282710; ']
train step[1215/1500] ; used: 17m:38s; eta: 4m:8s; loss = 0.375174; ['mse_0=0.000726; ', 'lpips_0=0.003127; ', 'codec_recon_0=0.017862; ', 'bpp_0=1.209082; ', 'mse_1=0.000600; ', 'lpips_1=0.002336; ', 'codec_recon_1=0.278762; ', 'bpp_1=0.296678; ', 'mse_2=0.000572; ', 'lpips_2=0.002196; ', 'codec_recon_2=0.078549; ', 'bpp_2=0.272996; ']
train step[1216/1500] ; used: 17m:38s; eta: 4m:7s; loss = 0.460447; ['mse_0=0.001949; ', 'lpips_0=0.004800; ', 'codec_recon_0=0.018149; ', 'bpp_0=1.233326; ', 'mse_1=0.001377; ', 'lpips_1=0.003294; ', 'codec_recon_1=0.362819; ', 'bpp_1=0.296627; ', 'mse_2=0.001255; ', 'lpips_2=0.003031; ', 'codec_recon_2=0.079478; ', 'bpp_2=0.277460; ']
train step[1217/1500] ; used: 17m:39s; eta: 4m:6s; loss = 0.356397; ['mse_0=0.000595; ', 'lpips_0=0.003745; ', 'codec_recon_0=0.017594; ', 'bpp_0=1.161793; ', 'mse_1=0.000437; ', 'lpips_1=0.002904; ', 'codec_recon_1=0.271715; ', 'bpp_1=0.291280; ', 'mse_2=0.000402; ', 'lpips_2=0.002798; ', 'codec_recon_2=0.067086; ', 'bpp_2=0.268739; ']
train step[1218/1500] ; used: 17m:40s; eta: 4m:5s; loss = 0.393112; ['mse_0=0.000458; ', 'lpips_0=0.003656; ', 'codec_recon_0=0.018696; ', 'bpp_0=1.167570; ', 'mse_1=0.000266; ', 'lpips_1=0.002606; ', 'codec_recon_1=0.300533; ', 'bpp_1=0.290669; ', 'mse_2=0.000236; ', 'lpips_2=0.002457; ', 'codec_recon_2=0.073880; ', 'bpp_2=0.266832; ']
train step[1219/1500] ; used: 17m:41s; eta: 4m:4s; loss = 0.345652; ['mse_0=0.000781; ', 'lpips_0=0.004194; ', 'codec_recon_0=0.019231; ', 'bpp_0=1.165942; ', 'mse_1=0.000662; ', 'lpips_1=0.003486; ', 'codec_recon_1=0.249100; ', 'bpp_1=0.293194; ', 'mse_2=0.000611; ', 'lpips_2=0.003238; ', 'codec_recon_2=0.077320; ', 'bpp_2=0.273690; ']
train step[1220/1500] ; used: 17m:41s; eta: 4m:3s; loss = 0.366854; ['mse_0=0.000902; ', 'lpips_0=0.003614; ', 'codec_recon_0=0.020768; ', 'bpp_0=1.149853; ', 'mse_1=0.000726; ', 'lpips_1=0.003011; ', 'codec_recon_1=0.267231; ', 'bpp_1=0.291944; ', 'mse_2=0.000704; ', 'lpips_2=0.002915; ', 'codec_recon_2=0.078854; ', 'bpp_2=0.270919; ']
train step[1221/1500] ; used: 17m:42s; eta: 4m:2s; loss = 0.372492; ['mse_0=0.001397; ', 'lpips_0=0.003457; ', 'codec_recon_0=0.017668; ', 'bpp_0=1.245039; ', 'mse_1=0.000806; ', 'lpips_1=0.002441; ', 'codec_recon_1=0.284168; ', 'bpp_1=0.298012; ', 'mse_2=0.000758; ', 'lpips_2=0.002311; ', 'codec_recon_2=0.070654; ', 'bpp_2=0.277634; ']
train step[1222/1500] ; used: 17m:43s; eta: 4m:1s; loss = 0.422674; ['mse_0=0.000650; ', 'lpips_0=0.003989; ', 'codec_recon_0=0.019708; ', 'bpp_0=1.194680; ', 'mse_1=0.000501; ', 'lpips_1=0.002818; ', 'codec_recon_1=0.308805; ', 'bpp_1=0.295136; ', 'mse_2=0.000443; ', 'lpips_2=0.002594; ', 'codec_recon_2=0.094159; ', 'bpp_2=0.275082; ']
train step[1223/1500] ; used: 17m:43s; eta: 4m; loss = 0.376458; ['mse_0=0.000643; ', 'lpips_0=0.003302; ', 'codec_recon_0=0.020034; ', 'bpp_0=1.190799; ', 'mse_1=0.000472; ', 'lpips_1=0.002418; ', 'codec_recon_1=0.278739; ', 'bpp_1=0.294704; ', 'mse_2=0.000455; ', 'lpips_2=0.002259; ', 'codec_recon_2=0.077684; ', 'bpp_2=0.274222; ']
train step[1224/1500] ; used: 17m:44s; eta: 3m:59s; loss = 0.378865; ['mse_0=0.000691; ', 'lpips_0=0.003403; ', 'codec_recon_0=0.020099; ', 'bpp_0=1.213717; ', 'mse_1=0.000467; ', 'lpips_1=0.002706; ', 'codec_recon_1=0.280995; ', 'bpp_1=0.291483; ', 'mse_2=0.000418; ', 'lpips_2=0.002545; ', 'codec_recon_2=0.077769; ', 'bpp_2=0.270288; ']
train step[1225/1500] ; used: 17m:45s; eta: 3m:58s; loss = 0.369086; ['mse_0=0.001100; ', 'lpips_0=0.003519; ', 'codec_recon_0=0.024139; ', 'bpp_0=1.169002; ', 'mse_1=0.000931; ', 'lpips_1=0.002879; ', 'codec_recon_1=0.271210; ', 'bpp_1=0.292816; ', 'mse_2=0.000914; ', 'lpips_2=0.002765; ', 'codec_recon_2=0.073735; ', 'bpp_2=0.271661; ']
train step[1226/1500] ; used: 17m:45s; eta: 3m:57s; loss = 0.350207; ['mse_0=0.000844; ', 'lpips_0=0.003348; ', 'codec_recon_0=0.019787; ', 'bpp_0=1.150410; ', 'mse_1=0.000707; ', 'lpips_1=0.002591; ', 'codec_recon_1=0.258830; ', 'bpp_1=0.290408; ', 'mse_2=0.000670; ', 'lpips_2=0.002435; ', 'codec_recon_2=0.071589; ', 'bpp_2=0.270105; ']
train step[1227/1500] ; used: 17m:46s; eta: 3m:57s; loss = 0.374103; ['mse_0=0.002686; ', 'lpips_0=0.004509; ', 'codec_recon_0=0.017743; ', 'bpp_0=1.224381; ', 'mse_1=0.002312; ', 'lpips_1=0.003612; ', 'codec_recon_1=0.278752; ', 'bpp_1=0.294799; ', 'mse_2=0.002321; ', 'lpips_2=0.003445; ', 'codec_recon_2=0.077606; ', 'bpp_2=0.275820; ']
train step[1228/1500] ; used: 17m:47s; eta: 3m:56s; loss = 0.359884; ['mse_0=0.000792; ', 'lpips_0=0.004010; ', 'codec_recon_0=0.024451; ', 'bpp_0=1.164410; ', 'mse_1=0.000636; ', 'lpips_1=0.003554; ', 'codec_recon_1=0.259318; ', 'bpp_1=0.291596; ', 'mse_2=0.000619; ', 'lpips_2=0.003506; ', 'codec_recon_2=0.076113; ', 'bpp_2=0.270544; ']
train step[1229/1500] ; used: 17m:47s; eta: 3m:55s; loss = 0.465260; ['mse_0=0.001044; ', 'lpips_0=0.004886; ', 'codec_recon_0=0.017999; ', 'bpp_0=1.230339; ', 'mse_1=0.000698; ', 'lpips_1=0.003348; ', 'codec_recon_1=0.364516; ', 'bpp_1=0.298209; ', 'mse_2=0.000663; ', 'lpips_2=0.003082; ', 'codec_recon_2=0.082743; ', 'bpp_2=0.281648; ']
train step[1230/1500] ; used: 17m:48s; eta: 3m:54s; loss = 0.359244; ['mse_0=0.001689; ', 'lpips_0=0.003812; ', 'codec_recon_0=0.020831; ', 'bpp_0=1.193157; ', 'mse_1=0.001469; ', 'lpips_1=0.003040; ', 'codec_recon_1=0.266193; ', 'bpp_1=0.293892; ', 'mse_2=0.001450; ', 'lpips_2=0.002941; ', 'codec_recon_2=0.072217; ', 'bpp_2=0.273144; ']
train step[1231/1500] ; used: 17m:49s; eta: 3m:53s; loss = 0.353940; ['mse_0=0.000552; ', 'lpips_0=0.003049; ', 'codec_recon_0=0.017693; ', 'bpp_0=1.200092; ', 'mse_1=0.000435; ', 'lpips_1=0.002427; ', 'codec_recon_1=0.259780; ', 'bpp_1=0.296628; ', 'mse_2=0.000414; ', 'lpips_2=0.002338; ', 'codec_recon_2=0.076465; ', 'bpp_2=0.275251; ']
train step[1232/1500] ; used: 17m:49s; eta: 3m:52s; loss = 0.442976; ['mse_0=0.002178; ', 'lpips_0=0.006438; ', 'codec_recon_0=0.019928; ', 'bpp_0=1.204379; ', 'mse_1=0.001829; ', 'lpips_1=0.005617; ', 'codec_recon_1=0.336157; ', 'bpp_1=0.295255; ', 'mse_2=0.001752; ', 'lpips_2=0.005439; ', 'codec_recon_2=0.086890; ', 'bpp_2=0.278252; ']
train step[1233/1500] ; used: 17m:50s; eta: 3m:51s; loss = 0.366846; ['mse_0=0.000715; ', 'lpips_0=0.003143; ', 'codec_recon_0=0.019075; ', 'bpp_0=1.221003; ', 'mse_1=0.000498; ', 'lpips_1=0.002444; ', 'codec_recon_1=0.276198; ', 'bpp_1=0.297211; ', 'mse_2=0.000451; ', 'lpips_2=0.002338; ', 'codec_recon_2=0.071572; ', 'bpp_2=0.278347; ']
train step[1234/1500] ; used: 17m:51s; eta: 3m:50s; loss = 0.339798; ['mse_0=0.001157; ', 'lpips_0=0.003340; ', 'codec_recon_0=0.020783; ', 'bpp_0=1.139010; ', 'mse_1=0.001132; ', 'lpips_1=0.002806; ', 'codec_recon_1=0.252290; ', 'bpp_1=0.288494; ', 'mse_2=0.001129; ', 'lpips_2=0.002685; ', 'codec_recon_2=0.066723; ', 'bpp_2=0.268011; ']
train step[1235/1500] ; used: 17m:51s; eta: 3m:49s; loss = 0.409922; ['mse_0=0.002033; ', 'lpips_0=0.006133; ', 'codec_recon_0=0.019339; ', 'bpp_0=1.198502; ', 'mse_1=0.001851; ', 'lpips_1=0.005121; ', 'codec_recon_1=0.308317; ', 'bpp_1=0.295991; ', 'mse_2=0.001818; ', 'lpips_2=0.004946; ', 'codec_recon_2=0.082264; ', 'bpp_2=0.276662; ']
train step[1236/1500] ; used: 17m:52s; eta: 3m:48s; loss = 0.351921; ['mse_0=0.000901; ', 'lpips_0=0.004510; ', 'codec_recon_0=0.018102; ', 'bpp_0=1.201467; ', 'mse_1=0.000726; ', 'lpips_1=0.003771; ', 'codec_recon_1=0.256666; ', 'bpp_1=0.291905; ', 'mse_2=0.000679; ', 'lpips_2=0.003519; ', 'codec_recon_2=0.077151; ', 'bpp_2=0.271353; ']
train step[1237/1500] ; used: 17m:53s; eta: 3m:47s; loss = 0.409194; ['mse_0=0.001191; ', 'lpips_0=0.005174; ', 'codec_recon_0=0.017150; ', 'bpp_0=1.232903; ', 'mse_1=0.000755; ', 'lpips_1=0.003849; ', 'codec_recon_1=0.322915; ', 'bpp_1=0.297176; ', 'mse_2=0.000700; ', 'lpips_2=0.003644; ', 'codec_recon_2=0.069127; ', 'bpp_2=0.277859; ']
train step[1238/1500] ; used: 17m:53s; eta: 3m:47s; loss = 0.471904; ['mse_0=0.002800; ', 'lpips_0=0.005974; ', 'codec_recon_0=0.020208; ', 'bpp_0=1.271699; ', 'mse_1=0.002224; ', 'lpips_1=0.004696; ', 'codec_recon_1=0.380251; ', 'bpp_1=0.299649; ', 'mse_2=0.002111; ', 'lpips_2=0.004467; ', 'codec_recon_2=0.071443; ', 'bpp_2=0.282452; ']
train step[1239/1500] ; used: 17m:54s; eta: 3m:46s; loss = 0.499726; ['mse_0=0.002562; ', 'lpips_0=0.007666; ', 'codec_recon_0=0.020601; ', 'bpp_0=1.234765; ', 'mse_1=0.002286; ', 'lpips_1=0.006164; ', 'codec_recon_1=0.391435; ', 'bpp_1=0.296767; ', 'mse_2=0.002240; ', 'lpips_2=0.005937; ', 'codec_recon_2=0.087689; ', 'bpp_2=0.278020; ']
train step[1240/1500] ; used: 17m:55s; eta: 3m:45s; loss = 0.349467; ['mse_0=0.000865; ', 'lpips_0=0.003283; ', 'codec_recon_0=0.019842; ', 'bpp_0=1.180723; ', 'mse_1=0.000710; ', 'lpips_1=0.002532; ', 'codec_recon_1=0.259113; ', 'bpp_1=0.292236; ', 'mse_2=0.000678; ', 'lpips_2=0.002405; ', 'codec_recon_2=0.070509; ', 'bpp_2=0.271957; ']
train step[1241/1500] ; used: 17m:55s; eta: 3m:44s; loss = 0.404774; ['mse_0=0.001979; ', 'lpips_0=0.006095; ', 'codec_recon_0=0.018379; ', 'bpp_0=1.224784; ', 'mse_1=0.001733; ', 'lpips_1=0.005123; ', 'codec_recon_1=0.305405; ', 'bpp_1=0.297125; ', 'mse_2=0.001691; ', 'lpips_2=0.004991; ', 'codec_recon_2=0.080988; ', 'bpp_2=0.277897; ']
train step[1242/1500] ; used: 17m:56s; eta: 3m:43s; loss = 0.372995; ['mse_0=0.001710; ', 'lpips_0=0.004679; ', 'codec_recon_0=0.019989; ', 'bpp_0=1.212410; ', 'mse_1=0.001337; ', 'lpips_1=0.003808; ', 'codec_recon_1=0.282613; ', 'bpp_1=0.295906; ', 'mse_2=0.001319; ', 'lpips_2=0.003698; ', 'codec_recon_2=0.070391; ', 'bpp_2=0.275739; ']
train step[1243/1500] ; used: 17m:57s; eta: 3m:42s; loss = 0.409213; ['mse_0=0.001398; ', 'lpips_0=0.004745; ', 'codec_recon_0=0.018864; ', 'bpp_0=1.215472; ', 'mse_1=0.001260; ', 'lpips_1=0.003834; ', 'codec_recon_1=0.305980; ', 'bpp_1=0.299295; ', 'mse_2=0.001264; ', 'lpips_2=0.003729; ', 'codec_recon_2=0.084368; ', 'bpp_2=0.278048; ']
train step[1244/1500] ; used: 17m:57s; eta: 3m:41s; loss = 0.326206; ['mse_0=0.000591; ', 'lpips_0=0.003521; ', 'codec_recon_0=0.019665; ', 'bpp_0=1.127432; ', 'mse_1=0.000493; ', 'lpips_1=0.002889; ', 'codec_recon_1=0.243177; ', 'bpp_1=0.288453; ', 'mse_2=0.000483; ', 'lpips_2=0.002819; ', 'codec_recon_2=0.063363; ', 'bpp_2=0.265191; ']
train step[1245/1500] ; used: 17m:58s; eta: 3m:40s; loss = 0.343241; ['mse_0=0.000867; ', 'lpips_0=0.004015; ', 'codec_recon_0=0.020812; ', 'bpp_0=1.167726; ', 'mse_1=0.000752; ', 'lpips_1=0.003280; ', 'codec_recon_1=0.249492; ', 'bpp_1=0.291840; ', 'mse_2=0.000721; ', 'lpips_2=0.003150; ', 'codec_recon_2=0.072935; ', 'bpp_2=0.271362; ']
train step[1246/1500] ; used: 17m:59s; eta: 3m:39s; loss = 0.360054; ['mse_0=0.002636; ', 'lpips_0=0.003853; ', 'codec_recon_0=0.019595; ', 'bpp_0=1.209185; ', 'mse_1=0.002315; ', 'lpips_1=0.003152; ', 'codec_recon_1=0.268089; ', 'bpp_1=0.294280; ', 'mse_2=0.002243; ', 'lpips_2=0.002955; ', 'codec_recon_2=0.072368; ', 'bpp_2=0.275044; ']
train step[1247/1500] ; used: 17m:59s; eta: 3m:38s; loss = 0.387917; ['mse_0=0.001033; ', 'lpips_0=0.003383; ', 'codec_recon_0=0.016437; ', 'bpp_0=1.213291; ', 'mse_1=0.000598; ', 'lpips_1=0.002319; ', 'codec_recon_1=0.299622; ', 'bpp_1=0.297278; ', 'mse_2=0.000508; ', 'lpips_2=0.002096; ', 'codec_recon_2=0.071856; ', 'bpp_2=0.276035; ']
train step[1248/1500] ; used: 18m; eta: 3m:37s; loss = 0.412106; ['mse_0=0.000933; ', 'lpips_0=0.003942; ', 'codec_recon_0=0.019803; ', 'bpp_0=1.222240; ', 'mse_1=0.000582; ', 'lpips_1=0.003080; ', 'codec_recon_1=0.312919; ', 'bpp_1=0.297172; ', 'mse_2=0.000543; ', 'lpips_2=0.002993; ', 'codec_recon_2=0.079381; ', 'bpp_2=0.278302; ']
train step[1249/1500] ; used: 18m:1s; eta: 3m:37s; loss = 0.434270; ['mse_0=0.001388; ', 'lpips_0=0.004163; ', 'codec_recon_0=0.017596; ', 'bpp_0=1.215321; ', 'mse_1=0.000754; ', 'lpips_1=0.002671; ', 'codec_recon_1=0.346699; ', 'bpp_1=0.297301; ', 'mse_2=0.000668; ', 'lpips_2=0.002497; ', 'codec_recon_2=0.069974; ', 'bpp_2=0.279566; ']
validation step on 1250 1/100; scene = ['5aca87f95a9412c6']; context = [[58, 133]]
validation step on 1250 2/100; scene = ['bc95e5c7e357f1b7']; context = [[35, 91]]
validation step on 1250 3/100; scene = ['34b0658a5c200cdf']; context = [[0, 70]]
validation step on 1250 4/100; scene = ['28e8300e004ab30b']; context = [[3, 68]]
validation step on 1250 5/100; scene = ['6558c5f10d45a929']; context = [[43, 160]]
validation step on 1250 6/100; scene = ['89ea49cd9865aeff']; context = [[31, 81]]
validation step on 1250 7/100; scene = ['ed477bdf8582adff']; context = [[40, 85]]
validation step on 1250 8/100; scene = ['57d3409bf04c4651']; context = [[0, 45]]
validation step on 1250 9/100; scene = ['aadc1e2dc74fd644']; context = [[2, 52]]
validation step on 1250 10/100; scene = ['cd74b1244d112628']; context = [[63, 110]]
validation step on 1250 11/100; scene = ['57d25dafabb5a238']; context = [[32, 104]]
validation step on 1250 12/100; scene = ['e4f4574df7938f37']; context = [[0, 115]]
validation step on 1250 13/100; scene = ['20d86cff490c0c42']; context = [[18, 69]]
validation step on 1250 14/100; scene = ['0c4c5d5f751aabf5']; context = [[12, 57]]
validation step on 1250 15/100; scene = ['fea544b472e9abd1']; context = [[12, 93]]
validation step on 1250 16/100; scene = ['656381bea665bf3d']; context = [[27, 75]]
validation step on 1250 17/100; scene = ['322261824c4a3003']; context = [[33, 78]]
validation step on 1250 18/100; scene = ['f7c0fa5b81552d35']; context = [[11, 64]]
validation step on 1250 19/100; scene = ['a56ba2efb5e3fdd9']; context = [[33, 92]]
validation step on 1250 20/100; scene = ['c48f19e2ffa52523']; context = [[195, 264]]
validation step on 1250 21/100; scene = ['1214f2a11a9fc1ed']; context = [[103, 215]]
validation step on 1250 22/100; scene = ['a9b3ff60b213e099']; context = [[32, 96]]
validation step on 1250 23/100; scene = ['a6fa92e8204f6118']; context = [[2, 66]]
validation step on 1250 24/100; scene = ['21e794f71e31becb']; context = [[72, 180]]
validation step on 1250 25/100; scene = ['f7d916b43193c181']; context = [[7, 61]]
validation step on 1250 26/100; scene = ['84ab392d682f296b']; context = [[43, 120]]
validation step on 1250 27/100; scene = ['6771a51bf0cfce7f']; context = [[152, 199]]
validation step on 1250 28/100; scene = ['17d9303ee77c3a3d']; context = [[17, 63]]
validation step on 1250 29/100; scene = ['ffa95c3b40609c76']; context = [[120, 213]]
validation step on 1250 30/100; scene = ['a47b88040452d7d9']; context = [[35, 97]]
validation step on 1250 31/100; scene = ['0d4de33c6888a754']; context = [[2, 57]]
validation step on 1250 32/100; scene = ['41bcd011f99bfb66']; context = [[4, 50]]
validation step on 1250 33/100; scene = ['67a69088a2695987']; context = [[6, 86]]
validation step on 1250 34/100; scene = ['b4099665590548fc']; context = [[23, 74]]
validation step on 1250 35/100; scene = ['9e2a8cc5f32dd46b']; context = [[75, 151]]
validation step on 1250 36/100; scene = ['2e109379f53bb221']; context = [[35, 108]]
validation step on 1250 37/100; scene = ['8adebbb68f2c3f84']; context = [[72, 131]]
validation step on 1250 38/100; scene = ['29e0bfbad00f0d5e']; context = [[8, 100]]
validation step on 1250 39/100; scene = ['debc3490ba0bd84b']; context = [[34, 81]]
validation step on 1250 40/100; scene = ['7c7bc5285126e6ad']; context = [[64, 126]]
validation step on 1250 41/100; scene = ['cdf439b17a6a98d4']; context = [[31, 77]]
validation step on 1250 42/100; scene = ['cb38d67088b66084']; context = [[49, 106]]
validation step on 1250 43/100; scene = ['2da2eeb966bc0ef8']; context = [[30, 94]]
validation step on 1250 44/100; scene = ['bb4d7012261ee0ed']; context = [[0, 46]]
validation step on 1250 45/100; scene = ['9e1f1beb4ba8e5da']; context = [[9, 73]]
validation step on 1250 46/100; scene = ['26b31d71789bffad']; context = [[3, 57]]
validation step on 1250 47/100; scene = ['41abd737e0228c1a']; context = [[81, 127]]
validation step on 1250 48/100; scene = ['ed0c2aca14b99efa']; context = [[62, 119]]
validation step on 1250 49/100; scene = ['8d5163de9ea4d851']; context = [[39, 85]]
validation step on 1250 50/100; scene = ['81be42df6ccae760']; context = [[13, 107]]
validation step on 1250 51/100; scene = ['6fe141ec9be1a432']; context = [[12, 73]]
validation step on 1250 52/100; scene = ['3b6d8db52c54b174']; context = [[0, 80]]
validation step on 1250 53/100; scene = ['3087828bc27bc4c7']; context = [[15, 96]]
validation step on 1250 54/100; scene = ['e124dfa7e996a414']; context = [[48, 93]]
validation step on 1250 55/100; scene = ['e1afd89a69ee6947']; context = [[34, 113]]
validation step on 1250 56/100; scene = ['79ce50fb7b021e1d']; context = [[212, 278]]
validation step on 1250 57/100; scene = ['358bdee988c269ef']; context = [[3, 95]]
validation step on 1250 58/100; scene = ['f14791aec34dbdcd']; context = [[5, 59]]
validation step on 1250 59/100; scene = ['0c52996355b23d76']; context = [[51, 111]]
validation step on 1250 60/100; scene = ['62bcb465bb03d34f']; context = [[6, 84]]
validation step on 1250 61/100; scene = ['1f0e06e4388dd600']; context = [[44, 96]]
validation step on 1250 62/100; scene = ['c9c30723d7c54793']; context = [[152, 247]]
validation step on 1250 63/100; scene = ['8b212f2755d955ec']; context = [[40, 110]]
validation step on 1250 64/100; scene = ['de67e3a0b0648cfe']; context = [[16, 72]]
validation step on 1250 65/100; scene = ['54841308aff91857']; context = [[27, 86]]
validation step on 1250 66/100; scene = ['40ca76de44a6e1a9']; context = [[43, 107]]
validation step on 1250 67/100; scene = ['bc143130c1842e4b']; context = [[29, 133]]
validation step on 1250 68/100; scene = ['912177dbf0a1ed6c']; context = [[3, 60]]
validation step on 1250 69/100; scene = ['afe4e799a94e06b3']; context = [[54, 150]]
validation step on 1250 70/100; scene = ['17f552ef56d85c55']; context = [[20, 86]]
validation step on 1250 71/100; scene = ['a7c691c210154b09']; context = [[0, 50]]
validation step on 1250 72/100; scene = ['9490f1219dbbb6ce']; context = [[17, 72]]
validation step on 1250 73/100; scene = ['154365ab5a4e067b']; context = [[2, 48]]
validation step on 1250 74/100; scene = ['ab4c269f8d523d02']; context = [[18, 72]]
validation step on 1250 75/100; scene = ['75d475e9558ab806']; context = [[1, 46]]
validation step on 1250 76/100; scene = ['fdaab1f49851782c']; context = [[31, 142]]
validation step on 1250 77/100; scene = ['2d4efa3897a4ba2d']; context = [[4, 58]]
validation step on 1250 78/100; scene = ['14f477e7d5af5b91']; context = [[17, 72]]
validation step on 1250 79/100; scene = ['de45926738229f67']; context = [[22, 84]]
validation step on 1250 80/100; scene = ['5c909c802eb6edb1']; context = [[13, 78]]
validation step on 1250 81/100; scene = ['aa91dfdd5f4ad32b']; context = [[8, 57]]
validation step on 1250 82/100; scene = ['88d9ba3324f2ec21']; context = [[2, 49]]
validation step on 1250 83/100; scene = ['622ef98e83ed5239']; context = [[3, 66]]
validation step on 1250 84/100; scene = ['30fc5fc78c5a716e']; context = [[151, 210]]
validation step on 1250 85/100; scene = ['8b760ac05c93a6bb']; context = [[26, 72]]
validation step on 1250 86/100; scene = ['800ea72b6988f63e']; context = [[141, 190]]
validation step on 1250 87/100; scene = ['674dabef8f53b566']; context = [[9, 91]]
validation step on 1250 88/100; scene = ['d3a01038c5f21473']; context = [[139, 273]]
validation step on 1250 89/100; scene = ['3e5f747d06bc84a3']; context = [[85, 190]]
validation step on 1250 90/100; scene = ['bb6fa5bdafc14e8c']; context = [[43, 139]]
validation step on 1250 91/100; scene = ['052430ff6e2c07c4']; context = [[19, 92]]
validation step on 1250 92/100; scene = ['0588138dfec165a1']; context = [[70, 160]]
validation step on 1250 93/100; scene = ['e4bcb18fa6aa91be']; context = [[32, 79]]
validation step on 1250 94/100; scene = ['4c4fa41951e37e78']; context = [[8, 60]]
validation step on 1250 95/100; scene = ['252a24d25a1ea81d']; context = [[198, 263]]
validation step on 1250 96/100; scene = ['214df1c2863d2959']; context = [[45, 96]]
validation step on 1250 97/100; scene = ['bfd27ad72975e120']; context = [[8, 55]]
validation step on 1250 98/100; scene = ['572acd18419c3456']; context = [[3, 62]]
validation step on 1250 99/100; scene = ['b26e6c80d283c4c8']; context = [[46, 92]]
validation step on 1250 100/100; scene = ['10c8e54590f715f7']; context = [[6, 76]]
train step[1250/1500] ; used: 18m:51s; eta: 3m:46s; loss = 0.445523; ['mse_0=0.003962; ', 'lpips_0=0.005980; ', 'codec_recon_0=0.018511; ', 'bpp_0=1.187443; ', 'mse_1=0.002798; ', 'lpips_1=0.003851; ', 'codec_recon_1=0.343222; ', 'bpp_1=0.294936; ', 'mse_2=0.002620; ', 'lpips_2=0.003500; ', 'codec_recon_2=0.083787; ', 'bpp_2=0.274859; ']
train step[1251/1500] ; used: 18m:52s; eta: 3m:45s; loss = 0.396350; ['mse_0=0.001194; ', 'lpips_0=0.003350; ', 'codec_recon_0=0.030008; ', 'bpp_0=1.160819; ', 'mse_1=0.001012; ', 'lpips_1=0.002643; ', 'codec_recon_1=0.273246; ', 'bpp_1=0.293985; ', 'mse_2=0.000981; ', 'lpips_2=0.002512; ', 'codec_recon_2=0.093095; ', 'bpp_2=0.271741; ']
train step[1252/1500] ; used: 18m:52s; eta: 3m:44s; loss = 0.344164; ['mse_0=0.001036; ', 'lpips_0=0.003572; ', 'codec_recon_0=0.019416; ', 'bpp_0=1.159317; ', 'mse_1=0.000662; ', 'lpips_1=0.002808; ', 'codec_recon_1=0.259107; ', 'bpp_1=0.293224; ', 'mse_2=0.000604; ', 'lpips_2=0.002657; ', 'codec_recon_2=0.065638; ', 'bpp_2=0.273477; ']
train step[1253/1500] ; used: 18m:53s; eta: 3m:43s; loss = 0.414552; ['mse_0=0.001591; ', 'lpips_0=0.004366; ', 'codec_recon_0=0.017633; ', 'bpp_0=1.220505; ', 'mse_1=0.001030; ', 'lpips_1=0.002900; ', 'codec_recon_1=0.320019; ', 'bpp_1=0.296683; ', 'mse_2=0.000934; ', 'lpips_2=0.002703; ', 'codec_recon_2=0.076898; ', 'bpp_2=0.277380; ']
train step[1254/1500] ; used: 18m:54s; eta: 3m:42s; loss = 0.362409; ['mse_0=0.000897; ', 'lpips_0=0.004992; ', 'codec_recon_0=0.019012; ', 'bpp_0=1.174834; ', 'mse_1=0.000817; ', 'lpips_1=0.004404; ', 'codec_recon_1=0.266888; ', 'bpp_1=0.291300; ', 'mse_2=0.000814; ', 'lpips_2=0.004351; ', 'codec_recon_2=0.076507; ', 'bpp_2=0.270309; ']
train step[1255/1500] ; used: 18m:54s; eta: 3m:41s; loss = 0.423934; ['mse_0=0.001892; ', 'lpips_0=0.004444; ', 'codec_recon_0=0.016636; ', 'bpp_0=1.243617; ', 'mse_1=0.001347; ', 'lpips_1=0.003172; ', 'codec_recon_1=0.333837; ', 'bpp_1=0.301143; ', 'mse_2=0.001294; ', 'lpips_2=0.003009; ', 'codec_recon_2=0.073459; ', 'bpp_2=0.282426; ']
train step[1256/1500] ; used: 18m:55s; eta: 3m:40s; loss = 0.417663; ['mse_0=0.001885; ', 'lpips_0=0.005926; ', 'codec_recon_0=0.018937; ', 'bpp_0=1.209465; ', 'mse_1=0.001452; ', 'lpips_1=0.004715; ', 'codec_recon_1=0.322430; ', 'bpp_1=0.295849; ', 'mse_2=0.001386; ', 'lpips_2=0.004504; ', 'codec_recon_2=0.076294; ', 'bpp_2=0.274485; ']
train step[1257/1500] ; used: 18m:56s; eta: 3m:39s; loss = 0.400991; ['mse_0=0.001126; ', 'lpips_0=0.004610; ', 'codec_recon_0=0.025449; ', 'bpp_0=1.203815; ', 'mse_1=0.001003; ', 'lpips_1=0.003766; ', 'codec_recon_1=0.286545; ', 'bpp_1=0.293665; ', 'mse_2=0.000950; ', 'lpips_2=0.003547; ', 'codec_recon_2=0.088996; ', 'bpp_2=0.271579; ']
train step[1258/1500] ; used: 18m:56s; eta: 3m:38s; loss = 0.389211; ['mse_0=0.001022; ', 'lpips_0=0.004154; ', 'codec_recon_0=0.029504; ', 'bpp_0=1.157637; ', 'mse_1=0.000932; ', 'lpips_1=0.003651; ', 'codec_recon_1=0.261069; ', 'bpp_1=0.292555; ', 'mse_2=0.000911; ', 'lpips_2=0.003613; ', 'codec_recon_2=0.098637; ', 'bpp_2=0.270613; ']
train step[1259/1500] ; used: 18m:57s; eta: 3m:37s; loss = 0.426661; ['mse_0=0.001845; ', 'lpips_0=0.004970; ', 'codec_recon_0=0.019190; ', 'bpp_0=1.218166; ', 'mse_1=0.001430; ', 'lpips_1=0.003741; ', 'codec_recon_1=0.322262; ', 'bpp_1=0.297926; ', 'mse_2=0.001403; ', 'lpips_2=0.003591; ', 'codec_recon_2=0.085208; ', 'bpp_2=0.277120; ']
train step[1260/1500] ; used: 18m:58s; eta: 3m:36s; loss = 0.384866; ['mse_0=0.001124; ', 'lpips_0=0.004237; ', 'codec_recon_0=0.020476; ', 'bpp_0=1.179866; ', 'mse_1=0.000948; ', 'lpips_1=0.003391; ', 'codec_recon_1=0.287933; ', 'bpp_1=0.294276; ', 'mse_2=0.000912; ', 'lpips_2=0.003193; ', 'codec_recon_2=0.076456; ', 'bpp_2=0.273273; ']
train step[1261/1500] ; used: 18m:58s; eta: 3m:35s; loss = 0.376071; ['mse_0=0.002361; ', 'lpips_0=0.005104; ', 'codec_recon_0=0.019692; ', 'bpp_0=1.174257; ', 'mse_1=0.002198; ', 'lpips_1=0.004515; ', 'codec_recon_1=0.281556; ', 'bpp_1=0.292187; ', 'mse_2=0.002106; ', 'lpips_2=0.004387; ', 'codec_recon_2=0.074822; ', 'bpp_2=0.273566; ']
train step[1262/1500] ; used: 18m:59s; eta: 3m:34s; loss = 0.421902; ['mse_0=0.001145; ', 'lpips_0=0.004240; ', 'codec_recon_0=0.017737; ', 'bpp_0=1.169840; ', 'mse_1=0.000976; ', 'lpips_1=0.003168; ', 'codec_recon_1=0.321730; ', 'bpp_1=0.291258; ', 'mse_2=0.000916; ', 'lpips_2=0.002924; ', 'codec_recon_2=0.082434; ', 'bpp_2=0.267524; ']
train step[1263/1500] ; used: 19m; eta: 3m:33s; loss = 0.381390; ['mse_0=0.000437; ', 'lpips_0=0.003846; ', 'codec_recon_0=0.020086; ', 'bpp_0=1.178635; ', 'mse_1=0.000335; ', 'lpips_1=0.003161; ', 'codec_recon_1=0.281761; ', 'bpp_1=0.291630; ', 'mse_2=0.000323; ', 'lpips_2=0.003033; ', 'codec_recon_2=0.079542; ', 'bpp_2=0.272871; ']
train step[1264/1500] ; used: 19m; eta: 3m:32s; loss = 0.330313; ['mse_0=0.001820; ', 'lpips_0=0.003887; ', 'codec_recon_0=0.018517; ', 'bpp_0=1.195533; ', 'mse_1=0.001639; ', 'lpips_1=0.003161; ', 'codec_recon_1=0.244301; ', 'bpp_1=0.291016; ', 'mse_2=0.001587; ', 'lpips_2=0.002949; ', 'codec_recon_2=0.067493; ', 'bpp_2=0.268292; ']
train step[1265/1500] ; used: 19m:1s; eta: 3m:31s; loss = 0.464671; ['mse_0=0.001667; ', 'lpips_0=0.005664; ', 'codec_recon_0=0.019597; ', 'bpp_0=1.224280; ', 'mse_1=0.001169; ', 'lpips_1=0.004137; ', 'codec_recon_1=0.367300; ', 'bpp_1=0.297737; ', 'mse_2=0.001078; ', 'lpips_2=0.003962; ', 'codec_recon_2=0.077772; ', 'bpp_2=0.280596; ']
train step[1266/1500] ; used: 19m:2s; eta: 3m:30s; loss = 0.372621; ['mse_0=0.000882; ', 'lpips_0=0.003187; ', 'codec_recon_0=0.016962; ', 'bpp_0=1.203095; ', 'mse_1=0.000567; ', 'lpips_1=0.002404; ', 'codec_recon_1=0.285644; ', 'bpp_1=0.294372; ', 'mse_2=0.000521; ', 'lpips_2=0.002263; ', 'codec_recon_2=0.070012; ', 'bpp_2=0.273106; ']
train step[1267/1500] ; used: 19m:2s; eta: 3m:30s; loss = 0.340483; ['mse_0=0.000845; ', 'lpips_0=0.003129; ', 'codec_recon_0=0.017301; ', 'bpp_0=1.181569; ', 'mse_1=0.000692; ', 'lpips_1=0.002451; ', 'codec_recon_1=0.252529; ', 'bpp_1=0.290559; ', 'mse_2=0.000667; ', 'lpips_2=0.002317; ', 'codec_recon_2=0.070650; ', 'bpp_2=0.267551; ']
train step[1268/1500] ; used: 19m:3s; eta: 3m:29s; loss = 0.403970; ['mse_0=0.002307; ', 'lpips_0=0.005474; ', 'codec_recon_0=0.017137; ', 'bpp_0=1.231732; ', 'mse_1=0.001729; ', 'lpips_1=0.004244; ', 'codec_recon_1=0.311901; ', 'bpp_1=0.298974; ', 'mse_2=0.001640; ', 'lpips_2=0.004053; ', 'codec_recon_2=0.074930; ', 'bpp_2=0.280946; ']
train step[1269/1500] ; used: 19m:4s; eta: 3m:28s; loss = 0.418893; ['mse_0=0.001887; ', 'lpips_0=0.006336; ', 'codec_recon_0=0.015463; ', 'bpp_0=1.248640; ', 'mse_1=0.001320; ', 'lpips_1=0.005029; ', 'codec_recon_1=0.328687; ', 'bpp_1=0.297934; ', 'mse_2=0.001257; ', 'lpips_2=0.004844; ', 'codec_recon_2=0.074741; ', 'bpp_2=0.279031; ']
train step[1270/1500] ; used: 19m:4s; eta: 3m:27s; loss = 0.330626; ['mse_0=0.002039; ', 'lpips_0=0.005211; ', 'codec_recon_0=0.019169; ', 'bpp_0=1.164768; ', 'mse_1=0.001930; ', 'lpips_1=0.004643; ', 'codec_recon_1=0.249858; ', 'bpp_1=0.288059; ', 'mse_2=0.001895; ', 'lpips_2=0.004543; ', 'codec_recon_2=0.061596; ', 'bpp_2=0.269201; ']
train step[1271/1500] ; used: 19m:5s; eta: 3m:26s; loss = 0.332675; ['mse_0=0.000796; ', 'lpips_0=0.004105; ', 'codec_recon_0=0.020408; ', 'bpp_0=1.135086; ', 'mse_1=0.000723; ', 'lpips_1=0.003532; ', 'codec_recon_1=0.239284; ', 'bpp_1=0.289411; ', 'mse_2=0.000701; ', 'lpips_2=0.003415; ', 'codec_recon_2=0.072981; ', 'bpp_2=0.267156; ']
train step[1272/1500] ; used: 19m:6s; eta: 3m:25s; loss = 0.333391; ['mse_0=0.001517; ', 'lpips_0=0.004672; ', 'codec_recon_0=0.018984; ', 'bpp_0=1.159821; ', 'mse_1=0.001412; ', 'lpips_1=0.004064; ', 'codec_recon_1=0.242269; ', 'bpp_1=0.291998; ', 'mse_2=0.001389; ', 'lpips_2=0.003947; ', 'codec_recon_2=0.072136; ', 'bpp_2=0.270169; ']
train step[1273/1500] ; used: 19m:6s; eta: 3m:24s; loss = 0.358218; ['mse_0=0.000588; ', 'lpips_0=0.003689; ', 'codec_recon_0=0.020054; ', 'bpp_0=1.176664; ', 'mse_1=0.000468; ', 'lpips_1=0.003020; ', 'codec_recon_1=0.258359; ', 'bpp_1=0.290493; ', 'mse_2=0.000435; ', 'lpips_2=0.002892; ', 'codec_recon_2=0.079804; ', 'bpp_2=0.269242; ']
train step[1274/1500] ; used: 19m:7s; eta: 3m:23s; loss = 0.374418; ['mse_0=0.004563; ', 'lpips_0=0.004836; ', 'codec_recon_0=0.019823; ', 'bpp_0=1.182006; ', 'mse_1=0.004611; ', 'lpips_1=0.003974; ', 'codec_recon_1=0.284193; ', 'bpp_1=0.294620; ', 'mse_2=0.004603; ', 'lpips_2=0.003880; ', 'codec_recon_2=0.070400; ', 'bpp_2=0.274453; ']
train step[1275/1500] ; used: 19m:8s; eta: 3m:22s; loss = 0.403194; ['mse_0=0.003325; ', 'lpips_0=0.005398; ', 'codec_recon_0=0.019126; ', 'bpp_0=1.227048; ', 'mse_1=0.003039; ', 'lpips_1=0.004363; ', 'codec_recon_1=0.307960; ', 'bpp_1=0.297255; ', 'mse_2=0.002958; ', 'lpips_2=0.004069; ', 'codec_recon_2=0.076107; ', 'bpp_2=0.277019; ']
train step[1276/1500] ; used: 19m:8s; eta: 3m:21s; loss = 0.488080; ['mse_0=0.003794; ', 'lpips_0=0.009441; ', 'codec_recon_0=0.024030; ', 'bpp_0=1.199773; ', 'mse_1=0.002911; ', 'lpips_1=0.007712; ', 'codec_recon_1=0.353144; ', 'bpp_1=0.295304; ', 'mse_2=0.002775; ', 'lpips_2=0.007410; ', 'codec_recon_2=0.110905; ', 'bpp_2=0.276186; ']
train step[1277/1500] ; used: 19m:9s; eta: 3m:20s; loss = 0.385853; ['mse_0=0.001235; ', 'lpips_0=0.003522; ', 'codec_recon_0=0.019788; ', 'bpp_0=1.179334; ', 'mse_1=0.001108; ', 'lpips_1=0.002829; ', 'codec_recon_1=0.286010; ', 'bpp_1=0.293879; ', 'mse_2=0.001053; ', 'lpips_2=0.002707; ', 'codec_recon_2=0.080053; ', 'bpp_2=0.272605; ']
train step[1278/1500] ; used: 19m:10s; eta: 3m:19s; loss = 0.354866; ['mse_0=0.000703; ', 'lpips_0=0.003857; ', 'codec_recon_0=0.017527; ', 'bpp_0=1.174077; ', 'mse_1=0.000560; ', 'lpips_1=0.003169; ', 'codec_recon_1=0.266760; ', 'bpp_1=0.293234; ', 'mse_2=0.000515; ', 'lpips_2=0.003078; ', 'codec_recon_2=0.070577; ', 'bpp_2=0.271326; ']
train step[1279/1500] ; used: 19m:11s; eta: 3m:18s; loss = 0.369617; ['mse_0=0.001426; ', 'lpips_0=0.005663; ', 'codec_recon_0=0.023328; ', 'bpp_0=1.192382; ', 'mse_1=0.001213; ', 'lpips_1=0.004892; ', 'codec_recon_1=0.268777; ', 'bpp_1=0.294792; ', 'mse_2=0.001167; ', 'lpips_2=0.004806; ', 'codec_recon_2=0.077509; ', 'bpp_2=0.275010; ']
train step[1280/1500] ; used: 19m:11s; eta: 3m:17s; loss = 0.461244; ['mse_0=0.002704; ', 'lpips_0=0.005767; ', 'codec_recon_0=0.016966; ', 'bpp_0=1.270410; ', 'mse_1=0.001357; ', 'lpips_1=0.002966; ', 'codec_recon_1=0.371314; ', 'bpp_1=0.301996; ', 'mse_2=0.001124; ', 'lpips_2=0.002564; ', 'codec_recon_2=0.072962; ', 'bpp_2=0.286513; ']
train step[1281/1500] ; used: 19m:12s; eta: 3m:16s; loss = 0.330199; ['mse_0=0.000521; ', 'lpips_0=0.003473; ', 'codec_recon_0=0.020106; ', 'bpp_0=1.149908; ', 'mse_1=0.000395; ', 'lpips_1=0.002912; ', 'codec_recon_1=0.242743; ', 'bpp_1=0.292224; ', 'mse_2=0.000369; ', 'lpips_2=0.002813; ', 'codec_recon_2=0.067348; ', 'bpp_2=0.271198; ']
train step[1282/1500] ; used: 19m:13s; eta: 3m:15s; loss = 0.409281; ['mse_0=0.007478; ', 'lpips_0=0.008321; ', 'codec_recon_0=0.024009; ', 'bpp_0=1.182873; ', 'mse_1=0.007189; ', 'lpips_1=0.007457; ', 'codec_recon_1=0.300045; ', 'bpp_1=0.293513; ', 'mse_2=0.007070; ', 'lpips_2=0.007176; ', 'codec_recon_2=0.085226; ', 'bpp_2=0.272308; ']
train step[1283/1500] ; used: 19m:13s; eta: 3m:14s; loss = 0.411041; ['mse_0=0.000992; ', 'lpips_0=0.004508; ', 'codec_recon_0=0.019560; ', 'bpp_0=1.180162; ', 'mse_1=0.000750; ', 'lpips_1=0.003618; ', 'codec_recon_1=0.317247; ', 'bpp_1=0.293004; ', 'mse_2=0.000686; ', 'lpips_2=0.003436; ', 'codec_recon_2=0.074233; ', 'bpp_2=0.274536; ']
train step[1284/1500] ; used: 19m:14s; eta: 3m:14s; loss = 0.377630; ['mse_0=0.000637; ', 'lpips_0=0.003627; ', 'codec_recon_0=0.020280; ', 'bpp_0=1.190782; ', 'mse_1=0.000467; ', 'lpips_1=0.002867; ', 'codec_recon_1=0.277469; ', 'bpp_1=0.295264; ', 'mse_2=0.000413; ', 'lpips_2=0.002717; ', 'codec_recon_2=0.079880; ', 'bpp_2=0.272794; ']
train step[1285/1500] ; used: 19m:15s; eta: 3m:13s; loss = 0.380141; ['mse_0=0.001030; ', 'lpips_0=0.003303; ', 'codec_recon_0=0.018118; ', 'bpp_0=1.212843; ', 'mse_1=0.000684; ', 'lpips_1=0.002323; ', 'codec_recon_1=0.292048; ', 'bpp_1=0.296702; ', 'mse_2=0.000601; ', 'lpips_2=0.002098; ', 'codec_recon_2=0.069973; ', 'bpp_2=0.275904; ']
train step[1286/1500] ; used: 19m:16s; eta: 3m:12s; loss = 0.381743; ['mse_0=0.000597; ', 'lpips_0=0.003360; ', 'codec_recon_0=0.016643; ', 'bpp_0=1.196325; ', 'mse_1=0.000347; ', 'lpips_1=0.002433; ', 'codec_recon_1=0.290813; ', 'bpp_1=0.294858; ', 'mse_2=0.000300; ', 'lpips_2=0.002279; ', 'codec_recon_2=0.074286; ', 'bpp_2=0.275767; ']
train step[1287/1500] ; used: 19m:16s; eta: 3m:11s; loss = 0.372381; ['mse_0=0.003216; ', 'lpips_0=0.005351; ', 'codec_recon_0=0.022195; ', 'bpp_0=1.185211; ', 'mse_1=0.003409; ', 'lpips_1=0.004672; ', 'codec_recon_1=0.270653; ', 'bpp_1=0.292771; ', 'mse_2=0.003407; ', 'lpips_2=0.004533; ', 'codec_recon_2=0.079532; ', 'bpp_2=0.273102; ']
train step[1288/1500] ; used: 19m:17s; eta: 3m:10s; loss = 0.380929; ['mse_0=0.007463; ', 'lpips_0=0.007397; ', 'codec_recon_0=0.019388; ', 'bpp_0=1.195106; ', 'mse_1=0.007338; ', 'lpips_1=0.006707; ', 'codec_recon_1=0.288757; ', 'bpp_1=0.295020; ', 'mse_2=0.007484; ', 'lpips_2=0.006625; ', 'codec_recon_2=0.072783; ', 'bpp_2=0.273919; ']
train step[1289/1500] ; used: 19m:18s; eta: 3m:9s; loss = 0.355713; ['mse_0=0.000672; ', 'lpips_0=0.003775; ', 'codec_recon_0=0.018560; ', 'bpp_0=1.183390; ', 'mse_1=0.000515; ', 'lpips_1=0.002968; ', 'codec_recon_1=0.262017; ', 'bpp_1=0.292251; ', 'mse_2=0.000484; ', 'lpips_2=0.002794; ', 'codec_recon_2=0.075135; ', 'bpp_2=0.271125; ']
train step[1290/1500] ; used: 19m:18s; eta: 3m:8s; loss = 0.362083; ['mse_0=0.000579; ', 'lpips_0=0.003441; ', 'codec_recon_0=0.018916; ', 'bpp_0=1.192568; ', 'mse_1=0.000402; ', 'lpips_1=0.002645; ', 'codec_recon_1=0.271739; ', 'bpp_1=0.291383; ', 'mse_2=0.000369; ', 'lpips_2=0.002532; ', 'codec_recon_2=0.071427; ', 'bpp_2=0.269724; ']
train step[1291/1500] ; used: 19m:19s; eta: 3m:7s; loss = 0.385879; ['mse_0=0.001315; ', 'lpips_0=0.004052; ', 'codec_recon_0=0.018714; ', 'bpp_0=1.186266; ', 'mse_1=0.001084; ', 'lpips_1=0.003289; ', 'codec_recon_1=0.288298; ', 'bpp_1=0.294254; ', 'mse_2=0.001029; ', 'lpips_2=0.003179; ', 'codec_recon_2=0.078865; ', 'bpp_2=0.271518; ']
train step[1292/1500] ; used: 19m:20s; eta: 3m:6s; loss = 0.369289; ['mse_0=0.002308; ', 'lpips_0=0.004771; ', 'codec_recon_0=0.020099; ', 'bpp_0=1.180407; ', 'mse_1=0.002293; ', 'lpips_1=0.003880; ', 'codec_recon_1=0.274641; ', 'bpp_1=0.294605; ', 'mse_2=0.002276; ', 'lpips_2=0.003686; ', 'codec_recon_2=0.074547; ', 'bpp_2=0.273628; ']
train step[1293/1500] ; used: 19m:20s; eta: 3m:5s; loss = 0.357497; ['mse_0=0.000429; ', 'lpips_0=0.004066; ', 'codec_recon_0=0.021864; ', 'bpp_0=1.132472; ', 'mse_1=0.000350; ', 'lpips_1=0.003537; ', 'codec_recon_1=0.261440; ', 'bpp_1=0.288279; ', 'mse_2=0.000329; ', 'lpips_2=0.003449; ', 'codec_recon_2=0.074191; ', 'bpp_2=0.269457; ']
train step[1294/1500] ; used: 19m:21s; eta: 3m:4s; loss = 0.368494; ['mse_0=0.001090; ', 'lpips_0=0.004243; ', 'codec_recon_0=0.019176; ', 'bpp_0=1.173403; ', 'mse_1=0.000978; ', 'lpips_1=0.003317; ', 'codec_recon_1=0.273349; ', 'bpp_1=0.292122; ', 'mse_2=0.000955; ', 'lpips_2=0.003137; ', 'codec_recon_2=0.075968; ', 'bpp_2=0.269202; ']
train step[1295/1500] ; used: 19m:22s; eta: 3m:3s; loss = 0.449306; ['mse_0=0.002187; ', 'lpips_0=0.005355; ', 'codec_recon_0=0.017325; ', 'bpp_0=1.229331; ', 'mse_1=0.001088; ', 'lpips_1=0.003315; ', 'codec_recon_1=0.361188; ', 'bpp_1=0.298095; ', 'mse_2=0.001000; ', 'lpips_2=0.003031; ', 'codec_recon_2=0.070791; ', 'bpp_2=0.279609; ']
train step[1296/1500] ; used: 19m:22s; eta: 3m:2s; loss = 0.366110; ['mse_0=0.002026; ', 'lpips_0=0.004644; ', 'codec_recon_0=0.025927; ', 'bpp_0=1.179504; ', 'mse_1=0.001906; ', 'lpips_1=0.003985; ', 'codec_recon_1=0.256411; ', 'bpp_1=0.294753; ', 'mse_2=0.001866; ', 'lpips_2=0.003848; ', 'codec_recon_2=0.083771; ', 'bpp_2=0.273533; ']
train step[1297/1500] ; used: 19m:23s; eta: 3m:1s; loss = 0.399729; ['mse_0=0.001040; ', 'lpips_0=0.003517; ', 'codec_recon_0=0.017805; ', 'bpp_0=1.242975; ', 'mse_1=0.000701; ', 'lpips_1=0.002631; ', 'codec_recon_1=0.298503; ', 'bpp_1=0.298352; ', 'mse_2=0.000647; ', 'lpips_2=0.002431; ', 'codec_recon_2=0.083419; ', 'bpp_2=0.278409; ']
train step[1298/1500] ; used: 19m:24s; eta: 3m:1s; loss = 0.358492; ['mse_0=0.000906; ', 'lpips_0=0.004224; ', 'codec_recon_0=0.017102; ', 'bpp_0=1.198957; ', 'mse_1=0.000683; ', 'lpips_1=0.003369; ', 'codec_recon_1=0.268947; ', 'bpp_1=0.294736; ', 'mse_2=0.000619; ', 'lpips_2=0.003200; ', 'codec_recon_2=0.072441; ', 'bpp_2=0.273426; ']
train step[1299/1500] ; used: 19m:24s; eta: 3m; loss = 0.401735; ['mse_0=0.000808; ', 'lpips_0=0.003475; ', 'codec_recon_0=0.016953; ', 'bpp_0=1.221073; ', 'mse_1=0.000556; ', 'lpips_1=0.002412; ', 'codec_recon_1=0.303694; ', 'bpp_1=0.296481; ', 'mse_2=0.000502; ', 'lpips_2=0.002178; ', 'codec_recon_2=0.081087; ', 'bpp_2=0.275010; ']
train step[1300/1500] ; used: 19m:27s; eta: 2m:59s; loss = 0.353042; ['mse_0=0.001809; ', 'lpips_0=0.004177; ', 'codec_recon_0=0.017860; ', 'bpp_0=1.205651; ', 'mse_1=0.001581; ', 'lpips_1=0.003472; ', 'codec_recon_1=0.269036; ', 'bpp_1=0.294716; ', 'mse_2=0.001553; ', 'lpips_2=0.003325; ', 'codec_recon_2=0.066144; ', 'bpp_2=0.273659; ']
train step[1301/1500] ; used: 19m:28s; eta: 2m:58s; loss = 0.418222; ['mse_0=0.002080; ', 'lpips_0=0.004831; ', 'codec_recon_0=0.028372; ', 'bpp_0=1.170342; ', 'mse_1=0.001773; ', 'lpips_1=0.003682; ', 'codec_recon_1=0.296498; ', 'bpp_1=0.295311; ', 'mse_2=0.001721; ', 'lpips_2=0.003476; ', 'codec_recon_2=0.093349; ', 'bpp_2=0.274195; ']
train step[1302/1500] ; used: 19m:29s; eta: 2m:57s; loss = 0.336931; ['mse_0=0.000397; ', 'lpips_0=0.002818; ', 'codec_recon_0=0.019484; ', 'bpp_0=1.147859; ', 'mse_1=0.000281; ', 'lpips_1=0.002356; ', 'codec_recon_1=0.246572; ', 'bpp_1=0.288672; ', 'mse_2=0.000259; ', 'lpips_2=0.002279; ', 'codec_recon_2=0.070873; ', 'bpp_2=0.267976; ']
train step[1303/1500] ; used: 19m:30s; eta: 2m:56s; loss = 0.381850; ['mse_0=0.001180; ', 'lpips_0=0.003689; ', 'codec_recon_0=0.018692; ', 'bpp_0=1.194646; ', 'mse_1=0.001040; ', 'lpips_1=0.002934; ', 'codec_recon_1=0.286650; ', 'bpp_1=0.295734; ', 'mse_2=0.001045; ', 'lpips_2=0.002831; ', 'codec_recon_2=0.076506; ', 'bpp_2=0.274704; ']
train step[1304/1500] ; used: 19m:30s; eta: 2m:55s; loss = 0.446051; ['mse_0=0.000933; ', 'lpips_0=0.004415; ', 'codec_recon_0=0.020244; ', 'bpp_0=1.208997; ', 'mse_1=0.000648; ', 'lpips_1=0.002846; ', 'codec_recon_1=0.343391; ', 'bpp_1=0.298081; ', 'mse_2=0.000575; ', 'lpips_2=0.002510; ', 'codec_recon_2=0.082415; ', 'bpp_2=0.279533; ']
train step[1305/1500] ; used: 19m:31s; eta: 2m:54s; loss = 0.349785; ['mse_0=0.001381; ', 'lpips_0=0.005358; ', 'codec_recon_0=0.020782; ', 'bpp_0=1.161156; ', 'mse_1=0.001249; ', 'lpips_1=0.004577; ', 'codec_recon_1=0.249011; ', 'bpp_1=0.291713; ', 'mse_2=0.001230; ', 'lpips_2=0.004464; ', 'codec_recon_2=0.079990; ', 'bpp_2=0.269318; ']
train step[1306/1500] ; used: 19m:32s; eta: 2m:53s; loss = 0.370816; ['mse_0=0.000782; ', 'lpips_0=0.004518; ', 'codec_recon_0=0.017868; ', 'bpp_0=1.184341; ', 'mse_1=0.000576; ', 'lpips_1=0.003757; ', 'codec_recon_1=0.273053; ', 'bpp_1=0.292259; ', 'mse_2=0.000500; ', 'lpips_2=0.003571; ', 'codec_recon_2=0.079893; ', 'bpp_2=0.269600; ']
train step[1307/1500] ; used: 19m:32s; eta: 2m:53s; loss = 0.340833; ['mse_0=0.001400; ', 'lpips_0=0.004183; ', 'codec_recon_0=0.020137; ', 'bpp_0=1.193354; ', 'mse_1=0.001263; ', 'lpips_1=0.003491; ', 'codec_recon_1=0.243802; ', 'bpp_1=0.296008; ', 'mse_2=0.001221; ', 'lpips_2=0.003420; ', 'codec_recon_2=0.076891; ', 'bpp_2=0.274303; ']
train step[1308/1500] ; used: 19m:33s; eta: 2m:52s; loss = 0.453875; ['mse_0=0.001786; ', 'lpips_0=0.004975; ', 'codec_recon_0=0.018422; ', 'bpp_0=1.250204; ', 'mse_1=0.001083; ', 'lpips_1=0.003037; ', 'codec_recon_1=0.357149; ', 'bpp_1=0.300147; ', 'mse_2=0.000942; ', 'lpips_2=0.002696; ', 'codec_recon_2=0.078302; ', 'bpp_2=0.284694; ']
train step[1309/1500] ; used: 19m:34s; eta: 2m:51s; loss = 0.466500; ['mse_0=0.002745; ', 'lpips_0=0.007414; ', 'codec_recon_0=0.021699; ', 'bpp_0=1.215339; ', 'mse_1=0.002172; ', 'lpips_1=0.005901; ', 'codec_recon_1=0.366914; ', 'bpp_1=0.297119; ', 'mse_2=0.002025; ', 'lpips_2=0.005471; ', 'codec_recon_2=0.077884; ', 'bpp_2=0.279383; ']
train step[1310/1500] ; used: 19m:34s; eta: 2m:50s; loss = 0.360725; ['mse_0=0.001037; ', 'lpips_0=0.003628; ', 'codec_recon_0=0.022028; ', 'bpp_0=1.180712; ', 'mse_1=0.000805; ', 'lpips_1=0.002895; ', 'codec_recon_1=0.263457; ', 'bpp_1=0.288505; ', 'mse_2=0.000756; ', 'lpips_2=0.002703; ', 'codec_recon_2=0.075239; ', 'bpp_2=0.268745; ']
train step[1311/1500] ; used: 19m:35s; eta: 2m:49s; loss = 0.425184; ['mse_0=0.000930; ', 'lpips_0=0.003785; ', 'codec_recon_0=0.018570; ', 'bpp_0=1.181156; ', 'mse_1=0.000552; ', 'lpips_1=0.002662; ', 'codec_recon_1=0.331867; ', 'bpp_1=0.292692; ', 'mse_2=0.000457; ', 'lpips_2=0.002434; ', 'codec_recon_2=0.074746; ', 'bpp_2=0.273688; ']
train step[1312/1500] ; used: 19m:36s; eta: 2m:48s; loss = 0.465055; ['mse_0=0.003914; ', 'lpips_0=0.006383; ', 'codec_recon_0=0.018975; ', 'bpp_0=1.221211; ', 'mse_1=0.003723; ', 'lpips_1=0.004946; ', 'codec_recon_1=0.372984; ', 'bpp_1=0.295893; ', 'mse_2=0.003786; ', 'lpips_2=0.004811; ', 'codec_recon_2=0.073095; ', 'bpp_2=0.279646; ']
train step[1313/1500] ; used: 19m:36s; eta: 2m:47s; loss = 0.394933; ['mse_0=0.000721; ', 'lpips_0=0.004853; ', 'codec_recon_0=0.017660; ', 'bpp_0=1.173510; ', 'mse_1=0.000504; ', 'lpips_1=0.003689; ', 'codec_recon_1=0.300361; ', 'bpp_1=0.292452; ', 'mse_2=0.000463; ', 'lpips_2=0.003433; ', 'codec_recon_2=0.076911; ', 'bpp_2=0.271614; ']
train step[1314/1500] ; used: 19m:37s; eta: 2m:46s; loss = 0.361680; ['mse_0=0.000670; ', 'lpips_0=0.004351; ', 'codec_recon_0=0.023127; ', 'bpp_0=1.142315; ', 'mse_1=0.000569; ', 'lpips_1=0.003901; ', 'codec_recon_1=0.257879; ', 'bpp_1=0.291149; ', 'mse_2=0.000555; ', 'lpips_2=0.003799; ', 'codec_recon_2=0.080673; ', 'bpp_2=0.270421; ']
train step[1315/1500] ; used: 19m:38s; eta: 2m:45s; loss = 0.338415; ['mse_0=0.000719; ', 'lpips_0=0.002975; ', 'codec_recon_0=0.017058; ', 'bpp_0=1.184189; ', 'mse_1=0.000557; ', 'lpips_1=0.002266; ', 'codec_recon_1=0.248663; ', 'bpp_1=0.293442; ', 'mse_2=0.000510; ', 'lpips_2=0.002091; ', 'codec_recon_2=0.072693; ', 'bpp_2=0.269834; ']
train step[1316/1500] ; used: 19m:38s; eta: 2m:44s; loss = 0.362909; ['mse_0=0.000488; ', 'lpips_0=0.003824; ', 'codec_recon_0=0.018923; ', 'bpp_0=1.131799; ', 'mse_1=0.000363; ', 'lpips_1=0.003156; ', 'codec_recon_1=0.268290; ', 'bpp_1=0.289823; ', 'mse_2=0.000347; ', 'lpips_2=0.003059; ', 'codec_recon_2=0.075695; ', 'bpp_2=0.266173; ']
train step[1317/1500] ; used: 19m:39s; eta: 2m:43s; loss = 0.420327; ['mse_0=0.001829; ', 'lpips_0=0.005339; ', 'codec_recon_0=0.020795; ', 'bpp_0=1.211328; ', 'mse_1=0.001369; ', 'lpips_1=0.004239; ', 'codec_recon_1=0.318857; ', 'bpp_1=0.295039; ', 'mse_2=0.001281; ', 'lpips_2=0.003920; ', 'codec_recon_2=0.080672; ', 'bpp_2=0.277180; ']
train step[1318/1500] ; used: 19m:40s; eta: 2m:42s; loss = 0.457989; ['mse_0=0.001080; ', 'lpips_0=0.004938; ', 'codec_recon_0=0.017451; ', 'bpp_0=1.219117; ', 'mse_1=0.000429; ', 'lpips_1=0.002806; ', 'codec_recon_1=0.361578; ', 'bpp_1=0.295954; ', 'mse_2=0.000334; ', 'lpips_2=0.002545; ', 'codec_recon_2=0.078958; ', 'bpp_2=0.276178; ']
train step[1319/1500] ; used: 19m:40s; eta: 2m:41s; loss = 0.447039; ['mse_0=0.002200; ', 'lpips_0=0.005466; ', 'codec_recon_0=0.026141; ', 'bpp_0=1.215327; ', 'mse_1=0.001855; ', 'lpips_1=0.004321; ', 'codec_recon_1=0.325358; ', 'bpp_1=0.297437; ', 'mse_2=0.001745; ', 'lpips_2=0.004008; ', 'codec_recon_2=0.095539; ', 'bpp_2=0.279415; ']
train step[1320/1500] ; used: 19m:41s; eta: 2m:41s; loss = 0.386136; ['mse_0=0.000725; ', 'lpips_0=0.003520; ', 'codec_recon_0=0.019723; ', 'bpp_0=1.151101; ', 'mse_1=0.000401; ', 'lpips_1=0.002629; ', 'codec_recon_1=0.292293; ', 'bpp_1=0.291484; ', 'mse_2=0.000375; ', 'lpips_2=0.002549; ', 'codec_recon_2=0.074118; ', 'bpp_2=0.269944; ']
train step[1321/1500] ; used: 19m:42s; eta: 2m:40s; loss = 0.361387; ['mse_0=0.000582; ', 'lpips_0=0.004326; ', 'codec_recon_0=0.020674; ', 'bpp_0=1.165372; ', 'mse_1=0.000401; ', 'lpips_1=0.003579; ', 'codec_recon_1=0.262786; ', 'bpp_1=0.290872; ', 'mse_2=0.000379; ', 'lpips_2=0.003463; ', 'codec_recon_2=0.077925; ', 'bpp_2=0.270116; ']
train step[1322/1500] ; used: 19m:42s; eta: 2m:39s; loss = 0.380224; ['mse_0=0.001731; ', 'lpips_0=0.003336; ', 'codec_recon_0=0.017809; ', 'bpp_0=1.209458; ', 'mse_1=0.001392; ', 'lpips_1=0.002555; ', 'codec_recon_1=0.289176; ', 'bpp_1=0.296547; ', 'mse_2=0.001317; ', 'lpips_2=0.002440; ', 'codec_recon_2=0.073237; ', 'bpp_2=0.275005; ']
train step[1323/1500] ; used: 19m:43s; eta: 2m:38s; loss = 0.345927; ['mse_0=0.002119; ', 'lpips_0=0.004458; ', 'codec_recon_0=0.020717; ', 'bpp_0=1.187628; ', 'mse_1=0.001860; ', 'lpips_1=0.003797; ', 'codec_recon_1=0.249322; ', 'bpp_1=0.293530; ', 'mse_2=0.001838; ', 'lpips_2=0.003714; ', 'codec_recon_2=0.075887; ', 'bpp_2=0.274040; ']
train step[1324/1500] ; used: 19m:44s; eta: 2m:37s; loss = 0.355441; ['mse_0=0.001967; ', 'lpips_0=0.003832; ', 'codec_recon_0=0.018831; ', 'bpp_0=1.203041; ', 'mse_1=0.001592; ', 'lpips_1=0.002990; ', 'codec_recon_1=0.263967; ', 'bpp_1=0.296928; ', 'mse_2=0.001527; ', 'lpips_2=0.002791; ', 'codec_recon_2=0.072641; ', 'bpp_2=0.277257; ']
train step[1325/1500] ; used: 19m:44s; eta: 2m:36s; loss = 0.361902; ['mse_0=0.000619; ', 'lpips_0=0.005177; ', 'codec_recon_0=0.022771; ', 'bpp_0=1.151988; ', 'mse_1=0.000524; ', 'lpips_1=0.004386; ', 'codec_recon_1=0.260667; ', 'bpp_1=0.289674; ', 'mse_2=0.000506; ', 'lpips_2=0.004238; ', 'codec_recon_2=0.078462; ', 'bpp_2=0.269268; ']
train step[1326/1500] ; used: 19m:45s; eta: 2m:35s; loss = 0.345464; ['mse_0=0.000383; ', 'lpips_0=0.003073; ', 'codec_recon_0=0.017284; ', 'bpp_0=1.154902; ', 'mse_1=0.000258; ', 'lpips_1=0.002512; ', 'codec_recon_1=0.255928; ', 'bpp_1=0.289865; ', 'mse_2=0.000254; ', 'lpips_2=0.002505; ', 'codec_recon_2=0.072251; ', 'bpp_2=0.267274; ']
train step[1327/1500] ; used: 19m:46s; eta: 2m:34s; loss = 0.423890; ['mse_0=0.001488; ', 'lpips_0=0.005092; ', 'codec_recon_0=0.018274; ', 'bpp_0=1.201845; ', 'mse_1=0.001065; ', 'lpips_1=0.003763; ', 'codec_recon_1=0.325603; ', 'bpp_1=0.296273; ', 'mse_2=0.000965; ', 'lpips_2=0.003506; ', 'codec_recon_2=0.080011; ', 'bpp_2=0.278112; ']
train step[1328/1500] ; used: 19m:46s; eta: 2m:33s; loss = 0.388842; ['mse_0=0.001004; ', 'lpips_0=0.003518; ', 'codec_recon_0=0.017347; ', 'bpp_0=1.209343; ', 'mse_1=0.000654; ', 'lpips_1=0.002506; ', 'codec_recon_1=0.299195; ', 'bpp_1=0.294919; ', 'mse_2=0.000591; ', 'lpips_2=0.002339; ', 'codec_recon_2=0.072297; ', 'bpp_2=0.274538; ']
train step[1329/1500] ; used: 19m:47s; eta: 2m:32s; loss = 0.380370; ['mse_0=0.001060; ', 'lpips_0=0.005001; ', 'codec_recon_0=0.019082; ', 'bpp_0=1.185544; ', 'mse_1=0.000884; ', 'lpips_1=0.004250; ', 'codec_recon_1=0.283611; ', 'bpp_1=0.291597; ', 'mse_2=0.000853; ', 'lpips_2=0.004054; ', 'codec_recon_2=0.077675; ', 'bpp_2=0.271517; ']
train step[1330/1500] ; used: 19m:48s; eta: 2m:31s; loss = 0.375367; ['mse_0=0.001079; ', 'lpips_0=0.003803; ', 'codec_recon_0=0.018902; ', 'bpp_0=1.189923; ', 'mse_1=0.000735; ', 'lpips_1=0.002759; ', 'codec_recon_1=0.284407; ', 'bpp_1=0.295908; ', 'mse_2=0.000658; ', 'lpips_2=0.002536; ', 'codec_recon_2=0.072056; ', 'bpp_2=0.275767; ']
train step[1331/1500] ; used: 19m:48s; eta: 2m:30s; loss = 0.342480; ['mse_0=0.002271; ', 'lpips_0=0.003923; ', 'codec_recon_0=0.019260; ', 'bpp_0=1.153857; ', 'mse_1=0.001936; ', 'lpips_1=0.003170; ', 'codec_recon_1=0.254551; ', 'bpp_1=0.293915; ', 'mse_2=0.001876; ', 'lpips_2=0.003030; ', 'codec_recon_2=0.068667; ', 'bpp_2=0.271786; ']
train step[1332/1500] ; used: 19m:49s; eta: 2m:29s; loss = 0.344054; ['mse_0=0.000379; ', 'lpips_0=0.003705; ', 'codec_recon_0=0.019357; ', 'bpp_0=1.146985; ', 'mse_1=0.000307; ', 'lpips_1=0.003277; ', 'codec_recon_1=0.248998; ', 'bpp_1=0.289490; ', 'mse_2=0.000298; ', 'lpips_2=0.003156; ', 'codec_recon_2=0.075697; ', 'bpp_2=0.267782; ']
train step[1333/1500] ; used: 19m:50s; eta: 2m:29s; loss = 0.374953; ['mse_0=0.001218; ', 'lpips_0=0.003192; ', 'codec_recon_0=0.017823; ', 'bpp_0=1.207351; ', 'mse_1=0.000741; ', 'lpips_1=0.002337; ', 'codec_recon_1=0.286200; ', 'bpp_1=0.296294; ', 'mse_2=0.000692; ', 'lpips_2=0.002219; ', 'codec_recon_2=0.070928; ', 'bpp_2=0.275526; ']
train step[1334/1500] ; used: 19m:51s; eta: 2m:28s; loss = 0.385819; ['mse_0=0.000951; ', 'lpips_0=0.004416; ', 'codec_recon_0=0.019599; ', 'bpp_0=1.202031; ', 'mse_1=0.000729; ', 'lpips_1=0.003832; ', 'codec_recon_1=0.284484; ', 'bpp_1=0.295545; ', 'mse_2=0.000686; ', 'lpips_2=0.003692; ', 'codec_recon_2=0.081735; ', 'bpp_2=0.275773; ']
train step[1335/1500] ; used: 19m:51s; eta: 2m:27s; loss = 0.417247; ['mse_0=0.003948; ', 'lpips_0=0.007986; ', 'codec_recon_0=0.021075; ', 'bpp_0=1.184391; ', 'mse_1=0.003640; ', 'lpips_1=0.007329; ', 'codec_recon_1=0.320884; ', 'bpp_1=0.295145; ', 'mse_2=0.003663; ', 'lpips_2=0.007332; ', 'codec_recon_2=0.075287; ', 'bpp_2=0.277092; ']
train step[1336/1500] ; used: 19m:52s; eta: 2m:26s; loss = 0.446551; ['mse_0=0.002112; ', 'lpips_0=0.005904; ', 'codec_recon_0=0.018142; ', 'bpp_0=1.220879; ', 'mse_1=0.001701; ', 'lpips_1=0.004722; ', 'codec_recon_1=0.352450; ', 'bpp_1=0.298174; ', 'mse_2=0.001651; ', 'lpips_2=0.004531; ', 'codec_recon_2=0.075958; ', 'bpp_2=0.281090; ']
train step[1337/1500] ; used: 19m:53s; eta: 2m:25s; loss = 0.356016; ['mse_0=0.000882; ', 'lpips_0=0.004220; ', 'codec_recon_0=0.019348; ', 'bpp_0=1.183891; ', 'mse_1=0.000721; ', 'lpips_1=0.003727; ', 'codec_recon_1=0.259254; ', 'bpp_1=0.294202; ', 'mse_2=0.000702; ', 'lpips_2=0.003637; ', 'codec_recon_2=0.077412; ', 'bpp_2=0.273824; ']
train step[1338/1500] ; used: 19m:53s; eta: 2m:24s; loss = 0.454337; ['mse_0=0.002765; ', 'lpips_0=0.005600; ', 'codec_recon_0=0.023410; ', 'bpp_0=1.254184; ', 'mse_1=0.002525; ', 'lpips_1=0.004212; ', 'codec_recon_1=0.351773; ', 'bpp_1=0.299352; ', 'mse_2=0.002509; ', 'lpips_2=0.004055; ', 'codec_recon_2=0.079152; ', 'bpp_2=0.282698; ']
train step[1339/1500] ; used: 19m:54s; eta: 2m:23s; loss = 0.480649; ['mse_0=0.001649; ', 'lpips_0=0.005223; ', 'codec_recon_0=0.018414; ', 'bpp_0=1.246387; ', 'mse_1=0.000987; ', 'lpips_1=0.003129; ', 'codec_recon_1=0.385051; ', 'bpp_1=0.298307; ', 'mse_2=0.000880; ', 'lpips_2=0.002823; ', 'codec_recon_2=0.077182; ', 'bpp_2=0.282172; ']
train step[1340/1500] ; used: 19m:54s; eta: 2m:22s; loss = 0.365097; ['mse_0=0.000712; ', 'lpips_0=0.004207; ', 'codec_recon_0=0.023650; ', 'bpp_0=1.129013; ', 'mse_1=0.000629; ', 'lpips_1=0.003624; ', 'codec_recon_1=0.263101; ', 'bpp_1=0.288567; ', 'mse_2=0.000598; ', 'lpips_2=0.003519; ', 'codec_recon_2=0.078344; ', 'bpp_2=0.271534; ']
train step[1341/1500] ; used: 19m:55s; eta: 2m:21s; loss = 0.362178; ['mse_0=0.000981; ', 'lpips_0=0.003403; ', 'codec_recon_0=0.018132; ', 'bpp_0=1.188593; ', 'mse_1=0.000856; ', 'lpips_1=0.002791; ', 'codec_recon_1=0.270542; ', 'bpp_1=0.294182; ', 'mse_2=0.000846; ', 'lpips_2=0.002678; ', 'codec_recon_2=0.073502; ', 'bpp_2=0.272749; ']
train step[1342/1500] ; used: 19m:56s; eta: 2m:20s; loss = 0.397705; ['mse_0=0.001371; ', 'lpips_0=0.004785; ', 'codec_recon_0=0.018718; ', 'bpp_0=1.200625; ', 'mse_1=0.001005; ', 'lpips_1=0.003638; ', 'codec_recon_1=0.306215; ', 'bpp_1=0.295953; ', 'mse_2=0.000975; ', 'lpips_2=0.003502; ', 'codec_recon_2=0.072770; ', 'bpp_2=0.276484; ']
train step[1343/1500] ; used: 19m:56s; eta: 2m:19s; loss = 0.365173; ['mse_0=0.000554; ', 'lpips_0=0.004229; ', 'codec_recon_0=0.022502; ', 'bpp_0=1.141279; ', 'mse_1=0.000482; ', 'lpips_1=0.003700; ', 'codec_recon_1=0.263597; ', 'bpp_1=0.287674; ', 'mse_2=0.000461; ', 'lpips_2=0.003602; ', 'codec_recon_2=0.079073; ', 'bpp_2=0.266958; ']
train step[1344/1500] ; used: 19m:57s; eta: 2m:18s; loss = 0.357683; ['mse_0=0.001410; ', 'lpips_0=0.004990; ', 'codec_recon_0=0.019313; ', 'bpp_0=1.169857; ', 'mse_1=0.001147; ', 'lpips_1=0.004353; ', 'codec_recon_1=0.269383; ', 'bpp_1=0.293299; ', 'mse_2=0.001121; ', 'lpips_2=0.004315; ', 'codec_recon_2=0.068985; ', 'bpp_2=0.271958; ']
train step[1345/1500] ; used: 19m:58s; eta: 2m:17s; loss = 0.391511; ['mse_0=0.002249; ', 'lpips_0=0.005733; ', 'codec_recon_0=0.016824; ', 'bpp_0=1.195388; ', 'mse_1=0.001858; ', 'lpips_1=0.004485; ', 'codec_recon_1=0.299452; ', 'bpp_1=0.296691; ', 'mse_2=0.001767; ', 'lpips_2=0.004196; ', 'codec_recon_2=0.075233; ', 'bpp_2=0.276292; ']
train step[1346/1500] ; used: 19m:58s; eta: 2m:17s; loss = 0.419993; ['mse_0=0.003294; ', 'lpips_0=0.005789; ', 'codec_recon_0=0.016823; ', 'bpp_0=1.266662; ', 'mse_1=0.002253; ', 'lpips_1=0.004217; ', 'codec_recon_1=0.335299; ', 'bpp_1=0.303085; ', 'mse_2=0.001987; ', 'lpips_2=0.003892; ', 'codec_recon_2=0.067869; ', 'bpp_2=0.286874; ']
train step[1347/1500] ; used: 19m:59s; eta: 2m:16s; loss = 0.376468; ['mse_0=0.001201; ', 'lpips_0=0.004588; ', 'codec_recon_0=0.018997; ', 'bpp_0=1.207544; ', 'mse_1=0.000833; ', 'lpips_1=0.003766; ', 'codec_recon_1=0.286874; ', 'bpp_1=0.295976; ', 'mse_2=0.000776; ', 'lpips_2=0.003642; ', 'codec_recon_2=0.070595; ', 'bpp_2=0.277148; ']
train step[1348/1500] ; used: 20m; eta: 2m:15s; loss = 0.409964; ['mse_0=0.002935; ', 'lpips_0=0.004969; ', 'codec_recon_0=0.018468; ', 'bpp_0=1.212699; ', 'mse_1=0.002733; ', 'lpips_1=0.003956; ', 'codec_recon_1=0.312248; ', 'bpp_1=0.295834; ', 'mse_2=0.002699; ', 'lpips_2=0.003692; ', 'codec_recon_2=0.079246; ', 'bpp_2=0.275239; ']
train step[1349/1500] ; used: 20m:1s; eta: 2m:14s; loss = 0.419284; ['mse_0=0.001521; ', 'lpips_0=0.003972; ', 'codec_recon_0=0.016338; ', 'bpp_0=1.255136; ', 'mse_1=0.000845; ', 'lpips_1=0.002455; ', 'codec_recon_1=0.329327; ', 'bpp_1=0.300601; ', 'mse_2=0.000672; ', 'lpips_2=0.002098; ', 'codec_recon_2=0.073617; ', 'bpp_2=0.282903; ']
train step[1350/1500] ; used: 20m:1s; eta: 2m:13s; loss = 0.391688; ['mse_0=0.001022; ', 'lpips_0=0.003608; ', 'codec_recon_0=0.017220; ', 'bpp_0=1.208817; ', 'mse_1=0.000712; ', 'lpips_1=0.002591; ', 'codec_recon_1=0.301905; ', 'bpp_1=0.297817; ', 'mse_2=0.000658; ', 'lpips_2=0.002403; ', 'codec_recon_2=0.072561; ', 'bpp_2=0.278050; ']
train step[1351/1500] ; used: 20m:2s; eta: 2m:12s; loss = 0.443635; ['mse_0=0.002041; ', 'lpips_0=0.005218; ', 'codec_recon_0=0.033607; ', 'bpp_0=1.148895; ', 'mse_1=0.001907; ', 'lpips_1=0.004648; ', 'codec_recon_1=0.278990; ', 'bpp_1=0.292008; ', 'mse_2=0.001882; ', 'lpips_2=0.004552; ', 'codec_recon_2=0.131035; ', 'bpp_2=0.270290; ']
train step[1352/1500] ; used: 20m:3s; eta: 2m:11s; loss = 0.447619; ['mse_0=0.001383; ', 'lpips_0=0.005073; ', 'codec_recon_0=0.017334; ', 'bpp_0=1.218640; ', 'mse_1=0.000879; ', 'lpips_1=0.003605; ', 'codec_recon_1=0.360733; ', 'bpp_1=0.297557; ', 'mse_2=0.000798; ', 'lpips_2=0.003384; ', 'codec_recon_2=0.069550; ', 'bpp_2=0.279997; ']
train step[1353/1500] ; used: 20m:3s; eta: 2m:10s; loss = 0.376365; ['mse_0=0.000976; ', 'lpips_0=0.004388; ', 'codec_recon_0=0.030160; ', 'bpp_0=1.130966; ', 'mse_1=0.000858; ', 'lpips_1=0.003635; ', 'codec_recon_1=0.266607; ', 'bpp_1=0.285290; ', 'mse_2=0.000820; ', 'lpips_2=0.003459; ', 'codec_recon_2=0.079596; ', 'bpp_2=0.265609; ']
train step[1354/1500] ; used: 20m:4s; eta: 2m:9s; loss = 0.362025; ['mse_0=0.000313; ', 'lpips_0=0.003756; ', 'codec_recon_0=0.018130; ', 'bpp_0=1.168047; ', 'mse_1=0.000210; ', 'lpips_1=0.003074; ', 'codec_recon_1=0.269599; ', 'bpp_1=0.291308; ', 'mse_2=0.000197; ', 'lpips_2=0.002975; ', 'codec_recon_2=0.074294; ', 'bpp_2=0.269732; ']
train step[1355/1500] ; used: 20m:5s; eta: 2m:8s; loss = 0.386587; ['mse_0=0.001048; ', 'lpips_0=0.003779; ', 'codec_recon_0=0.017681; ', 'bpp_0=1.191850; ', 'mse_1=0.000742; ', 'lpips_1=0.002951; ', 'codec_recon_1=0.298185; ', 'bpp_1=0.295481; ', 'mse_2=0.000713; ', 'lpips_2=0.002845; ', 'codec_recon_2=0.070719; ', 'bpp_2=0.276020; ']
train step[1356/1500] ; used: 20m:5s; eta: 2m:7s; loss = 0.331082; ['mse_0=0.000881; ', 'lpips_0=0.004923; ', 'codec_recon_0=0.020975; ', 'bpp_0=1.150672; ', 'mse_1=0.000782; ', 'lpips_1=0.004265; ', 'codec_recon_1=0.246702; ', 'bpp_1=0.287630; ', 'mse_2=0.000788; ', 'lpips_2=0.004199; ', 'codec_recon_2=0.063403; ', 'bpp_2=0.268954; ']
train step[1357/1500] ; used: 20m:6s; eta: 2m:7s; loss = 0.360712; ['mse_0=0.002419; ', 'lpips_0=0.004678; ', 'codec_recon_0=0.023484; ', 'bpp_0=1.154420; ', 'mse_1=0.002151; ', 'lpips_1=0.003874; ', 'codec_recon_1=0.259058; ', 'bpp_1=0.290273; ', 'mse_2=0.002104; ', 'lpips_2=0.003690; ', 'codec_recon_2=0.078168; ', 'bpp_2=0.269962; ']
train step[1358/1500] ; used: 20m:6s; eta: 2m:6s; loss = 0.383873; ['mse_0=0.001977; ', 'lpips_0=0.003359; ', 'codec_recon_0=0.019149; ', 'bpp_0=1.257459; ', 'mse_1=0.001644; ', 'lpips_1=0.002331; ', 'codec_recon_1=0.293436; ', 'bpp_1=0.298574; ', 'mse_2=0.001559; ', 'lpips_2=0.002124; ', 'codec_recon_2=0.071286; ', 'bpp_2=0.279407; ']
train step[1359/1500] ; used: 20m:7s; eta: 2m:5s; loss = 0.349405; ['mse_0=0.000350; ', 'lpips_0=0.003317; ', 'codec_recon_0=0.019467; ', 'bpp_0=1.152768; ', 'mse_1=0.000258; ', 'lpips_1=0.002721; ', 'codec_recon_1=0.257856; ', 'bpp_1=0.288200; ', 'mse_2=0.000235; ', 'lpips_2=0.002618; ', 'codec_recon_2=0.072080; ', 'bpp_2=0.268302; ']
train step[1360/1500] ; used: 20m:8s; eta: 2m:4s; loss = 0.387752; ['mse_0=0.002361; ', 'lpips_0=0.004263; ', 'codec_recon_0=0.017479; ', 'bpp_0=1.217471; ', 'mse_1=0.002115; ', 'lpips_1=0.003344; ', 'codec_recon_1=0.300790; ', 'bpp_1=0.298075; ', 'mse_2=0.002055; ', 'lpips_2=0.003221; ', 'codec_recon_2=0.069481; ', 'bpp_2=0.278143; ']
train step[1361/1500] ; used: 20m:8s; eta: 2m:3s; loss = 0.370103; ['mse_0=0.001171; ', 'lpips_0=0.005246; ', 'codec_recon_0=0.018601; ', 'bpp_0=1.212945; ', 'mse_1=0.000956; ', 'lpips_1=0.004640; ', 'codec_recon_1=0.268586; ', 'bpp_1=0.297455; ', 'mse_2=0.000964; ', 'lpips_2=0.004520; ', 'codec_recon_2=0.082914; ', 'bpp_2=0.278549; ']
train step[1362/1500] ; used: 20m:9s; eta: 2m:2s; loss = 0.369092; ['mse_0=0.000778; ', 'lpips_0=0.003547; ', 'codec_recon_0=0.016597; ', 'bpp_0=1.185837; ', 'mse_1=0.000558; ', 'lpips_1=0.002772; ', 'codec_recon_1=0.278861; ', 'bpp_1=0.293935; ', 'mse_2=0.000526; ', 'lpips_2=0.002643; ', 'codec_recon_2=0.073631; ', 'bpp_2=0.270901; ']
train step[1363/1500] ; used: 20m:10s; eta: 2m:1s; loss = 0.412053; ['mse_0=0.000758; ', 'lpips_0=0.003638; ', 'codec_recon_0=0.017773; ', 'bpp_0=1.231925; ', 'mse_1=0.000398; ', 'lpips_1=0.002586; ', 'codec_recon_1=0.317117; ', 'bpp_1=0.298688; ', 'mse_2=0.000355; ', 'lpips_2=0.002504; ', 'codec_recon_2=0.077161; ', 'bpp_2=0.279778; ']
train step[1364/1500] ; used: 20m:10s; eta: 2m; loss = 0.372766; ['mse_0=0.000384; ', 'lpips_0=0.002668; ', 'codec_recon_0=0.016314; ', 'bpp_0=1.186662; ', 'mse_1=0.000223; ', 'lpips_1=0.001859; ', 'codec_recon_1=0.279510; ', 'bpp_1=0.294317; ', 'mse_2=0.000189; ', 'lpips_2=0.001749; ', 'codec_recon_2=0.076941; ', 'bpp_2=0.272719; ']
train step[1365/1500] ; used: 20m:11s; eta: 1m:59s; loss = 0.373296; ['mse_0=0.001132; ', 'lpips_0=0.003399; ', 'codec_recon_0=0.021370; ', 'bpp_0=1.165759; ', 'mse_1=0.000883; ', 'lpips_1=0.002651; ', 'codec_recon_1=0.272966; ', 'bpp_1=0.293017; ', 'mse_2=0.000816; ', 'lpips_2=0.002451; ', 'codec_recon_2=0.078958; ', 'bpp_2=0.272062; ']
train step[1366/1500] ; used: 20m:12s; eta: 1m:58s; loss = 0.406013; ['mse_0=0.003081; ', 'lpips_0=0.005501; ', 'codec_recon_0=0.016641; ', 'bpp_0=1.220260; ', 'mse_1=0.003009; ', 'lpips_1=0.004590; ', 'codec_recon_1=0.312858; ', 'bpp_1=0.299382; ', 'mse_2=0.003006; ', 'lpips_2=0.004408; ', 'codec_recon_2=0.076512; ', 'bpp_2=0.279251; ']
train step[1367/1500] ; used: 20m:12s; eta: 1m:57s; loss = 0.440082; ['mse_0=0.001223; ', 'lpips_0=0.003926; ', 'codec_recon_0=0.016910; ', 'bpp_0=1.243281; ', 'mse_1=0.000641; ', 'lpips_1=0.002317; ', 'codec_recon_1=0.352699; ', 'bpp_1=0.299085; ', 'mse_2=0.000529; ', 'lpips_2=0.002092; ', 'codec_recon_2=0.070471; ', 'bpp_2=0.281131; ']
train step[1368/1500] ; used: 20m:13s; eta: 1m:57s; loss = 0.408222; ['mse_0=0.000490; ', 'lpips_0=0.003705; ', 'codec_recon_0=0.018649; ', 'bpp_0=1.202024; ', 'mse_1=0.000322; ', 'lpips_1=0.002797; ', 'codec_recon_1=0.306605; ', 'bpp_1=0.295208; ', 'mse_2=0.000297; ', 'lpips_2=0.002614; ', 'codec_recon_2=0.082966; ', 'bpp_2=0.275272; ']
train step[1369/1500] ; used: 20m:14s; eta: 1m:56s; loss = 0.337546; ['mse_0=0.001034; ', 'lpips_0=0.003159; ', 'codec_recon_0=0.016216; ', 'bpp_0=1.176238; ', 'mse_1=0.000654; ', 'lpips_1=0.002606; ', 'codec_recon_1=0.258601; ', 'bpp_1=0.293811; ', 'mse_2=0.000608; ', 'lpips_2=0.002524; ', 'codec_recon_2=0.062727; ', 'bpp_2=0.272923; ']
train step[1370/1500] ; used: 20m:15s; eta: 1m:55s; loss = 0.329382; ['mse_0=0.000563; ', 'lpips_0=0.003367; ', 'codec_recon_0=0.018980; ', 'bpp_0=1.178974; ', 'mse_1=0.000474; ', 'lpips_1=0.002819; ', 'codec_recon_1=0.237600; ', 'bpp_1=0.290556; ', 'mse_2=0.000426; ', 'lpips_2=0.002686; ', 'codec_recon_2=0.072800; ', 'bpp_2=0.269828; ']
train step[1371/1500] ; used: 20m:15s; eta: 1m:54s; loss = 0.451035; ['mse_0=0.001603; ', 'lpips_0=0.004205; ', 'codec_recon_0=0.018949; ', 'bpp_0=1.246628; ', 'mse_1=0.001242; ', 'lpips_1=0.002969; ', 'codec_recon_1=0.348622; ', 'bpp_1=0.300587; ', 'mse_2=0.001204; ', 'lpips_2=0.002805; ', 'codec_recon_2=0.083462; ', 'bpp_2=0.282458; ']
train step[1372/1500] ; used: 20m:16s; eta: 1m:53s; loss = 0.355323; ['mse_0=0.002259; ', 'lpips_0=0.005774; ', 'codec_recon_0=0.019115; ', 'bpp_0=1.144803; ', 'mse_1=0.001970; ', 'lpips_1=0.004925; ', 'codec_recon_1=0.265817; ', 'bpp_1=0.291688; ', 'mse_2=0.001940; ', 'lpips_2=0.004771; ', 'codec_recon_2=0.070389; ', 'bpp_2=0.269905; ']
train step[1373/1500] ; used: 20m:17s; eta: 1m:52s; loss = 0.366450; ['mse_0=0.000964; ', 'lpips_0=0.003734; ', 'codec_recon_0=0.018727; ', 'bpp_0=1.196618; ', 'mse_1=0.000713; ', 'lpips_1=0.002950; ', 'codec_recon_1=0.270556; ', 'bpp_1=0.294582; ', 'mse_2=0.000657; ', 'lpips_2=0.002736; ', 'codec_recon_2=0.077165; ', 'bpp_2=0.273089; ']
train step[1374/1500] ; used: 20m:17s; eta: 1m:51s; loss = 0.342683; ['mse_0=0.001300; ', 'lpips_0=0.003540; ', 'codec_recon_0=0.017859; ', 'bpp_0=1.193511; ', 'mse_1=0.001122; ', 'lpips_1=0.002879; ', 'codec_recon_1=0.255142; ', 'bpp_1=0.294305; ', 'mse_2=0.001097; ', 'lpips_2=0.002760; ', 'codec_recon_2=0.069680; ', 'bpp_2=0.271493; ']
train step[1375/1500] ; used: 20m:18s; eta: 1m:50s; loss = 0.438613; ['mse_0=0.002550; ', 'lpips_0=0.007388; ', 'codec_recon_0=0.020108; ', 'bpp_0=1.217756; ', 'mse_1=0.002084; ', 'lpips_1=0.006128; ', 'codec_recon_1=0.339783; ', 'bpp_1=0.297058; ', 'mse_2=0.001993; ', 'lpips_2=0.005818; ', 'codec_recon_2=0.078720; ', 'bpp_2=0.281356; ']
train step[1376/1500] ; used: 20m:19s; eta: 1m:49s; loss = 0.356591; ['mse_0=0.001396; ', 'lpips_0=0.005769; ', 'codec_recon_0=0.021698; ', 'bpp_0=1.138340; ', 'mse_1=0.001156; ', 'lpips_1=0.005132; ', 'codec_recon_1=0.260179; ', 'bpp_1=0.289936; ', 'mse_2=0.001135; ', 'lpips_2=0.005077; ', 'codec_recon_2=0.074712; ', 'bpp_2=0.270343; ']
train step[1377/1500] ; used: 20m:20s; eta: 1m:48s; loss = 0.367197; ['mse_0=0.000935; ', 'lpips_0=0.003539; ', 'codec_recon_0=0.016979; ', 'bpp_0=1.222103; ', 'mse_1=0.000661; ', 'lpips_1=0.002723; ', 'codec_recon_1=0.278961; ', 'bpp_1=0.296768; ', 'mse_2=0.000622; ', 'lpips_2=0.002535; ', 'codec_recon_2=0.071254; ', 'bpp_2=0.277475; ']
train step[1378/1500] ; used: 20m:20s; eta: 1m:48s; loss = 0.371823; ['mse_0=0.000939; ', 'lpips_0=0.003586; ', 'codec_recon_0=0.018608; ', 'bpp_0=1.166137; ', 'mse_1=0.000630; ', 'lpips_1=0.002691; ', 'codec_recon_1=0.287669; ', 'bpp_1=0.294593; ', 'mse_2=0.000563; ', 'lpips_2=0.002512; ', 'codec_recon_2=0.065544; ', 'bpp_2=0.273148; ']
train step[1379/1500] ; used: 20m:21s; eta: 1m:47s; loss = 0.337287; ['mse_0=0.000663; ', 'lpips_0=0.002676; ', 'codec_recon_0=0.016404; ', 'bpp_0=1.192499; ', 'mse_1=0.000348; ', 'lpips_1=0.001928; ', 'codec_recon_1=0.258066; ', 'bpp_1=0.293630; ', 'mse_2=0.000298; ', 'lpips_2=0.001824; ', 'codec_recon_2=0.062816; ', 'bpp_2=0.272711; ']
train step[1380/1500] ; used: 20m:22s; eta: 1m:46s; loss = 0.387950; ['mse_0=0.001533; ', 'lpips_0=0.005926; ', 'codec_recon_0=0.027750; ', 'bpp_0=1.165034; ', 'mse_1=0.001427; ', 'lpips_1=0.005338; ', 'codec_recon_1=0.263966; ', 'bpp_1=0.287564; ', 'mse_2=0.001406; ', 'lpips_2=0.005250; ', 'codec_recon_2=0.096232; ', 'bpp_2=0.269901; ']
train step[1381/1500] ; used: 20m:22s; eta: 1m:45s; loss = 0.337699; ['mse_0=0.000451; ', 'lpips_0=0.003808; ', 'codec_recon_0=0.020185; ', 'bpp_0=1.110219; ', 'mse_1=0.000341; ', 'lpips_1=0.003266; ', 'codec_recon_1=0.251833; ', 'bpp_1=0.288122; ', 'mse_2=0.000321; ', 'lpips_2=0.003150; ', 'codec_recon_2=0.065679; ', 'bpp_2=0.268709; ']
train step[1382/1500] ; used: 20m:23s; eta: 1m:44s; loss = 0.340074; ['mse_0=0.001230; ', 'lpips_0=0.004292; ', 'codec_recon_0=0.018763; ', 'bpp_0=1.176791; ', 'mse_1=0.001075; ', 'lpips_1=0.003586; ', 'codec_recon_1=0.250663; ', 'bpp_1=0.290734; ', 'mse_2=0.001051; ', 'lpips_2=0.003421; ', 'codec_recon_2=0.070647; ', 'bpp_2=0.269839; ']
train step[1383/1500] ; used: 20m:24s; eta: 1m:43s; loss = 0.413112; ['mse_0=0.002039; ', 'lpips_0=0.004903; ', 'codec_recon_0=0.033277; ', 'bpp_0=1.161806; ', 'mse_1=0.001897; ', 'lpips_1=0.004202; ', 'codec_recon_1=0.278038; ', 'bpp_1=0.288474; ', 'mse_2=0.001886; ', 'lpips_2=0.004082; ', 'codec_recon_2=0.101796; ', 'bpp_2=0.266222; ']
train step[1384/1500] ; used: 20m:25s; eta: 1m:42s; loss = 0.387208; ['mse_0=0.001957; ', 'lpips_0=0.003840; ', 'codec_recon_0=0.018317; ', 'bpp_0=1.203159; ', 'mse_1=0.001474; ', 'lpips_1=0.002898; ', 'codec_recon_1=0.294738; ', 'bpp_1=0.292729; ', 'mse_2=0.001384; ', 'lpips_2=0.002701; ', 'codec_recon_2=0.074151; ', 'bpp_2=0.270075; ']
train step[1385/1500] ; used: 20m:25s; eta: 1m:41s; loss = 0.404866; ['mse_0=0.000786; ', 'lpips_0=0.003986; ', 'codec_recon_0=0.017551; ', 'bpp_0=1.227688; ', 'mse_1=0.000438; ', 'lpips_1=0.002734; ', 'codec_recon_1=0.311342; ', 'bpp_1=0.296547; ', 'mse_2=0.000397; ', 'lpips_2=0.002554; ', 'codec_recon_2=0.075971; ', 'bpp_2=0.276223; ']
train step[1386/1500] ; used: 20m:26s; eta: 1m:40s; loss = 0.367763; ['mse_0=0.000958; ', 'lpips_0=0.003872; ', 'codec_recon_0=0.018095; ', 'bpp_0=1.168056; ', 'mse_1=0.000538; ', 'lpips_1=0.002987; ', 'codec_recon_1=0.283501; ', 'bpp_1=0.291426; ', 'mse_2=0.000492; ', 'lpips_2=0.002889; ', 'codec_recon_2=0.066165; ', 'bpp_2=0.270214; ']
train step[1387/1500] ; used: 20m:27s; eta: 1m:39s; loss = 0.368830; ['mse_0=0.001048; ', 'lpips_0=0.003914; ', 'codec_recon_0=0.017790; ', 'bpp_0=1.186866; ', 'mse_1=0.000842; ', 'lpips_1=0.003180; ', 'codec_recon_1=0.280992; ', 'bpp_1=0.292692; ', 'mse_2=0.000803; ', 'lpips_2=0.003080; ', 'codec_recon_2=0.070047; ', 'bpp_2=0.271738; ']
train step[1388/1500] ; used: 20m:27s; eta: 1m:39s; loss = 0.365862; ['mse_0=0.005774; ', 'lpips_0=0.009320; ', 'codec_recon_0=0.025040; ', 'bpp_0=1.141868; ', 'mse_1=0.005673; ', 'lpips_1=0.008813; ', 'codec_recon_1=0.263060; ', 'bpp_1=0.290671; ', 'mse_2=0.005665; ', 'lpips_2=0.008749; ', 'codec_recon_2=0.077761; ', 'bpp_2=0.272878; ']
train step[1389/1500] ; used: 20m:28s; eta: 1m:38s; loss = 0.395261; ['mse_0=0.001703; ', 'lpips_0=0.004478; ', 'codec_recon_0=0.021537; ', 'bpp_0=1.210898; ', 'mse_1=0.001484; ', 'lpips_1=0.003370; ', 'codec_recon_1=0.282923; ', 'bpp_1=0.294686; ', 'mse_2=0.001437; ', 'lpips_2=0.003144; ', 'codec_recon_2=0.090800; ', 'bpp_2=0.275081; ']
train step[1390/1500] ; used: 20m:29s; eta: 1m:37s; loss = 0.433112; ['mse_0=0.003492; ', 'lpips_0=0.006030; ', 'codec_recon_0=0.019068; ', 'bpp_0=1.237085; ', 'mse_1=0.002708; ', 'lpips_1=0.004690; ', 'codec_recon_1=0.342513; ', 'bpp_1=0.299622; ', 'mse_2=0.002555; ', 'lpips_2=0.004403; ', 'codec_recon_2=0.071529; ', 'bpp_2=0.282753; ']
train step[1391/1500] ; used: 20m:30s; eta: 1m:36s; loss = 0.464490; ['mse_0=0.001815; ', 'lpips_0=0.004808; ', 'codec_recon_0=0.016785; ', 'bpp_0=1.243741; ', 'mse_1=0.001222; ', 'lpips_1=0.003248; ', 'codec_recon_1=0.375582; ', 'bpp_1=0.296368; ', 'mse_2=0.001064; ', 'lpips_2=0.002978; ', 'codec_recon_2=0.072121; ', 'bpp_2=0.279942; ']
train step[1392/1500] ; used: 20m:30s; eta: 1m:35s; loss = 0.364891; ['mse_0=0.000408; ', 'lpips_0=0.003060; ', 'codec_recon_0=0.019060; ', 'bpp_0=1.161576; ', 'mse_1=0.000244; ', 'lpips_1=0.002246; ', 'codec_recon_1=0.271004; ', 'bpp_1=0.290959; ', 'mse_2=0.000215; ', 'lpips_2=0.002137; ', 'codec_recon_2=0.074825; ', 'bpp_2=0.270193; ']
train step[1393/1500] ; used: 20m:31s; eta: 1m:34s; loss = 0.400295; ['mse_0=0.000877; ', 'lpips_0=0.005311; ', 'codec_recon_0=0.020026; ', 'bpp_0=1.179512; ', 'mse_1=0.000824; ', 'lpips_1=0.004444; ', 'codec_recon_1=0.299511; ', 'bpp_1=0.292767; ', 'mse_2=0.000833; ', 'lpips_2=0.004337; ', 'codec_recon_2=0.080756; ', 'bpp_2=0.273511; ']
train step[1394/1500] ; used: 20m:32s; eta: 1m:33s; loss = 0.436101; ['mse_0=0.000929; ', 'lpips_0=0.003654; ', 'codec_recon_0=0.017032; ', 'bpp_0=1.260068; ', 'mse_1=0.000543; ', 'lpips_1=0.002255; ', 'codec_recon_1=0.334756; ', 'bpp_1=0.299045; ', 'mse_2=0.000432; ', 'lpips_2=0.002016; ', 'codec_recon_2=0.084311; ', 'bpp_2=0.279152; ']
train step[1395/1500] ; used: 20m:32s; eta: 1m:32s; loss = 0.461544; ['mse_0=0.001818; ', 'lpips_0=0.004784; ', 'codec_recon_0=0.027448; ', 'bpp_0=1.229709; ', 'mse_1=0.001411; ', 'lpips_1=0.003611; ', 'codec_recon_1=0.328900; ', 'bpp_1=0.297547; ', 'mse_2=0.001346; ', 'lpips_2=0.003402; ', 'codec_recon_2=0.105194; ', 'bpp_2=0.278200; ']
train step[1396/1500] ; used: 20m:33s; eta: 1m:31s; loss = 0.367426; ['mse_0=0.000478; ', 'lpips_0=0.003360; ', 'codec_recon_0=0.023691; ', 'bpp_0=1.167867; ', 'mse_1=0.000400; ', 'lpips_1=0.002709; ', 'codec_recon_1=0.263152; ', 'bpp_1=0.291469; ', 'mse_2=0.000369; ', 'lpips_2=0.002554; ', 'codec_recon_2=0.080580; ', 'bpp_2=0.270867; ']
train step[1397/1500] ; used: 20m:34s; eta: 1m:30s; loss = 0.385556; ['mse_0=0.001368; ', 'lpips_0=0.003666; ', 'codec_recon_0=0.017414; ', 'bpp_0=1.179137; ', 'mse_1=0.001014; ', 'lpips_1=0.002854; ', 'codec_recon_1=0.297525; ', 'bpp_1=0.292128; ', 'mse_2=0.000979; ', 'lpips_2=0.002702; ', 'codec_recon_2=0.070615; ', 'bpp_2=0.268910; ']
train step[1398/1500] ; used: 20m:34s; eta: 1m:30s; loss = 0.450539; ['mse_0=0.002519; ', 'lpips_0=0.004500; ', 'codec_recon_0=0.027126; ', 'bpp_0=1.223322; ', 'mse_1=0.002090; ', 'lpips_1=0.003524; ', 'codec_recon_1=0.312178; ', 'bpp_1=0.298314; ', 'mse_2=0.001965; ', 'lpips_2=0.003276; ', 'codec_recon_2=0.111233; ', 'bpp_2=0.277753; ']
train step[1399/1500] ; used: 20m:35s; eta: 1m:29s; loss = 0.433631; ['mse_0=0.001620; ', 'lpips_0=0.004613; ', 'codec_recon_0=0.018203; ', 'bpp_0=1.254846; ', 'mse_1=0.001119; ', 'lpips_1=0.003312; ', 'codec_recon_1=0.337391; ', 'bpp_1=0.301324; ', 'mse_2=0.000990; ', 'lpips_2=0.003130; ', 'codec_recon_2=0.078036; ', 'bpp_2=0.282957; ']
train step[1400/1500] ; used: 20m:38s; eta: 1m:28s; loss = 0.377904; ['mse_0=0.000594; ', 'lpips_0=0.003877; ', 'codec_recon_0=0.017431; ', 'bpp_0=1.162162; ', 'mse_1=0.000330; ', 'lpips_1=0.002936; ', 'codec_recon_1=0.289041; ', 'bpp_1=0.290678; ', 'mse_2=0.000295; ', 'lpips_2=0.002822; ', 'codec_recon_2=0.071430; ', 'bpp_2=0.268202; ']
train step[1401/1500] ; used: 20m:39s; eta: 1m:27s; loss = 0.383933; ['mse_0=0.001187; ', 'lpips_0=0.003764; ', 'codec_recon_0=0.021009; ', 'bpp_0=1.221460; ', 'mse_1=0.000864; ', 'lpips_1=0.002909; ', 'codec_recon_1=0.285606; ', 'bpp_1=0.294239; ', 'mse_2=0.000798; ', 'lpips_2=0.002755; ', 'codec_recon_2=0.077316; ', 'bpp_2=0.275198; ']
train step[1402/1500] ; used: 20m:39s; eta: 1m:26s; loss = 0.377294; ['mse_0=0.000625; ', 'lpips_0=0.003616; ', 'codec_recon_0=0.019944; ', 'bpp_0=1.156636; ', 'mse_1=0.000369; ', 'lpips_1=0.002843; ', 'codec_recon_1=0.287268; ', 'bpp_1=0.289992; ', 'mse_2=0.000333; ', 'lpips_2=0.002684; ', 'codec_recon_2=0.070081; ', 'bpp_2=0.269662; ']
train step[1403/1500] ; used: 20m:40s; eta: 1m:25s; loss = 0.439463; ['mse_0=0.001293; ', 'lpips_0=0.003604; ', 'codec_recon_0=0.019584; ', 'bpp_0=1.203470; ', 'mse_1=0.000698; ', 'lpips_1=0.002201; ', 'codec_recon_1=0.346858; ', 'bpp_1=0.294742; ', 'mse_2=0.000594; ', 'lpips_2=0.001931; ', 'codec_recon_2=0.073019; ', 'bpp_2=0.275627; ']
train step[1404/1500] ; used: 20m:41s; eta: 1m:24s; loss = 0.422418; ['mse_0=0.001921; ', 'lpips_0=0.006388; ', 'codec_recon_0=0.019841; ', 'bpp_0=1.196744; ', 'mse_1=0.001431; ', 'lpips_1=0.005271; ', 'codec_recon_1=0.316604; ', 'bpp_1=0.294702; ', 'mse_2=0.001375; ', 'lpips_2=0.005061; ', 'codec_recon_2=0.085970; ', 'bpp_2=0.272356; ']
train step[1405/1500] ; used: 20m:42s; eta: 1m:23s; loss = 0.384014; ['mse_0=0.000716; ', 'lpips_0=0.003473; ', 'codec_recon_0=0.017495; ', 'bpp_0=1.185360; ', 'mse_1=0.000382; ', 'lpips_1=0.002584; ', 'codec_recon_1=0.294165; ', 'bpp_1=0.294244; ', 'mse_2=0.000349; ', 'lpips_2=0.002500; ', 'codec_recon_2=0.072353; ', 'bpp_2=0.273450; ']
train step[1406/1500] ; used: 20m:42s; eta: 1m:23s; loss = 0.400639; ['mse_0=0.001425; ', 'lpips_0=0.005610; ', 'codec_recon_0=0.018339; ', 'bpp_0=1.204782; ', 'mse_1=0.001106; ', 'lpips_1=0.004400; ', 'codec_recon_1=0.305769; ', 'bpp_1=0.295980; ', 'mse_2=0.001076; ', 'lpips_2=0.004278; ', 'codec_recon_2=0.076529; ', 'bpp_2=0.277252; ']
train step[1407/1500] ; used: 20m:43s; eta: 1m:22s; loss = 0.348105; ['mse_0=0.000762; ', 'lpips_0=0.004123; ', 'codec_recon_0=0.021198; ', 'bpp_0=1.151649; ', 'mse_1=0.000666; ', 'lpips_1=0.003559; ', 'codec_recon_1=0.254141; ', 'bpp_1=0.290651; ', 'mse_2=0.000642; ', 'lpips_2=0.003480; ', 'codec_recon_2=0.072764; ', 'bpp_2=0.269512; ']
train step[1408/1500] ; used: 20m:44s; eta: 1m:21s; loss = 0.429118; ['mse_0=0.001683; ', 'lpips_0=0.003916; ', 'codec_recon_0=0.018155; ', 'bpp_0=1.208663; ', 'mse_1=0.001173; ', 'lpips_1=0.002716; ', 'codec_recon_1=0.337631; ', 'bpp_1=0.295434; ', 'mse_2=0.001076; ', 'lpips_2=0.002526; ', 'codec_recon_2=0.073331; ', 'bpp_2=0.273042; ']
train step[1409/1500] ; used: 20m:44s; eta: 1m:20s; loss = 0.438913; ['mse_0=0.001354; ', 'lpips_0=0.005098; ', 'codec_recon_0=0.019399; ', 'bpp_0=1.184345; ', 'mse_1=0.001293; ', 'lpips_1=0.003802; ', 'codec_recon_1=0.330114; ', 'bpp_1=0.292462; ', 'mse_2=0.001252; ', 'lpips_2=0.003590; ', 'codec_recon_2=0.089398; ', 'bpp_2=0.273556; ']
train step[1410/1500] ; used: 20m:45s; eta: 1m:19s; loss = 0.361142; ['mse_0=0.001809; ', 'lpips_0=0.005062; ', 'codec_recon_0=0.019990; ', 'bpp_0=1.173712; ', 'mse_1=0.001631; ', 'lpips_1=0.004352; ', 'codec_recon_1=0.269340; ', 'bpp_1=0.292795; ', 'mse_2=0.001612; ', 'lpips_2=0.004243; ', 'codec_recon_2=0.071811; ', 'bpp_2=0.273570; ']
train step[1411/1500] ; used: 20m:46s; eta: 1m:18s; loss = 0.346718; ['mse_0=0.003618; ', 'lpips_0=0.005868; ', 'codec_recon_0=0.020767; ', 'bpp_0=1.159181; ', 'mse_1=0.003258; ', 'lpips_1=0.005024; ', 'codec_recon_1=0.253970; ', 'bpp_1=0.291149; ', 'mse_2=0.003230; ', 'lpips_2=0.004908; ', 'codec_recon_2=0.071980; ', 'bpp_2=0.271260; ']
train step[1412/1500] ; used: 20m:46s; eta: 1m:17s; loss = 0.422699; ['mse_0=0.000987; ', 'lpips_0=0.003465; ', 'codec_recon_0=0.027593; ', 'bpp_0=1.204606; ', 'mse_1=0.000799; ', 'lpips_1=0.002635; ', 'codec_recon_1=0.296337; ', 'bpp_1=0.296429; ', 'mse_2=0.000754; ', 'lpips_2=0.002506; ', 'codec_recon_2=0.098767; ', 'bpp_2=0.275552; ']
train step[1413/1500] ; used: 20m:47s; eta: 1m:16s; loss = 0.373410; ['mse_0=0.001077; ', 'lpips_0=0.004185; ', 'codec_recon_0=0.019643; ', 'bpp_0=1.164951; ', 'mse_1=0.000886; ', 'lpips_1=0.003405; ', 'codec_recon_1=0.277936; ', 'bpp_1=0.291952; ', 'mse_2=0.000883; ', 'lpips_2=0.003326; ', 'codec_recon_2=0.075830; ', 'bpp_2=0.272066; ']
train step[1414/1500] ; used: 20m:48s; eta: 1m:15s; loss = 0.367226; ['mse_0=0.001171; ', 'lpips_0=0.003476; ', 'codec_recon_0=0.017070; ', 'bpp_0=1.189851; ', 'mse_1=0.000770; ', 'lpips_1=0.002590; ', 'codec_recon_1=0.279922; ', 'bpp_1=0.294013; ', 'mse_2=0.000717; ', 'lpips_2=0.002458; ', 'codec_recon_2=0.070231; ', 'bpp_2=0.273076; ']
train step[1415/1500] ; used: 20m:48s; eta: 1m:14s; loss = 0.402333; ['mse_0=0.000822; ', 'lpips_0=0.004079; ', 'codec_recon_0=0.018717; ', 'bpp_0=1.173598; ', 'mse_1=0.000524; ', 'lpips_1=0.002993; ', 'codec_recon_1=0.300132; ', 'bpp_1=0.294032; ', 'mse_2=0.000473; ', 'lpips_2=0.002876; ', 'codec_recon_2=0.083482; ', 'bpp_2=0.272473; ']
train step[1416/1500] ; used: 20m:49s; eta: 1m:14s; loss = 0.449731; ['mse_0=0.002009; ', 'lpips_0=0.005121; ', 'codec_recon_0=0.018184; ', 'bpp_0=1.259823; ', 'mse_1=0.001513; ', 'lpips_1=0.003803; ', 'codec_recon_1=0.353678; ', 'bpp_1=0.299246; ', 'mse_2=0.001399; ', 'lpips_2=0.003454; ', 'codec_recon_2=0.077867; ', 'bpp_2=0.281190; ']
train step[1417/1500] ; used: 20m:50s; eta: 1m:13s; loss = 0.418542; ['mse_0=0.002472; ', 'lpips_0=0.005746; ', 'codec_recon_0=0.020651; ', 'bpp_0=1.195872; ', 'mse_1=0.001920; ', 'lpips_1=0.004418; ', 'codec_recon_1=0.318492; ', 'bpp_1=0.293949; ', 'mse_2=0.001847; ', 'lpips_2=0.004252; ', 'codec_recon_2=0.079397; ', 'bpp_2=0.276046; ']
train step[1418/1500] ; used: 20m:51s; eta: 1m:12s; loss = 0.353294; ['mse_0=0.000466; ', 'lpips_0=0.003999; ', 'codec_recon_0=0.021317; ', 'bpp_0=1.148855; ', 'mse_1=0.000386; ', 'lpips_1=0.003456; ', 'codec_recon_1=0.255094; ', 'bpp_1=0.291126; ', 'mse_2=0.000370; ', 'lpips_2=0.003353; ', 'codec_recon_2=0.076881; ', 'bpp_2=0.269849; ']
train step[1419/1500] ; used: 20m:51s; eta: 1m:11s; loss = 0.369206; ['mse_0=0.001104; ', 'lpips_0=0.003750; ', 'codec_recon_0=0.017464; ', 'bpp_0=1.160180; ', 'mse_1=0.000995; ', 'lpips_1=0.002945; ', 'codec_recon_1=0.282943; ', 'bpp_1=0.292203; ', 'mse_2=0.000925; ', 'lpips_2=0.002829; ', 'codec_recon_2=0.068798; ', 'bpp_2=0.270975; ']
train step[1420/1500] ; used: 20m:52s; eta: 1m:10s; loss = 0.432565; ['mse_0=0.001679; ', 'lpips_0=0.004153; ', 'codec_recon_0=0.024567; ', 'bpp_0=1.218793; ', 'mse_1=0.001158; ', 'lpips_1=0.002946; ', 'codec_recon_1=0.326208; ', 'bpp_1=0.298960; ', 'mse_2=0.001023; ', 'lpips_2=0.002686; ', 'codec_recon_2=0.081788; ', 'bpp_2=0.279358; ']
train step[1421/1500] ; used: 20m:53s; eta: 1m:9s; loss = 0.344144; ['mse_0=0.001683; ', 'lpips_0=0.005338; ', 'codec_recon_0=0.018391; ', 'bpp_0=1.148605; ', 'mse_1=0.001568; ', 'lpips_1=0.004705; ', 'codec_recon_1=0.250210; ', 'bpp_1=0.290538; ', 'mse_2=0.001540; ', 'lpips_2=0.004558; ', 'codec_recon_2=0.075540; ', 'bpp_2=0.269221; ']
train step[1422/1500] ; used: 20m:53s; eta: 1m:8s; loss = 0.433446; ['mse_0=0.005215; ', 'lpips_0=0.007040; ', 'codec_recon_0=0.019225; ', 'bpp_0=1.239780; ', 'mse_1=0.004624; ', 'lpips_1=0.005836; ', 'codec_recon_1=0.338975; ', 'bpp_1=0.299620; ', 'mse_2=0.004531; ', 'lpips_2=0.005612; ', 'codec_recon_2=0.075244; ', 'bpp_2=0.281924; ']
train step[1423/1500] ; used: 20m:54s; eta: 1m:7s; loss = 0.373555; ['mse_0=0.000607; ', 'lpips_0=0.003636; ', 'codec_recon_0=0.018747; ', 'bpp_0=1.172385; ', 'mse_1=0.000375; ', 'lpips_1=0.002731; ', 'codec_recon_1=0.280468; ', 'bpp_1=0.292751; ', 'mse_2=0.000356; ', 'lpips_2=0.002634; ', 'codec_recon_2=0.074339; ', 'bpp_2=0.270992; ']
train step[1424/1500] ; used: 20m:55s; eta: 1m:6s; loss = 0.357654; ['mse_0=0.000977; ', 'lpips_0=0.004710; ', 'codec_recon_0=0.019293; ', 'bpp_0=1.173028; ', 'mse_1=0.000775; ', 'lpips_1=0.003947; ', 'codec_recon_1=0.266145; ', 'bpp_1=0.291155; ', 'mse_2=0.000738; ', 'lpips_2=0.003824; ', 'codec_recon_2=0.072215; ', 'bpp_2=0.270036; ']
train step[1425/1500] ; used: 20m:55s; eta: 1m:6s; loss = 0.380106; ['mse_0=0.000477; ', 'lpips_0=0.003136; ', 'codec_recon_0=0.018188; ', 'bpp_0=1.197640; ', 'mse_1=0.000309; ', 'lpips_1=0.002340; ', 'codec_recon_1=0.281882; ', 'bpp_1=0.295279; ', 'mse_2=0.000281; ', 'lpips_2=0.002222; ', 'codec_recon_2=0.080034; ', 'bpp_2=0.274652; ']
train step[1426/1500] ; used: 20m:56s; eta: 1m:5s; loss = 0.371358; ['mse_0=0.002215; ', 'lpips_0=0.004249; ', 'codec_recon_0=0.020268; ', 'bpp_0=1.187730; ', 'mse_1=0.002047; ', 'lpips_1=0.003604; ', 'codec_recon_1=0.276961; ', 'bpp_1=0.295685; ', 'mse_2=0.002019; ', 'lpips_2=0.003514; ', 'codec_recon_2=0.074128; ', 'bpp_2=0.275756; ']
train step[1427/1500] ; used: 20m:57s; eta: 1m:4s; loss = 0.382836; ['mse_0=0.001266; ', 'lpips_0=0.003761; ', 'codec_recon_0=0.022165; ', 'bpp_0=1.208133; ', 'mse_1=0.000964; ', 'lpips_1=0.002911; ', 'codec_recon_1=0.285993; ', 'bpp_1=0.299264; ', 'mse_2=0.000885; ', 'lpips_2=0.002689; ', 'codec_recon_2=0.074676; ', 'bpp_2=0.278387; ']
train step[1428/1500] ; used: 20m:57s; eta: 1m:3s; loss = 0.404247; ['mse_0=0.001748; ', 'lpips_0=0.005028; ', 'codec_recon_0=0.019444; ', 'bpp_0=1.226894; ', 'mse_1=0.001490; ', 'lpips_1=0.003891; ', 'codec_recon_1=0.300375; ', 'bpp_1=0.298095; ', 'mse_2=0.001417; ', 'lpips_2=0.003657; ', 'codec_recon_2=0.084425; ', 'bpp_2=0.279877; ']
train step[1429/1500] ; used: 20m:58s; eta: 1m:2s; loss = 0.350715; ['mse_0=0.001487; ', 'lpips_0=0.003838; ', 'codec_recon_0=0.018627; ', 'bpp_0=1.164954; ', 'mse_1=0.001155; ', 'lpips_1=0.002957; ', 'codec_recon_1=0.270132; ', 'bpp_1=0.294593; ', 'mse_2=0.001110; ', 'lpips_2=0.002842; ', 'codec_recon_2=0.061955; ', 'bpp_2=0.273776; ']
train step[1430/1500] ; used: 20m:59s; eta: 1m:1s; loss = 0.361214; ['mse_0=0.002149; ', 'lpips_0=0.005147; ', 'codec_recon_0=0.019113; ', 'bpp_0=1.171441; ', 'mse_1=0.001553; ', 'lpips_1=0.004321; ', 'codec_recon_1=0.278945; ', 'bpp_1=0.293475; ', 'mse_2=0.001409; ', 'lpips_2=0.004113; ', 'codec_recon_2=0.063154; ', 'bpp_2=0.275995; ']
train step[1431/1500] ; used: 20m:59s; eta: 1m; loss = 0.372510; ['mse_0=0.000282; ', 'lpips_0=0.002934; ', 'codec_recon_0=0.018361; ', 'bpp_0=1.195528; ', 'mse_1=0.000197; ', 'lpips_1=0.002364; ', 'codec_recon_1=0.274311; ', 'bpp_1=0.291875; ', 'mse_2=0.000181; ', 'lpips_2=0.002274; ', 'codec_recon_2=0.079836; ', 'bpp_2=0.269246; ']
train step[1432/1500] ; used: 21m; eta: 59s; loss = 0.447558; ['mse_0=0.003263; ', 'lpips_0=0.007696; ', 'codec_recon_0=0.018676; ', 'bpp_0=1.219491; ', 'mse_1=0.002802; ', 'lpips_1=0.006452; ', 'codec_recon_1=0.353579; ', 'bpp_1=0.297560; ', 'mse_2=0.002765; ', 'lpips_2=0.006191; ', 'codec_recon_2=0.075301; ', 'bpp_2=0.278345; ']
train step[1433/1500] ; used: 21m:1s; eta: 58s; loss = 0.393985; ['mse_0=0.002013; ', 'lpips_0=0.006463; ', 'codec_recon_0=0.020797; ', 'bpp_0=1.187772; ', 'mse_1=0.001766; ', 'lpips_1=0.005627; ', 'codec_recon_1=0.293528; ', 'bpp_1=0.294241; ', 'mse_2=0.001727; ', 'lpips_2=0.005406; ', 'codec_recon_2=0.079658; ', 'bpp_2=0.273967; ']
train step[1434/1500] ; used: 21m:1s; eta: 58s; loss = 0.378056; ['mse_0=0.000789; ', 'lpips_0=0.003092; ', 'codec_recon_0=0.017846; ', 'bpp_0=1.210412; ', 'mse_1=0.000472; ', 'lpips_1=0.002057; ', 'codec_recon_1=0.287000; ', 'bpp_1=0.295640; ', 'mse_2=0.000433; ', 'lpips_2=0.001933; ', 'codec_recon_2=0.073208; ', 'bpp_2=0.275368; ']
Skipped bad example 7ab1ca08282c3433. Context shape was torch.Size([2, 3, 360, 480]) and target shape was torch.Size([4, 3, 360, 480]).
train step[1435/1500] ; used: 21m:2s; eta: 57s; loss = 0.372413; ['mse_0=0.000317; ', 'lpips_0=0.003016; ', 'codec_recon_0=0.018053; ', 'bpp_0=1.173921; ', 'mse_1=0.000177; ', 'lpips_1=0.002304; ', 'codec_recon_1=0.275074; ', 'bpp_1=0.293586; ', 'mse_2=0.000157; ', 'lpips_2=0.002192; ', 'codec_recon_2=0.079284; ', 'bpp_2=0.269798; ']
train step[1436/1500] ; used: 21m:3s; eta: 56s; loss = 0.375118; ['mse_0=0.000331; ', 'lpips_0=0.002898; ', 'codec_recon_0=0.020254; ', 'bpp_0=1.153669; ', 'mse_1=0.000239; ', 'lpips_1=0.002329; ', 'codec_recon_1=0.280469; ', 'bpp_1=0.290604; ', 'mse_2=0.000229; ', 'lpips_2=0.002277; ', 'codec_recon_2=0.074393; ', 'bpp_2=0.266310; ']
train step[1437/1500] ; used: 21m:3s; eta: 55s; loss = 0.350120; ['mse_0=0.000855; ', 'lpips_0=0.003974; ', 'codec_recon_0=0.019461; ', 'bpp_0=1.191686; ', 'mse_1=0.000645; ', 'lpips_1=0.003177; ', 'codec_recon_1=0.258175; ', 'bpp_1=0.294546; ', 'mse_2=0.000606; ', 'lpips_2=0.002986; ', 'codec_recon_2=0.072483; ', 'bpp_2=0.273460; ']
train step[1438/1500] ; used: 21m:4s; eta: 54s; loss = 0.402721; ['mse_0=0.001906; ', 'lpips_0=0.004879; ', 'codec_recon_0=0.018399; ', 'bpp_0=1.166775; ', 'mse_1=0.001537; ', 'lpips_1=0.003826; ', 'codec_recon_1=0.313299; ', 'bpp_1=0.292391; ', 'mse_2=0.001494; ', 'lpips_2=0.003744; ', 'codec_recon_2=0.071021; ', 'bpp_2=0.271432; ']
train step[1439/1500] ; used: 21m:5s; eta: 53s; loss = 0.393718; ['mse_0=0.002781; ', 'lpips_0=0.006841; ', 'codec_recon_0=0.018512; ', 'bpp_0=1.161275; ', 'mse_1=0.002431; ', 'lpips_1=0.005905; ', 'codec_recon_1=0.306003; ', 'bpp_1=0.291826; ', 'mse_2=0.002368; ', 'lpips_2=0.005775; ', 'codec_recon_2=0.069201; ', 'bpp_2=0.270400; ']
train step[1440/1500] ; used: 21m:5s; eta: 52s; loss = 0.361682; ['mse_0=0.001793; ', 'lpips_0=0.004490; ', 'codec_recon_0=0.018645; ', 'bpp_0=1.212947; ', 'mse_1=0.001512; ', 'lpips_1=0.003592; ', 'codec_recon_1=0.270433; ', 'bpp_1=0.298037; ', 'mse_2=0.001489; ', 'lpips_2=0.003473; ', 'codec_recon_2=0.072603; ', 'bpp_2=0.278319; ']
train step[1441/1500] ; used: 21m:6s; eta: 51s; loss = 0.402003; ['mse_0=0.000920; ', 'lpips_0=0.003944; ', 'codec_recon_0=0.020830; ', 'bpp_0=1.172150; ', 'mse_1=0.000698; ', 'lpips_1=0.002980; ', 'codec_recon_1=0.305456; ', 'bpp_1=0.290354; ', 'mse_2=0.000696; ', 'lpips_2=0.002859; ', 'codec_recon_2=0.075715; ', 'bpp_2=0.268354; ']
train step[1442/1500] ; used: 21m:7s; eta: 50s; loss = 0.377782; ['mse_0=0.000621; ', 'lpips_0=0.003579; ', 'codec_recon_0=0.016900; ', 'bpp_0=1.175890; ', 'mse_1=0.000416; ', 'lpips_1=0.002538; ', 'codec_recon_1=0.284113; ', 'bpp_1=0.293712; ', 'mse_2=0.000389; ', 'lpips_2=0.002381; ', 'codec_recon_2=0.076767; ', 'bpp_2=0.271086; ']
train step[1443/1500] ; used: 21m:8s; eta: 50s; loss = 0.349710; ['mse_0=0.000509; ', 'lpips_0=0.003388; ', 'codec_recon_0=0.018394; ', 'bpp_0=1.167557; ', 'mse_1=0.000355; ', 'lpips_1=0.002749; ', 'codec_recon_1=0.260538; ', 'bpp_1=0.292660; ', 'mse_2=0.000326; ', 'lpips_2=0.002623; ', 'codec_recon_2=0.070776; ', 'bpp_2=0.271410; ']
train step[1444/1500] ; used: 21m:8s; eta: 49s; loss = 0.415886; ['mse_0=0.008464; ', 'lpips_0=0.009248; ', 'codec_recon_0=0.019610; ', 'bpp_0=1.188055; ', 'mse_1=0.008164; ', 'lpips_1=0.008550; ', 'codec_recon_1=0.325097; ', 'bpp_1=0.295697; ', 'mse_2=0.008234; ', 'lpips_2=0.008412; ', 'codec_recon_2=0.071176; ', 'bpp_2=0.275434; ']
train step[1445/1500] ; used: 21m:9s; eta: 48s; loss = 0.358920; ['mse_0=0.001299; ', 'lpips_0=0.004039; ', 'codec_recon_0=0.023712; ', 'bpp_0=1.178247; ', 'mse_1=0.001199; ', 'lpips_1=0.003449; ', 'codec_recon_1=0.245497; ', 'bpp_1=0.290788; ', 'mse_2=0.001172; ', 'lpips_2=0.003321; ', 'codec_recon_2=0.089709; ', 'bpp_2=0.267149; ']
train step[1446/1500] ; used: 21m:10s; eta: 47s; loss = 0.353843; ['mse_0=0.000588; ', 'lpips_0=0.004121; ', 'codec_recon_0=0.019287; ', 'bpp_0=1.162483; ', 'mse_1=0.000422; ', 'lpips_1=0.003315; ', 'codec_recon_1=0.264177; ', 'bpp_1=0.290101; ', 'mse_2=0.000390; ', 'lpips_2=0.003100; ', 'codec_recon_2=0.070378; ', 'bpp_2=0.268283; ']
train step[1447/1500] ; used: 21m:10s; eta: 46s; loss = 0.379758; ['mse_0=0.001198; ', 'lpips_0=0.002572; ', 'codec_recon_0=0.016087; ', 'bpp_0=1.212654; ', 'mse_1=0.000976; ', 'lpips_1=0.001669; ', 'codec_recon_1=0.293162; ', 'bpp_1=0.294829; ', 'mse_2=0.000960; ', 'lpips_2=0.001563; ', 'codec_recon_2=0.070507; ', 'bpp_2=0.273748; ']
train step[1448/1500] ; used: 21m:11s; eta: 45s; loss = 0.367806; ['mse_0=0.001088; ', 'lpips_0=0.004403; ', 'codec_recon_0=0.019876; ', 'bpp_0=1.190447; ', 'mse_1=0.000875; ', 'lpips_1=0.003631; ', 'codec_recon_1=0.276860; ', 'bpp_1=0.294585; ', 'mse_2=0.000838; ', 'lpips_2=0.003498; ', 'codec_recon_2=0.071068; ', 'bpp_2=0.272860; ']
train step[1449/1500] ; used: 21m:12s; eta: 44s; loss = 0.372887; ['mse_0=0.001073; ', 'lpips_0=0.004290; ', 'codec_recon_0=0.022027; ', 'bpp_0=1.176294; ', 'mse_1=0.000788; ', 'lpips_1=0.003609; ', 'codec_recon_1=0.271244; ', 'bpp_1=0.289357; ', 'mse_2=0.000736; ', 'lpips_2=0.003465; ', 'codec_recon_2=0.079615; ', 'bpp_2=0.270354; ']
train step[1450/1500] ; used: 21m:12s; eta: 43s; loss = 0.428944; ['mse_0=0.000739; ', 'lpips_0=0.003560; ', 'codec_recon_0=0.018395; ', 'bpp_0=1.230382; ', 'mse_1=0.000430; ', 'lpips_1=0.002230; ', 'codec_recon_1=0.328754; ', 'bpp_1=0.299477; ', 'mse_2=0.000384; ', 'lpips_2=0.002037; ', 'codec_recon_2=0.081794; ', 'bpp_2=0.281271; ']
train step[1451/1500] ; used: 21m:13s; eta: 42s; loss = 0.346267; ['mse_0=0.000732; ', 'lpips_0=0.003278; ', 'codec_recon_0=0.023642; ', 'bpp_0=1.155259; ', 'mse_1=0.000623; ', 'lpips_1=0.002791; ', 'codec_recon_1=0.241000; ', 'bpp_1=0.290113; ', 'mse_2=0.000624; ', 'lpips_2=0.002720; ', 'codec_recon_2=0.081623; ', 'bpp_2=0.267089; ']
train step[1452/1500] ; used: 21m:14s; eta: 42s; loss = 0.376004; ['mse_0=0.001337; ', 'lpips_0=0.004678; ', 'codec_recon_0=0.020043; ', 'bpp_0=1.200228; ', 'mse_1=0.001070; ', 'lpips_1=0.003943; ', 'codec_recon_1=0.277097; ', 'bpp_1=0.295083; ', 'mse_2=0.001033; ', 'lpips_2=0.003808; ', 'codec_recon_2=0.078862; ', 'bpp_2=0.274163; ']
train step[1453/1500] ; used: 21m:15s; eta: 41s; loss = 0.427252; ['mse_0=0.001608; ', 'lpips_0=0.005201; ', 'codec_recon_0=0.022717; ', 'bpp_0=1.211933; ', 'mse_1=0.001326; ', 'lpips_1=0.004288; ', 'codec_recon_1=0.320021; ', 'bpp_1=0.291077; ', 'mse_2=0.001249; ', 'lpips_2=0.004059; ', 'codec_recon_2=0.084512; ', 'bpp_2=0.271963; ']
train step[1454/1500] ; used: 21m:15s; eta: 40s; loss = 0.381490; ['mse_0=0.001837; ', 'lpips_0=0.004754; ', 'codec_recon_0=0.020466; ', 'bpp_0=1.185987; ', 'mse_1=0.001512; ', 'lpips_1=0.003743; ', 'codec_recon_1=0.285060; ', 'bpp_1=0.293890; ', 'mse_2=0.001478; ', 'lpips_2=0.003586; ', 'codec_recon_2=0.075962; ', 'bpp_2=0.272776; ']
train step[1455/1500] ; used: 21m:16s; eta: 39s; loss = 0.364029; ['mse_0=0.002830; ', 'lpips_0=0.005509; ', 'codec_recon_0=0.018176; ', 'bpp_0=1.170501; ', 'mse_1=0.002719; ', 'lpips_1=0.004744; ', 'codec_recon_1=0.274038; ', 'bpp_1=0.294450; ', 'mse_2=0.002746; ', 'lpips_2=0.004615; ', 'codec_recon_2=0.071813; ', 'bpp_2=0.274164; ']
train step[1456/1500] ; used: 21m:17s; eta: 38s; loss = 0.365596; ['mse_0=0.001417; ', 'lpips_0=0.003383; ', 'codec_recon_0=0.019518; ', 'bpp_0=1.224679; ', 'mse_1=0.001144; ', 'lpips_1=0.002627; ', 'codec_recon_1=0.274485; ', 'bpp_1=0.296856; ', 'mse_2=0.001079; ', 'lpips_2=0.002470; ', 'codec_recon_2=0.071592; ', 'bpp_2=0.275631; ']
train step[1457/1500] ; used: 21m:17s; eta: 37s; loss = 0.396067; ['mse_0=0.001956; ', 'lpips_0=0.005260; ', 'codec_recon_0=0.021022; ', 'bpp_0=1.208301; ', 'mse_1=0.001854; ', 'lpips_1=0.004458; ', 'codec_recon_1=0.293781; ', 'bpp_1=0.296054; ', 'mse_2=0.001832; ', 'lpips_2=0.004323; ', 'codec_recon_2=0.081262; ', 'bpp_2=0.278788; ']
train step[1458/1500] ; used: 21m:18s; eta: 36s; loss = 0.371628; ['mse_0=0.001601; ', 'lpips_0=0.003529; ', 'codec_recon_0=0.018824; ', 'bpp_0=1.190120; ', 'mse_1=0.001430; ', 'lpips_1=0.002804; ', 'codec_recon_1=0.271550; ', 'bpp_1=0.294589; ', 'mse_2=0.001388; ', 'lpips_2=0.002608; ', 'codec_recon_2=0.081252; ', 'bpp_2=0.271996; ']
train step[1459/1500] ; used: 21m:19s; eta: 35s; loss = 0.384175; ['mse_0=0.001260; ', 'lpips_0=0.005104; ', 'codec_recon_0=0.027623; ', 'bpp_0=1.143666; ', 'mse_1=0.001317; ', 'lpips_1=0.004507; ', 'codec_recon_1=0.277713; ', 'bpp_1=0.290391; ', 'mse_2=0.001310; ', 'lpips_2=0.004348; ', 'codec_recon_2=0.078837; ', 'bpp_2=0.270744; ']
train step[1460/1500] ; used: 21m:19s; eta: 35s; loss = 0.340168; ['mse_0=0.000465; ', 'lpips_0=0.003706; ', 'codec_recon_0=0.023047; ', 'bpp_0=1.134073; ', 'mse_1=0.000318; ', 'lpips_1=0.003066; ', 'codec_recon_1=0.246846; ', 'bpp_1=0.286326; ', 'mse_2=0.000306; ', 'lpips_2=0.002927; ', 'codec_recon_2=0.070273; ', 'bpp_2=0.265143; ']
train step[1461/1500] ; used: 21m:20s; eta: 34s; loss = 0.379520; ['mse_0=0.001913; ', 'lpips_0=0.004175; ', 'codec_recon_0=0.016543; ', 'bpp_0=1.233034; ', 'mse_1=0.001246; ', 'lpips_1=0.002920; ', 'codec_recon_1=0.293541; ', 'bpp_1=0.299710; ', 'mse_2=0.001182; ', 'lpips_2=0.002761; ', 'codec_recon_2=0.069435; ', 'bpp_2=0.280511; ']
train step[1462/1500] ; used: 21m:21s; eta: 33s; loss = 0.323881; ['mse_0=0.000374; ', 'lpips_0=0.003221; ', 'codec_recon_0=0.018259; ', 'bpp_0=1.159454; ', 'mse_1=0.000274; ', 'lpips_1=0.002657; ', 'codec_recon_1=0.235334; ', 'bpp_1=0.286422; ', 'mse_2=0.000249; ', 'lpips_2=0.002497; ', 'codec_recon_2=0.070286; ', 'bpp_2=0.264722; ']
train step[1463/1500] ; used: 21m:21s; eta: 32s; loss = 0.456878; ['mse_0=0.001637; ', 'lpips_0=0.005460; ', 'codec_recon_0=0.022355; ', 'bpp_0=1.179941; ', 'mse_1=0.001325; ', 'lpips_1=0.004142; ', 'codec_recon_1=0.344211; ', 'bpp_1=0.294579; ', 'mse_2=0.001251; ', 'lpips_2=0.003867; ', 'codec_recon_2=0.090311; ', 'bpp_2=0.274581; ']
train step[1464/1500] ; used: 21m:22s; eta: 31s; loss = 0.418902; ['mse_0=0.001385; ', 'lpips_0=0.005395; ', 'codec_recon_0=0.017830; ', 'bpp_0=1.206258; ', 'mse_1=0.001011; ', 'lpips_1=0.004099; ', 'codec_recon_1=0.329342; ', 'bpp_1=0.296986; ', 'mse_2=0.000876; ', 'lpips_2=0.003699; ', 'codec_recon_2=0.071729; ', 'bpp_2=0.277658; ']
train step[1465/1500] ; used: 21m:23s; eta: 30s; loss = 0.415641; ['mse_0=0.004135; ', 'lpips_0=0.007250; ', 'codec_recon_0=0.018865; ', 'bpp_0=1.212177; ', 'mse_1=0.003671; ', 'lpips_1=0.006027; ', 'codec_recon_1=0.318658; ', 'bpp_1=0.297018; ', 'mse_2=0.003654; ', 'lpips_2=0.005865; ', 'codec_recon_2=0.078116; ', 'bpp_2=0.278841; ']
train step[1466/1500] ; used: 21m:24s; eta: 29s; loss = 0.366330; ['mse_0=0.000929; ', 'lpips_0=0.004419; ', 'codec_recon_0=0.022729; ', 'bpp_0=1.144104; ', 'mse_1=0.000763; ', 'lpips_1=0.003849; ', 'codec_recon_1=0.268687; ', 'bpp_1=0.292625; ', 'mse_2=0.000741; ', 'lpips_2=0.003754; ', 'codec_recon_2=0.074912; ', 'bpp_2=0.272358; ']
train step[1467/1500] ; used: 21m:24s; eta: 28s; loss = 0.344955; ['mse_0=0.000984; ', 'lpips_0=0.003883; ', 'codec_recon_0=0.019031; ', 'bpp_0=1.175029; ', 'mse_1=0.000921; ', 'lpips_1=0.003332; ', 'codec_recon_1=0.253829; ', 'bpp_1=0.292230; ', 'mse_2=0.000931; ', 'lpips_2=0.003241; ', 'codec_recon_2=0.072093; ', 'bpp_2=0.271298; ']
train step[1468/1500] ; used: 21m:25s; eta: 28s; loss = 0.433131; ['mse_0=0.008150; ', 'lpips_0=0.011635; ', 'codec_recon_0=0.024469; ', 'bpp_0=1.158791; ', 'mse_1=0.007999; ', 'lpips_1=0.010677; ', 'codec_recon_1=0.324288; ', 'bpp_1=0.292607; ', 'mse_2=0.007992; ', 'lpips_2=0.010547; ', 'codec_recon_2=0.084373; ', 'bpp_2=0.275050; ']
train step[1469/1500] ; used: 21m:26s; eta: 27s; loss = 0.439465; ['mse_0=0.003780; ', 'lpips_0=0.006371; ', 'codec_recon_0=0.019556; ', 'bpp_0=1.227511; ', 'mse_1=0.003171; ', 'lpips_1=0.005220; ', 'codec_recon_1=0.354571; ', 'bpp_1=0.298165; ', 'mse_2=0.003080; ', 'lpips_2=0.005025; ', 'codec_recon_2=0.065336; ', 'bpp_2=0.280274; ']
train step[1470/1500] ; used: 21m:26s; eta: 26s; loss = 0.427849; ['mse_0=0.000964; ', 'lpips_0=0.003988; ', 'codec_recon_0=0.021152; ', 'bpp_0=1.153565; ', 'mse_1=0.000708; ', 'lpips_1=0.002980; ', 'codec_recon_1=0.321660; ', 'bpp_1=0.287182; ', 'mse_2=0.000648; ', 'lpips_2=0.002770; ', 'codec_recon_2=0.085035; ', 'bpp_2=0.266458; ']
train step[1471/1500] ; used: 21m:27s; eta: 25s; loss = 0.367541; ['mse_0=0.001665; ', 'lpips_0=0.006324; ', 'codec_recon_0=0.020857; ', 'bpp_0=1.151216; ', 'mse_1=0.001411; ', 'lpips_1=0.005450; ', 'codec_recon_1=0.267854; ', 'bpp_1=0.291589; ', 'mse_2=0.001377; ', 'lpips_2=0.005338; ', 'codec_recon_2=0.078829; ', 'bpp_2=0.272513; ']
train step[1472/1500] ; used: 21m:28s; eta: 24s; loss = 0.436365; ['mse_0=0.007583; ', 'lpips_0=0.009849; ', 'codec_recon_0=0.022210; ', 'bpp_0=1.156522; ', 'mse_1=0.006966; ', 'lpips_1=0.008649; ', 'codec_recon_1=0.344367; ', 'bpp_1=0.289440; ', 'mse_2=0.006862; ', 'lpips_2=0.008500; ', 'codec_recon_2=0.069786; ', 'bpp_2=0.274769; ']
train step[1473/1500] ; used: 21m:28s; eta: 23s; loss = 0.389391; ['mse_0=0.001155; ', 'lpips_0=0.004213; ', 'codec_recon_0=0.019324; ', 'bpp_0=1.230084; ', 'mse_1=0.000835; ', 'lpips_1=0.003126; ', 'codec_recon_1=0.288972; ', 'bpp_1=0.298329; ', 'mse_2=0.000744; ', 'lpips_2=0.002926; ', 'codec_recon_2=0.081094; ', 'bpp_2=0.278116; ']
train step[1474/1500] ; used: 21m:29s; eta: 22s; loss = 0.390659; ['mse_0=0.001307; ', 'lpips_0=0.003899; ', 'codec_recon_0=0.019544; ', 'bpp_0=1.229096; ', 'mse_1=0.000907; ', 'lpips_1=0.002867; ', 'codec_recon_1=0.298218; ', 'bpp_1=0.298338; ', 'mse_2=0.000859; ', 'lpips_2=0.002712; ', 'codec_recon_2=0.072895; ', 'bpp_2=0.278183; ']
train step[1475/1500] ; used: 21m:30s; eta: 21s; loss = 0.417505; ['mse_0=0.005612; ', 'lpips_0=0.007028; ', 'codec_recon_0=0.017416; ', 'bpp_0=1.232586; ', 'mse_1=0.004985; ', 'lpips_1=0.005722; ', 'codec_recon_1=0.331992; ', 'bpp_1=0.299795; ', 'mse_2=0.004823; ', 'lpips_2=0.005432; ', 'codec_recon_2=0.068095; ', 'bpp_2=0.281915; ']
train step[1476/1500] ; used: 21m:30s; eta: 20s; loss = 0.395288; ['mse_0=0.001079; ', 'lpips_0=0.003328; ', 'codec_recon_0=0.026336; ', 'bpp_0=1.179934; ', 'mse_1=0.000868; ', 'lpips_1=0.002519; ', 'codec_recon_1=0.257545; ', 'bpp_1=0.292867; ', 'mse_2=0.000825; ', 'lpips_2=0.002326; ', 'codec_recon_2=0.111405; ', 'bpp_2=0.269977; ']
train step[1477/1500] ; used: 21m:31s; eta: 20s; loss = 0.428939; ['mse_0=0.001052; ', 'lpips_0=0.004618; ', 'codec_recon_0=0.018132; ', 'bpp_0=1.222383; ', 'mse_1=0.000767; ', 'lpips_1=0.003447; ', 'codec_recon_1=0.325277; ', 'bpp_1=0.297178; ', 'mse_2=0.000704; ', 'lpips_2=0.003269; ', 'codec_recon_2=0.085528; ', 'bpp_2=0.276039; ']
train step[1478/1500] ; used: 21m:32s; eta: 19s; loss = 0.414425; ['mse_0=0.001619; ', 'lpips_0=0.003931; ', 'codec_recon_0=0.020354; ', 'bpp_0=1.210458; ', 'mse_1=0.001362; ', 'lpips_1=0.003023; ', 'codec_recon_1=0.312521; ', 'bpp_1=0.295381; ', 'mse_2=0.001350; ', 'lpips_2=0.002945; ', 'codec_recon_2=0.081549; ', 'bpp_2=0.275999; ']
train step[1479/1500] ; used: 21m:32s; eta: 18s; loss = 0.375284; ['mse_0=0.001285; ', 'lpips_0=0.003824; ', 'codec_recon_0=0.020856; ', 'bpp_0=1.199861; ', 'mse_1=0.001114; ', 'lpips_1=0.002990; ', 'codec_recon_1=0.276088; ', 'bpp_1=0.297791; ', 'mse_2=0.001071; ', 'lpips_2=0.002843; ', 'codec_recon_2=0.078338; ', 'bpp_2=0.277751; ']
train step[1480/1500] ; used: 21m:33s; eta: 17s; loss = 0.383235; ['mse_0=0.002125; ', 'lpips_0=0.003662; ', 'codec_recon_0=0.017554; ', 'bpp_0=1.182839; ', 'mse_1=0.001764; ', 'lpips_1=0.002786; ', 'codec_recon_1=0.296275; ', 'bpp_1=0.292898; ', 'mse_2=0.001746; ', 'lpips_2=0.002595; ', 'codec_recon_2=0.069405; ', 'bpp_2=0.270339; ']
train step[1481/1500] ; used: 21m:34s; eta: 16s; loss = 0.425873; ['mse_0=0.005980; ', 'lpips_0=0.007226; ', 'codec_recon_0=0.019013; ', 'bpp_0=1.236020; ', 'mse_1=0.005522; ', 'lpips_1=0.006169; ', 'codec_recon_1=0.332564; ', 'bpp_1=0.299197; ', 'mse_2=0.005479; ', 'lpips_2=0.005977; ', 'codec_recon_2=0.074294; ', 'bpp_2=0.281925; ']
train step[1482/1500] ; used: 21m:34s; eta: 15s; loss = 0.463568; ['mse_0=0.002092; ', 'lpips_0=0.004664; ', 'codec_recon_0=0.026627; ', 'bpp_0=1.229007; ', 'mse_1=0.001747; ', 'lpips_1=0.003340; ', 'codec_recon_1=0.347512; ', 'bpp_1=0.298700; ', 'mse_2=0.001672; ', 'lpips_2=0.003130; ', 'codec_recon_2=0.089427; ', 'bpp_2=0.280848; ']
train step[1483/1500] ; used: 21m:35s; eta: 14s; loss = 0.356770; ['mse_0=0.002715; ', 'lpips_0=0.004720; ', 'codec_recon_0=0.018700; ', 'bpp_0=1.190436; ', 'mse_1=0.002347; ', 'lpips_1=0.003732; ', 'codec_recon_1=0.266340; ', 'bpp_1=0.295428; ', 'mse_2=0.002290; ', 'lpips_2=0.003493; ', 'codec_recon_2=0.071729; ', 'bpp_2=0.274927; ']
train step[1484/1500] ; used: 21m:36s; eta: 13s; loss = 0.364244; ['mse_0=0.001717; ', 'lpips_0=0.003871; ', 'codec_recon_0=0.019373; ', 'bpp_0=1.185728; ', 'mse_1=0.001592; ', 'lpips_1=0.003318; ', 'codec_recon_1=0.266077; ', 'bpp_1=0.292498; ', 'mse_2=0.001597; ', 'lpips_2=0.003254; ', 'codec_recon_2=0.078792; ', 'bpp_2=0.271900; ']
train step[1485/1500] ; used: 21m:36s; eta: 13s; loss = 0.339078; ['mse_0=0.000524; ', 'lpips_0=0.003648; ', 'codec_recon_0=0.020716; ', 'bpp_0=1.173427; ', 'mse_1=0.000439; ', 'lpips_1=0.003119; ', 'codec_recon_1=0.238196; ', 'bpp_1=0.293674; ', 'mse_2=0.000426; ', 'lpips_2=0.003029; ', 'codec_recon_2=0.080165; ', 'bpp_2=0.271785; ']
train step[1486/1500] ; used: 21m:37s; eta: 12s; loss = 0.405795; ['mse_0=0.002175; ', 'lpips_0=0.004227; ', 'codec_recon_0=0.018744; ', 'bpp_0=1.198325; ', 'mse_1=0.001819; ', 'lpips_1=0.003134; ', 'codec_recon_1=0.313145; ', 'bpp_1=0.297064; ', 'mse_2=0.001760; ', 'lpips_2=0.002955; ', 'codec_recon_2=0.073904; ', 'bpp_2=0.276675; ']
train step[1487/1500] ; used: 21m:38s; eta: 11s; loss = 0.370233; ['mse_0=0.001311; ', 'lpips_0=0.004771; ', 'codec_recon_0=0.016569; ', 'bpp_0=1.220409; ', 'mse_1=0.000966; ', 'lpips_1=0.003892; ', 'codec_recon_1=0.284459; ', 'bpp_1=0.298491; ', 'mse_2=0.000925; ', 'lpips_2=0.003708; ', 'codec_recon_2=0.069203; ', 'bpp_2=0.277140; ']
train step[1488/1500] ; used: 21m:38s; eta: 10s; loss = 0.330337; ['mse_0=0.000352; ', 'lpips_0=0.003075; ', 'codec_recon_0=0.020371; ', 'bpp_0=1.137862; ', 'mse_1=0.000264; ', 'lpips_1=0.002516; ', 'codec_recon_1=0.240406; ', 'bpp_1=0.287804; ', 'mse_2=0.000252; ', 'lpips_2=0.002395; ', 'codec_recon_2=0.069558; ', 'bpp_2=0.266882; ']
train step[1489/1500] ; used: 21m:39s; eta: 9s; loss = 0.344654; ['mse_0=0.002411; ', 'lpips_0=0.005536; ', 'codec_recon_0=0.021476; ', 'bpp_0=1.148418; ', 'mse_1=0.002416; ', 'lpips_1=0.004678; ', 'codec_recon_1=0.257356; ', 'bpp_1=0.289314; ', 'mse_2=0.002412; ', 'lpips_2=0.004462; ', 'codec_recon_2=0.065820; ', 'bpp_2=0.269795; ']
train step[1490/1500] ; used: 21m:40s; eta: 8s; loss = 0.367124; ['mse_0=0.000672; ', 'lpips_0=0.003785; ', 'codec_recon_0=0.017576; ', 'bpp_0=1.202108; ', 'mse_1=0.000468; ', 'lpips_1=0.002887; ', 'codec_recon_1=0.273817; ', 'bpp_1=0.295094; ', 'mse_2=0.000428; ', 'lpips_2=0.002736; ', 'codec_recon_2=0.075729; ', 'bpp_2=0.273915; ']
train step[1491/1500] ; used: 21m:40s; eta: 7s; loss = 0.384253; ['mse_0=0.008879; ', 'lpips_0=0.008226; ', 'codec_recon_0=0.018961; ', 'bpp_0=1.209716; ', 'mse_1=0.008790; ', 'lpips_1=0.007192; ', 'codec_recon_1=0.284221; ', 'bpp_1=0.297514; ', 'mse_2=0.008664; ', 'lpips_2=0.006873; ', 'codec_recon_2=0.081068; ', 'bpp_2=0.277914; ']
train step[1492/1500] ; used: 21m:41s; eta: 6s; loss = 0.359868; ['mse_0=0.003839; ', 'lpips_0=0.004784; ', 'codec_recon_0=0.020544; ', 'bpp_0=1.170709; ', 'mse_1=0.003572; ', 'lpips_1=0.004088; ', 'codec_recon_1=0.272166; ', 'bpp_1=0.295751; ', 'mse_2=0.003530; ', 'lpips_2=0.003987; ', 'codec_recon_2=0.067157; ', 'bpp_2=0.277030; ']
train step[1493/1500] ; used: 21m:42s; eta: 6s; loss = 0.422485; ['mse_0=0.000842; ', 'lpips_0=0.004256; ', 'codec_recon_0=0.018559; ', 'bpp_0=1.200160; ', 'mse_1=0.000640; ', 'lpips_1=0.003320; ', 'codec_recon_1=0.317034; ', 'bpp_1=0.294545; ', 'mse_2=0.000598; ', 'lpips_2=0.003100; ', 'codec_recon_2=0.086890; ', 'bpp_2=0.272772; ']
train step[1494/1500] ; used: 21m:42s; eta: 5s; loss = 0.404119; ['mse_0=0.001512; ', 'lpips_0=0.003887; ', 'codec_recon_0=0.019161; ', 'bpp_0=1.186789; ', 'mse_1=0.001094; ', 'lpips_1=0.002715; ', 'codec_recon_1=0.310085; ', 'bpp_1=0.294765; ', 'mse_2=0.001023; ', 'lpips_2=0.002565; ', 'codec_recon_2=0.074872; ', 'bpp_2=0.274482; ']
train step[1495/1500] ; used: 21m:43s; eta: 4s; loss = 0.473719; ['mse_0=0.006446; ', 'lpips_0=0.007568; ', 'codec_recon_0=0.018859; ', 'bpp_0=1.272509; ', 'mse_1=0.004942; ', 'lpips_1=0.005937; ', 'codec_recon_1=0.386210; ', 'bpp_1=0.302897; ', 'mse_2=0.004613; ', 'lpips_2=0.005460; ', 'codec_recon_2=0.068648; ', 'bpp_2=0.287686; ']
train step[1496/1500] ; used: 21m:44s; eta: 3s; loss = 0.352962; ['mse_0=0.000473; ', 'lpips_0=0.002443; ', 'codec_recon_0=0.017364; ', 'bpp_0=1.184751; ', 'mse_1=0.000379; ', 'lpips_1=0.001695; ', 'codec_recon_1=0.260102; ', 'bpp_1=0.292017; ', 'mse_2=0.000356; ', 'lpips_2=0.001525; ', 'codec_recon_2=0.075495; ', 'bpp_2=0.268471; ']
train step[1497/1500] ; used: 21m:44s; eta: 2s; loss = 0.429545; ['mse_0=0.005517; ', 'lpips_0=0.006360; ', 'codec_recon_0=0.018323; ', 'bpp_0=1.220848; ', 'mse_1=0.004867; ', 'lpips_1=0.005105; ', 'codec_recon_1=0.343133; ', 'bpp_1=0.298290; ', 'mse_2=0.004647; ', 'lpips_2=0.004655; ', 'codec_recon_2=0.068087; ', 'bpp_2=0.281759; ']
train step[1498/1500] ; used: 21m:45s; eta: 1s; loss = 0.429765; ['mse_0=0.000773; ', 'lpips_0=0.003797; ', 'codec_recon_0=0.018740; ', 'bpp_0=1.174040; ', 'mse_1=0.000442; ', 'lpips_1=0.002399; ', 'codec_recon_1=0.328783; ', 'bpp_1=0.294313; ', 'mse_2=0.000379; ', 'lpips_2=0.002191; ', 'codec_recon_2=0.082241; ', 'bpp_2=0.272374; ']
train step[1499/1500] ; used: 21m:46s; eta: 0s; loss = 0.355317; ['mse_0=0.001369; ', 'lpips_0=0.005506; ', 'codec_recon_0=0.019192; ', 'bpp_0=1.176069; ', 'mse_1=0.001071; ', 'lpips_1=0.004612; ', 'codec_recon_1=0.266791; ', 'bpp_1=0.294763; ', 'mse_2=0.001035; ', 'lpips_2=0.004448; ', 'codec_recon_2=0.069332; ', 'bpp_2=0.275949; ']
validation step on 1500 1/100; scene = ['5aca87f95a9412c6']; context = [[58, 133]]
validation step on 1500 2/100; scene = ['bc95e5c7e357f1b7']; context = [[35, 91]]
validation step on 1500 3/100; scene = ['34b0658a5c200cdf']; context = [[0, 70]]
validation step on 1500 4/100; scene = ['28e8300e004ab30b']; context = [[3, 68]]
validation step on 1500 5/100; scene = ['6558c5f10d45a929']; context = [[43, 160]]
validation step on 1500 6/100; scene = ['89ea49cd9865aeff']; context = [[31, 81]]
validation step on 1500 7/100; scene = ['ed477bdf8582adff']; context = [[40, 85]]
validation step on 1500 8/100; scene = ['57d3409bf04c4651']; context = [[0, 45]]
validation step on 1500 9/100; scene = ['aadc1e2dc74fd644']; context = [[2, 52]]
validation step on 1500 10/100; scene = ['cd74b1244d112628']; context = [[63, 110]]
validation step on 1500 11/100; scene = ['57d25dafabb5a238']; context = [[32, 104]]
validation step on 1500 12/100; scene = ['e4f4574df7938f37']; context = [[0, 115]]
validation step on 1500 13/100; scene = ['20d86cff490c0c42']; context = [[18, 69]]
validation step on 1500 14/100; scene = ['0c4c5d5f751aabf5']; context = [[12, 57]]
validation step on 1500 15/100; scene = ['fea544b472e9abd1']; context = [[12, 93]]
validation step on 1500 16/100; scene = ['656381bea665bf3d']; context = [[27, 75]]
validation step on 1500 17/100; scene = ['322261824c4a3003']; context = [[33, 78]]
validation step on 1500 18/100; scene = ['f7c0fa5b81552d35']; context = [[11, 64]]
validation step on 1500 19/100; scene = ['a56ba2efb5e3fdd9']; context = [[33, 92]]
validation step on 1500 20/100; scene = ['c48f19e2ffa52523']; context = [[195, 264]]
validation step on 1500 21/100; scene = ['1214f2a11a9fc1ed']; context = [[103, 215]]
validation step on 1500 22/100; scene = ['a9b3ff60b213e099']; context = [[32, 96]]
validation step on 1500 23/100; scene = ['a6fa92e8204f6118']; context = [[2, 66]]
validation step on 1500 24/100; scene = ['21e794f71e31becb']; context = [[72, 180]]
validation step on 1500 25/100; scene = ['f7d916b43193c181']; context = [[7, 61]]
validation step on 1500 26/100; scene = ['84ab392d682f296b']; context = [[43, 120]]
validation step on 1500 27/100; scene = ['6771a51bf0cfce7f']; context = [[152, 199]]
validation step on 1500 28/100; scene = ['17d9303ee77c3a3d']; context = [[17, 63]]
validation step on 1500 29/100; scene = ['ffa95c3b40609c76']; context = [[120, 213]]
validation step on 1500 30/100; scene = ['a47b88040452d7d9']; context = [[35, 97]]
validation step on 1500 31/100; scene = ['0d4de33c6888a754']; context = [[2, 57]]
validation step on 1500 32/100; scene = ['41bcd011f99bfb66']; context = [[4, 50]]
validation step on 1500 33/100; scene = ['67a69088a2695987']; context = [[6, 86]]
validation step on 1500 34/100; scene = ['b4099665590548fc']; context = [[23, 74]]
validation step on 1500 35/100; scene = ['9e2a8cc5f32dd46b']; context = [[75, 151]]
validation step on 1500 36/100; scene = ['2e109379f53bb221']; context = [[35, 108]]
validation step on 1500 37/100; scene = ['8adebbb68f2c3f84']; context = [[72, 131]]
validation step on 1500 38/100; scene = ['29e0bfbad00f0d5e']; context = [[8, 100]]
validation step on 1500 39/100; scene = ['debc3490ba0bd84b']; context = [[34, 81]]
validation step on 1500 40/100; scene = ['7c7bc5285126e6ad']; context = [[64, 126]]
validation step on 1500 41/100; scene = ['cdf439b17a6a98d4']; context = [[31, 77]]
validation step on 1500 42/100; scene = ['cb38d67088b66084']; context = [[49, 106]]
validation step on 1500 43/100; scene = ['2da2eeb966bc0ef8']; context = [[30, 94]]
validation step on 1500 44/100; scene = ['bb4d7012261ee0ed']; context = [[0, 46]]
validation step on 1500 45/100; scene = ['9e1f1beb4ba8e5da']; context = [[9, 73]]
validation step on 1500 46/100; scene = ['26b31d71789bffad']; context = [[3, 57]]
validation step on 1500 47/100; scene = ['41abd737e0228c1a']; context = [[81, 127]]
validation step on 1500 48/100; scene = ['ed0c2aca14b99efa']; context = [[62, 119]]
validation step on 1500 49/100; scene = ['8d5163de9ea4d851']; context = [[39, 85]]
validation step on 1500 50/100; scene = ['81be42df6ccae760']; context = [[13, 107]]
validation step on 1500 51/100; scene = ['6fe141ec9be1a432']; context = [[12, 73]]
validation step on 1500 52/100; scene = ['3b6d8db52c54b174']; context = [[0, 80]]
validation step on 1500 53/100; scene = ['3087828bc27bc4c7']; context = [[15, 96]]
validation step on 1500 54/100; scene = ['e124dfa7e996a414']; context = [[48, 93]]
validation step on 1500 55/100; scene = ['e1afd89a69ee6947']; context = [[34, 113]]
validation step on 1500 56/100; scene = ['79ce50fb7b021e1d']; context = [[212, 278]]
validation step on 1500 57/100; scene = ['358bdee988c269ef']; context = [[3, 95]]
validation step on 1500 58/100; scene = ['f14791aec34dbdcd']; context = [[5, 59]]
validation step on 1500 59/100; scene = ['0c52996355b23d76']; context = [[51, 111]]
validation step on 1500 60/100; scene = ['62bcb465bb03d34f']; context = [[6, 84]]
validation step on 1500 61/100; scene = ['1f0e06e4388dd600']; context = [[44, 96]]
validation step on 1500 62/100; scene = ['c9c30723d7c54793']; context = [[152, 247]]
validation step on 1500 63/100; scene = ['8b212f2755d955ec']; context = [[40, 110]]
validation step on 1500 64/100; scene = ['de67e3a0b0648cfe']; context = [[16, 72]]
validation step on 1500 65/100; scene = ['54841308aff91857']; context = [[27, 86]]
validation step on 1500 66/100; scene = ['40ca76de44a6e1a9']; context = [[43, 107]]
validation step on 1500 67/100; scene = ['bc143130c1842e4b']; context = [[29, 133]]
validation step on 1500 68/100; scene = ['912177dbf0a1ed6c']; context = [[3, 60]]
validation step on 1500 69/100; scene = ['afe4e799a94e06b3']; context = [[54, 150]]
validation step on 1500 70/100; scene = ['17f552ef56d85c55']; context = [[20, 86]]
validation step on 1500 71/100; scene = ['a7c691c210154b09']; context = [[0, 50]]
validation step on 1500 72/100; scene = ['9490f1219dbbb6ce']; context = [[17, 72]]
validation step on 1500 73/100; scene = ['154365ab5a4e067b']; context = [[2, 48]]
validation step on 1500 74/100; scene = ['ab4c269f8d523d02']; context = [[18, 72]]
validation step on 1500 75/100; scene = ['75d475e9558ab806']; context = [[1, 46]]
validation step on 1500 76/100; scene = ['fdaab1f49851782c']; context = [[31, 142]]
validation step on 1500 77/100; scene = ['2d4efa3897a4ba2d']; context = [[4, 58]]
validation step on 1500 78/100; scene = ['14f477e7d5af5b91']; context = [[17, 72]]
validation step on 1500 79/100; scene = ['de45926738229f67']; context = [[22, 84]]
validation step on 1500 80/100; scene = ['5c909c802eb6edb1']; context = [[13, 78]]
validation step on 1500 81/100; scene = ['aa91dfdd5f4ad32b']; context = [[8, 57]]
validation step on 1500 82/100; scene = ['88d9ba3324f2ec21']; context = [[2, 49]]
validation step on 1500 83/100; scene = ['622ef98e83ed5239']; context = [[3, 66]]
validation step on 1500 84/100; scene = ['30fc5fc78c5a716e']; context = [[151, 210]]
validation step on 1500 85/100; scene = ['8b760ac05c93a6bb']; context = [[26, 72]]
validation step on 1500 86/100; scene = ['800ea72b6988f63e']; context = [[141, 190]]
validation step on 1500 87/100; scene = ['674dabef8f53b566']; context = [[9, 91]]
validation step on 1500 88/100; scene = ['d3a01038c5f21473']; context = [[139, 273]]
validation step on 1500 89/100; scene = ['3e5f747d06bc84a3']; context = [[85, 190]]
validation step on 1500 90/100; scene = ['bb6fa5bdafc14e8c']; context = [[43, 139]]
validation step on 1500 91/100; scene = ['052430ff6e2c07c4']; context = [[19, 92]]
validation step on 1500 92/100; scene = ['0588138dfec165a1']; context = [[70, 160]]
validation step on 1500 93/100; scene = ['e4bcb18fa6aa91be']; context = [[32, 79]]
validation step on 1500 94/100; scene = ['4c4fa41951e37e78']; context = [[8, 60]]
validation step on 1500 95/100; scene = ['252a24d25a1ea81d']; context = [[198, 263]]
validation step on 1500 96/100; scene = ['214df1c2863d2959']; context = [[45, 96]]
validation step on 1500 97/100; scene = ['bfd27ad72975e120']; context = [[8, 55]]
validation step on 1500 98/100; scene = ['572acd18419c3456']; context = [[3, 62]]
validation step on 1500 99/100; scene = ['b26e6c80d283c4c8']; context = [[46, 92]]
validation step on 1500 100/100; scene = ['10c8e54590f715f7']; context = [[6, 76]]
