============================================
HiSplat + per-stage MSH training
Repo: /ceph_data/clue9986/HiSplatMSH
Phase: finetune
Lambda RD: 1e-6
Pretrained ckpt: /ceph_data/clue9986/HiSplatMSH/outputs/msh_proj_full_highrate_bypass_5k/checkpoints/epoch_0-step_5000.ckpt
Max steps: 2000
Batch size/GPU: 2
Checkpoint interval/top-k: 250 / -1
SH degree: 4
Codec stage N: [192,192,192]
Codec stage M: [320,320,320]
Codec stage depth: [2,4,4]
Codec train mode: full
Codec input: proj
LR codec/aux/generator: 1e-4 / 1e-5 / 2e-5
Codec LR warmup: 200 steps from factor 0.1
Codec recon weight: 1.0
Codec warmup bypass: false
Output: msh_proj_full_highrate_rd1e-6_ft_2k_v250
Extra Hydra args: <none>
============================================
[36mSaving outputs to /ceph_data/clue9986/HiSplatMSH/outputs/msh_proj_full_highrate_rd1e-6_ft_2k_v250.[39m
GPU number is 1
missing keys:[]
unexpected keys:[]
error msgs:[]
!!!Successfully load the DINOV2 ckpt from ./checkpoints/dinov2_vitb14_pretrain.pth
==> Load multi-view transformer backbone checkpoint: checkpoints/gmdepth-scale1-resumeflowthings-scannet-5d9d7964.pth
Setting up [LPIPS] perceptual loss: trunk [vgg], v[0.1], spatial [off]
Loading model from: /ceph_data/clue9986/anaconda3/envs/hisplat/lib/python3.10/site-packages/lpips/weights/v0.1/vgg.pth
begin to train fit!
start training without trainer-state resume!!!
train step[0/2000] ; used: 0s; eta: 0s; loss = 0.364347; ['mse_0=0.000531; ', 'lpips_0=0.004366; ', 'codec_recon_0=0.021819; ', 'bpp_0=5.653471; ', 'mse_1=0.000437; ', 'lpips_1=0.003786; ', 'codec_recon_1=0.260543; ', 'bpp_1=0.287267; ', 'mse_2=0.000359; ', 'lpips_2=0.003405; ', 'codec_recon_2=0.069094; ', 'bpp_2=0.264892; ']
train step[1/2000] ; used: 12s; eta: 3h:25m:58s; loss = 0.338050; ['mse_0=0.000583; ', 'lpips_0=0.003612; ', 'codec_recon_0=0.020317; ', 'bpp_0=5.600868; ', 'mse_1=0.000529; ', 'lpips_1=0.003169; ', 'codec_recon_1=0.241059; ', 'bpp_1=0.285232; ', 'mse_2=0.000442; ', 'lpips_2=0.002852; ', 'codec_recon_2=0.065482; ', 'bpp_2=0.262211; ']
train step[2/2000] ; used: 13s; eta: 2h:31m:22s; loss = 0.472015; ['mse_0=0.002234; ', 'lpips_0=0.005617; ', 'codec_recon_0=0.020101; ', 'bpp_0=6.162845; ', 'mse_1=0.001961; ', 'lpips_1=0.005289; ', 'codec_recon_1=0.360951; ', 'bpp_1=0.297705; ', 'mse_2=0.001617; ', 'lpips_2=0.004281; ', 'codec_recon_2=0.069958; ', 'bpp_2=0.280250; ']
train step[3/2000] ; used: 14s; eta: 2h:2m:46s; loss = 0.478509; ['mse_0=0.004371; ', 'lpips_0=0.007145; ', 'codec_recon_0=0.018900; ', 'bpp_0=6.010100; ', 'mse_1=0.003845; ', 'lpips_1=0.006575; ', 'codec_recon_1=0.357721; ', 'bpp_1=0.296029; ', 'mse_2=0.003379; ', 'lpips_2=0.005556; ', 'codec_recon_2=0.071011; ', 'bpp_2=0.277497; ']
train step[4/2000] ; used: 15s; eta: 1h:45m:49s; loss = 0.422749; ['mse_0=0.001449; ', 'lpips_0=0.004657; ', 'codec_recon_0=0.020251; ', 'bpp_0=6.036241; ', 'mse_1=0.001224; ', 'lpips_1=0.004212; ', 'codec_recon_1=0.312019; ', 'bpp_1=0.294494; ', 'mse_2=0.001032; ', 'lpips_2=0.003474; ', 'codec_recon_2=0.074424; ', 'bpp_2=0.275013; ']
train step[5/2000] ; used: 16s; eta: 1h:34m:6s; loss = 0.380692; ['mse_0=0.001233; ', 'lpips_0=0.003446; ', 'codec_recon_0=0.019010; ', 'bpp_0=6.099252; ', 'mse_1=0.001061; ', 'lpips_1=0.002946; ', 'codec_recon_1=0.273628; ', 'bpp_1=0.295580; ', 'mse_2=0.000962; ', 'lpips_2=0.002411; ', 'codec_recon_2=0.075989; ', 'bpp_2=0.274847; ']
train step[6/2000] ; used: 18s; eta: 1h:25m:55s; loss = 0.443296; ['mse_0=0.001487; ', 'lpips_0=0.005451; ', 'codec_recon_0=0.019019; ', 'bpp_0=6.150054; ', 'mse_1=0.001113; ', 'lpips_1=0.004990; ', 'codec_recon_1=0.327713; ', 'bpp_1=0.299744; ', 'mse_2=0.000887; ', 'lpips_2=0.004142; ', 'codec_recon_2=0.078486; ', 'bpp_2=0.280782; ']
train step[7/2000] ; used: 19s; eta: 1h:19m:44s; loss = 0.400875; ['mse_0=0.001805; ', 'lpips_0=0.004641; ', 'codec_recon_0=0.021290; ', 'bpp_0=5.864638; ', 'mse_1=0.001472; ', 'lpips_1=0.003996; ', 'codec_recon_1=0.284703; ', 'bpp_1=0.291124; ', 'mse_2=0.001405; ', 'lpips_2=0.003559; ', 'codec_recon_2=0.077998; ', 'bpp_2=0.270582; ']
train step[8/2000] ; used: 20s; eta: 1h:15m:9s; loss = 0.382459; ['mse_0=0.001224; ', 'lpips_0=0.004087; ', 'codec_recon_0=0.018325; ', 'bpp_0=5.956572; ', 'mse_1=0.001051; ', 'lpips_1=0.003705; ', 'codec_recon_1=0.278176; ', 'bpp_1=0.292260; ', 'mse_2=0.000963; ', 'lpips_2=0.003386; ', 'codec_recon_2=0.071534; ', 'bpp_2=0.270283; ']
train step[9/2000] ; used: 21s; eta: 1h:11m:25s; loss = 0.382496; ['mse_0=0.002438; ', 'lpips_0=0.004208; ', 'codec_recon_0=0.016962; ', 'bpp_0=6.124295; ', 'mse_1=0.002272; ', 'lpips_1=0.003784; ', 'codec_recon_1=0.277960; ', 'bpp_1=0.296297; ', 'mse_2=0.002194; ', 'lpips_2=0.003363; ', 'codec_recon_2=0.069309; ', 'bpp_2=0.276166; ']
train step[10/2000] ; used: 22s; eta: 1h:8m:31s; loss = 0.397373; ['mse_0=0.000819; ', 'lpips_0=0.004187; ', 'codec_recon_0=0.019090; ', 'bpp_0=5.980501; ', 'mse_1=0.000711; ', 'lpips_1=0.003709; ', 'codec_recon_1=0.286656; ', 'bpp_1=0.292527; ', 'mse_2=0.000629; ', 'lpips_2=0.003291; ', 'codec_recon_2=0.078273; ', 'bpp_2=0.269637; ']
train step[11/2000] ; used: 23s; eta: 1h:5m:56s; loss = 0.417510; ['mse_0=0.001264; ', 'lpips_0=0.003454; ', 'codec_recon_0=0.016644; ', 'bpp_0=6.250166; ', 'mse_1=0.000955; ', 'lpips_1=0.002826; ', 'codec_recon_1=0.312871; ', 'bpp_1=0.300676; ', 'mse_2=0.000696; ', 'lpips_2=0.001950; ', 'codec_recon_2=0.076844; ', 'bpp_2=0.281429; ']
train step[12/2000] ; used: 25s; eta: 1h:3m:48s; loss = 0.465734; ['mse_0=0.002719; ', 'lpips_0=0.004934; ', 'codec_recon_0=0.031271; ', 'bpp_0=6.007057; ', 'mse_1=0.002478; ', 'lpips_1=0.004611; ', 'codec_recon_1=0.310133; ', 'bpp_1=0.294800; ', 'mse_2=0.002387; ', 'lpips_2=0.004079; ', 'codec_recon_2=0.103114; ', 'bpp_2=0.273754; ']
train step[13/2000] ; used: 26s; eta: 1h:1m:53s; loss = 0.390303; ['mse_0=0.001482; ', 'lpips_0=0.004864; ', 'codec_recon_0=0.019205; ', 'bpp_0=5.831176; ', 'mse_1=0.001304; ', 'lpips_1=0.004434; ', 'codec_recon_1=0.277720; ', 'bpp_1=0.290495; ', 'mse_2=0.001209; ', 'lpips_2=0.003977; ', 'codec_recon_2=0.076101; ', 'bpp_2=0.266920; ']
train step[14/2000] ; used: 27s; eta: 1h:13s; loss = 0.405105; ['mse_0=0.003339; ', 'lpips_0=0.006044; ', 'codec_recon_0=0.018317; ', 'bpp_0=6.047184; ', 'mse_1=0.003110; ', 'lpips_1=0.005429; ', 'codec_recon_1=0.285817; ', 'bpp_1=0.295814; ', 'mse_2=0.003073; ', 'lpips_2=0.004988; ', 'codec_recon_2=0.074981; ', 'bpp_2=0.276307; ']
train step[15/2000] ; used: 28s; eta: 58m:44s; loss = 0.340667; ['mse_0=0.000824; ', 'lpips_0=0.003380; ', 'codec_recon_0=0.017174; ', 'bpp_0=6.070037; ', 'mse_1=0.000735; ', 'lpips_1=0.002890; ', 'codec_recon_1=0.243659; ', 'bpp_1=0.294178; ', 'mse_2=0.000680; ', 'lpips_2=0.002549; ', 'codec_recon_2=0.068769; ', 'bpp_2=0.271900; ']
train step[16/2000] ; used: 29s; eta: 57m:34s; loss = 0.361477; ['mse_0=0.000766; ', 'lpips_0=0.003602; ', 'codec_recon_0=0.015789; ', 'bpp_0=6.024907; ', 'mse_1=0.000604; ', 'lpips_1=0.003069; ', 'codec_recon_1=0.261796; ', 'bpp_1=0.293829; ', 'mse_2=0.000497; ', 'lpips_2=0.002615; ', 'codec_recon_2=0.072733; ', 'bpp_2=0.268583; ']
train step[17/2000] ; used: 30s; eta: 56m:36s; loss = 0.367457; ['mse_0=0.000593; ', 'lpips_0=0.003646; ', 'codec_recon_0=0.020643; ', 'bpp_0=5.766234; ', 'mse_1=0.000499; ', 'lpips_1=0.003259; ', 'codec_recon_1=0.267024; ', 'bpp_1=0.288452; ', 'mse_2=0.000429; ', 'lpips_2=0.002984; ', 'codec_recon_2=0.068374; ', 'bpp_2=0.266799; ']
train step[18/2000] ; used: 31s; eta: 55m:31s; loss = 0.428818; ['mse_0=0.001060; ', 'lpips_0=0.004086; ', 'codec_recon_0=0.020545; ', 'bpp_0=5.992673; ', 'mse_1=0.000917; ', 'lpips_1=0.003491; ', 'codec_recon_1=0.315215; ', 'bpp_1=0.293296; ', 'mse_2=0.000726; ', 'lpips_2=0.002826; ', 'codec_recon_2=0.079945; ', 'bpp_2=0.271638; ']
train step[19/2000] ; used: 33s; eta: 54m:41s; loss = 0.355339; ['mse_0=0.001533; ', 'lpips_0=0.005367; ', 'codec_recon_0=0.018725; ', 'bpp_0=5.850765; ', 'mse_1=0.001529; ', 'lpips_1=0.004839; ', 'codec_recon_1=0.251400; ', 'bpp_1=0.290333; ', 'mse_2=0.001422; ', 'lpips_2=0.004492; ', 'codec_recon_2=0.066028; ', 'bpp_2=0.267416; ']
train step[20/2000] ; used: 34s; eta: 53m:56s; loss = 0.352247; ['mse_0=0.000716; ', 'lpips_0=0.004665; ', 'codec_recon_0=0.019842; ', 'bpp_0=5.707240; ', 'mse_1=0.000612; ', 'lpips_1=0.004168; ', 'codec_recon_1=0.246738; ', 'bpp_1=0.288682; ', 'mse_2=0.000584; ', 'lpips_2=0.003963; ', 'codec_recon_2=0.070953; ', 'bpp_2=0.265460; ']
train step[21/2000] ; used: 35s; eta: 53m:13s; loss = 0.370254; ['mse_0=0.001109; ', 'lpips_0=0.005116; ', 'codec_recon_0=0.022411; ', 'bpp_0=5.750588; ', 'mse_1=0.000926; ', 'lpips_1=0.004446; ', 'codec_recon_1=0.261650; ', 'bpp_1=0.289036; ', 'mse_2=0.000845; ', 'lpips_2=0.004060; ', 'codec_recon_2=0.069685; ', 'bpp_2=0.268195; ']
train step[22/2000] ; used: 36s; eta: 52m:31s; loss = 0.506651; ['mse_0=0.002436; ', 'lpips_0=0.006668; ', 'codec_recon_0=0.023064; ', 'bpp_0=6.202664; ', 'mse_1=0.002156; ', 'lpips_1=0.006315; ', 'codec_recon_1=0.360160; ', 'bpp_1=0.296227; ', 'mse_2=0.002027; ', 'lpips_2=0.005499; ', 'codec_recon_2=0.098319; ', 'bpp_2=0.275261; ']
train step[23/2000] ; used: 37s; eta: 51m:48s; loss = 0.360386; ['mse_0=0.001767; ', 'lpips_0=0.005639; ', 'codec_recon_0=0.019413; ', 'bpp_0=5.798372; ', 'mse_1=0.001295; ', 'lpips_1=0.004634; ', 'codec_recon_1=0.257891; ', 'bpp_1=0.288827; ', 'mse_2=0.001111; ', 'lpips_2=0.004363; ', 'codec_recon_2=0.064268; ', 'bpp_2=0.265954; ']
train step[24/2000] ; used: 38s; eta: 51m:12s; loss = 0.403393; ['mse_0=0.006624; ', 'lpips_0=0.009240; ', 'codec_recon_0=0.024140; ', 'bpp_0=5.718090; ', 'mse_1=0.006435; ', 'lpips_1=0.008739; ', 'codec_recon_1=0.261256; ', 'bpp_1=0.289435; ', 'mse_2=0.006477; ', 'lpips_2=0.008548; ', 'codec_recon_2=0.071927; ', 'bpp_2=0.268675; ']
train step[25/2000] ; used: 40s; eta: 50m:43s; loss = 0.388557; ['mse_0=0.001013; ', 'lpips_0=0.003964; ', 'codec_recon_0=0.019614; ', 'bpp_0=5.943815; ', 'mse_1=0.000977; ', 'lpips_1=0.003632; ', 'codec_recon_1=0.268888; ', 'bpp_1=0.290895; ', 'mse_2=0.000944; ', 'lpips_2=0.003288; ', 'codec_recon_2=0.086230; ', 'bpp_2=0.266737; ']
train step[26/2000] ; used: 41s; eta: 50m:14s; loss = 0.395360; ['mse_0=0.003050; ', 'lpips_0=0.006046; ', 'codec_recon_0=0.019578; ', 'bpp_0=5.934303; ', 'mse_1=0.002749; ', 'lpips_1=0.005423; ', 'codec_recon_1=0.276084; ', 'bpp_1=0.293520; ', 'mse_2=0.002714; ', 'lpips_2=0.004980; ', 'codec_recon_2=0.074729; ', 'bpp_2=0.272320; ']
train step[27/2000] ; used: 42s; eta: 49m:47s; loss = 0.382535; ['mse_0=0.001863; ', 'lpips_0=0.003978; ', 'codec_recon_0=0.016575; ', 'bpp_0=6.082363; ', 'mse_1=0.001605; ', 'lpips_1=0.003450; ', 'codec_recon_1=0.284116; ', 'bpp_1=0.294603; ', 'mse_2=0.001363; ', 'lpips_2=0.002760; ', 'codec_recon_2=0.066820; ', 'bpp_2=0.275220; ']
train step[28/2000] ; used: 43s; eta: 49m:25s; loss = 0.472284; ['mse_0=0.001509; ', 'lpips_0=0.006156; ', 'codec_recon_0=0.026867; ', 'bpp_0=5.912210; ', 'mse_1=0.001381; ', 'lpips_1=0.006174; ', 'codec_recon_1=0.331071; ', 'bpp_1=0.293008; ', 'mse_2=0.001256; ', 'lpips_2=0.005194; ', 'codec_recon_2=0.092669; ', 'bpp_2=0.271042; ']
train step[29/2000] ; used: 44s; eta: 49m:3s; loss = 0.557221; ['mse_0=0.002645; ', 'lpips_0=0.007696; ', 'codec_recon_0=0.019829; ', 'bpp_0=6.327880; ', 'mse_1=0.002338; ', 'lpips_1=0.007905; ', 'codec_recon_1=0.424064; ', 'bpp_1=0.301334; ', 'mse_2=0.001738; ', 'lpips_2=0.004539; ', 'codec_recon_2=0.086460; ', 'bpp_2=0.285055; ']
train step[30/2000] ; used: 45s; eta: 48m:41s; loss = 0.546371; ['mse_0=0.010932; ', 'lpips_0=0.011311; ', 'codec_recon_0=0.021061; ', 'bpp_0=6.310645; ', 'mse_1=0.010702; ', 'lpips_1=0.011023; ', 'codec_recon_1=0.382137; ', 'bpp_1=0.301763; ', 'mse_2=0.010544; ', 'lpips_2=0.009780; ', 'codec_recon_2=0.078875; ', 'bpp_2=0.286341; ']
train step[31/2000] ; used: 47s; eta: 48m:19s; loss = 0.430910; ['mse_0=0.004208; ', 'lpips_0=0.005731; ', 'codec_recon_0=0.015946; ', 'bpp_0=6.305969; ', 'mse_1=0.003971; ', 'lpips_1=0.005286; ', 'codec_recon_1=0.314654; ', 'bpp_1=0.301228; ', 'mse_2=0.003820; ', 'lpips_2=0.004530; ', 'codec_recon_2=0.072757; ', 'bpp_2=0.283147; ']
train step[32/2000] ; used: 48s; eta: 47m:56s; loss = 0.422024; ['mse_0=0.002079; ', 'lpips_0=0.005106; ', 'codec_recon_0=0.019239; ', 'bpp_0=6.073065; ', 'mse_1=0.001851; ', 'lpips_1=0.004854; ', 'codec_recon_1=0.316483; ', 'bpp_1=0.295925; ', 'mse_2=0.001507; ', 'lpips_2=0.003750; ', 'codec_recon_2=0.067149; ', 'bpp_2=0.276394; ']
train step[33/2000] ; used: 49s; eta: 47m:35s; loss = 0.407898; ['mse_0=0.002809; ', 'lpips_0=0.004614; ', 'codec_recon_0=0.019130; ', 'bpp_0=6.057109; ', 'mse_1=0.002389; ', 'lpips_1=0.004022; ', 'codec_recon_1=0.303377; ', 'bpp_1=0.296959; ', 'mse_2=0.002074; ', 'lpips_2=0.003319; ', 'codec_recon_2=0.066156; ', 'bpp_2=0.278022; ']
train step[34/2000] ; used: 50s; eta: 47m:14s; loss = 0.391583; ['mse_0=0.000371; ', 'lpips_0=0.003763; ', 'codec_recon_0=0.019106; ', 'bpp_0=5.977209; ', 'mse_1=0.000295; ', 'lpips_1=0.003173; ', 'codec_recon_1=0.281808; ', 'bpp_1=0.292435; ', 'mse_2=0.000237; ', 'lpips_2=0.002651; ', 'codec_recon_2=0.080172; ', 'bpp_2=0.270164; ']
train step[35/2000] ; used: 51s; eta: 47m; loss = 0.342451; ['mse_0=0.001738; ', 'lpips_0=0.006136; ', 'codec_recon_0=0.022398; ', 'bpp_0=5.832338; ', 'mse_1=0.001273; ', 'lpips_1=0.005188; ', 'codec_recon_1=0.230465; ', 'bpp_1=0.289001; ', 'mse_2=0.001198; ', 'lpips_2=0.004937; ', 'codec_recon_2=0.069112; ', 'bpp_2=0.266990; ']
train step[36/2000] ; used: 52s; eta: 46m:48s; loss = 0.373968; ['mse_0=0.001438; ', 'lpips_0=0.004725; ', 'codec_recon_0=0.018780; ', 'bpp_0=5.978207; ', 'mse_1=0.001229; ', 'lpips_1=0.004068; ', 'codec_recon_1=0.267048; ', 'bpp_1=0.294240; ', 'mse_2=0.001055; ', 'lpips_2=0.003655; ', 'codec_recon_2=0.071964; ', 'bpp_2=0.273118; ']
train step[37/2000] ; used: 54s; eta: 46m:31s; loss = 0.353073; ['mse_0=0.000705; ', 'lpips_0=0.003503; ', 'codec_recon_0=0.026814; ', 'bpp_0=5.852118; ', 'mse_1=0.000613; ', 'lpips_1=0.002982; ', 'codec_recon_1=0.235523; ', 'bpp_1=0.289151; ', 'mse_2=0.000564; ', 'lpips_2=0.002700; ', 'codec_recon_2=0.079663; ', 'bpp_2=0.266445; ']
train step[38/2000] ; used: 55s; eta: 46m:18s; loss = 0.372784; ['mse_0=0.000685; ', 'lpips_0=0.003439; ', 'codec_recon_0=0.017017; ', 'bpp_0=6.118268; ', 'mse_1=0.000577; ', 'lpips_1=0.003027; ', 'codec_recon_1=0.266678; ', 'bpp_1=0.296270; ', 'mse_2=0.000485; ', 'lpips_2=0.002584; ', 'codec_recon_2=0.078285; ', 'bpp_2=0.273350; ']
train step[39/2000] ; used: 56s; eta: 46m:5s; loss = 0.383658; ['mse_0=0.000871; ', 'lpips_0=0.003630; ', 'codec_recon_0=0.019328; ', 'bpp_0=5.982978; ', 'mse_1=0.000691; ', 'lpips_1=0.003035; ', 'codec_recon_1=0.282455; ', 'bpp_1=0.295131; ', 'mse_2=0.000558; ', 'lpips_2=0.002576; ', 'codec_recon_2=0.070507; ', 'bpp_2=0.273439; ']
train step[40/2000] ; used: 57s; eta: 45m:53s; loss = 0.379222; ['mse_0=0.000909; ', 'lpips_0=0.003791; ', 'codec_recon_0=0.025251; ', 'bpp_0=5.893408; ', 'mse_1=0.000739; ', 'lpips_1=0.003330; ', 'codec_recon_1=0.262984; ', 'bpp_1=0.292166; ', 'mse_2=0.000617; ', 'lpips_2=0.002965; ', 'codec_recon_2=0.078630; ', 'bpp_2=0.272472; ']
train step[41/2000] ; used: 58s; eta: 45m:40s; loss = 0.439989; ['mse_0=0.000649; ', 'lpips_0=0.004876; ', 'codec_recon_0=0.018666; ', 'bpp_0=5.709406; ', 'mse_1=0.000495; ', 'lpips_1=0.004232; ', 'codec_recon_1=0.331145; ', 'bpp_1=0.288870; ', 'mse_2=0.000320; ', 'lpips_2=0.003215; ', 'codec_recon_2=0.076385; ', 'bpp_2=0.267570; ']
train step[42/2000] ; used: 59s; eta: 45m:28s; loss = 0.373682; ['mse_0=0.000338; ', 'lpips_0=0.003511; ', 'codec_recon_0=0.019137; ', 'bpp_0=5.938730; ', 'mse_1=0.000305; ', 'lpips_1=0.003064; ', 'codec_recon_1=0.264148; ', 'bpp_1=0.289088; ', 'mse_2=0.000257; ', 'lpips_2=0.002830; ', 'codec_recon_2=0.080085; ', 'bpp_2=0.266560; ']
train step[43/2000] ; used: 1m:1s; eta: 45m:16s; loss = 0.378024; ['mse_0=0.001088; ', 'lpips_0=0.003164; ', 'codec_recon_0=0.021718; ', 'bpp_0=6.036777; ', 'mse_1=0.000937; ', 'lpips_1=0.002682; ', 'codec_recon_1=0.263527; ', 'bpp_1=0.292766; ', 'mse_2=0.000810; ', 'lpips_2=0.002319; ', 'codec_recon_2=0.081773; ', 'bpp_2=0.270067; ']
train step[44/2000] ; used: 1m:2s; eta: 45m:2s; loss = 0.377565; ['mse_0=0.000574; ', 'lpips_0=0.003043; ', 'codec_recon_0=0.016051; ', 'bpp_0=6.022954; ', 'mse_1=0.000458; ', 'lpips_1=0.002620; ', 'codec_recon_1=0.280013; ', 'bpp_1=0.294332; ', 'mse_2=0.000304; ', 'lpips_2=0.002093; ', 'codec_recon_2=0.072401; ', 'bpp_2=0.269748; ']
train step[45/2000] ; used: 1m:3s; eta: 44m:49s; loss = 0.339450; ['mse_0=0.001973; ', 'lpips_0=0.004399; ', 'codec_recon_0=0.017756; ', 'bpp_0=5.945833; ', 'mse_1=0.001695; ', 'lpips_1=0.003819; ', 'codec_recon_1=0.241366; ', 'bpp_1=0.292075; ', 'mse_2=0.001520; ', 'lpips_2=0.003374; ', 'codec_recon_2=0.063541; ', 'bpp_2=0.271523; ']
train step[46/2000] ; used: 1m:4s; eta: 44m:38s; loss = 0.371192; ['mse_0=0.001046; ', 'lpips_0=0.004752; ', 'codec_recon_0=0.019643; ', 'bpp_0=5.856094; ', 'mse_1=0.000977; ', 'lpips_1=0.004211; ', 'codec_recon_1=0.260694; ', 'bpp_1=0.289779; ', 'mse_2=0.000918; ', 'lpips_2=0.003907; ', 'codec_recon_2=0.075036; ', 'bpp_2=0.267624; ']
train step[47/2000] ; used: 1m:5s; eta: 44m:41s; loss = 0.461515; ['mse_0=0.001265; ', 'lpips_0=0.004849; ', 'codec_recon_0=0.017740; ', 'bpp_0=6.147634; ', 'mse_1=0.001033; ', 'lpips_1=0.004151; ', 'codec_recon_1=0.349816; ', 'bpp_1=0.296151; ', 'mse_2=0.000725; ', 'lpips_2=0.002991; ', 'codec_recon_2=0.078937; ', 'bpp_2=0.276320; ']
train step[48/2000] ; used: 1m:7s; eta: 44m:29s; loss = 0.364931; ['mse_0=0.001564; ', 'lpips_0=0.004680; ', 'codec_recon_0=0.018573; ', 'bpp_0=5.882074; ', 'mse_1=0.001820; ', 'lpips_1=0.004339; ', 'codec_recon_1=0.261514; ', 'bpp_1=0.291021; ', 'mse_2=0.001742; ', 'lpips_2=0.004029; ', 'codec_recon_2=0.066663; ', 'bpp_2=0.269515; ']
train step[49/2000] ; used: 1m:8s; eta: 44m:21s; loss = 0.395367; ['mse_0=0.001080; ', 'lpips_0=0.003650; ', 'codec_recon_0=0.019373; ', 'bpp_0=6.115388; ', 'mse_1=0.000905; ', 'lpips_1=0.003197; ', 'codec_recon_1=0.287623; ', 'bpp_1=0.297068; ', 'mse_2=0.000668; ', 'lpips_2=0.002338; ', 'codec_recon_2=0.076527; ', 'bpp_2=0.277526; ']
train step[50/2000] ; used: 1m:9s; eta: 44m:10s; loss = 0.359164; ['mse_0=0.001124; ', 'lpips_0=0.003717; ', 'codec_recon_0=0.020709; ', 'bpp_0=5.805975; ', 'mse_1=0.000867; ', 'lpips_1=0.003323; ', 'codec_recon_1=0.261096; ', 'bpp_1=0.289442; ', 'mse_2=0.000681; ', 'lpips_2=0.002773; ', 'codec_recon_2=0.064865; ', 'bpp_2=0.266647; ']
train step[51/2000] ; used: 1m:10s; eta: 44m; loss = 0.516408; ['mse_0=0.001801; ', 'lpips_0=0.006208; ', 'codec_recon_0=0.017931; ', 'bpp_0=6.096427; ', 'mse_1=0.001624; ', 'lpips_1=0.005868; ', 'codec_recon_1=0.397508; ', 'bpp_1=0.296370; ', 'mse_2=0.000824; ', 'lpips_2=0.003613; ', 'codec_recon_2=0.081024; ', 'bpp_2=0.278821; ']
train step[52/2000] ; used: 1m:11s; eta: 43m:51s; loss = 0.432154; ['mse_0=0.001846; ', 'lpips_0=0.004004; ', 'codec_recon_0=0.017369; ', 'bpp_0=6.254146; ', 'mse_1=0.001583; ', 'lpips_1=0.003620; ', 'codec_recon_1=0.335456; ', 'bpp_1=0.300136; ', 'mse_2=0.000903; ', 'lpips_2=0.002362; ', 'codec_recon_2=0.065003; ', 'bpp_2=0.280989; ']
train step[53/2000] ; used: 1m:12s; eta: 43m:42s; loss = 0.372716; ['mse_0=0.000765; ', 'lpips_0=0.003728; ', 'codec_recon_0=0.018620; ', 'bpp_0=5.929996; ', 'mse_1=0.000691; ', 'lpips_1=0.003319; ', 'codec_recon_1=0.267714; ', 'bpp_1=0.291038; ', 'mse_2=0.000661; ', 'lpips_2=0.002943; ', 'codec_recon_2=0.074268; ', 'bpp_2=0.268047; ']
train step[54/2000] ; used: 1m:13s; eta: 43m:32s; loss = 0.460505; ['mse_0=0.002911; ', 'lpips_0=0.004748; ', 'codec_recon_0=0.027450; ', 'bpp_0=6.190471; ', 'mse_1=0.002501; ', 'lpips_1=0.004051; ', 'codec_recon_1=0.331876; ', 'bpp_1=0.299042; ', 'mse_2=0.002231; ', 'lpips_2=0.003199; ', 'codec_recon_2=0.081531; ', 'bpp_2=0.280199; ']
train step[55/2000] ; used: 1m:14s; eta: 43m:22s; loss = 0.340530; ['mse_0=0.000513; ', 'lpips_0=0.004393; ', 'codec_recon_0=0.018312; ', 'bpp_0=5.875847; ', 'mse_1=0.000420; ', 'lpips_1=0.003944; ', 'codec_recon_1=0.237151; ', 'bpp_1=0.288488; ', 'mse_2=0.000381; ', 'lpips_2=0.003733; ', 'codec_recon_2=0.071678; ', 'bpp_2=0.268488; ']
train step[56/2000] ; used: 1m:16s; eta: 43m:14s; loss = 0.393547; ['mse_0=0.001958; ', 'lpips_0=0.003591; ', 'codec_recon_0=0.017216; ', 'bpp_0=6.098877; ', 'mse_1=0.001765; ', 'lpips_1=0.003119; ', 'codec_recon_1=0.286327; ', 'bpp_1=0.294190; ', 'mse_2=0.001625; ', 'lpips_2=0.002570; ', 'codec_recon_2=0.075369; ', 'bpp_2=0.272037; ']
train step[57/2000] ; used: 1m:17s; eta: 43m:10s; loss = 0.502192; ['mse_0=0.004208; ', 'lpips_0=0.007062; ', 'codec_recon_0=0.020794; ', 'bpp_0=6.129303; ', 'mse_1=0.003520; ', 'lpips_1=0.006360; ', 'codec_recon_1=0.385456; ', 'bpp_1=0.300066; ', 'mse_2=0.003076; ', 'lpips_2=0.004857; ', 'codec_recon_2=0.066851; ', 'bpp_2=0.282838; ']
train step[58/2000] ; used: 1m:18s; eta: 43m; loss = 0.384122; ['mse_0=0.000796; ', 'lpips_0=0.003850; ', 'codec_recon_0=0.017762; ', 'bpp_0=5.915476; ', 'mse_1=0.000661; ', 'lpips_1=0.003335; ', 'codec_recon_1=0.277233; ', 'bpp_1=0.291110; ', 'mse_2=0.000596; ', 'lpips_2=0.002959; ', 'codec_recon_2=0.076923; ', 'bpp_2=0.269284; ']
train step[59/2000] ; used: 1m:19s; eta: 42m:54s; loss = 0.377042; ['mse_0=0.000748; ', 'lpips_0=0.003184; ', 'codec_recon_0=0.020764; ', 'bpp_0=5.966094; ', 'mse_1=0.000700; ', 'lpips_1=0.002786; ', 'codec_recon_1=0.275515; ', 'bpp_1=0.291971; ', 'mse_2=0.000645; ', 'lpips_2=0.002463; ', 'codec_recon_2=0.070231; ', 'bpp_2=0.269652; ']
train step[60/2000] ; used: 1m:20s; eta: 42m:48s; loss = 0.389878; ['mse_0=0.000577; ', 'lpips_0=0.006224; ', 'codec_recon_0=0.027928; ', 'bpp_0=5.679537; ', 'mse_1=0.000511; ', 'lpips_1=0.005750; ', 'codec_recon_1=0.265913; ', 'bpp_1=0.283214; ', 'mse_2=0.000486; ', 'lpips_2=0.005434; ', 'codec_recon_2=0.077050; ', 'bpp_2=0.262856; ']
train step[61/2000] ; used: 1m:21s; eta: 42m:41s; loss = 0.450026; ['mse_0=0.002524; ', 'lpips_0=0.006009; ', 'codec_recon_0=0.020558; ', 'bpp_0=5.934410; ', 'mse_1=0.002326; ', 'lpips_1=0.005714; ', 'codec_recon_1=0.328079; ', 'bpp_1=0.292655; ', 'mse_2=0.002080; ', 'lpips_2=0.005029; ', 'codec_recon_2=0.077700; ', 'bpp_2=0.273300; ']
train step[62/2000] ; used: 1m:23s; eta: 42m:35s; loss = 0.309880; ['mse_0=0.000514; ', 'lpips_0=0.003239; ', 'codec_recon_0=0.015147; ', 'bpp_0=5.808511; ', 'mse_1=0.000354; ', 'lpips_1=0.002682; ', 'codec_recon_1=0.223703; ', 'bpp_1=0.288611; ', 'mse_2=0.000243; ', 'lpips_2=0.002280; ', 'codec_recon_2=0.061713; ', 'bpp_2=0.264490; ']
train step[63/2000] ; used: 1m:24s; eta: 42m:26s; loss = 0.320826; ['mse_0=0.000730; ', 'lpips_0=0.003280; ', 'codec_recon_0=0.019865; ', 'bpp_0=5.794637; ', 'mse_1=0.000664; ', 'lpips_1=0.002892; ', 'codec_recon_1=0.226317; ', 'bpp_1=0.286876; ', 'mse_2=0.000639; ', 'lpips_2=0.002674; ', 'codec_recon_2=0.063759; ', 'bpp_2=0.266289; ']
train step[64/2000] ; used: 1m:25s; eta: 42m:19s; loss = 0.400546; ['mse_0=0.002149; ', 'lpips_0=0.004605; ', 'codec_recon_0=0.019738; ', 'bpp_0=5.923073; ', 'mse_1=0.001943; ', 'lpips_1=0.003972; ', 'codec_recon_1=0.295785; ', 'bpp_1=0.291746; ', 'mse_2=0.001824; ', 'lpips_2=0.003509; ', 'codec_recon_2=0.067015; ', 'bpp_2=0.271196; ']
train step[65/2000] ; used: 1m:26s; eta: 42m:14s; loss = 0.409823; ['mse_0=0.001425; ', 'lpips_0=0.004796; ', 'codec_recon_0=0.018744; ', 'bpp_0=6.014874; ', 'mse_1=0.001245; ', 'lpips_1=0.004287; ', 'codec_recon_1=0.301461; ', 'bpp_1=0.294864; ', 'mse_2=0.001052; ', 'lpips_2=0.003716; ', 'codec_recon_2=0.073090; ', 'bpp_2=0.273380; ']
train step[66/2000] ; used: 1m:27s; eta: 42m:9s; loss = 0.453972; ['mse_0=0.001504; ', 'lpips_0=0.004906; ', 'codec_recon_0=0.017353; ', 'bpp_0=6.076360; ', 'mse_1=0.001283; ', 'lpips_1=0.004785; ', 'codec_recon_1=0.341939; ', 'bpp_1=0.296207; ', 'mse_2=0.000843; ', 'lpips_2=0.003122; ', 'codec_recon_2=0.078230; ', 'bpp_2=0.275529; ']
train step[67/2000] ; used: 1m:28s; eta: 42m:2s; loss = 0.379452; ['mse_0=0.003301; ', 'lpips_0=0.005384; ', 'codec_recon_0=0.024115; ', 'bpp_0=5.929111; ', 'mse_1=0.003002; ', 'lpips_1=0.004894; ', 'codec_recon_1=0.247474; ', 'bpp_1=0.291425; ', 'mse_2=0.002997; ', 'lpips_2=0.004715; ', 'codec_recon_2=0.083563; ', 'bpp_2=0.269837; ']
train step[68/2000] ; used: 1m:29s; eta: 41m:59s; loss = 0.436694; ['mse_0=0.002146; ', 'lpips_0=0.005606; ', 'codec_recon_0=0.017055; ', 'bpp_0=6.017352; ', 'mse_1=0.001920; ', 'lpips_1=0.005107; ', 'codec_recon_1=0.330612; ', 'bpp_1=0.296603; ', 'mse_2=0.001803; ', 'lpips_2=0.004194; ', 'codec_recon_2=0.068243; ', 'bpp_2=0.278542; ']
train step[69/2000] ; used: 1m:31s; eta: 41m:55s; loss = 0.502034; ['mse_0=0.001773; ', 'lpips_0=0.008416; ', 'codec_recon_0=0.019109; ', 'bpp_0=6.115637; ', 'mse_1=0.001557; ', 'lpips_1=0.008029; ', 'codec_recon_1=0.367075; ', 'bpp_1=0.296064; ', 'mse_2=0.001410; ', 'lpips_2=0.006935; ', 'codec_recon_2=0.087722; ', 'bpp_2=0.276658; ']
train step[70/2000] ; used: 1m:32s; eta: 41m:50s; loss = 0.419222; ['mse_0=0.000583; ', 'lpips_0=0.004437; ', 'codec_recon_0=0.017285; ', 'bpp_0=6.139660; ', 'mse_1=0.000475; ', 'lpips_1=0.003661; ', 'codec_recon_1=0.305421; ', 'bpp_1=0.296039; ', 'mse_2=0.000398; ', 'lpips_2=0.002898; ', 'codec_recon_2=0.084059; ', 'bpp_2=0.273901; ']
train step[71/2000] ; used: 1m:33s; eta: 41m:45s; loss = 0.469621; ['mse_0=0.001191; ', 'lpips_0=0.004814; ', 'codec_recon_0=0.020197; ', 'bpp_0=6.104585; ', 'mse_1=0.001034; ', 'lpips_1=0.004195; ', 'codec_recon_1=0.350529; ', 'bpp_1=0.295618; ', 'mse_2=0.000732; ', 'lpips_2=0.003346; ', 'codec_recon_2=0.083575; ', 'bpp_2=0.273584; ']
train step[72/2000] ; used: 1m:34s; eta: 41m:40s; loss = 0.376547; ['mse_0=0.000557; ', 'lpips_0=0.003478; ', 'codec_recon_0=0.015886; ', 'bpp_0=6.058162; ', 'mse_1=0.000471; ', 'lpips_1=0.003050; ', 'codec_recon_1=0.276618; ', 'bpp_1=0.293540; ', 'mse_2=0.000368; ', 'lpips_2=0.002565; ', 'codec_recon_2=0.073548; ', 'bpp_2=0.271608; ']
train step[73/2000] ; used: 1m:35s; eta: 41m:34s; loss = 0.400108; ['mse_0=0.002400; ', 'lpips_0=0.004331; ', 'codec_recon_0=0.021089; ', 'bpp_0=6.130774; ', 'mse_1=0.002057; ', 'lpips_1=0.003753; ', 'codec_recon_1=0.282521; ', 'bpp_1=0.297028; ', 'mse_2=0.001949; ', 'lpips_2=0.003251; ', 'codec_recon_2=0.078750; ', 'bpp_2=0.276633; ']
train step[74/2000] ; used: 1m:36s; eta: 41m:28s; loss = 0.387308; ['mse_0=0.002599; ', 'lpips_0=0.006635; ', 'codec_recon_0=0.023058; ', 'bpp_0=5.883148; ', 'mse_1=0.002410; ', 'lpips_1=0.006193; ', 'codec_recon_1=0.268090; ', 'bpp_1=0.291995; ', 'mse_2=0.002346; ', 'lpips_2=0.005975; ', 'codec_recon_2=0.069996; ', 'bpp_2=0.268978; ']
train step[75/2000] ; used: 1m:38s; eta: 41m:23s; loss = 0.392895; ['mse_0=0.001335; ', 'lpips_0=0.003614; ', 'codec_recon_0=0.017812; ', 'bpp_0=6.082559; ', 'mse_1=0.001160; ', 'lpips_1=0.003158; ', 'codec_recon_1=0.291180; ', 'bpp_1=0.295973; ', 'mse_2=0.001008; ', 'lpips_2=0.002669; ', 'codec_recon_2=0.070952; ', 'bpp_2=0.275877; ']
train step[76/2000] ; used: 1m:39s; eta: 41m:18s; loss = 0.343876; ['mse_0=0.000813; ', 'lpips_0=0.003529; ', 'codec_recon_0=0.017935; ', 'bpp_0=5.891999; ', 'mse_1=0.000692; ', 'lpips_1=0.002993; ', 'codec_recon_1=0.246708; ', 'bpp_1=0.290669; ', 'mse_2=0.000604; ', 'lpips_2=0.002642; ', 'codec_recon_2=0.067954; ', 'bpp_2=0.267975; ']
train step[77/2000] ; used: 1m:40s; eta: 41m:15s; loss = 0.360763; ['mse_0=0.001530; ', 'lpips_0=0.003637; ', 'codec_recon_0=0.020464; ', 'bpp_0=6.110902; ', 'mse_1=0.001378; ', 'lpips_1=0.003227; ', 'codec_recon_1=0.257447; ', 'bpp_1=0.296484; ', 'mse_2=0.001271; ', 'lpips_2=0.002863; ', 'codec_recon_2=0.068939; ', 'bpp_2=0.275308; ']
train step[78/2000] ; used: 1m:41s; eta: 41m:9s; loss = 0.362873; ['mse_0=0.001099; ', 'lpips_0=0.004455; ', 'codec_recon_0=0.024956; ', 'bpp_0=5.736919; ', 'mse_1=0.000948; ', 'lpips_1=0.003994; ', 'codec_recon_1=0.253232; ', 'bpp_1=0.289313; ', 'mse_2=0.000863; ', 'lpips_2=0.003732; ', 'codec_recon_2=0.069587; ', 'bpp_2=0.269989; ']
train step[79/2000] ; used: 1m:42s; eta: 41m:6s; loss = 0.395565; ['mse_0=0.000615; ', 'lpips_0=0.003469; ', 'codec_recon_0=0.016945; ', 'bpp_0=5.985088; ', 'mse_1=0.000460; ', 'lpips_1=0.002880; ', 'codec_recon_1=0.297252; ', 'bpp_1=0.293968; ', 'mse_2=0.000293; ', 'lpips_2=0.002272; ', 'codec_recon_2=0.071372; ', 'bpp_2=0.270566; ']
train step[80/2000] ; used: 1m:43s; eta: 41m:3s; loss = 0.357178; ['mse_0=0.000386; ', 'lpips_0=0.003067; ', 'codec_recon_0=0.018748; ', 'bpp_0=5.904583; ', 'mse_1=0.000304; ', 'lpips_1=0.002544; ', 'codec_recon_1=0.258622; ', 'bpp_1=0.292056; ', 'mse_2=0.000253; ', 'lpips_2=0.002212; ', 'codec_recon_2=0.071035; ', 'bpp_2=0.269988; ']
train step[81/2000] ; used: 1m:45s; eta: 41m; loss = 0.349571; ['mse_0=0.001741; ', 'lpips_0=0.004101; ', 'codec_recon_0=0.023892; ', 'bpp_0=5.685771; ', 'mse_1=0.001556; ', 'lpips_1=0.003719; ', 'codec_recon_1=0.248138; ', 'bpp_1=0.289167; ', 'mse_2=0.001497; ', 'lpips_2=0.003472; ', 'codec_recon_2=0.061449; ', 'bpp_2=0.265735; ']
train step[82/2000] ; used: 1m:46s; eta: 40m:56s; loss = 0.350515; ['mse_0=0.000853; ', 'lpips_0=0.003397; ', 'codec_recon_0=0.018070; ', 'bpp_0=6.042285; ', 'mse_1=0.000588; ', 'lpips_1=0.002712; ', 'codec_recon_1=0.256808; ', 'bpp_1=0.295648; ', 'mse_2=0.000504; ', 'lpips_2=0.002327; ', 'codec_recon_2=0.065250; ', 'bpp_2=0.274752; ']
train step[83/2000] ; used: 1m:47s; eta: 40m:52s; loss = 0.430042; ['mse_0=0.002162; ', 'lpips_0=0.005733; ', 'codec_recon_0=0.020770; ', 'bpp_0=6.019203; ', 'mse_1=0.002067; ', 'lpips_1=0.005110; ', 'codec_recon_1=0.316602; ', 'bpp_1=0.294985; ', 'mse_2=0.002072; ', 'lpips_2=0.004634; ', 'codec_recon_2=0.070886; ', 'bpp_2=0.275543; ']
train step[84/2000] ; used: 1m:48s; eta: 40m:48s; loss = 0.507276; ['mse_0=0.003533; ', 'lpips_0=0.007361; ', 'codec_recon_0=0.016584; ', 'bpp_0=6.315010; ', 'mse_1=0.002822; ', 'lpips_1=0.006394; ', 'codec_recon_1=0.392214; ', 'bpp_1=0.301181; ', 'mse_2=0.002386; ', 'lpips_2=0.005014; ', 'codec_recon_2=0.070961; ', 'bpp_2=0.285065; ']
train step[85/2000] ; used: 1m:49s; eta: 40m:43s; loss = 0.379342; ['mse_0=0.001089; ', 'lpips_0=0.004410; ', 'codec_recon_0=0.018623; ', 'bpp_0=6.184341; ', 'mse_1=0.000961; ', 'lpips_1=0.003930; ', 'codec_recon_1=0.272488; ', 'bpp_1=0.299310; ', 'mse_2=0.000843; ', 'lpips_2=0.003474; ', 'codec_recon_2=0.073519; ', 'bpp_2=0.278889; ']
train step[86/2000] ; used: 1m:50s; eta: 40m:39s; loss = 0.478842; ['mse_0=0.002282; ', 'lpips_0=0.007150; ', 'codec_recon_0=0.017098; ', 'bpp_0=6.163859; ', 'mse_1=0.002006; ', 'lpips_1=0.006532; ', 'codec_recon_1=0.360710; ', 'bpp_1=0.296876; ', 'mse_2=0.001652; ', 'lpips_2=0.005457; ', 'codec_recon_2=0.075949; ', 'bpp_2=0.278234; ']
train step[87/2000] ; used: 1m:51s; eta: 40m:34s; loss = 0.440031; ['mse_0=0.001573; ', 'lpips_0=0.004810; ', 'codec_recon_0=0.016834; ', 'bpp_0=5.996818; ', 'mse_1=0.001331; ', 'lpips_1=0.004227; ', 'codec_recon_1=0.337595; ', 'bpp_1=0.294283; ', 'mse_2=0.000999; ', 'lpips_2=0.003253; ', 'codec_recon_2=0.069402; ', 'bpp_2=0.277578; ']
train step[88/2000] ; used: 1m:53s; eta: 40m:30s; loss = 0.429993; ['mse_0=0.006022; ', 'lpips_0=0.005761; ', 'codec_recon_0=0.017005; ', 'bpp_0=6.151211; ', 'mse_1=0.005642; ', 'lpips_1=0.005204; ', 'codec_recon_1=0.316344; ', 'bpp_1=0.300674; ', 'mse_2=0.005467; ', 'lpips_2=0.004367; ', 'codec_recon_2=0.064175; ', 'bpp_2=0.282327; ']
train step[89/2000] ; used: 1m:54s; eta: 40m:28s; loss = 0.353455; ['mse_0=0.002441; ', 'lpips_0=0.004618; ', 'codec_recon_0=0.021449; ', 'bpp_0=5.615108; ', 'mse_1=0.002298; ', 'lpips_1=0.004084; ', 'codec_recon_1=0.252241; ', 'bpp_1=0.286609; ', 'mse_2=0.002320; ', 'lpips_2=0.003867; ', 'codec_recon_2=0.060130; ', 'bpp_2=0.263592; ']
train step[90/2000] ; used: 1m:55s; eta: 40m:26s; loss = 0.447711; ['mse_0=0.001964; ', 'lpips_0=0.004325; ', 'codec_recon_0=0.018558; ', 'bpp_0=6.211172; ', 'mse_1=0.001575; ', 'lpips_1=0.003699; ', 'codec_recon_1=0.345601; ', 'bpp_1=0.299815; ', 'mse_2=0.001105; ', 'lpips_2=0.002470; ', 'codec_recon_2=0.068406; ', 'bpp_2=0.281320; ']
train step[91/2000] ; used: 1m:56s; eta: 40m:21s; loss = 0.420503; ['mse_0=0.003347; ', 'lpips_0=0.007258; ', 'codec_recon_0=0.021156; ', 'bpp_0=6.119746; ', 'mse_1=0.002993; ', 'lpips_1=0.006550; ', 'codec_recon_1=0.297904; ', 'bpp_1=0.298004; ', 'mse_2=0.002882; ', 'lpips_2=0.006141; ', 'codec_recon_2=0.072265; ', 'bpp_2=0.278895; ']
train step[92/2000] ; used: 1m:57s; eta: 40m:19s; loss = 0.354730; ['mse_0=0.000884; ', 'lpips_0=0.003671; ', 'codec_recon_0=0.022450; ', 'bpp_0=5.868535; ', 'mse_1=0.000826; ', 'lpips_1=0.003201; ', 'codec_recon_1=0.239384; ', 'bpp_1=0.289990; ', 'mse_2=0.000781; ', 'lpips_2=0.002872; ', 'codec_recon_2=0.080654; ', 'bpp_2=0.267719; ']
train step[93/2000] ; used: 1m:59s; eta: 40m:16s; loss = 0.353465; ['mse_0=0.000846; ', 'lpips_0=0.004286; ', 'codec_recon_0=0.021439; ', 'bpp_0=5.593255; ', 'mse_1=0.000718; ', 'lpips_1=0.003721; ', 'codec_recon_1=0.251405; ', 'bpp_1=0.284972; ', 'mse_2=0.000635; ', 'lpips_2=0.003287; ', 'codec_recon_2=0.067122; ', 'bpp_2=0.262982; ']
train step[94/2000] ; used: 2m; eta: 40m:12s; loss = 0.353115; ['mse_0=0.000669; ', 'lpips_0=0.003485; ', 'codec_recon_0=0.017923; ', 'bpp_0=5.823472; ', 'mse_1=0.000580; ', 'lpips_1=0.003009; ', 'codec_recon_1=0.251902; ', 'bpp_1=0.289881; ', 'mse_2=0.000532; ', 'lpips_2=0.002645; ', 'codec_recon_2=0.072365; ', 'bpp_2=0.266991; ']
train step[95/2000] ; used: 2m:1s; eta: 40m:9s; loss = 0.370288; ['mse_0=0.000613; ', 'lpips_0=0.003848; ', 'codec_recon_0=0.019747; ', 'bpp_0=5.966362; ', 'mse_1=0.000514; ', 'lpips_1=0.003375; ', 'codec_recon_1=0.266356; ', 'bpp_1=0.294218; ', 'mse_2=0.000425; ', 'lpips_2=0.002966; ', 'codec_recon_2=0.072437; ', 'bpp_2=0.272824; ']
train step[96/2000] ; used: 2m:2s; eta: 40m:5s; loss = 0.418812; ['mse_0=0.004200; ', 'lpips_0=0.007519; ', 'codec_recon_0=0.018895; ', 'bpp_0=6.031438; ', 'mse_1=0.004100; ', 'lpips_1=0.006990; ', 'codec_recon_1=0.298748; ', 'bpp_1=0.295004; ', 'mse_2=0.004014; ', 'lpips_2=0.006481; ', 'codec_recon_2=0.067859; ', 'bpp_2=0.277025; ']
train step[97/2000] ; used: 2m:3s; eta: 40m; loss = 0.474262; ['mse_0=0.002051; ', 'lpips_0=0.005800; ', 'codec_recon_0=0.017703; ', 'bpp_0=6.151670; ', 'mse_1=0.001680; ', 'lpips_1=0.005302; ', 'codec_recon_1=0.368448; ', 'bpp_1=0.297459; ', 'mse_2=0.001131; ', 'lpips_2=0.003760; ', 'codec_recon_2=0.068380; ', 'bpp_2=0.279457; ']
train step[98/2000] ; used: 2m:5s; eta: 40m:3s; loss = 0.369158; ['mse_0=0.000547; ', 'lpips_0=0.003525; ', 'codec_recon_0=0.016472; ', 'bpp_0=5.933859; ', 'mse_1=0.000416; ', 'lpips_1=0.002999; ', 'codec_recon_1=0.268365; ', 'bpp_1=0.292906; ', 'mse_2=0.000345; ', 'lpips_2=0.002639; ', 'codec_recon_2=0.073842; ', 'bpp_2=0.270368; ']
train step[99/2000] ; used: 2m:6s; eta: 39m:59s; loss = 0.405275; ['mse_0=0.001862; ', 'lpips_0=0.004631; ', 'codec_recon_0=0.018906; ', 'bpp_0=6.097258; ', 'mse_1=0.001725; ', 'lpips_1=0.003944; ', 'codec_recon_1=0.296957; ', 'bpp_1=0.294426; ', 'mse_2=0.001662; ', 'lpips_2=0.003212; ', 'codec_recon_2=0.072369; ', 'bpp_2=0.275091; ']
train step[100/2000] ; used: 2m:7s; eta: 39m:55s; loss = 0.412721; ['mse_0=0.001077; ', 'lpips_0=0.004990; ', 'codec_recon_0=0.017984; ', 'bpp_0=6.168247; ', 'mse_1=0.000920; ', 'lpips_1=0.004438; ', 'codec_recon_1=0.295274; ', 'bpp_1=0.297333; ', 'mse_2=0.000783; ', 'lpips_2=0.003949; ', 'codec_recon_2=0.083299; ', 'bpp_2=0.275873; ']
train step[101/2000] ; used: 2m:8s; eta: 39m:53s; loss = 0.345615; ['mse_0=0.000630; ', 'lpips_0=0.002929; ', 'codec_recon_0=0.019182; ', 'bpp_0=6.051594; ', 'mse_1=0.000456; ', 'lpips_1=0.002354; ', 'codec_recon_1=0.253032; ', 'bpp_1=0.293718; ', 'mse_2=0.000395; ', 'lpips_2=0.002065; ', 'codec_recon_2=0.064565; ', 'bpp_2=0.271762; ']
train step[102/2000] ; used: 2m:9s; eta: 39m:50s; loss = 0.392695; ['mse_0=0.001797; ', 'lpips_0=0.003821; ', 'codec_recon_0=0.018084; ', 'bpp_0=6.201208; ', 'mse_1=0.001526; ', 'lpips_1=0.003206; ', 'codec_recon_1=0.298803; ', 'bpp_1=0.296870; ', 'mse_2=0.001241; ', 'lpips_2=0.002554; ', 'codec_recon_2=0.061656; ', 'bpp_2=0.277791; ']
train step[103/2000] ; used: 2m:10s; eta: 39m:45s; loss = 0.360290; ['mse_0=0.000524; ', 'lpips_0=0.003069; ', 'codec_recon_0=0.019002; ', 'bpp_0=5.869125; ', 'mse_1=0.000448; ', 'lpips_1=0.002599; ', 'codec_recon_1=0.265139; ', 'bpp_1=0.290186; ', 'mse_2=0.000360; ', 'lpips_2=0.002257; ', 'codec_recon_2=0.066884; ', 'bpp_2=0.269555; ']
train step[104/2000] ; used: 2m:11s; eta: 39m:42s; loss = 0.394247; ['mse_0=0.000932; ', 'lpips_0=0.004352; ', 'codec_recon_0=0.024992; ', 'bpp_0=6.020881; ', 'mse_1=0.000874; ', 'lpips_1=0.004021; ', 'codec_recon_1=0.269009; ', 'bpp_1=0.293638; ', 'mse_2=0.000832; ', 'lpips_2=0.003710; ', 'codec_recon_2=0.085518; ', 'bpp_2=0.270820; ']
train step[105/2000] ; used: 2m:13s; eta: 39m:39s; loss = 0.406138; ['mse_0=0.000917; ', 'lpips_0=0.004070; ', 'codec_recon_0=0.017721; ', 'bpp_0=6.067893; ', 'mse_1=0.000754; ', 'lpips_1=0.003539; ', 'codec_recon_1=0.302856; ', 'bpp_1=0.295238; ', 'mse_2=0.000595; ', 'lpips_2=0.002986; ', 'codec_recon_2=0.072693; ', 'bpp_2=0.274527; ']
train step[106/2000] ; used: 2m:14s; eta: 39m:35s; loss = 0.454890; ['mse_0=0.001129; ', 'lpips_0=0.004639; ', 'codec_recon_0=0.021518; ', 'bpp_0=5.945467; ', 'mse_1=0.000908; ', 'lpips_1=0.003981; ', 'codec_recon_1=0.341486; ', 'bpp_1=0.292691; ', 'mse_2=0.000741; ', 'lpips_2=0.003103; ', 'codec_recon_2=0.077378; ', 'bpp_2=0.273594; ']
train step[107/2000] ; used: 2m:15s; eta: 39m:32s; loss = 0.382761; ['mse_0=0.002443; ', 'lpips_0=0.004712; ', 'codec_recon_0=0.019565; ', 'bpp_0=5.783286; ', 'mse_1=0.002213; ', 'lpips_1=0.004096; ', 'codec_recon_1=0.283099; ', 'bpp_1=0.289879; ', 'mse_2=0.002029; ', 'lpips_2=0.003674; ', 'codec_recon_2=0.060923; ', 'bpp_2=0.268187; ']
train step[108/2000] ; used: 2m:16s; eta: 39m:28s; loss = 0.382153; ['mse_0=0.001756; ', 'lpips_0=0.004257; ', 'codec_recon_0=0.017551; ', 'bpp_0=5.956919; ', 'mse_1=0.001561; ', 'lpips_1=0.003846; ', 'codec_recon_1=0.281397; ', 'bpp_1=0.293326; ', 'mse_2=0.001461; ', 'lpips_2=0.003476; ', 'codec_recon_2=0.066840; ', 'bpp_2=0.272721; ']
train step[109/2000] ; used: 2m:17s; eta: 39m:25s; loss = 0.359494; ['mse_0=0.000387; ', 'lpips_0=0.002969; ', 'codec_recon_0=0.019796; ', 'bpp_0=5.865549; ', 'mse_1=0.000309; ', 'lpips_1=0.002487; ', 'codec_recon_1=0.258046; ', 'bpp_1=0.289378; ', 'mse_2=0.000258; ', 'lpips_2=0.002169; ', 'codec_recon_2=0.073065; ', 'bpp_2=0.265510; ']
Skipped bad example 1c46c37d7928785e. Context shape was torch.Size([2, 3, 338, 640]) and target shape was torch.Size([4, 3, 338, 640]).
train step[110/2000] ; used: 2m:18s; eta: 39m:21s; loss = 0.549609; ['mse_0=0.003803; ', 'lpips_0=0.009129; ', 'codec_recon_0=0.018219; ', 'bpp_0=6.348323; ', 'mse_1=0.003380; ', 'lpips_1=0.008521; ', 'codec_recon_1=0.421251; ', 'bpp_1=0.300768; ', 'mse_2=0.002837; ', 'lpips_2=0.006779; ', 'codec_recon_2=0.075684; ', 'bpp_2=0.286126; ']
train step[111/2000] ; used: 2m:19s; eta: 39m:19s; loss = 0.490677; ['mse_0=0.001693; ', 'lpips_0=0.006390; ', 'codec_recon_0=0.017957; ', 'bpp_0=6.221499; ', 'mse_1=0.001410; ', 'lpips_1=0.005542; ', 'codec_recon_1=0.381291; ', 'bpp_1=0.298944; ', 'mse_2=0.000957; ', 'lpips_2=0.004157; ', 'codec_recon_2=0.071273; ', 'bpp_2=0.281855; ']
train step[112/2000] ; used: 2m:20s; eta: 39m:15s; loss = 0.384007; ['mse_0=0.000768; ', 'lpips_0=0.004336; ', 'codec_recon_0=0.019281; ', 'bpp_0=5.852591; ', 'mse_1=0.000660; ', 'lpips_1=0.003928; ', 'codec_recon_1=0.282522; ', 'bpp_1=0.289647; ', 'mse_2=0.000554; ', 'lpips_2=0.003528; ', 'codec_recon_2=0.068423; ', 'bpp_2=0.268580; ']
train step[113/2000] ; used: 2m:22s; eta: 39m:13s; loss = 0.366200; ['mse_0=0.001053; ', 'lpips_0=0.003282; ', 'codec_recon_0=0.018298; ', 'bpp_0=6.154359; ', 'mse_1=0.000850; ', 'lpips_1=0.002715; ', 'codec_recon_1=0.265763; ', 'bpp_1=0.296253; ', 'mse_2=0.000716; ', 'lpips_2=0.002301; ', 'codec_recon_2=0.071214; ', 'bpp_2=0.276221; ']
train step[114/2000] ; used: 2m:23s; eta: 39m:11s; loss = 0.383872; ['mse_0=0.000416; ', 'lpips_0=0.004973; ', 'codec_recon_0=0.020551; ', 'bpp_0=5.848917; ', 'mse_1=0.000328; ', 'lpips_1=0.004337; ', 'codec_recon_1=0.279178; ', 'bpp_1=0.288984; ', 'mse_2=0.000256; ', 'lpips_2=0.003882; ', 'codec_recon_2=0.069943; ', 'bpp_2=0.268227; ']
train step[115/2000] ; used: 2m:24s; eta: 39m:9s; loss = 0.379539; ['mse_0=0.001395; ', 'lpips_0=0.004164; ', 'codec_recon_0=0.016464; ', 'bpp_0=6.014917; ', 'mse_1=0.001198; ', 'lpips_1=0.003610; ', 'codec_recon_1=0.282400; ', 'bpp_1=0.294132; ', 'mse_2=0.000968; ', 'lpips_2=0.003104; ', 'codec_recon_2=0.066229; ', 'bpp_2=0.271278; ']
train step[116/2000] ; used: 2m:25s; eta: 39m:6s; loss = 0.357743; ['mse_0=0.001590; ', 'lpips_0=0.004059; ', 'codec_recon_0=0.022672; ', 'bpp_0=5.777975; ', 'mse_1=0.001299; ', 'lpips_1=0.003471; ', 'codec_recon_1=0.250976; ', 'bpp_1=0.289460; ', 'mse_2=0.001158; ', 'lpips_2=0.003143; ', 'codec_recon_2=0.069369; ', 'bpp_2=0.266509; ']
train step[117/2000] ; used: 2m:26s; eta: 39m:4s; loss = 0.450131; ['mse_0=0.001014; ', 'lpips_0=0.004934; ', 'codec_recon_0=0.017541; ', 'bpp_0=6.231595; ', 'mse_1=0.000843; ', 'lpips_1=0.004195; ', 'codec_recon_1=0.337479; ', 'bpp_1=0.296256; ', 'mse_2=0.000692; ', 'lpips_2=0.003491; ', 'codec_recon_2=0.079934; ', 'bpp_2=0.277463; ']
train step[118/2000] ; used: 2m:27s; eta: 39m; loss = 0.410234; ['mse_0=0.001099; ', 'lpips_0=0.005098; ', 'codec_recon_0=0.022149; ', 'bpp_0=5.824050; ', 'mse_1=0.000948; ', 'lpips_1=0.004524; ', 'codec_recon_1=0.297957; ', 'bpp_1=0.291523; ', 'mse_2=0.000848; ', 'lpips_2=0.004052; ', 'codec_recon_2=0.073555; ', 'bpp_2=0.269255; ']
train step[119/2000] ; used: 2m:29s; eta: 38m:57s; loss = 0.396289; ['mse_0=0.001379; ', 'lpips_0=0.004647; ', 'codec_recon_0=0.022477; ', 'bpp_0=5.916921; ', 'mse_1=0.001135; ', 'lpips_1=0.003944; ', 'codec_recon_1=0.289006; ', 'bpp_1=0.293265; ', 'mse_2=0.000998; ', 'lpips_2=0.003547; ', 'codec_recon_2=0.069149; ', 'bpp_2=0.273283; ']
train step[120/2000] ; used: 2m:30s; eta: 38m:54s; loss = 0.402283; ['mse_0=0.002285; ', 'lpips_0=0.004637; ', 'codec_recon_0=0.018732; ', 'bpp_0=6.116977; ', 'mse_1=0.002053; ', 'lpips_1=0.004064; ', 'codec_recon_1=0.292937; ', 'bpp_1=0.296417; ', 'mse_2=0.001988; ', 'lpips_2=0.003647; ', 'codec_recon_2=0.071932; ', 'bpp_2=0.276621; ']
train step[121/2000] ; used: 2m:31s; eta: 38m:51s; loss = 0.452966; ['mse_0=0.001142; ', 'lpips_0=0.006013; ', 'codec_recon_0=0.020274; ', 'bpp_0=6.038980; ', 'mse_1=0.000959; ', 'lpips_1=0.005379; ', 'codec_recon_1=0.336457; ', 'bpp_1=0.293213; ', 'mse_2=0.000763; ', 'lpips_2=0.003998; ', 'codec_recon_2=0.077974; ', 'bpp_2=0.275276; ']
train step[122/2000] ; used: 2m:32s; eta: 38m:48s; loss = 0.413753; ['mse_0=0.000538; ', 'lpips_0=0.003167; ', 'codec_recon_0=0.018498; ', 'bpp_0=6.080721; ', 'mse_1=0.000425; ', 'lpips_1=0.002621; ', 'codec_recon_1=0.314484; ', 'bpp_1=0.295493; ', 'mse_2=0.000253; ', 'lpips_2=0.001999; ', 'codec_recon_2=0.071762; ', 'bpp_2=0.274646; ']
train step[123/2000] ; used: 2m:33s; eta: 38m:47s; loss = 0.374421; ['mse_0=0.000301; ', 'lpips_0=0.002841; ', 'codec_recon_0=0.018251; ', 'bpp_0=6.059945; ', 'mse_1=0.000220; ', 'lpips_1=0.002319; ', 'codec_recon_1=0.267149; ', 'bpp_1=0.293526; ', 'mse_2=0.000174; ', 'lpips_2=0.002020; ', 'codec_recon_2=0.081141; ', 'bpp_2=0.273328; ']
train step[124/2000] ; used: 2m:34s; eta: 38m:44s; loss = 0.355860; ['mse_0=0.000666; ', 'lpips_0=0.004029; ', 'codec_recon_0=0.019961; ', 'bpp_0=6.005585; ', 'mse_1=0.000527; ', 'lpips_1=0.003452; ', 'codec_recon_1=0.252111; ', 'bpp_1=0.294202; ', 'mse_2=0.000455; ', 'lpips_2=0.003071; ', 'codec_recon_2=0.071582; ', 'bpp_2=0.272821; ']
train step[125/2000] ; used: 2m:36s; eta: 38m:42s; loss = 0.356942; ['mse_0=0.000892; ', 'lpips_0=0.003669; ', 'codec_recon_0=0.018701; ', 'bpp_0=6.075200; ', 'mse_1=0.000751; ', 'lpips_1=0.003098; ', 'codec_recon_1=0.258222; ', 'bpp_1=0.295856; ', 'mse_2=0.000677; ', 'lpips_2=0.002741; ', 'codec_recon_2=0.068185; ', 'bpp_2=0.275980; ']
train step[126/2000] ; used: 2m:37s; eta: 38m:39s; loss = 0.418515; ['mse_0=0.001837; ', 'lpips_0=0.005032; ', 'codec_recon_0=0.018622; ', 'bpp_0=6.128474; ', 'mse_1=0.001581; ', 'lpips_1=0.004423; ', 'codec_recon_1=0.309730; ', 'bpp_1=0.297413; ', 'mse_2=0.001456; ', 'lpips_2=0.003846; ', 'codec_recon_2=0.071983; ', 'bpp_2=0.278899; ']
train step[127/2000] ; used: 2m:38s; eta: 38m:36s; loss = 0.369662; ['mse_0=0.001142; ', 'lpips_0=0.003703; ', 'codec_recon_0=0.025636; ', 'bpp_0=5.830363; ', 'mse_1=0.000964; ', 'lpips_1=0.003172; ', 'codec_recon_1=0.253814; ', 'bpp_1=0.291615; ', 'mse_2=0.000912; ', 'lpips_2=0.002848; ', 'codec_recon_2=0.077465; ', 'bpp_2=0.267863; ']
train step[128/2000] ; used: 2m:39s; eta: 38m:33s; loss = 0.430805; ['mse_0=0.002069; ', 'lpips_0=0.004897; ', 'codec_recon_0=0.016790; ', 'bpp_0=6.062451; ', 'mse_1=0.001679; ', 'lpips_1=0.004471; ', 'codec_recon_1=0.336077; ', 'bpp_1=0.298464; ', 'mse_2=0.001224; ', 'lpips_2=0.003356; ', 'codec_recon_2=0.060236; ', 'bpp_2=0.278854; ']
train step[129/2000] ; used: 2m:40s; eta: 38m:30s; loss = 0.455253; ['mse_0=0.001442; ', 'lpips_0=0.006266; ', 'codec_recon_0=0.023643; ', 'bpp_0=6.130286; ', 'mse_1=0.001304; ', 'lpips_1=0.005542; ', 'codec_recon_1=0.327853; ', 'bpp_1=0.295428; ', 'mse_2=0.001233; ', 'lpips_2=0.004995; ', 'codec_recon_2=0.082969; ', 'bpp_2=0.276420; ']
train step[130/2000] ; used: 2m:41s; eta: 38m:27s; loss = 0.417667; ['mse_0=0.001747; ', 'lpips_0=0.004997; ', 'codec_recon_0=0.016886; ', 'bpp_0=5.941422; ', 'mse_1=0.001588; ', 'lpips_1=0.004434; ', 'codec_recon_1=0.312519; ', 'bpp_1=0.292536; ', 'mse_2=0.001536; ', 'lpips_2=0.003823; ', 'codec_recon_2=0.070131; ', 'bpp_2=0.271887; ']
train step[131/2000] ; used: 2m:42s; eta: 38m:25s; loss = 0.400023; ['mse_0=0.004763; ', 'lpips_0=0.005273; ', 'codec_recon_0=0.020150; ', 'bpp_0=6.153879; ', 'mse_1=0.004341; ', 'lpips_1=0.004672; ', 'codec_recon_1=0.287391; ', 'bpp_1=0.297978; ', 'mse_2=0.004352; ', 'lpips_2=0.004296; ', 'codec_recon_2=0.064778; ', 'bpp_2=0.279513; ']
Skipped bad example d9dc27d0e5121b5a. Context shape was torch.Size([2, 3, 270, 640]) and target shape was torch.Size([4, 3, 270, 640]).
train step[132/2000] ; used: 2m:44s; eta: 38m:24s; loss = 0.384606; ['mse_0=0.001308; ', 'lpips_0=0.003880; ', 'codec_recon_0=0.016664; ', 'bpp_0=6.274158; ', 'mse_1=0.000977; ', 'lpips_1=0.003127; ', 'codec_recon_1=0.289448; ', 'bpp_1=0.301048; ', 'mse_2=0.000664; ', 'lpips_2=0.002288; ', 'codec_recon_2=0.066242; ', 'bpp_2=0.282402; ']
train step[133/2000] ; used: 2m:45s; eta: 38m:22s; loss = 0.380823; ['mse_0=0.000772; ', 'lpips_0=0.002981; ', 'codec_recon_0=0.017687; ', 'bpp_0=6.085844; ', 'mse_1=0.000607; ', 'lpips_1=0.002601; ', 'codec_recon_1=0.286639; ', 'bpp_1=0.296419; ', 'mse_2=0.000433; ', 'lpips_2=0.001983; ', 'codec_recon_2=0.067114; ', 'bpp_2=0.274976; ']
train step[134/2000] ; used: 2m:46s; eta: 38m:20s; loss = 0.392666; ['mse_0=0.001643; ', 'lpips_0=0.004260; ', 'codec_recon_0=0.023310; ', 'bpp_0=6.033817; ', 'mse_1=0.001378; ', 'lpips_1=0.003519; ', 'codec_recon_1=0.289026; ', 'bpp_1=0.297406; ', 'mse_2=0.001307; ', 'lpips_2=0.003150; ', 'codec_recon_2=0.065066; ', 'bpp_2=0.277978; ']
train step[135/2000] ; used: 2m:47s; eta: 38m:17s; loss = 0.399225; ['mse_0=0.000831; ', 'lpips_0=0.003791; ', 'codec_recon_0=0.019312; ', 'bpp_0=6.179376; ', 'mse_1=0.000671; ', 'lpips_1=0.003080; ', 'codec_recon_1=0.292961; ', 'bpp_1=0.297703; ', 'mse_2=0.000537; ', 'lpips_2=0.002682; ', 'codec_recon_2=0.075353; ', 'bpp_2=0.276472; ']
train step[136/2000] ; used: 2m:48s; eta: 38m:15s; loss = 0.419319; ['mse_0=0.002671; ', 'lpips_0=0.006855; ', 'codec_recon_0=0.019582; ', 'bpp_0=6.190886; ', 'mse_1=0.002348; ', 'lpips_1=0.006155; ', 'codec_recon_1=0.298505; ', 'bpp_1=0.299471; ', 'mse_2=0.002206; ', 'lpips_2=0.005488; ', 'codec_recon_2=0.075501; ', 'bpp_2=0.282203; ']
train step[137/2000] ; used: 2m:49s; eta: 38m:14s; loss = 0.387777; ['mse_0=0.000806; ', 'lpips_0=0.003760; ', 'codec_recon_0=0.021046; ', 'bpp_0=5.903884; ', 'mse_1=0.000652; ', 'lpips_1=0.003143; ', 'codec_recon_1=0.267503; ', 'bpp_1=0.291027; ', 'mse_2=0.000505; ', 'lpips_2=0.002553; ', 'codec_recon_2=0.087803; ', 'bpp_2=0.267482; ']
train step[138/2000] ; used: 2m:51s; eta: 38m:13s; loss = 0.343769; ['mse_0=0.000890; ', 'lpips_0=0.003604; ', 'codec_recon_0=0.017481; ', 'bpp_0=6.061590; ', 'mse_1=0.000726; ', 'lpips_1=0.003161; ', 'codec_recon_1=0.251645; ', 'bpp_1=0.296117; ', 'mse_2=0.000629; ', 'lpips_2=0.002817; ', 'codec_recon_2=0.062810; ', 'bpp_2=0.274531; ']
train step[139/2000] ; used: 2m:52s; eta: 38m:11s; loss = 0.408963; ['mse_0=0.001151; ', 'lpips_0=0.004760; ', 'codec_recon_0=0.021190; ', 'bpp_0=6.043581; ', 'mse_1=0.001053; ', 'lpips_1=0.004135; ', 'codec_recon_1=0.295406; ', 'bpp_1=0.294935; ', 'mse_2=0.000947; ', 'lpips_2=0.003582; ', 'codec_recon_2=0.076732; ', 'bpp_2=0.273641; ']
train step[140/2000] ; used: 2m:53s; eta: 38m:10s; loss = 0.397619; ['mse_0=0.001132; ', 'lpips_0=0.004152; ', 'codec_recon_0=0.021144; ', 'bpp_0=6.054020; ', 'mse_1=0.001007; ', 'lpips_1=0.003613; ', 'codec_recon_1=0.280668; ', 'bpp_1=0.292696; ', 'mse_2=0.000963; ', 'lpips_2=0.003377; ', 'codec_recon_2=0.081556; ', 'bpp_2=0.273071; ']
train step[141/2000] ; used: 2m:54s; eta: 38m:8s; loss = 0.367500; ['mse_0=0.000987; ', 'lpips_0=0.003978; ', 'codec_recon_0=0.025451; ', 'bpp_0=5.868504; ', 'mse_1=0.000909; ', 'lpips_1=0.003506; ', 'codec_recon_1=0.258297; ', 'bpp_1=0.292808; ', 'mse_2=0.000818; ', 'lpips_2=0.003275; ', 'codec_recon_2=0.070272; ', 'bpp_2=0.269748; ']
train step[142/2000] ; used: 2m:56s; eta: 38m:7s; loss = 0.448601; ['mse_0=0.001615; ', 'lpips_0=0.006564; ', 'codec_recon_0=0.019730; ', 'bpp_0=6.154799; ', 'mse_1=0.001424; ', 'lpips_1=0.005905; ', 'codec_recon_1=0.331560; ', 'bpp_1=0.297981; ', 'mse_2=0.001229; ', 'lpips_2=0.005230; ', 'codec_recon_2=0.075337; ', 'bpp_2=0.280907; ']
train step[143/2000] ; used: 2m:57s; eta: 38m:6s; loss = 0.423853; ['mse_0=0.000789; ', 'lpips_0=0.004434; ', 'codec_recon_0=0.018733; ', 'bpp_0=6.086811; ', 'mse_1=0.000641; ', 'lpips_1=0.004020; ', 'codec_recon_1=0.322208; ', 'bpp_1=0.296173; ', 'mse_2=0.000381; ', 'lpips_2=0.003297; ', 'codec_recon_2=0.069343; ', 'bpp_2=0.277258; ']
train step[144/2000] ; used: 2m:58s; eta: 38m:4s; loss = 0.330583; ['mse_0=0.000623; ', 'lpips_0=0.004443; ', 'codec_recon_0=0.018778; ', 'bpp_0=5.767990; ', 'mse_1=0.000489; ', 'lpips_1=0.003902; ', 'codec_recon_1=0.231266; ', 'bpp_1=0.289528; ', 'mse_2=0.000442; ', 'lpips_2=0.003711; ', 'codec_recon_2=0.066921; ', 'bpp_2=0.267099; ']
train step[145/2000] ; used: 2m:59s; eta: 38m:2s; loss = 0.383752; ['mse_0=0.000970; ', 'lpips_0=0.004340; ', 'codec_recon_0=0.019897; ', 'bpp_0=6.039608; ', 'mse_1=0.000824; ', 'lpips_1=0.003745; ', 'codec_recon_1=0.283197; ', 'bpp_1=0.295841; ', 'mse_2=0.000759; ', 'lpips_2=0.003390; ', 'codec_recon_2=0.066621; ', 'bpp_2=0.275085; ']
train step[146/2000] ; used: 3m; eta: 37m:59s; loss = 0.349987; ['mse_0=0.000527; ', 'lpips_0=0.002928; ', 'codec_recon_0=0.018039; ', 'bpp_0=5.958776; ', 'mse_1=0.000374; ', 'lpips_1=0.002321; ', 'codec_recon_1=0.261376; ', 'bpp_1=0.293312; ', 'mse_2=0.000283; ', 'lpips_2=0.001943; ', 'codec_recon_2=0.062189; ', 'bpp_2=0.271185; ']
train step[147/2000] ; used: 3m:2s; eta: 38m:1s; loss = 0.500372; ['mse_0=0.001036; ', 'lpips_0=0.006490; ', 'codec_recon_0=0.021291; ', 'bpp_0=6.009120; ', 'mse_1=0.000868; ', 'lpips_1=0.005747; ', 'codec_recon_1=0.383733; ', 'bpp_1=0.293293; ', 'mse_2=0.000700; ', 'lpips_2=0.004782; ', 'codec_recon_2=0.075718; ', 'bpp_2=0.277198; ']
train step[148/2000] ; used: 3m:3s; eta: 37m:59s; loss = 0.399342; ['mse_0=0.001675; ', 'lpips_0=0.003887; ', 'codec_recon_0=0.019436; ', 'bpp_0=6.002661; ', 'mse_1=0.001351; ', 'lpips_1=0.003224; ', 'codec_recon_1=0.298645; ', 'bpp_1=0.295399; ', 'mse_2=0.001177; ', 'lpips_2=0.002639; ', 'codec_recon_2=0.067303; ', 'bpp_2=0.275258; ']
train step[149/2000] ; used: 3m:4s; eta: 37m:57s; loss = 0.390477; ['mse_0=0.001970; ', 'lpips_0=0.003597; ', 'codec_recon_0=0.018428; ', 'bpp_0=6.026949; ', 'mse_1=0.001554; ', 'lpips_1=0.002829; ', 'codec_recon_1=0.295084; ', 'bpp_1=0.296981; ', 'mse_2=0.001327; ', 'lpips_2=0.002267; ', 'codec_recon_2=0.063414; ', 'bpp_2=0.275353; ']
train step[150/2000] ; used: 3m:5s; eta: 37m:54s; loss = 0.424771; ['mse_0=0.000966; ', 'lpips_0=0.005400; ', 'codec_recon_0=0.025323; ', 'bpp_0=5.973108; ', 'mse_1=0.000794; ', 'lpips_1=0.004738; ', 'codec_recon_1=0.299268; ', 'bpp_1=0.294199; ', 'mse_2=0.000725; ', 'lpips_2=0.004420; ', 'codec_recon_2=0.083130; ', 'bpp_2=0.274476; ']
train step[151/2000] ; used: 3m:6s; eta: 37m:51s; loss = 0.433333; ['mse_0=0.002413; ', 'lpips_0=0.004480; ', 'codec_recon_0=0.016533; ', 'bpp_0=6.135145; ', 'mse_1=0.001970; ', 'lpips_1=0.003829; ', 'codec_recon_1=0.339219; ', 'bpp_1=0.299271; ', 'mse_2=0.001397; ', 'lpips_2=0.002641; ', 'codec_recon_2=0.060845; ', 'bpp_2=0.282005; ']
train step[152/2000] ; used: 3m:7s; eta: 37m:48s; loss = 0.431079; ['mse_0=0.001584; ', 'lpips_0=0.004939; ', 'codec_recon_0=0.019070; ', 'bpp_0=6.154169; ', 'mse_1=0.001357; ', 'lpips_1=0.004303; ', 'codec_recon_1=0.328127; ', 'bpp_1=0.296557; ', 'mse_2=0.001010; ', 'lpips_2=0.003363; ', 'codec_recon_2=0.067318; ', 'bpp_2=0.277182; ']
train step[153/2000] ; used: 3m:8s; eta: 37m:46s; loss = 0.437291; ['mse_0=0.002044; ', 'lpips_0=0.004826; ', 'codec_recon_0=0.024403; ', 'bpp_0=6.222561; ', 'mse_1=0.001632; ', 'lpips_1=0.003914; ', 'codec_recon_1=0.315276; ', 'bpp_1=0.300036; ', 'mse_2=0.001504; ', 'lpips_2=0.003346; ', 'codec_recon_2=0.080340; ', 'bpp_2=0.282053; ']
train step[154/2000] ; used: 3m:10s; eta: 37m:44s; loss = 0.369615; ['mse_0=0.001662; ', 'lpips_0=0.006042; ', 'codec_recon_0=0.022496; ', 'bpp_0=5.881427; ', 'mse_1=0.001461; ', 'lpips_1=0.005507; ', 'codec_recon_1=0.259543; ', 'bpp_1=0.292833; ', 'mse_2=0.001381; ', 'lpips_2=0.005237; ', 'codec_recon_2=0.066279; ', 'bpp_2=0.272129; ']
train step[155/2000] ; used: 3m:11s; eta: 37m:42s; loss = 0.393045; ['mse_0=0.000835; ', 'lpips_0=0.004332; ', 'codec_recon_0=0.018830; ', 'bpp_0=5.950812; ', 'mse_1=0.000672; ', 'lpips_1=0.003719; ', 'codec_recon_1=0.291687; ', 'bpp_1=0.293900; ', 'mse_2=0.000566; ', 'lpips_2=0.003398; ', 'codec_recon_2=0.069000; ', 'bpp_2=0.274187; ']
train step[156/2000] ; used: 3m:12s; eta: 37m:40s; loss = 0.446379; ['mse_0=0.002067; ', 'lpips_0=0.004763; ', 'codec_recon_0=0.036070; ', 'bpp_0=5.966996; ', 'mse_1=0.001821; ', 'lpips_1=0.004027; ', 'codec_recon_1=0.304662; ', 'bpp_1=0.297612; ', 'mse_2=0.001701; ', 'lpips_2=0.003410; ', 'codec_recon_2=0.087851; ', 'bpp_2=0.275608; ']
train step[157/2000] ; used: 3m:13s; eta: 37m:39s; loss = 0.391360; ['mse_0=0.001640; ', 'lpips_0=0.005940; ', 'codec_recon_0=0.020138; ', 'bpp_0=5.991711; ', 'mse_1=0.001478; ', 'lpips_1=0.005362; ', 'codec_recon_1=0.273649; ', 'bpp_1=0.293766; ', 'mse_2=0.001450; ', 'lpips_2=0.005125; ', 'codec_recon_2=0.076570; ', 'bpp_2=0.273556; ']
train step[158/2000] ; used: 3m:14s; eta: 37m:38s; loss = 0.373066; ['mse_0=0.001012; ', 'lpips_0=0.004183; ', 'codec_recon_0=0.018902; ', 'bpp_0=5.943725; ', 'mse_1=0.000852; ', 'lpips_1=0.003520; ', 'codec_recon_1=0.275490; ', 'bpp_1=0.294730; ', 'mse_2=0.000716; ', 'lpips_2=0.003048; ', 'codec_recon_2=0.065335; ', 'bpp_2=0.275561; ']
train step[159/2000] ; used: 3m:16s; eta: 37m:36s; loss = 0.432497; ['mse_0=0.001412; ', 'lpips_0=0.005134; ', 'codec_recon_0=0.020997; ', 'bpp_0=6.034381; ', 'mse_1=0.001082; ', 'lpips_1=0.004371; ', 'codec_recon_1=0.327533; ', 'bpp_1=0.295784; ', 'mse_2=0.000845; ', 'lpips_2=0.003640; ', 'codec_recon_2=0.067477; ', 'bpp_2=0.277179; ']
train step[160/2000] ; used: 3m:17s; eta: 37m:34s; loss = 0.464163; ['mse_0=0.002832; ', 'lpips_0=0.005890; ', 'codec_recon_0=0.019077; ', 'bpp_0=6.295266; ', 'mse_1=0.002576; ', 'lpips_1=0.005193; ', 'codec_recon_1=0.351214; ', 'bpp_1=0.301896; ', 'mse_2=0.002379; ', 'lpips_2=0.004278; ', 'codec_recon_2=0.070716; ', 'bpp_2=0.284521; ']
train step[161/2000] ; used: 3m:18s; eta: 37m:32s; loss = 0.494094; ['mse_0=0.000498; ', 'lpips_0=0.005408; ', 'codec_recon_0=0.025780; ', 'bpp_0=6.179217; ', 'mse_1=0.000368; ', 'lpips_1=0.004494; ', 'codec_recon_1=0.358175; ', 'bpp_1=0.295620; ', 'mse_2=0.000325; ', 'lpips_2=0.003974; ', 'codec_recon_2=0.095065; ', 'bpp_2=0.277019; ']
train step[162/2000] ; used: 3m:19s; eta: 37m:30s; loss = 0.444396; ['mse_0=0.002714; ', 'lpips_0=0.004787; ', 'codec_recon_0=0.026739; ', 'bpp_0=6.122503; ', 'mse_1=0.002414; ', 'lpips_1=0.004170; ', 'codec_recon_1=0.317674; ', 'bpp_1=0.298031; ', 'mse_2=0.002192; ', 'lpips_2=0.003303; ', 'codec_recon_2=0.080396; ', 'bpp_2=0.278956; ']
train step[163/2000] ; used: 3m:20s; eta: 37m:28s; loss = 0.351455; ['mse_0=0.000884; ', 'lpips_0=0.004348; ', 'codec_recon_0=0.019298; ', 'bpp_0=5.816675; ', 'mse_1=0.000776; ', 'lpips_1=0.003929; ', 'codec_recon_1=0.250609; ', 'bpp_1=0.290736; ', 'mse_2=0.000716; ', 'lpips_2=0.003652; ', 'codec_recon_2=0.067237; ', 'bpp_2=0.268217; ']
train step[164/2000] ; used: 3m:21s; eta: 37m:26s; loss = 0.456483; ['mse_0=0.002660; ', 'lpips_0=0.006805; ', 'codec_recon_0=0.019139; ', 'bpp_0=6.196734; ', 'mse_1=0.002243; ', 'lpips_1=0.006049; ', 'codec_recon_1=0.342988; ', 'bpp_1=0.298770; ', 'mse_2=0.001803; ', 'lpips_2=0.004846; ', 'codec_recon_2=0.069942; ', 'bpp_2=0.280368; ']
train step[165/2000] ; used: 3m:23s; eta: 37m:24s; loss = 0.368414; ['mse_0=0.000956; ', 'lpips_0=0.003677; ', 'codec_recon_0=0.020407; ', 'bpp_0=5.950472; ', 'mse_1=0.000767; ', 'lpips_1=0.003108; ', 'codec_recon_1=0.267766; ', 'bpp_1=0.293950; ', 'mse_2=0.000683; ', 'lpips_2=0.002882; ', 'codec_recon_2=0.068161; ', 'bpp_2=0.272807; ']
train step[166/2000] ; used: 3m:24s; eta: 37m:22s; loss = 0.416469; ['mse_0=0.001348; ', 'lpips_0=0.004235; ', 'codec_recon_0=0.019290; ', 'bpp_0=6.119857; ', 'mse_1=0.001110; ', 'lpips_1=0.003715; ', 'codec_recon_1=0.317841; ', 'bpp_1=0.297664; ', 'mse_2=0.000881; ', 'lpips_2=0.003123; ', 'codec_recon_2=0.064919; ', 'bpp_2=0.279107; ']
train step[167/2000] ; used: 3m:25s; eta: 37m:19s; loss = 0.351666; ['mse_0=0.001051; ', 'lpips_0=0.005000; ', 'codec_recon_0=0.023016; ', 'bpp_0=5.813811; ', 'mse_1=0.000909; ', 'lpips_1=0.004358; ', 'codec_recon_1=0.243820; ', 'bpp_1=0.291563; ', 'mse_2=0.000872; ', 'lpips_2=0.004166; ', 'codec_recon_2=0.068467; ', 'bpp_2=0.270863; ']
train step[168/2000] ; used: 3m:26s; eta: 37m:17s; loss = 0.391143; ['mse_0=0.001459; ', 'lpips_0=0.004894; ', 'codec_recon_0=0.022896; ', 'bpp_0=5.894251; ', 'mse_1=0.001206; ', 'lpips_1=0.004287; ', 'codec_recon_1=0.283624; ', 'bpp_1=0.291042; ', 'mse_2=0.001001; ', 'lpips_2=0.003917; ', 'codec_recon_2=0.067852; ', 'bpp_2=0.271207; ']
train step[169/2000] ; used: 3m:27s; eta: 37m:16s; loss = 0.388543; ['mse_0=0.001015; ', 'lpips_0=0.004571; ', 'codec_recon_0=0.029116; ', 'bpp_0=5.881665; ', 'mse_1=0.000945; ', 'lpips_1=0.003992; ', 'codec_recon_1=0.258852; ', 'bpp_1=0.291222; ', 'mse_2=0.000915; ', 'lpips_2=0.003640; ', 'codec_recon_2=0.085491; ', 'bpp_2=0.269600; ']
train step[170/2000] ; used: 3m:28s; eta: 37m:14s; loss = 0.371859; ['mse_0=0.005674; ', 'lpips_0=0.007497; ', 'codec_recon_0=0.023516; ', 'bpp_0=5.821883; ', 'mse_1=0.005356; ', 'lpips_1=0.006782; ', 'codec_recon_1=0.242290; ', 'bpp_1=0.292379; ', 'mse_2=0.005255; ', 'lpips_2=0.006496; ', 'codec_recon_2=0.068986; ', 'bpp_2=0.271917; ']
train step[171/2000] ; used: 3m:29s; eta: 37m:12s; loss = 0.430845; ['mse_0=0.001173; ', 'lpips_0=0.004059; ', 'codec_recon_0=0.017695; ', 'bpp_0=6.128242; ', 'mse_1=0.000939; ', 'lpips_1=0.003259; ', 'codec_recon_1=0.335422; ', 'bpp_1=0.297661; ', 'mse_2=0.000493; ', 'lpips_2=0.002149; ', 'codec_recon_2=0.065650; ', 'bpp_2=0.280982; ']
train step[172/2000] ; used: 3m:31s; eta: 37m:11s; loss = 0.415532; ['mse_0=0.000715; ', 'lpips_0=0.004159; ', 'codec_recon_0=0.020219; ', 'bpp_0=5.967498; ', 'mse_1=0.000536; ', 'lpips_1=0.003530; ', 'codec_recon_1=0.312813; ', 'bpp_1=0.294172; ', 'mse_2=0.000398; ', 'lpips_2=0.002930; ', 'codec_recon_2=0.070226; ', 'bpp_2=0.275235; ']
train step[173/2000] ; used: 3m:32s; eta: 37m:10s; loss = 0.454639; ['mse_0=0.000584; ', 'lpips_0=0.004726; ', 'codec_recon_0=0.020617; ', 'bpp_0=6.163476; ', 'mse_1=0.000461; ', 'lpips_1=0.003993; ', 'codec_recon_1=0.334609; ', 'bpp_1=0.296977; ', 'mse_2=0.000369; ', 'lpips_2=0.003299; ', 'codec_recon_2=0.085974; ', 'bpp_2=0.279075; ']
train step[174/2000] ; used: 3m:33s; eta: 37m:8s; loss = 0.375698; ['mse_0=0.000759; ', 'lpips_0=0.003743; ', 'codec_recon_0=0.024149; ', 'bpp_0=5.954937; ', 'mse_1=0.000617; ', 'lpips_1=0.003187; ', 'codec_recon_1=0.259176; ', 'bpp_1=0.292887; ', 'mse_2=0.000576; ', 'lpips_2=0.002895; ', 'codec_recon_2=0.080589; ', 'bpp_2=0.271368; ']
train step[175/2000] ; used: 3m:34s; eta: 37m:6s; loss = 0.435000; ['mse_0=0.002063; ', 'lpips_0=0.005132; ', 'codec_recon_0=0.020392; ', 'bpp_0=6.136276; ', 'mse_1=0.001605; ', 'lpips_1=0.004297; ', 'codec_recon_1=0.328145; ', 'bpp_1=0.298836; ', 'mse_2=0.001331; ', 'lpips_2=0.003525; ', 'codec_recon_2=0.068504; ', 'bpp_2=0.280957; ']
train step[176/2000] ; used: 3m:35s; eta: 37m:4s; loss = 0.403668; ['mse_0=0.007094; ', 'lpips_0=0.007075; ', 'codec_recon_0=0.022630; ', 'bpp_0=5.892535; ', 'mse_1=0.006882; ', 'lpips_1=0.006503; ', 'codec_recon_1=0.276857; ', 'bpp_1=0.292325; ', 'mse_2=0.006836; ', 'lpips_2=0.006176; ', 'codec_recon_2=0.063608; ', 'bpp_2=0.273159; ']
train step[177/2000] ; used: 3m:36s; eta: 37m:2s; loss = 0.382104; ['mse_0=0.001366; ', 'lpips_0=0.004771; ', 'codec_recon_0=0.019131; ', 'bpp_0=6.033449; ', 'mse_1=0.001160; ', 'lpips_1=0.004134; ', 'codec_recon_1=0.279775; ', 'bpp_1=0.297222; ', 'mse_2=0.001037; ', 'lpips_2=0.003649; ', 'codec_recon_2=0.067074; ', 'bpp_2=0.277296; ']
train step[178/2000] ; used: 3m:38s; eta: 36m:59s; loss = 0.381701; ['mse_0=0.000794; ', 'lpips_0=0.004329; ', 'codec_recon_0=0.020895; ', 'bpp_0=5.945770; ', 'mse_1=0.000683; ', 'lpips_1=0.003789; ', 'codec_recon_1=0.271917; ', 'bpp_1=0.294658; ', 'mse_2=0.000587; ', 'lpips_2=0.003376; ', 'codec_recon_2=0.075324; ', 'bpp_2=0.274573; ']
train step[179/2000] ; used: 3m:39s; eta: 36m:58s; loss = 0.446526; ['mse_0=0.001402; ', 'lpips_0=0.005151; ', 'codec_recon_0=0.023203; ', 'bpp_0=5.997277; ', 'mse_1=0.001233; ', 'lpips_1=0.004418; ', 'codec_recon_1=0.328905; ', 'bpp_1=0.295375; ', 'mse_2=0.001063; ', 'lpips_2=0.003895; ', 'codec_recon_2=0.077250; ', 'bpp_2=0.273218; ']
train step[180/2000] ; used: 3m:40s; eta: 36m:56s; loss = 0.350828; ['mse_0=0.000870; ', 'lpips_0=0.003754; ', 'codec_recon_0=0.023793; ', 'bpp_0=5.798607; ', 'mse_1=0.000788; ', 'lpips_1=0.003305; ', 'codec_recon_1=0.247491; ', 'bpp_1=0.289709; ', 'mse_2=0.000749; ', 'lpips_2=0.003008; ', 'codec_recon_2=0.067063; ', 'bpp_2=0.269959; ']
train step[181/2000] ; used: 3m:41s; eta: 36m:55s; loss = 0.371469; ['mse_0=0.001019; ', 'lpips_0=0.004823; ', 'codec_recon_0=0.020756; ', 'bpp_0=5.733743; ', 'mse_1=0.000946; ', 'lpips_1=0.004436; ', 'codec_recon_1=0.267651; ', 'bpp_1=0.289387; ', 'mse_2=0.000885; ', 'lpips_2=0.004103; ', 'codec_recon_2=0.066842; ', 'bpp_2=0.266599; ']
train step[182/2000] ; used: 3m:42s; eta: 36m:52s; loss = 0.425260; ['mse_0=0.003202; ', 'lpips_0=0.004601; ', 'codec_recon_0=0.020183; ', 'bpp_0=6.128518; ', 'mse_1=0.002739; ', 'lpips_1=0.003918; ', 'codec_recon_1=0.321962; ', 'bpp_1=0.298394; ', 'mse_2=0.002298; ', 'lpips_2=0.003053; ', 'codec_recon_2=0.063298; ', 'bpp_2=0.280996; ']
train step[183/2000] ; used: 3m:43s; eta: 36m:51s; loss = 0.373177; ['mse_0=0.001092; ', 'lpips_0=0.004348; ', 'codec_recon_0=0.023360; ', 'bpp_0=5.993968; ', 'mse_1=0.000908; ', 'lpips_1=0.003747; ', 'codec_recon_1=0.261853; ', 'bpp_1=0.294473; ', 'mse_2=0.000882; ', 'lpips_2=0.003513; ', 'codec_recon_2=0.073468; ', 'bpp_2=0.274209; ']
train step[184/2000] ; used: 3m:45s; eta: 36m:49s; loss = 0.394847; ['mse_0=0.002696; ', 'lpips_0=0.004320; ', 'codec_recon_0=0.019934; ', 'bpp_0=6.055473; ', 'mse_1=0.002416; ', 'lpips_1=0.003687; ', 'codec_recon_1=0.294203; ', 'bpp_1=0.296523; ', 'mse_2=0.002185; ', 'lpips_2=0.003194; ', 'codec_recon_2=0.062206; ', 'bpp_2=0.277685; ']
train step[185/2000] ; used: 3m:46s; eta: 36m:48s; loss = 0.434100; ['mse_0=0.002390; ', 'lpips_0=0.006702; ', 'codec_recon_0=0.022328; ', 'bpp_0=5.883621; ', 'mse_1=0.002029; ', 'lpips_1=0.005842; ', 'codec_recon_1=0.318807; ', 'bpp_1=0.292175; ', 'mse_2=0.001929; ', 'lpips_2=0.005321; ', 'codec_recon_2=0.068747; ', 'bpp_2=0.274757; ']
train step[186/2000] ; used: 3m:47s; eta: 36m:46s; loss = 0.449521; ['mse_0=0.002433; ', 'lpips_0=0.005622; ', 'codec_recon_0=0.022114; ', 'bpp_0=6.107155; ', 'mse_1=0.002115; ', 'lpips_1=0.004971; ', 'codec_recon_1=0.322576; ', 'bpp_1=0.296068; ', 'mse_2=0.002055; ', 'lpips_2=0.004661; ', 'codec_recon_2=0.082968; ', 'bpp_2=0.277823; ']
train step[187/2000] ; used: 3m:48s; eta: 36m:44s; loss = 0.386421; ['mse_0=0.002256; ', 'lpips_0=0.003879; ', 'codec_recon_0=0.018933; ', 'bpp_0=6.161983; ', 'mse_1=0.001944; ', 'lpips_1=0.003227; ', 'codec_recon_1=0.287041; ', 'bpp_1=0.299830; ', 'mse_2=0.001809; ', 'lpips_2=0.002734; ', 'codec_recon_2=0.064591; ', 'bpp_2=0.280068; ']
train step[188/2000] ; used: 3m:49s; eta: 36m:42s; loss = 0.429462; ['mse_0=0.001999; ', 'lpips_0=0.004530; ', 'codec_recon_0=0.019367; ', 'bpp_0=6.187574; ', 'mse_1=0.001556; ', 'lpips_1=0.003748; ', 'codec_recon_1=0.326831; ', 'bpp_1=0.300049; ', 'mse_2=0.001015; ', 'lpips_2=0.002584; ', 'codec_recon_2=0.067826; ', 'bpp_2=0.283491; ']
train step[189/2000] ; used: 3m:50s; eta: 36m:39s; loss = 0.363336; ['mse_0=0.001238; ', 'lpips_0=0.004059; ', 'codec_recon_0=0.020860; ', 'bpp_0=5.958097; ', 'mse_1=0.000911; ', 'lpips_1=0.003467; ', 'codec_recon_1=0.263383; ', 'bpp_1=0.294129; ', 'mse_2=0.000787; ', 'lpips_2=0.002972; ', 'codec_recon_2=0.065653; ', 'bpp_2=0.274230; ']
train step[190/2000] ; used: 3m:51s; eta: 36m:37s; loss = 0.354957; ['mse_0=0.000608; ', 'lpips_0=0.003765; ', 'codec_recon_0=0.022297; ', 'bpp_0=5.918877; ', 'mse_1=0.000389; ', 'lpips_1=0.003076; ', 'codec_recon_1=0.247361; ', 'bpp_1=0.293482; ', 'mse_2=0.000348; ', 'lpips_2=0.002810; ', 'codec_recon_2=0.074297; ', 'bpp_2=0.269733; ']
train step[191/2000] ; used: 3m:53s; eta: 36m:36s; loss = 0.400360; ['mse_0=0.001308; ', 'lpips_0=0.005156; ', 'codec_recon_0=0.022046; ', 'bpp_0=5.781886; ', 'mse_1=0.001172; ', 'lpips_1=0.004717; ', 'codec_recon_1=0.281318; ', 'bpp_1=0.290570; ', 'mse_2=0.001067; ', 'lpips_2=0.004236; ', 'codec_recon_2=0.079334; ', 'bpp_2=0.264748; ']
train step[192/2000] ; used: 3m:54s; eta: 36m:33s; loss = 0.426107; ['mse_0=0.001058; ', 'lpips_0=0.004579; ', 'codec_recon_0=0.018905; ', 'bpp_0=5.865237; ', 'mse_1=0.000809; ', 'lpips_1=0.003914; ', 'codec_recon_1=0.327455; ', 'bpp_1=0.290959; ', 'mse_2=0.000513; ', 'lpips_2=0.002982; ', 'codec_recon_2=0.065887; ', 'bpp_2=0.270129; ']
train step[193/2000] ; used: 3m:55s; eta: 36m:32s; loss = 0.387286; ['mse_0=0.001372; ', 'lpips_0=0.005283; ', 'codec_recon_0=0.019974; ', 'bpp_0=6.036140; ', 'mse_1=0.001236; ', 'lpips_1=0.004637; ', 'codec_recon_1=0.279354; ', 'bpp_1=0.296106; ', 'mse_2=0.001169; ', 'lpips_2=0.004148; ', 'codec_recon_2=0.070106; ', 'bpp_2=0.275776; ']
train step[194/2000] ; used: 3m:56s; eta: 36m:30s; loss = 0.394394; ['mse_0=0.001301; ', 'lpips_0=0.004207; ', 'codec_recon_0=0.019314; ', 'bpp_0=6.000659; ', 'mse_1=0.001057; ', 'lpips_1=0.003472; ', 'codec_recon_1=0.291370; ', 'bpp_1=0.296458; ', 'mse_2=0.000911; ', 'lpips_2=0.002835; ', 'codec_recon_2=0.069921; ', 'bpp_2=0.277096; ']
train step[195/2000] ; used: 3m:57s; eta: 36m:29s; loss = 0.423047; ['mse_0=0.001125; ', 'lpips_0=0.004326; ', 'codec_recon_0=0.024370; ', 'bpp_0=6.018147; ', 'mse_1=0.001127; ', 'lpips_1=0.003778; ', 'codec_recon_1=0.295309; ', 'bpp_1=0.293755; ', 'mse_2=0.001056; ', 'lpips_2=0.003452; ', 'codec_recon_2=0.088497; ', 'bpp_2=0.273132; ']
train step[196/2000] ; used: 3m:59s; eta: 36m:33s; loss = 0.440780; ['mse_0=0.000914; ', 'lpips_0=0.004416; ', 'codec_recon_0=0.017893; ', 'bpp_0=6.080198; ', 'mse_1=0.000723; ', 'lpips_1=0.003930; ', 'codec_recon_1=0.332359; ', 'bpp_1=0.295467; ', 'mse_2=0.000452; ', 'lpips_2=0.002779; ', 'codec_recon_2=0.077306; ', 'bpp_2=0.275968; ']
train step[197/2000] ; used: 4m; eta: 36m:31s; loss = 0.377176; ['mse_0=0.000422; ', 'lpips_0=0.003604; ', 'codec_recon_0=0.020832; ', 'bpp_0=6.032191; ', 'mse_1=0.000318; ', 'lpips_1=0.002833; ', 'codec_recon_1=0.269119; ', 'bpp_1=0.294567; ', 'mse_2=0.000240; ', 'lpips_2=0.002405; ', 'codec_recon_2=0.077396; ', 'bpp_2=0.274522; ']
train step[198/2000] ; used: 4m:1s; eta: 36m:29s; loss = 0.467456; ['mse_0=0.002289; ', 'lpips_0=0.006275; ', 'codec_recon_0=0.021140; ', 'bpp_0=6.145310; ', 'mse_1=0.001832; ', 'lpips_1=0.005243; ', 'codec_recon_1=0.350029; ', 'bpp_1=0.299013; ', 'mse_2=0.001541; ', 'lpips_2=0.004207; ', 'codec_recon_2=0.074893; ', 'bpp_2=0.281199; ']
train step[199/2000] ; used: 4m:2s; eta: 36m:27s; loss = 0.418707; ['mse_0=0.002043; ', 'lpips_0=0.004670; ', 'codec_recon_0=0.023124; ', 'bpp_0=5.979490; ', 'mse_1=0.001780; ', 'lpips_1=0.003961; ', 'codec_recon_1=0.307615; ', 'bpp_1=0.295671; ', 'mse_2=0.001686; ', 'lpips_2=0.003460; ', 'codec_recon_2=0.070362; ', 'bpp_2=0.274033; ']
train step[200/2000] ; used: 4m:4s; eta: 36m:26s; loss = 0.409464; ['mse_0=0.002462; ', 'lpips_0=0.004854; ', 'codec_recon_0=0.021625; ', 'bpp_0=6.161110; ', 'mse_1=0.002258; ', 'lpips_1=0.004091; ', 'codec_recon_1=0.304454; ', 'bpp_1=0.299396; ', 'mse_2=0.002147; ', 'lpips_2=0.003497; ', 'codec_recon_2=0.064068; ', 'bpp_2=0.282148; ']
train step[201/2000] ; used: 4m:5s; eta: 36m:24s; loss = 0.517759; ['mse_0=0.003498; ', 'lpips_0=0.009334; ', 'codec_recon_0=0.023693; ', 'bpp_0=6.226451; ', 'mse_1=0.003118; ', 'lpips_1=0.008614; ', 'codec_recon_1=0.382759; ', 'bpp_1=0.301565; ', 'mse_2=0.002965; ', 'lpips_2=0.007448; ', 'codec_recon_2=0.076323; ', 'bpp_2=0.285353; ']
train step[202/2000] ; used: 4m:6s; eta: 36m:22s; loss = 0.404118; ['mse_0=0.001180; ', 'lpips_0=0.004228; ', 'codec_recon_0=0.018831; ', 'bpp_0=6.052661; ', 'mse_1=0.000925; ', 'lpips_1=0.003533; ', 'codec_recon_1=0.309743; ', 'bpp_1=0.297457; ', 'mse_2=0.000703; ', 'lpips_2=0.002924; ', 'codec_recon_2=0.062045; ', 'bpp_2=0.278423; ']
train step[203/2000] ; used: 4m:7s; eta: 36m:21s; loss = 0.369242; ['mse_0=0.000857; ', 'lpips_0=0.003730; ', 'codec_recon_0=0.018867; ', 'bpp_0=5.925751; ', 'mse_1=0.000660; ', 'lpips_1=0.003073; ', 'codec_recon_1=0.274064; ', 'bpp_1=0.294529; ', 'mse_2=0.000545; ', 'lpips_2=0.002494; ', 'codec_recon_2=0.064946; ', 'bpp_2=0.273985; ']
train step[204/2000] ; used: 4m:8s; eta: 36m:19s; loss = 0.391753; ['mse_0=0.000887; ', 'lpips_0=0.004149; ', 'codec_recon_0=0.020649; ', 'bpp_0=5.926253; ', 'mse_1=0.000697; ', 'lpips_1=0.003466; ', 'codec_recon_1=0.283656; ', 'bpp_1=0.292512; ', 'mse_2=0.000600; ', 'lpips_2=0.003007; ', 'codec_recon_2=0.074636; ', 'bpp_2=0.271476; ']
train step[205/2000] ; used: 4m:9s; eta: 36m:18s; loss = 0.423950; ['mse_0=0.001446; ', 'lpips_0=0.003815; ', 'codec_recon_0=0.023999; ', 'bpp_0=6.153430; ', 'mse_1=0.001149; ', 'lpips_1=0.003059; ', 'codec_recon_1=0.318476; ', 'bpp_1=0.299133; ', 'mse_2=0.000959; ', 'lpips_2=0.002480; ', 'codec_recon_2=0.068562; ', 'bpp_2=0.281213; ']
train step[206/2000] ; used: 4m:11s; eta: 36m:16s; loss = 0.414250; ['mse_0=0.001331; ', 'lpips_0=0.004333; ', 'codec_recon_0=0.025799; ', 'bpp_0=6.113824; ', 'mse_1=0.001130; ', 'lpips_1=0.003672; ', 'codec_recon_1=0.296402; ', 'bpp_1=0.298306; ', 'mse_2=0.000991; ', 'lpips_2=0.003151; ', 'codec_recon_2=0.077433; ', 'bpp_2=0.280143; ']
train step[207/2000] ; used: 4m:12s; eta: 36m:14s; loss = 0.375098; ['mse_0=0.001315; ', 'lpips_0=0.003861; ', 'codec_recon_0=0.020850; ', 'bpp_0=5.873250; ', 'mse_1=0.001055; ', 'lpips_1=0.003249; ', 'codec_recon_1=0.275105; ', 'bpp_1=0.292775; ', 'mse_2=0.000896; ', 'lpips_2=0.002835; ', 'codec_recon_2=0.065927; ', 'bpp_2=0.271998; ']
train step[208/2000] ; used: 4m:13s; eta: 36m:11s; loss = 0.408145; ['mse_0=0.001688; ', 'lpips_0=0.004053; ', 'codec_recon_0=0.022270; ', 'bpp_0=6.048442; ', 'mse_1=0.001268; ', 'lpips_1=0.003416; ', 'codec_recon_1=0.308133; ', 'bpp_1=0.297832; ', 'mse_2=0.001062; ', 'lpips_2=0.002873; ', 'codec_recon_2=0.063376; ', 'bpp_2=0.278122; ']
train step[209/2000] ; used: 4m:14s; eta: 36m:10s; loss = 0.394877; ['mse_0=0.001299; ', 'lpips_0=0.004054; ', 'codec_recon_0=0.020922; ', 'bpp_0=6.071094; ', 'mse_1=0.001027; ', 'lpips_1=0.003243; ', 'codec_recon_1=0.295723; ', 'bpp_1=0.297921; ', 'mse_2=0.000834; ', 'lpips_2=0.002590; ', 'codec_recon_2=0.065178; ', 'bpp_2=0.279447; ']
train step[210/2000] ; used: 4m:15s; eta: 36m:8s; loss = 0.404643; ['mse_0=0.000520; ', 'lpips_0=0.003515; ', 'codec_recon_0=0.020967; ', 'bpp_0=6.009914; ', 'mse_1=0.000391; ', 'lpips_1=0.002841; ', 'codec_recon_1=0.297011; ', 'bpp_1=0.294933; ', 'mse_2=0.000294; ', 'lpips_2=0.002367; ', 'codec_recon_2=0.076729; ', 'bpp_2=0.272900; ']
train step[211/2000] ; used: 4m:16s; eta: 36m:6s; loss = 0.348628; ['mse_0=0.001293; ', 'lpips_0=0.003305; ', 'codec_recon_0=0.018599; ', 'bpp_0=6.100027; ', 'mse_1=0.000966; ', 'lpips_1=0.002708; ', 'codec_recon_1=0.259669; ', 'bpp_1=0.296494; ', 'mse_2=0.000637; ', 'lpips_2=0.002184; ', 'codec_recon_2=0.059259; ', 'bpp_2=0.275385; ']
train step[212/2000] ; used: 4m:17s; eta: 36m:5s; loss = 0.431738; ['mse_0=0.001651; ', 'lpips_0=0.004091; ', 'codec_recon_0=0.019804; ', 'bpp_0=6.091618; ', 'mse_1=0.001309; ', 'lpips_1=0.003467; ', 'codec_recon_1=0.333369; ', 'bpp_1=0.298808; ', 'mse_2=0.000977; ', 'lpips_2=0.002696; ', 'codec_recon_2=0.064366; ', 'bpp_2=0.280562; ']
train step[213/2000] ; used: 4m:19s; eta: 36m:4s; loss = 0.369824; ['mse_0=0.000450; ', 'lpips_0=0.003325; ', 'codec_recon_0=0.018701; ', 'bpp_0=5.799548; ', 'mse_1=0.000314; ', 'lpips_1=0.002655; ', 'codec_recon_1=0.276834; ', 'bpp_1=0.290537; ', 'mse_2=0.000215; ', 'lpips_2=0.002194; ', 'codec_recon_2=0.065130; ', 'bpp_2=0.267917; ']
train step[214/2000] ; used: 4m:20s; eta: 36m:2s; loss = 0.435604; ['mse_0=0.001063; ', 'lpips_0=0.005207; ', 'codec_recon_0=0.020937; ', 'bpp_0=6.075059; ', 'mse_1=0.000904; ', 'lpips_1=0.004712; ', 'codec_recon_1=0.321854; ', 'bpp_1=0.295393; ', 'mse_2=0.000789; ', 'lpips_2=0.004185; ', 'codec_recon_2=0.075946; ', 'bpp_2=0.277962; ']
train step[215/2000] ; used: 4m:21s; eta: 36m; loss = 0.397204; ['mse_0=0.001082; ', 'lpips_0=0.003415; ', 'codec_recon_0=0.020520; ', 'bpp_0=6.073556; ', 'mse_1=0.000885; ', 'lpips_1=0.002928; ', 'codec_recon_1=0.295314; ', 'bpp_1=0.297177; ', 'mse_2=0.000753; ', 'lpips_2=0.002504; ', 'codec_recon_2=0.069796; ', 'bpp_2=0.277804; ']
train step[216/2000] ; used: 4m:22s; eta: 35m:59s; loss = 0.442668; ['mse_0=0.001616; ', 'lpips_0=0.004006; ', 'codec_recon_0=0.023312; ', 'bpp_0=6.055391; ', 'mse_1=0.001318; ', 'lpips_1=0.003206; ', 'codec_recon_1=0.341137; ', 'bpp_1=0.297211; ', 'mse_2=0.001110; ', 'lpips_2=0.002511; ', 'codec_recon_2=0.064444; ', 'bpp_2=0.278661; ']
train step[217/2000] ; used: 4m:23s; eta: 35m:58s; loss = 0.347327; ['mse_0=0.000994; ', 'lpips_0=0.003898; ', 'codec_recon_0=0.018527; ', 'bpp_0=5.928220; ', 'mse_1=0.000796; ', 'lpips_1=0.003421; ', 'codec_recon_1=0.254737; ', 'bpp_1=0.294351; ', 'mse_2=0.000696; ', 'lpips_2=0.003120; ', 'codec_recon_2=0.061132; ', 'bpp_2=0.275207; ']
train step[218/2000] ; used: 4m:25s; eta: 35m:57s; loss = 0.403629; ['mse_0=0.000516; ', 'lpips_0=0.003017; ', 'codec_recon_0=0.019485; ', 'bpp_0=6.079948; ', 'mse_1=0.000365; ', 'lpips_1=0.002368; ', 'codec_recon_1=0.303529; ', 'bpp_1=0.297519; ', 'mse_2=0.000274; ', 'lpips_2=0.001859; ', 'codec_recon_2=0.072212; ', 'bpp_2=0.275262; ']
train step[219/2000] ; used: 4m:26s; eta: 35m:56s; loss = 0.365888; ['mse_0=0.001121; ', 'lpips_0=0.004241; ', 'codec_recon_0=0.021643; ', 'bpp_0=5.968960; ', 'mse_1=0.000927; ', 'lpips_1=0.003804; ', 'codec_recon_1=0.261088; ', 'bpp_1=0.294736; ', 'mse_2=0.000930; ', 'lpips_2=0.003579; ', 'codec_recon_2=0.068550; ', 'bpp_2=0.273968; ']
train step[220/2000] ; used: 4m:27s; eta: 35m:55s; loss = 0.413486; ['mse_0=0.001986; ', 'lpips_0=0.004476; ', 'codec_recon_0=0.019374; ', 'bpp_0=6.129242; ', 'mse_1=0.001786; ', 'lpips_1=0.004021; ', 'codec_recon_1=0.310426; ', 'bpp_1=0.298256; ', 'mse_2=0.001552; ', 'lpips_2=0.003424; ', 'codec_recon_2=0.066434; ', 'bpp_2=0.280747; ']
train step[221/2000] ; used: 4m:28s; eta: 35m:54s; loss = 0.356819; ['mse_0=0.000985; ', 'lpips_0=0.003298; ', 'codec_recon_0=0.019105; ', 'bpp_0=6.066450; ', 'mse_1=0.000792; ', 'lpips_1=0.002737; ', 'codec_recon_1=0.268745; ', 'bpp_1=0.297850; ', 'mse_2=0.000600; ', 'lpips_2=0.002167; ', 'codec_recon_2=0.058385; ', 'bpp_2=0.280423; ']
train step[222/2000] ; used: 4m:29s; eta: 35m:52s; loss = 0.491716; ['mse_0=0.001989; ', 'lpips_0=0.006059; ', 'codec_recon_0=0.023161; ', 'bpp_0=6.130891; ', 'mse_1=0.001855; ', 'lpips_1=0.005307; ', 'codec_recon_1=0.365207; ', 'bpp_1=0.296192; ', 'mse_2=0.001708; ', 'lpips_2=0.004541; ', 'codec_recon_2=0.081881; ', 'bpp_2=0.280635; ']
train step[223/2000] ; used: 4m:31s; eta: 35m:50s; loss = 0.379255; ['mse_0=0.001192; ', 'lpips_0=0.004284; ', 'codec_recon_0=0.021543; ', 'bpp_0=6.013462; ', 'mse_1=0.001000; ', 'lpips_1=0.003667; ', 'codec_recon_1=0.274014; ', 'bpp_1=0.296354; ', 'mse_2=0.000879; ', 'lpips_2=0.003272; ', 'codec_recon_2=0.069398; ', 'bpp_2=0.277160; ']
train step[224/2000] ; used: 4m:32s; eta: 35m:48s; loss = 0.398348; ['mse_0=0.001612; ', 'lpips_0=0.004066; ', 'codec_recon_0=0.022285; ', 'bpp_0=6.189081; ', 'mse_1=0.001439; ', 'lpips_1=0.003407; ', 'codec_recon_1=0.277305; ', 'bpp_1=0.299121; ', 'mse_2=0.001334; ', 'lpips_2=0.002956; ', 'codec_recon_2=0.083936; ', 'bpp_2=0.279915; ']
train step[225/2000] ; used: 4m:33s; eta: 35m:46s; loss = 0.367878; ['mse_0=0.000621; ', 'lpips_0=0.003777; ', 'codec_recon_0=0.018081; ', 'bpp_0=5.966076; ', 'mse_1=0.000464; ', 'lpips_1=0.003053; ', 'codec_recon_1=0.270185; ', 'bpp_1=0.295129; ', 'mse_2=0.000365; ', 'lpips_2=0.002545; ', 'codec_recon_2=0.068780; ', 'bpp_2=0.275950; ']
train step[226/2000] ; used: 4m:34s; eta: 35m:44s; loss = 0.411445; ['mse_0=0.001359; ', 'lpips_0=0.003678; ', 'codec_recon_0=0.021775; ', 'bpp_0=6.180257; ', 'mse_1=0.001112; ', 'lpips_1=0.002997; ', 'codec_recon_1=0.309193; ', 'bpp_1=0.298567; ', 'mse_2=0.000925; ', 'lpips_2=0.002472; ', 'codec_recon_2=0.067928; ', 'bpp_2=0.280407; ']
train step[227/2000] ; used: 4m:35s; eta: 35m:42s; loss = 0.425845; ['mse_0=0.001044; ', 'lpips_0=0.004075; ', 'codec_recon_0=0.027847; ', 'bpp_0=6.136625; ', 'mse_1=0.000846; ', 'lpips_1=0.003220; ', 'codec_recon_1=0.303666; ', 'bpp_1=0.297779; ', 'mse_2=0.000793; ', 'lpips_2=0.002714; ', 'codec_recon_2=0.081630; ', 'bpp_2=0.278489; ']
train step[228/2000] ; used: 4m:36s; eta: 35m:40s; loss = 0.416807; ['mse_0=0.000709; ', 'lpips_0=0.004259; ', 'codec_recon_0=0.021384; ', 'bpp_0=6.116005; ', 'mse_1=0.000545; ', 'lpips_1=0.003420; ', 'codec_recon_1=0.299665; ', 'bpp_1=0.296004; ', 'mse_2=0.000479; ', 'lpips_2=0.002922; ', 'codec_recon_2=0.083419; ', 'bpp_2=0.276715; ']
train step[229/2000] ; used: 4m:37s; eta: 35m:38s; loss = 0.378353; ['mse_0=0.000868; ', 'lpips_0=0.003663; ', 'codec_recon_0=0.019892; ', 'bpp_0=6.066680; ', 'mse_1=0.000700; ', 'lpips_1=0.003049; ', 'codec_recon_1=0.273956; ', 'bpp_1=0.297377; ', 'mse_2=0.000669; ', 'lpips_2=0.002841; ', 'codec_recon_2=0.072709; ', 'bpp_2=0.276924; ']
train step[230/2000] ; used: 4m:38s; eta: 35m:36s; loss = 0.398614; ['mse_0=0.001599; ', 'lpips_0=0.003808; ', 'codec_recon_0=0.020530; ', 'bpp_0=5.956223; ', 'mse_1=0.001272; ', 'lpips_1=0.003236; ', 'codec_recon_1=0.296331; ', 'bpp_1=0.294197; ', 'mse_2=0.001036; ', 'lpips_2=0.002665; ', 'codec_recon_2=0.068129; ', 'bpp_2=0.275065; ']
train step[231/2000] ; used: 4m:39s; eta: 35m:34s; loss = 0.381210; ['mse_0=0.001642; ', 'lpips_0=0.004230; ', 'codec_recon_0=0.021572; ', 'bpp_0=5.972635; ', 'mse_1=0.001513; ', 'lpips_1=0.003754; ', 'codec_recon_1=0.270786; ', 'bpp_1=0.292902; ', 'mse_2=0.001482; ', 'lpips_2=0.003524; ', 'codec_recon_2=0.072700; ', 'bpp_2=0.272627; ']
train step[232/2000] ; used: 4m:40s; eta: 35m:31s; loss = 0.428299; ['mse_0=0.007161; ', 'lpips_0=0.007480; ', 'codec_recon_0=0.025036; ', 'bpp_0=5.887472; ', 'mse_1=0.007096; ', 'lpips_1=0.007004; ', 'codec_recon_1=0.289951; ', 'bpp_1=0.294152; ', 'mse_2=0.007126; ', 'lpips_2=0.006598; ', 'codec_recon_2=0.070840; ', 'bpp_2=0.273610; ']
train step[233/2000] ; used: 4m:42s; eta: 35m:29s; loss = 0.368523; ['mse_0=0.000944; ', 'lpips_0=0.004200; ', 'codec_recon_0=0.022331; ', 'bpp_0=5.780740; ', 'mse_1=0.000778; ', 'lpips_1=0.003461; ', 'codec_recon_1=0.266420; ', 'bpp_1=0.290235; ', 'mse_2=0.000648; ', 'lpips_2=0.003081; ', 'codec_recon_2=0.066653; ', 'bpp_2=0.270041; ']
train step[234/2000] ; used: 4m:43s; eta: 35m:28s; loss = 0.405397; ['mse_0=0.001326; ', 'lpips_0=0.003948; ', 'codec_recon_0=0.027044; ', 'bpp_0=5.885295; ', 'mse_1=0.001010; ', 'lpips_1=0.003249; ', 'codec_recon_1=0.289236; ', 'bpp_1=0.293073; ', 'mse_2=0.000808; ', 'lpips_2=0.002659; ', 'codec_recon_2=0.076110; ', 'bpp_2=0.272327; ']
train step[235/2000] ; used: 4m:44s; eta: 35m:26s; loss = 0.541856; ['mse_0=0.001858; ', 'lpips_0=0.008078; ', 'codec_recon_0=0.022866; ', 'bpp_0=6.304556; ', 'mse_1=0.001409; ', 'lpips_1=0.007012; ', 'codec_recon_1=0.419349; ', 'bpp_1=0.301786; ', 'mse_2=0.001090; ', 'lpips_2=0.005718; ', 'codec_recon_2=0.074470; ', 'bpp_2=0.288397; ']
train step[236/2000] ; used: 4m:45s; eta: 35m:24s; loss = 0.435524; ['mse_0=0.001083; ', 'lpips_0=0.004495; ', 'codec_recon_0=0.024657; ', 'bpp_0=6.133273; ', 'mse_1=0.000990; ', 'lpips_1=0.003826; ', 'codec_recon_1=0.316341; ', 'bpp_1=0.295580; ', 'mse_2=0.000928; ', 'lpips_2=0.003498; ', 'codec_recon_2=0.079700; ', 'bpp_2=0.275258; ']
train step[237/2000] ; used: 4m:46s; eta: 35m:22s; loss = 0.410325; ['mse_0=0.001882; ', 'lpips_0=0.004951; ', 'codec_recon_0=0.020480; ', 'bpp_0=6.067243; ', 'mse_1=0.001634; ', 'lpips_1=0.004259; ', 'codec_recon_1=0.304533; ', 'bpp_1=0.298221; ', 'mse_2=0.001449; ', 'lpips_2=0.003679; ', 'codec_recon_2=0.067452; ', 'bpp_2=0.278632; ']
train step[238/2000] ; used: 4m:47s; eta: 35m:20s; loss = 0.401107; ['mse_0=0.002598; ', 'lpips_0=0.005999; ', 'codec_recon_0=0.021897; ', 'bpp_0=6.089441; ', 'mse_1=0.002546; ', 'lpips_1=0.005563; ', 'codec_recon_1=0.279616; ', 'bpp_1=0.298776; ', 'mse_2=0.002498; ', 'lpips_2=0.005240; ', 'codec_recon_2=0.075144; ', 'bpp_2=0.278229; ']
train step[239/2000] ; used: 4m:48s; eta: 35m:18s; loss = 0.478411; ['mse_0=0.002495; ', 'lpips_0=0.006950; ', 'codec_recon_0=0.022613; ', 'bpp_0=6.216971; ', 'mse_1=0.002239; ', 'lpips_1=0.006177; ', 'codec_recon_1=0.355875; ', 'bpp_1=0.299988; ', 'mse_2=0.001877; ', 'lpips_2=0.005105; ', 'codec_recon_2=0.075073; ', 'bpp_2=0.282705; ']
train step[240/2000] ; used: 4m:49s; eta: 35m:17s; loss = 0.355933; ['mse_0=0.000484; ', 'lpips_0=0.003540; ', 'codec_recon_0=0.022829; ', 'bpp_0=5.932812; ', 'mse_1=0.000369; ', 'lpips_1=0.003038; ', 'codec_recon_1=0.248934; ', 'bpp_1=0.292614; ', 'mse_2=0.000354; ', 'lpips_2=0.002880; ', 'codec_recon_2=0.073500; ', 'bpp_2=0.272951; ']
train step[241/2000] ; used: 4m:51s; eta: 35m:15s; loss = 0.373894; ['mse_0=0.001239; ', 'lpips_0=0.003889; ', 'codec_recon_0=0.020704; ', 'bpp_0=5.967186; ', 'mse_1=0.001045; ', 'lpips_1=0.003378; ', 'codec_recon_1=0.266310; ', 'bpp_1=0.294329; ', 'mse_2=0.001026; ', 'lpips_2=0.003070; ', 'codec_recon_2=0.073227; ', 'bpp_2=0.274197; ']
train step[242/2000] ; used: 4m:52s; eta: 35m:13s; loss = 0.406219; ['mse_0=0.003098; ', 'lpips_0=0.006540; ', 'codec_recon_0=0.021161; ', 'bpp_0=6.067477; ', 'mse_1=0.002383; ', 'lpips_1=0.005764; ', 'codec_recon_1=0.290635; ', 'bpp_1=0.296815; ', 'mse_2=0.002136; ', 'lpips_2=0.005252; ', 'codec_recon_2=0.069243; ', 'bpp_2=0.279036; ']
train step[243/2000] ; used: 4m:53s; eta: 35m:11s; loss = 0.397054; ['mse_0=0.002432; ', 'lpips_0=0.003959; ', 'codec_recon_0=0.019182; ', 'bpp_0=6.152005; ', 'mse_1=0.001992; ', 'lpips_1=0.003118; ', 'codec_recon_1=0.303122; ', 'bpp_1=0.300314; ', 'mse_2=0.001619; ', 'lpips_2=0.002481; ', 'codec_recon_2=0.059141; ', 'bpp_2=0.282519; ']
train step[244/2000] ; used: 4m:54s; eta: 35m:9s; loss = 0.472737; ['mse_0=0.003080; ', 'lpips_0=0.006477; ', 'codec_recon_0=0.020916; ', 'bpp_0=6.155168; ', 'mse_1=0.002709; ', 'lpips_1=0.005756; ', 'codec_recon_1=0.354401; ', 'bpp_1=0.298486; ', 'mse_2=0.002550; ', 'lpips_2=0.004944; ', 'codec_recon_2=0.071897; ', 'bpp_2=0.280491; ']
train step[245/2000] ; used: 4m:55s; eta: 35m:8s; loss = 0.388766; ['mse_0=0.000933; ', 'lpips_0=0.003572; ', 'codec_recon_0=0.020555; ', 'bpp_0=6.064576; ', 'mse_1=0.000686; ', 'lpips_1=0.002837; ', 'codec_recon_1=0.286268; ', 'bpp_1=0.296309; ', 'mse_2=0.000577; ', 'lpips_2=0.002333; ', 'codec_recon_2=0.070998; ', 'bpp_2=0.276679; ']
train step[246/2000] ; used: 4m:57s; eta: 35m:9s; loss = 0.458401; ['mse_0=0.001156; ', 'lpips_0=0.004360; ', 'codec_recon_0=0.042761; ', 'bpp_0=5.960357; ', 'mse_1=0.001009; ', 'lpips_1=0.003656; ', 'codec_recon_1=0.279137; ', 'bpp_1=0.293916; ', 'mse_2=0.000959; ', 'lpips_2=0.003338; ', 'codec_recon_2=0.122018; ', 'bpp_2=0.274193; ']
train step[247/2000] ; used: 4m:58s; eta: 35m:7s; loss = 0.429796; ['mse_0=0.000706; ', 'lpips_0=0.004369; ', 'codec_recon_0=0.034913; ', 'bpp_0=5.971551; ', 'mse_1=0.000568; ', 'lpips_1=0.003748; ', 'codec_recon_1=0.271791; ', 'bpp_1=0.294154; ', 'mse_2=0.000495; ', 'lpips_2=0.003441; ', 'codec_recon_2=0.109757; ', 'bpp_2=0.274483; ']
train step[248/2000] ; used: 4m:59s; eta: 35m:5s; loss = 0.386293; ['mse_0=0.001589; ', 'lpips_0=0.004826; ', 'codec_recon_0=0.020322; ', 'bpp_0=5.946706; ', 'mse_1=0.001324; ', 'lpips_1=0.004158; ', 'codec_recon_1=0.281984; ', 'bpp_1=0.295861; ', 'mse_2=0.001173; ', 'lpips_2=0.003730; ', 'codec_recon_2=0.067181; ', 'bpp_2=0.275674; ']
train step[249/2000] ; used: 5m; eta: 35m:3s; loss = 0.457621; ['mse_0=0.000984; ', 'lpips_0=0.003498; ', 'codec_recon_0=0.029189; ', 'bpp_0=5.839448; ', 'mse_1=0.000891; ', 'lpips_1=0.002803; ', 'codec_recon_1=0.322866; ', 'bpp_1=0.290294; ', 'mse_2=0.000780; ', 'lpips_2=0.002225; ', 'codec_recon_2=0.094379; ', 'bpp_2=0.266389; ']
validation step on 250 1/100; scene = ['5aca87f95a9412c6']; context = [[58, 133]]
Setting up [LPIPS] perceptual loss: trunk [vgg], v[0.1], spatial [off]
Loading model from: /ceph_data/clue9986/anaconda3/envs/hisplat/lib/python3.10/site-packages/lpips/weights/v0.1/vgg.pth
validation step on 250 2/100; scene = ['bc95e5c7e357f1b7']; context = [[35, 91]]
validation step on 250 3/100; scene = ['34b0658a5c200cdf']; context = [[0, 70]]
validation step on 250 4/100; scene = ['28e8300e004ab30b']; context = [[3, 68]]
validation step on 250 5/100; scene = ['6558c5f10d45a929']; context = [[43, 160]]
validation step on 250 6/100; scene = ['89ea49cd9865aeff']; context = [[31, 81]]
validation step on 250 7/100; scene = ['ed477bdf8582adff']; context = [[40, 85]]
validation step on 250 8/100; scene = ['57d3409bf04c4651']; context = [[0, 45]]
validation step on 250 9/100; scene = ['aadc1e2dc74fd644']; context = [[2, 52]]
validation step on 250 10/100; scene = ['cd74b1244d112628']; context = [[63, 110]]
validation step on 250 11/100; scene = ['57d25dafabb5a238']; context = [[32, 104]]
validation step on 250 12/100; scene = ['e4f4574df7938f37']; context = [[0, 115]]
validation step on 250 13/100; scene = ['20d86cff490c0c42']; context = [[18, 69]]
validation step on 250 14/100; scene = ['0c4c5d5f751aabf5']; context = [[12, 57]]
validation step on 250 15/100; scene = ['fea544b472e9abd1']; context = [[12, 93]]
validation step on 250 16/100; scene = ['656381bea665bf3d']; context = [[27, 75]]
validation step on 250 17/100; scene = ['322261824c4a3003']; context = [[33, 78]]
validation step on 250 18/100; scene = ['f7c0fa5b81552d35']; context = [[11, 64]]
validation step on 250 19/100; scene = ['a56ba2efb5e3fdd9']; context = [[33, 92]]
validation step on 250 20/100; scene = ['c48f19e2ffa52523']; context = [[195, 264]]
validation step on 250 21/100; scene = ['1214f2a11a9fc1ed']; context = [[103, 215]]
validation step on 250 22/100; scene = ['a9b3ff60b213e099']; context = [[32, 96]]
validation step on 250 23/100; scene = ['a6fa92e8204f6118']; context = [[2, 66]]
validation step on 250 24/100; scene = ['21e794f71e31becb']; context = [[72, 180]]
validation step on 250 25/100; scene = ['f7d916b43193c181']; context = [[7, 61]]
validation step on 250 26/100; scene = ['84ab392d682f296b']; context = [[43, 120]]
validation step on 250 27/100; scene = ['6771a51bf0cfce7f']; context = [[152, 199]]
validation step on 250 28/100; scene = ['17d9303ee77c3a3d']; context = [[17, 63]]
validation step on 250 29/100; scene = ['ffa95c3b40609c76']; context = [[120, 213]]
validation step on 250 30/100; scene = ['a47b88040452d7d9']; context = [[35, 97]]
validation step on 250 31/100; scene = ['0d4de33c6888a754']; context = [[2, 57]]
validation step on 250 32/100; scene = ['41bcd011f99bfb66']; context = [[4, 50]]
validation step on 250 33/100; scene = ['67a69088a2695987']; context = [[6, 86]]
validation step on 250 34/100; scene = ['b4099665590548fc']; context = [[23, 74]]
validation step on 250 35/100; scene = ['9e2a8cc5f32dd46b']; context = [[75, 151]]
validation step on 250 36/100; scene = ['2e109379f53bb221']; context = [[35, 108]]
validation step on 250 37/100; scene = ['8adebbb68f2c3f84']; context = [[72, 131]]
validation step on 250 38/100; scene = ['29e0bfbad00f0d5e']; context = [[8, 100]]
validation step on 250 39/100; scene = ['debc3490ba0bd84b']; context = [[34, 81]]
validation step on 250 40/100; scene = ['7c7bc5285126e6ad']; context = [[64, 126]]
validation step on 250 41/100; scene = ['cdf439b17a6a98d4']; context = [[31, 77]]
validation step on 250 42/100; scene = ['cb38d67088b66084']; context = [[49, 106]]
validation step on 250 43/100; scene = ['2da2eeb966bc0ef8']; context = [[30, 94]]
validation step on 250 44/100; scene = ['bb4d7012261ee0ed']; context = [[0, 46]]
validation step on 250 45/100; scene = ['9e1f1beb4ba8e5da']; context = [[9, 73]]
validation step on 250 46/100; scene = ['26b31d71789bffad']; context = [[3, 57]]
validation step on 250 47/100; scene = ['41abd737e0228c1a']; context = [[81, 127]]
validation step on 250 48/100; scene = ['ed0c2aca14b99efa']; context = [[62, 119]]
validation step on 250 49/100; scene = ['8d5163de9ea4d851']; context = [[39, 85]]
validation step on 250 50/100; scene = ['81be42df6ccae760']; context = [[13, 107]]
validation step on 250 51/100; scene = ['6fe141ec9be1a432']; context = [[12, 73]]
validation step on 250 52/100; scene = ['3b6d8db52c54b174']; context = [[0, 80]]
validation step on 250 53/100; scene = ['3087828bc27bc4c7']; context = [[15, 96]]
validation step on 250 54/100; scene = ['e124dfa7e996a414']; context = [[48, 93]]
validation step on 250 55/100; scene = ['e1afd89a69ee6947']; context = [[34, 113]]
validation step on 250 56/100; scene = ['79ce50fb7b021e1d']; context = [[212, 278]]
validation step on 250 57/100; scene = ['358bdee988c269ef']; context = [[3, 95]]
validation step on 250 58/100; scene = ['f14791aec34dbdcd']; context = [[5, 59]]
validation step on 250 59/100; scene = ['0c52996355b23d76']; context = [[51, 111]]
validation step on 250 60/100; scene = ['62bcb465bb03d34f']; context = [[6, 84]]
validation step on 250 61/100; scene = ['1f0e06e4388dd600']; context = [[44, 96]]
validation step on 250 62/100; scene = ['c9c30723d7c54793']; context = [[152, 247]]
validation step on 250 63/100; scene = ['8b212f2755d955ec']; context = [[40, 110]]
validation step on 250 64/100; scene = ['de67e3a0b0648cfe']; context = [[16, 72]]
validation step on 250 65/100; scene = ['54841308aff91857']; context = [[27, 86]]
validation step on 250 66/100; scene = ['40ca76de44a6e1a9']; context = [[43, 107]]
validation step on 250 67/100; scene = ['bc143130c1842e4b']; context = [[29, 133]]
validation step on 250 68/100; scene = ['912177dbf0a1ed6c']; context = [[3, 60]]
validation step on 250 69/100; scene = ['afe4e799a94e06b3']; context = [[54, 150]]
validation step on 250 70/100; scene = ['17f552ef56d85c55']; context = [[20, 86]]
validation step on 250 71/100; scene = ['a7c691c210154b09']; context = [[0, 50]]
validation step on 250 72/100; scene = ['9490f1219dbbb6ce']; context = [[17, 72]]
validation step on 250 73/100; scene = ['154365ab5a4e067b']; context = [[2, 48]]
validation step on 250 74/100; scene = ['ab4c269f8d523d02']; context = [[18, 72]]
validation step on 250 75/100; scene = ['75d475e9558ab806']; context = [[1, 46]]
validation step on 250 76/100; scene = ['fdaab1f49851782c']; context = [[31, 142]]
validation step on 250 77/100; scene = ['2d4efa3897a4ba2d']; context = [[4, 58]]
validation step on 250 78/100; scene = ['14f477e7d5af5b91']; context = [[17, 72]]
validation step on 250 79/100; scene = ['de45926738229f67']; context = [[22, 84]]
validation step on 250 80/100; scene = ['5c909c802eb6edb1']; context = [[13, 78]]
validation step on 250 81/100; scene = ['aa91dfdd5f4ad32b']; context = [[8, 57]]
validation step on 250 82/100; scene = ['88d9ba3324f2ec21']; context = [[2, 49]]
validation step on 250 83/100; scene = ['622ef98e83ed5239']; context = [[3, 66]]
validation step on 250 84/100; scene = ['30fc5fc78c5a716e']; context = [[151, 210]]
validation step on 250 85/100; scene = ['8b760ac05c93a6bb']; context = [[26, 72]]
validation step on 250 86/100; scene = ['800ea72b6988f63e']; context = [[141, 190]]
validation step on 250 87/100; scene = ['674dabef8f53b566']; context = [[9, 91]]
validation step on 250 88/100; scene = ['d3a01038c5f21473']; context = [[139, 273]]
validation step on 250 89/100; scene = ['3e5f747d06bc84a3']; context = [[85, 190]]
validation step on 250 90/100; scene = ['bb6fa5bdafc14e8c']; context = [[43, 139]]
validation step on 250 91/100; scene = ['052430ff6e2c07c4']; context = [[19, 92]]
validation step on 250 92/100; scene = ['0588138dfec165a1']; context = [[70, 160]]
validation step on 250 93/100; scene = ['e4bcb18fa6aa91be']; context = [[32, 79]]
validation step on 250 94/100; scene = ['4c4fa41951e37e78']; context = [[8, 60]]
validation step on 250 95/100; scene = ['252a24d25a1ea81d']; context = [[198, 263]]
validation step on 250 96/100; scene = ['214df1c2863d2959']; context = [[45, 96]]
validation step on 250 97/100; scene = ['bfd27ad72975e120']; context = [[8, 55]]
validation step on 250 98/100; scene = ['572acd18419c3456']; context = [[3, 62]]
validation step on 250 99/100; scene = ['b26e6c80d283c4c8']; context = [[46, 92]]
validation step on 250 100/100; scene = ['10c8e54590f715f7']; context = [[6, 76]]
train step[250/2000] ; used: 6m:5s; eta: 42m:28s; loss = 0.440401; ['mse_0=0.001305; ', 'lpips_0=0.004447; ', 'codec_recon_0=0.020662; ', 'bpp_0=5.970849; ', 'mse_1=0.000939; ', 'lpips_1=0.003421; ', 'codec_recon_1=0.338874; ', 'bpp_1=0.296310; ', 'mse_2=0.000610; ', 'lpips_2=0.002360; ', 'codec_recon_2=0.067776; ', 'bpp_2=0.277317; ']
train step[251/2000] ; used: 6m:6s; eta: 42m:24s; loss = 0.401353; ['mse_0=0.000698; ', 'lpips_0=0.004091; ', 'codec_recon_0=0.019363; ', 'bpp_0=5.955501; ', 'mse_1=0.000508; ', 'lpips_1=0.003228; ', 'codec_recon_1=0.304859; ', 'bpp_1=0.295774; ', 'mse_2=0.000344; ', 'lpips_2=0.002372; ', 'codec_recon_2=0.065883; ', 'bpp_2=0.278457; ']
train step[252/2000] ; used: 6m:7s; eta: 42m:20s; loss = 0.386745; ['mse_0=0.001367; ', 'lpips_0=0.003834; ', 'codec_recon_0=0.023973; ', 'bpp_0=5.879853; ', 'mse_1=0.001076; ', 'lpips_1=0.003115; ', 'codec_recon_1=0.284550; ', 'bpp_1=0.296283; ', 'mse_2=0.000922; ', 'lpips_2=0.002640; ', 'codec_recon_2=0.065261; ', 'bpp_2=0.276610; ']
train step[253/2000] ; used: 6m:8s; eta: 42m:16s; loss = 0.385685; ['mse_0=0.001174; ', 'lpips_0=0.005420; ', 'codec_recon_0=0.023508; ', 'bpp_0=5.937907; ', 'mse_1=0.001003; ', 'lpips_1=0.004571; ', 'codec_recon_1=0.273321; ', 'bpp_1=0.294919; ', 'mse_2=0.000952; ', 'lpips_2=0.004237; ', 'codec_recon_2=0.071493; ', 'bpp_2=0.276010; ']
train step[254/2000] ; used: 6m:9s; eta: 42m:13s; loss = 0.425646; ['mse_0=0.000733; ', 'lpips_0=0.004095; ', 'codec_recon_0=0.031947; ', 'bpp_0=5.669309; ', 'mse_1=0.000609; ', 'lpips_1=0.003469; ', 'codec_recon_1=0.297318; ', 'bpp_1=0.289425; ', 'mse_2=0.000555; ', 'lpips_2=0.003157; ', 'codec_recon_2=0.083756; ', 'bpp_2=0.268392; ']
train step[255/2000] ; used: 6m:11s; eta: 42m:9s; loss = 0.420073; ['mse_0=0.000541; ', 'lpips_0=0.003253; ', 'codec_recon_0=0.021839; ', 'bpp_0=5.916029; ', 'mse_1=0.000380; ', 'lpips_1=0.002586; ', 'codec_recon_1=0.312115; ', 'bpp_1=0.295941; ', 'mse_2=0.000297; ', 'lpips_2=0.002068; ', 'codec_recon_2=0.076987; ', 'bpp_2=0.276314; ']
train step[256/2000] ; used: 6m:12s; eta: 42m:5s; loss = 0.394209; ['mse_0=0.000601; ', 'lpips_0=0.003750; ', 'codec_recon_0=0.020104; ', 'bpp_0=5.663172; ', 'mse_1=0.000461; ', 'lpips_1=0.003109; ', 'codec_recon_1=0.292706; ', 'bpp_1=0.290722; ', 'mse_2=0.000333; ', 'lpips_2=0.002582; ', 'codec_recon_2=0.070556; ', 'bpp_2=0.269482; ']
train step[257/2000] ; used: 6m:13s; eta: 42m:2s; loss = 0.403278; ['mse_0=0.001889; ', 'lpips_0=0.004853; ', 'codec_recon_0=0.022673; ', 'bpp_0=5.846392; ', 'mse_1=0.001626; ', 'lpips_1=0.004358; ', 'codec_recon_1=0.300673; ', 'bpp_1=0.297447; ', 'mse_2=0.001405; ', 'lpips_2=0.003868; ', 'codec_recon_2=0.061928; ', 'bpp_2=0.280679; ']
train step[258/2000] ; used: 6m:14s; eta: 41m:59s; loss = 0.399195; ['mse_0=0.001262; ', 'lpips_0=0.004893; ', 'codec_recon_0=0.020733; ', 'bpp_0=5.788492; ', 'mse_1=0.000891; ', 'lpips_1=0.004180; ', 'codec_recon_1=0.287692; ', 'bpp_1=0.296754; ', 'mse_2=0.000795; ', 'lpips_2=0.003562; ', 'codec_recon_2=0.075180; ', 'bpp_2=0.277156; ']
train step[259/2000] ; used: 6m:15s; eta: 41m:56s; loss = 0.352107; ['mse_0=0.001643; ', 'lpips_0=0.003420; ', 'codec_recon_0=0.021917; ', 'bpp_0=5.732728; ', 'mse_1=0.001507; ', 'lpips_1=0.002886; ', 'codec_recon_1=0.247128; ', 'bpp_1=0.295823; ', 'mse_2=0.001469; ', 'lpips_2=0.002623; ', 'codec_recon_2=0.069507; ', 'bpp_2=0.274431; ']
train step[260/2000] ; used: 6m:16s; eta: 41m:53s; loss = 0.424214; ['mse_0=0.004898; ', 'lpips_0=0.004848; ', 'codec_recon_0=0.027630; ', 'bpp_0=5.648428; ', 'mse_1=0.004735; ', 'lpips_1=0.004349; ', 'codec_recon_1=0.272547; ', 'bpp_1=0.296118; ', 'mse_2=0.004663; ', 'lpips_2=0.004064; ', 'codec_recon_2=0.096473; ', 'bpp_2=0.276140; ']
train step[261/2000] ; used: 6m:18s; eta: 41m:49s; loss = 0.422981; ['mse_0=0.000926; ', 'lpips_0=0.003316; ', 'codec_recon_0=0.021412; ', 'bpp_0=5.590867; ', 'mse_1=0.000618; ', 'lpips_1=0.002469; ', 'codec_recon_1=0.320733; ', 'bpp_1=0.299154; ', 'mse_2=0.000420; ', 'lpips_2=0.001798; ', 'codec_recon_2=0.071282; ', 'bpp_2=0.276977; ']
train step[262/2000] ; used: 6m:19s; eta: 41m:46s; loss = 0.386238; ['mse_0=0.003779; ', 'lpips_0=0.005303; ', 'codec_recon_0=0.022154; ', 'bpp_0=5.400702; ', 'mse_1=0.003588; ', 'lpips_1=0.004832; ', 'codec_recon_1=0.269016; ', 'bpp_1=0.297005; ', 'mse_2=0.003562; ', 'lpips_2=0.004585; ', 'codec_recon_2=0.069414; ', 'bpp_2=0.275805; ']
train step[263/2000] ; used: 6m:20s; eta: 41m:43s; loss = 0.383282; ['mse_0=0.001501; ', 'lpips_0=0.004543; ', 'codec_recon_0=0.023875; ', 'bpp_0=5.370973; ', 'mse_1=0.001230; ', 'lpips_1=0.003760; ', 'codec_recon_1=0.273678; ', 'bpp_1=0.297181; ', 'mse_2=0.001128; ', 'lpips_2=0.003310; ', 'codec_recon_2=0.070253; ', 'bpp_2=0.277230; ']
train step[264/2000] ; used: 6m:21s; eta: 41m:39s; loss = 0.389748; ['mse_0=0.000383; ', 'lpips_0=0.004332; ', 'codec_recon_0=0.024622; ', 'bpp_0=4.899052; ', 'mse_1=0.000316; ', 'lpips_1=0.003945; ', 'codec_recon_1=0.273056; ', 'bpp_1=0.286666; ', 'mse_2=0.000286; ', 'lpips_2=0.003681; ', 'codec_recon_2=0.079123; ', 'bpp_2=0.265034; ']
train step[265/2000] ; used: 6m:22s; eta: 41m:35s; loss = 0.389608; ['mse_0=0.001448; ', 'lpips_0=0.004826; ', 'codec_recon_0=0.021194; ', 'bpp_0=4.945631; ', 'mse_1=0.001298; ', 'lpips_1=0.004178; ', 'codec_recon_1=0.284585; ', 'bpp_1=0.294045; ', 'mse_2=0.001183; ', 'lpips_2=0.003726; ', 'codec_recon_2=0.067164; ', 'bpp_2=0.274500; ']
train step[266/2000] ; used: 6m:23s; eta: 41m:32s; loss = 0.368163; ['mse_0=0.000378; ', 'lpips_0=0.003280; ', 'codec_recon_0=0.022304; ', 'bpp_0=4.822032; ', 'mse_1=0.000308; ', 'lpips_1=0.002828; ', 'codec_recon_1=0.260628; ', 'bpp_1=0.293036; ', 'mse_2=0.000287; ', 'lpips_2=0.002582; ', 'codec_recon_2=0.075562; ', 'bpp_2=0.272771; ']
train step[267/2000] ; used: 6m:24s; eta: 41m:28s; loss = 0.454544; ['mse_0=0.001930; ', 'lpips_0=0.006398; ', 'codec_recon_0=0.020506; ', 'bpp_0=4.718711; ', 'mse_1=0.001785; ', 'lpips_1=0.005885; ', 'codec_recon_1=0.339203; ', 'bpp_1=0.297608; ', 'mse_2=0.001635; ', 'lpips_2=0.005269; ', 'codec_recon_2=0.071928; ', 'bpp_2=0.279773; ']
train step[268/2000] ; used: 6m:26s; eta: 41m:25s; loss = 0.397733; ['mse_0=0.000946; ', 'lpips_0=0.003097; ', 'codec_recon_0=0.019464; ', 'bpp_0=4.388416; ', 'mse_1=0.000678; ', 'lpips_1=0.002354; ', 'codec_recon_1=0.306871; ', 'bpp_1=0.298317; ', 'mse_2=0.000395; ', 'lpips_2=0.001718; ', 'codec_recon_2=0.062204; ', 'bpp_2=0.277412; ']
train step[269/2000] ; used: 6m:27s; eta: 41m:22s; loss = 0.481693; ['mse_0=0.003472; ', 'lpips_0=0.005572; ', 'codec_recon_0=0.022717; ', 'bpp_0=4.208606; ', 'mse_1=0.002914; ', 'lpips_1=0.004667; ', 'codec_recon_1=0.366804; ', 'bpp_1=0.300637; ', 'mse_2=0.002523; ', 'lpips_2=0.003395; ', 'codec_recon_2=0.069624; ', 'bpp_2=0.284562; ']
train step[270/2000] ; used: 6m:28s; eta: 41m:18s; loss = 0.443787; ['mse_0=0.001584; ', 'lpips_0=0.005932; ', 'codec_recon_0=0.028213; ', 'bpp_0=3.657008; ', 'mse_1=0.001392; ', 'lpips_1=0.005147; ', 'codec_recon_1=0.312991; ', 'bpp_1=0.293946; ', 'mse_2=0.001234; ', 'lpips_2=0.004365; ', 'codec_recon_2=0.082925; ', 'bpp_2=0.274395; ']
train step[271/2000] ; used: 6m:29s; eta: 41m:15s; loss = 0.472237; ['mse_0=0.002084; ', 'lpips_0=0.005662; ', 'codec_recon_0=0.023441; ', 'bpp_0=3.491582; ', 'mse_1=0.001875; ', 'lpips_1=0.005019; ', 'codec_recon_1=0.356087; ', 'bpp_1=0.297484; ', 'mse_2=0.001634; ', 'lpips_2=0.004207; ', 'codec_recon_2=0.072224; ', 'bpp_2=0.281709; ']
train step[272/2000] ; used: 6m:30s; eta: 41m:12s; loss = 0.418910; ['mse_0=0.002235; ', 'lpips_0=0.004403; ', 'codec_recon_0=0.026605; ', 'bpp_0=3.063287; ', 'mse_1=0.001981; ', 'lpips_1=0.003701; ', 'codec_recon_1=0.302735; ', 'bpp_1=0.298270; ', 'mse_2=0.001892; ', 'lpips_2=0.003350; ', 'codec_recon_2=0.072004; ', 'bpp_2=0.279427; ']
train step[273/2000] ; used: 6m:31s; eta: 41m:9s; loss = 0.402858; ['mse_0=0.000555; ', 'lpips_0=0.003640; ', 'codec_recon_0=0.027792; ', 'bpp_0=2.561476; ', 'mse_1=0.000434; ', 'lpips_1=0.003052; ', 'codec_recon_1=0.288675; ', 'bpp_1=0.288959; ', 'mse_2=0.000309; ', 'lpips_2=0.002533; ', 'codec_recon_2=0.075865; ', 'bpp_2=0.268260; ']
train step[274/2000] ; used: 6m:32s; eta: 41m:6s; loss = 0.397798; ['mse_0=0.000660; ', 'lpips_0=0.004311; ', 'codec_recon_0=0.021691; ', 'bpp_0=2.239335; ', 'mse_1=0.000573; ', 'lpips_1=0.003782; ', 'codec_recon_1=0.292750; ', 'bpp_1=0.294333; ', 'mse_2=0.000485; ', 'lpips_2=0.003281; ', 'codec_recon_2=0.070261; ', 'bpp_2=0.273873; ']
train step[275/2000] ; used: 6m:34s; eta: 41m:3s; loss = 0.372212; ['mse_0=0.000557; ', 'lpips_0=0.003240; ', 'codec_recon_0=0.022874; ', 'bpp_0=2.127286; ', 'mse_1=0.000431; ', 'lpips_1=0.002670; ', 'codec_recon_1=0.265600; ', 'bpp_1=0.295016; ', 'mse_2=0.000365; ', 'lpips_2=0.002356; ', 'codec_recon_2=0.074116; ', 'bpp_2=0.276038; ']
train step[276/2000] ; used: 6m:35s; eta: 40m:59s; loss = 0.405102; ['mse_0=0.000911; ', 'lpips_0=0.002890; ', 'codec_recon_0=0.020585; ', 'bpp_0=1.915644; ', 'mse_1=0.000673; ', 'lpips_1=0.002125; ', 'codec_recon_1=0.312960; ', 'bpp_1=0.298557; ', 'mse_2=0.000487; ', 'lpips_2=0.001522; ', 'codec_recon_2=0.062947; ', 'bpp_2=0.280125; ']
train step[277/2000] ; used: 6m:36s; eta: 40m:59s; loss = 0.372401; ['mse_0=0.000545; ', 'lpips_0=0.003540; ', 'codec_recon_0=0.023636; ', 'bpp_0=1.750765; ', 'mse_1=0.000417; ', 'lpips_1=0.002918; ', 'codec_recon_1=0.261027; ', 'bpp_1=0.295184; ', 'mse_2=0.000356; ', 'lpips_2=0.002556; ', 'codec_recon_2=0.077404; ', 'bpp_2=0.274585; ']
train step[278/2000] ; used: 6m:38s; eta: 40m:57s; loss = 0.463663; ['mse_0=0.001312; ', 'lpips_0=0.005060; ', 'codec_recon_0=0.024273; ', 'bpp_0=1.537889; ', 'mse_1=0.000912; ', 'lpips_1=0.004118; ', 'codec_recon_1=0.352838; ', 'bpp_1=0.295072; ', 'mse_2=0.000655; ', 'lpips_2=0.003143; ', 'codec_recon_2=0.071350; ', 'bpp_2=0.277534; ']
train step[279/2000] ; used: 6m:39s; eta: 40m:53s; loss = 0.400246; ['mse_0=0.001590; ', 'lpips_0=0.004880; ', 'codec_recon_0=0.020551; ', 'bpp_0=1.590629; ', 'mse_1=0.001360; ', 'lpips_1=0.004109; ', 'codec_recon_1=0.293279; ', 'bpp_1=0.299259; ', 'mse_2=0.001240; ', 'lpips_2=0.003558; ', 'codec_recon_2=0.069677; ', 'bpp_2=0.280488; ']
train step[280/2000] ; used: 6m:40s; eta: 40m:50s; loss = 0.416332; ['mse_0=0.001149; ', 'lpips_0=0.004210; ', 'codec_recon_0=0.023165; ', 'bpp_0=1.450230; ', 'mse_1=0.000935; ', 'lpips_1=0.003477; ', 'codec_recon_1=0.312120; ', 'bpp_1=0.295263; ', 'mse_2=0.000797; ', 'lpips_2=0.002979; ', 'codec_recon_2=0.067498; ', 'bpp_2=0.275666; ']
train step[281/2000] ; used: 6m:41s; eta: 40m:47s; loss = 0.390340; ['mse_0=0.000715; ', 'lpips_0=0.003513; ', 'codec_recon_0=0.023508; ', 'bpp_0=1.360648; ', 'mse_1=0.000617; ', 'lpips_1=0.002960; ', 'codec_recon_1=0.275953; ', 'bpp_1=0.292827; ', 'mse_2=0.000597; ', 'lpips_2=0.002654; ', 'codec_recon_2=0.079820; ', 'bpp_2=0.271887; ']
train step[282/2000] ; used: 6m:42s; eta: 40m:44s; loss = 0.459959; ['mse_0=0.004359; ', 'lpips_0=0.006717; ', 'codec_recon_0=0.023963; ', 'bpp_0=1.384526; ', 'mse_1=0.003883; ', 'lpips_1=0.005884; ', 'codec_recon_1=0.340769; ', 'bpp_1=0.299959; ', 'mse_2=0.003502; ', 'lpips_2=0.005092; ', 'codec_recon_2=0.065788; ', 'bpp_2=0.282199; ']
train step[283/2000] ; used: 6m:43s; eta: 40m:40s; loss = 0.466552; ['mse_0=0.001406; ', 'lpips_0=0.004467; ', 'codec_recon_0=0.020024; ', 'bpp_0=1.411555; ', 'mse_1=0.001057; ', 'lpips_1=0.003373; ', 'codec_recon_1=0.364586; ', 'bpp_1=0.301164; ', 'mse_2=0.000672; ', 'lpips_2=0.002149; ', 'codec_recon_2=0.068817; ', 'bpp_2=0.286457; ']
train step[284/2000] ; used: 6m:44s; eta: 40m:37s; loss = 0.354998; ['mse_0=0.000491; ', 'lpips_0=0.003953; ', 'codec_recon_0=0.023727; ', 'bpp_0=1.286617; ', 'mse_1=0.000390; ', 'lpips_1=0.003524; ', 'codec_recon_1=0.246631; ', 'bpp_1=0.292988; ', 'mse_2=0.000362; ', 'lpips_2=0.003333; ', 'codec_recon_2=0.072586; ', 'bpp_2=0.272154; ']
train step[285/2000] ; used: 6m:45s; eta: 40m:34s; loss = 0.419545; ['mse_0=0.001032; ', 'lpips_0=0.004369; ', 'codec_recon_0=0.023497; ', 'bpp_0=1.377740; ', 'mse_1=0.000880; ', 'lpips_1=0.003538; ', 'codec_recon_1=0.305671; ', 'bpp_1=0.298957; ', 'mse_2=0.000824; ', 'lpips_2=0.003179; ', 'codec_recon_2=0.076552; ', 'bpp_2=0.280697; ']
train step[286/2000] ; used: 6m:47s; eta: 40m:31s; loss = 0.472197; ['mse_0=0.001655; ', 'lpips_0=0.004739; ', 'codec_recon_0=0.027827; ', 'bpp_0=1.328347; ', 'mse_1=0.001386; ', 'lpips_1=0.004020; ', 'codec_recon_1=0.347632; ', 'bpp_1=0.294927; ', 'mse_2=0.001215; ', 'lpips_2=0.003378; ', 'codec_recon_2=0.080344; ', 'bpp_2=0.275776; ']
train step[287/2000] ; used: 6m:48s; eta: 40m:28s; loss = 0.339986; ['mse_0=0.000870; ', 'lpips_0=0.003839; ', 'codec_recon_0=0.023047; ', 'bpp_0=1.305637; ', 'mse_1=0.000642; ', 'lpips_1=0.003408; ', 'codec_recon_1=0.236337; ', 'bpp_1=0.294390; ', 'mse_2=0.000636; ', 'lpips_2=0.003272; ', 'codec_recon_2=0.067933; ', 'bpp_2=0.273908; ']
train step[288/2000] ; used: 6m:49s; eta: 40m:25s; loss = 0.390241; ['mse_0=0.000991; ', 'lpips_0=0.005533; ', 'codec_recon_0=0.028586; ', 'bpp_0=1.252271; ', 'mse_1=0.000870; ', 'lpips_1=0.004927; ', 'codec_recon_1=0.273888; ', 'bpp_1=0.287346; ', 'mse_2=0.000800; ', 'lpips_2=0.004599; ', 'codec_recon_2=0.070046; ', 'bpp_2=0.266875; ']
train step[289/2000] ; used: 6m:50s; eta: 40m:22s; loss = 0.473406; ['mse_0=0.001054; ', 'lpips_0=0.004987; ', 'codec_recon_0=0.023012; ', 'bpp_0=1.397743; ', 'mse_1=0.000787; ', 'lpips_1=0.004056; ', 'codec_recon_1=0.366257; ', 'bpp_1=0.301529; ', 'mse_2=0.000532; ', 'lpips_2=0.002926; ', 'codec_recon_2=0.069795; ', 'bpp_2=0.286075; ']
train step[290/2000] ; used: 6m:51s; eta: 40m:20s; loss = 0.403843; ['mse_0=0.001604; ', 'lpips_0=0.004982; ', 'codec_recon_0=0.024030; ', 'bpp_0=1.343284; ', 'mse_1=0.001351; ', 'lpips_1=0.004357; ', 'codec_recon_1=0.291552; ', 'bpp_1=0.296121; ', 'mse_2=0.001280; ', 'lpips_2=0.003998; ', 'codec_recon_2=0.070687; ', 'bpp_2=0.277546; ']
train step[291/2000] ; used: 6m:52s; eta: 40m:17s; loss = 0.495488; ['mse_0=0.002878; ', 'lpips_0=0.006818; ', 'codec_recon_0=0.024104; ', 'bpp_0=1.365775; ', 'mse_1=0.002564; ', 'lpips_1=0.005983; ', 'codec_recon_1=0.376689; ', 'bpp_1=0.298504; ', 'mse_2=0.002112; ', 'lpips_2=0.004791; ', 'codec_recon_2=0.069548; ', 'bpp_2=0.282532; ']
train step[292/2000] ; used: 6m:54s; eta: 40m:14s; loss = 0.435859; ['mse_0=0.001490; ', 'lpips_0=0.004848; ', 'codec_recon_0=0.021909; ', 'bpp_0=1.372963; ', 'mse_1=0.001161; ', 'lpips_1=0.004296; ', 'codec_recon_1=0.327800; ', 'bpp_1=0.299244; ', 'mse_2=0.000871; ', 'lpips_2=0.003465; ', 'codec_recon_2=0.070017; ', 'bpp_2=0.281191; ']
train step[293/2000] ; used: 6m:55s; eta: 40m:11s; loss = 0.404060; ['mse_0=0.002270; ', 'lpips_0=0.004912; ', 'codec_recon_0=0.020741; ', 'bpp_0=1.402054; ', 'mse_1=0.001878; ', 'lpips_1=0.004065; ', 'codec_recon_1=0.302583; ', 'bpp_1=0.302293; ', 'mse_2=0.001627; ', 'lpips_2=0.003357; ', 'codec_recon_2=0.062625; ', 'bpp_2=0.284266; ']
train step[294/2000] ; used: 6m:56s; eta: 40m:8s; loss = 0.408289; ['mse_0=0.000981; ', 'lpips_0=0.004369; ', 'codec_recon_0=0.027060; ', 'bpp_0=1.349564; ', 'mse_1=0.000784; ', 'lpips_1=0.003664; ', 'codec_recon_1=0.288498; ', 'bpp_1=0.295249; ', 'mse_2=0.000693; ', 'lpips_2=0.003307; ', 'codec_recon_2=0.078931; ', 'bpp_2=0.275692; ']
train step[295/2000] ; used: 6m:57s; eta: 40m:5s; loss = 0.340459; ['mse_0=0.001040; ', 'lpips_0=0.003890; ', 'codec_recon_0=0.026397; ', 'bpp_0=1.327430; ', 'mse_1=0.000896; ', 'lpips_1=0.003210; ', 'codec_recon_1=0.231871; ', 'bpp_1=0.290906; ', 'mse_2=0.000834; ', 'lpips_2=0.002896; ', 'codec_recon_2=0.069423; ', 'bpp_2=0.269955; ']
train step[296/2000] ; used: 6m:58s; eta: 40m:2s; loss = 0.452045; ['mse_0=0.006670; ', 'lpips_0=0.008588; ', 'codec_recon_0=0.026220; ', 'bpp_0=1.362711; ', 'mse_1=0.006480; ', 'lpips_1=0.008047; ', 'codec_recon_1=0.304409; ', 'bpp_1=0.296224; ', 'mse_2=0.006531; ', 'lpips_2=0.007745; ', 'codec_recon_2=0.077353; ', 'bpp_2=0.279184; ']
train step[297/2000] ; used: 6m:59s; eta: 39m:59s; loss = 0.404072; ['mse_0=0.000939; ', 'lpips_0=0.004152; ', 'codec_recon_0=0.022691; ', 'bpp_0=1.354643; ', 'mse_1=0.000756; ', 'lpips_1=0.003442; ', 'codec_recon_1=0.296530; ', 'bpp_1=0.296032; ', 'mse_2=0.000598; ', 'lpips_2=0.002821; ', 'codec_recon_2=0.072140; ', 'bpp_2=0.275630; ']
train step[298/2000] ; used: 7m; eta: 39m:56s; loss = 0.424899; ['mse_0=0.000404; ', 'lpips_0=0.004251; ', 'codec_recon_0=0.023561; ', 'bpp_0=1.353585; ', 'mse_1=0.000303; ', 'lpips_1=0.003324; ', 'codec_recon_1=0.308581; ', 'bpp_1=0.293674; ', 'mse_2=0.000217; ', 'lpips_2=0.002679; ', 'codec_recon_2=0.081577; ', 'bpp_2=0.273422; ']
train step[299/2000] ; used: 7m:2s; eta: 39m:53s; loss = 0.338971; ['mse_0=0.000675; ', 'lpips_0=0.003392; ', 'codec_recon_0=0.023451; ', 'bpp_0=1.324922; ', 'mse_1=0.000508; ', 'lpips_1=0.002791; ', 'codec_recon_1=0.242777; ', 'bpp_1=0.291240; ', 'mse_2=0.000432; ', 'lpips_2=0.002489; ', 'codec_recon_2=0.062455; ', 'bpp_2=0.271203; ']
train step[300/2000] ; used: 7m:3s; eta: 39m:50s; loss = 0.386266; ['mse_0=0.001463; ', 'lpips_0=0.003712; ', 'codec_recon_0=0.022275; ', 'bpp_0=1.364780; ', 'mse_1=0.001309; ', 'lpips_1=0.003080; ', 'codec_recon_1=0.287275; ', 'bpp_1=0.295478; ', 'mse_2=0.001230; ', 'lpips_2=0.002568; ', 'codec_recon_2=0.063352; ', 'bpp_2=0.278276; ']
train step[301/2000] ; used: 7m:4s; eta: 39m:47s; loss = 0.390143; ['mse_0=0.000607; ', 'lpips_0=0.003614; ', 'codec_recon_0=0.019888; ', 'bpp_0=1.399368; ', 'mse_1=0.000458; ', 'lpips_1=0.003084; ', 'codec_recon_1=0.288839; ', 'bpp_1=0.298546; ', 'mse_2=0.000362; ', 'lpips_2=0.002668; ', 'codec_recon_2=0.070621; ', 'bpp_2=0.281208; ']
train step[302/2000] ; used: 7m:5s; eta: 39m:44s; loss = 0.371744; ['mse_0=0.001395; ', 'lpips_0=0.004974; ', 'codec_recon_0=0.029050; ', 'bpp_0=1.308319; ', 'mse_1=0.001250; ', 'lpips_1=0.004421; ', 'codec_recon_1=0.254362; ', 'bpp_1=0.290291; ', 'mse_2=0.001201; ', 'lpips_2=0.004164; ', 'codec_recon_2=0.070926; ', 'bpp_2=0.270576; ']
train step[303/2000] ; used: 7m:6s; eta: 39m:42s; loss = 0.408134; ['mse_0=0.004031; ', 'lpips_0=0.006083; ', 'codec_recon_0=0.022267; ', 'bpp_0=1.359595; ', 'mse_1=0.003734; ', 'lpips_1=0.005537; ', 'codec_recon_1=0.284512; ', 'bpp_1=0.293682; ', 'mse_2=0.003870; ', 'lpips_2=0.005267; ', 'codec_recon_2=0.072831; ', 'bpp_2=0.273488; ']
train step[304/2000] ; used: 7m:7s; eta: 39m:39s; loss = 0.393393; ['mse_0=0.001663; ', 'lpips_0=0.003833; ', 'codec_recon_0=0.021355; ', 'bpp_0=1.368405; ', 'mse_1=0.001465; ', 'lpips_1=0.003197; ', 'codec_recon_1=0.293431; ', 'bpp_1=0.295886; ', 'mse_2=0.001359; ', 'lpips_2=0.002687; ', 'codec_recon_2=0.064400; ', 'bpp_2=0.276000; ']
train step[305/2000] ; used: 7m:9s; eta: 39m:36s; loss = 0.449892; ['mse_0=0.002732; ', 'lpips_0=0.006450; ', 'codec_recon_0=0.023025; ', 'bpp_0=1.345945; ', 'mse_1=0.002371; ', 'lpips_1=0.005574; ', 'codec_recon_1=0.335779; ', 'bpp_1=0.293899; ', 'mse_2=0.002105; ', 'lpips_2=0.004884; ', 'codec_recon_2=0.066968; ', 'bpp_2=0.276724; ']
train step[306/2000] ; used: 7m:10s; eta: 39m:34s; loss = 0.403520; ['mse_0=0.002479; ', 'lpips_0=0.003935; ', 'codec_recon_0=0.034891; ', 'bpp_0=1.361151; ', 'mse_1=0.002278; ', 'lpips_1=0.003313; ', 'codec_recon_1=0.276723; ', 'bpp_1=0.294387; ', 'mse_2=0.002255; ', 'lpips_2=0.002880; ', 'codec_recon_2=0.074765; ', 'bpp_2=0.274647; ']
train step[307/2000] ; used: 7m:11s; eta: 39m:31s; loss = 0.456654; ['mse_0=0.002400; ', 'lpips_0=0.006009; ', 'codec_recon_0=0.024206; ', 'bpp_0=1.421261; ', 'mse_1=0.002035; ', 'lpips_1=0.005298; ', 'codec_recon_1=0.340796; ', 'bpp_1=0.301930; ', 'mse_2=0.001744; ', 'lpips_2=0.004363; ', 'codec_recon_2=0.069802; ', 'bpp_2=0.286401; ']
train step[308/2000] ; used: 7m:12s; eta: 39m:28s; loss = 0.395429; ['mse_0=0.001275; ', 'lpips_0=0.004562; ', 'codec_recon_0=0.021373; ', 'bpp_0=1.368961; ', 'mse_1=0.001030; ', 'lpips_1=0.003918; ', 'codec_recon_1=0.296463; ', 'bpp_1=0.297631; ', 'mse_2=0.000873; ', 'lpips_2=0.003392; ', 'codec_recon_2=0.062541; ', 'bpp_2=0.279017; ']
train step[309/2000] ; used: 7m:13s; eta: 39m:25s; loss = 0.501054; ['mse_0=0.001389; ', 'lpips_0=0.007021; ', 'codec_recon_0=0.025394; ', 'bpp_0=1.396309; ', 'mse_1=0.001123; ', 'lpips_1=0.006234; ', 'codec_recon_1=0.377060; ', 'bpp_1=0.296810; ', 'mse_2=0.000973; ', 'lpips_2=0.005441; ', 'codec_recon_2=0.076417; ', 'bpp_2=0.281247; ']
train step[310/2000] ; used: 7m:14s; eta: 39m:22s; loss = 0.352329; ['mse_0=0.000969; ', 'lpips_0=0.004109; ', 'codec_recon_0=0.028780; ', 'bpp_0=1.311430; ', 'mse_1=0.000847; ', 'lpips_1=0.003672; ', 'codec_recon_1=0.240081; ', 'bpp_1=0.290380; ', 'mse_2=0.000824; ', 'lpips_2=0.003505; ', 'codec_recon_2=0.069540; ', 'bpp_2=0.272024; ']
train step[311/2000] ; used: 7m:15s; eta: 39m:19s; loss = 0.365696; ['mse_0=0.000715; ', 'lpips_0=0.003108; ', 'codec_recon_0=0.024313; ', 'bpp_0=1.359226; ', 'mse_1=0.000578; ', 'lpips_1=0.002557; ', 'codec_recon_1=0.258291; ', 'bpp_1=0.295501; ', 'mse_2=0.000516; ', 'lpips_2=0.002330; ', 'codec_recon_2=0.073287; ', 'bpp_2=0.274904; ']
train step[312/2000] ; used: 7m:17s; eta: 39m:16s; loss = 0.538254; ['mse_0=0.006355; ', 'lpips_0=0.010490; ', 'codec_recon_0=0.024978; ', 'bpp_0=1.414546; ', 'mse_1=0.005869; ', 'lpips_1=0.009760; ', 'codec_recon_1=0.394001; ', 'bpp_1=0.301230; ', 'mse_2=0.005571; ', 'lpips_2=0.009340; ', 'codec_recon_2=0.071889; ', 'bpp_2=0.285725; ']
train step[313/2000] ; used: 7m:18s; eta: 39m:14s; loss = 0.398756; ['mse_0=0.002626; ', 'lpips_0=0.005283; ', 'codec_recon_0=0.022318; ', 'bpp_0=1.380516; ', 'mse_1=0.002537; ', 'lpips_1=0.004771; ', 'codec_recon_1=0.282104; ', 'bpp_1=0.298196; ', 'mse_2=0.002479; ', 'lpips_2=0.004500; ', 'codec_recon_2=0.072137; ', 'bpp_2=0.279500; ']
train step[314/2000] ; used: 7m:19s; eta: 39m:11s; loss = 0.461939; ['mse_0=0.000639; ', 'lpips_0=0.004459; ', 'codec_recon_0=0.022476; ', 'bpp_0=1.344102; ', 'mse_1=0.000456; ', 'lpips_1=0.003565; ', 'codec_recon_1=0.354493; ', 'bpp_1=0.291817; ', 'mse_2=0.000220; ', 'lpips_2=0.002463; ', 'codec_recon_2=0.073166; ', 'bpp_2=0.274467; ']
train step[315/2000] ; used: 7m:20s; eta: 39m:9s; loss = 0.389395; ['mse_0=0.001694; ', 'lpips_0=0.004675; ', 'codec_recon_0=0.025244; ', 'bpp_0=1.332045; ', 'mse_1=0.001556; ', 'lpips_1=0.003905; ', 'codec_recon_1=0.274508; ', 'bpp_1=0.294002; ', 'mse_2=0.001496; ', 'lpips_2=0.003546; ', 'codec_recon_2=0.072769; ', 'bpp_2=0.274747; ']
train step[316/2000] ; used: 7m:21s; eta: 39m:6s; loss = 0.391734; ['mse_0=0.000789; ', 'lpips_0=0.003296; ', 'codec_recon_0=0.019962; ', 'bpp_0=1.356539; ', 'mse_1=0.000587; ', 'lpips_1=0.002727; ', 'codec_recon_1=0.298968; ', 'bpp_1=0.296247; ', 'mse_2=0.000381; ', 'lpips_2=0.002126; ', 'codec_recon_2=0.062896; ', 'bpp_2=0.276643; ']
train step[317/2000] ; used: 7m:22s; eta: 39m:4s; loss = 0.393413; ['mse_0=0.000784; ', 'lpips_0=0.003691; ', 'codec_recon_0=0.021892; ', 'bpp_0=1.352596; ', 'mse_1=0.000588; ', 'lpips_1=0.002847; ', 'codec_recon_1=0.292453; ', 'bpp_1=0.294402; ', 'mse_2=0.000390; ', 'lpips_2=0.002075; ', 'codec_recon_2=0.068693; ', 'bpp_2=0.274382; ']
train step[318/2000] ; used: 7m:24s; eta: 39m:1s; loss = 0.381101; ['mse_0=0.001194; ', 'lpips_0=0.004714; ', 'codec_recon_0=0.023833; ', 'bpp_0=1.340780; ', 'mse_1=0.001080; ', 'lpips_1=0.004076; ', 'codec_recon_1=0.269764; ', 'bpp_1=0.294812; ', 'mse_2=0.001005; ', 'lpips_2=0.003659; ', 'codec_recon_2=0.071775; ', 'bpp_2=0.275655; ']
train step[319/2000] ; used: 7m:25s; eta: 38m:59s; loss = 0.421103; ['mse_0=0.002442; ', 'lpips_0=0.005377; ', 'codec_recon_0=0.032426; ', 'bpp_0=1.326362; ', 'mse_1=0.002208; ', 'lpips_1=0.004824; ', 'codec_recon_1=0.296098; ', 'bpp_1=0.294368; ', 'mse_2=0.001972; ', 'lpips_2=0.004171; ', 'codec_recon_2=0.071583; ', 'bpp_2=0.276177; ']
train step[320/2000] ; used: 7m:26s; eta: 38m:56s; loss = 0.453984; ['mse_0=0.001717; ', 'lpips_0=0.004276; ', 'codec_recon_0=0.032033; ', 'bpp_0=1.345747; ', 'mse_1=0.001459; ', 'lpips_1=0.003722; ', 'codec_recon_1=0.330630; ', 'bpp_1=0.297377; ', 'mse_2=0.001274; ', 'lpips_2=0.003180; ', 'codec_recon_2=0.075690; ', 'bpp_2=0.278544; ']
train step[321/2000] ; used: 7m:27s; eta: 38m:53s; loss = 0.482255; ['mse_0=0.001428; ', 'lpips_0=0.005335; ', 'codec_recon_0=0.022092; ', 'bpp_0=1.378846; ', 'mse_1=0.001094; ', 'lpips_1=0.004497; ', 'codec_recon_1=0.371928; ', 'bpp_1=0.298684; ', 'mse_2=0.000772; ', 'lpips_2=0.003308; ', 'codec_recon_2=0.071798; ', 'bpp_2=0.282660; ']
train step[322/2000] ; used: 7m:28s; eta: 38m:50s; loss = 0.420451; ['mse_0=0.000383; ', 'lpips_0=0.004018; ', 'codec_recon_0=0.021616; ', 'bpp_0=1.344568; ', 'mse_1=0.000264; ', 'lpips_1=0.003089; ', 'codec_recon_1=0.311101; ', 'bpp_1=0.291753; ', 'mse_2=0.000177; ', 'lpips_2=0.002391; ', 'codec_recon_2=0.077409; ', 'bpp_2=0.270297; ']
train step[323/2000] ; used: 7m:29s; eta: 38m:47s; loss = 0.386085; ['mse_0=0.000867; ', 'lpips_0=0.004072; ', 'codec_recon_0=0.027534; ', 'bpp_0=1.307342; ', 'mse_1=0.000743; ', 'lpips_1=0.003520; ', 'codec_recon_1=0.271500; ', 'bpp_1=0.294146; ', 'mse_2=0.000644; ', 'lpips_2=0.003227; ', 'codec_recon_2=0.073977; ', 'bpp_2=0.274182; ']
train step[324/2000] ; used: 7m:30s; eta: 38m:45s; loss = 0.485474; ['mse_0=0.001190; ', 'lpips_0=0.005565; ', 'codec_recon_0=0.025176; ', 'bpp_0=1.342077; ', 'mse_1=0.001025; ', 'lpips_1=0.004915; ', 'codec_recon_1=0.362297; ', 'bpp_1=0.294401; ', 'mse_2=0.000916; ', 'lpips_2=0.004392; ', 'codec_recon_2=0.079997; ', 'bpp_2=0.277645; ']
train step[325/2000] ; used: 7m:32s; eta: 38m:42s; loss = 0.379636; ['mse_0=0.000672; ', 'lpips_0=0.003334; ', 'codec_recon_0=0.025166; ', 'bpp_0=1.338727; ', 'mse_1=0.000517; ', 'lpips_1=0.002807; ', 'codec_recon_1=0.269654; ', 'bpp_1=0.294817; ', 'mse_2=0.000457; ', 'lpips_2=0.002475; ', 'codec_recon_2=0.074551; ', 'bpp_2=0.274760; ']
train step[326/2000] ; used: 7m:33s; eta: 38m:40s; loss = 0.443198; ['mse_0=0.003020; ', 'lpips_0=0.006089; ', 'codec_recon_0=0.026185; ', 'bpp_0=1.342262; ', 'mse_1=0.002551; ', 'lpips_1=0.005366; ', 'codec_recon_1=0.325319; ', 'bpp_1=0.296461; ', 'mse_2=0.002243; ', 'lpips_2=0.004599; ', 'codec_recon_2=0.067824; ', 'bpp_2=0.277947; ']
train step[327/2000] ; used: 7m:34s; eta: 38m:37s; loss = 0.480056; ['mse_0=0.005254; ', 'lpips_0=0.006138; ', 'codec_recon_0=0.022527; ', 'bpp_0=1.389176; ', 'mse_1=0.004883; ', 'lpips_1=0.005281; ', 'codec_recon_1=0.362056; ', 'bpp_1=0.301178; ', 'mse_2=0.004617; ', 'lpips_2=0.004330; ', 'codec_recon_2=0.064968; ', 'bpp_2=0.285736; ']
train step[328/2000] ; used: 7m:35s; eta: 38m:34s; loss = 0.340056; ['mse_0=0.000678; ', 'lpips_0=0.003645; ', 'codec_recon_0=0.023156; ', 'bpp_0=1.304045; ', 'mse_1=0.000500; ', 'lpips_1=0.002956; ', 'codec_recon_1=0.239869; ', 'bpp_1=0.292804; ', 'mse_2=0.000422; ', 'lpips_2=0.002683; ', 'codec_recon_2=0.066144; ', 'bpp_2=0.273262; ']
train step[329/2000] ; used: 7m:36s; eta: 38m:32s; loss = 0.457809; ['mse_0=0.003089; ', 'lpips_0=0.006310; ', 'codec_recon_0=0.023864; ', 'bpp_0=1.366721; ', 'mse_1=0.003010; ', 'lpips_1=0.005567; ', 'codec_recon_1=0.338528; ', 'bpp_1=0.299135; ', 'mse_2=0.002759; ', 'lpips_2=0.004810; ', 'codec_recon_2=0.069870; ', 'bpp_2=0.282160; ']
train step[330/2000] ; used: 7m:37s; eta: 38m:29s; loss = 0.415004; ['mse_0=0.004387; ', 'lpips_0=0.007155; ', 'codec_recon_0=0.024060; ', 'bpp_0=1.342265; ', 'mse_1=0.004164; ', 'lpips_1=0.006373; ', 'codec_recon_1=0.288753; ', 'bpp_1=0.297895; ', 'mse_2=0.004140; ', 'lpips_2=0.005741; ', 'codec_recon_2=0.070229; ', 'bpp_2=0.279784; ']
train step[331/2000] ; used: 7m:39s; eta: 38m:30s; loss = 0.425886; ['mse_0=0.000972; ', 'lpips_0=0.004492; ', 'codec_recon_0=0.021515; ', 'bpp_0=1.386369; ', 'mse_1=0.000739; ', 'lpips_1=0.003575; ', 'codec_recon_1=0.315486; ', 'bpp_1=0.301990; ', 'mse_2=0.000578; ', 'lpips_2=0.002755; ', 'codec_recon_2=0.075773; ', 'bpp_2=0.284900; ']
train step[332/2000] ; used: 7m:40s; eta: 38m:28s; loss = 0.364995; ['mse_0=0.000494; ', 'lpips_0=0.003326; ', 'codec_recon_0=0.025567; ', 'bpp_0=1.298905; ', 'mse_1=0.000363; ', 'lpips_1=0.002545; ', 'codec_recon_1=0.263521; ', 'bpp_1=0.291154; ', 'mse_2=0.000275; ', 'lpips_2=0.002199; ', 'codec_recon_2=0.066703; ', 'bpp_2=0.272058; ']
train step[333/2000] ; used: 7m:41s; eta: 38m:25s; loss = 0.482595; ['mse_0=0.007942; ', 'lpips_0=0.008975; ', 'codec_recon_0=0.029421; ', 'bpp_0=1.312921; ', 'mse_1=0.007723; ', 'lpips_1=0.008381; ', 'codec_recon_1=0.333485; ', 'bpp_1=0.294796; ', 'mse_2=0.007555; ', 'lpips_2=0.007950; ', 'codec_recon_2=0.071163; ', 'bpp_2=0.275894; ']
train step[334/2000] ; used: 7m:43s; eta: 38m:23s; loss = 0.486478; ['mse_0=0.001762; ', 'lpips_0=0.005590; ', 'codec_recon_0=0.023876; ', 'bpp_0=1.336314; ', 'mse_1=0.001418; ', 'lpips_1=0.004650; ', 'codec_recon_1=0.378588; ', 'bpp_1=0.297034; ', 'mse_2=0.000912; ', 'lpips_2=0.003415; ', 'codec_recon_2=0.066263; ', 'bpp_2=0.280793; ']
train step[335/2000] ; used: 7m:44s; eta: 38m:20s; loss = 0.391666; ['mse_0=0.000635; ', 'lpips_0=0.003317; ', 'codec_recon_0=0.026024; ', 'bpp_0=1.314665; ', 'mse_1=0.000485; ', 'lpips_1=0.002727; ', 'codec_recon_1=0.285937; ', 'bpp_1=0.294178; ', 'mse_2=0.000410; ', 'lpips_2=0.002373; ', 'codec_recon_2=0.069754; ', 'bpp_2=0.274438; ']
train step[336/2000] ; used: 7m:45s; eta: 38m:17s; loss = 0.404428; ['mse_0=0.000884; ', 'lpips_0=0.003768; ', 'codec_recon_0=0.024204; ', 'bpp_0=1.322036; ', 'mse_1=0.000744; ', 'lpips_1=0.003005; ', 'codec_recon_1=0.301586; ', 'bpp_1=0.296806; ', 'mse_2=0.000569; ', 'lpips_2=0.002505; ', 'codec_recon_2=0.067160; ', 'bpp_2=0.276445; ']
train step[337/2000] ; used: 7m:46s; eta: 38m:15s; loss = 0.399805; ['mse_0=0.001825; ', 'lpips_0=0.004508; ', 'codec_recon_0=0.024845; ', 'bpp_0=1.345558; ', 'mse_1=0.001531; ', 'lpips_1=0.003875; ', 'codec_recon_1=0.292793; ', 'bpp_1=0.298803; ', 'mse_2=0.001456; ', 'lpips_2=0.003496; ', 'codec_recon_2=0.065474; ', 'bpp_2=0.279795; ']
train step[338/2000] ; used: 7m:47s; eta: 38m:13s; loss = 0.403739; ['mse_0=0.008583; ', 'lpips_0=0.005518; ', 'codec_recon_0=0.023670; ', 'bpp_0=1.320972; ', 'mse_1=0.004898; ', 'lpips_1=0.004660; ', 'codec_recon_1=0.281294; ', 'bpp_1=0.296391; ', 'mse_2=0.003398; ', 'lpips_2=0.004331; ', 'codec_recon_2=0.067384; ', 'bpp_2=0.276989; ']
train step[339/2000] ; used: 7m:48s; eta: 38m:10s; loss = 0.404390; ['mse_0=0.003659; ', 'lpips_0=0.005337; ', 'codec_recon_0=0.027587; ', 'bpp_0=1.353703; ', 'mse_1=0.003404; ', 'lpips_1=0.004618; ', 'codec_recon_1=0.284900; ', 'bpp_1=0.296669; ', 'mse_2=0.003241; ', 'lpips_2=0.004160; ', 'codec_recon_2=0.067483; ', 'bpp_2=0.277555; ']
train step[340/2000] ; used: 7m:50s; eta: 38m:8s; loss = 0.453990; ['mse_0=0.002868; ', 'lpips_0=0.004798; ', 'codec_recon_0=0.025172; ', 'bpp_0=1.352962; ', 'mse_1=0.002527; ', 'lpips_1=0.004024; ', 'codec_recon_1=0.341953; ', 'bpp_1=0.299654; ', 'mse_2=0.002153; ', 'lpips_2=0.003193; ', 'codec_recon_2=0.067301; ', 'bpp_2=0.282173; ']
train step[341/2000] ; used: 7m:51s; eta: 38m:5s; loss = 0.450906; ['mse_0=0.001405; ', 'lpips_0=0.005031; ', 'codec_recon_0=0.026675; ', 'bpp_0=1.346905; ', 'mse_1=0.001171; ', 'lpips_1=0.004246; ', 'codec_recon_1=0.333096; ', 'bpp_1=0.298274; ', 'mse_2=0.000995; ', 'lpips_2=0.003576; ', 'codec_recon_2=0.074708; ', 'bpp_2=0.281482; ']
train step[342/2000] ; used: 7m:52s; eta: 38m:3s; loss = 0.429131; ['mse_0=0.003089; ', 'lpips_0=0.009646; ', 'codec_recon_0=0.034122; ', 'bpp_0=1.270422; ', 'mse_1=0.002870; ', 'lpips_1=0.008774; ', 'codec_recon_1=0.284127; ', 'bpp_1=0.292944; ', 'mse_2=0.002874; ', 'lpips_2=0.008503; ', 'codec_recon_2=0.075124; ', 'bpp_2=0.274228; ']
train step[343/2000] ; used: 7m:53s; eta: 38m:1s; loss = 0.447139; ['mse_0=0.001864; ', 'lpips_0=0.007547; ', 'codec_recon_0=0.025900; ', 'bpp_0=1.329870; ', 'mse_1=0.001577; ', 'lpips_1=0.006629; ', 'codec_recon_1=0.317976; ', 'bpp_1=0.298986; ', 'mse_2=0.001460; ', 'lpips_2=0.005744; ', 'codec_recon_2=0.078440; ', 'bpp_2=0.281691; ']
train step[344/2000] ; used: 7m:54s; eta: 37m:58s; loss = 0.360496; ['mse_0=0.000650; ', 'lpips_0=0.003540; ', 'codec_recon_0=0.026945; ', 'bpp_0=1.293545; ', 'mse_1=0.000536; ', 'lpips_1=0.003015; ', 'codec_recon_1=0.255867; ', 'bpp_1=0.292666; ', 'mse_2=0.000502; ', 'lpips_2=0.002763; ', 'codec_recon_2=0.066675; ', 'bpp_2=0.273836; ']
train step[345/2000] ; used: 7m:55s; eta: 37m:56s; loss = 0.384690; ['mse_0=0.002242; ', 'lpips_0=0.004456; ', 'codec_recon_0=0.030191; ', 'bpp_0=1.303757; ', 'mse_1=0.002035; ', 'lpips_1=0.003637; ', 'codec_recon_1=0.271756; ', 'bpp_1=0.296946; ', 'mse_2=0.002009; ', 'lpips_2=0.003280; ', 'codec_recon_2=0.065081; ', 'bpp_2=0.278376; ']
train step[346/2000] ; used: 7m:56s; eta: 37m:53s; loss = 0.381971; ['mse_0=0.000442; ', 'lpips_0=0.002639; ', 'codec_recon_0=0.025430; ', 'bpp_0=1.304519; ', 'mse_1=0.000290; ', 'lpips_1=0.001944; ', 'codec_recon_1=0.283924; ', 'bpp_1=0.294564; ', 'mse_2=0.000205; ', 'lpips_2=0.001534; ', 'codec_recon_2=0.065561; ', 'bpp_2=0.275008; ']
train step[347/2000] ; used: 7m:58s; eta: 37m:50s; loss = 0.343858; ['mse_0=0.000540; ', 'lpips_0=0.003880; ', 'codec_recon_0=0.024380; ', 'bpp_0=1.262912; ', 'mse_1=0.000412; ', 'lpips_1=0.003208; ', 'codec_recon_1=0.247973; ', 'bpp_1=0.292463; ', 'mse_2=0.000355; ', 'lpips_2=0.002947; ', 'codec_recon_2=0.060162; ', 'bpp_2=0.271845; ']
train step[348/2000] ; used: 7m:59s; eta: 37m:48s; loss = 0.410824; ['mse_0=0.003235; ', 'lpips_0=0.005944; ', 'codec_recon_0=0.027246; ', 'bpp_0=1.286859; ', 'mse_1=0.002862; ', 'lpips_1=0.005093; ', 'codec_recon_1=0.289523; ', 'bpp_1=0.294085; ', 'mse_2=0.002779; ', 'lpips_2=0.004763; ', 'codec_recon_2=0.069376; ', 'bpp_2=0.276769; ']
train step[349/2000] ; used: 8m; eta: 37m:46s; loss = 0.325920; ['mse_0=0.002232; ', 'lpips_0=0.004425; ', 'codec_recon_0=0.026943; ', 'bpp_0=1.253623; ', 'mse_1=0.001802; ', 'lpips_1=0.003706; ', 'codec_recon_1=0.220520; ', 'bpp_1=0.290411; ', 'mse_2=0.001761; ', 'lpips_2=0.003468; ', 'codec_recon_2=0.061061; ', 'bpp_2=0.269544; ']
train step[350/2000] ; used: 8m:1s; eta: 37m:43s; loss = 0.425903; ['mse_0=0.006050; ', 'lpips_0=0.006483; ', 'codec_recon_0=0.035254; ', 'bpp_0=1.295751; ', 'mse_1=0.006134; ', 'lpips_1=0.005997; ', 'codec_recon_1=0.276815; ', 'bpp_1=0.297007; ', 'mse_2=0.006240; ', 'lpips_2=0.005703; ', 'codec_recon_2=0.077226; ', 'bpp_2=0.278664; ']
train step[351/2000] ; used: 8m:2s; eta: 37m:41s; loss = 0.342494; ['mse_0=0.000700; ', 'lpips_0=0.002962; ', 'codec_recon_0=0.025980; ', 'bpp_0=1.281638; ', 'mse_1=0.000517; ', 'lpips_1=0.002300; ', 'codec_recon_1=0.246346; ', 'bpp_1=0.285948; ', 'mse_2=0.000432; ', 'lpips_2=0.002045; ', 'codec_recon_2=0.061210; ', 'bpp_2=0.269336; ']
train step[352/2000] ; used: 8m:3s; eta: 37m:39s; loss = 0.458881; ['mse_0=0.007872; ', 'lpips_0=0.008895; ', 'codec_recon_0=0.029208; ', 'bpp_0=1.306388; ', 'mse_1=0.007335; ', 'lpips_1=0.008112; ', 'codec_recon_1=0.307833; ', 'bpp_1=0.296204; ', 'mse_2=0.007107; ', 'lpips_2=0.007455; ', 'codec_recon_2=0.075061; ', 'bpp_2=0.280232; ']
train step[353/2000] ; used: 8m:5s; eta: 37m:37s; loss = 0.402213; ['mse_0=0.000953; ', 'lpips_0=0.004192; ', 'codec_recon_0=0.027148; ', 'bpp_0=1.307373; ', 'mse_1=0.000810; ', 'lpips_1=0.003523; ', 'codec_recon_1=0.290338; ', 'bpp_1=0.294729; ', 'mse_2=0.000712; ', 'lpips_2=0.003128; ', 'codec_recon_2=0.071407; ', 'bpp_2=0.275992; ']
train step[354/2000] ; used: 8m:6s; eta: 37m:34s; loss = 0.426089; ['mse_0=0.002437; ', 'lpips_0=0.005169; ', 'codec_recon_0=0.026971; ', 'bpp_0=1.293169; ', 'mse_1=0.002212; ', 'lpips_1=0.004479; ', 'codec_recon_1=0.314194; ', 'bpp_1=0.296468; ', 'mse_2=0.002033; ', 'lpips_2=0.004035; ', 'codec_recon_2=0.064557; ', 'bpp_2=0.278256; ']
train step[355/2000] ; used: 8m:7s; eta: 37m:32s; loss = 0.415403; ['mse_0=0.001959; ', 'lpips_0=0.005728; ', 'codec_recon_0=0.032520; ', 'bpp_0=1.255310; ', 'mse_1=0.001786; ', 'lpips_1=0.005277; ', 'codec_recon_1=0.275764; ', 'bpp_1=0.290826; ', 'mse_2=0.001803; ', 'lpips_2=0.004950; ', 'codec_recon_2=0.085613; ', 'bpp_2=0.272630; ']
train step[356/2000] ; used: 8m:8s; eta: 37m:29s; loss = 0.377443; ['mse_0=0.000409; ', 'lpips_0=0.003599; ', 'codec_recon_0=0.026122; ', 'bpp_0=1.252781; ', 'mse_1=0.000289; ', 'lpips_1=0.002797; ', 'codec_recon_1=0.270007; ', 'bpp_1=0.291733; ', 'mse_2=0.000218; ', 'lpips_2=0.002399; ', 'codec_recon_2=0.071603; ', 'bpp_2=0.274185; ']
train step[357/2000] ; used: 8m:9s; eta: 37m:27s; loss = 0.383197; ['mse_0=0.000772; ', 'lpips_0=0.003608; ', 'codec_recon_0=0.026954; ', 'bpp_0=1.285312; ', 'mse_1=0.000567; ', 'lpips_1=0.003028; ', 'codec_recon_1=0.280139; ', 'bpp_1=0.294817; ', 'mse_2=0.000421; ', 'lpips_2=0.002612; ', 'codec_recon_2=0.065094; ', 'bpp_2=0.275118; ']
train step[358/2000] ; used: 8m:10s; eta: 37m:24s; loss = 0.468156; ['mse_0=0.004659; ', 'lpips_0=0.007359; ', 'codec_recon_0=0.026215; ', 'bpp_0=1.334759; ', 'mse_1=0.004345; ', 'lpips_1=0.006694; ', 'codec_recon_1=0.335791; ', 'bpp_1=0.300559; ', 'mse_2=0.004161; ', 'lpips_2=0.005907; ', 'codec_recon_2=0.073023; ', 'bpp_2=0.282769; ']
train step[359/2000] ; used: 8m:11s; eta: 37m:22s; loss = 0.374464; ['mse_0=0.000953; ', 'lpips_0=0.004003; ', 'codec_recon_0=0.027317; ', 'bpp_0=1.310313; ', 'mse_1=0.000733; ', 'lpips_1=0.003350; ', 'codec_recon_1=0.273631; ', 'bpp_1=0.294559; ', 'mse_2=0.000600; ', 'lpips_2=0.002922; ', 'codec_recon_2=0.060953; ', 'bpp_2=0.275393; ']
train step[360/2000] ; used: 8m:12s; eta: 37m:19s; loss = 0.389653; ['mse_0=0.000532; ', 'lpips_0=0.003506; ', 'codec_recon_0=0.024868; ', 'bpp_0=1.261289; ', 'mse_1=0.000394; ', 'lpips_1=0.002805; ', 'codec_recon_1=0.286543; ', 'bpp_1=0.293985; ', 'mse_2=0.000279; ', 'lpips_2=0.002363; ', 'codec_recon_2=0.068362; ', 'bpp_2=0.275119; ']
train step[361/2000] ; used: 8m:14s; eta: 37m:17s; loss = 0.369851; ['mse_0=0.000608; ', 'lpips_0=0.003754; ', 'codec_recon_0=0.022233; ', 'bpp_0=1.282199; ', 'mse_1=0.000457; ', 'lpips_1=0.003096; ', 'codec_recon_1=0.273193; ', 'bpp_1=0.294601; ', 'mse_2=0.000355; ', 'lpips_2=0.002645; ', 'codec_recon_2=0.063508; ', 'bpp_2=0.276218; ']
train step[362/2000] ; used: 8m:15s; eta: 37m:15s; loss = 0.387846; ['mse_0=0.001250; ', 'lpips_0=0.003856; ', 'codec_recon_0=0.023791; ', 'bpp_0=1.303529; ', 'mse_1=0.000945; ', 'lpips_1=0.003151; ', 'codec_recon_1=0.290503; ', 'bpp_1=0.298674; ', 'mse_2=0.000704; ', 'lpips_2=0.002594; ', 'codec_recon_2=0.061050; ', 'bpp_2=0.280595; ']
train step[363/2000] ; used: 8m:16s; eta: 37m:12s; loss = 0.439573; ['mse_0=0.001171; ', 'lpips_0=0.004858; ', 'codec_recon_0=0.027112; ', 'bpp_0=1.314099; ', 'mse_1=0.000927; ', 'lpips_1=0.003956; ', 'codec_recon_1=0.321252; ', 'bpp_1=0.299046; ', 'mse_2=0.000820; ', 'lpips_2=0.003338; ', 'codec_recon_2=0.076137; ', 'bpp_2=0.281621; ']
train step[364/2000] ; used: 8m:17s; eta: 37m:10s; loss = 0.495130; ['mse_0=0.001170; ', 'lpips_0=0.005452; ', 'codec_recon_0=0.030848; ', 'bpp_0=1.346153; ', 'mse_1=0.000976; ', 'lpips_1=0.004485; ', 'codec_recon_1=0.365212; ', 'bpp_1=0.299049; ', 'mse_2=0.000770; ', 'lpips_2=0.003562; ', 'codec_recon_2=0.082654; ', 'bpp_2=0.283185; ']
train step[365/2000] ; used: 8m:18s; eta: 37m:8s; loss = 0.392451; ['mse_0=0.001454; ', 'lpips_0=0.004572; ', 'codec_recon_0=0.029950; ', 'bpp_0=1.284212; ', 'mse_1=0.001320; ', 'lpips_1=0.003855; ', 'codec_recon_1=0.271811; ', 'bpp_1=0.295691; ', 'mse_2=0.001300; ', 'lpips_2=0.003613; ', 'codec_recon_2=0.074574; ', 'bpp_2=0.277851; ']
train step[366/2000] ; used: 8m:20s; eta: 37m:6s; loss = 0.445378; ['mse_0=0.001854; ', 'lpips_0=0.005559; ', 'codec_recon_0=0.022236; ', 'bpp_0=1.324625; ', 'mse_1=0.001582; ', 'lpips_1=0.004801; ', 'codec_recon_1=0.334749; ', 'bpp_1=0.300199; ', 'mse_2=0.001258; ', 'lpips_2=0.003710; ', 'codec_recon_2=0.069626; ', 'bpp_2=0.283251; ']
train step[367/2000] ; used: 8m:21s; eta: 37m:4s; loss = 0.394469; ['mse_0=0.000922; ', 'lpips_0=0.003925; ', 'codec_recon_0=0.027419; ', 'bpp_0=1.293202; ', 'mse_1=0.000788; ', 'lpips_1=0.003262; ', 'codec_recon_1=0.281213; ', 'bpp_1=0.296633; ', 'mse_2=0.000768; ', 'lpips_2=0.003020; ', 'codec_recon_2=0.073149; ', 'bpp_2=0.278923; ']
train step[368/2000] ; used: 8m:22s; eta: 37m:2s; loss = 0.396809; ['mse_0=0.001942; ', 'lpips_0=0.005133; ', 'codec_recon_0=0.026583; ', 'bpp_0=1.310675; ', 'mse_1=0.001618; ', 'lpips_1=0.004369; ', 'codec_recon_1=0.284224; ', 'bpp_1=0.297443; ', 'mse_2=0.001524; ', 'lpips_2=0.003879; ', 'codec_recon_2=0.067534; ', 'bpp_2=0.279034; ']
train step[369/2000] ; used: 8m:23s; eta: 36m:59s; loss = 0.368719; ['mse_0=0.000858; ', 'lpips_0=0.003098; ', 'codec_recon_0=0.023363; ', 'bpp_0=1.285277; ', 'mse_1=0.000628; ', 'lpips_1=0.002489; ', 'codec_recon_1=0.272084; ', 'bpp_1=0.296097; ', 'mse_2=0.000523; ', 'lpips_2=0.002063; ', 'codec_recon_2=0.063611; ', 'bpp_2=0.274885; ']
train step[370/2000] ; used: 8m:24s; eta: 36m:57s; loss = 0.358418; ['mse_0=0.000810; ', 'lpips_0=0.003225; ', 'codec_recon_0=0.021072; ', 'bpp_0=1.269693; ', 'mse_1=0.000611; ', 'lpips_1=0.002691; ', 'codec_recon_1=0.267902; ', 'bpp_1=0.295564; ', 'mse_2=0.000511; ', 'lpips_2=0.002381; ', 'codec_recon_2=0.059212; ', 'bpp_2=0.275841; ']
train step[371/2000] ; used: 8m:25s; eta: 36m:55s; loss = 0.454217; ['mse_0=0.002791; ', 'lpips_0=0.005992; ', 'codec_recon_0=0.039790; ', 'bpp_0=1.285335; ', 'mse_1=0.002578; ', 'lpips_1=0.005483; ', 'codec_recon_1=0.303940; ', 'bpp_1=0.293800; ', 'mse_2=0.002576; ', 'lpips_2=0.005014; ', 'codec_recon_2=0.086051; ', 'bpp_2=0.275391; ']
train step[372/2000] ; used: 8m:27s; eta: 36m:53s; loss = 0.357695; ['mse_0=0.001136; ', 'lpips_0=0.003027; ', 'codec_recon_0=0.023701; ', 'bpp_0=1.289500; ', 'mse_1=0.001042; ', 'lpips_1=0.002392; ', 'codec_recon_1=0.255196; ', 'bpp_1=0.294668; ', 'mse_2=0.000969; ', 'lpips_2=0.002119; ', 'codec_recon_2=0.068111; ', 'bpp_2=0.275172; ']
train step[373/2000] ; used: 8m:28s; eta: 36m:50s; loss = 0.378013; ['mse_0=0.000893; ', 'lpips_0=0.003851; ', 'codec_recon_0=0.029656; ', 'bpp_0=1.264992; ', 'mse_1=0.000747; ', 'lpips_1=0.003275; ', 'codec_recon_1=0.265110; ', 'bpp_1=0.292947; ', 'mse_2=0.000636; ', 'lpips_2=0.002937; ', 'codec_recon_2=0.070905; ', 'bpp_2=0.272885; ']
train step[374/2000] ; used: 8m:29s; eta: 36m:48s; loss = 0.490670; ['mse_0=0.002234; ', 'lpips_0=0.005021; ', 'codec_recon_0=0.026205; ', 'bpp_0=1.290755; ', 'mse_1=0.001804; ', 'lpips_1=0.004170; ', 'codec_recon_1=0.376378; ', 'bpp_1=0.295624; ', 'mse_2=0.001212; ', 'lpips_2=0.003013; ', 'codec_recon_2=0.070630; ', 'bpp_2=0.279350; ']
train step[375/2000] ; used: 8m:30s; eta: 36m:45s; loss = 0.426944; ['mse_0=0.000935; ', 'lpips_0=0.004583; ', 'codec_recon_0=0.027158; ', 'bpp_0=1.312001; ', 'mse_1=0.000736; ', 'lpips_1=0.003516; ', 'codec_recon_1=0.309574; ', 'bpp_1=0.297079; ', 'mse_2=0.000646; ', 'lpips_2=0.003032; ', 'codec_recon_2=0.076761; ', 'bpp_2=0.280910; ']
train step[376/2000] ; used: 8m:31s; eta: 36m:43s; loss = 0.367868; ['mse_0=0.001044; ', 'lpips_0=0.003570; ', 'codec_recon_0=0.032519; ', 'bpp_0=1.250169; ', 'mse_1=0.000895; ', 'lpips_1=0.003084; ', 'codec_recon_1=0.239801; ', 'bpp_1=0.291231; ', 'mse_2=0.000903; ', 'lpips_2=0.002900; ', 'codec_recon_2=0.083150; ', 'bpp_2=0.269471; ']
train step[377/2000] ; used: 8m:32s; eta: 36m:41s; loss = 0.447990; ['mse_0=0.001219; ', 'lpips_0=0.004175; ', 'codec_recon_0=0.030433; ', 'bpp_0=1.300028; ', 'mse_1=0.001027; ', 'lpips_1=0.003491; ', 'codec_recon_1=0.326709; ', 'bpp_1=0.296935; ', 'mse_2=0.000910; ', 'lpips_2=0.002819; ', 'codec_recon_2=0.077205; ', 'bpp_2=0.279943; ']
train step[378/2000] ; used: 8m:33s; eta: 36m:38s; loss = 0.406213; ['mse_0=0.001957; ', 'lpips_0=0.004949; ', 'codec_recon_0=0.025879; ', 'bpp_0=1.277671; ', 'mse_1=0.001865; ', 'lpips_1=0.004367; ', 'codec_recon_1=0.290259; ', 'bpp_1=0.295269; ', 'mse_2=0.001911; ', 'lpips_2=0.004027; ', 'codec_recon_2=0.070997; ', 'bpp_2=0.275699; ']
train step[379/2000] ; used: 8m:34s; eta: 36m:36s; loss = 0.498166; ['mse_0=0.001796; ', 'lpips_0=0.005300; ', 'codec_recon_0=0.024679; ', 'bpp_0=1.341381; ', 'mse_1=0.001477; ', 'lpips_1=0.004381; ', 'codec_recon_1=0.386878; ', 'bpp_1=0.303788; ', 'mse_2=0.001109; ', 'lpips_2=0.003157; ', 'codec_recon_2=0.069386; ', 'bpp_2=0.290369; ']
train step[380/2000] ; used: 8m:36s; eta: 36m:34s; loss = 0.390203; ['mse_0=0.000588; ', 'lpips_0=0.003165; ', 'codec_recon_0=0.023170; ', 'bpp_0=1.299868; ', 'mse_1=0.000411; ', 'lpips_1=0.002395; ', 'codec_recon_1=0.291771; ', 'bpp_1=0.296412; ', 'mse_2=0.000289; ', 'lpips_2=0.001894; ', 'codec_recon_2=0.066519; ', 'bpp_2=0.277635; ']
train step[381/2000] ; used: 8m:37s; eta: 36m:32s; loss = 0.410977; ['mse_0=0.000997; ', 'lpips_0=0.003737; ', 'codec_recon_0=0.023803; ', 'bpp_0=1.310622; ', 'mse_1=0.000742; ', 'lpips_1=0.002915; ', 'codec_recon_1=0.307507; ', 'bpp_1=0.300710; ', 'mse_2=0.000508; ', 'lpips_2=0.002152; ', 'codec_recon_2=0.068615; ', 'bpp_2=0.281828; ']
train step[382/2000] ; used: 8m:38s; eta: 36m:29s; loss = 0.441012; ['mse_0=0.001314; ', 'lpips_0=0.005654; ', 'codec_recon_0=0.027677; ', 'bpp_0=1.285453; ', 'mse_1=0.001164; ', 'lpips_1=0.004872; ', 'codec_recon_1=0.322054; ', 'bpp_1=0.296551; ', 'mse_2=0.001086; ', 'lpips_2=0.004319; ', 'codec_recon_2=0.072870; ', 'bpp_2=0.279703; ']
train step[383/2000] ; used: 8m:39s; eta: 36m:27s; loss = 0.404142; ['mse_0=0.001690; ', 'lpips_0=0.003713; ', 'codec_recon_0=0.024244; ', 'bpp_0=1.322911; ', 'mse_1=0.001295; ', 'lpips_1=0.002890; ', 'codec_recon_1=0.302244; ', 'bpp_1=0.298299; ', 'mse_2=0.001133; ', 'lpips_2=0.002394; ', 'codec_recon_2=0.064537; ', 'bpp_2=0.281242; ']
train step[384/2000] ; used: 8m:40s; eta: 36m:25s; loss = 0.436674; ['mse_0=0.001696; ', 'lpips_0=0.004678; ', 'codec_recon_0=0.027895; ', 'bpp_0=1.251583; ', 'mse_1=0.001406; ', 'lpips_1=0.003962; ', 'codec_recon_1=0.324056; ', 'bpp_1=0.293398; ', 'mse_2=0.001226; ', 'lpips_2=0.003486; ', 'codec_recon_2=0.068269; ', 'bpp_2=0.274527; ']
train step[385/2000] ; used: 8m:42s; eta: 36m:24s; loss = 0.370663; ['mse_0=0.001955; ', 'lpips_0=0.003772; ', 'codec_recon_0=0.024706; ', 'bpp_0=1.235533; ', 'mse_1=0.001779; ', 'lpips_1=0.003115; ', 'codec_recon_1=0.273334; ', 'bpp_1=0.292029; ', 'mse_2=0.001725; ', 'lpips_2=0.002785; ', 'codec_recon_2=0.057491; ', 'bpp_2=0.272133; ']
train step[386/2000] ; used: 8m:43s; eta: 36m:22s; loss = 0.409143; ['mse_0=0.000881; ', 'lpips_0=0.005335; ', 'codec_recon_0=0.026134; ', 'bpp_0=1.307130; ', 'mse_1=0.000719; ', 'lpips_1=0.004774; ', 'codec_recon_1=0.288247; ', 'bpp_1=0.297033; ', 'mse_2=0.000684; ', 'lpips_2=0.004310; ', 'codec_recon_2=0.078058; ', 'bpp_2=0.278672; ']
train step[387/2000] ; used: 8m:44s; eta: 36m:20s; loss = 0.509520; ['mse_0=0.001371; ', 'lpips_0=0.005024; ', 'codec_recon_0=0.024299; ', 'bpp_0=1.335809; ', 'mse_1=0.001072; ', 'lpips_1=0.003817; ', 'codec_recon_1=0.398590; ', 'bpp_1=0.301052; ', 'mse_2=0.000643; ', 'lpips_2=0.002246; ', 'codec_recon_2=0.072454; ', 'bpp_2=0.285012; ']
train step[388/2000] ; used: 8m:45s; eta: 36m:18s; loss = 0.429768; ['mse_0=0.000642; ', 'lpips_0=0.004031; ', 'codec_recon_0=0.024204; ', 'bpp_0=1.254646; ', 'mse_1=0.000470; ', 'lpips_1=0.003098; ', 'codec_recon_1=0.326452; ', 'bpp_1=0.293601; ', 'mse_2=0.000315; ', 'lpips_2=0.002428; ', 'codec_recon_2=0.068126; ', 'bpp_2=0.275473; ']
train step[389/2000] ; used: 8m:46s; eta: 36m:15s; loss = 0.380683; ['mse_0=0.001457; ', 'lpips_0=0.004299; ', 'codec_recon_0=0.023027; ', 'bpp_0=1.307709; ', 'mse_1=0.001114; ', 'lpips_1=0.003686; ', 'codec_recon_1=0.280392; ', 'bpp_1=0.299718; ', 'mse_2=0.000911; ', 'lpips_2=0.003325; ', 'codec_recon_2=0.062471; ', 'bpp_2=0.281919; ']
train step[390/2000] ; used: 8m:47s; eta: 36m:13s; loss = 0.428592; ['mse_0=0.001886; ', 'lpips_0=0.006823; ', 'codec_recon_0=0.027786; ', 'bpp_0=1.274427; ', 'mse_1=0.001606; ', 'lpips_1=0.006027; ', 'codec_recon_1=0.310382; ', 'bpp_1=0.295312; ', 'mse_2=0.001495; ', 'lpips_2=0.005478; ', 'codec_recon_2=0.067108; ', 'bpp_2=0.277652; ']
train step[391/2000] ; used: 8m:48s; eta: 36m:11s; loss = 0.377530; ['mse_0=0.002002; ', 'lpips_0=0.004914; ', 'codec_recon_0=0.027247; ', 'bpp_0=1.272855; ', 'mse_1=0.001727; ', 'lpips_1=0.004197; ', 'codec_recon_1=0.272114; ', 'bpp_1=0.297351; ', 'mse_2=0.001552; ', 'lpips_2=0.003807; ', 'codec_recon_2=0.059967; ', 'bpp_2=0.278824; ']
train step[392/2000] ; used: 8m:50s; eta: 36m:9s; loss = 0.510488; ['mse_0=0.001487; ', 'lpips_0=0.005395; ', 'codec_recon_0=0.027594; ', 'bpp_0=1.348110; ', 'mse_1=0.001060; ', 'lpips_1=0.004143; ', 'codec_recon_1=0.398602; ', 'bpp_1=0.295689; ', 'mse_2=0.000539; ', 'lpips_2=0.002629; ', 'codec_recon_2=0.069039; ', 'bpp_2=0.281151; ']
train step[393/2000] ; used: 8m:51s; eta: 36m:6s; loss = 0.522306; ['mse_0=0.002615; ', 'lpips_0=0.007803; ', 'codec_recon_0=0.028002; ', 'bpp_0=1.349721; ', 'mse_1=0.002270; ', 'lpips_1=0.006713; ', 'codec_recon_1=0.393603; ', 'bpp_1=0.303213; ', 'mse_2=0.002067; ', 'lpips_2=0.005858; ', 'codec_recon_2=0.073373; ', 'bpp_2=0.288841; ']
train step[394/2000] ; used: 8m:52s; eta: 36m:4s; loss = 0.463785; ['mse_0=0.004638; ', 'lpips_0=0.005675; ', 'codec_recon_0=0.031205; ', 'bpp_0=1.314498; ', 'mse_1=0.004525; ', 'lpips_1=0.005005; ', 'codec_recon_1=0.320015; ', 'bpp_1=0.298810; ', 'mse_2=0.004390; ', 'lpips_2=0.004533; ', 'codec_recon_2=0.083796; ', 'bpp_2=0.282751; ']
train step[395/2000] ; used: 8m:53s; eta: 36m:2s; loss = 0.386543; ['mse_0=0.001764; ', 'lpips_0=0.003775; ', 'codec_recon_0=0.025629; ', 'bpp_0=1.306524; ', 'mse_1=0.001689; ', 'lpips_1=0.003165; ', 'codec_recon_1=0.278775; ', 'bpp_1=0.298466; ', 'mse_2=0.001658; ', 'lpips_2=0.002859; ', 'codec_recon_2=0.067226; ', 'bpp_2=0.281155; ']
train step[396/2000] ; used: 8m:54s; eta: 36m:1s; loss = 0.400319; ['mse_0=0.001310; ', 'lpips_0=0.004339; ', 'codec_recon_0=0.027243; ', 'bpp_0=1.286734; ', 'mse_1=0.001116; ', 'lpips_1=0.003620; ', 'codec_recon_1=0.281684; ', 'bpp_1=0.297043; ', 'mse_2=0.001041; ', 'lpips_2=0.003169; ', 'codec_recon_2=0.076795; ', 'bpp_2=0.279027; ']
train step[397/2000] ; used: 8m:56s; eta: 35m:59s; loss = 0.386383; ['mse_0=0.000837; ', 'lpips_0=0.003548; ', 'codec_recon_0=0.025138; ', 'bpp_0=1.268731; ', 'mse_1=0.000597; ', 'lpips_1=0.002781; ', 'codec_recon_1=0.284612; ', 'bpp_1=0.294457; ', 'mse_2=0.000478; ', 'lpips_2=0.002279; ', 'codec_recon_2=0.066112; ', 'bpp_2=0.275234; ']
train step[398/2000] ; used: 8m:57s; eta: 35m:57s; loss = 0.384956; ['mse_0=0.000577; ', 'lpips_0=0.004408; ', 'codec_recon_0=0.025066; ', 'bpp_0=1.243904; ', 'mse_1=0.000442; ', 'lpips_1=0.003729; ', 'codec_recon_1=0.278231; ', 'bpp_1=0.291943; ', 'mse_2=0.000364; ', 'lpips_2=0.003101; ', 'codec_recon_2=0.069037; ', 'bpp_2=0.273980; ']
train step[399/2000] ; used: 8m:58s; eta: 35m:56s; loss = 0.390407; ['mse_0=0.002735; ', 'lpips_0=0.004578; ', 'codec_recon_0=0.024196; ', 'bpp_0=1.292532; ', 'mse_1=0.002450; ', 'lpips_1=0.003926; ', 'codec_recon_1=0.287594; ', 'bpp_1=0.297944; ', 'mse_2=0.002337; ', 'lpips_2=0.003421; ', 'codec_recon_2=0.059167; ', 'bpp_2=0.280859; ']
train step[400/2000] ; used: 8m:59s; eta: 35m:54s; loss = 0.358224; ['mse_0=0.000689; ', 'lpips_0=0.004636; ', 'codec_recon_0=0.027070; ', 'bpp_0=1.246985; ', 'mse_1=0.000641; ', 'lpips_1=0.004083; ', 'codec_recon_1=0.248725; ', 'bpp_1=0.287421; ', 'mse_2=0.000579; ', 'lpips_2=0.003800; ', 'codec_recon_2=0.067999; ', 'bpp_2=0.270261; ']
train step[401/2000] ; used: 9m:1s; eta: 35m:52s; loss = 0.357530; ['mse_0=0.001062; ', 'lpips_0=0.004128; ', 'codec_recon_0=0.024339; ', 'bpp_0=1.262960; ', 'mse_1=0.000960; ', 'lpips_1=0.003473; ', 'codec_recon_1=0.253113; ', 'bpp_1=0.293221; ', 'mse_2=0.000915; ', 'lpips_2=0.003107; ', 'codec_recon_2=0.066431; ', 'bpp_2=0.274075; ']
train step[402/2000] ; used: 9m:2s; eta: 35m:50s; loss = 0.469887; ['mse_0=0.001129; ', 'lpips_0=0.005672; ', 'codec_recon_0=0.029011; ', 'bpp_0=1.281529; ', 'mse_1=0.000973; ', 'lpips_1=0.004910; ', 'codec_recon_1=0.337288; ', 'bpp_1=0.292726; ', 'mse_2=0.000821; ', 'lpips_2=0.004217; ', 'codec_recon_2=0.085863; ', 'bpp_2=0.274566; ']
train step[403/2000] ; used: 9m:3s; eta: 35m:48s; loss = 0.396792; ['mse_0=0.001382; ', 'lpips_0=0.004062; ', 'codec_recon_0=0.032212; ', 'bpp_0=1.297086; ', 'mse_1=0.001210; ', 'lpips_1=0.003385; ', 'codec_recon_1=0.268840; ', 'bpp_1=0.295780; ', 'mse_2=0.001134; ', 'lpips_2=0.002907; ', 'codec_recon_2=0.081658; ', 'bpp_2=0.276210; ']
train step[404/2000] ; used: 9m:4s; eta: 35m:45s; loss = 0.395615; ['mse_0=0.001160; ', 'lpips_0=0.005242; ', 'codec_recon_0=0.026417; ', 'bpp_0=1.290089; ', 'mse_1=0.000958; ', 'lpips_1=0.004592; ', 'codec_recon_1=0.282753; ', 'bpp_1=0.295334; ', 'mse_2=0.000835; ', 'lpips_2=0.004026; ', 'codec_recon_2=0.069629; ', 'bpp_2=0.276774; ']
train step[405/2000] ; used: 9m:5s; eta: 35m:43s; loss = 0.387861; ['mse_0=0.001812; ', 'lpips_0=0.005870; ', 'codec_recon_0=0.032117; ', 'bpp_0=1.314403; ', 'mse_1=0.001619; ', 'lpips_1=0.005300; ', 'codec_recon_1=0.254078; ', 'bpp_1=0.292197; ', 'mse_2=0.001552; ', 'lpips_2=0.004873; ', 'codec_recon_2=0.080638; ', 'bpp_2=0.275525; ']
train step[406/2000] ; used: 9m:6s; eta: 35m:41s; loss = 0.433018; ['mse_0=0.001377; ', 'lpips_0=0.004629; ', 'codec_recon_0=0.024911; ', 'bpp_0=1.303739; ', 'mse_1=0.001111; ', 'lpips_1=0.003905; ', 'codec_recon_1=0.324506; ', 'bpp_1=0.298944; ', 'mse_2=0.000791; ', 'lpips_2=0.003044; ', 'codec_recon_2=0.068742; ', 'bpp_2=0.281133; ']
train step[407/2000] ; used: 9m:7s; eta: 35m:39s; loss = 0.386052; ['mse_0=0.001521; ', 'lpips_0=0.005365; ', 'codec_recon_0=0.030499; ', 'bpp_0=1.290353; ', 'mse_1=0.001514; ', 'lpips_1=0.004735; ', 'codec_recon_1=0.263913; ', 'bpp_1=0.290684; ', 'mse_2=0.001500; ', 'lpips_2=0.004583; ', 'codec_recon_2=0.072419; ', 'bpp_2=0.270678; ']
train step[408/2000] ; used: 9m:9s; eta: 35m:37s; loss = 0.409436; ['mse_0=0.001290; ', 'lpips_0=0.004517; ', 'codec_recon_0=0.028710; ', 'bpp_0=1.280804; ', 'mse_1=0.001123; ', 'lpips_1=0.003849; ', 'codec_recon_1=0.295822; ', 'bpp_1=0.294898; ', 'mse_2=0.001009; ', 'lpips_2=0.003398; ', 'codec_recon_2=0.069717; ', 'bpp_2=0.275517; ']
train step[409/2000] ; used: 9m:10s; eta: 35m:34s; loss = 0.408726; ['mse_0=0.001601; ', 'lpips_0=0.004082; ', 'codec_recon_0=0.036375; ', 'bpp_0=1.277481; ', 'mse_1=0.001445; ', 'lpips_1=0.003450; ', 'codec_recon_1=0.274972; ', 'bpp_1=0.294472; ', 'mse_2=0.001438; ', 'lpips_2=0.003178; ', 'codec_recon_2=0.082182; ', 'bpp_2=0.276131; ']
train step[410/2000] ; used: 9m:11s; eta: 35m:33s; loss = 0.451787; ['mse_0=0.002844; ', 'lpips_0=0.006503; ', 'codec_recon_0=0.026683; ', 'bpp_0=1.331599; ', 'mse_1=0.002601; ', 'lpips_1=0.005860; ', 'codec_recon_1=0.326658; ', 'bpp_1=0.297736; ', 'mse_2=0.002440; ', 'lpips_2=0.005324; ', 'codec_recon_2=0.072871; ', 'bpp_2=0.280844; ']
Skipped bad example 3a596a6b42ce7b8f. Context shape was torch.Size([2, 3, 338, 640]) and target shape was torch.Size([4, 3, 338, 640]).
train step[411/2000] ; used: 9m:12s; eta: 35m:31s; loss = 0.402047; ['mse_0=0.001676; ', 'lpips_0=0.004387; ', 'codec_recon_0=0.026136; ', 'bpp_0=1.307220; ', 'mse_1=0.001505; ', 'lpips_1=0.003787; ', 'codec_recon_1=0.291450; ', 'bpp_1=0.297944; ', 'mse_2=0.001495; ', 'lpips_2=0.003512; ', 'codec_recon_2=0.068098; ', 'bpp_2=0.281185; ']
train step[412/2000] ; used: 9m:13s; eta: 35m:29s; loss = 0.426401; ['mse_0=0.002380; ', 'lpips_0=0.005813; ', 'codec_recon_0=0.035461; ', 'bpp_0=1.278754; ', 'mse_1=0.002159; ', 'lpips_1=0.005237; ', 'codec_recon_1=0.275751; ', 'bpp_1=0.293691; ', 'mse_2=0.002123; ', 'lpips_2=0.005067; ', 'codec_recon_2=0.092409; ', 'bpp_2=0.276328; ']
train step[413/2000] ; used: 9m:15s; eta: 35m:27s; loss = 0.402758; ['mse_0=0.001477; ', 'lpips_0=0.005274; ', 'codec_recon_0=0.031418; ', 'bpp_0=1.277482; ', 'mse_1=0.001385; ', 'lpips_1=0.004659; ', 'codec_recon_1=0.275212; ', 'bpp_1=0.295093; ', 'mse_2=0.001348; ', 'lpips_2=0.004236; ', 'codec_recon_2=0.077748; ', 'bpp_2=0.276868; ']
train step[414/2000] ; used: 9m:16s; eta: 35m:25s; loss = 0.372194; ['mse_0=0.002596; ', 'lpips_0=0.004447; ', 'codec_recon_0=0.026089; ', 'bpp_0=1.265535; ', 'mse_1=0.002614; ', 'lpips_1=0.004024; ', 'codec_recon_1=0.259646; ', 'bpp_1=0.293682; ', 'mse_2=0.002584; ', 'lpips_2=0.003787; ', 'codec_recon_2=0.066404; ', 'bpp_2=0.275352; ']
train step[415/2000] ; used: 9m:17s; eta: 35m:23s; loss = 0.436063; ['mse_0=0.002033; ', 'lpips_0=0.005372; ', 'codec_recon_0=0.034268; ', 'bpp_0=1.319999; ', 'mse_1=0.001740; ', 'lpips_1=0.004806; ', 'codec_recon_1=0.306418; ', 'bpp_1=0.298424; ', 'mse_2=0.001665; ', 'lpips_2=0.004517; ', 'codec_recon_2=0.075243; ', 'bpp_2=0.281165; ']
train step[416/2000] ; used: 9m:18s; eta: 35m:21s; loss = 0.475786; ['mse_0=0.002009; ', 'lpips_0=0.005303; ', 'codec_recon_0=0.026262; ', 'bpp_0=1.342553; ', 'mse_1=0.001713; ', 'lpips_1=0.004485; ', 'codec_recon_1=0.360489; ', 'bpp_1=0.300788; ', 'mse_2=0.001501; ', 'lpips_2=0.003395; ', 'codec_recon_2=0.070627; ', 'bpp_2=0.283872; ']
train step[417/2000] ; used: 9m:19s; eta: 35m:19s; loss = 0.387984; ['mse_0=0.001122; ', 'lpips_0=0.004609; ', 'codec_recon_0=0.023134; ', 'bpp_0=1.281178; ', 'mse_1=0.000890; ', 'lpips_1=0.003872; ', 'codec_recon_1=0.286403; ', 'bpp_1=0.297247; ', 'mse_2=0.000791; ', 'lpips_2=0.003281; ', 'codec_recon_2=0.063880; ', 'bpp_2=0.278143; ']
train step[418/2000] ; used: 9m:20s; eta: 35m:17s; loss = 0.470932; ['mse_0=0.003344; ', 'lpips_0=0.007698; ', 'codec_recon_0=0.029139; ', 'bpp_0=1.322580; ', 'mse_1=0.003085; ', 'lpips_1=0.007233; ', 'codec_recon_1=0.341270; ', 'bpp_1=0.295572; ', 'mse_2=0.003042; ', 'lpips_2=0.006989; ', 'codec_recon_2=0.069129; ', 'bpp_2=0.280005; ']
train step[419/2000] ; used: 9m:21s; eta: 35m:15s; loss = 0.389313; ['mse_0=0.002097; ', 'lpips_0=0.005264; ', 'codec_recon_0=0.028761; ', 'bpp_0=1.271852; ', 'mse_1=0.001817; ', 'lpips_1=0.004619; ', 'codec_recon_1=0.276969; ', 'bpp_1=0.294508; ', 'mse_2=0.001743; ', 'lpips_2=0.004216; ', 'codec_recon_2=0.063825; ', 'bpp_2=0.275166; ']
train step[420/2000] ; used: 9m:23s; eta: 35m:13s; loss = 0.452004; ['mse_0=0.001568; ', 'lpips_0=0.004978; ', 'codec_recon_0=0.026051; ', 'bpp_0=1.319505; ', 'mse_1=0.001337; ', 'lpips_1=0.003959; ', 'codec_recon_1=0.335954; ', 'bpp_1=0.297531; ', 'mse_2=0.001231; ', 'lpips_2=0.003092; ', 'codec_recon_2=0.073832; ', 'bpp_2=0.282324; ']
train step[421/2000] ; used: 9m:24s; eta: 35m:11s; loss = 0.456297; ['mse_0=0.000951; ', 'lpips_0=0.003671; ', 'codec_recon_0=0.027097; ', 'bpp_0=1.315780; ', 'mse_1=0.000670; ', 'lpips_1=0.002585; ', 'codec_recon_1=0.351038; ', 'bpp_1=0.297530; ', 'mse_2=0.000401; ', 'lpips_2=0.001763; ', 'codec_recon_2=0.068120; ', 'bpp_2=0.279973; ']
train step[422/2000] ; used: 9m:25s; eta: 35m:8s; loss = 0.390291; ['mse_0=0.002940; ', 'lpips_0=0.007745; ', 'codec_recon_0=0.030888; ', 'bpp_0=1.284836; ', 'mse_1=0.002734; ', 'lpips_1=0.007063; ', 'codec_recon_1=0.252387; ', 'bpp_1=0.291359; ', 'mse_2=0.002750; ', 'lpips_2=0.006893; ', 'codec_recon_2=0.076889; ', 'bpp_2=0.273919; ']
train step[423/2000] ; used: 9m:26s; eta: 35m:6s; loss = 0.390746; ['mse_0=0.000683; ', 'lpips_0=0.004017; ', 'codec_recon_0=0.023743; ', 'bpp_0=1.259120; ', 'mse_1=0.000527; ', 'lpips_1=0.003455; ', 'codec_recon_1=0.286366; ', 'bpp_1=0.294062; ', 'mse_2=0.000415; ', 'lpips_2=0.003007; ', 'codec_recon_2=0.068531; ', 'bpp_2=0.273577; ']
train step[424/2000] ; used: 9m:27s; eta: 35m:4s; loss = 0.400885; ['mse_0=0.000889; ', 'lpips_0=0.004060; ', 'codec_recon_0=0.025766; ', 'bpp_0=1.283979; ', 'mse_1=0.000726; ', 'lpips_1=0.003414; ', 'codec_recon_1=0.297219; ', 'bpp_1=0.296825; ', 'mse_2=0.000605; ', 'lpips_2=0.003072; ', 'codec_recon_2=0.065132; ', 'bpp_2=0.278706; ']
train step[425/2000] ; used: 9m:28s; eta: 35m:2s; loss = 0.395254; ['mse_0=0.000655; ', 'lpips_0=0.004352; ', 'codec_recon_0=0.025491; ', 'bpp_0=1.288624; ', 'mse_1=0.000482; ', 'lpips_1=0.003676; ', 'codec_recon_1=0.289591; ', 'bpp_1=0.296622; ', 'mse_2=0.000358; ', 'lpips_2=0.003166; ', 'codec_recon_2=0.067481; ', 'bpp_2=0.277353; ']
train step[426/2000] ; used: 9m:29s; eta: 35m; loss = 0.425118; ['mse_0=0.002664; ', 'lpips_0=0.005333; ', 'codec_recon_0=0.025761; ', 'bpp_0=1.324207; ', 'mse_1=0.002290; ', 'lpips_1=0.004659; ', 'codec_recon_1=0.312661; ', 'bpp_1=0.299577; ', 'mse_2=0.002150; ', 'lpips_2=0.004250; ', 'codec_recon_2=0.065349; ', 'bpp_2=0.282512; ']
train step[427/2000] ; used: 9m:31s; eta: 34m:58s; loss = 0.340018; ['mse_0=0.000658; ', 'lpips_0=0.004000; ', 'codec_recon_0=0.027768; ', 'bpp_0=1.252659; ', 'mse_1=0.000520; ', 'lpips_1=0.002856; ', 'codec_recon_1=0.239675; ', 'bpp_1=0.292617; ', 'mse_2=0.000476; ', 'lpips_2=0.002482; ', 'codec_recon_2=0.061582; ', 'bpp_2=0.273042; ']
train step[428/2000] ; used: 9m:32s; eta: 34m:56s; loss = 0.398636; ['mse_0=0.004588; ', 'lpips_0=0.005177; ', 'codec_recon_0=0.026161; ', 'bpp_0=1.307676; ', 'mse_1=0.004124; ', 'lpips_1=0.004432; ', 'codec_recon_1=0.284724; ', 'bpp_1=0.298977; ', 'mse_2=0.004149; ', 'lpips_2=0.003934; ', 'codec_recon_2=0.061346; ', 'bpp_2=0.281779; ']
train step[429/2000] ; used: 9m:33s; eta: 34m:54s; loss = 0.364661; ['mse_0=0.001915; ', 'lpips_0=0.005893; ', 'codec_recon_0=0.026356; ', 'bpp_0=1.287487; ', 'mse_1=0.001824; ', 'lpips_1=0.005355; ', 'codec_recon_1=0.249888; ', 'bpp_1=0.294619; ', 'mse_2=0.001761; ', 'lpips_2=0.005036; ', 'codec_recon_2=0.066631; ', 'bpp_2=0.275850; ']
train step[430/2000] ; used: 9m:34s; eta: 34m:53s; loss = 0.391787; ['mse_0=0.001562; ', 'lpips_0=0.004189; ', 'codec_recon_0=0.024471; ', 'bpp_0=1.295479; ', 'mse_1=0.001395; ', 'lpips_1=0.003460; ', 'codec_recon_1=0.287040; ', 'bpp_1=0.298053; ', 'mse_2=0.001257; ', 'lpips_2=0.003036; ', 'codec_recon_2=0.065374; ', 'bpp_2=0.281091; ']
train step[431/2000] ; used: 9m:35s; eta: 34m:51s; loss = 0.381505; ['mse_0=0.001373; ', 'lpips_0=0.003623; ', 'codec_recon_0=0.024170; ', 'bpp_0=1.280748; ', 'mse_1=0.001187; ', 'lpips_1=0.002951; ', 'codec_recon_1=0.284738; ', 'bpp_1=0.295722; ', 'mse_2=0.001149; ', 'lpips_2=0.002457; ', 'codec_recon_2=0.059855; ', 'bpp_2=0.278233; ']
train step[432/2000] ; used: 9m:36s; eta: 34m:49s; loss = 0.470994; ['mse_0=0.001290; ', 'lpips_0=0.004978; ', 'codec_recon_0=0.025104; ', 'bpp_0=1.304458; ', 'mse_1=0.001003; ', 'lpips_1=0.003989; ', 'codec_recon_1=0.355976; ', 'bpp_1=0.298217; ', 'mse_2=0.000697; ', 'lpips_2=0.002992; ', 'codec_recon_2=0.074964; ', 'bpp_2=0.281535; ']
train step[433/2000] ; used: 9m:38s; eta: 34m:46s; loss = 0.367213; ['mse_0=0.001817; ', 'lpips_0=0.004844; ', 'codec_recon_0=0.024181; ', 'bpp_0=1.304407; ', 'mse_1=0.001496; ', 'lpips_1=0.004179; ', 'codec_recon_1=0.267309; ', 'bpp_1=0.296563; ', 'mse_2=0.001326; ', 'lpips_2=0.003703; ', 'codec_recon_2=0.058357; ', 'bpp_2=0.278552; ']
train step[434/2000] ; used: 9m:39s; eta: 34m:44s; loss = 0.412915; ['mse_0=0.001696; ', 'lpips_0=0.004441; ', 'codec_recon_0=0.032526; ', 'bpp_0=1.293071; ', 'mse_1=0.001358; ', 'lpips_1=0.003681; ', 'codec_recon_1=0.293070; ', 'bpp_1=0.297828; ', 'mse_2=0.001241; ', 'lpips_2=0.003222; ', 'codec_recon_2=0.071677; ', 'bpp_2=0.278906; ']
train step[435/2000] ; used: 9m:40s; eta: 34m:42s; loss = 0.374502; ['mse_0=0.000817; ', 'lpips_0=0.004795; ', 'codec_recon_0=0.027392; ', 'bpp_0=1.257590; ', 'mse_1=0.000686; ', 'lpips_1=0.004227; ', 'codec_recon_1=0.263280; ', 'bpp_1=0.292440; ', 'mse_2=0.000580; ', 'lpips_2=0.003808; ', 'codec_recon_2=0.068916; ', 'bpp_2=0.273953; ']
train step[436/2000] ; used: 9m:41s; eta: 34m:40s; loss = 0.440080; ['mse_0=0.001051; ', 'lpips_0=0.005352; ', 'codec_recon_0=0.025168; ', 'bpp_0=1.316176; ', 'mse_1=0.000764; ', 'lpips_1=0.004199; ', 'codec_recon_1=0.330310; ', 'bpp_1=0.300689; ', 'mse_2=0.000610; ', 'lpips_2=0.003375; ', 'codec_recon_2=0.069250; ', 'bpp_2=0.284189; ']
train step[437/2000] ; used: 9m:42s; eta: 34m:38s; loss = 0.368670; ['mse_0=0.001083; ', 'lpips_0=0.004216; ', 'codec_recon_0=0.026676; ', 'bpp_0=1.268573; ', 'mse_1=0.000915; ', 'lpips_1=0.003662; ', 'codec_recon_1=0.261717; ', 'bpp_1=0.293904; ', 'mse_2=0.000878; ', 'lpips_2=0.003424; ', 'codec_recon_2=0.066097; ', 'bpp_2=0.275553; ']
train step[438/2000] ; used: 9m:43s; eta: 34m:36s; loss = 0.465162; ['mse_0=0.002662; ', 'lpips_0=0.005479; ', 'codec_recon_0=0.026292; ', 'bpp_0=1.314669; ', 'mse_1=0.002206; ', 'lpips_1=0.004548; ', 'codec_recon_1=0.355810; ', 'bpp_1=0.298893; ', 'mse_2=0.001970; ', 'lpips_2=0.003730; ', 'codec_recon_2=0.062463; ', 'bpp_2=0.283518; ']
train step[439/2000] ; used: 9m:44s; eta: 34m:34s; loss = 0.412698; ['mse_0=0.000601; ', 'lpips_0=0.003208; ', 'codec_recon_0=0.028424; ', 'bpp_0=1.297213; ', 'mse_1=0.000465; ', 'lpips_1=0.002622; ', 'codec_recon_1=0.297316; ', 'bpp_1=0.294513; ', 'mse_2=0.000403; ', 'lpips_2=0.002209; ', 'codec_recon_2=0.077449; ', 'bpp_2=0.276356; ']
train step[440/2000] ; used: 9m:46s; eta: 34m:34s; loss = 0.350143; ['mse_0=0.000699; ', 'lpips_0=0.003851; ', 'codec_recon_0=0.025854; ', 'bpp_0=1.269267; ', 'mse_1=0.000546; ', 'lpips_1=0.003158; ', 'codec_recon_1=0.249485; ', 'bpp_1=0.294457; ', 'mse_2=0.000462; ', 'lpips_2=0.002882; ', 'codec_recon_2=0.063205; ', 'bpp_2=0.275024; ']
train step[441/2000] ; used: 9m:47s; eta: 34m:32s; loss = 0.469541; ['mse_0=0.002982; ', 'lpips_0=0.006283; ', 'codec_recon_0=0.026114; ', 'bpp_0=1.296276; ', 'mse_1=0.002488; ', 'lpips_1=0.005472; ', 'codec_recon_1=0.357212; ', 'bpp_1=0.297177; ', 'mse_2=0.002005; ', 'lpips_2=0.004655; ', 'codec_recon_2=0.062329; ', 'bpp_2=0.281603; ']
train step[442/2000] ; used: 9m:48s; eta: 34m:30s; loss = 0.410210; ['mse_0=0.000908; ', 'lpips_0=0.003555; ', 'codec_recon_0=0.028448; ', 'bpp_0=1.312649; ', 'mse_1=0.000611; ', 'lpips_1=0.002515; ', 'codec_recon_1=0.304593; ', 'bpp_1=0.298193; ', 'mse_2=0.000457; ', 'lpips_2=0.001855; ', 'codec_recon_2=0.067267; ', 'bpp_2=0.281149; ']
train step[443/2000] ; used: 9m:49s; eta: 34m:28s; loss = 0.369920; ['mse_0=0.000970; ', 'lpips_0=0.004509; ', 'codec_recon_0=0.029502; ', 'bpp_0=1.283604; ', 'mse_1=0.000827; ', 'lpips_1=0.003753; ', 'codec_recon_1=0.256066; ', 'bpp_1=0.295858; ', 'mse_2=0.000782; ', 'lpips_2=0.003471; ', 'codec_recon_2=0.070040; ', 'bpp_2=0.276895; ']
train step[444/2000] ; used: 9m:51s; eta: 34m:26s; loss = 0.389324; ['mse_0=0.001011; ', 'lpips_0=0.003819; ', 'codec_recon_0=0.026866; ', 'bpp_0=1.297292; ', 'mse_1=0.000828; ', 'lpips_1=0.003042; ', 'codec_recon_1=0.285343; ', 'bpp_1=0.298744; ', 'mse_2=0.000735; ', 'lpips_2=0.002577; ', 'codec_recon_2=0.065101; ', 'bpp_2=0.279195; ']
train step[445/2000] ; used: 9m:52s; eta: 34m:24s; loss = 0.393671; ['mse_0=0.003071; ', 'lpips_0=0.005260; ', 'codec_recon_0=0.026451; ', 'bpp_0=1.282248; ', 'mse_1=0.002366; ', 'lpips_1=0.004296; ', 'codec_recon_1=0.286679; ', 'bpp_1=0.295260; ', 'mse_2=0.002271; ', 'lpips_2=0.003777; ', 'codec_recon_2=0.059499; ', 'bpp_2=0.275437; ']
train step[446/2000] ; used: 9m:53s; eta: 34m:23s; loss = 0.424224; ['mse_0=0.001206; ', 'lpips_0=0.003743; ', 'codec_recon_0=0.025888; ', 'bpp_0=1.312367; ', 'mse_1=0.000918; ', 'lpips_1=0.002791; ', 'codec_recon_1=0.319981; ', 'bpp_1=0.299623; ', 'mse_2=0.000756; ', 'lpips_2=0.002198; ', 'codec_recon_2=0.066742; ', 'bpp_2=0.283321; ']
train step[447/2000] ; used: 9m:54s; eta: 34m:21s; loss = 0.408943; ['mse_0=0.000366; ', 'lpips_0=0.003917; ', 'codec_recon_0=0.024512; ', 'bpp_0=1.279037; ', 'mse_1=0.000264; ', 'lpips_1=0.003147; ', 'codec_recon_1=0.301694; ', 'bpp_1=0.290939; ', 'mse_2=0.000183; ', 'lpips_2=0.002494; ', 'codec_recon_2=0.072365; ', 'bpp_2=0.273236; ']
train step[448/2000] ; used: 9m:55s; eta: 34m:19s; loss = 0.402904; ['mse_0=0.001307; ', 'lpips_0=0.004574; ', 'codec_recon_0=0.039466; ', 'bpp_0=1.282468; ', 'mse_1=0.001176; ', 'lpips_1=0.003924; ', 'codec_recon_1=0.265136; ', 'bpp_1=0.295844; ', 'mse_2=0.001141; ', 'lpips_2=0.003569; ', 'codec_recon_2=0.082608; ', 'bpp_2=0.277665; ']
train step[449/2000] ; used: 9m:56s; eta: 34m:17s; loss = 0.402156; ['mse_0=0.000931; ', 'lpips_0=0.005006; ', 'codec_recon_0=0.025720; ', 'bpp_0=1.281656; ', 'mse_1=0.000699; ', 'lpips_1=0.004020; ', 'codec_recon_1=0.289294; ', 'bpp_1=0.296489; ', 'mse_2=0.000576; ', 'lpips_2=0.003585; ', 'codec_recon_2=0.072322; ', 'bpp_2=0.277973; ']
train step[450/2000] ; used: 9m:58s; eta: 34m:15s; loss = 0.386827; ['mse_0=0.002301; ', 'lpips_0=0.003950; ', 'codec_recon_0=0.026902; ', 'bpp_0=1.290195; ', 'mse_1=0.001725; ', 'lpips_1=0.003177; ', 'codec_recon_1=0.282505; ', 'bpp_1=0.294613; ', 'mse_2=0.001506; ', 'lpips_2=0.002721; ', 'codec_recon_2=0.062040; ', 'bpp_2=0.274723; ']
train step[451/2000] ; used: 9m:59s; eta: 34m:13s; loss = 0.412346; ['mse_0=0.001459; ', 'lpips_0=0.004742; ', 'codec_recon_0=0.032844; ', 'bpp_0=1.309107; ', 'mse_1=0.001330; ', 'lpips_1=0.003742; ', 'codec_recon_1=0.289494; ', 'bpp_1=0.299781; ', 'mse_2=0.001144; ', 'lpips_2=0.003188; ', 'codec_recon_2=0.074401; ', 'bpp_2=0.282333; ']
train step[452/2000] ; used: 10m; eta: 34m:12s; loss = 0.369431; ['mse_0=0.000894; ', 'lpips_0=0.003987; ', 'codec_recon_0=0.029927; ', 'bpp_0=1.266433; ', 'mse_1=0.000769; ', 'lpips_1=0.003353; ', 'codec_recon_1=0.254778; ', 'bpp_1=0.291831; ', 'mse_2=0.000732; ', 'lpips_2=0.003146; ', 'codec_recon_2=0.071843; ', 'bpp_2=0.273333; ']
train step[453/2000] ; used: 10m:1s; eta: 34m:10s; loss = 0.366308; ['mse_0=0.002594; ', 'lpips_0=0.005740; ', 'codec_recon_0=0.026727; ', 'bpp_0=1.307344; ', 'mse_1=0.002424; ', 'lpips_1=0.005080; ', 'codec_recon_1=0.245462; ', 'bpp_1=0.297244; ', 'mse_2=0.002387; ', 'lpips_2=0.004680; ', 'codec_recon_2=0.071213; ', 'bpp_2=0.278221; ']
train step[454/2000] ; used: 10m:2s; eta: 34m:8s; loss = 0.367059; ['mse_0=0.000488; ', 'lpips_0=0.003487; ', 'codec_recon_0=0.024189; ', 'bpp_0=1.292208; ', 'mse_1=0.000340; ', 'lpips_1=0.002855; ', 'codec_recon_1=0.268893; ', 'bpp_1=0.294150; ', 'mse_2=0.000271; ', 'lpips_2=0.002455; ', 'codec_recon_2=0.064079; ', 'bpp_2=0.274531; ']
train step[455/2000] ; used: 10m:4s; eta: 34m:6s; loss = 0.409695; ['mse_0=0.000772; ', 'lpips_0=0.003884; ', 'codec_recon_0=0.032497; ', 'bpp_0=1.303355; ', 'mse_1=0.000562; ', 'lpips_1=0.003224; ', 'codec_recon_1=0.293399; ', 'bpp_1=0.294681; ', 'mse_2=0.000456; ', 'lpips_2=0.002688; ', 'codec_recon_2=0.072211; ', 'bpp_2=0.276569; ']
train step[456/2000] ; used: 10m:5s; eta: 34m:4s; loss = 0.427618; ['mse_0=0.001419; ', 'lpips_0=0.004550; ', 'codec_recon_0=0.026856; ', 'bpp_0=1.322647; ', 'mse_1=0.001141; ', 'lpips_1=0.003777; ', 'codec_recon_1=0.317582; ', 'bpp_1=0.298012; ', 'mse_2=0.000966; ', 'lpips_2=0.003216; ', 'codec_recon_2=0.068108; ', 'bpp_2=0.280264; ']
train step[457/2000] ; used: 10m:6s; eta: 34m:2s; loss = 0.384264; ['mse_0=0.000653; ', 'lpips_0=0.003417; ', 'codec_recon_0=0.025185; ', 'bpp_0=1.291613; ', 'mse_1=0.000484; ', 'lpips_1=0.002652; ', 'codec_recon_1=0.286553; ', 'bpp_1=0.298085; ', 'mse_2=0.000400; ', 'lpips_2=0.002189; ', 'codec_recon_2=0.062729; ', 'bpp_2=0.279260; ']
train step[458/2000] ; used: 10m:7s; eta: 34m; loss = 0.408720; ['mse_0=0.002546; ', 'lpips_0=0.005285; ', 'codec_recon_0=0.023687; ', 'bpp_0=1.319297; ', 'mse_1=0.001991; ', 'lpips_1=0.004260; ', 'codec_recon_1=0.309806; ', 'bpp_1=0.301407; ', 'mse_2=0.001719; ', 'lpips_2=0.003584; ', 'codec_recon_2=0.055839; ', 'bpp_2=0.284759; ']
train step[459/2000] ; used: 10m:8s; eta: 33m:58s; loss = 0.353412; ['mse_0=0.001174; ', 'lpips_0=0.003508; ', 'codec_recon_0=0.024889; ', 'bpp_0=1.294011; ', 'mse_1=0.000989; ', 'lpips_1=0.002890; ', 'codec_recon_1=0.254817; ', 'bpp_1=0.296180; ', 'mse_2=0.000931; ', 'lpips_2=0.002608; ', 'codec_recon_2=0.061605; ', 'bpp_2=0.277942; ']
train step[460/2000] ; used: 10m:9s; eta: 33m:56s; loss = 0.469243; ['mse_0=0.001094; ', 'lpips_0=0.005085; ', 'codec_recon_0=0.030468; ', 'bpp_0=1.304882; ', 'mse_1=0.000910; ', 'lpips_1=0.004229; ', 'codec_recon_1=0.346282; ', 'bpp_1=0.296664; ', 'mse_2=0.000730; ', 'lpips_2=0.003345; ', 'codec_recon_2=0.077098; ', 'bpp_2=0.281048; ']
train step[461/2000] ; used: 10m:10s; eta: 33m:54s; loss = 0.361880; ['mse_0=0.001153; ', 'lpips_0=0.003947; ', 'codec_recon_0=0.027701; ', 'bpp_0=1.289605; ', 'mse_1=0.001038; ', 'lpips_1=0.003419; ', 'codec_recon_1=0.252783; ', 'bpp_1=0.292868; ', 'mse_2=0.000999; ', 'lpips_2=0.003157; ', 'codec_recon_2=0.067679; ', 'bpp_2=0.274542; ']
train step[462/2000] ; used: 10m:11s; eta: 33m:52s; loss = 0.378942; ['mse_0=0.000457; ', 'lpips_0=0.003063; ', 'codec_recon_0=0.026025; ', 'bpp_0=1.271236; ', 'mse_1=0.000334; ', 'lpips_1=0.002410; ', 'codec_recon_1=0.276557; ', 'bpp_1=0.292917; ', 'mse_2=0.000234; ', 'lpips_2=0.001913; ', 'codec_recon_2=0.067947; ', 'bpp_2=0.272883; ']
train step[463/2000] ; used: 10m:13s; eta: 33m:50s; loss = 0.387204; ['mse_0=0.002092; ', 'lpips_0=0.007618; ', 'codec_recon_0=0.026678; ', 'bpp_0=1.278826; ', 'mse_1=0.001858; ', 'lpips_1=0.006951; ', 'codec_recon_1=0.265109; ', 'bpp_1=0.295717; ', 'mse_2=0.001860; ', 'lpips_2=0.006638; ', 'codec_recon_2=0.068397; ', 'bpp_2=0.278791; ']
train step[464/2000] ; used: 10m:14s; eta: 33m:48s; loss = 0.405019; ['mse_0=0.001191; ', 'lpips_0=0.004130; ', 'codec_recon_0=0.027537; ', 'bpp_0=1.254091; ', 'mse_1=0.001010; ', 'lpips_1=0.003493; ', 'codec_recon_1=0.294571; ', 'bpp_1=0.292146; ', 'mse_2=0.000966; ', 'lpips_2=0.003183; ', 'codec_recon_2=0.068938; ', 'bpp_2=0.271739; ']
train step[465/2000] ; used: 10m:15s; eta: 33m:47s; loss = 0.361391; ['mse_0=0.000629; ', 'lpips_0=0.003575; ', 'codec_recon_0=0.024658; ', 'bpp_0=1.250171; ', 'mse_1=0.000449; ', 'lpips_1=0.002852; ', 'codec_recon_1=0.265940; ', 'bpp_1=0.291415; ', 'mse_2=0.000346; ', 'lpips_2=0.002469; ', 'codec_recon_2=0.060470; ', 'bpp_2=0.274044; ']
train step[466/2000] ; used: 10m:16s; eta: 33m:45s; loss = 0.403042; ['mse_0=0.002286; ', 'lpips_0=0.004494; ', 'codec_recon_0=0.024891; ', 'bpp_0=1.287639; ', 'mse_1=0.001779; ', 'lpips_1=0.003859; ', 'codec_recon_1=0.301493; ', 'bpp_1=0.299133; ', 'mse_2=0.001532; ', 'lpips_2=0.003349; ', 'codec_recon_2=0.059356; ', 'bpp_2=0.280580; ']
train step[467/2000] ; used: 10m:17s; eta: 33m:43s; loss = 0.418587; ['mse_0=0.002826; ', 'lpips_0=0.005454; ', 'codec_recon_0=0.027839; ', 'bpp_0=1.281381; ', 'mse_1=0.002644; ', 'lpips_1=0.004706; ', 'codec_recon_1=0.304494; ', 'bpp_1=0.295771; ', 'mse_2=0.002526; ', 'lpips_2=0.004402; ', 'codec_recon_2=0.063694; ', 'bpp_2=0.279479; ']
train step[468/2000] ; used: 10m:18s; eta: 33m:41s; loss = 0.525915; ['mse_0=0.002443; ', 'lpips_0=0.006730; ', 'codec_recon_0=0.027234; ', 'bpp_0=1.343946; ', 'mse_1=0.002023; ', 'lpips_1=0.005549; ', 'codec_recon_1=0.405138; ', 'bpp_1=0.302760; ', 'mse_2=0.001534; ', 'lpips_2=0.004206; ', 'codec_recon_2=0.071056; ', 'bpp_2=0.289117; ']
train step[469/2000] ; used: 10m:20s; eta: 33m:40s; loss = 0.440321; ['mse_0=0.000689; ', 'lpips_0=0.003906; ', 'codec_recon_0=0.027294; ', 'bpp_0=1.299083; ', 'mse_1=0.000496; ', 'lpips_1=0.003156; ', 'codec_recon_1=0.326209; ', 'bpp_1=0.298057; ', 'mse_2=0.000390; ', 'lpips_2=0.002394; ', 'codec_recon_2=0.075784; ', 'bpp_2=0.282747; ']
train step[470/2000] ; used: 10m:21s; eta: 33m:38s; loss = 0.469975; ['mse_0=0.003993; ', 'lpips_0=0.007459; ', 'codec_recon_0=0.029314; ', 'bpp_0=1.300183; ', 'mse_1=0.003617; ', 'lpips_1=0.006892; ', 'codec_recon_1=0.341178; ', 'bpp_1=0.298097; ', 'mse_2=0.003536; ', 'lpips_2=0.006388; ', 'codec_recon_2=0.067596; ', 'bpp_2=0.281909; ']
train step[471/2000] ; used: 10m:22s; eta: 33m:36s; loss = 0.380789; ['mse_0=0.000367; ', 'lpips_0=0.003833; ', 'codec_recon_0=0.026548; ', 'bpp_0=1.273886; ', 'mse_1=0.000263; ', 'lpips_1=0.003008; ', 'codec_recon_1=0.264495; ', 'bpp_1=0.294444; ', 'mse_2=0.000226; ', 'lpips_2=0.002692; ', 'codec_recon_2=0.079356; ', 'bpp_2=0.275288; ']
train step[472/2000] ; used: 10m:23s; eta: 33m:34s; loss = 0.353578; ['mse_0=0.000758; ', 'lpips_0=0.004470; ', 'codec_recon_0=0.027087; ', 'bpp_0=1.233938; ', 'mse_1=0.000539; ', 'lpips_1=0.003724; ', 'codec_recon_1=0.248334; ', 'bpp_1=0.288973; ', 'mse_2=0.000434; ', 'lpips_2=0.003432; ', 'codec_recon_2=0.064799; ', 'bpp_2=0.269647; ']
train step[473/2000] ; used: 10m:24s; eta: 33m:32s; loss = 0.382738; ['mse_0=0.001380; ', 'lpips_0=0.004687; ', 'codec_recon_0=0.024369; ', 'bpp_0=1.264615; ', 'mse_1=0.001141; ', 'lpips_1=0.004126; ', 'codec_recon_1=0.277952; ', 'bpp_1=0.296621; ', 'mse_2=0.001018; ', 'lpips_2=0.003655; ', 'codec_recon_2=0.064409; ', 'bpp_2=0.279219; ']
train step[474/2000] ; used: 10m:25s; eta: 33m:30s; loss = 0.369407; ['mse_0=0.002840; ', 'lpips_0=0.005423; ', 'codec_recon_0=0.026806; ', 'bpp_0=1.287626; ', 'mse_1=0.002352; ', 'lpips_1=0.004589; ', 'codec_recon_1=0.262541; ', 'bpp_1=0.295718; ', 'mse_2=0.002164; ', 'lpips_2=0.004233; ', 'codec_recon_2=0.058458; ', 'bpp_2=0.277659; ']
train step[475/2000] ; used: 10m:26s; eta: 33m:28s; loss = 0.374237; ['mse_0=0.001235; ', 'lpips_0=0.004520; ', 'codec_recon_0=0.027382; ', 'bpp_0=1.258790; ', 'mse_1=0.001046; ', 'lpips_1=0.004078; ', 'codec_recon_1=0.268675; ', 'bpp_1=0.295404; ', 'mse_2=0.000969; ', 'lpips_2=0.003792; ', 'codec_recon_2=0.062537; ', 'bpp_2=0.276934; ']
train step[476/2000] ; used: 10m:28s; eta: 33m:26s; loss = 0.514756; ['mse_0=0.001688; ', 'lpips_0=0.005606; ', 'codec_recon_0=0.027518; ', 'bpp_0=1.304123; ', 'mse_1=0.001386; ', 'lpips_1=0.004635; ', 'codec_recon_1=0.397481; ', 'bpp_1=0.297042; ', 'mse_2=0.001159; ', 'lpips_2=0.003570; ', 'codec_recon_2=0.071711; ', 'bpp_2=0.282158; ']
train step[477/2000] ; used: 10m:29s; eta: 33m:25s; loss = 0.447247; ['mse_0=0.002570; ', 'lpips_0=0.006616; ', 'codec_recon_0=0.028188; ', 'bpp_0=1.303697; ', 'mse_1=0.002142; ', 'lpips_1=0.005645; ', 'codec_recon_1=0.324644; ', 'bpp_1=0.299543; ', 'mse_2=0.001992; ', 'lpips_2=0.004977; ', 'codec_recon_2=0.070472; ', 'bpp_2=0.283660; ']
train step[478/2000] ; used: 10m:30s; eta: 33m:23s; loss = 0.382224; ['mse_0=0.001082; ', 'lpips_0=0.004079; ', 'codec_recon_0=0.033301; ', 'bpp_0=1.268613; ', 'mse_1=0.000905; ', 'lpips_1=0.003509; ', 'codec_recon_1=0.256905; ', 'bpp_1=0.296420; ', 'mse_2=0.000829; ', 'lpips_2=0.003246; ', 'codec_recon_2=0.078367; ', 'bpp_2=0.277266; ']
train step[479/2000] ; used: 10m:31s; eta: 33m:21s; loss = 0.453027; ['mse_0=0.004424; ', 'lpips_0=0.006153; ', 'codec_recon_0=0.028437; ', 'bpp_0=1.299113; ', 'mse_1=0.004182; ', 'lpips_1=0.005428; ', 'codec_recon_1=0.326569; ', 'bpp_1=0.293585; ', 'mse_2=0.003923; ', 'lpips_2=0.004835; ', 'codec_recon_2=0.069074; ', 'bpp_2=0.276116; ']
train step[480/2000] ; used: 10m:32s; eta: 33m:19s; loss = 0.475948; ['mse_0=0.001683; ', 'lpips_0=0.004615; ', 'codec_recon_0=0.028134; ', 'bpp_0=1.311481; ', 'mse_1=0.001328; ', 'lpips_1=0.003766; ', 'codec_recon_1=0.358804; ', 'bpp_1=0.299073; ', 'mse_2=0.000891; ', 'lpips_2=0.002753; ', 'codec_recon_2=0.073973; ', 'bpp_2=0.281985; ']
train step[481/2000] ; used: 10m:33s; eta: 33m:17s; loss = 0.387947; ['mse_0=0.001142; ', 'lpips_0=0.004829; ', 'codec_recon_0=0.028693; ', 'bpp_0=1.273227; ', 'mse_1=0.000976; ', 'lpips_1=0.004088; ', 'codec_recon_1=0.280663; ', 'bpp_1=0.296084; ', 'mse_2=0.000878; ', 'lpips_2=0.003731; ', 'codec_recon_2=0.062944; ', 'bpp_2=0.277479; ']
train step[482/2000] ; used: 10m:35s; eta: 33m:16s; loss = 0.373652; ['mse_0=0.000824; ', 'lpips_0=0.004736; ', 'codec_recon_0=0.029761; ', 'bpp_0=1.239325; ', 'mse_1=0.000760; ', 'lpips_1=0.004159; ', 'codec_recon_1=0.254006; ', 'bpp_1=0.290747; ', 'mse_2=0.000728; ', 'lpips_2=0.003948; ', 'codec_recon_2=0.074728; ', 'bpp_2=0.271297; ']
train step[483/2000] ; used: 10m:36s; eta: 33m:14s; loss = 0.392483; ['mse_0=0.002389; ', 'lpips_0=0.005810; ', 'codec_recon_0=0.026183; ', 'bpp_0=1.306359; ', 'mse_1=0.001992; ', 'lpips_1=0.005110; ', 'codec_recon_1=0.279498; ', 'bpp_1=0.297993; ', 'mse_2=0.001858; ', 'lpips_2=0.004462; ', 'codec_recon_2=0.065179; ', 'bpp_2=0.281206; ']
train step[484/2000] ; used: 10m:37s; eta: 33m:12s; loss = 0.397747; ['mse_0=0.001293; ', 'lpips_0=0.004877; ', 'codec_recon_0=0.026726; ', 'bpp_0=1.293449; ', 'mse_1=0.001152; ', 'lpips_1=0.004207; ', 'codec_recon_1=0.281641; ', 'bpp_1=0.296528; ', 'mse_2=0.001107; ', 'lpips_2=0.003915; ', 'codec_recon_2=0.072826; ', 'bpp_2=0.278556; ']
train step[485/2000] ; used: 10m:38s; eta: 33m:10s; loss = 0.435148; ['mse_0=0.001323; ', 'lpips_0=0.004301; ', 'codec_recon_0=0.028011; ', 'bpp_0=1.286368; ', 'mse_1=0.001068; ', 'lpips_1=0.003617; ', 'codec_recon_1=0.325071; ', 'bpp_1=0.297285; ', 'mse_2=0.000769; ', 'lpips_2=0.002812; ', 'codec_recon_2=0.068173; ', 'bpp_2=0.279792; ']
train step[486/2000] ; used: 10m:39s; eta: 33m:8s; loss = 0.338472; ['mse_0=0.000593; ', 'lpips_0=0.003448; ', 'codec_recon_0=0.023605; ', 'bpp_0=1.253049; ', 'mse_1=0.000462; ', 'lpips_1=0.002918; ', 'codec_recon_1=0.241143; ', 'bpp_1=0.294418; ', 'mse_2=0.000423; ', 'lpips_2=0.002809; ', 'codec_recon_2=0.063069; ', 'bpp_2=0.274227; ']
train step[487/2000] ; used: 10m:40s; eta: 33m:6s; loss = 0.361563; ['mse_0=0.000492; ', 'lpips_0=0.003290; ', 'codec_recon_0=0.027725; ', 'bpp_0=1.255363; ', 'mse_1=0.000381; ', 'lpips_1=0.002689; ', 'codec_recon_1=0.257376; ', 'bpp_1=0.294617; ', 'mse_2=0.000354; ', 'lpips_2=0.002434; ', 'codec_recon_2=0.066819; ', 'bpp_2=0.275230; ']
train step[488/2000] ; used: 10m:41s; eta: 33m:4s; loss = 0.450216; ['mse_0=0.003094; ', 'lpips_0=0.006466; ', 'codec_recon_0=0.027666; ', 'bpp_0=1.296462; ', 'mse_1=0.002671; ', 'lpips_1=0.005637; ', 'codec_recon_1=0.333113; ', 'bpp_1=0.298905; ', 'mse_2=0.002415; ', 'lpips_2=0.004996; ', 'codec_recon_2=0.064156; ', 'bpp_2=0.284372; ']
train step[489/2000] ; used: 10m:43s; eta: 33m:3s; loss = 0.399616; ['mse_0=0.005136; ', 'lpips_0=0.007297; ', 'codec_recon_0=0.026156; ', 'bpp_0=1.271618; ', 'mse_1=0.004765; ', 'lpips_1=0.006346; ', 'codec_recon_1=0.277797; ', 'bpp_1=0.296488; ', 'mse_2=0.004777; ', 'lpips_2=0.005980; ', 'codec_recon_2=0.061362; ', 'bpp_2=0.279112; ']
train step[490/2000] ; used: 10m:44s; eta: 33m:1s; loss = 0.423463; ['mse_0=0.000840; ', 'lpips_0=0.004175; ', 'codec_recon_0=0.025445; ', 'bpp_0=1.280779; ', 'mse_1=0.000724; ', 'lpips_1=0.003385; ', 'codec_recon_1=0.309566; ', 'bpp_1=0.295774; ', 'mse_2=0.000661; ', 'lpips_2=0.002967; ', 'codec_recon_2=0.075698; ', 'bpp_2=0.278576; ']
train step[491/2000] ; used: 10m:45s; eta: 32m:59s; loss = 0.372168; ['mse_0=0.000607; ', 'lpips_0=0.004250; ', 'codec_recon_0=0.027058; ', 'bpp_0=1.256718; ', 'mse_1=0.000525; ', 'lpips_1=0.003586; ', 'codec_recon_1=0.261300; ', 'bpp_1=0.291715; ', 'mse_2=0.000477; ', 'lpips_2=0.003344; ', 'codec_recon_2=0.071018; ', 'bpp_2=0.273855; ']
train step[492/2000] ; used: 10m:46s; eta: 32m:57s; loss = 0.427301; ['mse_0=0.002990; ', 'lpips_0=0.005284; ', 'codec_recon_0=0.028052; ', 'bpp_0=1.298478; ', 'mse_1=0.002681; ', 'lpips_1=0.004462; ', 'codec_recon_1=0.312745; ', 'bpp_1=0.298071; ', 'mse_2=0.002652; ', 'lpips_2=0.003982; ', 'codec_recon_2=0.064451; ', 'bpp_2=0.281349; ']
train step[493/2000] ; used: 10m:47s; eta: 32m:55s; loss = 0.392416; ['mse_0=0.000716; ', 'lpips_0=0.003527; ', 'codec_recon_0=0.025503; ', 'bpp_0=1.275952; ', 'mse_1=0.000511; ', 'lpips_1=0.002798; ', 'codec_recon_1=0.293789; ', 'bpp_1=0.297302; ', 'mse_2=0.000397; ', 'lpips_2=0.002417; ', 'codec_recon_2=0.062756; ', 'bpp_2=0.279497; ']
train step[494/2000] ; used: 10m:48s; eta: 32m:54s; loss = 0.429299; ['mse_0=0.000737; ', 'lpips_0=0.003792; ', 'codec_recon_0=0.030262; ', 'bpp_0=1.283682; ', 'mse_1=0.000541; ', 'lpips_1=0.002964; ', 'codec_recon_1=0.312849; ', 'bpp_1=0.296442; ', 'mse_2=0.000374; ', 'lpips_2=0.002336; ', 'codec_recon_2=0.075442; ', 'bpp_2=0.278187; ']
train step[495/2000] ; used: 10m:50s; eta: 32m:52s; loss = 0.360862; ['mse_0=0.000691; ', 'lpips_0=0.003875; ', 'codec_recon_0=0.022555; ', 'bpp_0=1.268945; ', 'mse_1=0.000537; ', 'lpips_1=0.003235; ', 'codec_recon_1=0.269661; ', 'bpp_1=0.296610; ', 'mse_2=0.000379; ', 'lpips_2=0.002784; ', 'codec_recon_2=0.057142; ', 'bpp_2=0.277597; ']
train step[496/2000] ; used: 10m:52s; eta: 32m:53s; loss = 0.403236; ['mse_0=0.001131; ', 'lpips_0=0.004445; ', 'codec_recon_0=0.031068; ', 'bpp_0=1.276925; ', 'mse_1=0.000941; ', 'lpips_1=0.003780; ', 'codec_recon_1=0.282950; ', 'bpp_1=0.294730; ', 'mse_2=0.000854; ', 'lpips_2=0.003352; ', 'codec_recon_2=0.074713; ', 'bpp_2=0.277549; ']
train step[497/2000] ; used: 10m:53s; eta: 32m:51s; loss = 0.396570; ['mse_0=0.001413; ', 'lpips_0=0.004085; ', 'codec_recon_0=0.027814; ', 'bpp_0=1.297710; ', 'mse_1=0.001146; ', 'lpips_1=0.003392; ', 'codec_recon_1=0.274694; ', 'bpp_1=0.298323; ', 'mse_2=0.001093; ', 'lpips_2=0.003085; ', 'codec_recon_2=0.079847; ', 'bpp_2=0.280908; ']
train step[498/2000] ; used: 10m:54s; eta: 32m:49s; loss = 0.386059; ['mse_0=0.001476; ', 'lpips_0=0.004718; ', 'codec_recon_0=0.029140; ', 'bpp_0=1.283536; ', 'mse_1=0.001324; ', 'lpips_1=0.004109; ', 'codec_recon_1=0.265385; ', 'bpp_1=0.294494; ', 'mse_2=0.001314; ', 'lpips_2=0.003805; ', 'codec_recon_2=0.074787; ', 'bpp_2=0.275838; ']
train step[499/2000] ; used: 10m:55s; eta: 32m:47s; loss = 0.482556; ['mse_0=0.002650; ', 'lpips_0=0.005365; ', 'codec_recon_0=0.028639; ', 'bpp_0=1.326738; ', 'mse_1=0.002376; ', 'lpips_1=0.004695; ', 'codec_recon_1=0.362885; ', 'bpp_1=0.302481; ', 'mse_2=0.002104; ', 'lpips_2=0.003923; ', 'codec_recon_2=0.069916; ', 'bpp_2=0.289237; ']
validation step on 500 1/100; scene = ['5aca87f95a9412c6']; context = [[58, 133]]
validation step on 500 2/100; scene = ['bc95e5c7e357f1b7']; context = [[35, 91]]
validation step on 500 3/100; scene = ['34b0658a5c200cdf']; context = [[0, 70]]
validation step on 500 4/100; scene = ['28e8300e004ab30b']; context = [[3, 68]]
validation step on 500 5/100; scene = ['6558c5f10d45a929']; context = [[43, 160]]
validation step on 500 6/100; scene = ['89ea49cd9865aeff']; context = [[31, 81]]
validation step on 500 7/100; scene = ['ed477bdf8582adff']; context = [[40, 85]]
validation step on 500 8/100; scene = ['57d3409bf04c4651']; context = [[0, 45]]
validation step on 500 9/100; scene = ['aadc1e2dc74fd644']; context = [[2, 52]]
validation step on 500 10/100; scene = ['cd74b1244d112628']; context = [[63, 110]]
validation step on 500 11/100; scene = ['57d25dafabb5a238']; context = [[32, 104]]
validation step on 500 12/100; scene = ['e4f4574df7938f37']; context = [[0, 115]]
validation step on 500 13/100; scene = ['20d86cff490c0c42']; context = [[18, 69]]
validation step on 500 14/100; scene = ['0c4c5d5f751aabf5']; context = [[12, 57]]
validation step on 500 15/100; scene = ['fea544b472e9abd1']; context = [[12, 93]]
validation step on 500 16/100; scene = ['656381bea665bf3d']; context = [[27, 75]]
validation step on 500 17/100; scene = ['322261824c4a3003']; context = [[33, 78]]
validation step on 500 18/100; scene = ['f7c0fa5b81552d35']; context = [[11, 64]]
validation step on 500 19/100; scene = ['a56ba2efb5e3fdd9']; context = [[33, 92]]
validation step on 500 20/100; scene = ['c48f19e2ffa52523']; context = [[195, 264]]
validation step on 500 21/100; scene = ['1214f2a11a9fc1ed']; context = [[103, 215]]
validation step on 500 22/100; scene = ['a9b3ff60b213e099']; context = [[32, 96]]
validation step on 500 23/100; scene = ['a6fa92e8204f6118']; context = [[2, 66]]
validation step on 500 24/100; scene = ['21e794f71e31becb']; context = [[72, 180]]
validation step on 500 25/100; scene = ['f7d916b43193c181']; context = [[7, 61]]
validation step on 500 26/100; scene = ['84ab392d682f296b']; context = [[43, 120]]
validation step on 500 27/100; scene = ['6771a51bf0cfce7f']; context = [[152, 199]]
validation step on 500 28/100; scene = ['17d9303ee77c3a3d']; context = [[17, 63]]
validation step on 500 29/100; scene = ['ffa95c3b40609c76']; context = [[120, 213]]
validation step on 500 30/100; scene = ['a47b88040452d7d9']; context = [[35, 97]]
validation step on 500 31/100; scene = ['0d4de33c6888a754']; context = [[2, 57]]
validation step on 500 32/100; scene = ['41bcd011f99bfb66']; context = [[4, 50]]
validation step on 500 33/100; scene = ['67a69088a2695987']; context = [[6, 86]]
validation step on 500 34/100; scene = ['b4099665590548fc']; context = [[23, 74]]
validation step on 500 35/100; scene = ['9e2a8cc5f32dd46b']; context = [[75, 151]]
validation step on 500 36/100; scene = ['2e109379f53bb221']; context = [[35, 108]]
validation step on 500 37/100; scene = ['8adebbb68f2c3f84']; context = [[72, 131]]
validation step on 500 38/100; scene = ['29e0bfbad00f0d5e']; context = [[8, 100]]
validation step on 500 39/100; scene = ['debc3490ba0bd84b']; context = [[34, 81]]
validation step on 500 40/100; scene = ['7c7bc5285126e6ad']; context = [[64, 126]]
validation step on 500 41/100; scene = ['cdf439b17a6a98d4']; context = [[31, 77]]
validation step on 500 42/100; scene = ['cb38d67088b66084']; context = [[49, 106]]
validation step on 500 43/100; scene = ['2da2eeb966bc0ef8']; context = [[30, 94]]
validation step on 500 44/100; scene = ['bb4d7012261ee0ed']; context = [[0, 46]]
validation step on 500 45/100; scene = ['9e1f1beb4ba8e5da']; context = [[9, 73]]
validation step on 500 46/100; scene = ['26b31d71789bffad']; context = [[3, 57]]
validation step on 500 47/100; scene = ['41abd737e0228c1a']; context = [[81, 127]]
validation step on 500 48/100; scene = ['ed0c2aca14b99efa']; context = [[62, 119]]
validation step on 500 49/100; scene = ['8d5163de9ea4d851']; context = [[39, 85]]
validation step on 500 50/100; scene = ['81be42df6ccae760']; context = [[13, 107]]
validation step on 500 51/100; scene = ['6fe141ec9be1a432']; context = [[12, 73]]
validation step on 500 52/100; scene = ['3b6d8db52c54b174']; context = [[0, 80]]
validation step on 500 53/100; scene = ['3087828bc27bc4c7']; context = [[15, 96]]
validation step on 500 54/100; scene = ['e124dfa7e996a414']; context = [[48, 93]]
validation step on 500 55/100; scene = ['e1afd89a69ee6947']; context = [[34, 113]]
validation step on 500 56/100; scene = ['79ce50fb7b021e1d']; context = [[212, 278]]
validation step on 500 57/100; scene = ['358bdee988c269ef']; context = [[3, 95]]
validation step on 500 58/100; scene = ['f14791aec34dbdcd']; context = [[5, 59]]
validation step on 500 59/100; scene = ['0c52996355b23d76']; context = [[51, 111]]
validation step on 500 60/100; scene = ['62bcb465bb03d34f']; context = [[6, 84]]
validation step on 500 61/100; scene = ['1f0e06e4388dd600']; context = [[44, 96]]
validation step on 500 62/100; scene = ['c9c30723d7c54793']; context = [[152, 247]]
validation step on 500 63/100; scene = ['8b212f2755d955ec']; context = [[40, 110]]
validation step on 500 64/100; scene = ['de67e3a0b0648cfe']; context = [[16, 72]]
validation step on 500 65/100; scene = ['54841308aff91857']; context = [[27, 86]]
validation step on 500 66/100; scene = ['40ca76de44a6e1a9']; context = [[43, 107]]
validation step on 500 67/100; scene = ['bc143130c1842e4b']; context = [[29, 133]]
validation step on 500 68/100; scene = ['912177dbf0a1ed6c']; context = [[3, 60]]
validation step on 500 69/100; scene = ['afe4e799a94e06b3']; context = [[54, 150]]
validation step on 500 70/100; scene = ['17f552ef56d85c55']; context = [[20, 86]]
validation step on 500 71/100; scene = ['a7c691c210154b09']; context = [[0, 50]]
validation step on 500 72/100; scene = ['9490f1219dbbb6ce']; context = [[17, 72]]
validation step on 500 73/100; scene = ['154365ab5a4e067b']; context = [[2, 48]]
validation step on 500 74/100; scene = ['ab4c269f8d523d02']; context = [[18, 72]]
validation step on 500 75/100; scene = ['75d475e9558ab806']; context = [[1, 46]]
validation step on 500 76/100; scene = ['fdaab1f49851782c']; context = [[31, 142]]
validation step on 500 77/100; scene = ['2d4efa3897a4ba2d']; context = [[4, 58]]
validation step on 500 78/100; scene = ['14f477e7d5af5b91']; context = [[17, 72]]
validation step on 500 79/100; scene = ['de45926738229f67']; context = [[22, 84]]
validation step on 500 80/100; scene = ['5c909c802eb6edb1']; context = [[13, 78]]
validation step on 500 81/100; scene = ['aa91dfdd5f4ad32b']; context = [[8, 57]]
validation step on 500 82/100; scene = ['88d9ba3324f2ec21']; context = [[2, 49]]
validation step on 500 83/100; scene = ['622ef98e83ed5239']; context = [[3, 66]]
validation step on 500 84/100; scene = ['30fc5fc78c5a716e']; context = [[151, 210]]
validation step on 500 85/100; scene = ['8b760ac05c93a6bb']; context = [[26, 72]]
validation step on 500 86/100; scene = ['800ea72b6988f63e']; context = [[141, 190]]
validation step on 500 87/100; scene = ['674dabef8f53b566']; context = [[9, 91]]
validation step on 500 88/100; scene = ['d3a01038c5f21473']; context = [[139, 273]]
validation step on 500 89/100; scene = ['3e5f747d06bc84a3']; context = [[85, 190]]
validation step on 500 90/100; scene = ['bb6fa5bdafc14e8c']; context = [[43, 139]]
validation step on 500 91/100; scene = ['052430ff6e2c07c4']; context = [[19, 92]]
validation step on 500 92/100; scene = ['0588138dfec165a1']; context = [[70, 160]]
validation step on 500 93/100; scene = ['e4bcb18fa6aa91be']; context = [[32, 79]]
validation step on 500 94/100; scene = ['4c4fa41951e37e78']; context = [[8, 60]]
validation step on 500 95/100; scene = ['252a24d25a1ea81d']; context = [[198, 263]]
validation step on 500 96/100; scene = ['214df1c2863d2959']; context = [[45, 96]]
validation step on 500 97/100; scene = ['bfd27ad72975e120']; context = [[8, 55]]
validation step on 500 98/100; scene = ['572acd18419c3456']; context = [[3, 62]]
validation step on 500 99/100; scene = ['b26e6c80d283c4c8']; context = [[46, 92]]
validation step on 500 100/100; scene = ['10c8e54590f715f7']; context = [[6, 76]]
train step[500/2000] ; used: 12m; eta: 35m:56s; loss = 0.388451; ['mse_0=0.001783; ', 'lpips_0=0.004858; ', 'codec_recon_0=0.025278; ', 'bpp_0=1.302435; ', 'mse_1=0.001424; ', 'lpips_1=0.004103; ', 'codec_recon_1=0.280526; ', 'bpp_1=0.297724; ', 'mse_2=0.001294; ', 'lpips_2=0.003681; ', 'codec_recon_2=0.065503; ', 'bpp_2=0.280351; ']
train step[501/2000] ; used: 12m:1s; eta: 35m:54s; loss = 0.470819; ['mse_0=0.001724; ', 'lpips_0=0.005795; ', 'codec_recon_0=0.030739; ', 'bpp_0=1.306257; ', 'mse_1=0.001438; ', 'lpips_1=0.004958; ', 'codec_recon_1=0.348083; ', 'bpp_1=0.297874; ', 'mse_2=0.001260; ', 'lpips_2=0.004134; ', 'codec_recon_2=0.072686; ', 'bpp_2=0.281396; ']
train step[502/2000] ; used: 12m:2s; eta: 35m:51s; loss = 0.367048; ['mse_0=0.001575; ', 'lpips_0=0.004254; ', 'codec_recon_0=0.025391; ', 'bpp_0=1.269486; ', 'mse_1=0.001264; ', 'lpips_1=0.003621; ', 'codec_recon_1=0.263623; ', 'bpp_1=0.296765; ', 'mse_2=0.001199; ', 'lpips_2=0.003370; ', 'codec_recon_2=0.062748; ', 'bpp_2=0.278776; ']
train step[503/2000] ; used: 12m:3s; eta: 35m:49s; loss = 0.367215; ['mse_0=0.001040; ', 'lpips_0=0.004391; ', 'codec_recon_0=0.023803; ', 'bpp_0=1.258610; ', 'mse_1=0.000890; ', 'lpips_1=0.003711; ', 'codec_recon_1=0.267868; ', 'bpp_1=0.293206; ', 'mse_2=0.000816; ', 'lpips_2=0.003358; ', 'codec_recon_2=0.061336; ', 'bpp_2=0.274774; ']
train step[504/2000] ; used: 12m:4s; eta: 35m:47s; loss = 0.466347; ['mse_0=0.001801; ', 'lpips_0=0.004131; ', 'codec_recon_0=0.052592; ', 'bpp_0=1.287203; ', 'mse_1=0.001578; ', 'lpips_1=0.003378; ', 'codec_recon_1=0.307913; ', 'bpp_1=0.297927; ', 'mse_2=0.001466; ', 'lpips_2=0.002824; ', 'codec_recon_2=0.090662; ', 'bpp_2=0.277905; ']
train step[505/2000] ; used: 12m:6s; eta: 35m:45s; loss = 0.377989; ['mse_0=0.000944; ', 'lpips_0=0.004605; ', 'codec_recon_0=0.026357; ', 'bpp_0=1.267750; ', 'mse_1=0.000800; ', 'lpips_1=0.003909; ', 'codec_recon_1=0.267918; ', 'bpp_1=0.293763; ', 'mse_2=0.000745; ', 'lpips_2=0.003565; ', 'codec_recon_2=0.069145; ', 'bpp_2=0.275423; ']
train step[506/2000] ; used: 12m:7s; eta: 35m:43s; loss = 0.387420; ['mse_0=0.000559; ', 'lpips_0=0.003867; ', 'codec_recon_0=0.025591; ', 'bpp_0=1.291723; ', 'mse_1=0.000432; ', 'lpips_1=0.003236; ', 'codec_recon_1=0.282106; ', 'bpp_1=0.296665; ', 'mse_2=0.000366; ', 'lpips_2=0.002875; ', 'codec_recon_2=0.068384; ', 'bpp_2=0.278951; ']
train step[507/2000] ; used: 12m:8s; eta: 35m:40s; loss = 0.507739; ['mse_0=0.001689; ', 'lpips_0=0.007293; ', 'codec_recon_0=0.030529; ', 'bpp_0=1.260033; ', 'mse_1=0.001417; ', 'lpips_1=0.006294; ', 'codec_recon_1=0.372504; ', 'bpp_1=0.291456; ', 'mse_2=0.001221; ', 'lpips_2=0.005250; ', 'codec_recon_2=0.081540; ', 'bpp_2=0.275044; ']
train step[508/2000] ; used: 12m:9s; eta: 35m:38s; loss = 0.400642; ['mse_0=0.002312; ', 'lpips_0=0.005187; ', 'codec_recon_0=0.026137; ', 'bpp_0=1.273489; ', 'mse_1=0.001809; ', 'lpips_1=0.004413; ', 'codec_recon_1=0.293190; ', 'bpp_1=0.294624; ', 'mse_2=0.001629; ', 'lpips_2=0.004084; ', 'codec_recon_2=0.061879; ', 'bpp_2=0.276414; ']
train step[509/2000] ; used: 12m:10s; eta: 35m:36s; loss = 0.432702; ['mse_0=0.002160; ', 'lpips_0=0.006097; ', 'codec_recon_0=0.026145; ', 'bpp_0=1.299082; ', 'mse_1=0.001821; ', 'lpips_1=0.005025; ', 'codec_recon_1=0.320314; ', 'bpp_1=0.299910; ', 'mse_2=0.001560; ', 'lpips_2=0.004110; ', 'codec_recon_2=0.065469; ', 'bpp_2=0.285074; ']
train step[510/2000] ; used: 12m:12s; eta: 35m:34s; loss = 0.366059; ['mse_0=0.000766; ', 'lpips_0=0.004267; ', 'codec_recon_0=0.023995; ', 'bpp_0=1.253479; ', 'mse_1=0.000632; ', 'lpips_1=0.003685; ', 'codec_recon_1=0.259896; ', 'bpp_1=0.294174; ', 'mse_2=0.000556; ', 'lpips_2=0.003214; ', 'codec_recon_2=0.069046; ', 'bpp_2=0.274960; ']
train step[511/2000] ; used: 12m:13s; eta: 35m:32s; loss = 0.418477; ['mse_0=0.002189; ', 'lpips_0=0.005736; ', 'codec_recon_0=0.027475; ', 'bpp_0=1.307803; ', 'mse_1=0.001858; ', 'lpips_1=0.004816; ', 'codec_recon_1=0.303182; ', 'bpp_1=0.297814; ', 'mse_2=0.001682; ', 'lpips_2=0.004258; ', 'codec_recon_2=0.067280; ', 'bpp_2=0.280409; ']
train step[512/2000] ; used: 12m:14s; eta: 35m:30s; loss = 0.340351; ['mse_0=0.000633; ', 'lpips_0=0.003818; ', 'codec_recon_0=0.023925; ', 'bpp_0=1.266024; ', 'mse_1=0.000508; ', 'lpips_1=0.003075; ', 'codec_recon_1=0.241118; ', 'bpp_1=0.294643; ', 'mse_2=0.000452; ', 'lpips_2=0.002735; ', 'codec_recon_2=0.064086; ', 'bpp_2=0.274764; ']
train step[513/2000] ; used: 12m:15s; eta: 35m:28s; loss = 0.459794; ['mse_0=0.001634; ', 'lpips_0=0.005151; ', 'codec_recon_0=0.030087; ', 'bpp_0=1.326400; ', 'mse_1=0.001300; ', 'lpips_1=0.004163; ', 'codec_recon_1=0.341884; ', 'bpp_1=0.299011; ', 'mse_2=0.000997; ', 'lpips_2=0.003174; ', 'codec_recon_2=0.071401; ', 'bpp_2=0.284048; ']
train step[514/2000] ; used: 12m:16s; eta: 35m:26s; loss = 0.439372; ['mse_0=0.001769; ', 'lpips_0=0.004570; ', 'codec_recon_0=0.026310; ', 'bpp_0=1.275624; ', 'mse_1=0.001259; ', 'lpips_1=0.003735; ', 'codec_recon_1=0.332917; ', 'bpp_1=0.295821; ', 'mse_2=0.000974; ', 'lpips_2=0.003105; ', 'codec_recon_2=0.064730; ', 'bpp_2=0.280332; ']
train step[515/2000] ; used: 12m:18s; eta: 35m:23s; loss = 0.371130; ['mse_0=0.002203; ', 'lpips_0=0.004680; ', 'codec_recon_0=0.023969; ', 'bpp_0=1.263585; ', 'mse_1=0.001814; ', 'lpips_1=0.003923; ', 'codec_recon_1=0.268758; ', 'bpp_1=0.295702; ', 'mse_2=0.001608; ', 'lpips_2=0.003391; ', 'codec_recon_2=0.060784; ', 'bpp_2=0.277291; ']
train step[516/2000] ; used: 12m:19s; eta: 35m:21s; loss = 0.474996; ['mse_0=0.001335; ', 'lpips_0=0.005419; ', 'codec_recon_0=0.027726; ', 'bpp_0=1.254854; ', 'mse_1=0.001035; ', 'lpips_1=0.004249; ', 'codec_recon_1=0.363665; ', 'bpp_1=0.294741; ', 'mse_2=0.000704; ', 'lpips_2=0.003228; ', 'codec_recon_2=0.067633; ', 'bpp_2=0.279867; ']
train step[517/2000] ; used: 12m:20s; eta: 35m:19s; loss = 0.381001; ['mse_0=0.000724; ', 'lpips_0=0.003537; ', 'codec_recon_0=0.028183; ', 'bpp_0=1.251524; ', 'mse_1=0.000585; ', 'lpips_1=0.002955; ', 'codec_recon_1=0.276665; ', 'bpp_1=0.292914; ', 'mse_2=0.000557; ', 'lpips_2=0.002623; ', 'codec_recon_2=0.065169; ', 'bpp_2=0.272485; ']
train step[518/2000] ; used: 12m:21s; eta: 35m:16s; loss = 0.403870; ['mse_0=0.000851; ', 'lpips_0=0.004100; ', 'codec_recon_0=0.028196; ', 'bpp_0=1.279375; ', 'mse_1=0.000727; ', 'lpips_1=0.003358; ', 'codec_recon_1=0.287826; ', 'bpp_1=0.297074; ', 'mse_2=0.000649; ', 'lpips_2=0.002965; ', 'codec_recon_2=0.075196; ', 'bpp_2=0.278925; ']
train step[519/2000] ; used: 12m:22s; eta: 35m:14s; loss = 0.428501; ['mse_0=0.001708; ', 'lpips_0=0.005361; ', 'codec_recon_0=0.043130; ', 'bpp_0=1.253440; ', 'mse_1=0.001520; ', 'lpips_1=0.004691; ', 'codec_recon_1=0.258623; ', 'bpp_1=0.289724; ', 'mse_2=0.001447; ', 'lpips_2=0.004462; ', 'codec_recon_2=0.107556; ', 'bpp_2=0.270236; ']
train step[520/2000] ; used: 12m:23s; eta: 35m:12s; loss = 0.375288; ['mse_0=0.001265; ', 'lpips_0=0.005248; ', 'codec_recon_0=0.028341; ', 'bpp_0=1.275383; ', 'mse_1=0.001134; ', 'lpips_1=0.004351; ', 'codec_recon_1=0.262986; ', 'bpp_1=0.292854; ', 'mse_2=0.001083; ', 'lpips_2=0.003959; ', 'codec_recon_2=0.066918; ', 'bpp_2=0.275481; ']
train step[521/2000] ; used: 12m:24s; eta: 35m:10s; loss = 0.392528; ['mse_0=0.001586; ', 'lpips_0=0.004391; ', 'codec_recon_0=0.029213; ', 'bpp_0=1.277306; ', 'mse_1=0.001404; ', 'lpips_1=0.003482; ', 'codec_recon_1=0.287453; ', 'bpp_1=0.296416; ', 'mse_2=0.001291; ', 'lpips_2=0.002943; ', 'codec_recon_2=0.060763; ', 'bpp_2=0.279462; ']
train step[522/2000] ; used: 12m:25s; eta: 35m:7s; loss = 0.393679; ['mse_0=0.001081; ', 'lpips_0=0.004654; ', 'codec_recon_0=0.026445; ', 'bpp_0=1.275666; ', 'mse_1=0.000924; ', 'lpips_1=0.003953; ', 'codec_recon_1=0.288999; ', 'bpp_1=0.295463; ', 'mse_2=0.000812; ', 'lpips_2=0.003501; ', 'codec_recon_2=0.063308; ', 'bpp_2=0.277358; ']
train step[523/2000] ; used: 12m:27s; eta: 35m:5s; loss = 0.372867; ['mse_0=0.001315; ', 'lpips_0=0.004544; ', 'codec_recon_0=0.026500; ', 'bpp_0=1.279725; ', 'mse_1=0.000963; ', 'lpips_1=0.003686; ', 'codec_recon_1=0.269059; ', 'bpp_1=0.296017; ', 'mse_2=0.000829; ', 'lpips_2=0.003025; ', 'codec_recon_2=0.062943; ', 'bpp_2=0.280060; ']
train step[524/2000] ; used: 12m:28s; eta: 35m:3s; loss = 0.392352; ['mse_0=0.001029; ', 'lpips_0=0.005023; ', 'codec_recon_0=0.027491; ', 'bpp_0=1.265710; ', 'mse_1=0.000824; ', 'lpips_1=0.004131; ', 'codec_recon_1=0.278990; ', 'bpp_1=0.293166; ', 'mse_2=0.000759; ', 'lpips_2=0.003787; ', 'codec_recon_2=0.070317; ', 'bpp_2=0.274281; ']
train step[525/2000] ; used: 12m:29s; eta: 35m:1s; loss = 0.427427; ['mse_0=0.000760; ', 'lpips_0=0.004489; ', 'codec_recon_0=0.026808; ', 'bpp_0=1.285119; ', 'mse_1=0.000491; ', 'lpips_1=0.003526; ', 'codec_recon_1=0.318486; ', 'bpp_1=0.296757; ', 'mse_2=0.000334; ', 'lpips_2=0.002489; ', 'codec_recon_2=0.070041; ', 'bpp_2=0.281569; ']
train step[526/2000] ; used: 12m:30s; eta: 34m:59s; loss = 0.440421; ['mse_0=0.002599; ', 'lpips_0=0.005720; ', 'codec_recon_0=0.027510; ', 'bpp_0=1.308159; ', 'mse_1=0.002355; ', 'lpips_1=0.005012; ', 'codec_recon_1=0.308993; ', 'bpp_1=0.300167; ', 'mse_2=0.002177; ', 'lpips_2=0.004542; ', 'codec_recon_2=0.081510; ', 'bpp_2=0.283619; ']
train step[527/2000] ; used: 12m:31s; eta: 34m:57s; loss = 0.415512; ['mse_0=0.001054; ', 'lpips_0=0.004145; ', 'codec_recon_0=0.029871; ', 'bpp_0=1.272622; ', 'mse_1=0.000789; ', 'lpips_1=0.003161; ', 'codec_recon_1=0.303425; ', 'bpp_1=0.298552; ', 'mse_2=0.000665; ', 'lpips_2=0.002571; ', 'codec_recon_2=0.069830; ', 'bpp_2=0.282437; ']
train step[528/2000] ; used: 12m:32s; eta: 34m:55s; loss = 0.432618; ['mse_0=0.002363; ', 'lpips_0=0.004684; ', 'codec_recon_0=0.025788; ', 'bpp_0=1.298487; ', 'mse_1=0.001997; ', 'lpips_1=0.003799; ', 'codec_recon_1=0.328662; ', 'bpp_1=0.300272; ', 'mse_2=0.001698; ', 'lpips_2=0.002774; ', 'codec_recon_2=0.060852; ', 'bpp_2=0.284603; ']
train step[529/2000] ; used: 12m:34s; eta: 34m:53s; loss = 0.410399; ['mse_0=0.003463; ', 'lpips_0=0.005725; ', 'codec_recon_0=0.026792; ', 'bpp_0=1.318845; ', 'mse_1=0.002755; ', 'lpips_1=0.004799; ', 'codec_recon_1=0.302800; ', 'bpp_1=0.301131; ', 'mse_2=0.002348; ', 'lpips_2=0.004107; ', 'codec_recon_2=0.057609; ', 'bpp_2=0.286208; ']
train step[530/2000] ; used: 12m:35s; eta: 34m:51s; loss = 0.367192; ['mse_0=0.000590; ', 'lpips_0=0.003965; ', 'codec_recon_0=0.026422; ', 'bpp_0=1.266541; ', 'mse_1=0.000423; ', 'lpips_1=0.003348; ', 'codec_recon_1=0.258985; ', 'bpp_1=0.294215; ', 'mse_2=0.000361; ', 'lpips_2=0.003121; ', 'codec_recon_2=0.069975; ', 'bpp_2=0.274236; ']
train step[531/2000] ; used: 12m:36s; eta: 34m:49s; loss = 0.395468; ['mse_0=0.002815; ', 'lpips_0=0.004793; ', 'codec_recon_0=0.028304; ', 'bpp_0=1.273018; ', 'mse_1=0.002487; ', 'lpips_1=0.004038; ', 'codec_recon_1=0.279088; ', 'bpp_1=0.295852; ', 'mse_2=0.002342; ', 'lpips_2=0.003532; ', 'codec_recon_2=0.068067; ', 'bpp_2=0.277606; ']
train step[532/2000] ; used: 12m:37s; eta: 34m:46s; loss = 0.496935; ['mse_0=0.002653; ', 'lpips_0=0.006738; ', 'codec_recon_0=0.030805; ', 'bpp_0=1.289006; ', 'mse_1=0.002362; ', 'lpips_1=0.005970; ', 'codec_recon_1=0.371969; ', 'bpp_1=0.297730; ', 'mse_2=0.002264; ', 'lpips_2=0.005067; ', 'codec_recon_2=0.069105; ', 'bpp_2=0.283163; ']
train step[533/2000] ; used: 12m:38s; eta: 34m:44s; loss = 0.393755; ['mse_0=0.001049; ', 'lpips_0=0.004238; ', 'codec_recon_0=0.029315; ', 'bpp_0=1.242029; ', 'mse_1=0.000898; ', 'lpips_1=0.003552; ', 'codec_recon_1=0.266918; ', 'bpp_1=0.294382; ', 'mse_2=0.000869; ', 'lpips_2=0.003270; ', 'codec_recon_2=0.083645; ', 'bpp_2=0.275707; ']
train step[534/2000] ; used: 12m:40s; eta: 34m:42s; loss = 0.373204; ['mse_0=0.000467; ', 'lpips_0=0.003704; ', 'codec_recon_0=0.027596; ', 'bpp_0=1.268406; ', 'mse_1=0.000348; ', 'lpips_1=0.002983; ', 'codec_recon_1=0.260872; ', 'bpp_1=0.292984; ', 'mse_2=0.000297; ', 'lpips_2=0.002574; ', 'codec_recon_2=0.074362; ', 'bpp_2=0.273544; ']
train step[535/2000] ; used: 12m:41s; eta: 34m:40s; loss = 0.407914; ['mse_0=0.000467; ', 'lpips_0=0.002907; ', 'codec_recon_0=0.026954; ', 'bpp_0=1.280490; ', 'mse_1=0.000310; ', 'lpips_1=0.002205; ', 'codec_recon_1=0.306163; ', 'bpp_1=0.296619; ', 'mse_2=0.000214; ', 'lpips_2=0.001774; ', 'codec_recon_2=0.066917; ', 'bpp_2=0.278138; ']
train step[536/2000] ; used: 12m:42s; eta: 34m:38s; loss = 0.397643; ['mse_0=0.001568; ', 'lpips_0=0.004659; ', 'codec_recon_0=0.028620; ', 'bpp_0=1.271720; ', 'mse_1=0.001284; ', 'lpips_1=0.003800; ', 'codec_recon_1=0.283807; ', 'bpp_1=0.297115; ', 'mse_2=0.001202; ', 'lpips_2=0.003366; ', 'codec_recon_2=0.069334; ', 'bpp_2=0.280611; ']
train step[537/2000] ; used: 12m:43s; eta: 34m:35s; loss = 0.376127; ['mse_0=0.002977; ', 'lpips_0=0.005476; ', 'codec_recon_0=0.026484; ', 'bpp_0=1.254957; ', 'mse_1=0.002611; ', 'lpips_1=0.004863; ', 'codec_recon_1=0.270406; ', 'bpp_1=0.293908; ', 'mse_2=0.002476; ', 'lpips_2=0.004508; ', 'codec_recon_2=0.056324; ', 'bpp_2=0.276494; ']
train step[538/2000] ; used: 12m:44s; eta: 34m:33s; loss = 0.390690; ['mse_0=0.001177; ', 'lpips_0=0.004213; ', 'codec_recon_0=0.026766; ', 'bpp_0=1.260679; ', 'mse_1=0.000880; ', 'lpips_1=0.003484; ', 'codec_recon_1=0.289745; ', 'bpp_1=0.295004; ', 'mse_2=0.000734; ', 'lpips_2=0.002997; ', 'codec_recon_2=0.060691; ', 'bpp_2=0.277973; ']
train step[539/2000] ; used: 12m:45s; eta: 34m:31s; loss = 0.389264; ['mse_0=0.001875; ', 'lpips_0=0.005093; ', 'codec_recon_0=0.025145; ', 'bpp_0=1.285660; ', 'mse_1=0.001508; ', 'lpips_1=0.004414; ', 'codec_recon_1=0.278043; ', 'bpp_1=0.298273; ', 'mse_2=0.001456; ', 'lpips_2=0.003894; ', 'codec_recon_2=0.067833; ', 'bpp_2=0.281197; ']
train step[540/2000] ; used: 12m:46s; eta: 34m:29s; loss = 0.409202; ['mse_0=0.001438; ', 'lpips_0=0.004293; ', 'codec_recon_0=0.029042; ', 'bpp_0=1.279719; ', 'mse_1=0.001245; ', 'lpips_1=0.003637; ', 'codec_recon_1=0.280470; ', 'bpp_1=0.295714; ', 'mse_2=0.001124; ', 'lpips_2=0.003203; ', 'codec_recon_2=0.084749; ', 'bpp_2=0.276889; ']
train step[541/2000] ; used: 12m:48s; eta: 34m:27s; loss = 0.431318; ['mse_0=0.000694; ', 'lpips_0=0.005573; ', 'codec_recon_0=0.028257; ', 'bpp_0=1.241427; ', 'mse_1=0.000528; ', 'lpips_1=0.004756; ', 'codec_recon_1=0.311608; ', 'bpp_1=0.290074; ', 'mse_2=0.000441; ', 'lpips_2=0.004219; ', 'codec_recon_2=0.075240; ', 'bpp_2=0.271501; ']
train step[542/2000] ; used: 12m:49s; eta: 34m:25s; loss = 0.402607; ['mse_0=0.000631; ', 'lpips_0=0.003312; ', 'codec_recon_0=0.033593; ', 'bpp_0=1.270747; ', 'mse_1=0.000440; ', 'lpips_1=0.002518; ', 'codec_recon_1=0.282661; ', 'bpp_1=0.293975; ', 'mse_2=0.000370; ', 'lpips_2=0.002198; ', 'codec_recon_2=0.076882; ', 'bpp_2=0.276984; ']
train step[543/2000] ; used: 12m:50s; eta: 34m:24s; loss = 0.354702; ['mse_0=0.000780; ', 'lpips_0=0.003813; ', 'codec_recon_0=0.023747; ', 'bpp_0=1.246388; ', 'mse_1=0.000666; ', 'lpips_1=0.003112; ', 'codec_recon_1=0.254825; ', 'bpp_1=0.296496; ', 'mse_2=0.000610; ', 'lpips_2=0.002773; ', 'codec_recon_2=0.064374; ', 'bpp_2=0.277241; ']
train step[544/2000] ; used: 12m:52s; eta: 34m:22s; loss = 0.446027; ['mse_0=0.003079; ', 'lpips_0=0.006302; ', 'codec_recon_0=0.027386; ', 'bpp_0=1.319022; ', 'mse_1=0.002549; ', 'lpips_1=0.005398; ', 'codec_recon_1=0.333764; ', 'bpp_1=0.302843; ', 'mse_2=0.002158; ', 'lpips_2=0.004608; ', 'codec_recon_2=0.060781; ', 'bpp_2=0.287803; ']
train step[545/2000] ; used: 12m:53s; eta: 34m:20s; loss = 0.414693; ['mse_0=0.001200; ', 'lpips_0=0.004730; ', 'codec_recon_0=0.027871; ', 'bpp_0=1.295574; ', 'mse_1=0.000863; ', 'lpips_1=0.003585; ', 'codec_recon_1=0.295324; ', 'bpp_1=0.298366; ', 'mse_2=0.000698; ', 'lpips_2=0.002913; ', 'codec_recon_2=0.077507; ', 'bpp_2=0.280024; ']
train step[546/2000] ; used: 12m:54s; eta: 34m:18s; loss = 0.402702; ['mse_0=0.000788; ', 'lpips_0=0.003914; ', 'codec_recon_0=0.027114; ', 'bpp_0=1.253571; ', 'mse_1=0.000555; ', 'lpips_1=0.003269; ', 'codec_recon_1=0.300381; ', 'bpp_1=0.294185; ', 'mse_2=0.000457; ', 'lpips_2=0.002831; ', 'codec_recon_2=0.063392; ', 'bpp_2=0.274999; ']
train step[547/2000] ; used: 12m:55s; eta: 34m:16s; loss = 0.457188; ['mse_0=0.006440; ', 'lpips_0=0.007677; ', 'codec_recon_0=0.031124; ', 'bpp_0=1.284724; ', 'mse_1=0.006293; ', 'lpips_1=0.006891; ', 'codec_recon_1=0.313348; ', 'bpp_1=0.297569; ', 'mse_2=0.006336; ', 'lpips_2=0.006446; ', 'codec_recon_2=0.072630; ', 'bpp_2=0.280665; ']
train step[548/2000] ; used: 12m:56s; eta: 34m:14s; loss = 0.455709; ['mse_0=0.003941; ', 'lpips_0=0.006499; ', 'codec_recon_0=0.026601; ', 'bpp_0=1.289256; ', 'mse_1=0.003336; ', 'lpips_1=0.005678; ', 'codec_recon_1=0.339771; ', 'bpp_1=0.301846; ', 'mse_2=0.002993; ', 'lpips_2=0.004712; ', 'codec_recon_2=0.062177; ', 'bpp_2=0.286545; ']
train step[549/2000] ; used: 12m:57s; eta: 34m:12s; loss = 0.356460; ['mse_0=0.001369; ', 'lpips_0=0.003598; ', 'codec_recon_0=0.028029; ', 'bpp_0=1.255220; ', 'mse_1=0.001071; ', 'lpips_1=0.002868; ', 'codec_recon_1=0.246839; ', 'bpp_1=0.292961; ', 'mse_2=0.000987; ', 'lpips_2=0.002513; ', 'codec_recon_2=0.069185; ', 'bpp_2=0.274382; ']
train step[550/2000] ; used: 12m:59s; eta: 34m:10s; loss = 0.475102; ['mse_0=0.001646; ', 'lpips_0=0.005675; ', 'codec_recon_0=0.027628; ', 'bpp_0=1.269577; ', 'mse_1=0.001258; ', 'lpips_1=0.004655; ', 'codec_recon_1=0.360264; ', 'bpp_1=0.296544; ', 'mse_2=0.000812; ', 'lpips_2=0.003554; ', 'codec_recon_2=0.069607; ', 'bpp_2=0.280016; ']
train step[551/2000] ; used: 13m; eta: 34m:8s; loss = 0.343477; ['mse_0=0.000459; ', 'lpips_0=0.003912; ', 'codec_recon_0=0.026276; ', 'bpp_0=1.231176; ', 'mse_1=0.000407; ', 'lpips_1=0.003273; ', 'codec_recon_1=0.240312; ', 'bpp_1=0.291570; ', 'mse_2=0.000380; ', 'lpips_2=0.002991; ', 'codec_recon_2=0.065467; ', 'bpp_2=0.273476; ']
train step[552/2000] ; used: 13m:1s; eta: 34m:6s; loss = 0.429089; ['mse_0=0.001004; ', 'lpips_0=0.003715; ', 'codec_recon_0=0.025919; ', 'bpp_0=1.283775; ', 'mse_1=0.000767; ', 'lpips_1=0.002798; ', 'codec_recon_1=0.328048; ', 'bpp_1=0.299180; ', 'mse_2=0.000555; ', 'lpips_2=0.002034; ', 'codec_recon_2=0.064249; ', 'bpp_2=0.282353; ']
train step[553/2000] ; used: 13m:2s; eta: 34m:4s; loss = 0.388710; ['mse_0=0.001010; ', 'lpips_0=0.004462; ', 'codec_recon_0=0.028667; ', 'bpp_0=1.292868; ', 'mse_1=0.000817; ', 'lpips_1=0.003618; ', 'codec_recon_1=0.273242; ', 'bpp_1=0.298079; ', 'mse_2=0.000753; ', 'lpips_2=0.003250; ', 'codec_recon_2=0.072890; ', 'bpp_2=0.281803; ']
train step[554/2000] ; used: 13m:3s; eta: 34m:2s; loss = 0.390589; ['mse_0=0.001265; ', 'lpips_0=0.004001; ', 'codec_recon_0=0.026639; ', 'bpp_0=1.264457; ', 'mse_1=0.000977; ', 'lpips_1=0.003112; ', 'codec_recon_1=0.286720; ', 'bpp_1=0.297960; ', 'mse_2=0.000854; ', 'lpips_2=0.002690; ', 'codec_recon_2=0.064330; ', 'bpp_2=0.279733; ']
train step[555/2000] ; used: 13m:5s; eta: 34m; loss = 0.387156; ['mse_0=0.000703; ', 'lpips_0=0.003484; ', 'codec_recon_0=0.027119; ', 'bpp_0=1.263652; ', 'mse_1=0.000450; ', 'lpips_1=0.002614; ', 'codec_recon_1=0.292076; ', 'bpp_1=0.296036; ', 'mse_2=0.000322; ', 'lpips_2=0.002159; ', 'codec_recon_2=0.058227; ', 'bpp_2=0.278227; ']
train step[556/2000] ; used: 13m:6s; eta: 33m:58s; loss = 0.361440; ['mse_0=0.000523; ', 'lpips_0=0.003556; ', 'codec_recon_0=0.026154; ', 'bpp_0=1.246758; ', 'mse_1=0.000407; ', 'lpips_1=0.002985; ', 'codec_recon_1=0.260218; ', 'bpp_1=0.292504; ', 'mse_2=0.000330; ', 'lpips_2=0.002723; ', 'codec_recon_2=0.064541; ', 'bpp_2=0.274149; ']
train step[557/2000] ; used: 13m:7s; eta: 33m:56s; loss = 0.394251; ['mse_0=0.004411; ', 'lpips_0=0.005229; ', 'codec_recon_0=0.025539; ', 'bpp_0=1.279437; ', 'mse_1=0.004067; ', 'lpips_1=0.004501; ', 'codec_recon_1=0.283976; ', 'bpp_1=0.297258; ', 'mse_2=0.004058; ', 'lpips_2=0.004041; ', 'codec_recon_2=0.058426; ', 'bpp_2=0.280022; ']
train step[558/2000] ; used: 13m:8s; eta: 33m:53s; loss = 0.345154; ['mse_0=0.000727; ', 'lpips_0=0.003684; ', 'codec_recon_0=0.025564; ', 'bpp_0=1.258874; ', 'mse_1=0.000573; ', 'lpips_1=0.003052; ', 'codec_recon_1=0.250119; ', 'bpp_1=0.294752; ', 'mse_2=0.000505; ', 'lpips_2=0.002665; ', 'codec_recon_2=0.058262; ', 'bpp_2=0.275770; ']
train step[559/2000] ; used: 13m:9s; eta: 33m:51s; loss = 0.399690; ['mse_0=0.000747; ', 'lpips_0=0.004131; ', 'codec_recon_0=0.028450; ', 'bpp_0=1.272429; ', 'mse_1=0.000615; ', 'lpips_1=0.003426; ', 'codec_recon_1=0.284506; ', 'bpp_1=0.295272; ', 'mse_2=0.000591; ', 'lpips_2=0.003193; ', 'codec_recon_2=0.074028; ', 'bpp_2=0.278888; ']
train step[560/2000] ; used: 13m:10s; eta: 33m:49s; loss = 0.422959; ['mse_0=0.001468; ', 'lpips_0=0.005393; ', 'codec_recon_0=0.028681; ', 'bpp_0=1.283799; ', 'mse_1=0.001166; ', 'lpips_1=0.004428; ', 'codec_recon_1=0.310914; ', 'bpp_1=0.297161; ', 'mse_2=0.001018; ', 'lpips_2=0.003748; ', 'codec_recon_2=0.066142; ', 'bpp_2=0.281343; ']
train step[561/2000] ; used: 13m:11s; eta: 33m:47s; loss = 0.384339; ['mse_0=0.001384; ', 'lpips_0=0.003968; ', 'codec_recon_0=0.027172; ', 'bpp_0=1.271603; ', 'mse_1=0.001145; ', 'lpips_1=0.003192; ', 'codec_recon_1=0.282318; ', 'bpp_1=0.298141; ', 'mse_2=0.001027; ', 'lpips_2=0.002798; ', 'codec_recon_2=0.061336; ', 'bpp_2=0.282171; ']
train step[562/2000] ; used: 13m:12s; eta: 33m:45s; loss = 0.397041; ['mse_0=0.001171; ', 'lpips_0=0.004991; ', 'codec_recon_0=0.026644; ', 'bpp_0=1.258797; ', 'mse_1=0.001022; ', 'lpips_1=0.004359; ', 'codec_recon_1=0.282750; ', 'bpp_1=0.292862; ', 'mse_2=0.000936; ', 'lpips_2=0.003988; ', 'codec_recon_2=0.071177; ', 'bpp_2=0.275476; ']
train step[563/2000] ; used: 13m:14s; eta: 33m:43s; loss = 0.377652; ['mse_0=0.001927; ', 'lpips_0=0.004919; ', 'codec_recon_0=0.028377; ', 'bpp_0=1.275642; ', 'mse_1=0.001534; ', 'lpips_1=0.004078; ', 'codec_recon_1=0.267455; ', 'bpp_1=0.289828; ', 'mse_2=0.001426; ', 'lpips_2=0.003731; ', 'codec_recon_2=0.064204; ', 'bpp_2=0.271632; ']
train step[564/2000] ; used: 13m:15s; eta: 33m:41s; loss = 0.429379; ['mse_0=0.001578; ', 'lpips_0=0.004258; ', 'codec_recon_0=0.027063; ', 'bpp_0=1.278480; ', 'mse_1=0.001163; ', 'lpips_1=0.003517; ', 'codec_recon_1=0.326782; ', 'bpp_1=0.299050; ', 'mse_2=0.000813; ', 'lpips_2=0.002784; ', 'codec_recon_2=0.061419; ', 'bpp_2=0.283225; ']
train step[565/2000] ; used: 13m:16s; eta: 33m:39s; loss = 0.452046; ['mse_0=0.001695; ', 'lpips_0=0.004863; ', 'codec_recon_0=0.032147; ', 'bpp_0=1.295575; ', 'mse_1=0.001399; ', 'lpips_1=0.003934; ', 'codec_recon_1=0.331737; ', 'bpp_1=0.299584; ', 'mse_2=0.001187; ', 'lpips_2=0.003244; ', 'codec_recon_2=0.071838; ', 'bpp_2=0.284210; ']
train step[566/2000] ; used: 13m:17s; eta: 33m:37s; loss = 0.420272; ['mse_0=0.001834; ', 'lpips_0=0.005997; ', 'codec_recon_0=0.039730; ', 'bpp_0=1.262901; ', 'mse_1=0.001579; ', 'lpips_1=0.004993; ', 'codec_recon_1=0.282719; ', 'bpp_1=0.293456; ', 'mse_2=0.001466; ', 'lpips_2=0.004646; ', 'codec_recon_2=0.077306; ', 'bpp_2=0.274733; ']
train step[567/2000] ; used: 13m:18s; eta: 33m:34s; loss = 0.413766; ['mse_0=0.001925; ', 'lpips_0=0.005039; ', 'codec_recon_0=0.033572; ', 'bpp_0=1.274850; ', 'mse_1=0.001698; ', 'lpips_1=0.004249; ', 'codec_recon_1=0.286440; ', 'bpp_1=0.297572; ', 'mse_2=0.001601; ', 'lpips_2=0.003838; ', 'codec_recon_2=0.075402; ', 'bpp_2=0.279239; ']
train step[568/2000] ; used: 13m:19s; eta: 33m:33s; loss = 0.367216; ['mse_0=0.000644; ', 'lpips_0=0.003324; ', 'codec_recon_0=0.031765; ', 'bpp_0=1.272654; ', 'mse_1=0.000507; ', 'lpips_1=0.002664; ', 'codec_recon_1=0.258468; ', 'bpp_1=0.293999; ', 'mse_2=0.000469; ', 'lpips_2=0.002383; ', 'codec_recon_2=0.066990; ', 'bpp_2=0.275054; ']
train step[569/2000] ; used: 13m:20s; eta: 33m:30s; loss = 0.418178; ['mse_0=0.000779; ', 'lpips_0=0.004655; ', 'codec_recon_0=0.030167; ', 'bpp_0=1.260333; ', 'mse_1=0.000620; ', 'lpips_1=0.003867; ', 'codec_recon_1=0.299894; ', 'bpp_1=0.295906; ', 'mse_2=0.000521; ', 'lpips_2=0.003295; ', 'codec_recon_2=0.074379; ', 'bpp_2=0.280025; ']
train step[570/2000] ; used: 13m:22s; eta: 33m:28s; loss = 0.429903; ['mse_0=0.002951; ', 'lpips_0=0.006437; ', 'codec_recon_0=0.032185; ', 'bpp_0=1.287194; ', 'mse_1=0.002357; ', 'lpips_1=0.005522; ', 'codec_recon_1=0.310428; ', 'bpp_1=0.294757; ', 'mse_2=0.002228; ', 'lpips_2=0.005141; ', 'codec_recon_2=0.062653; ', 'bpp_2=0.278338; ']
train step[571/2000] ; used: 13m:23s; eta: 33m:26s; loss = 0.396519; ['mse_0=0.001728; ', 'lpips_0=0.004893; ', 'codec_recon_0=0.025177; ', 'bpp_0=1.270652; ', 'mse_1=0.001438; ', 'lpips_1=0.004064; ', 'codec_recon_1=0.293291; ', 'bpp_1=0.297040; ', 'mse_2=0.001306; ', 'lpips_2=0.003575; ', 'codec_recon_2=0.061044; ', 'bpp_2=0.278607; ']
train step[572/2000] ; used: 13m:24s; eta: 33m:24s; loss = 0.380769; ['mse_0=0.001246; ', 'lpips_0=0.004275; ', 'codec_recon_0=0.026787; ', 'bpp_0=1.258209; ', 'mse_1=0.001037; ', 'lpips_1=0.003603; ', 'codec_recon_1=0.274317; ', 'bpp_1=0.297316; ', 'mse_2=0.000909; ', 'lpips_2=0.003166; ', 'codec_recon_2=0.065427; ', 'bpp_2=0.278850; ']
train step[573/2000] ; used: 13m:25s; eta: 33m:22s; loss = 0.380368; ['mse_0=0.001329; ', 'lpips_0=0.004452; ', 'codec_recon_0=0.030239; ', 'bpp_0=1.267742; ', 'mse_1=0.000914; ', 'lpips_1=0.003419; ', 'codec_recon_1=0.275859; ', 'bpp_1=0.291638; ', 'mse_2=0.000726; ', 'lpips_2=0.002995; ', 'codec_recon_2=0.060432; ', 'bpp_2=0.274010; ']
train step[574/2000] ; used: 13m:26s; eta: 33m:20s; loss = 0.381533; ['mse_0=0.001684; ', 'lpips_0=0.004567; ', 'codec_recon_0=0.029937; ', 'bpp_0=1.265621; ', 'mse_1=0.001411; ', 'lpips_1=0.003877; ', 'codec_recon_1=0.267696; ', 'bpp_1=0.295416; ', 'mse_2=0.001349; ', 'lpips_2=0.003615; ', 'codec_recon_2=0.067394; ', 'bpp_2=0.278080; ']
train step[575/2000] ; used: 13m:27s; eta: 33m:18s; loss = 0.375458; ['mse_0=0.000362; ', 'lpips_0=0.003788; ', 'codec_recon_0=0.029103; ', 'bpp_0=1.261104; ', 'mse_1=0.000268; ', 'lpips_1=0.003091; ', 'codec_recon_1=0.265174; ', 'bpp_1=0.292049; ', 'mse_2=0.000210; ', 'lpips_2=0.002764; ', 'codec_recon_2=0.070697; ', 'bpp_2=0.271748; ']
train step[576/2000] ; used: 13m:28s; eta: 33m:16s; loss = 0.396700; ['mse_0=0.002919; ', 'lpips_0=0.006950; ', 'codec_recon_0=0.032128; ', 'bpp_0=1.226178; ', 'mse_1=0.002620; ', 'lpips_1=0.006339; ', 'codec_recon_1=0.260555; ', 'bpp_1=0.290100; ', 'mse_2=0.002558; ', 'lpips_2=0.006060; ', 'codec_recon_2=0.076569; ', 'bpp_2=0.272894; ']
train step[577/2000] ; used: 13m:30s; eta: 33m:14s; loss = 0.487723; ['mse_0=0.000771; ', 'lpips_0=0.003392; ', 'codec_recon_0=0.036912; ', 'bpp_0=1.265433; ', 'mse_1=0.000648; ', 'lpips_1=0.002611; ', 'codec_recon_1=0.277035; ', 'bpp_1=0.295682; ', 'mse_2=0.000579; ', 'lpips_2=0.002273; ', 'codec_recon_2=0.163500; ', 'bpp_2=0.275726; ']
train step[578/2000] ; used: 13m:31s; eta: 33m:12s; loss = 0.404751; ['mse_0=0.001787; ', 'lpips_0=0.004326; ', 'codec_recon_0=0.032596; ', 'bpp_0=1.275768; ', 'mse_1=0.001446; ', 'lpips_1=0.003411; ', 'codec_recon_1=0.287964; ', 'bpp_1=0.298137; ', 'mse_2=0.001336; ', 'lpips_2=0.002882; ', 'codec_recon_2=0.069001; ', 'bpp_2=0.280678; ']
train step[579/2000] ; used: 13m:32s; eta: 33m:10s; loss = 0.441211; ['mse_0=0.001116; ', 'lpips_0=0.004249; ', 'codec_recon_0=0.030182; ', 'bpp_0=1.274524; ', 'mse_1=0.000866; ', 'lpips_1=0.003338; ', 'codec_recon_1=0.333731; ', 'bpp_1=0.294293; ', 'mse_2=0.000547; ', 'lpips_2=0.002519; ', 'codec_recon_2=0.064661; ', 'bpp_2=0.277611; ']
train step[580/2000] ; used: 13m:33s; eta: 33m:8s; loss = 0.389760; ['mse_0=0.000862; ', 'lpips_0=0.004496; ', 'codec_recon_0=0.027989; ', 'bpp_0=1.263127; ', 'mse_1=0.000618; ', 'lpips_1=0.003735; ', 'codec_recon_1=0.281573; ', 'bpp_1=0.293985; ', 'mse_2=0.000528; ', 'lpips_2=0.003291; ', 'codec_recon_2=0.066665; ', 'bpp_2=0.276346; ']
train step[581/2000] ; used: 13m:34s; eta: 33m:6s; loss = 0.359938; ['mse_0=0.000633; ', 'lpips_0=0.004240; ', 'codec_recon_0=0.026381; ', 'bpp_0=1.251698; ', 'mse_1=0.000441; ', 'lpips_1=0.003412; ', 'codec_recon_1=0.256388; ', 'bpp_1=0.295059; ', 'mse_2=0.000367; ', 'lpips_2=0.003084; ', 'codec_recon_2=0.064988; ', 'bpp_2=0.276879; ']
train step[582/2000] ; used: 13m:35s; eta: 33m:4s; loss = 0.367087; ['mse_0=0.000819; ', 'lpips_0=0.004434; ', 'codec_recon_0=0.032353; ', 'bpp_0=1.242733; ', 'mse_1=0.000690; ', 'lpips_1=0.003860; ', 'codec_recon_1=0.255217; ', 'bpp_1=0.294914; ', 'mse_2=0.000598; ', 'lpips_2=0.003572; ', 'codec_recon_2=0.065542; ', 'bpp_2=0.276328; ']
train step[583/2000] ; used: 13m:37s; eta: 33m:2s; loss = 0.420892; ['mse_0=0.001301; ', 'lpips_0=0.004159; ', 'codec_recon_0=0.026107; ', 'bpp_0=1.277226; ', 'mse_1=0.001049; ', 'lpips_1=0.003243; ', 'codec_recon_1=0.315232; ', 'bpp_1=0.298537; ', 'mse_2=0.000886; ', 'lpips_2=0.002488; ', 'codec_recon_2=0.066426; ', 'bpp_2=0.282131; ']
train step[584/2000] ; used: 13m:38s; eta: 33m; loss = 0.393917; ['mse_0=0.001029; ', 'lpips_0=0.003804; ', 'codec_recon_0=0.029880; ', 'bpp_0=1.282320; ', 'mse_1=0.000823; ', 'lpips_1=0.002947; ', 'codec_recon_1=0.284503; ', 'bpp_1=0.296079; ', 'mse_2=0.000681; ', 'lpips_2=0.002495; ', 'codec_recon_2=0.067755; ', 'bpp_2=0.277337; ']
train step[585/2000] ; used: 13m:39s; eta: 32m:58s; loss = 0.393208; ['mse_0=0.000994; ', 'lpips_0=0.004102; ', 'codec_recon_0=0.030289; ', 'bpp_0=1.247095; ', 'mse_1=0.000854; ', 'lpips_1=0.003401; ', 'codec_recon_1=0.273649; ', 'bpp_1=0.294022; ', 'mse_2=0.000793; ', 'lpips_2=0.003080; ', 'codec_recon_2=0.076044; ', 'bpp_2=0.276383; ']
train step[586/2000] ; used: 13m:40s; eta: 32m:56s; loss = 0.359934; ['mse_0=0.002414; ', 'lpips_0=0.005611; ', 'codec_recon_0=0.028672; ', 'bpp_0=1.233471; ', 'mse_1=0.002288; ', 'lpips_1=0.005020; ', 'codec_recon_1=0.241726; ', 'bpp_1=0.291570; ', 'mse_2=0.002245; ', 'lpips_2=0.004822; ', 'codec_recon_2=0.067133; ', 'bpp_2=0.273669; ']
train step[587/2000] ; used: 13m:41s; eta: 32m:54s; loss = 0.387649; ['mse_0=0.001068; ', 'lpips_0=0.004886; ', 'codec_recon_0=0.029591; ', 'bpp_0=1.261523; ', 'mse_1=0.000921; ', 'lpips_1=0.003869; ', 'codec_recon_1=0.275627; ', 'bpp_1=0.294173; ', 'mse_2=0.000817; ', 'lpips_2=0.003329; ', 'codec_recon_2=0.067538; ', 'bpp_2=0.278133; ']
train step[588/2000] ; used: 13m:42s; eta: 32m:52s; loss = 0.383710; ['mse_0=0.001007; ', 'lpips_0=0.004100; ', 'codec_recon_0=0.026168; ', 'bpp_0=1.251700; ', 'mse_1=0.000843; ', 'lpips_1=0.003469; ', 'codec_recon_1=0.279611; ', 'bpp_1=0.295398; ', 'mse_2=0.000740; ', 'lpips_2=0.003102; ', 'codec_recon_2=0.064668; ', 'bpp_2=0.277636; ']
train step[589/2000] ; used: 13m:43s; eta: 32m:50s; loss = 0.422578; ['mse_0=0.001568; ', 'lpips_0=0.004693; ', 'codec_recon_0=0.028207; ', 'bpp_0=1.287508; ', 'mse_1=0.001318; ', 'lpips_1=0.003733; ', 'codec_recon_1=0.313177; ', 'bpp_1=0.299935; ', 'mse_2=0.001176; ', 'lpips_2=0.003118; ', 'codec_recon_2=0.065585; ', 'bpp_2=0.285507; ']
train step[590/2000] ; used: 13m:45s; eta: 32m:48s; loss = 0.441870; ['mse_0=0.001972; ', 'lpips_0=0.005141; ', 'codec_recon_0=0.026522; ', 'bpp_0=1.273056; ', 'mse_1=0.001481; ', 'lpips_1=0.004228; ', 'codec_recon_1=0.330087; ', 'bpp_1=0.299408; ', 'mse_2=0.001256; ', 'lpips_2=0.003454; ', 'codec_recon_2=0.067728; ', 'bpp_2=0.283335; ']
train step[591/2000] ; used: 13m:46s; eta: 32m:46s; loss = 0.371637; ['mse_0=0.000893; ', 'lpips_0=0.003183; ', 'codec_recon_0=0.028478; ', 'bpp_0=1.272533; ', 'mse_1=0.000634; ', 'lpips_1=0.002570; ', 'codec_recon_1=0.275603; ', 'bpp_1=0.296324; ', 'mse_2=0.000495; ', 'lpips_2=0.002242; ', 'codec_recon_2=0.057535; ', 'bpp_2=0.278381; ']
train step[592/2000] ; used: 13m:47s; eta: 32m:44s; loss = 0.410142; ['mse_0=0.000609; ', 'lpips_0=0.003335; ', 'codec_recon_0=0.029029; ', 'bpp_0=1.272005; ', 'mse_1=0.000391; ', 'lpips_1=0.002351; ', 'codec_recon_1=0.305120; ', 'bpp_1=0.296871; ', 'mse_2=0.000265; ', 'lpips_2=0.001899; ', 'codec_recon_2=0.067141; ', 'bpp_2=0.280970; ']
train step[593/2000] ; used: 13m:48s; eta: 32m:42s; loss = 0.440008; ['mse_0=0.003480; ', 'lpips_0=0.007447; ', 'codec_recon_0=0.028916; ', 'bpp_0=1.248679; ', 'mse_1=0.003246; ', 'lpips_1=0.006270; ', 'codec_recon_1=0.305306; ', 'bpp_1=0.293560; ', 'mse_2=0.003166; ', 'lpips_2=0.005401; ', 'codec_recon_2=0.076773; ', 'bpp_2=0.277854; ']
train step[594/2000] ; used: 13m:49s; eta: 32m:40s; loss = 0.377452; ['mse_0=0.000846; ', 'lpips_0=0.004536; ', 'codec_recon_0=0.025550; ', 'bpp_0=1.255029; ', 'mse_1=0.000697; ', 'lpips_1=0.003758; ', 'codec_recon_1=0.272813; ', 'bpp_1=0.295071; ', 'mse_2=0.000625; ', 'lpips_2=0.003344; ', 'codec_recon_2=0.065280; ', 'bpp_2=0.278609; ']
train step[595/2000] ; used: 13m:50s; eta: 32m:38s; loss = 0.499068; ['mse_0=0.001986; ', 'lpips_0=0.005815; ', 'codec_recon_0=0.031679; ', 'bpp_0=1.285300; ', 'mse_1=0.001693; ', 'lpips_1=0.004996; ', 'codec_recon_1=0.375109; ', 'bpp_1=0.298868; ', 'mse_2=0.001563; ', 'lpips_2=0.004241; ', 'codec_recon_2=0.071986; ', 'bpp_2=0.284528; ']
train step[596/2000] ; used: 13m:51s; eta: 32m:36s; loss = 0.371211; ['mse_0=0.000815; ', 'lpips_0=0.004155; ', 'codec_recon_0=0.031009; ', 'bpp_0=1.222136; ', 'mse_1=0.000651; ', 'lpips_1=0.003437; ', 'codec_recon_1=0.262424; ', 'bpp_1=0.293569; ', 'mse_2=0.000578; ', 'lpips_2=0.003107; ', 'codec_recon_2=0.065034; ', 'bpp_2=0.274729; ']
train step[597/2000] ; used: 13m:53s; eta: 32m:34s; loss = 0.384587; ['mse_0=0.000732; ', 'lpips_0=0.004006; ', 'codec_recon_0=0.027018; ', 'bpp_0=1.242171; ', 'mse_1=0.000564; ', 'lpips_1=0.003242; ', 'codec_recon_1=0.280375; ', 'bpp_1=0.295016; ', 'mse_2=0.000411; ', 'lpips_2=0.002757; ', 'codec_recon_2=0.065479; ', 'bpp_2=0.277867; ']
train step[598/2000] ; used: 13m:54s; eta: 32m:32s; loss = 0.397352; ['mse_0=0.002245; ', 'lpips_0=0.005578; ', 'codec_recon_0=0.038069; ', 'bpp_0=1.246653; ', 'mse_1=0.002129; ', 'lpips_1=0.004865; ', 'codec_recon_1=0.259532; ', 'bpp_1=0.292386; ', 'mse_2=0.002109; ', 'lpips_2=0.004553; ', 'codec_recon_2=0.078271; ', 'bpp_2=0.275898; ']
train step[599/2000] ; used: 13m:55s; eta: 32m:30s; loss = 0.392075; ['mse_0=0.000606; ', 'lpips_0=0.003167; ', 'codec_recon_0=0.026518; ', 'bpp_0=1.234745; ', 'mse_1=0.000390; ', 'lpips_1=0.002353; ', 'codec_recon_1=0.292853; ', 'bpp_1=0.294055; ', 'mse_2=0.000271; ', 'lpips_2=0.001799; ', 'codec_recon_2=0.064117; ', 'bpp_2=0.278057; ']
train step[600/2000] ; used: 13m:56s; eta: 32m:29s; loss = 0.366679; ['mse_0=0.000910; ', 'lpips_0=0.003174; ', 'codec_recon_0=0.025902; ', 'bpp_0=1.281330; ', 'mse_1=0.000671; ', 'lpips_1=0.002403; ', 'codec_recon_1=0.273631; ', 'bpp_1=0.298556; ', 'mse_2=0.000502; ', 'lpips_2=0.001974; ', 'codec_recon_2=0.057510; ', 'bpp_2=0.280831; ']
train step[601/2000] ; used: 13m:58s; eta: 32m:27s; loss = 0.408997; ['mse_0=0.001405; ', 'lpips_0=0.004431; ', 'codec_recon_0=0.038580; ', 'bpp_0=1.263308; ', 'mse_1=0.001060; ', 'lpips_1=0.003563; ', 'codec_recon_1=0.281564; ', 'bpp_1=0.298235; ', 'mse_2=0.000988; ', 'lpips_2=0.003127; ', 'codec_recon_2=0.074277; ', 'bpp_2=0.281639; ']
train step[602/2000] ; used: 13m:59s; eta: 32m:25s; loss = 0.424592; ['mse_0=0.001139; ', 'lpips_0=0.004238; ', 'codec_recon_0=0.035509; ', 'bpp_0=1.269837; ', 'mse_1=0.000888; ', 'lpips_1=0.003513; ', 'codec_recon_1=0.292789; ', 'bpp_1=0.296672; ', 'mse_2=0.000805; ', 'lpips_2=0.003200; ', 'codec_recon_2=0.082511; ', 'bpp_2=0.280828; ']
train step[603/2000] ; used: 14m; eta: 32m:23s; loss = 0.460811; ['mse_0=0.003399; ', 'lpips_0=0.007205; ', 'codec_recon_0=0.030411; ', 'bpp_0=1.287058; ', 'mse_1=0.002738; ', 'lpips_1=0.005863; ', 'codec_recon_1=0.337158; ', 'bpp_1=0.300048; ', 'mse_2=0.002620; ', 'lpips_2=0.004899; ', 'codec_recon_2=0.066515; ', 'bpp_2=0.286614; ']
train step[604/2000] ; used: 14m:1s; eta: 32m:21s; loss = 0.410845; ['mse_0=0.001257; ', 'lpips_0=0.004339; ', 'codec_recon_0=0.032085; ', 'bpp_0=1.251421; ', 'mse_1=0.001023; ', 'lpips_1=0.003539; ', 'codec_recon_1=0.286763; ', 'bpp_1=0.295433; ', 'mse_2=0.000924; ', 'lpips_2=0.003200; ', 'codec_recon_2=0.077713; ', 'bpp_2=0.277989; ']
train step[605/2000] ; used: 14m:2s; eta: 32m:19s; loss = 0.455327; ['mse_0=0.001298; ', 'lpips_0=0.005403; ', 'codec_recon_0=0.031778; ', 'bpp_0=1.257216; ', 'mse_1=0.000987; ', 'lpips_1=0.004295; ', 'codec_recon_1=0.335121; ', 'bpp_1=0.296287; ', 'mse_2=0.000840; ', 'lpips_2=0.003568; ', 'codec_recon_2=0.072035; ', 'bpp_2=0.280620; ']
train step[606/2000] ; used: 14m:3s; eta: 32m:17s; loss = 0.340031; ['mse_0=0.000780; ', 'lpips_0=0.004219; ', 'codec_recon_0=0.027615; ', 'bpp_0=1.242056; ', 'mse_1=0.000628; ', 'lpips_1=0.003549; ', 'codec_recon_1=0.236215; ', 'bpp_1=0.292481; ', 'mse_2=0.000557; ', 'lpips_2=0.003262; ', 'codec_recon_2=0.063203; ', 'bpp_2=0.274815; ']
train step[607/2000] ; used: 14m:4s; eta: 32m:15s; loss = 0.493958; ['mse_0=0.004637; ', 'lpips_0=0.006741; ', 'codec_recon_0=0.031336; ', 'bpp_0=1.288070; ', 'mse_1=0.004234; ', 'lpips_1=0.005948; ', 'codec_recon_1=0.370919; ', 'bpp_1=0.299515; ', 'mse_2=0.003900; ', 'lpips_2=0.005016; ', 'codec_recon_2=0.061225; ', 'bpp_2=0.285726; ']
train step[608/2000] ; used: 14m:6s; eta: 32m:14s; loss = 0.392857; ['mse_0=0.001083; ', 'lpips_0=0.005668; ', 'codec_recon_0=0.030617; ', 'bpp_0=1.245590; ', 'mse_1=0.000999; ', 'lpips_1=0.004622; ', 'codec_recon_1=0.263921; ', 'bpp_1=0.293018; ', 'mse_2=0.000945; ', 'lpips_2=0.004437; ', 'codec_recon_2=0.080564; ', 'bpp_2=0.273430; ']
train step[609/2000] ; used: 14m:7s; eta: 32m:12s; loss = 0.439248; ['mse_0=0.000906; ', 'lpips_0=0.005368; ', 'codec_recon_0=0.031440; ', 'bpp_0=1.239164; ', 'mse_1=0.000710; ', 'lpips_1=0.004557; ', 'codec_recon_1=0.318143; ', 'bpp_1=0.294802; ', 'mse_2=0.000584; ', 'lpips_2=0.003986; ', 'codec_recon_2=0.073553; ', 'bpp_2=0.278995; ']
train step[610/2000] ; used: 14m:8s; eta: 32m:10s; loss = 0.540838; ['mse_0=0.003648; ', 'lpips_0=0.008697; ', 'codec_recon_0=0.035988; ', 'bpp_0=1.274787; ', 'mse_1=0.003347; ', 'lpips_1=0.007741; ', 'codec_recon_1=0.396752; ', 'bpp_1=0.297168; ', 'mse_2=0.003189; ', 'lpips_2=0.006842; ', 'codec_recon_2=0.074633; ', 'bpp_2=0.283649; ']
train step[611/2000] ; used: 14m:9s; eta: 32m:8s; loss = 0.433267; ['mse_0=0.002462; ', 'lpips_0=0.005965; ', 'codec_recon_0=0.026881; ', 'bpp_0=1.257277; ', 'mse_1=0.002155; ', 'lpips_1=0.005670; ', 'codec_recon_1=0.311258; ', 'bpp_1=0.296198; ', 'mse_2=0.001808; ', 'lpips_2=0.004635; ', 'codec_recon_2=0.072431; ', 'bpp_2=0.280195; ']
train step[612/2000] ; used: 14m:11s; eta: 32m:6s; loss = 0.411685; ['mse_0=0.001130; ', 'lpips_0=0.005354; ', 'codec_recon_0=0.029638; ', 'bpp_0=1.254377; ', 'mse_1=0.000969; ', 'lpips_1=0.004393; ', 'codec_recon_1=0.292283; ', 'bpp_1=0.293995; ', 'mse_2=0.000937; ', 'lpips_2=0.003818; ', 'codec_recon_2=0.073161; ', 'bpp_2=0.277199; ']
train step[613/2000] ; used: 14m:12s; eta: 32m:4s; loss = 0.393332; ['mse_0=0.001893; ', 'lpips_0=0.006027; ', 'codec_recon_0=0.033033; ', 'bpp_0=1.243863; ', 'mse_1=0.001574; ', 'lpips_1=0.005329; ', 'codec_recon_1=0.269188; ', 'bpp_1=0.293997; ', 'mse_2=0.001537; ', 'lpips_2=0.005090; ', 'codec_recon_2=0.069659; ', 'bpp_2=0.276585; ']
train step[614/2000] ; used: 14m:13s; eta: 32m:2s; loss = 0.405297; ['mse_0=0.001696; ', 'lpips_0=0.005544; ', 'codec_recon_0=0.028792; ', 'bpp_0=1.259834; ', 'mse_1=0.001436; ', 'lpips_1=0.004865; ', 'codec_recon_1=0.285602; ', 'bpp_1=0.297188; ', 'mse_2=0.001343; ', 'lpips_2=0.004489; ', 'codec_recon_2=0.071530; ', 'bpp_2=0.280304; ']
train step[615/2000] ; used: 14m:14s; eta: 32m:1s; loss = 0.408557; ['mse_0=0.000681; ', 'lpips_0=0.003755; ', 'codec_recon_0=0.029351; ', 'bpp_0=1.249115; ', 'mse_1=0.000530; ', 'lpips_1=0.003051; ', 'codec_recon_1=0.294411; ', 'bpp_1=0.294939; ', 'mse_2=0.000422; ', 'lpips_2=0.002553; ', 'codec_recon_2=0.073799; ', 'bpp_2=0.278025; ']
train step[616/2000] ; used: 14m:15s; eta: 31m:59s; loss = 0.424938; ['mse_0=0.000717; ', 'lpips_0=0.005932; ', 'codec_recon_0=0.032120; ', 'bpp_0=1.260279; ', 'mse_1=0.000596; ', 'lpips_1=0.005103; ', 'codec_recon_1=0.290253; ', 'bpp_1=0.294496; ', 'mse_2=0.000542; ', 'lpips_2=0.004574; ', 'codec_recon_2=0.085099; ', 'bpp_2=0.275290; ']
train step[617/2000] ; used: 14m:16s; eta: 31m:57s; loss = 0.398758; ['mse_0=0.001817; ', 'lpips_0=0.004428; ', 'codec_recon_0=0.030945; ', 'bpp_0=1.241401; ', 'mse_1=0.001627; ', 'lpips_1=0.003604; ', 'codec_recon_1=0.279480; ', 'bpp_1=0.293421; ', 'mse_2=0.001560; ', 'lpips_2=0.003195; ', 'codec_recon_2=0.072100; ', 'bpp_2=0.275955; ']
train step[618/2000] ; used: 14m:17s; eta: 31m:55s; loss = 0.388674; ['mse_0=0.000633; ', 'lpips_0=0.003633; ', 'codec_recon_0=0.027191; ', 'bpp_0=1.250858; ', 'mse_1=0.000433; ', 'lpips_1=0.002736; ', 'codec_recon_1=0.288143; ', 'bpp_1=0.295706; ', 'mse_2=0.000319; ', 'lpips_2=0.002247; ', 'codec_recon_2=0.063337; ', 'bpp_2=0.278364; ']
train step[619/2000] ; used: 14m:19s; eta: 31m:53s; loss = 0.404411; ['mse_0=0.002637; ', 'lpips_0=0.003916; ', 'codec_recon_0=0.027966; ', 'bpp_0=1.259540; ', 'mse_1=0.002519; ', 'lpips_1=0.003223; ', 'codec_recon_1=0.301087; ', 'bpp_1=0.296136; ', 'mse_2=0.002559; ', 'lpips_2=0.002808; ', 'codec_recon_2=0.057693; ', 'bpp_2=0.280864; ']
train step[620/2000] ; used: 14m:20s; eta: 31m:51s; loss = 0.474110; ['mse_0=0.001879; ', 'lpips_0=0.005881; ', 'codec_recon_0=0.032647; ', 'bpp_0=1.307749; ', 'mse_1=0.001372; ', 'lpips_1=0.004540; ', 'codec_recon_1=0.356059; ', 'bpp_1=0.298877; ', 'mse_2=0.001067; ', 'lpips_2=0.003375; ', 'codec_recon_2=0.067289; ', 'bpp_2=0.284413; ']
train step[621/2000] ; used: 14m:21s; eta: 31m:49s; loss = 0.415402; ['mse_0=0.002238; ', 'lpips_0=0.008073; ', 'codec_recon_0=0.028927; ', 'bpp_0=1.251637; ', 'mse_1=0.002017; ', 'lpips_1=0.007468; ', 'codec_recon_1=0.292608; ', 'bpp_1=0.295728; ', 'mse_2=0.001836; ', 'lpips_2=0.006924; ', 'codec_recon_2=0.065310; ', 'bpp_2=0.280022; ']
train step[622/2000] ; used: 14m:22s; eta: 31m:47s; loss = 0.454621; ['mse_0=0.004471; ', 'lpips_0=0.005398; ', 'codec_recon_0=0.040999; ', 'bpp_0=1.269816; ', 'mse_1=0.004165; ', 'lpips_1=0.004505; ', 'codec_recon_1=0.308342; ', 'bpp_1=0.294794; ', 'mse_2=0.003985; ', 'lpips_2=0.003812; ', 'codec_recon_2=0.078941; ', 'bpp_2=0.278486; ']
train step[623/2000] ; used: 14m:23s; eta: 31m:45s; loss = 0.433124; ['mse_0=0.001335; ', 'lpips_0=0.004658; ', 'codec_recon_0=0.031605; ', 'bpp_0=1.277623; ', 'mse_1=0.001027; ', 'lpips_1=0.003656; ', 'codec_recon_1=0.323273; ', 'bpp_1=0.299395; ', 'mse_2=0.000803; ', 'lpips_2=0.002931; ', 'codec_recon_2=0.063835; ', 'bpp_2=0.283470; ']
train step[624/2000] ; used: 14m:24s; eta: 31m:43s; loss = 0.487973; ['mse_0=0.002671; ', 'lpips_0=0.006239; ', 'codec_recon_0=0.033157; ', 'bpp_0=1.277583; ', 'mse_1=0.002215; ', 'lpips_1=0.005138; ', 'codec_recon_1=0.369024; ', 'bpp_1=0.299160; ', 'mse_2=0.001853; ', 'lpips_2=0.004050; ', 'codec_recon_2=0.063624; ', 'bpp_2=0.285073; ']
train step[625/2000] ; used: 14m:25s; eta: 31m:42s; loss = 0.362024; ['mse_0=0.000798; ', 'lpips_0=0.003758; ', 'codec_recon_0=0.030312; ', 'bpp_0=1.247747; ', 'mse_1=0.000628; ', 'lpips_1=0.003125; ', 'codec_recon_1=0.255538; ', 'bpp_1=0.291544; ', 'mse_2=0.000553; ', 'lpips_2=0.002903; ', 'codec_recon_2=0.064406; ', 'bpp_2=0.274479; ']
train step[626/2000] ; used: 14m:27s; eta: 31m:40s; loss = 0.372398; ['mse_0=0.002172; ', 'lpips_0=0.003733; ', 'codec_recon_0=0.027841; ', 'bpp_0=1.247954; ', 'mse_1=0.001964; ', 'lpips_1=0.002978; ', 'codec_recon_1=0.266928; ', 'bpp_1=0.294568; ', 'mse_2=0.001896; ', 'lpips_2=0.002623; ', 'codec_recon_2=0.062262; ', 'bpp_2=0.278334; ']
train step[627/2000] ; used: 14m:28s; eta: 31m:38s; loss = 0.576772; ['mse_0=0.002398; ', 'lpips_0=0.006520; ', 'codec_recon_0=0.068517; ', 'bpp_0=1.279755; ', 'mse_1=0.001895; ', 'lpips_1=0.004990; ', 'codec_recon_1=0.382058; ', 'bpp_1=0.300613; ', 'mse_2=0.001700; ', 'lpips_2=0.003856; ', 'codec_recon_2=0.104836; ', 'bpp_2=0.285667; ']
train step[628/2000] ; used: 14m:29s; eta: 31m:36s; loss = 0.368777; ['mse_0=0.000854; ', 'lpips_0=0.004278; ', 'codec_recon_0=0.031206; ', 'bpp_0=1.235533; ', 'mse_1=0.000669; ', 'lpips_1=0.003482; ', 'codec_recon_1=0.256505; ', 'bpp_1=0.292075; ', 'mse_2=0.000617; ', 'lpips_2=0.003209; ', 'codec_recon_2=0.067954; ', 'bpp_2=0.275251; ']
train step[629/2000] ; used: 14m:30s; eta: 31m:34s; loss = 0.379646; ['mse_0=0.002237; ', 'lpips_0=0.004794; ', 'codec_recon_0=0.031717; ', 'bpp_0=1.233125; ', 'mse_1=0.002113; ', 'lpips_1=0.004206; ', 'codec_recon_1=0.262682; ', 'bpp_1=0.293038; ', 'mse_2=0.002013; ', 'lpips_2=0.003889; ', 'codec_recon_2=0.065992; ', 'bpp_2=0.274999; ']
train step[630/2000] ; used: 14m:31s; eta: 31m:32s; loss = 0.398086; ['mse_0=0.001921; ', 'lpips_0=0.004678; ', 'codec_recon_0=0.029849; ', 'bpp_0=1.268817; ', 'mse_1=0.001438; ', 'lpips_1=0.003757; ', 'codec_recon_1=0.290169; ', 'bpp_1=0.299456; ', 'mse_2=0.001239; ', 'lpips_2=0.003324; ', 'codec_recon_2=0.061709; ', 'bpp_2=0.282694; ']
train step[631/2000] ; used: 14m:33s; eta: 31m:31s; loss = 0.520362; ['mse_0=0.001931; ', 'lpips_0=0.006956; ', 'codec_recon_0=0.035049; ', 'bpp_0=1.257282; ', 'mse_1=0.001600; ', 'lpips_1=0.005643; ', 'codec_recon_1=0.384767; ', 'bpp_1=0.297279; ', 'mse_2=0.001097; ', 'lpips_2=0.004330; ', 'codec_recon_2=0.078988; ', 'bpp_2=0.281471; ']
train step[632/2000] ; used: 14m:34s; eta: 31m:29s; loss = 0.375169; ['mse_0=0.000352; ', 'lpips_0=0.003110; ', 'codec_recon_0=0.030206; ', 'bpp_0=1.217287; ', 'mse_1=0.000259; ', 'lpips_1=0.002383; ', 'codec_recon_1=0.259501; ', 'bpp_1=0.291954; ', 'mse_2=0.000199; ', 'lpips_2=0.002045; ', 'codec_recon_2=0.077112; ', 'bpp_2=0.271590; ']
train step[633/2000] ; used: 14m:35s; eta: 31m:27s; loss = 0.391901; ['mse_0=0.000550; ', 'lpips_0=0.005921; ', 'codec_recon_0=0.032039; ', 'bpp_0=1.231405; ', 'mse_1=0.000427; ', 'lpips_1=0.005008; ', 'codec_recon_1=0.261266; ', 'bpp_1=0.289771; ', 'mse_2=0.000388; ', 'lpips_2=0.004770; ', 'codec_recon_2=0.081529; ', 'bpp_2=0.273708; ']
train step[634/2000] ; used: 14m:36s; eta: 31m:25s; loss = 0.405246; ['mse_0=0.001249; ', 'lpips_0=0.003566; ', 'codec_recon_0=0.037079; ', 'bpp_0=1.237787; ', 'mse_1=0.001018; ', 'lpips_1=0.002778; ', 'codec_recon_1=0.277573; ', 'bpp_1=0.293320; ', 'mse_2=0.000951; ', 'lpips_2=0.002462; ', 'codec_recon_2=0.078568; ', 'bpp_2=0.275427; ']
train step[635/2000] ; used: 14m:37s; eta: 31m:24s; loss = 0.473957; ['mse_0=0.006087; ', 'lpips_0=0.007896; ', 'codec_recon_0=0.030819; ', 'bpp_0=1.287697; ', 'mse_1=0.005302; ', 'lpips_1=0.006815; ', 'codec_recon_1=0.345035; ', 'bpp_1=0.300586; ', 'mse_2=0.004955; ', 'lpips_2=0.005539; ', 'codec_recon_2=0.061509; ', 'bpp_2=0.285801; ']
train step[636/2000] ; used: 14m:39s; eta: 31m:22s; loss = 0.372504; ['mse_0=0.000747; ', 'lpips_0=0.003422; ', 'codec_recon_0=0.026390; ', 'bpp_0=1.230836; ', 'mse_1=0.000558; ', 'lpips_1=0.002783; ', 'codec_recon_1=0.274544; ', 'bpp_1=0.295796; ', 'mse_2=0.000446; ', 'lpips_2=0.002364; ', 'codec_recon_2=0.061249; ', 'bpp_2=0.277392; ']
train step[637/2000] ; used: 14m:40s; eta: 31m:20s; loss = 0.429320; ['mse_0=0.001951; ', 'lpips_0=0.005490; ', 'codec_recon_0=0.030202; ', 'bpp_0=1.267677; ', 'mse_1=0.001801; ', 'lpips_1=0.004708; ', 'codec_recon_1=0.311071; ', 'bpp_1=0.301674; ', 'mse_2=0.001761; ', 'lpips_2=0.004234; ', 'codec_recon_2=0.068102; ', 'bpp_2=0.285159; ']
train step[638/2000] ; used: 14m:41s; eta: 31m:18s; loss = 0.462322; ['mse_0=0.002424; ', 'lpips_0=0.007316; ', 'codec_recon_0=0.033818; ', 'bpp_0=1.264544; ', 'mse_1=0.001949; ', 'lpips_1=0.006075; ', 'codec_recon_1=0.335769; ', 'bpp_1=0.298210; ', 'mse_2=0.001734; ', 'lpips_2=0.005201; ', 'codec_recon_2=0.068033; ', 'bpp_2=0.283580; ']
train step[639/2000] ; used: 14m:42s; eta: 31m:16s; loss = 0.435040; ['mse_0=0.002337; ', 'lpips_0=0.004656; ', 'codec_recon_0=0.029626; ', 'bpp_0=1.279428; ', 'mse_1=0.002052; ', 'lpips_1=0.003738; ', 'codec_recon_1=0.324179; ', 'bpp_1=0.299260; ', 'mse_2=0.001844; ', 'lpips_2=0.002867; ', 'codec_recon_2=0.063740; ', 'bpp_2=0.283716; ']
train step[640/2000] ; used: 14m:43s; eta: 31m:14s; loss = 0.388445; ['mse_0=0.003979; ', 'lpips_0=0.005556; ', 'codec_recon_0=0.034166; ', 'bpp_0=1.231687; ', 'mse_1=0.003920; ', 'lpips_1=0.004970; ', 'codec_recon_1=0.256829; ', 'bpp_1=0.290497; ', 'mse_2=0.003981; ', 'lpips_2=0.004787; ', 'codec_recon_2=0.070256; ', 'bpp_2=0.273012; ']
train step[641/2000] ; used: 14m:44s; eta: 31m:12s; loss = 0.469289; ['mse_0=0.002002; ', 'lpips_0=0.005715; ', 'codec_recon_0=0.035037; ', 'bpp_0=1.278575; ', 'mse_1=0.001458; ', 'lpips_1=0.004531; ', 'codec_recon_1=0.349048; ', 'bpp_1=0.301613; ', 'mse_2=0.001140; ', 'lpips_2=0.003358; ', 'codec_recon_2=0.066999; ', 'bpp_2=0.288699; ']
train step[642/2000] ; used: 14m:45s; eta: 31m:10s; loss = 0.404967; ['mse_0=0.002094; ', 'lpips_0=0.004317; ', 'codec_recon_0=0.027704; ', 'bpp_0=1.287794; ', 'mse_1=0.001764; ', 'lpips_1=0.003441; ', 'codec_recon_1=0.300279; ', 'bpp_1=0.303156; ', 'mse_2=0.001629; ', 'lpips_2=0.002899; ', 'codec_recon_2=0.060840; ', 'bpp_2=0.287727; ']
train step[643/2000] ; used: 14m:46s; eta: 31m:8s; loss = 0.506059; ['mse_0=0.003584; ', 'lpips_0=0.006281; ', 'codec_recon_0=0.049694; ', 'bpp_0=1.256717; ', 'mse_1=0.003068; ', 'lpips_1=0.005161; ', 'codec_recon_1=0.344204; ', 'bpp_1=0.295077; ', 'mse_2=0.002886; ', 'lpips_2=0.004229; ', 'codec_recon_2=0.086951; ', 'bpp_2=0.277255; ']
train step[644/2000] ; used: 14m:48s; eta: 31m:7s; loss = 0.446205; ['mse_0=0.000606; ', 'lpips_0=0.004136; ', 'codec_recon_0=0.039379; ', 'bpp_0=1.239221; ', 'mse_1=0.000391; ', 'lpips_1=0.003136; ', 'codec_recon_1=0.317340; ', 'bpp_1=0.289008; ', 'mse_2=0.000249; ', 'lpips_2=0.002498; ', 'codec_recon_2=0.078470; ', 'bpp_2=0.273607; ']
train step[645/2000] ; used: 14m:49s; eta: 31m:5s; loss = 0.414166; ['mse_0=0.001682; ', 'lpips_0=0.004568; ', 'codec_recon_0=0.034049; ', 'bpp_0=1.243098; ', 'mse_1=0.001383; ', 'lpips_1=0.003803; ', 'codec_recon_1=0.295542; ', 'bpp_1=0.296123; ', 'mse_2=0.001160; ', 'lpips_2=0.003264; ', 'codec_recon_2=0.068714; ', 'bpp_2=0.278963; ']
train step[646/2000] ; used: 14m:50s; eta: 31m:3s; loss = 0.395637; ['mse_0=0.000665; ', 'lpips_0=0.004478; ', 'codec_recon_0=0.031904; ', 'bpp_0=1.236264; ', 'mse_1=0.000493; ', 'lpips_1=0.003694; ', 'codec_recon_1=0.278954; ', 'bpp_1=0.292768; ', 'mse_2=0.000422; ', 'lpips_2=0.003379; ', 'codec_recon_2=0.071647; ', 'bpp_2=0.276291; ']
train step[647/2000] ; used: 14m:51s; eta: 31m:1s; loss = 0.417166; ['mse_0=0.001008; ', 'lpips_0=0.003911; ', 'codec_recon_0=0.031097; ', 'bpp_0=1.276964; ', 'mse_1=0.000765; ', 'lpips_1=0.002898; ', 'codec_recon_1=0.313074; ', 'bpp_1=0.300243; ', 'mse_2=0.000619; ', 'lpips_2=0.002324; ', 'codec_recon_2=0.061468; ', 'bpp_2=0.283801; ']
train step[648/2000] ; used: 14m:52s; eta: 30m:59s; loss = 0.433528; ['mse_0=0.000752; ', 'lpips_0=0.004467; ', 'codec_recon_0=0.030471; ', 'bpp_0=1.244138; ', 'mse_1=0.000532; ', 'lpips_1=0.003380; ', 'codec_recon_1=0.323748; ', 'bpp_1=0.294786; ', 'mse_2=0.000391; ', 'lpips_2=0.002729; ', 'codec_recon_2=0.067056; ', 'bpp_2=0.280174; ']
train step[649/2000] ; used: 14m:53s; eta: 30m:57s; loss = 0.428098; ['mse_0=0.002083; ', 'lpips_0=0.005193; ', 'codec_recon_0=0.031292; ', 'bpp_0=1.282135; ', 'mse_1=0.001634; ', 'lpips_1=0.004174; ', 'codec_recon_1=0.319000; ', 'bpp_1=0.299670; ', 'mse_2=0.001264; ', 'lpips_2=0.003276; ', 'codec_recon_2=0.060180; ', 'bpp_2=0.286235; ']
train step[650/2000] ; used: 14m:55s; eta: 30m:56s; loss = 0.377263; ['mse_0=0.001200; ', 'lpips_0=0.003691; ', 'codec_recon_0=0.029272; ', 'bpp_0=1.257241; ', 'mse_1=0.000855; ', 'lpips_1=0.002859; ', 'codec_recon_1=0.281855; ', 'bpp_1=0.295917; ', 'mse_2=0.000532; ', 'lpips_2=0.002276; ', 'codec_recon_2=0.054722; ', 'bpp_2=0.278177; ']
train step[651/2000] ; used: 14m:56s; eta: 30m:54s; loss = 0.377579; ['mse_0=0.000396; ', 'lpips_0=0.003088; ', 'codec_recon_0=0.029632; ', 'bpp_0=1.237055; ', 'mse_1=0.000276; ', 'lpips_1=0.002323; ', 'codec_recon_1=0.271513; ', 'bpp_1=0.294066; ', 'mse_2=0.000220; ', 'lpips_2=0.001991; ', 'codec_recon_2=0.068138; ', 'bpp_2=0.276152; ']
train step[652/2000] ; used: 14m:57s; eta: 30m:52s; loss = 0.380205; ['mse_0=0.001012; ', 'lpips_0=0.003231; ', 'codec_recon_0=0.030888; ', 'bpp_0=1.265043; ', 'mse_1=0.000822; ', 'lpips_1=0.002466; ', 'codec_recon_1=0.276477; ', 'bpp_1=0.299151; ', 'mse_2=0.000753; ', 'lpips_2=0.002125; ', 'codec_recon_2=0.062429; ', 'bpp_2=0.282778; ']
train step[653/2000] ; used: 14m:58s; eta: 30m:50s; loss = 0.466962; ['mse_0=0.001178; ', 'lpips_0=0.005176; ', 'codec_recon_0=0.039435; ', 'bpp_0=1.265286; ', 'mse_1=0.000893; ', 'lpips_1=0.004073; ', 'codec_recon_1=0.330164; ', 'bpp_1=0.296277; ', 'mse_2=0.000736; ', 'lpips_2=0.003322; ', 'codec_recon_2=0.081985; ', 'bpp_2=0.281570; ']
train step[654/2000] ; used: 14m:59s; eta: 30m:48s; loss = 0.404932; ['mse_0=0.000626; ', 'lpips_0=0.004057; ', 'codec_recon_0=0.036566; ', 'bpp_0=1.237751; ', 'mse_1=0.000493; ', 'lpips_1=0.003333; ', 'codec_recon_1=0.284767; ', 'bpp_1=0.292237; ', 'mse_2=0.000411; ', 'lpips_2=0.002850; ', 'codec_recon_2=0.071828; ', 'bpp_2=0.274521; ']
train step[655/2000] ; used: 15m; eta: 30m:46s; loss = 0.442145; ['mse_0=0.001670; ', 'lpips_0=0.005580; ', 'codec_recon_0=0.049481; ', 'bpp_0=1.244881; ', 'mse_1=0.001447; ', 'lpips_1=0.004846; ', 'codec_recon_1=0.278450; ', 'bpp_1=0.295591; ', 'mse_2=0.001383; ', 'lpips_2=0.004451; ', 'codec_recon_2=0.094837; ', 'bpp_2=0.279656; ']
train step[656/2000] ; used: 15m:1s; eta: 30m:44s; loss = 0.429721; ['mse_0=0.001003; ', 'lpips_0=0.004237; ', 'codec_recon_0=0.041307; ', 'bpp_0=1.256971; ', 'mse_1=0.000775; ', 'lpips_1=0.003381; ', 'codec_recon_1=0.291859; ', 'bpp_1=0.294971; ', 'mse_2=0.000680; ', 'lpips_2=0.002897; ', 'codec_recon_2=0.083581; ', 'bpp_2=0.277853; ']
train step[657/2000] ; used: 15m:3s; eta: 30m:43s; loss = 0.422460; ['mse_0=0.001177; ', 'lpips_0=0.004415; ', 'codec_recon_0=0.030869; ', 'bpp_0=1.271428; ', 'mse_1=0.000928; ', 'lpips_1=0.003416; ', 'codec_recon_1=0.309655; ', 'bpp_1=0.300779; ', 'mse_2=0.000809; ', 'lpips_2=0.002739; ', 'codec_recon_2=0.068450; ', 'bpp_2=0.285657; ']
train step[658/2000] ; used: 15m:4s; eta: 30m:41s; loss = 0.423871; ['mse_0=0.000695; ', 'lpips_0=0.004810; ', 'codec_recon_0=0.035658; ', 'bpp_0=1.255343; ', 'mse_1=0.000478; ', 'lpips_1=0.003567; ', 'codec_recon_1=0.300751; ', 'bpp_1=0.295800; ', 'mse_2=0.000309; ', 'lpips_2=0.002570; ', 'codec_recon_2=0.075031; ', 'bpp_2=0.279388; ']
train step[659/2000] ; used: 15m:5s; eta: 30m:39s; loss = 0.401651; ['mse_0=0.001137; ', 'lpips_0=0.004666; ', 'codec_recon_0=0.036226; ', 'bpp_0=1.217569; ', 'mse_1=0.000951; ', 'lpips_1=0.003846; ', 'codec_recon_1=0.274569; ', 'bpp_1=0.292144; ', 'mse_2=0.000907; ', 'lpips_2=0.003489; ', 'codec_recon_2=0.075857; ', 'bpp_2=0.275746; ']
train step[660/2000] ; used: 15m:6s; eta: 30m:37s; loss = 0.389836; ['mse_0=0.000765; ', 'lpips_0=0.004294; ', 'codec_recon_0=0.034728; ', 'bpp_0=1.211388; ', 'mse_1=0.000593; ', 'lpips_1=0.003481; ', 'codec_recon_1=0.265597; ', 'bpp_1=0.290809; ', 'mse_2=0.000542; ', 'lpips_2=0.003167; ', 'codec_recon_2=0.076667; ', 'bpp_2=0.273612; ']
train step[661/2000] ; used: 15m:7s; eta: 30m:36s; loss = 0.424756; ['mse_0=0.002675; ', 'lpips_0=0.005511; ', 'codec_recon_0=0.041652; ', 'bpp_0=1.273122; ', 'mse_1=0.002368; ', 'lpips_1=0.004750; ', 'codec_recon_1=0.290082; ', 'bpp_1=0.297987; ', 'mse_2=0.002225; ', 'lpips_2=0.004425; ', 'codec_recon_2=0.071067; ', 'bpp_2=0.282249; ']
train step[662/2000] ; used: 15m:8s; eta: 30m:34s; loss = 0.458147; ['mse_0=0.001107; ', 'lpips_0=0.005082; ', 'codec_recon_0=0.039300; ', 'bpp_0=1.249420; ', 'mse_1=0.000786; ', 'lpips_1=0.004159; ', 'codec_recon_1=0.330401; ', 'bpp_1=0.296130; ', 'mse_2=0.000541; ', 'lpips_2=0.003242; ', 'codec_recon_2=0.073526; ', 'bpp_2=0.281503; ']
train step[663/2000] ; used: 15m:10s; eta: 30m:32s; loss = 0.378169; ['mse_0=0.001070; ', 'lpips_0=0.003873; ', 'codec_recon_0=0.035091; ', 'bpp_0=1.249565; ', 'mse_1=0.000893; ', 'lpips_1=0.003297; ', 'codec_recon_1=0.259403; ', 'bpp_1=0.295532; ', 'mse_2=0.000820; ', 'lpips_2=0.003071; ', 'codec_recon_2=0.070651; ', 'bpp_2=0.278154; ']
train step[664/2000] ; used: 15m:11s; eta: 30m:30s; loss = 0.443701; ['mse_0=0.001489; ', 'lpips_0=0.004937; ', 'codec_recon_0=0.043946; ', 'bpp_0=1.259530; ', 'mse_1=0.001153; ', 'lpips_1=0.003879; ', 'codec_recon_1=0.311394; ', 'bpp_1=0.296964; ', 'mse_2=0.000958; ', 'lpips_2=0.003280; ', 'codec_recon_2=0.072662; ', 'bpp_2=0.281641; ']
train step[665/2000] ; used: 15m:12s; eta: 30m:28s; loss = 0.426829; ['mse_0=0.001673; ', 'lpips_0=0.006688; ', 'codec_recon_0=0.050583; ', 'bpp_0=1.218105; ', 'mse_1=0.001561; ', 'lpips_1=0.006011; ', 'codec_recon_1=0.262636; ', 'bpp_1=0.289416; ', 'mse_2=0.001507; ', 'lpips_2=0.005746; ', 'codec_recon_2=0.090424; ', 'bpp_2=0.274273; ']
train step[666/2000] ; used: 15m:13s; eta: 30m:26s; loss = 0.457767; ['mse_0=0.000488; ', 'lpips_0=0.003835; ', 'codec_recon_0=0.046169; ', 'bpp_0=1.263443; ', 'mse_1=0.000341; ', 'lpips_1=0.002959; ', 'codec_recon_1=0.316481; ', 'bpp_1=0.296946; ', 'mse_2=0.000240; ', 'lpips_2=0.002118; ', 'codec_recon_2=0.085133; ', 'bpp_2=0.280351; ']
train step[667/2000] ; used: 15m:14s; eta: 30m:25s; loss = 0.570120; ['mse_0=0.003594; ', 'lpips_0=0.008436; ', 'codec_recon_0=0.054761; ', 'bpp_0=1.270004; ', 'mse_1=0.003289; ', 'lpips_1=0.007182; ', 'codec_recon_1=0.389396; ', 'bpp_1=0.299575; ', 'mse_2=0.003240; ', 'lpips_2=0.006410; ', 'codec_recon_2=0.093808; ', 'bpp_2=0.286240; ']
train step[668/2000] ; used: 15m:15s; eta: 30m:23s; loss = 0.402553; ['mse_0=0.000888; ', 'lpips_0=0.004100; ', 'codec_recon_0=0.039061; ', 'bpp_0=1.231164; ', 'mse_1=0.000728; ', 'lpips_1=0.003318; ', 'codec_recon_1=0.277400; ', 'bpp_1=0.295170; ', 'mse_2=0.000651; ', 'lpips_2=0.002996; ', 'codec_recon_2=0.073409; ', 'bpp_2=0.279554; ']
train step[669/2000] ; used: 15m:16s; eta: 30m:21s; loss = 0.482331; ['mse_0=0.002402; ', 'lpips_0=0.005916; ', 'codec_recon_0=0.050223; ', 'bpp_0=1.243641; ', 'mse_1=0.002100; ', 'lpips_1=0.004955; ', 'codec_recon_1=0.328577; ', 'bpp_1=0.295508; ', 'mse_2=0.001919; ', 'lpips_2=0.004406; ', 'codec_recon_2=0.081833; ', 'bpp_2=0.280823; ']
train step[670/2000] ; used: 15m:17s; eta: 30m:19s; loss = 0.414997; ['mse_0=0.001126; ', 'lpips_0=0.003921; ', 'codec_recon_0=0.039865; ', 'bpp_0=1.249086; ', 'mse_1=0.000818; ', 'lpips_1=0.002994; ', 'codec_recon_1=0.292426; ', 'bpp_1=0.298298; ', 'mse_2=0.000644; ', 'lpips_2=0.002419; ', 'codec_recon_2=0.070781; ', 'bpp_2=0.283113; ']
train step[671/2000] ; used: 15m:19s; eta: 30m:17s; loss = 0.406538; ['mse_0=0.000575; ', 'lpips_0=0.004664; ', 'codec_recon_0=0.041130; ', 'bpp_0=1.212298; ', 'mse_1=0.000455; ', 'lpips_1=0.003952; ', 'codec_recon_1=0.272871; ', 'bpp_1=0.291133; ', 'mse_2=0.000382; ', 'lpips_2=0.003581; ', 'codec_recon_2=0.078925; ', 'bpp_2=0.274428; ']
train step[672/2000] ; used: 15m:20s; eta: 30m:16s; loss = 0.487513; ['mse_0=0.001006; ', 'lpips_0=0.004164; ', 'codec_recon_0=0.060160; ', 'bpp_0=1.251089; ', 'mse_1=0.000665; ', 'lpips_1=0.003050; ', 'codec_recon_1=0.325328; ', 'bpp_1=0.296577; ', 'mse_2=0.000406; ', 'lpips_2=0.002241; ', 'codec_recon_2=0.090491; ', 'bpp_2=0.278334; ']
train step[673/2000] ; used: 15m:21s; eta: 30m:14s; loss = 0.606439; ['mse_0=0.006562; ', 'lpips_0=0.009219; ', 'codec_recon_0=0.070013; ', 'bpp_0=1.271271; ', 'mse_1=0.006028; ', 'lpips_1=0.007822; ', 'codec_recon_1=0.407296; ', 'bpp_1=0.298254; ', 'mse_2=0.005827; ', 'lpips_2=0.007109; ', 'codec_recon_2=0.086561; ', 'bpp_2=0.285702; ']
train step[674/2000] ; used: 15m:22s; eta: 30m:12s; loss = 0.445198; ['mse_0=0.000837; ', 'lpips_0=0.004318; ', 'codec_recon_0=0.045726; ', 'bpp_0=1.222831; ', 'mse_1=0.000612; ', 'lpips_1=0.003443; ', 'codec_recon_1=0.303841; ', 'bpp_1=0.293542; ', 'mse_2=0.000440; ', 'lpips_2=0.002772; ', 'codec_recon_2=0.083207; ', 'bpp_2=0.275982; ']
train step[675/2000] ; used: 15m:23s; eta: 30m:10s; loss = 0.428230; ['mse_0=0.000929; ', 'lpips_0=0.004418; ', 'codec_recon_0=0.045565; ', 'bpp_0=1.247974; ', 'mse_1=0.000759; ', 'lpips_1=0.003534; ', 'codec_recon_1=0.292617; ', 'bpp_1=0.296014; ', 'mse_2=0.000676; ', 'lpips_2=0.003112; ', 'codec_recon_2=0.076617; ', 'bpp_2=0.279986; ']
train step[676/2000] ; used: 15m:24s; eta: 30m:8s; loss = 0.439896; ['mse_0=0.004616; ', 'lpips_0=0.007196; ', 'codec_recon_0=0.047302; ', 'bpp_0=1.266856; ', 'mse_1=0.004124; ', 'lpips_1=0.006362; ', 'codec_recon_1=0.292033; ', 'bpp_1=0.297269; ', 'mse_2=0.004095; ', 'lpips_2=0.006053; ', 'codec_recon_2=0.068112; ', 'bpp_2=0.281495; ']
train step[677/2000] ; used: 15m:26s; eta: 30m:7s; loss = 0.444073; ['mse_0=0.003021; ', 'lpips_0=0.005219; ', 'codec_recon_0=0.052605; ', 'bpp_0=1.249630; ', 'mse_1=0.002719; ', 'lpips_1=0.004274; ', 'codec_recon_1=0.293105; ', 'bpp_1=0.297481; ', 'mse_2=0.002594; ', 'lpips_2=0.003852; ', 'codec_recon_2=0.076682; ', 'bpp_2=0.280986; ']
train step[678/2000] ; used: 15m:27s; eta: 30m:5s; loss = 0.442780; ['mse_0=0.000912; ', 'lpips_0=0.004317; ', 'codec_recon_0=0.058161; ', 'bpp_0=1.245286; ', 'mse_1=0.000707; ', 'lpips_1=0.003469; ', 'codec_recon_1=0.279740; ', 'bpp_1=0.292495; ', 'mse_2=0.000621; ', 'lpips_2=0.003116; ', 'codec_recon_2=0.091735; ', 'bpp_2=0.275990; ']
train step[679/2000] ; used: 15m:28s; eta: 30m:3s; loss = 0.400660; ['mse_0=0.002875; ', 'lpips_0=0.005745; ', 'codec_recon_0=0.042228; ', 'bpp_0=1.256556; ', 'mse_1=0.002663; ', 'lpips_1=0.005169; ', 'codec_recon_1=0.261160; ', 'bpp_1=0.297470; ', 'mse_2=0.002604; ', 'lpips_2=0.004895; ', 'codec_recon_2=0.073320; ', 'bpp_2=0.280679; ']
train step[680/2000] ; used: 15m:29s; eta: 30m:1s; loss = 0.469607; ['mse_0=0.000950; ', 'lpips_0=0.003925; ', 'codec_recon_0=0.061848; ', 'bpp_0=1.278842; ', 'mse_1=0.000533; ', 'lpips_1=0.002620; ', 'codec_recon_1=0.310857; ', 'bpp_1=0.300392; ', 'mse_2=0.000400; ', 'lpips_2=0.002106; ', 'codec_recon_2=0.086367; ', 'bpp_2=0.287586; ']
train step[681/2000] ; used: 15m:30s; eta: 30m; loss = 0.415081; ['mse_0=0.002545; ', 'lpips_0=0.008328; ', 'codec_recon_0=0.048964; ', 'bpp_0=1.200559; ', 'mse_1=0.002521; ', 'lpips_1=0.007613; ', 'codec_recon_1=0.246397; ', 'bpp_1=0.288247; ', 'mse_2=0.002502; ', 'lpips_2=0.007471; ', 'codec_recon_2=0.088737; ', 'bpp_2=0.271514; ']
train step[682/2000] ; used: 15m:31s; eta: 29m:58s; loss = 0.513718; ['mse_0=0.002583; ', 'lpips_0=0.007333; ', 'codec_recon_0=0.064205; ', 'bpp_0=1.264018; ', 'mse_1=0.002120; ', 'lpips_1=0.006107; ', 'codec_recon_1=0.331790; ', 'bpp_1=0.297007; ', 'mse_2=0.001982; ', 'lpips_2=0.005417; ', 'codec_recon_2=0.092178; ', 'bpp_2=0.283271; ']
train step[683/2000] ; used: 15m:33s; eta: 29m:56s; loss = 0.444126; ['mse_0=0.002081; ', 'lpips_0=0.004669; ', 'codec_recon_0=0.056724; ', 'bpp_0=1.260997; ', 'mse_1=0.001659; ', 'lpips_1=0.003727; ', 'codec_recon_1=0.289480; ', 'bpp_1=0.298364; ', 'mse_2=0.001550; ', 'lpips_2=0.003310; ', 'codec_recon_2=0.080925; ', 'bpp_2=0.284168; ']
train step[684/2000] ; used: 15m:34s; eta: 29m:54s; loss = 0.486045; ['mse_0=0.001194; ', 'lpips_0=0.005840; ', 'codec_recon_0=0.062709; ', 'bpp_0=1.234390; ', 'mse_1=0.000977; ', 'lpips_1=0.004778; ', 'codec_recon_1=0.300093; ', 'bpp_1=0.292907; ', 'mse_2=0.000901; ', 'lpips_2=0.004339; ', 'codec_recon_2=0.105211; ', 'bpp_2=0.277757; ']
train step[685/2000] ; used: 15m:35s; eta: 29m:54s; loss = 0.449576; ['mse_0=0.000763; ', 'lpips_0=0.005745; ', 'codec_recon_0=0.057217; ', 'bpp_0=1.240322; ', 'mse_1=0.000597; ', 'lpips_1=0.004631; ', 'codec_recon_1=0.281476; ', 'bpp_1=0.294745; ', 'mse_2=0.000540; ', 'lpips_2=0.004176; ', 'codec_recon_2=0.094428; ', 'bpp_2=0.278449; ']
train step[686/2000] ; used: 15m:37s; eta: 29m:52s; loss = 0.507851; ['mse_0=0.001670; ', 'lpips_0=0.005306; ', 'codec_recon_0=0.070177; ', 'bpp_0=1.284140; ', 'mse_1=0.000985; ', 'lpips_1=0.003098; ', 'codec_recon_1=0.329901; ', 'bpp_1=0.299504; ', 'mse_2=0.000648; ', 'lpips_2=0.001804; ', 'codec_recon_2=0.094261; ', 'bpp_2=0.285722; ']
train step[687/2000] ; used: 15m:38s; eta: 29m:50s; loss = 0.461640; ['mse_0=0.000864; ', 'lpips_0=0.004967; ', 'codec_recon_0=0.067809; ', 'bpp_0=1.229162; ', 'mse_1=0.000632; ', 'lpips_1=0.003904; ', 'codec_recon_1=0.281210; ', 'bpp_1=0.293344; ', 'mse_2=0.000588; ', 'lpips_2=0.003653; ', 'codec_recon_2=0.098011; ', 'bpp_2=0.277379; ']
train step[688/2000] ; used: 15m:39s; eta: 29m:48s; loss = 0.509931; ['mse_0=0.004043; ', 'lpips_0=0.006768; ', 'codec_recon_0=0.073292; ', 'bpp_0=1.254430; ', 'mse_1=0.003028; ', 'lpips_1=0.005333; ', 'codec_recon_1=0.325865; ', 'bpp_1=0.297833; ', 'mse_2=0.002545; ', 'lpips_2=0.004437; ', 'codec_recon_2=0.084617; ', 'bpp_2=0.285479; ']
train step[689/2000] ; used: 15m:40s; eta: 29m:46s; loss = 0.460889; ['mse_0=0.001316; ', 'lpips_0=0.004207; ', 'codec_recon_0=0.064650; ', 'bpp_0=1.263993; ', 'mse_1=0.000920; ', 'lpips_1=0.003084; ', 'codec_recon_1=0.298959; ', 'bpp_1=0.296731; ', 'mse_2=0.000740; ', 'lpips_2=0.002605; ', 'codec_recon_2=0.084407; ', 'bpp_2=0.282236; ']
train step[690/2000] ; used: 15m:41s; eta: 29m:45s; loss = 0.455799; ['mse_0=0.001744; ', 'lpips_0=0.005359; ', 'codec_recon_0=0.061477; ', 'bpp_0=1.245931; ', 'mse_1=0.001171; ', 'lpips_1=0.004107; ', 'codec_recon_1=0.289791; ', 'bpp_1=0.296627; ', 'mse_2=0.001028; ', 'lpips_2=0.003640; ', 'codec_recon_2=0.087479; ', 'bpp_2=0.282485; ']
train step[691/2000] ; used: 15m:42s; eta: 29m:43s; loss = 0.516690; ['mse_0=0.003007; ', 'lpips_0=0.005885; ', 'codec_recon_0=0.066500; ', 'bpp_0=1.279195; ', 'mse_1=0.002267; ', 'lpips_1=0.004264; ', 'codec_recon_1=0.350917; ', 'bpp_1=0.300844; ', 'mse_2=0.001817; ', 'lpips_2=0.003195; ', 'codec_recon_2=0.078835; ', 'bpp_2=0.288131; ']
train step[692/2000] ; used: 15m:44s; eta: 29m:41s; loss = 0.480764; ['mse_0=0.001145; ', 'lpips_0=0.005173; ', 'codec_recon_0=0.065033; ', 'bpp_0=1.257947; ', 'mse_1=0.000670; ', 'lpips_1=0.003670; ', 'codec_recon_1=0.305466; ', 'bpp_1=0.294966; ', 'mse_2=0.000601; ', 'lpips_2=0.003180; ', 'codec_recon_2=0.095824; ', 'bpp_2=0.279767; ']
train step[693/2000] ; used: 15m:45s; eta: 29m:40s; loss = 0.477384; ['mse_0=0.002251; ', 'lpips_0=0.006255; ', 'codec_recon_0=0.066830; ', 'bpp_0=1.258064; ', 'mse_1=0.001865; ', 'lpips_1=0.005049; ', 'codec_recon_1=0.298376; ', 'bpp_1=0.297818; ', 'mse_2=0.001782; ', 'lpips_2=0.004705; ', 'codec_recon_2=0.090269; ', 'bpp_2=0.283970; ']
train step[694/2000] ; used: 15m:46s; eta: 29m:38s; loss = 0.527098; ['mse_0=0.004163; ', 'lpips_0=0.009255; ', 'codec_recon_0=0.068108; ', 'bpp_0=1.273288; ', 'mse_1=0.004064; ', 'lpips_1=0.008129; ', 'codec_recon_1=0.326879; ', 'bpp_1=0.300504; ', 'mse_2=0.004013; ', 'lpips_2=0.007639; ', 'codec_recon_2=0.094846; ', 'bpp_2=0.286828; ']
train step[695/2000] ; used: 15m:47s; eta: 29m:37s; loss = 0.533253; ['mse_0=0.003569; ', 'lpips_0=0.005961; ', 'codec_recon_0=0.067173; ', 'bpp_0=1.276406; ', 'mse_1=0.003055; ', 'lpips_1=0.004305; ', 'codec_recon_1=0.340408; ', 'bpp_1=0.298193; ', 'mse_2=0.002814; ', 'lpips_2=0.003243; ', 'codec_recon_2=0.102723; ', 'bpp_2=0.283771; ']
train step[696/2000] ; used: 15m:48s; eta: 29m:35s; loss = 0.498490; ['mse_0=0.001036; ', 'lpips_0=0.006075; ', 'codec_recon_0=0.068940; ', 'bpp_0=1.255201; ', 'mse_1=0.000774; ', 'lpips_1=0.004921; ', 'codec_recon_1=0.309718; ', 'bpp_1=0.294969; ', 'mse_2=0.000620; ', 'lpips_2=0.004551; ', 'codec_recon_2=0.101852; ', 'bpp_2=0.281007; ']
train step[697/2000] ; used: 15m:50s; eta: 29m:33s; loss = 0.548990; ['mse_0=0.003930; ', 'lpips_0=0.006780; ', 'codec_recon_0=0.071015; ', 'bpp_0=1.300222; ', 'mse_1=0.002724; ', 'lpips_1=0.004579; ', 'codec_recon_1=0.364304; ', 'bpp_1=0.301858; ', 'mse_2=0.002103; ', 'lpips_2=0.003424; ', 'codec_recon_2=0.090129; ', 'bpp_2=0.291503; ']
train step[698/2000] ; used: 15m:51s; eta: 29m:31s; loss = 0.438988; ['mse_0=0.000866; ', 'lpips_0=0.005422; ', 'codec_recon_0=0.061404; ', 'bpp_0=1.222221; ', 'mse_1=0.000687; ', 'lpips_1=0.004440; ', 'codec_recon_1=0.271009; ', 'bpp_1=0.294255; ', 'mse_2=0.000637; ', 'lpips_2=0.004124; ', 'codec_recon_2=0.090397; ', 'bpp_2=0.278892; ']
train step[699/2000] ; used: 15m:52s; eta: 29m:30s; loss = 0.434264; ['mse_0=0.000779; ', 'lpips_0=0.004366; ', 'codec_recon_0=0.054269; ', 'bpp_0=1.238729; ', 'mse_1=0.000722; ', 'lpips_1=0.003621; ', 'codec_recon_1=0.269296; ', 'bpp_1=0.295079; ', 'mse_2=0.000716; ', 'lpips_2=0.003383; ', 'codec_recon_2=0.097110; ', 'bpp_2=0.276769; ']
train step[700/2000] ; used: 15m:53s; eta: 29m:28s; loss = 0.490360; ['mse_0=0.002646; ', 'lpips_0=0.005068; ', 'codec_recon_0=0.063289; ', 'bpp_0=1.247960; ', 'mse_1=0.002251; ', 'lpips_1=0.003979; ', 'codec_recon_1=0.313432; ', 'bpp_1=0.296420; ', 'mse_2=0.002173; ', 'lpips_2=0.003403; ', 'codec_recon_2=0.094118; ', 'bpp_2=0.282062; ']
train step[701/2000] ; used: 15m:54s; eta: 29m:26s; loss = 0.494118; ['mse_0=0.001862; ', 'lpips_0=0.004275; ', 'codec_recon_0=0.065444; ', 'bpp_0=1.274633; ', 'mse_1=0.001427; ', 'lpips_1=0.003036; ', 'codec_recon_1=0.323216; ', 'bpp_1=0.301907; ', 'mse_2=0.001273; ', 'lpips_2=0.002559; ', 'codec_recon_2=0.091024; ', 'bpp_2=0.288335; ']
train step[702/2000] ; used: 15m:55s; eta: 29m:25s; loss = 0.597808; ['mse_0=0.008191; ', 'lpips_0=0.007694; ', 'codec_recon_0=0.069545; ', 'bpp_0=1.291165; ', 'mse_1=0.007308; ', 'lpips_1=0.005472; ', 'codec_recon_1=0.393571; ', 'bpp_1=0.300770; ', 'mse_2=0.006873; ', 'lpips_2=0.003925; ', 'codec_recon_2=0.095226; ', 'bpp_2=0.289373; ']
train step[703/2000] ; used: 15m:57s; eta: 29m:23s; loss = 0.472292; ['mse_0=0.001711; ', 'lpips_0=0.005289; ', 'codec_recon_0=0.059531; ', 'bpp_0=1.264660; ', 'mse_1=0.001407; ', 'lpips_1=0.004113; ', 'codec_recon_1=0.289663; ', 'bpp_1=0.295067; ', 'mse_2=0.001332; ', 'lpips_2=0.003711; ', 'codec_recon_2=0.105533; ', 'bpp_2=0.280051; ']
train step[704/2000] ; used: 15m:58s; eta: 29m:21s; loss = 0.546039; ['mse_0=0.003864; ', 'lpips_0=0.006799; ', 'codec_recon_0=0.072032; ', 'bpp_0=1.297325; ', 'mse_1=0.002841; ', 'lpips_1=0.004657; ', 'codec_recon_1=0.348060; ', 'bpp_1=0.301166; ', 'mse_2=0.002491; ', 'lpips_2=0.003885; ', 'codec_recon_2=0.101407; ', 'bpp_2=0.289935; ']
train step[705/2000] ; used: 15m:59s; eta: 29m:19s; loss = 0.569389; ['mse_0=0.002667; ', 'lpips_0=0.006846; ', 'codec_recon_0=0.067416; ', 'bpp_0=1.307482; ', 'mse_1=0.001712; ', 'lpips_1=0.004233; ', 'codec_recon_1=0.384841; ', 'bpp_1=0.303454; ', 'mse_2=0.001088; ', 'lpips_2=0.002703; ', 'codec_recon_2=0.097881; ', 'bpp_2=0.291635; ']
train step[706/2000] ; used: 16m; eta: 29m:18s; loss = 0.459511; ['mse_0=0.002053; ', 'lpips_0=0.005323; ', 'codec_recon_0=0.058018; ', 'bpp_0=1.250265; ', 'mse_1=0.001697; ', 'lpips_1=0.004287; ', 'codec_recon_1=0.289688; ', 'bpp_1=0.296199; ', 'mse_2=0.001651; ', 'lpips_2=0.003994; ', 'codec_recon_2=0.092798; ', 'bpp_2=0.282400; ']
train step[707/2000] ; used: 16m:1s; eta: 29m:16s; loss = 0.499464; ['mse_0=0.001806; ', 'lpips_0=0.005321; ', 'codec_recon_0=0.065078; ', 'bpp_0=1.266649; ', 'mse_1=0.001317; ', 'lpips_1=0.003631; ', 'codec_recon_1=0.323465; ', 'bpp_1=0.298264; ', 'mse_2=0.001125; ', 'lpips_2=0.002943; ', 'codec_recon_2=0.094774; ', 'bpp_2=0.284571; ']
train step[708/2000] ; used: 16m:2s; eta: 29m:14s; loss = 0.493467; ['mse_0=0.001775; ', 'lpips_0=0.005694; ', 'codec_recon_0=0.060609; ', 'bpp_0=1.277678; ', 'mse_1=0.001270; ', 'lpips_1=0.004408; ', 'codec_recon_1=0.321402; ', 'bpp_1=0.300013; ', 'mse_2=0.001097; ', 'lpips_2=0.003945; ', 'codec_recon_2=0.093265; ', 'bpp_2=0.286841; ']
train step[709/2000] ; used: 16m:3s; eta: 29m:12s; loss = 0.495296; ['mse_0=0.001292; ', 'lpips_0=0.005724; ', 'codec_recon_0=0.067024; ', 'bpp_0=1.246506; ', 'mse_1=0.000907; ', 'lpips_1=0.004576; ', 'codec_recon_1=0.312616; ', 'bpp_1=0.296002; ', 'mse_2=0.000808; ', 'lpips_2=0.004228; ', 'codec_recon_2=0.098119; ', 'bpp_2=0.282198; ']
train step[710/2000] ; used: 16m:5s; eta: 29m:10s; loss = 0.564716; ['mse_0=0.007955; ', 'lpips_0=0.009740; ', 'codec_recon_0=0.069513; ', 'bpp_0=1.313159; ', 'mse_1=0.007200; ', 'lpips_1=0.007791; ', 'codec_recon_1=0.358628; ', 'bpp_1=0.302254; ', 'mse_2=0.006881; ', 'lpips_2=0.006811; ', 'codec_recon_2=0.090196; ', 'bpp_2=0.292807; ']
train step[711/2000] ; used: 16m:6s; eta: 29m:9s; loss = 0.444388; ['mse_0=0.001126; ', 'lpips_0=0.005174; ', 'codec_recon_0=0.059673; ', 'bpp_0=1.257741; ', 'mse_1=0.000832; ', 'lpips_1=0.003981; ', 'codec_recon_1=0.281598; ', 'bpp_1=0.295279; ', 'mse_2=0.000798; ', 'lpips_2=0.003713; ', 'codec_recon_2=0.087490; ', 'bpp_2=0.281563; ']
train step[712/2000] ; used: 16m:7s; eta: 29m:7s; loss = 0.495928; ['mse_0=0.003436; ', 'lpips_0=0.005643; ', 'codec_recon_0=0.060622; ', 'bpp_0=1.286904; ', 'mse_1=0.002892; ', 'lpips_1=0.004182; ', 'codec_recon_1=0.327676; ', 'bpp_1=0.301674; ', 'mse_2=0.002681; ', 'lpips_2=0.003551; ', 'codec_recon_2=0.085243; ', 'bpp_2=0.288891; ']
train step[713/2000] ; used: 16m:8s; eta: 29m:5s; loss = 0.507509; ['mse_0=0.002135; ', 'lpips_0=0.006754; ', 'codec_recon_0=0.064201; ', 'bpp_0=1.288761; ', 'mse_1=0.001600; ', 'lpips_1=0.004841; ', 'codec_recon_1=0.333128; ', 'bpp_1=0.295505; ', 'mse_2=0.001434; ', 'lpips_2=0.004139; ', 'codec_recon_2=0.089274; ', 'bpp_2=0.283050; ']
train step[714/2000] ; used: 16m:9s; eta: 29m:4s; loss = 0.467532; ['mse_0=0.001668; ', 'lpips_0=0.005268; ', 'codec_recon_0=0.056930; ', 'bpp_0=1.267324; ', 'mse_1=0.001238; ', 'lpips_1=0.003956; ', 'codec_recon_1=0.302385; ', 'bpp_1=0.298223; ', 'mse_2=0.001123; ', 'lpips_2=0.003517; ', 'codec_recon_2=0.091445; ', 'bpp_2=0.284111; ']
train step[715/2000] ; used: 16m:10s; eta: 29m:2s; loss = 0.479013; ['mse_0=0.003010; ', 'lpips_0=0.007196; ', 'codec_recon_0=0.061925; ', 'bpp_0=1.275911; ', 'mse_1=0.002657; ', 'lpips_1=0.006299; ', 'codec_recon_1=0.304883; ', 'bpp_1=0.295127; ', 'mse_2=0.002584; ', 'lpips_2=0.005916; ', 'codec_recon_2=0.084541; ', 'bpp_2=0.282771; ']
train step[716/2000] ; used: 16m:12s; eta: 29m; loss = 0.449326; ['mse_0=0.001217; ', 'lpips_0=0.005079; ', 'codec_recon_0=0.063418; ', 'bpp_0=1.261445; ', 'mse_1=0.000919; ', 'lpips_1=0.004011; ', 'codec_recon_1=0.281391; ', 'bpp_1=0.293166; ', 'mse_2=0.000866; ', 'lpips_2=0.003657; ', 'codec_recon_2=0.088766; ', 'bpp_2=0.280174; ']
train step[717/2000] ; used: 16m:13s; eta: 28m:59s; loss = 0.545809; ['mse_0=0.002938; ', 'lpips_0=0.006779; ', 'codec_recon_0=0.065981; ', 'bpp_0=1.301179; ', 'mse_1=0.002226; ', 'lpips_1=0.004773; ', 'codec_recon_1=0.367436; ', 'bpp_1=0.300584; ', 'mse_2=0.001979; ', 'lpips_2=0.003732; ', 'codec_recon_2=0.089964; ', 'bpp_2=0.290587; ']
train step[718/2000] ; used: 16m:14s; eta: 28m:57s; loss = 0.473620; ['mse_0=0.001345; ', 'lpips_0=0.005367; ', 'codec_recon_0=0.059881; ', 'bpp_0=1.273362; ', 'mse_1=0.000939; ', 'lpips_1=0.003719; ', 'codec_recon_1=0.312814; ', 'bpp_1=0.295840; ', 'mse_2=0.000818; ', 'lpips_2=0.003114; ', 'codec_recon_2=0.085621; ', 'bpp_2=0.283440; ']
train step[719/2000] ; used: 16m:15s; eta: 28m:55s; loss = 0.503307; ['mse_0=0.001305; ', 'lpips_0=0.006411; ', 'codec_recon_0=0.057372; ', 'bpp_0=1.251794; ', 'mse_1=0.000825; ', 'lpips_1=0.004560; ', 'codec_recon_1=0.340394; ', 'bpp_1=0.295491; ', 'mse_2=0.000616; ', 'lpips_2=0.003588; ', 'codec_recon_2=0.088234; ', 'bpp_2=0.281724; ']
train step[720/2000] ; used: 16m:16s; eta: 28m:54s; loss = 0.471876; ['mse_0=0.004448; ', 'lpips_0=0.006295; ', 'codec_recon_0=0.061580; ', 'bpp_0=1.283705; ', 'mse_1=0.003874; ', 'lpips_1=0.004811; ', 'codec_recon_1=0.303641; ', 'bpp_1=0.298250; ', 'mse_2=0.003706; ', 'lpips_2=0.004225; ', 'codec_recon_2=0.079295; ', 'bpp_2=0.284830; ']
train step[721/2000] ; used: 16m:18s; eta: 28m:52s; loss = 0.461881; ['mse_0=0.002255; ', 'lpips_0=0.005530; ', 'codec_recon_0=0.055872; ', 'bpp_0=1.267347; ', 'mse_1=0.001509; ', 'lpips_1=0.003942; ', 'codec_recon_1=0.306175; ', 'bpp_1=0.297378; ', 'mse_2=0.001145; ', 'lpips_2=0.003123; ', 'codec_recon_2=0.082326; ', 'bpp_2=0.284601; ']
train step[722/2000] ; used: 16m:19s; eta: 28m:51s; loss = 0.453564; ['mse_0=0.001468; ', 'lpips_0=0.005454; ', 'codec_recon_0=0.058763; ', 'bpp_0=1.261687; ', 'mse_1=0.000999; ', 'lpips_1=0.004202; ', 'codec_recon_1=0.299034; ', 'bpp_1=0.294877; ', 'mse_2=0.000772; ', 'lpips_2=0.003627; ', 'codec_recon_2=0.079243; ', 'bpp_2=0.282194; ']
train step[723/2000] ; used: 16m:20s; eta: 28m:49s; loss = 0.493939; ['mse_0=0.003033; ', 'lpips_0=0.009725; ', 'codec_recon_0=0.064158; ', 'bpp_0=1.282267; ', 'mse_1=0.002189; ', 'lpips_1=0.008008; ', 'codec_recon_1=0.320611; ', 'bpp_1=0.298915; ', 'mse_2=0.001908; ', 'lpips_2=0.007194; ', 'codec_recon_2=0.077111; ', 'bpp_2=0.285592; ']
train step[724/2000] ; used: 16m:21s; eta: 28m:47s; loss = 0.457621; ['mse_0=0.000814; ', 'lpips_0=0.004964; ', 'codec_recon_0=0.054794; ', 'bpp_0=1.249635; ', 'mse_1=0.000468; ', 'lpips_1=0.003598; ', 'codec_recon_1=0.310743; ', 'bpp_1=0.296547; ', 'mse_2=0.000342; ', 'lpips_2=0.002823; ', 'codec_recon_2=0.079072; ', 'bpp_2=0.282660; ']
train step[725/2000] ; used: 16m:22s; eta: 28m:46s; loss = 0.542147; ['mse_0=0.005098; ', 'lpips_0=0.008967; ', 'codec_recon_0=0.063299; ', 'bpp_0=1.301408; ', 'mse_1=0.004040; ', 'lpips_1=0.007224; ', 'codec_recon_1=0.359678; ', 'bpp_1=0.302522; ', 'mse_2=0.003688; ', 'lpips_2=0.006567; ', 'codec_recon_2=0.083583; ', 'bpp_2=0.291895; ']
train step[726/2000] ; used: 16m:24s; eta: 28m:44s; loss = 0.506492; ['mse_0=0.002414; ', 'lpips_0=0.007065; ', 'codec_recon_0=0.055083; ', 'bpp_0=1.299853; ', 'mse_1=0.001669; ', 'lpips_1=0.004857; ', 'codec_recon_1=0.355714; ', 'bpp_1=0.301687; ', 'mse_2=0.001321; ', 'lpips_2=0.003847; ', 'codec_recon_2=0.074519; ', 'bpp_2=0.289546; ']
train step[727/2000] ; used: 16m:25s; eta: 28m:42s; loss = 0.441620; ['mse_0=0.004178; ', 'lpips_0=0.009621; ', 'codec_recon_0=0.050184; ', 'bpp_0=1.263219; ', 'mse_1=0.003145; ', 'lpips_1=0.008049; ', 'codec_recon_1=0.283865; ', 'bpp_1=0.295283; ', 'mse_2=0.003085; ', 'lpips_2=0.007728; ', 'codec_recon_2=0.071764; ', 'bpp_2=0.281763; ']
train step[728/2000] ; used: 16m:26s; eta: 28m:41s; loss = 0.435677; ['mse_0=0.001218; ', 'lpips_0=0.004424; ', 'codec_recon_0=0.054652; ', 'bpp_0=1.264346; ', 'mse_1=0.000813; ', 'lpips_1=0.003237; ', 'codec_recon_1=0.291438; ', 'bpp_1=0.296023; ', 'mse_2=0.000699; ', 'lpips_2=0.002772; ', 'codec_recon_2=0.076421; ', 'bpp_2=0.280525; ']
train step[729/2000] ; used: 16m:27s; eta: 28m:39s; loss = 0.470948; ['mse_0=0.001451; ', 'lpips_0=0.006946; ', 'codec_recon_0=0.056810; ', 'bpp_0=1.284829; ', 'mse_1=0.001066; ', 'lpips_1=0.005409; ', 'codec_recon_1=0.316225; ', 'bpp_1=0.300241; ', 'mse_2=0.000921; ', 'lpips_2=0.004874; ', 'codec_recon_2=0.077245; ', 'bpp_2=0.288331; ']
train step[730/2000] ; used: 16m:28s; eta: 28m:37s; loss = 0.526243; ['mse_0=0.003348; ', 'lpips_0=0.006931; ', 'codec_recon_0=0.058363; ', 'bpp_0=1.303802; ', 'mse_1=0.002597; ', 'lpips_1=0.005043; ', 'codec_recon_1=0.358416; ', 'bpp_1=0.301029; ', 'mse_2=0.002147; ', 'lpips_2=0.004239; ', 'codec_recon_2=0.085158; ', 'bpp_2=0.290773; ']
train step[731/2000] ; used: 16m:29s; eta: 28m:36s; loss = 0.458646; ['mse_0=0.002290; ', 'lpips_0=0.006325; ', 'codec_recon_0=0.050940; ', 'bpp_0=1.296282; ', 'mse_1=0.001863; ', 'lpips_1=0.004836; ', 'codec_recon_1=0.311400; ', 'bpp_1=0.302333; ', 'mse_2=0.001720; ', 'lpips_2=0.004248; ', 'codec_recon_2=0.075023; ', 'bpp_2=0.290031; ']
train step[732/2000] ; used: 16m:30s; eta: 28m:34s; loss = 0.476913; ['mse_0=0.003318; ', 'lpips_0=0.007577; ', 'codec_recon_0=0.056532; ', 'bpp_0=1.295171; ', 'mse_1=0.002979; ', 'lpips_1=0.006219; ', 'codec_recon_1=0.313476; ', 'bpp_1=0.301486; ', 'mse_2=0.002864; ', 'lpips_2=0.005347; ', 'codec_recon_2=0.078599; ', 'bpp_2=0.289137; ']
train step[733/2000] ; used: 16m:32s; eta: 28m:32s; loss = 0.470710; ['mse_0=0.000892; ', 'lpips_0=0.006744; ', 'codec_recon_0=0.051651; ', 'bpp_0=1.256623; ', 'mse_1=0.000542; ', 'lpips_1=0.004991; ', 'codec_recon_1=0.313615; ', 'bpp_1=0.297413; ', 'mse_2=0.000430; ', 'lpips_2=0.004551; ', 'codec_recon_2=0.087294; ', 'bpp_2=0.285262; ']
train step[734/2000] ; used: 16m:33s; eta: 28m:30s; loss = 0.521220; ['mse_0=0.002647; ', 'lpips_0=0.006436; ', 'codec_recon_0=0.057311; ', 'bpp_0=1.298209; ', 'mse_1=0.002039; ', 'lpips_1=0.005003; ', 'codec_recon_1=0.353860; ', 'bpp_1=0.301785; ', 'mse_2=0.001734; ', 'lpips_2=0.004351; ', 'codec_recon_2=0.087837; ', 'bpp_2=0.290840; ']
train step[735/2000] ; used: 16m:34s; eta: 28m:29s; loss = 0.456261; ['mse_0=0.001721; ', 'lpips_0=0.006412; ', 'codec_recon_0=0.049143; ', 'bpp_0=1.273398; ', 'mse_1=0.000977; ', 'lpips_1=0.004471; ', 'codec_recon_1=0.310838; ', 'bpp_1=0.293541; ', 'mse_2=0.000729; ', 'lpips_2=0.003716; ', 'codec_recon_2=0.078252; ', 'bpp_2=0.279122; ']
train step[736/2000] ; used: 16m:35s; eta: 28m:27s; loss = 0.431431; ['mse_0=0.001675; ', 'lpips_0=0.004700; ', 'codec_recon_0=0.048415; ', 'bpp_0=1.252629; ', 'mse_1=0.001458; ', 'lpips_1=0.003687; ', 'codec_recon_1=0.286739; ', 'bpp_1=0.296801; ', 'mse_2=0.001452; ', 'lpips_2=0.003366; ', 'codec_recon_2=0.079937; ', 'bpp_2=0.284600; ']
train step[737/2000] ; used: 16m:36s; eta: 28m:25s; loss = 0.560274; ['mse_0=0.003214; ', 'lpips_0=0.009381; ', 'codec_recon_0=0.055865; ', 'bpp_0=1.304106; ', 'mse_1=0.002501; ', 'lpips_1=0.007193; ', 'codec_recon_1=0.393505; ', 'bpp_1=0.299949; ', 'mse_2=0.002259; ', 'lpips_2=0.005995; ', 'codec_recon_2=0.080359; ', 'bpp_2=0.289151; ']
train step[738/2000] ; used: 16m:38s; eta: 28m:24s; loss = 0.445271; ['mse_0=0.003355; ', 'lpips_0=0.007811; ', 'codec_recon_0=0.045589; ', 'bpp_0=1.306977; ', 'mse_1=0.002562; ', 'lpips_1=0.005793; ', 'codec_recon_1=0.309824; ', 'bpp_1=0.302636; ', 'mse_2=0.002341; ', 'lpips_2=0.004843; ', 'codec_recon_2=0.063152; ', 'bpp_2=0.292181; ']
train step[739/2000] ; used: 16m:39s; eta: 28m:22s; loss = 0.481503; ['mse_0=0.003273; ', 'lpips_0=0.007954; ', 'codec_recon_0=0.048440; ', 'bpp_0=1.288284; ', 'mse_1=0.003190; ', 'lpips_1=0.005985; ', 'codec_recon_1=0.332057; ', 'bpp_1=0.298890; ', 'mse_2=0.003002; ', 'lpips_2=0.005296; ', 'codec_recon_2=0.072304; ', 'bpp_2=0.286698; ']
train step[740/2000] ; used: 16m:40s; eta: 28m:21s; loss = 0.438298; ['mse_0=0.004002; ', 'lpips_0=0.006954; ', 'codec_recon_0=0.047979; ', 'bpp_0=1.269408; ', 'mse_1=0.003177; ', 'lpips_1=0.005384; ', 'codec_recon_1=0.294244; ', 'bpp_1=0.298774; ', 'mse_2=0.003192; ', 'lpips_2=0.004874; ', 'codec_recon_2=0.068490; ', 'bpp_2=0.287923; ']
train step[741/2000] ; used: 16m:41s; eta: 28m:19s; loss = 0.488239; ['mse_0=0.001275; ', 'lpips_0=0.005455; ', 'codec_recon_0=0.058658; ', 'bpp_0=1.285685; ', 'mse_1=0.000868; ', 'lpips_1=0.003591; ', 'codec_recon_1=0.329339; ', 'bpp_1=0.298360; ', 'mse_2=0.000723; ', 'lpips_2=0.003034; ', 'codec_recon_2=0.085294; ', 'bpp_2=0.287165; ']
Skipped bad example 167f974d9ad170b3. Context shape was torch.Size([2, 3, 270, 480]) and target shape was torch.Size([4, 3, 270, 480]).
train step[742/2000] ; used: 16m:43s; eta: 28m:18s; loss = 0.414807; ['mse_0=0.001675; ', 'lpips_0=0.006362; ', 'codec_recon_0=0.052471; ', 'bpp_0=1.259006; ', 'mse_1=0.001263; ', 'lpips_1=0.004996; ', 'codec_recon_1=0.279992; ', 'bpp_1=0.296596; ', 'mse_2=0.001177; ', 'lpips_2=0.004611; ', 'codec_recon_2=0.062257; ', 'bpp_2=0.285446; ']
train step[743/2000] ; used: 16m:44s; eta: 28m:16s; loss = 0.365323; ['mse_0=0.001010; ', 'lpips_0=0.005964; ', 'codec_recon_0=0.046067; ', 'bpp_0=1.245221; ', 'mse_1=0.000706; ', 'lpips_1=0.004422; ', 'codec_recon_1=0.248791; ', 'bpp_1=0.295880; ', 'mse_2=0.000622; ', 'lpips_2=0.003997; ', 'codec_recon_2=0.053742; ', 'bpp_2=0.282204; ']
train step[744/2000] ; used: 16m:45s; eta: 28m:15s; loss = 0.492482; ['mse_0=0.001907; ', 'lpips_0=0.006629; ', 'codec_recon_0=0.050241; ', 'bpp_0=1.314553; ', 'mse_1=0.001145; ', 'lpips_1=0.003842; ', 'codec_recon_1=0.355227; ', 'bpp_1=0.300862; ', 'mse_2=0.000640; ', 'lpips_2=0.002323; ', 'codec_recon_2=0.070527; ', 'bpp_2=0.292973; ']
train step[745/2000] ; used: 16m:46s; eta: 28m:13s; loss = 0.427804; ['mse_0=0.002640; ', 'lpips_0=0.007093; ', 'codec_recon_0=0.044101; ', 'bpp_0=1.301032; ', 'mse_1=0.002099; ', 'lpips_1=0.004967; ', 'codec_recon_1=0.301033; ', 'bpp_1=0.301940; ', 'mse_2=0.001949; ', 'lpips_2=0.004225; ', 'codec_recon_2=0.059695; ', 'bpp_2=0.292015; ']
train step[746/2000] ; used: 16m:47s; eta: 28m:12s; loss = 0.503549; ['mse_0=0.004208; ', 'lpips_0=0.007526; ', 'codec_recon_0=0.046559; ', 'bpp_0=1.301880; ', 'mse_1=0.004017; ', 'lpips_1=0.004931; ', 'codec_recon_1=0.357393; ', 'bpp_1=0.301998; ', 'mse_2=0.004009; ', 'lpips_2=0.003797; ', 'codec_recon_2=0.071107; ', 'bpp_2=0.293653; ']
train step[747/2000] ; used: 16m:49s; eta: 28m:10s; loss = 0.433675; ['mse_0=0.005137; ', 'lpips_0=0.007425; ', 'codec_recon_0=0.043694; ', 'bpp_0=1.300262; ', 'mse_1=0.004147; ', 'lpips_1=0.005637; ', 'codec_recon_1=0.298748; ', 'bpp_1=0.301581; ', 'mse_2=0.003964; ', 'lpips_2=0.005042; ', 'codec_recon_2=0.059878; ', 'bpp_2=0.291842; ']
train step[748/2000] ; used: 16m:50s; eta: 28m:8s; loss = 0.477396; ['mse_0=0.004424; ', 'lpips_0=0.008242; ', 'codec_recon_0=0.044224; ', 'bpp_0=1.317396; ', 'mse_1=0.003348; ', 'lpips_1=0.005704; ', 'codec_recon_1=0.340665; ', 'bpp_1=0.304616; ', 'mse_2=0.002704; ', 'lpips_2=0.004284; ', 'codec_recon_2=0.063797; ', 'bpp_2=0.296447; ']
train step[749/2000] ; used: 16m:51s; eta: 28m:7s; loss = 0.446575; ['mse_0=0.001806; ', 'lpips_0=0.005429; ', 'codec_recon_0=0.046671; ', 'bpp_0=1.303741; ', 'mse_1=0.001137; ', 'lpips_1=0.003680; ', 'codec_recon_1=0.318885; ', 'bpp_1=0.302830; ', 'mse_2=0.000981; ', 'lpips_2=0.003008; ', 'codec_recon_2=0.064977; ', 'bpp_2=0.294439; ']
validation step on 750 1/100; scene = ['5aca87f95a9412c6']; context = [[58, 133]]
validation step on 750 2/100; scene = ['bc95e5c7e357f1b7']; context = [[35, 91]]
validation step on 750 3/100; scene = ['34b0658a5c200cdf']; context = [[0, 70]]
validation step on 750 4/100; scene = ['28e8300e004ab30b']; context = [[3, 68]]
validation step on 750 5/100; scene = ['6558c5f10d45a929']; context = [[43, 160]]
validation step on 750 6/100; scene = ['89ea49cd9865aeff']; context = [[31, 81]]
validation step on 750 7/100; scene = ['ed477bdf8582adff']; context = [[40, 85]]
validation step on 750 8/100; scene = ['57d3409bf04c4651']; context = [[0, 45]]
validation step on 750 9/100; scene = ['aadc1e2dc74fd644']; context = [[2, 52]]
validation step on 750 10/100; scene = ['cd74b1244d112628']; context = [[63, 110]]
validation step on 750 11/100; scene = ['57d25dafabb5a238']; context = [[32, 104]]
validation step on 750 12/100; scene = ['e4f4574df7938f37']; context = [[0, 115]]
validation step on 750 13/100; scene = ['20d86cff490c0c42']; context = [[18, 69]]
validation step on 750 14/100; scene = ['0c4c5d5f751aabf5']; context = [[12, 57]]
validation step on 750 15/100; scene = ['fea544b472e9abd1']; context = [[12, 93]]
validation step on 750 16/100; scene = ['656381bea665bf3d']; context = [[27, 75]]
validation step on 750 17/100; scene = ['322261824c4a3003']; context = [[33, 78]]
validation step on 750 18/100; scene = ['f7c0fa5b81552d35']; context = [[11, 64]]
validation step on 750 19/100; scene = ['a56ba2efb5e3fdd9']; context = [[33, 92]]
validation step on 750 20/100; scene = ['c48f19e2ffa52523']; context = [[195, 264]]
validation step on 750 21/100; scene = ['1214f2a11a9fc1ed']; context = [[103, 215]]
validation step on 750 22/100; scene = ['a9b3ff60b213e099']; context = [[32, 96]]
validation step on 750 23/100; scene = ['a6fa92e8204f6118']; context = [[2, 66]]
validation step on 750 24/100; scene = ['21e794f71e31becb']; context = [[72, 180]]
validation step on 750 25/100; scene = ['f7d916b43193c181']; context = [[7, 61]]
validation step on 750 26/100; scene = ['84ab392d682f296b']; context = [[43, 120]]
validation step on 750 27/100; scene = ['6771a51bf0cfce7f']; context = [[152, 199]]
validation step on 750 28/100; scene = ['17d9303ee77c3a3d']; context = [[17, 63]]
validation step on 750 29/100; scene = ['ffa95c3b40609c76']; context = [[120, 213]]
validation step on 750 30/100; scene = ['a47b88040452d7d9']; context = [[35, 97]]
validation step on 750 31/100; scene = ['0d4de33c6888a754']; context = [[2, 57]]
validation step on 750 32/100; scene = ['41bcd011f99bfb66']; context = [[4, 50]]
validation step on 750 33/100; scene = ['67a69088a2695987']; context = [[6, 86]]
validation step on 750 34/100; scene = ['b4099665590548fc']; context = [[23, 74]]
validation step on 750 35/100; scene = ['9e2a8cc5f32dd46b']; context = [[75, 151]]
validation step on 750 36/100; scene = ['2e109379f53bb221']; context = [[35, 108]]
validation step on 750 37/100; scene = ['8adebbb68f2c3f84']; context = [[72, 131]]
validation step on 750 38/100; scene = ['29e0bfbad00f0d5e']; context = [[8, 100]]
validation step on 750 39/100; scene = ['debc3490ba0bd84b']; context = [[34, 81]]
validation step on 750 40/100; scene = ['7c7bc5285126e6ad']; context = [[64, 126]]
validation step on 750 41/100; scene = ['cdf439b17a6a98d4']; context = [[31, 77]]
validation step on 750 42/100; scene = ['cb38d67088b66084']; context = [[49, 106]]
validation step on 750 43/100; scene = ['2da2eeb966bc0ef8']; context = [[30, 94]]
validation step on 750 44/100; scene = ['bb4d7012261ee0ed']; context = [[0, 46]]
validation step on 750 45/100; scene = ['9e1f1beb4ba8e5da']; context = [[9, 73]]
validation step on 750 46/100; scene = ['26b31d71789bffad']; context = [[3, 57]]
validation step on 750 47/100; scene = ['41abd737e0228c1a']; context = [[81, 127]]
validation step on 750 48/100; scene = ['ed0c2aca14b99efa']; context = [[62, 119]]
validation step on 750 49/100; scene = ['8d5163de9ea4d851']; context = [[39, 85]]
validation step on 750 50/100; scene = ['81be42df6ccae760']; context = [[13, 107]]
validation step on 750 51/100; scene = ['6fe141ec9be1a432']; context = [[12, 73]]
validation step on 750 52/100; scene = ['3b6d8db52c54b174']; context = [[0, 80]]
validation step on 750 53/100; scene = ['3087828bc27bc4c7']; context = [[15, 96]]
validation step on 750 54/100; scene = ['e124dfa7e996a414']; context = [[48, 93]]
validation step on 750 55/100; scene = ['e1afd89a69ee6947']; context = [[34, 113]]
validation step on 750 56/100; scene = ['79ce50fb7b021e1d']; context = [[212, 278]]
validation step on 750 57/100; scene = ['358bdee988c269ef']; context = [[3, 95]]
validation step on 750 58/100; scene = ['f14791aec34dbdcd']; context = [[5, 59]]
validation step on 750 59/100; scene = ['0c52996355b23d76']; context = [[51, 111]]
validation step on 750 60/100; scene = ['62bcb465bb03d34f']; context = [[6, 84]]
validation step on 750 61/100; scene = ['1f0e06e4388dd600']; context = [[44, 96]]
validation step on 750 62/100; scene = ['c9c30723d7c54793']; context = [[152, 247]]
validation step on 750 63/100; scene = ['8b212f2755d955ec']; context = [[40, 110]]
validation step on 750 64/100; scene = ['de67e3a0b0648cfe']; context = [[16, 72]]
validation step on 750 65/100; scene = ['54841308aff91857']; context = [[27, 86]]
validation step on 750 66/100; scene = ['40ca76de44a6e1a9']; context = [[43, 107]]
validation step on 750 67/100; scene = ['bc143130c1842e4b']; context = [[29, 133]]
validation step on 750 68/100; scene = ['912177dbf0a1ed6c']; context = [[3, 60]]
validation step on 750 69/100; scene = ['afe4e799a94e06b3']; context = [[54, 150]]
validation step on 750 70/100; scene = ['17f552ef56d85c55']; context = [[20, 86]]
validation step on 750 71/100; scene = ['a7c691c210154b09']; context = [[0, 50]]
validation step on 750 72/100; scene = ['9490f1219dbbb6ce']; context = [[17, 72]]
validation step on 750 73/100; scene = ['154365ab5a4e067b']; context = [[2, 48]]
validation step on 750 74/100; scene = ['ab4c269f8d523d02']; context = [[18, 72]]
validation step on 750 75/100; scene = ['75d475e9558ab806']; context = [[1, 46]]
validation step on 750 76/100; scene = ['fdaab1f49851782c']; context = [[31, 142]]
validation step on 750 77/100; scene = ['2d4efa3897a4ba2d']; context = [[4, 58]]
validation step on 750 78/100; scene = ['14f477e7d5af5b91']; context = [[17, 72]]
validation step on 750 79/100; scene = ['de45926738229f67']; context = [[22, 84]]
validation step on 750 80/100; scene = ['5c909c802eb6edb1']; context = [[13, 78]]
validation step on 750 81/100; scene = ['aa91dfdd5f4ad32b']; context = [[8, 57]]
validation step on 750 82/100; scene = ['88d9ba3324f2ec21']; context = [[2, 49]]
validation step on 750 83/100; scene = ['622ef98e83ed5239']; context = [[3, 66]]
validation step on 750 84/100; scene = ['30fc5fc78c5a716e']; context = [[151, 210]]
validation step on 750 85/100; scene = ['8b760ac05c93a6bb']; context = [[26, 72]]
validation step on 750 86/100; scene = ['800ea72b6988f63e']; context = [[141, 190]]
validation step on 750 87/100; scene = ['674dabef8f53b566']; context = [[9, 91]]
validation step on 750 88/100; scene = ['d3a01038c5f21473']; context = [[139, 273]]
validation step on 750 89/100; scene = ['3e5f747d06bc84a3']; context = [[85, 190]]
validation step on 750 90/100; scene = ['bb6fa5bdafc14e8c']; context = [[43, 139]]
validation step on 750 91/100; scene = ['052430ff6e2c07c4']; context = [[19, 92]]
validation step on 750 92/100; scene = ['0588138dfec165a1']; context = [[70, 160]]
validation step on 750 93/100; scene = ['e4bcb18fa6aa91be']; context = [[32, 79]]
validation step on 750 94/100; scene = ['4c4fa41951e37e78']; context = [[8, 60]]
validation step on 750 95/100; scene = ['252a24d25a1ea81d']; context = [[198, 263]]
validation step on 750 96/100; scene = ['214df1c2863d2959']; context = [[45, 96]]
validation step on 750 97/100; scene = ['bfd27ad72975e120']; context = [[8, 55]]
validation step on 750 98/100; scene = ['572acd18419c3456']; context = [[3, 62]]
validation step on 750 99/100; scene = ['b26e6c80d283c4c8']; context = [[46, 92]]
validation step on 750 100/100; scene = ['10c8e54590f715f7']; context = [[6, 76]]
train step[750/2000] ; used: 17m:57s; eta: 29m:53s; loss = 0.409388; ['mse_0=0.002476; ', 'lpips_0=0.009013; ', 'codec_recon_0=0.045989; ', 'bpp_0=1.283046; ', 'mse_1=0.002133; ', 'lpips_1=0.007576; ', 'codec_recon_1=0.271676; ', 'bpp_1=0.297796; ', 'mse_2=0.002048; ', 'lpips_2=0.007108; ', 'codec_recon_2=0.061368; ', 'bpp_2=0.285678; ']
train step[751/2000] ; used: 17m:58s; eta: 29m:51s; loss = 0.397834; ['mse_0=0.001394; ', 'lpips_0=0.006581; ', 'codec_recon_0=0.044957; ', 'bpp_0=1.305047; ', 'mse_1=0.000980; ', 'lpips_1=0.004750; ', 'codec_recon_1=0.280031; ', 'bpp_1=0.302601; ', 'mse_2=0.000836; ', 'lpips_2=0.004133; ', 'codec_recon_2=0.054170; ', 'bpp_2=0.292791; ']
train step[752/2000] ; used: 18m; eta: 29m:50s; loss = 0.415305; ['mse_0=0.003913; ', 'lpips_0=0.006992; ', 'codec_recon_0=0.043427; ', 'bpp_0=1.289551; ', 'mse_1=0.003423; ', 'lpips_1=0.005560; ', 'codec_recon_1=0.284406; ', 'bpp_1=0.298691; ', 'mse_2=0.003421; ', 'lpips_2=0.005069; ', 'codec_recon_2=0.059092; ', 'bpp_2=0.288730; ']
train step[753/2000] ; used: 18m:1s; eta: 29m:48s; loss = 0.397155; ['mse_0=0.003893; ', 'lpips_0=0.006702; ', 'codec_recon_0=0.040655; ', 'bpp_0=1.291125; ', 'mse_1=0.003266; ', 'lpips_1=0.005098; ', 'codec_recon_1=0.276020; ', 'bpp_1=0.298889; ', 'mse_2=0.003107; ', 'lpips_2=0.004677; ', 'codec_recon_2=0.053735; ', 'bpp_2=0.289247; ']
train step[754/2000] ; used: 18m:2s; eta: 29m:46s; loss = 0.382604; ['mse_0=0.002396; ', 'lpips_0=0.005932; ', 'codec_recon_0=0.039076; ', 'bpp_0=1.308174; ', 'mse_1=0.001828; ', 'lpips_1=0.004585; ', 'codec_recon_1=0.272621; ', 'bpp_1=0.300252; ', 'mse_2=0.001685; ', 'lpips_2=0.004074; ', 'codec_recon_2=0.050405; ', 'bpp_2=0.290909; ']
train step[755/2000] ; used: 18m:3s; eta: 29m:44s; loss = 0.374039; ['mse_0=0.001393; ', 'lpips_0=0.005618; ', 'codec_recon_0=0.042231; ', 'bpp_0=1.274158; ', 'mse_1=0.001026; ', 'lpips_1=0.004060; ', 'codec_recon_1=0.257775; ', 'bpp_1=0.295856; ', 'mse_2=0.000986; ', 'lpips_2=0.003733; ', 'codec_recon_2=0.057215; ', 'bpp_2=0.285002; ']
train step[756/2000] ; used: 18m:4s; eta: 29m:42s; loss = 0.432845; ['mse_0=0.002073; ', 'lpips_0=0.007040; ', 'codec_recon_0=0.044000; ', 'bpp_0=1.293087; ', 'mse_1=0.001334; ', 'lpips_1=0.004863; ', 'codec_recon_1=0.306608; ', 'bpp_1=0.301241; ', 'mse_2=0.001025; ', 'lpips_2=0.003573; ', 'codec_recon_2=0.062327; ', 'bpp_2=0.292060; ']
train step[757/2000] ; used: 18m:5s; eta: 29m:40s; loss = 0.383243; ['mse_0=0.001897; ', 'lpips_0=0.006757; ', 'codec_recon_0=0.042784; ', 'bpp_0=1.280300; ', 'mse_1=0.001441; ', 'lpips_1=0.005144; ', 'codec_recon_1=0.269187; ', 'bpp_1=0.301907; ', 'mse_2=0.001267; ', 'lpips_2=0.004531; ', 'codec_recon_2=0.050235; ', 'bpp_2=0.293395; ']
train step[758/2000] ; used: 18m:7s; eta: 29m:38s; loss = 0.375629; ['mse_0=0.003918; ', 'lpips_0=0.005889; ', 'codec_recon_0=0.039503; ', 'bpp_0=1.273744; ', 'mse_1=0.003783; ', 'lpips_1=0.004736; ', 'codec_recon_1=0.255115; ', 'bpp_1=0.299066; ', 'mse_2=0.003730; ', 'lpips_2=0.004423; ', 'codec_recon_2=0.054530; ', 'bpp_2=0.289242; ']
train step[759/2000] ; used: 18m:8s; eta: 29m:36s; loss = 0.369184; ['mse_0=0.001348; ', 'lpips_0=0.005718; ', 'codec_recon_0=0.041556; ', 'bpp_0=1.276584; ', 'mse_1=0.000989; ', 'lpips_1=0.004204; ', 'codec_recon_1=0.260255; ', 'bpp_1=0.300671; ', 'mse_2=0.000892; ', 'lpips_2=0.003785; ', 'codec_recon_2=0.050435; ', 'bpp_2=0.290961; ']
train step[760/2000] ; used: 18m:9s; eta: 29m:34s; loss = 0.372962; ['mse_0=0.003426; ', 'lpips_0=0.008665; ', 'codec_recon_0=0.036840; ', 'bpp_0=1.282991; ', 'mse_1=0.002846; ', 'lpips_1=0.007266; ', 'codec_recon_1=0.258105; ', 'bpp_1=0.300964; ', 'mse_2=0.002723; ', 'lpips_2=0.006870; ', 'codec_recon_2=0.046218; ', 'bpp_2=0.291698; ']
train step[761/2000] ; used: 18m:10s; eta: 29m:33s; loss = 0.367407; ['mse_0=0.002010; ', 'lpips_0=0.006468; ', 'codec_recon_0=0.037084; ', 'bpp_0=1.288577; ', 'mse_1=0.001409; ', 'lpips_1=0.004592; ', 'codec_recon_1=0.262679; ', 'bpp_1=0.301479; ', 'mse_2=0.001230; ', 'lpips_2=0.003965; ', 'codec_recon_2=0.047968; ', 'bpp_2=0.292737; ']
train step[762/2000] ; used: 18m:11s; eta: 29m:31s; loss = 0.362856; ['mse_0=0.003159; ', 'lpips_0=0.007366; ', 'codec_recon_0=0.036862; ', 'bpp_0=1.270598; ', 'mse_1=0.002591; ', 'lpips_1=0.005631; ', 'codec_recon_1=0.252965; ', 'bpp_1=0.300834; ', 'mse_2=0.002474; ', 'lpips_2=0.005166; ', 'codec_recon_2=0.046639; ', 'bpp_2=0.291691; ']
train step[763/2000] ; used: 18m:12s; eta: 29m:29s; loss = 0.329931; ['mse_0=0.002429; ', 'lpips_0=0.008523; ', 'codec_recon_0=0.036598; ', 'bpp_0=1.269629; ', 'mse_1=0.001784; ', 'lpips_1=0.006850; ', 'codec_recon_1=0.224999; ', 'bpp_1=0.297195; ', 'mse_2=0.001607; ', 'lpips_2=0.006221; ', 'codec_recon_2=0.040918; ', 'bpp_2=0.286959; ']
train step[764/2000] ; used: 18m:13s; eta: 29m:27s; loss = 0.343853; ['mse_0=0.002314; ', 'lpips_0=0.006649; ', 'codec_recon_0=0.036623; ', 'bpp_0=1.286903; ', 'mse_1=0.001651; ', 'lpips_1=0.004871; ', 'codec_recon_1=0.240293; ', 'bpp_1=0.301408; ', 'mse_2=0.001478; ', 'lpips_2=0.004185; ', 'codec_recon_2=0.045785; ', 'bpp_2=0.293260; ']
train step[765/2000] ; used: 18m:15s; eta: 29m:25s; loss = 0.473855; ['mse_0=0.001961; ', 'lpips_0=0.006866; ', 'codec_recon_0=0.040988; ', 'bpp_0=1.317275; ', 'mse_1=0.001134; ', 'lpips_1=0.004472; ', 'codec_recon_1=0.353182; ', 'bpp_1=0.303678; ', 'mse_2=0.000841; ', 'lpips_2=0.003401; ', 'codec_recon_2=0.061008; ', 'bpp_2=0.298082; ']
train step[766/2000] ; used: 18m:16s; eta: 29m:23s; loss = 0.367500; ['mse_0=0.000908; ', 'lpips_0=0.006715; ', 'codec_recon_0=0.039623; ', 'bpp_0=1.270646; ', 'mse_1=0.000558; ', 'lpips_1=0.005471; ', 'codec_recon_1=0.253268; ', 'bpp_1=0.297515; ', 'mse_2=0.000517; ', 'lpips_2=0.005063; ', 'codec_recon_2=0.055376; ', 'bpp_2=0.287612; ']
train step[767/2000] ; used: 18m:17s; eta: 29m:21s; loss = 0.449852; ['mse_0=0.003485; ', 'lpips_0=0.008307; ', 'codec_recon_0=0.042947; ', 'bpp_0=1.289842; ', 'mse_1=0.002800; ', 'lpips_1=0.006210; ', 'codec_recon_1=0.318311; ', 'bpp_1=0.298089; ', 'mse_2=0.002700; ', 'lpips_2=0.005385; ', 'codec_recon_2=0.059705; ', 'bpp_2=0.291123; ']
train step[768/2000] ; used: 18m:18s; eta: 29m:20s; loss = 0.410355; ['mse_0=0.000773; ', 'lpips_0=0.004828; ', 'codec_recon_0=0.040236; ', 'bpp_0=1.285628; ', 'mse_1=0.000458; ', 'lpips_1=0.003218; ', 'codec_recon_1=0.298942; ', 'bpp_1=0.297353; ', 'mse_2=0.000330; ', 'lpips_2=0.002511; ', 'codec_recon_2=0.059056; ', 'bpp_2=0.288446; ']
train step[769/2000] ; used: 18m:19s; eta: 29m:18s; loss = 0.545212; ['mse_0=0.004879; ', 'lpips_0=0.011763; ', 'codec_recon_0=0.044569; ', 'bpp_0=1.332103; ', 'mse_1=0.003659; ', 'lpips_1=0.008757; ', 'codec_recon_1=0.398814; ', 'bpp_1=0.305188; ', 'mse_2=0.002977; ', 'lpips_2=0.006575; ', 'codec_recon_2=0.063218; ', 'bpp_2=0.300709; ']
train step[770/2000] ; used: 18m:21s; eta: 29m:16s; loss = 0.486349; ['mse_0=0.002663; ', 'lpips_0=0.008105; ', 'codec_recon_0=0.043510; ', 'bpp_0=1.319320; ', 'mse_1=0.002002; ', 'lpips_1=0.005915; ', 'codec_recon_1=0.354080; ', 'bpp_1=0.303407; ', 'mse_2=0.001811; ', 'lpips_2=0.004930; ', 'codec_recon_2=0.063328; ', 'bpp_2=0.296178; ']
train step[771/2000] ; used: 18m:22s; eta: 29m:14s; loss = 0.436722; ['mse_0=0.022765; ', 'lpips_0=0.014747; ', 'codec_recon_0=0.038610; ', 'bpp_0=1.264164; ', 'mse_1=0.023257; ', 'lpips_1=0.013354; ', 'codec_recon_1=0.242788; ', 'bpp_1=0.298878; ', 'mse_2=0.023170; ', 'lpips_2=0.013098; ', 'codec_recon_2=0.044932; ', 'bpp_2=0.289432; ']
train step[772/2000] ; used: 18m:23s; eta: 29m:13s; loss = 0.428570; ['mse_0=0.001427; ', 'lpips_0=0.005905; ', 'codec_recon_0=0.043907; ', 'bpp_0=1.297141; ', 'mse_1=0.000845; ', 'lpips_1=0.003649; ', 'codec_recon_1=0.312569; ', 'bpp_1=0.302944; ', 'mse_2=0.000689; ', 'lpips_2=0.002762; ', 'codec_recon_2=0.056817; ', 'bpp_2=0.296625; ']
train step[773/2000] ; used: 18m:24s; eta: 29m:11s; loss = 0.497237; ['mse_0=0.004726; ', 'lpips_0=0.009814; ', 'codec_recon_0=0.041308; ', 'bpp_0=1.306428; ', 'mse_1=0.003788; ', 'lpips_1=0.007647; ', 'codec_recon_1=0.359896; ', 'bpp_1=0.302708; ', 'mse_2=0.003485; ', 'lpips_2=0.006360; ', 'codec_recon_2=0.060210; ', 'bpp_2=0.297706; ']
train step[774/2000] ; used: 18m:26s; eta: 29m:9s; loss = 0.509398; ['mse_0=0.012258; ', 'lpips_0=0.012411; ', 'codec_recon_0=0.047369; ', 'bpp_0=1.310781; ', 'mse_1=0.012026; ', 'lpips_1=0.010535; ', 'codec_recon_1=0.330807; ', 'bpp_1=0.302486; ', 'mse_2=0.012015; ', 'lpips_2=0.009958; ', 'codec_recon_2=0.062018; ', 'bpp_2=0.296427; ']
train step[775/2000] ; used: 18m:27s; eta: 29m:7s; loss = 0.441449; ['mse_0=0.002627; ', 'lpips_0=0.009254; ', 'codec_recon_0=0.042822; ', 'bpp_0=1.296327; ', 'mse_1=0.001906; ', 'lpips_1=0.006206; ', 'codec_recon_1=0.306667; ', 'bpp_1=0.297821; ', 'mse_2=0.001448; ', 'lpips_2=0.004607; ', 'codec_recon_2=0.065911; ', 'bpp_2=0.289499; ']
train step[776/2000] ; used: 18m:28s; eta: 29m:5s; loss = 0.397500; ['mse_0=0.002648; ', 'lpips_0=0.008173; ', 'codec_recon_0=0.037815; ', 'bpp_0=1.309196; ', 'mse_1=0.001933; ', 'lpips_1=0.005982; ', 'codec_recon_1=0.285292; ', 'bpp_1=0.301875; ', 'mse_2=0.001735; ', 'lpips_2=0.005296; ', 'codec_recon_2=0.048624; ', 'bpp_2=0.296098; ']
train step[777/2000] ; used: 18m:29s; eta: 29m:4s; loss = 0.481282; ['mse_0=0.001576; ', 'lpips_0=0.007668; ', 'codec_recon_0=0.044905; ', 'bpp_0=1.304176; ', 'mse_1=0.001057; ', 'lpips_1=0.005195; ', 'codec_recon_1=0.352682; ', 'bpp_1=0.302460; ', 'mse_2=0.000812; ', 'lpips_2=0.003850; ', 'codec_recon_2=0.063536; ', 'bpp_2=0.297095; ']
train step[778/2000] ; used: 18m:30s; eta: 29m:2s; loss = 0.470150; ['mse_0=0.016882; ', 'lpips_0=0.012882; ', 'codec_recon_0=0.039258; ', 'bpp_0=1.302476; ', 'mse_1=0.015815; ', 'lpips_1=0.011011; ', 'codec_recon_1=0.292601; ', 'bpp_1=0.301554; ', 'mse_2=0.015390; ', 'lpips_2=0.010270; ', 'codec_recon_2=0.056038; ', 'bpp_2=0.294676; ']
train step[779/2000] ; used: 18m:31s; eta: 29m; loss = 0.362952; ['mse_0=0.000799; ', 'lpips_0=0.006235; ', 'codec_recon_0=0.037347; ', 'bpp_0=1.274493; ', 'mse_1=0.000502; ', 'lpips_1=0.004516; ', 'codec_recon_1=0.261360; ', 'bpp_1=0.299036; ', 'mse_2=0.000405; ', 'lpips_2=0.003958; ', 'codec_recon_2=0.047829; ', 'bpp_2=0.291818; ']
train step[780/2000] ; used: 18m:33s; eta: 28m:58s; loss = 0.389710; ['mse_0=0.001849; ', 'lpips_0=0.006433; ', 'codec_recon_0=0.037961; ', 'bpp_0=1.292759; ', 'mse_1=0.001344; ', 'lpips_1=0.004892; ', 'codec_recon_1=0.275847; ', 'bpp_1=0.299812; ', 'mse_2=0.001248; ', 'lpips_2=0.004321; ', 'codec_recon_2=0.055815; ', 'bpp_2=0.292294; ']
train step[781/2000] ; used: 18m:34s; eta: 28m:56s; loss = 0.427010; ['mse_0=0.006177; ', 'lpips_0=0.007609; ', 'codec_recon_0=0.039159; ', 'bpp_0=1.302048; ', 'mse_1=0.005549; ', 'lpips_1=0.005880; ', 'codec_recon_1=0.305885; ', 'bpp_1=0.301051; ', 'mse_2=0.005614; ', 'lpips_2=0.004980; ', 'codec_recon_2=0.046156; ', 'bpp_2=0.295155; ']
train step[782/2000] ; used: 18m:35s; eta: 28m:54s; loss = 0.365214; ['mse_0=0.002380; ', 'lpips_0=0.005976; ', 'codec_recon_0=0.033137; ', 'bpp_0=1.312772; ', 'mse_1=0.001334; ', 'lpips_1=0.003682; ', 'codec_recon_1=0.271143; ', 'bpp_1=0.305549; ', 'mse_2=0.001023; ', 'lpips_2=0.002794; ', 'codec_recon_2=0.043743; ', 'bpp_2=0.299729; ']
train step[783/2000] ; used: 18m:36s; eta: 28m:53s; loss = 0.380257; ['mse_0=0.003933; ', 'lpips_0=0.009912; ', 'codec_recon_0=0.037633; ', 'bpp_0=1.283105; ', 'mse_1=0.003401; ', 'lpips_1=0.008315; ', 'codec_recon_1=0.258278; ', 'bpp_1=0.299996; ', 'mse_2=0.003320; ', 'lpips_2=0.007848; ', 'codec_recon_2=0.047616; ', 'bpp_2=0.292872; ']
train step[784/2000] ; used: 18m:37s; eta: 28m:51s; loss = 0.387682; ['mse_0=0.001726; ', 'lpips_0=0.006569; ', 'codec_recon_0=0.035950; ', 'bpp_0=1.269268; ', 'mse_1=0.001346; ', 'lpips_1=0.005039; ', 'codec_recon_1=0.280534; ', 'bpp_1=0.297779; ', 'mse_2=0.001270; ', 'lpips_2=0.004609; ', 'codec_recon_2=0.050638; ', 'bpp_2=0.291376; ']
train step[785/2000] ; used: 18m:38s; eta: 28m:49s; loss = 0.332547; ['mse_0=0.002914; ', 'lpips_0=0.007013; ', 'codec_recon_0=0.031534; ', 'bpp_0=1.283949; ', 'mse_1=0.002305; ', 'lpips_1=0.005541; ', 'codec_recon_1=0.235357; ', 'bpp_1=0.301233; ', 'mse_2=0.002242; ', 'lpips_2=0.005095; ', 'codec_recon_2=0.040543; ', 'bpp_2=0.294858; ']
train step[786/2000] ; used: 18m:40s; eta: 28m:47s; loss = 0.413969; ['mse_0=0.002140; ', 'lpips_0=0.007966; ', 'codec_recon_0=0.036354; ', 'bpp_0=1.278614; ', 'mse_1=0.001574; ', 'lpips_1=0.006193; ', 'codec_recon_1=0.299527; ', 'bpp_1=0.298242; ', 'mse_2=0.001301; ', 'lpips_2=0.005385; ', 'codec_recon_2=0.053527; ', 'bpp_2=0.289724; ']
train step[787/2000] ; used: 18m:41s; eta: 28m:45s; loss = 0.417428; ['mse_0=0.004747; ', 'lpips_0=0.010857; ', 'codec_recon_0=0.034604; ', 'bpp_0=1.311047; ', 'mse_1=0.003851; ', 'lpips_1=0.008779; ', 'codec_recon_1=0.300220; ', 'bpp_1=0.304266; ', 'mse_2=0.003741; ', 'lpips_2=0.007755; ', 'codec_recon_2=0.042872; ', 'bpp_2=0.298741; ']
train step[788/2000] ; used: 18m:42s; eta: 28m:44s; loss = 0.369687; ['mse_0=0.002085; ', 'lpips_0=0.006933; ', 'codec_recon_0=0.035329; ', 'bpp_0=1.289282; ', 'mse_1=0.001626; ', 'lpips_1=0.004923; ', 'codec_recon_1=0.262253; ', 'bpp_1=0.300319; ', 'mse_2=0.001549; ', 'lpips_2=0.004387; ', 'codec_recon_2=0.050600; ', 'bpp_2=0.292599; ']
train step[789/2000] ; used: 18m:43s; eta: 28m:42s; loss = 0.301313; ['mse_0=0.001700; ', 'lpips_0=0.007037; ', 'codec_recon_0=0.034643; ', 'bpp_0=1.296546; ', 'mse_1=0.001161; ', 'lpips_1=0.005517; ', 'codec_recon_1=0.203976; ', 'bpp_1=0.301490; ', 'mse_2=0.001062; ', 'lpips_2=0.005040; ', 'codec_recon_2=0.041176; ', 'bpp_2=0.292980; ']
train step[790/2000] ; used: 18m:44s; eta: 28m:40s; loss = 0.368463; ['mse_0=0.002822; ', 'lpips_0=0.009591; ', 'codec_recon_0=0.033165; ', 'bpp_0=1.311643; ', 'mse_1=0.002239; ', 'lpips_1=0.007109; ', 'codec_recon_1=0.256962; ', 'bpp_1=0.303421; ', 'mse_2=0.002116; ', 'lpips_2=0.006352; ', 'codec_recon_2=0.048106; ', 'bpp_2=0.297265; ']
train step[791/2000] ; used: 18m:45s; eta: 28m:38s; loss = 0.340165; ['mse_0=0.001204; ', 'lpips_0=0.005573; ', 'codec_recon_0=0.033971; ', 'bpp_0=1.294836; ', 'mse_1=0.000656; ', 'lpips_1=0.003828; ', 'codec_recon_1=0.246235; ', 'bpp_1=0.301361; ', 'mse_2=0.000494; ', 'lpips_2=0.003105; ', 'codec_recon_2=0.045099; ', 'bpp_2=0.293544; ']
train step[792/2000] ; used: 18m:47s; eta: 28m:37s; loss = 0.341014; ['mse_0=0.003274; ', 'lpips_0=0.007281; ', 'codec_recon_0=0.031901; ', 'bpp_0=1.290278; ', 'mse_1=0.002447; ', 'lpips_1=0.005304; ', 'codec_recon_1=0.242711; ', 'bpp_1=0.302983; ', 'mse_2=0.002228; ', 'lpips_2=0.004635; ', 'codec_recon_2=0.041232; ', 'bpp_2=0.295632; ']
train step[793/2000] ; used: 18m:48s; eta: 28m:35s; loss = 0.341042; ['mse_0=0.001661; ', 'lpips_0=0.007466; ', 'codec_recon_0=0.035366; ', 'bpp_0=1.302091; ', 'mse_1=0.001219; ', 'lpips_1=0.005443; ', 'codec_recon_1=0.239503; ', 'bpp_1=0.300905; ', 'mse_2=0.001137; ', 'lpips_2=0.004917; ', 'codec_recon_2=0.044330; ', 'bpp_2=0.294631; ']
train step[794/2000] ; used: 18m:49s; eta: 28m:33s; loss = 0.408910; ['mse_0=0.007557; ', 'lpips_0=0.009197; ', 'codec_recon_0=0.038770; ', 'bpp_0=1.291944; ', 'mse_1=0.007070; ', 'lpips_1=0.007532; ', 'codec_recon_1=0.282275; ', 'bpp_1=0.299609; ', 'mse_2=0.006892; ', 'lpips_2=0.006954; ', 'codec_recon_2=0.042661; ', 'bpp_2=0.294161; ']
train step[795/2000] ; used: 18m:50s; eta: 28m:32s; loss = 0.362398; ['mse_0=0.004908; ', 'lpips_0=0.010113; ', 'codec_recon_0=0.037299; ', 'bpp_0=1.281651; ', 'mse_1=0.004207; ', 'lpips_1=0.008600; ', 'codec_recon_1=0.243064; ', 'bpp_1=0.300630; ', 'mse_2=0.004114; ', 'lpips_2=0.008171; ', 'codec_recon_2=0.041921; ', 'bpp_2=0.294376; ']
train step[796/2000] ; used: 18m:52s; eta: 28m:30s; loss = 0.285793; ['mse_0=0.002359; ', 'lpips_0=0.007625; ', 'codec_recon_0=0.031779; ', 'bpp_0=1.295076; ', 'mse_1=0.001900; ', 'lpips_1=0.006398; ', 'codec_recon_1=0.191874; ', 'bpp_1=0.302796; ', 'mse_2=0.001785; ', 'lpips_2=0.005871; ', 'codec_recon_2=0.036201; ', 'bpp_2=0.294332; ']
train step[797/2000] ; used: 18m:53s; eta: 28m:28s; loss = 0.306398; ['mse_0=0.002737; ', 'lpips_0=0.008037; ', 'codec_recon_0=0.033088; ', 'bpp_0=1.289362; ', 'mse_1=0.002289; ', 'lpips_1=0.006472; ', 'codec_recon_1=0.208187; ', 'bpp_1=0.301230; ', 'mse_2=0.002215; ', 'lpips_2=0.005795; ', 'codec_recon_2=0.037577; ', 'bpp_2=0.294547; ']
train step[798/2000] ; used: 18m:54s; eta: 28m:26s; loss = 0.401174; ['mse_0=0.009175; ', 'lpips_0=0.008933; ', 'codec_recon_0=0.036118; ', 'bpp_0=1.313046; ', 'mse_1=0.008220; ', 'lpips_1=0.007382; ', 'codec_recon_1=0.276260; ', 'bpp_1=0.305151; ', 'mse_2=0.007999; ', 'lpips_2=0.006558; ', 'codec_recon_2=0.040529; ', 'bpp_2=0.299395; ']
train step[799/2000] ; used: 18m:55s; eta: 28m:25s; loss = 0.330747; ['mse_0=0.001459; ', 'lpips_0=0.006032; ', 'codec_recon_0=0.032472; ', 'bpp_0=1.280914; ', 'mse_1=0.000929; ', 'lpips_1=0.004408; ', 'codec_recon_1=0.242696; ', 'bpp_1=0.300744; ', 'mse_2=0.000741; ', 'lpips_2=0.003758; ', 'codec_recon_2=0.038249; ', 'bpp_2=0.293817; ']
train step[800/2000] ; used: 18m:57s; eta: 28m:23s; loss = 0.469656; ['mse_0=0.005690; ', 'lpips_0=0.009273; ', 'codec_recon_0=0.036006; ', 'bpp_0=1.325393; ', 'mse_1=0.004783; ', 'lpips_1=0.006641; ', 'codec_recon_1=0.347641; ', 'bpp_1=0.306489; ', 'mse_2=0.004476; ', 'lpips_2=0.004903; ', 'codec_recon_2=0.050240; ', 'bpp_2=0.300421; ']
train step[801/2000] ; used: 18m:58s; eta: 28m:21s; loss = 0.325134; ['mse_0=0.001705; ', 'lpips_0=0.008331; ', 'codec_recon_0=0.035166; ', 'bpp_0=1.280525; ', 'mse_1=0.001114; ', 'lpips_1=0.006075; ', 'codec_recon_1=0.225652; ', 'bpp_1=0.301961; ', 'mse_2=0.001016; ', 'lpips_2=0.005456; ', 'codec_recon_2=0.040619; ', 'bpp_2=0.296050; ']
train step[802/2000] ; used: 18m:59s; eta: 28m:19s; loss = 0.321100; ['mse_0=0.001852; ', 'lpips_0=0.006964; ', 'codec_recon_0=0.032811; ', 'bpp_0=1.290514; ', 'mse_1=0.001348; ', 'lpips_1=0.005143; ', 'codec_recon_1=0.227570; ', 'bpp_1=0.302868; ', 'mse_2=0.001181; ', 'lpips_2=0.004389; ', 'codec_recon_2=0.039840; ', 'bpp_2=0.295641; ']
train step[803/2000] ; used: 19m; eta: 28m:18s; loss = 0.422114; ['mse_0=0.003060; ', 'lpips_0=0.009878; ', 'codec_recon_0=0.035012; ', 'bpp_0=1.311302; ', 'mse_1=0.002618; ', 'lpips_1=0.008144; ', 'codec_recon_1=0.309963; ', 'bpp_1=0.303581; ', 'mse_2=0.002385; ', 'lpips_2=0.007173; ', 'codec_recon_2=0.043880; ', 'bpp_2=0.298646; ']
train step[804/2000] ; used: 19m:1s; eta: 28m:16s; loss = 0.372830; ['mse_0=0.001552; ', 'lpips_0=0.007300; ', 'codec_recon_0=0.032937; ', 'bpp_0=1.305771; ', 'mse_1=0.001180; ', 'lpips_1=0.005635; ', 'codec_recon_1=0.277297; ', 'bpp_1=0.302938; ', 'mse_2=0.001120; ', 'lpips_2=0.004916; ', 'codec_recon_2=0.040890; ', 'bpp_2=0.297327; ']
train step[805/2000] ; used: 19m:2s; eta: 28m:14s; loss = 0.265338; ['mse_0=0.001587; ', 'lpips_0=0.007555; ', 'codec_recon_0=0.030325; ', 'bpp_0=1.267267; ', 'mse_1=0.001073; ', 'lpips_1=0.006353; ', 'codec_recon_1=0.179932; ', 'bpp_1=0.300100; ', 'mse_2=0.000948; ', 'lpips_2=0.005816; ', 'codec_recon_2=0.031747; ', 'bpp_2=0.293087; ']
train step[806/2000] ; used: 19m:4s; eta: 28m:12s; loss = 0.342783; ['mse_0=0.001439; ', 'lpips_0=0.006819; ', 'codec_recon_0=0.033254; ', 'bpp_0=1.276546; ', 'mse_1=0.001151; ', 'lpips_1=0.005087; ', 'codec_recon_1=0.253055; ', 'bpp_1=0.301043; ', 'mse_2=0.001101; ', 'lpips_2=0.004466; ', 'codec_recon_2=0.036408; ', 'bpp_2=0.295369; ']
train step[807/2000] ; used: 19m:5s; eta: 28m:10s; loss = 0.365005; ['mse_0=0.003582; ', 'lpips_0=0.007730; ', 'codec_recon_0=0.034739; ', 'bpp_0=1.322580; ', 'mse_1=0.002600; ', 'lpips_1=0.005542; ', 'codec_recon_1=0.264157; ', 'bpp_1=0.304846; ', 'mse_2=0.001864; ', 'lpips_2=0.004197; ', 'codec_recon_2=0.040593; ', 'bpp_2=0.299800; ']
train step[808/2000] ; used: 19m:6s; eta: 28m:8s; loss = 0.315597; ['mse_0=0.003443; ', 'lpips_0=0.007913; ', 'codec_recon_0=0.030490; ', 'bpp_0=1.287045; ', 'mse_1=0.002923; ', 'lpips_1=0.006536; ', 'codec_recon_1=0.221176; ', 'bpp_1=0.300094; ', 'mse_2=0.002849; ', 'lpips_2=0.006000; ', 'codec_recon_2=0.034265; ', 'bpp_2=0.295202; ']
train step[809/2000] ; used: 19m:7s; eta: 28m:7s; loss = 0.323233; ['mse_0=0.001832; ', 'lpips_0=0.008076; ', 'codec_recon_0=0.030807; ', 'bpp_0=1.277938; ', 'mse_1=0.001238; ', 'lpips_1=0.006870; ', 'codec_recon_1=0.228644; ', 'bpp_1=0.301096; ', 'mse_2=0.001139; ', 'lpips_2=0.006302; ', 'codec_recon_2=0.038324; ', 'bpp_2=0.294845; ']
train step[810/2000] ; used: 19m:8s; eta: 28m:5s; loss = 0.286918; ['mse_0=0.001318; ', 'lpips_0=0.006654; ', 'codec_recon_0=0.030862; ', 'bpp_0=1.280519; ', 'mse_1=0.000878; ', 'lpips_1=0.005248; ', 'codec_recon_1=0.201887; ', 'bpp_1=0.301537; ', 'mse_2=0.000827; ', 'lpips_2=0.004687; ', 'codec_recon_2=0.034554; ', 'bpp_2=0.295348; ']
train step[811/2000] ; used: 19m:9s; eta: 28m:3s; loss = 0.372432; ['mse_0=0.002960; ', 'lpips_0=0.006717; ', 'codec_recon_0=0.034277; ', 'bpp_0=1.302499; ', 'mse_1=0.002471; ', 'lpips_1=0.005067; ', 'codec_recon_1=0.274601; ', 'bpp_1=0.300549; ', 'mse_2=0.002292; ', 'lpips_2=0.004210; ', 'codec_recon_2=0.039836; ', 'bpp_2=0.294482; ']
train step[812/2000] ; used: 19m:10s; eta: 28m:1s; loss = 0.338754; ['mse_0=0.002185; ', 'lpips_0=0.005978; ', 'codec_recon_0=0.031263; ', 'bpp_0=1.278277; ', 'mse_1=0.001680; ', 'lpips_1=0.004220; ', 'codec_recon_1=0.251356; ', 'bpp_1=0.302641; ', 'mse_2=0.001466; ', 'lpips_2=0.003501; ', 'codec_recon_2=0.037104; ', 'bpp_2=0.297691; ']
train step[813/2000] ; used: 19m:12s; eta: 28m; loss = 0.321605; ['mse_0=0.005348; ', 'lpips_0=0.008762; ', 'codec_recon_0=0.031232; ', 'bpp_0=1.289880; ', 'mse_1=0.004570; ', 'lpips_1=0.007234; ', 'codec_recon_1=0.220395; ', 'bpp_1=0.304023; ', 'mse_2=0.004385; ', 'lpips_2=0.006720; ', 'codec_recon_2=0.032958; ', 'bpp_2=0.297508; ']
train step[814/2000] ; used: 19m:13s; eta: 27m:58s; loss = 0.296262; ['mse_0=0.001576; ', 'lpips_0=0.006896; ', 'codec_recon_0=0.029008; ', 'bpp_0=1.278986; ', 'mse_1=0.001092; ', 'lpips_1=0.005617; ', 'codec_recon_1=0.215056; ', 'bpp_1=0.303768; ', 'mse_2=0.000955; ', 'lpips_2=0.004916; ', 'codec_recon_2=0.031142; ', 'bpp_2=0.296177; ']
train step[815/2000] ; used: 19m:14s; eta: 27m:56s; loss = 0.273550; ['mse_0=0.003235; ', 'lpips_0=0.007880; ', 'codec_recon_0=0.027927; ', 'bpp_0=1.288572; ', 'mse_1=0.002592; ', 'lpips_1=0.005823; ', 'codec_recon_1=0.189968; ', 'bpp_1=0.303477; ', 'mse_2=0.002510; ', 'lpips_2=0.005118; ', 'codec_recon_2=0.028494; ', 'bpp_2=0.296300; ']
train step[816/2000] ; used: 19m:15s; eta: 27m:54s; loss = 0.296267; ['mse_0=0.002065; ', 'lpips_0=0.007359; ', 'codec_recon_0=0.030022; ', 'bpp_0=1.278124; ', 'mse_1=0.001664; ', 'lpips_1=0.006011; ', 'codec_recon_1=0.208219; ', 'bpp_1=0.301690; ', 'mse_2=0.001584; ', 'lpips_2=0.005429; ', 'codec_recon_2=0.033913; ', 'bpp_2=0.295811; ']
train step[817/2000] ; used: 19m:17s; eta: 27m:53s; loss = 0.324882; ['mse_0=0.001188; ', 'lpips_0=0.005542; ', 'codec_recon_0=0.030727; ', 'bpp_0=1.288556; ', 'mse_1=0.000883; ', 'lpips_1=0.003990; ', 'codec_recon_1=0.239978; ', 'bpp_1=0.302801; ', 'mse_2=0.000739; ', 'lpips_2=0.003248; ', 'codec_recon_2=0.038585; ', 'bpp_2=0.297137; ']
train step[818/2000] ; used: 19m:18s; eta: 27m:51s; loss = 0.259256; ['mse_0=0.001375; ', 'lpips_0=0.007762; ', 'codec_recon_0=0.031006; ', 'bpp_0=1.269789; ', 'mse_1=0.001089; ', 'lpips_1=0.006391; ', 'codec_recon_1=0.174036; ', 'bpp_1=0.302071; ', 'mse_2=0.001037; ', 'lpips_2=0.005997; ', 'codec_recon_2=0.030560; ', 'bpp_2=0.295375; ']
train step[819/2000] ; used: 19m:19s; eta: 27m:50s; loss = 0.360587; ['mse_0=0.001631; ', 'lpips_0=0.006466; ', 'codec_recon_0=0.031772; ', 'bpp_0=1.295545; ', 'mse_1=0.001143; ', 'lpips_1=0.004611; ', 'codec_recon_1=0.270221; ', 'bpp_1=0.304913; ', 'mse_2=0.000878; ', 'lpips_2=0.003278; ', 'codec_recon_2=0.040585; ', 'bpp_2=0.298990; ']
train step[820/2000] ; used: 19m:20s; eta: 27m:48s; loss = 0.290653; ['mse_0=0.001211; ', 'lpips_0=0.006362; ', 'codec_recon_0=0.029887; ', 'bpp_0=1.274242; ', 'mse_1=0.000861; ', 'lpips_1=0.004781; ', 'codec_recon_1=0.208853; ', 'bpp_1=0.302492; ', 'mse_2=0.000805; ', 'lpips_2=0.004265; ', 'codec_recon_2=0.033627; ', 'bpp_2=0.296614; ']
train step[821/2000] ; used: 19m:22s; eta: 27m:46s; loss = 0.313037; ['mse_0=0.002912; ', 'lpips_0=0.007364; ', 'codec_recon_0=0.031119; ', 'bpp_0=1.272895; ', 'mse_1=0.002238; ', 'lpips_1=0.005992; ', 'codec_recon_1=0.223790; ', 'bpp_1=0.300294; ', 'mse_2=0.001965; ', 'lpips_2=0.005077; ', 'codec_recon_2=0.032578; ', 'bpp_2=0.293033; ']
train step[822/2000] ; used: 19m:24s; eta: 27m:46s; loss = 0.330577; ['mse_0=0.011048; ', 'lpips_0=0.011714; ', 'codec_recon_0=0.032563; ', 'bpp_0=1.290386; ', 'mse_1=0.010209; ', 'lpips_1=0.010757; ', 'codec_recon_1=0.202437; ', 'bpp_1=0.300869; ', 'mse_2=0.009929; ', 'lpips_2=0.010359; ', 'codec_recon_2=0.031559; ', 'bpp_2=0.294448; ']
train step[823/2000] ; used: 19m:25s; eta: 27m:44s; loss = 0.307925; ['mse_0=0.001463; ', 'lpips_0=0.006138; ', 'codec_recon_0=0.032291; ', 'bpp_0=1.273780; ', 'mse_1=0.001049; ', 'lpips_1=0.004509; ', 'codec_recon_1=0.224879; ', 'bpp_1=0.302218; ', 'mse_2=0.000947; ', 'lpips_2=0.003867; ', 'codec_recon_2=0.032780; ', 'bpp_2=0.296150; ']
train step[824/2000] ; used: 19m:26s; eta: 27m:42s; loss = 0.284832; ['mse_0=0.001696; ', 'lpips_0=0.006635; ', 'codec_recon_0=0.027949; ', 'bpp_0=1.282593; ', 'mse_1=0.001230; ', 'lpips_1=0.005098; ', 'codec_recon_1=0.206000; ', 'bpp_1=0.303541; ', 'mse_2=0.001105; ', 'lpips_2=0.004367; ', 'codec_recon_2=0.030751; ', 'bpp_2=0.298051; ']
train step[825/2000] ; used: 19m:27s; eta: 27m:40s; loss = 0.396314; ['mse_0=0.005163; ', 'lpips_0=0.008704; ', 'codec_recon_0=0.030222; ', 'bpp_0=1.314865; ', 'mse_1=0.003813; ', 'lpips_1=0.006402; ', 'codec_recon_1=0.296759; ', 'bpp_1=0.306464; ', 'mse_2=0.003132; ', 'lpips_2=0.004717; ', 'codec_recon_2=0.037400; ', 'bpp_2=0.300721; ']
train step[826/2000] ; used: 19m:28s; eta: 27m:38s; loss = 0.276501; ['mse_0=0.001926; ', 'lpips_0=0.007612; ', 'codec_recon_0=0.026984; ', 'bpp_0=1.281771; ', 'mse_1=0.001541; ', 'lpips_1=0.006121; ', 'codec_recon_1=0.197471; ', 'bpp_1=0.302835; ', 'mse_2=0.001428; ', 'lpips_2=0.005542; ', 'codec_recon_2=0.027875; ', 'bpp_2=0.296369; ']
train step[827/2000] ; used: 19m:29s; eta: 27m:37s; loss = 0.310485; ['mse_0=0.002125; ', 'lpips_0=0.007739; ', 'codec_recon_0=0.030369; ', 'bpp_0=1.298828; ', 'mse_1=0.001490; ', 'lpips_1=0.005868; ', 'codec_recon_1=0.224450; ', 'bpp_1=0.302647; ', 'mse_2=0.001106; ', 'lpips_2=0.004975; ', 'codec_recon_2=0.032360; ', 'bpp_2=0.296828; ']
train step[828/2000] ; used: 19m:30s; eta: 27m:35s; loss = 0.344892; ['mse_0=0.003708; ', 'lpips_0=0.007555; ', 'codec_recon_0=0.031464; ', 'bpp_0=1.293520; ', 'mse_1=0.002780; ', 'lpips_1=0.005788; ', 'codec_recon_1=0.253606; ', 'bpp_1=0.303069; ', 'mse_2=0.002481; ', 'lpips_2=0.004984; ', 'codec_recon_2=0.032526; ', 'bpp_2=0.298115; ']
train step[829/2000] ; used: 19m:32s; eta: 27m:33s; loss = 0.351805; ['mse_0=0.002422; ', 'lpips_0=0.008543; ', 'codec_recon_0=0.031790; ', 'bpp_0=1.311955; ', 'mse_1=0.001574; ', 'lpips_1=0.005563; ', 'codec_recon_1=0.257020; ', 'bpp_1=0.304569; ', 'mse_2=0.001347; ', 'lpips_2=0.004010; ', 'codec_recon_2=0.039533; ', 'bpp_2=0.297665; ']
train step[830/2000] ; used: 19m:33s; eta: 27m:31s; loss = 0.276287; ['mse_0=0.004443; ', 'lpips_0=0.007372; ', 'codec_recon_0=0.027817; ', 'bpp_0=1.287791; ', 'mse_1=0.003883; ', 'lpips_1=0.006090; ', 'codec_recon_1=0.188822; ', 'bpp_1=0.302829; ', 'mse_2=0.003766; ', 'lpips_2=0.005473; ', 'codec_recon_2=0.028619; ', 'bpp_2=0.295829; ']
train step[831/2000] ; used: 19m:34s; eta: 27m:30s; loss = 0.267077; ['mse_0=0.002331; ', 'lpips_0=0.008280; ', 'codec_recon_0=0.030234; ', 'bpp_0=1.294567; ', 'mse_1=0.001705; ', 'lpips_1=0.006161; ', 'codec_recon_1=0.183504; ', 'bpp_1=0.304266; ', 'mse_2=0.001504; ', 'lpips_2=0.005303; ', 'codec_recon_2=0.028054; ', 'bpp_2=0.296872; ']
train step[832/2000] ; used: 19m:35s; eta: 27m:28s; loss = 0.293399; ['mse_0=0.006626; ', 'lpips_0=0.011256; ', 'codec_recon_0=0.030070; ', 'bpp_0=1.296454; ', 'mse_1=0.005723; ', 'lpips_1=0.009744; ', 'codec_recon_1=0.184417; ', 'bpp_1=0.304855; ', 'mse_2=0.005552; ', 'lpips_2=0.008939; ', 'codec_recon_2=0.031069; ', 'bpp_2=0.298902; ']
train step[833/2000] ; used: 19m:36s; eta: 27m:26s; loss = 0.231158; ['mse_0=0.002249; ', 'lpips_0=0.008757; ', 'codec_recon_0=0.027171; ', 'bpp_0=1.269799; ', 'mse_1=0.001713; ', 'lpips_1=0.007091; ', 'codec_recon_1=0.150845; ', 'bpp_1=0.302436; ', 'mse_2=0.001622; ', 'lpips_2=0.006683; ', 'codec_recon_2=0.025024; ', 'bpp_2=0.295734; ']
train step[834/2000] ; used: 19m:38s; eta: 27m:25s; loss = 0.299757; ['mse_0=0.002275; ', 'lpips_0=0.007566; ', 'codec_recon_0=0.030842; ', 'bpp_0=1.297901; ', 'mse_1=0.001637; ', 'lpips_1=0.005373; ', 'codec_recon_1=0.218417; ', 'bpp_1=0.305073; ', 'mse_2=0.001364; ', 'lpips_2=0.004436; ', 'codec_recon_2=0.027844; ', 'bpp_2=0.300132; ']
train step[835/2000] ; used: 19m:39s; eta: 27m:23s; loss = 0.315617; ['mse_0=0.002797; ', 'lpips_0=0.007936; ', 'codec_recon_0=0.032149; ', 'bpp_0=1.296566; ', 'mse_1=0.002037; ', 'lpips_1=0.005937; ', 'codec_recon_1=0.222061; ', 'bpp_1=0.304408; ', 'mse_2=0.001803; ', 'lpips_2=0.004928; ', 'codec_recon_2=0.035966; ', 'bpp_2=0.299343; ']
train step[836/2000] ; used: 19m:40s; eta: 27m:21s; loss = 0.290406; ['mse_0=0.005046; ', 'lpips_0=0.008556; ', 'codec_recon_0=0.032160; ', 'bpp_0=1.292079; ', 'mse_1=0.004138; ', 'lpips_1=0.006696; ', 'codec_recon_1=0.193647; ', 'bpp_1=0.305492; ', 'mse_2=0.004011; ', 'lpips_2=0.006147; ', 'codec_recon_2=0.030003; ', 'bpp_2=0.298122; ']
train step[837/2000] ; used: 19m:41s; eta: 27m:19s; loss = 0.258241; ['mse_0=0.002148; ', 'lpips_0=0.007963; ', 'codec_recon_0=0.029484; ', 'bpp_0=1.275575; ', 'mse_1=0.001612; ', 'lpips_1=0.006638; ', 'codec_recon_1=0.173856; ', 'bpp_1=0.301652; ', 'mse_2=0.001547; ', 'lpips_2=0.006254; ', 'codec_recon_2=0.028737; ', 'bpp_2=0.296428; ']
train step[838/2000] ; used: 19m:42s; eta: 27m:18s; loss = 0.325270; ['mse_0=0.003485; ', 'lpips_0=0.009210; ', 'codec_recon_0=0.029328; ', 'bpp_0=1.305732; ', 'mse_1=0.003232; ', 'lpips_1=0.007029; ', 'codec_recon_1=0.232197; ', 'bpp_1=0.303852; ', 'mse_2=0.003124; ', 'lpips_2=0.005991; ', 'codec_recon_2=0.031672; ', 'bpp_2=0.298607; ']
train step[839/2000] ; used: 19m:43s; eta: 27m:16s; loss = 0.304670; ['mse_0=0.000894; ', 'lpips_0=0.006434; ', 'codec_recon_0=0.028745; ', 'bpp_0=1.296522; ', 'mse_1=0.000591; ', 'lpips_1=0.004420; ', 'codec_recon_1=0.220448; ', 'bpp_1=0.302275; ', 'mse_2=0.000509; ', 'lpips_2=0.003680; ', 'codec_recon_2=0.038946; ', 'bpp_2=0.297143; ']
train step[840/2000] ; used: 19m:45s; eta: 27m:14s; loss = 0.289213; ['mse_0=0.001459; ', 'lpips_0=0.007862; ', 'codec_recon_0=0.027075; ', 'bpp_0=1.257276; ', 'mse_1=0.001142; ', 'lpips_1=0.006241; ', 'codec_recon_1=0.207019; ', 'bpp_1=0.302396; ', 'mse_2=0.001070; ', 'lpips_2=0.005511; ', 'codec_recon_2=0.031834; ', 'bpp_2=0.294742; ']
train step[841/2000] ; used: 19m:46s; eta: 27m:12s; loss = 0.259504; ['mse_0=0.002541; ', 'lpips_0=0.008361; ', 'codec_recon_0=0.028733; ', 'bpp_0=1.290519; ', 'mse_1=0.002064; ', 'lpips_1=0.006742; ', 'codec_recon_1=0.174389; ', 'bpp_1=0.304488; ', 'mse_2=0.001964; ', 'lpips_2=0.006331; ', 'codec_recon_2=0.028377; ', 'bpp_2=0.297907; ']
train step[842/2000] ; used: 19m:47s; eta: 27m:11s; loss = 0.356151; ['mse_0=0.001345; ', 'lpips_0=0.008303; ', 'codec_recon_0=0.031256; ', 'bpp_0=1.292859; ', 'mse_1=0.001076; ', 'lpips_1=0.006300; ', 'codec_recon_1=0.264149; ', 'bpp_1=0.304081; ', 'mse_2=0.000895; ', 'lpips_2=0.005167; ', 'codec_recon_2=0.037659; ', 'bpp_2=0.299070; ']
train step[843/2000] ; used: 19m:48s; eta: 27m:9s; loss = 0.329605; ['mse_0=0.003079; ', 'lpips_0=0.008741; ', 'codec_recon_0=0.027596; ', 'bpp_0=1.305266; ', 'mse_1=0.002202; ', 'lpips_1=0.006287; ', 'codec_recon_1=0.245534; ', 'bpp_1=0.304870; ', 'mse_2=0.001855; ', 'lpips_2=0.004846; ', 'codec_recon_2=0.029464; ', 'bpp_2=0.299479; ']
train step[844/2000] ; used: 19m:49s; eta: 27m:7s; loss = 0.270761; ['mse_0=0.001471; ', 'lpips_0=0.005913; ', 'codec_recon_0=0.027250; ', 'bpp_0=1.266438; ', 'mse_1=0.000980; ', 'lpips_1=0.004439; ', 'codec_recon_1=0.196744; ', 'bpp_1=0.302624; ', 'mse_2=0.000798; ', 'lpips_2=0.003761; ', 'codec_recon_2=0.029404; ', 'bpp_2=0.295542; ']
train step[845/2000] ; used: 19m:50s; eta: 27m:5s; loss = 0.291021; ['mse_0=0.004147; ', 'lpips_0=0.007763; ', 'codec_recon_0=0.029734; ', 'bpp_0=1.277635; ', 'mse_1=0.003462; ', 'lpips_1=0.006314; ', 'codec_recon_1=0.201239; ', 'bpp_1=0.304405; ', 'mse_2=0.003301; ', 'lpips_2=0.005651; ', 'codec_recon_2=0.029408; ', 'bpp_2=0.298186; ']
train step[846/2000] ; used: 19m:51s; eta: 27m:4s; loss = 0.300189; ['mse_0=0.002981; ', 'lpips_0=0.009205; ', 'codec_recon_0=0.030953; ', 'bpp_0=1.289724; ', 'mse_1=0.002277; ', 'lpips_1=0.007406; ', 'codec_recon_1=0.205765; ', 'bpp_1=0.305317; ', 'mse_2=0.002104; ', 'lpips_2=0.006533; ', 'codec_recon_2=0.032964; ', 'bpp_2=0.298182; ']
train step[847/2000] ; used: 19m:53s; eta: 27m:2s; loss = 0.363339; ['mse_0=0.004931; ', 'lpips_0=0.009824; ', 'codec_recon_0=0.032132; ', 'bpp_0=1.289635; ', 'mse_1=0.004228; ', 'lpips_1=0.007764; ', 'codec_recon_1=0.260348; ', 'bpp_1=0.303576; ', 'mse_2=0.003850; ', 'lpips_2=0.006592; ', 'codec_recon_2=0.033668; ', 'bpp_2=0.297291; ']
train step[848/2000] ; used: 19m:54s; eta: 27m; loss = 0.408010; ['mse_0=0.002179; ', 'lpips_0=0.007986; ', 'codec_recon_0=0.031430; ', 'bpp_0=1.315454; ', 'mse_1=0.001631; ', 'lpips_1=0.005926; ', 'codec_recon_1=0.311160; ', 'bpp_1=0.305420; ', 'mse_2=0.001323; ', 'lpips_2=0.004614; ', 'codec_recon_2=0.041759; ', 'bpp_2=0.300057; ']
train step[849/2000] ; used: 19m:55s; eta: 26m:58s; loss = 0.350619; ['mse_0=0.002575; ', 'lpips_0=0.006773; ', 'codec_recon_0=0.030118; ', 'bpp_0=1.307439; ', 'mse_1=0.001808; ', 'lpips_1=0.005158; ', 'codec_recon_1=0.265484; ', 'bpp_1=0.305424; ', 'mse_2=0.001399; ', 'lpips_2=0.003966; ', 'codec_recon_2=0.033336; ', 'bpp_2=0.299923; ']
train step[850/2000] ; used: 19m:56s; eta: 26m:57s; loss = 0.274489; ['mse_0=0.001399; ', 'lpips_0=0.007818; ', 'codec_recon_0=0.025354; ', 'bpp_0=1.278930; ', 'mse_1=0.000923; ', 'lpips_1=0.006289; ', 'codec_recon_1=0.195982; ', 'bpp_1=0.301832; ', 'mse_2=0.000836; ', 'lpips_2=0.005619; ', 'codec_recon_2=0.030267; ', 'bpp_2=0.296509; ']
train step[851/2000] ; used: 19m:57s; eta: 26m:55s; loss = 0.264435; ['mse_0=0.001896; ', 'lpips_0=0.007333; ', 'codec_recon_0=0.028448; ', 'bpp_0=1.289848; ', 'mse_1=0.001459; ', 'lpips_1=0.005476; ', 'codec_recon_1=0.186816; ', 'bpp_1=0.303696; ', 'mse_2=0.001365; ', 'lpips_2=0.004942; ', 'codec_recon_2=0.026699; ', 'bpp_2=0.298373; ']
train step[852/2000] ; used: 19m:59s; eta: 26m:53s; loss = 0.217819; ['mse_0=0.004354; ', 'lpips_0=0.008962; ', 'codec_recon_0=0.026710; ', 'bpp_0=1.272822; ', 'mse_1=0.002880; ', 'lpips_1=0.007286; ', 'codec_recon_1=0.136431; ', 'bpp_1=0.303344; ', 'mse_2=0.002779; ', 'lpips_2=0.006623; ', 'codec_recon_2=0.021793; ', 'bpp_2=0.295210; ']
train step[853/2000] ; used: 20m; eta: 26m:52s; loss = 0.363067; ['mse_0=0.006115; ', 'lpips_0=0.008712; ', 'codec_recon_0=0.033085; ', 'bpp_0=1.302984; ', 'mse_1=0.004841; ', 'lpips_1=0.006814; ', 'codec_recon_1=0.261765; ', 'bpp_1=0.306691; ', 'mse_2=0.004339; ', 'lpips_2=0.005380; ', 'codec_recon_2=0.032016; ', 'bpp_2=0.301253; ']
train step[854/2000] ; used: 20m:1s; eta: 26m:50s; loss = 0.258351; ['mse_0=0.002158; ', 'lpips_0=0.006909; ', 'codec_recon_0=0.026232; ', 'bpp_0=1.269902; ', 'mse_1=0.001532; ', 'lpips_1=0.005274; ', 'codec_recon_1=0.185492; ', 'bpp_1=0.302356; ', 'mse_2=0.001410; ', 'lpips_2=0.004719; ', 'codec_recon_2=0.024622; ', 'bpp_2=0.296106; ']
train step[855/2000] ; used: 20m:2s; eta: 26m:48s; loss = 0.261927; ['mse_0=0.001216; ', 'lpips_0=0.005551; ', 'codec_recon_0=0.027375; ', 'bpp_0=1.266470; ', 'mse_1=0.000943; ', 'lpips_1=0.004007; ', 'codec_recon_1=0.189854; ', 'bpp_1=0.302497; ', 'mse_2=0.000873; ', 'lpips_2=0.003511; ', 'codec_recon_2=0.028595; ', 'bpp_2=0.297190; ']
train step[856/2000] ; used: 20m:3s; eta: 26m:46s; loss = 0.240502; ['mse_0=0.000673; ', 'lpips_0=0.006494; ', 'codec_recon_0=0.024715; ', 'bpp_0=1.270358; ', 'mse_1=0.000487; ', 'lpips_1=0.005117; ', 'codec_recon_1=0.169508; ', 'bpp_1=0.300532; ', 'mse_2=0.000469; ', 'lpips_2=0.004702; ', 'codec_recon_2=0.028336; ', 'bpp_2=0.294436; ']
train step[857/2000] ; used: 20m:4s; eta: 26m:45s; loss = 0.398609; ['mse_0=0.001841; ', 'lpips_0=0.008246; ', 'codec_recon_0=0.030887; ', 'bpp_0=1.298735; ', 'mse_1=0.001282; ', 'lpips_1=0.005921; ', 'codec_recon_1=0.309140; ', 'bpp_1=0.304772; ', 'mse_2=0.000908; ', 'lpips_2=0.004425; ', 'codec_recon_2=0.035955; ', 'bpp_2=0.301332; ']
train step[858/2000] ; used: 20m:6s; eta: 26m:43s; loss = 0.281643; ['mse_0=0.003113; ', 'lpips_0=0.006432; ', 'codec_recon_0=0.025527; ', 'bpp_0=1.291655; ', 'mse_1=0.002428; ', 'lpips_1=0.004743; ', 'codec_recon_1=0.207061; ', 'bpp_1=0.304596; ', 'mse_2=0.002345; ', 'lpips_2=0.004054; ', 'codec_recon_2=0.025939; ', 'bpp_2=0.299485; ']
train step[859/2000] ; used: 20m:7s; eta: 26m:41s; loss = 0.314914; ['mse_0=0.005081; ', 'lpips_0=0.008804; ', 'codec_recon_0=0.029030; ', 'bpp_0=1.273219; ', 'mse_1=0.004655; ', 'lpips_1=0.007115; ', 'codec_recon_1=0.221185; ', 'bpp_1=0.302876; ', 'mse_2=0.004684; ', 'lpips_2=0.006304; ', 'codec_recon_2=0.028055; ', 'bpp_2=0.298405; ']
train step[860/2000] ; used: 20m:8s; eta: 26m:39s; loss = 0.340449; ['mse_0=0.002202; ', 'lpips_0=0.007518; ', 'codec_recon_0=0.027206; ', 'bpp_0=1.288952; ', 'mse_1=0.001700; ', 'lpips_1=0.005843; ', 'codec_recon_1=0.256399; ', 'bpp_1=0.303428; ', 'mse_2=0.001458; ', 'lpips_2=0.004809; ', 'codec_recon_2=0.033311; ', 'bpp_2=0.298554; ']
train step[861/2000] ; used: 20m:9s; eta: 26m:38s; loss = 0.280264; ['mse_0=0.001451; ', 'lpips_0=0.006062; ', 'codec_recon_0=0.026794; ', 'bpp_0=1.281903; ', 'mse_1=0.001026; ', 'lpips_1=0.004524; ', 'codec_recon_1=0.207083; ', 'bpp_1=0.304301; ', 'mse_2=0.000874; ', 'lpips_2=0.003841; ', 'codec_recon_2=0.028606; ', 'bpp_2=0.298278; ']
train step[862/2000] ; used: 20m:10s; eta: 26m:36s; loss = 0.228719; ['mse_0=0.004426; ', 'lpips_0=0.009796; ', 'codec_recon_0=0.022138; ', 'bpp_0=1.262495; ', 'mse_1=0.004015; ', 'lpips_1=0.008497; ', 'codec_recon_1=0.144768; ', 'bpp_1=0.304080; ', 'mse_2=0.003984; ', 'lpips_2=0.008035; ', 'codec_recon_2=0.023057; ', 'bpp_2=0.297003; ']
train step[863/2000] ; used: 20m:11s; eta: 26m:34s; loss = 0.256762; ['mse_0=0.001897; ', 'lpips_0=0.006598; ', 'codec_recon_0=0.028042; ', 'bpp_0=1.263229; ', 'mse_1=0.001290; ', 'lpips_1=0.005087; ', 'codec_recon_1=0.182423; ', 'bpp_1=0.302745; ', 'mse_2=0.001170; ', 'lpips_2=0.004559; ', 'codec_recon_2=0.025695; ', 'bpp_2=0.297075; ']
train step[864/2000] ; used: 20m:13s; eta: 26m:33s; loss = 0.316947; ['mse_0=0.006582; ', 'lpips_0=0.012967; ', 'codec_recon_0=0.027552; ', 'bpp_0=1.290187; ', 'mse_1=0.006228; ', 'lpips_1=0.011603; ', 'codec_recon_1=0.209454; ', 'bpp_1=0.305956; ', 'mse_2=0.006250; ', 'lpips_2=0.011056; ', 'codec_recon_2=0.025253; ', 'bpp_2=0.299976; ']
train step[865/2000] ; used: 20m:14s; eta: 26m:31s; loss = 0.250629; ['mse_0=0.001314; ', 'lpips_0=0.006614; ', 'codec_recon_0=0.023782; ', 'bpp_0=1.265422; ', 'mse_1=0.000809; ', 'lpips_1=0.005021; ', 'codec_recon_1=0.183015; ', 'bpp_1=0.303229; ', 'mse_2=0.000680; ', 'lpips_2=0.004427; ', 'codec_recon_2=0.024965; ', 'bpp_2=0.296977; ']
train step[866/2000] ; used: 20m:15s; eta: 26m:29s; loss = 0.198295; ['mse_0=0.001271; ', 'lpips_0=0.006802; ', 'codec_recon_0=0.021274; ', 'bpp_0=1.274862; ', 'mse_1=0.000490; ', 'lpips_1=0.004646; ', 'codec_recon_1=0.135319; ', 'bpp_1=0.303011; ', 'mse_2=0.000371; ', 'lpips_2=0.003931; ', 'codec_recon_2=0.024189; ', 'bpp_2=0.296699; ']
train step[867/2000] ; used: 20m:16s; eta: 26m:28s; loss = 0.263123; ['mse_0=0.003753; ', 'lpips_0=0.008320; ', 'codec_recon_0=0.026199; ', 'bpp_0=1.283920; ', 'mse_1=0.003310; ', 'lpips_1=0.006976; ', 'codec_recon_1=0.178807; ', 'bpp_1=0.304179; ', 'mse_2=0.003280; ', 'lpips_2=0.006434; ', 'codec_recon_2=0.026044; ', 'bpp_2=0.299749; ']
train step[868/2000] ; used: 20m:17s; eta: 26m:26s; loss = 0.287225; ['mse_0=0.002052; ', 'lpips_0=0.007438; ', 'codec_recon_0=0.026336; ', 'bpp_0=1.278211; ', 'mse_1=0.001545; ', 'lpips_1=0.005866; ', 'codec_recon_1=0.207905; ', 'bpp_1=0.304437; ', 'mse_2=0.001368; ', 'lpips_2=0.004816; ', 'codec_recon_2=0.029896; ', 'bpp_2=0.298015; ']
train step[869/2000] ; used: 20m:18s; eta: 26m:24s; loss = 0.309957; ['mse_0=0.002586; ', 'lpips_0=0.008259; ', 'codec_recon_0=0.029862; ', 'bpp_0=1.284666; ', 'mse_1=0.001816; ', 'lpips_1=0.006112; ', 'codec_recon_1=0.220700; ', 'bpp_1=0.305120; ', 'mse_2=0.001537; ', 'lpips_2=0.005111; ', 'codec_recon_2=0.033972; ', 'bpp_2=0.299929; ']
train step[870/2000] ; used: 20m:20s; eta: 26m:23s; loss = 0.211260; ['mse_0=0.004007; ', 'lpips_0=0.007508; ', 'codec_recon_0=0.022764; ', 'bpp_0=1.262635; ', 'mse_1=0.003604; ', 'lpips_1=0.006014; ', 'codec_recon_1=0.138236; ', 'bpp_1=0.303863; ', 'mse_2=0.003441; ', 'lpips_2=0.005347; ', 'codec_recon_2=0.020339; ', 'bpp_2=0.295904; ']
train step[871/2000] ; used: 20m:21s; eta: 26m:21s; loss = 0.280483; ['mse_0=0.001974; ', 'lpips_0=0.007867; ', 'codec_recon_0=0.026722; ', 'bpp_0=1.264864; ', 'mse_1=0.001397; ', 'lpips_1=0.006158; ', 'codec_recon_1=0.199054; ', 'bpp_1=0.303543; ', 'mse_2=0.001147; ', 'lpips_2=0.004921; ', 'codec_recon_2=0.031241; ', 'bpp_2=0.297213; ']
train step[872/2000] ; used: 20m:22s; eta: 26m:19s; loss = 0.222765; ['mse_0=0.002008; ', 'lpips_0=0.007672; ', 'codec_recon_0=0.022140; ', 'bpp_0=1.274471; ', 'mse_1=0.001369; ', 'lpips_1=0.006174; ', 'codec_recon_1=0.154743; ', 'bpp_1=0.303797; ', 'mse_2=0.001332; ', 'lpips_2=0.005467; ', 'codec_recon_2=0.021859; ', 'bpp_2=0.296453; ']
train step[873/2000] ; used: 20m:23s; eta: 26m:17s; loss = 0.233332; ['mse_0=0.002308; ', 'lpips_0=0.007403; ', 'codec_recon_0=0.023722; ', 'bpp_0=1.265175; ', 'mse_1=0.001945; ', 'lpips_1=0.005710; ', 'codec_recon_1=0.161019; ', 'bpp_1=0.304383; ', 'mse_2=0.001866; ', 'lpips_2=0.005210; ', 'codec_recon_2=0.024147; ', 'bpp_2=0.297739; ']
train step[874/2000] ; used: 20m:24s; eta: 26m:16s; loss = 0.240381; ['mse_0=0.001843; ', 'lpips_0=0.006699; ', 'codec_recon_0=0.024456; ', 'bpp_0=1.264842; ', 'mse_1=0.001505; ', 'lpips_1=0.004914; ', 'codec_recon_1=0.171620; ', 'bpp_1=0.304791; ', 'mse_2=0.001424; ', 'lpips_2=0.004212; ', 'codec_recon_2=0.023706; ', 'bpp_2=0.298213; ']
train step[875/2000] ; used: 20m:25s; eta: 26m:14s; loss = 0.238318; ['mse_0=0.001431; ', 'lpips_0=0.007282; ', 'codec_recon_0=0.024498; ', 'bpp_0=1.283762; ', 'mse_1=0.001118; ', 'lpips_1=0.005742; ', 'codec_recon_1=0.166480; ', 'bpp_1=0.304349; ', 'mse_2=0.001019; ', 'lpips_2=0.004896; ', 'codec_recon_2=0.025850; ', 'bpp_2=0.297504; ']
train step[876/2000] ; used: 20m:27s; eta: 26m:12s; loss = 0.231496; ['mse_0=0.003928; ', 'lpips_0=0.007582; ', 'codec_recon_0=0.023702; ', 'bpp_0=1.269197; ', 'mse_1=0.003579; ', 'lpips_1=0.006418; ', 'codec_recon_1=0.154484; ', 'bpp_1=0.304588; ', 'mse_2=0.003455; ', 'lpips_2=0.005895; ', 'codec_recon_2=0.022451; ', 'bpp_2=0.297376; ']
train step[877/2000] ; used: 20m:28s; eta: 26m:10s; loss = 0.260130; ['mse_0=0.003717; ', 'lpips_0=0.007862; ', 'codec_recon_0=0.024218; ', 'bpp_0=1.276479; ', 'mse_1=0.003033; ', 'lpips_1=0.006357; ', 'codec_recon_1=0.182379; ', 'bpp_1=0.305344; ', 'mse_2=0.002810; ', 'lpips_2=0.005587; ', 'codec_recon_2=0.024166; ', 'bpp_2=0.297417; ']
train step[878/2000] ; used: 20m:29s; eta: 26m:9s; loss = 0.233624; ['mse_0=0.002004; ', 'lpips_0=0.006169; ', 'codec_recon_0=0.024160; ', 'bpp_0=1.275756; ', 'mse_1=0.001374; ', 'lpips_1=0.004419; ', 'codec_recon_1=0.164279; ', 'bpp_1=0.305508; ', 'mse_2=0.001226; ', 'lpips_2=0.003737; ', 'codec_recon_2=0.026253; ', 'bpp_2=0.297980; ']
train step[879/2000] ; used: 20m:30s; eta: 26m:7s; loss = 0.297275; ['mse_0=0.002349; ', 'lpips_0=0.006846; ', 'codec_recon_0=0.029335; ', 'bpp_0=1.287063; ', 'mse_1=0.001934; ', 'lpips_1=0.004996; ', 'codec_recon_1=0.217569; ', 'bpp_1=0.304700; ', 'mse_2=0.001697; ', 'lpips_2=0.004233; ', 'codec_recon_2=0.028315; ', 'bpp_2=0.299494; ']
train step[880/2000] ; used: 20m:31s; eta: 26m:6s; loss = 0.208860; ['mse_0=0.001232; ', 'lpips_0=0.006839; ', 'codec_recon_0=0.023615; ', 'bpp_0=1.260845; ', 'mse_1=0.000923; ', 'lpips_1=0.005624; ', 'codec_recon_1=0.139614; ', 'bpp_1=0.303816; ', 'mse_2=0.000846; ', 'lpips_2=0.005298; ', 'codec_recon_2=0.024869; ', 'bpp_2=0.296986; ']
train step[881/2000] ; used: 20m:33s; eta: 26m:4s; loss = 0.246166; ['mse_0=0.004468; ', 'lpips_0=0.009001; ', 'codec_recon_0=0.025160; ', 'bpp_0=1.279232; ', 'mse_1=0.003834; ', 'lpips_1=0.007319; ', 'codec_recon_1=0.162469; ', 'bpp_1=0.305569; ', 'mse_2=0.003704; ', 'lpips_2=0.006864; ', 'codec_recon_2=0.023344; ', 'bpp_2=0.298245; ']
train step[882/2000] ; used: 20m:34s; eta: 26m:2s; loss = 0.256654; ['mse_0=0.001250; ', 'lpips_0=0.007145; ', 'codec_recon_0=0.025023; ', 'bpp_0=1.279036; ', 'mse_1=0.000841; ', 'lpips_1=0.005264; ', 'codec_recon_1=0.187165; ', 'bpp_1=0.303393; ', 'mse_2=0.000725; ', 'lpips_2=0.004498; ', 'codec_recon_2=0.024742; ', 'bpp_2=0.296913; ']
train step[883/2000] ; used: 20m:35s; eta: 26m:1s; loss = 0.272092; ['mse_0=0.001935; ', 'lpips_0=0.010022; ', 'codec_recon_0=0.026025; ', 'bpp_0=1.292374; ', 'mse_1=0.001425; ', 'lpips_1=0.007587; ', 'codec_recon_1=0.190599; ', 'bpp_1=0.305595; ', 'mse_2=0.001219; ', 'lpips_2=0.005873; ', 'codec_recon_2=0.027405; ', 'bpp_2=0.299208; ']
train step[884/2000] ; used: 20m:36s; eta: 25m:59s; loss = 0.203212; ['mse_0=0.001466; ', 'lpips_0=0.006915; ', 'codec_recon_0=0.022949; ', 'bpp_0=1.275317; ', 'mse_1=0.001085; ', 'lpips_1=0.005111; ', 'codec_recon_1=0.138872; ', 'bpp_1=0.304687; ', 'mse_2=0.000916; ', 'lpips_2=0.004146; ', 'codec_recon_2=0.021750; ', 'bpp_2=0.296535; ']
train step[885/2000] ; used: 20m:37s; eta: 25m:57s; loss = 0.250812; ['mse_0=0.003041; ', 'lpips_0=0.008215; ', 'codec_recon_0=0.024907; ', 'bpp_0=1.266692; ', 'mse_1=0.002676; ', 'lpips_1=0.007147; ', 'codec_recon_1=0.169880; ', 'bpp_1=0.303376; ', 'mse_2=0.002617; ', 'lpips_2=0.006697; ', 'codec_recon_2=0.025630; ', 'bpp_2=0.297457; ']
train step[886/2000] ; used: 20m:39s; eta: 25m:56s; loss = 0.272929; ['mse_0=0.004083; ', 'lpips_0=0.010281; ', 'codec_recon_0=0.026599; ', 'bpp_0=1.277891; ', 'mse_1=0.003536; ', 'lpips_1=0.008980; ', 'codec_recon_1=0.181017; ', 'bpp_1=0.303744; ', 'mse_2=0.003477; ', 'lpips_2=0.008629; ', 'codec_recon_2=0.026324; ', 'bpp_2=0.298001; ']
train step[887/2000] ; used: 20m:40s; eta: 25m:54s; loss = 0.370262; ['mse_0=0.007170; ', 'lpips_0=0.011767; ', 'codec_recon_0=0.029451; ', 'bpp_0=1.294612; ', 'mse_1=0.006375; ', 'lpips_1=0.009790; ', 'codec_recon_1=0.258577; ', 'bpp_1=0.305436; ', 'mse_2=0.005827; ', 'lpips_2=0.008075; ', 'codec_recon_2=0.033228; ', 'bpp_2=0.300027; ']
train step[888/2000] ; used: 20m:42s; eta: 25m:53s; loss = 0.297562; ['mse_0=0.003513; ', 'lpips_0=0.006995; ', 'codec_recon_0=0.028138; ', 'bpp_0=1.292966; ', 'mse_1=0.002416; ', 'lpips_1=0.004934; ', 'codec_recon_1=0.212210; ', 'bpp_1=0.305303; ', 'mse_2=0.001536; ', 'lpips_2=0.002876; ', 'codec_recon_2=0.034942; ', 'bpp_2=0.299631; ']
train step[889/2000] ; used: 20m:43s; eta: 25m:52s; loss = 0.192528; ['mse_0=0.001980; ', 'lpips_0=0.007115; ', 'codec_recon_0=0.022786; ', 'bpp_0=1.263995; ', 'mse_1=0.001617; ', 'lpips_1=0.005509; ', 'codec_recon_1=0.128079; ', 'bpp_1=0.302669; ', 'mse_2=0.001522; ', 'lpips_2=0.004926; ', 'codec_recon_2=0.018992; ', 'bpp_2=0.295436; ']
train step[890/2000] ; used: 20m:44s; eta: 25m:50s; loss = 0.197982; ['mse_0=0.001306; ', 'lpips_0=0.007100; ', 'codec_recon_0=0.021030; ', 'bpp_0=1.255166; ', 'mse_1=0.000973; ', 'lpips_1=0.005356; ', 'codec_recon_1=0.133456; ', 'bpp_1=0.303460; ', 'mse_2=0.000858; ', 'lpips_2=0.004616; ', 'codec_recon_2=0.023285; ', 'bpp_2=0.295669; ']
train step[891/2000] ; used: 20m:45s; eta: 25m:48s; loss = 0.259455; ['mse_0=0.003247; ', 'lpips_0=0.010450; ', 'codec_recon_0=0.027397; ', 'bpp_0=1.269099; ', 'mse_1=0.003030; ', 'lpips_1=0.009369; ', 'codec_recon_1=0.167813; ', 'bpp_1=0.303627; ', 'mse_2=0.003026; ', 'lpips_2=0.008893; ', 'codec_recon_2=0.026227; ', 'bpp_2=0.297603; ']
train step[892/2000] ; used: 20m:46s; eta: 25m:46s; loss = 0.188646; ['mse_0=0.000847; ', 'lpips_0=0.005789; ', 'codec_recon_0=0.020863; ', 'bpp_0=1.261535; ', 'mse_1=0.000613; ', 'lpips_1=0.004268; ', 'codec_recon_1=0.130177; ', 'bpp_1=0.303597; ', 'mse_2=0.000506; ', 'lpips_2=0.003768; ', 'codec_recon_2=0.021814; ', 'bpp_2=0.295655; ']
train step[893/2000] ; used: 20m:48s; eta: 25m:45s; loss = 0.254630; ['mse_0=0.002566; ', 'lpips_0=0.008418; ', 'codec_recon_0=0.022968; ', 'bpp_0=1.271680; ', 'mse_1=0.002099; ', 'lpips_1=0.006927; ', 'codec_recon_1=0.177900; ', 'bpp_1=0.305162; ', 'mse_2=0.001977; ', 'lpips_2=0.005909; ', 'codec_recon_2=0.025863; ', 'bpp_2=0.298413; ']
train step[894/2000] ; used: 20m:49s; eta: 25m:43s; loss = 0.216506; ['mse_0=0.001173; ', 'lpips_0=0.005143; ', 'codec_recon_0=0.022167; ', 'bpp_0=1.258728; ', 'mse_1=0.000929; ', 'lpips_1=0.003842; ', 'codec_recon_1=0.156636; ', 'bpp_1=0.301713; ', 'mse_2=0.000845; ', 'lpips_2=0.003390; ', 'codec_recon_2=0.022377; ', 'bpp_2=0.294827; ']
train step[895/2000] ; used: 20m:50s; eta: 25m:42s; loss = 0.214178; ['mse_0=0.001999; ', 'lpips_0=0.007318; ', 'codec_recon_0=0.022081; ', 'bpp_0=1.270765; ', 'mse_1=0.001560; ', 'lpips_1=0.005817; ', 'codec_recon_1=0.142446; ', 'bpp_1=0.304005; ', 'mse_2=0.001449; ', 'lpips_2=0.004891; ', 'codec_recon_2=0.026614; ', 'bpp_2=0.295561; ']
train step[896/2000] ; used: 20m:51s; eta: 25m:40s; loss = 0.217153; ['mse_0=0.002020; ', 'lpips_0=0.006804; ', 'codec_recon_0=0.021654; ', 'bpp_0=1.267620; ', 'mse_1=0.001697; ', 'lpips_1=0.005433; ', 'codec_recon_1=0.151973; ', 'bpp_1=0.303958; ', 'mse_2=0.001651; ', 'lpips_2=0.004867; ', 'codec_recon_2=0.021052; ', 'bpp_2=0.295923; ']
train step[897/2000] ; used: 20m:52s; eta: 25m:38s; loss = 0.271708; ['mse_0=0.001634; ', 'lpips_0=0.007711; ', 'codec_recon_0=0.024314; ', 'bpp_0=1.282210; ', 'mse_1=0.001118; ', 'lpips_1=0.005234; ', 'codec_recon_1=0.197980; ', 'bpp_1=0.304947; ', 'mse_2=0.000809; ', 'lpips_2=0.003658; ', 'codec_recon_2=0.029249; ', 'bpp_2=0.297589; ']
train step[898/2000] ; used: 20m:54s; eta: 25m:37s; loss = 0.201685; ['mse_0=0.001111; ', 'lpips_0=0.007453; ', 'codec_recon_0=0.021917; ', 'bpp_0=1.232378; ', 'mse_1=0.000787; ', 'lpips_1=0.006330; ', 'codec_recon_1=0.136491; ', 'bpp_1=0.299905; ', 'mse_2=0.000770; ', 'lpips_2=0.005988; ', 'codec_recon_2=0.020836; ', 'bpp_2=0.293806; ']
train step[899/2000] ; used: 20m:55s; eta: 25m:35s; loss = 0.270814; ['mse_0=0.002549; ', 'lpips_0=0.007358; ', 'codec_recon_0=0.024409; ', 'bpp_0=1.281022; ', 'mse_1=0.001951; ', 'lpips_1=0.005401; ', 'codec_recon_1=0.190345; ', 'bpp_1=0.305242; ', 'mse_2=0.001666; ', 'lpips_2=0.003969; ', 'codec_recon_2=0.033164; ', 'bpp_2=0.298140; ']
train step[900/2000] ; used: 20m:56s; eta: 25m:33s; loss = 0.216027; ['mse_0=0.000848; ', 'lpips_0=0.009118; ', 'codec_recon_0=0.023622; ', 'bpp_0=1.258314; ', 'mse_1=0.000627; ', 'lpips_1=0.007027; ', 'codec_recon_1=0.142197; ', 'bpp_1=0.302154; ', 'mse_2=0.000597; ', 'lpips_2=0.006308; ', 'codec_recon_2=0.025682; ', 'bpp_2=0.295361; ']
train step[901/2000] ; used: 20m:57s; eta: 25m:32s; loss = 0.307466; ['mse_0=0.005227; ', 'lpips_0=0.009271; ', 'codec_recon_0=0.028001; ', 'bpp_0=1.296664; ', 'mse_1=0.004524; ', 'lpips_1=0.007444; ', 'codec_recon_1=0.212911; ', 'bpp_1=0.306416; ', 'mse_2=0.004258; ', 'lpips_2=0.006198; ', 'codec_recon_2=0.029631; ', 'bpp_2=0.300820; ']
train step[902/2000] ; used: 20m:58s; eta: 25m:30s; loss = 0.225204; ['mse_0=0.004930; ', 'lpips_0=0.007801; ', 'codec_recon_0=0.020803; ', 'bpp_0=1.271734; ', 'mse_1=0.004543; ', 'lpips_1=0.006170; ', 'codec_recon_1=0.149617; ', 'bpp_1=0.304192; ', 'mse_2=0.004446; ', 'lpips_2=0.005271; ', 'codec_recon_2=0.021620; ', 'bpp_2=0.297093; ']
train step[903/2000] ; used: 21m; eta: 25m:29s; loss = 0.208882; ['mse_0=0.003557; ', 'lpips_0=0.007583; ', 'codec_recon_0=0.023397; ', 'bpp_0=1.263004; ', 'mse_1=0.003407; ', 'lpips_1=0.006440; ', 'codec_recon_1=0.130817; ', 'bpp_1=0.303804; ', 'mse_2=0.003440; ', 'lpips_2=0.005898; ', 'codec_recon_2=0.024342; ', 'bpp_2=0.296998; ']
train step[904/2000] ; used: 21m:1s; eta: 25m:27s; loss = 0.255750; ['mse_0=0.003167; ', 'lpips_0=0.007583; ', 'codec_recon_0=0.021508; ', 'bpp_0=1.270676; ', 'mse_1=0.002537; ', 'lpips_1=0.006076; ', 'codec_recon_1=0.177943; ', 'bpp_1=0.306728; ', 'mse_2=0.002313; ', 'lpips_2=0.004938; ', 'codec_recon_2=0.029682; ', 'bpp_2=0.297774; ']
train step[905/2000] ; used: 21m:2s; eta: 25m:26s; loss = 0.231794; ['mse_0=0.001395; ', 'lpips_0=0.005117; ', 'codec_recon_0=0.023465; ', 'bpp_0=1.261786; ', 'mse_1=0.000940; ', 'lpips_1=0.003440; ', 'codec_recon_1=0.165442; ', 'bpp_1=0.305099; ', 'mse_2=0.000779; ', 'lpips_2=0.002815; ', 'codec_recon_2=0.028398; ', 'bpp_2=0.297235; ']
train step[906/2000] ; used: 21m:3s; eta: 25m:24s; loss = 0.281723; ['mse_0=0.006819; ', 'lpips_0=0.013826; ', 'codec_recon_0=0.023358; ', 'bpp_0=1.267208; ', 'mse_1=0.006197; ', 'lpips_1=0.012445; ', 'codec_recon_1=0.174173; ', 'bpp_1=0.303673; ', 'mse_2=0.006186; ', 'lpips_2=0.011667; ', 'codec_recon_2=0.027050; ', 'bpp_2=0.297261; ']
train step[907/2000] ; used: 21m:5s; eta: 25m:22s; loss = 0.236545; ['mse_0=0.002802; ', 'lpips_0=0.008601; ', 'codec_recon_0=0.022134; ', 'bpp_0=1.266079; ', 'mse_1=0.002591; ', 'lpips_1=0.007083; ', 'codec_recon_1=0.147124; ', 'bpp_1=0.303390; ', 'mse_2=0.002632; ', 'lpips_2=0.006520; ', 'codec_recon_2=0.037055; ', 'bpp_2=0.296224; ']
train step[908/2000] ; used: 21m:6s; eta: 25m:21s; loss = 0.237066; ['mse_0=0.001976; ', 'lpips_0=0.005552; ', 'codec_recon_0=0.025856; ', 'bpp_0=1.265514; ', 'mse_1=0.001331; ', 'lpips_1=0.003776; ', 'codec_recon_1=0.170830; ', 'bpp_1=0.303409; ', 'mse_2=0.001127; ', 'lpips_2=0.003056; ', 'codec_recon_2=0.023560; ', 'bpp_2=0.296932; ']
train step[909/2000] ; used: 21m:7s; eta: 25m:19s; loss = 0.315225; ['mse_0=0.003860; ', 'lpips_0=0.011552; ', 'codec_recon_0=0.028592; ', 'bpp_0=1.295762; ', 'mse_1=0.003050; ', 'lpips_1=0.009315; ', 'codec_recon_1=0.210951; ', 'bpp_1=0.306287; ', 'mse_2=0.002472; ', 'lpips_2=0.007665; ', 'codec_recon_2=0.037766; ', 'bpp_2=0.300477; ']
train step[910/2000] ; used: 21m:8s; eta: 25m:18s; loss = 0.230058; ['mse_0=0.003709; ', 'lpips_0=0.009897; ', 'codec_recon_0=0.022334; ', 'bpp_0=1.254326; ', 'mse_1=0.003023; ', 'lpips_1=0.008383; ', 'codec_recon_1=0.134777; ', 'bpp_1=0.303919; ', 'mse_2=0.002861; ', 'lpips_2=0.007668; ', 'codec_recon_2=0.037405; ', 'bpp_2=0.295391; ']
train step[911/2000] ; used: 21m:9s; eta: 25m:16s; loss = 0.191702; ['mse_0=0.002736; ', 'lpips_0=0.007897; ', 'codec_recon_0=0.021624; ', 'bpp_0=1.260452; ', 'mse_1=0.002755; ', 'lpips_1=0.006421; ', 'codec_recon_1=0.121192; ', 'bpp_1=0.304450; ', 'mse_2=0.002710; ', 'lpips_2=0.005968; ', 'codec_recon_2=0.020398; ', 'bpp_2=0.296094; ']
train step[912/2000] ; used: 21m:11s; eta: 25m:14s; loss = 0.186552; ['mse_0=0.002108; ', 'lpips_0=0.005549; ', 'codec_recon_0=0.018273; ', 'bpp_0=1.252447; ', 'mse_1=0.001689; ', 'lpips_1=0.004105; ', 'codec_recon_1=0.112685; ', 'bpp_1=0.303279; ', 'mse_2=0.001543; ', 'lpips_2=0.003655; ', 'codec_recon_2=0.036945; ', 'bpp_2=0.295526; ']
train step[913/2000] ; used: 21m:12s; eta: 25m:13s; loss = 0.198019; ['mse_0=0.002404; ', 'lpips_0=0.008266; ', 'codec_recon_0=0.021458; ', 'bpp_0=1.257837; ', 'mse_1=0.002114; ', 'lpips_1=0.006639; ', 'codec_recon_1=0.125631; ', 'bpp_1=0.302843; ', 'mse_2=0.002017; ', 'lpips_2=0.006068; ', 'codec_recon_2=0.023418; ', 'bpp_2=0.295386; ']
train step[914/2000] ; used: 21m:13s; eta: 25m:11s; loss = 0.205191; ['mse_0=0.001782; ', 'lpips_0=0.006962; ', 'codec_recon_0=0.022726; ', 'bpp_0=1.254281; ', 'mse_1=0.001388; ', 'lpips_1=0.005408; ', 'codec_recon_1=0.133475; ', 'bpp_1=0.304009; ', 'mse_2=0.001287; ', 'lpips_2=0.004710; ', 'codec_recon_2=0.027452; ', 'bpp_2=0.295880; ']
train step[915/2000] ; used: 21m:14s; eta: 25m:9s; loss = 0.202277; ['mse_0=0.002922; ', 'lpips_0=0.006621; ', 'codec_recon_0=0.019073; ', 'bpp_0=1.254532; ', 'mse_1=0.002020; ', 'lpips_1=0.005032; ', 'codec_recon_1=0.121223; ', 'bpp_1=0.303623; ', 'mse_2=0.001447; ', 'lpips_2=0.004117; ', 'codec_recon_2=0.039819; ', 'bpp_2=0.293994; ']
train step[916/2000] ; used: 21m:15s; eta: 25m:8s; loss = 0.222113; ['mse_0=0.001735; ', 'lpips_0=0.006593; ', 'codec_recon_0=0.021911; ', 'bpp_0=1.272434; ', 'mse_1=0.001367; ', 'lpips_1=0.005003; ', 'codec_recon_1=0.153650; ', 'bpp_1=0.305160; ', 'mse_2=0.001246; ', 'lpips_2=0.004196; ', 'codec_recon_2=0.026409; ', 'bpp_2=0.296961; ']
train step[917/2000] ; used: 21m:16s; eta: 25m:6s; loss = 0.251878; ['mse_0=0.001517; ', 'lpips_0=0.004806; ', 'codec_recon_0=0.022200; ', 'bpp_0=1.259254; ', 'mse_1=0.001035; ', 'lpips_1=0.003415; ', 'codec_recon_1=0.169905; ', 'bpp_1=0.304945; ', 'mse_2=0.000827; ', 'lpips_2=0.002741; ', 'codec_recon_2=0.045429; ', 'bpp_2=0.297415; ']
train step[918/2000] ; used: 21m:17s; eta: 25m:4s; loss = 0.229578; ['mse_0=0.002587; ', 'lpips_0=0.006898; ', 'codec_recon_0=0.023564; ', 'bpp_0=1.261883; ', 'mse_1=0.002021; ', 'lpips_1=0.005471; ', 'codec_recon_1=0.150897; ', 'bpp_1=0.303985; ', 'mse_2=0.001720; ', 'lpips_2=0.004769; ', 'codec_recon_2=0.031649; ', 'bpp_2=0.296624; ']
train step[919/2000] ; used: 21m:19s; eta: 25m:2s; loss = 0.212583; ['mse_0=0.001940; ', 'lpips_0=0.007198; ', 'codec_recon_0=0.022407; ', 'bpp_0=1.260327; ', 'mse_1=0.001370; ', 'lpips_1=0.005546; ', 'codec_recon_1=0.141735; ', 'bpp_1=0.303690; ', 'mse_2=0.001225; ', 'lpips_2=0.004907; ', 'codec_recon_2=0.026252; ', 'bpp_2=0.296762; ']
train step[920/2000] ; used: 21m:20s; eta: 25m:1s; loss = 0.190572; ['mse_0=0.001706; ', 'lpips_0=0.007006; ', 'codec_recon_0=0.018811; ', 'bpp_0=1.248145; ', 'mse_1=0.001378; ', 'lpips_1=0.005500; ', 'codec_recon_1=0.115776; ', 'bpp_1=0.303106; ', 'mse_2=0.001269; ', 'lpips_2=0.004872; ', 'codec_recon_2=0.034252; ', 'bpp_2=0.295046; ']
train step[921/2000] ; used: 21m:21s; eta: 24m:59s; loss = 0.213098; ['mse_0=0.002247; ', 'lpips_0=0.007374; ', 'codec_recon_0=0.021846; ', 'bpp_0=1.266039; ', 'mse_1=0.001977; ', 'lpips_1=0.006054; ', 'codec_recon_1=0.139865; ', 'bpp_1=0.302544; ', 'mse_2=0.001916; ', 'lpips_2=0.005674; ', 'codec_recon_2=0.026143; ', 'bpp_2=0.296570; ']
train step[922/2000] ; used: 21m:22s; eta: 24m:58s; loss = 0.238694; ['mse_0=0.002295; ', 'lpips_0=0.006034; ', 'codec_recon_0=0.023121; ', 'bpp_0=1.260512; ', 'mse_1=0.001801; ', 'lpips_1=0.004588; ', 'codec_recon_1=0.167695; ', 'bpp_1=0.303592; ', 'mse_2=0.001641; ', 'lpips_2=0.003804; ', 'codec_recon_2=0.027713; ', 'bpp_2=0.297017; ']
train step[923/2000] ; used: 21m:23s; eta: 24m:56s; loss = 0.225840; ['mse_0=0.001719; ', 'lpips_0=0.005310; ', 'codec_recon_0=0.021275; ', 'bpp_0=1.267628; ', 'mse_1=0.001360; ', 'lpips_1=0.003831; ', 'codec_recon_1=0.157495; ', 'bpp_1=0.303625; ', 'mse_2=0.001287; ', 'lpips_2=0.003140; ', 'codec_recon_2=0.030421; ', 'bpp_2=0.295938; ']
train step[924/2000] ; used: 21m:25s; eta: 24m:54s; loss = 0.206988; ['mse_0=0.003930; ', 'lpips_0=0.007978; ', 'codec_recon_0=0.022163; ', 'bpp_0=1.272962; ', 'mse_1=0.003527; ', 'lpips_1=0.006485; ', 'codec_recon_1=0.130429; ', 'bpp_1=0.304684; ', 'mse_2=0.003472; ', 'lpips_2=0.005918; ', 'codec_recon_2=0.023084; ', 'bpp_2=0.297540; ']
train step[925/2000] ; used: 21m:26s; eta: 24m:53s; loss = 0.304170; ['mse_0=0.003179; ', 'lpips_0=0.006183; ', 'codec_recon_0=0.025043; ', 'bpp_0=1.284610; ', 'mse_1=0.002575; ', 'lpips_1=0.004840; ', 'codec_recon_1=0.220593; ', 'bpp_1=0.304868; ', 'mse_2=0.002324; ', 'lpips_2=0.003866; ', 'codec_recon_2=0.035565; ', 'bpp_2=0.298782; ']
train step[926/2000] ; used: 21m:27s; eta: 24m:51s; loss = 0.188105; ['mse_0=0.002777; ', 'lpips_0=0.008283; ', 'codec_recon_0=0.019555; ', 'bpp_0=1.243795; ', 'mse_1=0.002204; ', 'lpips_1=0.007176; ', 'codec_recon_1=0.119012; ', 'bpp_1=0.303343; ', 'mse_2=0.002100; ', 'lpips_2=0.006336; ', 'codec_recon_2=0.020660; ', 'bpp_2=0.294951; ']
train step[927/2000] ; used: 21m:28s; eta: 24m:50s; loss = 0.190334; ['mse_0=0.002181; ', 'lpips_0=0.006622; ', 'codec_recon_0=0.020702; ', 'bpp_0=1.257356; ', 'mse_1=0.001969; ', 'lpips_1=0.005404; ', 'codec_recon_1=0.121332; ', 'bpp_1=0.304040; ', 'mse_2=0.001922; ', 'lpips_2=0.005020; ', 'codec_recon_2=0.025181; ', 'bpp_2=0.295784; ']
train step[928/2000] ; used: 21m:30s; eta: 24m:48s; loss = 0.302110; ['mse_0=0.004564; ', 'lpips_0=0.009189; ', 'codec_recon_0=0.027397; ', 'bpp_0=1.262524; ', 'mse_1=0.004134; ', 'lpips_1=0.007936; ', 'codec_recon_1=0.202009; ', 'bpp_1=0.303629; ', 'mse_2=0.004127; ', 'lpips_2=0.007223; ', 'codec_recon_2=0.035530; ', 'bpp_2=0.297900; ']
train step[929/2000] ; used: 21m:31s; eta: 24m:47s; loss = 0.195511; ['mse_0=0.002843; ', 'lpips_0=0.006744; ', 'codec_recon_0=0.020459; ', 'bpp_0=1.249611; ', 'mse_1=0.002648; ', 'lpips_1=0.005723; ', 'codec_recon_1=0.129032; ', 'bpp_1=0.303278; ', 'mse_2=0.002526; ', 'lpips_2=0.005183; ', 'codec_recon_2=0.020351; ', 'bpp_2=0.295596; ']
train step[930/2000] ; used: 21m:32s; eta: 24m:45s; loss = 0.183351; ['mse_0=0.002795; ', 'lpips_0=0.007510; ', 'codec_recon_0=0.019757; ', 'bpp_0=1.250624; ', 'mse_1=0.002284; ', 'lpips_1=0.006340; ', 'codec_recon_1=0.112496; ', 'bpp_1=0.304079; ', 'mse_2=0.002259; ', 'lpips_2=0.005745; ', 'codec_recon_2=0.024162; ', 'bpp_2=0.295176; ']
train step[931/2000] ; used: 21m:33s; eta: 24m:43s; loss = 0.198289; ['mse_0=0.001710; ', 'lpips_0=0.006987; ', 'codec_recon_0=0.021343; ', 'bpp_0=1.249578; ', 'mse_1=0.001510; ', 'lpips_1=0.006011; ', 'codec_recon_1=0.131586; ', 'bpp_1=0.304630; ', 'mse_2=0.001378; ', 'lpips_2=0.005629; ', 'codec_recon_2=0.022134; ', 'bpp_2=0.296616; ']
train step[932/2000] ; used: 21m:34s; eta: 24m:42s; loss = 0.239808; ['mse_0=0.001153; ', 'lpips_0=0.007262; ', 'codec_recon_0=0.021026; ', 'bpp_0=1.260462; ', 'mse_1=0.000878; ', 'lpips_1=0.005289; ', 'codec_recon_1=0.167395; ', 'bpp_1=0.302102; ', 'mse_2=0.000815; ', 'lpips_2=0.004533; ', 'codec_recon_2=0.031454; ', 'bpp_2=0.295290; ']
train step[933/2000] ; used: 21m:35s; eta: 24m:40s; loss = 0.209699; ['mse_0=0.005532; ', 'lpips_0=0.007617; ', 'codec_recon_0=0.021996; ', 'bpp_0=1.256518; ', 'mse_1=0.004962; ', 'lpips_1=0.006496; ', 'codec_recon_1=0.130819; ', 'bpp_1=0.303559; ', 'mse_2=0.004800; ', 'lpips_2=0.005752; ', 'codec_recon_2=0.021724; ', 'bpp_2=0.295459; ']
train step[934/2000] ; used: 21m:37s; eta: 24m:38s; loss = 0.226245; ['mse_0=0.004340; ', 'lpips_0=0.007836; ', 'codec_recon_0=0.020868; ', 'bpp_0=1.247908; ', 'mse_1=0.003999; ', 'lpips_1=0.006712; ', 'codec_recon_1=0.146925; ', 'bpp_1=0.303206; ', 'mse_2=0.003967; ', 'lpips_2=0.006199; ', 'codec_recon_2=0.025395; ', 'bpp_2=0.296174; ']
train step[935/2000] ; used: 21m:38s; eta: 24m:37s; loss = 0.226126; ['mse_0=0.002403; ', 'lpips_0=0.005925; ', 'codec_recon_0=0.023071; ', 'bpp_0=1.256184; ', 'mse_1=0.001926; ', 'lpips_1=0.004703; ', 'codec_recon_1=0.157021; ', 'bpp_1=0.305076; ', 'mse_2=0.001663; ', 'lpips_2=0.004033; ', 'codec_recon_2=0.025380; ', 'bpp_2=0.296536; ']
train step[936/2000] ; used: 21m:39s; eta: 24m:35s; loss = 0.162392; ['mse_0=0.001342; ', 'lpips_0=0.006847; ', 'codec_recon_0=0.019147; ', 'bpp_0=1.255771; ', 'mse_1=0.001084; ', 'lpips_1=0.005749; ', 'codec_recon_1=0.102631; ', 'bpp_1=0.302347; ', 'mse_2=0.001032; ', 'lpips_2=0.005504; ', 'codec_recon_2=0.019053; ', 'bpp_2=0.294880; ']
train step[937/2000] ; used: 21m:40s; eta: 24m:33s; loss = 0.173576; ['mse_0=0.000841; ', 'lpips_0=0.006506; ', 'codec_recon_0=0.018124; ', 'bpp_0=1.254779; ', 'mse_1=0.000524; ', 'lpips_1=0.004758; ', 'codec_recon_1=0.115611; ', 'bpp_1=0.302052; ', 'mse_2=0.000374; ', 'lpips_2=0.004083; ', 'codec_recon_2=0.022754; ', 'bpp_2=0.293302; ']
train step[938/2000] ; used: 21m:41s; eta: 24m:32s; loss = 0.300512; ['mse_0=0.002016; ', 'lpips_0=0.005234; ', 'codec_recon_0=0.029393; ', 'bpp_0=1.249512; ', 'mse_1=0.001338; ', 'lpips_1=0.003589; ', 'codec_recon_1=0.222076; ', 'bpp_1=0.302167; ', 'mse_2=0.001037; ', 'lpips_2=0.002727; ', 'codec_recon_2=0.033101; ', 'bpp_2=0.297220; ']
train step[939/2000] ; used: 21m:42s; eta: 24m:30s; loss = 0.266067; ['mse_0=0.001881; ', 'lpips_0=0.007008; ', 'codec_recon_0=0.022629; ', 'bpp_0=1.270815; ', 'mse_1=0.001223; ', 'lpips_1=0.005076; ', 'codec_recon_1=0.192297; ', 'bpp_1=0.304263; ', 'mse_2=0.000935; ', 'lpips_2=0.003938; ', 'codec_recon_2=0.031077; ', 'bpp_2=0.297711; ']
train step[940/2000] ; used: 21m:44s; eta: 24m:28s; loss = 0.222705; ['mse_0=0.001583; ', 'lpips_0=0.007172; ', 'codec_recon_0=0.024855; ', 'bpp_0=1.254140; ', 'mse_1=0.001189; ', 'lpips_1=0.005734; ', 'codec_recon_1=0.149870; ', 'bpp_1=0.302178; ', 'mse_2=0.001099; ', 'lpips_2=0.005127; ', 'codec_recon_2=0.026074; ', 'bpp_2=0.296066; ']
train step[941/2000] ; used: 21m:45s; eta: 24m:27s; loss = 0.183116; ['mse_0=0.001548; ', 'lpips_0=0.006382; ', 'codec_recon_0=0.019018; ', 'bpp_0=1.259630; ', 'mse_1=0.001017; ', 'lpips_1=0.004789; ', 'codec_recon_1=0.124429; ', 'bpp_1=0.303785; ', 'mse_2=0.000886; ', 'lpips_2=0.004124; ', 'codec_recon_2=0.020920; ', 'bpp_2=0.295700; ']
train step[942/2000] ; used: 21m:46s; eta: 24m:25s; loss = 0.243011; ['mse_0=0.001619; ', 'lpips_0=0.007782; ', 'codec_recon_0=0.024145; ', 'bpp_0=1.264336; ', 'mse_1=0.001242; ', 'lpips_1=0.006178; ', 'codec_recon_1=0.170072; ', 'bpp_1=0.304594; ', 'mse_2=0.001070; ', 'lpips_2=0.005179; ', 'codec_recon_2=0.025723; ', 'bpp_2=0.297611; ']
train step[943/2000] ; used: 21m:47s; eta: 24m:24s; loss = 0.203529; ['mse_0=0.001155; ', 'lpips_0=0.005170; ', 'codec_recon_0=0.022180; ', 'bpp_0=1.242437; ', 'mse_1=0.000872; ', 'lpips_1=0.003795; ', 'codec_recon_1=0.142580; ', 'bpp_1=0.304557; ', 'mse_2=0.000753; ', 'lpips_2=0.003158; ', 'codec_recon_2=0.023865; ', 'bpp_2=0.296110; ']
train step[944/2000] ; used: 21m:48s; eta: 24m:22s; loss = 0.177943; ['mse_0=0.001838; ', 'lpips_0=0.006608; ', 'codec_recon_0=0.020722; ', 'bpp_0=1.251201; ', 'mse_1=0.001442; ', 'lpips_1=0.005181; ', 'codec_recon_1=0.116657; ', 'bpp_1=0.303861; ', 'mse_2=0.001265; ', 'lpips_2=0.004524; ', 'codec_recon_2=0.019705; ', 'bpp_2=0.294554; ']
train step[945/2000] ; used: 21m:49s; eta: 24m:20s; loss = 0.275368; ['mse_0=0.002144; ', 'lpips_0=0.007885; ', 'codec_recon_0=0.024652; ', 'bpp_0=1.288395; ', 'mse_1=0.001557; ', 'lpips_1=0.005788; ', 'codec_recon_1=0.198503; ', 'bpp_1=0.307196; ', 'mse_2=0.001177; ', 'lpips_2=0.004045; ', 'codec_recon_2=0.029616; ', 'bpp_2=0.299801; ']
train step[946/2000] ; used: 21m:51s; eta: 24m:19s; loss = 0.177186; ['mse_0=0.001646; ', 'lpips_0=0.005970; ', 'codec_recon_0=0.019062; ', 'bpp_0=1.245917; ', 'mse_1=0.001232; ', 'lpips_1=0.004621; ', 'codec_recon_1=0.121089; ', 'bpp_1=0.303068; ', 'mse_2=0.001069; ', 'lpips_2=0.003894; ', 'codec_recon_2=0.018602; ', 'bpp_2=0.294143; ']
train step[947/2000] ; used: 21m:52s; eta: 24m:17s; loss = 0.236081; ['mse_0=0.001184; ', 'lpips_0=0.004655; ', 'codec_recon_0=0.024017; ', 'bpp_0=1.263770; ', 'mse_1=0.000841; ', 'lpips_1=0.003188; ', 'codec_recon_1=0.172139; ', 'bpp_1=0.303719; ', 'mse_2=0.000729; ', 'lpips_2=0.002497; ', 'codec_recon_2=0.026829; ', 'bpp_2=0.296339; ']
train step[948/2000] ; used: 21m:53s; eta: 24m:16s; loss = 0.270904; ['mse_0=0.001786; ', 'lpips_0=0.006784; ', 'codec_recon_0=0.022917; ', 'bpp_0=1.260629; ', 'mse_1=0.001376; ', 'lpips_1=0.005137; ', 'codec_recon_1=0.199041; ', 'bpp_1=0.304151; ', 'mse_2=0.001079; ', 'lpips_2=0.004084; ', 'codec_recon_2=0.028699; ', 'bpp_2=0.297305; ']
train step[949/2000] ; used: 21m:54s; eta: 24m:14s; loss = 0.210930; ['mse_0=0.001807; ', 'lpips_0=0.004856; ', 'codec_recon_0=0.020814; ', 'bpp_0=1.236491; ', 'mse_1=0.001338; ', 'lpips_1=0.003496; ', 'codec_recon_1=0.152805; ', 'bpp_1=0.303609; ', 'mse_2=0.001225; ', 'lpips_2=0.002908; ', 'codec_recon_2=0.021680; ', 'bpp_2=0.295878; ']
train step[950/2000] ; used: 21m:56s; eta: 24m:13s; loss = 0.170559; ['mse_0=0.001513; ', 'lpips_0=0.007015; ', 'codec_recon_0=0.021183; ', 'bpp_0=1.249398; ', 'mse_1=0.001329; ', 'lpips_1=0.005868; ', 'codec_recon_1=0.106678; ', 'bpp_1=0.302085; ', 'mse_2=0.001270; ', 'lpips_2=0.005477; ', 'codec_recon_2=0.020221; ', 'bpp_2=0.295553; ']
train step[951/2000] ; used: 21m:57s; eta: 24m:11s; loss = 0.247713; ['mse_0=0.001962; ', 'lpips_0=0.005571; ', 'codec_recon_0=0.021395; ', 'bpp_0=1.258213; ', 'mse_1=0.001507; ', 'lpips_1=0.004188; ', 'codec_recon_1=0.181073; ', 'bpp_1=0.305251; ', 'mse_2=0.001301; ', 'lpips_2=0.003389; ', 'codec_recon_2=0.027325; ', 'bpp_2=0.297703; ']
train step[952/2000] ; used: 21m:58s; eta: 24m:9s; loss = 0.195181; ['mse_0=0.001212; ', 'lpips_0=0.005750; ', 'codec_recon_0=0.020444; ', 'bpp_0=1.253910; ', 'mse_1=0.000834; ', 'lpips_1=0.004053; ', 'codec_recon_1=0.135981; ', 'bpp_1=0.303145; ', 'mse_2=0.000704; ', 'lpips_2=0.003330; ', 'codec_recon_2=0.022871; ', 'bpp_2=0.295792; ']
train step[953/2000] ; used: 21m:59s; eta: 24m:7s; loss = 0.176609; ['mse_0=0.003159; ', 'lpips_0=0.008879; ', 'codec_recon_0=0.018904; ', 'bpp_0=1.260440; ', 'mse_1=0.002522; ', 'lpips_1=0.007052; ', 'codec_recon_1=0.108241; ', 'bpp_1=0.303769; ', 'mse_2=0.002433; ', 'lpips_2=0.006356; ', 'codec_recon_2=0.019061; ', 'bpp_2=0.294192; ']
train step[954/2000] ; used: 22m; eta: 24m:6s; loss = 0.191865; ['mse_0=0.002081; ', 'lpips_0=0.005995; ', 'codec_recon_0=0.022867; ', 'bpp_0=1.256880; ', 'mse_1=0.001737; ', 'lpips_1=0.004810; ', 'codec_recon_1=0.124896; ', 'bpp_1=0.304500; ', 'mse_2=0.001655; ', 'lpips_2=0.004391; ', 'codec_recon_2=0.023431; ', 'bpp_2=0.296598; ']
train step[955/2000] ; used: 22m:2s; eta: 24m:5s; loss = 0.156176; ['mse_0=0.001197; ', 'lpips_0=0.005900; ', 'codec_recon_0=0.017147; ', 'bpp_0=1.230909; ', 'mse_1=0.000665; ', 'lpips_1=0.004360; ', 'codec_recon_1=0.104974; ', 'bpp_1=0.303046; ', 'mse_2=0.000575; ', 'lpips_2=0.003785; ', 'codec_recon_2=0.017571; ', 'bpp_2=0.293077; ']
train step[956/2000] ; used: 22m:3s; eta: 24m:3s; loss = 0.341673; ['mse_0=0.002304; ', 'lpips_0=0.007788; ', 'codec_recon_0=0.026845; ', 'bpp_0=1.281626; ', 'mse_1=0.001723; ', 'lpips_1=0.005784; ', 'codec_recon_1=0.260633; ', 'bpp_1=0.305722; ', 'mse_2=0.001354; ', 'lpips_2=0.004340; ', 'codec_recon_2=0.030899; ', 'bpp_2=0.299242; ']
train step[957/2000] ; used: 22m:4s; eta: 24m:1s; loss = 0.181304; ['mse_0=0.002440; ', 'lpips_0=0.008698; ', 'codec_recon_0=0.020490; ', 'bpp_0=1.240083; ', 'mse_1=0.002096; ', 'lpips_1=0.007466; ', 'codec_recon_1=0.108007; ', 'bpp_1=0.303108; ', 'mse_2=0.002093; ', 'lpips_2=0.007133; ', 'codec_recon_2=0.022879; ', 'bpp_2=0.294973; ']
train step[958/2000] ; used: 22m:5s; eta: 23m:59s; loss = 0.163737; ['mse_0=0.001959; ', 'lpips_0=0.006288; ', 'codec_recon_0=0.020329; ', 'bpp_0=1.246080; ', 'mse_1=0.001609; ', 'lpips_1=0.005000; ', 'codec_recon_1=0.104024; ', 'bpp_1=0.303702; ', 'mse_2=0.001470; ', 'lpips_2=0.004464; ', 'codec_recon_2=0.018592; ', 'bpp_2=0.294350; ']
train step[959/2000] ; used: 22m:6s; eta: 23m:58s; loss = 0.258140; ['mse_0=0.015073; ', 'lpips_0=0.012465; ', 'codec_recon_0=0.022248; ', 'bpp_0=1.251365; ', 'mse_1=0.014444; ', 'lpips_1=0.011531; ', 'codec_recon_1=0.133135; ', 'bpp_1=0.305088; ', 'mse_2=0.014572; ', 'lpips_2=0.011089; ', 'codec_recon_2=0.023580; ', 'bpp_2=0.296608; ']
train step[960/2000] ; used: 22m:7s; eta: 23m:56s; loss = 0.205339; ['mse_0=0.001286; ', 'lpips_0=0.006820; ', 'codec_recon_0=0.019876; ', 'bpp_0=1.255828; ', 'mse_1=0.001002; ', 'lpips_1=0.005120; ', 'codec_recon_1=0.138891; ', 'bpp_1=0.303342; ', 'mse_2=0.000918; ', 'lpips_2=0.004471; ', 'codec_recon_2=0.026953; ', 'bpp_2=0.295367; ']
train step[961/2000] ; used: 22m:8s; eta: 23m:54s; loss = 0.235390; ['mse_0=0.001815; ', 'lpips_0=0.007283; ', 'codec_recon_0=0.023294; ', 'bpp_0=1.268810; ', 'mse_1=0.001361; ', 'lpips_1=0.005441; ', 'codec_recon_1=0.164107; ', 'bpp_1=0.306375; ', 'mse_2=0.001230; ', 'lpips_2=0.004508; ', 'codec_recon_2=0.026348; ', 'bpp_2=0.297932; ']
train step[962/2000] ; used: 22m:9s; eta: 23m:53s; loss = 0.216830; ['mse_0=0.003678; ', 'lpips_0=0.006577; ', 'codec_recon_0=0.021905; ', 'bpp_0=1.255427; ', 'mse_1=0.003089; ', 'lpips_1=0.005300; ', 'codec_recon_1=0.143595; ', 'bpp_1=0.304706; ', 'mse_2=0.002871; ', 'lpips_2=0.004668; ', 'codec_recon_2=0.025146; ', 'bpp_2=0.297030; ']
train step[963/2000] ; used: 22m:10s; eta: 23m:51s; loss = 0.279561; ['mse_0=0.002418; ', 'lpips_0=0.006338; ', 'codec_recon_0=0.028667; ', 'bpp_0=1.255752; ', 'mse_1=0.001827; ', 'lpips_1=0.004414; ', 'codec_recon_1=0.200437; ', 'bpp_1=0.305216; ', 'mse_2=0.001444; ', 'lpips_2=0.003060; ', 'codec_recon_2=0.030954; ', 'bpp_2=0.297220; ']
train step[964/2000] ; used: 22m:11s; eta: 23m:49s; loss = 0.251501; ['mse_0=0.003748; ', 'lpips_0=0.006871; ', 'codec_recon_0=0.022156; ', 'bpp_0=1.273097; ', 'mse_1=0.003029; ', 'lpips_1=0.005588; ', 'codec_recon_1=0.176429; ', 'bpp_1=0.306889; ', 'mse_2=0.002741; ', 'lpips_2=0.004554; ', 'codec_recon_2=0.026382; ', 'bpp_2=0.299280; ']
train step[965/2000] ; used: 22m:13s; eta: 23m:48s; loss = 0.193273; ['mse_0=0.001136; ', 'lpips_0=0.008006; ', 'codec_recon_0=0.022391; ', 'bpp_0=1.255692; ', 'mse_1=0.000756; ', 'lpips_1=0.005839; ', 'codec_recon_1=0.125565; ', 'bpp_1=0.303918; ', 'mse_2=0.000636; ', 'lpips_2=0.005101; ', 'codec_recon_2=0.023840; ', 'bpp_2=0.296649; ']
train step[966/2000] ; used: 22m:14s; eta: 23m:46s; loss = 0.236803; ['mse_0=0.006021; ', 'lpips_0=0.009052; ', 'codec_recon_0=0.022482; ', 'bpp_0=1.263683; ', 'mse_1=0.005682; ', 'lpips_1=0.007748; ', 'codec_recon_1=0.150168; ', 'bpp_1=0.303988; ', 'mse_2=0.005674; ', 'lpips_2=0.006863; ', 'codec_recon_2=0.023112; ', 'bpp_2=0.296597; ']
train step[967/2000] ; used: 22m:15s; eta: 23m:45s; loss = 0.222480; ['mse_0=0.001295; ', 'lpips_0=0.006734; ', 'codec_recon_0=0.022464; ', 'bpp_0=1.263001; ', 'mse_1=0.000906; ', 'lpips_1=0.004646; ', 'codec_recon_1=0.154809; ', 'bpp_1=0.302895; ', 'mse_2=0.000693; ', 'lpips_2=0.003616; ', 'codec_recon_2=0.027315; ', 'bpp_2=0.296157; ']
train step[968/2000] ; used: 22m:16s; eta: 23m:43s; loss = 0.215687; ['mse_0=0.002007; ', 'lpips_0=0.006220; ', 'codec_recon_0=0.020173; ', 'bpp_0=1.252225; ', 'mse_1=0.001687; ', 'lpips_1=0.004733; ', 'codec_recon_1=0.152478; ', 'bpp_1=0.304359; ', 'mse_2=0.001630; ', 'lpips_2=0.003986; ', 'codec_recon_2=0.022772; ', 'bpp_2=0.296929; ']
train step[969/2000] ; used: 22m:17s; eta: 23m:41s; loss = 0.253385; ['mse_0=0.002910; ', 'lpips_0=0.008847; ', 'codec_recon_0=0.025322; ', 'bpp_0=1.281921; ', 'mse_1=0.002318; ', 'lpips_1=0.006807; ', 'codec_recon_1=0.173075; ', 'bpp_1=0.304813; ', 'mse_2=0.002085; ', 'lpips_2=0.005570; ', 'codec_recon_2=0.026450; ', 'bpp_2=0.299468; ']
train step[970/2000] ; used: 22m:18s; eta: 23m:40s; loss = 0.145832; ['mse_0=0.001027; ', 'lpips_0=0.006152; ', 'codec_recon_0=0.016818; ', 'bpp_0=1.235166; ', 'mse_1=0.000783; ', 'lpips_1=0.004687; ', 'codec_recon_1=0.095591; ', 'bpp_1=0.302321; ', 'mse_2=0.000705; ', 'lpips_2=0.004330; ', 'codec_recon_2=0.015736; ', 'bpp_2=0.294016; ']
train step[971/2000] ; used: 22m:20s; eta: 23m:38s; loss = 0.200527; ['mse_0=0.007363; ', 'lpips_0=0.010098; ', 'codec_recon_0=0.017975; ', 'bpp_0=1.252218; ', 'mse_1=0.006648; ', 'lpips_1=0.008823; ', 'codec_recon_1=0.115905; ', 'bpp_1=0.304644; ', 'mse_2=0.006576; ', 'lpips_2=0.008217; ', 'codec_recon_2=0.018919; ', 'bpp_2=0.295924; ']
train step[972/2000] ; used: 22m:21s; eta: 23m:37s; loss = 0.262583; ['mse_0=0.002041; ', 'lpips_0=0.006742; ', 'codec_recon_0=0.021298; ', 'bpp_0=1.270860; ', 'mse_1=0.001537; ', 'lpips_1=0.005076; ', 'codec_recon_1=0.192672; ', 'bpp_1=0.304990; ', 'mse_2=0.001254; ', 'lpips_2=0.003855; ', 'codec_recon_2=0.028105; ', 'bpp_2=0.297312; ']
train step[973/2000] ; used: 22m:22s; eta: 23m:35s; loss = 0.203496; ['mse_0=0.000999; ', 'lpips_0=0.005517; ', 'codec_recon_0=0.018589; ', 'bpp_0=1.245137; ', 'mse_1=0.000589; ', 'lpips_1=0.003942; ', 'codec_recon_1=0.146799; ', 'bpp_1=0.301748; ', 'mse_2=0.000526; ', 'lpips_2=0.003185; ', 'codec_recon_2=0.023348; ', 'bpp_2=0.294482; ']
train step[974/2000] ; used: 22m:23s; eta: 23m:34s; loss = 0.196704; ['mse_0=0.002461; ', 'lpips_0=0.006452; ', 'codec_recon_0=0.020083; ', 'bpp_0=1.238894; ', 'mse_1=0.001945; ', 'lpips_1=0.005089; ', 'codec_recon_1=0.133182; ', 'bpp_1=0.304839; ', 'mse_2=0.001659; ', 'lpips_2=0.004197; ', 'codec_recon_2=0.021634; ', 'bpp_2=0.296673; ']
train step[975/2000] ; used: 22m:24s; eta: 23m:32s; loss = 0.244927; ['mse_0=0.013618; ', 'lpips_0=0.011290; ', 'codec_recon_0=0.022002; ', 'bpp_0=1.263391; ', 'mse_1=0.012468; ', 'lpips_1=0.009522; ', 'codec_recon_1=0.131052; ', 'bpp_1=0.304961; ', 'mse_2=0.012348; ', 'lpips_2=0.008577; ', 'codec_recon_2=0.024048; ', 'bpp_2=0.297251; ']
train step[976/2000] ; used: 22m:26s; eta: 23m:30s; loss = 0.233585; ['mse_0=0.004230; ', 'lpips_0=0.007373; ', 'codec_recon_0=0.023876; ', 'bpp_0=1.253391; ', 'mse_1=0.003618; ', 'lpips_1=0.006033; ', 'codec_recon_1=0.153369; ', 'bpp_1=0.304643; ', 'mse_2=0.003415; ', 'lpips_2=0.005415; ', 'codec_recon_2=0.026255; ', 'bpp_2=0.297634; ']
train step[977/2000] ; used: 22m:27s; eta: 23m:29s; loss = 0.219095; ['mse_0=0.002509; ', 'lpips_0=0.006921; ', 'codec_recon_0=0.021537; ', 'bpp_0=1.259185; ', 'mse_1=0.001868; ', 'lpips_1=0.005489; ', 'codec_recon_1=0.148643; ', 'bpp_1=0.304595; ', 'mse_2=0.001567; ', 'lpips_2=0.004590; ', 'codec_recon_2=0.025969; ', 'bpp_2=0.297383; ']
train step[978/2000] ; used: 22m:28s; eta: 23m:27s; loss = 0.206825; ['mse_0=0.002739; ', 'lpips_0=0.008701; ', 'codec_recon_0=0.020876; ', 'bpp_0=1.247149; ', 'mse_1=0.002419; ', 'lpips_1=0.007155; ', 'codec_recon_1=0.134348; ', 'bpp_1=0.304136; ', 'mse_2=0.002410; ', 'lpips_2=0.006617; ', 'codec_recon_2=0.021557; ', 'bpp_2=0.295978; ']
train step[979/2000] ; used: 22m:29s; eta: 23m:26s; loss = 0.234093; ['mse_0=0.001852; ', 'lpips_0=0.006581; ', 'codec_recon_0=0.020233; ', 'bpp_0=1.264394; ', 'mse_1=0.001436; ', 'lpips_1=0.004768; ', 'codec_recon_1=0.164591; ', 'bpp_1=0.304340; ', 'mse_2=0.001202; ', 'lpips_2=0.003770; ', 'codec_recon_2=0.029658; ', 'bpp_2=0.297437; ']
train step[980/2000] ; used: 22m:30s; eta: 23m:24s; loss = 0.199578; ['mse_0=0.001505; ', 'lpips_0=0.005936; ', 'codec_recon_0=0.020375; ', 'bpp_0=1.252840; ', 'mse_1=0.001143; ', 'lpips_1=0.004499; ', 'codec_recon_1=0.139357; ', 'bpp_1=0.303138; ', 'mse_2=0.000975; ', 'lpips_2=0.003755; ', 'codec_recon_2=0.022030; ', 'bpp_2=0.295785; ']
train step[981/2000] ; used: 22m:31s; eta: 23m:22s; loss = 0.164519; ['mse_0=0.000878; ', 'lpips_0=0.004771; ', 'codec_recon_0=0.017349; ', 'bpp_0=1.231335; ', 'mse_1=0.000601; ', 'lpips_1=0.003583; ', 'codec_recon_1=0.112297; ', 'bpp_1=0.302703; ', 'mse_2=0.000455; ', 'lpips_2=0.002985; ', 'codec_recon_2=0.021596; ', 'bpp_2=0.294216; ']
train step[982/2000] ; used: 22m:33s; eta: 23m:21s; loss = 0.142208; ['mse_0=0.001242; ', 'lpips_0=0.005381; ', 'codec_recon_0=0.016719; ', 'bpp_0=1.241509; ', 'mse_1=0.000901; ', 'lpips_1=0.004156; ', 'codec_recon_1=0.093102; ', 'bpp_1=0.303978; ', 'mse_2=0.000748; ', 'lpips_2=0.003734; ', 'codec_recon_2=0.016224; ', 'bpp_2=0.293303; ']
train step[983/2000] ; used: 22m:34s; eta: 23m:19s; loss = 0.166910; ['mse_0=0.002150; ', 'lpips_0=0.006730; ', 'codec_recon_0=0.016709; ', 'bpp_0=1.250575; ', 'mse_1=0.001556; ', 'lpips_1=0.005417; ', 'codec_recon_1=0.106882; ', 'bpp_1=0.303862; ', 'mse_2=0.001376; ', 'lpips_2=0.004736; ', 'codec_recon_2=0.021353; ', 'bpp_2=0.295985; ']
train step[984/2000] ; used: 22m:35s; eta: 23m:18s; loss = 0.197803; ['mse_0=0.004233; ', 'lpips_0=0.007601; ', 'codec_recon_0=0.017965; ', 'bpp_0=1.243191; ', 'mse_1=0.003719; ', 'lpips_1=0.006286; ', 'codec_recon_1=0.128913; ', 'bpp_1=0.305498; ', 'mse_2=0.003771; ', 'lpips_2=0.005666; ', 'codec_recon_2=0.019648; ', 'bpp_2=0.295951; ']
train step[985/2000] ; used: 22m:36s; eta: 23m:16s; loss = 0.167146; ['mse_0=0.002199; ', 'lpips_0=0.006439; ', 'codec_recon_0=0.017691; ', 'bpp_0=1.236940; ', 'mse_1=0.001639; ', 'lpips_1=0.005174; ', 'codec_recon_1=0.108562; ', 'bpp_1=0.304573; ', 'mse_2=0.001496; ', 'lpips_2=0.004539; ', 'codec_recon_2=0.019405; ', 'bpp_2=0.295503; ']
train step[986/2000] ; used: 22m:37s; eta: 23m:14s; loss = 0.210983; ['mse_0=0.001836; ', 'lpips_0=0.007905; ', 'codec_recon_0=0.019308; ', 'bpp_0=1.247618; ', 'mse_1=0.001436; ', 'lpips_1=0.006342; ', 'codec_recon_1=0.142556; ', 'bpp_1=0.303728; ', 'mse_2=0.001189; ', 'lpips_2=0.005140; ', 'codec_recon_2=0.025269; ', 'bpp_2=0.296277; ']
train step[987/2000] ; used: 22m:39s; eta: 23m:13s; loss = 0.173161; ['mse_0=0.001261; ', 'lpips_0=0.006348; ', 'codec_recon_0=0.016070; ', 'bpp_0=1.233321; ', 'mse_1=0.001014; ', 'lpips_1=0.005204; ', 'codec_recon_1=0.118244; ', 'bpp_1=0.303305; ', 'mse_2=0.000964; ', 'lpips_2=0.004666; ', 'codec_recon_2=0.019387; ', 'bpp_2=0.294540; ']
train step[988/2000] ; used: 22m:40s; eta: 23m:11s; loss = 0.211659; ['mse_0=0.005646; ', 'lpips_0=0.008178; ', 'codec_recon_0=0.020436; ', 'bpp_0=1.251047; ', 'mse_1=0.004928; ', 'lpips_1=0.007223; ', 'codec_recon_1=0.133419; ', 'bpp_1=0.304190; ', 'mse_2=0.004797; ', 'lpips_2=0.006622; ', 'codec_recon_2=0.020407; ', 'bpp_2=0.296279; ']
train step[989/2000] ; used: 22m:41s; eta: 23m:10s; loss = 0.178567; ['mse_0=0.001805; ', 'lpips_0=0.006212; ', 'codec_recon_0=0.018291; ', 'bpp_0=1.241420; ', 'mse_1=0.001360; ', 'lpips_1=0.004942; ', 'codec_recon_1=0.119564; ', 'bpp_1=0.303106; ', 'mse_2=0.001098; ', 'lpips_2=0.004239; ', 'codec_recon_2=0.021055; ', 'bpp_2=0.294879; ']
train step[990/2000] ; used: 22m:42s; eta: 23m:8s; loss = 0.238773; ['mse_0=0.002845; ', 'lpips_0=0.008015; ', 'codec_recon_0=0.020351; ', 'bpp_0=1.255509; ', 'mse_1=0.002362; ', 'lpips_1=0.006461; ', 'codec_recon_1=0.164794; ', 'bpp_1=0.304309; ', 'mse_2=0.002181; ', 'lpips_2=0.005299; ', 'codec_recon_2=0.026462; ', 'bpp_2=0.297140; ']
train step[991/2000] ; used: 22m:43s; eta: 23m:7s; loss = 0.232600; ['mse_0=0.005284; ', 'lpips_0=0.008531; ', 'codec_recon_0=0.021266; ', 'bpp_0=1.239043; ', 'mse_1=0.004862; ', 'lpips_1=0.006984; ', 'codec_recon_1=0.152882; ', 'bpp_1=0.304615; ', 'mse_2=0.004738; ', 'lpips_2=0.006202; ', 'codec_recon_2=0.021850; ', 'bpp_2=0.296878; ']
train step[992/2000] ; used: 22m:44s; eta: 23m:5s; loss = 0.201673; ['mse_0=0.002597; ', 'lpips_0=0.005535; ', 'codec_recon_0=0.019792; ', 'bpp_0=1.249185; ', 'mse_1=0.002149; ', 'lpips_1=0.004225; ', 'codec_recon_1=0.142558; ', 'bpp_1=0.303447; ', 'mse_2=0.001939; ', 'lpips_2=0.003578; ', 'codec_recon_2=0.019298; ', 'bpp_2=0.294848; ']
train step[993/2000] ; used: 22m:46s; eta: 23m:3s; loss = 0.250293; ['mse_0=0.003130; ', 'lpips_0=0.007542; ', 'codec_recon_0=0.020413; ', 'bpp_0=1.251020; ', 'mse_1=0.002608; ', 'lpips_1=0.006285; ', 'codec_recon_1=0.178440; ', 'bpp_1=0.304678; ', 'mse_2=0.002307; ', 'lpips_2=0.005093; ', 'codec_recon_2=0.024473; ', 'bpp_2=0.297072; ']
train step[994/2000] ; used: 22m:47s; eta: 23m:2s; loss = 0.271361; ['mse_0=0.002422; ', 'lpips_0=0.007781; ', 'codec_recon_0=0.019452; ', 'bpp_0=1.256965; ', 'mse_1=0.002057; ', 'lpips_1=0.005995; ', 'codec_recon_1=0.197790; ', 'bpp_1=0.303671; ', 'mse_2=0.001837; ', 'lpips_2=0.005001; ', 'codec_recon_2=0.029024; ', 'bpp_2=0.297075; ']
train step[995/2000] ; used: 22m:48s; eta: 23m; loss = 0.150733; ['mse_0=0.001580; ', 'lpips_0=0.007778; ', 'codec_recon_0=0.016265; ', 'bpp_0=1.232276; ', 'mse_1=0.001311; ', 'lpips_1=0.007038; ', 'codec_recon_1=0.092869; ', 'bpp_1=0.304433; ', 'mse_2=0.001279; ', 'lpips_2=0.006714; ', 'codec_recon_2=0.015897; ', 'bpp_2=0.294722; ']
train step[996/2000] ; used: 22m:49s; eta: 22m:59s; loss = 0.158770; ['mse_0=0.001814; ', 'lpips_0=0.005902; ', 'codec_recon_0=0.016897; ', 'bpp_0=1.240065; ', 'mse_1=0.001528; ', 'lpips_1=0.004849; ', 'codec_recon_1=0.105740; ', 'bpp_1=0.303834; ', 'mse_2=0.001429; ', 'lpips_2=0.004208; ', 'codec_recon_2=0.016399; ', 'bpp_2=0.294640; ']
train step[997/2000] ; used: 22m:50s; eta: 22m:57s; loss = 0.197086; ['mse_0=0.004692; ', 'lpips_0=0.008532; ', 'codec_recon_0=0.018014; ', 'bpp_0=1.251867; ', 'mse_1=0.003599; ', 'lpips_1=0.006877; ', 'codec_recon_1=0.126541; ', 'bpp_1=0.304889; ', 'mse_2=0.003227; ', 'lpips_2=0.005773; ', 'codec_recon_2=0.019828; ', 'bpp_2=0.296703; ']
train step[998/2000] ; used: 22m:51s; eta: 22m:55s; loss = 0.272409; ['mse_0=0.001749; ', 'lpips_0=0.006921; ', 'codec_recon_0=0.021542; ', 'bpp_0=1.256717; ', 'mse_1=0.001290; ', 'lpips_1=0.004916; ', 'codec_recon_1=0.202523; ', 'bpp_1=0.304771; ', 'mse_2=0.000934; ', 'lpips_2=0.003239; ', 'codec_recon_2=0.029293; ', 'bpp_2=0.298238; ']
train step[999/2000] ; used: 22m:52s; eta: 22m:54s; loss = 0.259844; ['mse_0=0.002010; ', 'lpips_0=0.008625; ', 'codec_recon_0=0.020855; ', 'bpp_0=1.278655; ', 'mse_1=0.001400; ', 'lpips_1=0.005982; ', 'codec_recon_1=0.188510; ', 'bpp_1=0.307554; ', 'mse_2=0.001088; ', 'lpips_2=0.004256; ', 'codec_recon_2=0.027117; ', 'bpp_2=0.299945; ']
validation step on 1000 1/100; scene = ['5aca87f95a9412c6']; context = [[58, 133]]
validation step on 1000 2/100; scene = ['bc95e5c7e357f1b7']; context = [[35, 91]]
validation step on 1000 3/100; scene = ['34b0658a5c200cdf']; context = [[0, 70]]
validation step on 1000 4/100; scene = ['28e8300e004ab30b']; context = [[3, 68]]
validation step on 1000 5/100; scene = ['6558c5f10d45a929']; context = [[43, 160]]
validation step on 1000 6/100; scene = ['89ea49cd9865aeff']; context = [[31, 81]]
validation step on 1000 7/100; scene = ['ed477bdf8582adff']; context = [[40, 85]]
validation step on 1000 8/100; scene = ['57d3409bf04c4651']; context = [[0, 45]]
validation step on 1000 9/100; scene = ['aadc1e2dc74fd644']; context = [[2, 52]]
validation step on 1000 10/100; scene = ['cd74b1244d112628']; context = [[63, 110]]
validation step on 1000 11/100; scene = ['57d25dafabb5a238']; context = [[32, 104]]
validation step on 1000 12/100; scene = ['e4f4574df7938f37']; context = [[0, 115]]
validation step on 1000 13/100; scene = ['20d86cff490c0c42']; context = [[18, 69]]
validation step on 1000 14/100; scene = ['0c4c5d5f751aabf5']; context = [[12, 57]]
validation step on 1000 15/100; scene = ['fea544b472e9abd1']; context = [[12, 93]]
validation step on 1000 16/100; scene = ['656381bea665bf3d']; context = [[27, 75]]
validation step on 1000 17/100; scene = ['322261824c4a3003']; context = [[33, 78]]
validation step on 1000 18/100; scene = ['f7c0fa5b81552d35']; context = [[11, 64]]
validation step on 1000 19/100; scene = ['a56ba2efb5e3fdd9']; context = [[33, 92]]
validation step on 1000 20/100; scene = ['c48f19e2ffa52523']; context = [[195, 264]]
validation step on 1000 21/100; scene = ['1214f2a11a9fc1ed']; context = [[103, 215]]
validation step on 1000 22/100; scene = ['a9b3ff60b213e099']; context = [[32, 96]]
validation step on 1000 23/100; scene = ['a6fa92e8204f6118']; context = [[2, 66]]
validation step on 1000 24/100; scene = ['21e794f71e31becb']; context = [[72, 180]]
validation step on 1000 25/100; scene = ['f7d916b43193c181']; context = [[7, 61]]
validation step on 1000 26/100; scene = ['84ab392d682f296b']; context = [[43, 120]]
validation step on 1000 27/100; scene = ['6771a51bf0cfce7f']; context = [[152, 199]]
validation step on 1000 28/100; scene = ['17d9303ee77c3a3d']; context = [[17, 63]]
validation step on 1000 29/100; scene = ['ffa95c3b40609c76']; context = [[120, 213]]
validation step on 1000 30/100; scene = ['a47b88040452d7d9']; context = [[35, 97]]
validation step on 1000 31/100; scene = ['0d4de33c6888a754']; context = [[2, 57]]
validation step on 1000 32/100; scene = ['41bcd011f99bfb66']; context = [[4, 50]]
validation step on 1000 33/100; scene = ['67a69088a2695987']; context = [[6, 86]]
validation step on 1000 34/100; scene = ['b4099665590548fc']; context = [[23, 74]]
validation step on 1000 35/100; scene = ['9e2a8cc5f32dd46b']; context = [[75, 151]]
validation step on 1000 36/100; scene = ['2e109379f53bb221']; context = [[35, 108]]
validation step on 1000 37/100; scene = ['8adebbb68f2c3f84']; context = [[72, 131]]
validation step on 1000 38/100; scene = ['29e0bfbad00f0d5e']; context = [[8, 100]]
validation step on 1000 39/100; scene = ['debc3490ba0bd84b']; context = [[34, 81]]
validation step on 1000 40/100; scene = ['7c7bc5285126e6ad']; context = [[64, 126]]
validation step on 1000 41/100; scene = ['cdf439b17a6a98d4']; context = [[31, 77]]
validation step on 1000 42/100; scene = ['cb38d67088b66084']; context = [[49, 106]]
validation step on 1000 43/100; scene = ['2da2eeb966bc0ef8']; context = [[30, 94]]
validation step on 1000 44/100; scene = ['bb4d7012261ee0ed']; context = [[0, 46]]
validation step on 1000 45/100; scene = ['9e1f1beb4ba8e5da']; context = [[9, 73]]
validation step on 1000 46/100; scene = ['26b31d71789bffad']; context = [[3, 57]]
validation step on 1000 47/100; scene = ['41abd737e0228c1a']; context = [[81, 127]]
validation step on 1000 48/100; scene = ['ed0c2aca14b99efa']; context = [[62, 119]]
validation step on 1000 49/100; scene = ['8d5163de9ea4d851']; context = [[39, 85]]
validation step on 1000 50/100; scene = ['81be42df6ccae760']; context = [[13, 107]]
validation step on 1000 51/100; scene = ['6fe141ec9be1a432']; context = [[12, 73]]
validation step on 1000 52/100; scene = ['3b6d8db52c54b174']; context = [[0, 80]]
validation step on 1000 53/100; scene = ['3087828bc27bc4c7']; context = [[15, 96]]
validation step on 1000 54/100; scene = ['e124dfa7e996a414']; context = [[48, 93]]
validation step on 1000 55/100; scene = ['e1afd89a69ee6947']; context = [[34, 113]]
validation step on 1000 56/100; scene = ['79ce50fb7b021e1d']; context = [[212, 278]]
validation step on 1000 57/100; scene = ['358bdee988c269ef']; context = [[3, 95]]
validation step on 1000 58/100; scene = ['f14791aec34dbdcd']; context = [[5, 59]]
validation step on 1000 59/100; scene = ['0c52996355b23d76']; context = [[51, 111]]
validation step on 1000 60/100; scene = ['62bcb465bb03d34f']; context = [[6, 84]]
validation step on 1000 61/100; scene = ['1f0e06e4388dd600']; context = [[44, 96]]
validation step on 1000 62/100; scene = ['c9c30723d7c54793']; context = [[152, 247]]
validation step on 1000 63/100; scene = ['8b212f2755d955ec']; context = [[40, 110]]
validation step on 1000 64/100; scene = ['de67e3a0b0648cfe']; context = [[16, 72]]
validation step on 1000 65/100; scene = ['54841308aff91857']; context = [[27, 86]]
validation step on 1000 66/100; scene = ['40ca76de44a6e1a9']; context = [[43, 107]]
validation step on 1000 67/100; scene = ['bc143130c1842e4b']; context = [[29, 133]]
validation step on 1000 68/100; scene = ['912177dbf0a1ed6c']; context = [[3, 60]]
validation step on 1000 69/100; scene = ['afe4e799a94e06b3']; context = [[54, 150]]
validation step on 1000 70/100; scene = ['17f552ef56d85c55']; context = [[20, 86]]
validation step on 1000 71/100; scene = ['a7c691c210154b09']; context = [[0, 50]]
validation step on 1000 72/100; scene = ['9490f1219dbbb6ce']; context = [[17, 72]]
validation step on 1000 73/100; scene = ['154365ab5a4e067b']; context = [[2, 48]]
validation step on 1000 74/100; scene = ['ab4c269f8d523d02']; context = [[18, 72]]
validation step on 1000 75/100; scene = ['75d475e9558ab806']; context = [[1, 46]]
validation step on 1000 76/100; scene = ['fdaab1f49851782c']; context = [[31, 142]]
validation step on 1000 77/100; scene = ['2d4efa3897a4ba2d']; context = [[4, 58]]
validation step on 1000 78/100; scene = ['14f477e7d5af5b91']; context = [[17, 72]]
validation step on 1000 79/100; scene = ['de45926738229f67']; context = [[22, 84]]
validation step on 1000 80/100; scene = ['5c909c802eb6edb1']; context = [[13, 78]]
validation step on 1000 81/100; scene = ['aa91dfdd5f4ad32b']; context = [[8, 57]]
validation step on 1000 82/100; scene = ['88d9ba3324f2ec21']; context = [[2, 49]]
validation step on 1000 83/100; scene = ['622ef98e83ed5239']; context = [[3, 66]]
validation step on 1000 84/100; scene = ['30fc5fc78c5a716e']; context = [[151, 210]]
validation step on 1000 85/100; scene = ['8b760ac05c93a6bb']; context = [[26, 72]]
validation step on 1000 86/100; scene = ['800ea72b6988f63e']; context = [[141, 190]]
validation step on 1000 87/100; scene = ['674dabef8f53b566']; context = [[9, 91]]
validation step on 1000 88/100; scene = ['d3a01038c5f21473']; context = [[139, 273]]
validation step on 1000 89/100; scene = ['3e5f747d06bc84a3']; context = [[85, 190]]
validation step on 1000 90/100; scene = ['bb6fa5bdafc14e8c']; context = [[43, 139]]
validation step on 1000 91/100; scene = ['052430ff6e2c07c4']; context = [[19, 92]]
validation step on 1000 92/100; scene = ['0588138dfec165a1']; context = [[70, 160]]
validation step on 1000 93/100; scene = ['e4bcb18fa6aa91be']; context = [[32, 79]]
validation step on 1000 94/100; scene = ['4c4fa41951e37e78']; context = [[8, 60]]
validation step on 1000 95/100; scene = ['252a24d25a1ea81d']; context = [[198, 263]]
validation step on 1000 96/100; scene = ['214df1c2863d2959']; context = [[45, 96]]
validation step on 1000 97/100; scene = ['bfd27ad72975e120']; context = [[8, 55]]
validation step on 1000 98/100; scene = ['572acd18419c3456']; context = [[3, 62]]
validation step on 1000 99/100; scene = ['b26e6c80d283c4c8']; context = [[46, 92]]
validation step on 1000 100/100; scene = ['10c8e54590f715f7']; context = [[6, 76]]
train step[1000/2000] ; used: 23m:57s; eta: 23m:55s; loss = 0.184610; ['mse_0=0.003163; ', 'lpips_0=0.007109; ', 'codec_recon_0=0.018662; ', 'bpp_0=1.241902; ', 'mse_1=0.002757; ', 'lpips_1=0.005674; ', 'codec_recon_1=0.120981; ', 'bpp_1=0.304197; ', 'mse_2=0.002667; ', 'lpips_2=0.005106; ', 'codec_recon_2=0.018490; ', 'bpp_2=0.294777; ']
train step[1001/2000] ; used: 23m:58s; eta: 23m:54s; loss = 0.192649; ['mse_0=0.001798; ', 'lpips_0=0.006366; ', 'codec_recon_0=0.018292; ', 'bpp_0=1.243625; ', 'mse_1=0.001349; ', 'lpips_1=0.004762; ', 'codec_recon_1=0.131349; ', 'bpp_1=0.305317; ', 'mse_2=0.000959; ', 'lpips_2=0.003564; ', 'codec_recon_2=0.024208; ', 'bpp_2=0.297704; ']
train step[1002/2000] ; used: 23m:59s; eta: 23m:52s; loss = 0.153651; ['mse_0=0.001558; ', 'lpips_0=0.006750; ', 'codec_recon_0=0.015697; ', 'bpp_0=1.236243; ', 'mse_1=0.001341; ', 'lpips_1=0.005203; ', 'codec_recon_1=0.100275; ', 'bpp_1=0.304886; ', 'mse_2=0.001251; ', 'lpips_2=0.004536; ', 'codec_recon_2=0.017038; ', 'bpp_2=0.294773; ']
train step[1003/2000] ; used: 24m; eta: 23m:50s; loss = 0.168103; ['mse_0=0.001830; ', 'lpips_0=0.005513; ', 'codec_recon_0=0.016376; ', 'bpp_0=1.228839; ', 'mse_1=0.001447; ', 'lpips_1=0.004262; ', 'codec_recon_1=0.116496; ', 'bpp_1=0.303580; ', 'mse_2=0.001342; ', 'lpips_2=0.003812; ', 'codec_recon_2=0.017025; ', 'bpp_2=0.294742; ']
Skipped bad example 85286f80c1b89c7e. Context shape was torch.Size([2, 3, 338, 640]) and target shape was torch.Size([4, 3, 338, 640]).
train step[1004/2000] ; used: 24m:2s; eta: 23m:49s; loss = 0.146266; ['mse_0=0.000919; ', 'lpips_0=0.005652; ', 'codec_recon_0=0.015630; ', 'bpp_0=1.243279; ', 'mse_1=0.000774; ', 'lpips_1=0.004389; ', 'codec_recon_1=0.097759; ', 'bpp_1=0.302786; ', 'mse_2=0.000707; ', 'lpips_2=0.003784; ', 'codec_recon_2=0.016650; ', 'bpp_2=0.293366; ']
train step[1005/2000] ; used: 24m:3s; eta: 23m:48s; loss = 0.197060; ['mse_0=0.003903; ', 'lpips_0=0.008137; ', 'codec_recon_0=0.018619; ', 'bpp_0=1.255755; ', 'mse_1=0.003431; ', 'lpips_1=0.006925; ', 'codec_recon_1=0.126980; ', 'bpp_1=0.304913; ', 'mse_2=0.003385; ', 'lpips_2=0.006297; ', 'codec_recon_2=0.019381; ', 'bpp_2=0.297133; ']
train step[1006/2000] ; used: 24m:5s; eta: 23m:46s; loss = 0.142142; ['mse_0=0.002723; ', 'lpips_0=0.005955; ', 'codec_recon_0=0.013852; ', 'bpp_0=1.240786; ', 'mse_1=0.002321; ', 'lpips_1=0.004702; ', 'codec_recon_1=0.091573; ', 'bpp_1=0.303930; ', 'mse_2=0.002346; ', 'lpips_2=0.004167; ', 'codec_recon_2=0.014501; ', 'bpp_2=0.293477; ']
train step[1007/2000] ; used: 24m:6s; eta: 23m:44s; loss = 0.190010; ['mse_0=0.001427; ', 'lpips_0=0.004702; ', 'codec_recon_0=0.017613; ', 'bpp_0=1.251362; ', 'mse_1=0.001063; ', 'lpips_1=0.003340; ', 'codec_recon_1=0.136922; ', 'bpp_1=0.303228; ', 'mse_2=0.000907; ', 'lpips_2=0.002480; ', 'codec_recon_2=0.021555; ', 'bpp_2=0.294802; ']
train step[1008/2000] ; used: 24m:7s; eta: 23m:43s; loss = 0.179440; ['mse_0=0.003370; ', 'lpips_0=0.007163; ', 'codec_recon_0=0.017001; ', 'bpp_0=1.238623; ', 'mse_1=0.002806; ', 'lpips_1=0.006123; ', 'codec_recon_1=0.116817; ', 'bpp_1=0.303696; ', 'mse_2=0.002608; ', 'lpips_2=0.005338; ', 'codec_recon_2=0.018213; ', 'bpp_2=0.295195; ']
train step[1009/2000] ; used: 24m:8s; eta: 23m:41s; loss = 0.154838; ['mse_0=0.001378; ', 'lpips_0=0.005778; ', 'codec_recon_0=0.014446; ', 'bpp_0=1.225859; ', 'mse_1=0.000994; ', 'lpips_1=0.004316; ', 'codec_recon_1=0.108133; ', 'bpp_1=0.303426; ', 'mse_2=0.000833; ', 'lpips_2=0.003400; ', 'codec_recon_2=0.015559; ', 'bpp_2=0.294106; ']
train step[1010/2000] ; used: 24m:9s; eta: 23m:39s; loss = 0.145454; ['mse_0=0.002944; ', 'lpips_0=0.007220; ', 'codec_recon_0=0.015074; ', 'bpp_0=1.225598; ', 'mse_1=0.002537; ', 'lpips_1=0.005864; ', 'codec_recon_1=0.090430; ', 'bpp_1=0.302959; ', 'mse_2=0.002474; ', 'lpips_2=0.005251; ', 'codec_recon_2=0.013659; ', 'bpp_2=0.294113; ']
train step[1011/2000] ; used: 24m:10s; eta: 23m:37s; loss = 0.226928; ['mse_0=0.004277; ', 'lpips_0=0.008802; ', 'codec_recon_0=0.019343; ', 'bpp_0=1.269331; ', 'mse_1=0.003764; ', 'lpips_1=0.007551; ', 'codec_recon_1=0.151349; ', 'bpp_1=0.305750; ', 'mse_2=0.003487; ', 'lpips_2=0.006212; ', 'codec_recon_2=0.022142; ', 'bpp_2=0.297471; ']
train step[1012/2000] ; used: 24m:12s; eta: 23m:36s; loss = 0.154636; ['mse_0=0.001430; ', 'lpips_0=0.006122; ', 'codec_recon_0=0.015696; ', 'bpp_0=1.231367; ', 'mse_1=0.001108; ', 'lpips_1=0.004817; ', 'codec_recon_1=0.102307; ', 'bpp_1=0.304240; ', 'mse_2=0.000935; ', 'lpips_2=0.003937; ', 'codec_recon_2=0.018282; ', 'bpp_2=0.295360; ']
train step[1013/2000] ; used: 24m:13s; eta: 23m:34s; loss = 0.152174; ['mse_0=0.001671; ', 'lpips_0=0.006155; ', 'codec_recon_0=0.015323; ', 'bpp_0=1.229712; ', 'mse_1=0.001433; ', 'lpips_1=0.004970; ', 'codec_recon_1=0.100686; ', 'bpp_1=0.303289; ', 'mse_2=0.001381; ', 'lpips_2=0.004207; ', 'codec_recon_2=0.016345; ', 'bpp_2=0.293988; ']
train step[1014/2000] ; used: 24m:14s; eta: 23m:32s; loss = 0.198986; ['mse_0=0.000967; ', 'lpips_0=0.005419; ', 'codec_recon_0=0.019657; ', 'bpp_0=1.241263; ', 'mse_1=0.000717; ', 'lpips_1=0.004205; ', 'codec_recon_1=0.140860; ', 'bpp_1=0.305889; ', 'mse_2=0.000634; ', 'lpips_2=0.003655; ', 'codec_recon_2=0.022870; ', 'bpp_2=0.297651; ']
train step[1015/2000] ; used: 24m:15s; eta: 23m:31s; loss = 0.168744; ['mse_0=0.001860; ', 'lpips_0=0.006341; ', 'codec_recon_0=0.017034; ', 'bpp_0=1.250136; ', 'mse_1=0.001346; ', 'lpips_1=0.004828; ', 'codec_recon_1=0.115066; ', 'bpp_1=0.305048; ', 'mse_2=0.001144; ', 'lpips_2=0.003931; ', 'codec_recon_2=0.017193; ', 'bpp_2=0.295374; ']
train step[1016/2000] ; used: 24m:16s; eta: 23m:29s; loss = 0.178613; ['mse_0=0.002112; ', 'lpips_0=0.007590; ', 'codec_recon_0=0.020146; ', 'bpp_0=1.248913; ', 'mse_1=0.002025; ', 'lpips_1=0.006791; ', 'codec_recon_1=0.112841; ', 'bpp_1=0.303888; ', 'mse_2=0.002030; ', 'lpips_2=0.006433; ', 'codec_recon_2=0.018644; ', 'bpp_2=0.295257; ']
train step[1017/2000] ; used: 24m:18s; eta: 23m:27s; loss = 0.188420; ['mse_0=0.002590; ', 'lpips_0=0.006851; ', 'codec_recon_0=0.017969; ', 'bpp_0=1.250665; ', 'mse_1=0.002135; ', 'lpips_1=0.005446; ', 'codec_recon_1=0.126923; ', 'bpp_1=0.305604; ', 'mse_2=0.002043; ', 'lpips_2=0.004691; ', 'codec_recon_2=0.019769; ', 'bpp_2=0.297428; ']
train step[1018/2000] ; used: 24m:19s; eta: 23m:26s; loss = 0.193005; ['mse_0=0.001185; ', 'lpips_0=0.007140; ', 'codec_recon_0=0.016137; ', 'bpp_0=1.255484; ', 'mse_1=0.000881; ', 'lpips_1=0.005447; ', 'codec_recon_1=0.135566; ', 'bpp_1=0.304735; ', 'mse_2=0.000737; ', 'lpips_2=0.004379; ', 'codec_recon_2=0.021529; ', 'bpp_2=0.295540; ']
train step[1019/2000] ; used: 24m:20s; eta: 23m:24s; loss = 0.157823; ['mse_0=0.004246; ', 'lpips_0=0.007478; ', 'codec_recon_0=0.016297; ', 'bpp_0=1.226720; ', 'mse_1=0.004039; ', 'lpips_1=0.006367; ', 'codec_recon_1=0.093155; ', 'bpp_1=0.302380; ', 'mse_2=0.004052; ', 'lpips_2=0.005939; ', 'codec_recon_2=0.016249; ', 'bpp_2=0.294330; ']
train step[1020/2000] ; used: 24m:21s; eta: 23m:22s; loss = 0.151169; ['mse_0=0.000736; ', 'lpips_0=0.005995; ', 'codec_recon_0=0.014989; ', 'bpp_0=1.231575; ', 'mse_1=0.000542; ', 'lpips_1=0.004713; ', 'codec_recon_1=0.101748; ', 'bpp_1=0.301315; ', 'mse_2=0.000494; ', 'lpips_2=0.003980; ', 'codec_recon_2=0.017969; ', 'bpp_2=0.293265; ']
train step[1021/2000] ; used: 24m:22s; eta: 23m:21s; loss = 0.206931; ['mse_0=0.001100; ', 'lpips_0=0.005491; ', 'codec_recon_0=0.017947; ', 'bpp_0=1.250191; ', 'mse_1=0.000892; ', 'lpips_1=0.004234; ', 'codec_recon_1=0.150770; ', 'bpp_1=0.305276; ', 'mse_2=0.000682; ', 'lpips_2=0.003356; ', 'codec_recon_2=0.022457; ', 'bpp_2=0.297584; ']
train step[1022/2000] ; used: 24m:23s; eta: 23m:19s; loss = 0.151871; ['mse_0=0.001119; ', 'lpips_0=0.006093; ', 'codec_recon_0=0.016841; ', 'bpp_0=1.235386; ', 'mse_1=0.001020; ', 'lpips_1=0.005155; ', 'codec_recon_1=0.097283; ', 'bpp_1=0.302983; ', 'mse_2=0.000942; ', 'lpips_2=0.004683; ', 'codec_recon_2=0.018732; ', 'bpp_2=0.294616; ']
train step[1023/2000] ; used: 24m:25s; eta: 23m:17s; loss = 0.214487; ['mse_0=0.005706; ', 'lpips_0=0.009100; ', 'codec_recon_0=0.018109; ', 'bpp_0=1.253618; ', 'mse_1=0.005297; ', 'lpips_1=0.007938; ', 'codec_recon_1=0.135388; ', 'bpp_1=0.304526; ', 'mse_2=0.005201; ', 'lpips_2=0.007052; ', 'codec_recon_2=0.020693; ', 'bpp_2=0.296805; ']
train step[1024/2000] ; used: 24m:26s; eta: 23m:16s; loss = 0.195479; ['mse_0=0.001835; ', 'lpips_0=0.005870; ', 'codec_recon_0=0.017085; ', 'bpp_0=1.247397; ', 'mse_1=0.001562; ', 'lpips_1=0.004523; ', 'codec_recon_1=0.137496; ', 'bpp_1=0.303918; ', 'mse_2=0.001493; ', 'lpips_2=0.003755; ', 'codec_recon_2=0.021858; ', 'bpp_2=0.295732; ']
train step[1025/2000] ; used: 24m:27s; eta: 23m:14s; loss = 0.203393; ['mse_0=0.001848; ', 'lpips_0=0.006979; ', 'codec_recon_0=0.017311; ', 'bpp_0=1.256435; ', 'mse_1=0.001270; ', 'lpips_1=0.005725; ', 'codec_recon_1=0.142538; ', 'bpp_1=0.305832; ', 'mse_2=0.001045; ', 'lpips_2=0.004621; ', 'codec_recon_2=0.022053; ', 'bpp_2=0.297193; ']
train step[1026/2000] ; used: 24m:28s; eta: 23m:12s; loss = 0.213429; ['mse_0=0.004287; ', 'lpips_0=0.006624; ', 'codec_recon_0=0.018554; ', 'bpp_0=1.259736; ', 'mse_1=0.003511; ', 'lpips_1=0.005363; ', 'codec_recon_1=0.144367; ', 'bpp_1=0.305401; ', 'mse_2=0.003371; ', 'lpips_2=0.004683; ', 'codec_recon_2=0.022667; ', 'bpp_2=0.297384; ']
train step[1027/2000] ; used: 24m:29s; eta: 23m:11s; loss = 0.228384; ['mse_0=0.005200; ', 'lpips_0=0.009950; ', 'codec_recon_0=0.018910; ', 'bpp_0=1.255944; ', 'mse_1=0.004752; ', 'lpips_1=0.008547; ', 'codec_recon_1=0.147651; ', 'bpp_1=0.305043; ', 'mse_2=0.004403; ', 'lpips_2=0.007261; ', 'codec_recon_2=0.021708; ', 'bpp_2=0.298418; ']
train step[1028/2000] ; used: 24m:30s; eta: 23m:9s; loss = 0.197775; ['mse_0=0.004705; ', 'lpips_0=0.006966; ', 'codec_recon_0=0.019938; ', 'bpp_0=1.242889; ', 'mse_1=0.004426; ', 'lpips_1=0.006072; ', 'codec_recon_1=0.126350; ', 'bpp_1=0.303950; ', 'mse_2=0.004354; ', 'lpips_2=0.005496; ', 'codec_recon_2=0.019466; ', 'bpp_2=0.295059; ']
train step[1029/2000] ; used: 24m:32s; eta: 23m:7s; loss = 0.207069; ['mse_0=0.005029; ', 'lpips_0=0.009266; ', 'codec_recon_0=0.017505; ', 'bpp_0=1.241104; ', 'mse_1=0.005183; ', 'lpips_1=0.007806; ', 'codec_recon_1=0.129626; ', 'bpp_1=0.303694; ', 'mse_2=0.005729; ', 'lpips_2=0.007286; ', 'codec_recon_2=0.019637; ', 'bpp_2=0.296033; ']
train step[1030/2000] ; used: 24m:33s; eta: 23m:6s; loss = 0.171969; ['mse_0=0.002754; ', 'lpips_0=0.006509; ', 'codec_recon_0=0.016690; ', 'bpp_0=1.241998; ', 'mse_1=0.002222; ', 'lpips_1=0.005230; ', 'codec_recon_1=0.113947; ', 'bpp_1=0.305052; ', 'mse_2=0.001540; ', 'lpips_2=0.003994; ', 'codec_recon_2=0.019081; ', 'bpp_2=0.295984; ']
train step[1031/2000] ; used: 24m:34s; eta: 23m:4s; loss = 0.176474; ['mse_0=0.003491; ', 'lpips_0=0.008129; ', 'codec_recon_0=0.015699; ', 'bpp_0=1.231907; ', 'mse_1=0.003026; ', 'lpips_1=0.006319; ', 'codec_recon_1=0.113440; ', 'bpp_1=0.303764; ', 'mse_2=0.002915; ', 'lpips_2=0.005324; ', 'codec_recon_2=0.018130; ', 'bpp_2=0.294984; ']
train step[1032/2000] ; used: 24m:35s; eta: 23m:2s; loss = 0.162247; ['mse_0=0.001551; ', 'lpips_0=0.005558; ', 'codec_recon_0=0.016710; ', 'bpp_0=1.236059; ', 'mse_1=0.001155; ', 'lpips_1=0.004261; ', 'codec_recon_1=0.109885; ', 'bpp_1=0.303088; ', 'mse_2=0.001024; ', 'lpips_2=0.003581; ', 'codec_recon_2=0.018520; ', 'bpp_2=0.294355; ']
train step[1033/2000] ; used: 24m:36s; eta: 23m; loss = 0.175334; ['mse_0=0.005043; ', 'lpips_0=0.008236; ', 'codec_recon_0=0.015877; ', 'bpp_0=1.225258; ', 'mse_1=0.004533; ', 'lpips_1=0.007147; ', 'codec_recon_1=0.105944; ', 'bpp_1=0.303869; ', 'mse_2=0.004368; ', 'lpips_2=0.006526; ', 'codec_recon_2=0.017659; ', 'bpp_2=0.295271; ']
train step[1034/2000] ; used: 24m:37s; eta: 22m:59s; loss = 0.124271; ['mse_0=0.000839; ', 'lpips_0=0.005663; ', 'codec_recon_0=0.013856; ', 'bpp_0=1.218789; ', 'mse_1=0.000603; ', 'lpips_1=0.004375; ', 'codec_recon_1=0.079858; ', 'bpp_1=0.303213; ', 'mse_2=0.000501; ', 'lpips_2=0.003775; ', 'codec_recon_2=0.014800; ', 'bpp_2=0.292197; ']
train step[1035/2000] ; used: 24m:39s; eta: 22m:57s; loss = 0.162725; ['mse_0=0.000887; ', 'lpips_0=0.005316; ', 'codec_recon_0=0.015756; ', 'bpp_0=1.242962; ', 'mse_1=0.000585; ', 'lpips_1=0.003854; ', 'codec_recon_1=0.111597; ', 'bpp_1=0.303745; ', 'mse_2=0.000460; ', 'lpips_2=0.003189; ', 'codec_recon_2=0.021079; ', 'bpp_2=0.294700; ']
train step[1036/2000] ; used: 24m:40s; eta: 22m:56s; loss = 0.144905; ['mse_0=0.002226; ', 'lpips_0=0.006130; ', 'codec_recon_0=0.014787; ', 'bpp_0=1.239446; ', 'mse_1=0.001911; ', 'lpips_1=0.005203; ', 'codec_recon_1=0.093342; ', 'bpp_1=0.304288; ', 'mse_2=0.001838; ', 'lpips_2=0.004811; ', 'codec_recon_2=0.014655; ', 'bpp_2=0.294533; ']
train step[1037/2000] ; used: 24m:41s; eta: 22m:54s; loss = 0.167300; ['mse_0=0.001185; ', 'lpips_0=0.005568; ', 'codec_recon_0=0.017289; ', 'bpp_0=1.244923; ', 'mse_1=0.000878; ', 'lpips_1=0.004072; ', 'codec_recon_1=0.114049; ', 'bpp_1=0.303480; ', 'mse_2=0.000763; ', 'lpips_2=0.003344; ', 'codec_recon_2=0.020151; ', 'bpp_2=0.294413; ']
train step[1038/2000] ; used: 24m:42s; eta: 22m:52s; loss = 0.128753; ['mse_0=0.002287; ', 'lpips_0=0.005536; ', 'codec_recon_0=0.012889; ', 'bpp_0=1.210543; ', 'mse_1=0.001810; ', 'lpips_1=0.004378; ', 'codec_recon_1=0.084116; ', 'bpp_1=0.301960; ', 'mse_2=0.001668; ', 'lpips_2=0.003844; ', 'codec_recon_2=0.012223; ', 'bpp_2=0.290732; ']
train step[1039/2000] ; used: 24m:43s; eta: 22m:51s; loss = 0.193173; ['mse_0=0.001769; ', 'lpips_0=0.007371; ', 'codec_recon_0=0.019208; ', 'bpp_0=1.246076; ', 'mse_1=0.001555; ', 'lpips_1=0.005889; ', 'codec_recon_1=0.128559; ', 'bpp_1=0.304471; ', 'mse_2=0.001481; ', 'lpips_2=0.005011; ', 'codec_recon_2=0.022328; ', 'bpp_2=0.296621; ']
train step[1040/2000] ; used: 24m:45s; eta: 22m:49s; loss = 0.181771; ['mse_0=0.002010; ', 'lpips_0=0.006034; ', 'codec_recon_0=0.018343; ', 'bpp_0=1.240214; ', 'mse_1=0.001697; ', 'lpips_1=0.004860; ', 'codec_recon_1=0.122361; ', 'bpp_1=0.302847; ', 'mse_2=0.001619; ', 'lpips_2=0.004239; ', 'codec_recon_2=0.020607; ', 'bpp_2=0.295681; ']
train step[1041/2000] ; used: 24m:46s; eta: 22m:47s; loss = 0.192093; ['mse_0=0.002635; ', 'lpips_0=0.006669; ', 'codec_recon_0=0.016770; ', 'bpp_0=1.258883; ', 'mse_1=0.002034; ', 'lpips_1=0.005259; ', 'codec_recon_1=0.132184; ', 'bpp_1=0.305947; ', 'mse_2=0.001556; ', 'lpips_2=0.003970; ', 'codec_recon_2=0.021013; ', 'bpp_2=0.297323; ']
train step[1042/2000] ; used: 24m:47s; eta: 22m:46s; loss = 0.191578; ['mse_0=0.004972; ', 'lpips_0=0.008073; ', 'codec_recon_0=0.019569; ', 'bpp_0=1.248757; ', 'mse_1=0.004383; ', 'lpips_1=0.006769; ', 'codec_recon_1=0.117567; ', 'bpp_1=0.305107; ', 'mse_2=0.004272; ', 'lpips_2=0.006040; ', 'codec_recon_2=0.019931; ', 'bpp_2=0.297332; ']
train step[1043/2000] ; used: 24m:48s; eta: 22m:44s; loss = 0.183026; ['mse_0=0.001436; ', 'lpips_0=0.005292; ', 'codec_recon_0=0.016427; ', 'bpp_0=1.247832; ', 'mse_1=0.001002; ', 'lpips_1=0.003821; ', 'codec_recon_1=0.129613; ', 'bpp_1=0.303927; ', 'mse_2=0.000726; ', 'lpips_2=0.002675; ', 'codec_recon_2=0.022034; ', 'bpp_2=0.296305; ']
train step[1044/2000] ; used: 24m:49s; eta: 22m:42s; loss = 0.189074; ['mse_0=0.002095; ', 'lpips_0=0.005518; ', 'codec_recon_0=0.018396; ', 'bpp_0=1.242682; ', 'mse_1=0.001640; ', 'lpips_1=0.004230; ', 'codec_recon_1=0.131265; ', 'bpp_1=0.303709; ', 'mse_2=0.001459; ', 'lpips_2=0.003456; ', 'codec_recon_2=0.021013; ', 'bpp_2=0.297479; ']
train step[1045/2000] ; used: 24m:50s; eta: 22m:41s; loss = 0.192473; ['mse_0=0.005625; ', 'lpips_0=0.006607; ', 'codec_recon_0=0.016407; ', 'bpp_0=1.234435; ', 'mse_1=0.005131; ', 'lpips_1=0.005312; ', 'codec_recon_1=0.124048; ', 'bpp_1=0.303853; ', 'mse_2=0.004938; ', 'lpips_2=0.004347; ', 'codec_recon_2=0.020055; ', 'bpp_2=0.296623; ']
train step[1046/2000] ; used: 24m:52s; eta: 22m:39s; loss = 0.200103; ['mse_0=0.001629; ', 'lpips_0=0.005984; ', 'codec_recon_0=0.018119; ', 'bpp_0=1.233349; ', 'mse_1=0.001265; ', 'lpips_1=0.004600; ', 'codec_recon_1=0.140550; ', 'bpp_1=0.303920; ', 'mse_2=0.001142; ', 'lpips_2=0.003998; ', 'codec_recon_2=0.022814; ', 'bpp_2=0.297637; ']
train step[1047/2000] ; used: 24m:53s; eta: 22m:37s; loss = 0.190947; ['mse_0=0.003554; ', 'lpips_0=0.006135; ', 'codec_recon_0=0.017811; ', 'bpp_0=1.241242; ', 'mse_1=0.002702; ', 'lpips_1=0.004957; ', 'codec_recon_1=0.128071; ', 'bpp_1=0.303398; ', 'mse_2=0.002277; ', 'lpips_2=0.004071; ', 'codec_recon_2=0.021367; ', 'bpp_2=0.296655; ']
train step[1048/2000] ; used: 24m:54s; eta: 22m:36s; loss = 0.153972; ['mse_0=0.000865; ', 'lpips_0=0.005268; ', 'codec_recon_0=0.013388; ', 'bpp_0=1.230683; ', 'mse_1=0.000544; ', 'lpips_1=0.003702; ', 'codec_recon_1=0.107956; ', 'bpp_1=0.302940; ', 'mse_2=0.000361; ', 'lpips_2=0.002745; ', 'codec_recon_2=0.019140; ', 'bpp_2=0.294091; ']
train step[1049/2000] ; used: 24m:55s; eta: 22m:34s; loss = 0.175991; ['mse_0=0.003054; ', 'lpips_0=0.006942; ', 'codec_recon_0=0.015384; ', 'bpp_0=1.236094; ', 'mse_1=0.002525; ', 'lpips_1=0.005547; ', 'codec_recon_1=0.116273; ', 'bpp_1=0.304316; ', 'mse_2=0.002217; ', 'lpips_2=0.004742; ', 'codec_recon_2=0.019305; ', 'bpp_2=0.295999; ']
train step[1050/2000] ; used: 24m:56s; eta: 22m:32s; loss = 0.182104; ['mse_0=0.004786; ', 'lpips_0=0.008226; ', 'codec_recon_0=0.015761; ', 'bpp_0=1.238337; ', 'mse_1=0.004393; ', 'lpips_1=0.007003; ', 'codec_recon_1=0.112795; ', 'bpp_1=0.304328; ', 'mse_2=0.004231; ', 'lpips_2=0.006438; ', 'codec_recon_2=0.018468; ', 'bpp_2=0.296423; ']
train step[1051/2000] ; used: 24m:57s; eta: 22m:31s; loss = 0.158649; ['mse_0=0.003700; ', 'lpips_0=0.008040; ', 'codec_recon_0=0.014263; ', 'bpp_0=1.223611; ', 'mse_1=0.003263; ', 'lpips_1=0.007077; ', 'codec_recon_1=0.095822; ', 'bpp_1=0.303900; ', 'mse_2=0.003137; ', 'lpips_2=0.006501; ', 'codec_recon_2=0.016842; ', 'bpp_2=0.294159; ']
train step[1052/2000] ; used: 24m:59s; eta: 22m:29s; loss = 0.188745; ['mse_0=0.000815; ', 'lpips_0=0.004897; ', 'codec_recon_0=0.016022; ', 'bpp_0=1.225331; ', 'mse_1=0.000497; ', 'lpips_1=0.003286; ', 'codec_recon_1=0.136559; ', 'bpp_1=0.301520; ', 'mse_2=0.000407; ', 'lpips_2=0.002702; ', 'codec_recon_2=0.023558; ', 'bpp_2=0.294348; ']
train step[1053/2000] ; used: 25m; eta: 22m:27s; loss = 0.145084; ['mse_0=0.001269; ', 'lpips_0=0.005939; ', 'codec_recon_0=0.013995; ', 'bpp_0=1.223119; ', 'mse_1=0.000934; ', 'lpips_1=0.004812; ', 'codec_recon_1=0.097654; ', 'bpp_1=0.303269; ', 'mse_2=0.000752; ', 'lpips_2=0.004235; ', 'codec_recon_2=0.015493; ', 'bpp_2=0.293824; ']
train step[1054/2000] ; used: 25m:1s; eta: 22m:26s; loss = 0.161479; ['mse_0=0.003290; ', 'lpips_0=0.007629; ', 'codec_recon_0=0.015873; ', 'bpp_0=1.239396; ', 'mse_1=0.002775; ', 'lpips_1=0.006550; ', 'codec_recon_1=0.099744; ', 'bpp_1=0.305100; ', 'mse_2=0.002556; ', 'lpips_2=0.005914; ', 'codec_recon_2=0.017147; ', 'bpp_2=0.296252; ']
train step[1055/2000] ; used: 25m:2s; eta: 22m:24s; loss = 0.188044; ['mse_0=0.003698; ', 'lpips_0=0.006708; ', 'codec_recon_0=0.015616; ', 'bpp_0=1.232598; ', 'mse_1=0.003219; ', 'lpips_1=0.005655; ', 'codec_recon_1=0.125575; ', 'bpp_1=0.304140; ', 'mse_2=0.003093; ', 'lpips_2=0.004694; ', 'codec_recon_2=0.019785; ', 'bpp_2=0.296245; ']
train step[1056/2000] ; used: 25m:3s; eta: 22m:22s; loss = 0.233334; ['mse_0=0.004207; ', 'lpips_0=0.008070; ', 'codec_recon_0=0.018903; ', 'bpp_0=1.264861; ', 'mse_1=0.003642; ', 'lpips_1=0.006418; ', 'codec_recon_1=0.158018; ', 'bpp_1=0.306960; ', 'mse_2=0.003168; ', 'lpips_2=0.005046; ', 'codec_recon_2=0.025860; ', 'bpp_2=0.299254; ']
train step[1057/2000] ; used: 25m:4s; eta: 22m:21s; loss = 0.156871; ['mse_0=0.001957; ', 'lpips_0=0.005300; ', 'codec_recon_0=0.014893; ', 'bpp_0=1.237828; ', 'mse_1=0.001581; ', 'lpips_1=0.004185; ', 'codec_recon_1=0.106022; ', 'bpp_1=0.304629; ', 'mse_2=0.001526; ', 'lpips_2=0.003713; ', 'codec_recon_2=0.017691; ', 'bpp_2=0.296544; ']
train step[1058/2000] ; used: 25m:5s; eta: 22m:19s; loss = 0.150947; ['mse_0=0.000769; ', 'lpips_0=0.005968; ', 'codec_recon_0=0.014239; ', 'bpp_0=1.228051; ', 'mse_1=0.000612; ', 'lpips_1=0.004519; ', 'codec_recon_1=0.101198; ', 'bpp_1=0.302187; ', 'mse_2=0.000568; ', 'lpips_2=0.003975; ', 'codec_recon_2=0.019097; ', 'bpp_2=0.293529; ']
train step[1059/2000] ; used: 25m:6s; eta: 22m:17s; loss = 0.146773; ['mse_0=0.000538; ', 'lpips_0=0.003961; ', 'codec_recon_0=0.012329; ', 'bpp_0=1.225237; ', 'mse_1=0.000363; ', 'lpips_1=0.002820; ', 'codec_recon_1=0.107083; ', 'bpp_1=0.302981; ', 'mse_2=0.000272; ', 'lpips_2=0.002205; ', 'codec_recon_2=0.017200; ', 'bpp_2=0.293467; ']
train step[1060/2000] ; used: 25m:7s; eta: 22m:16s; loss = 0.159840; ['mse_0=0.001346; ', 'lpips_0=0.006287; ', 'codec_recon_0=0.015373; ', 'bpp_0=1.222581; ', 'mse_1=0.001100; ', 'lpips_1=0.004882; ', 'codec_recon_1=0.104582; ', 'bpp_1=0.301891; ', 'mse_2=0.000957; ', 'lpips_2=0.004068; ', 'codec_recon_2=0.021243; ', 'bpp_2=0.292521; ']
train step[1061/2000] ; used: 25m:9s; eta: 22m:14s; loss = 0.164655; ['mse_0=0.005658; ', 'lpips_0=0.008362; ', 'codec_recon_0=0.014669; ', 'bpp_0=1.221073; ', 'mse_1=0.005416; ', 'lpips_1=0.007172; ', 'codec_recon_1=0.094363; ', 'bpp_1=0.303747; ', 'mse_2=0.005310; ', 'lpips_2=0.006516; ', 'codec_recon_2=0.017187; ', 'bpp_2=0.294362; ']
train step[1062/2000] ; used: 25m:10s; eta: 22m:12s; loss = 0.142571; ['mse_0=0.001050; ', 'lpips_0=0.005217; ', 'codec_recon_0=0.014233; ', 'bpp_0=1.240171; ', 'mse_1=0.000652; ', 'lpips_1=0.003779; ', 'codec_recon_1=0.097155; ', 'bpp_1=0.303891; ', 'mse_2=0.000408; ', 'lpips_2=0.003098; ', 'codec_recon_2=0.016977; ', 'bpp_2=0.295812; ']
train step[1063/2000] ; used: 25m:11s; eta: 22m:11s; loss = 0.147907; ['mse_0=0.000966; ', 'lpips_0=0.005562; ', 'codec_recon_0=0.015751; ', 'bpp_0=1.223059; ', 'mse_1=0.000760; ', 'lpips_1=0.004404; ', 'codec_recon_1=0.098396; ', 'bpp_1=0.300867; ', 'mse_2=0.000675; ', 'lpips_2=0.003896; ', 'codec_recon_2=0.017494; ', 'bpp_2=0.291658; ']
train step[1064/2000] ; used: 25m:12s; eta: 22m:9s; loss = 0.192194; ['mse_0=0.002358; ', 'lpips_0=0.007824; ', 'codec_recon_0=0.016224; ', 'bpp_0=1.239250; ', 'mse_1=0.001941; ', 'lpips_1=0.006290; ', 'codec_recon_1=0.128338; ', 'bpp_1=0.302897; ', 'mse_2=0.001902; ', 'lpips_2=0.005360; ', 'codec_recon_2=0.021954; ', 'bpp_2=0.295903; ']
train step[1065/2000] ; used: 25m:13s; eta: 22m:7s; loss = 0.175944; ['mse_0=0.003346; ', 'lpips_0=0.006353; ', 'codec_recon_0=0.015923; ', 'bpp_0=1.239885; ', 'mse_1=0.002739; ', 'lpips_1=0.005068; ', 'codec_recon_1=0.117223; ', 'bpp_1=0.304433; ', 'mse_2=0.002508; ', 'lpips_2=0.004386; ', 'codec_recon_2=0.018397; ', 'bpp_2=0.296464; ']
train step[1066/2000] ; used: 25m:14s; eta: 22m:6s; loss = 0.146032; ['mse_0=0.000583; ', 'lpips_0=0.004282; ', 'codec_recon_0=0.013775; ', 'bpp_0=1.238235; ', 'mse_1=0.000360; ', 'lpips_1=0.002958; ', 'codec_recon_1=0.103161; ', 'bpp_1=0.301753; ', 'mse_2=0.000298; ', 'lpips_2=0.002343; ', 'codec_recon_2=0.018269; ', 'bpp_2=0.294665; ']
train step[1067/2000] ; used: 25m:16s; eta: 22m:4s; loss = 0.143610; ['mse_0=0.002592; ', 'lpips_0=0.007257; ', 'codec_recon_0=0.014526; ', 'bpp_0=1.249193; ', 'mse_1=0.002205; ', 'lpips_1=0.005568; ', 'codec_recon_1=0.087137; ', 'bpp_1=0.301927; ', 'mse_2=0.001938; ', 'lpips_2=0.004081; ', 'codec_recon_2=0.018304; ', 'bpp_2=0.293210; ']
train step[1068/2000] ; used: 25m:17s; eta: 22m:2s; loss = 0.189263; ['mse_0=0.005406; ', 'lpips_0=0.009098; ', 'codec_recon_0=0.016891; ', 'bpp_0=1.248163; ', 'mse_1=0.005170; ', 'lpips_1=0.007731; ', 'codec_recon_1=0.113972; ', 'bpp_1=0.305218; ', 'mse_2=0.004962; ', 'lpips_2=0.006804; ', 'codec_recon_2=0.019226; ', 'bpp_2=0.296326; ']
train step[1069/2000] ; used: 25m:18s; eta: 22m:1s; loss = 0.184436; ['mse_0=0.004191; ', 'lpips_0=0.007244; ', 'codec_recon_0=0.015895; ', 'bpp_0=1.251101; ', 'mse_1=0.003527; ', 'lpips_1=0.005944; ', 'codec_recon_1=0.121029; ', 'bpp_1=0.306595; ', 'mse_2=0.003195; ', 'lpips_2=0.005192; ', 'codec_recon_2=0.018218; ', 'bpp_2=0.297898; ']
train step[1070/2000] ; used: 25m:19s; eta: 21m:59s; loss = 0.150836; ['mse_0=0.002451; ', 'lpips_0=0.006716; ', 'codec_recon_0=0.013628; ', 'bpp_0=1.225529; ', 'mse_1=0.002169; ', 'lpips_1=0.005638; ', 'codec_recon_1=0.096825; ', 'bpp_1=0.302707; ', 'mse_2=0.002090; ', 'lpips_2=0.005158; ', 'codec_recon_2=0.016159; ', 'bpp_2=0.293683; ']
train step[1071/2000] ; used: 25m:20s; eta: 21m:57s; loss = 0.158682; ['mse_0=0.001590; ', 'lpips_0=0.007712; ', 'codec_recon_0=0.015735; ', 'bpp_0=1.233626; ', 'mse_1=0.001359; ', 'lpips_1=0.005791; ', 'codec_recon_1=0.100322; ', 'bpp_1=0.302849; ', 'mse_2=0.001300; ', 'lpips_2=0.004885; ', 'codec_recon_2=0.019986; ', 'bpp_2=0.294204; ']
train step[1072/2000] ; used: 25m:21s; eta: 21m:56s; loss = 0.168659; ['mse_0=0.001426; ', 'lpips_0=0.005556; ', 'codec_recon_0=0.016163; ', 'bpp_0=1.241660; ', 'mse_1=0.001043; ', 'lpips_1=0.004205; ', 'codec_recon_1=0.117655; ', 'bpp_1=0.305178; ', 'mse_2=0.000791; ', 'lpips_2=0.003098; ', 'codec_recon_2=0.018722; ', 'bpp_2=0.296820; ']
train step[1073/2000] ; used: 25m:22s; eta: 21m:54s; loss = 0.192445; ['mse_0=0.001185; ', 'lpips_0=0.007991; ', 'codec_recon_0=0.019276; ', 'bpp_0=1.257470; ', 'mse_1=0.000824; ', 'lpips_1=0.005813; ', 'codec_recon_1=0.130752; ', 'bpp_1=0.304774; ', 'mse_2=0.000609; ', 'lpips_2=0.004565; ', 'codec_recon_2=0.021428; ', 'bpp_2=0.296647; ']
train step[1074/2000] ; used: 25m:23s; eta: 21m:52s; loss = 0.126036; ['mse_0=0.001521; ', 'lpips_0=0.007177; ', 'codec_recon_0=0.013901; ', 'bpp_0=1.217570; ', 'mse_1=0.001289; ', 'lpips_1=0.006183; ', 'codec_recon_1=0.075355; ', 'bpp_1=0.302802; ', 'mse_2=0.001263; ', 'lpips_2=0.005557; ', 'codec_recon_2=0.013789; ', 'bpp_2=0.294214; ']
train step[1075/2000] ; used: 25m:25s; eta: 21m:51s; loss = 0.130209; ['mse_0=0.001240; ', 'lpips_0=0.006854; ', 'codec_recon_0=0.014168; ', 'bpp_0=1.226735; ', 'mse_1=0.001056; ', 'lpips_1=0.005770; ', 'codec_recon_1=0.078300; ', 'bpp_1=0.304628; ', 'mse_2=0.001015; ', 'lpips_2=0.005327; ', 'codec_recon_2=0.016477; ', 'bpp_2=0.295241; ']
train step[1076/2000] ; used: 25m:26s; eta: 21m:49s; loss = 0.180370; ['mse_0=0.006904; ', 'lpips_0=0.009881; ', 'codec_recon_0=0.016828; ', 'bpp_0=1.250601; ', 'mse_1=0.006304; ', 'lpips_1=0.008527; ', 'codec_recon_1=0.100014; ', 'bpp_1=0.305066; ', 'mse_2=0.006141; ', 'lpips_2=0.007470; ', 'codec_recon_2=0.018299; ', 'bpp_2=0.296125; ']
train step[1077/2000] ; used: 25m:28s; eta: 21m:48s; loss = 0.201926; ['mse_0=0.002031; ', 'lpips_0=0.006432; ', 'codec_recon_0=0.016332; ', 'bpp_0=1.234858; ', 'mse_1=0.001454; ', 'lpips_1=0.004927; ', 'codec_recon_1=0.140922; ', 'bpp_1=0.303009; ', 'mse_2=0.001069; ', 'lpips_2=0.003696; ', 'codec_recon_2=0.025060; ', 'bpp_2=0.294605; ']
train step[1078/2000] ; used: 25m:29s; eta: 21m:46s; loss = 0.154990; ['mse_0=0.001653; ', 'lpips_0=0.005537; ', 'codec_recon_0=0.016183; ', 'bpp_0=1.241747; ', 'mse_1=0.001258; ', 'lpips_1=0.004345; ', 'codec_recon_1=0.103985; ', 'bpp_1=0.303181; ', 'mse_2=0.001162; ', 'lpips_2=0.003725; ', 'codec_recon_2=0.017140; ', 'bpp_2=0.294222; ']
train step[1079/2000] ; used: 25m:30s; eta: 21m:45s; loss = 0.165075; ['mse_0=0.002624; ', 'lpips_0=0.006765; ', 'codec_recon_0=0.016124; ', 'bpp_0=1.242268; ', 'mse_1=0.002186; ', 'lpips_1=0.005675; ', 'codec_recon_1=0.106454; ', 'bpp_1=0.304591; ', 'mse_2=0.002054; ', 'lpips_2=0.005102; ', 'codec_recon_2=0.018088; ', 'bpp_2=0.295636; ']
train step[1080/2000] ; used: 25m:31s; eta: 21m:43s; loss = 0.206471; ['mse_0=0.004752; ', 'lpips_0=0.009617; ', 'codec_recon_0=0.017211; ', 'bpp_0=1.240681; ', 'mse_1=0.004191; ', 'lpips_1=0.008360; ', 'codec_recon_1=0.127414; ', 'bpp_1=0.304252; ', 'mse_2=0.003562; ', 'lpips_2=0.007171; ', 'codec_recon_2=0.024189; ', 'bpp_2=0.296721; ']
train step[1081/2000] ; used: 25m:32s; eta: 21m:41s; loss = 0.168004; ['mse_0=0.002330; ', 'lpips_0=0.007967; ', 'codec_recon_0=0.015284; ', 'bpp_0=1.241643; ', 'mse_1=0.001668; ', 'lpips_1=0.006393; ', 'codec_recon_1=0.106887; ', 'bpp_1=0.303780; ', 'mse_2=0.001215; ', 'lpips_2=0.005077; ', 'codec_recon_2=0.021183; ', 'bpp_2=0.295647; ']
train step[1082/2000] ; used: 25m:33s; eta: 21m:40s; loss = 0.135633; ['mse_0=0.000823; ', 'lpips_0=0.005767; ', 'codec_recon_0=0.014474; ', 'bpp_0=1.232127; ', 'mse_1=0.000528; ', 'lpips_1=0.003935; ', 'codec_recon_1=0.089090; ', 'bpp_1=0.303004; ', 'mse_2=0.000461; ', 'lpips_2=0.003311; ', 'codec_recon_2=0.017243; ', 'bpp_2=0.295134; ']
train step[1083/2000] ; used: 25m:34s; eta: 21m:38s; loss = 0.163489; ['mse_0=0.006925; ', 'lpips_0=0.008407; ', 'codec_recon_0=0.015219; ', 'bpp_0=1.229525; ', 'mse_1=0.005517; ', 'lpips_1=0.007526; ', 'codec_recon_1=0.090412; ', 'bpp_1=0.304442; ', 'mse_2=0.005497; ', 'lpips_2=0.007045; ', 'codec_recon_2=0.016939; ', 'bpp_2=0.295278; ']
train step[1084/2000] ; used: 25m:36s; eta: 21m:36s; loss = 0.188792; ['mse_0=0.002592; ', 'lpips_0=0.006624; ', 'codec_recon_0=0.017232; ', 'bpp_0=1.247472; ', 'mse_1=0.002014; ', 'lpips_1=0.005269; ', 'codec_recon_1=0.127480; ', 'bpp_1=0.304884; ', 'mse_2=0.001494; ', 'lpips_2=0.004069; ', 'codec_recon_2=0.022016; ', 'bpp_2=0.297537; ']
train step[1085/2000] ; used: 25m:37s; eta: 21m:35s; loss = 0.148893; ['mse_0=0.001015; ', 'lpips_0=0.005375; ', 'codec_recon_0=0.014819; ', 'bpp_0=1.234936; ', 'mse_1=0.000797; ', 'lpips_1=0.004257; ', 'codec_recon_1=0.098339; ', 'bpp_1=0.303610; ', 'mse_2=0.000712; ', 'lpips_2=0.003651; ', 'codec_recon_2=0.019926; ', 'bpp_2=0.295869; ']
train step[1086/2000] ; used: 25m:38s; eta: 21m:33s; loss = 0.126690; ['mse_0=0.001300; ', 'lpips_0=0.006532; ', 'codec_recon_0=0.013177; ', 'bpp_0=1.235042; ', 'mse_1=0.001189; ', 'lpips_1=0.005975; ', 'codec_recon_1=0.076524; ', 'bpp_1=0.304350; ', 'mse_2=0.001108; ', 'lpips_2=0.005610; ', 'codec_recon_2=0.015274; ', 'bpp_2=0.294910; ']
train step[1087/2000] ; used: 25m:39s; eta: 21m:31s; loss = 0.181949; ['mse_0=0.001832; ', 'lpips_0=0.005432; ', 'codec_recon_0=0.015128; ', 'bpp_0=1.240841; ', 'mse_1=0.001300; ', 'lpips_1=0.003872; ', 'codec_recon_1=0.129944; ', 'bpp_1=0.303427; ', 'mse_2=0.000719; ', 'lpips_2=0.002615; ', 'codec_recon_2=0.021106; ', 'bpp_2=0.294853; ']
train step[1088/2000] ; used: 25m:40s; eta: 21m:30s; loss = 0.232123; ['mse_0=0.003043; ', 'lpips_0=0.006971; ', 'codec_recon_0=0.018228; ', 'bpp_0=1.259103; ', 'mse_1=0.002282; ', 'lpips_1=0.005227; ', 'codec_recon_1=0.164733; ', 'bpp_1=0.305863; ', 'mse_2=0.001594; ', 'lpips_2=0.003483; ', 'codec_recon_2=0.026559; ', 'bpp_2=0.299792; ']
train step[1089/2000] ; used: 25m:41s; eta: 21m:28s; loss = 0.117818; ['mse_0=0.000793; ', 'lpips_0=0.005803; ', 'codec_recon_0=0.013103; ', 'bpp_0=1.226581; ', 'mse_1=0.000503; ', 'lpips_1=0.004844; ', 'codec_recon_1=0.071147; ', 'bpp_1=0.302202; ', 'mse_2=0.000431; ', 'lpips_2=0.004246; ', 'codec_recon_2=0.016945; ', 'bpp_2=0.291560; ']
train step[1090/2000] ; used: 25m:43s; eta: 21m:27s; loss = 0.138155; ['mse_0=0.002449; ', 'lpips_0=0.006850; ', 'codec_recon_0=0.014071; ', 'bpp_0=1.226749; ', 'mse_1=0.002119; ', 'lpips_1=0.005575; ', 'codec_recon_1=0.084502; ', 'bpp_1=0.302392; ', 'mse_2=0.002140; ', 'lpips_2=0.005090; ', 'codec_recon_2=0.015356; ', 'bpp_2=0.294375; ']
train step[1091/2000] ; used: 25m:44s; eta: 21m:25s; loss = 0.227802; ['mse_0=0.004984; ', 'lpips_0=0.008462; ', 'codec_recon_0=0.015641; ', 'bpp_0=1.260848; ', 'mse_1=0.003691; ', 'lpips_1=0.006801; ', 'codec_recon_1=0.157860; ', 'bpp_1=0.307143; ', 'mse_2=0.002832; ', 'lpips_2=0.004755; ', 'codec_recon_2=0.022774; ', 'bpp_2=0.299632; ']
train step[1092/2000] ; used: 25m:45s; eta: 21m:23s; loss = 0.144553; ['mse_0=0.001054; ', 'lpips_0=0.004451; ', 'codec_recon_0=0.014987; ', 'bpp_0=1.227659; ', 'mse_1=0.000741; ', 'lpips_1=0.003039; ', 'codec_recon_1=0.100332; ', 'bpp_1=0.303496; ', 'mse_2=0.000642; ', 'lpips_2=0.002512; ', 'codec_recon_2=0.016794; ', 'bpp_2=0.294975; ']
train step[1093/2000] ; used: 25m:46s; eta: 21m:22s; loss = 0.182481; ['mse_0=0.001582; ', 'lpips_0=0.007494; ', 'codec_recon_0=0.017121; ', 'bpp_0=1.243600; ', 'mse_1=0.001278; ', 'lpips_1=0.005604; ', 'codec_recon_1=0.120967; ', 'bpp_1=0.304208; ', 'mse_2=0.001173; ', 'lpips_2=0.004744; ', 'codec_recon_2=0.022516; ', 'bpp_2=0.297118; ']
train step[1094/2000] ; used: 25m:47s; eta: 21m:20s; loss = 0.165883; ['mse_0=0.001366; ', 'lpips_0=0.005999; ', 'codec_recon_0=0.015324; ', 'bpp_0=1.238915; ', 'mse_1=0.001040; ', 'lpips_1=0.004373; ', 'codec_recon_1=0.114384; ', 'bpp_1=0.304219; ', 'mse_2=0.000841; ', 'lpips_2=0.003175; ', 'codec_recon_2=0.019380; ', 'bpp_2=0.296259; ']
train step[1095/2000] ; used: 25m:48s; eta: 21m:18s; loss = 0.125989; ['mse_0=0.000931; ', 'lpips_0=0.005910; ', 'codec_recon_0=0.012889; ', 'bpp_0=1.222852; ', 'mse_1=0.000694; ', 'lpips_1=0.004463; ', 'codec_recon_1=0.080779; ', 'bpp_1=0.304440; ', 'mse_2=0.000625; ', 'lpips_2=0.003797; ', 'codec_recon_2=0.015899; ', 'bpp_2=0.294835; ']
train step[1096/2000] ; used: 25m:49s; eta: 21m:17s; loss = 0.128877; ['mse_0=0.001943; ', 'lpips_0=0.006193; ', 'codec_recon_0=0.014893; ', 'bpp_0=1.231475; ', 'mse_1=0.001622; ', 'lpips_1=0.005024; ', 'codec_recon_1=0.078920; ', 'bpp_1=0.302555; ', 'mse_2=0.001551; ', 'lpips_2=0.004591; ', 'codec_recon_2=0.014139; ', 'bpp_2=0.293220; ']
train step[1097/2000] ; used: 25m:50s; eta: 21m:15s; loss = 0.180046; ['mse_0=0.002064; ', 'lpips_0=0.005559; ', 'codec_recon_0=0.014453; ', 'bpp_0=1.250149; ', 'mse_1=0.001462; ', 'lpips_1=0.003992; ', 'codec_recon_1=0.127179; ', 'bpp_1=0.304678; ', 'mse_2=0.000952; ', 'lpips_2=0.002698; ', 'codec_recon_2=0.021685; ', 'bpp_2=0.297152; ']
train step[1098/2000] ; used: 25m:52s; eta: 21m:13s; loss = 0.152280; ['mse_0=0.002855; ', 'lpips_0=0.007554; ', 'codec_recon_0=0.015080; ', 'bpp_0=1.226944; ', 'mse_1=0.002640; ', 'lpips_1=0.006399; ', 'codec_recon_1=0.093061; ', 'bpp_1=0.304458; ', 'mse_2=0.002509; ', 'lpips_2=0.005707; ', 'codec_recon_2=0.016474; ', 'bpp_2=0.296004; ']
train step[1099/2000] ; used: 25m:53s; eta: 21m:12s; loss = 0.160853; ['mse_0=0.002692; ', 'lpips_0=0.007469; ', 'codec_recon_0=0.015935; ', 'bpp_0=1.232718; ', 'mse_1=0.002205; ', 'lpips_1=0.006259; ', 'codec_recon_1=0.100310; ', 'bpp_1=0.306140; ', 'mse_2=0.001990; ', 'lpips_2=0.005451; ', 'codec_recon_2=0.018542; ', 'bpp_2=0.296803; ']
train step[1100/2000] ; used: 25m:54s; eta: 21m:10s; loss = 0.176638; ['mse_0=0.010032; ', 'lpips_0=0.010447; ', 'codec_recon_0=0.014207; ', 'bpp_0=1.231547; ', 'mse_1=0.009233; ', 'lpips_1=0.009434; ', 'codec_recon_1=0.089530; ', 'bpp_1=0.305340; ', 'mse_2=0.009157; ', 'lpips_2=0.008743; ', 'codec_recon_2=0.015854; ', 'bpp_2=0.296552; ']
train step[1101/2000] ; used: 25m:55s; eta: 21m:8s; loss = 0.138605; ['mse_0=0.001558; ', 'lpips_0=0.004937; ', 'codec_recon_0=0.013979; ', 'bpp_0=1.229640; ', 'mse_1=0.001161; ', 'lpips_1=0.003702; ', 'codec_recon_1=0.091786; ', 'bpp_1=0.304059; ', 'mse_2=0.000977; ', 'lpips_2=0.002997; ', 'codec_recon_2=0.017506; ', 'bpp_2=0.294064; ']
train step[1102/2000] ; used: 25m:56s; eta: 21m:7s; loss = 0.200974; ['mse_0=0.002724; ', 'lpips_0=0.008063; ', 'codec_recon_0=0.016258; ', 'bpp_0=1.254603; ', 'mse_1=0.001993; ', 'lpips_1=0.006187; ', 'codec_recon_1=0.137880; ', 'bpp_1=0.304142; ', 'mse_2=0.001400; ', 'lpips_2=0.004500; ', 'codec_recon_2=0.021966; ', 'bpp_2=0.296797; ']
train step[1103/2000] ; used: 25m:57s; eta: 21m:5s; loss = 0.162275; ['mse_0=0.003167; ', 'lpips_0=0.006690; ', 'codec_recon_0=0.014949; ', 'bpp_0=1.232395; ', 'mse_1=0.003128; ', 'lpips_1=0.005507; ', 'codec_recon_1=0.102525; ', 'bpp_1=0.302558; ', 'mse_2=0.002972; ', 'lpips_2=0.004881; ', 'codec_recon_2=0.018455; ', 'bpp_2=0.294392; ']
train step[1104/2000] ; used: 25m:58s; eta: 21m:3s; loss = 0.148840; ['mse_0=0.002285; ', 'lpips_0=0.004974; ', 'codec_recon_0=0.016549; ', 'bpp_0=1.233529; ', 'mse_1=0.001712; ', 'lpips_1=0.003736; ', 'codec_recon_1=0.098767; ', 'bpp_1=0.303892; ', 'mse_2=0.001528; ', 'lpips_2=0.003151; ', 'codec_recon_2=0.016136; ', 'bpp_2=0.295201; ']
train step[1105/2000] ; used: 25m:59s; eta: 21m:2s; loss = 0.117073; ['mse_0=0.000962; ', 'lpips_0=0.005665; ', 'codec_recon_0=0.013457; ', 'bpp_0=1.220179; ', 'mse_1=0.000641; ', 'lpips_1=0.004328; ', 'codec_recon_1=0.073299; ', 'bpp_1=0.301059; ', 'mse_2=0.000585; ', 'lpips_2=0.003995; ', 'codec_recon_2=0.014140; ', 'bpp_2=0.292129; ']
Skipped bad example 7ab1ca08282c3433. Context shape was torch.Size([2, 3, 360, 480]) and target shape was torch.Size([4, 3, 360, 480]).
train step[1106/2000] ; used: 26m; eta: 21m; loss = 0.106526; ['mse_0=0.001508; ', 'lpips_0=0.006243; ', 'codec_recon_0=0.012302; ', 'bpp_0=1.206917; ', 'mse_1=0.001082; ', 'lpips_1=0.004965; ', 'codec_recon_1=0.063048; ', 'bpp_1=0.301126; ', 'mse_2=0.000986; ', 'lpips_2=0.004519; ', 'codec_recon_2=0.011872; ', 'bpp_2=0.291450; ']
train step[1107/2000] ; used: 26m:1s; eta: 20m:58s; loss = 0.187435; ['mse_0=0.004681; ', 'lpips_0=0.011004; ', 'codec_recon_0=0.016663; ', 'bpp_0=1.235215; ', 'mse_1=0.004262; ', 'lpips_1=0.010025; ', 'codec_recon_1=0.107532; ', 'bpp_1=0.303473; ', 'mse_2=0.004055; ', 'lpips_2=0.009340; ', 'codec_recon_2=0.019873; ', 'bpp_2=0.295877; ']
train step[1108/2000] ; used: 26m:3s; eta: 20m:57s; loss = 0.124284; ['mse_0=0.001283; ', 'lpips_0=0.006185; ', 'codec_recon_0=0.013989; ', 'bpp_0=1.214638; ', 'mse_1=0.001017; ', 'lpips_1=0.005059; ', 'codec_recon_1=0.077585; ', 'bpp_1=0.303018; ', 'mse_2=0.000888; ', 'lpips_2=0.004293; ', 'codec_recon_2=0.013982; ', 'bpp_2=0.293860; ']
train step[1109/2000] ; used: 26m:4s; eta: 20m:55s; loss = 0.139066; ['mse_0=0.001190; ', 'lpips_0=0.005803; ', 'codec_recon_0=0.014608; ', 'bpp_0=1.216753; ', 'mse_1=0.000863; ', 'lpips_1=0.004406; ', 'codec_recon_1=0.090384; ', 'bpp_1=0.302770; ', 'mse_2=0.000726; ', 'lpips_2=0.003644; ', 'codec_recon_2=0.017441; ', 'bpp_2=0.293128; ']
train step[1110/2000] ; used: 26m:5s; eta: 20m:53s; loss = 0.121013; ['mse_0=0.002557; ', 'lpips_0=0.006215; ', 'codec_recon_0=0.013896; ', 'bpp_0=1.213291; ', 'mse_1=0.002385; ', 'lpips_1=0.005184; ', 'codec_recon_1=0.070125; ', 'bpp_1=0.302487; ', 'mse_2=0.002285; ', 'lpips_2=0.004647; ', 'codec_recon_2=0.013718; ', 'bpp_2=0.293213; ']
train step[1111/2000] ; used: 26m:6s; eta: 20m:52s; loss = 0.146495; ['mse_0=0.000953; ', 'lpips_0=0.004804; ', 'codec_recon_0=0.013361; ', 'bpp_0=1.223698; ', 'mse_1=0.000685; ', 'lpips_1=0.003366; ', 'codec_recon_1=0.101434; ', 'bpp_1=0.301188; ', 'mse_2=0.000522; ', 'lpips_2=0.002593; ', 'codec_recon_2=0.018774; ', 'bpp_2=0.292425; ']
train step[1112/2000] ; used: 26m:7s; eta: 20m:50s; loss = 0.119746; ['mse_0=0.001921; ', 'lpips_0=0.006010; ', 'codec_recon_0=0.013121; ', 'bpp_0=1.216899; ', 'mse_1=0.001806; ', 'lpips_1=0.004834; ', 'codec_recon_1=0.072897; ', 'bpp_1=0.302127; ', 'mse_2=0.001767; ', 'lpips_2=0.004180; ', 'codec_recon_2=0.013206; ', 'bpp_2=0.293365; ']
train step[1113/2000] ; used: 26m:8s; eta: 20m:48s; loss = 0.141980; ['mse_0=0.001449; ', 'lpips_0=0.005881; ', 'codec_recon_0=0.015464; ', 'bpp_0=1.218037; ', 'mse_1=0.001080; ', 'lpips_1=0.004855; ', 'codec_recon_1=0.091326; ', 'bpp_1=0.303022; ', 'mse_2=0.000930; ', 'lpips_2=0.004295; ', 'codec_recon_2=0.016698; ', 'bpp_2=0.294668; ']
train step[1114/2000] ; used: 26m:9s; eta: 20m:47s; loss = 0.155962; ['mse_0=0.004049; ', 'lpips_0=0.009620; ', 'codec_recon_0=0.014792; ', 'bpp_0=1.224640; ', 'mse_1=0.003444; ', 'lpips_1=0.008637; ', 'codec_recon_1=0.087824; ', 'bpp_1=0.304114; ', 'mse_2=0.003272; ', 'lpips_2=0.007880; ', 'codec_recon_2=0.016442; ', 'bpp_2=0.295088; ']
train step[1115/2000] ; used: 26m:10s; eta: 20m:45s; loss = 0.195035; ['mse_0=0.001925; ', 'lpips_0=0.007870; ', 'codec_recon_0=0.015971; ', 'bpp_0=1.253851; ', 'mse_1=0.001454; ', 'lpips_1=0.006254; ', 'codec_recon_1=0.134238; ', 'bpp_1=0.304538; ', 'mse_2=0.001073; ', 'lpips_2=0.004696; ', 'codec_recon_2=0.021553; ', 'bpp_2=0.298139; ']
train step[1116/2000] ; used: 26m:11s; eta: 20m:43s; loss = 0.111621; ['mse_0=0.001051; ', 'lpips_0=0.005012; ', 'codec_recon_0=0.012828; ', 'bpp_0=1.231768; ', 'mse_1=0.000912; ', 'lpips_1=0.003971; ', 'codec_recon_1=0.068746; ', 'bpp_1=0.301904; ', 'mse_2=0.000855; ', 'lpips_2=0.003384; ', 'codec_recon_2=0.014860; ', 'bpp_2=0.292814; ']
train step[1117/2000] ; used: 26m:12s; eta: 20m:42s; loss = 0.153402; ['mse_0=0.002692; ', 'lpips_0=0.007140; ', 'codec_recon_0=0.017680; ', 'bpp_0=1.228052; ', 'mse_1=0.002338; ', 'lpips_1=0.005876; ', 'codec_recon_1=0.091892; ', 'bpp_1=0.304834; ', 'mse_2=0.002217; ', 'lpips_2=0.005259; ', 'codec_recon_2=0.018306; ', 'bpp_2=0.296062; ']
train step[1118/2000] ; used: 26m:13s; eta: 20m:40s; loss = 0.224501; ['mse_0=0.003416; ', 'lpips_0=0.009154; ', 'codec_recon_0=0.018343; ', 'bpp_0=1.256911; ', 'mse_1=0.002911; ', 'lpips_1=0.007719; ', 'codec_recon_1=0.150238; ', 'bpp_1=0.305037; ', 'mse_2=0.002570; ', 'lpips_2=0.006295; ', 'codec_recon_2=0.023853; ', 'bpp_2=0.297494; ']
train step[1119/2000] ; used: 26m:15s; eta: 20m:38s; loss = 0.200817; ['mse_0=0.002970; ', 'lpips_0=0.005479; ', 'codec_recon_0=0.020249; ', 'bpp_0=1.240569; ', 'mse_1=0.002411; ', 'lpips_1=0.003950; ', 'codec_recon_1=0.139438; ', 'bpp_1=0.304767; ', 'mse_2=0.002004; ', 'lpips_2=0.002864; ', 'codec_recon_2=0.021450; ', 'bpp_2=0.296460; ']
train step[1120/2000] ; used: 26m:16s; eta: 20m:37s; loss = 0.122644; ['mse_0=0.002449; ', 'lpips_0=0.005933; ', 'codec_recon_0=0.014097; ', 'bpp_0=1.224367; ', 'mse_1=0.002108; ', 'lpips_1=0.004829; ', 'codec_recon_1=0.072890; ', 'bpp_1=0.302953; ', 'mse_2=0.002094; ', 'lpips_2=0.004403; ', 'codec_recon_2=0.013839; ', 'bpp_2=0.293783; ']
train step[1121/2000] ; used: 26m:17s; eta: 20m:35s; loss = 0.146267; ['mse_0=0.002629; ', 'lpips_0=0.006685; ', 'codec_recon_0=0.021515; ', 'bpp_0=1.230283; ', 'mse_1=0.002318; ', 'lpips_1=0.005300; ', 'codec_recon_1=0.085073; ', 'bpp_1=0.302817; ', 'mse_2=0.002249; ', 'lpips_2=0.004587; ', 'codec_recon_2=0.015907; ', 'bpp_2=0.293351; ']
train step[1122/2000] ; used: 26m:18s; eta: 20m:33s; loss = 0.133585; ['mse_0=0.000868; ', 'lpips_0=0.004628; ', 'codec_recon_0=0.019451; ', 'bpp_0=1.230044; ', 'mse_1=0.000617; ', 'lpips_1=0.003448; ', 'codec_recon_1=0.084480; ', 'bpp_1=0.303256; ', 'mse_2=0.000490; ', 'lpips_2=0.002720; ', 'codec_recon_2=0.016882; ', 'bpp_2=0.294442; ']
train step[1123/2000] ; used: 26m:19s; eta: 20m:32s; loss = 0.150238; ['mse_0=0.002327; ', 'lpips_0=0.005317; ', 'codec_recon_0=0.017857; ', 'bpp_0=1.224318; ', 'mse_1=0.001834; ', 'lpips_1=0.004002; ', 'codec_recon_1=0.097544; ', 'bpp_1=0.303129; ', 'mse_2=0.001567; ', 'lpips_2=0.003247; ', 'codec_recon_2=0.016540; ', 'bpp_2=0.293913; ']
train step[1124/2000] ; used: 26m:20s; eta: 20m:30s; loss = 0.128955; ['mse_0=0.000984; ', 'lpips_0=0.006501; ', 'codec_recon_0=0.019572; ', 'bpp_0=1.213503; ', 'mse_1=0.000667; ', 'lpips_1=0.004900; ', 'codec_recon_1=0.076580; ', 'bpp_1=0.302083; ', 'mse_2=0.000506; ', 'lpips_2=0.004150; ', 'codec_recon_2=0.015093; ', 'bpp_2=0.292517; ']
train step[1125/2000] ; used: 26m:21s; eta: 20m:29s; loss = 0.136554; ['mse_0=0.001066; ', 'lpips_0=0.005917; ', 'codec_recon_0=0.014262; ', 'bpp_0=1.215759; ', 'mse_1=0.000717; ', 'lpips_1=0.004408; ', 'codec_recon_1=0.090366; ', 'bpp_1=0.302714; ', 'mse_2=0.000504; ', 'lpips_2=0.003489; ', 'codec_recon_2=0.015824; ', 'bpp_2=0.293646; ']
train step[1126/2000] ; used: 26m:22s; eta: 20m:27s; loss = 0.131884; ['mse_0=0.002686; ', 'lpips_0=0.007175; ', 'codec_recon_0=0.016267; ', 'bpp_0=1.216074; ', 'mse_1=0.002341; ', 'lpips_1=0.005983; ', 'codec_recon_1=0.075179; ', 'bpp_1=0.302929; ', 'mse_2=0.002219; ', 'lpips_2=0.005278; ', 'codec_recon_2=0.014754; ', 'bpp_2=0.293862; ']
train step[1127/2000] ; used: 26m:23s; eta: 20m:25s; loss = 0.176438; ['mse_0=0.003543; ', 'lpips_0=0.007407; ', 'codec_recon_0=0.017341; ', 'bpp_0=1.240912; ', 'mse_1=0.003390; ', 'lpips_1=0.005931; ', 'codec_recon_1=0.111755; ', 'bpp_1=0.304300; ', 'mse_2=0.003136; ', 'lpips_2=0.004802; ', 'codec_recon_2=0.019131; ', 'bpp_2=0.295179; ']
train step[1128/2000] ; used: 26m:24s; eta: 20m:24s; loss = 0.122351; ['mse_0=0.001440; ', 'lpips_0=0.006011; ', 'codec_recon_0=0.016107; ', 'bpp_0=1.220171; ', 'mse_1=0.001160; ', 'lpips_1=0.004778; ', 'codec_recon_1=0.073435; ', 'bpp_1=0.304654; ', 'mse_2=0.001057; ', 'lpips_2=0.004242; ', 'codec_recon_2=0.014119; ', 'bpp_2=0.294755; ']
train step[1129/2000] ; used: 26m:25s; eta: 20m:22s; loss = 0.121451; ['mse_0=0.000718; ', 'lpips_0=0.005063; ', 'codec_recon_0=0.015358; ', 'bpp_0=1.219560; ', 'mse_1=0.000571; ', 'lpips_1=0.003966; ', 'codec_recon_1=0.076839; ', 'bpp_1=0.302084; ', 'mse_2=0.000548; ', 'lpips_2=0.003528; ', 'codec_recon_2=0.014856; ', 'bpp_2=0.293815; ']
train step[1130/2000] ; used: 26m:27s; eta: 20m:20s; loss = 0.148246; ['mse_0=0.001520; ', 'lpips_0=0.005850; ', 'codec_recon_0=0.017052; ', 'bpp_0=1.214941; ', 'mse_1=0.001286; ', 'lpips_1=0.004682; ', 'codec_recon_1=0.095175; ', 'bpp_1=0.301992; ', 'mse_2=0.001097; ', 'lpips_2=0.003860; ', 'codec_recon_2=0.017722; ', 'bpp_2=0.294615; ']
train step[1131/2000] ; used: 26m:28s; eta: 20m:19s; loss = 0.143322; ['mse_0=0.002673; ', 'lpips_0=0.006379; ', 'codec_recon_0=0.017766; ', 'bpp_0=1.213950; ', 'mse_1=0.002201; ', 'lpips_1=0.005346; ', 'codec_recon_1=0.087040; ', 'bpp_1=0.302385; ', 'mse_2=0.002014; ', 'lpips_2=0.004756; ', 'codec_recon_2=0.015146; ', 'bpp_2=0.294497; ']
train step[1132/2000] ; used: 26m:29s; eta: 20m:17s; loss = 0.155229; ['mse_0=0.002294; ', 'lpips_0=0.006368; ', 'codec_recon_0=0.015207; ', 'bpp_0=1.230717; ', 'mse_1=0.001760; ', 'lpips_1=0.005005; ', 'codec_recon_1=0.100819; ', 'bpp_1=0.304190; ', 'mse_2=0.001504; ', 'lpips_2=0.004118; ', 'codec_recon_2=0.018151; ', 'bpp_2=0.296441; ']
train step[1133/2000] ; used: 26m:30s; eta: 20m:15s; loss = 0.126318; ['mse_0=0.001702; ', 'lpips_0=0.005949; ', 'codec_recon_0=0.015903; ', 'bpp_0=1.213383; ', 'mse_1=0.001396; ', 'lpips_1=0.004790; ', 'codec_recon_1=0.077076; ', 'bpp_1=0.303105; ', 'mse_2=0.001228; ', 'lpips_2=0.004059; ', 'codec_recon_2=0.014213; ', 'bpp_2=0.295211; ']
train step[1134/2000] ; used: 26m:31s; eta: 20m:14s; loss = 0.122755; ['mse_0=0.001392; ', 'lpips_0=0.005514; ', 'codec_recon_0=0.014746; ', 'bpp_0=1.214322; ', 'mse_1=0.001019; ', 'lpips_1=0.004669; ', 'codec_recon_1=0.075153; ', 'bpp_1=0.302476; ', 'mse_2=0.000953; ', 'lpips_2=0.004257; ', 'codec_recon_2=0.015050; ', 'bpp_2=0.294192; ']
train step[1135/2000] ; used: 26m:32s; eta: 20m:12s; loss = 0.121093; ['mse_0=0.003039; ', 'lpips_0=0.005785; ', 'codec_recon_0=0.015303; ', 'bpp_0=1.210627; ', 'mse_1=0.002680; ', 'lpips_1=0.004589; ', 'codec_recon_1=0.070475; ', 'bpp_1=0.301900; ', 'mse_2=0.002536; ', 'lpips_2=0.004010; ', 'codec_recon_2=0.012674; ', 'bpp_2=0.292348; ']
train step[1136/2000] ; used: 26m:33s; eta: 20m:10s; loss = 0.133037; ['mse_0=0.003342; ', 'lpips_0=0.007607; ', 'codec_recon_0=0.017034; ', 'bpp_0=1.222924; ', 'mse_1=0.003146; ', 'lpips_1=0.006695; ', 'codec_recon_1=0.072513; ', 'bpp_1=0.303656; ', 'mse_2=0.003182; ', 'lpips_2=0.006427; ', 'codec_recon_2=0.013089; ', 'bpp_2=0.294045; ']
train step[1137/2000] ; used: 26m:34s; eta: 20m:9s; loss = 0.128525; ['mse_0=0.001124; ', 'lpips_0=0.004782; ', 'codec_recon_0=0.015523; ', 'bpp_0=1.226854; ', 'mse_1=0.000849; ', 'lpips_1=0.003860; ', 'codec_recon_1=0.082569; ', 'bpp_1=0.303753; ', 'mse_2=0.000807; ', 'lpips_2=0.003471; ', 'codec_recon_2=0.015539; ', 'bpp_2=0.294639; ']
train step[1138/2000] ; used: 26m:35s; eta: 20m:7s; loss = 0.137303; ['mse_0=0.005243; ', 'lpips_0=0.007274; ', 'codec_recon_0=0.017550; ', 'bpp_0=1.210730; ', 'mse_1=0.004522; ', 'lpips_1=0.006383; ', 'codec_recon_1=0.072031; ', 'bpp_1=0.302231; ', 'mse_2=0.004252; ', 'lpips_2=0.005792; ', 'codec_recon_2=0.014255; ', 'bpp_2=0.292737; ']
train step[1139/2000] ; used: 26m:36s; eta: 20m:6s; loss = 0.192609; ['mse_0=0.003790; ', 'lpips_0=0.006933; ', 'codec_recon_0=0.015893; ', 'bpp_0=1.248242; ', 'mse_1=0.003384; ', 'lpips_1=0.005875; ', 'codec_recon_1=0.128569; ', 'bpp_1=0.303928; ', 'mse_2=0.003254; ', 'lpips_2=0.004874; ', 'codec_recon_2=0.020034; ', 'bpp_2=0.296438; ']
train step[1140/2000] ; used: 26m:37s; eta: 20m:4s; loss = 0.187284; ['mse_0=0.003814; ', 'lpips_0=0.009954; ', 'codec_recon_0=0.016633; ', 'bpp_0=1.241871; ', 'mse_1=0.003565; ', 'lpips_1=0.009000; ', 'codec_recon_1=0.113452; ', 'bpp_1=0.304395; ', 'mse_2=0.003582; ', 'lpips_2=0.007976; ', 'codec_recon_2=0.019307; ', 'bpp_2=0.295401; ']
train step[1141/2000] ; used: 26m:39s; eta: 20m:2s; loss = 0.155539; ['mse_0=0.001378; ', 'lpips_0=0.005985; ', 'codec_recon_0=0.014286; ', 'bpp_0=1.223375; ', 'mse_1=0.001106; ', 'lpips_1=0.004813; ', 'codec_recon_1=0.104108; ', 'bpp_1=0.303932; ', 'mse_2=0.000930; ', 'lpips_2=0.003950; ', 'codec_recon_2=0.018981; ', 'bpp_2=0.295149; ']
train step[1142/2000] ; used: 26m:40s; eta: 20m:1s; loss = 0.155221; ['mse_0=0.002468; ', 'lpips_0=0.005687; ', 'codec_recon_0=0.016441; ', 'bpp_0=1.246381; ', 'mse_1=0.001939; ', 'lpips_1=0.004550; ', 'codec_recon_1=0.100513; ', 'bpp_1=0.303348; ', 'mse_2=0.001699; ', 'lpips_2=0.003898; ', 'codec_recon_2=0.018024; ', 'bpp_2=0.295305; ']
train step[1143/2000] ; used: 26m:41s; eta: 19m:59s; loss = 0.141111; ['mse_0=0.003836; ', 'lpips_0=0.008052; ', 'codec_recon_0=0.013886; ', 'bpp_0=1.216035; ', 'mse_1=0.003428; ', 'lpips_1=0.006978; ', 'codec_recon_1=0.078754; ', 'bpp_1=0.302302; ', 'mse_2=0.003486; ', 'lpips_2=0.006658; ', 'codec_recon_2=0.016031; ', 'bpp_2=0.292435; ']
train step[1144/2000] ; used: 26m:42s; eta: 19m:57s; loss = 0.140769; ['mse_0=0.001235; ', 'lpips_0=0.006014; ', 'codec_recon_0=0.016157; ', 'bpp_0=1.229632; ', 'mse_1=0.001049; ', 'lpips_1=0.004750; ', 'codec_recon_1=0.090198; ', 'bpp_1=0.302220; ', 'mse_2=0.000989; ', 'lpips_2=0.003901; ', 'codec_recon_2=0.016474; ', 'bpp_2=0.293476; ']
train step[1145/2000] ; used: 26m:43s; eta: 19m:56s; loss = 0.123209; ['mse_0=0.000805; ', 'lpips_0=0.004679; ', 'codec_recon_0=0.013427; ', 'bpp_0=1.207306; ', 'mse_1=0.000622; ', 'lpips_1=0.003441; ', 'codec_recon_1=0.081312; ', 'bpp_1=0.302355; ', 'mse_2=0.000537; ', 'lpips_2=0.002850; ', 'codec_recon_2=0.015533; ', 'bpp_2=0.294420; ']
train step[1146/2000] ; used: 26m:44s; eta: 19m:54s; loss = 0.127173; ['mse_0=0.001232; ', 'lpips_0=0.006055; ', 'codec_recon_0=0.015787; ', 'bpp_0=1.229072; ', 'mse_1=0.000983; ', 'lpips_1=0.004670; ', 'codec_recon_1=0.077859; ', 'bpp_1=0.304970; ', 'mse_2=0.000899; ', 'lpips_2=0.003875; ', 'codec_recon_2=0.015812; ', 'bpp_2=0.295263; ']
train step[1147/2000] ; used: 26m:45s; eta: 19m:52s; loss = 0.132500; ['mse_0=0.001280; ', 'lpips_0=0.005555; ', 'codec_recon_0=0.013267; ', 'bpp_0=1.230923; ', 'mse_1=0.001015; ', 'lpips_1=0.003912; ', 'codec_recon_1=0.086566; ', 'bpp_1=0.303168; ', 'mse_2=0.000937; ', 'lpips_2=0.003084; ', 'codec_recon_2=0.016882; ', 'bpp_2=0.294315; ']
train step[1148/2000] ; used: 26m:46s; eta: 19m:51s; loss = 0.141316; ['mse_0=0.002662; ', 'lpips_0=0.005594; ', 'codec_recon_0=0.012868; ', 'bpp_0=1.221918; ', 'mse_1=0.002453; ', 'lpips_1=0.004598; ', 'codec_recon_1=0.089612; ', 'bpp_1=0.303079; ', 'mse_2=0.002393; ', 'lpips_2=0.004140; ', 'codec_recon_2=0.016994; ', 'bpp_2=0.294446; ']
train step[1149/2000] ; used: 26m:48s; eta: 19m:50s; loss = 0.129655; ['mse_0=0.000920; ', 'lpips_0=0.005607; ', 'codec_recon_0=0.014923; ', 'bpp_0=1.216080; ', 'mse_1=0.000641; ', 'lpips_1=0.004501; ', 'codec_recon_1=0.082786; ', 'bpp_1=0.301743; ', 'mse_2=0.000543; ', 'lpips_2=0.003915; ', 'codec_recon_2=0.015818; ', 'bpp_2=0.293337; ']
train step[1150/2000] ; used: 26m:49s; eta: 19m:48s; loss = 0.118108; ['mse_0=0.001122; ', 'lpips_0=0.005210; ', 'codec_recon_0=0.013309; ', 'bpp_0=1.204616; ', 'mse_1=0.000907; ', 'lpips_1=0.004299; ', 'codec_recon_1=0.073873; ', 'bpp_1=0.301578; ', 'mse_2=0.000863; ', 'lpips_2=0.003658; ', 'codec_recon_2=0.014865; ', 'bpp_2=0.292601; ']
train step[1151/2000] ; used: 26m:50s; eta: 19m:47s; loss = 0.145469; ['mse_0=0.003060; ', 'lpips_0=0.006181; ', 'codec_recon_0=0.016187; ', 'bpp_0=1.219666; ', 'mse_1=0.002678; ', 'lpips_1=0.005159; ', 'codec_recon_1=0.089466; ', 'bpp_1=0.302645; ', 'mse_2=0.002505; ', 'lpips_2=0.004505; ', 'codec_recon_2=0.015726; ', 'bpp_2=0.293476; ']
train step[1152/2000] ; used: 26m:51s; eta: 19m:45s; loss = 0.169733; ['mse_0=0.002238; ', 'lpips_0=0.005321; ', 'codec_recon_0=0.015059; ', 'bpp_0=1.229621; ', 'mse_1=0.001774; ', 'lpips_1=0.004393; ', 'codec_recon_1=0.116247; ', 'bpp_1=0.302678; ', 'mse_2=0.001572; ', 'lpips_2=0.003456; ', 'codec_recon_2=0.019672; ', 'bpp_2=0.294220; ']
train step[1153/2000] ; used: 26m:52s; eta: 19m:43s; loss = 0.147078; ['mse_0=0.000937; ', 'lpips_0=0.004358; ', 'codec_recon_0=0.015255; ', 'bpp_0=1.234074; ', 'mse_1=0.000696; ', 'lpips_1=0.003208; ', 'codec_recon_1=0.101526; ', 'bpp_1=0.302314; ', 'mse_2=0.000478; ', 'lpips_2=0.002338; ', 'codec_recon_2=0.018279; ', 'bpp_2=0.294170; ']
train step[1154/2000] ; used: 26m:53s; eta: 19m:42s; loss = 0.150203; ['mse_0=0.003670; ', 'lpips_0=0.006323; ', 'codec_recon_0=0.014161; ', 'bpp_0=1.220949; ', 'mse_1=0.003436; ', 'lpips_1=0.005427; ', 'codec_recon_1=0.091601; ', 'bpp_1=0.303723; ', 'mse_2=0.003337; ', 'lpips_2=0.004746; ', 'codec_recon_2=0.017499; ', 'bpp_2=0.294154; ']
train step[1155/2000] ; used: 26m:55s; eta: 19m:40s; loss = 0.183311; ['mse_0=0.012725; ', 'lpips_0=0.010207; ', 'codec_recon_0=0.016111; ', 'bpp_0=1.218158; ', 'mse_1=0.012226; ', 'lpips_1=0.009595; ', 'codec_recon_1=0.085422; ', 'bpp_1=0.302152; ', 'mse_2=0.012116; ', 'lpips_2=0.009167; ', 'codec_recon_2=0.015739; ', 'bpp_2=0.294847; ']
train step[1156/2000] ; used: 26m:56s; eta: 19m:38s; loss = 0.216564; ['mse_0=0.004024; ', 'lpips_0=0.007161; ', 'codec_recon_0=0.019065; ', 'bpp_0=1.236938; ', 'mse_1=0.003440; ', 'lpips_1=0.006082; ', 'codec_recon_1=0.145032; ', 'bpp_1=0.304583; ', 'mse_2=0.003163; ', 'lpips_2=0.004866; ', 'codec_recon_2=0.023729; ', 'bpp_2=0.296927; ']
train step[1157/2000] ; used: 26m:57s; eta: 19m:37s; loss = 0.164787; ['mse_0=0.009112; ', 'lpips_0=0.010590; ', 'codec_recon_0=0.015404; ', 'bpp_0=1.220145; ', 'mse_1=0.008807; ', 'lpips_1=0.009558; ', 'codec_recon_1=0.076525; ', 'bpp_1=0.302603; ', 'mse_2=0.008737; ', 'lpips_2=0.009084; ', 'codec_recon_2=0.016969; ', 'bpp_2=0.294309; ']
train step[1158/2000] ; used: 26m:58s; eta: 19m:35s; loss = 0.143377; ['mse_0=0.001660; ', 'lpips_0=0.005297; ', 'codec_recon_0=0.018940; ', 'bpp_0=1.209699; ', 'mse_1=0.001229; ', 'lpips_1=0.004216; ', 'codec_recon_1=0.091207; ', 'bpp_1=0.303289; ', 'mse_2=0.001030; ', 'lpips_2=0.003451; ', 'codec_recon_2=0.016345; ', 'bpp_2=0.294706; ']
train step[1159/2000] ; used: 26m:59s; eta: 19m:34s; loss = 0.140371; ['mse_0=0.001025; ', 'lpips_0=0.005144; ', 'codec_recon_0=0.017615; ', 'bpp_0=1.221484; ', 'mse_1=0.000699; ', 'lpips_1=0.003797; ', 'codec_recon_1=0.091491; ', 'bpp_1=0.301881; ', 'mse_2=0.000546; ', 'lpips_2=0.003033; ', 'codec_recon_2=0.017020; ', 'bpp_2=0.293657; ']
train step[1160/2000] ; used: 27m; eta: 19m:32s; loss = 0.145324; ['mse_0=0.001361; ', 'lpips_0=0.005965; ', 'codec_recon_0=0.016295; ', 'bpp_0=1.228819; ', 'mse_1=0.001160; ', 'lpips_1=0.004837; ', 'codec_recon_1=0.091807; ', 'bpp_1=0.303130; ', 'mse_2=0.001010; ', 'lpips_2=0.004112; ', 'codec_recon_2=0.018775; ', 'bpp_2=0.294972; ']
train step[1161/2000] ; used: 27m:1s; eta: 19m:30s; loss = 0.142935; ['mse_0=0.003117; ', 'lpips_0=0.006132; ', 'codec_recon_0=0.016573; ', 'bpp_0=1.220467; ', 'mse_1=0.002691; ', 'lpips_1=0.005036; ', 'codec_recon_1=0.087140; ', 'bpp_1=0.303885; ', 'mse_2=0.002513; ', 'lpips_2=0.004461; ', 'codec_recon_2=0.015272; ', 'bpp_2=0.294590; ']
train step[1162/2000] ; used: 27m:2s; eta: 19m:29s; loss = 0.109151; ['mse_0=0.001604; ', 'lpips_0=0.005682; ', 'codec_recon_0=0.011618; ', 'bpp_0=1.213289; ', 'mse_1=0.001457; ', 'lpips_1=0.004473; ', 'codec_recon_1=0.065792; ', 'bpp_1=0.301443; ', 'mse_2=0.001422; ', 'lpips_2=0.003963; ', 'codec_recon_2=0.013138; ', 'bpp_2=0.292484; ']
train step[1163/2000] ; used: 27m:3s; eta: 19m:27s; loss = 0.130072; ['mse_0=0.001401; ', 'lpips_0=0.005851; ', 'codec_recon_0=0.016196; ', 'bpp_0=1.216107; ', 'mse_1=0.001151; ', 'lpips_1=0.004657; ', 'codec_recon_1=0.080214; ', 'bpp_1=0.303711; ', 'mse_2=0.000998; ', 'lpips_2=0.003893; ', 'codec_recon_2=0.015710; ', 'bpp_2=0.295231; ']
train step[1164/2000] ; used: 27m:4s; eta: 19m:26s; loss = 0.181712; ['mse_0=0.001416; ', 'lpips_0=0.007018; ', 'codec_recon_0=0.017000; ', 'bpp_0=1.237493; ', 'mse_1=0.001092; ', 'lpips_1=0.005476; ', 'codec_recon_1=0.122745; ', 'bpp_1=0.303995; ', 'mse_2=0.000886; ', 'lpips_2=0.004501; ', 'codec_recon_2=0.021575; ', 'bpp_2=0.295556; ']
train step[1165/2000] ; used: 27m:6s; eta: 19m:24s; loss = 0.145422; ['mse_0=0.004050; ', 'lpips_0=0.006442; ', 'codec_recon_0=0.016792; ', 'bpp_0=1.222287; ', 'mse_1=0.003155; ', 'lpips_1=0.004957; ', 'codec_recon_1=0.086354; ', 'bpp_1=0.303034; ', 'mse_2=0.002824; ', 'lpips_2=0.004248; ', 'codec_recon_2=0.016599; ', 'bpp_2=0.295327; ']
train step[1166/2000] ; used: 27m:7s; eta: 19m:22s; loss = 0.104322; ['mse_0=0.001306; ', 'lpips_0=0.005701; ', 'codec_recon_0=0.012684; ', 'bpp_0=1.207405; ', 'mse_1=0.001068; ', 'lpips_1=0.004746; ', 'codec_recon_1=0.061024; ', 'bpp_1=0.301827; ', 'mse_2=0.001000; ', 'lpips_2=0.004364; ', 'codec_recon_2=0.012429; ', 'bpp_2=0.293000; ']
train step[1167/2000] ; used: 27m:8s; eta: 19m:21s; loss = 0.136435; ['mse_0=0.003032; ', 'lpips_0=0.005016; ', 'codec_recon_0=0.015464; ', 'bpp_0=1.231600; ', 'mse_1=0.002619; ', 'lpips_1=0.004229; ', 'codec_recon_1=0.084864; ', 'bpp_1=0.303896; ', 'mse_2=0.002651; ', 'lpips_2=0.003544; ', 'codec_recon_2=0.015014; ', 'bpp_2=0.294935; ']
train step[1168/2000] ; used: 27m:9s; eta: 19m:19s; loss = 0.120627; ['mse_0=0.001793; ', 'lpips_0=0.007404; ', 'codec_recon_0=0.014344; ', 'bpp_0=1.208304; ', 'mse_1=0.001438; ', 'lpips_1=0.006252; ', 'codec_recon_1=0.066690; ', 'bpp_1=0.300977; ', 'mse_2=0.001350; ', 'lpips_2=0.005835; ', 'codec_recon_2=0.015520; ', 'bpp_2=0.292368; ']
train step[1169/2000] ; used: 27m:10s; eta: 19m:18s; loss = 0.136673; ['mse_0=0.001292; ', 'lpips_0=0.005275; ', 'codec_recon_0=0.015401; ', 'bpp_0=1.225891; ', 'mse_1=0.001116; ', 'lpips_1=0.003988; ', 'codec_recon_1=0.089000; ', 'bpp_1=0.304183; ', 'mse_2=0.001034; ', 'lpips_2=0.003219; ', 'codec_recon_2=0.016345; ', 'bpp_2=0.295583; ']
train step[1170/2000] ; used: 27m:11s; eta: 19m:16s; loss = 0.151867; ['mse_0=0.002046; ', 'lpips_0=0.006970; ', 'codec_recon_0=0.015862; ', 'bpp_0=1.216350; ', 'mse_1=0.001674; ', 'lpips_1=0.005849; ', 'codec_recon_1=0.095209; ', 'bpp_1=0.304144; ', 'mse_2=0.001588; ', 'lpips_2=0.005224; ', 'codec_recon_2=0.017442; ', 'bpp_2=0.294976; ']
train step[1171/2000] ; used: 27m:12s; eta: 19m:14s; loss = 0.126297; ['mse_0=0.001817; ', 'lpips_0=0.005797; ', 'codec_recon_0=0.014524; ', 'bpp_0=1.211958; ', 'mse_1=0.001352; ', 'lpips_1=0.004264; ', 'codec_recon_1=0.078717; ', 'bpp_1=0.302823; ', 'mse_2=0.001148; ', 'lpips_2=0.003493; ', 'codec_recon_2=0.015184; ', 'bpp_2=0.293993; ']
train step[1172/2000] ; used: 27m:13s; eta: 19m:13s; loss = 0.135076; ['mse_0=0.001443; ', 'lpips_0=0.004659; ', 'codec_recon_0=0.014576; ', 'bpp_0=1.215785; ', 'mse_1=0.001147; ', 'lpips_1=0.003432; ', 'codec_recon_1=0.089587; ', 'bpp_1=0.301977; ', 'mse_2=0.000923; ', 'lpips_2=0.002836; ', 'codec_recon_2=0.016469; ', 'bpp_2=0.293884; ']
train step[1173/2000] ; used: 27m:15s; eta: 19m:11s; loss = 0.119656; ['mse_0=0.001363; ', 'lpips_0=0.005202; ', 'codec_recon_0=0.014289; ', 'bpp_0=1.220406; ', 'mse_1=0.001019; ', 'lpips_1=0.004057; ', 'codec_recon_1=0.075738; ', 'bpp_1=0.303107; ', 'mse_2=0.000723; ', 'lpips_2=0.003235; ', 'codec_recon_2=0.014027; ', 'bpp_2=0.292431; ']
train step[1174/2000] ; used: 27m:16s; eta: 19m:10s; loss = 0.193589; ['mse_0=0.005997; ', 'lpips_0=0.010523; ', 'codec_recon_0=0.016517; ', 'bpp_0=1.245260; ', 'mse_1=0.004276; ', 'lpips_1=0.008891; ', 'codec_recon_1=0.116703; ', 'bpp_1=0.304511; ', 'mse_2=0.003750; ', 'lpips_2=0.007504; ', 'codec_recon_2=0.019427; ', 'bpp_2=0.296205; ']
train step[1175/2000] ; used: 27m:17s; eta: 19m:8s; loss = 0.145020; ['mse_0=0.002633; ', 'lpips_0=0.006631; ', 'codec_recon_0=0.015023; ', 'bpp_0=1.234786; ', 'mse_1=0.002184; ', 'lpips_1=0.005027; ', 'codec_recon_1=0.088801; ', 'bpp_1=0.303945; ', 'mse_2=0.001958; ', 'lpips_2=0.004109; ', 'codec_recon_2=0.018653; ', 'bpp_2=0.296720; ']
train step[1176/2000] ; used: 27m:18s; eta: 19m:6s; loss = 0.145627; ['mse_0=0.001318; ', 'lpips_0=0.005125; ', 'codec_recon_0=0.015401; ', 'bpp_0=1.219744; ', 'mse_1=0.000903; ', 'lpips_1=0.003732; ', 'codec_recon_1=0.098025; ', 'bpp_1=0.302851; ', 'mse_2=0.000701; ', 'lpips_2=0.002852; ', 'codec_recon_2=0.017568; ', 'bpp_2=0.294718; ']
train step[1177/2000] ; used: 27m:19s; eta: 19m:5s; loss = 0.160238; ['mse_0=0.004152; ', 'lpips_0=0.007061; ', 'codec_recon_0=0.015426; ', 'bpp_0=1.222766; ', 'mse_1=0.003734; ', 'lpips_1=0.005879; ', 'codec_recon_1=0.098625; ', 'bpp_1=0.304039; ', 'mse_2=0.003423; ', 'lpips_2=0.005004; ', 'codec_recon_2=0.016932; ', 'bpp_2=0.295054; ']
train step[1178/2000] ; used: 27m:20s; eta: 19m:3s; loss = 0.153225; ['mse_0=0.002100; ', 'lpips_0=0.006494; ', 'codec_recon_0=0.014384; ', 'bpp_0=1.228979; ', 'mse_1=0.001520; ', 'lpips_1=0.005210; ', 'codec_recon_1=0.099172; ', 'bpp_1=0.303849; ', 'mse_2=0.001355; ', 'lpips_2=0.004576; ', 'codec_recon_2=0.018413; ', 'bpp_2=0.296366; ']
train step[1179/2000] ; used: 27m:21s; eta: 19m:2s; loss = 0.113696; ['mse_0=0.001367; ', 'lpips_0=0.008856; ', 'codec_recon_0=0.013576; ', 'bpp_0=1.207076; ', 'mse_1=0.001099; ', 'lpips_1=0.007361; ', 'codec_recon_1=0.060675; ', 'bpp_1=0.300855; ', 'mse_2=0.000994; ', 'lpips_2=0.006734; ', 'codec_recon_2=0.013033; ', 'bpp_2=0.292033; ']
train step[1180/2000] ; used: 27m:22s; eta: 19m; loss = 0.127883; ['mse_0=0.001638; ', 'lpips_0=0.005244; ', 'codec_recon_0=0.014780; ', 'bpp_0=1.215716; ', 'mse_1=0.001269; ', 'lpips_1=0.004042; ', 'codec_recon_1=0.080966; ', 'bpp_1=0.303122; ', 'mse_2=0.001111; ', 'lpips_2=0.003429; ', 'codec_recon_2=0.015401; ', 'bpp_2=0.295187; ']
train step[1181/2000] ; used: 27m:23s; eta: 18m:58s; loss = 0.115837; ['mse_0=0.001886; ', 'lpips_0=0.005976; ', 'codec_recon_0=0.012811; ', 'bpp_0=1.201571; ', 'mse_1=0.001493; ', 'lpips_1=0.004954; ', 'codec_recon_1=0.069638; ', 'bpp_1=0.301831; ', 'mse_2=0.001409; ', 'lpips_2=0.004403; ', 'codec_recon_2=0.013264; ', 'bpp_2=0.293059; ']
train step[1182/2000] ; used: 27m:24s; eta: 18m:57s; loss = 0.171427; ['mse_0=0.004265; ', 'lpips_0=0.007292; ', 'codec_recon_0=0.015464; ', 'bpp_0=1.241846; ', 'mse_1=0.003540; ', 'lpips_1=0.005954; ', 'codec_recon_1=0.106511; ', 'bpp_1=0.305791; ', 'mse_2=0.003400; ', 'lpips_2=0.004964; ', 'codec_recon_2=0.020034; ', 'bpp_2=0.297541; ']
train step[1183/2000] ; used: 27m:25s; eta: 18m:55s; loss = 0.140327; ['mse_0=0.003976; ', 'lpips_0=0.005447; ', 'codec_recon_0=0.013302; ', 'bpp_0=1.217879; ', 'mse_1=0.003395; ', 'lpips_1=0.004287; ', 'codec_recon_1=0.088722; ', 'bpp_1=0.302886; ', 'mse_2=0.003124; ', 'lpips_2=0.003652; ', 'codec_recon_2=0.014419; ', 'bpp_2=0.294302; ']
train step[1184/2000] ; used: 27m:27s; eta: 18m:54s; loss = 0.162240; ['mse_0=0.002912; ', 'lpips_0=0.006888; ', 'codec_recon_0=0.015194; ', 'bpp_0=1.242641; ', 'mse_1=0.002325; ', 'lpips_1=0.005601; ', 'codec_recon_1=0.103285; ', 'bpp_1=0.303208; ', 'mse_2=0.002038; ', 'lpips_2=0.004657; ', 'codec_recon_2=0.019338; ', 'bpp_2=0.295130; ']
train step[1185/2000] ; used: 27m:28s; eta: 18m:52s; loss = 0.124457; ['mse_0=0.001044; ', 'lpips_0=0.007321; ', 'codec_recon_0=0.015431; ', 'bpp_0=1.214465; ', 'mse_1=0.000843; ', 'lpips_1=0.006009; ', 'codec_recon_1=0.071521; ', 'bpp_1=0.302198; ', 'mse_2=0.000737; ', 'lpips_2=0.005460; ', 'codec_recon_2=0.016089; ', 'bpp_2=0.294302; ']
train step[1186/2000] ; used: 27m:29s; eta: 18m:51s; loss = 0.143927; ['mse_0=0.001206; ', 'lpips_0=0.004737; ', 'codec_recon_0=0.014060; ', 'bpp_0=1.226973; ', 'mse_1=0.000892; ', 'lpips_1=0.003858; ', 'codec_recon_1=0.097204; ', 'bpp_1=0.303390; ', 'mse_2=0.000684; ', 'lpips_2=0.002948; ', 'codec_recon_2=0.018336; ', 'bpp_2=0.294686; ']
train step[1187/2000] ; used: 27m:30s; eta: 18m:49s; loss = 0.143170; ['mse_0=0.001409; ', 'lpips_0=0.006376; ', 'codec_recon_0=0.013860; ', 'bpp_0=1.226217; ', 'mse_1=0.001160; ', 'lpips_1=0.004820; ', 'codec_recon_1=0.093996; ', 'bpp_1=0.303711; ', 'mse_2=0.001057; ', 'lpips_2=0.004095; ', 'codec_recon_2=0.016396; ', 'bpp_2=0.295898; ']
train step[1188/2000] ; used: 27m:31s; eta: 18m:47s; loss = 0.165555; ['mse_0=0.004597; ', 'lpips_0=0.010833; ', 'codec_recon_0=0.014506; ', 'bpp_0=1.228287; ', 'mse_1=0.003945; ', 'lpips_1=0.009905; ', 'codec_recon_1=0.090880; ', 'bpp_1=0.303183; ', 'mse_2=0.003629; ', 'lpips_2=0.009028; ', 'codec_recon_2=0.018231; ', 'bpp_2=0.294818; ']
train step[1189/2000] ; used: 27m:32s; eta: 18m:46s; loss = 0.122108; ['mse_0=0.000646; ', 'lpips_0=0.004434; ', 'codec_recon_0=0.012876; ', 'bpp_0=1.221621; ', 'mse_1=0.000471; ', 'lpips_1=0.003315; ', 'codec_recon_1=0.081906; ', 'bpp_1=0.304204; ', 'mse_2=0.000404; ', 'lpips_2=0.002658; ', 'codec_recon_2=0.015397; ', 'bpp_2=0.294571; ']
train step[1190/2000] ; used: 27m:33s; eta: 18m:44s; loss = 0.119978; ['mse_0=0.001068; ', 'lpips_0=0.005256; ', 'codec_recon_0=0.012972; ', 'bpp_0=1.212924; ', 'mse_1=0.000754; ', 'lpips_1=0.003822; ', 'codec_recon_1=0.076339; ', 'bpp_1=0.302131; ', 'mse_2=0.000602; ', 'lpips_2=0.003119; ', 'codec_recon_2=0.016045; ', 'bpp_2=0.292816; ']
train step[1191/2000] ; used: 27m:34s; eta: 18m:43s; loss = 0.143491; ['mse_0=0.001171; ', 'lpips_0=0.005417; ', 'codec_recon_0=0.013828; ', 'bpp_0=1.219709; ', 'mse_1=0.000806; ', 'lpips_1=0.003380; ', 'codec_recon_1=0.098393; ', 'bpp_1=0.302749; ', 'mse_2=0.000548; ', 'lpips_2=0.002341; ', 'codec_recon_2=0.017606; ', 'bpp_2=0.294233; ']
train step[1192/2000] ; used: 27m:35s; eta: 18m:41s; loss = 0.123703; ['mse_0=0.001140; ', 'lpips_0=0.005983; ', 'codec_recon_0=0.013427; ', 'bpp_0=1.227684; ', 'mse_1=0.000976; ', 'lpips_1=0.004734; ', 'codec_recon_1=0.075911; ', 'bpp_1=0.303583; ', 'mse_2=0.000914; ', 'lpips_2=0.004132; ', 'codec_recon_2=0.016484; ', 'bpp_2=0.294070; ']
train step[1193/2000] ; used: 27m:37s; eta: 18m:40s; loss = 0.131821; ['mse_0=0.001830; ', 'lpips_0=0.005788; ', 'codec_recon_0=0.012461; ', 'bpp_0=1.218334; ', 'mse_1=0.001458; ', 'lpips_1=0.004730; ', 'codec_recon_1=0.086225; ', 'bpp_1=0.304374; ', 'mse_2=0.001211; ', 'lpips_2=0.004080; ', 'codec_recon_2=0.014037; ', 'bpp_2=0.294567; ']
train step[1194/2000] ; used: 27m:38s; eta: 18m:38s; loss = 0.159241; ['mse_0=0.002573; ', 'lpips_0=0.007104; ', 'codec_recon_0=0.014719; ', 'bpp_0=1.241131; ', 'mse_1=0.002403; ', 'lpips_1=0.005999; ', 'codec_recon_1=0.100867; ', 'bpp_1=0.305806; ', 'mse_2=0.002344; ', 'lpips_2=0.005342; ', 'codec_recon_2=0.017888; ', 'bpp_2=0.297925; ']
train step[1195/2000] ; used: 27m:39s; eta: 18m:36s; loss = 0.152737; ['mse_0=0.001750; ', 'lpips_0=0.006522; ', 'codec_recon_0=0.013088; ', 'bpp_0=1.223525; ', 'mse_1=0.001383; ', 'lpips_1=0.005204; ', 'codec_recon_1=0.101026; ', 'bpp_1=0.302415; ', 'mse_2=0.001168; ', 'lpips_2=0.004370; ', 'codec_recon_2=0.018224; ', 'bpp_2=0.294660; ']
train step[1196/2000] ; used: 27m:40s; eta: 18m:35s; loss = 0.162961; ['mse_0=0.002095; ', 'lpips_0=0.007963; ', 'codec_recon_0=0.014389; ', 'bpp_0=1.238380; ', 'mse_1=0.001678; ', 'lpips_1=0.005793; ', 'codec_recon_1=0.105919; ', 'bpp_1=0.304614; ', 'mse_2=0.001432; ', 'lpips_2=0.004539; ', 'codec_recon_2=0.019150; ', 'bpp_2=0.296289; ']
train step[1197/2000] ; used: 27m:41s; eta: 18m:33s; loss = 0.177015; ['mse_0=0.005110; ', 'lpips_0=0.009930; ', 'codec_recon_0=0.014964; ', 'bpp_0=1.228110; ', 'mse_1=0.004530; ', 'lpips_1=0.008629; ', 'codec_recon_1=0.103183; ', 'bpp_1=0.305024; ', 'mse_2=0.004275; ', 'lpips_2=0.007628; ', 'codec_recon_2=0.018764; ', 'bpp_2=0.296102; ']
train step[1198/2000] ; used: 27m:42s; eta: 18m:32s; loss = 0.152839; ['mse_0=0.007104; ', 'lpips_0=0.006857; ', 'codec_recon_0=0.014309; ', 'bpp_0=1.218466; ', 'mse_1=0.006654; ', 'lpips_1=0.005710; ', 'codec_recon_1=0.084787; ', 'bpp_1=0.304093; ', 'mse_2=0.006735; ', 'lpips_2=0.005149; ', 'codec_recon_2=0.015532; ', 'bpp_2=0.295232; ']
train step[1199/2000] ; used: 27m:43s; eta: 18m:30s; loss = 0.127070; ['mse_0=0.000898; ', 'lpips_0=0.004693; ', 'codec_recon_0=0.012101; ', 'bpp_0=1.218478; ', 'mse_1=0.000623; ', 'lpips_1=0.003571; ', 'codec_recon_1=0.086700; ', 'bpp_1=0.303644; ', 'mse_2=0.000487; ', 'lpips_2=0.003007; ', 'codec_recon_2=0.014988; ', 'bpp_2=0.295047; ']
train step[1200/2000] ; used: 27m:44s; eta: 18m:29s; loss = 0.168408; ['mse_0=0.003859; ', 'lpips_0=0.007926; ', 'codec_recon_0=0.016801; ', 'bpp_0=1.235166; ', 'mse_1=0.003678; ', 'lpips_1=0.007086; ', 'codec_recon_1=0.101589; ', 'bpp_1=0.304366; ', 'mse_2=0.003732; ', 'lpips_2=0.006392; ', 'codec_recon_2=0.017344; ', 'bpp_2=0.295279; ']
train step[1201/2000] ; used: 27m:45s; eta: 18m:27s; loss = 0.123068; ['mse_0=0.001537; ', 'lpips_0=0.006350; ', 'codec_recon_0=0.012061; ', 'bpp_0=1.214232; ', 'mse_1=0.001259; ', 'lpips_1=0.004890; ', 'codec_recon_1=0.077837; ', 'bpp_1=0.303267; ', 'mse_2=0.001060; ', 'lpips_2=0.003859; ', 'codec_recon_2=0.014213; ', 'bpp_2=0.293116; ']
train step[1202/2000] ; used: 27m:47s; eta: 18m:25s; loss = 0.110411; ['mse_0=0.003038; ', 'lpips_0=0.007295; ', 'codec_recon_0=0.011995; ', 'bpp_0=1.209585; ', 'mse_1=0.002757; ', 'lpips_1=0.006157; ', 'codec_recon_1=0.059127; ', 'bpp_1=0.301916; ', 'mse_2=0.002819; ', 'lpips_2=0.005455; ', 'codec_recon_2=0.011766; ', 'bpp_2=0.290985; ']
train step[1203/2000] ; used: 27m:48s; eta: 18m:24s; loss = 0.105859; ['mse_0=0.001293; ', 'lpips_0=0.005109; ', 'codec_recon_0=0.012003; ', 'bpp_0=1.200937; ', 'mse_1=0.001135; ', 'lpips_1=0.004240; ', 'codec_recon_1=0.063912; ', 'bpp_1=0.301937; ', 'mse_2=0.001102; ', 'lpips_2=0.003937; ', 'codec_recon_2=0.013127; ', 'bpp_2=0.292941; ']
train step[1204/2000] ; used: 27m:49s; eta: 18m:22s; loss = 0.100616; ['mse_0=0.001506; ', 'lpips_0=0.006672; ', 'codec_recon_0=0.011174; ', 'bpp_0=1.212452; ', 'mse_1=0.001300; ', 'lpips_1=0.005746; ', 'codec_recon_1=0.056096; ', 'bpp_1=0.302073; ', 'mse_2=0.001298; ', 'lpips_2=0.005136; ', 'codec_recon_2=0.011687; ', 'bpp_2=0.292687; ']
train step[1205/2000] ; used: 27m:50s; eta: 18m:21s; loss = 0.127210; ['mse_0=0.001205; ', 'lpips_0=0.005327; ', 'codec_recon_0=0.012125; ', 'bpp_0=1.224855; ', 'mse_1=0.000960; ', 'lpips_1=0.004229; ', 'codec_recon_1=0.084679; ', 'bpp_1=0.304000; ', 'mse_2=0.000799; ', 'lpips_2=0.003566; ', 'codec_recon_2=0.014318; ', 'bpp_2=0.293165; ']
train step[1206/2000] ; used: 27m:51s; eta: 18m:19s; loss = 0.105097; ['mse_0=0.000719; ', 'lpips_0=0.004300; ', 'codec_recon_0=0.011754; ', 'bpp_0=1.198123; ', 'mse_1=0.000524; ', 'lpips_1=0.003400; ', 'codec_recon_1=0.067997; ', 'bpp_1=0.302970; ', 'mse_2=0.000452; ', 'lpips_2=0.003066; ', 'codec_recon_2=0.012884; ', 'bpp_2=0.292050; ']
train step[1207/2000] ; used: 27m:52s; eta: 18m:18s; loss = 0.128248; ['mse_0=0.001489; ', 'lpips_0=0.006776; ', 'codec_recon_0=0.011746; ', 'bpp_0=1.192274; ', 'mse_1=0.001137; ', 'lpips_1=0.006140; ', 'codec_recon_1=0.079903; ', 'bpp_1=0.301274; ', 'mse_2=0.001039; ', 'lpips_2=0.005801; ', 'codec_recon_2=0.014215; ', 'bpp_2=0.292816; ']
train step[1208/2000] ; used: 27m:53s; eta: 18m:16s; loss = 0.117178; ['mse_0=0.001706; ', 'lpips_0=0.005146; ', 'codec_recon_0=0.011928; ', 'bpp_0=1.198875; ', 'mse_1=0.001389; ', 'lpips_1=0.003938; ', 'codec_recon_1=0.076028; ', 'bpp_1=0.302570; ', 'mse_2=0.001154; ', 'lpips_2=0.003378; ', 'codec_recon_2=0.012510; ', 'bpp_2=0.292741; ']
train step[1209/2000] ; used: 27m:54s; eta: 18m:14s; loss = 0.125449; ['mse_0=0.004227; ', 'lpips_0=0.008562; ', 'codec_recon_0=0.012060; ', 'bpp_0=1.218349; ', 'mse_1=0.003749; ', 'lpips_1=0.007384; ', 'codec_recon_1=0.065113; ', 'bpp_1=0.303969; ', 'mse_2=0.003665; ', 'lpips_2=0.006712; ', 'codec_recon_2=0.013975; ', 'bpp_2=0.293995; ']
train step[1210/2000] ; used: 27m:56s; eta: 18m:13s; loss = 0.132635; ['mse_0=0.001635; ', 'lpips_0=0.004904; ', 'codec_recon_0=0.012722; ', 'bpp_0=1.231488; ', 'mse_1=0.001275; ', 'lpips_1=0.003818; ', 'codec_recon_1=0.086724; ', 'bpp_1=0.303862; ', 'mse_2=0.001229; ', 'lpips_2=0.003039; ', 'codec_recon_2=0.017287; ', 'bpp_2=0.294858; ']
train step[1211/2000] ; used: 27m:57s; eta: 18m:11s; loss = 0.114601; ['mse_0=0.001807; ', 'lpips_0=0.005745; ', 'codec_recon_0=0.011515; ', 'bpp_0=1.209553; ', 'mse_1=0.001450; ', 'lpips_1=0.004667; ', 'codec_recon_1=0.070684; ', 'bpp_1=0.303778; ', 'mse_2=0.001361; ', 'lpips_2=0.004002; ', 'codec_recon_2=0.013367; ', 'bpp_2=0.294174; ']
train step[1212/2000] ; used: 27m:58s; eta: 18m:10s; loss = 0.111613; ['mse_0=0.000973; ', 'lpips_0=0.005518; ', 'codec_recon_0=0.011650; ', 'bpp_0=1.206342; ', 'mse_1=0.000862; ', 'lpips_1=0.004633; ', 'codec_recon_1=0.068986; ', 'bpp_1=0.301354; ', 'mse_2=0.000732; ', 'lpips_2=0.003899; ', 'codec_recon_2=0.014358; ', 'bpp_2=0.293671; ']
train step[1213/2000] ; used: 27m:59s; eta: 18m:8s; loss = 0.132179; ['mse_0=0.003815; ', 'lpips_0=0.006813; ', 'codec_recon_0=0.012789; ', 'bpp_0=1.223620; ', 'mse_1=0.003530; ', 'lpips_1=0.005368; ', 'codec_recon_1=0.076960; ', 'bpp_1=0.302538; ', 'mse_2=0.003475; ', 'lpips_2=0.004803; ', 'codec_recon_2=0.014625; ', 'bpp_2=0.294361; ']
train step[1214/2000] ; used: 28m; eta: 18m:7s; loss = 0.186238; ['mse_0=0.003101; ', 'lpips_0=0.006227; ', 'codec_recon_0=0.014577; ', 'bpp_0=1.248017; ', 'mse_1=0.002485; ', 'lpips_1=0.004531; ', 'codec_recon_1=0.129400; ', 'bpp_1=0.304542; ', 'mse_2=0.002184; ', 'lpips_2=0.003328; ', 'codec_recon_2=0.020403; ', 'bpp_2=0.297141; ']
train step[1215/2000] ; used: 28m:1s; eta: 18m:5s; loss = 0.134022; ['mse_0=0.001103; ', 'lpips_0=0.004755; ', 'codec_recon_0=0.012278; ', 'bpp_0=1.216492; ', 'mse_1=0.000850; ', 'lpips_1=0.003541; ', 'codec_recon_1=0.090633; ', 'bpp_1=0.302493; ', 'mse_2=0.000762; ', 'lpips_2=0.002871; ', 'codec_recon_2=0.017227; ', 'bpp_2=0.294336; ']
train step[1216/2000] ; used: 28m:2s; eta: 18m:3s; loss = 0.156200; ['mse_0=0.002463; ', 'lpips_0=0.007267; ', 'codec_recon_0=0.013013; ', 'bpp_0=1.234962; ', 'mse_1=0.001961; ', 'lpips_1=0.005468; ', 'codec_recon_1=0.101092; ', 'bpp_1=0.305365; ', 'mse_2=0.001510; ', 'lpips_2=0.004033; ', 'codec_recon_2=0.019391; ', 'bpp_2=0.296297; ']
train step[1217/2000] ; used: 28m:3s; eta: 18m:2s; loss = 0.109683; ['mse_0=0.001215; ', 'lpips_0=0.005984; ', 'codec_recon_0=0.010743; ', 'bpp_0=1.199785; ', 'mse_1=0.000826; ', 'lpips_1=0.004442; ', 'codec_recon_1=0.069647; ', 'bpp_1=0.303041; ', 'mse_2=0.000736; ', 'lpips_2=0.003712; ', 'codec_recon_2=0.012377; ', 'bpp_2=0.293277; ']
train step[1218/2000] ; used: 28m:4s; eta: 18m; loss = 0.098506; ['mse_0=0.000817; ', 'lpips_0=0.005316; ', 'codec_recon_0=0.010599; ', 'bpp_0=1.207386; ', 'mse_1=0.000529; ', 'lpips_1=0.003962; ', 'codec_recon_1=0.061249; ', 'bpp_1=0.303795; ', 'mse_2=0.000368; ', 'lpips_2=0.003080; ', 'codec_recon_2=0.012585; ', 'bpp_2=0.293079; ']
train step[1219/2000] ; used: 28m:5s; eta: 17m:59s; loss = 0.121989; ['mse_0=0.001350; ', 'lpips_0=0.005762; ', 'codec_recon_0=0.011679; ', 'bpp_0=1.208126; ', 'mse_1=0.001161; ', 'lpips_1=0.004697; ', 'codec_recon_1=0.077662; ', 'bpp_1=0.302696; ', 'mse_2=0.001096; ', 'lpips_2=0.004173; ', 'codec_recon_2=0.014406; ', 'bpp_2=0.293910; ']
train step[1220/2000] ; used: 28m:7s; eta: 17m:57s; loss = 0.121643; ['mse_0=0.001668; ', 'lpips_0=0.005228; ', 'codec_recon_0=0.011080; ', 'bpp_0=1.194927; ', 'mse_1=0.001280; ', 'lpips_1=0.004286; ', 'codec_recon_1=0.080102; ', 'bpp_1=0.301539; ', 'mse_2=0.001140; ', 'lpips_2=0.003776; ', 'codec_recon_2=0.013082; ', 'bpp_2=0.292269; ']
train step[1221/2000] ; used: 28m:8s; eta: 17m:56s; loss = 0.165322; ['mse_0=0.002987; ', 'lpips_0=0.005391; ', 'codec_recon_0=0.012631; ', 'bpp_0=1.226001; ', 'mse_1=0.001951; ', 'lpips_1=0.004050; ', 'codec_recon_1=0.112409; ', 'bpp_1=0.303992; ', 'mse_2=0.001563; ', 'lpips_2=0.003246; ', 'codec_recon_2=0.021092; ', 'bpp_2=0.294366; ']
train step[1222/2000] ; used: 28m:10s; eta: 17m:55s; loss = 0.153135; ['mse_0=0.001071; ', 'lpips_0=0.006152; ', 'codec_recon_0=0.013592; ', 'bpp_0=1.224038; ', 'mse_1=0.000896; ', 'lpips_1=0.004362; ', 'codec_recon_1=0.102266; ', 'bpp_1=0.304530; ', 'mse_2=0.000725; ', 'lpips_2=0.003518; ', 'codec_recon_2=0.020551; ', 'bpp_2=0.296293; ']
train step[1223/2000] ; used: 28m:11s; eta: 17m:53s; loss = 0.117731; ['mse_0=0.001317; ', 'lpips_0=0.005292; ', 'codec_recon_0=0.012843; ', 'bpp_0=1.216751; ', 'mse_1=0.000952; ', 'lpips_1=0.003930; ', 'codec_recon_1=0.074646; ', 'bpp_1=0.304501; ', 'mse_2=0.000883; ', 'lpips_2=0.003266; ', 'codec_recon_2=0.014600; ', 'bpp_2=0.294806; ']
train step[1224/2000] ; used: 28m:12s; eta: 17m:52s; loss = 0.123845; ['mse_0=0.001078; ', 'lpips_0=0.004775; ', 'codec_recon_0=0.012099; ', 'bpp_0=1.219592; ', 'mse_1=0.000842; ', 'lpips_1=0.003694; ', 'codec_recon_1=0.082510; ', 'bpp_1=0.302353; ', 'mse_2=0.000757; ', 'lpips_2=0.003156; ', 'codec_recon_2=0.014931; ', 'bpp_2=0.293315; ']
train step[1225/2000] ; used: 28m:13s; eta: 17m:50s; loss = 0.118641; ['mse_0=0.001878; ', 'lpips_0=0.005264; ', 'codec_recon_0=0.011787; ', 'bpp_0=1.200741; ', 'mse_1=0.001614; ', 'lpips_1=0.004285; ', 'codec_recon_1=0.074805; ', 'bpp_1=0.301587; ', 'mse_2=0.001529; ', 'lpips_2=0.003759; ', 'codec_recon_2=0.013719; ', 'bpp_2=0.292431; ']
train step[1226/2000] ; used: 28m:14s; eta: 17m:49s; loss = 0.110582; ['mse_0=0.001315; ', 'lpips_0=0.005281; ', 'codec_recon_0=0.010872; ', 'bpp_0=1.200642; ', 'mse_1=0.001045; ', 'lpips_1=0.003976; ', 'codec_recon_1=0.070715; ', 'bpp_1=0.302778; ', 'mse_2=0.000943; ', 'lpips_2=0.003413; ', 'codec_recon_2=0.013022; ', 'bpp_2=0.292477; ']
train step[1227/2000] ; used: 28m:15s; eta: 17m:47s; loss = 0.141673; ['mse_0=0.003236; ', 'lpips_0=0.006315; ', 'codec_recon_0=0.013147; ', 'bpp_0=1.227369; ', 'mse_1=0.002898; ', 'lpips_1=0.005188; ', 'codec_recon_1=0.087295; ', 'bpp_1=0.303938; ', 'mse_2=0.002889; ', 'lpips_2=0.004395; ', 'codec_recon_2=0.016307; ', 'bpp_2=0.295159; ']
train step[1228/2000] ; used: 28m:16s; eta: 17m:45s; loss = 0.117051; ['mse_0=0.001308; ', 'lpips_0=0.005753; ', 'codec_recon_0=0.011706; ', 'bpp_0=1.198086; ', 'mse_1=0.001085; ', 'lpips_1=0.004941; ', 'codec_recon_1=0.074129; ', 'bpp_1=0.301180; ', 'mse_2=0.000962; ', 'lpips_2=0.004543; ', 'codec_recon_2=0.012621; ', 'bpp_2=0.291952; ']
train step[1229/2000] ; used: 28m:17s; eta: 17m:44s; loss = 0.179233; ['mse_0=0.001475; ', 'lpips_0=0.007003; ', 'codec_recon_0=0.013880; ', 'bpp_0=1.233486; ', 'mse_1=0.001099; ', 'lpips_1=0.005136; ', 'codec_recon_1=0.124127; ', 'bpp_1=0.304808; ', 'mse_2=0.000898; ', 'lpips_2=0.003966; ', 'codec_recon_2=0.021646; ', 'bpp_2=0.297328; ']
train step[1230/2000] ; used: 28m:19s; eta: 17m:42s; loss = 0.115085; ['mse_0=0.002254; ', 'lpips_0=0.005467; ', 'codec_recon_0=0.011422; ', 'bpp_0=1.208648; ', 'mse_1=0.001973; ', 'lpips_1=0.004520; ', 'codec_recon_1=0.070176; ', 'bpp_1=0.303473; ', 'mse_2=0.001892; ', 'lpips_2=0.003850; ', 'codec_recon_2=0.013531; ', 'bpp_2=0.294127; ']
train step[1231/2000] ; used: 28m:20s; eta: 17m:41s; loss = 0.128206; ['mse_0=0.001130; ', 'lpips_0=0.004593; ', 'codec_recon_0=0.011014; ', 'bpp_0=1.211537; ', 'mse_1=0.001014; ', 'lpips_1=0.003690; ', 'codec_recon_1=0.087290; ', 'bpp_1=0.302816; ', 'mse_2=0.000898; ', 'lpips_2=0.003244; ', 'codec_recon_2=0.015331; ', 'bpp_2=0.294301; ']
train step[1232/2000] ; used: 28m:21s; eta: 17m:39s; loss = 0.154056; ['mse_0=0.002743; ', 'lpips_0=0.007707; ', 'codec_recon_0=0.012936; ', 'bpp_0=1.222758; ', 'mse_1=0.002382; ', 'lpips_1=0.006834; ', 'codec_recon_1=0.093446; ', 'bpp_1=0.304041; ', 'mse_2=0.002194; ', 'lpips_2=0.006137; ', 'codec_recon_2=0.019675; ', 'bpp_2=0.296148; ']
train step[1233/2000] ; used: 28m:22s; eta: 17m:38s; loss = 0.144029; ['mse_0=0.001600; ', 'lpips_0=0.005161; ', 'codec_recon_0=0.013171; ', 'bpp_0=1.212420; ', 'mse_1=0.001338; ', 'lpips_1=0.004175; ', 'codec_recon_1=0.096783; ', 'bpp_1=0.303521; ', 'mse_2=0.001142; ', 'lpips_2=0.003590; ', 'codec_recon_2=0.017066; ', 'bpp_2=0.295409; ']
train step[1234/2000] ; used: 28m:23s; eta: 17m:36s; loss = 0.101463; ['mse_0=0.001393; ', 'lpips_0=0.005029; ', 'codec_recon_0=0.011365; ', 'bpp_0=1.183855; ', 'mse_1=0.001284; ', 'lpips_1=0.004177; ', 'codec_recon_1=0.059579; ', 'bpp_1=0.299693; ', 'mse_2=0.001284; ', 'lpips_2=0.003760; ', 'codec_recon_2=0.013590; ', 'bpp_2=0.289354; ']
train step[1235/2000] ; used: 28m:24s; eta: 17m:35s; loss = 0.158961; ['mse_0=0.002664; ', 'lpips_0=0.007816; ', 'codec_recon_0=0.013560; ', 'bpp_0=1.215151; ', 'mse_1=0.002456; ', 'lpips_1=0.006578; ', 'codec_recon_1=0.097858; ', 'bpp_1=0.303701; ', 'mse_2=0.002361; ', 'lpips_2=0.005917; ', 'codec_recon_2=0.019749; ', 'bpp_2=0.294526; ']
train step[1236/2000] ; used: 28m:25s; eta: 17m:33s; loss = 0.124473; ['mse_0=0.001177; ', 'lpips_0=0.006162; ', 'codec_recon_0=0.011573; ', 'bpp_0=1.215806; ', 'mse_1=0.000988; ', 'lpips_1=0.005196; ', 'codec_recon_1=0.079136; ', 'bpp_1=0.302916; ', 'mse_2=0.000882; ', 'lpips_2=0.004548; ', 'codec_recon_2=0.014809; ', 'bpp_2=0.294730; ']
train step[1237/2000] ; used: 28m:26s; eta: 17m:31s; loss = 0.160778; ['mse_0=0.001655; ', 'lpips_0=0.006720; ', 'codec_recon_0=0.013052; ', 'bpp_0=1.216319; ', 'mse_1=0.001329; ', 'lpips_1=0.005586; ', 'codec_recon_1=0.107904; ', 'bpp_1=0.304655; ', 'mse_2=0.001012; ', 'lpips_2=0.004418; ', 'codec_recon_2=0.019101; ', 'bpp_2=0.295470; ']
train step[1238/2000] ; used: 28m:27s; eta: 17m:30s; loss = 0.198821; ['mse_0=0.003999; ', 'lpips_0=0.008580; ', 'codec_recon_0=0.014837; ', 'bpp_0=1.253226; ', 'mse_1=0.003415; ', 'lpips_1=0.006977; ', 'codec_recon_1=0.129469; ', 'bpp_1=0.304032; ', 'mse_2=0.002976; ', 'lpips_2=0.005573; ', 'codec_recon_2=0.022993; ', 'bpp_2=0.296677; ']
train step[1239/2000] ; used: 28m:28s; eta: 17m:28s; loss = 0.202107; ['mse_0=0.003167; ', 'lpips_0=0.009559; ', 'codec_recon_0=0.014335; ', 'bpp_0=1.227365; ', 'mse_1=0.002702; ', 'lpips_1=0.008274; ', 'codec_recon_1=0.127338; ', 'bpp_1=0.304080; ', 'mse_2=0.002604; ', 'lpips_2=0.006953; ', 'codec_recon_2=0.027173; ', 'bpp_2=0.295942; ']
train step[1240/2000] ; used: 28m:30s; eta: 17m:27s; loss = 0.110763; ['mse_0=0.001563; ', 'lpips_0=0.005006; ', 'codec_recon_0=0.011411; ', 'bpp_0=1.213428; ', 'mse_1=0.001185; ', 'lpips_1=0.003783; ', 'codec_recon_1=0.070643; ', 'bpp_1=0.302958; ', 'mse_2=0.001091; ', 'lpips_2=0.003202; ', 'codec_recon_2=0.012878; ', 'bpp_2=0.292976; ']
train step[1241/2000] ; used: 28m:31s; eta: 17m:25s; loss = 0.150649; ['mse_0=0.002587; ', 'lpips_0=0.008344; ', 'codec_recon_0=0.013151; ', 'bpp_0=1.228959; ', 'mse_1=0.002263; ', 'lpips_1=0.007282; ', 'codec_recon_1=0.091208; ', 'bpp_1=0.304727; ', 'mse_2=0.002109; ', 'lpips_2=0.006583; ', 'codec_recon_2=0.017122; ', 'bpp_2=0.296507; ']
train step[1242/2000] ; used: 28m:32s; eta: 17m:24s; loss = 0.118870; ['mse_0=0.002256; ', 'lpips_0=0.006273; ', 'codec_recon_0=0.012003; ', 'bpp_0=1.208884; ', 'mse_1=0.001942; ', 'lpips_1=0.005190; ', 'codec_recon_1=0.070732; ', 'bpp_1=0.303547; ', 'mse_2=0.001820; ', 'lpips_2=0.004525; ', 'codec_recon_2=0.014126; ', 'bpp_2=0.294176; ']
train step[1243/2000] ; used: 28m:33s; eta: 17m:22s; loss = 0.147638; ['mse_0=0.001627; ', 'lpips_0=0.006981; ', 'codec_recon_0=0.012621; ', 'bpp_0=1.212168; ', 'mse_1=0.001274; ', 'lpips_1=0.005589; ', 'codec_recon_1=0.093304; ', 'bpp_1=0.303384; ', 'mse_2=0.001183; ', 'lpips_2=0.004911; ', 'codec_recon_2=0.020146; ', 'bpp_2=0.294529; ']
train step[1244/2000] ; used: 28m:34s; eta: 17m:21s; loss = 0.096666; ['mse_0=0.000975; ', 'lpips_0=0.005227; ', 'codec_recon_0=0.011363; ', 'bpp_0=1.180634; ', 'mse_1=0.000748; ', 'lpips_1=0.004271; ', 'codec_recon_1=0.058146; ', 'bpp_1=0.301865; ', 'mse_2=0.000664; ', 'lpips_2=0.003717; ', 'codec_recon_2=0.011553; ', 'bpp_2=0.290402; ']
train step[1245/2000] ; used: 28m:35s; eta: 17m:19s; loss = 0.099299; ['mse_0=0.001439; ', 'lpips_0=0.005587; ', 'codec_recon_0=0.011400; ', 'bpp_0=1.202059; ', 'mse_1=0.001355; ', 'lpips_1=0.004627; ', 'codec_recon_1=0.057356; ', 'bpp_1=0.303496; ', 'mse_2=0.001264; ', 'lpips_2=0.004248; ', 'codec_recon_2=0.012022; ', 'bpp_2=0.293796; ']
train step[1246/2000] ; used: 28m:36s; eta: 17m:18s; loss = 0.126969; ['mse_0=0.003991; ', 'lpips_0=0.005842; ', 'codec_recon_0=0.012669; ', 'bpp_0=1.213563; ', 'mse_1=0.003528; ', 'lpips_1=0.004665; ', 'codec_recon_1=0.073677; ', 'bpp_1=0.304037; ', 'mse_2=0.003388; ', 'lpips_2=0.004100; ', 'codec_recon_2=0.015107; ', 'bpp_2=0.294358; ']
train step[1247/2000] ; used: 28m:37s; eta: 17m:16s; loss = 0.127006; ['mse_0=0.001638; ', 'lpips_0=0.005039; ', 'codec_recon_0=0.012080; ', 'bpp_0=1.207435; ', 'mse_1=0.001190; ', 'lpips_1=0.003714; ', 'codec_recon_1=0.084682; ', 'bpp_1=0.303829; ', 'mse_2=0.000906; ', 'lpips_2=0.002880; ', 'codec_recon_2=0.014875; ', 'bpp_2=0.294951; ']
train step[1248/2000] ; used: 28m:39s; eta: 17m:14s; loss = 0.124102; ['mse_0=0.001448; ', 'lpips_0=0.005518; ', 'codec_recon_0=0.012712; ', 'bpp_0=1.216234; ', 'mse_1=0.001100; ', 'lpips_1=0.004480; ', 'codec_recon_1=0.077836; ', 'bpp_1=0.304715; ', 'mse_2=0.000892; ', 'lpips_2=0.003653; ', 'codec_recon_2=0.016462; ', 'bpp_2=0.296075; ']
train step[1249/2000] ; used: 28m:40s; eta: 17m:13s; loss = 0.142010; ['mse_0=0.001979; ', 'lpips_0=0.006015; ', 'codec_recon_0=0.013117; ', 'bpp_0=1.210561; ', 'mse_1=0.001523; ', 'lpips_1=0.004937; ', 'codec_recon_1=0.090593; ', 'bpp_1=0.303511; ', 'mse_2=0.001099; ', 'lpips_2=0.003496; ', 'codec_recon_2=0.019248; ', 'bpp_2=0.295418; ']
validation step on 1250 1/100; scene = ['5aca87f95a9412c6']; context = [[58, 133]]
validation step on 1250 2/100; scene = ['bc95e5c7e357f1b7']; context = [[35, 91]]
validation step on 1250 3/100; scene = ['34b0658a5c200cdf']; context = [[0, 70]]
validation step on 1250 4/100; scene = ['28e8300e004ab30b']; context = [[3, 68]]
validation step on 1250 5/100; scene = ['6558c5f10d45a929']; context = [[43, 160]]
validation step on 1250 6/100; scene = ['89ea49cd9865aeff']; context = [[31, 81]]
validation step on 1250 7/100; scene = ['ed477bdf8582adff']; context = [[40, 85]]
validation step on 1250 8/100; scene = ['57d3409bf04c4651']; context = [[0, 45]]
validation step on 1250 9/100; scene = ['aadc1e2dc74fd644']; context = [[2, 52]]
validation step on 1250 10/100; scene = ['cd74b1244d112628']; context = [[63, 110]]
validation step on 1250 11/100; scene = ['57d25dafabb5a238']; context = [[32, 104]]
validation step on 1250 12/100; scene = ['e4f4574df7938f37']; context = [[0, 115]]
validation step on 1250 13/100; scene = ['20d86cff490c0c42']; context = [[18, 69]]
validation step on 1250 14/100; scene = ['0c4c5d5f751aabf5']; context = [[12, 57]]
validation step on 1250 15/100; scene = ['fea544b472e9abd1']; context = [[12, 93]]
validation step on 1250 16/100; scene = ['656381bea665bf3d']; context = [[27, 75]]
validation step on 1250 17/100; scene = ['322261824c4a3003']; context = [[33, 78]]
validation step on 1250 18/100; scene = ['f7c0fa5b81552d35']; context = [[11, 64]]
validation step on 1250 19/100; scene = ['a56ba2efb5e3fdd9']; context = [[33, 92]]
validation step on 1250 20/100; scene = ['c48f19e2ffa52523']; context = [[195, 264]]
validation step on 1250 21/100; scene = ['1214f2a11a9fc1ed']; context = [[103, 215]]
validation step on 1250 22/100; scene = ['a9b3ff60b213e099']; context = [[32, 96]]
validation step on 1250 23/100; scene = ['a6fa92e8204f6118']; context = [[2, 66]]
validation step on 1250 24/100; scene = ['21e794f71e31becb']; context = [[72, 180]]
validation step on 1250 25/100; scene = ['f7d916b43193c181']; context = [[7, 61]]
validation step on 1250 26/100; scene = ['84ab392d682f296b']; context = [[43, 120]]
validation step on 1250 27/100; scene = ['6771a51bf0cfce7f']; context = [[152, 199]]
validation step on 1250 28/100; scene = ['17d9303ee77c3a3d']; context = [[17, 63]]
validation step on 1250 29/100; scene = ['ffa95c3b40609c76']; context = [[120, 213]]
validation step on 1250 30/100; scene = ['a47b88040452d7d9']; context = [[35, 97]]
validation step on 1250 31/100; scene = ['0d4de33c6888a754']; context = [[2, 57]]
validation step on 1250 32/100; scene = ['41bcd011f99bfb66']; context = [[4, 50]]
validation step on 1250 33/100; scene = ['67a69088a2695987']; context = [[6, 86]]
validation step on 1250 34/100; scene = ['b4099665590548fc']; context = [[23, 74]]
validation step on 1250 35/100; scene = ['9e2a8cc5f32dd46b']; context = [[75, 151]]
validation step on 1250 36/100; scene = ['2e109379f53bb221']; context = [[35, 108]]
validation step on 1250 37/100; scene = ['8adebbb68f2c3f84']; context = [[72, 131]]
validation step on 1250 38/100; scene = ['29e0bfbad00f0d5e']; context = [[8, 100]]
validation step on 1250 39/100; scene = ['debc3490ba0bd84b']; context = [[34, 81]]
validation step on 1250 40/100; scene = ['7c7bc5285126e6ad']; context = [[64, 126]]
validation step on 1250 41/100; scene = ['cdf439b17a6a98d4']; context = [[31, 77]]
validation step on 1250 42/100; scene = ['cb38d67088b66084']; context = [[49, 106]]
validation step on 1250 43/100; scene = ['2da2eeb966bc0ef8']; context = [[30, 94]]
validation step on 1250 44/100; scene = ['bb4d7012261ee0ed']; context = [[0, 46]]
validation step on 1250 45/100; scene = ['9e1f1beb4ba8e5da']; context = [[9, 73]]
validation step on 1250 46/100; scene = ['26b31d71789bffad']; context = [[3, 57]]
validation step on 1250 47/100; scene = ['41abd737e0228c1a']; context = [[81, 127]]
validation step on 1250 48/100; scene = ['ed0c2aca14b99efa']; context = [[62, 119]]
validation step on 1250 49/100; scene = ['8d5163de9ea4d851']; context = [[39, 85]]
validation step on 1250 50/100; scene = ['81be42df6ccae760']; context = [[13, 107]]
validation step on 1250 51/100; scene = ['6fe141ec9be1a432']; context = [[12, 73]]
validation step on 1250 52/100; scene = ['3b6d8db52c54b174']; context = [[0, 80]]
validation step on 1250 53/100; scene = ['3087828bc27bc4c7']; context = [[15, 96]]
validation step on 1250 54/100; scene = ['e124dfa7e996a414']; context = [[48, 93]]
validation step on 1250 55/100; scene = ['e1afd89a69ee6947']; context = [[34, 113]]
validation step on 1250 56/100; scene = ['79ce50fb7b021e1d']; context = [[212, 278]]
validation step on 1250 57/100; scene = ['358bdee988c269ef']; context = [[3, 95]]
validation step on 1250 58/100; scene = ['f14791aec34dbdcd']; context = [[5, 59]]
validation step on 1250 59/100; scene = ['0c52996355b23d76']; context = [[51, 111]]
validation step on 1250 60/100; scene = ['62bcb465bb03d34f']; context = [[6, 84]]
validation step on 1250 61/100; scene = ['1f0e06e4388dd600']; context = [[44, 96]]
validation step on 1250 62/100; scene = ['c9c30723d7c54793']; context = [[152, 247]]
validation step on 1250 63/100; scene = ['8b212f2755d955ec']; context = [[40, 110]]
validation step on 1250 64/100; scene = ['de67e3a0b0648cfe']; context = [[16, 72]]
validation step on 1250 65/100; scene = ['54841308aff91857']; context = [[27, 86]]
validation step on 1250 66/100; scene = ['40ca76de44a6e1a9']; context = [[43, 107]]
validation step on 1250 67/100; scene = ['bc143130c1842e4b']; context = [[29, 133]]
validation step on 1250 68/100; scene = ['912177dbf0a1ed6c']; context = [[3, 60]]
validation step on 1250 69/100; scene = ['afe4e799a94e06b3']; context = [[54, 150]]
validation step on 1250 70/100; scene = ['17f552ef56d85c55']; context = [[20, 86]]
validation step on 1250 71/100; scene = ['a7c691c210154b09']; context = [[0, 50]]
validation step on 1250 72/100; scene = ['9490f1219dbbb6ce']; context = [[17, 72]]
validation step on 1250 73/100; scene = ['154365ab5a4e067b']; context = [[2, 48]]
validation step on 1250 74/100; scene = ['ab4c269f8d523d02']; context = [[18, 72]]
validation step on 1250 75/100; scene = ['75d475e9558ab806']; context = [[1, 46]]
validation step on 1250 76/100; scene = ['fdaab1f49851782c']; context = [[31, 142]]
validation step on 1250 77/100; scene = ['2d4efa3897a4ba2d']; context = [[4, 58]]
validation step on 1250 78/100; scene = ['14f477e7d5af5b91']; context = [[17, 72]]
validation step on 1250 79/100; scene = ['de45926738229f67']; context = [[22, 84]]
validation step on 1250 80/100; scene = ['5c909c802eb6edb1']; context = [[13, 78]]
validation step on 1250 81/100; scene = ['aa91dfdd5f4ad32b']; context = [[8, 57]]
validation step on 1250 82/100; scene = ['88d9ba3324f2ec21']; context = [[2, 49]]
validation step on 1250 83/100; scene = ['622ef98e83ed5239']; context = [[3, 66]]
validation step on 1250 84/100; scene = ['30fc5fc78c5a716e']; context = [[151, 210]]
validation step on 1250 85/100; scene = ['8b760ac05c93a6bb']; context = [[26, 72]]
validation step on 1250 86/100; scene = ['800ea72b6988f63e']; context = [[141, 190]]
validation step on 1250 87/100; scene = ['674dabef8f53b566']; context = [[9, 91]]
validation step on 1250 88/100; scene = ['d3a01038c5f21473']; context = [[139, 273]]
validation step on 1250 89/100; scene = ['3e5f747d06bc84a3']; context = [[85, 190]]
validation step on 1250 90/100; scene = ['bb6fa5bdafc14e8c']; context = [[43, 139]]
validation step on 1250 91/100; scene = ['052430ff6e2c07c4']; context = [[19, 92]]
validation step on 1250 92/100; scene = ['0588138dfec165a1']; context = [[70, 160]]
validation step on 1250 93/100; scene = ['e4bcb18fa6aa91be']; context = [[32, 79]]
validation step on 1250 94/100; scene = ['4c4fa41951e37e78']; context = [[8, 60]]
validation step on 1250 95/100; scene = ['252a24d25a1ea81d']; context = [[198, 263]]
validation step on 1250 96/100; scene = ['214df1c2863d2959']; context = [[45, 96]]
validation step on 1250 97/100; scene = ['bfd27ad72975e120']; context = [[8, 55]]
validation step on 1250 98/100; scene = ['572acd18419c3456']; context = [[3, 62]]
validation step on 1250 99/100; scene = ['b26e6c80d283c4c8']; context = [[46, 92]]
validation step on 1250 100/100; scene = ['10c8e54590f715f7']; context = [[6, 76]]
train step[1250/2000] ; used: 29m:38s; eta: 17m:46s; loss = 0.138737; ['mse_0=0.004684; ', 'lpips_0=0.007662; ', 'codec_recon_0=0.011020; ', 'bpp_0=1.195278; ', 'mse_1=0.004081; ', 'lpips_1=0.006590; ', 'codec_recon_1=0.080481; ', 'bpp_1=0.301397; ', 'mse_2=0.003074; ', 'lpips_2=0.004603; ', 'codec_recon_2=0.016541; ', 'bpp_2=0.293571; ']
train step[1251/2000] ; used: 29m:39s; eta: 17m:44s; loss = 0.104646; ['mse_0=0.001746; ', 'lpips_0=0.005087; ', 'codec_recon_0=0.010616; ', 'bpp_0=1.190324; ', 'mse_1=0.001506; ', 'lpips_1=0.003962; ', 'codec_recon_1=0.064202; ', 'bpp_1=0.303202; ', 'mse_2=0.001468; ', 'lpips_2=0.003405; ', 'codec_recon_2=0.012652; ', 'bpp_2=0.293110; ']
train step[1252/2000] ; used: 29m:41s; eta: 17m:43s; loss = 0.117661; ['mse_0=0.001749; ', 'lpips_0=0.005411; ', 'codec_recon_0=0.012550; ', 'bpp_0=1.197885; ', 'mse_1=0.001314; ', 'lpips_1=0.004426; ', 'codec_recon_1=0.073193; ', 'bpp_1=0.302141; ', 'mse_2=0.001107; ', 'lpips_2=0.003851; ', 'codec_recon_2=0.014059; ', 'bpp_2=0.292670; ']
train step[1253/2000] ; used: 29m:42s; eta: 17m:41s; loss = 0.134826; ['mse_0=0.002204; ', 'lpips_0=0.006298; ', 'codec_recon_0=0.012634; ', 'bpp_0=1.210123; ', 'mse_1=0.001791; ', 'lpips_1=0.004921; ', 'codec_recon_1=0.084505; ', 'bpp_1=0.303173; ', 'mse_2=0.001417; ', 'lpips_2=0.003462; ', 'codec_recon_2=0.017591; ', 'bpp_2=0.294365; ']
train step[1254/2000] ; used: 29m:43s; eta: 17m:39s; loss = 0.106902; ['mse_0=0.001451; ', 'lpips_0=0.006663; ', 'codec_recon_0=0.010905; ', 'bpp_0=1.207155; ', 'mse_1=0.001124; ', 'lpips_1=0.005665; ', 'codec_recon_1=0.061762; ', 'bpp_1=0.302870; ', 'mse_2=0.001064; ', 'lpips_2=0.005322; ', 'codec_recon_2=0.012942; ', 'bpp_2=0.293437; ']
train step[1255/2000] ; used: 29m:44s; eta: 17m:38s; loss = 0.166935; ['mse_0=0.002621; ', 'lpips_0=0.005850; ', 'codec_recon_0=0.013537; ', 'bpp_0=1.222336; ', 'mse_1=0.002074; ', 'lpips_1=0.004699; ', 'codec_recon_1=0.113263; ', 'bpp_1=0.304619; ', 'mse_2=0.001729; ', 'lpips_2=0.003595; ', 'codec_recon_2=0.019566; ', 'bpp_2=0.297137; ']
train step[1256/2000] ; used: 29m:45s; eta: 17m:36s; loss = 0.161771; ['mse_0=0.002937; ', 'lpips_0=0.008337; ', 'codec_recon_0=0.013536; ', 'bpp_0=1.210735; ', 'mse_1=0.002440; ', 'lpips_1=0.007075; ', 'codec_recon_1=0.099783; ', 'bpp_1=0.302443; ', 'mse_2=0.002232; ', 'lpips_2=0.006271; ', 'codec_recon_2=0.019158; ', 'bpp_2=0.294223; ']
train step[1257/2000] ; used: 29m:46s; eta: 17m:35s; loss = 0.114428; ['mse_0=0.001569; ', 'lpips_0=0.006256; ', 'codec_recon_0=0.012253; ', 'bpp_0=1.216154; ', 'mse_1=0.001352; ', 'lpips_1=0.005140; ', 'codec_recon_1=0.067836; ', 'bpp_1=0.302689; ', 'mse_2=0.001261; ', 'lpips_2=0.004537; ', 'codec_recon_2=0.014221; ', 'bpp_2=0.294205; ']
train step[1258/2000] ; used: 29m:47s; eta: 17m:33s; loss = 0.105005; ['mse_0=0.001550; ', 'lpips_0=0.006355; ', 'codec_recon_0=0.011152; ', 'bpp_0=1.194512; ', 'mse_1=0.001366; ', 'lpips_1=0.005420; ', 'codec_recon_1=0.060731; ', 'bpp_1=0.302414; ', 'mse_2=0.001338; ', 'lpips_2=0.005107; ', 'codec_recon_2=0.011983; ', 'bpp_2=0.293198; ']
train step[1259/2000] ; used: 29m:48s; eta: 17m:31s; loss = 0.162024; ['mse_0=0.003477; ', 'lpips_0=0.007919; ', 'codec_recon_0=0.012625; ', 'bpp_0=1.213920; ', 'mse_1=0.003188; ', 'lpips_1=0.006534; ', 'codec_recon_1=0.100786; ', 'bpp_1=0.304472; ', 'mse_2=0.003079; ', 'lpips_2=0.005840; ', 'codec_recon_2=0.018575; ', 'bpp_2=0.295835; ']
train step[1260/2000] ; used: 29m:49s; eta: 17m:30s; loss = 0.114642; ['mse_0=0.001577; ', 'lpips_0=0.005967; ', 'codec_recon_0=0.012156; ', 'bpp_0=1.207828; ', 'mse_1=0.001308; ', 'lpips_1=0.004570; ', 'codec_recon_1=0.070320; ', 'bpp_1=0.303540; ', 'mse_2=0.001226; ', 'lpips_2=0.004016; ', 'codec_recon_2=0.013500; ', 'bpp_2=0.294205; ']
train step[1261/2000] ; used: 29m:51s; eta: 17m:28s; loss = 0.119754; ['mse_0=0.002828; ', 'lpips_0=0.006427; ', 'codec_recon_0=0.011318; ', 'bpp_0=1.195301; ', 'mse_1=0.002508; ', 'lpips_1=0.005492; ', 'codec_recon_1=0.069631; ', 'bpp_1=0.300945; ', 'mse_2=0.002514; ', 'lpips_2=0.005114; ', 'codec_recon_2=0.013920; ', 'bpp_2=0.292952; ']
train step[1262/2000] ; used: 29m:52s; eta: 17m:27s; loss = 0.136641; ['mse_0=0.001968; ', 'lpips_0=0.007905; ', 'codec_recon_0=0.012122; ', 'bpp_0=1.211858; ', 'mse_1=0.001651; ', 'lpips_1=0.006507; ', 'codec_recon_1=0.082445; ', 'bpp_1=0.302772; ', 'mse_2=0.001519; ', 'lpips_2=0.005493; ', 'codec_recon_2=0.017030; ', 'bpp_2=0.292888; ']
train step[1263/2000] ; used: 29m:53s; eta: 17m:25s; loss = 0.106103; ['mse_0=0.000688; ', 'lpips_0=0.005370; ', 'codec_recon_0=0.011679; ', 'bpp_0=1.211991; ', 'mse_1=0.000575; ', 'lpips_1=0.004366; ', 'codec_recon_1=0.065491; ', 'bpp_1=0.304614; ', 'mse_2=0.000533; ', 'lpips_2=0.003841; ', 'codec_recon_2=0.013558; ', 'bpp_2=0.294064; ']
train step[1264/2000] ; used: 29m:54s; eta: 17m:23s; loss = 0.109253; ['mse_0=0.003074; ', 'lpips_0=0.005618; ', 'codec_recon_0=0.010893; ', 'bpp_0=1.198148; ', 'mse_1=0.002697; ', 'lpips_1=0.004721; ', 'codec_recon_1=0.064110; ', 'bpp_1=0.301599; ', 'mse_2=0.002576; ', 'lpips_2=0.004112; ', 'codec_recon_2=0.011451; ', 'bpp_2=0.291516; ']
train step[1265/2000] ; used: 29m:55s; eta: 17m:22s; loss = 0.154808; ['mse_0=0.002215; ', 'lpips_0=0.007687; ', 'codec_recon_0=0.013066; ', 'bpp_0=1.218967; ', 'mse_1=0.001731; ', 'lpips_1=0.006115; ', 'codec_recon_1=0.097935; ', 'bpp_1=0.303964; ', 'mse_2=0.001379; ', 'lpips_2=0.004974; ', 'codec_recon_2=0.019705; ', 'bpp_2=0.295881; ']
train step[1266/2000] ; used: 29m:56s; eta: 17m:20s; loss = 0.120777; ['mse_0=0.001444; ', 'lpips_0=0.004964; ', 'codec_recon_0=0.012028; ', 'bpp_0=1.216552; ', 'mse_1=0.001051; ', 'lpips_1=0.003921; ', 'codec_recon_1=0.077489; ', 'bpp_1=0.304581; ', 'mse_2=0.000908; ', 'lpips_2=0.003245; ', 'codec_recon_2=0.015725; ', 'bpp_2=0.294109; ']
train step[1267/2000] ; used: 29m:57s; eta: 17m:19s; loss = 0.103724; ['mse_0=0.001189; ', 'lpips_0=0.004645; ', 'codec_recon_0=0.010149; ', 'bpp_0=1.197846; ', 'mse_1=0.000950; ', 'lpips_1=0.003445; ', 'codec_recon_1=0.066233; ', 'bpp_1=0.301690; ', 'mse_2=0.000848; ', 'lpips_2=0.002948; ', 'codec_recon_2=0.013315; ', 'bpp_2=0.291816; ']
train step[1268/2000] ; used: 29m:58s; eta: 17m:17s; loss = 0.144570; ['mse_0=0.003490; ', 'lpips_0=0.007463; ', 'codec_recon_0=0.012946; ', 'bpp_0=1.219740; ', 'mse_1=0.003022; ', 'lpips_1=0.006319; ', 'codec_recon_1=0.084534; ', 'bpp_1=0.305011; ', 'mse_2=0.002698; ', 'lpips_2=0.005347; ', 'codec_recon_2=0.018748; ', 'bpp_2=0.296514; ']
train step[1269/2000] ; used: 29m:59s; eta: 17m:15s; loss = 0.149514; ['mse_0=0.002446; ', 'lpips_0=0.007572; ', 'codec_recon_0=0.012881; ', 'bpp_0=1.229850; ', 'mse_1=0.001962; ', 'lpips_1=0.006413; ', 'codec_recon_1=0.090306; ', 'bpp_1=0.304649; ', 'mse_2=0.001655; ', 'lpips_2=0.005478; ', 'codec_recon_2=0.020799; ', 'bpp_2=0.295390; ']
train step[1270/2000] ; used: 30m; eta: 17m:14s; loss = 0.113576; ['mse_0=0.002838; ', 'lpips_0=0.007184; ', 'codec_recon_0=0.010604; ', 'bpp_0=1.201970; ', 'mse_1=0.002659; ', 'lpips_1=0.006167; ', 'codec_recon_1=0.063065; ', 'bpp_1=0.301096; ', 'mse_2=0.002569; ', 'lpips_2=0.005579; ', 'codec_recon_2=0.012908; ', 'bpp_2=0.291932; ']
train step[1271/2000] ; used: 30m:2s; eta: 17m:12s; loss = 0.103407; ['mse_0=0.001154; ', 'lpips_0=0.005769; ', 'codec_recon_0=0.011421; ', 'bpp_0=1.191702; ', 'mse_1=0.000951; ', 'lpips_1=0.004640; ', 'codec_recon_1=0.061111; ', 'bpp_1=0.301691; ', 'mse_2=0.000894; ', 'lpips_2=0.004262; ', 'codec_recon_2=0.013202; ', 'bpp_2=0.292260; ']
train step[1272/2000] ; used: 30m:3s; eta: 17m:11s; loss = 0.107309; ['mse_0=0.002850; ', 'lpips_0=0.006518; ', 'codec_recon_0=0.010977; ', 'bpp_0=1.189295; ', 'mse_1=0.002546; ', 'lpips_1=0.005559; ', 'codec_recon_1=0.058841; ', 'bpp_1=0.302072; ', 'mse_2=0.002489; ', 'lpips_2=0.005175; ', 'codec_recon_2=0.012352; ', 'bpp_2=0.292831; ']
train step[1273/2000] ; used: 30m:4s; eta: 17m:9s; loss = 0.104195; ['mse_0=0.001522; ', 'lpips_0=0.005406; ', 'codec_recon_0=0.011476; ', 'bpp_0=1.200369; ', 'mse_1=0.001144; ', 'lpips_1=0.004454; ', 'codec_recon_1=0.061958; ', 'bpp_1=0.301896; ', 'mse_2=0.001101; ', 'lpips_2=0.003928; ', 'codec_recon_2=0.013204; ', 'bpp_2=0.292413; ']
train step[1274/2000] ; used: 30m:5s; eta: 17m:8s; loss = 0.127402; ['mse_0=0.004929; ', 'lpips_0=0.006661; ', 'codec_recon_0=0.013179; ', 'bpp_0=1.193808; ', 'mse_1=0.004842; ', 'lpips_1=0.005736; ', 'codec_recon_1=0.068604; ', 'bpp_1=0.301917; ', 'mse_2=0.004742; ', 'lpips_2=0.005022; ', 'codec_recon_2=0.013686; ', 'bpp_2=0.292819; ']
train step[1275/2000] ; used: 30m:6s; eta: 17m:6s; loss = 0.154551; ['mse_0=0.003569; ', 'lpips_0=0.007150; ', 'codec_recon_0=0.013157; ', 'bpp_0=1.211563; ', 'mse_1=0.003145; ', 'lpips_1=0.005908; ', 'codec_recon_1=0.094174; ', 'bpp_1=0.302999; ', 'mse_2=0.002990; ', 'lpips_2=0.004763; ', 'codec_recon_2=0.019693; ', 'bpp_2=0.294835; ']
train step[1276/2000] ; used: 30m:7s; eta: 17m:4s; loss = 0.172659; ['mse_0=0.004581; ', 'lpips_0=0.012713; ', 'codec_recon_0=0.011784; ', 'bpp_0=1.219323; ', 'mse_1=0.004020; ', 'lpips_1=0.011176; ', 'codec_recon_1=0.097563; ', 'bpp_1=0.304097; ', 'mse_2=0.003444; ', 'lpips_2=0.009537; ', 'codec_recon_2=0.017839; ', 'bpp_2=0.294258; ']
train step[1277/2000] ; used: 30m:8s; eta: 17m:3s; loss = 0.104795; ['mse_0=0.001989; ', 'lpips_0=0.005156; ', 'codec_recon_0=0.011197; ', 'bpp_0=1.201548; ', 'mse_1=0.001518; ', 'lpips_1=0.004085; ', 'codec_recon_1=0.062736; ', 'bpp_1=0.303585; ', 'mse_2=0.001335; ', 'lpips_2=0.003441; ', 'codec_recon_2=0.013336; ', 'bpp_2=0.293958; ']
train step[1278/2000] ; used: 30m:9s; eta: 17m:1s; loss = 0.105847; ['mse_0=0.001263; ', 'lpips_0=0.005604; ', 'codec_recon_0=0.010436; ', 'bpp_0=1.197322; ', 'mse_1=0.000925; ', 'lpips_1=0.004377; ', 'codec_recon_1=0.065167; ', 'bpp_1=0.302216; ', 'mse_2=0.000759; ', 'lpips_2=0.003830; ', 'codec_recon_2=0.013482; ', 'bpp_2=0.292745; ']
train step[1279/2000] ; used: 30m:10s; eta: 17m; loss = 0.126068; ['mse_0=0.002802; ', 'lpips_0=0.007914; ', 'codec_recon_0=0.014206; ', 'bpp_0=1.207651; ', 'mse_1=0.002655; ', 'lpips_1=0.006962; ', 'codec_recon_1=0.068177; ', 'bpp_1=0.304089; ', 'mse_2=0.002528; ', 'lpips_2=0.006658; ', 'codec_recon_2=0.014163; ', 'bpp_2=0.294607; ']
train step[1280/2000] ; used: 30m:11s; eta: 16m:58s; loss = 0.183794; ['mse_0=0.004021; ', 'lpips_0=0.008817; ', 'codec_recon_0=0.013532; ', 'bpp_0=1.227774; ', 'mse_1=0.002979; ', 'lpips_1=0.006452; ', 'codec_recon_1=0.119204; ', 'bpp_1=0.306166; ', 'mse_2=0.001890; ', 'lpips_2=0.003881; ', 'codec_recon_2=0.023017; ', 'bpp_2=0.297700; ']
train step[1281/2000] ; used: 30m:13s; eta: 16m:56s; loss = 0.100690; ['mse_0=0.002340; ', 'lpips_0=0.005554; ', 'codec_recon_0=0.011649; ', 'bpp_0=1.189143; ', 'mse_1=0.001440; ', 'lpips_1=0.004368; ', 'codec_recon_1=0.057556; ', 'bpp_1=0.303379; ', 'mse_2=0.001366; ', 'lpips_2=0.003815; ', 'codec_recon_2=0.012601; ', 'bpp_2=0.292911; ']
train step[1282/2000] ; used: 30m:14s; eta: 16m:55s; loss = 0.151896; ['mse_0=0.007717; ', 'lpips_0=0.010231; ', 'codec_recon_0=0.012867; ', 'bpp_0=1.195653; ', 'mse_1=0.007372; ', 'lpips_1=0.008843; ', 'codec_recon_1=0.074901; ', 'bpp_1=0.302974; ', 'mse_2=0.007266; ', 'lpips_2=0.008112; ', 'codec_recon_2=0.014587; ', 'bpp_2=0.293335; ']
train step[1283/2000] ; used: 30m:15s; eta: 16m:53s; loss = 0.124467; ['mse_0=0.001435; ', 'lpips_0=0.006544; ', 'codec_recon_0=0.012842; ', 'bpp_0=1.202587; ', 'mse_1=0.001086; ', 'lpips_1=0.005438; ', 'codec_recon_1=0.074610; ', 'bpp_1=0.302442; ', 'mse_2=0.000966; ', 'lpips_2=0.004594; ', 'codec_recon_2=0.016950; ', 'bpp_2=0.293822; ']
train step[1284/2000] ; used: 30m:16s; eta: 16m:52s; loss = 0.117857; ['mse_0=0.001047; ', 'lpips_0=0.005622; ', 'codec_recon_0=0.011313; ', 'bpp_0=1.197971; ', 'mse_1=0.000734; ', 'lpips_1=0.004385; ', 'codec_recon_1=0.075520; ', 'bpp_1=0.303057; ', 'mse_2=0.000593; ', 'lpips_2=0.003668; ', 'codec_recon_2=0.014974; ', 'bpp_2=0.293894; ']
train step[1285/2000] ; used: 30m:17s; eta: 16m:50s; loss = 0.116840; ['mse_0=0.001545; ', 'lpips_0=0.005021; ', 'codec_recon_0=0.011890; ', 'bpp_0=1.201764; ', 'mse_1=0.001163; ', 'lpips_1=0.003787; ', 'codec_recon_1=0.074772; ', 'bpp_1=0.303841; ', 'mse_2=0.000905; ', 'lpips_2=0.002883; ', 'codec_recon_2=0.014873; ', 'bpp_2=0.294330; ']
train step[1286/2000] ; used: 30m:18s; eta: 16m:48s; loss = 0.115680; ['mse_0=0.001045; ', 'lpips_0=0.005038; ', 'codec_recon_0=0.010957; ', 'bpp_0=1.204576; ', 'mse_1=0.000742; ', 'lpips_1=0.003883; ', 'codec_recon_1=0.075096; ', 'bpp_1=0.303253; ', 'mse_2=0.000584; ', 'lpips_2=0.003183; ', 'codec_recon_2=0.015151; ', 'bpp_2=0.294510; ']
train step[1287/2000] ; used: 30m:19s; eta: 16m:47s; loss = 0.126852; ['mse_0=0.005634; ', 'lpips_0=0.007473; ', 'codec_recon_0=0.013201; ', 'bpp_0=1.209178; ', 'mse_1=0.004685; ', 'lpips_1=0.006192; ', 'codec_recon_1=0.065551; ', 'bpp_1=0.302629; ', 'mse_2=0.004721; ', 'lpips_2=0.005685; ', 'codec_recon_2=0.013709; ', 'bpp_2=0.293132; ']
train step[1288/2000] ; used: 30m:20s; eta: 16m:45s; loss = 0.168339; ['mse_0=0.011182; ', 'lpips_0=0.009764; ', 'codec_recon_0=0.012973; ', 'bpp_0=1.198269; ', 'mse_1=0.011033; ', 'lpips_1=0.009015; ', 'codec_recon_1=0.078721; ', 'bpp_1=0.302499; ', 'mse_2=0.011234; ', 'lpips_2=0.008262; ', 'codec_recon_2=0.016154; ', 'bpp_2=0.294573; ']
train step[1289/2000] ; used: 30m:21s; eta: 16m:44s; loss = 0.105632; ['mse_0=0.001089; ', 'lpips_0=0.005394; ', 'codec_recon_0=0.011792; ', 'bpp_0=1.208155; ', 'mse_1=0.000760; ', 'lpips_1=0.004125; ', 'codec_recon_1=0.064370; ', 'bpp_1=0.302007; ', 'mse_2=0.000673; ', 'lpips_2=0.003597; ', 'codec_recon_2=0.013832; ', 'bpp_2=0.293010; ']
train step[1290/2000] ; used: 30m:22s; eta: 16m:42s; loss = 0.105388; ['mse_0=0.001119; ', 'lpips_0=0.005310; ', 'codec_recon_0=0.011871; ', 'bpp_0=1.202452; ', 'mse_1=0.000923; ', 'lpips_1=0.004359; ', 'codec_recon_1=0.063184; ', 'bpp_1=0.300292; ', 'mse_2=0.000782; ', 'lpips_2=0.003732; ', 'codec_recon_2=0.014106; ', 'bpp_2=0.290857; ']
train step[1291/2000] ; used: 30m:24s; eta: 16m:40s; loss = 0.115125; ['mse_0=0.001901; ', 'lpips_0=0.005641; ', 'codec_recon_0=0.012256; ', 'bpp_0=1.202427; ', 'mse_1=0.001679; ', 'lpips_1=0.004769; ', 'codec_recon_1=0.068194; ', 'bpp_1=0.302779; ', 'mse_2=0.001535; ', 'lpips_2=0.004122; ', 'codec_recon_2=0.015027; ', 'bpp_2=0.292671; ']
train step[1292/2000] ; used: 30m:25s; eta: 16m:39s; loss = 0.124374; ['mse_0=0.002800; ', 'lpips_0=0.006577; ', 'codec_recon_0=0.012380; ', 'bpp_0=1.198408; ', 'mse_1=0.002633; ', 'lpips_1=0.005383; ', 'codec_recon_1=0.071810; ', 'bpp_1=0.302879; ', 'mse_2=0.002585; ', 'lpips_2=0.004681; ', 'codec_recon_2=0.015522; ', 'bpp_2=0.293213; ']
train step[1293/2000] ; used: 30m:26s; eta: 16m:37s; loss = 0.102480; ['mse_0=0.000689; ', 'lpips_0=0.006619; ', 'codec_recon_0=0.012434; ', 'bpp_0=1.183074; ', 'mse_1=0.000575; ', 'lpips_1=0.005780; ', 'codec_recon_1=0.056711; ', 'bpp_1=0.300624; ', 'mse_2=0.000531; ', 'lpips_2=0.005140; ', 'codec_recon_2=0.013999; ', 'bpp_2=0.291012; ']
train step[1294/2000] ; used: 30m:27s; eta: 16m:36s; loss = 0.119183; ['mse_0=0.001656; ', 'lpips_0=0.006955; ', 'codec_recon_0=0.012212; ', 'bpp_0=1.199941; ', 'mse_1=0.001396; ', 'lpips_1=0.005549; ', 'codec_recon_1=0.070517; ', 'bpp_1=0.301230; ', 'mse_2=0.001282; ', 'lpips_2=0.004735; ', 'codec_recon_2=0.014881; ', 'bpp_2=0.292919; ']
train step[1295/2000] ; used: 30m:28s; eta: 16m:34s; loss = 0.162482; ['mse_0=0.003940; ', 'lpips_0=0.008299; ', 'codec_recon_0=0.013550; ', 'bpp_0=1.226673; ', 'mse_1=0.003089; ', 'lpips_1=0.006044; ', 'codec_recon_1=0.100269; ', 'bpp_1=0.303967; ', 'mse_2=0.002401; ', 'lpips_2=0.004299; ', 'codec_recon_2=0.020590; ', 'bpp_2=0.295026; ']
train step[1296/2000] ; used: 30m:30s; eta: 16m:33s; loss = 0.108667; ['mse_0=0.002784; ', 'lpips_0=0.006583; ', 'codec_recon_0=0.010803; ', 'bpp_0=1.193163; ', 'mse_1=0.002659; ', 'lpips_1=0.005803; ', 'codec_recon_1=0.060463; ', 'bpp_1=0.303322; ', 'mse_2=0.002581; ', 'lpips_2=0.005268; ', 'codec_recon_2=0.011722; ', 'bpp_2=0.292860; ']
train step[1297/2000] ; used: 30m:31s; eta: 16m:32s; loss = 0.136915; ['mse_0=0.001483; ', 'lpips_0=0.005041; ', 'codec_recon_0=0.012235; ', 'bpp_0=1.220355; ', 'mse_1=0.001120; ', 'lpips_1=0.003794; ', 'codec_recon_1=0.089400; ', 'bpp_1=0.304859; ', 'mse_2=0.000963; ', 'lpips_2=0.003113; ', 'codec_recon_2=0.019764; ', 'bpp_2=0.296393; ']
train step[1298/2000] ; used: 30m:32s; eta: 16m:30s; loss = 0.117561; ['mse_0=0.001453; ', 'lpips_0=0.006050; ', 'codec_recon_0=0.011284; ', 'bpp_0=1.207441; ', 'mse_1=0.001176; ', 'lpips_1=0.004958; ', 'codec_recon_1=0.072511; ', 'bpp_1=0.303186; ', 'mse_2=0.000970; ', 'lpips_2=0.004249; ', 'codec_recon_2=0.014910; ', 'bpp_2=0.292195; ']
train step[1299/2000] ; used: 30m:33s; eta: 16m:28s; loss = 0.133388; ['mse_0=0.001273; ', 'lpips_0=0.005149; ', 'codec_recon_0=0.012209; ', 'bpp_0=1.204386; ', 'mse_1=0.001002; ', 'lpips_1=0.004015; ', 'codec_recon_1=0.086568; ', 'bpp_1=0.301968; ', 'mse_2=0.000835; ', 'lpips_2=0.003097; ', 'codec_recon_2=0.019239; ', 'bpp_2=0.293437; ']
train step[1300/2000] ; used: 30m:34s; eta: 16m:27s; loss = 0.119340; ['mse_0=0.002542; ', 'lpips_0=0.005949; ', 'codec_recon_0=0.011667; ', 'bpp_0=1.197951; ', 'mse_1=0.002171; ', 'lpips_1=0.004875; ', 'codec_recon_1=0.070825; ', 'bpp_1=0.302107; ', 'mse_2=0.002003; ', 'lpips_2=0.004283; ', 'codec_recon_2=0.015022; ', 'bpp_2=0.291793; ']
train step[1301/2000] ; used: 30m:36s; eta: 16m:25s; loss = 0.124821; ['mse_0=0.002396; ', 'lpips_0=0.006617; ', 'codec_recon_0=0.012283; ', 'bpp_0=1.192193; ', 'mse_1=0.002089; ', 'lpips_1=0.004999; ', 'codec_recon_1=0.074673; ', 'bpp_1=0.302552; ', 'mse_2=0.002006; ', 'lpips_2=0.004356; ', 'codec_recon_2=0.015401; ', 'bpp_2=0.294243; ']
train step[1302/2000] ; used: 30m:37s; eta: 16m:24s; loss = 0.083651; ['mse_0=0.000843; ', 'lpips_0=0.004253; ', 'codec_recon_0=0.009940; ', 'bpp_0=1.176784; ', 'mse_1=0.000529; ', 'lpips_1=0.003185; ', 'codec_recon_1=0.050780; ', 'bpp_1=0.300490; ', 'mse_2=0.000464; ', 'lpips_2=0.002750; ', 'codec_recon_2=0.010905; ', 'bpp_2=0.290702; ']
train step[1303/2000] ; used: 30m:38s; eta: 16m:22s; loss = 0.117880; ['mse_0=0.001676; ', 'lpips_0=0.005222; ', 'codec_recon_0=0.011270; ', 'bpp_0=1.200893; ', 'mse_1=0.001400; ', 'lpips_1=0.004161; ', 'codec_recon_1=0.072532; ', 'bpp_1=0.302456; ', 'mse_2=0.001398; ', 'lpips_2=0.003477; ', 'codec_recon_2=0.016742; ', 'bpp_2=0.293421; ']
train step[1304/2000] ; used: 30m:39s; eta: 16m:21s; loss = 0.148795; ['mse_0=0.001460; ', 'lpips_0=0.006607; ', 'codec_recon_0=0.012055; ', 'bpp_0=1.208544; ', 'mse_1=0.001075; ', 'lpips_1=0.004670; ', 'codec_recon_1=0.098825; ', 'bpp_1=0.303235; ', 'mse_2=0.000871; ', 'lpips_2=0.003458; ', 'codec_recon_2=0.019773; ', 'bpp_2=0.296435; ']
train step[1305/2000] ; used: 30m:40s; eta: 16m:19s; loss = 0.108349; ['mse_0=0.002205; ', 'lpips_0=0.007108; ', 'codec_recon_0=0.010327; ', 'bpp_0=1.191501; ', 'mse_1=0.001750; ', 'lpips_1=0.006061; ', 'codec_recon_1=0.061118; ', 'bpp_1=0.301833; ', 'mse_2=0.001650; ', 'lpips_2=0.005634; ', 'codec_recon_2=0.012494; ', 'bpp_2=0.292074; ']
train step[1306/2000] ; used: 30m:41s; eta: 16m:17s; loss = 0.096322; ['mse_0=0.001211; ', 'lpips_0=0.006563; ', 'codec_recon_0=0.010333; ', 'bpp_0=1.192410; ', 'mse_1=0.000935; ', 'lpips_1=0.005444; ', 'codec_recon_1=0.053306; ', 'bpp_1=0.302095; ', 'mse_2=0.000771; ', 'lpips_2=0.004768; ', 'codec_recon_2=0.012988; ', 'bpp_2=0.292157; ']
train step[1307/2000] ; used: 30m:42s; eta: 16m:16s; loss = 0.100848; ['mse_0=0.002169; ', 'lpips_0=0.005886; ', 'codec_recon_0=0.010183; ', 'bpp_0=1.201797; ', 'mse_1=0.001875; ', 'lpips_1=0.004802; ', 'codec_recon_1=0.057961; ', 'bpp_1=0.303436; ', 'mse_2=0.001891; ', 'lpips_2=0.004314; ', 'codec_recon_2=0.011765; ', 'bpp_2=0.293746; ']
train step[1308/2000] ; used: 30m:43s; eta: 16m:14s; loss = 0.181392; ['mse_0=0.002785; ', 'lpips_0=0.006977; ', 'codec_recon_0=0.014543; ', 'bpp_0=1.227618; ', 'mse_1=0.002389; ', 'lpips_1=0.005424; ', 'codec_recon_1=0.118384; ', 'bpp_1=0.304814; ', 'mse_2=0.001936; ', 'lpips_2=0.003878; ', 'codec_recon_2=0.025075; ', 'bpp_2=0.297215; ']
train step[1309/2000] ; used: 30m:45s; eta: 16m:13s; loss = 0.154196; ['mse_0=0.003101; ', 'lpips_0=0.008928; ', 'codec_recon_0=0.013864; ', 'bpp_0=1.215216; ', 'mse_1=0.002747; ', 'lpips_1=0.007805; ', 'codec_recon_1=0.090257; ', 'bpp_1=0.303993; ', 'mse_2=0.002316; ', 'lpips_2=0.006387; ', 'codec_recon_2=0.018790; ', 'bpp_2=0.295020; ']
train step[1310/2000] ; used: 30m:46s; eta: 16m:11s; loss = 0.098582; ['mse_0=0.001641; ', 'lpips_0=0.005499; ', 'codec_recon_0=0.010793; ', 'bpp_0=1.194104; ', 'mse_1=0.001382; ', 'lpips_1=0.004439; ', 'codec_recon_1=0.056382; ', 'bpp_1=0.301280; ', 'mse_2=0.001287; ', 'lpips_2=0.003797; ', 'codec_recon_2=0.013359; ', 'bpp_2=0.292132; ']
train step[1311/2000] ; used: 30m:47s; eta: 16m:10s; loss = 0.133042; ['mse_0=0.001349; ', 'lpips_0=0.005614; ', 'codec_recon_0=0.012121; ', 'bpp_0=1.193693; ', 'mse_1=0.001011; ', 'lpips_1=0.004116; ', 'codec_recon_1=0.084851; ', 'bpp_1=0.301666; ', 'mse_2=0.000682; ', 'lpips_2=0.003143; ', 'codec_recon_2=0.020152; ', 'bpp_2=0.293094; ']
train step[1312/2000] ; used: 30m:48s; eta: 16m:8s; loss = 0.164439; ['mse_0=0.004253; ', 'lpips_0=0.007750; ', 'codec_recon_0=0.013612; ', 'bpp_0=1.210186; ', 'mse_1=0.003720; ', 'lpips_1=0.006599; ', 'codec_recon_1=0.098665; ', 'bpp_1=0.304172; ', 'mse_2=0.003727; ', 'lpips_2=0.005458; ', 'codec_recon_2=0.020654; ', 'bpp_2=0.294961; ']
train step[1313/2000] ; used: 30m:49s; eta: 16m:6s; loss = 0.107620; ['mse_0=0.001138; ', 'lpips_0=0.006905; ', 'codec_recon_0=0.010520; ', 'bpp_0=1.194263; ', 'mse_1=0.000875; ', 'lpips_1=0.005846; ', 'codec_recon_1=0.062225; ', 'bpp_1=0.302141; ', 'mse_2=0.000736; ', 'lpips_2=0.004875; ', 'codec_recon_2=0.014500; ', 'bpp_2=0.293019; ']
train step[1314/2000] ; used: 30m:50s; eta: 16m:5s; loss = 0.101701; ['mse_0=0.001190; ', 'lpips_0=0.005816; ', 'codec_recon_0=0.011390; ', 'bpp_0=1.186568; ', 'mse_1=0.001001; ', 'lpips_1=0.004980; ', 'codec_recon_1=0.058389; ', 'bpp_1=0.301561; ', 'mse_2=0.000972; ', 'lpips_2=0.004576; ', 'codec_recon_2=0.013386; ', 'bpp_2=0.292337; ']
train step[1315/2000] ; used: 30m:51s; eta: 16m:3s; loss = 0.100808; ['mse_0=0.001132; ', 'lpips_0=0.004504; ', 'codec_recon_0=0.009972; ', 'bpp_0=1.184850; ', 'mse_1=0.000883; ', 'lpips_1=0.003515; ', 'codec_recon_1=0.063947; ', 'bpp_1=0.301596; ', 'mse_2=0.000730; ', 'lpips_2=0.002711; ', 'codec_recon_2=0.013412; ', 'bpp_2=0.291759; ']
train step[1316/2000] ; used: 30m:52s; eta: 16m:2s; loss = 0.097354; ['mse_0=0.000736; ', 'lpips_0=0.005598; ', 'codec_recon_0=0.009068; ', 'bpp_0=1.167849; ', 'mse_1=0.000618; ', 'lpips_1=0.004465; ', 'codec_recon_1=0.058664; ', 'bpp_1=0.299034; ', 'mse_2=0.000566; ', 'lpips_2=0.003925; ', 'codec_recon_2=0.013714; ', 'bpp_2=0.290114; ']
train step[1317/2000] ; used: 30m:54s; eta: 16m; loss = 0.131021; ['mse_0=0.003127; ', 'lpips_0=0.007579; ', 'codec_recon_0=0.011239; ', 'bpp_0=1.201563; ', 'mse_1=0.002736; ', 'lpips_1=0.006495; ', 'codec_recon_1=0.076462; ', 'bpp_1=0.303011; ', 'mse_2=0.002484; ', 'lpips_2=0.005506; ', 'codec_recon_2=0.015392; ', 'bpp_2=0.294928; ']
train step[1318/2000] ; used: 30m:55s; eta: 15m:59s; loss = 0.145598; ['mse_0=0.001533; ', 'lpips_0=0.007059; ', 'codec_recon_0=0.011809; ', 'bpp_0=1.224849; ', 'mse_1=0.001074; ', 'lpips_1=0.005054; ', 'codec_recon_1=0.096916; ', 'bpp_1=0.304027; ', 'mse_2=0.000556; ', 'lpips_2=0.003243; ', 'codec_recon_2=0.018353; ', 'bpp_2=0.294469; ']
train step[1319/2000] ; used: 30m:56s; eta: 15m:57s; loss = 0.145675; ['mse_0=0.002784; ', 'lpips_0=0.007383; ', 'codec_recon_0=0.013569; ', 'bpp_0=1.206370; ', 'mse_1=0.002356; ', 'lpips_1=0.006273; ', 'codec_recon_1=0.087589; ', 'bpp_1=0.304877; ', 'mse_2=0.002122; ', 'lpips_2=0.005361; ', 'codec_recon_2=0.018236; ', 'bpp_2=0.295037; ']
train step[1320/2000] ; used: 30m:57s; eta: 15m:56s; loss = 0.105999; ['mse_0=0.001302; ', 'lpips_0=0.005516; ', 'codec_recon_0=0.010543; ', 'bpp_0=1.196647; ', 'mse_1=0.000843; ', 'lpips_1=0.004034; ', 'codec_recon_1=0.065855; ', 'bpp_1=0.299929; ', 'mse_2=0.000633; ', 'lpips_2=0.003360; ', 'codec_recon_2=0.013912; ', 'bpp_2=0.291249; ']
train step[1321/2000] ; used: 30m:58s; eta: 15m:54s; loss = 0.101314; ['mse_0=0.000945; ', 'lpips_0=0.006049; ', 'codec_recon_0=0.010669; ', 'bpp_0=1.185214; ', 'mse_1=0.000750; ', 'lpips_1=0.005034; ', 'codec_recon_1=0.060502; ', 'bpp_1=0.301719; ', 'mse_2=0.000657; ', 'lpips_2=0.004423; ', 'codec_recon_2=0.012283; ', 'bpp_2=0.292094; ']
train step[1322/2000] ; used: 30m:59s; eta: 15m:52s; loss = 0.132688; ['mse_0=0.002251; ', 'lpips_0=0.004866; ', 'codec_recon_0=0.011559; ', 'bpp_0=1.199174; ', 'mse_1=0.001810; ', 'lpips_1=0.003781; ', 'codec_recon_1=0.085460; ', 'bpp_1=0.302189; ', 'mse_2=0.001652; ', 'lpips_2=0.003053; ', 'codec_recon_2=0.018254; ', 'bpp_2=0.293305; ']
train step[1323/2000] ; used: 31m; eta: 15m:51s; loss = 0.117300; ['mse_0=0.003904; ', 'lpips_0=0.006358; ', 'codec_recon_0=0.011648; ', 'bpp_0=1.199989; ', 'mse_1=0.003818; ', 'lpips_1=0.005256; ', 'codec_recon_1=0.064644; ', 'bpp_1=0.302555; ', 'mse_2=0.003794; ', 'lpips_2=0.004903; ', 'codec_recon_2=0.012972; ', 'bpp_2=0.293612; ']
train step[1324/2000] ; used: 31m:1s; eta: 15m:49s; loss = 0.131055; ['mse_0=0.003059; ', 'lpips_0=0.005360; ', 'codec_recon_0=0.011909; ', 'bpp_0=1.189878; ', 'mse_1=0.002544; ', 'lpips_1=0.004275; ', 'codec_recon_1=0.082093; ', 'bpp_1=0.301776; ', 'mse_2=0.002306; ', 'lpips_2=0.003640; ', 'codec_recon_2=0.015866; ', 'bpp_2=0.294309; ']
train step[1325/2000] ; used: 31m:2s; eta: 15m:48s; loss = 0.105444; ['mse_0=0.001028; ', 'lpips_0=0.007052; ', 'codec_recon_0=0.011594; ', 'bpp_0=1.178785; ', 'mse_1=0.000778; ', 'lpips_1=0.006137; ', 'codec_recon_1=0.059545; ', 'bpp_1=0.301029; ', 'mse_2=0.000697; ', 'lpips_2=0.005650; ', 'codec_recon_2=0.012961; ', 'bpp_2=0.291654; ']
train step[1326/2000] ; used: 31m:3s; eta: 15m:46s; loss = 0.087278; ['mse_0=0.000688; ', 'lpips_0=0.004871; ', 'codec_recon_0=0.009517; ', 'bpp_0=1.189834; ', 'mse_1=0.000471; ', 'lpips_1=0.003618; ', 'codec_recon_1=0.052507; ', 'bpp_1=0.301885; ', 'mse_2=0.000367; ', 'lpips_2=0.003142; ', 'codec_recon_2=0.012094; ', 'bpp_2=0.292274; ']
train step[1327/2000] ; used: 31m:4s; eta: 15m:45s; loss = 0.134970; ['mse_0=0.002233; ', 'lpips_0=0.007303; ', 'codec_recon_0=0.011348; ', 'bpp_0=1.200052; ', 'mse_1=0.001868; ', 'lpips_1=0.005975; ', 'codec_recon_1=0.080165; ', 'bpp_1=0.303927; ', 'mse_2=0.001610; ', 'lpips_2=0.004975; ', 'codec_recon_2=0.019492; ', 'bpp_2=0.295048; ']
train step[1328/2000] ; used: 31m:6s; eta: 15m:43s; loss = 0.132201; ['mse_0=0.001506; ', 'lpips_0=0.005335; ', 'codec_recon_0=0.011436; ', 'bpp_0=1.195243; ', 'mse_1=0.001089; ', 'lpips_1=0.003967; ', 'codec_recon_1=0.086946; ', 'bpp_1=0.301740; ', 'mse_2=0.000918; ', 'lpips_2=0.003091; ', 'codec_recon_2=0.017912; ', 'bpp_2=0.292076; ']
train step[1329/2000] ; used: 31m:7s; eta: 15m:42s; loss = 0.114327; ['mse_0=0.001650; ', 'lpips_0=0.006919; ', 'codec_recon_0=0.011211; ', 'bpp_0=1.200328; ', 'mse_1=0.001286; ', 'lpips_1=0.005726; ', 'codec_recon_1=0.065769; ', 'bpp_1=0.302711; ', 'mse_2=0.001246; ', 'lpips_2=0.005056; ', 'codec_recon_2=0.015462; ', 'bpp_2=0.293550; ']
train step[1330/2000] ; used: 31m:8s; eta: 15m:40s; loss = 0.123458; ['mse_0=0.001938; ', 'lpips_0=0.005769; ', 'codec_recon_0=0.011166; ', 'bpp_0=1.195186; ', 'mse_1=0.001640; ', 'lpips_1=0.004498; ', 'codec_recon_1=0.077952; ', 'bpp_1=0.303576; ', 'mse_2=0.001454; ', 'lpips_2=0.003657; ', 'codec_recon_2=0.015382; ', 'bpp_2=0.294579; ']
train step[1331/2000] ; used: 31m:9s; eta: 15m:38s; loss = 0.107136; ['mse_0=0.002732; ', 'lpips_0=0.005173; ', 'codec_recon_0=0.009786; ', 'bpp_0=1.178452; ', 'mse_1=0.002578; ', 'lpips_1=0.004239; ', 'codec_recon_1=0.063785; ', 'bpp_1=0.300462; ', 'mse_2=0.002304; ', 'lpips_2=0.003557; ', 'codec_recon_2=0.012980; ', 'bpp_2=0.291616; ']
train step[1332/2000] ; used: 31m:10s; eta: 15m:37s; loss = 0.089019; ['mse_0=0.000729; ', 'lpips_0=0.005280; ', 'codec_recon_0=0.009346; ', 'bpp_0=1.186110; ', 'mse_1=0.000552; ', 'lpips_1=0.004249; ', 'codec_recon_1=0.052257; ', 'bpp_1=0.300618; ', 'mse_2=0.000530; ', 'lpips_2=0.003915; ', 'codec_recon_2=0.012160; ', 'bpp_2=0.292052; ']
train step[1333/2000] ; used: 31m:11s; eta: 15m:35s; loss = 0.109185; ['mse_0=0.001872; ', 'lpips_0=0.004664; ', 'codec_recon_0=0.010234; ', 'bpp_0=1.198462; ', 'mse_1=0.001443; ', 'lpips_1=0.003649; ', 'codec_recon_1=0.068807; ', 'bpp_1=0.303520; ', 'mse_2=0.001092; ', 'lpips_2=0.002870; ', 'codec_recon_2=0.014551; ', 'bpp_2=0.292395; ']
train step[1334/2000] ; used: 31m:12s; eta: 15m:34s; loss = 0.132898; ['mse_0=0.001596; ', 'lpips_0=0.006078; ', 'codec_recon_0=0.012159; ', 'bpp_0=1.199948; ', 'mse_1=0.001272; ', 'lpips_1=0.005268; ', 'codec_recon_1=0.083222; ', 'bpp_1=0.301828; ', 'mse_2=0.001141; ', 'lpips_2=0.004801; ', 'codec_recon_2=0.017360; ', 'bpp_2=0.294223; ']
train step[1335/2000] ; used: 31m:13s; eta: 15m:32s; loss = 0.137513; ['mse_0=0.004909; ', 'lpips_0=0.010044; ', 'codec_recon_0=0.011677; ', 'bpp_0=1.198965; ', 'mse_1=0.004484; ', 'lpips_1=0.008973; ', 'codec_recon_1=0.069038; ', 'bpp_1=0.303512; ', 'mse_2=0.004556; ', 'lpips_2=0.008631; ', 'codec_recon_2=0.015200; ', 'bpp_2=0.294400; ']
train step[1336/2000] ; used: 31m:14s; eta: 15m:31s; loss = 0.151800; ['mse_0=0.002728; ', 'lpips_0=0.007842; ', 'codec_recon_0=0.012254; ', 'bpp_0=1.212508; ', 'mse_1=0.002173; ', 'lpips_1=0.006320; ', 'codec_recon_1=0.092933; ', 'bpp_1=0.304476; ', 'mse_2=0.002073; ', 'lpips_2=0.005498; ', 'codec_recon_2=0.019978; ', 'bpp_2=0.295456; ']
train step[1337/2000] ; used: 31m:15s; eta: 15m:29s; loss = 0.101915; ['mse_0=0.001492; ', 'lpips_0=0.005708; ', 'codec_recon_0=0.010569; ', 'bpp_0=1.191199; ', 'mse_1=0.001284; ', 'lpips_1=0.005033; ', 'codec_recon_1=0.058800; ', 'bpp_1=0.303252; ', 'mse_2=0.001195; ', 'lpips_2=0.004586; ', 'codec_recon_2=0.013245; ', 'bpp_2=0.293322; ']
train step[1338/2000] ; used: 31m:17s; eta: 15m:28s; loss = 0.164724; ['mse_0=0.003089; ', 'lpips_0=0.007737; ', 'codec_recon_0=0.014969; ', 'bpp_0=1.224131; ', 'mse_1=0.002781; ', 'lpips_1=0.006141; ', 'codec_recon_1=0.101683; ', 'bpp_1=0.304396; ', 'mse_2=0.002608; ', 'lpips_2=0.004929; ', 'codec_recon_2=0.020785; ', 'bpp_2=0.296018; ']
train step[1339/2000] ; used: 31m:18s; eta: 15m:26s; loss = 0.160753; ['mse_0=0.002384; ', 'lpips_0=0.007232; ', 'codec_recon_0=0.012381; ', 'bpp_0=1.219674; ', 'mse_1=0.001834; ', 'lpips_1=0.005476; ', 'codec_recon_1=0.104926; ', 'bpp_1=0.304056; ', 'mse_2=0.001358; ', 'lpips_2=0.003752; ', 'codec_recon_2=0.021408; ', 'bpp_2=0.296346; ']
train step[1340/2000] ; used: 31m:19s; eta: 15m:24s; loss = 0.103531; ['mse_0=0.000991; ', 'lpips_0=0.006304; ', 'codec_recon_0=0.010997; ', 'bpp_0=1.181176; ', 'mse_1=0.000887; ', 'lpips_1=0.005052; ', 'codec_recon_1=0.060146; ', 'bpp_1=0.300763; ', 'mse_2=0.000782; ', 'lpips_2=0.004627; ', 'codec_recon_2=0.013743; ', 'bpp_2=0.292729; ']
train step[1341/2000] ; used: 31m:20s; eta: 15m:23s; loss = 0.106322; ['mse_0=0.001460; ', 'lpips_0=0.004714; ', 'codec_recon_0=0.010936; ', 'bpp_0=1.193108; ', 'mse_1=0.001089; ', 'lpips_1=0.003608; ', 'codec_recon_1=0.066043; ', 'bpp_1=0.301990; ', 'mse_2=0.001039; ', 'lpips_2=0.003160; ', 'codec_recon_2=0.014270; ', 'bpp_2=0.292558; ']
train step[1342/2000] ; used: 31m:21s; eta: 15m:21s; loss = 0.122017; ['mse_0=0.002041; ', 'lpips_0=0.007002; ', 'codec_recon_0=0.011588; ', 'bpp_0=1.189855; ', 'mse_1=0.001805; ', 'lpips_1=0.005927; ', 'codec_recon_1=0.071987; ', 'bpp_1=0.303409; ', 'mse_2=0.001660; ', 'lpips_2=0.005118; ', 'codec_recon_2=0.014887; ', 'bpp_2=0.293665; ']
train step[1343/2000] ; used: 31m:22s; eta: 15m:20s; loss = 0.096869; ['mse_0=0.000822; ', 'lpips_0=0.005974; ', 'codec_recon_0=0.010957; ', 'bpp_0=1.188745; ', 'mse_1=0.000704; ', 'lpips_1=0.005106; ', 'codec_recon_1=0.054908; ', 'bpp_1=0.301050; ', 'mse_2=0.000677; ', 'lpips_2=0.004732; ', 'codec_recon_2=0.012988; ', 'bpp_2=0.291271; ']
train step[1344/2000] ; used: 31m:23s; eta: 15m:18s; loss = 0.114540; ['mse_0=0.002808; ', 'lpips_0=0.007087; ', 'codec_recon_0=0.010858; ', 'bpp_0=1.177859; ', 'mse_1=0.002468; ', 'lpips_1=0.006288; ', 'codec_recon_1=0.063119; ', 'bpp_1=0.301215; ', 'mse_2=0.002410; ', 'lpips_2=0.005853; ', 'codec_recon_2=0.013647; ', 'bpp_2=0.291387; ']
train step[1345/2000] ; used: 31m:24s; eta: 15m:17s; loss = 0.119043; ['mse_0=0.002656; ', 'lpips_0=0.007210; ', 'codec_recon_0=0.010190; ', 'bpp_0=1.185258; ', 'mse_1=0.002370; ', 'lpips_1=0.006106; ', 'codec_recon_1=0.067412; ', 'bpp_1=0.302460; ', 'mse_2=0.002116; ', 'lpips_2=0.005011; ', 'codec_recon_2=0.015971; ', 'bpp_2=0.294352; ']
train step[1346/2000] ; used: 31m:25s; eta: 15m:15s; loss = 0.173389; ['mse_0=0.005071; ', 'lpips_0=0.008062; ', 'codec_recon_0=0.013415; ', 'bpp_0=1.225459; ', 'mse_1=0.004333; ', 'lpips_1=0.006970; ', 'codec_recon_1=0.105660; ', 'bpp_1=0.305097; ', 'mse_2=0.003569; ', 'lpips_2=0.005649; ', 'codec_recon_2=0.020658; ', 'bpp_2=0.297894; ']
train step[1347/2000] ; used: 31m:27s; eta: 15m:14s; loss = 0.127549; ['mse_0=0.002231; ', 'lpips_0=0.006306; ', 'codec_recon_0=0.011678; ', 'bpp_0=1.197847; ', 'mse_1=0.001782; ', 'lpips_1=0.005401; ', 'codec_recon_1=0.078389; ', 'bpp_1=0.303014; ', 'mse_2=0.001549; ', 'lpips_2=0.004686; ', 'codec_recon_2=0.015524; ', 'bpp_2=0.294066; ']
train step[1348/2000] ; used: 31m:28s; eta: 15m:12s; loss = 0.127565; ['mse_0=0.003627; ', 'lpips_0=0.006567; ', 'codec_recon_0=0.010940; ', 'bpp_0=1.207742; ', 'mse_1=0.003139; ', 'lpips_1=0.005481; ', 'codec_recon_1=0.072606; ', 'bpp_1=0.302442; ', 'mse_2=0.003040; ', 'lpips_2=0.004536; ', 'codec_recon_2=0.017627; ', 'bpp_2=0.293901; ']
train step[1349/2000] ; used: 31m:29s; eta: 15m:11s; loss = 0.154290; ['mse_0=0.002406; ', 'lpips_0=0.005719; ', 'codec_recon_0=0.012659; ', 'bpp_0=1.218163; ', 'mse_1=0.001727; ', 'lpips_1=0.004420; ', 'codec_recon_1=0.102577; ', 'bpp_1=0.304751; ', 'mse_2=0.001301; ', 'lpips_2=0.003089; ', 'codec_recon_2=0.020392; ', 'bpp_2=0.295715; ']
train step[1350/2000] ; used: 31m:30s; eta: 15m:9s; loss = 0.122930; ['mse_0=0.001405; ', 'lpips_0=0.005173; ', 'codec_recon_0=0.010286; ', 'bpp_0=1.196698; ', 'mse_1=0.001116; ', 'lpips_1=0.003928; ', 'codec_recon_1=0.080049; ', 'bpp_1=0.303012; ', 'mse_2=0.000954; ', 'lpips_2=0.003102; ', 'codec_recon_2=0.016914; ', 'bpp_2=0.295184; ']
train step[1351/2000] ; used: 31m:31s; eta: 15m:7s; loss = 0.112596; ['mse_0=0.003589; ', 'lpips_0=0.006576; ', 'codec_recon_0=0.009988; ', 'bpp_0=1.185777; ', 'mse_1=0.003621; ', 'lpips_1=0.005709; ', 'codec_recon_1=0.060325; ', 'bpp_1=0.301288; ', 'mse_2=0.003587; ', 'lpips_2=0.005328; ', 'codec_recon_2=0.013870; ', 'bpp_2=0.292206; ']
train step[1352/2000] ; used: 31m:32s; eta: 15m:6s; loss = 0.152997; ['mse_0=0.001833; ', 'lpips_0=0.006781; ', 'codec_recon_0=0.011901; ', 'bpp_0=1.198695; ', 'mse_1=0.001468; ', 'lpips_1=0.005369; ', 'codec_recon_1=0.098295; ', 'bpp_1=0.302680; ', 'mse_2=0.001107; ', 'lpips_2=0.004167; ', 'codec_recon_2=0.022075; ', 'bpp_2=0.295015; ']
train step[1353/2000] ; used: 31m:33s; eta: 15m:4s; loss = 0.093346; ['mse_0=0.001445; ', 'lpips_0=0.006004; ', 'codec_recon_0=0.011378; ', 'bpp_0=1.180760; ', 'mse_1=0.001261; ', 'lpips_1=0.004804; ', 'codec_recon_1=0.051394; ', 'bpp_1=0.299636; ', 'mse_2=0.001164; ', 'lpips_2=0.004325; ', 'codec_recon_2=0.011570; ', 'bpp_2=0.290421; ']
train step[1354/2000] ; used: 31m:34s; eta: 15m:3s; loss = 0.103137; ['mse_0=0.000497; ', 'lpips_0=0.005030; ', 'codec_recon_0=0.010426; ', 'bpp_0=1.182522; ', 'mse_1=0.000357; ', 'lpips_1=0.004034; ', 'codec_recon_1=0.063121; ', 'bpp_1=0.301511; ', 'mse_2=0.000286; ', 'lpips_2=0.003603; ', 'codec_recon_2=0.015781; ', 'bpp_2=0.292466; ']
train step[1355/2000] ; used: 31m:35s; eta: 15m:1s; loss = 0.110001; ['mse_0=0.001474; ', 'lpips_0=0.005050; ', 'codec_recon_0=0.010375; ', 'bpp_0=1.189150; ', 'mse_1=0.001154; ', 'lpips_1=0.004148; ', 'codec_recon_1=0.068610; ', 'bpp_1=0.302976; ', 'mse_2=0.001004; ', 'lpips_2=0.003558; ', 'codec_recon_2=0.014627; ', 'bpp_2=0.294178; ']
train step[1356/2000] ; used: 31m:36s; eta: 15m; loss = 0.094633; ['mse_0=0.001544; ', 'lpips_0=0.006649; ', 'codec_recon_0=0.010063; ', 'bpp_0=1.186309; ', 'mse_1=0.001289; ', 'lpips_1=0.005559; ', 'codec_recon_1=0.050740; ', 'bpp_1=0.300827; ', 'mse_2=0.001284; ', 'lpips_2=0.005200; ', 'codec_recon_2=0.012302; ', 'bpp_2=0.290451; ']
train step[1357/2000] ; used: 31m:38s; eta: 14m:58s; loss = 0.100963; ['mse_0=0.002518; ', 'lpips_0=0.006608; ', 'codec_recon_0=0.010610; ', 'bpp_0=1.183669; ', 'mse_1=0.002139; ', 'lpips_1=0.005444; ', 'codec_recon_1=0.054901; ', 'bpp_1=0.301504; ', 'mse_2=0.001997; ', 'lpips_2=0.004901; ', 'codec_recon_2=0.011844; ', 'bpp_2=0.292465; ']
train step[1358/2000] ; used: 31m:39s; eta: 14m:57s; loss = 0.125250; ['mse_0=0.002736; ', 'lpips_0=0.004917; ', 'codec_recon_0=0.011649; ', 'bpp_0=1.211254; ', 'mse_1=0.002293; ', 'lpips_1=0.003787; ', 'codec_recon_1=0.079005; ', 'bpp_1=0.303691; ', 'mse_2=0.002024; ', 'lpips_2=0.002982; ', 'codec_recon_2=0.015856; ', 'bpp_2=0.294518; ']
train step[1359/2000] ; used: 31m:40s; eta: 14m:55s; loss = 0.090517; ['mse_0=0.000627; ', 'lpips_0=0.004828; ', 'codec_recon_0=0.010151; ', 'bpp_0=1.182301; ', 'mse_1=0.000461; ', 'lpips_1=0.003756; ', 'codec_recon_1=0.054559; ', 'bpp_1=0.302324; ', 'mse_2=0.000361; ', 'lpips_2=0.003253; ', 'codec_recon_2=0.012520; ', 'bpp_2=0.292170; ']
train step[1360/2000] ; used: 31m:41s; eta: 14m:54s; loss = 0.135365; ['mse_0=0.002841; ', 'lpips_0=0.005656; ', 'codec_recon_0=0.011556; ', 'bpp_0=1.197457; ', 'mse_1=0.002529; ', 'lpips_1=0.004698; ', 'codec_recon_1=0.084798; ', 'bpp_1=0.302921; ', 'mse_2=0.002338; ', 'lpips_2=0.003877; ', 'codec_recon_2=0.017072; ', 'bpp_2=0.294263; ']
train step[1361/2000] ; used: 31m:42s; eta: 14m:52s; loss = 0.125585; ['mse_0=0.002054; ', 'lpips_0=0.007461; ', 'codec_recon_0=0.010560; ', 'bpp_0=1.203615; ', 'mse_1=0.002015; ', 'lpips_1=0.006750; ', 'codec_recon_1=0.072437; ', 'bpp_1=0.303549; ', 'mse_2=0.001998; ', 'lpips_2=0.006225; ', 'codec_recon_2=0.016083; ', 'bpp_2=0.295815; ']
train step[1362/2000] ; used: 31m:43s; eta: 14m:51s; loss = 0.103644; ['mse_0=0.001112; ', 'lpips_0=0.004753; ', 'codec_recon_0=0.009578; ', 'bpp_0=1.184861; ', 'mse_1=0.000896; ', 'lpips_1=0.004010; ', 'codec_recon_1=0.064573; ', 'bpp_1=0.302555; ', 'mse_2=0.000751; ', 'lpips_2=0.003306; ', 'codec_recon_2=0.014661; ', 'bpp_2=0.292084; ']
train step[1363/2000] ; used: 31m:44s; eta: 14m:49s; loss = 0.133986; ['mse_0=0.001233; ', 'lpips_0=0.005145; ', 'codec_recon_0=0.010220; ', 'bpp_0=1.206698; ', 'mse_1=0.000866; ', 'lpips_1=0.003873; ', 'codec_recon_1=0.091251; ', 'bpp_1=0.304977; ', 'mse_2=0.000547; ', 'lpips_2=0.003006; ', 'codec_recon_2=0.017844; ', 'bpp_2=0.295560; ']
train step[1364/2000] ; used: 31m:45s; eta: 14m:47s; loss = 0.109521; ['mse_0=0.000678; ', 'lpips_0=0.004030; ', 'codec_recon_0=0.009788; ', 'bpp_0=1.187131; ', 'mse_1=0.000453; ', 'lpips_1=0.002920; ', 'codec_recon_1=0.071836; ', 'bpp_1=0.302273; ', 'mse_2=0.000282; ', 'lpips_2=0.002211; ', 'codec_recon_2=0.017323; ', 'bpp_2=0.292695; ']
train step[1365/2000] ; used: 31m:46s; eta: 14m:46s; loss = 0.103810; ['mse_0=0.001594; ', 'lpips_0=0.004770; ', 'codec_recon_0=0.009748; ', 'bpp_0=1.176077; ', 'mse_1=0.001234; ', 'lpips_1=0.003712; ', 'codec_recon_1=0.064562; ', 'bpp_1=0.300137; ', 'mse_2=0.001037; ', 'lpips_2=0.003106; ', 'codec_recon_2=0.014045; ', 'bpp_2=0.291205; ']
train step[1366/2000] ; used: 31m:47s; eta: 14m:44s; loss = 0.145874; ['mse_0=0.003835; ', 'lpips_0=0.007249; ', 'codec_recon_0=0.010730; ', 'bpp_0=1.198475; ', 'mse_1=0.003541; ', 'lpips_1=0.006130; ', 'codec_recon_1=0.085086; ', 'bpp_1=0.303588; ', 'mse_2=0.003546; ', 'lpips_2=0.005430; ', 'codec_recon_2=0.020325; ', 'bpp_2=0.295667; ']
train step[1367/2000] ; used: 31m:48s; eta: 14m:43s; loss = 0.139699; ['mse_0=0.001703; ', 'lpips_0=0.005670; ', 'codec_recon_0=0.011118; ', 'bpp_0=1.212592; ', 'mse_1=0.001324; ', 'lpips_1=0.004242; ', 'codec_recon_1=0.092468; ', 'bpp_1=0.303862; ', 'mse_2=0.000832; ', 'lpips_2=0.002804; ', 'codec_recon_2=0.019534; ', 'bpp_2=0.294924; ']
train step[1368/2000] ; used: 31m:50s; eta: 14m:41s; loss = 0.119319; ['mse_0=0.000753; ', 'lpips_0=0.005437; ', 'codec_recon_0=0.010238; ', 'bpp_0=1.200385; ', 'mse_1=0.000599; ', 'lpips_1=0.004218; ', 'codec_recon_1=0.077045; ', 'bpp_1=0.303203; ', 'mse_2=0.000482; ', 'lpips_2=0.003346; ', 'codec_recon_2=0.017200; ', 'bpp_2=0.293213; ']
train step[1369/2000] ; used: 31m:51s; eta: 14m:40s; loss = 0.096759; ['mse_0=0.001542; ', 'lpips_0=0.004298; ', 'codec_recon_0=0.008873; ', 'bpp_0=1.179763; ', 'mse_1=0.001171; ', 'lpips_1=0.003462; ', 'codec_recon_1=0.059360; ', 'bpp_1=0.301453; ', 'mse_2=0.000932; ', 'lpips_2=0.003029; ', 'codec_recon_2=0.014091; ', 'bpp_2=0.292873; ']
train step[1370/2000] ; used: 31m:52s; eta: 14m:38s; loss = 0.091406; ['mse_0=0.001014; ', 'lpips_0=0.004841; ', 'codec_recon_0=0.008983; ', 'bpp_0=1.189097; ', 'mse_1=0.000842; ', 'lpips_1=0.004028; ', 'codec_recon_1=0.054168; ', 'bpp_1=0.300830; ', 'mse_2=0.000726; ', 'lpips_2=0.003562; ', 'codec_recon_2=0.013240; ', 'bpp_2=0.292083; ']
train step[1371/2000] ; used: 31m:53s; eta: 14m:37s; loss = 0.155972; ['mse_0=0.002070; ', 'lpips_0=0.005452; ', 'codec_recon_0=0.012356; ', 'bpp_0=1.212695; ', 'mse_1=0.001714; ', 'lpips_1=0.004277; ', 'codec_recon_1=0.102414; ', 'bpp_1=0.304753; ', 'mse_2=0.001541; ', 'lpips_2=0.003369; ', 'codec_recon_2=0.022777; ', 'bpp_2=0.296262; ']
train step[1372/2000] ; used: 31m:54s; eta: 14m:35s; loss = 0.105497; ['mse_0=0.003126; ', 'lpips_0=0.007783; ', 'codec_recon_0=0.009190; ', 'bpp_0=1.173707; ', 'mse_1=0.002800; ', 'lpips_1=0.006836; ', 'codec_recon_1=0.053964; ', 'bpp_1=0.302094; ', 'mse_2=0.002691; ', 'lpips_2=0.006282; ', 'codec_recon_2=0.012824; ', 'bpp_2=0.291859; ']
train step[1373/2000] ; used: 31m:55s; eta: 14m:34s; loss = 0.114916; ['mse_0=0.001623; ', 'lpips_0=0.005307; ', 'codec_recon_0=0.010140; ', 'bpp_0=1.190377; ', 'mse_1=0.001349; ', 'lpips_1=0.004343; ', 'codec_recon_1=0.071096; ', 'bpp_1=0.302047; ', 'mse_2=0.001191; ', 'lpips_2=0.003737; ', 'codec_recon_2=0.016128; ', 'bpp_2=0.292633; ']
train step[1374/2000] ; used: 31m:56s; eta: 14m:32s; loss = 0.102162; ['mse_0=0.001713; ', 'lpips_0=0.004797; ', 'codec_recon_0=0.009178; ', 'bpp_0=1.188613; ', 'mse_1=0.001372; ', 'lpips_1=0.003861; ', 'codec_recon_1=0.063806; ', 'bpp_1=0.302285; ', 'mse_2=0.001314; ', 'lpips_2=0.003281; ', 'codec_recon_2=0.012837; ', 'bpp_2=0.292136; ']
train step[1375/2000] ; used: 31m:58s; eta: 14m:31s; loss = 0.155156; ['mse_0=0.003859; ', 'lpips_0=0.010056; ', 'codec_recon_0=0.012571; ', 'bpp_0=1.205076; ', 'mse_1=0.003407; ', 'lpips_1=0.008453; ', 'codec_recon_1=0.082799; ', 'bpp_1=0.303926; ', 'mse_2=0.003119; ', 'lpips_2=0.007335; ', 'codec_recon_2=0.023556; ', 'bpp_2=0.295231; ']
train step[1376/2000] ; used: 31m:59s; eta: 14m:30s; loss = 0.115420; ['mse_0=0.003263; ', 'lpips_0=0.008298; ', 'codec_recon_0=0.009823; ', 'bpp_0=1.175395; ', 'mse_1=0.002948; ', 'lpips_1=0.007582; ', 'codec_recon_1=0.059694; ', 'bpp_1=0.300508; ', 'mse_2=0.002795; ', 'lpips_2=0.007047; ', 'codec_recon_2=0.013969; ', 'bpp_2=0.291813; ']
train step[1377/2000] ; used: 32m:1s; eta: 14m:28s; loss = 0.116999; ['mse_0=0.001506; ', 'lpips_0=0.005092; ', 'codec_recon_0=0.010752; ', 'bpp_0=1.203136; ', 'mse_1=0.001171; ', 'lpips_1=0.004067; ', 'codec_recon_1=0.073995; ', 'bpp_1=0.302706; ', 'mse_2=0.000952; ', 'lpips_2=0.003213; ', 'codec_recon_2=0.016249; ', 'bpp_2=0.293597; ']
train step[1378/2000] ; used: 32m:2s; eta: 14m:27s; loss = 0.110487; ['mse_0=0.001363; ', 'lpips_0=0.005021; ', 'codec_recon_0=0.010464; ', 'bpp_0=1.175245; ', 'mse_1=0.001088; ', 'lpips_1=0.004071; ', 'codec_recon_1=0.069346; ', 'bpp_1=0.300790; ', 'mse_2=0.000879; ', 'lpips_2=0.003355; ', 'codec_recon_2=0.014899; ', 'bpp_2=0.291629; ']
train step[1379/2000] ; used: 32m:3s; eta: 14m:25s; loss = 0.095438; ['mse_0=0.001099; ', 'lpips_0=0.004009; ', 'codec_recon_0=0.008821; ', 'bpp_0=1.183569; ', 'mse_1=0.000779; ', 'lpips_1=0.002989; ', 'codec_recon_1=0.061795; ', 'bpp_1=0.301992; ', 'mse_2=0.000556; ', 'lpips_2=0.002395; ', 'codec_recon_2=0.012993; ', 'bpp_2=0.292602; ']
train step[1380/2000] ; used: 32m:4s; eta: 14m:24s; loss = 0.108356; ['mse_0=0.003447; ', 'lpips_0=0.008243; ', 'codec_recon_0=0.010502; ', 'bpp_0=1.196247; ', 'mse_1=0.003264; ', 'lpips_1=0.007283; ', 'codec_recon_1=0.052153; ', 'bpp_1=0.301699; ', 'mse_2=0.003268; ', 'lpips_2=0.006756; ', 'codec_recon_2=0.013438; ', 'bpp_2=0.291507; ']
train step[1381/2000] ; used: 32m:5s; eta: 14m:22s; loss = 0.081883; ['mse_0=0.000755; ', 'lpips_0=0.005251; ', 'codec_recon_0=0.009700; ', 'bpp_0=1.161866; ', 'mse_1=0.000605; ', 'lpips_1=0.004494; ', 'codec_recon_1=0.045859; ', 'bpp_1=0.300622; ', 'mse_2=0.000574; ', 'lpips_2=0.004060; ', 'codec_recon_2=0.010584; ', 'bpp_2=0.291374; ']
train step[1382/2000] ; used: 32m:6s; eta: 14m:21s; loss = 0.094576; ['mse_0=0.001572; ', 'lpips_0=0.005767; ', 'codec_recon_0=0.009281; ', 'bpp_0=1.186220; ', 'mse_1=0.001325; ', 'lpips_1=0.004895; ', 'codec_recon_1=0.053599; ', 'bpp_1=0.302067; ', 'mse_2=0.001180; ', 'lpips_2=0.004289; ', 'codec_recon_2=0.012667; ', 'bpp_2=0.291989; ']
train step[1383/2000] ; used: 32m:7s; eta: 14m:19s; loss = 0.092392; ['mse_0=0.002871; ', 'lpips_0=0.006846; ', 'codec_recon_0=0.008832; ', 'bpp_0=1.172388; ', 'mse_1=0.002707; ', 'lpips_1=0.006029; ', 'codec_recon_1=0.046337; ', 'bpp_1=0.301026; ', 'mse_2=0.002627; ', 'lpips_2=0.005533; ', 'codec_recon_2=0.010609; ', 'bpp_2=0.289806; ']
train step[1384/2000] ; used: 32m:9s; eta: 14m:17s; loss = 0.109713; ['mse_0=0.002482; ', 'lpips_0=0.005109; ', 'codec_recon_0=0.009985; ', 'bpp_0=1.209227; ', 'mse_1=0.001955; ', 'lpips_1=0.004128; ', 'codec_recon_1=0.065719; ', 'bpp_1=0.301524; ', 'mse_2=0.001672; ', 'lpips_2=0.003270; ', 'codec_recon_2=0.015392; ', 'bpp_2=0.291906; ']
train step[1385/2000] ; used: 32m:10s; eta: 14m:16s; loss = 0.130982; ['mse_0=0.001362; ', 'lpips_0=0.005696; ', 'codec_recon_0=0.010507; ', 'bpp_0=1.208382; ', 'mse_1=0.000940; ', 'lpips_1=0.004144; ', 'codec_recon_1=0.085462; ', 'bpp_1=0.303496; ', 'mse_2=0.000706; ', 'lpips_2=0.003261; ', 'codec_recon_2=0.018901; ', 'bpp_2=0.293666; ']
train step[1386/2000] ; used: 32m:11s; eta: 14m:14s; loss = 0.099771; ['mse_0=0.001537; ', 'lpips_0=0.005261; ', 'codec_recon_0=0.009417; ', 'bpp_0=1.173581; ', 'mse_1=0.001215; ', 'lpips_1=0.004380; ', 'codec_recon_1=0.059797; ', 'bpp_1=0.300628; ', 'mse_2=0.000846; ', 'lpips_2=0.003687; ', 'codec_recon_2=0.013631; ', 'bpp_2=0.291727; ']
train step[1387/2000] ; used: 32m:12s; eta: 14m:13s; loss = 0.102821; ['mse_0=0.001463; ', 'lpips_0=0.005259; ', 'codec_recon_0=0.009605; ', 'bpp_0=1.185261; ', 'mse_1=0.001146; ', 'lpips_1=0.004181; ', 'codec_recon_1=0.062291; ', 'bpp_1=0.301579; ', 'mse_2=0.001013; ', 'lpips_2=0.003640; ', 'codec_recon_2=0.014222; ', 'bpp_2=0.292212; ']
train step[1388/2000] ; used: 32m:13s; eta: 14m:11s; loss = 0.147341; ['mse_0=0.010079; ', 'lpips_0=0.011911; ', 'codec_recon_0=0.011533; ', 'bpp_0=1.180222; ', 'mse_1=0.009429; ', 'lpips_1=0.010917; ', 'codec_recon_1=0.058723; ', 'bpp_1=0.300168; ', 'mse_2=0.009320; ', 'lpips_2=0.010451; ', 'codec_recon_2=0.014976; ', 'bpp_2=0.292085; ']
train step[1389/2000] ; used: 32m:14s; eta: 14m:10s; loss = 0.121107; ['mse_0=0.002366; ', 'lpips_0=0.006335; ', 'codec_recon_0=0.010452; ', 'bpp_0=1.190035; ', 'mse_1=0.001956; ', 'lpips_1=0.005014; ', 'codec_recon_1=0.073064; ', 'bpp_1=0.300414; ', 'mse_2=0.001824; ', 'lpips_2=0.004137; ', 'codec_recon_2=0.015959; ', 'bpp_2=0.292348; ']
train step[1390/2000] ; used: 32m:15s; eta: 14m:8s; loss = 0.161548; ['mse_0=0.004414; ', 'lpips_0=0.007981; ', 'codec_recon_0=0.012689; ', 'bpp_0=1.208894; ', 'mse_1=0.003655; ', 'lpips_1=0.006615; ', 'codec_recon_1=0.096768; ', 'bpp_1=0.303677; ', 'mse_2=0.003083; ', 'lpips_2=0.005368; ', 'codec_recon_2=0.020974; ', 'bpp_2=0.295843; ']
train step[1391/2000] ; used: 32m:16s; eta: 14m:7s; loss = 0.154753; ['mse_0=0.002561; ', 'lpips_0=0.006636; ', 'codec_recon_0=0.011443; ', 'bpp_0=1.217187; ', 'mse_1=0.001955; ', 'lpips_1=0.005334; ', 'codec_recon_1=0.097093; ', 'bpp_1=0.302525; ', 'mse_2=0.001520; ', 'lpips_2=0.003949; ', 'codec_recon_2=0.024261; ', 'bpp_2=0.293348; ']
train step[1392/2000] ; used: 32m:17s; eta: 14m:5s; loss = 0.091493; ['mse_0=0.000693; ', 'lpips_0=0.004468; ', 'codec_recon_0=0.009020; ', 'bpp_0=1.178488; ', 'mse_1=0.000461; ', 'lpips_1=0.003239; ', 'codec_recon_1=0.056963; ', 'bpp_1=0.300952; ', 'mse_2=0.000361; ', 'lpips_2=0.002709; ', 'codec_recon_2=0.013579; ', 'bpp_2=0.291505; ']
train step[1393/2000] ; used: 32m:18s; eta: 14m:4s; loss = 0.115167; ['mse_0=0.001493; ', 'lpips_0=0.007139; ', 'codec_recon_0=0.010879; ', 'bpp_0=1.188779; ', 'mse_1=0.001207; ', 'lpips_1=0.006075; ', 'codec_recon_1=0.065729; ', 'bpp_1=0.302643; ', 'mse_2=0.001217; ', 'lpips_2=0.005602; ', 'codec_recon_2=0.015825; ', 'bpp_2=0.292833; ']
train step[1394/2000] ; used: 32m:19s; eta: 14m:2s; loss = 0.150052; ['mse_0=0.001318; ', 'lpips_0=0.005532; ', 'codec_recon_0=0.011323; ', 'bpp_0=1.229390; ', 'mse_1=0.000987; ', 'lpips_1=0.003879; ', 'codec_recon_1=0.102942; ', 'bpp_1=0.303206; ', 'mse_2=0.000640; ', 'lpips_2=0.002589; ', 'codec_recon_2=0.020839; ', 'bpp_2=0.294961; ']
train step[1395/2000] ; used: 32m:21s; eta: 14m:1s; loss = 0.121063; ['mse_0=0.002493; ', 'lpips_0=0.006568; ', 'codec_recon_0=0.010770; ', 'bpp_0=1.203597; ', 'mse_1=0.002073; ', 'lpips_1=0.005320; ', 'codec_recon_1=0.071742; ', 'bpp_1=0.303907; ', 'mse_2=0.001806; ', 'lpips_2=0.004184; ', 'codec_recon_2=0.016106; ', 'bpp_2=0.294461; ']
train step[1396/2000] ; used: 32m:22s; eta: 13m:59s; loss = 0.089302; ['mse_0=0.000694; ', 'lpips_0=0.004929; ', 'codec_recon_0=0.009418; ', 'bpp_0=1.180788; ', 'mse_1=0.000558; ', 'lpips_1=0.003731; ', 'codec_recon_1=0.053397; ', 'bpp_1=0.300653; ', 'mse_2=0.000469; ', 'lpips_2=0.003204; ', 'codec_recon_2=0.012900; ', 'bpp_2=0.291971; ']
train step[1397/2000] ; used: 32m:23s; eta: 13m:58s; loss = 0.102970; ['mse_0=0.001923; ', 'lpips_0=0.005525; ', 'codec_recon_0=0.009595; ', 'bpp_0=1.182581; ', 'mse_1=0.001576; ', 'lpips_1=0.004355; ', 'codec_recon_1=0.060890; ', 'bpp_1=0.301089; ', 'mse_2=0.001423; ', 'lpips_2=0.003655; ', 'codec_recon_2=0.014026; ', 'bpp_2=0.290368; ']
train step[1398/2000] ; used: 32m:24s; eta: 13m:56s; loss = 0.126083; ['mse_0=0.003502; ', 'lpips_0=0.006267; ', 'codec_recon_0=0.010469; ', 'bpp_0=1.199141; ', 'mse_1=0.003173; ', 'lpips_1=0.005538; ', 'codec_recon_1=0.073367; ', 'bpp_1=0.303104; ', 'mse_2=0.002856; ', 'lpips_2=0.004579; ', 'codec_recon_2=0.016331; ', 'bpp_2=0.293922; ']
train step[1399/2000] ; used: 32m:25s; eta: 13m:55s; loss = 0.149911; ['mse_0=0.002092; ', 'lpips_0=0.006318; ', 'codec_recon_0=0.011414; ', 'bpp_0=1.217092; ', 'mse_1=0.001769; ', 'lpips_1=0.005186; ', 'codec_recon_1=0.094998; ', 'bpp_1=0.304214; ', 'mse_2=0.001257; ', 'lpips_2=0.003924; ', 'codec_recon_2=0.022952; ', 'bpp_2=0.296010; ']
train step[1400/2000] ; used: 32m:26s; eta: 13m:53s; loss = 0.099140; ['mse_0=0.000972; ', 'lpips_0=0.005460; ', 'codec_recon_0=0.008958; ', 'bpp_0=1.176277; ', 'mse_1=0.000685; ', 'lpips_1=0.004299; ', 'codec_recon_1=0.060056; ', 'bpp_1=0.301026; ', 'mse_2=0.000488; ', 'lpips_2=0.003556; ', 'codec_recon_2=0.014664; ', 'bpp_2=0.291188; ']
train step[1401/2000] ; used: 32m:27s; eta: 13m:52s; loss = 0.107421; ['mse_0=0.001735; ', 'lpips_0=0.005361; ', 'codec_recon_0=0.010381; ', 'bpp_0=1.202057; ', 'mse_1=0.001367; ', 'lpips_1=0.004460; ', 'codec_recon_1=0.064021; ', 'bpp_1=0.303686; ', 'mse_2=0.001136; ', 'lpips_2=0.003636; ', 'codec_recon_2=0.015323; ', 'bpp_2=0.293225; ']
train step[1402/2000] ; used: 32m:28s; eta: 13m:50s; loss = 0.091654; ['mse_0=0.001079; ', 'lpips_0=0.005142; ', 'codec_recon_0=0.009509; ', 'bpp_0=1.189549; ', 'mse_1=0.000753; ', 'lpips_1=0.004073; ', 'codec_recon_1=0.052940; ', 'bpp_1=0.302030; ', 'mse_2=0.000576; ', 'lpips_2=0.003315; ', 'codec_recon_2=0.014265; ', 'bpp_2=0.291679; ']
train step[1403/2000] ; used: 32m:29s; eta: 13m:49s; loss = 0.121416; ['mse_0=0.001906; ', 'lpips_0=0.005352; ', 'codec_recon_0=0.009982; ', 'bpp_0=1.179605; ', 'mse_1=0.001560; ', 'lpips_1=0.004262; ', 'codec_recon_1=0.075676; ', 'bpp_1=0.301859; ', 'mse_2=0.000995; ', 'lpips_2=0.002851; ', 'codec_recon_2=0.018829; ', 'bpp_2=0.292629; ']
train step[1404/2000] ; used: 32m:30s; eta: 13m:47s; loss = 0.129315; ['mse_0=0.003076; ', 'lpips_0=0.008264; ', 'codec_recon_0=0.010436; ', 'bpp_0=1.196661; ', 'mse_1=0.002633; ', 'lpips_1=0.007144; ', 'codec_recon_1=0.072474; ', 'bpp_1=0.302316; ', 'mse_2=0.002307; ', 'lpips_2=0.006390; ', 'codec_recon_2=0.016589; ', 'bpp_2=0.292598; ']
train step[1405/2000] ; used: 32m:32s; eta: 13m:46s; loss = 0.101457; ['mse_0=0.001095; ', 'lpips_0=0.005049; ', 'codec_recon_0=0.009587; ', 'bpp_0=1.180036; ', 'mse_1=0.000730; ', 'lpips_1=0.003814; ', 'codec_recon_1=0.062233; ', 'bpp_1=0.302996; ', 'mse_2=0.000525; ', 'lpips_2=0.002952; ', 'codec_recon_2=0.015469; ', 'bpp_2=0.292949; ']
train step[1406/2000] ; used: 32m:33s; eta: 13m:44s; loss = 0.125686; ['mse_0=0.002165; ', 'lpips_0=0.007343; ', 'codec_recon_0=0.010920; ', 'bpp_0=1.193026; ', 'mse_1=0.001803; ', 'lpips_1=0.006107; ', 'codec_recon_1=0.072323; ', 'bpp_1=0.302642; ', 'mse_2=0.001662; ', 'lpips_2=0.005256; ', 'codec_recon_2=0.018104; ', 'bpp_2=0.294005; ']
train step[1407/2000] ; used: 32m:34s; eta: 13m:43s; loss = 0.095551; ['mse_0=0.001024; ', 'lpips_0=0.005466; ', 'codec_recon_0=0.009903; ', 'bpp_0=1.172285; ', 'mse_1=0.000828; ', 'lpips_1=0.004532; ', 'codec_recon_1=0.055567; ', 'bpp_1=0.300883; ', 'mse_2=0.000794; ', 'lpips_2=0.004038; ', 'codec_recon_2=0.013397; ', 'bpp_2=0.291062; ']
train step[1408/2000] ; used: 32m:35s; eta: 13m:41s; loss = 0.121340; ['mse_0=0.002269; ', 'lpips_0=0.005391; ', 'codec_recon_0=0.010202; ', 'bpp_0=1.195963; ', 'mse_1=0.001790; ', 'lpips_1=0.004253; ', 'codec_recon_1=0.074332; ', 'bpp_1=0.301268; ', 'mse_2=0.001398; ', 'lpips_2=0.003155; ', 'codec_recon_2=0.018549; ', 'bpp_2=0.292566; ']
train step[1409/2000] ; used: 32m:36s; eta: 13m:40s; loss = 0.106963; ['mse_0=0.002021; ', 'lpips_0=0.007056; ', 'codec_recon_0=0.010223; ', 'bpp_0=1.191113; ', 'mse_1=0.001754; ', 'lpips_1=0.005918; ', 'codec_recon_1=0.057251; ', 'bpp_1=0.302646; ', 'mse_2=0.001573; ', 'lpips_2=0.004661; ', 'codec_recon_2=0.016505; ', 'bpp_2=0.292185; ']
train step[1410/2000] ; used: 32m:37s; eta: 13m:38s; loss = 0.107554; ['mse_0=0.002142; ', 'lpips_0=0.006491; ', 'codec_recon_0=0.011052; ', 'bpp_0=1.171576; ', 'mse_1=0.001858; ', 'lpips_1=0.005580; ', 'codec_recon_1=0.058832; ', 'bpp_1=0.301053; ', 'mse_2=0.001783; ', 'lpips_2=0.005120; ', 'codec_recon_2=0.014695; ', 'bpp_2=0.292512; ']
train step[1411/2000] ; used: 32m:38s; eta: 13m:37s; loss = 0.117250; ['mse_0=0.004018; ', 'lpips_0=0.007709; ', 'codec_recon_0=0.010270; ', 'bpp_0=1.182250; ', 'mse_1=0.003866; ', 'lpips_1=0.006942; ', 'codec_recon_1=0.058630; ', 'bpp_1=0.300591; ', 'mse_2=0.003752; ', 'lpips_2=0.006267; ', 'codec_recon_2=0.015793; ', 'bpp_2=0.290067; ']
train step[1412/2000] ; used: 32m:39s; eta: 13m:35s; loss = 0.121487; ['mse_0=0.001472; ', 'lpips_0=0.005220; ', 'codec_recon_0=0.010786; ', 'bpp_0=1.199031; ', 'mse_1=0.001161; ', 'lpips_1=0.003951; ', 'codec_recon_1=0.077556; ', 'bpp_1=0.302701; ', 'mse_2=0.001079; ', 'lpips_2=0.003428; ', 'codec_recon_2=0.016833; ', 'bpp_2=0.294000; ']
train step[1413/2000] ; used: 32m:40s; eta: 13m:34s; loss = 0.094050; ['mse_0=0.001584; ', 'lpips_0=0.005704; ', 'codec_recon_0=0.009807; ', 'bpp_0=1.175478; ', 'mse_1=0.001252; ', 'lpips_1=0.004641; ', 'codec_recon_1=0.053275; ', 'bpp_1=0.302071; ', 'mse_2=0.001143; ', 'lpips_2=0.003958; ', 'codec_recon_2=0.012684; ', 'bpp_2=0.292788; ']
train step[1414/2000] ; used: 32m:41s; eta: 13m:32s; loss = 0.103368; ['mse_0=0.001716; ', 'lpips_0=0.004763; ', 'codec_recon_0=0.009303; ', 'bpp_0=1.177092; ', 'mse_1=0.001312; ', 'lpips_1=0.003885; ', 'codec_recon_1=0.063575; ', 'bpp_1=0.300516; ', 'mse_2=0.001096; ', 'lpips_2=0.003220; ', 'codec_recon_2=0.014495; ', 'bpp_2=0.291360; ']
train step[1415/2000] ; used: 32m:43s; eta: 13m:31s; loss = 0.109367; ['mse_0=0.001254; ', 'lpips_0=0.005675; ', 'codec_recon_0=0.009898; ', 'bpp_0=1.183586; ', 'mse_1=0.000964; ', 'lpips_1=0.004458; ', 'codec_recon_1=0.065975; ', 'bpp_1=0.303645; ', 'mse_2=0.000742; ', 'lpips_2=0.003621; ', 'codec_recon_2=0.016778; ', 'bpp_2=0.292942; ']
train step[1416/2000] ; used: 32m:44s; eta: 13m:29s; loss = 0.149561; ['mse_0=0.002431; ', 'lpips_0=0.006687; ', 'codec_recon_0=0.011314; ', 'bpp_0=1.221473; ', 'mse_1=0.002011; ', 'lpips_1=0.005338; ', 'codec_recon_1=0.095231; ', 'bpp_1=0.304572; ', 'mse_2=0.001702; ', 'lpips_2=0.004183; ', 'codec_recon_2=0.020662; ', 'bpp_2=0.295784; ']
train step[1417/2000] ; used: 32m:45s; eta: 13m:28s; loss = 0.132640; ['mse_0=0.003040; ', 'lpips_0=0.007433; ', 'codec_recon_0=0.010900; ', 'bpp_0=1.184655; ', 'mse_1=0.002670; ', 'lpips_1=0.006277; ', 'codec_recon_1=0.075772; ', 'bpp_1=0.301100; ', 'mse_2=0.002387; ', 'lpips_2=0.005327; ', 'codec_recon_2=0.018832; ', 'bpp_2=0.292382; ']
train step[1418/2000] ; used: 32m:46s; eta: 13m:26s; loss = 0.088844; ['mse_0=0.000672; ', 'lpips_0=0.005472; ', 'codec_recon_0=0.009549; ', 'bpp_0=1.171757; ', 'mse_1=0.000554; ', 'lpips_1=0.004645; ', 'codec_recon_1=0.050655; ', 'bpp_1=0.301038; ', 'mse_2=0.000493; ', 'lpips_2=0.004181; ', 'codec_recon_2=0.012620; ', 'bpp_2=0.291621; ']
train step[1419/2000] ; used: 32m:47s; eta: 13m:25s; loss = 0.096768; ['mse_0=0.001541; ', 'lpips_0=0.005392; ', 'codec_recon_0=0.009115; ', 'bpp_0=1.168066; ', 'mse_1=0.001333; ', 'lpips_1=0.004146; ', 'codec_recon_1=0.057091; ', 'bpp_1=0.301101; ', 'mse_2=0.001097; ', 'lpips_2=0.003573; ', 'codec_recon_2=0.013477; ', 'bpp_2=0.290993; ']
train step[1420/2000] ; used: 32m:48s; eta: 13m:23s; loss = 0.122370; ['mse_0=0.002321; ', 'lpips_0=0.005654; ', 'codec_recon_0=0.010460; ', 'bpp_0=1.202193; ', 'mse_1=0.001848; ', 'lpips_1=0.004459; ', 'codec_recon_1=0.076371; ', 'bpp_1=0.302993; ', 'mse_2=0.001463; ', 'lpips_2=0.003418; ', 'codec_recon_2=0.016373; ', 'bpp_2=0.293570; ']
train step[1421/2000] ; used: 32m:49s; eta: 13m:22s; loss = 0.097689; ['mse_0=0.001890; ', 'lpips_0=0.007019; ', 'codec_recon_0=0.009469; ', 'bpp_0=1.169279; ', 'mse_1=0.001658; ', 'lpips_1=0.006034; ', 'codec_recon_1=0.050810; ', 'bpp_1=0.301560; ', 'mse_2=0.001613; ', 'lpips_2=0.005453; ', 'codec_recon_2=0.013741; ', 'bpp_2=0.291826; ']
train step[1422/2000] ; used: 32m:50s; eta: 13m:20s; loss = 0.157707; ['mse_0=0.007036; ', 'lpips_0=0.008985; ', 'codec_recon_0=0.011848; ', 'bpp_0=1.209671; ', 'mse_1=0.006345; ', 'lpips_1=0.008084; ', 'codec_recon_1=0.083613; ', 'bpp_1=0.302299; ', 'mse_2=0.005987; ', 'lpips_2=0.006950; ', 'codec_recon_2=0.018856; ', 'bpp_2=0.294917; ']
train step[1423/2000] ; used: 32m:51s; eta: 13m:18s; loss = 0.097115; ['mse_0=0.001150; ', 'lpips_0=0.005233; ', 'codec_recon_0=0.009201; ', 'bpp_0=1.171317; ', 'mse_1=0.000821; ', 'lpips_1=0.003990; ', 'codec_recon_1=0.058803; ', 'bpp_1=0.301383; ', 'mse_2=0.000729; ', 'lpips_2=0.003333; ', 'codec_recon_2=0.013854; ', 'bpp_2=0.291216; ']
train step[1424/2000] ; used: 32m:52s; eta: 13m:17s; loss = 0.091902; ['mse_0=0.001524; ', 'lpips_0=0.006437; ', 'codec_recon_0=0.009264; ', 'bpp_0=1.172129; ', 'mse_1=0.001261; ', 'lpips_1=0.005543; ', 'codec_recon_1=0.049763; ', 'bpp_1=0.301207; ', 'mse_2=0.001127; ', 'lpips_2=0.005027; ', 'codec_recon_2=0.011953; ', 'bpp_2=0.291659; ']
train step[1425/2000] ; used: 32m:54s; eta: 13m:15s; loss = 0.103013; ['mse_0=0.000751; ', 'lpips_0=0.004564; ', 'codec_recon_0=0.009945; ', 'bpp_0=1.184244; ', 'mse_1=0.000558; ', 'lpips_1=0.003368; ', 'codec_recon_1=0.064896; ', 'bpp_1=0.302357; ', 'mse_2=0.000472; ', 'lpips_2=0.002791; ', 'codec_recon_2=0.015666; ', 'bpp_2=0.293588; ']
train step[1426/2000] ; used: 32m:55s; eta: 13m:14s; loss = 0.114297; ['mse_0=0.003141; ', 'lpips_0=0.005706; ', 'codec_recon_0=0.010458; ', 'bpp_0=1.171120; ', 'mse_1=0.002872; ', 'lpips_1=0.004830; ', 'codec_recon_1=0.065345; ', 'bpp_1=0.301959; ', 'mse_2=0.002857; ', 'lpips_2=0.004427; ', 'codec_recon_2=0.014658; ', 'bpp_2=0.293134; ']
train step[1427/2000] ; used: 32m:56s; eta: 13m:13s; loss = 0.107110; ['mse_0=0.001711; ', 'lpips_0=0.005243; ', 'codec_recon_0=0.010247; ', 'bpp_0=1.173486; ', 'mse_1=0.001425; ', 'lpips_1=0.004162; ', 'codec_recon_1=0.066237; ', 'bpp_1=0.302864; ', 'mse_2=0.001236; ', 'lpips_2=0.003521; ', 'codec_recon_2=0.013326; ', 'bpp_2=0.293765; ']
train step[1428/2000] ; used: 32m:57s; eta: 13m:11s; loss = 0.127231; ['mse_0=0.002245; ', 'lpips_0=0.006661; ', 'codec_recon_0=0.010744; ', 'bpp_0=1.202735; ', 'mse_1=0.001882; ', 'lpips_1=0.005443; ', 'codec_recon_1=0.075741; ', 'bpp_1=0.303892; ', 'mse_2=0.001663; ', 'lpips_2=0.004629; ', 'codec_recon_2=0.018222; ', 'bpp_2=0.295006; ']
train step[1429/2000] ; used: 32m:58s; eta: 13m:10s; loss = 0.100213; ['mse_0=0.002152; ', 'lpips_0=0.005280; ', 'codec_recon_0=0.009505; ', 'bpp_0=1.163686; ', 'mse_1=0.001687; ', 'lpips_1=0.004188; ', 'codec_recon_1=0.059615; ', 'bpp_1=0.301114; ', 'mse_2=0.001533; ', 'lpips_2=0.003629; ', 'codec_recon_2=0.012622; ', 'bpp_2=0.291260; ']
train step[1430/2000] ; used: 32m:59s; eta: 13m:8s; loss = 0.116439; ['mse_0=0.003344; ', 'lpips_0=0.006785; ', 'codec_recon_0=0.010824; ', 'bpp_0=1.177846; ', 'mse_1=0.002609; ', 'lpips_1=0.005829; ', 'codec_recon_1=0.064862; ', 'bpp_1=0.300691; ', 'mse_2=0.002157; ', 'lpips_2=0.005204; ', 'codec_recon_2=0.014823; ', 'bpp_2=0.292610; ']
train step[1431/2000] ; used: 33m; eta: 13m:7s; loss = 0.097228; ['mse_0=0.000527; ', 'lpips_0=0.004288; ', 'codec_recon_0=0.009797; ', 'bpp_0=1.181226; ', 'mse_1=0.000348; ', 'lpips_1=0.003287; ', 'codec_recon_1=0.060034; ', 'bpp_1=0.301578; ', 'mse_2=0.000296; ', 'lpips_2=0.002750; ', 'codec_recon_2=0.015899; ', 'bpp_2=0.291854; ']
train step[1432/2000] ; used: 33m:1s; eta: 13m:5s; loss = 0.148630; ['mse_0=0.004307; ', 'lpips_0=0.010098; ', 'codec_recon_0=0.011267; ', 'bpp_0=1.191886; ', 'mse_1=0.003825; ', 'lpips_1=0.008796; ', 'codec_recon_1=0.079997; ', 'bpp_1=0.303560; ', 'mse_2=0.003635; ', 'lpips_2=0.007751; ', 'codec_recon_2=0.018953; ', 'bpp_2=0.293656; ']
train step[1433/2000] ; used: 33m:2s; eta: 13m:4s; loss = 0.121444; ['mse_0=0.003589; ', 'lpips_0=0.008853; ', 'codec_recon_0=0.010896; ', 'bpp_0=1.182989; ', 'mse_1=0.003193; ', 'lpips_1=0.008022; ', 'codec_recon_1=0.060507; ', 'bpp_1=0.302546; ', 'mse_2=0.003001; ', 'lpips_2=0.007396; ', 'codec_recon_2=0.015985; ', 'bpp_2=0.291587; ']
train step[1434/2000] ; used: 33m:4s; eta: 13m:2s; loss = 0.103195; ['mse_0=0.001218; ', 'lpips_0=0.004500; ', 'codec_recon_0=0.009711; ', 'bpp_0=1.181965; ', 'mse_1=0.000843; ', 'lpips_1=0.003257; ', 'codec_recon_1=0.065573; ', 'bpp_1=0.301342; ', 'mse_2=0.000638; ', 'lpips_2=0.002485; ', 'codec_recon_2=0.014968; ', 'bpp_2=0.292999; ']
Skipped bad example 7ab1ca08282c3433. Context shape was torch.Size([2, 3, 360, 480]) and target shape was torch.Size([4, 3, 360, 480]).
train step[1435/2000] ; used: 33m:5s; eta: 13m:1s; loss = 0.101897; ['mse_0=0.000502; ', 'lpips_0=0.004192; ', 'codec_recon_0=0.008993; ', 'bpp_0=1.172186; ', 'mse_1=0.000329; ', 'lpips_1=0.003190; ', 'codec_recon_1=0.066379; ', 'bpp_1=0.300948; ', 'mse_2=0.000238; ', 'lpips_2=0.002620; ', 'codec_recon_2=0.015454; ', 'bpp_2=0.291100; ']
train step[1436/2000] ; used: 33m:6s; eta: 12m:59s; loss = 0.092051; ['mse_0=0.000513; ', 'lpips_0=0.004011; ', 'codec_recon_0=0.008928; ', 'bpp_0=1.160159; ', 'mse_1=0.000369; ', 'lpips_1=0.003057; ', 'codec_recon_1=0.058572; ', 'bpp_1=0.301379; ', 'mse_2=0.000323; ', 'lpips_2=0.002703; ', 'codec_recon_2=0.013574; ', 'bpp_2=0.290529; ']
train step[1437/2000] ; used: 33m:7s; eta: 12m:58s; loss = 0.099801; ['mse_0=0.001437; ', 'lpips_0=0.005402; ', 'codec_recon_0=0.009910; ', 'bpp_0=1.171219; ', 'mse_1=0.001102; ', 'lpips_1=0.004422; ', 'codec_recon_1=0.059126; ', 'bpp_1=0.301798; ', 'mse_2=0.000945; ', 'lpips_2=0.003933; ', 'codec_recon_2=0.013521; ', 'bpp_2=0.291971; ']
train step[1438/2000] ; used: 33m:8s; eta: 12m:56s; loss = 0.125901; ['mse_0=0.003322; ', 'lpips_0=0.006654; ', 'codec_recon_0=0.010503; ', 'bpp_0=1.175058; ', 'mse_1=0.003054; ', 'lpips_1=0.005687; ', 'codec_recon_1=0.071654; ', 'bpp_1=0.301391; ', 'mse_2=0.003128; ', 'lpips_2=0.004879; ', 'codec_recon_2=0.017018; ', 'bpp_2=0.290902; ']
train step[1439/2000] ; used: 33m:9s; eta: 12m:55s; loss = 0.113890; ['mse_0=0.003833; ', 'lpips_0=0.008877; ', 'codec_recon_0=0.008726; ', 'bpp_0=1.166681; ', 'mse_1=0.003474; ', 'lpips_1=0.007765; ', 'codec_recon_1=0.057045; ', 'bpp_1=0.300469; ', 'mse_2=0.003273; ', 'lpips_2=0.006979; ', 'codec_recon_2=0.013916; ', 'bpp_2=0.290016; ']
train step[1440/2000] ; used: 33m:10s; eta: 12m:53s; loss = 0.117973; ['mse_0=0.002499; ', 'lpips_0=0.005891; ', 'codec_recon_0=0.010589; ', 'bpp_0=1.187894; ', 'mse_1=0.002152; ', 'lpips_1=0.005010; ', 'codec_recon_1=0.069533; ', 'bpp_1=0.303415; ', 'mse_2=0.002018; ', 'lpips_2=0.004495; ', 'codec_recon_2=0.015785; ', 'bpp_2=0.294203; ']
train step[1441/2000] ; used: 33m:11s; eta: 12m:52s; loss = 0.105082; ['mse_0=0.001265; ', 'lpips_0=0.005457; ', 'codec_recon_0=0.008875; ', 'bpp_0=1.164874; ', 'mse_1=0.000964; ', 'lpips_1=0.004133; ', 'codec_recon_1=0.063662; ', 'bpp_1=0.300077; ', 'mse_2=0.000856; ', 'lpips_2=0.003465; ', 'codec_recon_2=0.016404; ', 'bpp_2=0.289973; ']
train step[1442/2000] ; used: 33m:13s; eta: 12m:50s; loss = 0.101055; ['mse_0=0.000995; ', 'lpips_0=0.005190; ', 'codec_recon_0=0.008573; ', 'bpp_0=1.170871; ', 'mse_1=0.000734; ', 'lpips_1=0.003898; ', 'codec_recon_1=0.061576; ', 'bpp_1=0.301367; ', 'mse_2=0.000587; ', 'lpips_2=0.003085; ', 'codec_recon_2=0.016415; ', 'bpp_2=0.291875; ']
train step[1443/2000] ; used: 33m:14s; eta: 12m:49s; loss = 0.104523; ['mse_0=0.000734; ', 'lpips_0=0.004640; ', 'codec_recon_0=0.009629; ', 'bpp_0=1.178004; ', 'mse_1=0.000568; ', 'lpips_1=0.003688; ', 'codec_recon_1=0.065990; ', 'bpp_1=0.301753; ', 'mse_2=0.000447; ', 'lpips_2=0.003187; ', 'codec_recon_2=0.015638; ', 'bpp_2=0.291500; ']
train step[1444/2000] ; used: 33m:15s; eta: 12m:47s; loss = 0.154439; ['mse_0=0.009565; ', 'lpips_0=0.011170; ', 'codec_recon_0=0.010486; ', 'bpp_0=1.171745; ', 'mse_1=0.008960; ', 'lpips_1=0.010787; ', 'codec_recon_1=0.067626; ', 'bpp_1=0.302452; ', 'mse_2=0.009209; ', 'lpips_2=0.009800; ', 'codec_recon_2=0.016835; ', 'bpp_2=0.291704; ']
train step[1445/2000] ; used: 33m:16s; eta: 12m:46s; loss = 0.097306; ['mse_0=0.001741; ', 'lpips_0=0.005247; ', 'codec_recon_0=0.008635; ', 'bpp_0=1.178858; ', 'mse_1=0.001555; ', 'lpips_1=0.004453; ', 'codec_recon_1=0.057284; ', 'bpp_1=0.300999; ', 'mse_2=0.001447; ', 'lpips_2=0.003950; ', 'codec_recon_2=0.012994; ', 'bpp_2=0.290116; ']
train step[1446/2000] ; used: 33m:17s; eta: 12m:44s; loss = 0.095525; ['mse_0=0.000912; ', 'lpips_0=0.005797; ', 'codec_recon_0=0.009538; ', 'bpp_0=1.172893; ', 'mse_1=0.000704; ', 'lpips_1=0.004582; ', 'codec_recon_1=0.055299; ', 'bpp_1=0.299615; ', 'mse_2=0.000579; ', 'lpips_2=0.003988; ', 'codec_recon_2=0.014125; ', 'bpp_2=0.289283; ']
train step[1447/2000] ; used: 33m:18s; eta: 12m:43s; loss = 0.124731; ['mse_0=0.001489; ', 'lpips_0=0.003957; ', 'codec_recon_0=0.009607; ', 'bpp_0=1.176569; ', 'mse_1=0.001199; ', 'lpips_1=0.002849; ', 'codec_recon_1=0.082868; ', 'bpp_1=0.301201; ', 'mse_2=0.001029; ', 'lpips_2=0.002046; ', 'codec_recon_2=0.019686; ', 'bpp_2=0.291137; ']
train step[1448/2000] ; used: 33m:19s; eta: 12m:41s; loss = 0.103773; ['mse_0=0.001452; ', 'lpips_0=0.005837; ', 'codec_recon_0=0.009725; ', 'bpp_0=1.178242; ', 'mse_1=0.001208; ', 'lpips_1=0.004859; ', 'codec_recon_1=0.060859; ', 'bpp_1=0.301262; ', 'mse_2=0.001117; ', 'lpips_2=0.004306; ', 'codec_recon_2=0.014408; ', 'bpp_2=0.292148; ']
train step[1449/2000] ; used: 33m:20s; eta: 12m:40s; loss = 0.097880; ['mse_0=0.001486; ', 'lpips_0=0.005773; ', 'codec_recon_0=0.009637; ', 'bpp_0=1.186810; ', 'mse_1=0.001181; ', 'lpips_1=0.004711; ', 'codec_recon_1=0.054815; ', 'bpp_1=0.300206; ', 'mse_2=0.001064; ', 'lpips_2=0.004219; ', 'codec_recon_2=0.014992; ', 'bpp_2=0.290953; ']
train step[1450/2000] ; used: 33m:21s; eta: 12m:38s; loss = 0.143820; ['mse_0=0.001331; ', 'lpips_0=0.005498; ', 'codec_recon_0=0.010416; ', 'bpp_0=1.190133; ', 'mse_1=0.000950; ', 'lpips_1=0.004130; ', 'codec_recon_1=0.095196; ', 'bpp_1=0.301453; ', 'mse_2=0.000739; ', 'lpips_2=0.003058; ', 'codec_recon_2=0.022499; ', 'bpp_2=0.293448; ']
train step[1451/2000] ; used: 33m:22s; eta: 12m:37s; loss = 0.087144; ['mse_0=0.001002; ', 'lpips_0=0.004634; ', 'codec_recon_0=0.008853; ', 'bpp_0=1.163563; ', 'mse_1=0.000830; ', 'lpips_1=0.003826; ', 'codec_recon_1=0.051414; ', 'bpp_1=0.299638; ', 'mse_2=0.000814; ', 'lpips_2=0.003455; ', 'codec_recon_2=0.012313; ', 'bpp_2=0.289974; ']
train step[1452/2000] ; used: 33m:24s; eta: 12m:35s; loss = 0.114199; ['mse_0=0.001952; ', 'lpips_0=0.006201; ', 'codec_recon_0=0.010170; ', 'bpp_0=1.179541; ', 'mse_1=0.001706; ', 'lpips_1=0.005454; ', 'codec_recon_1=0.065720; ', 'bpp_1=0.302005; ', 'mse_2=0.001592; ', 'lpips_2=0.004970; ', 'codec_recon_2=0.016433; ', 'bpp_2=0.291818; ']
train step[1453/2000] ; used: 33m:25s; eta: 12m:34s; loss = 0.125130; ['mse_0=0.002362; ', 'lpips_0=0.007323; ', 'codec_recon_0=0.012164; ', 'bpp_0=1.199463; ', 'mse_1=0.001876; ', 'lpips_1=0.005697; ', 'codec_recon_1=0.071178; ', 'bpp_1=0.301510; ', 'mse_2=0.001679; ', 'lpips_2=0.005098; ', 'codec_recon_2=0.017750; ', 'bpp_2=0.291711; ']
train step[1454/2000] ; used: 33m:27s; eta: 12m:33s; loss = 0.119024; ['mse_0=0.002711; ', 'lpips_0=0.006580; ', 'codec_recon_0=0.009200; ', 'bpp_0=1.175232; ', 'mse_1=0.002391; ', 'lpips_1=0.005515; ', 'codec_recon_1=0.070147; ', 'bpp_1=0.300042; ', 'mse_2=0.002206; ', 'lpips_2=0.004795; ', 'codec_recon_2=0.015479; ', 'bpp_2=0.291023; ']
train step[1455/2000] ; used: 33m:28s; eta: 12m:31s; loss = 0.112952; ['mse_0=0.003371; ', 'lpips_0=0.006775; ', 'codec_recon_0=0.009131; ', 'bpp_0=1.159745; ', 'mse_1=0.003089; ', 'lpips_1=0.006031; ', 'codec_recon_1=0.060530; ', 'bpp_1=0.300703; ', 'mse_2=0.003083; ', 'lpips_2=0.005459; ', 'codec_recon_2=0.015480; ', 'bpp_2=0.291293; ']
train step[1456/2000] ; used: 33m:29s; eta: 12m:30s; loss = 0.109337; ['mse_0=0.001908; ', 'lpips_0=0.004495; ', 'codec_recon_0=0.010037; ', 'bpp_0=1.189515; ', 'mse_1=0.001617; ', 'lpips_1=0.003686; ', 'codec_recon_1=0.067805; ', 'bpp_1=0.301741; ', 'mse_2=0.001449; ', 'lpips_2=0.003147; ', 'codec_recon_2=0.015192; ', 'bpp_2=0.291722; ']
train step[1457/2000] ; used: 33m:30s; eta: 12m:28s; loss = 0.134898; ['mse_0=0.002112; ', 'lpips_0=0.006732; ', 'codec_recon_0=0.011133; ', 'bpp_0=1.193561; ', 'mse_1=0.001970; ', 'lpips_1=0.005751; ', 'codec_recon_1=0.081423; ', 'bpp_1=0.302261; ', 'mse_2=0.001910; ', 'lpips_2=0.005183; ', 'codec_recon_2=0.018682; ', 'bpp_2=0.294125; ']
train step[1458/2000] ; used: 33m:31s; eta: 12m:27s; loss = 0.104042; ['mse_0=0.001840; ', 'lpips_0=0.004849; ', 'codec_recon_0=0.009970; ', 'bpp_0=1.182750; ', 'mse_1=0.001610; ', 'lpips_1=0.003788; ', 'codec_recon_1=0.062046; ', 'bpp_1=0.301489; ', 'mse_2=0.001579; ', 'lpips_2=0.003118; ', 'codec_recon_2=0.015240; ', 'bpp_2=0.292014; ']
train step[1459/2000] ; used: 33m:32s; eta: 12m:25s; loss = 0.112772; ['mse_0=0.002324; ', 'lpips_0=0.007455; ', 'codec_recon_0=0.010753; ', 'bpp_0=1.153118; ', 'mse_1=0.001815; ', 'lpips_1=0.006360; ', 'codec_recon_1=0.061060; ', 'bpp_1=0.299925; ', 'mse_2=0.001718; ', 'lpips_2=0.005874; ', 'codec_recon_2=0.015412; ', 'bpp_2=0.290041; ']
train step[1460/2000] ; used: 33m:33s; eta: 12m:24s; loss = 0.083732; ['mse_0=0.000798; ', 'lpips_0=0.005043; ', 'codec_recon_0=0.009942; ', 'bpp_0=1.158267; ', 'mse_1=0.000604; ', 'lpips_1=0.004166; ', 'codec_recon_1=0.047038; ', 'bpp_1=0.299683; ', 'mse_2=0.000506; ', 'lpips_2=0.003754; ', 'codec_recon_2=0.011879; ', 'bpp_2=0.288126; ']
train step[1461/2000] ; used: 33m:35s; eta: 12m:22s; loss = 0.142625; ['mse_0=0.003158; ', 'lpips_0=0.005618; ', 'codec_recon_0=0.010339; ', 'bpp_0=1.186683; ', 'mse_1=0.002595; ', 'lpips_1=0.004438; ', 'codec_recon_1=0.090168; ', 'bpp_1=0.303152; ', 'mse_2=0.002270; ', 'lpips_2=0.003540; ', 'codec_recon_2=0.020497; ', 'bpp_2=0.294356; ']
train step[1462/2000] ; used: 33m:36s; eta: 12m:21s; loss = 0.085865; ['mse_0=0.000692; ', 'lpips_0=0.004842; ', 'codec_recon_0=0.008612; ', 'bpp_0=1.168388; ', 'mse_1=0.000531; ', 'lpips_1=0.003844; ', 'codec_recon_1=0.047900; ', 'bpp_1=0.298341; ', 'mse_2=0.000444; ', 'lpips_2=0.003345; ', 'codec_recon_2=0.015655; ', 'bpp_2=0.289191; ']
train step[1463/2000] ; used: 33m:37s; eta: 12m:19s; loss = 0.132491; ['mse_0=0.002080; ', 'lpips_0=0.007411; ', 'codec_recon_0=0.010249; ', 'bpp_0=1.167441; ', 'mse_1=0.001815; ', 'lpips_1=0.006124; ', 'codec_recon_1=0.077730; ', 'bpp_1=0.300388; ', 'mse_2=0.001618; ', 'lpips_2=0.005000; ', 'codec_recon_2=0.020463; ', 'bpp_2=0.291644; ']
train step[1464/2000] ; used: 33m:38s; eta: 12m:18s; loss = 0.136125; ['mse_0=0.001938; ', 'lpips_0=0.007105; ', 'codec_recon_0=0.010515; ', 'bpp_0=1.186026; ', 'mse_1=0.001601; ', 'lpips_1=0.005748; ', 'codec_recon_1=0.083087; ', 'bpp_1=0.301833; ', 'mse_2=0.001265; ', 'lpips_2=0.004661; ', 'codec_recon_2=0.020203; ', 'bpp_2=0.292393; ']
train step[1465/2000] ; used: 33m:39s; eta: 12m:16s; loss = 0.158571; ['mse_0=0.006976; ', 'lpips_0=0.010427; ', 'codec_recon_0=0.011050; ', 'bpp_0=1.177016; ', 'mse_1=0.006181; ', 'lpips_1=0.009817; ', 'codec_recon_1=0.078617; ', 'bpp_1=0.301521; ', 'mse_2=0.006019; ', 'lpips_2=0.008782; ', 'codec_recon_2=0.020700; ', 'bpp_2=0.293196; ']
train step[1466/2000] ; used: 33m:40s; eta: 12m:15s; loss = 0.098179; ['mse_0=0.001177; ', 'lpips_0=0.005789; ', 'codec_recon_0=0.010300; ', 'bpp_0=1.159957; ', 'mse_1=0.001023; ', 'lpips_1=0.004894; ', 'codec_recon_1=0.055435; ', 'bpp_1=0.300598; ', 'mse_2=0.000969; ', 'lpips_2=0.004548; ', 'codec_recon_2=0.014043; ', 'bpp_2=0.292176; ']
train step[1467/2000] ; used: 33m:41s; eta: 12m:14s; loss = 0.096528; ['mse_0=0.001457; ', 'lpips_0=0.005439; ', 'codec_recon_0=0.010799; ', 'bpp_0=1.167020; ', 'mse_1=0.001219; ', 'lpips_1=0.004578; ', 'codec_recon_1=0.054257; ', 'bpp_1=0.300847; ', 'mse_2=0.001188; ', 'lpips_2=0.004092; ', 'codec_recon_2=0.013495; ', 'bpp_2=0.291261; ']
train step[1468/2000] ; used: 33m:42s; eta: 12m:12s; loss = 0.169403; ['mse_0=0.008541; ', 'lpips_0=0.014012; ', 'codec_recon_0=0.011680; ', 'bpp_0=1.171401; ', 'mse_1=0.008188; ', 'lpips_1=0.013115; ', 'codec_recon_1=0.073277; ', 'bpp_1=0.300811; ', 'mse_2=0.007986; ', 'lpips_2=0.012075; ', 'codec_recon_2=0.020528; ', 'bpp_2=0.291882; ']
train step[1469/2000] ; used: 33m:43s; eta: 12m:11s; loss = 0.148215; ['mse_0=0.004267; ', 'lpips_0=0.007792; ', 'codec_recon_0=0.011865; ', 'bpp_0=1.189677; ', 'mse_1=0.003669; ', 'lpips_1=0.006731; ', 'codec_recon_1=0.084350; ', 'bpp_1=0.303078; ', 'mse_2=0.003383; ', 'lpips_2=0.005691; ', 'codec_recon_2=0.020464; ', 'bpp_2=0.292911; ']
train step[1470/2000] ; used: 33m:44s; eta: 12m:9s; loss = 0.109291; ['mse_0=0.001460; ', 'lpips_0=0.005398; ', 'codec_recon_0=0.010119; ', 'bpp_0=1.160996; ', 'mse_1=0.001206; ', 'lpips_1=0.004410; ', 'codec_recon_1=0.062380; ', 'bpp_1=0.298376; ', 'mse_2=0.001050; ', 'lpips_2=0.003618; ', 'codec_recon_2=0.019646; ', 'bpp_2=0.286007; ']
train step[1471/2000] ; used: 33m:46s; eta: 12m:8s; loss = 0.112397; ['mse_0=0.002938; ', 'lpips_0=0.008148; ', 'codec_recon_0=0.009500; ', 'bpp_0=1.159998; ', 'mse_1=0.002472; ', 'lpips_1=0.007135; ', 'codec_recon_1=0.057742; ', 'bpp_1=0.302306; ', 'mse_2=0.002235; ', 'lpips_2=0.006524; ', 'codec_recon_2=0.015701; ', 'bpp_2=0.292262; ']
train step[1472/2000] ; used: 33m:47s; eta: 12m:6s; loss = 0.171768; ['mse_0=0.011742; ', 'lpips_0=0.012587; ', 'codec_recon_0=0.010150; ', 'bpp_0=1.164378; ', 'mse_1=0.011292; ', 'lpips_1=0.011639; ', 'codec_recon_1=0.072198; ', 'bpp_1=0.298776; ', 'mse_2=0.010733; ', 'lpips_2=0.010741; ', 'codec_recon_2=0.020683; ', 'bpp_2=0.290121; ']
train step[1473/2000] ; used: 33m:48s; eta: 12m:5s; loss = 0.124722; ['mse_0=0.001629; ', 'lpips_0=0.005618; ', 'codec_recon_0=0.010864; ', 'bpp_0=1.194305; ', 'mse_1=0.001323; ', 'lpips_1=0.004612; ', 'codec_recon_1=0.077369; ', 'bpp_1=0.301739; ', 'mse_2=0.001148; ', 'lpips_2=0.003833; ', 'codec_recon_2=0.018322; ', 'bpp_2=0.293331; ']
train step[1474/2000] ; used: 33m:49s; eta: 12m:3s; loss = 0.132940; ['mse_0=0.001929; ', 'lpips_0=0.005612; ', 'codec_recon_0=0.011396; ', 'bpp_0=1.185603; ', 'mse_1=0.001509; ', 'lpips_1=0.004531; ', 'codec_recon_1=0.083709; ', 'bpp_1=0.301652; ', 'mse_2=0.001262; ', 'lpips_2=0.003624; ', 'codec_recon_2=0.019367; ', 'bpp_2=0.292140; ']
train step[1475/2000] ; used: 33m:50s; eta: 12m:2s; loss = 0.148922; ['mse_0=0.007952; ', 'lpips_0=0.008757; ', 'codec_recon_0=0.010211; ', 'bpp_0=1.190676; ', 'mse_1=0.007019; ', 'lpips_1=0.007874; ', 'codec_recon_1=0.074210; ', 'bpp_1=0.303643; ', 'mse_2=0.006559; ', 'lpips_2=0.006886; ', 'codec_recon_2=0.019452; ', 'bpp_2=0.293433; ']
train step[1476/2000] ; used: 33m:51s; eta: 12m; loss = 0.093981; ['mse_0=0.001324; ', 'lpips_0=0.005021; ', 'codec_recon_0=0.008887; ', 'bpp_0=1.165472; ', 'mse_1=0.001068; ', 'lpips_1=0.003949; ', 'codec_recon_1=0.056420; ', 'bpp_1=0.299965; ', 'mse_2=0.000941; ', 'lpips_2=0.003303; ', 'codec_recon_2=0.013066; ', 'bpp_2=0.290064; ']
train step[1477/2000] ; used: 33m:52s; eta: 11m:59s; loss = 0.138096; ['mse_0=0.001632; ', 'lpips_0=0.006538; ', 'codec_recon_0=0.010713; ', 'bpp_0=1.193026; ', 'mse_1=0.001292; ', 'lpips_1=0.005079; ', 'codec_recon_1=0.086350; ', 'bpp_1=0.301596; ', 'mse_2=0.001137; ', 'lpips_2=0.004291; ', 'codec_recon_2=0.021062; ', 'bpp_2=0.291899; ']
train step[1478/2000] ; used: 33m:53s; eta: 11m:57s; loss = 0.124690; ['mse_0=0.002174; ', 'lpips_0=0.005106; ', 'codec_recon_0=0.010339; ', 'bpp_0=1.178890; ', 'mse_1=0.001803; ', 'lpips_1=0.004138; ', 'codec_recon_1=0.076784; ', 'bpp_1=0.301481; ', 'mse_2=0.001707; ', 'lpips_2=0.003501; ', 'codec_recon_2=0.019137; ', 'bpp_2=0.292060; ']
train step[1479/2000] ; used: 33m:54s; eta: 11m:56s; loss = 0.116431; ['mse_0=0.001686; ', 'lpips_0=0.005137; ', 'codec_recon_0=0.010262; ', 'bpp_0=1.177977; ', 'mse_1=0.001447; ', 'lpips_1=0.004121; ', 'codec_recon_1=0.071102; ', 'bpp_1=0.302787; ', 'mse_2=0.001386; ', 'lpips_2=0.003473; ', 'codec_recon_2=0.017816; ', 'bpp_2=0.293132; ']
train step[1480/2000] ; used: 33m:55s; eta: 11m:54s; loss = 0.113929; ['mse_0=0.002621; ', 'lpips_0=0.005022; ', 'codec_recon_0=0.009878; ', 'bpp_0=1.170888; ', 'mse_1=0.002210; ', 'lpips_1=0.003990; ', 'codec_recon_1=0.068264; ', 'bpp_1=0.300128; ', 'mse_2=0.002113; ', 'lpips_2=0.003327; ', 'codec_recon_2=0.016503; ', 'bpp_2=0.289445; ']
train step[1481/2000] ; used: 33m:56s; eta: 11m:53s; loss = 0.181235; ['mse_0=0.007915; ', 'lpips_0=0.008862; ', 'codec_recon_0=0.011134; ', 'bpp_0=1.189945; ', 'mse_1=0.007317; ', 'lpips_1=0.007824; ', 'codec_recon_1=0.099403; ', 'bpp_1=0.303018; ', 'mse_2=0.007122; ', 'lpips_2=0.007082; ', 'codec_recon_2=0.024572; ', 'bpp_2=0.294289; ']
train step[1482/2000] ; used: 33m:57s; eta: 11m:51s; loss = 0.146708; ['mse_0=0.002791; ', 'lpips_0=0.006405; ', 'codec_recon_0=0.010937; ', 'bpp_0=1.190814; ', 'mse_1=0.002380; ', 'lpips_1=0.005138; ', 'codec_recon_1=0.091811; ', 'bpp_1=0.303285; ', 'mse_2=0.002173; ', 'lpips_2=0.004222; ', 'codec_recon_2=0.020849; ', 'bpp_2=0.293118; ']
train step[1483/2000] ; used: 33m:58s; eta: 11m:50s; loss = 0.111512; ['mse_0=0.003808; ', 'lpips_0=0.006342; ', 'codec_recon_0=0.009459; ', 'bpp_0=1.172269; ', 'mse_1=0.003278; ', 'lpips_1=0.005348; ', 'codec_recon_1=0.061912; ', 'bpp_1=0.302379; ', 'mse_2=0.003099; ', 'lpips_2=0.004643; ', 'codec_recon_2=0.013622; ', 'bpp_2=0.292589; ']
train step[1484/2000] ; used: 34m; eta: 11m:48s; loss = 0.100754; ['mse_0=0.002095; ', 'lpips_0=0.005145; ', 'codec_recon_0=0.009147; ', 'bpp_0=1.169976; ', 'mse_1=0.001860; ', 'lpips_1=0.004251; ', 'codec_recon_1=0.056388; ', 'bpp_1=0.302327; ', 'mse_2=0.001800; ', 'lpips_2=0.003849; ', 'codec_recon_2=0.016218; ', 'bpp_2=0.291478; ']
train step[1485/2000] ; used: 34m:1s; eta: 11m:47s; loss = 0.088873; ['mse_0=0.000719; ', 'lpips_0=0.004722; ', 'codec_recon_0=0.008183; ', 'bpp_0=1.161467; ', 'mse_1=0.000574; ', 'lpips_1=0.003889; ', 'codec_recon_1=0.052658; ', 'bpp_1=0.300692; ', 'mse_2=0.000532; ', 'lpips_2=0.003575; ', 'codec_recon_2=0.014019; ', 'bpp_2=0.292075; ']
train step[1486/2000] ; used: 34m:2s; eta: 11m:45s; loss = 0.121515; ['mse_0=0.002865; ', 'lpips_0=0.005671; ', 'codec_recon_0=0.008985; ', 'bpp_0=1.168039; ', 'mse_1=0.002382; ', 'lpips_1=0.004650; ', 'codec_recon_1=0.073276; ', 'bpp_1=0.300725; ', 'mse_2=0.002188; ', 'lpips_2=0.003853; ', 'codec_recon_2=0.017644; ', 'bpp_2=0.291176; ']
train step[1487/2000] ; used: 34m:3s; eta: 11m:44s; loss = 0.121404; ['mse_0=0.001907; ', 'lpips_0=0.006395; ', 'codec_recon_0=0.009757; ', 'bpp_0=1.179531; ', 'mse_1=0.001553; ', 'lpips_1=0.005273; ', 'codec_recon_1=0.072459; ', 'bpp_1=0.302625; ', 'mse_2=0.001376; ', 'lpips_2=0.004588; ', 'codec_recon_2=0.018096; ', 'bpp_2=0.292230; ']
train step[1488/2000] ; used: 34m:4s; eta: 11m:42s; loss = 0.082192; ['mse_0=0.000701; ', 'lpips_0=0.004557; ', 'codec_recon_0=0.008376; ', 'bpp_0=1.146856; ', 'mse_1=0.000518; ', 'lpips_1=0.003585; ', 'codec_recon_1=0.048691; ', 'bpp_1=0.298935; ', 'mse_2=0.000476; ', 'lpips_2=0.003150; ', 'codec_recon_2=0.012138; ', 'bpp_2=0.288752; ']
train step[1489/2000] ; used: 34m:5s; eta: 11m:41s; loss = 0.096212; ['mse_0=0.002727; ', 'lpips_0=0.007112; ', 'codec_recon_0=0.009867; ', 'bpp_0=1.151672; ', 'mse_1=0.002397; ', 'lpips_1=0.006156; ', 'codec_recon_1=0.048045; ', 'bpp_1=0.300198; ', 'mse_2=0.002302; ', 'lpips_2=0.005499; ', 'codec_recon_2=0.012106; ', 'bpp_2=0.289611; ']
train step[1490/2000] ; used: 34m:6s; eta: 11m:39s; loss = 0.097476; ['mse_0=0.000955; ', 'lpips_0=0.005135; ', 'codec_recon_0=0.008711; ', 'bpp_0=1.169152; ', 'mse_1=0.000717; ', 'lpips_1=0.004105; ', 'codec_recon_1=0.059188; ', 'bpp_1=0.301421; ', 'mse_2=0.000581; ', 'lpips_2=0.003385; ', 'codec_recon_2=0.014698; ', 'bpp_2=0.291973; ']
train step[1491/2000] ; used: 34m:7s; eta: 11m:38s; loss = 0.181373; ['mse_0=0.015544; ', 'lpips_0=0.012820; ', 'codec_recon_0=0.010710; ', 'bpp_0=1.175456; ', 'mse_1=0.015196; ', 'lpips_1=0.012146; ', 'codec_recon_1=0.069591; ', 'bpp_1=0.302539; ', 'mse_2=0.015314; ', 'lpips_2=0.011374; ', 'codec_recon_2=0.018676; ', 'bpp_2=0.292764; ']
train step[1492/2000] ; used: 34m:8s; eta: 11m:36s; loss = 0.114335; ['mse_0=0.004498; ', 'lpips_0=0.006771; ', 'codec_recon_0=0.009655; ', 'bpp_0=1.160654; ', 'mse_1=0.004241; ', 'lpips_1=0.005938; ', 'codec_recon_1=0.058853; ', 'bpp_1=0.301400; ', 'mse_2=0.004240; ', 'lpips_2=0.005414; ', 'codec_recon_2=0.014723; ', 'bpp_2=0.292249; ']
train step[1493/2000] ; used: 34m:9s; eta: 11m:35s; loss = 0.122841; ['mse_0=0.001158; ', 'lpips_0=0.005738; ', 'codec_recon_0=0.010068; ', 'bpp_0=1.172293; ', 'mse_1=0.000926; ', 'lpips_1=0.004740; ', 'codec_recon_1=0.075926; ', 'bpp_1=0.301114; ', 'mse_2=0.000800; ', 'lpips_2=0.003887; ', 'codec_recon_2=0.019598; ', 'bpp_2=0.291058; ']
train step[1494/2000] ; used: 34m:10s; eta: 11m:33s; loss = 0.130026; ['mse_0=0.001734; ', 'lpips_0=0.005356; ', 'codec_recon_0=0.010917; ', 'bpp_0=1.161826; ', 'mse_1=0.001294; ', 'lpips_1=0.004073; ', 'codec_recon_1=0.082055; ', 'bpp_1=0.300258; ', 'mse_2=0.001127; ', 'lpips_2=0.003273; ', 'codec_recon_2=0.020194; ', 'bpp_2=0.290436; ']
train step[1495/2000] ; used: 34m:11s; eta: 11m:32s; loss = 0.206674; ['mse_0=0.008112; ', 'lpips_0=0.009273; ', 'codec_recon_0=0.012564; ', 'bpp_0=1.215039; ', 'mse_1=0.006659; ', 'lpips_1=0.008121; ', 'codec_recon_1=0.120410; ', 'bpp_1=0.305153; ', 'mse_2=0.005755; ', 'lpips_2=0.006600; ', 'codec_recon_2=0.029179; ', 'bpp_2=0.295924; ']
train step[1496/2000] ; used: 34m:12s; eta: 11m:30s; loss = 0.100273; ['mse_0=0.000705; ', 'lpips_0=0.003797; ', 'codec_recon_0=0.009114; ', 'bpp_0=1.166784; ', 'mse_1=0.000523; ', 'lpips_1=0.002699; ', 'codec_recon_1=0.064807; ', 'bpp_1=0.299812; ', 'mse_2=0.000434; ', 'lpips_2=0.001991; ', 'codec_recon_2=0.016201; ', 'bpp_2=0.289906; ']
train step[1497/2000] ; used: 34m:13s; eta: 11m:29s; loss = 0.147674; ['mse_0=0.006759; ', 'lpips_0=0.008043; ', 'codec_recon_0=0.011199; ', 'bpp_0=1.182491; ', 'mse_1=0.005887; ', 'lpips_1=0.006961; ', 'codec_recon_1=0.078611; ', 'bpp_1=0.302540; ', 'mse_2=0.005322; ', 'lpips_2=0.005734; ', 'codec_recon_2=0.019157; ', 'bpp_2=0.293892; ']
train step[1498/2000] ; used: 34m:14s; eta: 11m:28s; loss = 0.107075; ['mse_0=0.001056; ', 'lpips_0=0.005442; ', 'codec_recon_0=0.009741; ', 'bpp_0=1.163358; ', 'mse_1=0.000809; ', 'lpips_1=0.004048; ', 'codec_recon_1=0.064542; ', 'bpp_1=0.300304; ', 'mse_2=0.000561; ', 'lpips_2=0.002901; ', 'codec_recon_2=0.017972; ', 'bpp_2=0.290923; ']
train step[1499/2000] ; used: 34m:15s; eta: 11m:26s; loss = 0.106182; ['mse_0=0.001867; ', 'lpips_0=0.006921; ', 'codec_recon_0=0.009861; ', 'bpp_0=1.164917; ', 'mse_1=0.001552; ', 'lpips_1=0.005981; ', 'codec_recon_1=0.058720; ', 'bpp_1=0.301568; ', 'mse_2=0.001437; ', 'lpips_2=0.005531; ', 'codec_recon_2=0.014309; ', 'bpp_2=0.292604; ']
validation step on 1500 1/100; scene = ['5aca87f95a9412c6']; context = [[58, 133]]
validation step on 1500 2/100; scene = ['bc95e5c7e357f1b7']; context = [[35, 91]]
validation step on 1500 3/100; scene = ['34b0658a5c200cdf']; context = [[0, 70]]
validation step on 1500 4/100; scene = ['28e8300e004ab30b']; context = [[3, 68]]
validation step on 1500 5/100; scene = ['6558c5f10d45a929']; context = [[43, 160]]
validation step on 1500 6/100; scene = ['89ea49cd9865aeff']; context = [[31, 81]]
validation step on 1500 7/100; scene = ['ed477bdf8582adff']; context = [[40, 85]]
validation step on 1500 8/100; scene = ['57d3409bf04c4651']; context = [[0, 45]]
validation step on 1500 9/100; scene = ['aadc1e2dc74fd644']; context = [[2, 52]]
validation step on 1500 10/100; scene = ['cd74b1244d112628']; context = [[63, 110]]
validation step on 1500 11/100; scene = ['57d25dafabb5a238']; context = [[32, 104]]
validation step on 1500 12/100; scene = ['e4f4574df7938f37']; context = [[0, 115]]
validation step on 1500 13/100; scene = ['20d86cff490c0c42']; context = [[18, 69]]
validation step on 1500 14/100; scene = ['0c4c5d5f751aabf5']; context = [[12, 57]]
validation step on 1500 15/100; scene = ['fea544b472e9abd1']; context = [[12, 93]]
validation step on 1500 16/100; scene = ['656381bea665bf3d']; context = [[27, 75]]
validation step on 1500 17/100; scene = ['322261824c4a3003']; context = [[33, 78]]
validation step on 1500 18/100; scene = ['f7c0fa5b81552d35']; context = [[11, 64]]
validation step on 1500 19/100; scene = ['a56ba2efb5e3fdd9']; context = [[33, 92]]
validation step on 1500 20/100; scene = ['c48f19e2ffa52523']; context = [[195, 264]]
validation step on 1500 21/100; scene = ['1214f2a11a9fc1ed']; context = [[103, 215]]
validation step on 1500 22/100; scene = ['a9b3ff60b213e099']; context = [[32, 96]]
validation step on 1500 23/100; scene = ['a6fa92e8204f6118']; context = [[2, 66]]
validation step on 1500 24/100; scene = ['21e794f71e31becb']; context = [[72, 180]]
validation step on 1500 25/100; scene = ['f7d916b43193c181']; context = [[7, 61]]
validation step on 1500 26/100; scene = ['84ab392d682f296b']; context = [[43, 120]]
validation step on 1500 27/100; scene = ['6771a51bf0cfce7f']; context = [[152, 199]]
validation step on 1500 28/100; scene = ['17d9303ee77c3a3d']; context = [[17, 63]]
validation step on 1500 29/100; scene = ['ffa95c3b40609c76']; context = [[120, 213]]
validation step on 1500 30/100; scene = ['a47b88040452d7d9']; context = [[35, 97]]
validation step on 1500 31/100; scene = ['0d4de33c6888a754']; context = [[2, 57]]
validation step on 1500 32/100; scene = ['41bcd011f99bfb66']; context = [[4, 50]]
validation step on 1500 33/100; scene = ['67a69088a2695987']; context = [[6, 86]]
validation step on 1500 34/100; scene = ['b4099665590548fc']; context = [[23, 74]]
validation step on 1500 35/100; scene = ['9e2a8cc5f32dd46b']; context = [[75, 151]]
validation step on 1500 36/100; scene = ['2e109379f53bb221']; context = [[35, 108]]
validation step on 1500 37/100; scene = ['8adebbb68f2c3f84']; context = [[72, 131]]
validation step on 1500 38/100; scene = ['29e0bfbad00f0d5e']; context = [[8, 100]]
validation step on 1500 39/100; scene = ['debc3490ba0bd84b']; context = [[34, 81]]
validation step on 1500 40/100; scene = ['7c7bc5285126e6ad']; context = [[64, 126]]
validation step on 1500 41/100; scene = ['cdf439b17a6a98d4']; context = [[31, 77]]
validation step on 1500 42/100; scene = ['cb38d67088b66084']; context = [[49, 106]]
validation step on 1500 43/100; scene = ['2da2eeb966bc0ef8']; context = [[30, 94]]
validation step on 1500 44/100; scene = ['bb4d7012261ee0ed']; context = [[0, 46]]
validation step on 1500 45/100; scene = ['9e1f1beb4ba8e5da']; context = [[9, 73]]
validation step on 1500 46/100; scene = ['26b31d71789bffad']; context = [[3, 57]]
validation step on 1500 47/100; scene = ['41abd737e0228c1a']; context = [[81, 127]]
validation step on 1500 48/100; scene = ['ed0c2aca14b99efa']; context = [[62, 119]]
validation step on 1500 49/100; scene = ['8d5163de9ea4d851']; context = [[39, 85]]
validation step on 1500 50/100; scene = ['81be42df6ccae760']; context = [[13, 107]]
validation step on 1500 51/100; scene = ['6fe141ec9be1a432']; context = [[12, 73]]
validation step on 1500 52/100; scene = ['3b6d8db52c54b174']; context = [[0, 80]]
validation step on 1500 53/100; scene = ['3087828bc27bc4c7']; context = [[15, 96]]
validation step on 1500 54/100; scene = ['e124dfa7e996a414']; context = [[48, 93]]
validation step on 1500 55/100; scene = ['e1afd89a69ee6947']; context = [[34, 113]]
validation step on 1500 56/100; scene = ['79ce50fb7b021e1d']; context = [[212, 278]]
validation step on 1500 57/100; scene = ['358bdee988c269ef']; context = [[3, 95]]
validation step on 1500 58/100; scene = ['f14791aec34dbdcd']; context = [[5, 59]]
validation step on 1500 59/100; scene = ['0c52996355b23d76']; context = [[51, 111]]
validation step on 1500 60/100; scene = ['62bcb465bb03d34f']; context = [[6, 84]]
validation step on 1500 61/100; scene = ['1f0e06e4388dd600']; context = [[44, 96]]
validation step on 1500 62/100; scene = ['c9c30723d7c54793']; context = [[152, 247]]
validation step on 1500 63/100; scene = ['8b212f2755d955ec']; context = [[40, 110]]
validation step on 1500 64/100; scene = ['de67e3a0b0648cfe']; context = [[16, 72]]
validation step on 1500 65/100; scene = ['54841308aff91857']; context = [[27, 86]]
validation step on 1500 66/100; scene = ['40ca76de44a6e1a9']; context = [[43, 107]]
validation step on 1500 67/100; scene = ['bc143130c1842e4b']; context = [[29, 133]]
validation step on 1500 68/100; scene = ['912177dbf0a1ed6c']; context = [[3, 60]]
validation step on 1500 69/100; scene = ['afe4e799a94e06b3']; context = [[54, 150]]
validation step on 1500 70/100; scene = ['17f552ef56d85c55']; context = [[20, 86]]
validation step on 1500 71/100; scene = ['a7c691c210154b09']; context = [[0, 50]]
validation step on 1500 72/100; scene = ['9490f1219dbbb6ce']; context = [[17, 72]]
validation step on 1500 73/100; scene = ['154365ab5a4e067b']; context = [[2, 48]]
validation step on 1500 74/100; scene = ['ab4c269f8d523d02']; context = [[18, 72]]
validation step on 1500 75/100; scene = ['75d475e9558ab806']; context = [[1, 46]]
validation step on 1500 76/100; scene = ['fdaab1f49851782c']; context = [[31, 142]]
validation step on 1500 77/100; scene = ['2d4efa3897a4ba2d']; context = [[4, 58]]
validation step on 1500 78/100; scene = ['14f477e7d5af5b91']; context = [[17, 72]]
validation step on 1500 79/100; scene = ['de45926738229f67']; context = [[22, 84]]
validation step on 1500 80/100; scene = ['5c909c802eb6edb1']; context = [[13, 78]]
validation step on 1500 81/100; scene = ['aa91dfdd5f4ad32b']; context = [[8, 57]]
validation step on 1500 82/100; scene = ['88d9ba3324f2ec21']; context = [[2, 49]]
validation step on 1500 83/100; scene = ['622ef98e83ed5239']; context = [[3, 66]]
validation step on 1500 84/100; scene = ['30fc5fc78c5a716e']; context = [[151, 210]]
validation step on 1500 85/100; scene = ['8b760ac05c93a6bb']; context = [[26, 72]]
validation step on 1500 86/100; scene = ['800ea72b6988f63e']; context = [[141, 190]]
validation step on 1500 87/100; scene = ['674dabef8f53b566']; context = [[9, 91]]
validation step on 1500 88/100; scene = ['d3a01038c5f21473']; context = [[139, 273]]
validation step on 1500 89/100; scene = ['3e5f747d06bc84a3']; context = [[85, 190]]
validation step on 1500 90/100; scene = ['bb6fa5bdafc14e8c']; context = [[43, 139]]
validation step on 1500 91/100; scene = ['052430ff6e2c07c4']; context = [[19, 92]]
validation step on 1500 92/100; scene = ['0588138dfec165a1']; context = [[70, 160]]
validation step on 1500 93/100; scene = ['e4bcb18fa6aa91be']; context = [[32, 79]]
validation step on 1500 94/100; scene = ['4c4fa41951e37e78']; context = [[8, 60]]
validation step on 1500 95/100; scene = ['252a24d25a1ea81d']; context = [[198, 263]]
validation step on 1500 96/100; scene = ['214df1c2863d2959']; context = [[45, 96]]
validation step on 1500 97/100; scene = ['bfd27ad72975e120']; context = [[8, 55]]
validation step on 1500 98/100; scene = ['572acd18419c3456']; context = [[3, 62]]
validation step on 1500 99/100; scene = ['b26e6c80d283c4c8']; context = [[46, 92]]
validation step on 1500 100/100; scene = ['10c8e54590f715f7']; context = [[6, 76]]
train step[1500/2000] ; used: 35m:8s; eta: 11m:42s; loss = 0.119380; ['mse_0=0.002561; ', 'lpips_0=0.007282; ', 'codec_recon_0=0.010340; ', 'bpp_0=1.168344; ', 'mse_1=0.002290; ', 'lpips_1=0.006138; ', 'codec_recon_1=0.065288; ', 'bpp_1=0.301612; ', 'mse_2=0.002161; ', 'lpips_2=0.005433; ', 'codec_recon_2=0.017885; ', 'bpp_2=0.291694; ']
train step[1501/2000] ; used: 35m:9s; eta: 11m:40s; loss = 0.107051; ['mse_0=0.002531; ', 'lpips_0=0.007149; ', 'codec_recon_0=0.010129; ', 'bpp_0=1.161559; ', 'mse_1=0.002247; ', 'lpips_1=0.006444; ', 'codec_recon_1=0.055528; ', 'bpp_1=0.301057; ', 'mse_2=0.002061; ', 'lpips_2=0.005608; ', 'codec_recon_2=0.015352; ', 'bpp_2=0.290618; ']
train step[1502/2000] ; used: 35m:10s; eta: 11m:39s; loss = 0.099478; ['mse_0=0.000676; ', 'lpips_0=0.005852; ', 'codec_recon_0=0.010338; ', 'bpp_0=1.171020; ', 'mse_1=0.000503; ', 'lpips_1=0.004703; ', 'codec_recon_1=0.057516; ', 'bpp_1=0.301653; ', 'mse_2=0.000467; ', 'lpips_2=0.004046; ', 'codec_recon_2=0.015375; ', 'bpp_2=0.291723; ']
train step[1503/2000] ; used: 35m:11s; eta: 11m:37s; loss = 0.163175; ['mse_0=0.003552; ', 'lpips_0=0.006660; ', 'codec_recon_0=0.011826; ', 'bpp_0=1.197690; ', 'mse_1=0.002947; ', 'lpips_1=0.005277; ', 'codec_recon_1=0.102834; ', 'bpp_1=0.303630; ', 'mse_2=0.002574; ', 'lpips_2=0.004223; ', 'codec_recon_2=0.023280; ', 'bpp_2=0.295895; ']
train step[1504/2000] ; used: 35m:12s; eta: 11m:36s; loss = 0.121114; ['mse_0=0.002008; ', 'lpips_0=0.008019; ', 'codec_recon_0=0.010357; ', 'bpp_0=1.181929; ', 'mse_1=0.001467; ', 'lpips_1=0.007057; ', 'codec_recon_1=0.066161; ', 'bpp_1=0.301924; ', 'mse_2=0.001292; ', 'lpips_2=0.006366; ', 'codec_recon_2=0.018385; ', 'bpp_2=0.291634; ']
train step[1505/2000] ; used: 35m:13s; eta: 11m:34s; loss = 0.144126; ['mse_0=0.002126; ', 'lpips_0=0.006527; ', 'codec_recon_0=0.011327; ', 'bpp_0=1.187374; ', 'mse_1=0.001648; ', 'lpips_1=0.005311; ', 'codec_recon_1=0.088107; ', 'bpp_1=0.301875; ', 'mse_2=0.001347; ', 'lpips_2=0.004247; ', 'codec_recon_2=0.023484; ', 'bpp_2=0.292883; ']
train step[1506/2000] ; used: 35m:14s; eta: 11m:33s; loss = 0.099474; ['mse_0=0.001616; ', 'lpips_0=0.005920; ', 'codec_recon_0=0.009731; ', 'bpp_0=1.162295; ', 'mse_1=0.001295; ', 'lpips_1=0.005096; ', 'codec_recon_1=0.055842; ', 'bpp_1=0.300997; ', 'mse_2=0.001234; ', 'lpips_2=0.004702; ', 'codec_recon_2=0.014036; ', 'bpp_2=0.292219; ']
train step[1507/2000] ; used: 35m:15s; eta: 11m:31s; loss = 0.141247; ['mse_0=0.003576; ', 'lpips_0=0.006946; ', 'codec_recon_0=0.009642; ', 'bpp_0=1.172784; ', 'mse_1=0.003228; ', 'lpips_1=0.005719; ', 'codec_recon_1=0.083675; ', 'bpp_1=0.302958; ', 'mse_2=0.002997; ', 'lpips_2=0.004306; ', 'codec_recon_2=0.021156; ', 'bpp_2=0.293559; ']
train step[1508/2000] ; used: 35m:16s; eta: 11m:30s; loss = 0.106510; ['mse_0=0.001264; ', 'lpips_0=0.004442; ', 'codec_recon_0=0.009732; ', 'bpp_0=1.177203; ', 'mse_1=0.001011; ', 'lpips_1=0.003582; ', 'codec_recon_1=0.067198; ', 'bpp_1=0.302789; ', 'mse_2=0.000902; ', 'lpips_2=0.002868; ', 'codec_recon_2=0.015510; ', 'bpp_2=0.292192; ']
train step[1509/2000] ; used: 35m:17s; eta: 11m:28s; loss = 0.118863; ['mse_0=0.001230; ', 'lpips_0=0.005603; ', 'codec_recon_0=0.009948; ', 'bpp_0=1.174753; ', 'mse_1=0.001038; ', 'lpips_1=0.004402; ', 'codec_recon_1=0.073029; ', 'bpp_1=0.300691; ', 'mse_2=0.000919; ', 'lpips_2=0.003464; ', 'codec_recon_2=0.019229; ', 'bpp_2=0.291384; ']
train step[1510/2000] ; used: 35m:18s; eta: 11m:27s; loss = 0.100492; ['mse_0=0.001495; ', 'lpips_0=0.005380; ', 'codec_recon_0=0.009035; ', 'bpp_0=1.170039; ', 'mse_1=0.001269; ', 'lpips_1=0.004389; ', 'codec_recon_1=0.059242; ', 'bpp_1=0.301548; ', 'mse_2=0.001147; ', 'lpips_2=0.003838; ', 'codec_recon_2=0.014695; ', 'bpp_2=0.292161; ']
train step[1511/2000] ; used: 35m:19s; eta: 11m:25s; loss = 0.125329; ['mse_0=0.001712; ', 'lpips_0=0.004801; ', 'codec_recon_0=0.010795; ', 'bpp_0=1.183164; ', 'mse_1=0.001194; ', 'lpips_1=0.003583; ', 'codec_recon_1=0.078991; ', 'bpp_1=0.302322; ', 'mse_2=0.000883; ', 'lpips_2=0.002687; ', 'codec_recon_2=0.020680; ', 'bpp_2=0.292729; ']
train step[1512/2000] ; used: 35m:20s; eta: 11m:24s; loss = 0.101236; ['mse_0=0.001825; ', 'lpips_0=0.005680; ', 'codec_recon_0=0.009361; ', 'bpp_0=1.154890; ', 'mse_1=0.001635; ', 'lpips_1=0.004618; ', 'codec_recon_1=0.057434; ', 'bpp_1=0.301607; ', 'mse_2=0.001512; ', 'lpips_2=0.003864; ', 'codec_recon_2=0.015304; ', 'bpp_2=0.291504; ']
train step[1513/2000] ; used: 35m:21s; eta: 11m:22s; loss = 0.131647; ['mse_0=0.000836; ', 'lpips_0=0.007659; ', 'codec_recon_0=0.012358; ', 'bpp_0=1.174731; ', 'mse_1=0.000694; ', 'lpips_1=0.006567; ', 'codec_recon_1=0.078212; ', 'bpp_1=0.302044; ', 'mse_2=0.000555; ', 'lpips_2=0.005349; ', 'codec_recon_2=0.019415; ', 'bpp_2=0.291959; ']
train step[1514/2000] ; used: 35m:22s; eta: 11m:20s; loss = 0.099982; ['mse_0=0.000636; ', 'lpips_0=0.005923; ', 'codec_recon_0=0.009392; ', 'bpp_0=1.161273; ', 'mse_1=0.000501; ', 'lpips_1=0.004758; ', 'codec_recon_1=0.058797; ', 'bpp_1=0.299916; ', 'mse_2=0.000412; ', 'lpips_2=0.004230; ', 'codec_recon_2=0.015333; ', 'bpp_2=0.289012; ']
train step[1515/2000] ; used: 35m:24s; eta: 11m:19s; loss = 0.104150; ['mse_0=0.001464; ', 'lpips_0=0.005780; ', 'codec_recon_0=0.011739; ', 'bpp_0=1.150919; ', 'mse_1=0.001237; ', 'lpips_1=0.004783; ', 'codec_recon_1=0.059339; ', 'bpp_1=0.300600; ', 'mse_2=0.001155; ', 'lpips_2=0.004219; ', 'codec_recon_2=0.014433; ', 'bpp_2=0.291608; ']
train step[1516/2000] ; used: 35m:25s; eta: 11m:18s; loss = 0.101754; ['mse_0=0.001382; ', 'lpips_0=0.005785; ', 'codec_recon_0=0.011117; ', 'bpp_0=1.181188; ', 'mse_1=0.001161; ', 'lpips_1=0.004787; ', 'codec_recon_1=0.056140; ', 'bpp_1=0.301873; ', 'mse_2=0.001062; ', 'lpips_2=0.004098; ', 'codec_recon_2=0.016221; ', 'bpp_2=0.292126; ']
train step[1517/2000] ; used: 35m:26s; eta: 11m:16s; loss = 0.085989; ['mse_0=0.000452; ', 'lpips_0=0.003276; ', 'codec_recon_0=0.009609; ', 'bpp_0=1.162535; ', 'mse_1=0.000341; ', 'lpips_1=0.002423; ', 'codec_recon_1=0.053744; ', 'bpp_1=0.299891; ', 'mse_2=0.000255; ', 'lpips_2=0.001897; ', 'codec_recon_2=0.013992; ', 'bpp_2=0.289624; ']
train step[1518/2000] ; used: 35m:27s; eta: 11m:15s; loss = 0.094824; ['mse_0=0.001065; ', 'lpips_0=0.008631; ', 'codec_recon_0=0.010953; ', 'bpp_0=1.153702; ', 'mse_1=0.000864; ', 'lpips_1=0.007023; ', 'codec_recon_1=0.046620; ', 'bpp_1=0.301136; ', 'mse_2=0.000802; ', 'lpips_2=0.006538; ', 'codec_recon_2=0.012326; ', 'bpp_2=0.290615; ']
train step[1519/2000] ; used: 35m:28s; eta: 11m:13s; loss = 0.113419; ['mse_0=0.001357; ', 'lpips_0=0.005095; ', 'codec_recon_0=0.009886; ', 'bpp_0=1.174842; ', 'mse_1=0.001135; ', 'lpips_1=0.004193; ', 'codec_recon_1=0.069150; ', 'bpp_1=0.302201; ', 'mse_2=0.000953; ', 'lpips_2=0.003448; ', 'codec_recon_2=0.018199; ', 'bpp_2=0.292337; ']
train step[1520/2000] ; used: 35m:29s; eta: 11m:12s; loss = 0.124459; ['mse_0=0.003898; ', 'lpips_0=0.006878; ', 'codec_recon_0=0.012505; ', 'bpp_0=1.175116; ', 'mse_1=0.003284; ', 'lpips_1=0.005969; ', 'codec_recon_1=0.066315; ', 'bpp_1=0.301383; ', 'mse_2=0.002559; ', 'lpips_2=0.004731; ', 'codec_recon_2=0.018318; ', 'bpp_2=0.290881; ']
train step[1521/2000] ; used: 35m:30s; eta: 11m:10s; loss = 0.088107; ['mse_0=0.001505; ', 'lpips_0=0.005883; ', 'codec_recon_0=0.009224; ', 'bpp_0=1.144927; ', 'mse_1=0.001382; ', 'lpips_1=0.005084; ', 'codec_recon_1=0.047143; ', 'bpp_1=0.299179; ', 'mse_2=0.001309; ', 'lpips_2=0.004737; ', 'codec_recon_2=0.011837; ', 'bpp_2=0.290945; ']
train step[1522/2000] ; used: 35m:31s; eta: 11m:9s; loss = 0.088051; ['mse_0=0.001353; ', 'lpips_0=0.004890; ', 'codec_recon_0=0.011179; ', 'bpp_0=1.158511; ', 'mse_1=0.001000; ', 'lpips_1=0.003840; ', 'codec_recon_1=0.048512; ', 'bpp_1=0.300478; ', 'mse_2=0.000984; ', 'lpips_2=0.003560; ', 'codec_recon_2=0.012730; ', 'bpp_2=0.290554; ']
train step[1523/2000] ; used: 35m:32s; eta: 11m:7s; loss = 0.095285; ['mse_0=0.001843; ', 'lpips_0=0.005457; ', 'codec_recon_0=0.010352; ', 'bpp_0=1.145048; ', 'mse_1=0.001474; ', 'lpips_1=0.004386; ', 'codec_recon_1=0.052825; ', 'bpp_1=0.300039; ', 'mse_2=0.001387; ', 'lpips_2=0.003871; ', 'codec_recon_2=0.013686; ', 'bpp_2=0.290102; ']
train step[1524/2000] ; used: 35m:33s; eta: 11m:5s; loss = 0.103848; ['mse_0=0.001514; ', 'lpips_0=0.005411; ', 'codec_recon_0=0.010748; ', 'bpp_0=1.170397; ', 'mse_1=0.001257; ', 'lpips_1=0.004305; ', 'codec_recon_1=0.061296; ', 'bpp_1=0.302379; ', 'mse_2=0.001192; ', 'lpips_2=0.003623; ', 'codec_recon_2=0.014500; ', 'bpp_2=0.292626; ']
train step[1525/2000] ; used: 35m:34s; eta: 11m:4s; loss = 0.135275; ['mse_0=0.001728; ', 'lpips_0=0.007068; ', 'codec_recon_0=0.012442; ', 'bpp_0=1.162373; ', 'mse_1=0.001385; ', 'lpips_1=0.005469; ', 'codec_recon_1=0.079839; ', 'bpp_1=0.301340; ', 'mse_2=0.001233; ', 'lpips_2=0.004408; ', 'codec_recon_2=0.021702; ', 'bpp_2=0.292048; ']
train step[1526/2000] ; used: 35m:35s; eta: 11m:2s; loss = 0.100946; ['mse_0=0.001165; ', 'lpips_0=0.007000; ', 'codec_recon_0=0.009368; ', 'bpp_0=1.150292; ', 'mse_1=0.000904; ', 'lpips_1=0.005780; ', 'codec_recon_1=0.055610; ', 'bpp_1=0.300273; ', 'mse_2=0.000819; ', 'lpips_2=0.005064; ', 'codec_recon_2=0.015234; ', 'bpp_2=0.289717; ']
train step[1527/2000] ; used: 35m:36s; eta: 11m:1s; loss = 0.125096; ['mse_0=0.001480; ', 'lpips_0=0.006481; ', 'codec_recon_0=0.011306; ', 'bpp_0=1.166216; ', 'mse_1=0.001123; ', 'lpips_1=0.004980; ', 'codec_recon_1=0.074870; ', 'bpp_1=0.299860; ', 'mse_2=0.000947; ', 'lpips_2=0.003913; ', 'codec_recon_2=0.019994; ', 'bpp_2=0.290496; ']
train step[1528/2000] ; used: 35m:37s; eta: 10m:59s; loss = 0.122076; ['mse_0=0.002231; ', 'lpips_0=0.006262; ', 'codec_recon_0=0.011400; ', 'bpp_0=1.199600; ', 'mse_1=0.001936; ', 'lpips_1=0.005002; ', 'codec_recon_1=0.070857; ', 'bpp_1=0.304247; ', 'mse_2=0.001726; ', 'lpips_2=0.004302; ', 'codec_recon_2=0.018359; ', 'bpp_2=0.294531; ']
train step[1529/2000] ; used: 35m:38s; eta: 10m:58s; loss = 0.139190; ['mse_0=0.005974; ', 'lpips_0=0.007339; ', 'codec_recon_0=0.011289; ', 'bpp_0=1.170426; ', 'mse_1=0.005573; ', 'lpips_1=0.006275; ', 'codec_recon_1=0.071747; ', 'bpp_1=0.303577; ', 'mse_2=0.005286; ', 'lpips_2=0.005453; ', 'codec_recon_2=0.020252; ', 'bpp_2=0.293085; ']
train step[1530/2000] ; used: 35m:39s; eta: 10m:56s; loss = 0.128646; ['mse_0=0.004214; ', 'lpips_0=0.006797; ', 'codec_recon_0=0.010813; ', 'bpp_0=1.174212; ', 'mse_1=0.003726; ', 'lpips_1=0.005942; ', 'codec_recon_1=0.071801; ', 'bpp_1=0.302287; ', 'mse_2=0.003515; ', 'lpips_2=0.005184; ', 'codec_recon_2=0.016652; ', 'bpp_2=0.293490; ']
train step[1531/2000] ; used: 35m:40s; eta: 10m:55s; loss = 0.090507; ['mse_0=0.001878; ', 'lpips_0=0.005240; ', 'codec_recon_0=0.008963; ', 'bpp_0=1.153302; ', 'mse_1=0.001533; ', 'lpips_1=0.004236; ', 'codec_recon_1=0.050913; ', 'bpp_1=0.300446; ', 'mse_2=0.001338; ', 'lpips_2=0.003540; ', 'codec_recon_2=0.012865; ', 'bpp_2=0.290089; ']
train step[1532/2000] ; used: 35m:41s; eta: 10m:53s; loss = 0.136018; ['mse_0=0.001914; ', 'lpips_0=0.006890; ', 'codec_recon_0=0.011260; ', 'bpp_0=1.184134; ', 'mse_1=0.001634; ', 'lpips_1=0.005874; ', 'codec_recon_1=0.082020; ', 'bpp_1=0.302094; ', 'mse_2=0.001425; ', 'lpips_2=0.005160; ', 'codec_recon_2=0.019839; ', 'bpp_2=0.292399; ']
train step[1533/2000] ; used: 35m:42s; eta: 10m:52s; loss = 0.093574; ['mse_0=0.000614; ', 'lpips_0=0.006113; ', 'codec_recon_0=0.008820; ', 'bpp_0=1.155695; ', 'mse_1=0.000474; ', 'lpips_1=0.005017; ', 'codec_recon_1=0.053348; ', 'bpp_1=0.299033; ', 'mse_2=0.000427; ', 'lpips_2=0.004563; ', 'codec_recon_2=0.014197; ', 'bpp_2=0.290584; ']
train step[1534/2000] ; used: 35m:43s; eta: 10m:50s; loss = 0.122867; ['mse_0=0.003048; ', 'lpips_0=0.008035; ', 'codec_recon_0=0.010719; ', 'bpp_0=1.161888; ', 'mse_1=0.002841; ', 'lpips_1=0.007218; ', 'codec_recon_1=0.065690; ', 'bpp_1=0.302315; ', 'mse_2=0.002796; ', 'lpips_2=0.006702; ', 'codec_recon_2=0.015817; ', 'bpp_2=0.292750; ']
train step[1535/2000] ; used: 35m:45s; eta: 10m:49s; loss = 0.103447; ['mse_0=0.002677; ', 'lpips_0=0.005846; ', 'codec_recon_0=0.010025; ', 'bpp_0=1.163943; ', 'mse_1=0.002096; ', 'lpips_1=0.004723; ', 'codec_recon_1=0.057601; ', 'bpp_1=0.301152; ', 'mse_2=0.001859; ', 'lpips_2=0.004067; ', 'codec_recon_2=0.014551; ', 'bpp_2=0.291721; ']
train step[1536/2000] ; used: 35m:46s; eta: 10m:47s; loss = 0.098296; ['mse_0=0.001525; ', 'lpips_0=0.006466; ', 'codec_recon_0=0.009469; ', 'bpp_0=1.169258; ', 'mse_1=0.001297; ', 'lpips_1=0.005179; ', 'codec_recon_1=0.054526; ', 'bpp_1=0.302151; ', 'mse_2=0.001192; ', 'lpips_2=0.004504; ', 'codec_recon_2=0.014135; ', 'bpp_2=0.291473; ']
train step[1537/2000] ; used: 35m:47s; eta: 10m:46s; loss = 0.108948; ['mse_0=0.002115; ', 'lpips_0=0.006333; ', 'codec_recon_0=0.010484; ', 'bpp_0=1.160959; ', 'mse_1=0.001886; ', 'lpips_1=0.005425; ', 'codec_recon_1=0.059805; ', 'bpp_1=0.301437; ', 'mse_2=0.001688; ', 'lpips_2=0.004838; ', 'codec_recon_2=0.016372; ', 'bpp_2=0.291777; ']
train step[1538/2000] ; used: 35m:48s; eta: 10m:44s; loss = 0.099793; ['mse_0=0.002972; ', 'lpips_0=0.006875; ', 'codec_recon_0=0.009109; ', 'bpp_0=1.159986; ', 'mse_1=0.002930; ', 'lpips_1=0.006135; ', 'codec_recon_1=0.050346; ', 'bpp_1=0.300904; ', 'mse_2=0.002877; ', 'lpips_2=0.005745; ', 'codec_recon_2=0.012802; ', 'bpp_2=0.291059; ']
train step[1539/2000] ; used: 35m:49s; eta: 10m:43s; loss = 0.089121; ['mse_0=0.001273; ', 'lpips_0=0.004907; ', 'codec_recon_0=0.008745; ', 'bpp_0=1.169913; ', 'mse_1=0.000883; ', 'lpips_1=0.003769; ', 'codec_recon_1=0.052018; ', 'bpp_1=0.302232; ', 'mse_2=0.000701; ', 'lpips_2=0.003058; ', 'codec_recon_2=0.013764; ', 'bpp_2=0.291242; ']
train step[1540/2000] ; used: 35m:50s; eta: 10m:41s; loss = 0.085492; ['mse_0=0.001087; ', 'lpips_0=0.006256; ', 'codec_recon_0=0.008422; ', 'bpp_0=1.153878; ', 'mse_1=0.000832; ', 'lpips_1=0.004994; ', 'codec_recon_1=0.047203; ', 'bpp_1=0.299804; ', 'mse_2=0.000813; ', 'lpips_2=0.004376; ', 'codec_recon_2=0.011507; ', 'bpp_2=0.289004; ']
train step[1541/2000] ; used: 35m:51s; eta: 10m:40s; loss = 0.090676; ['mse_0=0.001461; ', 'lpips_0=0.005426; ', 'codec_recon_0=0.008447; ', 'bpp_0=1.149350; ', 'mse_1=0.001185; ', 'lpips_1=0.004391; ', 'codec_recon_1=0.052543; ', 'bpp_1=0.299576; ', 'mse_2=0.001038; ', 'lpips_2=0.003806; ', 'codec_recon_2=0.012378; ', 'bpp_2=0.289191; ']
train step[1542/2000] ; used: 35m:52s; eta: 10m:38s; loss = 0.109261; ['mse_0=0.000727; ', 'lpips_0=0.005234; ', 'codec_recon_0=0.009112; ', 'bpp_0=1.174252; ', 'mse_1=0.000533; ', 'lpips_1=0.003933; ', 'codec_recon_1=0.068456; ', 'bpp_1=0.302578; ', 'mse_2=0.000354; ', 'lpips_2=0.002822; ', 'codec_recon_2=0.018088; ', 'bpp_2=0.291993; ']
train step[1543/2000] ; used: 35m:53s; eta: 10m:37s; loss = 0.120948; ['mse_0=0.002355; ', 'lpips_0=0.006364; ', 'codec_recon_0=0.010210; ', 'bpp_0=1.163838; ', 'mse_1=0.002016; ', 'lpips_1=0.005182; ', 'codec_recon_1=0.071612; ', 'bpp_1=0.301715; ', 'mse_2=0.001888; ', 'lpips_2=0.004242; ', 'codec_recon_2=0.017079; ', 'bpp_2=0.292476; ']
train step[1544/2000] ; used: 35m:54s; eta: 10m:35s; loss = 0.108482; ['mse_0=0.001633; ', 'lpips_0=0.005269; ', 'codec_recon_0=0.009659; ', 'bpp_0=1.164510; ', 'mse_1=0.001367; ', 'lpips_1=0.004408; ', 'codec_recon_1=0.065608; ', 'bpp_1=0.302272; ', 'mse_2=0.001248; ', 'lpips_2=0.003938; ', 'codec_recon_2=0.015350; ', 'bpp_2=0.292115; ']
train step[1545/2000] ; used: 35m:55s; eta: 10m:34s; loss = 0.113410; ['mse_0=0.002257; ', 'lpips_0=0.009442; ', 'codec_recon_0=0.010065; ', 'bpp_0=1.160052; ', 'mse_1=0.002067; ', 'lpips_1=0.008541; ', 'codec_recon_1=0.055344; ', 'bpp_1=0.299212; ', 'mse_2=0.002015; ', 'lpips_2=0.008135; ', 'codec_recon_2=0.015544; ', 'bpp_2=0.289903; ']
train step[1546/2000] ; used: 35m:56s; eta: 10m:32s; loss = 0.119244; ['mse_0=0.002510; ', 'lpips_0=0.008083; ', 'codec_recon_0=0.011010; ', 'bpp_0=1.178199; ', 'mse_1=0.002125; ', 'lpips_1=0.006541; ', 'codec_recon_1=0.062655; ', 'bpp_1=0.302558; ', 'mse_2=0.001915; ', 'lpips_2=0.005639; ', 'codec_recon_2=0.018763; ', 'bpp_2=0.290898; ']
train step[1547/2000] ; used: 35m:57s; eta: 10m:31s; loss = 0.142155; ['mse_0=0.001996; ', 'lpips_0=0.007704; ', 'codec_recon_0=0.010951; ', 'bpp_0=1.187869; ', 'mse_1=0.001714; ', 'lpips_1=0.005869; ', 'codec_recon_1=0.086990; ', 'bpp_1=0.302843; ', 'mse_2=0.001476; ', 'lpips_2=0.004460; ', 'codec_recon_2=0.020993; ', 'bpp_2=0.292876; ']
train step[1548/2000] ; used: 35m:58s; eta: 10m:29s; loss = 0.108180; ['mse_0=0.002304; ', 'lpips_0=0.005840; ', 'codec_recon_0=0.011340; ', 'bpp_0=1.152915; ', 'mse_1=0.001893; ', 'lpips_1=0.004634; ', 'codec_recon_1=0.061574; ', 'bpp_1=0.300738; ', 'mse_2=0.001777; ', 'lpips_2=0.004196; ', 'codec_recon_2=0.014619; ', 'bpp_2=0.291652; ']
train step[1549/2000] ; used: 35m:59s; eta: 10m:28s; loss = 0.133256; ['mse_0=0.002039; ', 'lpips_0=0.006481; ', 'codec_recon_0=0.010030; ', 'bpp_0=1.165769; ', 'mse_1=0.001562; ', 'lpips_1=0.004987; ', 'codec_recon_1=0.080999; ', 'bpp_1=0.301118; ', 'mse_2=0.001082; ', 'lpips_2=0.003385; ', 'codec_recon_2=0.022688; ', 'bpp_2=0.290875; ']
train step[1550/2000] ; used: 36m; eta: 10m:26s; loss = 0.098533; ['mse_0=0.000385; ', 'lpips_0=0.004589; ', 'codec_recon_0=0.009535; ', 'bpp_0=1.172512; ', 'mse_1=0.000286; ', 'lpips_1=0.003739; ', 'codec_recon_1=0.060693; ', 'bpp_1=0.302223; ', 'mse_2=0.000215; ', 'lpips_2=0.003100; ', 'codec_recon_2=0.015991; ', 'bpp_2=0.291349; ']
train step[1551/2000] ; used: 36m:1s; eta: 10m:25s; loss = 0.108236; ['mse_0=0.005198; ', 'lpips_0=0.007528; ', 'codec_recon_0=0.009535; ', 'bpp_0=1.151874; ', 'mse_1=0.004235; ', 'lpips_1=0.006494; ', 'codec_recon_1=0.051120; ', 'bpp_1=0.300626; ', 'mse_2=0.003969; ', 'lpips_2=0.005975; ', 'codec_recon_2=0.014180; ', 'bpp_2=0.289828; ']
train step[1552/2000] ; used: 36m:2s; eta: 10m:23s; loss = 0.121197; ['mse_0=0.001551; ', 'lpips_0=0.005915; ', 'codec_recon_0=0.010465; ', 'bpp_0=1.176804; ', 'mse_1=0.001177; ', 'lpips_1=0.004655; ', 'codec_recon_1=0.071715; ', 'bpp_1=0.301729; ', 'mse_2=0.000993; ', 'lpips_2=0.003576; ', 'codec_recon_2=0.021148; ', 'bpp_2=0.291872; ']
train step[1553/2000] ; used: 36m:3s; eta: 10m:22s; loss = 0.139573; ['mse_0=0.001869; ', 'lpips_0=0.006395; ', 'codec_recon_0=0.011798; ', 'bpp_0=1.201215; ', 'mse_1=0.001440; ', 'lpips_1=0.004991; ', 'codec_recon_1=0.085153; ', 'bpp_1=0.303552; ', 'mse_2=0.001253; ', 'lpips_2=0.003788; ', 'codec_recon_2=0.022886; ', 'bpp_2=0.294337; ']
train step[1554/2000] ; used: 36m:4s; eta: 10m:20s; loss = 0.111109; ['mse_0=0.002905; ', 'lpips_0=0.005498; ', 'codec_recon_0=0.010692; ', 'bpp_0=1.161050; ', 'mse_1=0.002481; ', 'lpips_1=0.004614; ', 'codec_recon_1=0.062949; ', 'bpp_1=0.301312; ', 'mse_2=0.002304; ', 'lpips_2=0.004019; ', 'codec_recon_2=0.015644; ', 'bpp_2=0.292241; ']
train step[1555/2000] ; used: 36m:5s; eta: 10m:19s; loss = 0.107343; ['mse_0=0.002271; ', 'lpips_0=0.007815; ', 'codec_recon_0=0.009452; ', 'bpp_0=1.157452; ', 'mse_1=0.001989; ', 'lpips_1=0.006791; ', 'codec_recon_1=0.056103; ', 'bpp_1=0.301384; ', 'mse_2=0.001854; ', 'lpips_2=0.006128; ', 'codec_recon_2=0.014939; ', 'bpp_2=0.291388; ']
train step[1556/2000] ; used: 36m:6s; eta: 10m:17s; loss = 0.099060; ['mse_0=0.001605; ', 'lpips_0=0.006405; ', 'codec_recon_0=0.008999; ', 'bpp_0=1.148187; ', 'mse_1=0.001351; ', 'lpips_1=0.005574; ', 'codec_recon_1=0.054066; ', 'bpp_1=0.299104; ', 'mse_2=0.001199; ', 'lpips_2=0.005019; ', 'codec_recon_2=0.014841; ', 'bpp_2=0.289022; ']
train step[1557/2000] ; used: 36m:7s; eta: 10m:16s; loss = 0.089847; ['mse_0=0.001621; ', 'lpips_0=0.005597; ', 'codec_recon_0=0.008399; ', 'bpp_0=1.153206; ', 'mse_1=0.001367; ', 'lpips_1=0.004754; ', 'codec_recon_1=0.048336; ', 'bpp_1=0.301231; ', 'mse_2=0.001247; ', 'lpips_2=0.004134; ', 'codec_recon_2=0.014389; ', 'bpp_2=0.290807; ']
train step[1558/2000] ; used: 36m:8s; eta: 10m:14s; loss = 0.107674; ['mse_0=0.000885; ', 'lpips_0=0.004769; ', 'codec_recon_0=0.009643; ', 'bpp_0=1.149646; ', 'mse_1=0.000645; ', 'lpips_1=0.003757; ', 'codec_recon_1=0.065171; ', 'bpp_1=0.299553; ', 'mse_2=0.000436; ', 'lpips_2=0.002883; ', 'codec_recon_2=0.019482; ', 'bpp_2=0.288553; ']
train step[1559/2000] ; used: 36m:9s; eta: 10m:13s; loss = 0.084016; ['mse_0=0.001642; ', 'lpips_0=0.005133; ', 'codec_recon_0=0.008526; ', 'bpp_0=1.144455; ', 'mse_1=0.001559; ', 'lpips_1=0.004140; ', 'codec_recon_1=0.045226; ', 'bpp_1=0.298453; ', 'mse_2=0.001452; ', 'lpips_2=0.003666; ', 'codec_recon_2=0.012670; ', 'bpp_2=0.289543; ']
train step[1560/2000] ; used: 36m:10s; eta: 10m:11s; loss = 0.096729; ['mse_0=0.000614; ', 'lpips_0=0.004600; ', 'codec_recon_0=0.008788; ', 'bpp_0=1.154361; ', 'mse_1=0.000450; ', 'lpips_1=0.003353; ', 'codec_recon_1=0.059639; ', 'bpp_1=0.300637; ', 'mse_2=0.000309; ', 'lpips_2=0.002529; ', 'codec_recon_2=0.016446; ', 'bpp_2=0.290364; ']
train step[1561/2000] ; used: 36m:11s; eta: 10m:10s; loss = 0.102502; ['mse_0=0.002014; ', 'lpips_0=0.006326; ', 'codec_recon_0=0.009311; ', 'bpp_0=1.171035; ', 'mse_1=0.001670; ', 'lpips_1=0.005442; ', 'codec_recon_1=0.056692; ', 'bpp_1=0.302625; ', 'mse_2=0.001491; ', 'lpips_2=0.004852; ', 'codec_recon_2=0.014703; ', 'bpp_2=0.290881; ']
train step[1562/2000] ; used: 36m:12s; eta: 10m:8s; loss = 0.075209; ['mse_0=0.000864; ', 'lpips_0=0.004443; ', 'codec_recon_0=0.007140; ', 'bpp_0=1.157030; ', 'mse_1=0.000665; ', 'lpips_1=0.003580; ', 'codec_recon_1=0.043344; ', 'bpp_1=0.299944; ', 'mse_2=0.000536; ', 'lpips_2=0.002927; ', 'codec_recon_2=0.011708; ', 'bpp_2=0.289309; ']
train step[1563/2000] ; used: 36m:13s; eta: 10m:7s; loss = 0.113465; ['mse_0=0.001227; ', 'lpips_0=0.005333; ', 'codec_recon_0=0.009177; ', 'bpp_0=1.171844; ', 'mse_1=0.000895; ', 'lpips_1=0.004311; ', 'codec_recon_1=0.069705; ', 'bpp_1=0.301699; ', 'mse_2=0.000673; ', 'lpips_2=0.003248; ', 'codec_recon_2=0.018894; ', 'bpp_2=0.291158; ']
train step[1564/2000] ; used: 36m:14s; eta: 10m:5s; loss = 0.086509; ['mse_0=0.000984; ', 'lpips_0=0.005278; ', 'codec_recon_0=0.008128; ', 'bpp_0=1.150778; ', 'mse_1=0.000795; ', 'lpips_1=0.004320; ', 'codec_recon_1=0.049421; ', 'bpp_1=0.300391; ', 'mse_2=0.000635; ', 'lpips_2=0.003731; ', 'codec_recon_2=0.013216; ', 'bpp_2=0.290346; ']
train step[1565/2000] ; used: 36m:15s; eta: 10m:4s; loss = 0.076562; ['mse_0=0.000713; ', 'lpips_0=0.005931; ', 'codec_recon_0=0.007365; ', 'bpp_0=1.137848; ', 'mse_1=0.000557; ', 'lpips_1=0.005353; ', 'codec_recon_1=0.040731; ', 'bpp_1=0.298612; ', 'mse_2=0.000493; ', 'lpips_2=0.005000; ', 'codec_recon_2=0.010415; ', 'bpp_2=0.289004; ']
train step[1566/2000] ; used: 36m:16s; eta: 10m:2s; loss = 0.102467; ['mse_0=0.002376; ', 'lpips_0=0.007190; ', 'codec_recon_0=0.008831; ', 'bpp_0=1.157625; ', 'mse_1=0.002125; ', 'lpips_1=0.006375; ', 'codec_recon_1=0.054107; ', 'bpp_1=0.301354; ', 'mse_2=0.002018; ', 'lpips_2=0.005860; ', 'codec_recon_2=0.013582; ', 'bpp_2=0.292306; ']
train step[1567/2000] ; used: 36m:18s; eta: 10m:1s; loss = 0.092883; ['mse_0=0.001284; ', 'lpips_0=0.004908; ', 'codec_recon_0=0.008218; ', 'bpp_0=1.164095; ', 'mse_1=0.001030; ', 'lpips_1=0.004104; ', 'codec_recon_1=0.055635; ', 'bpp_1=0.301597; ', 'mse_2=0.000936; ', 'lpips_2=0.003557; ', 'codec_recon_2=0.013210; ', 'bpp_2=0.292163; ']
train step[1568/2000] ; used: 36m:19s; eta: 9m:59s; loss = 0.109473; ['mse_0=0.002367; ', 'lpips_0=0.007456; ', 'codec_recon_0=0.008366; ', 'bpp_0=1.177668; ', 'mse_1=0.001872; ', 'lpips_1=0.006343; ', 'codec_recon_1=0.060738; ', 'bpp_1=0.302748; ', 'mse_2=0.001304; ', 'lpips_2=0.004989; ', 'codec_recon_2=0.016036; ', 'bpp_2=0.293244; ']
train step[1569/2000] ; used: 36m:20s; eta: 9m:58s; loss = 0.102487; ['mse_0=0.002206; ', 'lpips_0=0.006730; ', 'codec_recon_0=0.009314; ', 'bpp_0=1.169505; ', 'mse_1=0.001852; ', 'lpips_1=0.005771; ', 'codec_recon_1=0.055493; ', 'bpp_1=0.302736; ', 'mse_2=0.001687; ', 'lpips_2=0.005058; ', 'codec_recon_2=0.014374; ', 'bpp_2=0.291910; ']
train step[1570/2000] ; used: 36m:21s; eta: 9m:57s; loss = 0.124211; ['mse_0=0.001165; ', 'lpips_0=0.005226; ', 'codec_recon_0=0.011354; ', 'bpp_0=1.187371; ', 'mse_1=0.000927; ', 'lpips_1=0.003837; ', 'codec_recon_1=0.077928; ', 'bpp_1=0.302017; ', 'mse_2=0.000860; ', 'lpips_2=0.003229; ', 'codec_recon_2=0.019683; ', 'bpp_2=0.293658; ']
train step[1571/2000] ; used: 36m:22s; eta: 9m:55s; loss = 0.085084; ['mse_0=0.001222; ', 'lpips_0=0.005190; ', 'codec_recon_0=0.008177; ', 'bpp_0=1.151009; ', 'mse_1=0.000899; ', 'lpips_1=0.004324; ', 'codec_recon_1=0.048664; ', 'bpp_1=0.300250; ', 'mse_2=0.000788; ', 'lpips_2=0.003808; ', 'codec_recon_2=0.012010; ', 'bpp_2=0.291097; ']
train step[1572/2000] ; used: 36m:23s; eta: 9m:54s; loss = 0.083080; ['mse_0=0.001238; ', 'lpips_0=0.005205; ', 'codec_recon_0=0.007908; ', 'bpp_0=1.148475; ', 'mse_1=0.001003; ', 'lpips_1=0.004518; ', 'codec_recon_1=0.046502; ', 'bpp_1=0.300125; ', 'mse_2=0.000853; ', 'lpips_2=0.003992; ', 'codec_recon_2=0.011857; ', 'bpp_2=0.290488; ']
train step[1573/2000] ; used: 36m:24s; eta: 9m:52s; loss = 0.104088; ['mse_0=0.000583; ', 'lpips_0=0.005645; ', 'codec_recon_0=0.008515; ', 'bpp_0=1.176258; ', 'mse_1=0.000423; ', 'lpips_1=0.004346; ', 'codec_recon_1=0.062267; ', 'bpp_1=0.303166; ', 'mse_2=0.000304; ', 'lpips_2=0.003198; ', 'codec_recon_2=0.018805; ', 'bpp_2=0.293053; ']
train step[1574/2000] ; used: 36m:25s; eta: 9m:51s; loss = 0.109070; ['mse_0=0.001952; ', 'lpips_0=0.006621; ', 'codec_recon_0=0.009099; ', 'bpp_0=1.188946; ', 'mse_1=0.001551; ', 'lpips_1=0.005242; ', 'codec_recon_1=0.063210; ', 'bpp_1=0.304320; ', 'mse_2=0.001217; ', 'lpips_2=0.004194; ', 'codec_recon_2=0.015983; ', 'bpp_2=0.294114; ']
train step[1575/2000] ; used: 36m:26s; eta: 9m:49s; loss = 0.086244; ['mse_0=0.000820; ', 'lpips_0=0.005296; ', 'codec_recon_0=0.008400; ', 'bpp_0=1.160593; ', 'mse_1=0.000712; ', 'lpips_1=0.004315; ', 'codec_recon_1=0.048652; ', 'bpp_1=0.299417; ', 'mse_2=0.000693; ', 'lpips_2=0.003883; ', 'codec_recon_2=0.013471; ', 'bpp_2=0.290293; ']
train step[1576/2000] ; used: 36m:27s; eta: 9m:48s; loss = 0.113296; ['mse_0=0.002607; ', 'lpips_0=0.005153; ', 'codec_recon_0=0.009402; ', 'bpp_0=1.178357; ', 'mse_1=0.002214; ', 'lpips_1=0.004167; ', 'codec_recon_1=0.067294; ', 'bpp_1=0.301981; ', 'mse_2=0.002072; ', 'lpips_2=0.003536; ', 'codec_recon_2=0.016850; ', 'bpp_2=0.292851; ']
train step[1577/2000] ; used: 36m:28s; eta: 9m:46s; loss = 0.089648; ['mse_0=0.001665; ', 'lpips_0=0.005110; ', 'codec_recon_0=0.008585; ', 'bpp_0=1.144496; ', 'mse_1=0.001419; ', 'lpips_1=0.004347; ', 'codec_recon_1=0.049864; ', 'bpp_1=0.300081; ', 'mse_2=0.001335; ', 'lpips_2=0.003829; ', 'codec_recon_2=0.013493; ', 'bpp_2=0.290052; ']
train step[1578/2000] ; used: 36m:29s; eta: 9m:45s; loss = 0.096986; ['mse_0=0.001190; ', 'lpips_0=0.005076; ', 'codec_recon_0=0.008613; ', 'bpp_0=1.153308; ', 'mse_1=0.000956; ', 'lpips_1=0.004185; ', 'codec_recon_1=0.058069; ', 'bpp_1=0.300687; ', 'mse_2=0.000848; ', 'lpips_2=0.003687; ', 'codec_recon_2=0.014360; ', 'bpp_2=0.290410; ']
train step[1579/2000] ; used: 36m:30s; eta: 9m:43s; loss = 0.090470; ['mse_0=0.000872; ', 'lpips_0=0.005663; ', 'codec_recon_0=0.008337; ', 'bpp_0=1.151242; ', 'mse_1=0.000683; ', 'lpips_1=0.004575; ', 'codec_recon_1=0.050490; ', 'bpp_1=0.299702; ', 'mse_2=0.000507; ', 'lpips_2=0.003835; ', 'codec_recon_2=0.015507; ', 'bpp_2=0.289235; ']
train step[1580/2000] ; used: 36m:31s; eta: 9m:42s; loss = 0.112498; ['mse_0=0.003706; ', 'lpips_0=0.008350; ', 'codec_recon_0=0.008623; ', 'bpp_0=1.158186; ', 'mse_1=0.003596; ', 'lpips_1=0.007429; ', 'codec_recon_1=0.054880; ', 'bpp_1=0.301165; ', 'mse_2=0.003360; ', 'lpips_2=0.006670; ', 'codec_recon_2=0.015882; ', 'bpp_2=0.291625; ']
train step[1581/2000] ; used: 36m:32s; eta: 9m:40s; loss = 0.083336; ['mse_0=0.001076; ', 'lpips_0=0.005398; ', 'codec_recon_0=0.007612; ', 'bpp_0=1.152255; ', 'mse_1=0.000850; ', 'lpips_1=0.004603; ', 'codec_recon_1=0.046199; ', 'bpp_1=0.301281; ', 'mse_2=0.000800; ', 'lpips_2=0.004122; ', 'codec_recon_2=0.012673; ', 'bpp_2=0.291277; ']
train step[1582/2000] ; used: 36m:33s; eta: 9m:39s; loss = 0.139293; ['mse_0=0.001484; ', 'lpips_0=0.006834; ', 'codec_recon_0=0.010130; ', 'bpp_0=1.187684; ', 'mse_1=0.001126; ', 'lpips_1=0.005230; ', 'codec_recon_1=0.086662; ', 'bpp_1=0.303641; ', 'mse_2=0.000891; ', 'lpips_2=0.003878; ', 'codec_recon_2=0.023056; ', 'bpp_2=0.293277; ']
train step[1583/2000] ; used: 36m:34s; eta: 9m:37s; loss = 0.088035; ['mse_0=0.001722; ', 'lpips_0=0.005916; ', 'codec_recon_0=0.008394; ', 'bpp_0=1.149687; ', 'mse_1=0.001431; ', 'lpips_1=0.004797; ', 'codec_recon_1=0.048366; ', 'bpp_1=0.301495; ', 'mse_2=0.001336; ', 'lpips_2=0.004329; ', 'codec_recon_2=0.011742; ', 'bpp_2=0.290931; ']
train step[1584/2000] ; used: 36m:35s; eta: 9m:36s; loss = 0.081260; ['mse_0=0.000802; ', 'lpips_0=0.004418; ', 'codec_recon_0=0.007445; ', 'bpp_0=1.150832; ', 'mse_1=0.000584; ', 'lpips_1=0.003497; ', 'codec_recon_1=0.048582; ', 'bpp_1=0.301355; ', 'mse_2=0.000501; ', 'lpips_2=0.003047; ', 'codec_recon_2=0.012382; ', 'bpp_2=0.290886; ']
train step[1585/2000] ; used: 36m:36s; eta: 9m:34s; loss = 0.151441; ['mse_0=0.001884; ', 'lpips_0=0.007326; ', 'codec_recon_0=0.009743; ', 'bpp_0=1.190346; ', 'mse_1=0.001281; ', 'lpips_1=0.005525; ', 'codec_recon_1=0.097088; ', 'bpp_1=0.301983; ', 'mse_2=0.000708; ', 'lpips_2=0.003442; ', 'codec_recon_2=0.024441; ', 'bpp_2=0.293432; ']
train step[1586/2000] ; used: 36m:37s; eta: 9m:33s; loss = 0.091344; ['mse_0=0.001640; ', 'lpips_0=0.005498; ', 'codec_recon_0=0.008168; ', 'bpp_0=1.156028; ', 'mse_1=0.001398; ', 'lpips_1=0.004530; ', 'codec_recon_1=0.051497; ', 'bpp_1=0.301715; ', 'mse_2=0.001301; ', 'lpips_2=0.003904; ', 'codec_recon_2=0.013406; ', 'bpp_2=0.291600; ']
train step[1587/2000] ; used: 36m:38s; eta: 9m:31s; loss = 0.135236; ['mse_0=0.008127; ', 'lpips_0=0.006932; ', 'codec_recon_0=0.009341; ', 'bpp_0=1.167516; ', 'mse_1=0.007027; ', 'lpips_1=0.005565; ', 'codec_recon_1=0.068969; ', 'bpp_1=0.302487; ', 'mse_2=0.006361; ', 'lpips_2=0.004361; ', 'codec_recon_2=0.018550; ', 'bpp_2=0.293429; ']
train step[1588/2000] ; used: 36m:39s; eta: 9m:30s; loss = 0.092830; ['mse_0=0.001371; ', 'lpips_0=0.004937; ', 'codec_recon_0=0.007909; ', 'bpp_0=1.154279; ', 'mse_1=0.001221; ', 'lpips_1=0.003973; ', 'codec_recon_1=0.054643; ', 'bpp_1=0.299780; ', 'mse_2=0.001149; ', 'lpips_2=0.003536; ', 'codec_recon_2=0.014089; ', 'bpp_2=0.291493; ']
train step[1589/2000] ; used: 36m:40s; eta: 9m:28s; loss = 0.088302; ['mse_0=0.001062; ', 'lpips_0=0.005818; ', 'codec_recon_0=0.008420; ', 'bpp_0=1.153953; ', 'mse_1=0.000750; ', 'lpips_1=0.004799; ', 'codec_recon_1=0.049521; ', 'bpp_1=0.300879; ', 'mse_2=0.000658; ', 'lpips_2=0.004250; ', 'codec_recon_2=0.013022; ', 'bpp_2=0.291380; ']
train step[1590/2000] ; used: 36m:41s; eta: 9m:27s; loss = 0.090627; ['mse_0=0.003028; ', 'lpips_0=0.005079; ', 'codec_recon_0=0.007600; ', 'bpp_0=1.146301; ', 'mse_1=0.002770; ', 'lpips_1=0.004040; ', 'codec_recon_1=0.049688; ', 'bpp_1=0.301393; ', 'mse_2=0.002690; ', 'lpips_2=0.003523; ', 'codec_recon_2=0.012207; ', 'bpp_2=0.290747; ']
train step[1591/2000] ; used: 36m:42s; eta: 9m:25s; loss = 0.097123; ['mse_0=0.001460; ', 'lpips_0=0.004912; ', 'codec_recon_0=0.007886; ', 'bpp_0=1.166292; ', 'mse_1=0.001153; ', 'lpips_1=0.003866; ', 'codec_recon_1=0.059411; ', 'bpp_1=0.300515; ', 'mse_2=0.000917; ', 'lpips_2=0.003113; ', 'codec_recon_2=0.014403; ', 'bpp_2=0.291974; ']
train step[1592/2000] ; used: 36m:43s; eta: 9m:24s; loss = 0.111932; ['mse_0=0.002782; ', 'lpips_0=0.007055; ', 'codec_recon_0=0.008724; ', 'bpp_0=1.171738; ', 'mse_1=0.002524; ', 'lpips_1=0.006165; ', 'codec_recon_1=0.060597; ', 'bpp_1=0.302048; ', 'mse_2=0.002425; ', 'lpips_2=0.005315; ', 'codec_recon_2=0.016343; ', 'bpp_2=0.291871; ']
train step[1593/2000] ; used: 36m:44s; eta: 9m:22s; loss = 0.107372; ['mse_0=0.001399; ', 'lpips_0=0.004995; ', 'codec_recon_0=0.009315; ', 'bpp_0=1.171633; ', 'mse_1=0.001109; ', 'lpips_1=0.004254; ', 'codec_recon_1=0.064343; ', 'bpp_1=0.303381; ', 'mse_2=0.000928; ', 'lpips_2=0.003552; ', 'codec_recon_2=0.017476; ', 'bpp_2=0.293136; ']
train step[1594/2000] ; used: 36m:45s; eta: 9m:21s; loss = 0.110065; ['mse_0=0.002394; ', 'lpips_0=0.006155; ', 'codec_recon_0=0.008919; ', 'bpp_0=1.161589; ', 'mse_1=0.002076; ', 'lpips_1=0.005191; ', 'codec_recon_1=0.061563; ', 'bpp_1=0.301939; ', 'mse_2=0.001922; ', 'lpips_2=0.004448; ', 'codec_recon_2=0.017397; ', 'bpp_2=0.291301; ']
train step[1595/2000] ; used: 36m:46s; eta: 9m:20s; loss = 0.134650; ['mse_0=0.003857; ', 'lpips_0=0.007820; ', 'codec_recon_0=0.009228; ', 'bpp_0=1.171907; ', 'mse_1=0.003410; ', 'lpips_1=0.006522; ', 'codec_recon_1=0.075541; ', 'bpp_1=0.301996; ', 'mse_2=0.003066; ', 'lpips_2=0.005404; ', 'codec_recon_2=0.019800; ', 'bpp_2=0.292038; ']
train step[1596/2000] ; used: 36m:48s; eta: 9m:18s; loss = 0.098396; ['mse_0=0.002654; ', 'lpips_0=0.006236; ', 'codec_recon_0=0.008358; ', 'bpp_0=1.147911; ', 'mse_1=0.002271; ', 'lpips_1=0.005414; ', 'codec_recon_1=0.053231; ', 'bpp_1=0.300604; ', 'mse_2=0.002147; ', 'lpips_2=0.004908; ', 'codec_recon_2=0.013175; ', 'bpp_2=0.290084; ']
train step[1597/2000] ; used: 36m:49s; eta: 9m:17s; loss = 0.126037; ['mse_0=0.010177; ', 'lpips_0=0.008299; ', 'codec_recon_0=0.009246; ', 'bpp_0=1.163374; ', 'mse_1=0.009697; ', 'lpips_1=0.007371; ', 'codec_recon_1=0.052190; ', 'bpp_1=0.302027; ', 'mse_2=0.009589; ', 'lpips_2=0.006756; ', 'codec_recon_2=0.012709; ', 'bpp_2=0.289385; ']
train step[1598/2000] ; used: 36m:50s; eta: 9m:15s; loss = 0.104155; ['mse_0=0.002308; ', 'lpips_0=0.006119; ', 'codec_recon_0=0.008621; ', 'bpp_0=1.161607; ', 'mse_1=0.001930; ', 'lpips_1=0.005192; ', 'codec_recon_1=0.058010; ', 'bpp_1=0.302590; ', 'mse_2=0.001689; ', 'lpips_2=0.004559; ', 'codec_recon_2=0.015726; ', 'bpp_2=0.292721; ']
train step[1599/2000] ; used: 36m:51s; eta: 9m:14s; loss = 0.102216; ['mse_0=0.000732; ', 'lpips_0=0.004500; ', 'codec_recon_0=0.009316; ', 'bpp_0=1.162348; ', 'mse_1=0.000545; ', 'lpips_1=0.003493; ', 'codec_recon_1=0.063198; ', 'bpp_1=0.300680; ', 'mse_2=0.000430; ', 'lpips_2=0.002803; ', 'codec_recon_2=0.017197; ', 'bpp_2=0.291119; ']
train step[1600/2000] ; used: 36m:52s; eta: 9m:12s; loss = 0.090868; ['mse_0=0.001299; ', 'lpips_0=0.004823; ', 'codec_recon_0=0.007927; ', 'bpp_0=1.154521; ', 'mse_1=0.001041; ', 'lpips_1=0.004008; ', 'codec_recon_1=0.053580; ', 'bpp_1=0.300663; ', 'mse_2=0.000930; ', 'lpips_2=0.003461; ', 'codec_recon_2=0.013798; ', 'bpp_2=0.290673; ']
train step[1601/2000] ; used: 36m:53s; eta: 9m:11s; loss = 0.108738; ['mse_0=0.003235; ', 'lpips_0=0.007998; ', 'codec_recon_0=0.009626; ', 'bpp_0=1.166995; ', 'mse_1=0.002607; ', 'lpips_1=0.007050; ', 'codec_recon_1=0.056305; ', 'bpp_1=0.301991; ', 'mse_2=0.002472; ', 'lpips_2=0.006269; ', 'codec_recon_2=0.013175; ', 'bpp_2=0.293016; ']
train step[1602/2000] ; used: 36m:54s; eta: 9m:9s; loss = 0.101940; ['mse_0=0.001984; ', 'lpips_0=0.006980; ', 'codec_recon_0=0.008516; ', 'bpp_0=1.155467; ', 'mse_1=0.001877; ', 'lpips_1=0.005998; ', 'codec_recon_1=0.055652; ', 'bpp_1=0.301180; ', 'mse_2=0.001792; ', 'lpips_2=0.005640; ', 'codec_recon_2=0.013499; ', 'bpp_2=0.291455; ']
train step[1603/2000] ; used: 36m:55s; eta: 9m:8s; loss = 0.083493; ['mse_0=0.001498; ', 'lpips_0=0.005283; ', 'codec_recon_0=0.007914; ', 'bpp_0=1.145748; ', 'mse_1=0.001347; ', 'lpips_1=0.004414; ', 'codec_recon_1=0.046502; ', 'bpp_1=0.299475; ', 'mse_2=0.001283; ', 'lpips_2=0.003958; ', 'codec_recon_2=0.011293; ', 'bpp_2=0.289851; ']
train step[1604/2000] ; used: 36m:56s; eta: 9m:6s; loss = 0.094014; ['mse_0=0.001177; ', 'lpips_0=0.004577; ', 'codec_recon_0=0.008197; ', 'bpp_0=1.150485; ', 'mse_1=0.000904; ', 'lpips_1=0.003474; ', 'codec_recon_1=0.057672; ', 'bpp_1=0.300964; ', 'mse_2=0.000752; ', 'lpips_2=0.002825; ', 'codec_recon_2=0.014434; ', 'bpp_2=0.291236; ']
train step[1605/2000] ; used: 36m:57s; eta: 9m:5s; loss = 0.084612; ['mse_0=0.002452; ', 'lpips_0=0.005578; ', 'codec_recon_0=0.008019; ', 'bpp_0=1.135126; ', 'mse_1=0.002338; ', 'lpips_1=0.004807; ', 'codec_recon_1=0.045143; ', 'bpp_1=0.300344; ', 'mse_2=0.002293; ', 'lpips_2=0.004413; ', 'codec_recon_2=0.009566; ', 'bpp_2=0.290157; ']
train step[1606/2000] ; used: 36m:59s; eta: 9m:4s; loss = 0.078074; ['mse_0=0.000900; ', 'lpips_0=0.004639; ', 'codec_recon_0=0.007242; ', 'bpp_0=1.142522; ', 'mse_1=0.000701; ', 'lpips_1=0.003623; ', 'codec_recon_1=0.046342; ', 'bpp_1=0.299688; ', 'mse_2=0.000595; ', 'lpips_2=0.003131; ', 'codec_recon_2=0.010898; ', 'bpp_2=0.289928; ']
train step[1607/2000] ; used: 37m; eta: 9m:2s; loss = 0.082487; ['mse_0=0.000705; ', 'lpips_0=0.005158; ', 'codec_recon_0=0.008195; ', 'bpp_0=1.142709; ', 'mse_1=0.000557; ', 'lpips_1=0.004434; ', 'codec_recon_1=0.047652; ', 'bpp_1=0.299098; ', 'mse_2=0.000507; ', 'lpips_2=0.003981; ', 'codec_recon_2=0.011296; ', 'bpp_2=0.290498; ']
train step[1608/2000] ; used: 37m:1s; eta: 9m:1s; loss = 0.110774; ['mse_0=0.001139; ', 'lpips_0=0.005844; ', 'codec_recon_0=0.009072; ', 'bpp_0=1.161138; ', 'mse_1=0.000881; ', 'lpips_1=0.004825; ', 'codec_recon_1=0.065758; ', 'bpp_1=0.300954; ', 'mse_2=0.000783; ', 'lpips_2=0.004294; ', 'codec_recon_2=0.018178; ', 'bpp_2=0.290817; ']
train step[1609/2000] ; used: 37m:2s; eta: 8m:59s; loss = 0.134825; ['mse_0=0.003743; ', 'lpips_0=0.007452; ', 'codec_recon_0=0.009632; ', 'bpp_0=1.180801; ', 'mse_1=0.003264; ', 'lpips_1=0.006523; ', 'codec_recon_1=0.074999; ', 'bpp_1=0.304193; ', 'mse_2=0.003051; ', 'lpips_2=0.005504; ', 'codec_recon_2=0.020658; ', 'bpp_2=0.294034; ']
train step[1610/2000] ; used: 37m:3s; eta: 8m:58s; loss = 0.162095; ['mse_0=0.001485; ', 'lpips_0=0.008245; ', 'codec_recon_0=0.010901; ', 'bpp_0=1.192669; ', 'mse_1=0.001154; ', 'lpips_1=0.006432; ', 'codec_recon_1=0.097716; ', 'bpp_1=0.303526; ', 'mse_2=0.000902; ', 'lpips_2=0.004968; ', 'codec_recon_2=0.030291; ', 'bpp_2=0.293316; ']
train step[1611/2000] ; used: 37m:4s; eta: 8m:56s; loss = 0.127958; ['mse_0=0.001831; ', 'lpips_0=0.006254; ', 'codec_recon_0=0.009406; ', 'bpp_0=1.169209; ', 'mse_1=0.001270; ', 'lpips_1=0.004761; ', 'codec_recon_1=0.079780; ', 'bpp_1=0.302548; ', 'mse_2=0.000835; ', 'lpips_2=0.003425; ', 'codec_recon_2=0.020394; ', 'bpp_2=0.293764; ']
train step[1612/2000] ; used: 37m:5s; eta: 8m:55s; loss = 0.081101; ['mse_0=0.001387; ', 'lpips_0=0.004505; ', 'codec_recon_0=0.007445; ', 'bpp_0=1.140545; ', 'mse_1=0.001063; ', 'lpips_1=0.003547; ', 'codec_recon_1=0.046863; ', 'bpp_1=0.299689; ', 'mse_2=0.000817; ', 'lpips_2=0.002905; ', 'codec_recon_2=0.012568; ', 'bpp_2=0.288855; ']
train step[1613/2000] ; used: 37m:6s; eta: 8m:53s; loss = 0.116811; ['mse_0=0.001766; ', 'lpips_0=0.006693; ', 'codec_recon_0=0.009328; ', 'bpp_0=1.179844; ', 'mse_1=0.001385; ', 'lpips_1=0.005520; ', 'codec_recon_1=0.067890; ', 'bpp_1=0.302386; ', 'mse_2=0.001169; ', 'lpips_2=0.004746; ', 'codec_recon_2=0.018313; ', 'bpp_2=0.291810; ']
train step[1614/2000] ; used: 37m:7s; eta: 8m:52s; loss = 0.090538; ['mse_0=0.001711; ', 'lpips_0=0.006017; ', 'codec_recon_0=0.008253; ', 'bpp_0=1.139346; ', 'mse_1=0.001495; ', 'lpips_1=0.005158; ', 'codec_recon_1=0.049892; ', 'bpp_1=0.301147; ', 'mse_2=0.001326; ', 'lpips_2=0.004562; ', 'codec_recon_2=0.012122; ', 'bpp_2=0.290599; ']
train step[1615/2000] ; used: 37m:8s; eta: 8m:50s; loss = 0.078932; ['mse_0=0.001305; ', 'lpips_0=0.005386; ', 'codec_recon_0=0.007382; ', 'bpp_0=1.136580; ', 'mse_1=0.001091; ', 'lpips_1=0.004515; ', 'codec_recon_1=0.043609; ', 'bpp_1=0.300324; ', 'mse_2=0.000996; ', 'lpips_2=0.004099; ', 'codec_recon_2=0.010547; ', 'bpp_2=0.288789; ']
train step[1616/2000] ; used: 37m:9s; eta: 8m:49s; loss = 0.148971; ['mse_0=0.006656; ', 'lpips_0=0.009066; ', 'codec_recon_0=0.010071; ', 'bpp_0=1.180516; ', 'mse_1=0.005997; ', 'lpips_1=0.007856; ', 'codec_recon_1=0.077066; ', 'bpp_1=0.303763; ', 'mse_2=0.005366; ', 'lpips_2=0.006655; ', 'codec_recon_2=0.020236; ', 'bpp_2=0.293100; ']
train step[1617/2000] ; used: 37m:10s; eta: 8m:47s; loss = 0.088918; ['mse_0=0.001038; ', 'lpips_0=0.005056; ', 'codec_recon_0=0.008467; ', 'bpp_0=1.152678; ', 'mse_1=0.000848; ', 'lpips_1=0.004100; ', 'codec_recon_1=0.051616; ', 'bpp_1=0.300988; ', 'mse_2=0.000687; ', 'lpips_2=0.003436; ', 'codec_recon_2=0.013668; ', 'bpp_2=0.290654; ']
train step[1618/2000] ; used: 37m:11s; eta: 8m:46s; loss = 0.095023; ['mse_0=0.001314; ', 'lpips_0=0.004670; ', 'codec_recon_0=0.008383; ', 'bpp_0=1.145166; ', 'mse_1=0.001068; ', 'lpips_1=0.003650; ', 'codec_recon_1=0.057740; ', 'bpp_1=0.301194; ', 'mse_2=0.000944; ', 'lpips_2=0.003104; ', 'codec_recon_2=0.014147; ', 'bpp_2=0.291462; ']
train step[1619/2000] ; used: 37m:12s; eta: 8m:45s; loss = 0.111060; ['mse_0=0.003095; ', 'lpips_0=0.007961; ', 'codec_recon_0=0.008152; ', 'bpp_0=1.153900; ', 'mse_1=0.002822; ', 'lpips_1=0.006896; ', 'codec_recon_1=0.058093; ', 'bpp_1=0.302079; ', 'mse_2=0.002242; ', 'lpips_2=0.005406; ', 'codec_recon_2=0.016391; ', 'bpp_2=0.293042; ']
train step[1620/2000] ; used: 37m:13s; eta: 8m:43s; loss = 0.093026; ['mse_0=0.001197; ', 'lpips_0=0.005762; ', 'codec_recon_0=0.007756; ', 'bpp_0=1.146849; ', 'mse_1=0.000990; ', 'lpips_1=0.004756; ', 'codec_recon_1=0.054066; ', 'bpp_1=0.299099; ', 'mse_2=0.000854; ', 'lpips_2=0.004194; ', 'codec_recon_2=0.013449; ', 'bpp_2=0.290108; ']
train step[1621/2000] ; used: 37m:14s; eta: 8m:42s; loss = 0.174807; ['mse_0=0.005332; ', 'lpips_0=0.009268; ', 'codec_recon_0=0.011372; ', 'bpp_0=1.197133; ', 'mse_1=0.004656; ', 'lpips_1=0.007925; ', 'codec_recon_1=0.099009; ', 'bpp_1=0.305673; ', 'mse_2=0.004102; ', 'lpips_2=0.006113; ', 'codec_recon_2=0.027026; ', 'bpp_2=0.295129; ']
train step[1622/2000] ; used: 37m:15s; eta: 8m:40s; loss = 0.110913; ['mse_0=0.002063; ', 'lpips_0=0.006149; ', 'codec_recon_0=0.009692; ', 'bpp_0=1.169760; ', 'mse_1=0.001695; ', 'lpips_1=0.005047; ', 'codec_recon_1=0.066524; ', 'bpp_1=0.302025; ', 'mse_2=0.001391; ', 'lpips_2=0.004197; ', 'codec_recon_2=0.014152; ', 'bpp_2=0.292098; ']
train step[1623/2000] ; used: 37m:16s; eta: 8m:39s; loss = 0.104328; ['mse_0=0.003052; ', 'lpips_0=0.006285; ', 'codec_recon_0=0.008798; ', 'bpp_0=1.157382; ', 'mse_1=0.002674; ', 'lpips_1=0.005320; ', 'codec_recon_1=0.055233; ', 'bpp_1=0.300623; ', 'mse_2=0.002687; ', 'lpips_2=0.004859; ', 'codec_recon_2=0.015419; ', 'bpp_2=0.291550; ']
train step[1624/2000] ; used: 37m:17s; eta: 8m:37s; loss = 0.088863; ['mse_0=0.000913; ', 'lpips_0=0.004783; ', 'codec_recon_0=0.008168; ', 'bpp_0=1.151813; ', 'mse_1=0.000794; ', 'lpips_1=0.003994; ', 'codec_recon_1=0.052761; ', 'bpp_1=0.301165; ', 'mse_2=0.000740; ', 'lpips_2=0.003586; ', 'codec_recon_2=0.013121; ', 'bpp_2=0.291196; ']
train step[1625/2000] ; used: 37m:18s; eta: 8m:36s; loss = 0.095579; ['mse_0=0.001578; ', 'lpips_0=0.005251; ', 'codec_recon_0=0.008265; ', 'bpp_0=1.157002; ', 'mse_1=0.001412; ', 'lpips_1=0.004480; ', 'codec_recon_1=0.054755; ', 'bpp_1=0.301227; ', 'mse_2=0.001352; ', 'lpips_2=0.004065; ', 'codec_recon_2=0.014418; ', 'bpp_2=0.291927; ']
train step[1626/2000] ; used: 37m:19s; eta: 8m:34s; loss = 0.088610; ['mse_0=0.002078; ', 'lpips_0=0.005126; ', 'codec_recon_0=0.007806; ', 'bpp_0=1.145779; ', 'mse_1=0.001846; ', 'lpips_1=0.004312; ', 'codec_recon_1=0.050026; ', 'bpp_1=0.300606; ', 'mse_2=0.001739; ', 'lpips_2=0.003787; ', 'codec_recon_2=0.011887; ', 'bpp_2=0.290937; ']
train step[1627/2000] ; used: 37m:20s; eta: 8m:33s; loss = 0.095526; ['mse_0=0.000649; ', 'lpips_0=0.004091; ', 'codec_recon_0=0.007644; ', 'bpp_0=1.163762; ', 'mse_1=0.000460; ', 'lpips_1=0.002911; ', 'codec_recon_1=0.061512; ', 'bpp_1=0.301471; ', 'mse_2=0.000298; ', 'lpips_2=0.002188; ', 'codec_recon_2=0.015771; ', 'bpp_2=0.291257; ']
train step[1628/2000] ; used: 37m:21s; eta: 8m:31s; loss = 0.144675; ['mse_0=0.002923; ', 'lpips_0=0.010128; ', 'codec_recon_0=0.009946; ', 'bpp_0=1.179801; ', 'mse_1=0.002751; ', 'lpips_1=0.009095; ', 'codec_recon_1=0.078205; ', 'bpp_1=0.304391; ', 'mse_2=0.002700; ', 'lpips_2=0.008230; ', 'codec_recon_2=0.020695; ', 'bpp_2=0.294664; ']
train step[1629/2000] ; used: 37m:22s; eta: 8m:30s; loss = 0.094015; ['mse_0=0.002236; ', 'lpips_0=0.006171; ', 'codec_recon_0=0.008011; ', 'bpp_0=1.154065; ', 'mse_1=0.001895; ', 'lpips_1=0.005141; ', 'codec_recon_1=0.051543; ', 'bpp_1=0.302060; ', 'mse_2=0.001743; ', 'lpips_2=0.004452; ', 'codec_recon_2=0.012821; ', 'bpp_2=0.291239; ']
train step[1630/2000] ; used: 37m:23s; eta: 8m:29s; loss = 0.085486; ['mse_0=0.001724; ', 'lpips_0=0.005351; ', 'codec_recon_0=0.008228; ', 'bpp_0=1.127940; ', 'mse_1=0.001500; ', 'lpips_1=0.004677; ', 'codec_recon_1=0.047848; ', 'bpp_1=0.298513; ', 'mse_2=0.001435; ', 'lpips_2=0.004303; ', 'codec_recon_2=0.010420; ', 'bpp_2=0.289436; ']
train step[1631/2000] ; used: 37m:24s; eta: 8m:27s; loss = 0.151721; ['mse_0=0.002216; ', 'lpips_0=0.007025; ', 'codec_recon_0=0.010398; ', 'bpp_0=1.178259; ', 'mse_1=0.001735; ', 'lpips_1=0.005750; ', 'codec_recon_1=0.096466; ', 'bpp_1=0.303363; ', 'mse_2=0.001152; ', 'lpips_2=0.004171; ', 'codec_recon_2=0.022806; ', 'bpp_2=0.293595; ']
train step[1632/2000] ; used: 37m:25s; eta: 8m:26s; loss = 0.093761; ['mse_0=0.001579; ', 'lpips_0=0.004067; ', 'codec_recon_0=0.008691; ', 'bpp_0=1.164357; ', 'mse_1=0.001334; ', 'lpips_1=0.003317; ', 'codec_recon_1=0.056484; ', 'bpp_1=0.303550; ', 'mse_2=0.001145; ', 'lpips_2=0.002706; ', 'codec_recon_2=0.014436; ', 'bpp_2=0.293807; ']
train step[1633/2000] ; used: 37m:26s; eta: 8m:24s; loss = 0.082765; ['mse_0=0.001152; ', 'lpips_0=0.005063; ', 'codec_recon_0=0.007837; ', 'bpp_0=1.137154; ', 'mse_1=0.000924; ', 'lpips_1=0.004103; ', 'codec_recon_1=0.047373; ', 'bpp_1=0.299552; ', 'mse_2=0.000777; ', 'lpips_2=0.003532; ', 'codec_recon_2=0.012001; ', 'bpp_2=0.290258; ']
train step[1634/2000] ; used: 37m:27s; eta: 8m:23s; loss = 0.143385; ['mse_0=0.005522; ', 'lpips_0=0.009841; ', 'codec_recon_0=0.009808; ', 'bpp_0=1.181793; ', 'mse_1=0.004630; ', 'lpips_1=0.008736; ', 'codec_recon_1=0.074035; ', 'bpp_1=0.304541; ', 'mse_2=0.004327; ', 'lpips_2=0.007897; ', 'codec_recon_2=0.018587; ', 'bpp_2=0.294963; ']
train step[1635/2000] ; used: 37m:28s; eta: 8m:21s; loss = 0.102215; ['mse_0=0.003248; ', 'lpips_0=0.007910; ', 'codec_recon_0=0.008948; ', 'bpp_0=1.141799; ', 'mse_1=0.002901; ', 'lpips_1=0.007003; ', 'codec_recon_1=0.050117; ', 'bpp_1=0.300784; ', 'mse_2=0.002725; ', 'lpips_2=0.006457; ', 'codec_recon_2=0.012904; ', 'bpp_2=0.290840; ']
train step[1636/2000] ; used: 37m:30s; eta: 8m:20s; loss = 0.091936; ['mse_0=0.001232; ', 'lpips_0=0.004177; ', 'codec_recon_0=0.007902; ', 'bpp_0=1.156281; ', 'mse_1=0.000984; ', 'lpips_1=0.002940; ', 'codec_recon_1=0.056323; ', 'bpp_1=0.301117; ', 'mse_2=0.000855; ', 'lpips_2=0.002249; ', 'codec_recon_2=0.015273; ', 'bpp_2=0.291165; ']
train step[1637/2000] ; used: 37m:31s; eta: 8m:18s; loss = 0.075608; ['mse_0=0.000642; ', 'lpips_0=0.003917; ', 'codec_recon_0=0.007367; ', 'bpp_0=1.149932; ', 'mse_1=0.000465; ', 'lpips_1=0.002994; ', 'codec_recon_1=0.045639; ', 'bpp_1=0.300639; ', 'mse_2=0.000343; ', 'lpips_2=0.002516; ', 'codec_recon_2=0.011724; ', 'bpp_2=0.289644; ']
train step[1638/2000] ; used: 37m:32s; eta: 8m:17s; loss = 0.092429; ['mse_0=0.001487; ', 'lpips_0=0.008090; ', 'codec_recon_0=0.008359; ', 'bpp_0=1.143911; ', 'mse_1=0.001299; ', 'lpips_1=0.007270; ', 'codec_recon_1=0.045097; ', 'bpp_1=0.298470; ', 'mse_2=0.001285; ', 'lpips_2=0.006899; ', 'codec_recon_2=0.012642; ', 'bpp_2=0.287295; ']
train step[1639/2000] ; used: 37m:33s; eta: 8m:15s; loss = 0.079270; ['mse_0=0.000469; ', 'lpips_0=0.004563; ', 'codec_recon_0=0.008004; ', 'bpp_0=1.141316; ', 'mse_1=0.000400; ', 'lpips_1=0.003727; ', 'codec_recon_1=0.046289; ', 'bpp_1=0.300143; ', 'mse_2=0.000343; ', 'lpips_2=0.003298; ', 'codec_recon_2=0.012174; ', 'bpp_2=0.290168; ']
train step[1640/2000] ; used: 37m:34s; eta: 8m:14s; loss = 0.142315; ['mse_0=0.004770; ', 'lpips_0=0.009265; ', 'codec_recon_0=0.009809; ', 'bpp_0=1.172211; ', 'mse_1=0.004216; ', 'lpips_1=0.008244; ', 'codec_recon_1=0.075719; ', 'bpp_1=0.303026; ', 'mse_2=0.003913; ', 'lpips_2=0.007161; ', 'codec_recon_2=0.019218; ', 'bpp_2=0.292853; ']
train step[1641/2000] ; used: 37m:35s; eta: 8m:13s; loss = 0.101346; ['mse_0=0.003742; ', 'lpips_0=0.006735; ', 'codec_recon_0=0.008757; ', 'bpp_0=1.157194; ', 'mse_1=0.003345; ', 'lpips_1=0.006050; ', 'codec_recon_1=0.051498; ', 'bpp_1=0.301482; ', 'mse_2=0.003269; ', 'lpips_2=0.005686; ', 'codec_recon_2=0.012262; ', 'bpp_2=0.292000; ']
train step[1642/2000] ; used: 37m:36s; eta: 8m:11s; loss = 0.115134; ['mse_0=0.002251; ', 'lpips_0=0.006403; ', 'codec_recon_0=0.008042; ', 'bpp_0=1.157536; ', 'mse_1=0.001601; ', 'lpips_1=0.004948; ', 'codec_recon_1=0.065171; ', 'bpp_1=0.300711; ', 'mse_2=0.001095; ', 'lpips_2=0.003356; ', 'codec_recon_2=0.022265; ', 'bpp_2=0.289989; ']
train step[1643/2000] ; used: 37m:37s; eta: 8m:10s; loss = 0.080179; ['mse_0=0.000933; ', 'lpips_0=0.005164; ', 'codec_recon_0=0.008162; ', 'bpp_0=1.145617; ', 'mse_1=0.000736; ', 'lpips_1=0.004295; ', 'codec_recon_1=0.045772; ', 'bpp_1=0.300966; ', 'mse_2=0.000655; ', 'lpips_2=0.003912; ', 'codec_recon_2=0.010550; ', 'bpp_2=0.292310; ']
train step[1644/2000] ; used: 37m:38s; eta: 8m:8s; loss = 0.089297; ['mse_0=0.003326; ', 'lpips_0=0.006906; ', 'codec_recon_0=0.007150; ', 'bpp_0=1.146619; ', 'mse_1=0.003114; ', 'lpips_1=0.005988; ', 'codec_recon_1=0.042864; ', 'bpp_1=0.300700; ', 'mse_2=0.003064; ', 'lpips_2=0.005468; ', 'codec_recon_2=0.011416; ', 'bpp_2=0.289580; ']
train step[1645/2000] ; used: 37m:39s; eta: 8m:7s; loss = 0.095958; ['mse_0=0.001097; ', 'lpips_0=0.004776; ', 'codec_recon_0=0.008648; ', 'bpp_0=1.157800; ', 'mse_1=0.000785; ', 'lpips_1=0.003446; ', 'codec_recon_1=0.058318; ', 'bpp_1=0.301332; ', 'mse_2=0.000458; ', 'lpips_2=0.002504; ', 'codec_recon_2=0.015925; ', 'bpp_2=0.290346; ']
train step[1646/2000] ; used: 37m:40s; eta: 8m:5s; loss = 0.095957; ['mse_0=0.002386; ', 'lpips_0=0.004532; ', 'codec_recon_0=0.008375; ', 'bpp_0=1.146476; ', 'mse_1=0.002051; ', 'lpips_1=0.003442; ', 'codec_recon_1=0.057485; ', 'bpp_1=0.300604; ', 'mse_2=0.001746; ', 'lpips_2=0.002638; ', 'codec_recon_2=0.013300; ', 'bpp_2=0.289754; ']
train step[1647/2000] ; used: 37m:41s; eta: 8m:4s; loss = 0.111651; ['mse_0=0.003323; ', 'lpips_0=0.006571; ', 'codec_recon_0=0.008798; ', 'bpp_0=1.155194; ', 'mse_1=0.002537; ', 'lpips_1=0.005537; ', 'codec_recon_1=0.061223; ', 'bpp_1=0.300478; ', 'mse_2=0.001668; ', 'lpips_2=0.003659; ', 'codec_recon_2=0.018336; ', 'bpp_2=0.290565; ']
train step[1648/2000] ; used: 37m:42s; eta: 8m:2s; loss = 0.079030; ['mse_0=0.000756; ', 'lpips_0=0.004419; ', 'codec_recon_0=0.007920; ', 'bpp_0=1.142356; ', 'mse_1=0.000625; ', 'lpips_1=0.003683; ', 'codec_recon_1=0.046204; ', 'bpp_1=0.299706; ', 'mse_2=0.000521; ', 'lpips_2=0.003251; ', 'codec_recon_2=0.011649; ', 'bpp_2=0.289797; ']
train step[1649/2000] ; used: 37m:43s; eta: 8m:1s; loss = 0.079902; ['mse_0=0.001729; ', 'lpips_0=0.004861; ', 'codec_recon_0=0.007850; ', 'bpp_0=1.138425; ', 'mse_1=0.001360; ', 'lpips_1=0.003872; ', 'codec_recon_1=0.044787; ', 'bpp_1=0.299628; ', 'mse_2=0.001219; ', 'lpips_2=0.003428; ', 'codec_recon_2=0.010794; ', 'bpp_2=0.288352; ']
train step[1650/2000] ; used: 37m:44s; eta: 8m; loss = 0.095613; ['mse_0=0.001069; ', 'lpips_0=0.005376; ', 'codec_recon_0=0.008975; ', 'bpp_0=1.163666; ', 'mse_1=0.000895; ', 'lpips_1=0.004395; ', 'codec_recon_1=0.056885; ', 'bpp_1=0.301926; ', 'mse_2=0.000841; ', 'lpips_2=0.003980; ', 'codec_recon_2=0.013195; ', 'bpp_2=0.293921; ']
train step[1651/2000] ; used: 37m:45s; eta: 7m:58s; loss = 0.113112; ['mse_0=0.002004; ', 'lpips_0=0.005603; ', 'codec_recon_0=0.008753; ', 'bpp_0=1.164501; ', 'mse_1=0.001489; ', 'lpips_1=0.004355; ', 'codec_recon_1=0.068367; ', 'bpp_1=0.303562; ', 'mse_2=0.001311; ', 'lpips_2=0.003643; ', 'codec_recon_2=0.017587; ', 'bpp_2=0.292994; ']
train step[1652/2000] ; used: 37m:46s; eta: 7m:57s; loss = 0.129571; ['mse_0=0.003435; ', 'lpips_0=0.007317; ', 'codec_recon_0=0.010077; ', 'bpp_0=1.168398; ', 'mse_1=0.003016; ', 'lpips_1=0.006425; ', 'codec_recon_1=0.072057; ', 'bpp_1=0.303295; ', 'mse_2=0.002580; ', 'lpips_2=0.005030; ', 'codec_recon_2=0.019633; ', 'bpp_2=0.293521; ']
train step[1653/2000] ; used: 37m:47s; eta: 7m:55s; loss = 0.086256; ['mse_0=0.002911; ', 'lpips_0=0.005782; ', 'codec_recon_0=0.008185; ', 'bpp_0=1.142858; ', 'mse_1=0.002698; ', 'lpips_1=0.004862; ', 'codec_recon_1=0.044657; ', 'bpp_1=0.300017; ', 'mse_2=0.002649; ', 'lpips_2=0.004402; ', 'codec_recon_2=0.010108; ', 'bpp_2=0.289933; ']
train step[1654/2000] ; used: 37m:48s; eta: 7m:54s; loss = 0.109972; ['mse_0=0.001771; ', 'lpips_0=0.005510; ', 'codec_recon_0=0.008150; ', 'bpp_0=1.158598; ', 'mse_1=0.001391; ', 'lpips_1=0.004446; ', 'codec_recon_1=0.068226; ', 'bpp_1=0.302388; ', 'mse_2=0.001025; ', 'lpips_2=0.003172; ', 'codec_recon_2=0.016279; ', 'bpp_2=0.292866; ']
train step[1655/2000] ; used: 37m:49s; eta: 7m:52s; loss = 0.090026; ['mse_0=0.001003; ', 'lpips_0=0.005293; ', 'codec_recon_0=0.007732; ', 'bpp_0=1.153336; ', 'mse_1=0.000806; ', 'lpips_1=0.004241; ', 'codec_recon_1=0.053598; ', 'bpp_1=0.300390; ', 'mse_2=0.000709; ', 'lpips_2=0.003541; ', 'codec_recon_2=0.013101; ', 'bpp_2=0.291438; ']
train step[1656/2000] ; used: 37m:50s; eta: 7m:51s; loss = 0.076571; ['mse_0=0.001027; ', 'lpips_0=0.004134; ', 'codec_recon_0=0.007122; ', 'bpp_0=1.142573; ', 'mse_1=0.000863; ', 'lpips_1=0.003526; ', 'codec_recon_1=0.045413; ', 'bpp_1=0.300767; ', 'mse_2=0.000833; ', 'lpips_2=0.003224; ', 'codec_recon_2=0.010429; ', 'bpp_2=0.291193; ']
train step[1657/2000] ; used: 37m:51s; eta: 7m:49s; loss = 0.137323; ['mse_0=0.005781; ', 'lpips_0=0.010042; ', 'codec_recon_0=0.009327; ', 'bpp_0=1.166453; ', 'mse_1=0.005245; ', 'lpips_1=0.008999; ', 'codec_recon_1=0.066419; ', 'bpp_1=0.302938; ', 'mse_2=0.004863; ', 'lpips_2=0.007865; ', 'codec_recon_2=0.018779; ', 'bpp_2=0.293253; ']
train step[1658/2000] ; used: 37m:52s; eta: 7m:48s; loss = 0.087577; ['mse_0=0.001195; ', 'lpips_0=0.004986; ', 'codec_recon_0=0.007733; ', 'bpp_0=1.160492; ', 'mse_1=0.000964; ', 'lpips_1=0.004129; ', 'codec_recon_1=0.052289; ', 'bpp_1=0.299717; ', 'mse_2=0.000775; ', 'lpips_2=0.003523; ', 'codec_recon_2=0.011981; ', 'bpp_2=0.289584; ']
train step[1659/2000] ; used: 37m:53s; eta: 7m:47s; loss = 0.085978; ['mse_0=0.001477; ', 'lpips_0=0.007542; ', 'codec_recon_0=0.007280; ', 'bpp_0=1.131938; ', 'mse_1=0.001176; ', 'lpips_1=0.006504; ', 'codec_recon_1=0.044958; ', 'bpp_1=0.299130; ', 'mse_2=0.000964; ', 'lpips_2=0.005764; ', 'codec_recon_2=0.010312; ', 'bpp_2=0.288723; ']
train step[1660/2000] ; used: 37m:54s; eta: 7m:45s; loss = 0.130911; ['mse_0=0.003071; ', 'lpips_0=0.007104; ', 'codec_recon_0=0.008857; ', 'bpp_0=1.155265; ', 'mse_1=0.002627; ', 'lpips_1=0.005835; ', 'codec_recon_1=0.078740; ', 'bpp_1=0.301354; ', 'mse_2=0.002278; ', 'lpips_2=0.004782; ', 'codec_recon_2=0.017615; ', 'bpp_2=0.292566; ']
train step[1661/2000] ; used: 37m:55s; eta: 7m:44s; loss = 0.125959; ['mse_0=0.002467; ', 'lpips_0=0.005889; ', 'codec_recon_0=0.008839; ', 'bpp_0=1.181651; ', 'mse_1=0.002054; ', 'lpips_1=0.004685; ', 'codec_recon_1=0.078351; ', 'bpp_1=0.303475; ', 'mse_2=0.001578; ', 'lpips_2=0.003649; ', 'codec_recon_2=0.018446; ', 'bpp_2=0.294855; ']
train step[1662/2000] ; used: 37m:56s; eta: 7m:42s; loss = 0.113909; ['mse_0=0.001568; ', 'lpips_0=0.007421; ', 'codec_recon_0=0.009254; ', 'bpp_0=1.164457; ', 'mse_1=0.001288; ', 'lpips_1=0.006223; ', 'codec_recon_1=0.063933; ', 'bpp_1=0.301746; ', 'mse_2=0.001157; ', 'lpips_2=0.005435; ', 'codec_recon_2=0.017630; ', 'bpp_2=0.292775; ']
train step[1663/2000] ; used: 37m:57s; eta: 7m:41s; loss = 0.079019; ['mse_0=0.000912; ', 'lpips_0=0.004558; ', 'codec_recon_0=0.007181; ', 'bpp_0=1.142072; ', 'mse_1=0.000730; ', 'lpips_1=0.003734; ', 'codec_recon_1=0.046493; ', 'bpp_1=0.300543; ', 'mse_2=0.000600; ', 'lpips_2=0.003239; ', 'codec_recon_2=0.011572; ', 'bpp_2=0.290484; ']
train step[1664/2000] ; used: 37m:58s; eta: 7m:39s; loss = 0.098345; ['mse_0=0.002040; ', 'lpips_0=0.005589; ', 'codec_recon_0=0.007677; ', 'bpp_0=1.144594; ', 'mse_1=0.001615; ', 'lpips_1=0.004442; ', 'codec_recon_1=0.056946; ', 'bpp_1=0.302295; ', 'mse_2=0.001435; ', 'lpips_2=0.003438; ', 'codec_recon_2=0.015161; ', 'bpp_2=0.291573; ']
train step[1665/2000] ; used: 37m:59s; eta: 7m:38s; loss = 0.088651; ['mse_0=0.001051; ', 'lpips_0=0.005776; ', 'codec_recon_0=0.008915; ', 'bpp_0=1.153983; ', 'mse_1=0.000967; ', 'lpips_1=0.004691; ', 'codec_recon_1=0.049707; ', 'bpp_1=0.300147; ', 'mse_2=0.000966; ', 'lpips_2=0.004420; ', 'codec_recon_2=0.012157; ', 'bpp_2=0.289373; ']
train step[1666/2000] ; used: 38m; eta: 7m:37s; loss = 0.086809; ['mse_0=0.000967; ', 'lpips_0=0.006044; ', 'codec_recon_0=0.007642; ', 'bpp_0=1.147705; ', 'mse_1=0.000795; ', 'lpips_1=0.005102; ', 'codec_recon_1=0.049486; ', 'bpp_1=0.301168; ', 'mse_2=0.000668; ', 'lpips_2=0.004521; ', 'codec_recon_2=0.011582; ', 'bpp_2=0.290855; ']
train step[1667/2000] ; used: 38m:1s; eta: 7m:35s; loss = 0.099261; ['mse_0=0.001242; ', 'lpips_0=0.004926; ', 'codec_recon_0=0.008352; ', 'bpp_0=1.153807; ', 'mse_1=0.000977; ', 'lpips_1=0.003898; ', 'codec_recon_1=0.060664; ', 'bpp_1=0.302934; ', 'mse_2=0.000864; ', 'lpips_2=0.003175; ', 'codec_recon_2=0.015161; ', 'bpp_2=0.291590; ']
train step[1668/2000] ; used: 38m:3s; eta: 7m:34s; loss = 0.123121; ['mse_0=0.003060; ', 'lpips_0=0.006408; ', 'codec_recon_0=0.009319; ', 'bpp_0=1.156564; ', 'mse_1=0.002632; ', 'lpips_1=0.005318; ', 'codec_recon_1=0.070472; ', 'bpp_1=0.302444; ', 'mse_2=0.002171; ', 'lpips_2=0.004244; ', 'codec_recon_2=0.019494; ', 'bpp_2=0.292275; ']
train step[1669/2000] ; used: 38m:4s; eta: 7m:32s; loss = 0.074589; ['mse_0=0.001123; ', 'lpips_0=0.004971; ', 'codec_recon_0=0.007449; ', 'bpp_0=1.139868; ', 'mse_1=0.000898; ', 'lpips_1=0.004231; ', 'codec_recon_1=0.042147; ', 'bpp_1=0.300316; ', 'mse_2=0.000698; ', 'lpips_2=0.003729; ', 'codec_recon_2=0.009341; ', 'bpp_2=0.290981; ']
train step[1670/2000] ; used: 38m:5s; eta: 7m:31s; loss = 0.098988; ['mse_0=0.001518; ', 'lpips_0=0.004555; ', 'codec_recon_0=0.008081; ', 'bpp_0=1.169742; ', 'mse_1=0.001134; ', 'lpips_1=0.003500; ', 'codec_recon_1=0.062048; ', 'bpp_1=0.301815; ', 'mse_2=0.001033; ', 'lpips_2=0.002711; ', 'codec_recon_2=0.014406; ', 'bpp_2=0.295012; ']
train step[1671/2000] ; used: 38m:6s; eta: 7m:29s; loss = 0.094416; ['mse_0=0.001557; ', 'lpips_0=0.005473; ', 'codec_recon_0=0.008710; ', 'bpp_0=1.139034; ', 'mse_1=0.001360; ', 'lpips_1=0.004651; ', 'codec_recon_1=0.054566; ', 'bpp_1=0.299742; ', 'mse_2=0.001138; ', 'lpips_2=0.004035; ', 'codec_recon_2=0.012925; ', 'bpp_2=0.291552; ']
train step[1672/2000] ; used: 38m:7s; eta: 7m:28s; loss = 0.120967; ['mse_0=0.002837; ', 'lpips_0=0.007110; ', 'codec_recon_0=0.008452; ', 'bpp_0=1.164691; ', 'mse_1=0.002509; ', 'lpips_1=0.006249; ', 'codec_recon_1=0.068030; ', 'bpp_1=0.301987; ', 'mse_2=0.002365; ', 'lpips_2=0.005588; ', 'codec_recon_2=0.017825; ', 'bpp_2=0.294058; ']
train step[1673/2000] ; used: 38m:8s; eta: 7m:26s; loss = 0.091771; ['mse_0=0.001652; ', 'lpips_0=0.005114; ', 'codec_recon_0=0.008103; ', 'bpp_0=1.143144; ', 'mse_1=0.001404; ', 'lpips_1=0.004233; ', 'codec_recon_1=0.054254; ', 'bpp_1=0.300429; ', 'mse_2=0.001211; ', 'lpips_2=0.003736; ', 'codec_recon_2=0.012062; ', 'bpp_2=0.291689; ']
train step[1674/2000] ; used: 38m:9s; eta: 7m:25s; loss = 0.086752; ['mse_0=0.001565; ', 'lpips_0=0.005611; ', 'codec_recon_0=0.007240; ', 'bpp_0=1.147428; ', 'mse_1=0.001303; ', 'lpips_1=0.004901; ', 'codec_recon_1=0.046338; ', 'bpp_1=0.300511; ', 'mse_2=0.001162; ', 'lpips_2=0.004212; ', 'codec_recon_2=0.014419; ', 'bpp_2=0.290501; ']
train step[1675/2000] ; used: 38m:10s; eta: 7m:24s; loss = 0.160635; ['mse_0=0.005493; ', 'lpips_0=0.008711; ', 'codec_recon_0=0.009836; ', 'bpp_0=1.191319; ', 'mse_1=0.004881; ', 'lpips_1=0.007711; ', 'codec_recon_1=0.089483; ', 'bpp_1=0.304793; ', 'mse_2=0.004630; ', 'lpips_2=0.006569; ', 'codec_recon_2=0.023318; ', 'bpp_2=0.295137; ']
train step[1676/2000] ; used: 38m:11s; eta: 7m:22s; loss = 0.090264; ['mse_0=0.001447; ', 'lpips_0=0.006712; ', 'codec_recon_0=0.007579; ', 'bpp_0=1.150482; ', 'mse_1=0.001172; ', 'lpips_1=0.005830; ', 'codec_recon_1=0.047086; ', 'bpp_1=0.300580; ', 'mse_2=0.000938; ', 'lpips_2=0.005039; ', 'codec_recon_2=0.014461; ', 'bpp_2=0.290501; ']
train step[1677/2000] ; used: 38m:12s; eta: 7m:21s; loss = 0.090533; ['mse_0=0.001042; ', 'lpips_0=0.004459; ', 'codec_recon_0=0.008376; ', 'bpp_0=1.158374; ', 'mse_1=0.000789; ', 'lpips_1=0.003545; ', 'codec_recon_1=0.056180; ', 'bpp_1=0.300845; ', 'mse_2=0.000732; ', 'lpips_2=0.003132; ', 'codec_recon_2=0.012278; ', 'bpp_2=0.291653; ']
train step[1678/2000] ; used: 38m:13s; eta: 7m:19s; loss = 0.080539; ['mse_0=0.001003; ', 'lpips_0=0.004309; ', 'codec_recon_0=0.007254; ', 'bpp_0=1.142295; ', 'mse_1=0.000798; ', 'lpips_1=0.003497; ', 'codec_recon_1=0.047444; ', 'bpp_1=0.299963; ', 'mse_2=0.000672; ', 'lpips_2=0.002939; ', 'codec_recon_2=0.012622; ', 'bpp_2=0.289118; ']
train step[1679/2000] ; used: 38m:14s; eta: 7m:18s; loss = 0.185453; ['mse_0=0.011792; ', 'lpips_0=0.013723; ', 'codec_recon_0=0.009742; ', 'bpp_0=1.181342; ', 'mse_1=0.011357; ', 'lpips_1=0.012833; ', 'codec_recon_1=0.079532; ', 'bpp_1=0.304642; ', 'mse_2=0.011219; ', 'lpips_2=0.011973; ', 'codec_recon_2=0.023280; ', 'bpp_2=0.295431; ']
train step[1680/2000] ; used: 38m:15s; eta: 7m:16s; loss = 0.104987; ['mse_0=0.001655; ', 'lpips_0=0.007101; ', 'codec_recon_0=0.008164; ', 'bpp_0=1.149411; ', 'mse_1=0.001503; ', 'lpips_1=0.005837; ', 'codec_recon_1=0.058707; ', 'bpp_1=0.301369; ', 'mse_2=0.001317; ', 'lpips_2=0.004719; ', 'codec_recon_2=0.015981; ', 'bpp_2=0.290363; ']
train step[1681/2000] ; used: 38m:16s; eta: 7m:15s; loss = 0.097843; ['mse_0=0.002275; ', 'lpips_0=0.005527; ', 'codec_recon_0=0.007937; ', 'bpp_0=1.147177; ', 'mse_1=0.001860; ', 'lpips_1=0.004566; ', 'codec_recon_1=0.054276; ', 'bpp_1=0.300243; ', 'mse_2=0.001504; ', 'lpips_2=0.003821; ', 'codec_recon_2=0.016076; ', 'bpp_2=0.292641; ']
train step[1682/2000] ; used: 38m:17s; eta: 7m:14s; loss = 0.086057; ['mse_0=0.001553; ', 'lpips_0=0.004620; ', 'codec_recon_0=0.007760; ', 'bpp_0=1.141790; ', 'mse_1=0.001248; ', 'lpips_1=0.003533; ', 'codec_recon_1=0.051314; ', 'bpp_1=0.300977; ', 'mse_2=0.001102; ', 'lpips_2=0.002980; ', 'codec_recon_2=0.011946; ', 'bpp_2=0.291155; ']
train step[1683/2000] ; used: 38m:18s; eta: 7m:12s; loss = 0.106660; ['mse_0=0.001608; ', 'lpips_0=0.005440; ', 'codec_recon_0=0.008425; ', 'bpp_0=1.152219; ', 'mse_1=0.001209; ', 'lpips_1=0.003909; ', 'codec_recon_1=0.066424; ', 'bpp_1=0.301687; ', 'mse_2=0.001000; ', 'lpips_2=0.003199; ', 'codec_recon_2=0.015445; ', 'bpp_2=0.291920; ']
train step[1684/2000] ; used: 38m:19s; eta: 7m:11s; loss = 0.087230; ['mse_0=0.002596; ', 'lpips_0=0.006317; ', 'codec_recon_0=0.007157; ', 'bpp_0=1.144234; ', 'mse_1=0.002335; ', 'lpips_1=0.005261; ', 'codec_recon_1=0.045120; ', 'bpp_1=0.299359; ', 'mse_2=0.002139; ', 'lpips_2=0.004400; ', 'codec_recon_2=0.011902; ', 'bpp_2=0.289016; ']
train step[1685/2000] ; used: 38m:21s; eta: 7m:9s; loss = 0.081972; ['mse_0=0.001902; ', 'lpips_0=0.006309; ', 'codec_recon_0=0.006818; ', 'bpp_0=1.141380; ', 'mse_1=0.001702; ', 'lpips_1=0.005482; ', 'codec_recon_1=0.041695; ', 'bpp_1=0.299943; ', 'mse_2=0.001639; ', 'lpips_2=0.004951; ', 'codec_recon_2=0.011473; ', 'bpp_2=0.289983; ']
train step[1686/2000] ; used: 38m:22s; eta: 7m:8s; loss = 0.098062; ['mse_0=0.001463; ', 'lpips_0=0.006045; ', 'codec_recon_0=0.008046; ', 'bpp_0=1.158389; ', 'mse_1=0.001249; ', 'lpips_1=0.004994; ', 'codec_recon_1=0.054475; ', 'bpp_1=0.300213; ', 'mse_2=0.001126; ', 'lpips_2=0.004402; ', 'codec_recon_2=0.016262; ', 'bpp_2=0.291445; ']
train step[1687/2000] ; used: 38m:23s; eta: 7m:7s; loss = 0.090009; ['mse_0=0.003367; ', 'lpips_0=0.004716; ', 'codec_recon_0=0.008002; ', 'bpp_0=1.154064; ', 'mse_1=0.003157; ', 'lpips_1=0.003638; ', 'codec_recon_1=0.048852; ', 'bpp_1=0.302482; ', 'mse_2=0.003082; ', 'lpips_2=0.003120; ', 'codec_recon_2=0.012074; ', 'bpp_2=0.292932; ']
train step[1688/2000] ; used: 38m:24s; eta: 7m:5s; loss = 0.068907; ['mse_0=0.000904; ', 'lpips_0=0.005344; ', 'codec_recon_0=0.007176; ', 'bpp_0=1.114530; ', 'mse_1=0.000750; ', 'lpips_1=0.004555; ', 'codec_recon_1=0.036379; ', 'bpp_1=0.297782; ', 'mse_2=0.000731; ', 'lpips_2=0.004230; ', 'codec_recon_2=0.008835; ', 'bpp_2=0.286378; ']
train step[1689/2000] ; used: 38m:25s; eta: 7m:4s; loss = 0.098434; ['mse_0=0.001492; ', 'lpips_0=0.005536; ', 'codec_recon_0=0.008280; ', 'bpp_0=1.141554; ', 'mse_1=0.001192; ', 'lpips_1=0.004394; ', 'codec_recon_1=0.055814; ', 'bpp_1=0.300207; ', 'mse_2=0.001083; ', 'lpips_2=0.003791; ', 'codec_recon_2=0.016849; ', 'bpp_2=0.289105; ']
train step[1690/2000] ; used: 38m:26s; eta: 7m:2s; loss = 0.084023; ['mse_0=0.001193; ', 'lpips_0=0.005383; ', 'codec_recon_0=0.007492; ', 'bpp_0=1.144764; ', 'mse_1=0.000880; ', 'lpips_1=0.004214; ', 'codec_recon_1=0.047776; ', 'bpp_1=0.300039; ', 'mse_2=0.000682; ', 'lpips_2=0.003387; ', 'codec_recon_2=0.013013; ', 'bpp_2=0.290165; ']
train step[1691/2000] ; used: 38m:27s; eta: 7m:1s; loss = 0.134255; ['mse_0=0.003075; ', 'lpips_0=0.009202; ', 'codec_recon_0=0.009646; ', 'bpp_0=1.167767; ', 'mse_1=0.002481; ', 'lpips_1=0.008254; ', 'codec_recon_1=0.071882; ', 'bpp_1=0.301498; ', 'mse_2=0.001901; ', 'lpips_2=0.007202; ', 'codec_recon_2=0.020611; ', 'bpp_2=0.291021; ']
train step[1692/2000] ; used: 38m:28s; eta: 6m:59s; loss = 0.108981; ['mse_0=0.002083; ', 'lpips_0=0.005098; ', 'codec_recon_0=0.009102; ', 'bpp_0=1.154341; ', 'mse_1=0.001838; ', 'lpips_1=0.004273; ', 'codec_recon_1=0.064871; ', 'bpp_1=0.302066; ', 'mse_2=0.001731; ', 'lpips_2=0.003709; ', 'codec_recon_2=0.016273; ', 'bpp_2=0.292800; ']
train step[1693/2000] ; used: 38m:29s; eta: 6m:58s; loss = 0.143642; ['mse_0=0.001537; ', 'lpips_0=0.007001; ', 'codec_recon_0=0.010368; ', 'bpp_0=1.178296; ', 'mse_1=0.001172; ', 'lpips_1=0.005509; ', 'codec_recon_1=0.088608; ', 'bpp_1=0.302540; ', 'mse_2=0.000931; ', 'lpips_2=0.004041; ', 'codec_recon_2=0.024473; ', 'bpp_2=0.292096; ']
train step[1694/2000] ; used: 38m:30s; eta: 6m:57s; loss = 0.082207; ['mse_0=0.001012; ', 'lpips_0=0.005683; ', 'codec_recon_0=0.007217; ', 'bpp_0=1.126146; ', 'mse_1=0.000839; ', 'lpips_1=0.004959; ', 'codec_recon_1=0.046890; ', 'bpp_1=0.298854; ', 'mse_2=0.000786; ', 'lpips_2=0.004523; ', 'codec_recon_2=0.010298; ', 'bpp_2=0.288581; ']
train step[1695/2000] ; used: 38m:31s; eta: 6m:55s; loss = 0.112942; ['mse_0=0.003304; ', 'lpips_0=0.006032; ', 'codec_recon_0=0.008422; ', 'bpp_0=1.171951; ', 'mse_1=0.002937; ', 'lpips_1=0.005202; ', 'codec_recon_1=0.064049; ', 'bpp_1=0.300990; ', 'mse_2=0.002677; ', 'lpips_2=0.004327; ', 'codec_recon_2=0.015990; ', 'bpp_2=0.292082; ']
train step[1696/2000] ; used: 38m:32s; eta: 6m:54s; loss = 0.090534; ['mse_0=0.001426; ', 'lpips_0=0.005901; ', 'codec_recon_0=0.008268; ', 'bpp_0=1.151190; ', 'mse_1=0.001200; ', 'lpips_1=0.004999; ', 'codec_recon_1=0.050063; ', 'bpp_1=0.299436; ', 'mse_2=0.001008; ', 'lpips_2=0.004233; ', 'codec_recon_2=0.013434; ', 'bpp_2=0.288795; ']
train step[1697/2000] ; used: 38m:33s; eta: 6m:52s; loss = 0.089467; ['mse_0=0.002174; ', 'lpips_0=0.006916; ', 'codec_recon_0=0.007905; ', 'bpp_0=1.154222; ', 'mse_1=0.002074; ', 'lpips_1=0.006208; ', 'codec_recon_1=0.044636; ', 'bpp_1=0.300447; ', 'mse_2=0.002043; ', 'lpips_2=0.005812; ', 'codec_recon_2=0.011698; ', 'bpp_2=0.290444; ']
train step[1698/2000] ; used: 38m:34s; eta: 6m:51s; loss = 0.091315; ['mse_0=0.001699; ', 'lpips_0=0.005436; ', 'codec_recon_0=0.007535; ', 'bpp_0=1.156658; ', 'mse_1=0.001352; ', 'lpips_1=0.004395; ', 'codec_recon_1=0.052056; ', 'bpp_1=0.300186; ', 'mse_2=0.000970; ', 'lpips_2=0.003385; ', 'codec_recon_2=0.014485; ', 'bpp_2=0.290963; ']
train step[1699/2000] ; used: 38m:35s; eta: 6m:50s; loss = 0.141253; ['mse_0=0.010241; ', 'lpips_0=0.007251; ', 'codec_recon_0=0.009422; ', 'bpp_0=1.157425; ', 'mse_1=0.009833; ', 'lpips_1=0.006423; ', 'codec_recon_1=0.066174; ', 'bpp_1=0.301457; ', 'mse_2=0.009776; ', 'lpips_2=0.005809; ', 'codec_recon_2=0.016321; ', 'bpp_2=0.292988; ']
train step[1700/2000] ; used: 38m:36s; eta: 6m:48s; loss = 0.126285; ['mse_0=0.002563; ', 'lpips_0=0.006259; ', 'codec_recon_0=0.008627; ', 'bpp_0=1.173025; ', 'mse_1=0.001914; ', 'lpips_1=0.005205; ', 'codec_recon_1=0.077695; ', 'bpp_1=0.303543; ', 'mse_2=0.001479; ', 'lpips_2=0.004261; ', 'codec_recon_2=0.018280; ', 'bpp_2=0.293353; ']
train step[1701/2000] ; used: 38m:37s; eta: 6m:47s; loss = 0.114711; ['mse_0=0.003776; ', 'lpips_0=0.008133; ', 'codec_recon_0=0.009107; ', 'bpp_0=1.165460; ', 'mse_1=0.003347; ', 'lpips_1=0.007159; ', 'codec_recon_1=0.058130; ', 'bpp_1=0.301870; ', 'mse_2=0.002941; ', 'lpips_2=0.006189; ', 'codec_recon_2=0.015926; ', 'bpp_2=0.290542; ']
train step[1702/2000] ; used: 38m:38s; eta: 6m:45s; loss = 0.114092; ['mse_0=0.001159; ', 'lpips_0=0.005938; ', 'codec_recon_0=0.008376; ', 'bpp_0=1.156484; ', 'mse_1=0.000883; ', 'lpips_1=0.004527; ', 'codec_recon_1=0.069088; ', 'bpp_1=0.300670; ', 'mse_2=0.000703; ', 'lpips_2=0.003569; ', 'codec_recon_2=0.019846; ', 'bpp_2=0.289704; ']
train step[1703/2000] ; used: 38m:39s; eta: 6m:44s; loss = 0.127551; ['mse_0=0.003077; ', 'lpips_0=0.007494; ', 'codec_recon_0=0.009668; ', 'bpp_0=1.159990; ', 'mse_1=0.002622; ', 'lpips_1=0.006435; ', 'codec_recon_1=0.070513; ', 'bpp_1=0.301816; ', 'mse_2=0.002252; ', 'lpips_2=0.005232; ', 'codec_recon_2=0.020256; ', 'bpp_2=0.292343; ']
train step[1704/2000] ; used: 38m:40s; eta: 6m:42s; loss = 0.063182; ['mse_0=0.000648; ', 'lpips_0=0.005016; ', 'codec_recon_0=0.007345; ', 'bpp_0=1.120188; ', 'mse_1=0.000529; ', 'lpips_1=0.004038; ', 'codec_recon_1=0.033648; ', 'bpp_1=0.297731; ', 'mse_2=0.000475; ', 'lpips_2=0.003682; ', 'codec_recon_2=0.007798; ', 'bpp_2=0.287072; ']
train step[1705/2000] ; used: 38m:41s; eta: 6m:41s; loss = 0.095890; ['mse_0=0.001805; ', 'lpips_0=0.007240; ', 'codec_recon_0=0.009088; ', 'bpp_0=1.130703; ', 'mse_1=0.001497; ', 'lpips_1=0.006326; ', 'codec_recon_1=0.050415; ', 'bpp_1=0.298012; ', 'mse_2=0.001408; ', 'lpips_2=0.005812; ', 'codec_recon_2=0.012296; ', 'bpp_2=0.288664; ']
train step[1706/2000] ; used: 38m:42s; eta: 6m:40s; loss = 0.077349; ['mse_0=0.000497; ', 'lpips_0=0.004572; ', 'codec_recon_0=0.007229; ', 'bpp_0=1.134903; ', 'mse_1=0.000398; ', 'lpips_1=0.003798; ', 'codec_recon_1=0.045139; ', 'bpp_1=0.299577; ', 'mse_2=0.000344; ', 'lpips_2=0.003395; ', 'codec_recon_2=0.011976; ', 'bpp_2=0.290175; ']
train step[1707/2000] ; used: 38m:43s; eta: 6m:38s; loss = 0.096498; ['mse_0=0.000314; ', 'lpips_0=0.005632; ', 'codec_recon_0=0.008021; ', 'bpp_0=1.155227; ', 'mse_1=0.000231; ', 'lpips_1=0.004284; ', 'codec_recon_1=0.058646; ', 'bpp_1=0.300193; ', 'mse_2=0.000199; ', 'lpips_2=0.003812; ', 'codec_recon_2=0.015357; ', 'bpp_2=0.289941; ']
train step[1708/2000] ; used: 38m:45s; eta: 6m:37s; loss = 0.076483; ['mse_0=0.001623; ', 'lpips_0=0.004833; ', 'codec_recon_0=0.008253; ', 'bpp_0=1.137143; ', 'mse_1=0.001423; ', 'lpips_1=0.004068; ', 'codec_recon_1=0.041295; ', 'bpp_1=0.300762; ', 'mse_2=0.001394; ', 'lpips_2=0.003645; ', 'codec_recon_2=0.009947; ', 'bpp_2=0.290201; ']
train step[1709/2000] ; used: 38m:46s; eta: 6m:35s; loss = 0.114611; ['mse_0=0.001769; ', 'lpips_0=0.006779; ', 'codec_recon_0=0.008502; ', 'bpp_0=1.167292; ', 'mse_1=0.001558; ', 'lpips_1=0.005827; ', 'codec_recon_1=0.066761; ', 'bpp_1=0.301622; ', 'mse_2=0.001384; ', 'lpips_2=0.004866; ', 'codec_recon_2=0.017163; ', 'bpp_2=0.292381; ']
train step[1710/2000] ; used: 38m:47s; eta: 6m:34s; loss = 0.156194; ['mse_0=0.005901; ', 'lpips_0=0.009047; ', 'codec_recon_0=0.009228; ', 'bpp_0=1.174613; ', 'mse_1=0.005388; ', 'lpips_1=0.007438; ', 'codec_recon_1=0.086271; ', 'bpp_1=0.303706; ', 'mse_2=0.004946; ', 'lpips_2=0.005926; ', 'codec_recon_2=0.022046; ', 'bpp_2=0.295045; ']
train step[1711/2000] ; used: 38m:48s; eta: 6m:33s; loss = 0.080036; ['mse_0=0.001647; ', 'lpips_0=0.005041; ', 'codec_recon_0=0.007745; ', 'bpp_0=1.139580; ', 'mse_1=0.001367; ', 'lpips_1=0.003881; ', 'codec_recon_1=0.044530; ', 'bpp_1=0.298592; ', 'mse_2=0.001245; ', 'lpips_2=0.003305; ', 'codec_recon_2=0.011275; ', 'bpp_2=0.289752; ']
train step[1712/2000] ; used: 38m:49s; eta: 6m:31s; loss = 0.083556; ['mse_0=0.001204; ', 'lpips_0=0.004881; ', 'codec_recon_0=0.007769; ', 'bpp_0=1.137788; ', 'mse_1=0.000673; ', 'lpips_1=0.003373; ', 'codec_recon_1=0.049951; ', 'bpp_1=0.299800; ', 'mse_2=0.000531; ', 'lpips_2=0.002620; ', 'codec_recon_2=0.012554; ', 'bpp_2=0.289331; ']
train step[1713/2000] ; used: 38m:50s; eta: 6m:30s; loss = 0.152802; ['mse_0=0.004706; ', 'lpips_0=0.008652; ', 'codec_recon_0=0.009283; ', 'bpp_0=1.177204; ', 'mse_1=0.003920; ', 'lpips_1=0.007166; ', 'codec_recon_1=0.086445; ', 'bpp_1=0.303975; ', 'mse_2=0.003410; ', 'lpips_2=0.005637; ', 'codec_recon_2=0.023581; ', 'bpp_2=0.294293; ']
train step[1714/2000] ; used: 38m:51s; eta: 6m:28s; loss = 0.090345; ['mse_0=0.000829; ', 'lpips_0=0.005790; ', 'codec_recon_0=0.007985; ', 'bpp_0=1.142475; ', 'mse_1=0.000615; ', 'lpips_1=0.004510; ', 'codec_recon_1=0.051805; ', 'bpp_1=0.299472; ', 'mse_2=0.000418; ', 'lpips_2=0.003175; ', 'codec_recon_2=0.015216; ', 'bpp_2=0.288733; ']
train step[1715/2000] ; used: 38m:52s; eta: 6m:27s; loss = 0.075178; ['mse_0=0.000651; ', 'lpips_0=0.004462; ', 'codec_recon_0=0.007624; ', 'bpp_0=1.137318; ', 'mse_1=0.000475; ', 'lpips_1=0.003258; ', 'codec_recon_1=0.043945; ', 'bpp_1=0.301141; ', 'mse_2=0.000361; ', 'lpips_2=0.002482; ', 'codec_recon_2=0.011917; ', 'bpp_2=0.290628; ']
train step[1716/2000] ; used: 38m:53s; eta: 6m:25s; loss = 0.123521; ['mse_0=0.002588; ', 'lpips_0=0.006431; ', 'codec_recon_0=0.009369; ', 'bpp_0=1.177558; ', 'mse_1=0.002139; ', 'lpips_1=0.005278; ', 'codec_recon_1=0.074379; ', 'bpp_1=0.303094; ', 'mse_2=0.001513; ', 'lpips_2=0.004085; ', 'codec_recon_2=0.017737; ', 'bpp_2=0.294471; ']
train step[1717/2000] ; used: 38m:54s; eta: 6m:24s; loss = 0.079553; ['mse_0=0.000978; ', 'lpips_0=0.006282; ', 'codec_recon_0=0.007645; ', 'bpp_0=1.119496; ', 'mse_1=0.000788; ', 'lpips_1=0.005427; ', 'codec_recon_1=0.042572; ', 'bpp_1=0.299846; ', 'mse_2=0.000697; ', 'lpips_2=0.005045; ', 'codec_recon_2=0.010117; ', 'bpp_2=0.288553; ']
train step[1718/2000] ; used: 38m:55s; eta: 6m:23s; loss = 0.110694; ['mse_0=0.002187; ', 'lpips_0=0.006182; ', 'codec_recon_0=0.008648; ', 'bpp_0=1.164833; ', 'mse_1=0.001729; ', 'lpips_1=0.005016; ', 'codec_recon_1=0.064837; ', 'bpp_1=0.303045; ', 'mse_2=0.001350; ', 'lpips_2=0.004009; ', 'codec_recon_2=0.016734; ', 'bpp_2=0.293139; ']
train step[1719/2000] ; used: 38m:56s; eta: 6m:21s; loss = 0.076294; ['mse_0=0.001056; ', 'lpips_0=0.004151; ', 'codec_recon_0=0.006917; ', 'bpp_0=1.132418; ', 'mse_1=0.000809; ', 'lpips_1=0.003049; ', 'codec_recon_1=0.044765; ', 'bpp_1=0.298376; ', 'mse_2=0.000657; ', 'lpips_2=0.002227; ', 'codec_recon_2=0.012662; ', 'bpp_2=0.287207; ']
train step[1720/2000] ; used: 38m:57s; eta: 6m:20s; loss = 0.080265; ['mse_0=0.001502; ', 'lpips_0=0.004840; ', 'codec_recon_0=0.007879; ', 'bpp_0=1.140476; ', 'mse_1=0.001206; ', 'lpips_1=0.003844; ', 'codec_recon_1=0.046072; ', 'bpp_1=0.300693; ', 'mse_2=0.001001; ', 'lpips_2=0.003261; ', 'codec_recon_2=0.010660; ', 'bpp_2=0.290842; ']
train step[1721/2000] ; used: 38m:58s; eta: 6m:18s; loss = 0.074330; ['mse_0=0.001900; ', 'lpips_0=0.005089; ', 'codec_recon_0=0.007521; ', 'bpp_0=1.130527; ', 'mse_1=0.001726; ', 'lpips_1=0.004265; ', 'codec_recon_1=0.039298; ', 'bpp_1=0.299158; ', 'mse_2=0.001653; ', 'lpips_2=0.003898; ', 'codec_recon_2=0.008979; ', 'bpp_2=0.288492; ']
train step[1722/2000] ; used: 38m:59s; eta: 6m:17s; loss = 0.071940; ['mse_0=0.000808; ', 'lpips_0=0.003832; ', 'codec_recon_0=0.006931; ', 'bpp_0=1.136907; ', 'mse_1=0.000660; ', 'lpips_1=0.002966; ', 'codec_recon_1=0.043538; ', 'bpp_1=0.298803; ', 'mse_2=0.000542; ', 'lpips_2=0.002434; ', 'codec_recon_2=0.010228; ', 'bpp_2=0.290082; ']
train step[1723/2000] ; used: 39m; eta: 6m:16s; loss = 0.104077; ['mse_0=0.002857; ', 'lpips_0=0.006370; ', 'codec_recon_0=0.007645; ', 'bpp_0=1.160721; ', 'mse_1=0.002432; ', 'lpips_1=0.005385; ', 'codec_recon_1=0.057117; ', 'bpp_1=0.301721; ', 'mse_2=0.001899; ', 'lpips_2=0.004346; ', 'codec_recon_2=0.016024; ', 'bpp_2=0.291666; ']
train step[1724/2000] ; used: 39m:1s; eta: 6m:14s; loss = 0.076499; ['mse_0=0.000509; ', 'lpips_0=0.004678; ', 'codec_recon_0=0.007777; ', 'bpp_0=1.142709; ', 'mse_1=0.000388; ', 'lpips_1=0.003756; ', 'codec_recon_1=0.044389; ', 'bpp_1=0.299866; ', 'mse_2=0.000365; ', 'lpips_2=0.003463; ', 'codec_recon_2=0.011173; ', 'bpp_2=0.290624; ']
train step[1725/2000] ; used: 39m:2s; eta: 6m:13s; loss = 0.090292; ['mse_0=0.002055; ', 'lpips_0=0.005079; ', 'codec_recon_0=0.007943; ', 'bpp_0=1.142677; ', 'mse_1=0.001761; ', 'lpips_1=0.004380; ', 'codec_recon_1=0.051621; ', 'bpp_1=0.301288; ', 'mse_2=0.001663; ', 'lpips_2=0.003873; ', 'codec_recon_2=0.011917; ', 'bpp_2=0.292411; ']
train step[1726/2000] ; used: 39m:3s; eta: 6m:11s; loss = 0.094823; ['mse_0=0.003918; ', 'lpips_0=0.007513; ', 'codec_recon_0=0.007944; ', 'bpp_0=1.138094; ', 'mse_1=0.003663; ', 'lpips_1=0.006889; ', 'codec_recon_1=0.043651; ', 'bpp_1=0.300053; ', 'mse_2=0.003568; ', 'lpips_2=0.006480; ', 'codec_recon_2=0.011196; ', 'bpp_2=0.291158; ']
train step[1727/2000] ; used: 39m:4s; eta: 6m:10s; loss = 0.082369; ['mse_0=0.002104; ', 'lpips_0=0.006250; ', 'codec_recon_0=0.007510; ', 'bpp_0=1.137101; ', 'mse_1=0.001967; ', 'lpips_1=0.005366; ', 'codec_recon_1=0.041939; ', 'bpp_1=0.300757; ', 'mse_2=0.001825; ', 'lpips_2=0.004964; ', 'codec_recon_2=0.010442; ', 'bpp_2=0.290767; ']
train step[1728/2000] ; used: 39m:5s; eta: 6m:9s; loss = 0.075917; ['mse_0=0.001258; ', 'lpips_0=0.004690; ', 'codec_recon_0=0.007491; ', 'bpp_0=1.142102; ', 'mse_1=0.001077; ', 'lpips_1=0.003880; ', 'codec_recon_1=0.042797; ', 'bpp_1=0.300290; ', 'mse_2=0.001012; ', 'lpips_2=0.003366; ', 'codec_recon_2=0.010344; ', 'bpp_2=0.290128; ']
train step[1729/2000] ; used: 39m:6s; eta: 6m:7s; loss = 0.075274; ['mse_0=0.001206; ', 'lpips_0=0.005680; ', 'codec_recon_0=0.006929; ', 'bpp_0=1.132410; ', 'mse_1=0.000860; ', 'lpips_1=0.004683; ', 'codec_recon_1=0.039669; ', 'bpp_1=0.299781; ', 'mse_2=0.000798; ', 'lpips_2=0.004183; ', 'codec_recon_2=0.011264; ', 'bpp_2=0.288174; ']
train step[1730/2000] ; used: 39m:7s; eta: 6m:6s; loss = 0.083795; ['mse_0=0.000674; ', 'lpips_0=0.005072; ', 'codec_recon_0=0.007680; ', 'bpp_0=1.142486; ', 'mse_1=0.000480; ', 'lpips_1=0.003802; ', 'codec_recon_1=0.049343; ', 'bpp_1=0.301081; ', 'mse_2=0.000379; ', 'lpips_2=0.003141; ', 'codec_recon_2=0.013223; ', 'bpp_2=0.288812; ']
train step[1731/2000] ; used: 39m:8s; eta: 6m:4s; loss = 0.097491; ['mse_0=0.003911; ', 'lpips_0=0.007049; ', 'codec_recon_0=0.007712; ', 'bpp_0=1.154065; ', 'mse_1=0.003887; ', 'lpips_1=0.006469; ', 'codec_recon_1=0.047227; ', 'bpp_1=0.301533; ', 'mse_2=0.003879; ', 'lpips_2=0.005868; ', 'codec_recon_2=0.011487; ', 'bpp_2=0.291312; ']
train step[1732/2000] ; used: 39m:9s; eta: 6m:3s; loss = 0.108483; ['mse_0=0.002421; ', 'lpips_0=0.007296; ', 'codec_recon_0=0.009016; ', 'bpp_0=1.148518; ', 'mse_1=0.001588; ', 'lpips_1=0.005834; ', 'codec_recon_1=0.060517; ', 'bpp_1=0.300872; ', 'mse_2=0.001406; ', 'lpips_2=0.004531; ', 'codec_recon_2=0.015873; ', 'bpp_2=0.291658; ']
train step[1733/2000] ; used: 39m:10s; eta: 6m:1s; loss = 0.078948; ['mse_0=0.001236; ', 'lpips_0=0.004843; ', 'codec_recon_0=0.006780; ', 'bpp_0=1.139077; ', 'mse_1=0.000984; ', 'lpips_1=0.003953; ', 'codec_recon_1=0.044487; ', 'bpp_1=0.299319; ', 'mse_2=0.000797; ', 'lpips_2=0.003070; ', 'codec_recon_2=0.012797; ', 'bpp_2=0.288884; ']
train step[1734/2000] ; used: 39m:11s; eta: 6m; loss = 0.121021; ['mse_0=0.001885; ', 'lpips_0=0.006063; ', 'codec_recon_0=0.009277; ', 'bpp_0=1.163893; ', 'mse_1=0.001440; ', 'lpips_1=0.004842; ', 'codec_recon_1=0.075387; ', 'bpp_1=0.301931; ', 'mse_2=0.001076; ', 'lpips_2=0.003733; ', 'codec_recon_2=0.017315; ', 'bpp_2=0.293284; ']
train step[1735/2000] ; used: 39m:12s; eta: 5m:59s; loss = 0.076733; ['mse_0=0.000708; ', 'lpips_0=0.003796; ', 'codec_recon_0=0.007193; ', 'bpp_0=1.148294; ', 'mse_1=0.000522; ', 'lpips_1=0.002645; ', 'codec_recon_1=0.046968; ', 'bpp_1=0.299768; ', 'mse_2=0.000419; ', 'lpips_2=0.002008; ', 'codec_recon_2=0.012471; ', 'bpp_2=0.290363; ']
train step[1736/2000] ; used: 39m:13s; eta: 5m:57s; loss = 0.076059; ['mse_0=0.001152; ', 'lpips_0=0.004325; ', 'codec_recon_0=0.006961; ', 'bpp_0=1.142904; ', 'mse_1=0.000939; ', 'lpips_1=0.003596; ', 'codec_recon_1=0.044327; ', 'bpp_1=0.300285; ', 'mse_2=0.000875; ', 'lpips_2=0.003116; ', 'codec_recon_2=0.010766; ', 'bpp_2=0.290550; ']
train step[1737/2000] ; used: 39m:14s; eta: 5m:56s; loss = 0.076066; ['mse_0=0.001488; ', 'lpips_0=0.004836; ', 'codec_recon_0=0.006740; ', 'bpp_0=1.145116; ', 'mse_1=0.001301; ', 'lpips_1=0.003812; ', 'codec_recon_1=0.042785; ', 'bpp_1=0.300644; ', 'mse_2=0.001151; ', 'lpips_2=0.003276; ', 'codec_recon_2=0.010675; ', 'bpp_2=0.289530; ']
train step[1738/2000] ; used: 39m:16s; eta: 5m:54s; loss = 0.087553; ['mse_0=0.002166; ', 'lpips_0=0.006505; ', 'codec_recon_0=0.007993; ', 'bpp_0=1.133481; ', 'mse_1=0.001852; ', 'lpips_1=0.005751; ', 'codec_recon_1=0.045398; ', 'bpp_1=0.298916; ', 'mse_2=0.001751; ', 'lpips_2=0.005280; ', 'codec_recon_2=0.010855; ', 'bpp_2=0.290304; ']
train step[1739/2000] ; used: 39m:17s; eta: 5m:53s; loss = 0.080184; ['mse_0=0.001269; ', 'lpips_0=0.005019; ', 'codec_recon_0=0.007147; ', 'bpp_0=1.136803; ', 'mse_1=0.001055; ', 'lpips_1=0.004040; ', 'codec_recon_1=0.046577; ', 'bpp_1=0.300107; ', 'mse_2=0.000886; ', 'lpips_2=0.003393; ', 'codec_recon_2=0.010798; ', 'bpp_2=0.290542; ']
train step[1740/2000] ; used: 39m:18s; eta: 5m:52s; loss = 0.083005; ['mse_0=0.003026; ', 'lpips_0=0.006068; ', 'codec_recon_0=0.008627; ', 'bpp_0=1.140058; ', 'mse_1=0.002888; ', 'lpips_1=0.005232; ', 'codec_recon_1=0.040076; ', 'bpp_1=0.301116; ', 'mse_2=0.002750; ', 'lpips_2=0.004763; ', 'codec_recon_2=0.009575; ', 'bpp_2=0.289778; ']
train step[1741/2000] ; used: 39m:19s; eta: 5m:50s; loss = 0.112990; ['mse_0=0.001682; ', 'lpips_0=0.005430; ', 'codec_recon_0=0.010157; ', 'bpp_0=1.168125; ', 'mse_1=0.001257; ', 'lpips_1=0.004179; ', 'codec_recon_1=0.070468; ', 'bpp_1=0.301195; ', 'mse_2=0.001129; ', 'lpips_2=0.003516; ', 'codec_recon_2=0.015169; ', 'bpp_2=0.293356; ']
train step[1742/2000] ; used: 39m:20s; eta: 5m:49s; loss = 0.101322; ['mse_0=0.002884; ', 'lpips_0=0.006381; ', 'codec_recon_0=0.008460; ', 'bpp_0=1.140725; ', 'mse_1=0.002540; ', 'lpips_1=0.005604; ', 'codec_recon_1=0.054404; ', 'bpp_1=0.300954; ', 'mse_2=0.002248; ', 'lpips_2=0.004764; ', 'codec_recon_2=0.014035; ', 'bpp_2=0.291158; ']
train step[1743/2000] ; used: 39m:21s; eta: 5m:47s; loss = 0.098089; ['mse_0=0.001324; ', 'lpips_0=0.007561; ', 'codec_recon_0=0.007546; ', 'bpp_0=1.136190; ', 'mse_1=0.001172; ', 'lpips_1=0.005970; ', 'codec_recon_1=0.053779; ', 'bpp_1=0.299287; ', 'mse_2=0.001073; ', 'lpips_2=0.005066; ', 'codec_recon_2=0.014596; ', 'bpp_2=0.288523; ']
train step[1744/2000] ; used: 39m:22s; eta: 5m:46s; loss = 0.091304; ['mse_0=0.001921; ', 'lpips_0=0.004935; ', 'codec_recon_0=0.008052; ', 'bpp_0=1.143844; ', 'mse_1=0.001685; ', 'lpips_1=0.004019; ', 'codec_recon_1=0.051807; ', 'bpp_1=0.299946; ', 'mse_2=0.001528; ', 'lpips_2=0.003321; ', 'codec_recon_2=0.014034; ', 'bpp_2=0.289311; ']
train step[1745/2000] ; used: 39m:23s; eta: 5m:45s; loss = 0.085119; ['mse_0=0.001191; ', 'lpips_0=0.004786; ', 'codec_recon_0=0.007913; ', 'bpp_0=1.140882; ', 'mse_1=0.000963; ', 'lpips_1=0.003886; ', 'codec_recon_1=0.051050; ', 'bpp_1=0.300828; ', 'mse_2=0.000770; ', 'lpips_2=0.003158; ', 'codec_recon_2=0.011401; ', 'bpp_2=0.291368; ']
train step[1746/2000] ; used: 39m:24s; eta: 5m:43s; loss = 0.077127; ['mse_0=0.000998; ', 'lpips_0=0.004662; ', 'codec_recon_0=0.007280; ', 'bpp_0=1.137305; ', 'mse_1=0.000909; ', 'lpips_1=0.003817; ', 'codec_recon_1=0.044709; ', 'bpp_1=0.300040; ', 'mse_2=0.000793; ', 'lpips_2=0.003220; ', 'codec_recon_2=0.010736; ', 'bpp_2=0.290197; ']
train step[1747/2000] ; used: 39m:25s; eta: 5m:42s; loss = 0.071398; ['mse_0=0.001424; ', 'lpips_0=0.005531; ', 'codec_recon_0=0.006699; ', 'bpp_0=1.127999; ', 'mse_1=0.001138; ', 'lpips_1=0.004650; ', 'codec_recon_1=0.037642; ', 'bpp_1=0.300917; ', 'mse_2=0.000994; ', 'lpips_2=0.004211; ', 'codec_recon_2=0.009106; ', 'bpp_2=0.290408; ']
train step[1748/2000] ; used: 39m:26s; eta: 5m:40s; loss = 0.077288; ['mse_0=0.001308; ', 'lpips_0=0.004440; ', 'codec_recon_0=0.007485; ', 'bpp_0=1.134633; ', 'mse_1=0.001068; ', 'lpips_1=0.003444; ', 'codec_recon_1=0.045458; ', 'bpp_1=0.299592; ', 'mse_2=0.000897; ', 'lpips_2=0.002868; ', 'codec_recon_2=0.010317; ', 'bpp_2=0.291425; ']
train step[1749/2000] ; used: 39m:27s; eta: 5m:39s; loss = 0.113727; ['mse_0=0.001246; ', 'lpips_0=0.007382; ', 'codec_recon_0=0.009643; ', 'bpp_0=1.161649; ', 'mse_1=0.000987; ', 'lpips_1=0.006363; ', 'codec_recon_1=0.063893; ', 'bpp_1=0.301911; ', 'mse_2=0.000896; ', 'lpips_2=0.005723; ', 'codec_recon_2=0.017592; ', 'bpp_2=0.292144; ']
validation step on 1750 1/100; scene = ['5aca87f95a9412c6']; context = [[58, 133]]
validation step on 1750 2/100; scene = ['bc95e5c7e357f1b7']; context = [[35, 91]]
validation step on 1750 3/100; scene = ['34b0658a5c200cdf']; context = [[0, 70]]
validation step on 1750 4/100; scene = ['28e8300e004ab30b']; context = [[3, 68]]
validation step on 1750 5/100; scene = ['6558c5f10d45a929']; context = [[43, 160]]
validation step on 1750 6/100; scene = ['89ea49cd9865aeff']; context = [[31, 81]]
validation step on 1750 7/100; scene = ['ed477bdf8582adff']; context = [[40, 85]]
validation step on 1750 8/100; scene = ['57d3409bf04c4651']; context = [[0, 45]]
validation step on 1750 9/100; scene = ['aadc1e2dc74fd644']; context = [[2, 52]]
validation step on 1750 10/100; scene = ['cd74b1244d112628']; context = [[63, 110]]
validation step on 1750 11/100; scene = ['57d25dafabb5a238']; context = [[32, 104]]
validation step on 1750 12/100; scene = ['e4f4574df7938f37']; context = [[0, 115]]
validation step on 1750 13/100; scene = ['20d86cff490c0c42']; context = [[18, 69]]
validation step on 1750 14/100; scene = ['0c4c5d5f751aabf5']; context = [[12, 57]]
validation step on 1750 15/100; scene = ['fea544b472e9abd1']; context = [[12, 93]]
validation step on 1750 16/100; scene = ['656381bea665bf3d']; context = [[27, 75]]
validation step on 1750 17/100; scene = ['322261824c4a3003']; context = [[33, 78]]
validation step on 1750 18/100; scene = ['f7c0fa5b81552d35']; context = [[11, 64]]
validation step on 1750 19/100; scene = ['a56ba2efb5e3fdd9']; context = [[33, 92]]
validation step on 1750 20/100; scene = ['c48f19e2ffa52523']; context = [[195, 264]]
validation step on 1750 21/100; scene = ['1214f2a11a9fc1ed']; context = [[103, 215]]
validation step on 1750 22/100; scene = ['a9b3ff60b213e099']; context = [[32, 96]]
validation step on 1750 23/100; scene = ['a6fa92e8204f6118']; context = [[2, 66]]
validation step on 1750 24/100; scene = ['21e794f71e31becb']; context = [[72, 180]]
validation step on 1750 25/100; scene = ['f7d916b43193c181']; context = [[7, 61]]
validation step on 1750 26/100; scene = ['84ab392d682f296b']; context = [[43, 120]]
validation step on 1750 27/100; scene = ['6771a51bf0cfce7f']; context = [[152, 199]]
validation step on 1750 28/100; scene = ['17d9303ee77c3a3d']; context = [[17, 63]]
validation step on 1750 29/100; scene = ['ffa95c3b40609c76']; context = [[120, 213]]
validation step on 1750 30/100; scene = ['a47b88040452d7d9']; context = [[35, 97]]
validation step on 1750 31/100; scene = ['0d4de33c6888a754']; context = [[2, 57]]
validation step on 1750 32/100; scene = ['41bcd011f99bfb66']; context = [[4, 50]]
validation step on 1750 33/100; scene = ['67a69088a2695987']; context = [[6, 86]]
validation step on 1750 34/100; scene = ['b4099665590548fc']; context = [[23, 74]]
validation step on 1750 35/100; scene = ['9e2a8cc5f32dd46b']; context = [[75, 151]]
validation step on 1750 36/100; scene = ['2e109379f53bb221']; context = [[35, 108]]
validation step on 1750 37/100; scene = ['8adebbb68f2c3f84']; context = [[72, 131]]
validation step on 1750 38/100; scene = ['29e0bfbad00f0d5e']; context = [[8, 100]]
validation step on 1750 39/100; scene = ['debc3490ba0bd84b']; context = [[34, 81]]
validation step on 1750 40/100; scene = ['7c7bc5285126e6ad']; context = [[64, 126]]
validation step on 1750 41/100; scene = ['cdf439b17a6a98d4']; context = [[31, 77]]
validation step on 1750 42/100; scene = ['cb38d67088b66084']; context = [[49, 106]]
validation step on 1750 43/100; scene = ['2da2eeb966bc0ef8']; context = [[30, 94]]
validation step on 1750 44/100; scene = ['bb4d7012261ee0ed']; context = [[0, 46]]
validation step on 1750 45/100; scene = ['9e1f1beb4ba8e5da']; context = [[9, 73]]
validation step on 1750 46/100; scene = ['26b31d71789bffad']; context = [[3, 57]]
validation step on 1750 47/100; scene = ['41abd737e0228c1a']; context = [[81, 127]]
validation step on 1750 48/100; scene = ['ed0c2aca14b99efa']; context = [[62, 119]]
validation step on 1750 49/100; scene = ['8d5163de9ea4d851']; context = [[39, 85]]
validation step on 1750 50/100; scene = ['81be42df6ccae760']; context = [[13, 107]]
validation step on 1750 51/100; scene = ['6fe141ec9be1a432']; context = [[12, 73]]
validation step on 1750 52/100; scene = ['3b6d8db52c54b174']; context = [[0, 80]]
validation step on 1750 53/100; scene = ['3087828bc27bc4c7']; context = [[15, 96]]
validation step on 1750 54/100; scene = ['e124dfa7e996a414']; context = [[48, 93]]
validation step on 1750 55/100; scene = ['e1afd89a69ee6947']; context = [[34, 113]]
validation step on 1750 56/100; scene = ['79ce50fb7b021e1d']; context = [[212, 278]]
validation step on 1750 57/100; scene = ['358bdee988c269ef']; context = [[3, 95]]
validation step on 1750 58/100; scene = ['f14791aec34dbdcd']; context = [[5, 59]]
validation step on 1750 59/100; scene = ['0c52996355b23d76']; context = [[51, 111]]
validation step on 1750 60/100; scene = ['62bcb465bb03d34f']; context = [[6, 84]]
validation step on 1750 61/100; scene = ['1f0e06e4388dd600']; context = [[44, 96]]
validation step on 1750 62/100; scene = ['c9c30723d7c54793']; context = [[152, 247]]
validation step on 1750 63/100; scene = ['8b212f2755d955ec']; context = [[40, 110]]
validation step on 1750 64/100; scene = ['de67e3a0b0648cfe']; context = [[16, 72]]
validation step on 1750 65/100; scene = ['54841308aff91857']; context = [[27, 86]]
validation step on 1750 66/100; scene = ['40ca76de44a6e1a9']; context = [[43, 107]]
validation step on 1750 67/100; scene = ['bc143130c1842e4b']; context = [[29, 133]]
validation step on 1750 68/100; scene = ['912177dbf0a1ed6c']; context = [[3, 60]]
validation step on 1750 69/100; scene = ['afe4e799a94e06b3']; context = [[54, 150]]
validation step on 1750 70/100; scene = ['17f552ef56d85c55']; context = [[20, 86]]
validation step on 1750 71/100; scene = ['a7c691c210154b09']; context = [[0, 50]]
validation step on 1750 72/100; scene = ['9490f1219dbbb6ce']; context = [[17, 72]]
validation step on 1750 73/100; scene = ['154365ab5a4e067b']; context = [[2, 48]]
validation step on 1750 74/100; scene = ['ab4c269f8d523d02']; context = [[18, 72]]
validation step on 1750 75/100; scene = ['75d475e9558ab806']; context = [[1, 46]]
validation step on 1750 76/100; scene = ['fdaab1f49851782c']; context = [[31, 142]]
validation step on 1750 77/100; scene = ['2d4efa3897a4ba2d']; context = [[4, 58]]
validation step on 1750 78/100; scene = ['14f477e7d5af5b91']; context = [[17, 72]]
validation step on 1750 79/100; scene = ['de45926738229f67']; context = [[22, 84]]
validation step on 1750 80/100; scene = ['5c909c802eb6edb1']; context = [[13, 78]]
validation step on 1750 81/100; scene = ['aa91dfdd5f4ad32b']; context = [[8, 57]]
validation step on 1750 82/100; scene = ['88d9ba3324f2ec21']; context = [[2, 49]]
validation step on 1750 83/100; scene = ['622ef98e83ed5239']; context = [[3, 66]]
validation step on 1750 84/100; scene = ['30fc5fc78c5a716e']; context = [[151, 210]]
validation step on 1750 85/100; scene = ['8b760ac05c93a6bb']; context = [[26, 72]]
validation step on 1750 86/100; scene = ['800ea72b6988f63e']; context = [[141, 190]]
validation step on 1750 87/100; scene = ['674dabef8f53b566']; context = [[9, 91]]
validation step on 1750 88/100; scene = ['d3a01038c5f21473']; context = [[139, 273]]
validation step on 1750 89/100; scene = ['3e5f747d06bc84a3']; context = [[85, 190]]
validation step on 1750 90/100; scene = ['bb6fa5bdafc14e8c']; context = [[43, 139]]
validation step on 1750 91/100; scene = ['052430ff6e2c07c4']; context = [[19, 92]]
validation step on 1750 92/100; scene = ['0588138dfec165a1']; context = [[70, 160]]
validation step on 1750 93/100; scene = ['e4bcb18fa6aa91be']; context = [[32, 79]]
validation step on 1750 94/100; scene = ['4c4fa41951e37e78']; context = [[8, 60]]
validation step on 1750 95/100; scene = ['252a24d25a1ea81d']; context = [[198, 263]]
validation step on 1750 96/100; scene = ['214df1c2863d2959']; context = [[45, 96]]
validation step on 1750 97/100; scene = ['bfd27ad72975e120']; context = [[8, 55]]
validation step on 1750 98/100; scene = ['572acd18419c3456']; context = [[3, 62]]
validation step on 1750 99/100; scene = ['b26e6c80d283c4c8']; context = [[46, 92]]
validation step on 1750 100/100; scene = ['10c8e54590f715f7']; context = [[6, 76]]
train step[1750/2000] ; used: 40m:21s; eta: 5m:45s; loss = 0.099465; ['mse_0=0.002477; ', 'lpips_0=0.006831; ', 'codec_recon_0=0.007827; ', 'bpp_0=1.136604; ', 'mse_1=0.002107; ', 'lpips_1=0.005998; ', 'codec_recon_1=0.053558; ', 'bpp_1=0.301221; ', 'mse_2=0.001828; ', 'lpips_2=0.005042; ', 'codec_recon_2=0.013796; ', 'bpp_2=0.291827; ']
train step[1751/2000] ; used: 40m:22s; eta: 5m:44s; loss = 0.111544; ['mse_0=0.001473; ', 'lpips_0=0.005405; ', 'codec_recon_0=0.008483; ', 'bpp_0=1.171763; ', 'mse_1=0.001118; ', 'lpips_1=0.004138; ', 'codec_recon_1=0.070785; ', 'bpp_1=0.303630; ', 'mse_2=0.000890; ', 'lpips_2=0.002981; ', 'codec_recon_2=0.016268; ', 'bpp_2=0.294007; ']
train step[1752/2000] ; used: 40m:23s; eta: 5m:42s; loss = 0.074050; ['mse_0=0.001212; ', 'lpips_0=0.004721; ', 'codec_recon_0=0.006908; ', 'bpp_0=1.131682; ', 'mse_1=0.000952; ', 'lpips_1=0.003907; ', 'codec_recon_1=0.042485; ', 'bpp_1=0.300055; ', 'mse_2=0.000811; ', 'lpips_2=0.003400; ', 'codec_recon_2=0.009651; ', 'bpp_2=0.291880; ']
train step[1753/2000] ; used: 40m:24s; eta: 5m:41s; loss = 0.074005; ['mse_0=0.000948; ', 'lpips_0=0.004681; ', 'codec_recon_0=0.006995; ', 'bpp_0=1.123900; ', 'mse_1=0.000826; ', 'lpips_1=0.003912; ', 'codec_recon_1=0.042163; ', 'bpp_1=0.298988; ', 'mse_2=0.000773; ', 'lpips_2=0.003518; ', 'codec_recon_2=0.010188; ', 'bpp_2=0.289905; ']
train step[1754/2000] ; used: 40m:25s; eta: 5m:39s; loss = 0.089933; ['mse_0=0.002190; ', 'lpips_0=0.004980; ', 'codec_recon_0=0.007687; ', 'bpp_0=1.147614; ', 'mse_1=0.001864; ', 'lpips_1=0.004092; ', 'codec_recon_1=0.052013; ', 'bpp_1=0.302339; ', 'mse_2=0.001736; ', 'lpips_2=0.003487; ', 'codec_recon_2=0.011881; ', 'bpp_2=0.291001; ']
train step[1755/2000] ; used: 40m:26s; eta: 5m:38s; loss = 0.077343; ['mse_0=0.001190; ', 'lpips_0=0.004971; ', 'codec_recon_0=0.007509; ', 'bpp_0=1.131392; ', 'mse_1=0.000936; ', 'lpips_1=0.003920; ', 'codec_recon_1=0.043728; ', 'bpp_1=0.299318; ', 'mse_2=0.000749; ', 'lpips_2=0.003321; ', 'codec_recon_2=0.011018; ', 'bpp_2=0.289891; ']
train step[1756/2000] ; used: 40m:27s; eta: 5m:37s; loss = 0.102345; ['mse_0=0.002027; ', 'lpips_0=0.005636; ', 'codec_recon_0=0.008022; ', 'bpp_0=1.155699; ', 'mse_1=0.001727; ', 'lpips_1=0.004637; ', 'codec_recon_1=0.059954; ', 'bpp_1=0.302315; ', 'mse_2=0.001507; ', 'lpips_2=0.003718; ', 'codec_recon_2=0.015116; ', 'bpp_2=0.292053; ']
train step[1757/2000] ; used: 40m:28s; eta: 5m:35s; loss = 0.071667; ['mse_0=0.001101; ', 'lpips_0=0.005147; ', 'codec_recon_0=0.006693; ', 'bpp_0=1.126548; ', 'mse_1=0.000936; ', 'lpips_1=0.004440; ', 'codec_recon_1=0.039558; ', 'bpp_1=0.298667; ', 'mse_2=0.000850; ', 'lpips_2=0.004034; ', 'codec_recon_2=0.008905; ', 'bpp_2=0.288428; ']
train step[1758/2000] ; used: 40m:29s; eta: 5m:34s; loss = 0.148630; ['mse_0=0.006775; ', 'lpips_0=0.009088; ', 'codec_recon_0=0.009782; ', 'bpp_0=1.164061; ', 'mse_1=0.006208; ', 'lpips_1=0.008179; ', 'codec_recon_1=0.076021; ', 'bpp_1=0.302397; ', 'mse_2=0.005700; ', 'lpips_2=0.007231; ', 'codec_recon_2=0.019644; ', 'bpp_2=0.293022; ']
train step[1759/2000] ; used: 40m:30s; eta: 5m:32s; loss = 0.077154; ['mse_0=0.001760; ', 'lpips_0=0.004776; ', 'codec_recon_0=0.006964; ', 'bpp_0=1.127673; ', 'mse_1=0.001326; ', 'lpips_1=0.003785; ', 'codec_recon_1=0.044295; ', 'bpp_1=0.300056; ', 'mse_2=0.001187; ', 'lpips_2=0.003171; ', 'codec_recon_2=0.009888; ', 'bpp_2=0.288528; ']
train step[1760/2000] ; used: 40m:31s; eta: 5m:31s; loss = 0.086456; ['mse_0=0.002259; ', 'lpips_0=0.004818; ', 'codec_recon_0=0.009073; ', 'bpp_0=1.133143; ', 'mse_1=0.001884; ', 'lpips_1=0.003990; ', 'codec_recon_1=0.048603; ', 'bpp_1=0.300776; ', 'mse_2=0.001693; ', 'lpips_2=0.003290; ', 'codec_recon_2=0.010844; ', 'bpp_2=0.291092; ']
train step[1761/2000] ; used: 40m:32s; eta: 5m:29s; loss = 0.082340; ['mse_0=0.001005; ', 'lpips_0=0.005055; ', 'codec_recon_0=0.007534; ', 'bpp_0=1.137298; ', 'mse_1=0.000781; ', 'lpips_1=0.004000; ', 'codec_recon_1=0.047340; ', 'bpp_1=0.299305; ', 'mse_2=0.000563; ', 'lpips_2=0.003193; ', 'codec_recon_2=0.012867; ', 'bpp_2=0.288846; ']
train step[1762/2000] ; used: 40m:33s; eta: 5m:28s; loss = 0.071092; ['mse_0=0.001012; ', 'lpips_0=0.004151; ', 'codec_recon_0=0.006961; ', 'bpp_0=1.131884; ', 'mse_1=0.000813; ', 'lpips_1=0.003300; ', 'codec_recon_1=0.042108; ', 'bpp_1=0.300158; ', 'mse_2=0.000664; ', 'lpips_2=0.002775; ', 'codec_recon_2=0.009307; ', 'bpp_2=0.290164; ']
train step[1763/2000] ; used: 40m:34s; eta: 5m:27s; loss = 0.104809; ['mse_0=0.002313; ', 'lpips_0=0.005899; ', 'codec_recon_0=0.008548; ', 'bpp_0=1.161861; ', 'mse_1=0.001996; ', 'lpips_1=0.004671; ', 'codec_recon_1=0.060345; ', 'bpp_1=0.302039; ', 'mse_2=0.001748; ', 'lpips_2=0.003811; ', 'codec_recon_2=0.015477; ', 'bpp_2=0.292420; ']
train step[1764/2000] ; used: 40m:35s; eta: 5m:25s; loss = 0.141101; ['mse_0=0.002620; ', 'lpips_0=0.007985; ', 'codec_recon_0=0.008580; ', 'bpp_0=1.164410; ', 'mse_1=0.002044; ', 'lpips_1=0.006513; ', 'codec_recon_1=0.083546; ', 'bpp_1=0.301799; ', 'mse_2=0.001585; ', 'lpips_2=0.004777; ', 'codec_recon_2=0.023449; ', 'bpp_2=0.291276; ']
train step[1765/2000] ; used: 40m:36s; eta: 5m:24s; loss = 0.092733; ['mse_0=0.001425; ', 'lpips_0=0.005537; ', 'codec_recon_0=0.008341; ', 'bpp_0=1.150716; ', 'mse_1=0.001167; ', 'lpips_1=0.004412; ', 'codec_recon_1=0.053916; ', 'bpp_1=0.299927; ', 'mse_2=0.001076; ', 'lpips_2=0.003781; ', 'codec_recon_2=0.013076; ', 'bpp_2=0.292261; ']
train step[1766/2000] ; used: 40m:37s; eta: 5m:22s; loss = 0.079916; ['mse_0=0.000873; ', 'lpips_0=0.004898; ', 'codec_recon_0=0.008141; ', 'bpp_0=1.130023; ', 'mse_1=0.000658; ', 'lpips_1=0.004071; ', 'codec_recon_1=0.046589; ', 'bpp_1=0.299380; ', 'mse_2=0.000546; ', 'lpips_2=0.003547; ', 'codec_recon_2=0.010591; ', 'bpp_2=0.290005; ']
train step[1767/2000] ; used: 40m:38s; eta: 5m:21s; loss = 0.085507; ['mse_0=0.001739; ', 'lpips_0=0.007218; ', 'codec_recon_0=0.007622; ', 'bpp_0=1.144686; ', 'mse_1=0.001657; ', 'lpips_1=0.006513; ', 'codec_recon_1=0.042257; ', 'bpp_1=0.299627; ', 'mse_2=0.001711; ', 'lpips_2=0.006176; ', 'codec_recon_2=0.010612; ', 'bpp_2=0.288803; ']
train step[1768/2000] ; used: 40m:39s; eta: 5m:19s; loss = 0.068238; ['mse_0=0.000729; ', 'lpips_0=0.004248; ', 'codec_recon_0=0.006315; ', 'bpp_0=1.127583; ', 'mse_1=0.000527; ', 'lpips_1=0.003318; ', 'codec_recon_1=0.041190; ', 'bpp_1=0.299031; ', 'mse_2=0.000357; ', 'lpips_2=0.002592; ', 'codec_recon_2=0.008961; ', 'bpp_2=0.289051; ']
train step[1769/2000] ; used: 40m:40s; eta: 5m:18s; loss = 0.073621; ['mse_0=0.001033; ', 'lpips_0=0.003949; ', 'codec_recon_0=0.007052; ', 'bpp_0=1.133452; ', 'mse_1=0.000824; ', 'lpips_1=0.003205; ', 'codec_recon_1=0.044365; ', 'bpp_1=0.300467; ', 'mse_2=0.000647; ', 'lpips_2=0.002578; ', 'codec_recon_2=0.009967; ', 'bpp_2=0.290235; ']
train step[1770/2000] ; used: 40m:41s; eta: 5m:17s; loss = 0.119889; ['mse_0=0.003949; ', 'lpips_0=0.007598; ', 'codec_recon_0=0.008739; ', 'bpp_0=1.157721; ', 'mse_1=0.003380; ', 'lpips_1=0.006589; ', 'codec_recon_1=0.065754; ', 'bpp_1=0.302341; ', 'mse_2=0.002945; ', 'lpips_2=0.005609; ', 'codec_recon_2=0.015323; ', 'bpp_2=0.292891; ']
train step[1771/2000] ; used: 40m:42s; eta: 5m:15s; loss = 0.090020; ['mse_0=0.002589; ', 'lpips_0=0.005125; ', 'codec_recon_0=0.007244; ', 'bpp_0=1.150297; ', 'mse_1=0.002245; ', 'lpips_1=0.004116; ', 'codec_recon_1=0.051839; ', 'bpp_1=0.301548; ', 'mse_2=0.002000; ', 'lpips_2=0.003208; ', 'codec_recon_2=0.011653; ', 'bpp_2=0.292157; ']
train step[1772/2000] ; used: 40m:43s; eta: 5m:14s; loss = 0.076797; ['mse_0=0.001716; ', 'lpips_0=0.004956; ', 'codec_recon_0=0.007457; ', 'bpp_0=1.132331; ', 'mse_1=0.001424; ', 'lpips_1=0.004055; ', 'codec_recon_1=0.042973; ', 'bpp_1=0.300296; ', 'mse_2=0.001260; ', 'lpips_2=0.003395; ', 'codec_recon_2=0.009559; ', 'bpp_2=0.289864; ']
train step[1773/2000] ; used: 40m:44s; eta: 5m:12s; loss = 0.082704; ['mse_0=0.000486; ', 'lpips_0=0.005918; ', 'codec_recon_0=0.007392; ', 'bpp_0=1.125481; ', 'mse_1=0.000387; ', 'lpips_1=0.004991; ', 'codec_recon_1=0.047124; ', 'bpp_1=0.298799; ', 'mse_2=0.000348; ', 'lpips_2=0.004394; ', 'codec_recon_2=0.011662; ', 'bpp_2=0.289332; ']
train step[1774/2000] ; used: 40m:45s; eta: 5m:11s; loss = 0.088557; ['mse_0=0.001262; ', 'lpips_0=0.004828; ', 'codec_recon_0=0.007226; ', 'bpp_0=1.142703; ', 'mse_1=0.000944; ', 'lpips_1=0.003722; ', 'codec_recon_1=0.055311; ', 'bpp_1=0.300677; ', 'mse_2=0.000614; ', 'lpips_2=0.002841; ', 'codec_recon_2=0.011807; ', 'bpp_2=0.290525; ']
train step[1775/2000] ; used: 40m:46s; eta: 5m:9s; loss = 0.097072; ['mse_0=0.001107; ', 'lpips_0=0.006154; ', 'codec_recon_0=0.008107; ', 'bpp_0=1.142697; ', 'mse_1=0.000908; ', 'lpips_1=0.005042; ', 'codec_recon_1=0.055066; ', 'bpp_1=0.300528; ', 'mse_2=0.000730; ', 'lpips_2=0.003966; ', 'codec_recon_2=0.015990; ', 'bpp_2=0.291966; ']
train step[1776/2000] ; used: 40m:47s; eta: 5m:8s; loss = 0.086095; ['mse_0=0.004331; ', 'lpips_0=0.005314; ', 'codec_recon_0=0.007108; ', 'bpp_0=1.126113; ', 'mse_1=0.004111; ', 'lpips_1=0.004285; ', 'codec_recon_1=0.043494; ', 'bpp_1=0.298442; ', 'mse_2=0.004188; ', 'lpips_2=0.003792; ', 'codec_recon_2=0.009469; ', 'bpp_2=0.286766; ']
train step[1777/2000] ; used: 40m:48s; eta: 5m:7s; loss = 0.104843; ['mse_0=0.001157; ', 'lpips_0=0.005565; ', 'codec_recon_0=0.007586; ', 'bpp_0=1.151759; ', 'mse_1=0.000854; ', 'lpips_1=0.004298; ', 'codec_recon_1=0.066346; ', 'bpp_1=0.301046; ', 'mse_2=0.000568; ', 'lpips_2=0.003208; ', 'codec_recon_2=0.015257; ', 'bpp_2=0.290237; ']
train step[1778/2000] ; used: 40m:49s; eta: 5m:5s; loss = 0.116968; ['mse_0=0.002583; ', 'lpips_0=0.006585; ', 'codec_recon_0=0.008192; ', 'bpp_0=1.168860; ', 'mse_1=0.002025; ', 'lpips_1=0.005114; ', 'codec_recon_1=0.071923; ', 'bpp_1=0.304317; ', 'mse_2=0.001495; ', 'lpips_2=0.003804; ', 'codec_recon_2=0.015245; ', 'bpp_2=0.294106; ']
train step[1779/2000] ; used: 40m:50s; eta: 5m:4s; loss = 0.075866; ['mse_0=0.001224; ', 'lpips_0=0.005351; ', 'codec_recon_0=0.006484; ', 'bpp_0=1.116695; ', 'mse_1=0.001055; ', 'lpips_1=0.004360; ', 'codec_recon_1=0.042814; ', 'bpp_1=0.298922; ', 'mse_2=0.000977; ', 'lpips_2=0.003800; ', 'codec_recon_2=0.009800; ', 'bpp_2=0.288068; ']
train step[1780/2000] ; used: 40m:51s; eta: 5m:2s; loss = 0.077849; ['mse_0=0.001448; ', 'lpips_0=0.005400; ', 'codec_recon_0=0.007338; ', 'bpp_0=1.121428; ', 'mse_1=0.001218; ', 'lpips_1=0.004723; ', 'codec_recon_1=0.042001; ', 'bpp_1=0.299866; ', 'mse_2=0.001225; ', 'lpips_2=0.004341; ', 'codec_recon_2=0.010152; ', 'bpp_2=0.290272; ']
train step[1781/2000] ; used: 40m:52s; eta: 5m:1s; loss = 0.113454; ['mse_0=0.002428; ', 'lpips_0=0.008711; ', 'codec_recon_0=0.008370; ', 'bpp_0=1.142818; ', 'mse_1=0.002068; ', 'lpips_1=0.007576; ', 'codec_recon_1=0.059811; ', 'bpp_1=0.302235; ', 'mse_2=0.001900; ', 'lpips_2=0.006948; ', 'codec_recon_2=0.015640; ', 'bpp_2=0.291564; ']
train step[1782/2000] ; used: 40m:53s; eta: 5m; loss = 0.086266; ['mse_0=0.001112; ', 'lpips_0=0.005082; ', 'codec_recon_0=0.007030; ', 'bpp_0=1.138145; ', 'mse_1=0.000905; ', 'lpips_1=0.004364; ', 'codec_recon_1=0.051156; ', 'bpp_1=0.301023; ', 'mse_2=0.000782; ', 'lpips_2=0.003790; ', 'codec_recon_2=0.012044; ', 'bpp_2=0.291288; ']
train step[1783/2000] ; used: 40m:54s; eta: 4m:58s; loss = 0.076933; ['mse_0=0.001241; ', 'lpips_0=0.005062; ', 'codec_recon_0=0.007516; ', 'bpp_0=1.128507; ', 'mse_1=0.001092; ', 'lpips_1=0.004377; ', 'codec_recon_1=0.043301; ', 'bpp_1=0.299134; ', 'mse_2=0.000983; ', 'lpips_2=0.003976; ', 'codec_recon_2=0.009383; ', 'bpp_2=0.290260; ']
train step[1784/2000] ; used: 40m:55s; eta: 4m:57s; loss = 0.101298; ['mse_0=0.003361; ', 'lpips_0=0.006782; ', 'codec_recon_0=0.007663; ', 'bpp_0=1.147518; ', 'mse_1=0.003140; ', 'lpips_1=0.005720; ', 'codec_recon_1=0.054319; ', 'bpp_1=0.301412; ', 'mse_2=0.003040; ', 'lpips_2=0.004907; ', 'codec_recon_2=0.012365; ', 'bpp_2=0.292846; ']
train step[1785/2000] ; used: 40m:56s; eta: 4m:55s; loss = 0.090739; ['mse_0=0.002067; ', 'lpips_0=0.007588; ', 'codec_recon_0=0.008239; ', 'bpp_0=1.136554; ', 'mse_1=0.001774; ', 'lpips_1=0.006337; ', 'codec_recon_1=0.045840; ', 'bpp_1=0.299558; ', 'mse_2=0.001674; ', 'lpips_2=0.005488; ', 'codec_recon_2=0.011730; ', 'bpp_2=0.289125; ']
train step[1786/2000] ; used: 40m:58s; eta: 4m:54s; loss = 0.093148; ['mse_0=0.001234; ', 'lpips_0=0.005915; ', 'codec_recon_0=0.008116; ', 'bpp_0=1.139851; ', 'mse_1=0.001031; ', 'lpips_1=0.004828; ', 'codec_recon_1=0.053690; ', 'bpp_1=0.301364; ', 'mse_2=0.000910; ', 'lpips_2=0.004194; ', 'codec_recon_2=0.013229; ', 'bpp_2=0.292087; ']
train step[1787/2000] ; used: 40m:59s; eta: 4m:52s; loss = 0.063116; ['mse_0=0.000446; ', 'lpips_0=0.003874; ', 'codec_recon_0=0.006771; ', 'bpp_0=1.121962; ', 'mse_1=0.000300; ', 'lpips_1=0.002841; ', 'codec_recon_1=0.037825; ', 'bpp_1=0.299325; ', 'mse_2=0.000200; ', 'lpips_2=0.002353; ', 'codec_recon_2=0.008505; ', 'bpp_2=0.288820; ']
train step[1788/2000] ; used: 41m; eta: 4m:51s; loss = 0.083387; ['mse_0=0.003576; ', 'lpips_0=0.005511; ', 'codec_recon_0=0.007899; ', 'bpp_0=1.130612; ', 'mse_1=0.003306; ', 'lpips_1=0.004675; ', 'codec_recon_1=0.041787; ', 'bpp_1=0.299621; ', 'mse_2=0.003321; ', 'lpips_2=0.004221; ', 'codec_recon_2=0.009090; ', 'bpp_2=0.289902; ']
train step[1789/2000] ; used: 41m:1s; eta: 4m:50s; loss = 0.118853; ['mse_0=0.001435; ', 'lpips_0=0.005832; ', 'codec_recon_0=0.009805; ', 'bpp_0=1.159309; ', 'mse_1=0.001046; ', 'lpips_1=0.004320; ', 'codec_recon_1=0.072539; ', 'bpp_1=0.301163; ', 'mse_2=0.000664; ', 'lpips_2=0.003006; ', 'codec_recon_2=0.020205; ', 'bpp_2=0.291053; ']
train step[1790/2000] ; used: 41m:2s; eta: 4m:48s; loss = 0.082873; ['mse_0=0.002168; ', 'lpips_0=0.006135; ', 'codec_recon_0=0.008041; ', 'bpp_0=1.134454; ', 'mse_1=0.002042; ', 'lpips_1=0.005393; ', 'codec_recon_1=0.042756; ', 'bpp_1=0.299994; ', 'mse_2=0.001999; ', 'lpips_2=0.004951; ', 'codec_recon_2=0.009385; ', 'bpp_2=0.290511; ']
train step[1791/2000] ; used: 41m:3s; eta: 4m:47s; loss = 0.070954; ['mse_0=0.000638; ', 'lpips_0=0.004890; ', 'codec_recon_0=0.007271; ', 'bpp_0=1.123691; ', 'mse_1=0.000563; ', 'lpips_1=0.004087; ', 'codec_recon_1=0.039448; ', 'bpp_1=0.297598; ', 'mse_2=0.000524; ', 'lpips_2=0.003746; ', 'codec_recon_2=0.009785; ', 'bpp_2=0.286792; ']
train step[1792/2000] ; used: 41m:4s; eta: 4m:45s; loss = 0.069546; ['mse_0=0.000934; ', 'lpips_0=0.004736; ', 'codec_recon_0=0.006475; ', 'bpp_0=1.114069; ', 'mse_1=0.000740; ', 'lpips_1=0.004052; ', 'codec_recon_1=0.039760; ', 'bpp_1=0.299357; ', 'mse_2=0.000611; ', 'lpips_2=0.003711; ', 'codec_recon_2=0.008525; ', 'bpp_2=0.289035; ']
train step[1793/2000] ; used: 41m:5s; eta: 4m:44s; loss = 0.117379; ['mse_0=0.003136; ', 'lpips_0=0.010227; ', 'codec_recon_0=0.008028; ', 'bpp_0=1.147159; ', 'mse_1=0.002637; ', 'lpips_1=0.008356; ', 'codec_recon_1=0.057077; ', 'bpp_1=0.302249; ', 'mse_2=0.002494; ', 'lpips_2=0.006765; ', 'codec_recon_2=0.018657; ', 'bpp_2=0.289710; ']
train step[1794/2000] ; used: 41m:6s; eta: 4m:43s; loss = 0.068794; ['mse_0=0.000879; ', 'lpips_0=0.003550; ', 'codec_recon_0=0.007533; ', 'bpp_0=1.136778; ', 'mse_1=0.000673; ', 'lpips_1=0.002656; ', 'codec_recon_1=0.041443; ', 'bpp_1=0.299432; ', 'mse_2=0.000540; ', 'lpips_2=0.002110; ', 'codec_recon_2=0.009407; ', 'bpp_2=0.288925; ']
train step[1795/2000] ; used: 41m:7s; eta: 4m:41s; loss = 0.119661; ['mse_0=0.002890; ', 'lpips_0=0.006962; ', 'codec_recon_0=0.008462; ', 'bpp_0=1.160400; ', 'mse_1=0.002203; ', 'lpips_1=0.005458; ', 'codec_recon_1=0.071562; ', 'bpp_1=0.301644; ', 'mse_2=0.001439; ', 'lpips_2=0.003870; ', 'codec_recon_2=0.016814; ', 'bpp_2=0.293545; ']
train step[1796/2000] ; used: 41m:8s; eta: 4m:40s; loss = 0.090334; ['mse_0=0.001611; ', 'lpips_0=0.006068; ', 'codec_recon_0=0.007676; ', 'bpp_0=1.145801; ', 'mse_1=0.001214; ', 'lpips_1=0.004581; ', 'codec_recon_1=0.051008; ', 'bpp_1=0.300888; ', 'mse_2=0.001038; ', 'lpips_2=0.003627; ', 'codec_recon_2=0.013509; ', 'bpp_2=0.290700; ']
train step[1797/2000] ; used: 41m:9s; eta: 4m:38s; loss = 0.080570; ['mse_0=0.000974; ', 'lpips_0=0.004124; ', 'codec_recon_0=0.007696; ', 'bpp_0=1.161314; ', 'mse_1=0.000737; ', 'lpips_1=0.003138; ', 'codec_recon_1=0.049178; ', 'bpp_1=0.301618; ', 'mse_2=0.000498; ', 'lpips_2=0.002274; ', 'codec_recon_2=0.011949; ', 'bpp_2=0.293046; ']
train step[1798/2000] ; used: 41m:10s; eta: 4m:37s; loss = 0.106866; ['mse_0=0.002743; ', 'lpips_0=0.008480; ', 'codec_recon_0=0.008764; ', 'bpp_0=1.145674; ', 'mse_1=0.002288; ', 'lpips_1=0.007246; ', 'codec_recon_1=0.055791; ', 'bpp_1=0.301494; ', 'mse_2=0.002031; ', 'lpips_2=0.006190; ', 'codec_recon_2=0.013331; ', 'bpp_2=0.291889; ']
train step[1799/2000] ; used: 41m:11s; eta: 4m:35s; loss = 0.089726; ['mse_0=0.002101; ', 'lpips_0=0.007688; ', 'codec_recon_0=0.007206; ', 'bpp_0=1.128564; ', 'mse_1=0.001927; ', 'lpips_1=0.006752; ', 'codec_recon_1=0.043912; ', 'bpp_1=0.299400; ', 'mse_2=0.001978; ', 'lpips_2=0.006152; ', 'codec_recon_2=0.012008; ', 'bpp_2=0.287410; ']
train step[1800/2000] ; used: 41m:12s; eta: 4m:34s; loss = 0.068104; ['mse_0=0.000882; ', 'lpips_0=0.005098; ', 'codec_recon_0=0.007102; ', 'bpp_0=1.111391; ', 'mse_1=0.000775; ', 'lpips_1=0.004430; ', 'codec_recon_1=0.037007; ', 'bpp_1=0.298590; ', 'mse_2=0.000716; ', 'lpips_2=0.004150; ', 'codec_recon_2=0.007943; ', 'bpp_2=0.288706; ']
train step[1801/2000] ; used: 41m:13s; eta: 4m:33s; loss = 0.104428; ['mse_0=0.002007; ', 'lpips_0=0.005561; ', 'codec_recon_0=0.008926; ', 'bpp_0=1.144466; ', 'mse_1=0.001704; ', 'lpips_1=0.004440; ', 'codec_recon_1=0.063462; ', 'bpp_1=0.302130; ', 'mse_2=0.001616; ', 'lpips_2=0.003983; ', 'codec_recon_2=0.012727; ', 'bpp_2=0.293409; ']
train step[1802/2000] ; used: 41m:14s; eta: 4m:31s; loss = 0.064614; ['mse_0=0.000863; ', 'lpips_0=0.003860; ', 'codec_recon_0=0.006583; ', 'bpp_0=1.114145; ', 'mse_1=0.000731; ', 'lpips_1=0.003057; ', 'codec_recon_1=0.037895; ', 'bpp_1=0.298029; ', 'mse_2=0.000672; ', 'lpips_2=0.002642; ', 'codec_recon_2=0.008309; ', 'bpp_2=0.287769; ']
train step[1803/2000] ; used: 41m:15s; eta: 4m:30s; loss = 0.068670; ['mse_0=0.001252; ', 'lpips_0=0.005346; ', 'codec_recon_0=0.006761; ', 'bpp_0=1.114299; ', 'mse_1=0.001093; ', 'lpips_1=0.004620; ', 'codec_recon_1=0.036920; ', 'bpp_1=0.297545; ', 'mse_2=0.000962; ', 'lpips_2=0.004084; ', 'codec_recon_2=0.007631; ', 'bpp_2=0.286920; ']
train step[1804/2000] ; used: 41m:16s; eta: 4m:28s; loss = 0.088126; ['mse_0=0.001776; ', 'lpips_0=0.005405; ', 'codec_recon_0=0.007386; ', 'bpp_0=1.130572; ', 'mse_1=0.001450; ', 'lpips_1=0.004290; ', 'codec_recon_1=0.049847; ', 'bpp_1=0.299513; ', 'mse_2=0.001225; ', 'lpips_2=0.003341; ', 'codec_recon_2=0.013404; ', 'bpp_2=0.289346; ']
train step[1805/2000] ; used: 41m:17s; eta: 4m:27s; loss = 0.076145; ['mse_0=0.001327; ', 'lpips_0=0.005040; ', 'codec_recon_0=0.006718; ', 'bpp_0=1.123616; ', 'mse_1=0.001102; ', 'lpips_1=0.004181; ', 'codec_recon_1=0.043803; ', 'bpp_1=0.299312; ', 'mse_2=0.001014; ', 'lpips_2=0.003576; ', 'codec_recon_2=0.009383; ', 'bpp_2=0.290261; ']
train step[1806/2000] ; used: 41m:18s; eta: 4m:26s; loss = 0.078455; ['mse_0=0.002163; ', 'lpips_0=0.005081; ', 'codec_recon_0=0.007007; ', 'bpp_0=1.128586; ', 'mse_1=0.002058; ', 'lpips_1=0.004129; ', 'codec_recon_1=0.041806; ', 'bpp_1=0.300715; ', 'mse_2=0.001984; ', 'lpips_2=0.003699; ', 'codec_recon_2=0.010528; ', 'bpp_2=0.290586; ']
train step[1807/2000] ; used: 41m:19s; eta: 4m:24s; loss = 0.078958; ['mse_0=0.002121; ', 'lpips_0=0.005247; ', 'codec_recon_0=0.007326; ', 'bpp_0=1.123665; ', 'mse_1=0.001891; ', 'lpips_1=0.004369; ', 'codec_recon_1=0.043125; ', 'bpp_1=0.299811; ', 'mse_2=0.001751; ', 'lpips_2=0.003894; ', 'codec_recon_2=0.009233; ', 'bpp_2=0.289674; ']
train step[1808/2000] ; used: 41m:20s; eta: 4m:23s; loss = 0.078817; ['mse_0=0.003021; ', 'lpips_0=0.006204; ', 'codec_recon_0=0.006730; ', 'bpp_0=1.137112; ', 'mse_1=0.002818; ', 'lpips_1=0.005456; ', 'codec_recon_1=0.037699; ', 'bpp_1=0.298922; ', 'mse_2=0.002808; ', 'lpips_2=0.004986; ', 'codec_recon_2=0.009092; ', 'bpp_2=0.289210; ']
train step[1809/2000] ; used: 41m:21s; eta: 4m:21s; loss = 0.080744; ['mse_0=0.002907; ', 'lpips_0=0.006481; ', 'codec_recon_0=0.006806; ', 'bpp_0=1.118981; ', 'mse_1=0.002578; ', 'lpips_1=0.005546; ', 'codec_recon_1=0.039955; ', 'bpp_1=0.299790; ', 'mse_2=0.002541; ', 'lpips_2=0.004968; ', 'codec_recon_2=0.008959; ', 'bpp_2=0.288481; ']
train step[1810/2000] ; used: 41m:22s; eta: 4m:20s; loss = 0.099664; ['mse_0=0.001454; ', 'lpips_0=0.005320; ', 'codec_recon_0=0.007545; ', 'bpp_0=1.156382; ', 'mse_1=0.001148; ', 'lpips_1=0.004051; ', 'codec_recon_1=0.062425; ', 'bpp_1=0.302437; ', 'mse_2=0.000740; ', 'lpips_2=0.002668; ', 'codec_recon_2=0.014311; ', 'bpp_2=0.291544; ']
train step[1811/2000] ; used: 41m:23s; eta: 4m:19s; loss = 0.076589; ['mse_0=0.001127; ', 'lpips_0=0.005015; ', 'codec_recon_0=0.006466; ', 'bpp_0=1.132064; ', 'mse_1=0.000921; ', 'lpips_1=0.004047; ', 'codec_recon_1=0.044503; ', 'bpp_1=0.300474; ', 'mse_2=0.000788; ', 'lpips_2=0.003601; ', 'codec_recon_2=0.010120; ', 'bpp_2=0.289528; ']
train step[1812/2000] ; used: 41m:24s; eta: 4m:17s; loss = 0.075848; ['mse_0=0.002173; ', 'lpips_0=0.006169; ', 'codec_recon_0=0.007130; ', 'bpp_0=1.130079; ', 'mse_1=0.001879; ', 'lpips_1=0.005459; ', 'codec_recon_1=0.037525; ', 'bpp_1=0.299776; ', 'mse_2=0.001735; ', 'lpips_2=0.005066; ', 'codec_recon_2=0.008710; ', 'bpp_2=0.288393; ']
train step[1813/2000] ; used: 41m:25s; eta: 4m:16s; loss = 0.066611; ['mse_0=0.001046; ', 'lpips_0=0.004350; ', 'codec_recon_0=0.006766; ', 'bpp_0=1.122014; ', 'mse_1=0.000770; ', 'lpips_1=0.003520; ', 'codec_recon_1=0.038103; ', 'bpp_1=0.298839; ', 'mse_2=0.000613; ', 'lpips_2=0.003008; ', 'codec_recon_2=0.008434; ', 'bpp_2=0.288921; ']
train step[1814/2000] ; used: 41m:26s; eta: 4m:14s; loss = 0.077435; ['mse_0=0.001030; ', 'lpips_0=0.004054; ', 'codec_recon_0=0.006629; ', 'bpp_0=1.134928; ', 'mse_1=0.000813; ', 'lpips_1=0.003208; ', 'codec_recon_1=0.046893; ', 'bpp_1=0.300481; ', 'mse_2=0.000604; ', 'lpips_2=0.002449; ', 'codec_recon_2=0.011754; ', 'bpp_2=0.291527; ']
train step[1815/2000] ; used: 41m:27s; eta: 4m:13s; loss = 0.089722; ['mse_0=0.002457; ', 'lpips_0=0.006100; ', 'codec_recon_0=0.007492; ', 'bpp_0=1.131264; ', 'mse_1=0.002108; ', 'lpips_1=0.005336; ', 'codec_recon_1=0.048240; ', 'bpp_1=0.300836; ', 'mse_2=0.002040; ', 'lpips_2=0.004795; ', 'codec_recon_2=0.011152; ', 'bpp_2=0.290590; ']
train step[1816/2000] ; used: 41m:28s; eta: 4m:12s; loss = 0.089665; ['mse_0=0.001494; ', 'lpips_0=0.005902; ', 'codec_recon_0=0.007182; ', 'bpp_0=1.127460; ', 'mse_1=0.001224; ', 'lpips_1=0.004698; ', 'codec_recon_1=0.052260; ', 'bpp_1=0.299667; ', 'mse_2=0.001042; ', 'lpips_2=0.003878; ', 'codec_recon_2=0.011985; ', 'bpp_2=0.287826; ']
train step[1817/2000] ; used: 41m:29s; eta: 4m:10s; loss = 0.106388; ['mse_0=0.001834; ', 'lpips_0=0.005339; ', 'codec_recon_0=0.008777; ', 'bpp_0=1.148098; ', 'mse_1=0.001411; ', 'lpips_1=0.004179; ', 'codec_recon_1=0.064949; ', 'bpp_1=0.301197; ', 'mse_2=0.001182; ', 'lpips_2=0.003166; ', 'codec_recon_2=0.015549; ', 'bpp_2=0.293097; ']
train step[1818/2000] ; used: 41m:30s; eta: 4m:9s; loss = 0.075694; ['mse_0=0.001741; ', 'lpips_0=0.004436; ', 'codec_recon_0=0.006835; ', 'bpp_0=1.128778; ', 'mse_1=0.001407; ', 'lpips_1=0.003556; ', 'codec_recon_1=0.044266; ', 'bpp_1=0.300923; ', 'mse_2=0.001239; ', 'lpips_2=0.003112; ', 'codec_recon_2=0.009101; ', 'bpp_2=0.292879; ']
train step[1819/2000] ; used: 41m:31s; eta: 4m:7s; loss = 0.082624; ['mse_0=0.001535; ', 'lpips_0=0.005048; ', 'codec_recon_0=0.008577; ', 'bpp_0=1.144508; ', 'mse_1=0.001137; ', 'lpips_1=0.004100; ', 'codec_recon_1=0.046374; ', 'bpp_1=0.300459; ', 'mse_2=0.000812; ', 'lpips_2=0.002923; ', 'codec_recon_2=0.012118; ', 'bpp_2=0.290197; ']
train step[1820/2000] ; used: 41m:32s; eta: 4m:6s; loss = 0.079278; ['mse_0=0.001045; ', 'lpips_0=0.004787; ', 'codec_recon_0=0.006701; ', 'bpp_0=1.124783; ', 'mse_1=0.000798; ', 'lpips_1=0.003621; ', 'codec_recon_1=0.048045; ', 'bpp_1=0.299286; ', 'mse_2=0.000725; ', 'lpips_2=0.002956; ', 'codec_recon_2=0.010598; ', 'bpp_2=0.289134; ']
train step[1821/2000] ; used: 41m:34s; eta: 4m:5s; loss = 0.078650; ['mse_0=0.000801; ', 'lpips_0=0.005126; ', 'codec_recon_0=0.007809; ', 'bpp_0=1.126172; ', 'mse_1=0.000781; ', 'lpips_1=0.004349; ', 'codec_recon_1=0.042855; ', 'bpp_1=0.298645; ', 'mse_2=0.000712; ', 'lpips_2=0.003763; ', 'codec_recon_2=0.012453; ', 'bpp_2=0.288961; ']
train step[1822/2000] ; used: 41m:35s; eta: 4m:3s; loss = 0.070957; ['mse_0=0.001084; ', 'lpips_0=0.004492; ', 'codec_recon_0=0.006138; ', 'bpp_0=1.121466; ', 'mse_1=0.000867; ', 'lpips_1=0.003439; ', 'codec_recon_1=0.041712; ', 'bpp_1=0.299389; ', 'mse_2=0.000728; ', 'lpips_2=0.002903; ', 'codec_recon_2=0.009592; ', 'bpp_2=0.287601; ']
train step[1823/2000] ; used: 41m:36s; eta: 4m:2s; loss = 0.073776; ['mse_0=0.001454; ', 'lpips_0=0.004759; ', 'codec_recon_0=0.007098; ', 'bpp_0=1.121668; ', 'mse_1=0.001171; ', 'lpips_1=0.003810; ', 'codec_recon_1=0.041590; ', 'bpp_1=0.297732; ', 'mse_2=0.000967; ', 'lpips_2=0.003134; ', 'codec_recon_2=0.009792; ', 'bpp_2=0.287015; ']
train step[1824/2000] ; used: 41m:37s; eta: 4m; loss = 0.080435; ['mse_0=0.001085; ', 'lpips_0=0.004733; ', 'codec_recon_0=0.006802; ', 'bpp_0=1.136788; ', 'mse_1=0.000909; ', 'lpips_1=0.003869; ', 'codec_recon_1=0.048494; ', 'bpp_1=0.301654; ', 'mse_2=0.000752; ', 'lpips_2=0.003149; ', 'codec_recon_2=0.010639; ', 'bpp_2=0.291021; ']
train step[1825/2000] ; used: 41m:38s; eta: 3m:59s; loss = 0.106007; ['mse_0=0.009888; ', 'lpips_0=0.008102; ', 'codec_recon_0=0.007149; ', 'bpp_0=1.119728; ', 'mse_1=0.009014; ', 'lpips_1=0.007193; ', 'codec_recon_1=0.040628; ', 'bpp_1=0.299533; ', 'mse_2=0.008839; ', 'lpips_2=0.006575; ', 'codec_recon_2=0.008618; ', 'bpp_2=0.288604; ']
train step[1826/2000] ; used: 41m:39s; eta: 3m:58s; loss = 0.066493; ['mse_0=0.000644; ', 'lpips_0=0.004574; ', 'codec_recon_0=0.006845; ', 'bpp_0=1.126700; ', 'mse_1=0.000495; ', 'lpips_1=0.003586; ', 'codec_recon_1=0.037702; ', 'bpp_1=0.298057; ', 'mse_2=0.000439; ', 'lpips_2=0.003040; ', 'codec_recon_2=0.009166; ', 'bpp_2=0.286488; ']
train step[1827/2000] ; used: 41m:40s; eta: 3m:56s; loss = 0.110059; ['mse_0=0.003442; ', 'lpips_0=0.008030; ', 'codec_recon_0=0.008013; ', 'bpp_0=1.141785; ', 'mse_1=0.003159; ', 'lpips_1=0.007402; ', 'codec_recon_1=0.057131; ', 'bpp_1=0.300606; ', 'mse_2=0.002952; ', 'lpips_2=0.006741; ', 'codec_recon_2=0.013189; ', 'bpp_2=0.290387; ']
train step[1828/2000] ; used: 41m:41s; eta: 3m:55s; loss = 0.075602; ['mse_0=0.001127; ', 'lpips_0=0.005160; ', 'codec_recon_0=0.007617; ', 'bpp_0=1.121884; ', 'mse_1=0.000907; ', 'lpips_1=0.004401; ', 'codec_recon_1=0.042542; ', 'bpp_1=0.300060; ', 'mse_2=0.000832; ', 'lpips_2=0.004040; ', 'codec_recon_2=0.008974; ', 'bpp_2=0.289088; ']
train step[1829/2000] ; used: 41m:42s; eta: 3m:53s; loss = 0.095316; ['mse_0=0.002009; ', 'lpips_0=0.006323; ', 'codec_recon_0=0.007436; ', 'bpp_0=1.126199; ', 'mse_1=0.001714; ', 'lpips_1=0.005243; ', 'codec_recon_1=0.053872; ', 'bpp_1=0.298856; ', 'mse_2=0.001396; ', 'lpips_2=0.004094; ', 'codec_recon_2=0.013228; ', 'bpp_2=0.289457; ']
train step[1830/2000] ; used: 41m:43s; eta: 3m:52s; loss = 0.071683; ['mse_0=0.000845; ', 'lpips_0=0.004936; ', 'codec_recon_0=0.007105; ', 'bpp_0=1.127744; ', 'mse_1=0.000631; ', 'lpips_1=0.004006; ', 'codec_recon_1=0.040741; ', 'bpp_1=0.299939; ', 'mse_2=0.000487; ', 'lpips_2=0.003525; ', 'codec_recon_2=0.009406; ', 'bpp_2=0.288614; ']
train step[1831/2000] ; used: 41m:44s; eta: 3m:51s; loss = 0.071516; ['mse_0=0.001269; ', 'lpips_0=0.004913; ', 'codec_recon_0=0.006357; ', 'bpp_0=1.117295; ', 'mse_1=0.001095; ', 'lpips_1=0.004225; ', 'codec_recon_1=0.039795; ', 'bpp_1=0.299140; ', 'mse_2=0.001005; ', 'lpips_2=0.003726; ', 'codec_recon_2=0.009129; ', 'bpp_2=0.288501; ']
train step[1832/2000] ; used: 41m:45s; eta: 3m:49s; loss = 0.076810; ['mse_0=0.001271; ', 'lpips_0=0.005531; ', 'codec_recon_0=0.007459; ', 'bpp_0=1.139404; ', 'mse_1=0.001030; ', 'lpips_1=0.004694; ', 'codec_recon_1=0.041265; ', 'bpp_1=0.299853; ', 'mse_2=0.000919; ', 'lpips_2=0.003985; ', 'codec_recon_2=0.010655; ', 'bpp_2=0.289010; ']
train step[1833/2000] ; used: 41m:46s; eta: 3m:48s; loss = 0.089084; ['mse_0=0.003595; ', 'lpips_0=0.006975; ', 'codec_recon_0=0.006954; ', 'bpp_0=1.128023; ', 'mse_1=0.003160; ', 'lpips_1=0.006027; ', 'codec_recon_1=0.044239; ', 'bpp_1=0.301316; ', 'mse_2=0.003060; ', 'lpips_2=0.005568; ', 'codec_recon_2=0.009504; ', 'bpp_2=0.291625; ']
train step[1834/2000] ; used: 41m:47s; eta: 3m:46s; loss = 0.129031; ['mse_0=0.003376; ', 'lpips_0=0.008290; ', 'codec_recon_0=0.009523; ', 'bpp_0=1.172835; ', 'mse_1=0.002880; ', 'lpips_1=0.007154; ', 'codec_recon_1=0.073902; ', 'bpp_1=0.304828; ', 'mse_2=0.002220; ', 'lpips_2=0.005842; ', 'codec_recon_2=0.015842; ', 'bpp_2=0.294962; ']
train step[1835/2000] ; used: 41m:48s; eta: 3m:45s; loss = 0.061410; ['mse_0=0.000958; ', 'lpips_0=0.004745; ', 'codec_recon_0=0.005839; ', 'bpp_0=1.111553; ', 'mse_1=0.000774; ', 'lpips_1=0.003765; ', 'codec_recon_1=0.033475; ', 'bpp_1=0.298371; ', 'mse_2=0.000646; ', 'lpips_2=0.003309; ', 'codec_recon_2=0.007897; ', 'bpp_2=0.286713; ']
train step[1836/2000] ; used: 41m:49s; eta: 3m:44s; loss = 0.092726; ['mse_0=0.002136; ', 'lpips_0=0.005444; ', 'codec_recon_0=0.007276; ', 'bpp_0=1.141543; ', 'mse_1=0.001692; ', 'lpips_1=0.004344; ', 'codec_recon_1=0.054586; ', 'bpp_1=0.300911; ', 'mse_2=0.001421; ', 'lpips_2=0.003452; ', 'codec_recon_2=0.012374; ', 'bpp_2=0.289659; ']
train step[1837/2000] ; used: 41m:50s; eta: 3m:42s; loss = 0.093059; ['mse_0=0.001717; ', 'lpips_0=0.006210; ', 'codec_recon_0=0.007431; ', 'bpp_0=1.131109; ', 'mse_1=0.001322; ', 'lpips_1=0.004792; ', 'codec_recon_1=0.053566; ', 'bpp_1=0.300998; ', 'mse_2=0.001071; ', 'lpips_2=0.003588; ', 'codec_recon_2=0.013360; ', 'bpp_2=0.288677; ']
train step[1838/2000] ; used: 41m:51s; eta: 3m:41s; loss = 0.086675; ['mse_0=0.001303; ', 'lpips_0=0.004608; ', 'codec_recon_0=0.007089; ', 'bpp_0=1.138365; ', 'mse_1=0.001041; ', 'lpips_1=0.003403; ', 'codec_recon_1=0.055271; ', 'bpp_1=0.301523; ', 'mse_2=0.000840; ', 'lpips_2=0.002774; ', 'codec_recon_2=0.010344; ', 'bpp_2=0.292035; ']
train step[1839/2000] ; used: 41m:52s; eta: 3m:39s; loss = 0.094923; ['mse_0=0.003726; ', 'lpips_0=0.007243; ', 'codec_recon_0=0.007514; ', 'bpp_0=1.110076; ', 'mse_1=0.003219; ', 'lpips_1=0.006171; ', 'codec_recon_1=0.048446; ', 'bpp_1=0.298538; ', 'mse_2=0.003140; ', 'lpips_2=0.005570; ', 'codec_recon_2=0.009892; ', 'bpp_2=0.288867; ']
train step[1840/2000] ; used: 41m:53s; eta: 3m:38s; loss = 0.078253; ['mse_0=0.001004; ', 'lpips_0=0.004351; ', 'codec_recon_0=0.006814; ', 'bpp_0=1.126462; ', 'mse_1=0.000724; ', 'lpips_1=0.003359; ', 'codec_recon_1=0.048343; ', 'bpp_1=0.300549; ', 'mse_2=0.000582; ', 'lpips_2=0.002701; ', 'codec_recon_2=0.010373; ', 'bpp_2=0.290837; ']
train step[1841/2000] ; used: 41m:54s; eta: 3m:37s; loss = 0.067374; ['mse_0=0.001535; ', 'lpips_0=0.004685; ', 'codec_recon_0=0.006097; ', 'bpp_0=1.124124; ', 'mse_1=0.001210; ', 'lpips_1=0.003823; ', 'codec_recon_1=0.038405; ', 'bpp_1=0.299212; ', 'mse_2=0.001043; ', 'lpips_2=0.003269; ', 'codec_recon_2=0.007305; ', 'bpp_2=0.290475; ']
train step[1842/2000] ; used: 41m:55s; eta: 3m:35s; loss = 0.075072; ['mse_0=0.000923; ', 'lpips_0=0.004692; ', 'codec_recon_0=0.006797; ', 'bpp_0=1.118141; ', 'mse_1=0.000796; ', 'lpips_1=0.003965; ', 'codec_recon_1=0.043295; ', 'bpp_1=0.299492; ', 'mse_2=0.000684; ', 'lpips_2=0.003472; ', 'codec_recon_2=0.010447; ', 'bpp_2=0.290499; ']
train step[1843/2000] ; used: 41m:56s; eta: 3m:34s; loss = 0.073993; ['mse_0=0.001166; ', 'lpips_0=0.004533; ', 'codec_recon_0=0.006472; ', 'bpp_0=1.125584; ', 'mse_1=0.000928; ', 'lpips_1=0.003901; ', 'codec_recon_1=0.043493; ', 'bpp_1=0.299674; ', 'mse_2=0.000900; ', 'lpips_2=0.003567; ', 'codec_recon_2=0.009030; ', 'bpp_2=0.291207; ']
train step[1844/2000] ; used: 41m:57s; eta: 3m:32s; loss = 0.106641; ['mse_0=0.001779; ', 'lpips_0=0.006540; ', 'codec_recon_0=0.007885; ', 'bpp_0=1.147722; ', 'mse_1=0.001649; ', 'lpips_1=0.005379; ', 'codec_recon_1=0.062385; ', 'bpp_1=0.301705; ', 'mse_2=0.001580; ', 'lpips_2=0.004456; ', 'codec_recon_2=0.014987; ', 'bpp_2=0.293038; ']
train step[1845/2000] ; used: 41m:58s; eta: 3m:31s; loss = 0.066678; ['mse_0=0.000971; ', 'lpips_0=0.004673; ', 'codec_recon_0=0.006467; ', 'bpp_0=1.120054; ', 'mse_1=0.000841; ', 'lpips_1=0.003950; ', 'codec_recon_1=0.037474; ', 'bpp_1=0.300479; ', 'mse_2=0.000741; ', 'lpips_2=0.003375; ', 'codec_recon_2=0.008186; ', 'bpp_2=0.289568; ']
train step[1846/2000] ; used: 41m:59s; eta: 3m:30s; loss = 0.068638; ['mse_0=0.000590; ', 'lpips_0=0.004169; ', 'codec_recon_0=0.006694; ', 'bpp_0=1.122233; ', 'mse_1=0.000455; ', 'lpips_1=0.003473; ', 'codec_recon_1=0.040230; ', 'bpp_1=0.299704; ', 'mse_2=0.000320; ', 'lpips_2=0.002654; ', 'codec_recon_2=0.010050; ', 'bpp_2=0.288321; ']
train step[1847/2000] ; used: 42m; eta: 3m:28s; loss = 0.100692; ['mse_0=0.001522; ', 'lpips_0=0.005816; ', 'codec_recon_0=0.007050; ', 'bpp_0=1.142837; ', 'mse_1=0.001242; ', 'lpips_1=0.004660; ', 'codec_recon_1=0.060618; ', 'bpp_1=0.300884; ', 'mse_2=0.001141; ', 'lpips_2=0.003703; ', 'codec_recon_2=0.014938; ', 'bpp_2=0.291258; ']
train step[1848/2000] ; used: 42m:1s; eta: 3m:27s; loss = 0.067894; ['mse_0=0.000765; ', 'lpips_0=0.004334; ', 'codec_recon_0=0.006287; ', 'bpp_0=1.130852; ', 'mse_1=0.000609; ', 'lpips_1=0.003561; ', 'codec_recon_1=0.040018; ', 'bpp_1=0.300183; ', 'mse_2=0.000535; ', 'lpips_2=0.003053; ', 'codec_recon_2=0.008730; ', 'bpp_2=0.291388; ']
train step[1849/2000] ; used: 42m:2s; eta: 3m:25s; loss = 0.125335; ['mse_0=0.007762; ', 'lpips_0=0.011795; ', 'codec_recon_0=0.007829; ', 'bpp_0=1.117832; ', 'mse_1=0.007337; ', 'lpips_1=0.010978; ', 'codec_recon_1=0.050093; ', 'bpp_1=0.300011; ', 'mse_2=0.007172; ', 'lpips_2=0.010499; ', 'codec_recon_2=0.011868; ', 'bpp_2=0.290819; ']
train step[1850/2000] ; used: 42m:3s; eta: 3m:24s; loss = 0.084795; ['mse_0=0.002129; ', 'lpips_0=0.006708; ', 'codec_recon_0=0.007219; ', 'bpp_0=1.119304; ', 'mse_1=0.001958; ', 'lpips_1=0.006027; ', 'codec_recon_1=0.043926; ', 'bpp_1=0.299562; ', 'mse_2=0.001712; ', 'lpips_2=0.005434; ', 'codec_recon_2=0.009679; ', 'bpp_2=0.289386; ']
train step[1851/2000] ; used: 42m:5s; eta: 3m:23s; loss = 0.065044; ['mse_0=0.000590; ', 'lpips_0=0.004135; ', 'codec_recon_0=0.007179; ', 'bpp_0=1.110774; ', 'mse_1=0.000441; ', 'lpips_1=0.003230; ', 'codec_recon_1=0.037953; ', 'bpp_1=0.299402; ', 'mse_2=0.000362; ', 'lpips_2=0.002856; ', 'codec_recon_2=0.008295; ', 'bpp_2=0.288953; ']
train step[1852/2000] ; used: 42m:6s; eta: 3m:21s; loss = 0.083553; ['mse_0=0.002059; ', 'lpips_0=0.005150; ', 'codec_recon_0=0.006952; ', 'bpp_0=1.136636; ', 'mse_1=0.001786; ', 'lpips_1=0.004319; ', 'codec_recon_1=0.047090; ', 'bpp_1=0.301403; ', 'mse_2=0.001487; ', 'lpips_2=0.003543; ', 'codec_recon_2=0.011164; ', 'bpp_2=0.290791; ']
train step[1853/2000] ; used: 42m:7s; eta: 3m:20s; loss = 0.071050; ['mse_0=0.002418; ', 'lpips_0=0.005851; ', 'codec_recon_0=0.006784; ', 'bpp_0=1.101565; ', 'mse_1=0.002332; ', 'lpips_1=0.005239; ', 'codec_recon_1=0.034061; ', 'bpp_1=0.298135; ', 'mse_2=0.002274; ', 'lpips_2=0.004893; ', 'codec_recon_2=0.007196; ', 'bpp_2=0.287655; ']
train step[1854/2000] ; used: 42m:8s; eta: 3m:19s; loss = 0.086982; ['mse_0=0.002415; ', 'lpips_0=0.005701; ', 'codec_recon_0=0.007551; ', 'bpp_0=1.114028; ', 'mse_1=0.002135; ', 'lpips_1=0.004883; ', 'codec_recon_1=0.046728; ', 'bpp_1=0.300464; ', 'mse_2=0.002029; ', 'lpips_2=0.004512; ', 'codec_recon_2=0.011027; ', 'bpp_2=0.290288; ']
train step[1855/2000] ; used: 42m:9s; eta: 3m:17s; loss = 0.081837; ['mse_0=0.001154; ', 'lpips_0=0.004737; ', 'codec_recon_0=0.007487; ', 'bpp_0=1.123335; ', 'mse_1=0.000829; ', 'lpips_1=0.003866; ', 'codec_recon_1=0.049589; ', 'bpp_1=0.300274; ', 'mse_2=0.000654; ', 'lpips_2=0.003228; ', 'codec_recon_2=0.010291; ', 'bpp_2=0.289731; ']
train step[1856/2000] ; used: 42m:10s; eta: 3m:16s; loss = 0.073988; ['mse_0=0.000914; ', 'lpips_0=0.005707; ', 'codec_recon_0=0.007547; ', 'bpp_0=1.115260; ', 'mse_1=0.000755; ', 'lpips_1=0.004745; ', 'codec_recon_1=0.040409; ', 'bpp_1=0.300090; ', 'mse_2=0.000658; ', 'lpips_2=0.004203; ', 'codec_recon_2=0.009048; ', 'bpp_2=0.290242; ']
train step[1857/2000] ; used: 42m:11s; eta: 3m:14s; loss = 0.132585; ['mse_0=0.003679; ', 'lpips_0=0.008890; ', 'codec_recon_0=0.008566; ', 'bpp_0=1.148209; ', 'mse_1=0.003279; ', 'lpips_1=0.007918; ', 'codec_recon_1=0.073013; ', 'bpp_1=0.302071; ', 'mse_2=0.003126; ', 'lpips_2=0.006911; ', 'codec_recon_2=0.017200; ', 'bpp_2=0.291395; ']
train step[1858/2000] ; used: 42m:12s; eta: 3m:13s; loss = 0.109368; ['mse_0=0.004980; ', 'lpips_0=0.007792; ', 'codec_recon_0=0.007810; ', 'bpp_0=1.136743; ', 'mse_1=0.004612; ', 'lpips_1=0.006909; ', 'codec_recon_1=0.054835; ', 'bpp_1=0.301604; ', 'mse_2=0.004468; ', 'lpips_2=0.006242; ', 'codec_recon_2=0.011718; ', 'bpp_2=0.291989; ']
train step[1859/2000] ; used: 42m:13s; eta: 3m:12s; loss = 0.105725; ['mse_0=0.001576; ', 'lpips_0=0.005306; ', 'codec_recon_0=0.008156; ', 'bpp_0=1.158012; ', 'mse_1=0.001223; ', 'lpips_1=0.004071; ', 'codec_recon_1=0.068432; ', 'bpp_1=0.302354; ', 'mse_2=0.000848; ', 'lpips_2=0.003024; ', 'codec_recon_2=0.013087; ', 'bpp_2=0.292562; ']
train step[1860/2000] ; used: 42m:14s; eta: 3m:10s; loss = 0.077365; ['mse_0=0.000774; ', 'lpips_0=0.005308; ', 'codec_recon_0=0.006906; ', 'bpp_0=1.143355; ', 'mse_1=0.000631; ', 'lpips_1=0.004497; ', 'codec_recon_1=0.042955; ', 'bpp_1=0.299517; ', 'mse_2=0.000561; ', 'lpips_2=0.004025; ', 'codec_recon_2=0.011707; ', 'bpp_2=0.289837; ']
train step[1861/2000] ; used: 42m:15s; eta: 3m:9s; loss = 0.091137; ['mse_0=0.002016; ', 'lpips_0=0.006057; ', 'codec_recon_0=0.007937; ', 'bpp_0=1.146375; ', 'mse_1=0.001593; ', 'lpips_1=0.004788; ', 'codec_recon_1=0.051787; ', 'bpp_1=0.301109; ', 'mse_2=0.001451; ', 'lpips_2=0.004025; ', 'codec_recon_2=0.011482; ', 'bpp_2=0.291776; ']
train step[1862/2000] ; used: 42m:16s; eta: 3m:7s; loss = 0.071747; ['mse_0=0.000953; ', 'lpips_0=0.005277; ', 'codec_recon_0=0.006688; ', 'bpp_0=1.121804; ', 'mse_1=0.000790; ', 'lpips_1=0.004485; ', 'codec_recon_1=0.039451; ', 'bpp_1=0.300082; ', 'mse_2=0.000697; ', 'lpips_2=0.003861; ', 'codec_recon_2=0.009543; ', 'bpp_2=0.290449; ']
train step[1863/2000] ; used: 42m:17s; eta: 3m:6s; loss = 0.067806; ['mse_0=0.001096; ', 'lpips_0=0.004303; ', 'codec_recon_0=0.006365; ', 'bpp_0=1.126627; ', 'mse_1=0.000856; ', 'lpips_1=0.003493; ', 'codec_recon_1=0.039133; ', 'bpp_1=0.298825; ', 'mse_2=0.000713; ', 'lpips_2=0.002918; ', 'codec_recon_2=0.008928; ', 'bpp_2=0.287716; ']
train step[1864/2000] ; used: 42m:19s; eta: 3m:5s; loss = 0.070538; ['mse_0=0.001846; ', 'lpips_0=0.005408; ', 'codec_recon_0=0.006435; ', 'bpp_0=1.115048; ', 'mse_1=0.001601; ', 'lpips_1=0.004694; ', 'codec_recon_1=0.037105; ', 'bpp_1=0.299417; ', 'mse_2=0.001468; ', 'lpips_2=0.004278; ', 'codec_recon_2=0.007702; ', 'bpp_2=0.289405; ']
train step[1865/2000] ; used: 42m:20s; eta: 3m:3s; loss = 0.092825; ['mse_0=0.003636; ', 'lpips_0=0.006765; ', 'codec_recon_0=0.007325; ', 'bpp_0=1.121985; ', 'mse_1=0.003140; ', 'lpips_1=0.006125; ', 'codec_recon_1=0.047611; ', 'bpp_1=0.300337; ', 'mse_2=0.002952; ', 'lpips_2=0.005583; ', 'codec_recon_2=0.009686; ', 'bpp_2=0.292012; ']
train step[1866/2000] ; used: 42m:21s; eta: 3m:2s; loss = 0.111541; ['mse_0=0.003628; ', 'lpips_0=0.007550; ', 'codec_recon_0=0.008574; ', 'bpp_0=1.137591; ', 'mse_1=0.003067; ', 'lpips_1=0.006546; ', 'codec_recon_1=0.060178; ', 'bpp_1=0.300411; ', 'mse_2=0.002620; ', 'lpips_2=0.005476; ', 'codec_recon_2=0.013899; ', 'bpp_2=0.290367; ']
train step[1867/2000] ; used: 42m:22s; eta: 3m; loss = 0.075280; ['mse_0=0.001447; ', 'lpips_0=0.005544; ', 'codec_recon_0=0.006685; ', 'bpp_0=1.118830; ', 'mse_1=0.001184; ', 'lpips_1=0.004265; ', 'codec_recon_1=0.041406; ', 'bpp_1=0.299087; ', 'mse_2=0.001047; ', 'lpips_2=0.003602; ', 'codec_recon_2=0.010098; ', 'bpp_2=0.287812; ']
train step[1868/2000] ; used: 42m:23s; eta: 2m:59s; loss = 0.082502; ['mse_0=0.001718; ', 'lpips_0=0.007345; ', 'codec_recon_0=0.007025; ', 'bpp_0=1.113381; ', 'mse_1=0.001520; ', 'lpips_1=0.006528; ', 'codec_recon_1=0.041768; ', 'bpp_1=0.299735; ', 'mse_2=0.001428; ', 'lpips_2=0.006085; ', 'codec_recon_2=0.009083; ', 'bpp_2=0.289388; ']
train step[1869/2000] ; used: 42m:24s; eta: 2m:58s; loss = 0.084200; ['mse_0=0.002559; ', 'lpips_0=0.005716; ', 'codec_recon_0=0.007241; ', 'bpp_0=1.120204; ', 'mse_1=0.002187; ', 'lpips_1=0.004803; ', 'codec_recon_1=0.046431; ', 'bpp_1=0.300315; ', 'mse_2=0.001906; ', 'lpips_2=0.004114; ', 'codec_recon_2=0.009242; ', 'bpp_2=0.289723; ']
train step[1870/2000] ; used: 42m:25s; eta: 2m:56s; loss = 0.083292; ['mse_0=0.001172; ', 'lpips_0=0.006915; ', 'codec_recon_0=0.007330; ', 'bpp_0=1.107440; ', 'mse_1=0.000929; ', 'lpips_1=0.005933; ', 'codec_recon_1=0.043401; ', 'bpp_1=0.298623; ', 'mse_2=0.000936; ', 'lpips_2=0.005486; ', 'codec_recon_2=0.011188; ', 'bpp_2=0.287671; ']
train step[1871/2000] ; used: 42m:26s; eta: 2m:55s; loss = 0.082945; ['mse_0=0.002812; ', 'lpips_0=0.005352; ', 'codec_recon_0=0.007111; ', 'bpp_0=1.115863; ', 'mse_1=0.002346; ', 'lpips_1=0.004529; ', 'codec_recon_1=0.045486; ', 'bpp_1=0.298860; ', 'mse_2=0.001922; ', 'lpips_2=0.003869; ', 'codec_recon_2=0.009519; ', 'bpp_2=0.287990; ']
train step[1872/2000] ; used: 42m:27s; eta: 2m:54s; loss = 0.124648; ['mse_0=0.010481; ', 'lpips_0=0.009497; ', 'codec_recon_0=0.007901; ', 'bpp_0=1.146608; ', 'mse_1=0.008769; ', 'lpips_1=0.008104; ', 'codec_recon_1=0.051810; ', 'bpp_1=0.301761; ', 'mse_2=0.008502; ', 'lpips_2=0.006899; ', 'codec_recon_2=0.012683; ', 'bpp_2=0.290842; ']
train step[1873/2000] ; used: 42m:28s; eta: 2m:52s; loss = 0.129627; ['mse_0=0.002284; ', 'lpips_0=0.008855; ', 'codec_recon_0=0.010158; ', 'bpp_0=1.154051; ', 'mse_1=0.001850; ', 'lpips_1=0.007579; ', 'codec_recon_1=0.073268; ', 'bpp_1=0.302127; ', 'mse_2=0.001422; ', 'lpips_2=0.005615; ', 'codec_recon_2=0.018593; ', 'bpp_2=0.290895; ']
train step[1874/2000] ; used: 42m:29s; eta: 2m:51s; loss = 0.086420; ['mse_0=0.003694; ', 'lpips_0=0.006412; ', 'codec_recon_0=0.008971; ', 'bpp_0=1.120001; ', 'mse_1=0.003607; ', 'lpips_1=0.005514; ', 'codec_recon_1=0.041922; ', 'bpp_1=0.299678; ', 'mse_2=0.003502; ', 'lpips_2=0.004985; ', 'codec_recon_2=0.007813; ', 'bpp_2=0.288895; ']
train step[1875/2000] ; used: 42m:30s; eta: 2m:49s; loss = 0.068266; ['mse_0=0.000915; ', 'lpips_0=0.006234; ', 'codec_recon_0=0.008658; ', 'bpp_0=1.101768; ', 'mse_1=0.000786; ', 'lpips_1=0.005290; ', 'codec_recon_1=0.033115; ', 'bpp_1=0.298582; ', 'mse_2=0.000715; ', 'lpips_2=0.005011; ', 'codec_recon_2=0.007541; ', 'bpp_2=0.284831; ']
train step[1876/2000] ; used: 42m:31s; eta: 2m:48s; loss = 0.086365; ['mse_0=0.002556; ', 'lpips_0=0.006225; ', 'codec_recon_0=0.007927; ', 'bpp_0=1.114182; ', 'mse_1=0.002141; ', 'lpips_1=0.005280; ', 'codec_recon_1=0.044347; ', 'bpp_1=0.299542; ', 'mse_2=0.001948; ', 'lpips_2=0.004431; ', 'codec_recon_2=0.011510; ', 'bpp_2=0.286754; ']
train step[1877/2000] ; used: 42m:32s; eta: 2m:47s; loss = 0.067831; ['mse_0=0.001781; ', 'lpips_0=0.005849; ', 'codec_recon_0=0.006944; ', 'bpp_0=1.105435; ', 'mse_1=0.001447; ', 'lpips_1=0.004948; ', 'codec_recon_1=0.033725; ', 'bpp_1=0.299172; ', 'mse_2=0.001198; ', 'lpips_2=0.004331; ', 'codec_recon_2=0.007607; ', 'bpp_2=0.286438; ']
train step[1878/2000] ; used: 42m:33s; eta: 2m:45s; loss = 0.078609; ['mse_0=0.002093; ', 'lpips_0=0.005322; ', 'codec_recon_0=0.007977; ', 'bpp_0=1.109046; ', 'mse_1=0.001897; ', 'lpips_1=0.004422; ', 'codec_recon_1=0.042325; ', 'bpp_1=0.300316; ', 'mse_2=0.001789; ', 'lpips_2=0.004009; ', 'codec_recon_2=0.008772; ', 'bpp_2=0.289312; ']
train step[1879/2000] ; used: 42m:34s; eta: 2m:44s; loss = 0.087218; ['mse_0=0.005955; ', 'lpips_0=0.007424; ', 'codec_recon_0=0.007218; ', 'bpp_0=1.092641; ', 'mse_1=0.005594; ', 'lpips_1=0.006523; ', 'codec_recon_1=0.035322; ', 'bpp_1=0.297954; ', 'mse_2=0.005542; ', 'lpips_2=0.005973; ', 'codec_recon_2=0.007664; ', 'bpp_2=0.286121; ']
train step[1880/2000] ; used: 42m:35s; eta: 2m:43s; loss = 0.098797; ['mse_0=0.001996; ', 'lpips_0=0.006203; ', 'codec_recon_0=0.008376; ', 'bpp_0=1.148152; ', 'mse_1=0.001425; ', 'lpips_1=0.005028; ', 'codec_recon_1=0.057901; ', 'bpp_1=0.301748; ', 'mse_2=0.001011; ', 'lpips_2=0.003665; ', 'codec_recon_2=0.013189; ', 'bpp_2=0.290788; ']
train step[1881/2000] ; used: 42m:36s; eta: 2m:41s; loss = 0.069669; ['mse_0=0.000570; ', 'lpips_0=0.004480; ', 'codec_recon_0=0.007670; ', 'bpp_0=1.113240; ', 'mse_1=0.000405; ', 'lpips_1=0.003543; ', 'codec_recon_1=0.040430; ', 'bpp_1=0.299474; ', 'mse_2=0.000303; ', 'lpips_2=0.002998; ', 'codec_recon_2=0.009269; ', 'bpp_2=0.288579; ']
train step[1882/2000] ; used: 42m:37s; eta: 2m:40s; loss = 0.082282; ['mse_0=0.002620; ', 'lpips_0=0.004961; ', 'codec_recon_0=0.008286; ', 'bpp_0=1.122469; ', 'mse_1=0.002403; ', 'lpips_1=0.004056; ', 'codec_recon_1=0.044113; ', 'bpp_1=0.299547; ', 'mse_2=0.002367; ', 'lpips_2=0.003609; ', 'codec_recon_2=0.009866; ', 'bpp_2=0.290532; ']
train step[1883/2000] ; used: 42m:38s; eta: 2m:38s; loss = 0.074772; ['mse_0=0.001361; ', 'lpips_0=0.005682; ', 'codec_recon_0=0.007535; ', 'bpp_0=1.092685; ', 'mse_1=0.001210; ', 'lpips_1=0.004851; ', 'codec_recon_1=0.040444; ', 'bpp_1=0.297929; ', 'mse_2=0.001149; ', 'lpips_2=0.004385; ', 'codec_recon_2=0.008153; ', 'bpp_2=0.287163; ']
train step[1884/2000] ; used: 42m:39s; eta: 2m:37s; loss = 0.135215; ['mse_0=0.002248; ', 'lpips_0=0.007589; ', 'codec_recon_0=0.009607; ', 'bpp_0=1.159762; ', 'mse_1=0.001767; ', 'lpips_1=0.005743; ', 'codec_recon_1=0.084240; ', 'bpp_1=0.302954; ', 'mse_2=0.001386; ', 'lpips_2=0.004064; ', 'codec_recon_2=0.018569; ', 'bpp_2=0.294178; ']
train step[1885/2000] ; used: 42m:40s; eta: 2m:36s; loss = 0.107472; ['mse_0=0.001228; ', 'lpips_0=0.006178; ', 'codec_recon_0=0.008879; ', 'bpp_0=1.141568; ', 'mse_1=0.001039; ', 'lpips_1=0.004879; ', 'codec_recon_1=0.065992; ', 'bpp_1=0.302745; ', 'mse_2=0.000818; ', 'lpips_2=0.003736; ', 'codec_recon_2=0.014722; ', 'bpp_2=0.293004; ']
train step[1886/2000] ; used: 42m:41s; eta: 2m:34s; loss = 0.112096; ['mse_0=0.002254; ', 'lpips_0=0.005997; ', 'codec_recon_0=0.009164; ', 'bpp_0=1.149915; ', 'mse_1=0.001735; ', 'lpips_1=0.004963; ', 'codec_recon_1=0.067550; ', 'bpp_1=0.301899; ', 'mse_2=0.001259; ', 'lpips_2=0.003721; ', 'codec_recon_2=0.015451; ', 'bpp_2=0.291592; ']
train step[1887/2000] ; used: 42m:42s; eta: 2m:33s; loss = 0.063902; ['mse_0=0.000419; ', 'lpips_0=0.005120; ', 'codec_recon_0=0.006795; ', 'bpp_0=1.105310; ', 'mse_1=0.000290; ', 'lpips_1=0.004148; ', 'codec_recon_1=0.035231; ', 'bpp_1=0.298710; ', 'mse_2=0.000275; ', 'lpips_2=0.003749; ', 'codec_recon_2=0.007875; ', 'bpp_2=0.288027; ']
train step[1888/2000] ; used: 42m:43s; eta: 2m:32s; loss = 0.096382; ['mse_0=0.002253; ', 'lpips_0=0.006978; ', 'codec_recon_0=0.008930; ', 'bpp_0=1.130262; ', 'mse_1=0.002037; ', 'lpips_1=0.006049; ', 'codec_recon_1=0.051304; ', 'bpp_1=0.301702; ', 'mse_2=0.001979; ', 'lpips_2=0.005457; ', 'codec_recon_2=0.011392; ', 'bpp_2=0.290885; ']
train step[1889/2000] ; used: 42m:44s; eta: 2m:30s; loss = 0.073214; ['mse_0=0.001209; ', 'lpips_0=0.004731; ', 'codec_recon_0=0.007102; ', 'bpp_0=1.114931; ', 'mse_1=0.000943; ', 'lpips_1=0.003670; ', 'codec_recon_1=0.042272; ', 'bpp_1=0.300391; ', 'mse_2=0.000716; ', 'lpips_2=0.002902; ', 'codec_recon_2=0.009668; ', 'bpp_2=0.287997; ']
train step[1890/2000] ; used: 42m:45s; eta: 2m:29s; loss = 0.070973; ['mse_0=0.000641; ', 'lpips_0=0.005244; ', 'codec_recon_0=0.008663; ', 'bpp_0=1.111028; ', 'mse_1=0.000524; ', 'lpips_1=0.004500; ', 'codec_recon_1=0.038405; ', 'bpp_1=0.299596; ', 'mse_2=0.000455; ', 'lpips_2=0.004245; ', 'codec_recon_2=0.008294; ', 'bpp_2=0.289418; ']
train step[1891/2000] ; used: 42m:46s; eta: 2m:27s; loss = 0.073102; ['mse_0=0.000744; ', 'lpips_0=0.004724; ', 'codec_recon_0=0.007488; ', 'bpp_0=1.105753; ', 'mse_1=0.000656; ', 'lpips_1=0.003841; ', 'codec_recon_1=0.042735; ', 'bpp_1=0.299072; ', 'mse_2=0.000569; ', 'lpips_2=0.003281; ', 'codec_recon_2=0.009061; ', 'bpp_2=0.289190; ']
train step[1892/2000] ; used: 42m:47s; eta: 2m:26s; loss = 0.079944; ['mse_0=0.002210; ', 'lpips_0=0.007803; ', 'codec_recon_0=0.010157; ', 'bpp_0=1.100629; ', 'mse_1=0.002001; ', 'lpips_1=0.007090; ', 'codec_recon_1=0.034499; ', 'bpp_1=0.297990; ', 'mse_2=0.001944; ', 'lpips_2=0.006657; ', 'codec_recon_2=0.007580; ', 'bpp_2=0.286940; ']
train step[1893/2000] ; used: 42m:48s; eta: 2m:25s; loss = 0.073212; ['mse_0=0.001649; ', 'lpips_0=0.005257; ', 'codec_recon_0=0.010371; ', 'bpp_0=1.120083; ', 'mse_1=0.001475; ', 'lpips_1=0.004534; ', 'codec_recon_1=0.036101; ', 'bpp_1=0.299651; ', 'mse_2=0.001342; ', 'lpips_2=0.004041; ', 'codec_recon_2=0.008440; ', 'bpp_2=0.288845; ']
train step[1894/2000] ; used: 42m:49s; eta: 2m:23s; loss = 0.084588; ['mse_0=0.005226; ', 'lpips_0=0.006755; ', 'codec_recon_0=0.007056; ', 'bpp_0=1.092729; ', 'mse_1=0.004477; ', 'lpips_1=0.006257; ', 'codec_recon_1=0.037049; ', 'bpp_1=0.297397; ', 'mse_2=0.004341; ', 'lpips_2=0.005814; ', 'codec_recon_2=0.007612; ', 'bpp_2=0.285335; ']
train step[1895/2000] ; used: 42m:50s; eta: 2m:22s; loss = 0.099609; ['mse_0=0.005528; ', 'lpips_0=0.007055; ', 'codec_recon_0=0.009856; ', 'bpp_0=1.107744; ', 'mse_1=0.005108; ', 'lpips_1=0.006190; ', 'codec_recon_1=0.044523; ', 'bpp_1=0.298663; ', 'mse_2=0.004939; ', 'lpips_2=0.005366; ', 'codec_recon_2=0.011043; ', 'bpp_2=0.287372; ']
train step[1896/2000] ; used: 42m:52s; eta: 2m:21s; loss = 0.079211; ['mse_0=0.001701; ', 'lpips_0=0.005087; ', 'codec_recon_0=0.007706; ', 'bpp_0=1.110217; ', 'mse_1=0.001409; ', 'lpips_1=0.004284; ', 'codec_recon_1=0.044108; ', 'bpp_1=0.299736; ', 'mse_2=0.001255; ', 'lpips_2=0.003561; ', 'codec_recon_2=0.010098; ', 'bpp_2=0.289325; ']
train step[1897/2000] ; used: 42m:53s; eta: 2m:19s; loss = 0.091545; ['mse_0=0.001953; ', 'lpips_0=0.005701; ', 'codec_recon_0=0.008787; ', 'bpp_0=1.118361; ', 'mse_1=0.001698; ', 'lpips_1=0.004940; ', 'codec_recon_1=0.050476; ', 'bpp_1=0.300733; ', 'mse_2=0.001682; ', 'lpips_2=0.004385; ', 'codec_recon_2=0.011922; ', 'bpp_2=0.290681; ']
train step[1898/2000] ; used: 42m:54s; eta: 2m:18s; loss = 0.088576; ['mse_0=0.002567; ', 'lpips_0=0.005315; ', 'codec_recon_0=0.008015; ', 'bpp_0=1.126051; ', 'mse_1=0.002173; ', 'lpips_1=0.004570; ', 'codec_recon_1=0.049039; ', 'bpp_1=0.299977; ', 'mse_2=0.001909; ', 'lpips_2=0.003661; ', 'codec_recon_2=0.011325; ', 'bpp_2=0.289225; ']
train step[1899/2000] ; used: 42m:55s; eta: 2m:16s; loss = 0.116755; ['mse_0=0.008193; ', 'lpips_0=0.008973; ', 'codec_recon_0=0.008852; ', 'bpp_0=1.126813; ', 'mse_1=0.007165; ', 'lpips_1=0.008115; ', 'codec_recon_1=0.050138; ', 'bpp_1=0.301226; ', 'mse_2=0.006963; ', 'lpips_2=0.007481; ', 'codec_recon_2=0.010873; ', 'bpp_2=0.290813; ']
train step[1900/2000] ; used: 42m:56s; eta: 2m:15s; loss = 0.114876; ['mse_0=0.004132; ', 'lpips_0=0.006912; ', 'codec_recon_0=0.008971; ', 'bpp_0=1.142997; ', 'mse_1=0.003524; ', 'lpips_1=0.005920; ', 'codec_recon_1=0.062411; ', 'bpp_1=0.302471; ', 'mse_2=0.003028; ', 'lpips_2=0.004542; ', 'codec_recon_2=0.015434; ', 'bpp_2=0.292643; ']
train step[1901/2000] ; used: 42m:57s; eta: 2m:14s; loss = 0.080714; ['mse_0=0.002407; ', 'lpips_0=0.006421; ', 'codec_recon_0=0.007419; ', 'bpp_0=1.120089; ', 'mse_1=0.002081; ', 'lpips_1=0.005553; ', 'codec_recon_1=0.041161; ', 'bpp_1=0.300501; ', 'mse_2=0.001959; ', 'lpips_2=0.004868; ', 'codec_recon_2=0.008844; ', 'bpp_2=0.288673; ']
train step[1902/2000] ; used: 42m:58s; eta: 2m:12s; loss = 0.074204; ['mse_0=0.001319; ', 'lpips_0=0.005240; ', 'codec_recon_0=0.007252; ', 'bpp_0=1.118135; ', 'mse_1=0.000926; ', 'lpips_1=0.004051; ', 'codec_recon_1=0.042007; ', 'bpp_1=0.301195; ', 'mse_2=0.000694; ', 'lpips_2=0.003193; ', 'codec_recon_2=0.009519; ', 'bpp_2=0.290179; ']
train step[1903/2000] ; used: 42m:59s; eta: 2m:11s; loss = 0.077141; ['mse_0=0.001514; ', 'lpips_0=0.005261; ', 'codec_recon_0=0.007325; ', 'bpp_0=1.111202; ', 'mse_1=0.001220; ', 'lpips_1=0.004535; ', 'codec_recon_1=0.043185; ', 'bpp_1=0.299258; ', 'mse_2=0.001112; ', 'lpips_2=0.003940; ', 'codec_recon_2=0.009046; ', 'bpp_2=0.288735; ']
train step[1904/2000] ; used: 43m; eta: 2m:10s; loss = 0.078892; ['mse_0=0.002236; ', 'lpips_0=0.005526; ', 'codec_recon_0=0.006963; ', 'bpp_0=1.109363; ', 'mse_1=0.001861; ', 'lpips_1=0.004681; ', 'codec_recon_1=0.043136; ', 'bpp_1=0.298345; ', 'mse_2=0.001629; ', 'lpips_2=0.004070; ', 'codec_recon_2=0.008789; ', 'bpp_2=0.286088; ']
train step[1905/2000] ; used: 43m:1s; eta: 2m:8s; loss = 0.073830; ['mse_0=0.001763; ', 'lpips_0=0.005433; ', 'codec_recon_0=0.007788; ', 'bpp_0=1.106343; ', 'mse_1=0.001525; ', 'lpips_1=0.004924; ', 'codec_recon_1=0.037407; ', 'bpp_1=0.298907; ', 'mse_2=0.001379; ', 'lpips_2=0.004087; ', 'codec_recon_2=0.009523; ', 'bpp_2=0.287251; ']
train step[1906/2000] ; used: 43m:2s; eta: 2m:7s; loss = 0.067468; ['mse_0=0.001106; ', 'lpips_0=0.005493; ', 'codec_recon_0=0.006588; ', 'bpp_0=1.105046; ', 'mse_1=0.000973; ', 'lpips_1=0.004811; ', 'codec_recon_1=0.035378; ', 'bpp_1=0.298892; ', 'mse_2=0.000940; ', 'lpips_2=0.004451; ', 'codec_recon_2=0.007725; ', 'bpp_2=0.288386; ']
train step[1907/2000] ; used: 43m:3s; eta: 2m:5s; loss = 0.075883; ['mse_0=0.002054; ', 'lpips_0=0.005170; ', 'codec_recon_0=0.007258; ', 'bpp_0=1.120847; ', 'mse_1=0.001894; ', 'lpips_1=0.004563; ', 'codec_recon_1=0.039186; ', 'bpp_1=0.300210; ', 'mse_2=0.001715; ', 'lpips_2=0.004166; ', 'codec_recon_2=0.009876; ', 'bpp_2=0.290664; ']
train step[1908/2000] ; used: 43m:4s; eta: 2m:4s; loss = 0.089482; ['mse_0=0.002434; ', 'lpips_0=0.005055; ', 'codec_recon_0=0.007347; ', 'bpp_0=1.134817; ', 'mse_1=0.002177; ', 'lpips_1=0.004213; ', 'codec_recon_1=0.051690; ', 'bpp_1=0.301005; ', 'mse_2=0.001950; ', 'lpips_2=0.003639; ', 'codec_recon_2=0.010976; ', 'bpp_2=0.290210; ']
train step[1909/2000] ; used: 43m:5s; eta: 2m:3s; loss = 0.082034; ['mse_0=0.000722; ', 'lpips_0=0.004883; ', 'codec_recon_0=0.007190; ', 'bpp_0=1.118964; ', 'mse_1=0.000502; ', 'lpips_1=0.003718; ', 'codec_recon_1=0.047876; ', 'bpp_1=0.298861; ', 'mse_2=0.000357; ', 'lpips_2=0.002763; ', 'codec_recon_2=0.014021; ', 'bpp_2=0.286858; ']
train step[1910/2000] ; used: 43m:6s; eta: 2m:1s; loss = 0.125236; ['mse_0=0.002873; ', 'lpips_0=0.008208; ', 'codec_recon_0=0.008093; ', 'bpp_0=1.148370; ', 'mse_1=0.002472; ', 'lpips_1=0.006971; ', 'codec_recon_1=0.070944; ', 'bpp_1=0.302566; ', 'mse_2=0.002290; ', 'lpips_2=0.006064; ', 'codec_recon_2=0.017318; ', 'bpp_2=0.291639; ']
train step[1911/2000] ; used: 43m:7s; eta: 2m; loss = 0.077436; ['mse_0=0.001047; ', 'lpips_0=0.005075; ', 'codec_recon_0=0.007950; ', 'bpp_0=1.116293; ', 'mse_1=0.000787; ', 'lpips_1=0.004132; ', 'codec_recon_1=0.043972; ', 'bpp_1=0.298321; ', 'mse_2=0.000733; ', 'lpips_2=0.003449; ', 'codec_recon_2=0.010291; ', 'bpp_2=0.288871; ']
train step[1912/2000] ; used: 43m:8s; eta: 1m:59s; loss = 0.123517; ['mse_0=0.003137; ', 'lpips_0=0.006456; ', 'codec_recon_0=0.008127; ', 'bpp_0=1.162120; ', 'mse_1=0.002641; ', 'lpips_1=0.005376; ', 'codec_recon_1=0.072856; ', 'bpp_1=0.302264; ', 'mse_2=0.002223; ', 'lpips_2=0.003839; ', 'codec_recon_2=0.018862; ', 'bpp_2=0.293554; ']
train step[1913/2000] ; used: 43m:9s; eta: 1m:57s; loss = 0.079295; ['mse_0=0.001195; ', 'lpips_0=0.005417; ', 'codec_recon_0=0.008052; ', 'bpp_0=1.119676; ', 'mse_1=0.000903; ', 'lpips_1=0.004311; ', 'codec_recon_1=0.043498; ', 'bpp_1=0.299839; ', 'mse_2=0.000715; ', 'lpips_2=0.003478; ', 'codec_recon_2=0.011726; ', 'bpp_2=0.289445; ']
train step[1914/2000] ; used: 43m:10s; eta: 1m:56s; loss = 0.100314; ['mse_0=0.003392; ', 'lpips_0=0.007222; ', 'codec_recon_0=0.007391; ', 'bpp_0=1.125160; ', 'mse_1=0.002803; ', 'lpips_1=0.006290; ', 'codec_recon_1=0.050586; ', 'bpp_1=0.300733; ', 'mse_2=0.002458; ', 'lpips_2=0.005642; ', 'codec_recon_2=0.014529; ', 'bpp_2=0.290595; ']
train step[1915/2000] ; used: 43m:11s; eta: 1m:54s; loss = 0.080611; ['mse_0=0.001459; ', 'lpips_0=0.005959; ', 'codec_recon_0=0.007487; ', 'bpp_0=1.116893; ', 'mse_1=0.001209; ', 'lpips_1=0.005065; ', 'codec_recon_1=0.042625; ', 'bpp_1=0.298196; ', 'mse_2=0.001115; ', 'lpips_2=0.004433; ', 'codec_recon_2=0.011258; ', 'bpp_2=0.286731; ']
train step[1916/2000] ; used: 43m:12s; eta: 1m:53s; loss = 0.137331; ['mse_0=0.003902; ', 'lpips_0=0.007283; ', 'codec_recon_0=0.008909; ', 'bpp_0=1.152058; ', 'mse_1=0.003498; ', 'lpips_1=0.006420; ', 'codec_recon_1=0.079412; ', 'bpp_1=0.302406; ', 'mse_2=0.003154; ', 'lpips_2=0.005533; ', 'codec_recon_2=0.019217; ', 'bpp_2=0.293274; ']
train step[1917/2000] ; used: 43m:13s; eta: 1m:52s; loss = 0.086873; ['mse_0=0.005296; ', 'lpips_0=0.006206; ', 'codec_recon_0=0.006381; ', 'bpp_0=1.106571; ', 'mse_1=0.005333; ', 'lpips_1=0.005435; ', 'codec_recon_1=0.038735; ', 'bpp_1=0.298900; ', 'mse_2=0.005263; ', 'lpips_2=0.005100; ', 'codec_recon_2=0.009121; ', 'bpp_2=0.288013; ']
train step[1918/2000] ; used: 43m:14s; eta: 1m:50s; loss = 0.075245; ['mse_0=0.001934; ', 'lpips_0=0.006040; ', 'codec_recon_0=0.007110; ', 'bpp_0=1.115558; ', 'mse_1=0.001625; ', 'lpips_1=0.005384; ', 'codec_recon_1=0.038273; ', 'bpp_1=0.299206; ', 'mse_2=0.001590; ', 'lpips_2=0.005037; ', 'codec_recon_2=0.008251; ', 'bpp_2=0.291315; ']
train step[1919/2000] ; used: 43m:15s; eta: 1m:49s; loss = 0.088352; ['mse_0=0.002162; ', 'lpips_0=0.006164; ', 'codec_recon_0=0.007901; ', 'bpp_0=1.119673; ', 'mse_1=0.001919; ', 'lpips_1=0.005379; ', 'codec_recon_1=0.047480; ', 'bpp_1=0.299665; ', 'mse_2=0.001792; ', 'lpips_2=0.004936; ', 'codec_recon_2=0.010617; ', 'bpp_2=0.290029; ']
train step[1920/2000] ; used: 43m:16s; eta: 1m:48s; loss = 0.106543; ['mse_0=0.002477; ', 'lpips_0=0.006020; ', 'codec_recon_0=0.007840; ', 'bpp_0=1.149249; ', 'mse_1=0.001758; ', 'lpips_1=0.004535; ', 'codec_recon_1=0.065453; ', 'bpp_1=0.301996; ', 'mse_2=0.001063; ', 'lpips_2=0.002974; ', 'codec_recon_2=0.014421; ', 'bpp_2=0.293778; ']
train step[1921/2000] ; used: 43m:17s; eta: 1m:46s; loss = 0.074222; ['mse_0=0.001651; ', 'lpips_0=0.005105; ', 'codec_recon_0=0.006377; ', 'bpp_0=1.127395; ', 'mse_1=0.001364; ', 'lpips_1=0.004265; ', 'codec_recon_1=0.040799; ', 'bpp_1=0.300017; ', 'mse_2=0.001069; ', 'lpips_2=0.003773; ', 'codec_recon_2=0.009818; ', 'bpp_2=0.291917; ']
train step[1922/2000] ; used: 43m:18s; eta: 1m:45s; loss = 0.086185; ['mse_0=0.002376; ', 'lpips_0=0.007098; ', 'codec_recon_0=0.006955; ', 'bpp_0=1.131591; ', 'mse_1=0.001996; ', 'lpips_1=0.006018; ', 'codec_recon_1=0.044618; ', 'bpp_1=0.300082; ', 'mse_2=0.001844; ', 'lpips_2=0.005186; ', 'codec_recon_2=0.010093; ', 'bpp_2=0.291779; ']
train step[1923/2000] ; used: 43m:19s; eta: 1m:44s; loss = 0.065727; ['mse_0=0.000932; ', 'lpips_0=0.004554; ', 'codec_recon_0=0.006374; ', 'bpp_0=1.104926; ', 'mse_1=0.000641; ', 'lpips_1=0.003527; ', 'codec_recon_1=0.037100; ', 'bpp_1=0.298218; ', 'mse_2=0.000529; ', 'lpips_2=0.002878; ', 'codec_recon_2=0.009191; ', 'bpp_2=0.286318; ']
train step[1924/2000] ; used: 43m:20s; eta: 1m:42s; loss = 0.079377; ['mse_0=0.001325; ', 'lpips_0=0.005814; ', 'codec_recon_0=0.006975; ', 'bpp_0=1.116132; ', 'mse_1=0.001111; ', 'lpips_1=0.005110; ', 'codec_recon_1=0.044362; ', 'bpp_1=0.298536; ', 'mse_2=0.001001; ', 'lpips_2=0.004500; ', 'codec_recon_2=0.009177; ', 'bpp_2=0.288676; ']
train step[1925/2000] ; used: 43m:21s; eta: 1m:41s; loss = 0.134862; ['mse_0=0.004841; ', 'lpips_0=0.008141; ', 'codec_recon_0=0.007980; ', 'bpp_0=1.166210; ', 'mse_1=0.004331; ', 'lpips_1=0.007042; ', 'codec_recon_1=0.076251; ', 'bpp_1=0.302865; ', 'mse_2=0.003896; ', 'lpips_2=0.005654; ', 'codec_recon_2=0.016724; ', 'bpp_2=0.293252; ']
train step[1926/2000] ; used: 43m:23s; eta: 1m:39s; loss = 0.110508; ['mse_0=0.008814; ', 'lpips_0=0.006409; ', 'codec_recon_0=0.007042; ', 'bpp_0=1.139312; ', 'mse_1=0.008303; ', 'lpips_1=0.005587; ', 'codec_recon_1=0.050234; ', 'bpp_1=0.302107; ', 'mse_2=0.008070; ', 'lpips_2=0.004894; ', 'codec_recon_2=0.011154; ', 'bpp_2=0.291261; ']
train step[1927/2000] ; used: 43m:24s; eta: 1m:38s; loss = 0.088365; ['mse_0=0.002071; ', 'lpips_0=0.005221; ', 'codec_recon_0=0.007279; ', 'bpp_0=1.130120; ', 'mse_1=0.001901; ', 'lpips_1=0.004319; ', 'codec_recon_1=0.049656; ', 'bpp_1=0.299694; ', 'mse_2=0.001918; ', 'lpips_2=0.003662; ', 'codec_recon_2=0.012336; ', 'bpp_2=0.290896; ']
train step[1928/2000] ; used: 43m:25s; eta: 1m:37s; loss = 0.076758; ['mse_0=0.002170; ', 'lpips_0=0.005557; ', 'codec_recon_0=0.006518; ', 'bpp_0=1.126392; ', 'mse_1=0.001918; ', 'lpips_1=0.004735; ', 'codec_recon_1=0.040375; ', 'bpp_1=0.299804; ', 'mse_2=0.001856; ', 'lpips_2=0.004240; ', 'codec_recon_2=0.009388; ', 'bpp_2=0.290694; ']
train step[1929/2000] ; used: 43m:26s; eta: 1m:35s; loss = 0.080887; ['mse_0=0.001029; ', 'lpips_0=0.004419; ', 'codec_recon_0=0.006674; ', 'bpp_0=1.129606; ', 'mse_1=0.000778; ', 'lpips_1=0.003531; ', 'codec_recon_1=0.050171; ', 'bpp_1=0.300517; ', 'mse_2=0.000591; ', 'lpips_2=0.002980; ', 'codec_recon_2=0.010712; ', 'bpp_2=0.290524; ']
train step[1930/2000] ; used: 43m:27s; eta: 1m:34s; loss = 0.072472; ['mse_0=0.000973; ', 'lpips_0=0.005272; ', 'codec_recon_0=0.006643; ', 'bpp_0=1.107764; ', 'mse_1=0.000841; ', 'lpips_1=0.004350; ', 'codec_recon_1=0.039838; ', 'bpp_1=0.298157; ', 'mse_2=0.000797; ', 'lpips_2=0.003928; ', 'codec_recon_2=0.009828; ', 'bpp_2=0.288227; ']
train step[1931/2000] ; used: 43m:28s; eta: 1m:33s; loss = 0.059556; ['mse_0=0.000503; ', 'lpips_0=0.004372; ', 'codec_recon_0=0.005644; ', 'bpp_0=1.094755; ', 'mse_1=0.000372; ', 'lpips_1=0.003476; ', 'codec_recon_1=0.033930; ', 'bpp_1=0.297468; ', 'mse_2=0.000293; ', 'lpips_2=0.003043; ', 'codec_recon_2=0.007921; ', 'bpp_2=0.285193; ']
train step[1932/2000] ; used: 43m:29s; eta: 1m:31s; loss = 0.076826; ['mse_0=0.001040; ', 'lpips_0=0.003960; ', 'codec_recon_0=0.006988; ', 'bpp_0=1.131543; ', 'mse_1=0.000835; ', 'lpips_1=0.003261; ', 'codec_recon_1=0.047292; ', 'bpp_1=0.301079; ', 'mse_2=0.000732; ', 'lpips_2=0.002633; ', 'codec_recon_2=0.010082; ', 'bpp_2=0.292983; ']
train step[1933/2000] ; used: 43m:30s; eta: 1m:30s; loss = 0.068692; ['mse_0=0.001909; ', 'lpips_0=0.005345; ', 'codec_recon_0=0.006931; ', 'bpp_0=1.095164; ', 'mse_1=0.001370; ', 'lpips_1=0.004515; ', 'codec_recon_1=0.036009; ', 'bpp_1=0.299077; ', 'mse_2=0.001146; ', 'lpips_2=0.004031; ', 'codec_recon_2=0.007435; ', 'bpp_2=0.288890; ']
train step[1934/2000] ; used: 43m:31s; eta: 1m:29s; loss = 0.095472; ['mse_0=0.002730; ', 'lpips_0=0.005597; ', 'codec_recon_0=0.007887; ', 'bpp_0=1.139893; ', 'mse_1=0.002374; ', 'lpips_1=0.004563; ', 'codec_recon_1=0.054713; ', 'bpp_1=0.301921; ', 'mse_2=0.002141; ', 'lpips_2=0.003795; ', 'codec_recon_2=0.011669; ', 'bpp_2=0.292265; ']
train step[1935/2000] ; used: 43m:32s; eta: 1m:27s; loss = 0.074582; ['mse_0=0.001758; ', 'lpips_0=0.004875; ', 'codec_recon_0=0.006928; ', 'bpp_0=1.115391; ', 'mse_1=0.001557; ', 'lpips_1=0.004070; ', 'codec_recon_1=0.040532; ', 'bpp_1=0.297822; ', 'mse_2=0.001499; ', 'lpips_2=0.003534; ', 'codec_recon_2=0.009827; ', 'bpp_2=0.287375; ']
train step[1936/2000] ; used: 43m:33s; eta: 1m:26s; loss = 0.105788; ['mse_0=0.003297; ', 'lpips_0=0.007222; ', 'codec_recon_0=0.007518; ', 'bpp_0=1.130164; ', 'mse_1=0.002998; ', 'lpips_1=0.006520; ', 'codec_recon_1=0.056711; ', 'bpp_1=0.301202; ', 'mse_2=0.002816; ', 'lpips_2=0.005798; ', 'codec_recon_2=0.012906; ', 'bpp_2=0.291223; ']
train step[1937/2000] ; used: 43m:34s; eta: 1m:24s; loss = 0.115477; ['mse_0=0.002729; ', 'lpips_0=0.006397; ', 'codec_recon_0=0.007942; ', 'bpp_0=1.154513; ', 'mse_1=0.002278; ', 'lpips_1=0.005340; ', 'codec_recon_1=0.068795; ', 'bpp_1=0.302796; ', 'mse_2=0.001810; ', 'lpips_2=0.004228; ', 'codec_recon_2=0.015956; ', 'bpp_2=0.292722; ']
train step[1938/2000] ; used: 43m:35s; eta: 1m:23s; loss = 0.072382; ['mse_0=0.001114; ', 'lpips_0=0.006526; ', 'codec_recon_0=0.007483; ', 'bpp_0=1.091002; ', 'mse_1=0.000959; ', 'lpips_1=0.005883; ', 'codec_recon_1=0.035332; ', 'bpp_1=0.297657; ', 'mse_2=0.000931; ', 'lpips_2=0.005624; ', 'codec_recon_2=0.008529; ', 'bpp_2=0.286999; ']
train step[1939/2000] ; used: 43m:36s; eta: 1m:22s; loss = 0.080610; ['mse_0=0.001604; ', 'lpips_0=0.006845; ', 'codec_recon_0=0.006956; ', 'bpp_0=1.111515; ', 'mse_1=0.001413; ', 'lpips_1=0.005908; ', 'codec_recon_1=0.040473; ', 'bpp_1=0.298387; ', 'mse_2=0.001414; ', 'lpips_2=0.005339; ', 'codec_recon_2=0.010657; ', 'bpp_2=0.286394; ']
train step[1940/2000] ; used: 43m:37s; eta: 1m:20s; loss = 0.092175; ['mse_0=0.001563; ', 'lpips_0=0.005286; ', 'codec_recon_0=0.007425; ', 'bpp_0=1.131195; ', 'mse_1=0.001245; ', 'lpips_1=0.004258; ', 'codec_recon_1=0.054978; ', 'bpp_1=0.300191; ', 'mse_2=0.001022; ', 'lpips_2=0.003463; ', 'codec_recon_2=0.012933; ', 'bpp_2=0.290512; ']
train step[1941/2000] ; used: 43m:39s; eta: 1m:19s; loss = 0.121563; ['mse_0=0.002832; ', 'lpips_0=0.007342; ', 'codec_recon_0=0.008095; ', 'bpp_0=1.153777; ', 'mse_1=0.002242; ', 'lpips_1=0.005960; ', 'codec_recon_1=0.070252; ', 'bpp_1=0.303026; ', 'mse_2=0.001700; ', 'lpips_2=0.004399; ', 'codec_recon_2=0.018741; ', 'bpp_2=0.292047; ']
train step[1942/2000] ; used: 43m:40s; eta: 1m:18s; loss = 0.106497; ['mse_0=0.002284; ', 'lpips_0=0.005868; ', 'codec_recon_0=0.007605; ', 'bpp_0=1.136155; ', 'mse_1=0.001799; ', 'lpips_1=0.004750; ', 'codec_recon_1=0.063584; ', 'bpp_1=0.301600; ', 'mse_2=0.001383; ', 'lpips_2=0.003454; ', 'codec_recon_2=0.015769; ', 'bpp_2=0.290869; ']
train step[1943/2000] ; used: 43m:41s; eta: 1m:16s; loss = 0.118229; ['mse_0=0.002344; ', 'lpips_0=0.006029; ', 'codec_recon_0=0.008225; ', 'bpp_0=1.151488; ', 'mse_1=0.001878; ', 'lpips_1=0.004456; ', 'codec_recon_1=0.075334; ', 'bpp_1=0.302597; ', 'mse_2=0.001445; ', 'lpips_2=0.002999; ', 'codec_recon_2=0.015517; ', 'bpp_2=0.293125; ']
train step[1944/2000] ; used: 43m:42s; eta: 1m:15s; loss = 0.080713; ['mse_0=0.001188; ', 'lpips_0=0.005215; ', 'codec_recon_0=0.006869; ', 'bpp_0=1.127583; ', 'mse_1=0.001196; ', 'lpips_1=0.004335; ', 'codec_recon_1=0.045790; ', 'bpp_1=0.299037; ', 'mse_2=0.001036; ', 'lpips_2=0.003749; ', 'codec_recon_2=0.011335; ', 'bpp_2=0.290144; ']
train step[1945/2000] ; used: 43m:43s; eta: 1m:14s; loss = 0.087565; ['mse_0=0.001837; ', 'lpips_0=0.005852; ', 'codec_recon_0=0.007156; ', 'bpp_0=1.117279; ', 'mse_1=0.001556; ', 'lpips_1=0.005276; ', 'codec_recon_1=0.048444; ', 'bpp_1=0.299976; ', 'mse_2=0.001385; ', 'lpips_2=0.004762; ', 'codec_recon_2=0.011296; ', 'bpp_2=0.289831; ']
train step[1946/2000] ; used: 43m:44s; eta: 1m:12s; loss = 0.087703; ['mse_0=0.003094; ', 'lpips_0=0.004894; ', 'codec_recon_0=0.007200; ', 'bpp_0=1.129250; ', 'mse_1=0.002556; ', 'lpips_1=0.003865; ', 'codec_recon_1=0.049070; ', 'bpp_1=0.301198; ', 'mse_2=0.002589; ', 'lpips_2=0.003280; ', 'codec_recon_2=0.011153; ', 'bpp_2=0.292488; ']
train step[1947/2000] ; used: 43m:45s; eta: 1m:11s; loss = 0.063710; ['mse_0=0.001172; ', 'lpips_0=0.004610; ', 'codec_recon_0=0.005923; ', 'bpp_0=1.088613; ', 'mse_1=0.000944; ', 'lpips_1=0.003875; ', 'codec_recon_1=0.035870; ', 'bpp_1=0.297244; ', 'mse_2=0.000851; ', 'lpips_2=0.003447; ', 'codec_recon_2=0.007017; ', 'bpp_2=0.286155; ']
train step[1948/2000] ; used: 43m:46s; eta: 1m:10s; loss = 0.076381; ['mse_0=0.002285; ', 'lpips_0=0.005723; ', 'codec_recon_0=0.006671; ', 'bpp_0=1.096087; ', 'mse_1=0.002101; ', 'lpips_1=0.004913; ', 'codec_recon_1=0.039884; ', 'bpp_1=0.298792; ', 'mse_2=0.001987; ', 'lpips_2=0.004445; ', 'codec_recon_2=0.008371; ', 'bpp_2=0.286526; ']
train step[1949/2000] ; used: 43m:47s; eta: 1m:8s; loss = 0.073453; ['mse_0=0.001318; ', 'lpips_0=0.005316; ', 'codec_recon_0=0.006573; ', 'bpp_0=1.102484; ', 'mse_1=0.001206; ', 'lpips_1=0.004640; ', 'codec_recon_1=0.040231; ', 'bpp_1=0.299100; ', 'mse_2=0.001184; ', 'lpips_2=0.004203; ', 'codec_recon_2=0.008781; ', 'bpp_2=0.288164; ']
train step[1950/2000] ; used: 43m:48s; eta: 1m:7s; loss = 0.071433; ['mse_0=0.000652; ', 'lpips_0=0.005074; ', 'codec_recon_0=0.007004; ', 'bpp_0=1.107460; ', 'mse_1=0.000562; ', 'lpips_1=0.004249; ', 'codec_recon_1=0.040529; ', 'bpp_1=0.298693; ', 'mse_2=0.000496; ', 'lpips_2=0.003651; ', 'codec_recon_2=0.009215; ', 'bpp_2=0.288805; ']
train step[1951/2000] ; used: 43m:49s; eta: 1m:6s; loss = 0.100105; ['mse_0=0.002439; ', 'lpips_0=0.005674; ', 'codec_recon_0=0.007351; ', 'bpp_0=1.151056; ', 'mse_1=0.001762; ', 'lpips_1=0.004525; ', 'codec_recon_1=0.059618; ', 'bpp_1=0.301397; ', 'mse_2=0.000900; ', 'lpips_2=0.002790; ', 'codec_recon_2=0.015044; ', 'bpp_2=0.288742; ']
train step[1952/2000] ; used: 43m:50s; eta: 1m:4s; loss = 0.077196; ['mse_0=0.002340; ', 'lpips_0=0.005607; ', 'codec_recon_0=0.006494; ', 'bpp_0=1.104906; ', 'mse_1=0.002157; ', 'lpips_1=0.004841; ', 'codec_recon_1=0.041174; ', 'bpp_1=0.299280; ', 'mse_2=0.002031; ', 'lpips_2=0.004435; ', 'codec_recon_2=0.008114; ', 'bpp_2=0.287985; ']
train step[1953/2000] ; used: 43m:51s; eta: 1m:3s; loss = 0.072176; ['mse_0=0.001831; ', 'lpips_0=0.005274; ', 'codec_recon_0=0.006743; ', 'bpp_0=1.108774; ', 'mse_1=0.001586; ', 'lpips_1=0.004365; ', 'codec_recon_1=0.039189; ', 'bpp_1=0.299383; ', 'mse_2=0.001418; ', 'lpips_2=0.003769; ', 'codec_recon_2=0.007999; ', 'bpp_2=0.289042; ']
train step[1954/2000] ; used: 43m:52s; eta: 1m:1s; loss = 0.072739; ['mse_0=0.001309; ', 'lpips_0=0.005643; ', 'codec_recon_0=0.006504; ', 'bpp_0=1.111402; ', 'mse_1=0.001037; ', 'lpips_1=0.004535; ', 'codec_recon_1=0.039427; ', 'bpp_1=0.299105; ', 'mse_2=0.001014; ', 'lpips_2=0.003884; ', 'codec_recon_2=0.009384; ', 'bpp_2=0.286953; ']
train step[1955/2000] ; used: 43m:53s; eta: 1m; loss = 0.082834; ['mse_0=0.002670; ', 'lpips_0=0.006705; ', 'codec_recon_0=0.006717; ', 'bpp_0=1.100105; ', 'mse_1=0.002452; ', 'lpips_1=0.005993; ', 'codec_recon_1=0.042292; ', 'bpp_1=0.299840; ', 'mse_2=0.002395; ', 'lpips_2=0.005582; ', 'codec_recon_2=0.008024; ', 'bpp_2=0.288837; ']
train step[1956/2000] ; used: 43m:54s; eta: 59s; loss = 0.094772; ['mse_0=0.002286; ', 'lpips_0=0.005262; ', 'codec_recon_0=0.007298; ', 'bpp_0=1.139904; ', 'mse_1=0.001761; ', 'lpips_1=0.004081; ', 'codec_recon_1=0.056579; ', 'bpp_1=0.301275; ', 'mse_2=0.001037; ', 'lpips_2=0.002676; ', 'codec_recon_2=0.013790; ', 'bpp_2=0.291993; ']
train step[1957/2000] ; used: 43m:55s; eta: 57s; loss = 0.095004; ['mse_0=0.002802; ', 'lpips_0=0.007893; ', 'codec_recon_0=0.006729; ', 'bpp_0=1.120792; ', 'mse_1=0.002648; ', 'lpips_1=0.007178; ', 'codec_recon_1=0.046997; ', 'bpp_1=0.298806; ', 'mse_2=0.002647; ', 'lpips_2=0.006680; ', 'codec_recon_2=0.011427; ', 'bpp_2=0.289151; ']
train step[1958/2000] ; used: 43m:56s; eta: 56s; loss = 0.124420; ['mse_0=0.002400; ', 'lpips_0=0.006419; ', 'codec_recon_0=0.008760; ', 'bpp_0=1.152208; ', 'mse_1=0.001956; ', 'lpips_1=0.004968; ', 'codec_recon_1=0.077146; ', 'bpp_1=0.302553; ', 'mse_2=0.001545; ', 'lpips_2=0.003702; ', 'codec_recon_2=0.017522; ', 'bpp_2=0.292357; ']
train step[1959/2000] ; used: 43m:57s; eta: 55s; loss = 0.069416; ['mse_0=0.000710; ', 'lpips_0=0.004439; ', 'codec_recon_0=0.007131; ', 'bpp_0=1.106117; ', 'mse_1=0.000521; ', 'lpips_1=0.003473; ', 'codec_recon_1=0.040689; ', 'bpp_1=0.297916; ', 'mse_2=0.000417; ', 'lpips_2=0.002911; ', 'codec_recon_2=0.009123; ', 'bpp_2=0.288956; ']
train step[1960/2000] ; used: 43m:58s; eta: 53s; loss = 0.075580; ['mse_0=0.001043; ', 'lpips_0=0.005125; ', 'codec_recon_0=0.006679; ', 'bpp_0=1.120704; ', 'mse_1=0.000831; ', 'lpips_1=0.004143; ', 'codec_recon_1=0.044212; ', 'bpp_1=0.299835; ', 'mse_2=0.000691; ', 'lpips_2=0.003333; ', 'codec_recon_2=0.009521; ', 'bpp_2=0.289709; ']
train step[1961/2000] ; used: 43m:59s; eta: 52s; loss = 0.077910; ['mse_0=0.002067; ', 'lpips_0=0.004776; ', 'codec_recon_0=0.007582; ', 'bpp_0=1.117448; ', 'mse_1=0.001893; ', 'lpips_1=0.004177; ', 'codec_recon_1=0.043028; ', 'bpp_1=0.300994; ', 'mse_2=0.001868; ', 'lpips_2=0.003635; ', 'codec_recon_2=0.008881; ', 'bpp_2=0.290438; ']
train step[1962/2000] ; used: 44m; eta: 51s; loss = 0.079548; ['mse_0=0.000847; ', 'lpips_0=0.005029; ', 'codec_recon_0=0.006766; ', 'bpp_0=1.115707; ', 'mse_1=0.000638; ', 'lpips_1=0.004021; ', 'codec_recon_1=0.046364; ', 'bpp_1=0.298573; ', 'mse_2=0.000411; ', 'lpips_2=0.002919; ', 'codec_recon_2=0.012551; ', 'bpp_2=0.286861; ']
train step[1963/2000] ; used: 44m:2s; eta: 49s; loss = 0.069213; ['mse_0=0.000870; ', 'lpips_0=0.004501; ', 'codec_recon_0=0.007866; ', 'bpp_0=1.103543; ', 'mse_1=0.000724; ', 'lpips_1=0.003721; ', 'codec_recon_1=0.039399; ', 'bpp_1=0.298545; ', 'mse_2=0.000582; ', 'lpips_2=0.003261; ', 'codec_recon_2=0.008287; ', 'bpp_2=0.288939; ']
train step[1964/2000] ; used: 44m:3s; eta: 48s; loss = 0.089493; ['mse_0=0.003755; ', 'lpips_0=0.006577; ', 'codec_recon_0=0.007749; ', 'bpp_0=1.117234; ', 'mse_1=0.003537; ', 'lpips_1=0.005698; ', 'codec_recon_1=0.043535; ', 'bpp_1=0.300157; ', 'mse_2=0.003476; ', 'lpips_2=0.005150; ', 'codec_recon_2=0.010014; ', 'bpp_2=0.287591; ']
train step[1965/2000] ; used: 44m:4s; eta: 47s; loss = 0.079485; ['mse_0=0.002324; ', 'lpips_0=0.007343; ', 'codec_recon_0=0.008389; ', 'bpp_0=1.105080; ', 'mse_1=0.002117; ', 'lpips_1=0.006874; ', 'codec_recon_1=0.036134; ', 'bpp_1=0.299610; ', 'mse_2=0.001967; ', 'lpips_2=0.006610; ', 'codec_recon_2=0.007726; ', 'bpp_2=0.289022; ']
train step[1966/2000] ; used: 44m:5s; eta: 45s; loss = 0.105586; ['mse_0=0.002312; ', 'lpips_0=0.006297; ', 'codec_recon_0=0.009281; ', 'bpp_0=1.131119; ', 'mse_1=0.001805; ', 'lpips_1=0.005357; ', 'codec_recon_1=0.061163; ', 'bpp_1=0.300874; ', 'mse_2=0.001206; ', 'lpips_2=0.003745; ', 'codec_recon_2=0.014418; ', 'bpp_2=0.288801; ']
train step[1967/2000] ; used: 44m:6s; eta: 44s; loss = 0.105112; ['mse_0=0.001886; ', 'lpips_0=0.005930; ', 'codec_recon_0=0.007596; ', 'bpp_0=1.144994; ', 'mse_1=0.001431; ', 'lpips_1=0.004870; ', 'codec_recon_1=0.062875; ', 'bpp_1=0.302904; ', 'mse_2=0.001038; ', 'lpips_2=0.003798; ', 'codec_recon_2=0.015685; ', 'bpp_2=0.292743; ']
train step[1968/2000] ; used: 44m:7s; eta: 43s; loss = 0.065604; ['mse_0=0.000752; ', 'lpips_0=0.003887; ', 'codec_recon_0=0.007847; ', 'bpp_0=1.106702; ', 'mse_1=0.000550; ', 'lpips_1=0.003104; ', 'codec_recon_1=0.038476; ', 'bpp_1=0.299508; ', 'mse_2=0.000421; ', 'lpips_2=0.002508; ', 'codec_recon_2=0.008057; ', 'bpp_2=0.289766; ']
train step[1969/2000] ; used: 44m:8s; eta: 41s; loss = 0.069268; ['mse_0=0.001560; ', 'lpips_0=0.005173; ', 'codec_recon_0=0.006184; ', 'bpp_0=1.094084; ', 'mse_1=0.001344; ', 'lpips_1=0.004705; ', 'codec_recon_1=0.037182; ', 'bpp_1=0.298206; ', 'mse_2=0.001167; ', 'lpips_2=0.004304; ', 'codec_recon_2=0.007648; ', 'bpp_2=0.285922; ']
train step[1970/2000] ; used: 44m:9s; eta: 40s; loss = 0.082543; ['mse_0=0.000904; ', 'lpips_0=0.003725; ', 'codec_recon_0=0.007545; ', 'bpp_0=1.129712; ', 'mse_1=0.000652; ', 'lpips_1=0.002637; ', 'codec_recon_1=0.053488; ', 'bpp_1=0.299636; ', 'mse_2=0.000538; ', 'lpips_2=0.001875; ', 'codec_recon_2=0.011179; ', 'bpp_2=0.290917; ']
train step[1971/2000] ; used: 44m:10s; eta: 38s; loss = 0.080676; ['mse_0=0.001643; ', 'lpips_0=0.005677; ', 'codec_recon_0=0.007045; ', 'bpp_0=1.110645; ', 'mse_1=0.001404; ', 'lpips_1=0.004832; ', 'codec_recon_1=0.044683; ', 'bpp_1=0.299749; ', 'mse_2=0.001228; ', 'lpips_2=0.004236; ', 'codec_recon_2=0.009926; ', 'bpp_2=0.290111; ']
train step[1972/2000] ; used: 44m:11s; eta: 37s; loss = 0.078208; ['mse_0=0.002006; ', 'lpips_0=0.006247; ', 'codec_recon_0=0.007461; ', 'bpp_0=1.098729; ', 'mse_1=0.001855; ', 'lpips_1=0.005422; ', 'codec_recon_1=0.039088; ', 'bpp_1=0.299656; ', 'mse_2=0.001814; ', 'lpips_2=0.004906; ', 'codec_recon_2=0.009409; ', 'bpp_2=0.288320; ']
train step[1973/2000] ; used: 44m:12s; eta: 36s; loss = 0.125561; ['mse_0=0.003309; ', 'lpips_0=0.006634; ', 'codec_recon_0=0.008585; ', 'bpp_0=1.166844; ', 'mse_1=0.002783; ', 'lpips_1=0.005536; ', 'codec_recon_1=0.076185; ', 'bpp_1=0.304549; ', 'mse_2=0.002429; ', 'lpips_2=0.004372; ', 'codec_recon_2=0.015726; ', 'bpp_2=0.295248; ']
train step[1974/2000] ; used: 44m:13s; eta: 34s; loss = 0.066124; ['mse_0=0.000732; ', 'lpips_0=0.003956; ', 'codec_recon_0=0.006871; ', 'bpp_0=1.104009; ', 'mse_1=0.000525; ', 'lpips_1=0.003314; ', 'codec_recon_1=0.038802; ', 'bpp_1=0.298357; ', 'mse_2=0.000374; ', 'lpips_2=0.002858; ', 'codec_recon_2=0.008690; ', 'bpp_2=0.286419; ']
train step[1975/2000] ; used: 44m:14s; eta: 33s; loss = 0.078001; ['mse_0=0.001523; ', 'lpips_0=0.005442; ', 'codec_recon_0=0.006583; ', 'bpp_0=1.111390; ', 'mse_1=0.001405; ', 'lpips_1=0.004691; ', 'codec_recon_1=0.043157; ', 'bpp_1=0.299085; ', 'mse_2=0.001306; ', 'lpips_2=0.004223; ', 'codec_recon_2=0.009670; ', 'bpp_2=0.289041; ']
train step[1976/2000] ; used: 44m:15s; eta: 32s; loss = 0.085948; ['mse_0=0.001171; ', 'lpips_0=0.006059; ', 'codec_recon_0=0.007764; ', 'bpp_0=1.113966; ', 'mse_1=0.000978; ', 'lpips_1=0.005357; ', 'codec_recon_1=0.048505; ', 'bpp_1=0.299740; ', 'mse_2=0.000928; ', 'lpips_2=0.004911; ', 'codec_recon_2=0.010274; ', 'bpp_2=0.290739; ']
train step[1977/2000] ; used: 44m:16s; eta: 30s; loss = 0.094948; ['mse_0=0.001720; ', 'lpips_0=0.005672; ', 'codec_recon_0=0.006814; ', 'bpp_0=1.134004; ', 'mse_1=0.001346; ', 'lpips_1=0.004645; ', 'codec_recon_1=0.057210; ', 'bpp_1=0.301813; ', 'mse_2=0.001004; ', 'lpips_2=0.003697; ', 'codec_recon_2=0.012839; ', 'bpp_2=0.291539; ']
train step[1978/2000] ; used: 44m:17s; eta: 29s; loss = 0.071595; ['mse_0=0.000962; ', 'lpips_0=0.004474; ', 'codec_recon_0=0.008181; ', 'bpp_0=1.108604; ', 'mse_1=0.000679; ', 'lpips_1=0.003441; ', 'codec_recon_1=0.039898; ', 'bpp_1=0.298903; ', 'mse_2=0.000491; ', 'lpips_2=0.002616; ', 'codec_recon_2=0.010851; ', 'bpp_2=0.286157; ']
train step[1979/2000] ; used: 44m:18s; eta: 28s; loss = 0.107457; ['mse_0=0.001659; ', 'lpips_0=0.006451; ', 'codec_recon_0=0.008523; ', 'bpp_0=1.128203; ', 'mse_1=0.001301; ', 'lpips_1=0.005414; ', 'codec_recon_1=0.062956; ', 'bpp_1=0.299659; ', 'mse_2=0.001079; ', 'lpips_2=0.004557; ', 'codec_recon_2=0.015516; ', 'bpp_2=0.289504; ']
train step[1980/2000] ; used: 44m:19s; eta: 26s; loss = 0.105504; ['mse_0=0.003044; ', 'lpips_0=0.006735; ', 'codec_recon_0=0.008559; ', 'bpp_0=1.138968; ', 'mse_1=0.002749; ', 'lpips_1=0.005981; ', 'codec_recon_1=0.058101; ', 'bpp_1=0.302068; ', 'mse_2=0.002515; ', 'lpips_2=0.005151; ', 'codec_recon_2=0.012667; ', 'bpp_2=0.292093; ']
train step[1981/2000] ; used: 44m:20s; eta: 25s; loss = 0.075555; ['mse_0=0.001151; ', 'lpips_0=0.005859; ', 'codec_recon_0=0.007506; ', 'bpp_0=1.109145; ', 'mse_1=0.000971; ', 'lpips_1=0.005119; ', 'codec_recon_1=0.040059; ', 'bpp_1=0.299662; ', 'mse_2=0.000837; ', 'lpips_2=0.004582; ', 'codec_recon_2=0.009469; ', 'bpp_2=0.289725; ']
train step[1982/2000] ; used: 44m:21s; eta: 24s; loss = 0.084399; ['mse_0=0.003541; ', 'lpips_0=0.006721; ', 'codec_recon_0=0.006466; ', 'bpp_0=1.106417; ', 'mse_1=0.003478; ', 'lpips_1=0.005907; ', 'codec_recon_1=0.040252; ', 'bpp_1=0.298952; ', 'mse_2=0.003627; ', 'lpips_2=0.005573; ', 'codec_recon_2=0.008832; ', 'bpp_2=0.287769; ']
train step[1983/2000] ; used: 44m:22s; eta: 22s; loss = 0.082882; ['mse_0=0.001881; ', 'lpips_0=0.005167; ', 'codec_recon_0=0.006775; ', 'bpp_0=1.119215; ', 'mse_1=0.001660; ', 'lpips_1=0.004415; ', 'codec_recon_1=0.047227; ', 'bpp_1=0.299013; ', 'mse_2=0.001524; ', 'lpips_2=0.003673; ', 'codec_recon_2=0.010558; ', 'bpp_2=0.290638; ']
train step[1984/2000] ; used: 44m:23s; eta: 21s; loss = 0.065557; ['mse_0=0.001359; ', 'lpips_0=0.004862; ', 'codec_recon_0=0.006118; ', 'bpp_0=1.095402; ', 'mse_1=0.001326; ', 'lpips_1=0.004327; ', 'codec_recon_1=0.034357; ', 'bpp_1=0.297571; ', 'mse_2=0.001334; ', 'lpips_2=0.004036; ', 'codec_recon_2=0.007836; ', 'bpp_2=0.285977; ']
train step[1985/2000] ; used: 44m:24s; eta: 20s; loss = 0.063540; ['mse_0=0.000590; ', 'lpips_0=0.004063; ', 'codec_recon_0=0.006567; ', 'bpp_0=1.100485; ', 'mse_1=0.000417; ', 'lpips_1=0.003129; ', 'codec_recon_1=0.037821; ', 'bpp_1=0.298524; ', 'mse_2=0.000294; ', 'lpips_2=0.002616; ', 'codec_recon_2=0.008040; ', 'bpp_2=0.286414; ']
train step[1986/2000] ; used: 44m:25s; eta: 18s; loss = 0.096702; ['mse_0=0.002638; ', 'lpips_0=0.006212; ', 'codec_recon_0=0.006865; ', 'bpp_0=1.131846; ', 'mse_1=0.002257; ', 'lpips_1=0.005154; ', 'codec_recon_1=0.054558; ', 'bpp_1=0.301595; ', 'mse_2=0.002073; ', 'lpips_2=0.004367; ', 'codec_recon_2=0.012577; ', 'bpp_2=0.291657; ']
train step[1987/2000] ; used: 44m:26s; eta: 17s; loss = 0.094228; ['mse_0=0.002036; ', 'lpips_0=0.004893; ', 'codec_recon_0=0.007617; ', 'bpp_0=1.141338; ', 'mse_1=0.001703; ', 'lpips_1=0.004068; ', 'codec_recon_1=0.056234; ', 'bpp_1=0.300378; ', 'mse_2=0.001250; ', 'lpips_2=0.003130; ', 'codec_recon_2=0.013296; ', 'bpp_2=0.291329; ']
train step[1988/2000] ; used: 44m:27s; eta: 16s; loss = 0.098861; ['mse_0=0.001120; ', 'lpips_0=0.005281; ', 'codec_recon_0=0.007763; ', 'bpp_0=1.127842; ', 'mse_1=0.000826; ', 'lpips_1=0.003994; ', 'codec_recon_1=0.061565; ', 'bpp_1=0.300330; ', 'mse_2=0.000598; ', 'lpips_2=0.002771; ', 'codec_recon_2=0.014940; ', 'bpp_2=0.291262; ']
train step[1989/2000] ; used: 44m:28s; eta: 14s; loss = 0.087614; ['mse_0=0.002141; ', 'lpips_0=0.006283; ', 'codec_recon_0=0.007533; ', 'bpp_0=1.110263; ', 'mse_1=0.001892; ', 'lpips_1=0.005659; ', 'codec_recon_1=0.046773; ', 'bpp_1=0.298846; ', 'mse_2=0.001770; ', 'lpips_2=0.005319; ', 'codec_recon_2=0.010240; ', 'bpp_2=0.289101; ']
train step[1990/2000] ; used: 44m:29s; eta: 13s; loss = 0.082862; ['mse_0=0.001941; ', 'lpips_0=0.005062; ', 'codec_recon_0=0.007802; ', 'bpp_0=1.115129; ', 'mse_1=0.001690; ', 'lpips_1=0.004317; ', 'codec_recon_1=0.046535; ', 'bpp_1=0.298768; ', 'mse_2=0.001640; ', 'lpips_2=0.003858; ', 'codec_recon_2=0.010016; ', 'bpp_2=0.289199; ']
train step[1991/2000] ; used: 44m:30s; eta: 12s; loss = 0.083731; ['mse_0=0.001641; ', 'lpips_0=0.005775; ', 'codec_recon_0=0.007228; ', 'bpp_0=1.113120; ', 'mse_1=0.001500; ', 'lpips_1=0.004954; ', 'codec_recon_1=0.046165; ', 'bpp_1=0.299893; ', 'mse_2=0.001455; ', 'lpips_2=0.004512; ', 'codec_recon_2=0.010499; ', 'bpp_2=0.288680; ']
train step[1992/2000] ; used: 44m:32s; eta: 10s; loss = 0.068677; ['mse_0=0.001398; ', 'lpips_0=0.004545; ', 'codec_recon_0=0.006092; ', 'bpp_0=1.099361; ', 'mse_1=0.001166; ', 'lpips_1=0.003900; ', 'codec_recon_1=0.039354; ', 'bpp_1=0.298645; ', 'mse_2=0.000865; ', 'lpips_2=0.003163; ', 'codec_recon_2=0.008191; ', 'bpp_2=0.286314; ']
train step[1993/2000] ; used: 44m:33s; eta: 9s; loss = 0.084210; ['mse_0=0.001495; ', 'lpips_0=0.005583; ', 'codec_recon_0=0.006650; ', 'bpp_0=1.124775; ', 'mse_1=0.001222; ', 'lpips_1=0.004773; ', 'codec_recon_1=0.048583; ', 'bpp_1=0.300939; ', 'mse_2=0.000891; ', 'lpips_2=0.003958; ', 'codec_recon_2=0.011053; ', 'bpp_2=0.289806; ']
train step[1994/2000] ; used: 44m:34s; eta: 8s; loss = 0.097161; ['mse_0=0.002291; ', 'lpips_0=0.005657; ', 'codec_recon_0=0.007641; ', 'bpp_0=1.130841; ', 'mse_1=0.001979; ', 'lpips_1=0.004742; ', 'codec_recon_1=0.057034; ', 'bpp_1=0.302034; ', 'mse_2=0.001670; ', 'lpips_2=0.003819; ', 'codec_recon_2=0.012328; ', 'bpp_2=0.290780; ']
train step[1995/2000] ; used: 44m:35s; eta: 6s; loss = 0.083445; ['mse_0=0.003126; ', 'lpips_0=0.005610; ', 'codec_recon_0=0.007153; ', 'bpp_0=1.107488; ', 'mse_1=0.002838; ', 'lpips_1=0.004985; ', 'codec_recon_1=0.043287; ', 'bpp_1=0.298421; ', 'mse_2=0.002751; ', 'lpips_2=0.004574; ', 'codec_recon_2=0.009119; ', 'bpp_2=0.288642; ']
train step[1996/2000] ; used: 44m:36s; eta: 5s; loss = 0.080524; ['mse_0=0.001755; ', 'lpips_0=0.004173; ', 'codec_recon_0=0.006453; ', 'bpp_0=1.132754; ', 'mse_1=0.001470; ', 'lpips_1=0.003380; ', 'codec_recon_1=0.049154; ', 'bpp_1=0.300208; ', 'mse_2=0.000962; ', 'lpips_2=0.002508; ', 'codec_recon_2=0.010667; ', 'bpp_2=0.289256; ']
train step[1997/2000] ; used: 44m:37s; eta: 4s; loss = 0.090716; ['mse_0=0.001431; ', 'lpips_0=0.005874; ', 'codec_recon_0=0.006618; ', 'bpp_0=1.134927; ', 'mse_1=0.001148; ', 'lpips_1=0.004652; ', 'codec_recon_1=0.053333; ', 'bpp_1=0.299625; ', 'mse_2=0.000882; ', 'lpips_2=0.003452; ', 'codec_recon_2=0.013322; ', 'bpp_2=0.290105; ']
train step[1998/2000] ; used: 44m:38s; eta: 2s; loss = 0.071712; ['mse_0=0.001313; ', 'lpips_0=0.005020; ', 'codec_recon_0=0.006268; ', 'bpp_0=1.102969; ', 'mse_1=0.001034; ', 'lpips_1=0.003962; ', 'codec_recon_1=0.041372; ', 'bpp_1=0.299445; ', 'mse_2=0.000915; ', 'lpips_2=0.003399; ', 'codec_recon_2=0.008428; ', 'bpp_2=0.289255; ']
train step[1999/2000] ; used: 44m:39s; eta: 1s; loss = 0.071651; ['mse_0=0.001106; ', 'lpips_0=0.004573; ', 'codec_recon_0=0.005689; ', 'bpp_0=1.107226; ', 'mse_1=0.000873; ', 'lpips_1=0.003901; ', 'codec_recon_1=0.042983; ', 'bpp_1=0.298365; ', 'mse_2=0.000642; ', 'lpips_2=0.003061; ', 'codec_recon_2=0.008820; ', 'bpp_2=0.288227; ']
validation step on 2000 1/100; scene = ['5aca87f95a9412c6']; context = [[58, 133]]
validation step on 2000 2/100; scene = ['bc95e5c7e357f1b7']; context = [[35, 91]]
validation step on 2000 3/100; scene = ['34b0658a5c200cdf']; context = [[0, 70]]
validation step on 2000 4/100; scene = ['28e8300e004ab30b']; context = [[3, 68]]
validation step on 2000 5/100; scene = ['6558c5f10d45a929']; context = [[43, 160]]
validation step on 2000 6/100; scene = ['89ea49cd9865aeff']; context = [[31, 81]]
validation step on 2000 7/100; scene = ['ed477bdf8582adff']; context = [[40, 85]]
validation step on 2000 8/100; scene = ['57d3409bf04c4651']; context = [[0, 45]]
validation step on 2000 9/100; scene = ['aadc1e2dc74fd644']; context = [[2, 52]]
validation step on 2000 10/100; scene = ['cd74b1244d112628']; context = [[63, 110]]
validation step on 2000 11/100; scene = ['57d25dafabb5a238']; context = [[32, 104]]
validation step on 2000 12/100; scene = ['e4f4574df7938f37']; context = [[0, 115]]
validation step on 2000 13/100; scene = ['20d86cff490c0c42']; context = [[18, 69]]
validation step on 2000 14/100; scene = ['0c4c5d5f751aabf5']; context = [[12, 57]]
validation step on 2000 15/100; scene = ['fea544b472e9abd1']; context = [[12, 93]]
validation step on 2000 16/100; scene = ['656381bea665bf3d']; context = [[27, 75]]
validation step on 2000 17/100; scene = ['322261824c4a3003']; context = [[33, 78]]
validation step on 2000 18/100; scene = ['f7c0fa5b81552d35']; context = [[11, 64]]
validation step on 2000 19/100; scene = ['a56ba2efb5e3fdd9']; context = [[33, 92]]
validation step on 2000 20/100; scene = ['c48f19e2ffa52523']; context = [[195, 264]]
validation step on 2000 21/100; scene = ['1214f2a11a9fc1ed']; context = [[103, 215]]
validation step on 2000 22/100; scene = ['a9b3ff60b213e099']; context = [[32, 96]]
validation step on 2000 23/100; scene = ['a6fa92e8204f6118']; context = [[2, 66]]
validation step on 2000 24/100; scene = ['21e794f71e31becb']; context = [[72, 180]]
validation step on 2000 25/100; scene = ['f7d916b43193c181']; context = [[7, 61]]
validation step on 2000 26/100; scene = ['84ab392d682f296b']; context = [[43, 120]]
validation step on 2000 27/100; scene = ['6771a51bf0cfce7f']; context = [[152, 199]]
validation step on 2000 28/100; scene = ['17d9303ee77c3a3d']; context = [[17, 63]]
validation step on 2000 29/100; scene = ['ffa95c3b40609c76']; context = [[120, 213]]
validation step on 2000 30/100; scene = ['a47b88040452d7d9']; context = [[35, 97]]
validation step on 2000 31/100; scene = ['0d4de33c6888a754']; context = [[2, 57]]
validation step on 2000 32/100; scene = ['41bcd011f99bfb66']; context = [[4, 50]]
validation step on 2000 33/100; scene = ['67a69088a2695987']; context = [[6, 86]]
validation step on 2000 34/100; scene = ['b4099665590548fc']; context = [[23, 74]]
validation step on 2000 35/100; scene = ['9e2a8cc5f32dd46b']; context = [[75, 151]]
validation step on 2000 36/100; scene = ['2e109379f53bb221']; context = [[35, 108]]
validation step on 2000 37/100; scene = ['8adebbb68f2c3f84']; context = [[72, 131]]
validation step on 2000 38/100; scene = ['29e0bfbad00f0d5e']; context = [[8, 100]]
validation step on 2000 39/100; scene = ['debc3490ba0bd84b']; context = [[34, 81]]
validation step on 2000 40/100; scene = ['7c7bc5285126e6ad']; context = [[64, 126]]
validation step on 2000 41/100; scene = ['cdf439b17a6a98d4']; context = [[31, 77]]
validation step on 2000 42/100; scene = ['cb38d67088b66084']; context = [[49, 106]]
validation step on 2000 43/100; scene = ['2da2eeb966bc0ef8']; context = [[30, 94]]
validation step on 2000 44/100; scene = ['bb4d7012261ee0ed']; context = [[0, 46]]
validation step on 2000 45/100; scene = ['9e1f1beb4ba8e5da']; context = [[9, 73]]
validation step on 2000 46/100; scene = ['26b31d71789bffad']; context = [[3, 57]]
validation step on 2000 47/100; scene = ['41abd737e0228c1a']; context = [[81, 127]]
validation step on 2000 48/100; scene = ['ed0c2aca14b99efa']; context = [[62, 119]]
validation step on 2000 49/100; scene = ['8d5163de9ea4d851']; context = [[39, 85]]
validation step on 2000 50/100; scene = ['81be42df6ccae760']; context = [[13, 107]]
validation step on 2000 51/100; scene = ['6fe141ec9be1a432']; context = [[12, 73]]
validation step on 2000 52/100; scene = ['3b6d8db52c54b174']; context = [[0, 80]]
validation step on 2000 53/100; scene = ['3087828bc27bc4c7']; context = [[15, 96]]
validation step on 2000 54/100; scene = ['e124dfa7e996a414']; context = [[48, 93]]
validation step on 2000 55/100; scene = ['e1afd89a69ee6947']; context = [[34, 113]]
validation step on 2000 56/100; scene = ['79ce50fb7b021e1d']; context = [[212, 278]]
validation step on 2000 57/100; scene = ['358bdee988c269ef']; context = [[3, 95]]
validation step on 2000 58/100; scene = ['f14791aec34dbdcd']; context = [[5, 59]]
validation step on 2000 59/100; scene = ['0c52996355b23d76']; context = [[51, 111]]
validation step on 2000 60/100; scene = ['62bcb465bb03d34f']; context = [[6, 84]]
validation step on 2000 61/100; scene = ['1f0e06e4388dd600']; context = [[44, 96]]
validation step on 2000 62/100; scene = ['c9c30723d7c54793']; context = [[152, 247]]
validation step on 2000 63/100; scene = ['8b212f2755d955ec']; context = [[40, 110]]
validation step on 2000 64/100; scene = ['de67e3a0b0648cfe']; context = [[16, 72]]
validation step on 2000 65/100; scene = ['54841308aff91857']; context = [[27, 86]]
validation step on 2000 66/100; scene = ['40ca76de44a6e1a9']; context = [[43, 107]]
validation step on 2000 67/100; scene = ['bc143130c1842e4b']; context = [[29, 133]]
validation step on 2000 68/100; scene = ['912177dbf0a1ed6c']; context = [[3, 60]]
validation step on 2000 69/100; scene = ['afe4e799a94e06b3']; context = [[54, 150]]
validation step on 2000 70/100; scene = ['17f552ef56d85c55']; context = [[20, 86]]
validation step on 2000 71/100; scene = ['a7c691c210154b09']; context = [[0, 50]]
validation step on 2000 72/100; scene = ['9490f1219dbbb6ce']; context = [[17, 72]]
validation step on 2000 73/100; scene = ['154365ab5a4e067b']; context = [[2, 48]]
validation step on 2000 74/100; scene = ['ab4c269f8d523d02']; context = [[18, 72]]
validation step on 2000 75/100; scene = ['75d475e9558ab806']; context = [[1, 46]]
validation step on 2000 76/100; scene = ['fdaab1f49851782c']; context = [[31, 142]]
validation step on 2000 77/100; scene = ['2d4efa3897a4ba2d']; context = [[4, 58]]
validation step on 2000 78/100; scene = ['14f477e7d5af5b91']; context = [[17, 72]]
validation step on 2000 79/100; scene = ['de45926738229f67']; context = [[22, 84]]
validation step on 2000 80/100; scene = ['5c909c802eb6edb1']; context = [[13, 78]]
validation step on 2000 81/100; scene = ['aa91dfdd5f4ad32b']; context = [[8, 57]]
validation step on 2000 82/100; scene = ['88d9ba3324f2ec21']; context = [[2, 49]]
validation step on 2000 83/100; scene = ['622ef98e83ed5239']; context = [[3, 66]]
validation step on 2000 84/100; scene = ['30fc5fc78c5a716e']; context = [[151, 210]]
validation step on 2000 85/100; scene = ['8b760ac05c93a6bb']; context = [[26, 72]]
validation step on 2000 86/100; scene = ['800ea72b6988f63e']; context = [[141, 190]]
validation step on 2000 87/100; scene = ['674dabef8f53b566']; context = [[9, 91]]
validation step on 2000 88/100; scene = ['d3a01038c5f21473']; context = [[139, 273]]
validation step on 2000 89/100; scene = ['3e5f747d06bc84a3']; context = [[85, 190]]
validation step on 2000 90/100; scene = ['bb6fa5bdafc14e8c']; context = [[43, 139]]
validation step on 2000 91/100; scene = ['052430ff6e2c07c4']; context = [[19, 92]]
validation step on 2000 92/100; scene = ['0588138dfec165a1']; context = [[70, 160]]
validation step on 2000 93/100; scene = ['e4bcb18fa6aa91be']; context = [[32, 79]]
validation step on 2000 94/100; scene = ['4c4fa41951e37e78']; context = [[8, 60]]
validation step on 2000 95/100; scene = ['252a24d25a1ea81d']; context = [[198, 263]]
validation step on 2000 96/100; scene = ['214df1c2863d2959']; context = [[45, 96]]
validation step on 2000 97/100; scene = ['bfd27ad72975e120']; context = [[8, 55]]
validation step on 2000 98/100; scene = ['572acd18419c3456']; context = [[3, 62]]
validation step on 2000 99/100; scene = ['b26e6c80d283c4c8']; context = [[46, 92]]
validation step on 2000 100/100; scene = ['10c8e54590f715f7']; context = [[6, 76]]
