============================================
HiSplat + per-stage MSH training
Repo: /ceph_data/clue9986/HiSplatMSH
Phase: finetune
Lambda RD: 0.0
Pretrained ckpt: /ceph_data/clue9986/HiSplatMSH/outputs/msh_proj_full_highrate_bypass_5k/checkpoints/epoch_0-step_5000.ckpt
Max steps: 2000
Batch size/GPU: 2
Checkpoint interval/top-k: 250 / -1
SH degree: 4
Codec stage N: [192,192,192]
Codec stage M: [320,320,320]
Codec stage depth: [2,4,4]
Codec train mode: full
Codec input: proj
LR codec/aux/generator: 1e-4 / 1e-5 / 2e-5
Codec LR warmup: 200 steps from factor 0.1
Codec recon weight: 1.0
Codec warmup bypass: false
Output: msh_proj_full_highrate_rd0_control_ft_2k_v250
Extra Hydra args: <none>
============================================
[36mSaving outputs to /ceph_data/clue9986/HiSplatMSH/outputs/msh_proj_full_highrate_rd0_control_ft_2k_v250.[39m
GPU number is 1
missing keys:[]
unexpected keys:[]
error msgs:[]
!!!Successfully load the DINOV2 ckpt from ./checkpoints/dinov2_vitb14_pretrain.pth
==> Load multi-view transformer backbone checkpoint: checkpoints/gmdepth-scale1-resumeflowthings-scannet-5d9d7964.pth
Setting up [LPIPS] perceptual loss: trunk [vgg], v[0.1], spatial [off]
Loading model from: /ceph_data/clue9986/anaconda3/envs/hisplat/lib/python3.10/site-packages/lpips/weights/v0.1/vgg.pth
begin to train fit!
start training without trainer-state resume!!!
train step[0/2000] ; used: 0s; eta: 0s; loss = 0.364341; ['mse_0=0.000531; ', 'lpips_0=0.004366; ', 'codec_recon_0=0.021819; ', 'bpp_0=5.653471; ', 'mse_1=0.000437; ', 'lpips_1=0.003786; ', 'codec_recon_1=0.260543; ', 'bpp_1=0.287267; ', 'mse_2=0.000359; ', 'lpips_2=0.003405; ', 'codec_recon_2=0.069094; ', 'bpp_2=0.264892; ']
train step[1/2000] ; used: 12s; eta: 3h:26m:52s; loss = 0.338043; ['mse_0=0.000583; ', 'lpips_0=0.003613; ', 'codec_recon_0=0.020318; ', 'bpp_0=5.600881; ', 'mse_1=0.000529; ', 'lpips_1=0.003170; ', 'codec_recon_1=0.241055; ', 'bpp_1=0.285230; ', 'mse_2=0.000441; ', 'lpips_2=0.002853; ', 'codec_recon_2=0.065481; ', 'bpp_2=0.262210; ']
train step[2/2000] ; used: 13s; eta: 2h:32m:2s; loss = 0.472002; ['mse_0=0.002234; ', 'lpips_0=0.005615; ', 'codec_recon_0=0.020101; ', 'bpp_0=6.162817; ', 'mse_1=0.001961; ', 'lpips_1=0.005288; ', 'codec_recon_1=0.360946; ', 'bpp_1=0.297705; ', 'mse_2=0.001617; ', 'lpips_2=0.004280; ', 'codec_recon_2=0.069960; ', 'bpp_2=0.280250; ']
train step[3/2000] ; used: 14s; eta: 2h:3m:20s; loss = 0.478513; ['mse_0=0.004371; ', 'lpips_0=0.007146; ', 'codec_recon_0=0.018900; ', 'bpp_0=6.010104; ', 'mse_1=0.003845; ', 'lpips_1=0.006576; ', 'codec_recon_1=0.357726; ', 'bpp_1=0.296028; ', 'mse_2=0.003378; ', 'lpips_2=0.005556; ', 'codec_recon_2=0.071015; ', 'bpp_2=0.277499; ']
train step[4/2000] ; used: 15s; eta: 1h:46m:10s; loss = 0.422763; ['mse_0=0.001449; ', 'lpips_0=0.004657; ', 'codec_recon_0=0.020251; ', 'bpp_0=6.036243; ', 'mse_1=0.001225; ', 'lpips_1=0.004212; ', 'codec_recon_1=0.312034; ', 'bpp_1=0.294494; ', 'mse_2=0.001033; ', 'lpips_2=0.003474; ', 'codec_recon_2=0.074428; ', 'bpp_2=0.275013; ']
train step[5/2000] ; used: 17s; eta: 1h:34m:29s; loss = 0.380698; ['mse_0=0.001233; ', 'lpips_0=0.003446; ', 'codec_recon_0=0.019011; ', 'bpp_0=6.099185; ', 'mse_1=0.001060; ', 'lpips_1=0.002944; ', 'codec_recon_1=0.273639; ', 'bpp_1=0.295583; ', 'mse_2=0.000962; ', 'lpips_2=0.002412; ', 'codec_recon_2=0.075992; ', 'bpp_2=0.274849; ']
train step[6/2000] ; used: 18s; eta: 1h:26m:10s; loss = 0.443286; ['mse_0=0.001487; ', 'lpips_0=0.005451; ', 'codec_recon_0=0.019021; ', 'bpp_0=6.150033; ', 'mse_1=0.001113; ', 'lpips_1=0.004990; ', 'codec_recon_1=0.327713; ', 'bpp_1=0.299744; ', 'mse_2=0.000887; ', 'lpips_2=0.004142; ', 'codec_recon_2=0.078483; ', 'bpp_2=0.280780; ']
train step[7/2000] ; used: 19s; eta: 1h:19m:59s; loss = 0.400854; ['mse_0=0.001805; ', 'lpips_0=0.004640; ', 'codec_recon_0=0.021290; ', 'bpp_0=5.864575; ', 'mse_1=0.001471; ', 'lpips_1=0.003996; ', 'codec_recon_1=0.284689; ', 'bpp_1=0.291123; ', 'mse_2=0.001404; ', 'lpips_2=0.003559; ', 'codec_recon_2=0.077999; ', 'bpp_2=0.270582; ']
train step[8/2000] ; used: 20s; eta: 1h:15m:27s; loss = 0.382446; ['mse_0=0.001224; ', 'lpips_0=0.004086; ', 'codec_recon_0=0.018325; ', 'bpp_0=5.956495; ', 'mse_1=0.001052; ', 'lpips_1=0.003705; ', 'codec_recon_1=0.278165; ', 'bpp_1=0.292260; ', 'mse_2=0.000963; ', 'lpips_2=0.003387; ', 'codec_recon_2=0.071539; ', 'bpp_2=0.270285; ']
train step[9/2000] ; used: 21s; eta: 1h:11m:34s; loss = 0.382503; ['mse_0=0.002439; ', 'lpips_0=0.004207; ', 'codec_recon_0=0.016965; ', 'bpp_0=6.124288; ', 'mse_1=0.002274; ', 'lpips_1=0.003784; ', 'codec_recon_1=0.277963; ', 'bpp_1=0.296299; ', 'mse_2=0.002196; ', 'lpips_2=0.003364; ', 'codec_recon_2=0.069311; ', 'bpp_2=0.276165; ']
train step[10/2000] ; used: 22s; eta: 1h:8m:37s; loss = 0.397367; ['mse_0=0.000818; ', 'lpips_0=0.004187; ', 'codec_recon_0=0.019094; ', 'bpp_0=5.980410; ', 'mse_1=0.000711; ', 'lpips_1=0.003710; ', 'codec_recon_1=0.286649; ', 'bpp_1=0.292526; ', 'mse_2=0.000630; ', 'lpips_2=0.003290; ', 'codec_recon_2=0.078278; ', 'bpp_2=0.269638; ']
train step[11/2000] ; used: 23s; eta: 1h:6m:6s; loss = 0.417498; ['mse_0=0.001263; ', 'lpips_0=0.003452; ', 'codec_recon_0=0.016646; ', 'bpp_0=6.250122; ', 'mse_1=0.000955; ', 'lpips_1=0.002827; ', 'codec_recon_1=0.312867; ', 'bpp_1=0.300675; ', 'mse_2=0.000696; ', 'lpips_2=0.001949; ', 'codec_recon_2=0.076843; ', 'bpp_2=0.281429; ']
train step[12/2000] ; used: 25s; eta: 1h:3m:53s; loss = 0.465732; ['mse_0=0.002720; ', 'lpips_0=0.004935; ', 'codec_recon_0=0.031285; ', 'bpp_0=6.007013; ', 'mse_1=0.002477; ', 'lpips_1=0.004613; ', 'codec_recon_1=0.310120; ', 'bpp_1=0.294799; ', 'mse_2=0.002385; ', 'lpips_2=0.004078; ', 'codec_recon_2=0.103119; ', 'bpp_2=0.273756; ']
train step[13/2000] ; used: 26s; eta: 1h:2m:1s; loss = 0.390291; ['mse_0=0.001481; ', 'lpips_0=0.004863; ', 'codec_recon_0=0.019209; ', 'bpp_0=5.831081; ', 'mse_1=0.001302; ', 'lpips_1=0.004432; ', 'codec_recon_1=0.277716; ', 'bpp_1=0.290494; ', 'mse_2=0.001207; ', 'lpips_2=0.003978; ', 'codec_recon_2=0.076103; ', 'bpp_2=0.266921; ']
train step[14/2000] ; used: 27s; eta: 1h:17s; loss = 0.405115; ['mse_0=0.003339; ', 'lpips_0=0.006047; ', 'codec_recon_0=0.018318; ', 'bpp_0=6.047224; ', 'mse_1=0.003109; ', 'lpips_1=0.005433; ', 'codec_recon_1=0.285824; ', 'bpp_1=0.295815; ', 'mse_2=0.003072; ', 'lpips_2=0.004992; ', 'codec_recon_2=0.074981; ', 'bpp_2=0.276308; ']
train step[15/2000] ; used: 28s; eta: 58m:49s; loss = 0.340676; ['mse_0=0.000824; ', 'lpips_0=0.003380; ', 'codec_recon_0=0.017176; ', 'bpp_0=6.070094; ', 'mse_1=0.000735; ', 'lpips_1=0.002890; ', 'codec_recon_1=0.243666; ', 'bpp_1=0.294178; ', 'mse_2=0.000680; ', 'lpips_2=0.002551; ', 'codec_recon_2=0.068774; ', 'bpp_2=0.271901; ']
train step[16/2000] ; used: 29s; eta: 57m:39s; loss = 0.361474; ['mse_0=0.000766; ', 'lpips_0=0.003603; ', 'codec_recon_0=0.015793; ', 'bpp_0=6.024872; ', 'mse_1=0.000604; ', 'lpips_1=0.003068; ', 'codec_recon_1=0.261797; ', 'bpp_1=0.293828; ', 'mse_2=0.000497; ', 'lpips_2=0.002614; ', 'codec_recon_2=0.072732; ', 'bpp_2=0.268583; ']
train step[17/2000] ; used: 30s; eta: 56m:29s; loss = 0.367473; ['mse_0=0.000593; ', 'lpips_0=0.003647; ', 'codec_recon_0=0.020646; ', 'bpp_0=5.766213; ', 'mse_1=0.000499; ', 'lpips_1=0.003258; ', 'codec_recon_1=0.267044; ', 'bpp_1=0.288449; ', 'mse_2=0.000429; ', 'lpips_2=0.002984; ', 'codec_recon_2=0.068375; ', 'bpp_2=0.266801; ']
train step[18/2000] ; used: 31s; eta: 55m:32s; loss = 0.428824; ['mse_0=0.001060; ', 'lpips_0=0.004086; ', 'codec_recon_0=0.020545; ', 'bpp_0=5.992660; ', 'mse_1=0.000917; ', 'lpips_1=0.003490; ', 'codec_recon_1=0.315220; ', 'bpp_1=0.293297; ', 'mse_2=0.000726; ', 'lpips_2=0.002827; ', 'codec_recon_2=0.079952; ', 'bpp_2=0.271640; ']
train step[19/2000] ; used: 33s; eta: 54m:47s; loss = 0.355340; ['mse_0=0.001534; ', 'lpips_0=0.005365; ', 'codec_recon_0=0.018725; ', 'bpp_0=5.850758; ', 'mse_1=0.001529; ', 'lpips_1=0.004838; ', 'codec_recon_1=0.251401; ', 'bpp_1=0.290332; ', 'mse_2=0.001423; ', 'lpips_2=0.004495; ', 'codec_recon_2=0.066030; ', 'bpp_2=0.267418; ']
train step[20/2000] ; used: 34s; eta: 54m:4s; loss = 0.352250; ['mse_0=0.000716; ', 'lpips_0=0.004665; ', 'codec_recon_0=0.019844; ', 'bpp_0=5.707284; ', 'mse_1=0.000612; ', 'lpips_1=0.004170; ', 'codec_recon_1=0.246741; ', 'bpp_1=0.288685; ', 'mse_2=0.000584; ', 'lpips_2=0.003963; ', 'codec_recon_2=0.070955; ', 'bpp_2=0.265464; ']
train step[21/2000] ; used: 35s; eta: 53m:19s; loss = 0.370243; ['mse_0=0.001110; ', 'lpips_0=0.005116; ', 'codec_recon_0=0.022413; ', 'bpp_0=5.750726; ', 'mse_1=0.000926; ', 'lpips_1=0.004444; ', 'codec_recon_1=0.261647; ', 'bpp_1=0.289037; ', 'mse_2=0.000845; ', 'lpips_2=0.004060; ', 'codec_recon_2=0.069683; ', 'bpp_2=0.268197; ']
train step[22/2000] ; used: 36s; eta: 52m:38s; loss = 0.506655; ['mse_0=0.002438; ', 'lpips_0=0.006668; ', 'codec_recon_0=0.023070; ', 'bpp_0=6.202667; ', 'mse_1=0.002157; ', 'lpips_1=0.006317; ', 'codec_recon_1=0.360162; ', 'bpp_1=0.296227; ', 'mse_2=0.002029; ', 'lpips_2=0.005498; ', 'codec_recon_2=0.098317; ', 'bpp_2=0.275262; ']
train step[23/2000] ; used: 37s; eta: 51m:55s; loss = 0.360365; ['mse_0=0.001766; ', 'lpips_0=0.005634; ', 'codec_recon_0=0.019419; ', 'bpp_0=5.798298; ', 'mse_1=0.001294; ', 'lpips_1=0.004630; ', 'codec_recon_1=0.257879; ', 'bpp_1=0.288828; ', 'mse_2=0.001110; ', 'lpips_2=0.004360; ', 'codec_recon_2=0.064274; ', 'bpp_2=0.265960; ']
train step[24/2000] ; used: 38s; eta: 51m:17s; loss = 0.403383; ['mse_0=0.006625; ', 'lpips_0=0.009242; ', 'codec_recon_0=0.024145; ', 'bpp_0=5.718170; ', 'mse_1=0.006435; ', 'lpips_1=0.008738; ', 'codec_recon_1=0.261245; ', 'bpp_1=0.289437; ', 'mse_2=0.006478; ', 'lpips_2=0.008546; ', 'codec_recon_2=0.071928; ', 'bpp_2=0.268677; ']
train step[25/2000] ; used: 40s; eta: 50m:48s; loss = 0.388541; ['mse_0=0.001013; ', 'lpips_0=0.003968; ', 'codec_recon_0=0.019617; ', 'bpp_0=5.943789; ', 'mse_1=0.000977; ', 'lpips_1=0.003633; ', 'codec_recon_1=0.268872; ', 'bpp_1=0.290894; ', 'mse_2=0.000944; ', 'lpips_2=0.003287; ', 'codec_recon_2=0.086231; ', 'bpp_2=0.266743; ']
train step[26/2000] ; used: 41s; eta: 50m:15s; loss = 0.395332; ['mse_0=0.003050; ', 'lpips_0=0.006047; ', 'codec_recon_0=0.019580; ', 'bpp_0=5.934277; ', 'mse_1=0.002749; ', 'lpips_1=0.005423; ', 'codec_recon_1=0.276064; ', 'bpp_1=0.293518; ', 'mse_2=0.002714; ', 'lpips_2=0.004978; ', 'codec_recon_2=0.074727; ', 'bpp_2=0.272322; ']
train step[27/2000] ; used: 42s; eta: 49m:49s; loss = 0.382531; ['mse_0=0.001863; ', 'lpips_0=0.003977; ', 'codec_recon_0=0.016579; ', 'bpp_0=6.082259; ', 'mse_1=0.001606; ', 'lpips_1=0.003448; ', 'codec_recon_1=0.284122; ', 'bpp_1=0.294602; ', 'mse_2=0.001364; ', 'lpips_2=0.002760; ', 'codec_recon_2=0.066814; ', 'bpp_2=0.275222; ']
train step[28/2000] ; used: 43s; eta: 49m:24s; loss = 0.472309; ['mse_0=0.001509; ', 'lpips_0=0.006157; ', 'codec_recon_0=0.026875; ', 'bpp_0=5.912136; ', 'mse_1=0.001381; ', 'lpips_1=0.006177; ', 'codec_recon_1=0.331072; ', 'bpp_1=0.293006; ', 'mse_2=0.001257; ', 'lpips_2=0.005199; ', 'codec_recon_2=0.092682; ', 'bpp_2=0.271046; ']
train step[29/2000] ; used: 44s; eta: 49m:2s; loss = 0.557218; ['mse_0=0.002644; ', 'lpips_0=0.007695; ', 'codec_recon_0=0.019834; ', 'bpp_0=6.327797; ', 'mse_1=0.002338; ', 'lpips_1=0.007900; ', 'codec_recon_1=0.424062; ', 'bpp_1=0.301331; ', 'mse_2=0.001738; ', 'lpips_2=0.004538; ', 'codec_recon_2=0.086470; ', 'bpp_2=0.285057; ']
train step[30/2000] ; used: 45s; eta: 48m:38s; loss = 0.546377; ['mse_0=0.010930; ', 'lpips_0=0.011310; ', 'codec_recon_0=0.021066; ', 'bpp_0=6.310640; ', 'mse_1=0.010702; ', 'lpips_1=0.011024; ', 'codec_recon_1=0.382140; ', 'bpp_1=0.301764; ', 'mse_2=0.010543; ', 'lpips_2=0.009780; ', 'codec_recon_2=0.078880; ', 'bpp_2=0.286340; ']
train step[31/2000] ; used: 47s; eta: 48m:15s; loss = 0.430901; ['mse_0=0.004207; ', 'lpips_0=0.005733; ', 'codec_recon_0=0.015946; ', 'bpp_0=6.305887; ', 'mse_1=0.003971; ', 'lpips_1=0.005286; ', 'codec_recon_1=0.314650; ', 'bpp_1=0.301230; ', 'mse_2=0.003820; ', 'lpips_2=0.004528; ', 'codec_recon_2=0.072760; ', 'bpp_2=0.283146; ']
train step[32/2000] ; used: 48s; eta: 47m:51s; loss = 0.421985; ['mse_0=0.002077; ', 'lpips_0=0.005104; ', 'codec_recon_0=0.019242; ', 'bpp_0=6.072923; ', 'mse_1=0.001850; ', 'lpips_1=0.004852; ', 'codec_recon_1=0.316454; ', 'bpp_1=0.295933; ', 'mse_2=0.001506; ', 'lpips_2=0.003748; ', 'codec_recon_2=0.067151; ', 'bpp_2=0.276395; ']
train step[33/2000] ; used: 49s; eta: 47m:30s; loss = 0.407877; ['mse_0=0.002811; ', 'lpips_0=0.004613; ', 'codec_recon_0=0.019132; ', 'bpp_0=6.057009; ', 'mse_1=0.002389; ', 'lpips_1=0.004022; ', 'codec_recon_1=0.303358; ', 'bpp_1=0.296956; ', 'mse_2=0.002074; ', 'lpips_2=0.003320; ', 'codec_recon_2=0.066158; ', 'bpp_2=0.278023; ']
train step[34/2000] ; used: 50s; eta: 47m:13s; loss = 0.391577; ['mse_0=0.000371; ', 'lpips_0=0.003764; ', 'codec_recon_0=0.019106; ', 'bpp_0=5.977095; ', 'mse_1=0.000295; ', 'lpips_1=0.003172; ', 'codec_recon_1=0.281815; ', 'bpp_1=0.292441; ', 'mse_2=0.000237; ', 'lpips_2=0.002650; ', 'codec_recon_2=0.080168; ', 'bpp_2=0.270166; ']
train step[35/2000] ; used: 51s; eta: 46m:53s; loss = 0.342436; ['mse_0=0.001734; ', 'lpips_0=0.006130; ', 'codec_recon_0=0.022406; ', 'bpp_0=5.832179; ', 'mse_1=0.001271; ', 'lpips_1=0.005186; ', 'codec_recon_1=0.230471; ', 'bpp_1=0.289010; ', 'mse_2=0.001196; ', 'lpips_2=0.004932; ', 'codec_recon_2=0.069110; ', 'bpp_2=0.266992; ']
train step[36/2000] ; used: 52s; eta: 46m:38s; loss = 0.373947; ['mse_0=0.001439; ', 'lpips_0=0.004722; ', 'codec_recon_0=0.018782; ', 'bpp_0=5.978055; ', 'mse_1=0.001229; ', 'lpips_1=0.004063; ', 'codec_recon_1=0.267039; ', 'bpp_1=0.294249; ', 'mse_2=0.001055; ', 'lpips_2=0.003652; ', 'codec_recon_2=0.071965; ', 'bpp_2=0.273120; ']
train step[37/2000] ; used: 53s; eta: 46m:27s; loss = 0.353044; ['mse_0=0.000704; ', 'lpips_0=0.003499; ', 'codec_recon_0=0.026823; ', 'bpp_0=5.852063; ', 'mse_1=0.000612; ', 'lpips_1=0.002983; ', 'codec_recon_1=0.235498; ', 'bpp_1=0.289153; ', 'mse_2=0.000563; ', 'lpips_2=0.002699; ', 'codec_recon_2=0.079663; ', 'bpp_2=0.266446; ']
train step[38/2000] ; used: 55s; eta: 46m:13s; loss = 0.372761; ['mse_0=0.000685; ', 'lpips_0=0.003439; ', 'codec_recon_0=0.017019; ', 'bpp_0=6.118129; ', 'mse_1=0.000577; ', 'lpips_1=0.003027; ', 'codec_recon_1=0.266664; ', 'bpp_1=0.296272; ', 'mse_2=0.000485; ', 'lpips_2=0.002584; ', 'codec_recon_2=0.078280; ', 'bpp_2=0.273349; ']
train step[39/2000] ; used: 56s; eta: 45m:59s; loss = 0.383662; ['mse_0=0.000871; ', 'lpips_0=0.003628; ', 'codec_recon_0=0.019333; ', 'bpp_0=5.982784; ', 'mse_1=0.000691; ', 'lpips_1=0.003034; ', 'codec_recon_1=0.282465; ', 'bpp_1=0.295132; ', 'mse_2=0.000558; ', 'lpips_2=0.002574; ', 'codec_recon_2=0.070507; ', 'bpp_2=0.273438; ']
train step[40/2000] ; used: 57s; eta: 45m:45s; loss = 0.379227; ['mse_0=0.000909; ', 'lpips_0=0.003793; ', 'codec_recon_0=0.025254; ', 'bpp_0=5.893200; ', 'mse_1=0.000739; ', 'lpips_1=0.003330; ', 'codec_recon_1=0.262982; ', 'bpp_1=0.292160; ', 'mse_2=0.000618; ', 'lpips_2=0.002967; ', 'codec_recon_2=0.078636; ', 'bpp_2=0.272473; ']
train step[41/2000] ; used: 58s; eta: 45m:31s; loss = 0.439985; ['mse_0=0.000649; ', 'lpips_0=0.004875; ', 'codec_recon_0=0.018669; ', 'bpp_0=5.709346; ', 'mse_1=0.000495; ', 'lpips_1=0.004230; ', 'codec_recon_1=0.331148; ', 'bpp_1=0.288867; ', 'mse_2=0.000320; ', 'lpips_2=0.003214; ', 'codec_recon_2=0.076386; ', 'bpp_2=0.267572; ']
train step[42/2000] ; used: 1m; eta: 45m:46s; loss = 0.373675; ['mse_0=0.000337; ', 'lpips_0=0.003512; ', 'codec_recon_0=0.019135; ', 'bpp_0=5.938768; ', 'mse_1=0.000305; ', 'lpips_1=0.003065; ', 'codec_recon_1=0.264151; ', 'bpp_1=0.289081; ', 'mse_2=0.000257; ', 'lpips_2=0.002831; ', 'codec_recon_2=0.080082; ', 'bpp_2=0.266562; ']
train step[43/2000] ; used: 1m:1s; eta: 45m:35s; loss = 0.378007; ['mse_0=0.001086; ', 'lpips_0=0.003162; ', 'codec_recon_0=0.021719; ', 'bpp_0=6.036703; ', 'mse_1=0.000935; ', 'lpips_1=0.002681; ', 'codec_recon_1=0.263529; ', 'bpp_1=0.292766; ', 'mse_2=0.000808; ', 'lpips_2=0.002318; ', 'codec_recon_2=0.081769; ', 'bpp_2=0.270069; ']
train step[44/2000] ; used: 1m:2s; eta: 45m:22s; loss = 0.377560; ['mse_0=0.000574; ', 'lpips_0=0.003045; ', 'codec_recon_0=0.016047; ', 'bpp_0=6.022952; ', 'mse_1=0.000458; ', 'lpips_1=0.002620; ', 'codec_recon_1=0.280017; ', 'bpp_1=0.294329; ', 'mse_2=0.000304; ', 'lpips_2=0.002093; ', 'codec_recon_2=0.072403; ', 'bpp_2=0.269750; ']
train step[45/2000] ; used: 1m:3s; eta: 45m:9s; loss = 0.339444; ['mse_0=0.001973; ', 'lpips_0=0.004399; ', 'codec_recon_0=0.017754; ', 'bpp_0=5.945866; ', 'mse_1=0.001694; ', 'lpips_1=0.003818; ', 'codec_recon_1=0.241373; ', 'bpp_1=0.292077; ', 'mse_2=0.001520; ', 'lpips_2=0.003375; ', 'codec_recon_2=0.063538; ', 'bpp_2=0.271524; ']
train step[46/2000] ; used: 1m:4s; eta: 44m:58s; loss = 0.371212; ['mse_0=0.001048; ', 'lpips_0=0.004749; ', 'codec_recon_0=0.019642; ', 'bpp_0=5.856246; ', 'mse_1=0.000978; ', 'lpips_1=0.004210; ', 'codec_recon_1=0.260720; ', 'bpp_1=0.289782; ', 'mse_2=0.000920; ', 'lpips_2=0.003906; ', 'codec_recon_2=0.075040; ', 'bpp_2=0.267627; ']
train step[47/2000] ; used: 1m:6s; eta: 44m:47s; loss = 0.461508; ['mse_0=0.001265; ', 'lpips_0=0.004849; ', 'codec_recon_0=0.017744; ', 'bpp_0=6.147576; ', 'mse_1=0.001034; ', 'lpips_1=0.004149; ', 'codec_recon_1=0.349818; ', 'bpp_1=0.296159; ', 'mse_2=0.000725; ', 'lpips_2=0.002993; ', 'codec_recon_2=0.078931; ', 'bpp_2=0.276323; ']
train step[48/2000] ; used: 1m:7s; eta: 44m:36s; loss = 0.364925; ['mse_0=0.001563; ', 'lpips_0=0.004681; ', 'codec_recon_0=0.018577; ', 'bpp_0=5.882007; ', 'mse_1=0.001819; ', 'lpips_1=0.004342; ', 'codec_recon_1=0.261502; ', 'bpp_1=0.291029; ', 'mse_2=0.001741; ', 'lpips_2=0.004032; ', 'codec_recon_2=0.066668; ', 'bpp_2=0.269516; ']
train step[49/2000] ; used: 1m:8s; eta: 44m:25s; loss = 0.395326; ['mse_0=0.001081; ', 'lpips_0=0.003650; ', 'codec_recon_0=0.019374; ', 'bpp_0=6.115406; ', 'mse_1=0.000905; ', 'lpips_1=0.003197; ', 'codec_recon_1=0.287588; ', 'bpp_1=0.297076; ', 'mse_2=0.000668; ', 'lpips_2=0.002338; ', 'codec_recon_2=0.076525; ', 'bpp_2=0.277529; ']
train step[50/2000] ; used: 1m:9s; eta: 44m:14s; loss = 0.359160; ['mse_0=0.001124; ', 'lpips_0=0.003717; ', 'codec_recon_0=0.020709; ', 'bpp_0=5.806042; ', 'mse_1=0.000867; ', 'lpips_1=0.003321; ', 'codec_recon_1=0.261108; ', 'bpp_1=0.289450; ', 'mse_2=0.000682; ', 'lpips_2=0.002772; ', 'codec_recon_2=0.064860; ', 'bpp_2=0.266647; ']
train step[51/2000] ; used: 1m:10s; eta: 44m:4s; loss = 0.516380; ['mse_0=0.001801; ', 'lpips_0=0.006205; ', 'codec_recon_0=0.017927; ', 'bpp_0=6.096421; ', 'mse_1=0.001624; ', 'lpips_1=0.005866; ', 'codec_recon_1=0.397512; ', 'bpp_1=0.296378; ', 'mse_2=0.000824; ', 'lpips_2=0.003613; ', 'codec_recon_2=0.081008; ', 'bpp_2=0.278822; ']
train step[52/2000] ; used: 1m:11s; eta: 43m:55s; loss = 0.432116; ['mse_0=0.001847; ', 'lpips_0=0.004004; ', 'codec_recon_0=0.017370; ', 'bpp_0=6.254317; ', 'mse_1=0.001583; ', 'lpips_1=0.003621; ', 'codec_recon_1=0.335443; ', 'bpp_1=0.300130; ', 'mse_2=0.000904; ', 'lpips_2=0.002359; ', 'codec_recon_2=0.064985; ', 'bpp_2=0.280987; ']
train step[53/2000] ; used: 1m:12s; eta: 43m:46s; loss = 0.372712; ['mse_0=0.000766; ', 'lpips_0=0.003730; ', 'codec_recon_0=0.018621; ', 'bpp_0=5.930164; ', 'mse_1=0.000692; ', 'lpips_1=0.003317; ', 'codec_recon_1=0.267719; ', 'bpp_1=0.291046; ', 'mse_2=0.000661; ', 'lpips_2=0.002943; ', 'codec_recon_2=0.074263; ', 'bpp_2=0.268045; ']
train step[54/2000] ; used: 1m:13s; eta: 43m:36s; loss = 0.460486; ['mse_0=0.002910; ', 'lpips_0=0.004750; ', 'codec_recon_0=0.027444; ', 'bpp_0=6.190348; ', 'mse_1=0.002501; ', 'lpips_1=0.004055; ', 'codec_recon_1=0.331861; ', 'bpp_1=0.299045; ', 'mse_2=0.002232; ', 'lpips_2=0.003205; ', 'codec_recon_2=0.081527; ', 'bpp_2=0.280200; ']
train step[55/2000] ; used: 1m:15s; eta: 43m:27s; loss = 0.340521; ['mse_0=0.000512; ', 'lpips_0=0.004390; ', 'codec_recon_0=0.018314; ', 'bpp_0=5.875859; ', 'mse_1=0.000419; ', 'lpips_1=0.003945; ', 'codec_recon_1=0.237153; ', 'bpp_1=0.288481; ', 'mse_2=0.000380; ', 'lpips_2=0.003734; ', 'codec_recon_2=0.071674; ', 'bpp_2=0.268486; ']
train step[56/2000] ; used: 1m:16s; eta: 43m:18s; loss = 0.393566; ['mse_0=0.001958; ', 'lpips_0=0.003593; ', 'codec_recon_0=0.017216; ', 'bpp_0=6.099081; ', 'mse_1=0.001764; ', 'lpips_1=0.003120; ', 'codec_recon_1=0.286360; ', 'bpp_1=0.294189; ', 'mse_2=0.001624; ', 'lpips_2=0.002572; ', 'codec_recon_2=0.075361; ', 'bpp_2=0.272038; ']
train step[57/2000] ; used: 1m:17s; eta: 43m:12s; loss = 0.502215; ['mse_0=0.004209; ', 'lpips_0=0.007064; ', 'codec_recon_0=0.020793; ', 'bpp_0=6.129309; ', 'mse_1=0.003521; ', 'lpips_1=0.006365; ', 'codec_recon_1=0.385473; ', 'bpp_1=0.300053; ', 'mse_2=0.003077; ', 'lpips_2=0.004860; ', 'codec_recon_2=0.066855; ', 'bpp_2=0.282837; ']
train step[58/2000] ; used: 1m:18s; eta: 43m:3s; loss = 0.384149; ['mse_0=0.000796; ', 'lpips_0=0.003850; ', 'codec_recon_0=0.017762; ', 'bpp_0=5.915507; ', 'mse_1=0.000661; ', 'lpips_1=0.003335; ', 'codec_recon_1=0.277265; ', 'bpp_1=0.291113; ', 'mse_2=0.000596; ', 'lpips_2=0.002959; ', 'codec_recon_2=0.076924; ', 'bpp_2=0.269285; ']
train step[59/2000] ; used: 1m:19s; eta: 42m:58s; loss = 0.377032; ['mse_0=0.000747; ', 'lpips_0=0.003185; ', 'codec_recon_0=0.020757; ', 'bpp_0=5.966328; ', 'mse_1=0.000700; ', 'lpips_1=0.002786; ', 'codec_recon_1=0.275517; ', 'bpp_1=0.291974; ', 'mse_2=0.000645; ', 'lpips_2=0.002463; ', 'codec_recon_2=0.070232; ', 'bpp_2=0.269652; ']
train step[60/2000] ; used: 1m:20s; eta: 42m:51s; loss = 0.389777; ['mse_0=0.000575; ', 'lpips_0=0.006220; ', 'codec_recon_0=0.027926; ', 'bpp_0=5.679406; ', 'mse_1=0.000510; ', 'lpips_1=0.005746; ', 'codec_recon_1=0.265837; ', 'bpp_1=0.283222; ', 'mse_2=0.000485; ', 'lpips_2=0.005431; ', 'codec_recon_2=0.077045; ', 'bpp_2=0.262861; ']
train step[61/2000] ; used: 1m:21s; eta: 42m:43s; loss = 0.449981; ['mse_0=0.002524; ', 'lpips_0=0.006006; ', 'codec_recon_0=0.020559; ', 'bpp_0=5.934486; ', 'mse_1=0.002324; ', 'lpips_1=0.005711; ', 'codec_recon_1=0.328056; ', 'bpp_1=0.292659; ', 'mse_2=0.002078; ', 'lpips_2=0.005026; ', 'codec_recon_2=0.077696; ', 'bpp_2=0.273297; ']
train step[62/2000] ; used: 1m:23s; eta: 42m:36s; loss = 0.309888; ['mse_0=0.000514; ', 'lpips_0=0.003235; ', 'codec_recon_0=0.015144; ', 'bpp_0=5.808556; ', 'mse_1=0.000354; ', 'lpips_1=0.002681; ', 'codec_recon_1=0.223726; ', 'bpp_1=0.288609; ', 'mse_2=0.000243; ', 'lpips_2=0.002278; ', 'codec_recon_2=0.061712; ', 'bpp_2=0.264487; ']
train step[63/2000] ; used: 1m:24s; eta: 42m:28s; loss = 0.320826; ['mse_0=0.000730; ', 'lpips_0=0.003278; ', 'codec_recon_0=0.019870; ', 'bpp_0=5.794525; ', 'mse_1=0.000663; ', 'lpips_1=0.002890; ', 'codec_recon_1=0.226323; ', 'bpp_1=0.286883; ', 'mse_2=0.000639; ', 'lpips_2=0.002671; ', 'codec_recon_2=0.063762; ', 'bpp_2=0.266287; ']
train step[64/2000] ; used: 1m:25s; eta: 42m:21s; loss = 0.400566; ['mse_0=0.002149; ', 'lpips_0=0.004603; ', 'codec_recon_0=0.019743; ', 'bpp_0=5.922922; ', 'mse_1=0.001943; ', 'lpips_1=0.003972; ', 'codec_recon_1=0.295802; ', 'bpp_1=0.291751; ', 'mse_2=0.001825; ', 'lpips_2=0.003508; ', 'codec_recon_2=0.067023; ', 'bpp_2=0.271194; ']
train step[65/2000] ; used: 1m:26s; eta: 42m:16s; loss = 0.409810; ['mse_0=0.001424; ', 'lpips_0=0.004796; ', 'codec_recon_0=0.018749; ', 'bpp_0=6.014688; ', 'mse_1=0.001244; ', 'lpips_1=0.004287; ', 'codec_recon_1=0.301455; ', 'bpp_1=0.294866; ', 'mse_2=0.001051; ', 'lpips_2=0.003716; ', 'codec_recon_2=0.073089; ', 'bpp_2=0.273381; ']
train step[66/2000] ; used: 1m:27s; eta: 42m:11s; loss = 0.453945; ['mse_0=0.001504; ', 'lpips_0=0.004907; ', 'codec_recon_0=0.017357; ', 'bpp_0=6.076203; ', 'mse_1=0.001283; ', 'lpips_1=0.004787; ', 'codec_recon_1=0.341920; ', 'bpp_1=0.296211; ', 'mse_2=0.000842; ', 'lpips_2=0.003119; ', 'codec_recon_2=0.078225; ', 'bpp_2=0.275528; ']
train step[67/2000] ; used: 1m:28s; eta: 42m:4s; loss = 0.379494; ['mse_0=0.003298; ', 'lpips_0=0.005382; ', 'codec_recon_0=0.024113; ', 'bpp_0=5.929174; ', 'mse_1=0.003002; ', 'lpips_1=0.004889; ', 'codec_recon_1=0.247506; ', 'bpp_1=0.291427; ', 'mse_2=0.002997; ', 'lpips_2=0.004712; ', 'codec_recon_2=0.083595; ', 'bpp_2=0.269833; ']
train step[68/2000] ; used: 1m:30s; eta: 42m; loss = 0.436730; ['mse_0=0.002146; ', 'lpips_0=0.005607; ', 'codec_recon_0=0.017057; ', 'bpp_0=6.017465; ', 'mse_1=0.001920; ', 'lpips_1=0.005107; ', 'codec_recon_1=0.330642; ', 'bpp_1=0.296609; ', 'mse_2=0.001803; ', 'lpips_2=0.004197; ', 'codec_recon_2=0.068250; ', 'bpp_2=0.278543; ']
train step[69/2000] ; used: 1m:31s; eta: 41m:56s; loss = 0.502023; ['mse_0=0.001772; ', 'lpips_0=0.008418; ', 'codec_recon_0=0.019112; ', 'bpp_0=6.115639; ', 'mse_1=0.001556; ', 'lpips_1=0.008026; ', 'codec_recon_1=0.367064; ', 'bpp_1=0.296063; ', 'mse_2=0.001410; ', 'lpips_2=0.006944; ', 'codec_recon_2=0.087721; ', 'bpp_2=0.276657; ']
train step[70/2000] ; used: 1m:32s; eta: 41m:51s; loss = 0.419236; ['mse_0=0.000582; ', 'lpips_0=0.004438; ', 'codec_recon_0=0.017293; ', 'bpp_0=6.139571; ', 'mse_1=0.000475; ', 'lpips_1=0.003663; ', 'codec_recon_1=0.305440; ', 'bpp_1=0.296037; ', 'mse_2=0.000398; ', 'lpips_2=0.002897; ', 'codec_recon_2=0.084051; ', 'bpp_2=0.273902; ']
train step[71/2000] ; used: 1m:33s; eta: 41m:46s; loss = 0.469622; ['mse_0=0.001191; ', 'lpips_0=0.004818; ', 'codec_recon_0=0.020202; ', 'bpp_0=6.104464; ', 'mse_1=0.001034; ', 'lpips_1=0.004192; ', 'codec_recon_1=0.350525; ', 'bpp_1=0.295623; ', 'mse_2=0.000732; ', 'lpips_2=0.003344; ', 'codec_recon_2=0.083584; ', 'bpp_2=0.273582; ']
train step[72/2000] ; used: 1m:34s; eta: 41m:41s; loss = 0.376580; ['mse_0=0.000558; ', 'lpips_0=0.003479; ', 'codec_recon_0=0.015886; ', 'bpp_0=6.058055; ', 'mse_1=0.000471; ', 'lpips_1=0.003052; ', 'codec_recon_1=0.276644; ', 'bpp_1=0.293539; ', 'mse_2=0.000368; ', 'lpips_2=0.002566; ', 'codec_recon_2=0.073556; ', 'bpp_2=0.271605; ']
train step[73/2000] ; used: 1m:35s; eta: 41m:34s; loss = 0.400156; ['mse_0=0.002403; ', 'lpips_0=0.004330; ', 'codec_recon_0=0.021096; ', 'bpp_0=6.130729; ', 'mse_1=0.002059; ', 'lpips_1=0.003754; ', 'codec_recon_1=0.282546; ', 'bpp_1=0.297022; ', 'mse_2=0.001951; ', 'lpips_2=0.003253; ', 'codec_recon_2=0.078765; ', 'bpp_2=0.276628; ']
train step[74/2000] ; used: 1m:36s; eta: 41m:29s; loss = 0.387333; ['mse_0=0.002603; ', 'lpips_0=0.006637; ', 'codec_recon_0=0.023065; ', 'bpp_0=5.882920; ', 'mse_1=0.002412; ', 'lpips_1=0.006197; ', 'codec_recon_1=0.268089; ', 'bpp_1=0.291999; ', 'mse_2=0.002348; ', 'lpips_2=0.005978; ', 'codec_recon_2=0.070005; ', 'bpp_2=0.268975; ']
train step[75/2000] ; used: 1m:38s; eta: 41m:24s; loss = 0.392895; ['mse_0=0.001335; ', 'lpips_0=0.003615; ', 'codec_recon_0=0.017814; ', 'bpp_0=6.082256; ', 'mse_1=0.001160; ', 'lpips_1=0.003155; ', 'codec_recon_1=0.291182; ', 'bpp_1=0.295973; ', 'mse_2=0.001007; ', 'lpips_2=0.002669; ', 'codec_recon_2=0.070958; ', 'bpp_2=0.275872; ']
train step[76/2000] ; used: 1m:39s; eta: 41m:20s; loss = 0.343856; ['mse_0=0.000812; ', 'lpips_0=0.003529; ', 'codec_recon_0=0.017935; ', 'bpp_0=5.891777; ', 'mse_1=0.000691; ', 'lpips_1=0.002993; ', 'codec_recon_1=0.246697; ', 'bpp_1=0.290672; ', 'mse_2=0.000603; ', 'lpips_2=0.002639; ', 'codec_recon_2=0.067958; ', 'bpp_2=0.267973; ']
train step[77/2000] ; used: 1m:40s; eta: 41m:16s; loss = 0.360780; ['mse_0=0.001528; ', 'lpips_0=0.003633; ', 'codec_recon_0=0.020472; ', 'bpp_0=6.110598; ', 'mse_1=0.001377; ', 'lpips_1=0.003227; ', 'codec_recon_1=0.257467; ', 'bpp_1=0.296493; ', 'mse_2=0.001270; ', 'lpips_2=0.002863; ', 'codec_recon_2=0.068943; ', 'bpp_2=0.275309; ']
train step[78/2000] ; used: 1m:41s; eta: 41m:10s; loss = 0.362795; ['mse_0=0.001099; ', 'lpips_0=0.004454; ', 'codec_recon_0=0.024947; ', 'bpp_0=5.736913; ', 'mse_1=0.000948; ', 'lpips_1=0.003994; ', 'codec_recon_1=0.253178; ', 'bpp_1=0.289319; ', 'mse_2=0.000863; ', 'lpips_2=0.003732; ', 'codec_recon_2=0.069580; ', 'bpp_2=0.269989; ']
train step[79/2000] ; used: 1m:42s; eta: 41m:7s; loss = 0.395526; ['mse_0=0.000614; ', 'lpips_0=0.003469; ', 'codec_recon_0=0.016942; ', 'bpp_0=5.984974; ', 'mse_1=0.000460; ', 'lpips_1=0.002880; ', 'codec_recon_1=0.297234; ', 'bpp_1=0.293982; ', 'mse_2=0.000293; ', 'lpips_2=0.002273; ', 'codec_recon_2=0.071360; ', 'bpp_2=0.270567; ']
train step[80/2000] ; used: 1m:43s; eta: 41m:4s; loss = 0.357128; ['mse_0=0.000386; ', 'lpips_0=0.003069; ', 'codec_recon_0=0.018746; ', 'bpp_0=5.904861; ', 'mse_1=0.000303; ', 'lpips_1=0.002541; ', 'codec_recon_1=0.258585; ', 'bpp_1=0.292067; ', 'mse_2=0.000253; ', 'lpips_2=0.002208; ', 'codec_recon_2=0.071038; ', 'bpp_2=0.269991; ']
train step[81/2000] ; used: 1m:45s; eta: 41m; loss = 0.349561; ['mse_0=0.001741; ', 'lpips_0=0.004100; ', 'codec_recon_0=0.023897; ', 'bpp_0=5.685837; ', 'mse_1=0.001556; ', 'lpips_1=0.003718; ', 'codec_recon_1=0.248131; ', 'bpp_1=0.289163; ', 'mse_2=0.001497; ', 'lpips_2=0.003471; ', 'codec_recon_2=0.061450; ', 'bpp_2=0.265730; ']
train step[82/2000] ; used: 1m:46s; eta: 40m:56s; loss = 0.350499; ['mse_0=0.000852; ', 'lpips_0=0.003398; ', 'codec_recon_0=0.018071; ', 'bpp_0=6.042279; ', 'mse_1=0.000588; ', 'lpips_1=0.002713; ', 'codec_recon_1=0.256793; ', 'bpp_1=0.295648; ', 'mse_2=0.000504; ', 'lpips_2=0.002329; ', 'codec_recon_2=0.065252; ', 'bpp_2=0.274751; ']
train step[83/2000] ; used: 1m:47s; eta: 40m:51s; loss = 0.430057; ['mse_0=0.002163; ', 'lpips_0=0.005734; ', 'codec_recon_0=0.020770; ', 'bpp_0=6.019371; ', 'mse_1=0.002067; ', 'lpips_1=0.005111; ', 'codec_recon_1=0.316624; ', 'bpp_1=0.294989; ', 'mse_2=0.002072; ', 'lpips_2=0.004635; ', 'codec_recon_2=0.070881; ', 'bpp_2=0.275542; ']
train step[84/2000] ; used: 1m:48s; eta: 40m:45s; loss = 0.507279; ['mse_0=0.003533; ', 'lpips_0=0.007363; ', 'codec_recon_0=0.016581; ', 'bpp_0=6.314991; ', 'mse_1=0.002823; ', 'lpips_1=0.006394; ', 'codec_recon_1=0.392238; ', 'bpp_1=0.301181; ', 'mse_2=0.002386; ', 'lpips_2=0.005007; ', 'codec_recon_2=0.070955; ', 'bpp_2=0.285068; ']
train step[85/2000] ; used: 1m:49s; eta: 40m:41s; loss = 0.379312; ['mse_0=0.001088; ', 'lpips_0=0.004409; ', 'codec_recon_0=0.018616; ', 'bpp_0=6.184442; ', 'mse_1=0.000961; ', 'lpips_1=0.003929; ', 'codec_recon_1=0.272485; ', 'bpp_1=0.299315; ', 'mse_2=0.000843; ', 'lpips_2=0.003474; ', 'codec_recon_2=0.073507; ', 'bpp_2=0.278886; ']
train step[86/2000] ; used: 1m:50s; eta: 40m:35s; loss = 0.478792; ['mse_0=0.002284; ', 'lpips_0=0.007155; ', 'codec_recon_0=0.017090; ', 'bpp_0=6.164157; ', 'mse_1=0.002007; ', 'lpips_1=0.006536; ', 'codec_recon_1=0.360705; ', 'bpp_1=0.296872; ', 'mse_2=0.001653; ', 'lpips_2=0.005456; ', 'codec_recon_2=0.075907; ', 'bpp_2=0.278234; ']
train step[87/2000] ; used: 1m:51s; eta: 40m:32s; loss = 0.439977; ['mse_0=0.001575; ', 'lpips_0=0.004809; ', 'codec_recon_0=0.016825; ', 'bpp_0=5.997015; ', 'mse_1=0.001332; ', 'lpips_1=0.004228; ', 'codec_recon_1=0.337581; ', 'bpp_1=0.294283; ', 'mse_2=0.001000; ', 'lpips_2=0.003257; ', 'codec_recon_2=0.069370; ', 'bpp_2=0.277573; ']
train step[88/2000] ; used: 1m:52s; eta: 40m:26s; loss = 0.429975; ['mse_0=0.006019; ', 'lpips_0=0.005764; ', 'codec_recon_0=0.017001; ', 'bpp_0=6.151284; ', 'mse_1=0.005641; ', 'lpips_1=0.005204; ', 'codec_recon_1=0.316346; ', 'bpp_1=0.300674; ', 'mse_2=0.005467; ', 'lpips_2=0.004367; ', 'codec_recon_2=0.064165; ', 'bpp_2=0.282322; ']
train step[89/2000] ; used: 1m:54s; eta: 40m:24s; loss = 0.353451; ['mse_0=0.002437; ', 'lpips_0=0.004613; ', 'codec_recon_0=0.021437; ', 'bpp_0=5.615291; ', 'mse_1=0.002299; ', 'lpips_1=0.004082; ', 'codec_recon_1=0.252256; ', 'bpp_1=0.286611; ', 'mse_2=0.002322; ', 'lpips_2=0.003869; ', 'codec_recon_2=0.060135; ', 'bpp_2=0.263583; ']
train step[90/2000] ; used: 1m:55s; eta: 40m:21s; loss = 0.447660; ['mse_0=0.001962; ', 'lpips_0=0.004321; ', 'codec_recon_0=0.018552; ', 'bpp_0=6.211094; ', 'mse_1=0.001575; ', 'lpips_1=0.003698; ', 'codec_recon_1=0.345594; ', 'bpp_1=0.299817; ', 'mse_2=0.001105; ', 'lpips_2=0.002471; ', 'codec_recon_2=0.068381; ', 'bpp_2=0.281318; ']
train step[91/2000] ; used: 1m:56s; eta: 40m:18s; loss = 0.420498; ['mse_0=0.003349; ', 'lpips_0=0.007261; ', 'codec_recon_0=0.021154; ', 'bpp_0=6.119929; ', 'mse_1=0.002996; ', 'lpips_1=0.006551; ', 'codec_recon_1=0.297895; ', 'bpp_1=0.297995; ', 'mse_2=0.002885; ', 'lpips_2=0.006143; ', 'codec_recon_2=0.072265; ', 'bpp_2=0.278897; ']
train step[92/2000] ; used: 1m:57s; eta: 40m:15s; loss = 0.354866; ['mse_0=0.000886; ', 'lpips_0=0.003670; ', 'codec_recon_0=0.022473; ', 'bpp_0=5.868660; ', 'mse_1=0.000824; ', 'lpips_1=0.003202; ', 'codec_recon_1=0.239421; ', 'bpp_1=0.289987; ', 'mse_2=0.000780; ', 'lpips_2=0.002876; ', 'codec_recon_2=0.080733; ', 'bpp_2=0.267718; ']
train step[93/2000] ; used: 1m:58s; eta: 40m:12s; loss = 0.353454; ['mse_0=0.000846; ', 'lpips_0=0.004287; ', 'codec_recon_0=0.021433; ', 'bpp_0=5.593696; ', 'mse_1=0.000718; ', 'lpips_1=0.003719; ', 'codec_recon_1=0.251396; ', 'bpp_1=0.284977; ', 'mse_2=0.000635; ', 'lpips_2=0.003287; ', 'codec_recon_2=0.067134; ', 'bpp_2=0.262977; ']
train step[94/2000] ; used: 2m; eta: 40m:8s; loss = 0.353100; ['mse_0=0.000669; ', 'lpips_0=0.003482; ', 'codec_recon_0=0.017913; ', 'bpp_0=5.823700; ', 'mse_1=0.000580; ', 'lpips_1=0.003006; ', 'codec_recon_1=0.251908; ', 'bpp_1=0.289886; ', 'mse_2=0.000532; ', 'lpips_2=0.002643; ', 'codec_recon_2=0.072368; ', 'bpp_2=0.266987; ']
train step[95/2000] ; used: 2m:1s; eta: 40m:4s; loss = 0.370308; ['mse_0=0.000612; ', 'lpips_0=0.003847; ', 'codec_recon_0=0.019741; ', 'bpp_0=5.966727; ', 'mse_1=0.000515; ', 'lpips_1=0.003376; ', 'codec_recon_1=0.266374; ', 'bpp_1=0.294206; ', 'mse_2=0.000426; ', 'lpips_2=0.002964; ', 'codec_recon_2=0.072454; ', 'bpp_2=0.272821; ']
train step[96/2000] ; used: 2m:2s; eta: 40m:1s; loss = 0.418816; ['mse_0=0.004193; ', 'lpips_0=0.007524; ', 'codec_recon_0=0.018897; ', 'bpp_0=6.031694; ', 'mse_1=0.004096; ', 'lpips_1=0.006986; ', 'codec_recon_1=0.298778; ', 'bpp_1=0.294991; ', 'mse_2=0.004010; ', 'lpips_2=0.006482; ', 'codec_recon_2=0.067850; ', 'bpp_2=0.277022; ']
train step[97/2000] ; used: 2m:3s; eta: 39m:57s; loss = 0.474227; ['mse_0=0.002049; ', 'lpips_0=0.005804; ', 'codec_recon_0=0.017696; ', 'bpp_0=6.152501; ', 'mse_1=0.001678; ', 'lpips_1=0.005297; ', 'codec_recon_1=0.368453; ', 'bpp_1=0.297456; ', 'mse_2=0.001129; ', 'lpips_2=0.003758; ', 'codec_recon_2=0.068362; ', 'bpp_2=0.279460; ']
train step[98/2000] ; used: 2m:4s; eta: 39m:54s; loss = 0.369094; ['mse_0=0.000548; ', 'lpips_0=0.003535; ', 'codec_recon_0=0.016457; ', 'bpp_0=5.934350; ', 'mse_1=0.000416; ', 'lpips_1=0.002999; ', 'codec_recon_1=0.268349; ', 'bpp_1=0.292892; ', 'mse_2=0.000345; ', 'lpips_2=0.002641; ', 'codec_recon_2=0.073805; ', 'bpp_2=0.270368; ']
train step[99/2000] ; used: 2m:5s; eta: 39m:50s; loss = 0.405250; ['mse_0=0.001862; ', 'lpips_0=0.004631; ', 'codec_recon_0=0.018891; ', 'bpp_0=6.097740; ', 'mse_1=0.001726; ', 'lpips_1=0.003942; ', 'codec_recon_1=0.296985; ', 'bpp_1=0.294425; ', 'mse_2=0.001664; ', 'lpips_2=0.003210; ', 'codec_recon_2=0.072340; ', 'bpp_2=0.275095; ']
train step[100/2000] ; used: 2m:6s; eta: 39m:47s; loss = 0.412655; ['mse_0=0.001080; ', 'lpips_0=0.004991; ', 'codec_recon_0=0.017973; ', 'bpp_0=6.168664; ', 'mse_1=0.000919; ', 'lpips_1=0.004439; ', 'codec_recon_1=0.295263; ', 'bpp_1=0.297335; ', 'mse_2=0.000783; ', 'lpips_2=0.003947; ', 'codec_recon_2=0.083262; ', 'bpp_2=0.275873; ']
train step[101/2000] ; used: 2m:8s; eta: 39m:44s; loss = 0.345580; ['mse_0=0.000630; ', 'lpips_0=0.002929; ', 'codec_recon_0=0.019172; ', 'bpp_0=6.051954; ', 'mse_1=0.000455; ', 'lpips_1=0.002355; ', 'codec_recon_1=0.253027; ', 'bpp_1=0.293722; ', 'mse_2=0.000395; ', 'lpips_2=0.002065; ', 'codec_recon_2=0.064553; ', 'bpp_2=0.271757; ']
train step[102/2000] ; used: 2m:9s; eta: 39m:41s; loss = 0.392637; ['mse_0=0.001798; ', 'lpips_0=0.003815; ', 'codec_recon_0=0.018075; ', 'bpp_0=6.201422; ', 'mse_1=0.001525; ', 'lpips_1=0.003206; ', 'codec_recon_1=0.298802; ', 'bpp_1=0.296868; ', 'mse_2=0.001240; ', 'lpips_2=0.002556; ', 'codec_recon_2=0.061619; ', 'bpp_2=0.277786; ']
train step[103/2000] ; used: 2m:10s; eta: 39m:38s; loss = 0.360326; ['mse_0=0.000523; ', 'lpips_0=0.003074; ', 'codec_recon_0=0.018994; ', 'bpp_0=5.869516; ', 'mse_1=0.000448; ', 'lpips_1=0.002600; ', 'codec_recon_1=0.265178; ', 'bpp_1=0.290181; ', 'mse_2=0.000360; ', 'lpips_2=0.002256; ', 'codec_recon_2=0.066893; ', 'bpp_2=0.269552; ']
train step[104/2000] ; used: 2m:11s; eta: 39m:34s; loss = 0.394272; ['mse_0=0.000937; ', 'lpips_0=0.004352; ', 'codec_recon_0=0.024982; ', 'bpp_0=6.021188; ', 'mse_1=0.000877; ', 'lpips_1=0.004017; ', 'codec_recon_1=0.269000; ', 'bpp_1=0.293633; ', 'mse_2=0.000834; ', 'lpips_2=0.003710; ', 'codec_recon_2=0.085562; ', 'bpp_2=0.270815; ']
train step[105/2000] ; used: 2m:12s; eta: 39m:30s; loss = 0.406106; ['mse_0=0.000917; ', 'lpips_0=0.004069; ', 'codec_recon_0=0.017708; ', 'bpp_0=6.068382; ', 'mse_1=0.000753; ', 'lpips_1=0.003535; ', 'codec_recon_1=0.302864; ', 'bpp_1=0.295239; ', 'mse_2=0.000594; ', 'lpips_2=0.002984; ', 'codec_recon_2=0.072683; ', 'bpp_2=0.274524; ']
train step[106/2000] ; used: 2m:13s; eta: 39m:27s; loss = 0.454830; ['mse_0=0.001128; ', 'lpips_0=0.004633; ', 'codec_recon_0=0.021498; ', 'bpp_0=5.945910; ', 'mse_1=0.000907; ', 'lpips_1=0.003981; ', 'codec_recon_1=0.341478; ', 'bpp_1=0.292701; ', 'mse_2=0.000740; ', 'lpips_2=0.003102; ', 'codec_recon_2=0.077363; ', 'bpp_2=0.273596; ']
train step[107/2000] ; used: 2m:14s; eta: 39m:24s; loss = 0.382707; ['mse_0=0.002446; ', 'lpips_0=0.004706; ', 'codec_recon_0=0.019546; ', 'bpp_0=5.783892; ', 'mse_1=0.002214; ', 'lpips_1=0.004096; ', 'codec_recon_1=0.283083; ', 'bpp_1=0.289883; ', 'mse_2=0.002029; ', 'lpips_2=0.003675; ', 'codec_recon_2=0.060912; ', 'bpp_2=0.268191; ']
train step[108/2000] ; used: 2m:16s; eta: 39m:21s; loss = 0.382129; ['mse_0=0.001756; ', 'lpips_0=0.004263; ', 'codec_recon_0=0.017542; ', 'bpp_0=5.957327; ', 'mse_1=0.001560; ', 'lpips_1=0.003849; ', 'codec_recon_1=0.281399; ', 'bpp_1=0.293333; ', 'mse_2=0.001461; ', 'lpips_2=0.003476; ', 'codec_recon_2=0.066823; ', 'bpp_2=0.272717; ']
train step[109/2000] ; used: 2m:17s; eta: 39m:18s; loss = 0.359485; ['mse_0=0.000387; ', 'lpips_0=0.002973; ', 'codec_recon_0=0.019792; ', 'bpp_0=5.865827; ', 'mse_1=0.000309; ', 'lpips_1=0.002488; ', 'codec_recon_1=0.258058; ', 'bpp_1=0.289369; ', 'mse_2=0.000258; ', 'lpips_2=0.002169; ', 'codec_recon_2=0.073052; ', 'bpp_2=0.265505; ']
Skipped bad example 1c46c37d7928785e. Context shape was torch.Size([2, 3, 338, 640]) and target shape was torch.Size([4, 3, 338, 640]).
train step[110/2000] ; used: 2m:18s; eta: 39m:16s; loss = 0.549595; ['mse_0=0.003804; ', 'lpips_0=0.009129; ', 'codec_recon_0=0.018205; ', 'bpp_0=6.348342; ', 'mse_1=0.003380; ', 'lpips_1=0.008519; ', 'codec_recon_1=0.421268; ', 'bpp_1=0.300752; ', 'mse_2=0.002836; ', 'lpips_2=0.006786; ', 'codec_recon_2=0.075667; ', 'bpp_2=0.286130; ']
train step[111/2000] ; used: 2m:19s; eta: 39m:13s; loss = 0.490625; ['mse_0=0.001693; ', 'lpips_0=0.006400; ', 'codec_recon_0=0.017949; ', 'bpp_0=6.221621; ', 'mse_1=0.001410; ', 'lpips_1=0.005536; ', 'codec_recon_1=0.381269; ', 'bpp_1=0.298954; ', 'mse_2=0.000956; ', 'lpips_2=0.004150; ', 'codec_recon_2=0.071261; ', 'bpp_2=0.281857; ']
train step[112/2000] ; used: 2m:20s; eta: 39m:10s; loss = 0.384011; ['mse_0=0.000768; ', 'lpips_0=0.004337; ', 'codec_recon_0=0.019263; ', 'bpp_0=5.852890; ', 'mse_1=0.000660; ', 'lpips_1=0.003928; ', 'codec_recon_1=0.282542; ', 'bpp_1=0.289647; ', 'mse_2=0.000554; ', 'lpips_2=0.003530; ', 'codec_recon_2=0.068430; ', 'bpp_2=0.268581; ']
train step[113/2000] ; used: 2m:21s; eta: 39m:7s; loss = 0.366203; ['mse_0=0.001056; ', 'lpips_0=0.003284; ', 'codec_recon_0=0.018299; ', 'bpp_0=6.154291; ', 'mse_1=0.000852; ', 'lpips_1=0.002716; ', 'codec_recon_1=0.265771; ', 'bpp_1=0.296247; ', 'mse_2=0.000718; ', 'lpips_2=0.002300; ', 'codec_recon_2=0.071209; ', 'bpp_2=0.276225; ']
train step[114/2000] ; used: 2m:22s; eta: 39m:3s; loss = 0.383861; ['mse_0=0.000415; ', 'lpips_0=0.004973; ', 'codec_recon_0=0.020553; ', 'bpp_0=5.849152; ', 'mse_1=0.000328; ', 'lpips_1=0.004337; ', 'codec_recon_1=0.279200; ', 'bpp_1=0.288978; ', 'mse_2=0.000256; ', 'lpips_2=0.003879; ', 'codec_recon_2=0.069920; ', 'bpp_2=0.268214; ']
train step[115/2000] ; used: 2m:24s; eta: 39m; loss = 0.379479; ['mse_0=0.001394; ', 'lpips_0=0.004167; ', 'codec_recon_0=0.016457; ', 'bpp_0=6.014955; ', 'mse_1=0.001197; ', 'lpips_1=0.003609; ', 'codec_recon_1=0.282362; ', 'bpp_1=0.294136; ', 'mse_2=0.000967; ', 'lpips_2=0.003101; ', 'codec_recon_2=0.066225; ', 'bpp_2=0.271271; ']
train step[116/2000] ; used: 2m:25s; eta: 38m:57s; loss = 0.357804; ['mse_0=0.001592; ', 'lpips_0=0.004062; ', 'codec_recon_0=0.022665; ', 'bpp_0=5.778244; ', 'mse_1=0.001298; ', 'lpips_1=0.003470; ', 'codec_recon_1=0.251027; ', 'bpp_1=0.289452; ', 'mse_2=0.001157; ', 'lpips_2=0.003139; ', 'codec_recon_2=0.069393; ', 'bpp_2=0.266491; ']
train step[117/2000] ; used: 2m:26s; eta: 38m:56s; loss = 0.450101; ['mse_0=0.001014; ', 'lpips_0=0.004932; ', 'codec_recon_0=0.017544; ', 'bpp_0=6.231451; ', 'mse_1=0.000843; ', 'lpips_1=0.004192; ', 'codec_recon_1=0.337465; ', 'bpp_1=0.296253; ', 'mse_2=0.000693; ', 'lpips_2=0.003496; ', 'codec_recon_2=0.079922; ', 'bpp_2=0.277449; ']
train step[118/2000] ; used: 2m:27s; eta: 38m:52s; loss = 0.410249; ['mse_0=0.001100; ', 'lpips_0=0.005099; ', 'codec_recon_0=0.022153; ', 'bpp_0=5.824736; ', 'mse_1=0.000949; ', 'lpips_1=0.004528; ', 'codec_recon_1=0.297957; ', 'bpp_1=0.291525; ', 'mse_2=0.000848; ', 'lpips_2=0.004052; ', 'codec_recon_2=0.073562; ', 'bpp_2=0.269240; ']
train step[119/2000] ; used: 2m:28s; eta: 38m:50s; loss = 0.396297; ['mse_0=0.001381; ', 'lpips_0=0.004645; ', 'codec_recon_0=0.022471; ', 'bpp_0=5.917091; ', 'mse_1=0.001136; ', 'lpips_1=0.003942; ', 'codec_recon_1=0.289017; ', 'bpp_1=0.293276; ', 'mse_2=0.000997; ', 'lpips_2=0.003548; ', 'codec_recon_2=0.069160; ', 'bpp_2=0.273269; ']
train step[120/2000] ; used: 2m:29s; eta: 38m:49s; loss = 0.402301; ['mse_0=0.002283; ', 'lpips_0=0.004631; ', 'codec_recon_0=0.018726; ', 'bpp_0=6.117225; ', 'mse_1=0.002053; ', 'lpips_1=0.004061; ', 'codec_recon_1=0.292967; ', 'bpp_1=0.296405; ', 'mse_2=0.001987; ', 'lpips_2=0.003646; ', 'codec_recon_2=0.071948; ', 'bpp_2=0.276603; ']
train step[121/2000] ; used: 2m:31s; eta: 38m:46s; loss = 0.452936; ['mse_0=0.001144; ', 'lpips_0=0.006011; ', 'codec_recon_0=0.020253; ', 'bpp_0=6.039098; ', 'mse_1=0.000961; ', 'lpips_1=0.005379; ', 'codec_recon_1=0.336449; ', 'bpp_1=0.293219; ', 'mse_2=0.000766; ', 'lpips_2=0.004005; ', 'codec_recon_2=0.077968; ', 'bpp_2=0.275271; ']
train step[122/2000] ; used: 2m:32s; eta: 38m:43s; loss = 0.413739; ['mse_0=0.000538; ', 'lpips_0=0.003165; ', 'codec_recon_0=0.018489; ', 'bpp_0=6.081231; ', 'mse_1=0.000425; ', 'lpips_1=0.002622; ', 'codec_recon_1=0.314475; ', 'bpp_1=0.295485; ', 'mse_2=0.000253; ', 'lpips_2=0.002000; ', 'codec_recon_2=0.071773; ', 'bpp_2=0.274629; ']
train step[123/2000] ; used: 2m:33s; eta: 38m:40s; loss = 0.374432; ['mse_0=0.000301; ', 'lpips_0=0.002847; ', 'codec_recon_0=0.018243; ', 'bpp_0=6.060550; ', 'mse_1=0.000219; ', 'lpips_1=0.002319; ', 'codec_recon_1=0.267171; ', 'bpp_1=0.293526; ', 'mse_2=0.000173; ', 'lpips_2=0.002016; ', 'codec_recon_2=0.081143; ', 'bpp_2=0.273327; ']
train step[124/2000] ; used: 2m:34s; eta: 38m:37s; loss = 0.355858; ['mse_0=0.000664; ', 'lpips_0=0.004025; ', 'codec_recon_0=0.019955; ', 'bpp_0=6.006185; ', 'mse_1=0.000526; ', 'lpips_1=0.003453; ', 'codec_recon_1=0.252134; ', 'bpp_1=0.294206; ', 'mse_2=0.000454; ', 'lpips_2=0.003071; ', 'codec_recon_2=0.071575; ', 'bpp_2=0.272813; ']
train step[125/2000] ; used: 2m:35s; eta: 38m:34s; loss = 0.356892; ['mse_0=0.000893; ', 'lpips_0=0.003672; ', 'codec_recon_0=0.018695; ', 'bpp_0=6.075848; ', 'mse_1=0.000751; ', 'lpips_1=0.003103; ', 'codec_recon_1=0.258179; ', 'bpp_1=0.295853; ', 'mse_2=0.000677; ', 'lpips_2=0.002745; ', 'codec_recon_2=0.068177; ', 'bpp_2=0.275975; ']
train step[126/2000] ; used: 2m:36s; eta: 38m:32s; loss = 0.418554; ['mse_0=0.001837; ', 'lpips_0=0.005037; ', 'codec_recon_0=0.018617; ', 'bpp_0=6.129138; ', 'mse_1=0.001580; ', 'lpips_1=0.004421; ', 'codec_recon_1=0.309751; ', 'bpp_1=0.297385; ', 'mse_2=0.001454; ', 'lpips_2=0.003844; ', 'codec_recon_2=0.072014; ', 'bpp_2=0.278885; ']
train step[127/2000] ; used: 2m:37s; eta: 38m:30s; loss = 0.369671; ['mse_0=0.001142; ', 'lpips_0=0.003708; ', 'codec_recon_0=0.025612; ', 'bpp_0=5.831313; ', 'mse_1=0.000964; ', 'lpips_1=0.003175; ', 'codec_recon_1=0.253769; ', 'bpp_1=0.291593; ', 'mse_2=0.000912; ', 'lpips_2=0.002850; ', 'codec_recon_2=0.077538; ', 'bpp_2=0.267844; ']
train step[128/2000] ; used: 2m:38s; eta: 38m:27s; loss = 0.430803; ['mse_0=0.002069; ', 'lpips_0=0.004901; ', 'codec_recon_0=0.016779; ', 'bpp_0=6.063200; ', 'mse_1=0.001679; ', 'lpips_1=0.004469; ', 'codec_recon_1=0.336067; ', 'bpp_1=0.298471; ', 'mse_2=0.001224; ', 'lpips_2=0.003354; ', 'codec_recon_2=0.060262; ', 'bpp_2=0.278840; ']
train step[129/2000] ; used: 2m:40s; eta: 38m:25s; loss = 0.455148; ['mse_0=0.001443; ', 'lpips_0=0.006266; ', 'codec_recon_0=0.023611; ', 'bpp_0=6.131239; ', 'mse_1=0.001304; ', 'lpips_1=0.005541; ', 'codec_recon_1=0.327817; ', 'bpp_1=0.295429; ', 'mse_2=0.001232; ', 'lpips_2=0.004997; ', 'codec_recon_2=0.082937; ', 'bpp_2=0.276413; ']
train step[130/2000] ; used: 2m:41s; eta: 38m:23s; loss = 0.417626; ['mse_0=0.001749; ', 'lpips_0=0.004998; ', 'codec_recon_0=0.016877; ', 'bpp_0=5.942413; ', 'mse_1=0.001589; ', 'lpips_1=0.004434; ', 'codec_recon_1=0.312502; ', 'bpp_1=0.292538; ', 'mse_2=0.001536; ', 'lpips_2=0.003822; ', 'codec_recon_2=0.070119; ', 'bpp_2=0.271875; ']
train step[131/2000] ; used: 2m:42s; eta: 38m:20s; loss = 0.400064; ['mse_0=0.004764; ', 'lpips_0=0.005278; ', 'codec_recon_0=0.020135; ', 'bpp_0=6.154914; ', 'mse_1=0.004341; ', 'lpips_1=0.004671; ', 'codec_recon_1=0.287431; ', 'bpp_1=0.297981; ', 'mse_2=0.004350; ', 'lpips_2=0.004297; ', 'codec_recon_2=0.064797; ', 'bpp_2=0.279510; ']
Skipped bad example d9dc27d0e5121b5a. Context shape was torch.Size([2, 3, 270, 640]) and target shape was torch.Size([4, 3, 270, 640]).
train step[132/2000] ; used: 2m:43s; eta: 38m:18s; loss = 0.384597; ['mse_0=0.001310; ', 'lpips_0=0.003880; ', 'codec_recon_0=0.016653; ', 'bpp_0=6.274444; ', 'mse_1=0.000978; ', 'lpips_1=0.003128; ', 'codec_recon_1=0.289472; ', 'bpp_1=0.301057; ', 'mse_2=0.000664; ', 'lpips_2=0.002292; ', 'codec_recon_2=0.066219; ', 'bpp_2=0.282406; ']
train step[133/2000] ; used: 2m:44s; eta: 38m:15s; loss = 0.380817; ['mse_0=0.000771; ', 'lpips_0=0.002983; ', 'codec_recon_0=0.017671; ', 'bpp_0=6.087118; ', 'mse_1=0.000606; ', 'lpips_1=0.002601; ', 'codec_recon_1=0.286643; ', 'bpp_1=0.296414; ', 'mse_2=0.000433; ', 'lpips_2=0.001984; ', 'codec_recon_2=0.067125; ', 'bpp_2=0.274969; ']
train step[134/2000] ; used: 2m:45s; eta: 38m:13s; loss = 0.392644; ['mse_0=0.001643; ', 'lpips_0=0.004257; ', 'codec_recon_0=0.023272; ', 'bpp_0=6.035060; ', 'mse_1=0.001378; ', 'lpips_1=0.003519; ', 'codec_recon_1=0.289040; ', 'bpp_1=0.297393; ', 'mse_2=0.001307; ', 'lpips_2=0.003150; ', 'codec_recon_2=0.065078; ', 'bpp_2=0.277968; ']
train step[135/2000] ; used: 2m:47s; eta: 38m:20s; loss = 0.399136; ['mse_0=0.000832; ', 'lpips_0=0.003790; ', 'codec_recon_0=0.019274; ', 'bpp_0=6.180229; ', 'mse_1=0.000670; ', 'lpips_1=0.003075; ', 'codec_recon_1=0.292942; ', 'bpp_1=0.297716; ', 'mse_2=0.000537; ', 'lpips_2=0.002683; ', 'codec_recon_2=0.075333; ', 'bpp_2=0.276461; ']
train step[136/2000] ; used: 2m:48s; eta: 38m:17s; loss = 0.419236; ['mse_0=0.002672; ', 'lpips_0=0.006852; ', 'codec_recon_0=0.019542; ', 'bpp_0=6.191535; ', 'mse_1=0.002347; ', 'lpips_1=0.006157; ', 'codec_recon_1=0.298491; ', 'bpp_1=0.299467; ', 'mse_2=0.002204; ', 'lpips_2=0.005486; ', 'codec_recon_2=0.075486; ', 'bpp_2=0.282193; ']
train step[137/2000] ; used: 2m:50s; eta: 38m:15s; loss = 0.387661; ['mse_0=0.000806; ', 'lpips_0=0.003752; ', 'codec_recon_0=0.020996; ', 'bpp_0=5.904681; ', 'mse_1=0.000652; ', 'lpips_1=0.003138; ', 'codec_recon_1=0.267430; ', 'bpp_1=0.291057; ', 'mse_2=0.000503; ', 'lpips_2=0.002548; ', 'codec_recon_2=0.087835; ', 'bpp_2=0.267466; ']
train step[138/2000] ; used: 2m:51s; eta: 38m:14s; loss = 0.343691; ['mse_0=0.000891; ', 'lpips_0=0.003604; ', 'codec_recon_0=0.017446; ', 'bpp_0=6.062143; ', 'mse_1=0.000726; ', 'lpips_1=0.003161; ', 'codec_recon_1=0.251626; ', 'bpp_1=0.296130; ', 'mse_2=0.000630; ', 'lpips_2=0.002818; ', 'codec_recon_2=0.062790; ', 'bpp_2=0.274518; ']
train step[139/2000] ; used: 2m:52s; eta: 38m:12s; loss = 0.408875; ['mse_0=0.001153; ', 'lpips_0=0.004765; ', 'codec_recon_0=0.021133; ', 'bpp_0=6.043972; ', 'mse_1=0.001055; ', 'lpips_1=0.004136; ', 'codec_recon_1=0.295389; ', 'bpp_1=0.294940; ', 'mse_2=0.000950; ', 'lpips_2=0.003586; ', 'codec_recon_2=0.076709; ', 'bpp_2=0.273629; ']
train step[140/2000] ; used: 2m:53s; eta: 38m:10s; loss = 0.397535; ['mse_0=0.001133; ', 'lpips_0=0.004150; ', 'codec_recon_0=0.021107; ', 'bpp_0=6.054919; ', 'mse_1=0.001007; ', 'lpips_1=0.003614; ', 'codec_recon_1=0.280658; ', 'bpp_1=0.292676; ', 'mse_2=0.000964; ', 'lpips_2=0.003377; ', 'codec_recon_2=0.081525; ', 'bpp_2=0.273063; ']
train step[141/2000] ; used: 2m:54s; eta: 38m:8s; loss = 0.367339; ['mse_0=0.000986; ', 'lpips_0=0.003980; ', 'codec_recon_0=0.025390; ', 'bpp_0=5.869388; ', 'mse_1=0.000908; ', 'lpips_1=0.003507; ', 'codec_recon_1=0.258204; ', 'bpp_1=0.292809; ', 'mse_2=0.000816; ', 'lpips_2=0.003279; ', 'codec_recon_2=0.070267; ', 'bpp_2=0.269726; ']
train step[142/2000] ; used: 2m:55s; eta: 38m:6s; loss = 0.448509; ['mse_0=0.001615; ', 'lpips_0=0.006566; ', 'codec_recon_0=0.019706; ', 'bpp_0=6.155591; ', 'mse_1=0.001424; ', 'lpips_1=0.005906; ', 'codec_recon_1=0.331526; ', 'bpp_1=0.297988; ', 'mse_2=0.001228; ', 'lpips_2=0.005232; ', 'codec_recon_2=0.075306; ', 'bpp_2=0.280904; ']
train step[143/2000] ; used: 2m:57s; eta: 38m:4s; loss = 0.423792; ['mse_0=0.000788; ', 'lpips_0=0.004431; ', 'codec_recon_0=0.018689; ', 'bpp_0=6.087233; ', 'mse_1=0.000640; ', 'lpips_1=0.004023; ', 'codec_recon_1=0.322191; ', 'bpp_1=0.296180; ', 'mse_2=0.000380; ', 'lpips_2=0.003298; ', 'codec_recon_2=0.069350; ', 'bpp_2=0.277241; ']
train step[144/2000] ; used: 2m:58s; eta: 38m:2s; loss = 0.330535; ['mse_0=0.000624; ', 'lpips_0=0.004443; ', 'codec_recon_0=0.018762; ', 'bpp_0=5.769185; ', 'mse_1=0.000492; ', 'lpips_1=0.003901; ', 'codec_recon_1=0.231232; ', 'bpp_1=0.289537; ', 'mse_2=0.000445; ', 'lpips_2=0.003712; ', 'codec_recon_2=0.066923; ', 'bpp_2=0.267085; ']
train step[145/2000] ; used: 2m:59s; eta: 37m:59s; loss = 0.383721; ['mse_0=0.000969; ', 'lpips_0=0.004344; ', 'codec_recon_0=0.019875; ', 'bpp_0=6.040483; ', 'mse_1=0.000824; ', 'lpips_1=0.003747; ', 'codec_recon_1=0.283165; ', 'bpp_1=0.295852; ', 'mse_2=0.000760; ', 'lpips_2=0.003390; ', 'codec_recon_2=0.066648; ', 'bpp_2=0.275075; ']
train step[146/2000] ; used: 3m; eta: 37m:57s; loss = 0.349950; ['mse_0=0.000526; ', 'lpips_0=0.002928; ', 'codec_recon_0=0.018029; ', 'bpp_0=5.960090; ', 'mse_1=0.000374; ', 'lpips_1=0.002324; ', 'codec_recon_1=0.261361; ', 'bpp_1=0.293305; ', 'mse_2=0.000283; ', 'lpips_2=0.001943; ', 'codec_recon_2=0.062183; ', 'bpp_2=0.271173; ']
train step[147/2000] ; used: 3m:1s; eta: 37m:54s; loss = 0.500352; ['mse_0=0.001036; ', 'lpips_0=0.006492; ', 'codec_recon_0=0.021262; ', 'bpp_0=6.010196; ', 'mse_1=0.000868; ', 'lpips_1=0.005749; ', 'codec_recon_1=0.383758; ', 'bpp_1=0.293260; ', 'mse_2=0.000700; ', 'lpips_2=0.004779; ', 'codec_recon_2=0.075709; ', 'bpp_2=0.277189; ']
train step[148/2000] ; used: 3m:2s; eta: 37m:52s; loss = 0.399210; ['mse_0=0.001671; ', 'lpips_0=0.003884; ', 'codec_recon_0=0.019399; ', 'bpp_0=6.003571; ', 'mse_1=0.001346; ', 'lpips_1=0.003221; ', 'codec_recon_1=0.298602; ', 'bpp_1=0.295407; ', 'mse_2=0.001171; ', 'lpips_2=0.002641; ', 'codec_recon_2=0.067275; ', 'bpp_2=0.275257; ']
train step[149/2000] ; used: 3m:4s; eta: 37m:50s; loss = 0.390451; ['mse_0=0.001977; ', 'lpips_0=0.003605; ', 'codec_recon_0=0.018409; ', 'bpp_0=6.028461; ', 'mse_1=0.001557; ', 'lpips_1=0.002835; ', 'codec_recon_1=0.295071; ', 'bpp_1=0.297000; ', 'mse_2=0.001329; ', 'lpips_2=0.002267; ', 'codec_recon_2=0.063404; ', 'bpp_2=0.275349; ']
train step[150/2000] ; used: 3m:5s; eta: 37m:47s; loss = 0.424704; ['mse_0=0.000966; ', 'lpips_0=0.005397; ', 'codec_recon_0=0.025284; ', 'bpp_0=5.975091; ', 'mse_1=0.000794; ', 'lpips_1=0.004741; ', 'codec_recon_1=0.299275; ', 'bpp_1=0.294213; ', 'mse_2=0.000725; ', 'lpips_2=0.004422; ', 'codec_recon_2=0.083100; ', 'bpp_2=0.274478; ']
train step[151/2000] ; used: 3m:6s; eta: 37m:46s; loss = 0.433225; ['mse_0=0.002415; ', 'lpips_0=0.004484; ', 'codec_recon_0=0.016505; ', 'bpp_0=6.136372; ', 'mse_1=0.001970; ', 'lpips_1=0.003829; ', 'codec_recon_1=0.339176; ', 'bpp_1=0.299266; ', 'mse_2=0.001397; ', 'lpips_2=0.002641; ', 'codec_recon_2=0.060807; ', 'bpp_2=0.282002; ']
train step[152/2000] ; used: 3m:7s; eta: 37m:44s; loss = 0.430935; ['mse_0=0.001584; ', 'lpips_0=0.004940; ', 'codec_recon_0=0.019048; ', 'bpp_0=6.155044; ', 'mse_1=0.001356; ', 'lpips_1=0.004302; ', 'codec_recon_1=0.328050; ', 'bpp_1=0.296550; ', 'mse_2=0.001009; ', 'lpips_2=0.003364; ', 'codec_recon_2=0.067281; ', 'bpp_2=0.277183; ']
train step[153/2000] ; used: 3m:8s; eta: 37m:42s; loss = 0.437350; ['mse_0=0.002071; ', 'lpips_0=0.004828; ', 'codec_recon_0=0.024394; ', 'bpp_0=6.222963; ', 'mse_1=0.001650; ', 'lpips_1=0.003910; ', 'codec_recon_1=0.315247; ', 'bpp_1=0.300012; ', 'mse_2=0.001521; ', 'lpips_2=0.003344; ', 'codec_recon_2=0.080385; ', 'bpp_2=0.282050; ']
train step[154/2000] ; used: 3m:9s; eta: 37m:40s; loss = 0.369631; ['mse_0=0.001668; ', 'lpips_0=0.006046; ', 'codec_recon_0=0.022509; ', 'bpp_0=5.882521; ', 'mse_1=0.001464; ', 'lpips_1=0.005507; ', 'codec_recon_1=0.259545; ', 'bpp_1=0.292830; ', 'mse_2=0.001385; ', 'lpips_2=0.005234; ', 'codec_recon_2=0.066272; ', 'bpp_2=0.272130; ']
train step[155/2000] ; used: 3m:10s; eta: 37m:38s; loss = 0.393068; ['mse_0=0.000834; ', 'lpips_0=0.004332; ', 'codec_recon_0=0.018817; ', 'bpp_0=5.951561; ', 'mse_1=0.000673; ', 'lpips_1=0.003724; ', 'codec_recon_1=0.291703; ', 'bpp_1=0.293900; ', 'mse_2=0.000566; ', 'lpips_2=0.003399; ', 'codec_recon_2=0.069019; ', 'bpp_2=0.274197; ']
train step[156/2000] ; used: 3m:12s; eta: 37m:36s; loss = 0.446605; ['mse_0=0.002074; ', 'lpips_0=0.004797; ', 'codec_recon_0=0.036088; ', 'bpp_0=5.967905; ', 'mse_1=0.001833; ', 'lpips_1=0.004042; ', 'codec_recon_1=0.304770; ', 'bpp_1=0.297618; ', 'mse_2=0.001707; ', 'lpips_2=0.003411; ', 'codec_recon_2=0.087884; ', 'bpp_2=0.275607; ']
train step[157/2000] ; used: 3m:13s; eta: 37m:33s; loss = 0.391299; ['mse_0=0.001638; ', 'lpips_0=0.005941; ', 'codec_recon_0=0.020114; ', 'bpp_0=5.993171; ', 'mse_1=0.001476; ', 'lpips_1=0.005357; ', 'codec_recon_1=0.273616; ', 'bpp_1=0.293788; ', 'mse_2=0.001448; ', 'lpips_2=0.005121; ', 'codec_recon_2=0.076588; ', 'bpp_2=0.273556; ']
train step[158/2000] ; used: 3m:14s; eta: 37m:31s; loss = 0.372994; ['mse_0=0.001012; ', 'lpips_0=0.004185; ', 'codec_recon_0=0.018887; ', 'bpp_0=5.945343; ', 'mse_1=0.000852; ', 'lpips_1=0.003513; ', 'codec_recon_1=0.275441; ', 'bpp_1=0.294747; ', 'mse_2=0.000715; ', 'lpips_2=0.003043; ', 'codec_recon_2=0.065345; ', 'bpp_2=0.275557; ']
train step[159/2000] ; used: 3m:15s; eta: 37m:28s; loss = 0.432508; ['mse_0=0.001411; ', 'lpips_0=0.005136; ', 'codec_recon_0=0.020989; ', 'bpp_0=6.035290; ', 'mse_1=0.001083; ', 'lpips_1=0.004379; ', 'codec_recon_1=0.327523; ', 'bpp_1=0.295805; ', 'mse_2=0.000846; ', 'lpips_2=0.003649; ', 'codec_recon_2=0.067491; ', 'bpp_2=0.277166; ']
train step[160/2000] ; used: 3m:16s; eta: 37m:26s; loss = 0.464180; ['mse_0=0.002829; ', 'lpips_0=0.005883; ', 'codec_recon_0=0.019079; ', 'bpp_0=6.295627; ', 'mse_1=0.002577; ', 'lpips_1=0.005189; ', 'codec_recon_1=0.351204; ', 'bpp_1=0.301898; ', 'mse_2=0.002384; ', 'lpips_2=0.004279; ', 'codec_recon_2=0.070755; ', 'bpp_2=0.284517; ']
train step[161/2000] ; used: 3m:17s; eta: 37m:25s; loss = 0.494054; ['mse_0=0.000498; ', 'lpips_0=0.005413; ', 'codec_recon_0=0.025802; ', 'bpp_0=6.179339; ', 'mse_1=0.000368; ', 'lpips_1=0.004496; ', 'codec_recon_1=0.358188; ', 'bpp_1=0.295619; ', 'mse_2=0.000325; ', 'lpips_2=0.003978; ', 'codec_recon_2=0.094986; ', 'bpp_2=0.277005; ']
train step[162/2000] ; used: 3m:18s; eta: 37m:23s; loss = 0.444437; ['mse_0=0.002726; ', 'lpips_0=0.004791; ', 'codec_recon_0=0.026916; ', 'bpp_0=6.123508; ', 'mse_1=0.002421; ', 'lpips_1=0.004175; ', 'codec_recon_1=0.317561; ', 'bpp_1=0.298030; ', 'mse_2=0.002200; ', 'lpips_2=0.003305; ', 'codec_recon_2=0.080343; ', 'bpp_2=0.278953; ']
train step[163/2000] ; used: 3m:20s; eta: 37m:20s; loss = 0.351447; ['mse_0=0.000883; ', 'lpips_0=0.004349; ', 'codec_recon_0=0.019320; ', 'bpp_0=5.817816; ', 'mse_1=0.000776; ', 'lpips_1=0.003928; ', 'codec_recon_1=0.250559; ', 'bpp_1=0.290752; ', 'mse_2=0.000716; ', 'lpips_2=0.003653; ', 'codec_recon_2=0.067263; ', 'bpp_2=0.268192; ']
train step[164/2000] ; used: 3m:21s; eta: 37m:19s; loss = 0.456496; ['mse_0=0.002655; ', 'lpips_0=0.006798; ', 'codec_recon_0=0.019155; ', 'bpp_0=6.197387; ', 'mse_1=0.002245; ', 'lpips_1=0.006052; ', 'codec_recon_1=0.342943; ', 'bpp_1=0.298762; ', 'mse_2=0.001804; ', 'lpips_2=0.004841; ', 'codec_recon_2=0.070003; ', 'bpp_2=0.280358; ']
train step[165/2000] ; used: 3m:22s; eta: 37m:17s; loss = 0.368433; ['mse_0=0.000958; ', 'lpips_0=0.003671; ', 'codec_recon_0=0.020493; ', 'bpp_0=5.951733; ', 'mse_1=0.000772; ', 'lpips_1=0.003110; ', 'codec_recon_1=0.267710; ', 'bpp_1=0.293950; ', 'mse_2=0.000688; ', 'lpips_2=0.002881; ', 'codec_recon_2=0.068151; ', 'bpp_2=0.272806; ']
train step[166/2000] ; used: 3m:23s; eta: 37m:16s; loss = 0.416427; ['mse_0=0.001351; ', 'lpips_0=0.004237; ', 'codec_recon_0=0.019311; ', 'bpp_0=6.120905; ', 'mse_1=0.001111; ', 'lpips_1=0.003716; ', 'codec_recon_1=0.317789; ', 'bpp_1=0.297640; ', 'mse_2=0.000882; ', 'lpips_2=0.003123; ', 'codec_recon_2=0.064906; ', 'bpp_2=0.279113; ']
train step[167/2000] ; used: 3m:24s; eta: 37m:14s; loss = 0.351662; ['mse_0=0.001049; ', 'lpips_0=0.005003; ', 'codec_recon_0=0.023053; ', 'bpp_0=5.814704; ', 'mse_1=0.000912; ', 'lpips_1=0.004365; ', 'codec_recon_1=0.243770; ', 'bpp_1=0.291575; ', 'mse_2=0.000874; ', 'lpips_2=0.004176; ', 'codec_recon_2=0.068458; ', 'bpp_2=0.270871; ']
train step[168/2000] ; used: 3m:26s; eta: 37m:13s; loss = 0.391075; ['mse_0=0.001457; ', 'lpips_0=0.004892; ', 'codec_recon_0=0.022921; ', 'bpp_0=5.894489; ', 'mse_1=0.001208; ', 'lpips_1=0.004287; ', 'codec_recon_1=0.283569; ', 'bpp_1=0.291032; ', 'mse_2=0.001001; ', 'lpips_2=0.003919; ', 'codec_recon_2=0.067821; ', 'bpp_2=0.271211; ']
train step[169/2000] ; used: 3m:27s; eta: 37m:11s; loss = 0.388559; ['mse_0=0.001012; ', 'lpips_0=0.004557; ', 'codec_recon_0=0.029200; ', 'bpp_0=5.881799; ', 'mse_1=0.000944; ', 'lpips_1=0.003971; ', 'codec_recon_1=0.258628; ', 'bpp_1=0.291222; ', 'mse_2=0.000914; ', 'lpips_2=0.003630; ', 'codec_recon_2=0.085703; ', 'bpp_2=0.269594; ']
train step[170/2000] ; used: 3m:28s; eta: 37m:9s; loss = 0.371768; ['mse_0=0.005663; ', 'lpips_0=0.007495; ', 'codec_recon_0=0.023535; ', 'bpp_0=5.821599; ', 'mse_1=0.005358; ', 'lpips_1=0.006783; ', 'codec_recon_1=0.242203; ', 'bpp_1=0.292375; ', 'mse_2=0.005257; ', 'lpips_2=0.006494; ', 'codec_recon_2=0.068981; ', 'bpp_2=0.271903; ']
train step[171/2000] ; used: 3m:29s; eta: 37m:8s; loss = 0.430869; ['mse_0=0.001172; ', 'lpips_0=0.004061; ', 'codec_recon_0=0.017704; ', 'bpp_0=6.128892; ', 'mse_1=0.000941; ', 'lpips_1=0.003256; ', 'codec_recon_1=0.335395; ', 'bpp_1=0.297647; ', 'mse_2=0.000493; ', 'lpips_2=0.002147; ', 'codec_recon_2=0.065702; ', 'bpp_2=0.280967; ']
train step[172/2000] ; used: 3m:30s; eta: 37m:5s; loss = 0.415432; ['mse_0=0.000714; ', 'lpips_0=0.004162; ', 'codec_recon_0=0.020220; ', 'bpp_0=5.968092; ', 'mse_1=0.000536; ', 'lpips_1=0.003532; ', 'codec_recon_1=0.312766; ', 'bpp_1=0.294167; ', 'mse_2=0.000397; ', 'lpips_2=0.002929; ', 'codec_recon_2=0.070176; ', 'bpp_2=0.275240; ']
train step[173/2000] ; used: 3m:31s; eta: 37m:3s; loss = 0.454589; ['mse_0=0.000585; ', 'lpips_0=0.004731; ', 'codec_recon_0=0.020625; ', 'bpp_0=6.163455; ', 'mse_1=0.000461; ', 'lpips_1=0.003997; ', 'codec_recon_1=0.334551; ', 'bpp_1=0.296985; ', 'mse_2=0.000369; ', 'lpips_2=0.003297; ', 'codec_recon_2=0.085973; ', 'bpp_2=0.279081; ']
train step[174/2000] ; used: 3m:32s; eta: 37m:1s; loss = 0.375720; ['mse_0=0.000764; ', 'lpips_0=0.003748; ', 'codec_recon_0=0.024228; ', 'bpp_0=5.954864; ', 'mse_1=0.000620; ', 'lpips_1=0.003191; ', 'codec_recon_1=0.259088; ', 'bpp_1=0.292937; ', 'mse_2=0.000578; ', 'lpips_2=0.002896; ', 'codec_recon_2=0.080608; ', 'bpp_2=0.271368; ']
train step[175/2000] ; used: 3m:34s; eta: 37m; loss = 0.434921; ['mse_0=0.002060; ', 'lpips_0=0.005124; ', 'codec_recon_0=0.020414; ', 'bpp_0=6.136175; ', 'mse_1=0.001603; ', 'lpips_1=0.004296; ', 'codec_recon_1=0.328079; ', 'bpp_1=0.298841; ', 'mse_2=0.001329; ', 'lpips_2=0.003524; ', 'codec_recon_2=0.068490; ', 'bpp_2=0.280968; ']
train step[176/2000] ; used: 3m:35s; eta: 36m:58s; loss = 0.403700; ['mse_0=0.007097; ', 'lpips_0=0.007075; ', 'codec_recon_0=0.022686; ', 'bpp_0=5.891655; ', 'mse_1=0.006885; ', 'lpips_1=0.006501; ', 'codec_recon_1=0.276823; ', 'bpp_1=0.292318; ', 'mse_2=0.006838; ', 'lpips_2=0.006174; ', 'codec_recon_2=0.063620; ', 'bpp_2=0.273165; ']
train step[177/2000] ; used: 3m:36s; eta: 36m:56s; loss = 0.382188; ['mse_0=0.001366; ', 'lpips_0=0.004766; ', 'codec_recon_0=0.019210; ', 'bpp_0=6.032287; ', 'mse_1=0.001160; ', 'lpips_1=0.004129; ', 'codec_recon_1=0.279736; ', 'bpp_1=0.297211; ', 'mse_2=0.001037; ', 'lpips_2=0.003649; ', 'codec_recon_2=0.067134; ', 'bpp_2=0.277285; ']
train step[178/2000] ; used: 3m:37s; eta: 36m:55s; loss = 0.381727; ['mse_0=0.000793; ', 'lpips_0=0.004331; ', 'codec_recon_0=0.020915; ', 'bpp_0=5.944819; ', 'mse_1=0.000685; ', 'lpips_1=0.003789; ', 'codec_recon_1=0.271863; ', 'bpp_1=0.294660; ', 'mse_2=0.000588; ', 'lpips_2=0.003376; ', 'codec_recon_2=0.075386; ', 'bpp_2=0.274568; ']
train step[179/2000] ; used: 3m:38s; eta: 36m:53s; loss = 0.446574; ['mse_0=0.001403; ', 'lpips_0=0.005161; ', 'codec_recon_0=0.023194; ', 'bpp_0=5.997011; ', 'mse_1=0.001234; ', 'lpips_1=0.004423; ', 'codec_recon_1=0.328883; ', 'bpp_1=0.295340; ', 'mse_2=0.001064; ', 'lpips_2=0.003893; ', 'codec_recon_2=0.077320; ', 'bpp_2=0.273209; ']
train step[180/2000] ; used: 3m:39s; eta: 36m:51s; loss = 0.350699; ['mse_0=0.000868; ', 'lpips_0=0.003757; ', 'codec_recon_0=0.023792; ', 'bpp_0=5.798416; ', 'mse_1=0.000785; ', 'lpips_1=0.003310; ', 'codec_recon_1=0.247405; ', 'bpp_1=0.289685; ', 'mse_2=0.000745; ', 'lpips_2=0.003010; ', 'codec_recon_2=0.067026; ', 'bpp_2=0.269925; ']
train step[181/2000] ; used: 3m:41s; eta: 36m:49s; loss = 0.371331; ['mse_0=0.001019; ', 'lpips_0=0.004832; ', 'codec_recon_0=0.020763; ', 'bpp_0=5.733536; ', 'mse_1=0.000946; ', 'lpips_1=0.004439; ', 'codec_recon_1=0.267556; ', 'bpp_1=0.289388; ', 'mse_2=0.000883; ', 'lpips_2=0.004083; ', 'codec_recon_2=0.066811; ', 'bpp_2=0.266577; ']
train step[182/2000] ; used: 3m:42s; eta: 36m:46s; loss = 0.425184; ['mse_0=0.003202; ', 'lpips_0=0.004600; ', 'codec_recon_0=0.020193; ', 'bpp_0=6.127892; ', 'mse_1=0.002743; ', 'lpips_1=0.003921; ', 'codec_recon_1=0.321861; ', 'bpp_1=0.298416; ', 'mse_2=0.002301; ', 'lpips_2=0.003057; ', 'codec_recon_2=0.063305; ', 'bpp_2=0.281005; ']
train step[183/2000] ; used: 3m:43s; eta: 36m:44s; loss = 0.373139; ['mse_0=0.001089; ', 'lpips_0=0.004343; ', 'codec_recon_0=0.023391; ', 'bpp_0=5.992723; ', 'mse_1=0.000909; ', 'lpips_1=0.003745; ', 'codec_recon_1=0.261769; ', 'bpp_1=0.294437; ', 'mse_2=0.000883; ', 'lpips_2=0.003515; ', 'codec_recon_2=0.073494; ', 'bpp_2=0.274210; ']
train step[184/2000] ; used: 3m:44s; eta: 36m:42s; loss = 0.394876; ['mse_0=0.002687; ', 'lpips_0=0.004317; ', 'codec_recon_0=0.019953; ', 'bpp_0=6.054529; ', 'mse_1=0.002407; ', 'lpips_1=0.003682; ', 'codec_recon_1=0.294182; ', 'bpp_1=0.296510; ', 'mse_2=0.002176; ', 'lpips_2=0.003192; ', 'codec_recon_2=0.062280; ', 'bpp_2=0.277693; ']
train step[185/2000] ; used: 3m:45s; eta: 36m:40s; loss = 0.434016; ['mse_0=0.002391; ', 'lpips_0=0.006693; ', 'codec_recon_0=0.022346; ', 'bpp_0=5.883098; ', 'mse_1=0.002032; ', 'lpips_1=0.005836; ', 'codec_recon_1=0.318695; ', 'bpp_1=0.292188; ', 'mse_2=0.001933; ', 'lpips_2=0.005316; ', 'codec_recon_2=0.068774; ', 'bpp_2=0.274766; ']
train step[186/2000] ; used: 3m:47s; eta: 36m:44s; loss = 0.449402; ['mse_0=0.002433; ', 'lpips_0=0.005615; ', 'codec_recon_0=0.022116; ', 'bpp_0=6.106709; ', 'mse_1=0.002115; ', 'lpips_1=0.004967; ', 'codec_recon_1=0.322537; ', 'bpp_1=0.296062; ', 'mse_2=0.002054; ', 'lpips_2=0.004660; ', 'codec_recon_2=0.082904; ', 'bpp_2=0.277836; ']
train step[187/2000] ; used: 3m:48s; eta: 36m:41s; loss = 0.386263; ['mse_0=0.002255; ', 'lpips_0=0.003871; ', 'codec_recon_0=0.018910; ', 'bpp_0=6.161527; ', 'mse_1=0.001941; ', 'lpips_1=0.003221; ', 'codec_recon_1=0.286933; ', 'bpp_1=0.299809; ', 'mse_2=0.001807; ', 'lpips_2=0.002729; ', 'codec_recon_2=0.064595; ', 'bpp_2=0.280081; ']
train step[188/2000] ; used: 3m:49s; eta: 36m:39s; loss = 0.429457; ['mse_0=0.001997; ', 'lpips_0=0.004528; ', 'codec_recon_0=0.019355; ', 'bpp_0=6.187009; ', 'mse_1=0.001557; ', 'lpips_1=0.003750; ', 'codec_recon_1=0.326840; ', 'bpp_1=0.300058; ', 'mse_2=0.001016; ', 'lpips_2=0.002585; ', 'codec_recon_2=0.067829; ', 'bpp_2=0.283498; ']
train step[189/2000] ; used: 3m:50s; eta: 36m:37s; loss = 0.363274; ['mse_0=0.001237; ', 'lpips_0=0.004055; ', 'codec_recon_0=0.020843; ', 'bpp_0=5.957311; ', 'mse_1=0.000909; ', 'lpips_1=0.003469; ', 'codec_recon_1=0.263346; ', 'bpp_1=0.294112; ', 'mse_2=0.000785; ', 'lpips_2=0.002970; ', 'codec_recon_2=0.065659; ', 'bpp_2=0.274236; ']
train step[190/2000] ; used: 3m:51s; eta: 36m:35s; loss = 0.354819; ['mse_0=0.000607; ', 'lpips_0=0.003758; ', 'codec_recon_0=0.022289; ', 'bpp_0=5.918269; ', 'mse_1=0.000391; ', 'lpips_1=0.003076; ', 'codec_recon_1=0.247222; ', 'bpp_1=0.293482; ', 'mse_2=0.000349; ', 'lpips_2=0.002814; ', 'codec_recon_2=0.074313; ', 'bpp_2=0.269750; ']
train step[191/2000] ; used: 3m:52s; eta: 36m:34s; loss = 0.400741; ['mse_0=0.001309; ', 'lpips_0=0.005151; ', 'codec_recon_0=0.022083; ', 'bpp_0=5.780800; ', 'mse_1=0.001174; ', 'lpips_1=0.004721; ', 'codec_recon_1=0.281174; ', 'bpp_1=0.290551; ', 'mse_2=0.001069; ', 'lpips_2=0.004239; ', 'codec_recon_2=0.079823; ', 'bpp_2=0.264762; ']
train step[192/2000] ; used: 3m:54s; eta: 36m:32s; loss = 0.426262; ['mse_0=0.001055; ', 'lpips_0=0.004578; ', 'codec_recon_0=0.018930; ', 'bpp_0=5.863625; ', 'mse_1=0.000809; ', 'lpips_1=0.003925; ', 'codec_recon_1=0.327439; ', 'bpp_1=0.290931; ', 'mse_2=0.000512; ', 'lpips_2=0.002992; ', 'codec_recon_2=0.066024; ', 'bpp_2=0.270128; ']
train step[193/2000] ; used: 3m:55s; eta: 36m:30s; loss = 0.387400; ['mse_0=0.001374; ', 'lpips_0=0.005290; ', 'codec_recon_0=0.020005; ', 'bpp_0=6.034889; ', 'mse_1=0.001237; ', 'lpips_1=0.004652; ', 'codec_recon_1=0.279303; ', 'bpp_1=0.296122; ', 'mse_2=0.001170; ', 'lpips_2=0.004165; ', 'codec_recon_2=0.070205; ', 'bpp_2=0.275775; ']
train step[194/2000] ; used: 3m:56s; eta: 36m:29s; loss = 0.394532; ['mse_0=0.001302; ', 'lpips_0=0.004211; ', 'codec_recon_0=0.019315; ', 'bpp_0=5.999543; ', 'mse_1=0.001060; ', 'lpips_1=0.003474; ', 'codec_recon_1=0.291378; ', 'bpp_1=0.296437; ', 'mse_2=0.000913; ', 'lpips_2=0.002840; ', 'codec_recon_2=0.070040; ', 'bpp_2=0.277113; ']
train step[195/2000] ; used: 3m:57s; eta: 36m:27s; loss = 0.422953; ['mse_0=0.001123; ', 'lpips_0=0.004321; ', 'codec_recon_0=0.024370; ', 'bpp_0=6.017334; ', 'mse_1=0.001122; ', 'lpips_1=0.003774; ', 'codec_recon_1=0.295202; ', 'bpp_1=0.293745; ', 'mse_2=0.001052; ', 'lpips_2=0.003455; ', 'codec_recon_2=0.088534; ', 'bpp_2=0.273172; ']
train step[196/2000] ; used: 3m:58s; eta: 36m:26s; loss = 0.440805; ['mse_0=0.000920; ', 'lpips_0=0.004415; ', 'codec_recon_0=0.017893; ', 'bpp_0=6.079580; ', 'mse_1=0.000725; ', 'lpips_1=0.003932; ', 'codec_recon_1=0.332273; ', 'bpp_1=0.295497; ', 'mse_2=0.000455; ', 'lpips_2=0.002778; ', 'codec_recon_2=0.077414; ', 'bpp_2=0.275992; ']
train step[197/2000] ; used: 3m:59s; eta: 36m:24s; loss = 0.377151; ['mse_0=0.000423; ', 'lpips_0=0.003608; ', 'codec_recon_0=0.020839; ', 'bpp_0=6.031205; ', 'mse_1=0.000319; ', 'lpips_1=0.002833; ', 'codec_recon_1=0.269020; ', 'bpp_1=0.294580; ', 'mse_2=0.000241; ', 'lpips_2=0.002406; ', 'codec_recon_2=0.077463; ', 'bpp_2=0.274554; ']
train step[198/2000] ; used: 4m; eta: 36m:22s; loss = 0.467576; ['mse_0=0.002287; ', 'lpips_0=0.006267; ', 'codec_recon_0=0.021159; ', 'bpp_0=6.144514; ', 'mse_1=0.001835; ', 'lpips_1=0.005249; ', 'codec_recon_1=0.349954; ', 'bpp_1=0.299038; ', 'mse_2=0.001543; ', 'lpips_2=0.004210; ', 'codec_recon_2=0.075073; ', 'bpp_2=0.281218; ']
train step[199/2000] ; used: 4m:2s; eta: 36m:20s; loss = 0.418851; ['mse_0=0.002043; ', 'lpips_0=0.004665; ', 'codec_recon_0=0.023169; ', 'bpp_0=5.978872; ', 'mse_1=0.001783; ', 'lpips_1=0.003962; ', 'codec_recon_1=0.307576; ', 'bpp_1=0.295670; ', 'mse_2=0.001688; ', 'lpips_2=0.003469; ', 'codec_recon_2=0.070496; ', 'bpp_2=0.274022; ']
train step[200/2000] ; used: 4m:3s; eta: 36m:18s; loss = 0.409509; ['mse_0=0.002467; ', 'lpips_0=0.004863; ', 'codec_recon_0=0.021637; ', 'bpp_0=6.160060; ', 'mse_1=0.002260; ', 'lpips_1=0.004096; ', 'codec_recon_1=0.304446; ', 'bpp_1=0.299408; ', 'mse_2=0.002149; ', 'lpips_2=0.003496; ', 'codec_recon_2=0.064094; ', 'bpp_2=0.282146; ']
train step[201/2000] ; used: 4m:4s; eta: 36m:15s; loss = 0.517881; ['mse_0=0.003501; ', 'lpips_0=0.009324; ', 'codec_recon_0=0.023721; ', 'bpp_0=6.225222; ', 'mse_1=0.003128; ', 'lpips_1=0.008619; ', 'codec_recon_1=0.382710; ', 'bpp_1=0.301568; ', 'mse_2=0.002972; ', 'lpips_2=0.007426; ', 'codec_recon_2=0.076481; ', 'bpp_2=0.285355; ']
train step[202/2000] ; used: 4m:5s; eta: 36m:15s; loss = 0.404153; ['mse_0=0.001181; ', 'lpips_0=0.004225; ', 'codec_recon_0=0.018844; ', 'bpp_0=6.050847; ', 'mse_1=0.000928; ', 'lpips_1=0.003536; ', 'codec_recon_1=0.309641; ', 'bpp_1=0.297441; ', 'mse_2=0.000706; ', 'lpips_2=0.002933; ', 'codec_recon_2=0.062159; ', 'bpp_2=0.278424; ']
train step[203/2000] ; used: 4m:6s; eta: 36m:13s; loss = 0.369156; ['mse_0=0.000859; ', 'lpips_0=0.003725; ', 'codec_recon_0=0.018857; ', 'bpp_0=5.924983; ', 'mse_1=0.000661; ', 'lpips_1=0.003073; ', 'codec_recon_1=0.273963; ', 'bpp_1=0.294493; ', 'mse_2=0.000546; ', 'lpips_2=0.002493; ', 'codec_recon_2=0.064979; ', 'bpp_2=0.274011; ']
train step[204/2000] ; used: 4m:7s; eta: 36m:11s; loss = 0.391698; ['mse_0=0.000886; ', 'lpips_0=0.004146; ', 'codec_recon_0=0.020646; ', 'bpp_0=5.925535; ', 'mse_1=0.000697; ', 'lpips_1=0.003470; ', 'codec_recon_1=0.283582; ', 'bpp_1=0.292483; ', 'mse_2=0.000601; ', 'lpips_2=0.003007; ', 'codec_recon_2=0.074663; ', 'bpp_2=0.271496; ']
train step[205/2000] ; used: 4m:9s; eta: 36m:10s; loss = 0.424031; ['mse_0=0.001449; ', 'lpips_0=0.003823; ', 'codec_recon_0=0.023976; ', 'bpp_0=6.152905; ', 'mse_1=0.001152; ', 'lpips_1=0.003063; ', 'codec_recon_1=0.318382; ', 'bpp_1=0.299143; ', 'mse_2=0.000962; ', 'lpips_2=0.002479; ', 'codec_recon_2=0.068746; ', 'bpp_2=0.281213; ']
train step[206/2000] ; used: 4m:10s; eta: 36m:8s; loss = 0.414754; ['mse_0=0.001332; ', 'lpips_0=0.004334; ', 'codec_recon_0=0.025803; ', 'bpp_0=6.112585; ', 'mse_1=0.001133; ', 'lpips_1=0.003670; ', 'codec_recon_1=0.296493; ', 'bpp_1=0.298306; ', 'mse_2=0.000994; ', 'lpips_2=0.003159; ', 'codec_recon_2=0.077838; ', 'bpp_2=0.280144; ']
train step[207/2000] ; used: 4m:11s; eta: 36m:7s; loss = 0.375096; ['mse_0=0.001314; ', 'lpips_0=0.003858; ', 'codec_recon_0=0.020833; ', 'bpp_0=5.872576; ', 'mse_1=0.001056; ', 'lpips_1=0.003248; ', 'codec_recon_1=0.275077; ', 'bpp_1=0.292784; ', 'mse_2=0.000895; ', 'lpips_2=0.002830; ', 'codec_recon_2=0.065983; ', 'bpp_2=0.272025; ']
train step[208/2000] ; used: 4m:12s; eta: 36m:5s; loss = 0.408035; ['mse_0=0.001690; ', 'lpips_0=0.004057; ', 'codec_recon_0=0.022247; ', 'bpp_0=6.046700; ', 'mse_1=0.001271; ', 'lpips_1=0.003415; ', 'codec_recon_1=0.308028; ', 'bpp_1=0.297817; ', 'mse_2=0.001065; ', 'lpips_2=0.002861; ', 'codec_recon_2=0.063400; ', 'bpp_2=0.278140; ']
train step[209/2000] ; used: 4m:13s; eta: 36m:3s; loss = 0.394877; ['mse_0=0.001301; ', 'lpips_0=0.004056; ', 'codec_recon_0=0.020910; ', 'bpp_0=6.070321; ', 'mse_1=0.001027; ', 'lpips_1=0.003243; ', 'codec_recon_1=0.295711; ', 'bpp_1=0.297900; ', 'mse_2=0.000835; ', 'lpips_2=0.002590; ', 'codec_recon_2=0.065205; ', 'bpp_2=0.279453; ']
train step[210/2000] ; used: 4m:14s; eta: 36m:1s; loss = 0.404604; ['mse_0=0.000521; ', 'lpips_0=0.003516; ', 'codec_recon_0=0.020957; ', 'bpp_0=6.008568; ', 'mse_1=0.000391; ', 'lpips_1=0.002843; ', 'codec_recon_1=0.296929; ', 'bpp_1=0.294881; ', 'mse_2=0.000293; ', 'lpips_2=0.002367; ', 'codec_recon_2=0.076788; ', 'bpp_2=0.272914; ']
train step[211/2000] ; used: 4m:15s; eta: 35m:59s; loss = 0.348451; ['mse_0=0.001295; ', 'lpips_0=0.003299; ', 'codec_recon_0=0.018572; ', 'bpp_0=6.098543; ', 'mse_1=0.000965; ', 'lpips_1=0.002709; ', 'codec_recon_1=0.259536; ', 'bpp_1=0.296456; ', 'mse_2=0.000637; ', 'lpips_2=0.002189; ', 'codec_recon_2=0.059250; ', 'bpp_2=0.275409; ']
train step[212/2000] ; used: 4m:17s; eta: 35m:57s; loss = 0.431624; ['mse_0=0.001645; ', 'lpips_0=0.004086; ', 'codec_recon_0=0.019779; ', 'bpp_0=6.090386; ', 'mse_1=0.001309; ', 'lpips_1=0.003480; ', 'codec_recon_1=0.333202; ', 'bpp_1=0.298798; ', 'mse_2=0.000977; ', 'lpips_2=0.002702; ', 'codec_recon_2=0.064446; ', 'bpp_2=0.280571; ']
train step[213/2000] ; used: 4m:18s; eta: 35m:55s; loss = 0.369680; ['mse_0=0.000450; ', 'lpips_0=0.003324; ', 'codec_recon_0=0.018684; ', 'bpp_0=5.798716; ', 'mse_1=0.000314; ', 'lpips_1=0.002661; ', 'codec_recon_1=0.276751; ', 'bpp_1=0.290506; ', 'mse_2=0.000215; ', 'lpips_2=0.002202; ', 'codec_recon_2=0.065078; ', 'bpp_2=0.267951; ']
train step[214/2000] ; used: 4m:19s; eta: 35m:54s; loss = 0.435625; ['mse_0=0.001063; ', 'lpips_0=0.005206; ', 'codec_recon_0=0.020953; ', 'bpp_0=6.074243; ', 'mse_1=0.000904; ', 'lpips_1=0.004713; ', 'codec_recon_1=0.321797; ', 'bpp_1=0.295390; ', 'mse_2=0.000789; ', 'lpips_2=0.004186; ', 'codec_recon_2=0.076013; ', 'bpp_2=0.277977; ']
train step[215/2000] ; used: 4m:20s; eta: 35m:53s; loss = 0.397141; ['mse_0=0.001085; ', 'lpips_0=0.003417; ', 'codec_recon_0=0.020523; ', 'bpp_0=6.071869; ', 'mse_1=0.000887; ', 'lpips_1=0.002925; ', 'codec_recon_1=0.295158; ', 'bpp_1=0.297210; ', 'mse_2=0.000754; ', 'lpips_2=0.002503; ', 'codec_recon_2=0.069890; ', 'bpp_2=0.277819; ']
train step[216/2000] ; used: 4m:21s; eta: 35m:52s; loss = 0.442754; ['mse_0=0.001623; ', 'lpips_0=0.004011; ', 'codec_recon_0=0.023342; ', 'bpp_0=6.054650; ', 'mse_1=0.001325; ', 'lpips_1=0.003206; ', 'codec_recon_1=0.341058; ', 'bpp_1=0.297237; ', 'mse_2=0.001120; ', 'lpips_2=0.002522; ', 'codec_recon_2=0.064549; ', 'bpp_2=0.278684; ']
train step[217/2000] ; used: 4m:23s; eta: 35m:51s; loss = 0.347456; ['mse_0=0.000999; ', 'lpips_0=0.003906; ', 'codec_recon_0=0.018538; ', 'bpp_0=5.928276; ', 'mse_1=0.000799; ', 'lpips_1=0.003419; ', 'codec_recon_1=0.254738; ', 'bpp_1=0.294349; ', 'mse_2=0.000698; ', 'lpips_2=0.003120; ', 'codec_recon_2=0.061238; ', 'bpp_2=0.275253; ']
train step[218/2000] ; used: 4m:24s; eta: 35m:50s; loss = 0.403663; ['mse_0=0.000516; ', 'lpips_0=0.003017; ', 'codec_recon_0=0.019479; ', 'bpp_0=6.079137; ', 'mse_1=0.000364; ', 'lpips_1=0.002370; ', 'codec_recon_1=0.303502; ', 'bpp_1=0.297518; ', 'mse_2=0.000274; ', 'lpips_2=0.001860; ', 'codec_recon_2=0.072281; ', 'bpp_2=0.275275; ']
train step[219/2000] ; used: 4m:25s; eta: 35m:49s; loss = 0.365852; ['mse_0=0.001117; ', 'lpips_0=0.004242; ', 'codec_recon_0=0.021669; ', 'bpp_0=5.968806; ', 'mse_1=0.000923; ', 'lpips_1=0.003801; ', 'codec_recon_1=0.261041; ', 'bpp_1=0.294725; ', 'mse_2=0.000927; ', 'lpips_2=0.003578; ', 'codec_recon_2=0.068555; ', 'bpp_2=0.273997; ']
train step[220/2000] ; used: 4m:26s; eta: 35m:47s; loss = 0.413633; ['mse_0=0.001985; ', 'lpips_0=0.004475; ', 'codec_recon_0=0.019383; ', 'bpp_0=6.128458; ', 'mse_1=0.001789; ', 'lpips_1=0.004016; ', 'codec_recon_1=0.310457; ', 'bpp_1=0.298218; ', 'mse_2=0.001555; ', 'lpips_2=0.003418; ', 'codec_recon_2=0.066556; ', 'bpp_2=0.280744; ']
train step[221/2000] ; used: 4m:27s; eta: 35m:46s; loss = 0.356927; ['mse_0=0.000985; ', 'lpips_0=0.003293; ', 'codec_recon_0=0.019124; ', 'bpp_0=6.065793; ', 'mse_1=0.000791; ', 'lpips_1=0.002736; ', 'codec_recon_1=0.268753; ', 'bpp_1=0.297841; ', 'mse_2=0.000599; ', 'lpips_2=0.002165; ', 'codec_recon_2=0.058481; ', 'bpp_2=0.280425; ']
train step[222/2000] ; used: 4m:29s; eta: 35m:45s; loss = 0.491716; ['mse_0=0.001996; ', 'lpips_0=0.006053; ', 'codec_recon_0=0.023179; ', 'bpp_0=6.130724; ', 'mse_1=0.001856; ', 'lpips_1=0.005307; ', 'codec_recon_1=0.365153; ', 'bpp_1=0.296192; ', 'mse_2=0.001707; ', 'lpips_2=0.004537; ', 'codec_recon_2=0.081928; ', 'bpp_2=0.280663; ']
train step[223/2000] ; used: 4m:30s; eta: 35m:43s; loss = 0.379180; ['mse_0=0.001188; ', 'lpips_0=0.004283; ', 'codec_recon_0=0.021546; ', 'bpp_0=6.013614; ', 'mse_1=0.000996; ', 'lpips_1=0.003659; ', 'codec_recon_1=0.273924; ', 'bpp_1=0.296360; ', 'mse_2=0.000875; ', 'lpips_2=0.003266; ', 'codec_recon_2=0.069444; ', 'bpp_2=0.277189; ']
train step[224/2000] ; used: 4m:31s; eta: 35m:42s; loss = 0.398139; ['mse_0=0.001609; ', 'lpips_0=0.004068; ', 'codec_recon_0=0.022244; ', 'bpp_0=6.188817; ', 'mse_1=0.001437; ', 'lpips_1=0.003411; ', 'codec_recon_1=0.277117; ', 'bpp_1=0.299119; ', 'mse_2=0.001334; ', 'lpips_2=0.002954; ', 'codec_recon_2=0.083963; ', 'bpp_2=0.279918; ']
train step[225/2000] ; used: 4m:32s; eta: 35m:40s; loss = 0.367817; ['mse_0=0.000621; ', 'lpips_0=0.003773; ', 'codec_recon_0=0.018066; ', 'bpp_0=5.966125; ', 'mse_1=0.000465; ', 'lpips_1=0.003059; ', 'codec_recon_1=0.270075; ', 'bpp_1=0.295125; ', 'mse_2=0.000365; ', 'lpips_2=0.002548; ', 'codec_recon_2=0.068845; ', 'bpp_2=0.275979; ']
train step[226/2000] ; used: 4m:33s; eta: 35m:39s; loss = 0.411480; ['mse_0=0.001362; ', 'lpips_0=0.003684; ', 'codec_recon_0=0.021783; ', 'bpp_0=6.179846; ', 'mse_1=0.001111; ', 'lpips_1=0.003002; ', 'codec_recon_1=0.309116; ', 'bpp_1=0.298527; ', 'mse_2=0.000924; ', 'lpips_2=0.002474; ', 'codec_recon_2=0.068024; ', 'bpp_2=0.280427; ']
train step[227/2000] ; used: 4m:34s; eta: 35m:36s; loss = 0.425869; ['mse_0=0.001047; ', 'lpips_0=0.004075; ', 'codec_recon_0=0.027884; ', 'bpp_0=6.135044; ', 'mse_1=0.000850; ', 'lpips_1=0.003231; ', 'codec_recon_1=0.303566; ', 'bpp_1=0.297766; ', 'mse_2=0.000796; ', 'lpips_2=0.002720; ', 'codec_recon_2=0.081698; ', 'bpp_2=0.278537; ']
train step[228/2000] ; used: 4m:35s; eta: 35m:35s; loss = 0.416840; ['mse_0=0.000708; ', 'lpips_0=0.004251; ', 'codec_recon_0=0.021397; ', 'bpp_0=6.115236; ', 'mse_1=0.000546; ', 'lpips_1=0.003421; ', 'codec_recon_1=0.299546; ', 'bpp_1=0.296055; ', 'mse_2=0.000478; ', 'lpips_2=0.002924; ', 'codec_recon_2=0.083568; ', 'bpp_2=0.276754; ']
train step[229/2000] ; used: 4m:37s; eta: 35m:34s; loss = 0.378443; ['mse_0=0.000867; ', 'lpips_0=0.003658; ', 'codec_recon_0=0.019905; ', 'bpp_0=6.065624; ', 'mse_1=0.000700; ', 'lpips_1=0.003047; ', 'codec_recon_1=0.273952; ', 'bpp_1=0.297385; ', 'mse_2=0.000669; ', 'lpips_2=0.002840; ', 'codec_recon_2=0.072806; ', 'bpp_2=0.276951; ']
train step[230/2000] ; used: 4m:38s; eta: 35m:31s; loss = 0.398538; ['mse_0=0.001600; ', 'lpips_0=0.003807; ', 'codec_recon_0=0.020512; ', 'bpp_0=5.955494; ', 'mse_1=0.001273; ', 'lpips_1=0.003235; ', 'codec_recon_1=0.296182; ', 'bpp_1=0.294155; ', 'mse_2=0.001037; ', 'lpips_2=0.002667; ', 'codec_recon_2=0.068225; ', 'bpp_2=0.275090; ']
train step[231/2000] ; used: 4m:39s; eta: 35m:30s; loss = 0.381099; ['mse_0=0.001645; ', 'lpips_0=0.004226; ', 'codec_recon_0=0.021521; ', 'bpp_0=5.972640; ', 'mse_1=0.001513; ', 'lpips_1=0.003756; ', 'codec_recon_1=0.270686; ', 'bpp_1=0.292970; ', 'mse_2=0.001481; ', 'lpips_2=0.003526; ', 'codec_recon_2=0.072743; ', 'bpp_2=0.272665; ']
train step[232/2000] ; used: 4m:40s; eta: 35m:28s; loss = 0.428203; ['mse_0=0.007153; ', 'lpips_0=0.007476; ', 'codec_recon_0=0.025013; ', 'bpp_0=5.887045; ', 'mse_1=0.007085; ', 'lpips_1=0.007004; ', 'codec_recon_1=0.289876; ', 'bpp_1=0.294104; ', 'mse_2=0.007116; ', 'lpips_2=0.006601; ', 'codec_recon_2=0.070877; ', 'bpp_2=0.273660; ']
train step[233/2000] ; used: 4m:41s; eta: 35m:26s; loss = 0.368655; ['mse_0=0.000945; ', 'lpips_0=0.004203; ', 'codec_recon_0=0.022356; ', 'bpp_0=5.780623; ', 'mse_1=0.000776; ', 'lpips_1=0.003464; ', 'codec_recon_1=0.266454; ', 'bpp_1=0.290180; ', 'mse_2=0.000646; ', 'lpips_2=0.003082; ', 'codec_recon_2=0.066730; ', 'bpp_2=0.270103; ']
train step[234/2000] ; used: 4m:42s; eta: 35m:24s; loss = 0.405112; ['mse_0=0.001324; ', 'lpips_0=0.003949; ', 'codec_recon_0=0.027129; ', 'bpp_0=5.885098; ', 'mse_1=0.001009; ', 'lpips_1=0.003255; ', 'codec_recon_1=0.289112; ', 'bpp_1=0.293092; ', 'mse_2=0.000808; ', 'lpips_2=0.002670; ', 'codec_recon_2=0.075855; ', 'bpp_2=0.272381; ']
train step[235/2000] ; used: 4m:43s; eta: 35m:22s; loss = 0.540532; ['mse_0=0.001859; ', 'lpips_0=0.008070; ', 'codec_recon_0=0.022869; ', 'bpp_0=6.306016; ', 'mse_1=0.001410; ', 'lpips_1=0.007018; ', 'codec_recon_1=0.417830; ', 'bpp_1=0.301718; ', 'mse_2=0.001091; ', 'lpips_2=0.005716; ', 'codec_recon_2=0.074670; ', 'bpp_2=0.288373; ']
train step[236/2000] ; used: 4m:45s; eta: 35m:23s; loss = 0.435438; ['mse_0=0.001085; ', 'lpips_0=0.004493; ', 'codec_recon_0=0.024641; ', 'bpp_0=6.133533; ', 'mse_1=0.000991; ', 'lpips_1=0.003819; ', 'codec_recon_1=0.316187; ', 'bpp_1=0.295517; ', 'mse_2=0.000929; ', 'lpips_2=0.003497; ', 'codec_recon_2=0.079797; ', 'bpp_2=0.275254; ']
train step[237/2000] ; used: 4m:46s; eta: 35m:21s; loss = 0.410342; ['mse_0=0.001884; ', 'lpips_0=0.004938; ', 'codec_recon_0=0.020460; ', 'bpp_0=6.069008; ', 'mse_1=0.001633; ', 'lpips_1=0.004250; ', 'codec_recon_1=0.304509; ', 'bpp_1=0.298218; ', 'mse_2=0.001447; ', 'lpips_2=0.003677; ', 'codec_recon_2=0.067542; ', 'bpp_2=0.278654; ']
train step[238/2000] ; used: 4m:47s; eta: 35m:20s; loss = 0.401113; ['mse_0=0.002593; ', 'lpips_0=0.005994; ', 'codec_recon_0=0.021875; ', 'bpp_0=6.092691; ', 'mse_1=0.002541; ', 'lpips_1=0.005551; ', 'codec_recon_1=0.279630; ', 'bpp_1=0.298739; ', 'mse_2=0.002492; ', 'lpips_2=0.005235; ', 'codec_recon_2=0.075202; ', 'bpp_2=0.278242; ']
train step[239/2000] ; used: 4m:48s; eta: 35m:18s; loss = 0.477927; ['mse_0=0.002496; ', 'lpips_0=0.006958; ', 'codec_recon_0=0.022584; ', 'bpp_0=6.220921; ', 'mse_1=0.002239; ', 'lpips_1=0.006178; ', 'codec_recon_1=0.355448; ', 'bpp_1=0.300037; ', 'mse_2=0.001876; ', 'lpips_2=0.005102; ', 'codec_recon_2=0.075046; ', 'bpp_2=0.282740; ']
train step[240/2000] ; used: 4m:49s; eta: 35m:16s; loss = 0.356005; ['mse_0=0.000485; ', 'lpips_0=0.003544; ', 'codec_recon_0=0.022787; ', 'bpp_0=5.935599; ', 'mse_1=0.000369; ', 'lpips_1=0.003034; ', 'codec_recon_1=0.248991; ', 'bpp_1=0.292638; ', 'mse_2=0.000353; ', 'lpips_2=0.002874; ', 'codec_recon_2=0.073569; ', 'bpp_2=0.272997; ']
train step[241/2000] ; used: 4m:50s; eta: 35m:14s; loss = 0.373861; ['mse_0=0.001237; ', 'lpips_0=0.003886; ', 'codec_recon_0=0.020676; ', 'bpp_0=5.970059; ', 'mse_1=0.001044; ', 'lpips_1=0.003377; ', 'codec_recon_1=0.266319; ', 'bpp_1=0.294330; ', 'mse_2=0.001024; ', 'lpips_2=0.003073; ', 'codec_recon_2=0.073224; ', 'bpp_2=0.274241; ']
train step[242/2000] ; used: 4m:51s; eta: 35m:12s; loss = 0.406125; ['mse_0=0.003090; ', 'lpips_0=0.006538; ', 'codec_recon_0=0.021141; ', 'bpp_0=6.074144; ', 'mse_1=0.002379; ', 'lpips_1=0.005753; ', 'codec_recon_1=0.290556; ', 'bpp_1=0.296823; ', 'mse_2=0.002132; ', 'lpips_2=0.005248; ', 'codec_recon_2=0.069288; ', 'bpp_2=0.279046; ']
train step[243/2000] ; used: 4m:53s; eta: 35m:10s; loss = 0.397040; ['mse_0=0.002437; ', 'lpips_0=0.003950; ', 'codec_recon_0=0.019143; ', 'bpp_0=6.165011; ', 'mse_1=0.001996; ', 'lpips_1=0.003117; ', 'codec_recon_1=0.303106; ', 'bpp_1=0.300286; ', 'mse_2=0.001623; ', 'lpips_2=0.002484; ', 'codec_recon_2=0.059186; ', 'bpp_2=0.282515; ']
train step[244/2000] ; used: 4m:54s; eta: 35m:8s; loss = 0.472122; ['mse_0=0.003082; ', 'lpips_0=0.006479; ', 'codec_recon_0=0.020844; ', 'bpp_0=6.170186; ', 'mse_1=0.002709; ', 'lpips_1=0.005755; ', 'codec_recon_1=0.353949; ', 'bpp_1=0.298472; ', 'mse_2=0.002547; ', 'lpips_2=0.004945; ', 'codec_recon_2=0.071812; ', 'bpp_2=0.280538; ']
train step[245/2000] ; used: 4m:55s; eta: 35m:6s; loss = 0.388600; ['mse_0=0.000933; ', 'lpips_0=0.003576; ', 'codec_recon_0=0.020478; ', 'bpp_0=6.079883; ', 'mse_1=0.000687; ', 'lpips_1=0.002836; ', 'codec_recon_1=0.286230; ', 'bpp_1=0.296369; ', 'mse_2=0.000577; ', 'lpips_2=0.002333; ', 'codec_recon_2=0.070950; ', 'bpp_2=0.276730; ']
train step[246/2000] ; used: 4m:56s; eta: 35m:4s; loss = 0.457774; ['mse_0=0.001156; ', 'lpips_0=0.004331; ', 'codec_recon_0=0.042666; ', 'bpp_0=5.975874; ', 'mse_1=0.001012; ', 'lpips_1=0.003640; ', 'codec_recon_1=0.279060; ', 'bpp_1=0.293985; ', 'mse_2=0.000961; ', 'lpips_2=0.003320; ', 'codec_recon_2=0.121629; ', 'bpp_2=0.274249; ']
train step[247/2000] ; used: 4m:57s; eta: 35m:2s; loss = 0.428878; ['mse_0=0.000701; ', 'lpips_0=0.004373; ', 'codec_recon_0=0.034890; ', 'bpp_0=5.991470; ', 'mse_1=0.000567; ', 'lpips_1=0.003747; ', 'codec_recon_1=0.271559; ', 'bpp_1=0.294163; ', 'mse_2=0.000493; ', 'lpips_2=0.003437; ', 'codec_recon_2=0.109110; ', 'bpp_2=0.274536; ']
train step[248/2000] ; used: 4m:58s; eta: 35m; loss = 0.386350; ['mse_0=0.001587; ', 'lpips_0=0.004829; ', 'codec_recon_0=0.020302; ', 'bpp_0=5.976945; ', 'mse_1=0.001324; ', 'lpips_1=0.004157; ', 'codec_recon_1=0.282117; ', 'bpp_1=0.295848; ', 'mse_2=0.001173; ', 'lpips_2=0.003729; ', 'codec_recon_2=0.067131; ', 'bpp_2=0.275747; ']
train step[249/2000] ; used: 4m:59s; eta: 34m:59s; loss = 0.457128; ['mse_0=0.000981; ', 'lpips_0=0.003501; ', 'codec_recon_0=0.029206; ', 'bpp_0=5.867739; ', 'mse_1=0.000887; ', 'lpips_1=0.002803; ', 'codec_recon_1=0.322371; ', 'bpp_1=0.290375; ', 'mse_2=0.000777; ', 'lpips_2=0.002222; ', 'codec_recon_2=0.094380; ', 'bpp_2=0.266472; ']
validation step on 250 1/100; scene = ['5aca87f95a9412c6']; context = [[58, 133]]
Setting up [LPIPS] perceptual loss: trunk [vgg], v[0.1], spatial [off]
Loading model from: /ceph_data/clue9986/anaconda3/envs/hisplat/lib/python3.10/site-packages/lpips/weights/v0.1/vgg.pth
validation step on 250 2/100; scene = ['bc95e5c7e357f1b7']; context = [[35, 91]]
validation step on 250 3/100; scene = ['34b0658a5c200cdf']; context = [[0, 70]]
validation step on 250 4/100; scene = ['28e8300e004ab30b']; context = [[3, 68]]
validation step on 250 5/100; scene = ['6558c5f10d45a929']; context = [[43, 160]]
validation step on 250 6/100; scene = ['89ea49cd9865aeff']; context = [[31, 81]]
validation step on 250 7/100; scene = ['ed477bdf8582adff']; context = [[40, 85]]
validation step on 250 8/100; scene = ['57d3409bf04c4651']; context = [[0, 45]]
validation step on 250 9/100; scene = ['aadc1e2dc74fd644']; context = [[2, 52]]
validation step on 250 10/100; scene = ['cd74b1244d112628']; context = [[63, 110]]
validation step on 250 11/100; scene = ['57d25dafabb5a238']; context = [[32, 104]]
validation step on 250 12/100; scene = ['e4f4574df7938f37']; context = [[0, 115]]
validation step on 250 13/100; scene = ['20d86cff490c0c42']; context = [[18, 69]]
validation step on 250 14/100; scene = ['0c4c5d5f751aabf5']; context = [[12, 57]]
validation step on 250 15/100; scene = ['fea544b472e9abd1']; context = [[12, 93]]
validation step on 250 16/100; scene = ['656381bea665bf3d']; context = [[27, 75]]
validation step on 250 17/100; scene = ['322261824c4a3003']; context = [[33, 78]]
validation step on 250 18/100; scene = ['f7c0fa5b81552d35']; context = [[11, 64]]
validation step on 250 19/100; scene = ['a56ba2efb5e3fdd9']; context = [[33, 92]]
validation step on 250 20/100; scene = ['c48f19e2ffa52523']; context = [[195, 264]]
validation step on 250 21/100; scene = ['1214f2a11a9fc1ed']; context = [[103, 215]]
validation step on 250 22/100; scene = ['a9b3ff60b213e099']; context = [[32, 96]]
validation step on 250 23/100; scene = ['a6fa92e8204f6118']; context = [[2, 66]]
validation step on 250 24/100; scene = ['21e794f71e31becb']; context = [[72, 180]]
validation step on 250 25/100; scene = ['f7d916b43193c181']; context = [[7, 61]]
validation step on 250 26/100; scene = ['84ab392d682f296b']; context = [[43, 120]]
validation step on 250 27/100; scene = ['6771a51bf0cfce7f']; context = [[152, 199]]
validation step on 250 28/100; scene = ['17d9303ee77c3a3d']; context = [[17, 63]]
validation step on 250 29/100; scene = ['ffa95c3b40609c76']; context = [[120, 213]]
validation step on 250 30/100; scene = ['a47b88040452d7d9']; context = [[35, 97]]
validation step on 250 31/100; scene = ['0d4de33c6888a754']; context = [[2, 57]]
validation step on 250 32/100; scene = ['41bcd011f99bfb66']; context = [[4, 50]]
validation step on 250 33/100; scene = ['67a69088a2695987']; context = [[6, 86]]
validation step on 250 34/100; scene = ['b4099665590548fc']; context = [[23, 74]]
validation step on 250 35/100; scene = ['9e2a8cc5f32dd46b']; context = [[75, 151]]
validation step on 250 36/100; scene = ['2e109379f53bb221']; context = [[35, 108]]
validation step on 250 37/100; scene = ['8adebbb68f2c3f84']; context = [[72, 131]]
validation step on 250 38/100; scene = ['29e0bfbad00f0d5e']; context = [[8, 100]]
validation step on 250 39/100; scene = ['debc3490ba0bd84b']; context = [[34, 81]]
validation step on 250 40/100; scene = ['7c7bc5285126e6ad']; context = [[64, 126]]
validation step on 250 41/100; scene = ['cdf439b17a6a98d4']; context = [[31, 77]]
validation step on 250 42/100; scene = ['cb38d67088b66084']; context = [[49, 106]]
validation step on 250 43/100; scene = ['2da2eeb966bc0ef8']; context = [[30, 94]]
validation step on 250 44/100; scene = ['bb4d7012261ee0ed']; context = [[0, 46]]
validation step on 250 45/100; scene = ['9e1f1beb4ba8e5da']; context = [[9, 73]]
validation step on 250 46/100; scene = ['26b31d71789bffad']; context = [[3, 57]]
validation step on 250 47/100; scene = ['41abd737e0228c1a']; context = [[81, 127]]
validation step on 250 48/100; scene = ['ed0c2aca14b99efa']; context = [[62, 119]]
validation step on 250 49/100; scene = ['8d5163de9ea4d851']; context = [[39, 85]]
validation step on 250 50/100; scene = ['81be42df6ccae760']; context = [[13, 107]]
validation step on 250 51/100; scene = ['6fe141ec9be1a432']; context = [[12, 73]]
validation step on 250 52/100; scene = ['3b6d8db52c54b174']; context = [[0, 80]]
validation step on 250 53/100; scene = ['3087828bc27bc4c7']; context = [[15, 96]]
validation step on 250 54/100; scene = ['e124dfa7e996a414']; context = [[48, 93]]
validation step on 250 55/100; scene = ['e1afd89a69ee6947']; context = [[34, 113]]
validation step on 250 56/100; scene = ['79ce50fb7b021e1d']; context = [[212, 278]]
validation step on 250 57/100; scene = ['358bdee988c269ef']; context = [[3, 95]]
validation step on 250 58/100; scene = ['f14791aec34dbdcd']; context = [[5, 59]]
validation step on 250 59/100; scene = ['0c52996355b23d76']; context = [[51, 111]]
validation step on 250 60/100; scene = ['62bcb465bb03d34f']; context = [[6, 84]]
validation step on 250 61/100; scene = ['1f0e06e4388dd600']; context = [[44, 96]]
validation step on 250 62/100; scene = ['c9c30723d7c54793']; context = [[152, 247]]
validation step on 250 63/100; scene = ['8b212f2755d955ec']; context = [[40, 110]]
validation step on 250 64/100; scene = ['de67e3a0b0648cfe']; context = [[16, 72]]
validation step on 250 65/100; scene = ['54841308aff91857']; context = [[27, 86]]
validation step on 250 66/100; scene = ['40ca76de44a6e1a9']; context = [[43, 107]]
validation step on 250 67/100; scene = ['bc143130c1842e4b']; context = [[29, 133]]
validation step on 250 68/100; scene = ['912177dbf0a1ed6c']; context = [[3, 60]]
validation step on 250 69/100; scene = ['afe4e799a94e06b3']; context = [[54, 150]]
validation step on 250 70/100; scene = ['17f552ef56d85c55']; context = [[20, 86]]
validation step on 250 71/100; scene = ['a7c691c210154b09']; context = [[0, 50]]
validation step on 250 72/100; scene = ['9490f1219dbbb6ce']; context = [[17, 72]]
validation step on 250 73/100; scene = ['154365ab5a4e067b']; context = [[2, 48]]
validation step on 250 74/100; scene = ['ab4c269f8d523d02']; context = [[18, 72]]
validation step on 250 75/100; scene = ['75d475e9558ab806']; context = [[1, 46]]
validation step on 250 76/100; scene = ['fdaab1f49851782c']; context = [[31, 142]]
validation step on 250 77/100; scene = ['2d4efa3897a4ba2d']; context = [[4, 58]]
validation step on 250 78/100; scene = ['14f477e7d5af5b91']; context = [[17, 72]]
validation step on 250 79/100; scene = ['de45926738229f67']; context = [[22, 84]]
validation step on 250 80/100; scene = ['5c909c802eb6edb1']; context = [[13, 78]]
validation step on 250 81/100; scene = ['aa91dfdd5f4ad32b']; context = [[8, 57]]
validation step on 250 82/100; scene = ['88d9ba3324f2ec21']; context = [[2, 49]]
validation step on 250 83/100; scene = ['622ef98e83ed5239']; context = [[3, 66]]
validation step on 250 84/100; scene = ['30fc5fc78c5a716e']; context = [[151, 210]]
validation step on 250 85/100; scene = ['8b760ac05c93a6bb']; context = [[26, 72]]
validation step on 250 86/100; scene = ['800ea72b6988f63e']; context = [[141, 190]]
validation step on 250 87/100; scene = ['674dabef8f53b566']; context = [[9, 91]]
validation step on 250 88/100; scene = ['d3a01038c5f21473']; context = [[139, 273]]
validation step on 250 89/100; scene = ['3e5f747d06bc84a3']; context = [[85, 190]]
validation step on 250 90/100; scene = ['bb6fa5bdafc14e8c']; context = [[43, 139]]
validation step on 250 91/100; scene = ['052430ff6e2c07c4']; context = [[19, 92]]
validation step on 250 92/100; scene = ['0588138dfec165a1']; context = [[70, 160]]
validation step on 250 93/100; scene = ['e4bcb18fa6aa91be']; context = [[32, 79]]
validation step on 250 94/100; scene = ['4c4fa41951e37e78']; context = [[8, 60]]
validation step on 250 95/100; scene = ['252a24d25a1ea81d']; context = [[198, 263]]
validation step on 250 96/100; scene = ['214df1c2863d2959']; context = [[45, 96]]
validation step on 250 97/100; scene = ['bfd27ad72975e120']; context = [[8, 55]]
validation step on 250 98/100; scene = ['572acd18419c3456']; context = [[3, 62]]
validation step on 250 99/100; scene = ['b26e6c80d283c4c8']; context = [[46, 92]]
validation step on 250 100/100; scene = ['10c8e54590f715f7']; context = [[6, 76]]
train step[250/2000] ; used: 6m:5s; eta: 42m:28s; loss = 0.440170; ['mse_0=0.001309; ', 'lpips_0=0.004447; ', 'codec_recon_0=0.020636; ', 'bpp_0=6.020990; ', 'mse_1=0.000943; ', 'lpips_1=0.003431; ', 'codec_recon_1=0.338762; ', 'bpp_1=0.296244; ', 'mse_2=0.000614; ', 'lpips_2=0.002363; ', 'codec_recon_2=0.067665; ', 'bpp_2=0.277347; ']
train step[251/2000] ; used: 6m:6s; eta: 42m:24s; loss = 0.401463; ['mse_0=0.000699; ', 'lpips_0=0.004090; ', 'codec_recon_0=0.019332; ', 'bpp_0=6.023805; ', 'mse_1=0.000508; ', 'lpips_1=0.003232; ', 'codec_recon_1=0.304941; ', 'bpp_1=0.295712; ', 'mse_2=0.000345; ', 'lpips_2=0.002372; ', 'codec_recon_2=0.065944; ', 'bpp_2=0.278449; ']
train step[252/2000] ; used: 6m:7s; eta: 42m:20s; loss = 0.386830; ['mse_0=0.001360; ', 'lpips_0=0.003826; ', 'codec_recon_0=0.023927; ', 'bpp_0=5.948028; ', 'mse_1=0.001070; ', 'lpips_1=0.003105; ', 'codec_recon_1=0.284640; ', 'bpp_1=0.296281; ', 'mse_2=0.000918; ', 'lpips_2=0.002631; ', 'codec_recon_2=0.065353; ', 'bpp_2=0.276639; ']
train step[253/2000] ; used: 6m:8s; eta: 42m:16s; loss = 0.386002; ['mse_0=0.001173; ', 'lpips_0=0.005413; ', 'codec_recon_0=0.023464; ', 'bpp_0=6.019238; ', 'mse_1=0.001004; ', 'lpips_1=0.004583; ', 'codec_recon_1=0.273544; ', 'bpp_1=0.294955; ', 'mse_2=0.000952; ', 'lpips_2=0.004243; ', 'codec_recon_2=0.071626; ', 'bpp_2=0.276050; ']
train step[254/2000] ; used: 6m:9s; eta: 42m:13s; loss = 0.425950; ['mse_0=0.000734; ', 'lpips_0=0.004088; ', 'codec_recon_0=0.031901; ', 'bpp_0=5.756984; ', 'mse_1=0.000609; ', 'lpips_1=0.003463; ', 'codec_recon_1=0.297377; ', 'bpp_1=0.289435; ', 'mse_2=0.000555; ', 'lpips_2=0.003153; ', 'codec_recon_2=0.084068; ', 'bpp_2=0.268423; ']
train step[255/2000] ; used: 6m:11s; eta: 42m:9s; loss = 0.419879; ['mse_0=0.000543; ', 'lpips_0=0.003247; ', 'codec_recon_0=0.021804; ', 'bpp_0=6.056777; ', 'mse_1=0.000381; ', 'lpips_1=0.002592; ', 'codec_recon_1=0.311992; ', 'bpp_1=0.295962; ', 'mse_2=0.000298; ', 'lpips_2=0.002072; ', 'codec_recon_2=0.076948; ', 'bpp_2=0.276339; ']
train step[256/2000] ; used: 6m:12s; eta: 42m:6s; loss = 0.394129; ['mse_0=0.000601; ', 'lpips_0=0.003754; ', 'codec_recon_0=0.020067; ', 'bpp_0=5.833251; ', 'mse_1=0.000461; ', 'lpips_1=0.003102; ', 'codec_recon_1=0.292644; ', 'bpp_1=0.290714; ', 'mse_2=0.000333; ', 'lpips_2=0.002578; ', 'codec_recon_2=0.070589; ', 'bpp_2=0.269499; ']
train step[257/2000] ; used: 6m:13s; eta: 42m:3s; loss = 0.403365; ['mse_0=0.001891; ', 'lpips_0=0.004852; ', 'codec_recon_0=0.022585; ', 'bpp_0=6.068730; ', 'mse_1=0.001628; ', 'lpips_1=0.004350; ', 'codec_recon_1=0.300821; ', 'bpp_1=0.297510; ', 'mse_2=0.001406; ', 'lpips_2=0.003861; ', 'codec_recon_2=0.061970; ', 'bpp_2=0.280683; ']
train step[258/2000] ; used: 6m:14s; eta: 42m; loss = 0.399379; ['mse_0=0.001258; ', 'lpips_0=0.004909; ', 'codec_recon_0=0.020682; ', 'bpp_0=6.042655; ', 'mse_1=0.000891; ', 'lpips_1=0.004180; ', 'codec_recon_1=0.287891; ', 'bpp_1=0.296749; ', 'mse_2=0.000796; ', 'lpips_2=0.003565; ', 'codec_recon_2=0.075208; ', 'bpp_2=0.277119; ']
train step[259/2000] ; used: 6m:15s; eta: 41m:57s; loss = 0.352296; ['mse_0=0.001643; ', 'lpips_0=0.003423; ', 'codec_recon_0=0.021893; ', 'bpp_0=6.031397; ', 'mse_1=0.001505; ', 'lpips_1=0.002885; ', 'codec_recon_1=0.247329; ', 'bpp_1=0.295871; ', 'mse_2=0.001467; ', 'lpips_2=0.002621; ', 'codec_recon_2=0.069529; ', 'bpp_2=0.274446; ']
train step[260/2000] ; used: 6m:17s; eta: 41m:54s; loss = 0.423949; ['mse_0=0.004936; ', 'lpips_0=0.004837; ', 'codec_recon_0=0.027578; ', 'bpp_0=6.028955; ', 'mse_1=0.004767; ', 'lpips_1=0.004337; ', 'codec_recon_1=0.272728; ', 'bpp_1=0.296120; ', 'mse_2=0.004694; ', 'lpips_2=0.004054; ', 'codec_recon_2=0.096017; ', 'bpp_2=0.276177; ']
train step[261/2000] ; used: 6m:18s; eta: 41m:51s; loss = 0.423352; ['mse_0=0.000926; ', 'lpips_0=0.003321; ', 'codec_recon_0=0.021353; ', 'bpp_0=6.081816; ', 'mse_1=0.000618; ', 'lpips_1=0.002470; ', 'codec_recon_1=0.321039; ', 'bpp_1=0.299241; ', 'mse_2=0.000421; ', 'lpips_2=0.001800; ', 'codec_recon_2=0.071405; ', 'bpp_2=0.277073; ']
train step[262/2000] ; used: 6m:19s; eta: 41m:47s; loss = 0.386671; ['mse_0=0.003778; ', 'lpips_0=0.005312; ', 'codec_recon_0=0.022125; ', 'bpp_0=5.966078; ', 'mse_1=0.003591; ', 'lpips_1=0.004836; ', 'codec_recon_1=0.269368; ', 'bpp_1=0.297110; ', 'mse_2=0.003563; ', 'lpips_2=0.004585; ', 'codec_recon_2=0.069512; ', 'bpp_2=0.275854; ']
train step[263/2000] ; used: 6m:20s; eta: 41m:44s; loss = 0.383542; ['mse_0=0.001499; ', 'lpips_0=0.004526; ', 'codec_recon_0=0.023797; ', 'bpp_0=6.000975; ', 'mse_1=0.001230; ', 'lpips_1=0.003752; ', 'codec_recon_1=0.273965; ', 'bpp_1=0.297184; ', 'mse_2=0.001127; ', 'lpips_2=0.003294; ', 'codec_recon_2=0.070351; ', 'bpp_2=0.277255; ']
train step[264/2000] ; used: 6m:21s; eta: 41m:40s; loss = 0.389902; ['mse_0=0.000382; ', 'lpips_0=0.004342; ', 'codec_recon_0=0.024566; ', 'bpp_0=5.657176; ', 'mse_1=0.000316; ', 'lpips_1=0.003940; ', 'codec_recon_1=0.273174; ', 'bpp_1=0.286770; ', 'mse_2=0.000287; ', 'lpips_2=0.003680; ', 'codec_recon_2=0.079213; ', 'bpp_2=0.265046; ']
train step[265/2000] ; used: 6m:22s; eta: 41m:37s; loss = 0.389527; ['mse_0=0.001452; ', 'lpips_0=0.004825; ', 'codec_recon_0=0.021136; ', 'bpp_0=5.883032; ', 'mse_1=0.001302; ', 'lpips_1=0.004186; ', 'codec_recon_1=0.284580; ', 'bpp_1=0.294104; ', 'mse_2=0.001187; ', 'lpips_2=0.003727; ', 'codec_recon_2=0.067133; ', 'bpp_2=0.274529; ']
train step[266/2000] ; used: 6m:23s; eta: 41m:33s; loss = 0.368272; ['mse_0=0.000377; ', 'lpips_0=0.003277; ', 'codec_recon_0=0.022255; ', 'bpp_0=5.912880; ', 'mse_1=0.000308; ', 'lpips_1=0.002828; ', 'codec_recon_1=0.260682; ', 'bpp_1=0.293136; ', 'mse_2=0.000287; ', 'lpips_2=0.002581; ', 'codec_recon_2=0.075676; ', 'bpp_2=0.272801; ']
train step[267/2000] ; used: 6m:25s; eta: 41m:29s; loss = 0.454713; ['mse_0=0.001935; ', 'lpips_0=0.006405; ', 'codec_recon_0=0.020482; ', 'bpp_0=6.084229; ', 'mse_1=0.001788; ', 'lpips_1=0.005873; ', 'codec_recon_1=0.339266; ', 'bpp_1=0.297637; ', 'mse_2=0.001638; ', 'lpips_2=0.005268; ', 'codec_recon_2=0.072057; ', 'bpp_2=0.279802; ']
train step[268/2000] ; used: 6m:26s; eta: 41m:26s; loss = 0.397865; ['mse_0=0.000945; ', 'lpips_0=0.003099; ', 'codec_recon_0=0.019452; ', 'bpp_0=6.062800; ', 'mse_1=0.000678; ', 'lpips_1=0.002352; ', 'codec_recon_1=0.306944; ', 'bpp_1=0.298339; ', 'mse_2=0.000395; ', 'lpips_2=0.001718; ', 'codec_recon_2=0.062281; ', 'bpp_2=0.277420; ']
train step[269/2000] ; used: 6m:27s; eta: 41m:26s; loss = 0.481914; ['mse_0=0.003481; ', 'lpips_0=0.005548; ', 'codec_recon_0=0.022638; ', 'bpp_0=6.157667; ', 'mse_1=0.002915; ', 'lpips_1=0.004673; ', 'codec_recon_1=0.366883; ', 'bpp_1=0.300658; ', 'mse_2=0.002524; ', 'lpips_2=0.003385; ', 'codec_recon_2=0.069868; ', 'bpp_2=0.284580; ']
train step[270/2000] ; used: 6m:29s; eta: 41m:23s; loss = 0.444050; ['mse_0=0.001581; ', 'lpips_0=0.005925; ', 'codec_recon_0=0.028149; ', 'bpp_0=5.915154; ', 'mse_1=0.001394; ', 'lpips_1=0.005141; ', 'codec_recon_1=0.313172; ', 'bpp_1=0.293909; ', 'mse_2=0.001234; ', 'lpips_2=0.004368; ', 'codec_recon_2=0.083087; ', 'bpp_2=0.274403; ']
train step[271/2000] ; used: 6m:30s; eta: 41m:19s; loss = 0.472530; ['mse_0=0.002089; ', 'lpips_0=0.005669; ', 'codec_recon_0=0.023386; ', 'bpp_0=6.107185; ', 'mse_1=0.001881; ', 'lpips_1=0.005023; ', 'codec_recon_1=0.356386; ', 'bpp_1=0.297511; ', 'mse_2=0.001640; ', 'lpips_2=0.004207; ', 'codec_recon_2=0.072249; ', 'bpp_2=0.281717; ']
train step[272/2000] ; used: 6m:31s; eta: 41m:16s; loss = 0.418652; ['mse_0=0.002223; ', 'lpips_0=0.004412; ', 'codec_recon_0=0.026485; ', 'bpp_0=6.092915; ', 'mse_1=0.001972; ', 'lpips_1=0.003700; ', 'codec_recon_1=0.302912; ', 'bpp_1=0.298312; ', 'mse_2=0.001884; ', 'lpips_2=0.003346; ', 'codec_recon_2=0.071717; ', 'bpp_2=0.279481; ']
train step[273/2000] ; used: 6m:32s; eta: 41m:13s; loss = 0.402796; ['mse_0=0.000551; ', 'lpips_0=0.003647; ', 'codec_recon_0=0.027635; ', 'bpp_0=5.735001; ', 'mse_1=0.000433; ', 'lpips_1=0.003062; ', 'codec_recon_1=0.288662; ', 'bpp_1=0.289024; ', 'mse_2=0.000309; ', 'lpips_2=0.002541; ', 'codec_recon_2=0.075957; ', 'bpp_2=0.268272; ']
train step[274/2000] ; used: 6m:33s; eta: 41m:10s; loss = 0.397697; ['mse_0=0.000658; ', 'lpips_0=0.004312; ', 'codec_recon_0=0.021593; ', 'bpp_0=5.855513; ', 'mse_1=0.000578; ', 'lpips_1=0.003781; ', 'codec_recon_1=0.292739; ', 'bpp_1=0.294363; ', 'mse_2=0.000490; ', 'lpips_2=0.003278; ', 'codec_recon_2=0.070268; ', 'bpp_2=0.273880; ']
train step[275/2000] ; used: 6m:34s; eta: 41m:6s; loss = 0.372117; ['mse_0=0.000554; ', 'lpips_0=0.003221; ', 'codec_recon_0=0.022814; ', 'bpp_0=6.043179; ', 'mse_1=0.000430; ', 'lpips_1=0.002668; ', 'codec_recon_1=0.265603; ', 'bpp_1=0.295033; ', 'mse_2=0.000364; ', 'lpips_2=0.002350; ', 'codec_recon_2=0.074114; ', 'bpp_2=0.276032; ']
train step[276/2000] ; used: 6m:35s; eta: 41m:3s; loss = 0.405183; ['mse_0=0.000910; ', 'lpips_0=0.002883; ', 'codec_recon_0=0.020514; ', 'bpp_0=6.113993; ', 'mse_1=0.000674; ', 'lpips_1=0.002128; ', 'codec_recon_1=0.312911; ', 'bpp_1=0.298575; ', 'mse_2=0.000487; ', 'lpips_2=0.001526; ', 'codec_recon_2=0.063150; ', 'bpp_2=0.280129; ']
train step[277/2000] ; used: 6m:36s; eta: 41m; loss = 0.372189; ['mse_0=0.000546; ', 'lpips_0=0.003534; ', 'codec_recon_0=0.023535; ', 'bpp_0=6.009987; ', 'mse_1=0.000416; ', 'lpips_1=0.002911; ', 'codec_recon_1=0.261025; ', 'bpp_1=0.295250; ', 'mse_2=0.000354; ', 'lpips_2=0.002553; ', 'codec_recon_2=0.077315; ', 'bpp_2=0.274593; ']
train step[278/2000] ; used: 6m:38s; eta: 40m:57s; loss = 0.463476; ['mse_0=0.001317; ', 'lpips_0=0.005045; ', 'codec_recon_0=0.024178; ', 'bpp_0=6.007209; ', 'mse_1=0.000915; ', 'lpips_1=0.004114; ', 'codec_recon_1=0.352788; ', 'bpp_1=0.295099; ', 'mse_2=0.000660; ', 'lpips_2=0.003140; ', 'codec_recon_2=0.071319; ', 'bpp_2=0.277592; ']
train step[279/2000] ; used: 6m:39s; eta: 40m:54s; loss = 0.400137; ['mse_0=0.001585; ', 'lpips_0=0.004869; ', 'codec_recon_0=0.020461; ', 'bpp_0=6.175762; ', 'mse_1=0.001349; ', 'lpips_1=0.004111; ', 'codec_recon_1=0.293212; ', 'bpp_1=0.299250; ', 'mse_2=0.001230; ', 'lpips_2=0.003555; ', 'codec_recon_2=0.069766; ', 'bpp_2=0.280483; ']
train step[280/2000] ; used: 6m:40s; eta: 40m:51s; loss = 0.416381; ['mse_0=0.001149; ', 'lpips_0=0.004207; ', 'codec_recon_0=0.023131; ', 'bpp_0=5.983627; ', 'mse_1=0.000935; ', 'lpips_1=0.003474; ', 'codec_recon_1=0.312132; ', 'bpp_1=0.295375; ', 'mse_2=0.000796; ', 'lpips_2=0.002981; ', 'codec_recon_2=0.067576; ', 'bpp_2=0.275686; ']
train step[281/2000] ; used: 6m:41s; eta: 40m:48s; loss = 0.390427; ['mse_0=0.000705; ', 'lpips_0=0.003505; ', 'codec_recon_0=0.023485; ', 'bpp_0=5.936351; ', 'mse_1=0.000612; ', 'lpips_1=0.002958; ', 'codec_recon_1=0.275986; ', 'bpp_1=0.292898; ', 'mse_2=0.000592; ', 'lpips_2=0.002652; ', 'codec_recon_2=0.079932; ', 'bpp_2=0.271970; ']
train step[282/2000] ; used: 6m:42s; eta: 40m:45s; loss = 0.459936; ['mse_0=0.004352; ', 'lpips_0=0.006743; ', 'codec_recon_0=0.023930; ', 'bpp_0=6.110110; ', 'mse_1=0.003877; ', 'lpips_1=0.005891; ', 'codec_recon_1=0.340779; ', 'bpp_1=0.300038; ', 'mse_2=0.003495; ', 'lpips_2=0.005096; ', 'codec_recon_2=0.065772; ', 'bpp_2=0.282252; ']
train step[283/2000] ; used: 6m:43s; eta: 40m:41s; loss = 0.466266; ['mse_0=0.001403; ', 'lpips_0=0.004467; ', 'codec_recon_0=0.019955; ', 'bpp_0=6.273208; ', 'mse_1=0.001058; ', 'lpips_1=0.003372; ', 'codec_recon_1=0.364539; ', 'bpp_1=0.301195; ', 'mse_2=0.000672; ', 'lpips_2=0.002153; ', 'codec_recon_2=0.068646; ', 'bpp_2=0.286492; ']
train step[284/2000] ; used: 6m:45s; eta: 40m:38s; loss = 0.354780; ['mse_0=0.000493; ', 'lpips_0=0.003958; ', 'codec_recon_0=0.023613; ', 'bpp_0=5.919821; ', 'mse_1=0.000392; ', 'lpips_1=0.003526; ', 'codec_recon_1=0.246513; ', 'bpp_1=0.292967; ', 'mse_2=0.000364; ', 'lpips_2=0.003334; ', 'codec_recon_2=0.072587; ', 'bpp_2=0.272195; ']
train step[285/2000] ; used: 6m:46s; eta: 40m:35s; loss = 0.419346; ['mse_0=0.001034; ', 'lpips_0=0.004359; ', 'codec_recon_0=0.023343; ', 'bpp_0=6.204853; ', 'mse_1=0.000882; ', 'lpips_1=0.003532; ', 'codec_recon_1=0.305750; ', 'bpp_1=0.298976; ', 'mse_2=0.000825; ', 'lpips_2=0.003172; ', 'codec_recon_2=0.076449; ', 'bpp_2=0.280770; ']
train step[286/2000] ; used: 6m:47s; eta: 40m:32s; loss = 0.472193; ['mse_0=0.001705; ', 'lpips_0=0.004735; ', 'codec_recon_0=0.027743; ', 'bpp_0=5.954295; ', 'mse_1=0.001426; ', 'lpips_1=0.004016; ', 'codec_recon_1=0.347638; ', 'bpp_1=0.294880; ', 'mse_2=0.001243; ', 'lpips_2=0.003371; ', 'codec_recon_2=0.080317; ', 'bpp_2=0.275839; ']
train step[287/2000] ; used: 6m:48s; eta: 40m:29s; loss = 0.340132; ['mse_0=0.000880; ', 'lpips_0=0.003851; ', 'codec_recon_0=0.022991; ', 'bpp_0=5.960544; ', 'mse_1=0.000647; ', 'lpips_1=0.003412; ', 'codec_recon_1=0.236316; ', 'bpp_1=0.294277; ', 'mse_2=0.000641; ', 'lpips_2=0.003270; ', 'codec_recon_2=0.068125; ', 'bpp_2=0.273860; ']
train step[288/2000] ; used: 6m:49s; eta: 40m:26s; loss = 0.390662; ['mse_0=0.000989; ', 'lpips_0=0.005519; ', 'codec_recon_0=0.028628; ', 'bpp_0=5.553221; ', 'mse_1=0.000871; ', 'lpips_1=0.004919; ', 'codec_recon_1=0.273995; ', 'bpp_1=0.287378; ', 'mse_2=0.000800; ', 'lpips_2=0.004600; ', 'codec_recon_2=0.070341; ', 'bpp_2=0.266813; ']
train step[289/2000] ; used: 6m:50s; eta: 40m:23s; loss = 0.473658; ['mse_0=0.001052; ', 'lpips_0=0.004997; ', 'codec_recon_0=0.023004; ', 'bpp_0=6.290699; ', 'mse_1=0.000788; ', 'lpips_1=0.004062; ', 'codec_recon_1=0.366403; ', 'bpp_1=0.301470; ', 'mse_2=0.000532; ', 'lpips_2=0.002930; ', 'codec_recon_2=0.069890; ', 'bpp_2=0.286012; ']
train step[290/2000] ; used: 6m:51s; eta: 40m:20s; loss = 0.403602; ['mse_0=0.001606; ', 'lpips_0=0.004998; ', 'codec_recon_0=0.023964; ', 'bpp_0=6.049356; ', 'mse_1=0.001352; ', 'lpips_1=0.004364; ', 'codec_recon_1=0.291484; ', 'bpp_1=0.296202; ', 'mse_2=0.001281; ', 'lpips_2=0.003999; ', 'codec_recon_2=0.070555; ', 'bpp_2=0.277585; ']
train step[291/2000] ; used: 6m:53s; eta: 40m:17s; loss = 0.494671; ['mse_0=0.002883; ', 'lpips_0=0.006801; ', 'codec_recon_0=0.023902; ', 'bpp_0=6.148736; ', 'mse_1=0.002562; ', 'lpips_1=0.005979; ', 'codec_recon_1=0.376560; ', 'bpp_1=0.298533; ', 'mse_2=0.002113; ', 'lpips_2=0.004790; ', 'codec_recon_2=0.069082; ', 'bpp_2=0.282592; ']
train step[292/2000] ; used: 6m:54s; eta: 40m:14s; loss = 0.435397; ['mse_0=0.001487; ', 'lpips_0=0.004847; ', 'codec_recon_0=0.021743; ', 'bpp_0=6.134230; ', 'mse_1=0.001160; ', 'lpips_1=0.004294; ', 'codec_recon_1=0.327680; ', 'bpp_1=0.299237; ', 'mse_2=0.000872; ', 'lpips_2=0.003470; ', 'codec_recon_2=0.069843; ', 'bpp_2=0.281222; ']
train step[293/2000] ; used: 6m:55s; eta: 40m:11s; loss = 0.403899; ['mse_0=0.002268; ', 'lpips_0=0.004925; ', 'codec_recon_0=0.020679; ', 'bpp_0=6.237499; ', 'mse_1=0.001878; ', 'lpips_1=0.004076; ', 'codec_recon_1=0.302411; ', 'bpp_1=0.302306; ', 'mse_2=0.001626; ', 'lpips_2=0.003366; ', 'codec_recon_2=0.062670; ', 'bpp_2=0.284274; ']
train step[294/2000] ; used: 6m:56s; eta: 40m:8s; loss = 0.408177; ['mse_0=0.000983; ', 'lpips_0=0.004366; ', 'codec_recon_0=0.026974; ', 'bpp_0=6.066537; ', 'mse_1=0.000787; ', 'lpips_1=0.003664; ', 'codec_recon_1=0.288501; ', 'bpp_1=0.295311; ', 'mse_2=0.000695; ', 'lpips_2=0.003311; ', 'codec_recon_2=0.078895; ', 'bpp_2=0.275777; ']
train step[295/2000] ; used: 6m:57s; eta: 40m:5s; loss = 0.340438; ['mse_0=0.001051; ', 'lpips_0=0.003882; ', 'codec_recon_0=0.026315; ', 'bpp_0=5.808232; ', 'mse_1=0.000899; ', 'lpips_1=0.003210; ', 'codec_recon_1=0.231849; ', 'bpp_1=0.290985; ', 'mse_2=0.000837; ', 'lpips_2=0.002907; ', 'codec_recon_2=0.069488; ', 'bpp_2=0.270050; ']
train step[296/2000] ; used: 6m:58s; eta: 40m:2s; loss = 0.452291; ['mse_0=0.006704; ', 'lpips_0=0.008588; ', 'codec_recon_0=0.026142; ', 'bpp_0=6.112529; ', 'mse_1=0.006513; ', 'lpips_1=0.008028; ', 'codec_recon_1=0.304555; ', 'bpp_1=0.296365; ', 'mse_2=0.006572; ', 'lpips_2=0.007735; ', 'codec_recon_2=0.077455; ', 'bpp_2=0.279206; ']
train step[297/2000] ; used: 6m:59s; eta: 39m:59s; loss = 0.403982; ['mse_0=0.000940; ', 'lpips_0=0.004155; ', 'codec_recon_0=0.022561; ', 'bpp_0=5.975555; ', 'mse_1=0.000755; ', 'lpips_1=0.003439; ', 'codec_recon_1=0.296544; ', 'bpp_1=0.296030; ', 'mse_2=0.000599; ', 'lpips_2=0.002824; ', 'codec_recon_2=0.072165; ', 'bpp_2=0.275680; ']
train step[298/2000] ; used: 7m; eta: 39m:56s; loss = 0.424925; ['mse_0=0.000405; ', 'lpips_0=0.004269; ', 'codec_recon_0=0.023355; ', 'bpp_0=6.017231; ', 'mse_1=0.000303; ', 'lpips_1=0.003326; ', 'codec_recon_1=0.308673; ', 'bpp_1=0.293716; ', 'mse_2=0.000217; ', 'lpips_2=0.002679; ', 'codec_recon_2=0.081698; ', 'bpp_2=0.273468; ']
train step[299/2000] ; used: 7m:2s; eta: 39m:53s; loss = 0.338858; ['mse_0=0.000663; ', 'lpips_0=0.003377; ', 'codec_recon_0=0.023059; ', 'bpp_0=5.926094; ', 'mse_1=0.000500; ', 'lpips_1=0.002790; ', 'codec_recon_1=0.242704; ', 'bpp_1=0.291345; ', 'mse_2=0.000425; ', 'lpips_2=0.002487; ', 'codec_recon_2=0.062852; ', 'bpp_2=0.271240; ']
train step[300/2000] ; used: 7m:3s; eta: 39m:50s; loss = 0.386283; ['mse_0=0.001465; ', 'lpips_0=0.003698; ', 'codec_recon_0=0.022052; ', 'bpp_0=6.040037; ', 'mse_1=0.001313; ', 'lpips_1=0.003081; ', 'codec_recon_1=0.287195; ', 'bpp_1=0.295573; ', 'mse_2=0.001231; ', 'lpips_2=0.002573; ', 'codec_recon_2=0.063676; ', 'bpp_2=0.278296; ']
train step[301/2000] ; used: 7m:4s; eta: 39m:47s; loss = 0.390289; ['mse_0=0.000608; ', 'lpips_0=0.003604; ', 'codec_recon_0=0.019751; ', 'bpp_0=6.191991; ', 'mse_1=0.000457; ', 'lpips_1=0.003086; ', 'codec_recon_1=0.289001; ', 'bpp_1=0.298586; ', 'mse_2=0.000361; ', 'lpips_2=0.002662; ', 'codec_recon_2=0.070759; ', 'bpp_2=0.281252; ']
train step[302/2000] ; used: 7m:5s; eta: 39m:45s; loss = 0.371879; ['mse_0=0.001392; ', 'lpips_0=0.004970; ', 'codec_recon_0=0.028597; ', 'bpp_0=5.731951; ', 'mse_1=0.001249; ', 'lpips_1=0.004424; ', 'codec_recon_1=0.254521; ', 'bpp_1=0.290293; ', 'mse_2=0.001197; ', 'lpips_2=0.004164; ', 'codec_recon_2=0.071365; ', 'bpp_2=0.270582; ']
train step[303/2000] ; used: 7m:6s; eta: 39m:42s; loss = 0.408163; ['mse_0=0.004018; ', 'lpips_0=0.006071; ', 'codec_recon_0=0.022081; ', 'bpp_0=6.021551; ', 'mse_1=0.003731; ', 'lpips_1=0.005530; ', 'codec_recon_1=0.284350; ', 'bpp_1=0.293711; ', 'mse_2=0.003867; ', 'lpips_2=0.005264; ', 'codec_recon_2=0.073252; ', 'bpp_2=0.273536; ']
train step[304/2000] ; used: 7m:8s; eta: 39m:39s; loss = 0.393359; ['mse_0=0.001662; ', 'lpips_0=0.003820; ', 'codec_recon_0=0.021145; ', 'bpp_0=5.990766; ', 'mse_1=0.001467; ', 'lpips_1=0.003185; ', 'codec_recon_1=0.293282; ', 'bpp_1=0.295938; ', 'mse_2=0.001360; ', 'lpips_2=0.002684; ', 'codec_recon_2=0.064755; ', 'bpp_2=0.276018; ']
train step[305/2000] ; used: 7m:9s; eta: 39m:37s; loss = 0.449637; ['mse_0=0.002728; ', 'lpips_0=0.006442; ', 'codec_recon_0=0.022808; ', 'bpp_0=5.934000; ', 'mse_1=0.002368; ', 'lpips_1=0.005554; ', 'codec_recon_1=0.335447; ', 'bpp_1=0.293879; ', 'mse_2=0.002103; ', 'lpips_2=0.004874; ', 'codec_recon_2=0.067313; ', 'bpp_2=0.276780; ']
train step[306/2000] ; used: 7m:10s; eta: 39m:34s; loss = 0.403871; ['mse_0=0.002454; ', 'lpips_0=0.003901; ', 'codec_recon_0=0.034801; ', 'bpp_0=5.916211; ', 'mse_1=0.002269; ', 'lpips_1=0.003294; ', 'codec_recon_1=0.276654; ', 'bpp_1=0.294377; ', 'mse_2=0.002252; ', 'lpips_2=0.002863; ', 'codec_recon_2=0.075382; ', 'bpp_2=0.274677; ']
train step[307/2000] ; used: 7m:11s; eta: 39m:31s; loss = 0.456807; ['mse_0=0.002395; ', 'lpips_0=0.006007; ', 'codec_recon_0=0.024030; ', 'bpp_0=6.269514; ', 'mse_1=0.002032; ', 'lpips_1=0.005299; ', 'codec_recon_1=0.340742; ', 'bpp_1=0.301946; ', 'mse_2=0.001743; ', 'lpips_2=0.004364; ', 'codec_recon_2=0.070195; ', 'bpp_2=0.286500; ']
train step[308/2000] ; used: 7m:12s; eta: 39m:28s; loss = 0.395469; ['mse_0=0.001279; ', 'lpips_0=0.004562; ', 'codec_recon_0=0.021182; ', 'bpp_0=6.021213; ', 'mse_1=0.001030; ', 'lpips_1=0.003918; ', 'codec_recon_1=0.296347; ', 'bpp_1=0.297671; ', 'mse_2=0.000874; ', 'lpips_2=0.003389; ', 'codec_recon_2=0.062887; ', 'bpp_2=0.279112; ']
train step[309/2000] ; used: 7m:13s; eta: 39m:25s; loss = 0.501844; ['mse_0=0.001389; ', 'lpips_0=0.007000; ', 'codec_recon_0=0.025330; ', 'bpp_0=6.158145; ', 'mse_1=0.001121; ', 'lpips_1=0.006224; ', 'codec_recon_1=0.377204; ', 'bpp_1=0.296811; ', 'mse_2=0.000971; ', 'lpips_2=0.005438; ', 'codec_recon_2=0.077167; ', 'bpp_2=0.281315; ']
train step[310/2000] ; used: 7m:14s; eta: 39m:22s; loss = 0.353005; ['mse_0=0.000963; ', 'lpips_0=0.004105; ', 'codec_recon_0=0.028754; ', 'bpp_0=5.790235; ', 'mse_1=0.000841; ', 'lpips_1=0.003676; ', 'codec_recon_1=0.239962; ', 'bpp_1=0.290483; ', 'mse_2=0.000818; ', 'lpips_2=0.003512; ', 'codec_recon_2=0.070373; ', 'bpp_2=0.272058; ']
train step[311/2000] ; used: 7m:15s; eta: 39m:19s; loss = 0.365193; ['mse_0=0.000716; ', 'lpips_0=0.003101; ', 'codec_recon_0=0.024308; ', 'bpp_0=5.992826; ', 'mse_1=0.000580; ', 'lpips_1=0.002555; ', 'codec_recon_1=0.258331; ', 'bpp_1=0.295415; ', 'mse_2=0.000518; ', 'lpips_2=0.002329; ', 'codec_recon_2=0.072753; ', 'bpp_2=0.275014; ']
train step[312/2000] ; used: 7m:17s; eta: 39m:17s; loss = 0.538793; ['mse_0=0.006297; ', 'lpips_0=0.010485; ', 'codec_recon_0=0.024947; ', 'bpp_0=6.241062; ', 'mse_1=0.005841; ', 'lpips_1=0.009791; ', 'codec_recon_1=0.394034; ', 'bpp_1=0.301162; ', 'mse_2=0.005552; ', 'lpips_2=0.009391; ', 'codec_recon_2=0.072455; ', 'bpp_2=0.285767; ']
train step[313/2000] ; used: 7m:18s; eta: 39m:14s; loss = 0.398456; ['mse_0=0.002626; ', 'lpips_0=0.005274; ', 'codec_recon_0=0.022227; ', 'bpp_0=6.150750; ', 'mse_1=0.002536; ', 'lpips_1=0.004759; ', 'codec_recon_1=0.281845; ', 'bpp_1=0.298257; ', 'mse_2=0.002478; ', 'lpips_2=0.004496; ', 'codec_recon_2=0.072215; ', 'bpp_2=0.279561; ']
train step[314/2000] ; used: 7m:19s; eta: 39m:11s; loss = 0.462286; ['mse_0=0.000638; ', 'lpips_0=0.004436; ', 'codec_recon_0=0.022381; ', 'bpp_0=5.948620; ', 'mse_1=0.000455; ', 'lpips_1=0.003563; ', 'codec_recon_1=0.354412; ', 'bpp_1=0.291815; ', 'mse_2=0.000218; ', 'lpips_2=0.002463; ', 'codec_recon_2=0.073720; ', 'bpp_2=0.274482; ']
train step[315/2000] ; used: 7m:20s; eta: 39m:9s; loss = 0.389618; ['mse_0=0.001690; ', 'lpips_0=0.004663; ', 'codec_recon_0=0.025098; ', 'bpp_0=5.934721; ', 'mse_1=0.001553; ', 'lpips_1=0.003894; ', 'codec_recon_1=0.274434; ', 'bpp_1=0.293987; ', 'mse_2=0.001491; ', 'lpips_2=0.003536; ', 'codec_recon_2=0.073260; ', 'bpp_2=0.274763; ']
train step[316/2000] ; used: 7m:21s; eta: 39m:6s; loss = 0.391432; ['mse_0=0.000783; ', 'lpips_0=0.003285; ', 'codec_recon_0=0.019749; ', 'bpp_0=6.017883; ', 'mse_1=0.000585; ', 'lpips_1=0.002719; ', 'codec_recon_1=0.298752; ', 'bpp_1=0.296344; ', 'mse_2=0.000380; ', 'lpips_2=0.002125; ', 'codec_recon_2=0.063055; ', 'bpp_2=0.276684; ']
train step[317/2000] ; used: 7m:22s; eta: 39m:4s; loss = 0.393380; ['mse_0=0.000782; ', 'lpips_0=0.003677; ', 'codec_recon_0=0.021602; ', 'bpp_0=6.054899; ', 'mse_1=0.000587; ', 'lpips_1=0.002852; ', 'codec_recon_1=0.292479; ', 'bpp_1=0.294464; ', 'mse_2=0.000392; ', 'lpips_2=0.002083; ', 'codec_recon_2=0.068926; ', 'bpp_2=0.274459; ']
train step[318/2000] ; used: 7m:24s; eta: 39m:2s; loss = 0.380738; ['mse_0=0.001189; ', 'lpips_0=0.004697; ', 'codec_recon_0=0.023542; ', 'bpp_0=6.007996; ', 'mse_1=0.001078; ', 'lpips_1=0.004068; ', 'codec_recon_1=0.269606; ', 'bpp_1=0.294715; ', 'mse_2=0.001003; ', 'lpips_2=0.003653; ', 'codec_recon_2=0.071903; ', 'bpp_2=0.275726; ']
train step[319/2000] ; used: 7m:25s; eta: 38m:59s; loss = 0.420823; ['mse_0=0.002436; ', 'lpips_0=0.005371; ', 'codec_recon_0=0.032024; ', 'bpp_0=5.851667; ', 'mse_1=0.002207; ', 'lpips_1=0.004825; ', 'codec_recon_1=0.296036; ', 'bpp_1=0.294354; ', 'mse_2=0.001975; ', 'lpips_2=0.004166; ', 'codec_recon_2=0.071783; ', 'bpp_2=0.276280; ']
train step[320/2000] ; used: 7m:26s; eta: 38m:56s; loss = 0.454400; ['mse_0=0.001723; ', 'lpips_0=0.004266; ', 'codec_recon_0=0.031847; ', 'bpp_0=6.027207; ', 'mse_1=0.001457; ', 'lpips_1=0.003727; ', 'codec_recon_1=0.330455; ', 'bpp_1=0.297379; ', 'mse_2=0.001282; ', 'lpips_2=0.003174; ', 'codec_recon_2=0.076469; ', 'bpp_2=0.278568; ']
train step[321/2000] ; used: 7m:27s; eta: 38m:54s; loss = 0.482103; ['mse_0=0.001426; ', 'lpips_0=0.005319; ', 'codec_recon_0=0.021950; ', 'bpp_0=6.123177; ', 'mse_1=0.001093; ', 'lpips_1=0.004494; ', 'codec_recon_1=0.371766; ', 'bpp_1=0.298700; ', 'mse_2=0.000773; ', 'lpips_2=0.003300; ', 'codec_recon_2=0.071983; ', 'bpp_2=0.282638; ']
train step[322/2000] ; used: 7m:28s; eta: 38m:51s; loss = 0.419902; ['mse_0=0.000380; ', 'lpips_0=0.004011; ', 'codec_recon_0=0.021482; ', 'bpp_0=5.889358; ', 'mse_1=0.000263; ', 'lpips_1=0.003075; ', 'codec_recon_1=0.310794; ', 'bpp_1=0.291705; ', 'mse_2=0.000176; ', 'lpips_2=0.002390; ', 'codec_recon_2=0.077330; ', 'bpp_2=0.270326; ']
train step[323/2000] ; used: 7m:29s; eta: 38m:48s; loss = 0.385894; ['mse_0=0.000874; ', 'lpips_0=0.004061; ', 'codec_recon_0=0.027416; ', 'bpp_0=5.860957; ', 'mse_1=0.000751; ', 'lpips_1=0.003520; ', 'codec_recon_1=0.271335; ', 'bpp_1=0.294166; ', 'mse_2=0.000651; ', 'lpips_2=0.003227; ', 'codec_recon_2=0.074058; ', 'bpp_2=0.274272; ']
train step[324/2000] ; used: 7m:31s; eta: 38m:45s; loss = 0.485898; ['mse_0=0.001187; ', 'lpips_0=0.005581; ', 'codec_recon_0=0.025243; ', 'bpp_0=5.984011; ', 'mse_1=0.001026; ', 'lpips_1=0.004914; ', 'codec_recon_1=0.362135; ', 'bpp_1=0.294470; ', 'mse_2=0.000917; ', 'lpips_2=0.004410; ', 'codec_recon_2=0.080484; ', 'bpp_2=0.277680; ']
train step[325/2000] ; used: 7m:32s; eta: 38m:43s; loss = 0.379433; ['mse_0=0.000672; ', 'lpips_0=0.003327; ', 'codec_recon_0=0.025047; ', 'bpp_0=6.003157; ', 'mse_1=0.000519; ', 'lpips_1=0.002804; ', 'codec_recon_1=0.269492; ', 'bpp_1=0.294831; ', 'mse_2=0.000460; ', 'lpips_2=0.002470; ', 'codec_recon_2=0.074643; ', 'bpp_2=0.274948; ']
train step[326/2000] ; used: 7m:33s; eta: 38m:40s; loss = 0.442863; ['mse_0=0.003079; ', 'lpips_0=0.006077; ', 'codec_recon_0=0.026041; ', 'bpp_0=6.006863; ', 'mse_1=0.002584; ', 'lpips_1=0.005367; ', 'codec_recon_1=0.325042; ', 'bpp_1=0.296551; ', 'mse_2=0.002275; ', 'lpips_2=0.004610; ', 'codec_recon_2=0.067788; ', 'bpp_2=0.278041; ']
train step[327/2000] ; used: 7m:34s; eta: 38m:38s; loss = 0.479902; ['mse_0=0.005221; ', 'lpips_0=0.006124; ', 'codec_recon_0=0.022488; ', 'bpp_0=6.205648; ', 'mse_1=0.004861; ', 'lpips_1=0.005267; ', 'codec_recon_1=0.361789; ', 'bpp_1=0.301194; ', 'mse_2=0.004597; ', 'lpips_2=0.004334; ', 'codec_recon_2=0.065221; ', 'bpp_2=0.285846; ']
train step[328/2000] ; used: 7m:35s; eta: 38m:35s; loss = 0.340472; ['mse_0=0.000673; ', 'lpips_0=0.003648; ', 'codec_recon_0=0.023057; ', 'bpp_0=5.936348; ', 'mse_1=0.000503; ', 'lpips_1=0.002966; ', 'codec_recon_1=0.239919; ', 'bpp_1=0.292826; ', 'mse_2=0.000427; ', 'lpips_2=0.002683; ', 'codec_recon_2=0.066597; ', 'bpp_2=0.273374; ']
train step[329/2000] ; used: 7m:36s; eta: 38m:33s; loss = 0.458075; ['mse_0=0.003101; ', 'lpips_0=0.006308; ', 'codec_recon_0=0.023824; ', 'bpp_0=6.192077; ', 'mse_1=0.003061; ', 'lpips_1=0.005583; ', 'codec_recon_1=0.338487; ', 'bpp_1=0.299056; ', 'mse_2=0.002817; ', 'lpips_2=0.004824; ', 'codec_recon_2=0.070069; ', 'bpp_2=0.282257; ']
train step[330/2000] ; used: 7m:38s; eta: 38m:31s; loss = 0.414956; ['mse_0=0.004305; ', 'lpips_0=0.007139; ', 'codec_recon_0=0.023985; ', 'bpp_0=6.056297; ', 'mse_1=0.004089; ', 'lpips_1=0.006350; ', 'codec_recon_1=0.289017; ', 'bpp_1=0.297926; ', 'mse_2=0.004066; ', 'lpips_2=0.005752; ', 'codec_recon_2=0.070252; ', 'bpp_2=0.279881; ']
train step[331/2000] ; used: 7m:39s; eta: 38m:29s; loss = 0.426462; ['mse_0=0.000964; ', 'lpips_0=0.004502; ', 'codec_recon_0=0.021523; ', 'bpp_0=6.305372; ', 'mse_1=0.000738; ', 'lpips_1=0.003571; ', 'codec_recon_1=0.315742; ', 'bpp_1=0.302010; ', 'mse_2=0.000580; ', 'lpips_2=0.002757; ', 'codec_recon_2=0.076084; ', 'bpp_2=0.284928; ']
train step[332/2000] ; used: 7m:40s; eta: 38m:26s; loss = 0.365271; ['mse_0=0.000494; ', 'lpips_0=0.003346; ', 'codec_recon_0=0.025546; ', 'bpp_0=5.845448; ', 'mse_1=0.000363; ', 'lpips_1=0.002541; ', 'codec_recon_1=0.263537; ', 'bpp_1=0.291235; ', 'mse_2=0.000276; ', 'lpips_2=0.002191; ', 'codec_recon_2=0.066976; ', 'bpp_2=0.272082; ']
train step[333/2000] ; used: 7m:41s; eta: 38m:24s; loss = 0.482066; ['mse_0=0.007961; ', 'lpips_0=0.008959; ', 'codec_recon_0=0.029303; ', 'bpp_0=5.845602; ', 'mse_1=0.007733; ', 'lpips_1=0.008364; ', 'codec_recon_1=0.333243; ', 'bpp_1=0.294942; ', 'mse_2=0.007564; ', 'lpips_2=0.007947; ', 'codec_recon_2=0.070993; ', 'bpp_2=0.275864; ']
train step[334/2000] ; used: 7m:42s; eta: 38m:21s; loss = 0.487295; ['mse_0=0.001767; ', 'lpips_0=0.005574; ', 'codec_recon_0=0.023838; ', 'bpp_0=6.077606; ', 'mse_1=0.001418; ', 'lpips_1=0.004647; ', 'codec_recon_1=0.378701; ', 'bpp_1=0.297125; ', 'mse_2=0.000914; ', 'lpips_2=0.003431; ', 'codec_recon_2=0.067005; ', 'bpp_2=0.280783; ']
train step[335/2000] ; used: 7m:43s; eta: 38m:18s; loss = 0.392416; ['mse_0=0.000635; ', 'lpips_0=0.003304; ', 'codec_recon_0=0.025995; ', 'bpp_0=5.992023; ', 'mse_1=0.000484; ', 'lpips_1=0.002730; ', 'codec_recon_1=0.286082; ', 'bpp_1=0.294240; ', 'mse_2=0.000410; ', 'lpips_2=0.002374; ', 'codec_recon_2=0.070402; ', 'bpp_2=0.274394; ']
train step[336/2000] ; used: 7m:45s; eta: 38m:16s; loss = 0.404454; ['mse_0=0.000882; ', 'lpips_0=0.003789; ', 'codec_recon_0=0.024130; ', 'bpp_0=5.968855; ', 'mse_1=0.000736; ', 'lpips_1=0.003021; ', 'codec_recon_1=0.301687; ', 'bpp_1=0.296926; ', 'mse_2=0.000563; ', 'lpips_2=0.002508; ', 'codec_recon_2=0.067139; ', 'bpp_2=0.276522; ']
train step[337/2000] ; used: 7m:46s; eta: 38m:13s; loss = 0.399900; ['mse_0=0.001822; ', 'lpips_0=0.004506; ', 'codec_recon_0=0.024770; ', 'bpp_0=6.140858; ', 'mse_1=0.001534; ', 'lpips_1=0.003885; ', 'codec_recon_1=0.292961; ', 'bpp_1=0.298740; ', 'mse_2=0.001458; ', 'lpips_2=0.003513; ', 'codec_recon_2=0.065452; ', 'bpp_2=0.279867; ']
train step[338/2000] ; used: 7m:47s; eta: 38m:10s; loss = 0.402254; ['mse_0=0.007882; ', 'lpips_0=0.005454; ', 'codec_recon_0=0.023626; ', 'bpp_0=5.997114; ', 'mse_1=0.004521; ', 'lpips_1=0.004610; ', 'codec_recon_1=0.281278; ', 'bpp_1=0.296467; ', 'mse_2=0.003125; ', 'lpips_2=0.004283; ', 'codec_recon_2=0.067475; ', 'bpp_2=0.277032; ']
train step[339/2000] ; used: 7m:48s; eta: 38m:8s; loss = 0.404284; ['mse_0=0.003656; ', 'lpips_0=0.005337; ', 'codec_recon_0=0.027708; ', 'bpp_0=5.992777; ', 'mse_1=0.003398; ', 'lpips_1=0.004614; ', 'codec_recon_1=0.284910; ', 'bpp_1=0.296656; ', 'mse_2=0.003239; ', 'lpips_2=0.004142; ', 'codec_recon_2=0.067279; ', 'bpp_2=0.277668; ']
train step[340/2000] ; used: 7m:49s; eta: 38m:5s; loss = 0.453616; ['mse_0=0.002863; ', 'lpips_0=0.004815; ', 'codec_recon_0=0.025102; ', 'bpp_0=6.162595; ', 'mse_1=0.002530; ', 'lpips_1=0.004038; ', 'codec_recon_1=0.341687; ', 'bpp_1=0.299684; ', 'mse_2=0.002151; ', 'lpips_2=0.003191; ', 'codec_recon_2=0.067240; ', 'bpp_2=0.282177; ']
train step[341/2000] ; used: 7m:50s; eta: 38m:3s; loss = 0.450641; ['mse_0=0.001406; ', 'lpips_0=0.005024; ', 'codec_recon_0=0.026611; ', 'bpp_0=6.141104; ', 'mse_1=0.001171; ', 'lpips_1=0.004245; ', 'codec_recon_1=0.333101; ', 'bpp_1=0.298385; ', 'mse_2=0.000994; ', 'lpips_2=0.003566; ', 'codec_recon_2=0.074524; ', 'bpp_2=0.281504; ']
train step[342/2000] ; used: 7m:51s; eta: 38m; loss = 0.428926; ['mse_0=0.003117; ', 'lpips_0=0.009616; ', 'codec_recon_0=0.033966; ', 'bpp_0=5.817429; ', 'mse_1=0.002886; ', 'lpips_1=0.008753; ', 'codec_recon_1=0.284006; ', 'bpp_1=0.292879; ', 'mse_2=0.002889; ', 'lpips_2=0.008505; ', 'codec_recon_2=0.075189; ', 'bpp_2=0.274353; ']
train step[343/2000] ; used: 7m:52s; eta: 37m:58s; loss = 0.446704; ['mse_0=0.001885; ', 'lpips_0=0.007541; ', 'codec_recon_0=0.025797; ', 'bpp_0=6.186938; ', 'mse_1=0.001607; ', 'lpips_1=0.006616; ', 'codec_recon_1=0.317852; ', 'bpp_1=0.298984; ', 'mse_2=0.001494; ', 'lpips_2=0.005757; ', 'codec_recon_2=0.078156; ', 'bpp_2=0.281722; ']
train step[344/2000] ; used: 7m:54s; eta: 37m:55s; loss = 0.360402; ['mse_0=0.000651; ', 'lpips_0=0.003562; ', 'codec_recon_0=0.026904; ', 'bpp_0=5.897199; ', 'mse_1=0.000534; ', 'lpips_1=0.003021; ', 'codec_recon_1=0.255760; ', 'bpp_1=0.292638; ', 'mse_2=0.000502; ', 'lpips_2=0.002767; ', 'codec_recon_2=0.066702; ', 'bpp_2=0.273878; ']
train step[345/2000] ; used: 7m:55s; eta: 37m:53s; loss = 0.384626; ['mse_0=0.002243; ', 'lpips_0=0.004427; ', 'codec_recon_0=0.030132; ', 'bpp_0=6.015487; ', 'mse_1=0.002034; ', 'lpips_1=0.003648; ', 'codec_recon_1=0.271753; ', 'bpp_1=0.297008; ', 'mse_2=0.002007; ', 'lpips_2=0.003274; ', 'codec_recon_2=0.065109; ', 'bpp_2=0.278341; ']
train step[346/2000] ; used: 7m:56s; eta: 37m:51s; loss = 0.381838; ['mse_0=0.000442; ', 'lpips_0=0.002642; ', 'codec_recon_0=0.025418; ', 'bpp_0=5.955507; ', 'mse_1=0.000291; ', 'lpips_1=0.001952; ', 'codec_recon_1=0.283747; ', 'bpp_1=0.294555; ', 'mse_2=0.000206; ', 'lpips_2=0.001542; ', 'codec_recon_2=0.065598; ', 'bpp_2=0.274988; ']
train step[347/2000] ; used: 7m:57s; eta: 37m:49s; loss = 0.343606; ['mse_0=0.000541; ', 'lpips_0=0.003882; ', 'codec_recon_0=0.024279; ', 'bpp_0=5.811629; ', 'mse_1=0.000413; ', 'lpips_1=0.003206; ', 'codec_recon_1=0.247780; ', 'bpp_1=0.292547; ', 'mse_2=0.000356; ', 'lpips_2=0.002949; ', 'codec_recon_2=0.060200; ', 'bpp_2=0.271928; ']
train step[348/2000] ; used: 7m:58s; eta: 37m:46s; loss = 0.410688; ['mse_0=0.003227; ', 'lpips_0=0.005915; ', 'codec_recon_0=0.027036; ', 'bpp_0=5.955181; ', 'mse_1=0.002858; ', 'lpips_1=0.005078; ', 'codec_recon_1=0.289553; ', 'bpp_1=0.294094; ', 'mse_2=0.002782; ', 'lpips_2=0.004757; ', 'codec_recon_2=0.069482; ', 'bpp_2=0.276723; ']
train step[349/2000] ; used: 8m; eta: 37m:44s; loss = 0.325651; ['mse_0=0.002235; ', 'lpips_0=0.004424; ', 'codec_recon_0=0.026583; ', 'bpp_0=5.733263; ', 'mse_1=0.001810; ', 'lpips_1=0.003715; ', 'codec_recon_1=0.220517; ', 'bpp_1=0.290483; ', 'mse_2=0.001769; ', 'lpips_2=0.003466; ', 'codec_recon_2=0.061131; ', 'bpp_2=0.269593; ']
train step[350/2000] ; used: 8m:1s; eta: 37m:42s; loss = 0.425862; ['mse_0=0.006064; ', 'lpips_0=0.006486; ', 'codec_recon_0=0.034799; ', 'bpp_0=6.010349; ', 'mse_1=0.006142; ', 'lpips_1=0.005985; ', 'codec_recon_1=0.276860; ', 'bpp_1=0.296934; ', 'mse_2=0.006247; ', 'lpips_2=0.005694; ', 'codec_recon_2=0.077585; ', 'bpp_2=0.278624; ']
train step[351/2000] ; used: 8m:2s; eta: 37m:39s; loss = 0.342151; ['mse_0=0.000683; ', 'lpips_0=0.002954; ', 'codec_recon_0=0.025749; ', 'bpp_0=5.689041; ', 'mse_1=0.000505; ', 'lpips_1=0.002297; ', 'codec_recon_1=0.246340; ', 'bpp_1=0.285897; ', 'mse_2=0.000422; ', 'lpips_2=0.002046; ', 'codec_recon_2=0.061154; ', 'bpp_2=0.269305; ']
train step[352/2000] ; used: 8m:3s; eta: 37m:37s; loss = 0.458863; ['mse_0=0.007852; ', 'lpips_0=0.008882; ', 'codec_recon_0=0.029007; ', 'bpp_0=5.981724; ', 'mse_1=0.007322; ', 'lpips_1=0.008075; ', 'codec_recon_1=0.308075; ', 'bpp_1=0.296158; ', 'mse_2=0.007093; ', 'lpips_2=0.007431; ', 'codec_recon_2=0.075127; ', 'bpp_2=0.280128; ']
train step[353/2000] ; used: 8m:4s; eta: 37m:34s; loss = 0.402090; ['mse_0=0.000949; ', 'lpips_0=0.004187; ', 'codec_recon_0=0.027007; ', 'bpp_0=5.946296; ', 'mse_1=0.000808; ', 'lpips_1=0.003513; ', 'codec_recon_1=0.290499; ', 'bpp_1=0.294780; ', 'mse_2=0.000710; ', 'lpips_2=0.003122; ', 'codec_recon_2=0.071294; ', 'bpp_2=0.275992; ']
train step[354/2000] ; used: 8m:5s; eta: 37m:32s; loss = 0.426268; ['mse_0=0.002442; ', 'lpips_0=0.005147; ', 'codec_recon_0=0.026804; ', 'bpp_0=5.955932; ', 'mse_1=0.002217; ', 'lpips_1=0.004478; ', 'codec_recon_1=0.314468; ', 'bpp_1=0.296411; ', 'mse_2=0.002036; ', 'lpips_2=0.004038; ', 'codec_recon_2=0.064637; ', 'bpp_2=0.278088; ']
train step[355/2000] ; used: 8m:6s; eta: 37m:29s; loss = 0.414971; ['mse_0=0.001966; ', 'lpips_0=0.005745; ', 'codec_recon_0=0.032342; ', 'bpp_0=5.756423; ', 'mse_1=0.001792; ', 'lpips_1=0.005288; ', 'codec_recon_1=0.275788; ', 'bpp_1=0.290764; ', 'mse_2=0.001816; ', 'lpips_2=0.004954; ', 'codec_recon_2=0.085280; ', 'bpp_2=0.272643; ']
train step[356/2000] ; used: 8m:8s; eta: 37m:27s; loss = 0.377218; ['mse_0=0.000410; ', 'lpips_0=0.003607; ', 'codec_recon_0=0.026039; ', 'bpp_0=5.840914; ', 'mse_1=0.000292; ', 'lpips_1=0.002795; ', 'codec_recon_1=0.269967; ', 'bpp_1=0.291692; ', 'mse_2=0.000220; ', 'lpips_2=0.002400; ', 'codec_recon_2=0.071488; ', 'bpp_2=0.274244; ']
train step[357/2000] ; used: 8m:9s; eta: 37m:25s; loss = 0.383015; ['mse_0=0.000770; ', 'lpips_0=0.003601; ', 'codec_recon_0=0.026796; ', 'bpp_0=5.945954; ', 'mse_1=0.000567; ', 'lpips_1=0.003024; ', 'codec_recon_1=0.279996; ', 'bpp_1=0.294802; ', 'mse_2=0.000421; ', 'lpips_2=0.002613; ', 'codec_recon_2=0.065226; ', 'bpp_2=0.275156; ']
train step[358/2000] ; used: 8m:10s; eta: 37m:22s; loss = 0.468047; ['mse_0=0.004664; ', 'lpips_0=0.007326; ', 'codec_recon_0=0.026078; ', 'bpp_0=6.145545; ', 'mse_1=0.004354; ', 'lpips_1=0.006697; ', 'codec_recon_1=0.335853; ', 'bpp_1=0.300526; ', 'mse_2=0.004171; ', 'lpips_2=0.005911; ', 'codec_recon_2=0.072992; ', 'bpp_2=0.282830; ']
train step[359/2000] ; used: 8m:11s; eta: 37m:20s; loss = 0.373931; ['mse_0=0.000899; ', 'lpips_0=0.003986; ', 'codec_recon_0=0.026705; ', 'bpp_0=5.866820; ', 'mse_1=0.000692; ', 'lpips_1=0.003313; ', 'codec_recon_1=0.273799; ', 'bpp_1=0.294477; ', 'mse_2=0.000560; ', 'lpips_2=0.002888; ', 'codec_recon_2=0.061089; ', 'bpp_2=0.275440; ']
train step[360/2000] ; used: 8m:12s; eta: 37m:18s; loss = 0.389575; ['mse_0=0.000529; ', 'lpips_0=0.003498; ', 'codec_recon_0=0.024792; ', 'bpp_0=5.865019; ', 'mse_1=0.000392; ', 'lpips_1=0.002799; ', 'codec_recon_1=0.286536; ', 'bpp_1=0.293957; ', 'mse_2=0.000277; ', 'lpips_2=0.002354; ', 'codec_recon_2=0.068399; ', 'bpp_2=0.275189; ']
train step[361/2000] ; used: 8m:13s; eta: 37m:16s; loss = 0.369782; ['mse_0=0.000607; ', 'lpips_0=0.003751; ', 'codec_recon_0=0.022138; ', 'bpp_0=5.954799; ', 'mse_1=0.000458; ', 'lpips_1=0.003102; ', 'codec_recon_1=0.273212; ', 'bpp_1=0.294707; ', 'mse_2=0.000356; ', 'lpips_2=0.002653; ', 'codec_recon_2=0.063504; ', 'bpp_2=0.276312; ']
train step[362/2000] ; used: 8m:15s; eta: 37m:13s; loss = 0.388127; ['mse_0=0.001257; ', 'lpips_0=0.003856; ', 'codec_recon_0=0.023687; ', 'bpp_0=6.035828; ', 'mse_1=0.000954; ', 'lpips_1=0.003150; ', 'codec_recon_1=0.290729; ', 'bpp_1=0.298665; ', 'mse_2=0.000710; ', 'lpips_2=0.002595; ', 'codec_recon_2=0.061189; ', 'bpp_2=0.280501; ']
train step[363/2000] ; used: 8m:16s; eta: 37m:11s; loss = 0.439898; ['mse_0=0.001159; ', 'lpips_0=0.004857; ', 'codec_recon_0=0.027033; ', 'bpp_0=6.116420; ', 'mse_1=0.000922; ', 'lpips_1=0.003963; ', 'codec_recon_1=0.321362; ', 'bpp_1=0.299018; ', 'mse_2=0.000815; ', 'lpips_2=0.003329; ', 'codec_recon_2=0.076459; ', 'bpp_2=0.281602; ']
train step[364/2000] ; used: 8m:17s; eta: 37m:9s; loss = 0.496437; ['mse_0=0.001169; ', 'lpips_0=0.005463; ', 'codec_recon_0=0.030774; ', 'bpp_0=6.168463; ', 'mse_1=0.000978; ', 'lpips_1=0.004490; ', 'codec_recon_1=0.365344; ', 'bpp_1=0.298958; ', 'mse_2=0.000773; ', 'lpips_2=0.003576; ', 'codec_recon_2=0.083870; ', 'bpp_2=0.283122; ']
train step[365/2000] ; used: 8m:19s; eta: 37m:9s; loss = 0.392658; ['mse_0=0.001460; ', 'lpips_0=0.004559; ', 'codec_recon_0=0.029492; ', 'bpp_0=6.066022; ', 'mse_1=0.001326; ', 'lpips_1=0.003854; ', 'codec_recon_1=0.272077; ', 'bpp_1=0.295739; ', 'mse_2=0.001306; ', 'lpips_2=0.003612; ', 'codec_recon_2=0.074973; ', 'bpp_2=0.277829; ']
train step[366/2000] ; used: 8m:20s; eta: 37m:7s; loss = 0.445237; ['mse_0=0.001845; ', 'lpips_0=0.005551; ', 'codec_recon_0=0.022123; ', 'bpp_0=6.172653; ', 'mse_1=0.001572; ', 'lpips_1=0.004787; ', 'codec_recon_1=0.334536; ', 'bpp_1=0.300244; ', 'mse_2=0.001247; ', 'lpips_2=0.003707; ', 'codec_recon_2=0.069868; ', 'bpp_2=0.283183; ']
train step[367/2000] ; used: 8m:21s; eta: 37m:5s; loss = 0.394420; ['mse_0=0.000923; ', 'lpips_0=0.003927; ', 'codec_recon_0=0.026993; ', 'bpp_0=6.025669; ', 'mse_1=0.000787; ', 'lpips_1=0.003264; ', 'codec_recon_1=0.281310; ', 'bpp_1=0.296628; ', 'mse_2=0.000770; ', 'lpips_2=0.003017; ', 'codec_recon_2=0.073429; ', 'bpp_2=0.278965; ']
train step[368/2000] ; used: 8m:22s; eta: 37m:3s; loss = 0.396997; ['mse_0=0.001935; ', 'lpips_0=0.005124; ', 'codec_recon_0=0.026476; ', 'bpp_0=5.971851; ', 'mse_1=0.001614; ', 'lpips_1=0.004373; ', 'codec_recon_1=0.284300; ', 'bpp_1=0.297383; ', 'mse_2=0.001521; ', 'lpips_2=0.003874; ', 'codec_recon_2=0.067780; ', 'bpp_2=0.278986; ']
train step[369/2000] ; used: 8m:23s; eta: 37m:1s; loss = 0.369145; ['mse_0=0.000857; ', 'lpips_0=0.003096; ', 'codec_recon_0=0.023329; ', 'bpp_0=5.967009; ', 'mse_1=0.000624; ', 'lpips_1=0.002478; ', 'codec_recon_1=0.272158; ', 'bpp_1=0.295960; ', 'mse_2=0.000521; ', 'lpips_2=0.002059; ', 'codec_recon_2=0.064024; ', 'bpp_2=0.274814; ']
train step[370/2000] ; used: 8m:25s; eta: 36m:59s; loss = 0.358597; ['mse_0=0.000818; ', 'lpips_0=0.003225; ', 'codec_recon_0=0.020996; ', 'bpp_0=5.939676; ', 'mse_1=0.000616; ', 'lpips_1=0.002698; ', 'codec_recon_1=0.267991; ', 'bpp_1=0.295582; ', 'mse_2=0.000515; ', 'lpips_2=0.002385; ', 'codec_recon_2=0.059353; ', 'bpp_2=0.275783; ']
train step[371/2000] ; used: 8m:26s; eta: 36m:56s; loss = 0.454693; ['mse_0=0.002835; ', 'lpips_0=0.006023; ', 'codec_recon_0=0.039422; ', 'bpp_0=5.906354; ', 'mse_1=0.002604; ', 'lpips_1=0.005487; ', 'codec_recon_1=0.303816; ', 'bpp_1=0.293772; ', 'mse_2=0.002604; ', 'lpips_2=0.005007; ', 'codec_recon_2=0.086895; ', 'bpp_2=0.275373; ']
train step[372/2000] ; used: 8m:27s; eta: 36m:55s; loss = 0.357571; ['mse_0=0.001135; ', 'lpips_0=0.003008; ', 'codec_recon_0=0.023606; ', 'bpp_0=5.964049; ', 'mse_1=0.001039; ', 'lpips_1=0.002384; ', 'codec_recon_1=0.255087; ', 'bpp_1=0.294776; ', 'mse_2=0.000966; ', 'lpips_2=0.002116; ', 'codec_recon_2=0.068231; ', 'bpp_2=0.275128; ']
train step[373/2000] ; used: 8m:28s; eta: 36m:52s; loss = 0.377680; ['mse_0=0.000904; ', 'lpips_0=0.003830; ', 'codec_recon_0=0.029589; ', 'bpp_0=5.809503; ', 'mse_1=0.000758; ', 'lpips_1=0.003261; ', 'codec_recon_1=0.265059; ', 'bpp_1=0.292916; ', 'mse_2=0.000650; ', 'lpips_2=0.002933; ', 'codec_recon_2=0.070696; ', 'bpp_2=0.272818; ']
train step[374/2000] ; used: 8m:29s; eta: 36m:50s; loss = 0.491369; ['mse_0=0.002232; ', 'lpips_0=0.005019; ', 'codec_recon_0=0.026228; ', 'bpp_0=5.979175; ', 'mse_1=0.001808; ', 'lpips_1=0.004182; ', 'codec_recon_1=0.376538; ', 'bpp_1=0.295568; ', 'mse_2=0.001213; ', 'lpips_2=0.003011; ', 'codec_recon_2=0.071138; ', 'bpp_2=0.279368; ']
train step[375/2000] ; used: 8m:30s; eta: 36m:48s; loss = 0.427043; ['mse_0=0.000939; ', 'lpips_0=0.004580; ', 'codec_recon_0=0.026897; ', 'bpp_0=6.075918; ', 'mse_1=0.000740; ', 'lpips_1=0.003508; ', 'codec_recon_1=0.309344; ', 'bpp_1=0.297138; ', 'mse_2=0.000650; ', 'lpips_2=0.003026; ', 'codec_recon_2=0.077361; ', 'bpp_2=0.280809; ']
train step[376/2000] ; used: 8m:32s; eta: 36m:45s; loss = 0.366990; ['mse_0=0.001047; ', 'lpips_0=0.003554; ', 'codec_recon_0=0.032117; ', 'bpp_0=5.815527; ', 'mse_1=0.000887; ', 'lpips_1=0.003082; ', 'codec_recon_1=0.239396; ', 'bpp_1=0.291190; ', 'mse_2=0.000896; ', 'lpips_2=0.002902; ', 'codec_recon_2=0.083110; ', 'bpp_2=0.269563; ']
train step[377/2000] ; used: 8m:33s; eta: 36m:43s; loss = 0.448011; ['mse_0=0.001220; ', 'lpips_0=0.004163; ', 'codec_recon_0=0.030259; ', 'bpp_0=6.001185; ', 'mse_1=0.001030; ', 'lpips_1=0.003483; ', 'codec_recon_1=0.326361; ', 'bpp_1=0.296959; ', 'mse_2=0.000913; ', 'lpips_2=0.002833; ', 'codec_recon_2=0.077750; ', 'bpp_2=0.279944; ']
train step[378/2000] ; used: 8m:34s; eta: 36m:41s; loss = 0.406274; ['mse_0=0.001963; ', 'lpips_0=0.004916; ', 'codec_recon_0=0.025591; ', 'bpp_0=5.981232; ', 'mse_1=0.001866; ', 'lpips_1=0.004336; ', 'codec_recon_1=0.290157; ', 'bpp_1=0.295284; ', 'mse_2=0.001912; ', 'lpips_2=0.004002; ', 'codec_recon_2=0.071532; ', 'bpp_2=0.275803; ']
train step[379/2000] ; used: 8m:35s; eta: 36m:38s; loss = 0.498466; ['mse_0=0.001801; ', 'lpips_0=0.005311; ', 'codec_recon_0=0.024680; ', 'bpp_0=6.311487; ', 'mse_1=0.001477; ', 'lpips_1=0.004367; ', 'codec_recon_1=0.387071; ', 'bpp_1=0.303782; ', 'mse_2=0.001110; ', 'lpips_2=0.003155; ', 'codec_recon_2=0.069494; ', 'bpp_2=0.290457; ']
train step[380/2000] ; used: 8m:36s; eta: 36m:36s; loss = 0.390060; ['mse_0=0.000588; ', 'lpips_0=0.003181; ', 'codec_recon_0=0.023109; ', 'bpp_0=6.054398; ', 'mse_1=0.000413; ', 'lpips_1=0.002382; ', 'codec_recon_1=0.291842; ', 'bpp_1=0.296357; ', 'mse_2=0.000290; ', 'lpips_2=0.001894; ', 'codec_recon_2=0.066361; ', 'bpp_2=0.277759; ']
train step[381/2000] ; used: 8m:37s; eta: 36m:34s; loss = 0.410112; ['mse_0=0.000995; ', 'lpips_0=0.003724; ', 'codec_recon_0=0.023455; ', 'bpp_0=6.108963; ', 'mse_1=0.000742; ', 'lpips_1=0.002916; ', 'codec_recon_1=0.307109; ', 'bpp_1=0.300712; ', 'mse_2=0.000509; ', 'lpips_2=0.002151; ', 'codec_recon_2=0.068512; ', 'bpp_2=0.281891; ']
train step[382/2000] ; used: 8m:38s; eta: 36m:31s; loss = 0.441347; ['mse_0=0.001322; ', 'lpips_0=0.005618; ', 'codec_recon_0=0.027768; ', 'bpp_0=6.027524; ', 'mse_1=0.001169; ', 'lpips_1=0.004854; ', 'codec_recon_1=0.322069; ', 'bpp_1=0.296530; ', 'mse_2=0.001094; ', 'lpips_2=0.004308; ', 'codec_recon_2=0.073145; ', 'bpp_2=0.279693; ']
train step[383/2000] ; used: 8m:40s; eta: 36m:29s; loss = 0.404341; ['mse_0=0.001683; ', 'lpips_0=0.003700; ', 'codec_recon_0=0.024523; ', 'bpp_0=6.089525; ', 'mse_1=0.001281; ', 'lpips_1=0.002886; ', 'codec_recon_1=0.302017; ', 'bpp_1=0.298503; ', 'mse_2=0.001125; ', 'lpips_2=0.002398; ', 'codec_recon_2=0.064729; ', 'bpp_2=0.281326; ']
train step[384/2000] ; used: 8m:41s; eta: 36m:27s; loss = 0.436050; ['mse_0=0.001686; ', 'lpips_0=0.004673; ', 'codec_recon_0=0.027829; ', 'bpp_0=5.780194; ', 'mse_1=0.001393; ', 'lpips_1=0.003961; ', 'codec_recon_1=0.323471; ', 'bpp_1=0.293455; ', 'mse_2=0.001214; ', 'lpips_2=0.003484; ', 'codec_recon_2=0.068339; ', 'bpp_2=0.274652; ']
train step[385/2000] ; used: 8m:42s; eta: 36m:25s; loss = 0.370634; ['mse_0=0.001955; ', 'lpips_0=0.003766; ', 'codec_recon_0=0.024731; ', 'bpp_0=5.703758; ', 'mse_1=0.001782; ', 'lpips_1=0.003095; ', 'codec_recon_1=0.273131; ', 'bpp_1=0.292034; ', 'mse_2=0.001726; ', 'lpips_2=0.002781; ', 'codec_recon_2=0.057667; ', 'bpp_2=0.272315; ']
train step[386/2000] ; used: 8m:43s; eta: 36m:23s; loss = 0.409996; ['mse_0=0.000877; ', 'lpips_0=0.005323; ', 'codec_recon_0=0.026079; ', 'bpp_0=6.037283; ', 'mse_1=0.000721; ', 'lpips_1=0.004776; ', 'codec_recon_1=0.288666; ', 'bpp_1=0.296925; ', 'mse_2=0.000687; ', 'lpips_2=0.004315; ', 'codec_recon_2=0.078552; ', 'bpp_2=0.278640; ']
train step[387/2000] ; used: 8m:44s; eta: 36m:21s; loss = 0.510737; ['mse_0=0.001368; ', 'lpips_0=0.004960; ', 'codec_recon_0=0.024373; ', 'bpp_0=6.218791; ', 'mse_1=0.001069; ', 'lpips_1=0.003789; ', 'codec_recon_1=0.399180; ', 'bpp_1=0.300926; ', 'mse_2=0.000641; ', 'lpips_2=0.002231; ', 'codec_recon_2=0.073124; ', 'bpp_2=0.284900; ']
train step[388/2000] ; used: 8m:45s; eta: 36m:19s; loss = 0.429734; ['mse_0=0.000640; ', 'lpips_0=0.003930; ', 'codec_recon_0=0.024262; ', 'bpp_0=5.861970; ', 'mse_1=0.000470; ', 'lpips_1=0.003079; ', 'codec_recon_1=0.326397; ', 'bpp_1=0.293688; ', 'mse_2=0.000315; ', 'lpips_2=0.002415; ', 'codec_recon_2=0.068227; ', 'bpp_2=0.275440; ']
train step[389/2000] ; used: 8m:47s; eta: 36m:16s; loss = 0.381482; ['mse_0=0.001461; ', 'lpips_0=0.004315; ', 'codec_recon_0=0.022863; ', 'bpp_0=6.091303; ', 'mse_1=0.001121; ', 'lpips_1=0.003703; ', 'codec_recon_1=0.280184; ', 'bpp_1=0.299773; ', 'mse_2=0.000918; ', 'lpips_2=0.003345; ', 'codec_recon_2=0.063572; ', 'bpp_2=0.281945; ']
train step[390/2000] ; used: 8m:48s; eta: 36m:14s; loss = 0.428372; ['mse_0=0.001882; ', 'lpips_0=0.006770; ', 'codec_recon_0=0.027693; ', 'bpp_0=5.932488; ', 'mse_1=0.001605; ', 'lpips_1=0.005993; ', 'codec_recon_1=0.310029; ', 'bpp_1=0.295295; ', 'mse_2=0.001494; ', 'lpips_2=0.005453; ', 'codec_recon_2=0.067453; ', 'bpp_2=0.277782; ']
train step[391/2000] ; used: 8m:49s; eta: 36m:12s; loss = 0.377962; ['mse_0=0.002000; ', 'lpips_0=0.004914; ', 'codec_recon_0=0.027378; ', 'bpp_0=6.032054; ', 'mse_1=0.001732; ', 'lpips_1=0.004204; ', 'codec_recon_1=0.272129; ', 'bpp_1=0.297278; ', 'mse_2=0.001559; ', 'lpips_2=0.003815; ', 'codec_recon_2=0.060230; ', 'bpp_2=0.278736; ']
train step[392/2000] ; used: 8m:50s; eta: 36m:10s; loss = 0.511033; ['mse_0=0.001483; ', 'lpips_0=0.005366; ', 'codec_recon_0=0.027536; ', 'bpp_0=6.026568; ', 'mse_1=0.001056; ', 'lpips_1=0.004116; ', 'codec_recon_1=0.398951; ', 'bpp_1=0.295561; ', 'mse_2=0.000538; ', 'lpips_2=0.002613; ', 'codec_recon_2=0.069375; ', 'bpp_2=0.281301; ']
train step[393/2000] ; used: 8m:51s; eta: 36m:7s; loss = 0.523489; ['mse_0=0.002620; ', 'lpips_0=0.007808; ', 'codec_recon_0=0.028084; ', 'bpp_0=6.283347; ', 'mse_1=0.002270; ', 'lpips_1=0.006720; ', 'codec_recon_1=0.393963; ', 'bpp_1=0.303065; ', 'mse_2=0.002057; ', 'lpips_2=0.005861; ', 'codec_recon_2=0.074107; ', 'bpp_2=0.288899; ']
train step[394/2000] ; used: 8m:52s; eta: 36m:5s; loss = 0.464533; ['mse_0=0.004599; ', 'lpips_0=0.005664; ', 'codec_recon_0=0.031101; ', 'bpp_0=6.127947; ', 'mse_1=0.004507; ', 'lpips_1=0.005006; ', 'codec_recon_1=0.320183; ', 'bpp_1=0.298738; ', 'mse_2=0.004368; ', 'lpips_2=0.004531; ', 'codec_recon_2=0.084576; ', 'bpp_2=0.282721; ']
train step[395/2000] ; used: 8m:53s; eta: 36m:3s; loss = 0.387560; ['mse_0=0.001854; ', 'lpips_0=0.003801; ', 'codec_recon_0=0.025744; ', 'bpp_0=6.149185; ', 'mse_1=0.001762; ', 'lpips_1=0.003181; ', 'codec_recon_1=0.278862; ', 'bpp_1=0.298384; ', 'mse_2=0.001727; ', 'lpips_2=0.002878; ', 'codec_recon_2=0.067750; ', 'bpp_2=0.281212; ']
train step[396/2000] ; used: 8m:55s; eta: 36m:1s; loss = 0.401039; ['mse_0=0.001313; ', 'lpips_0=0.004348; ', 'codec_recon_0=0.027233; ', 'bpp_0=6.042566; ', 'mse_1=0.001126; ', 'lpips_1=0.003625; ', 'codec_recon_1=0.281974; ', 'bpp_1=0.297130; ', 'mse_2=0.001052; ', 'lpips_2=0.003163; ', 'codec_recon_2=0.077206; ', 'bpp_2=0.279030; ']
train step[397/2000] ; used: 8m:56s; eta: 35m:59s; loss = 0.386893; ['mse_0=0.000834; ', 'lpips_0=0.003552; ', 'codec_recon_0=0.025425; ', 'bpp_0=5.958588; ', 'mse_1=0.000597; ', 'lpips_1=0.002779; ', 'codec_recon_1=0.284444; ', 'bpp_1=0.294403; ', 'mse_2=0.000478; ', 'lpips_2=0.002284; ', 'codec_recon_2=0.066501; ', 'bpp_2=0.275297; ']
train step[398/2000] ; used: 8m:57s; eta: 35m:57s; loss = 0.385817; ['mse_0=0.000578; ', 'lpips_0=0.004430; ', 'codec_recon_0=0.025305; ', 'bpp_0=5.808048; ', 'mse_1=0.000440; ', 'lpips_1=0.003732; ', 'codec_recon_1=0.278679; ', 'bpp_1=0.291894; ', 'mse_2=0.000360; ', 'lpips_2=0.003100; ', 'codec_recon_2=0.069194; ', 'bpp_2=0.274063; ']
train step[399/2000] ; used: 8m:58s; eta: 35m:55s; loss = 0.390586; ['mse_0=0.002743; ', 'lpips_0=0.004571; ', 'codec_recon_0=0.024302; ', 'bpp_0=6.052003; ', 'mse_1=0.002455; ', 'lpips_1=0.003919; ', 'codec_recon_1=0.287569; ', 'bpp_1=0.297970; ', 'mse_2=0.002336; ', 'lpips_2=0.003401; ', 'codec_recon_2=0.059291; ', 'bpp_2=0.280894; ']
train step[400/2000] ; used: 8m:59s; eta: 35m:53s; loss = 0.358655; ['mse_0=0.000687; ', 'lpips_0=0.004620; ', 'codec_recon_0=0.027139; ', 'bpp_0=5.679768; ', 'mse_1=0.000641; ', 'lpips_1=0.004060; ', 'codec_recon_1=0.248606; ', 'bpp_1=0.287445; ', 'mse_2=0.000580; ', 'lpips_2=0.003796; ', 'codec_recon_2=0.068526; ', 'bpp_2=0.270283; ']
train step[401/2000] ; used: 9m; eta: 35m:51s; loss = 0.358109; ['mse_0=0.001063; ', 'lpips_0=0.004159; ', 'codec_recon_0=0.024240; ', 'bpp_0=5.936955; ', 'mse_1=0.000960; ', 'lpips_1=0.003479; ', 'codec_recon_1=0.253072; ', 'bpp_1=0.293332; ', 'mse_2=0.000914; ', 'lpips_2=0.003111; ', 'codec_recon_2=0.067111; ', 'bpp_2=0.274029; ']
train step[402/2000] ; used: 9m:2s; eta: 35m:49s; loss = 0.470478; ['mse_0=0.001132; ', 'lpips_0=0.005644; ', 'codec_recon_0=0.029881; ', 'bpp_0=5.863496; ', 'mse_1=0.000980; ', 'lpips_1=0.004901; ', 'codec_recon_1=0.336820; ', 'bpp_1=0.292765; ', 'mse_2=0.000828; ', 'lpips_2=0.004210; ', 'codec_recon_2=0.086082; ', 'bpp_2=0.274533; ']
train step[403/2000] ; used: 9m:3s; eta: 35m:47s; loss = 0.400452; ['mse_0=0.001390; ', 'lpips_0=0.004063; ', 'codec_recon_0=0.032315; ', 'bpp_0=6.052649; ', 'mse_1=0.001210; ', 'lpips_1=0.003385; ', 'codec_recon_1=0.269616; ', 'bpp_1=0.295883; ', 'mse_2=0.001133; ', 'lpips_2=0.002907; ', 'codec_recon_2=0.084434; ', 'bpp_2=0.276147; ']
train step[404/2000] ; used: 9m:4s; eta: 35m:44s; loss = 0.395842; ['mse_0=0.001162; ', 'lpips_0=0.005259; ', 'codec_recon_0=0.026548; ', 'bpp_0=6.010236; ', 'mse_1=0.000959; ', 'lpips_1=0.004592; ', 'codec_recon_1=0.282637; ', 'bpp_1=0.295310; ', 'mse_2=0.000835; ', 'lpips_2=0.004032; ', 'codec_recon_2=0.069818; ', 'bpp_2=0.276943; ']
train step[405/2000] ; used: 9m:5s; eta: 35m:42s; loss = 0.388969; ['mse_0=0.001810; ', 'lpips_0=0.005830; ', 'codec_recon_0=0.032040; ', 'bpp_0=5.820021; ', 'mse_1=0.001622; ', 'lpips_1=0.005275; ', 'codec_recon_1=0.254384; ', 'bpp_1=0.292082; ', 'mse_2=0.001555; ', 'lpips_2=0.004832; ', 'codec_recon_2=0.081620; ', 'bpp_2=0.275531; ']
train step[406/2000] ; used: 9m:6s; eta: 35m:40s; loss = 0.433267; ['mse_0=0.001372; ', 'lpips_0=0.004566; ', 'codec_recon_0=0.024843; ', 'bpp_0=6.129270; ', 'mse_1=0.001107; ', 'lpips_1=0.003869; ', 'codec_recon_1=0.324587; ', 'bpp_1=0.298996; ', 'mse_2=0.000786; ', 'lpips_2=0.003006; ', 'codec_recon_2=0.069130; ', 'bpp_2=0.281099; ']
train step[407/2000] ; used: 9m:7s; eta: 35m:38s; loss = 0.386888; ['mse_0=0.001487; ', 'lpips_0=0.005329; ', 'codec_recon_0=0.030791; ', 'bpp_0=5.774065; ', 'mse_1=0.001481; ', 'lpips_1=0.004710; ', 'codec_recon_1=0.264294; ', 'bpp_1=0.290701; ', 'mse_2=0.001463; ', 'lpips_2=0.004527; ', 'codec_recon_2=0.072806; ', 'bpp_2=0.270562; ']
train step[408/2000] ; used: 9m:8s; eta: 35m:36s; loss = 0.410202; ['mse_0=0.001298; ', 'lpips_0=0.004516; ', 'codec_recon_0=0.028872; ', 'bpp_0=5.975762; ', 'mse_1=0.001128; ', 'lpips_1=0.003842; ', 'codec_recon_1=0.295957; ', 'bpp_1=0.294881; ', 'mse_2=0.001014; ', 'lpips_2=0.003393; ', 'codec_recon_2=0.070183; ', 'bpp_2=0.275553; ']
train step[409/2000] ; used: 9m:10s; eta: 35m:34s; loss = 0.407126; ['mse_0=0.001603; ', 'lpips_0=0.004065; ', 'codec_recon_0=0.035721; ', 'bpp_0=5.943195; ', 'mse_1=0.001440; ', 'lpips_1=0.003432; ', 'codec_recon_1=0.274597; ', 'bpp_1=0.294573; ', 'mse_2=0.001430; ', 'lpips_2=0.003164; ', 'codec_recon_2=0.081673; ', 'bpp_2=0.276168; ']
train step[410/2000] ; used: 9m:11s; eta: 35m:32s; loss = 0.451487; ['mse_0=0.002825; ', 'lpips_0=0.006484; ', 'codec_recon_0=0.026448; ', 'bpp_0=6.146439; ', 'mse_1=0.002588; ', 'lpips_1=0.005848; ', 'codec_recon_1=0.326403; ', 'bpp_1=0.297620; ', 'mse_2=0.002429; ', 'lpips_2=0.005311; ', 'codec_recon_2=0.073152; ', 'bpp_2=0.280882; ']
Skipped bad example 3a596a6b42ce7b8f. Context shape was torch.Size([2, 3, 338, 640]) and target shape was torch.Size([4, 3, 338, 640]).
train step[411/2000] ; used: 9m:12s; eta: 35m:30s; loss = 0.401930; ['mse_0=0.001672; ', 'lpips_0=0.004378; ', 'codec_recon_0=0.025971; ', 'bpp_0=6.120367; ', 'mse_1=0.001503; ', 'lpips_1=0.003796; ', 'codec_recon_1=0.291145; ', 'bpp_1=0.297977; ', 'mse_2=0.001497; ', 'lpips_2=0.003515; ', 'codec_recon_2=0.068452; ', 'bpp_2=0.281104; ']
train step[412/2000] ; used: 9m:13s; eta: 35m:28s; loss = 0.426769; ['mse_0=0.002313; ', 'lpips_0=0.005761; ', 'codec_recon_0=0.035252; ', 'bpp_0=6.001002; ', 'mse_1=0.002079; ', 'lpips_1=0.005166; ', 'codec_recon_1=0.275664; ', 'bpp_1=0.293643; ', 'mse_2=0.002043; ', 'lpips_2=0.004994; ', 'codec_recon_2=0.093496; ', 'bpp_2=0.276280; ']
train step[413/2000] ; used: 9m:14s; eta: 35m:26s; loss = 0.402219; ['mse_0=0.001469; ', 'lpips_0=0.005265; ', 'codec_recon_0=0.030787; ', 'bpp_0=6.009063; ', 'mse_1=0.001378; ', 'lpips_1=0.004643; ', 'codec_recon_1=0.275136; ', 'bpp_1=0.294996; ', 'mse_2=0.001343; ', 'lpips_2=0.004215; ', 'codec_recon_2=0.077983; ', 'bpp_2=0.276759; ']
train step[414/2000] ; used: 9m:15s; eta: 35m:24s; loss = 0.372151; ['mse_0=0.002585; ', 'lpips_0=0.004434; ', 'codec_recon_0=0.025803; ', 'bpp_0=5.928741; ', 'mse_1=0.002599; ', 'lpips_1=0.004020; ', 'codec_recon_1=0.259598; ', 'bpp_1=0.293545; ', 'mse_2=0.002566; ', 'lpips_2=0.003787; ', 'codec_recon_2=0.066760; ', 'bpp_2=0.275447; ']
train step[415/2000] ; used: 9m:16s; eta: 35m:22s; loss = 0.435654; ['mse_0=0.002034; ', 'lpips_0=0.005331; ', 'codec_recon_0=0.034123; ', 'bpp_0=6.101456; ', 'mse_1=0.001741; ', 'lpips_1=0.004801; ', 'codec_recon_1=0.306242; ', 'bpp_1=0.298262; ', 'mse_2=0.001663; ', 'lpips_2=0.004508; ', 'codec_recon_2=0.075210; ', 'bpp_2=0.281165; ']
train step[416/2000] ; used: 9m:18s; eta: 35m:20s; loss = 0.476723; ['mse_0=0.001996; ', 'lpips_0=0.005326; ', 'codec_recon_0=0.026213; ', 'bpp_0=6.199383; ', 'mse_1=0.001700; ', 'lpips_1=0.004504; ', 'codec_recon_1=0.360329; ', 'bpp_1=0.300795; ', 'mse_2=0.001488; ', 'lpips_2=0.003408; ', 'codec_recon_2=0.071761; ', 'bpp_2=0.283813; ']
train step[417/2000] ; used: 9m:19s; eta: 35m:17s; loss = 0.388947; ['mse_0=0.001112; ', 'lpips_0=0.004594; ', 'codec_recon_0=0.023216; ', 'bpp_0=5.972219; ', 'mse_1=0.000887; ', 'lpips_1=0.003860; ', 'codec_recon_1=0.286685; ', 'bpp_1=0.297397; ', 'mse_2=0.000791; ', 'lpips_2=0.003278; ', 'codec_recon_2=0.064523; ', 'bpp_2=0.278195; ']
train step[418/2000] ; used: 9m:20s; eta: 35m:15s; loss = 0.471389; ['mse_0=0.003352; ', 'lpips_0=0.007682; ', 'codec_recon_0=0.029095; ', 'bpp_0=6.012241; ', 'mse_1=0.003083; ', 'lpips_1=0.007168; ', 'codec_recon_1=0.341292; ', 'bpp_1=0.295621; ', 'mse_2=0.003036; ', 'lpips_2=0.006918; ', 'codec_recon_2=0.069762; ', 'bpp_2=0.280044; ']
train step[419/2000] ; used: 9m:21s; eta: 35m:13s; loss = 0.389792; ['mse_0=0.002095; ', 'lpips_0=0.005275; ', 'codec_recon_0=0.028999; ', 'bpp_0=5.894998; ', 'mse_1=0.001818; ', 'lpips_1=0.004625; ', 'codec_recon_1=0.276960; ', 'bpp_1=0.294580; ', 'mse_2=0.001737; ', 'lpips_2=0.004221; ', 'codec_recon_2=0.064062; ', 'bpp_2=0.275086; ']
train step[420/2000] ; used: 9m:22s; eta: 35m:11s; loss = 0.452005; ['mse_0=0.001574; ', 'lpips_0=0.004993; ', 'codec_recon_0=0.025858; ', 'bpp_0=6.188575; ', 'mse_1=0.001337; ', 'lpips_1=0.003961; ', 'codec_recon_1=0.336161; ', 'bpp_1=0.297690; ', 'mse_2=0.001233; ', 'lpips_2=0.003094; ', 'codec_recon_2=0.073793; ', 'bpp_2=0.282378; ']
train step[421/2000] ; used: 9m:23s; eta: 35m:9s; loss = 0.456145; ['mse_0=0.000945; ', 'lpips_0=0.003651; ', 'codec_recon_0=0.027128; ', 'bpp_0=6.109391; ', 'mse_1=0.000662; ', 'lpips_1=0.002573; ', 'codec_recon_1=0.350961; ', 'bpp_1=0.297479; ', 'mse_2=0.000397; ', 'lpips_2=0.001757; ', 'codec_recon_2=0.068071; ', 'bpp_2=0.279945; ']
train step[422/2000] ; used: 9m:24s; eta: 35m:7s; loss = 0.391496; ['mse_0=0.003001; ', 'lpips_0=0.007831; ', 'codec_recon_0=0.030993; ', 'bpp_0=5.797744; ', 'mse_1=0.002783; ', 'lpips_1=0.007110; ', 'codec_recon_1=0.252445; ', 'bpp_1=0.291329; ', 'mse_2=0.002801; ', 'lpips_2=0.006934; ', 'codec_recon_2=0.077598; ', 'bpp_2=0.273834; ']
train step[423/2000] ; used: 9m:26s; eta: 35m:5s; loss = 0.391522; ['mse_0=0.000680; ', 'lpips_0=0.004021; ', 'codec_recon_0=0.023968; ', 'bpp_0=5.921736; ', 'mse_1=0.000526; ', 'lpips_1=0.003463; ', 'codec_recon_1=0.286359; ', 'bpp_1=0.293947; ', 'mse_2=0.000418; ', 'lpips_2=0.003013; ', 'codec_recon_2=0.069075; ', 'bpp_2=0.273623; ']
train step[424/2000] ; used: 9m:27s; eta: 35m:3s; loss = 0.401644; ['mse_0=0.000881; ', 'lpips_0=0.004053; ', 'codec_recon_0=0.025930; ', 'bpp_0=6.056222; ', 'mse_1=0.000720; ', 'lpips_1=0.003399; ', 'codec_recon_1=0.297426; ', 'bpp_1=0.296748; ', 'mse_2=0.000600; ', 'lpips_2=0.003064; ', 'codec_recon_2=0.065571; ', 'bpp_2=0.278719; ']
train step[425/2000] ; used: 9m:28s; eta: 35m:1s; loss = 0.395868; ['mse_0=0.000649; ', 'lpips_0=0.004242; ', 'codec_recon_0=0.025726; ', 'bpp_0=6.009912; ', 'mse_1=0.000480; ', 'lpips_1=0.003600; ', 'codec_recon_1=0.289880; ', 'bpp_1=0.296658; ', 'mse_2=0.000356; ', 'lpips_2=0.003092; ', 'codec_recon_2=0.067845; ', 'bpp_2=0.277462; ']
train step[426/2000] ; used: 9m:29s; eta: 34m:59s; loss = 0.425204; ['mse_0=0.002700; ', 'lpips_0=0.005355; ', 'codec_recon_0=0.025723; ', 'bpp_0=6.135683; ', 'mse_1=0.002353; ', 'lpips_1=0.004677; ', 'codec_recon_1=0.312425; ', 'bpp_1=0.299548; ', 'mse_2=0.002218; ', 'lpips_2=0.004269; ', 'codec_recon_2=0.065484; ', 'bpp_2=0.282601; ']
train step[427/2000] ; used: 9m:30s; eta: 34m:57s; loss = 0.340380; ['mse_0=0.000647; ', 'lpips_0=0.003853; ', 'codec_recon_0=0.027334; ', 'bpp_0=5.863166; ', 'mse_1=0.000517; ', 'lpips_1=0.002835; ', 'codec_recon_1=0.240160; ', 'bpp_1=0.292380; ', 'mse_2=0.000474; ', 'lpips_2=0.002430; ', 'codec_recon_2=0.062130; ', 'bpp_2=0.272978; ']
train step[428/2000] ; used: 9m:31s; eta: 34m:55s; loss = 0.399337; ['mse_0=0.004707; ', 'lpips_0=0.005202; ', 'codec_recon_0=0.025716; ', 'bpp_0=6.156209; ', 'mse_1=0.004288; ', 'lpips_1=0.004449; ', 'codec_recon_1=0.285009; ', 'bpp_1=0.298908; ', 'mse_2=0.004319; ', 'lpips_2=0.003951; ', 'codec_recon_2=0.061695; ', 'bpp_2=0.281916; ']
train step[429/2000] ; used: 9m:32s; eta: 34m:53s; loss = 0.365049; ['mse_0=0.001923; ', 'lpips_0=0.005895; ', 'codec_recon_0=0.026178; ', 'bpp_0=5.893263; ', 'mse_1=0.001826; ', 'lpips_1=0.005370; ', 'codec_recon_1=0.249885; ', 'bpp_1=0.294689; ', 'mse_2=0.001765; ', 'lpips_2=0.005048; ', 'codec_recon_2=0.067158; ', 'bpp_2=0.275878; ']
train step[430/2000] ; used: 9m:34s; eta: 34m:51s; loss = 0.393090; ['mse_0=0.001574; ', 'lpips_0=0.004241; ', 'codec_recon_0=0.024632; ', 'bpp_0=6.113356; ', 'mse_1=0.001396; ', 'lpips_1=0.003483; ', 'codec_recon_1=0.287384; ', 'bpp_1=0.297929; ', 'mse_2=0.001259; ', 'lpips_2=0.003057; ', 'codec_recon_2=0.066065; ', 'bpp_2=0.280985; ']
train step[431/2000] ; used: 9m:35s; eta: 34m:48s; loss = 0.382682; ['mse_0=0.001372; ', 'lpips_0=0.003658; ', 'codec_recon_0=0.024319; ', 'bpp_0=6.027489; ', 'mse_1=0.001186; ', 'lpips_1=0.002956; ', 'codec_recon_1=0.285252; ', 'bpp_1=0.295518; ', 'mse_2=0.001148; ', 'lpips_2=0.002473; ', 'codec_recon_2=0.060318; ', 'bpp_2=0.278232; ']
train step[432/2000] ; used: 9m:36s; eta: 34m:46s; loss = 0.471411; ['mse_0=0.001283; ', 'lpips_0=0.004874; ', 'codec_recon_0=0.025107; ', 'bpp_0=6.111272; ', 'mse_1=0.001002; ', 'lpips_1=0.003966; ', 'codec_recon_1=0.356301; ', 'bpp_1=0.298219; ', 'mse_2=0.000695; ', 'lpips_2=0.002971; ', 'codec_recon_2=0.075213; ', 'bpp_2=0.281528; ']
train step[433/2000] ; used: 9m:37s; eta: 34m:45s; loss = 0.367800; ['mse_0=0.001839; ', 'lpips_0=0.004856; ', 'codec_recon_0=0.024186; ', 'bpp_0=6.027259; ', 'mse_1=0.001513; ', 'lpips_1=0.004174; ', 'codec_recon_1=0.267428; ', 'bpp_1=0.296632; ', 'mse_2=0.001342; ', 'lpips_2=0.003710; ', 'codec_recon_2=0.058751; ', 'bpp_2=0.278527; ']
train step[434/2000] ; used: 9m:38s; eta: 34m:43s; loss = 0.414474; ['mse_0=0.001710; ', 'lpips_0=0.004452; ', 'codec_recon_0=0.031621; ', 'bpp_0=6.048399; ', 'mse_1=0.001366; ', 'lpips_1=0.003704; ', 'codec_recon_1=0.294427; ', 'bpp_1=0.297810; ', 'mse_2=0.001257; ', 'lpips_2=0.003260; ', 'codec_recon_2=0.072677; ', 'bpp_2=0.278890; ']
train step[435/2000] ; used: 9m:39s; eta: 34m:41s; loss = 0.374834; ['mse_0=0.000819; ', 'lpips_0=0.004794; ', 'codec_recon_0=0.027332; ', 'bpp_0=5.858189; ', 'mse_1=0.000685; ', 'lpips_1=0.004213; ', 'codec_recon_1=0.263324; ', 'bpp_1=0.292357; ', 'mse_2=0.000578; ', 'lpips_2=0.003802; ', 'codec_recon_2=0.069286; ', 'bpp_2=0.274024; ']
train step[436/2000] ; used: 9m:40s; eta: 34m:39s; loss = 0.440181; ['mse_0=0.001034; ', 'lpips_0=0.005328; ', 'codec_recon_0=0.025039; ', 'bpp_0=6.192700; ', 'mse_1=0.000755; ', 'lpips_1=0.004178; ', 'codec_recon_1=0.330347; ', 'bpp_1=0.300685; ', 'mse_2=0.000605; ', 'lpips_2=0.003362; ', 'codec_recon_2=0.069534; ', 'bpp_2=0.284224; ']
train step[437/2000] ; used: 9m:42s; eta: 34m:37s; loss = 0.369966; ['mse_0=0.001069; ', 'lpips_0=0.004220; ', 'codec_recon_0=0.026747; ', 'bpp_0=5.990255; ', 'mse_1=0.000909; ', 'lpips_1=0.003649; ', 'codec_recon_1=0.262286; ', 'bpp_1=0.293923; ', 'mse_2=0.000873; ', 'lpips_2=0.003414; ', 'codec_recon_2=0.066800; ', 'bpp_2=0.275561; ']
train step[438/2000] ; used: 9m:44s; eta: 34m:38s; loss = 0.465788; ['mse_0=0.002633; ', 'lpips_0=0.005455; ', 'codec_recon_0=0.026355; ', 'bpp_0=6.094041; ', 'mse_1=0.002170; ', 'lpips_1=0.004533; ', 'codec_recon_1=0.356254; ', 'bpp_1=0.298761; ', 'mse_2=0.001932; ', 'lpips_2=0.003714; ', 'codec_recon_2=0.062741; ', 'bpp_2=0.283583; ']
train step[439/2000] ; used: 9m:45s; eta: 34m:36s; loss = 0.413383; ['mse_0=0.000599; ', 'lpips_0=0.003195; ', 'codec_recon_0=0.028560; ', 'bpp_0=6.026148; ', 'mse_1=0.000464; ', 'lpips_1=0.002622; ', 'codec_recon_1=0.297482; ', 'bpp_1=0.294516; ', 'mse_2=0.000404; ', 'lpips_2=0.002211; ', 'codec_recon_2=0.077844; ', 'bpp_2=0.276436; ']
train step[440/2000] ; used: 9m:46s; eta: 34m:34s; loss = 0.349991; ['mse_0=0.000703; ', 'lpips_0=0.003804; ', 'codec_recon_0=0.025858; ', 'bpp_0=5.934303; ', 'mse_1=0.000549; ', 'lpips_1=0.003167; ', 'codec_recon_1=0.249696; ', 'bpp_1=0.294589; ', 'mse_2=0.000465; ', 'lpips_2=0.002895; ', 'codec_recon_2=0.062852; ', 'bpp_2=0.275233; ']
train step[441/2000] ; used: 9m:47s; eta: 34m:32s; loss = 0.470245; ['mse_0=0.002970; ', 'lpips_0=0.006301; ', 'codec_recon_0=0.025979; ', 'bpp_0=6.001981; ', 'mse_1=0.002481; ', 'lpips_1=0.005470; ', 'codec_recon_1=0.357540; ', 'bpp_1=0.297145; ', 'mse_2=0.001997; ', 'lpips_2=0.004643; ', 'codec_recon_2=0.062864; ', 'bpp_2=0.281536; ']
train step[442/2000] ; used: 9m:48s; eta: 34m:30s; loss = 0.410650; ['mse_0=0.000894; ', 'lpips_0=0.003530; ', 'codec_recon_0=0.028274; ', 'bpp_0=6.142591; ', 'mse_1=0.000601; ', 'lpips_1=0.002478; ', 'codec_recon_1=0.304846; ', 'bpp_1=0.298202; ', 'mse_2=0.000449; ', 'lpips_2=0.001831; ', 'codec_recon_2=0.067746; ', 'bpp_2=0.281174; ']
train step[443/2000] ; used: 9m:49s; eta: 34m:28s; loss = 0.371164; ['mse_0=0.000964; ', 'lpips_0=0.004492; ', 'codec_recon_0=0.029704; ', 'bpp_0=6.004082; ', 'mse_1=0.000821; ', 'lpips_1=0.003758; ', 'codec_recon_1=0.256693; ', 'bpp_1=0.295815; ', 'mse_2=0.000775; ', 'lpips_2=0.003468; ', 'codec_recon_2=0.070489; ', 'bpp_2=0.276902; ']
train step[444/2000] ; used: 9m:50s; eta: 34m:26s; loss = 0.390556; ['mse_0=0.000995; ', 'lpips_0=0.003797; ', 'codec_recon_0=0.027067; ', 'bpp_0=6.081497; ', 'mse_1=0.000821; ', 'lpips_1=0.003022; ', 'codec_recon_1=0.286057; ', 'bpp_1=0.298698; ', 'mse_2=0.000729; ', 'lpips_2=0.002544; ', 'codec_recon_2=0.065523; ', 'bpp_2=0.279160; ']
train step[445/2000] ; used: 9m:52s; eta: 34m:24s; loss = 0.394651; ['mse_0=0.003074; ', 'lpips_0=0.005242; ', 'codec_recon_0=0.026721; ', 'bpp_0=5.894227; ', 'mse_1=0.002358; ', 'lpips_1=0.004260; ', 'codec_recon_1=0.287315; ', 'bpp_1=0.295094; ', 'mse_2=0.002262; ', 'lpips_2=0.003763; ', 'codec_recon_2=0.059655; ', 'bpp_2=0.275541; ']
train step[446/2000] ; used: 9m:53s; eta: 34m:22s; loss = 0.425497; ['mse_0=0.001201; ', 'lpips_0=0.003742; ', 'codec_recon_0=0.026130; ', 'bpp_0=6.170779; ', 'mse_1=0.000915; ', 'lpips_1=0.002799; ', 'codec_recon_1=0.320707; ', 'bpp_1=0.299460; ', 'mse_2=0.000754; ', 'lpips_2=0.002198; ', 'codec_recon_2=0.067051; ', 'bpp_2=0.283296; ']
train step[447/2000] ; used: 9m:54s; eta: 34m:20s; loss = 0.409881; ['mse_0=0.000364; ', 'lpips_0=0.003864; ', 'codec_recon_0=0.024847; ', 'bpp_0=5.861498; ', 'mse_1=0.000264; ', 'lpips_1=0.003134; ', 'codec_recon_1=0.302236; ', 'bpp_1=0.290923; ', 'mse_2=0.000182; ', 'lpips_2=0.002499; ', 'codec_recon_2=0.072491; ', 'bpp_2=0.273337; ']
train step[448/2000] ; used: 9m:55s; eta: 34m:18s; loss = 0.405013; ['mse_0=0.001316; ', 'lpips_0=0.004575; ', 'codec_recon_0=0.039764; ', 'bpp_0=6.011617; ', 'mse_1=0.001188; ', 'lpips_1=0.003933; ', 'codec_recon_1=0.266340; ', 'bpp_1=0.295846; ', 'mse_2=0.001151; ', 'lpips_2=0.003588; ', 'codec_recon_2=0.083157; ', 'bpp_2=0.277512; ']
train step[449/2000] ; used: 9m:56s; eta: 34m:17s; loss = 0.403083; ['mse_0=0.000932; ', 'lpips_0=0.004993; ', 'codec_recon_0=0.025649; ', 'bpp_0=5.986892; ', 'mse_1=0.000704; ', 'lpips_1=0.004039; ', 'codec_recon_1=0.289812; ', 'bpp_1=0.296496; ', 'mse_2=0.000578; ', 'lpips_2=0.003583; ', 'codec_recon_2=0.072792; ', 'bpp_2=0.277905; ']
train step[450/2000] ; used: 9m:58s; eta: 34m:15s; loss = 0.387643; ['mse_0=0.002304; ', 'lpips_0=0.003953; ', 'codec_recon_0=0.027170; ', 'bpp_0=5.908611; ', 'mse_1=0.001732; ', 'lpips_1=0.003174; ', 'codec_recon_1=0.282983; ', 'bpp_1=0.294496; ', 'mse_2=0.001514; ', 'lpips_2=0.002719; ', 'codec_recon_2=0.062094; ', 'bpp_2=0.274708; ']
train step[451/2000] ; used: 9m:59s; eta: 34m:14s; loss = 0.413084; ['mse_0=0.001475; ', 'lpips_0=0.004740; ', 'codec_recon_0=0.032963; ', 'bpp_0=6.171603; ', 'mse_1=0.001340; ', 'lpips_1=0.003737; ', 'codec_recon_1=0.289969; ', 'bpp_1=0.299762; ', 'mse_2=0.001150; ', 'lpips_2=0.003197; ', 'codec_recon_2=0.074512; ', 'bpp_2=0.282389; ']
train step[452/2000] ; used: 10m; eta: 34m:12s; loss = 0.371625; ['mse_0=0.000894; ', 'lpips_0=0.003967; ', 'codec_recon_0=0.030478; ', 'bpp_0=5.889675; ', 'mse_1=0.000773; ', 'lpips_1=0.003352; ', 'codec_recon_1=0.255857; ', 'bpp_1=0.291773; ', 'mse_2=0.000738; ', 'lpips_2=0.003170; ', 'codec_recon_2=0.072396; ', 'bpp_2=0.273437; ']
train step[453/2000] ; used: 10m:1s; eta: 34m:10s; loss = 0.367451; ['mse_0=0.002626; ', 'lpips_0=0.005722; ', 'codec_recon_0=0.026806; ', 'bpp_0=6.054879; ', 'mse_1=0.002451; ', 'lpips_1=0.005078; ', 'codec_recon_1=0.246054; ', 'bpp_1=0.297280; ', 'mse_2=0.002414; ', 'lpips_2=0.004682; ', 'codec_recon_2=0.071619; ', 'bpp_2=0.278186; ']
train step[454/2000] ; used: 10m:2s; eta: 34m:8s; loss = 0.368489; ['mse_0=0.000486; ', 'lpips_0=0.003496; ', 'codec_recon_0=0.024376; ', 'bpp_0=5.914297; ', 'mse_1=0.000340; ', 'lpips_1=0.002826; ', 'codec_recon_1=0.269858; ', 'bpp_1=0.294116; ', 'mse_2=0.000269; ', 'lpips_2=0.002444; ', 'codec_recon_2=0.064394; ', 'bpp_2=0.274505; ']
train step[455/2000] ; used: 10m:4s; eta: 34m:6s; loss = 0.410730; ['mse_0=0.000774; ', 'lpips_0=0.003863; ', 'codec_recon_0=0.032292; ', 'bpp_0=5.936350; ', 'mse_1=0.000564; ', 'lpips_1=0.003208; ', 'codec_recon_1=0.294686; ', 'bpp_1=0.294552; ', 'mse_2=0.000460; ', 'lpips_2=0.002672; ', 'codec_recon_2=0.072212; ', 'bpp_2=0.276603; ']
train step[456/2000] ; used: 10m:5s; eta: 34m:4s; loss = 0.428526; ['mse_0=0.001426; ', 'lpips_0=0.004525; ', 'codec_recon_0=0.026885; ', 'bpp_0=6.092079; ', 'mse_1=0.001140; ', 'lpips_1=0.003772; ', 'codec_recon_1=0.318068; ', 'bpp_1=0.298116; ', 'mse_2=0.000963; ', 'lpips_2=0.003215; ', 'codec_recon_2=0.068531; ', 'bpp_2=0.280227; ']
train step[457/2000] ; used: 10m:6s; eta: 34m:3s; loss = 0.385329; ['mse_0=0.000659; ', 'lpips_0=0.003442; ', 'codec_recon_0=0.025268; ', 'bpp_0=6.069983; ', 'mse_1=0.000484; ', 'lpips_1=0.002650; ', 'codec_recon_1=0.287082; ', 'bpp_1=0.297957; ', 'mse_2=0.000400; ', 'lpips_2=0.002188; ', 'codec_recon_2=0.063156; ', 'bpp_2=0.279271; ']
train step[458/2000] ; used: 10m:7s; eta: 34m:1s; loss = 0.409529; ['mse_0=0.002556; ', 'lpips_0=0.005247; ', 'codec_recon_0=0.023754; ', 'bpp_0=6.190886; ', 'mse_1=0.001995; ', 'lpips_1=0.004253; ', 'codec_recon_1=0.310424; ', 'bpp_1=0.301350; ', 'mse_2=0.001721; ', 'lpips_2=0.003584; ', 'codec_recon_2=0.055994; ', 'bpp_2=0.284795; ']
train step[459/2000] ; used: 10m:8s; eta: 33m:59s; loss = 0.354280; ['mse_0=0.001159; ', 'lpips_0=0.003471; ', 'codec_recon_0=0.025025; ', 'bpp_0=6.050043; ', 'mse_1=0.000979; ', 'lpips_1=0.002886; ', 'codec_recon_1=0.255308; ', 'bpp_1=0.296170; ', 'mse_2=0.000923; ', 'lpips_2=0.002613; ', 'codec_recon_2=0.061916; ', 'bpp_2=0.277956; ']
train step[460/2000] ; used: 10m:9s; eta: 33m:57s; loss = 0.470095; ['mse_0=0.001090; ', 'lpips_0=0.005098; ', 'codec_recon_0=0.030318; ', 'bpp_0=6.068032; ', 'mse_1=0.000908; ', 'lpips_1=0.004225; ', 'codec_recon_1=0.347103; ', 'bpp_1=0.296796; ', 'mse_2=0.000727; ', 'lpips_2=0.003342; ', 'codec_recon_2=0.077282; ', 'bpp_2=0.281085; ']
train step[461/2000] ; used: 10m:11s; eta: 33m:55s; loss = 0.362979; ['mse_0=0.001154; ', 'lpips_0=0.003942; ', 'codec_recon_0=0.027892; ', 'bpp_0=5.922518; ', 'mse_1=0.001044; ', 'lpips_1=0.003410; ', 'codec_recon_1=0.253105; ', 'bpp_1=0.292833; ', 'mse_2=0.001005; ', 'lpips_2=0.003158; ', 'codec_recon_2=0.068269; ', 'bpp_2=0.274483; ']
train step[462/2000] ; used: 10m:12s; eta: 33m:53s; loss = 0.379580; ['mse_0=0.000453; ', 'lpips_0=0.003041; ', 'codec_recon_0=0.026101; ', 'bpp_0=5.868090; ', 'mse_1=0.000332; ', 'lpips_1=0.002419; ', 'codec_recon_1=0.276737; ', 'bpp_1=0.292832; ', 'mse_2=0.000233; ', 'lpips_2=0.001909; ', 'codec_recon_2=0.068355; ', 'bpp_2=0.272996; ']
train step[463/2000] ; used: 10m:13s; eta: 33m:51s; loss = 0.389248; ['mse_0=0.002035; ', 'lpips_0=0.007706; ', 'codec_recon_0=0.026978; ', 'bpp_0=5.963302; ', 'mse_1=0.001826; ', 'lpips_1=0.007011; ', 'codec_recon_1=0.266112; ', 'bpp_1=0.295571; ', 'mse_2=0.001826; ', 'lpips_2=0.006676; ', 'codec_recon_2=0.069078; ', 'bpp_2=0.278723; ']
train step[464/2000] ; used: 10m:14s; eta: 33m:50s; loss = 0.405523; ['mse_0=0.001189; ', 'lpips_0=0.004118; ', 'codec_recon_0=0.027693; ', 'bpp_0=5.881312; ', 'mse_1=0.001005; ', 'lpips_1=0.003484; ', 'codec_recon_1=0.294722; ', 'bpp_1=0.292016; ', 'mse_2=0.000963; ', 'lpips_2=0.003165; ', 'codec_recon_2=0.069182; ', 'bpp_2=0.271799; ']
train step[465/2000] ; used: 10m:15s; eta: 33m:47s; loss = 0.362213; ['mse_0=0.000626; ', 'lpips_0=0.003585; ', 'codec_recon_0=0.024818; ', 'bpp_0=5.807727; ', 'mse_1=0.000448; ', 'lpips_1=0.002859; ', 'codec_recon_1=0.266158; ', 'bpp_1=0.291303; ', 'mse_2=0.000346; ', 'lpips_2=0.002467; ', 'codec_recon_2=0.060906; ', 'bpp_2=0.274057; ']
train step[466/2000] ; used: 10m:16s; eta: 33m:46s; loss = 0.403762; ['mse_0=0.002293; ', 'lpips_0=0.004523; ', 'codec_recon_0=0.025048; ', 'bpp_0=6.074706; ', 'mse_1=0.001779; ', 'lpips_1=0.003855; ', 'codec_recon_1=0.301712; ', 'bpp_1=0.299108; ', 'mse_2=0.001530; ', 'lpips_2=0.003341; ', 'codec_recon_2=0.059680; ', 'bpp_2=0.280476; ']
train step[467/2000] ; used: 10m:18s; eta: 33m:44s; loss = 0.419126; ['mse_0=0.002855; ', 'lpips_0=0.005487; ', 'codec_recon_0=0.027997; ', 'bpp_0=5.970953; ', 'mse_1=0.002658; ', 'lpips_1=0.004716; ', 'codec_recon_1=0.304381; ', 'bpp_1=0.295725; ', 'mse_2=0.002533; ', 'lpips_2=0.004414; ', 'codec_recon_2=0.064085; ', 'bpp_2=0.279491; ']
train step[468/2000] ; used: 10m:19s; eta: 33m:42s; loss = 0.527143; ['mse_0=0.002442; ', 'lpips_0=0.006726; ', 'codec_recon_0=0.027235; ', 'bpp_0=6.286840; ', 'mse_1=0.002018; ', 'lpips_1=0.005558; ', 'codec_recon_1=0.405333; ', 'bpp_1=0.302659; ', 'mse_2=0.001532; ', 'lpips_2=0.004213; ', 'codec_recon_2=0.072087; ', 'bpp_2=0.288985; ']
train step[469/2000] ; used: 10m:20s; eta: 33m:41s; loss = 0.440813; ['mse_0=0.000686; ', 'lpips_0=0.003892; ', 'codec_recon_0=0.027407; ', 'bpp_0=6.142114; ', 'mse_1=0.000494; ', 'lpips_1=0.003148; ', 'codec_recon_1=0.326571; ', 'bpp_1=0.298085; ', 'mse_2=0.000388; ', 'lpips_2=0.002387; ', 'codec_recon_2=0.075841; ', 'bpp_2=0.282742; ']
train step[470/2000] ; used: 10m:21s; eta: 33m:39s; loss = 0.470475; ['mse_0=0.003995; ', 'lpips_0=0.007476; ', 'codec_recon_0=0.029430; ', 'bpp_0=6.077535; ', 'mse_1=0.003618; ', 'lpips_1=0.006900; ', 'codec_recon_1=0.341160; ', 'bpp_1=0.298171; ', 'mse_2=0.003540; ', 'lpips_2=0.006395; ', 'codec_recon_2=0.067959; ', 'bpp_2=0.281912; ']
train step[471/2000] ; used: 10m:22s; eta: 33m:37s; loss = 0.380830; ['mse_0=0.000358; ', 'lpips_0=0.003819; ', 'codec_recon_0=0.026572; ', 'bpp_0=6.085696; ', 'mse_1=0.000261; ', 'lpips_1=0.003017; ', 'codec_recon_1=0.264419; ', 'bpp_1=0.294521; ', 'mse_2=0.000224; ', 'lpips_2=0.002691; ', 'codec_recon_2=0.079470; ', 'bpp_2=0.275288; ']
train step[472/2000] ; used: 10m:23s; eta: 33m:35s; loss = 0.354058; ['mse_0=0.000770; ', 'lpips_0=0.004472; ', 'codec_recon_0=0.027328; ', 'bpp_0=5.725029; ', 'mse_1=0.000538; ', 'lpips_1=0.003718; ', 'codec_recon_1=0.248300; ', 'bpp_1=0.288898; ', 'mse_2=0.000435; ', 'lpips_2=0.003426; ', 'codec_recon_2=0.065072; ', 'bpp_2=0.269665; ']
train step[473/2000] ; used: 10m:25s; eta: 33m:33s; loss = 0.383196; ['mse_0=0.001374; ', 'lpips_0=0.004686; ', 'codec_recon_0=0.024590; ', 'bpp_0=6.040296; ', 'mse_1=0.001139; ', 'lpips_1=0.004123; ', 'codec_recon_1=0.277985; ', 'bpp_1=0.296686; ', 'mse_2=0.001016; ', 'lpips_2=0.003658; ', 'codec_recon_2=0.064625; ', 'bpp_2=0.279193; ']
train step[474/2000] ; used: 10m:26s; eta: 33m:31s; loss = 0.369459; ['mse_0=0.002827; ', 'lpips_0=0.005430; ', 'codec_recon_0=0.026930; ', 'bpp_0=5.965508; ', 'mse_1=0.002351; ', 'lpips_1=0.004604; ', 'codec_recon_1=0.262360; ', 'bpp_1=0.295680; ', 'mse_2=0.002166; ', 'lpips_2=0.004253; ', 'codec_recon_2=0.058539; ', 'bpp_2=0.277795; ']
train step[475/2000] ; used: 10m:27s; eta: 33m:29s; loss = 0.374873; ['mse_0=0.001234; ', 'lpips_0=0.004535; ', 'codec_recon_0=0.027590; ', 'bpp_0=5.987617; ', 'mse_1=0.001044; ', 'lpips_1=0.004063; ', 'codec_recon_1=0.268774; ', 'bpp_1=0.295342; ', 'mse_2=0.000966; ', 'lpips_2=0.003781; ', 'codec_recon_2=0.062884; ', 'bpp_2=0.276960; ']
train step[476/2000] ; used: 10m:28s; eta: 33m:27s; loss = 0.514399; ['mse_0=0.001711; ', 'lpips_0=0.005658; ', 'codec_recon_0=0.027484; ', 'bpp_0=6.120405; ', 'mse_1=0.001395; ', 'lpips_1=0.004646; ', 'codec_recon_1=0.397066; ', 'bpp_1=0.297059; ', 'mse_2=0.001166; ', 'lpips_2=0.003577; ', 'codec_recon_2=0.071696; ', 'bpp_2=0.282291; ']
train step[477/2000] ; used: 10m:29s; eta: 33m:25s; loss = 0.448107; ['mse_0=0.002552; ', 'lpips_0=0.006608; ', 'codec_recon_0=0.028498; ', 'bpp_0=6.191023; ', 'mse_1=0.002110; ', 'lpips_1=0.005610; ', 'codec_recon_1=0.324956; ', 'bpp_1=0.299532; ', 'mse_2=0.001956; ', 'lpips_2=0.004976; ', 'codec_recon_2=0.070841; ', 'bpp_2=0.283601; ']
train step[478/2000] ; used: 10m:30s; eta: 33m:24s; loss = 0.380797; ['mse_0=0.001092; ', 'lpips_0=0.004080; ', 'codec_recon_0=0.032203; ', 'bpp_0=6.036748; ', 'mse_1=0.000918; ', 'lpips_1=0.003518; ', 'codec_recon_1=0.256801; ', 'bpp_1=0.296328; ', 'mse_2=0.000842; ', 'lpips_2=0.003248; ', 'codec_recon_2=0.078096; ', 'bpp_2=0.277195; ']
train step[479/2000] ; used: 10m:31s; eta: 33m:22s; loss = 0.453488; ['mse_0=0.004421; ', 'lpips_0=0.006134; ', 'codec_recon_0=0.028856; ', 'bpp_0=5.915473; ', 'mse_1=0.004180; ', 'lpips_1=0.005431; ', 'codec_recon_1=0.326459; ', 'bpp_1=0.293581; ', 'mse_2=0.003920; ', 'lpips_2=0.004826; ', 'codec_recon_2=0.069260; ', 'bpp_2=0.276113; ']
train step[480/2000] ; used: 10m:33s; eta: 33m:21s; loss = 0.476838; ['mse_0=0.001692; ', 'lpips_0=0.004676; ', 'codec_recon_0=0.028452; ', 'bpp_0=6.106504; ', 'mse_1=0.001332; ', 'lpips_1=0.003797; ', 'codec_recon_1=0.358897; ', 'bpp_1=0.299030; ', 'mse_2=0.000891; ', 'lpips_2=0.002754; ', 'codec_recon_2=0.074346; ', 'bpp_2=0.281817; ']
train step[481/2000] ; used: 10m:34s; eta: 33m:19s; loss = 0.388565; ['mse_0=0.001143; ', 'lpips_0=0.004850; ', 'codec_recon_0=0.029076; ', 'bpp_0=6.024175; ', 'mse_1=0.000974; ', 'lpips_1=0.004099; ', 'codec_recon_1=0.280492; ', 'bpp_1=0.295978; ', 'mse_2=0.000873; ', 'lpips_2=0.003736; ', 'codec_recon_2=0.063322; ', 'bpp_2=0.277482; ']
train step[482/2000] ; used: 10m:35s; eta: 33m:17s; loss = 0.373995; ['mse_0=0.000819; ', 'lpips_0=0.004718; ', 'codec_recon_0=0.030127; ', 'bpp_0=5.816307; ', 'mse_1=0.000757; ', 'lpips_1=0.004170; ', 'codec_recon_1=0.253710; ', 'bpp_1=0.290793; ', 'mse_2=0.000726; ', 'lpips_2=0.003957; ', 'codec_recon_2=0.075011; ', 'bpp_2=0.271317; ']
train step[483/2000] ; used: 10m:36s; eta: 33m:15s; loss = 0.392970; ['mse_0=0.002344; ', 'lpips_0=0.005763; ', 'codec_recon_0=0.026467; ', 'bpp_0=6.098437; ', 'mse_1=0.001975; ', 'lpips_1=0.005105; ', 'codec_recon_1=0.279732; ', 'bpp_1=0.297972; ', 'mse_2=0.001847; ', 'lpips_2=0.004450; ', 'codec_recon_2=0.065286; ', 'bpp_2=0.281173; ']
train step[484/2000] ; used: 10m:37s; eta: 33m:13s; loss = 0.398095; ['mse_0=0.001283; ', 'lpips_0=0.004882; ', 'codec_recon_0=0.026837; ', 'bpp_0=6.052626; ', 'mse_1=0.001137; ', 'lpips_1=0.004216; ', 'codec_recon_1=0.281899; ', 'bpp_1=0.296369; ', 'mse_2=0.001091; ', 'lpips_2=0.003913; ', 'codec_recon_2=0.072837; ', 'bpp_2=0.278602; ']
train step[485/2000] ; used: 10m:39s; eta: 33m:12s; loss = 0.436189; ['mse_0=0.001326; ', 'lpips_0=0.004349; ', 'codec_recon_0=0.028465; ', 'bpp_0=6.089843; ', 'mse_1=0.001070; ', 'lpips_1=0.003636; ', 'codec_recon_1=0.325401; ', 'bpp_1=0.297295; ', 'mse_2=0.000772; ', 'lpips_2=0.002826; ', 'codec_recon_2=0.068343; ', 'bpp_2=0.279762; ']
train step[486/2000] ; used: 10m:40s; eta: 33m:10s; loss = 0.339082; ['mse_0=0.000586; ', 'lpips_0=0.003467; ', 'codec_recon_0=0.024047; ', 'bpp_0=5.945948; ', 'mse_1=0.000457; ', 'lpips_1=0.002923; ', 'codec_recon_1=0.241078; ', 'bpp_1=0.294494; ', 'mse_2=0.000418; ', 'lpips_2=0.002814; ', 'codec_recon_2=0.063292; ', 'bpp_2=0.274132; ']
train step[487/2000] ; used: 10m:41s; eta: 33m:8s; loss = 0.362009; ['mse_0=0.000502; ', 'lpips_0=0.003302; ', 'codec_recon_0=0.027962; ', 'bpp_0=5.980745; ', 'mse_1=0.000388; ', 'lpips_1=0.002698; ', 'codec_recon_1=0.257406; ', 'bpp_1=0.294478; ', 'mse_2=0.000361; ', 'lpips_2=0.002432; ', 'codec_recon_2=0.066958; ', 'bpp_2=0.275163; ']
train step[488/2000] ; used: 10m:42s; eta: 33m:6s; loss = 0.450630; ['mse_0=0.003078; ', 'lpips_0=0.006478; ', 'codec_recon_0=0.027939; ', 'bpp_0=6.152499; ', 'mse_1=0.002678; ', 'lpips_1=0.005648; ', 'codec_recon_1=0.333023; ', 'bpp_1=0.298929; ', 'mse_2=0.002420; ', 'lpips_2=0.004999; ', 'codec_recon_2=0.064366; ', 'bpp_2=0.284294; ']
train step[489/2000] ; used: 10m:43s; eta: 33m:4s; loss = 0.400621; ['mse_0=0.005141; ', 'lpips_0=0.007390; ', 'codec_recon_0=0.026621; ', 'bpp_0=6.018920; ', 'mse_1=0.004739; ', 'lpips_1=0.006393; ', 'codec_recon_1=0.277902; ', 'bpp_1=0.296376; ', 'mse_2=0.004745; ', 'lpips_2=0.006025; ', 'codec_recon_2=0.061664; ', 'bpp_2=0.278999; ']
train step[490/2000] ; used: 10m:44s; eta: 33m:2s; loss = 0.424445; ['mse_0=0.000837; ', 'lpips_0=0.004170; ', 'codec_recon_0=0.025731; ', 'bpp_0=6.054623; ', 'mse_1=0.000720; ', 'lpips_1=0.003375; ', 'codec_recon_1=0.310038; ', 'bpp_1=0.295670; ', 'mse_2=0.000658; ', 'lpips_2=0.002954; ', 'codec_recon_2=0.075961; ', 'bpp_2=0.278627; ']
train step[491/2000] ; used: 10m:45s; eta: 33m; loss = 0.373308; ['mse_0=0.000599; ', 'lpips_0=0.004239; ', 'codec_recon_0=0.027328; ', 'bpp_0=5.865505; ', 'mse_1=0.000517; ', 'lpips_1=0.003574; ', 'codec_recon_1=0.261856; ', 'bpp_1=0.291661; ', 'mse_2=0.000468; ', 'lpips_2=0.003332; ', 'codec_recon_2=0.071393; ', 'bpp_2=0.273742; ']
train step[492/2000] ; used: 10m:46s; eta: 32m:59s; loss = 0.427680; ['mse_0=0.002988; ', 'lpips_0=0.005288; ', 'codec_recon_0=0.028217; ', 'bpp_0=6.083063; ', 'mse_1=0.002687; ', 'lpips_1=0.004472; ', 'codec_recon_1=0.312670; ', 'bpp_1=0.298109; ', 'mse_2=0.002658; ', 'lpips_2=0.003987; ', 'codec_recon_2=0.064713; ', 'bpp_2=0.281346; ']
train step[493/2000] ; used: 10m:48s; eta: 32m:57s; loss = 0.392997; ['mse_0=0.000711; ', 'lpips_0=0.003519; ', 'codec_recon_0=0.025866; ', 'bpp_0=6.075935; ', 'mse_1=0.000509; ', 'lpips_1=0.002789; ', 'codec_recon_1=0.293724; ', 'bpp_1=0.297291; ', 'mse_2=0.000395; ', 'lpips_2=0.002409; ', 'codec_recon_2=0.063073; ', 'bpp_2=0.279501; ']
train step[494/2000] ; used: 10m:49s; eta: 32m:57s; loss = 0.430093; ['mse_0=0.000728; ', 'lpips_0=0.003797; ', 'codec_recon_0=0.030714; ', 'bpp_0=6.061786; ', 'mse_1=0.000535; ', 'lpips_1=0.002966; ', 'codec_recon_1=0.312906; ', 'bpp_1=0.296524; ', 'mse_2=0.000366; ', 'lpips_2=0.002328; ', 'codec_recon_2=0.075754; ', 'bpp_2=0.278246; ']
train step[495/2000] ; used: 10m:50s; eta: 32m:55s; loss = 0.361197; ['mse_0=0.000694; ', 'lpips_0=0.003874; ', 'codec_recon_0=0.022687; ', 'bpp_0=6.022007; ', 'mse_1=0.000539; ', 'lpips_1=0.003247; ', 'codec_recon_1=0.269607; ', 'bpp_1=0.296687; ', 'mse_2=0.000379; ', 'lpips_2=0.002792; ', 'codec_recon_2=0.057378; ', 'bpp_2=0.277524; ']
train step[496/2000] ; used: 10m:52s; eta: 32m:53s; loss = 0.405683; ['mse_0=0.001124; ', 'lpips_0=0.004415; ', 'codec_recon_0=0.031055; ', 'bpp_0=6.008727; ', 'mse_1=0.000933; ', 'lpips_1=0.003768; ', 'codec_recon_1=0.282935; ', 'bpp_1=0.294560; ', 'mse_2=0.000847; ', 'lpips_2=0.003342; ', 'codec_recon_2=0.077265; ', 'bpp_2=0.277428; ']
train step[497/2000] ; used: 10m:53s; eta: 32m:51s; loss = 0.397110; ['mse_0=0.001397; ', 'lpips_0=0.004086; ', 'codec_recon_0=0.028026; ', 'bpp_0=6.136113; ', 'mse_1=0.001145; ', 'lpips_1=0.003381; ', 'codec_recon_1=0.274712; ', 'bpp_1=0.298228; ', 'mse_2=0.001092; ', 'lpips_2=0.003084; ', 'codec_recon_2=0.080186; ', 'bpp_2=0.280863; ']
train step[498/2000] ; used: 10m:54s; eta: 32m:49s; loss = 0.387128; ['mse_0=0.001486; ', 'lpips_0=0.004734; ', 'codec_recon_0=0.029660; ', 'bpp_0=5.991058; ', 'mse_1=0.001345; ', 'lpips_1=0.004115; ', 'codec_recon_1=0.265542; ', 'bpp_1=0.294306; ', 'mse_2=0.001336; ', 'lpips_2=0.003810; ', 'codec_recon_2=0.075101; ', 'bpp_2=0.275826; ']
train step[499/2000] ; used: 10m:55s; eta: 32m:47s; loss = 0.482881; ['mse_0=0.002655; ', 'lpips_0=0.005348; ', 'codec_recon_0=0.028852; ', 'bpp_0=6.237729; ', 'mse_1=0.002366; ', 'lpips_1=0.004651; ', 'codec_recon_1=0.363026; ', 'bpp_1=0.302477; ', 'mse_2=0.002098; ', 'lpips_2=0.003873; ', 'codec_recon_2=0.070012; ', 'bpp_2=0.289173; ']
validation step on 500 1/100; scene = ['5aca87f95a9412c6']; context = [[58, 133]]
validation step on 500 2/100; scene = ['bc95e5c7e357f1b7']; context = [[35, 91]]
validation step on 500 3/100; scene = ['34b0658a5c200cdf']; context = [[0, 70]]
validation step on 500 4/100; scene = ['28e8300e004ab30b']; context = [[3, 68]]
validation step on 500 5/100; scene = ['6558c5f10d45a929']; context = [[43, 160]]
validation step on 500 6/100; scene = ['89ea49cd9865aeff']; context = [[31, 81]]
validation step on 500 7/100; scene = ['ed477bdf8582adff']; context = [[40, 85]]
validation step on 500 8/100; scene = ['57d3409bf04c4651']; context = [[0, 45]]
validation step on 500 9/100; scene = ['aadc1e2dc74fd644']; context = [[2, 52]]
validation step on 500 10/100; scene = ['cd74b1244d112628']; context = [[63, 110]]
validation step on 500 11/100; scene = ['57d25dafabb5a238']; context = [[32, 104]]
validation step on 500 12/100; scene = ['e4f4574df7938f37']; context = [[0, 115]]
validation step on 500 13/100; scene = ['20d86cff490c0c42']; context = [[18, 69]]
validation step on 500 14/100; scene = ['0c4c5d5f751aabf5']; context = [[12, 57]]
validation step on 500 15/100; scene = ['fea544b472e9abd1']; context = [[12, 93]]
validation step on 500 16/100; scene = ['656381bea665bf3d']; context = [[27, 75]]
validation step on 500 17/100; scene = ['322261824c4a3003']; context = [[33, 78]]
validation step on 500 18/100; scene = ['f7c0fa5b81552d35']; context = [[11, 64]]
validation step on 500 19/100; scene = ['a56ba2efb5e3fdd9']; context = [[33, 92]]
validation step on 500 20/100; scene = ['c48f19e2ffa52523']; context = [[195, 264]]
validation step on 500 21/100; scene = ['1214f2a11a9fc1ed']; context = [[103, 215]]
validation step on 500 22/100; scene = ['a9b3ff60b213e099']; context = [[32, 96]]
validation step on 500 23/100; scene = ['a6fa92e8204f6118']; context = [[2, 66]]
validation step on 500 24/100; scene = ['21e794f71e31becb']; context = [[72, 180]]
validation step on 500 25/100; scene = ['f7d916b43193c181']; context = [[7, 61]]
validation step on 500 26/100; scene = ['84ab392d682f296b']; context = [[43, 120]]
validation step on 500 27/100; scene = ['6771a51bf0cfce7f']; context = [[152, 199]]
validation step on 500 28/100; scene = ['17d9303ee77c3a3d']; context = [[17, 63]]
validation step on 500 29/100; scene = ['ffa95c3b40609c76']; context = [[120, 213]]
validation step on 500 30/100; scene = ['a47b88040452d7d9']; context = [[35, 97]]
validation step on 500 31/100; scene = ['0d4de33c6888a754']; context = [[2, 57]]
validation step on 500 32/100; scene = ['41bcd011f99bfb66']; context = [[4, 50]]
validation step on 500 33/100; scene = ['67a69088a2695987']; context = [[6, 86]]
validation step on 500 34/100; scene = ['b4099665590548fc']; context = [[23, 74]]
validation step on 500 35/100; scene = ['9e2a8cc5f32dd46b']; context = [[75, 151]]
validation step on 500 36/100; scene = ['2e109379f53bb221']; context = [[35, 108]]
validation step on 500 37/100; scene = ['8adebbb68f2c3f84']; context = [[72, 131]]
validation step on 500 38/100; scene = ['29e0bfbad00f0d5e']; context = [[8, 100]]
validation step on 500 39/100; scene = ['debc3490ba0bd84b']; context = [[34, 81]]
validation step on 500 40/100; scene = ['7c7bc5285126e6ad']; context = [[64, 126]]
validation step on 500 41/100; scene = ['cdf439b17a6a98d4']; context = [[31, 77]]
validation step on 500 42/100; scene = ['cb38d67088b66084']; context = [[49, 106]]
validation step on 500 43/100; scene = ['2da2eeb966bc0ef8']; context = [[30, 94]]
validation step on 500 44/100; scene = ['bb4d7012261ee0ed']; context = [[0, 46]]
validation step on 500 45/100; scene = ['9e1f1beb4ba8e5da']; context = [[9, 73]]
validation step on 500 46/100; scene = ['26b31d71789bffad']; context = [[3, 57]]
validation step on 500 47/100; scene = ['41abd737e0228c1a']; context = [[81, 127]]
validation step on 500 48/100; scene = ['ed0c2aca14b99efa']; context = [[62, 119]]
validation step on 500 49/100; scene = ['8d5163de9ea4d851']; context = [[39, 85]]
validation step on 500 50/100; scene = ['81be42df6ccae760']; context = [[13, 107]]
validation step on 500 51/100; scene = ['6fe141ec9be1a432']; context = [[12, 73]]
validation step on 500 52/100; scene = ['3b6d8db52c54b174']; context = [[0, 80]]
validation step on 500 53/100; scene = ['3087828bc27bc4c7']; context = [[15, 96]]
validation step on 500 54/100; scene = ['e124dfa7e996a414']; context = [[48, 93]]
validation step on 500 55/100; scene = ['e1afd89a69ee6947']; context = [[34, 113]]
validation step on 500 56/100; scene = ['79ce50fb7b021e1d']; context = [[212, 278]]
validation step on 500 57/100; scene = ['358bdee988c269ef']; context = [[3, 95]]
validation step on 500 58/100; scene = ['f14791aec34dbdcd']; context = [[5, 59]]
validation step on 500 59/100; scene = ['0c52996355b23d76']; context = [[51, 111]]
validation step on 500 60/100; scene = ['62bcb465bb03d34f']; context = [[6, 84]]
validation step on 500 61/100; scene = ['1f0e06e4388dd600']; context = [[44, 96]]
validation step on 500 62/100; scene = ['c9c30723d7c54793']; context = [[152, 247]]
validation step on 500 63/100; scene = ['8b212f2755d955ec']; context = [[40, 110]]
validation step on 500 64/100; scene = ['de67e3a0b0648cfe']; context = [[16, 72]]
validation step on 500 65/100; scene = ['54841308aff91857']; context = [[27, 86]]
validation step on 500 66/100; scene = ['40ca76de44a6e1a9']; context = [[43, 107]]
validation step on 500 67/100; scene = ['bc143130c1842e4b']; context = [[29, 133]]
validation step on 500 68/100; scene = ['912177dbf0a1ed6c']; context = [[3, 60]]
validation step on 500 69/100; scene = ['afe4e799a94e06b3']; context = [[54, 150]]
validation step on 500 70/100; scene = ['17f552ef56d85c55']; context = [[20, 86]]
validation step on 500 71/100; scene = ['a7c691c210154b09']; context = [[0, 50]]
validation step on 500 72/100; scene = ['9490f1219dbbb6ce']; context = [[17, 72]]
validation step on 500 73/100; scene = ['154365ab5a4e067b']; context = [[2, 48]]
validation step on 500 74/100; scene = ['ab4c269f8d523d02']; context = [[18, 72]]
validation step on 500 75/100; scene = ['75d475e9558ab806']; context = [[1, 46]]
validation step on 500 76/100; scene = ['fdaab1f49851782c']; context = [[31, 142]]
validation step on 500 77/100; scene = ['2d4efa3897a4ba2d']; context = [[4, 58]]
validation step on 500 78/100; scene = ['14f477e7d5af5b91']; context = [[17, 72]]
validation step on 500 79/100; scene = ['de45926738229f67']; context = [[22, 84]]
validation step on 500 80/100; scene = ['5c909c802eb6edb1']; context = [[13, 78]]
validation step on 500 81/100; scene = ['aa91dfdd5f4ad32b']; context = [[8, 57]]
validation step on 500 82/100; scene = ['88d9ba3324f2ec21']; context = [[2, 49]]
validation step on 500 83/100; scene = ['622ef98e83ed5239']; context = [[3, 66]]
validation step on 500 84/100; scene = ['30fc5fc78c5a716e']; context = [[151, 210]]
validation step on 500 85/100; scene = ['8b760ac05c93a6bb']; context = [[26, 72]]
validation step on 500 86/100; scene = ['800ea72b6988f63e']; context = [[141, 190]]
validation step on 500 87/100; scene = ['674dabef8f53b566']; context = [[9, 91]]
validation step on 500 88/100; scene = ['d3a01038c5f21473']; context = [[139, 273]]
validation step on 500 89/100; scene = ['3e5f747d06bc84a3']; context = [[85, 190]]
validation step on 500 90/100; scene = ['bb6fa5bdafc14e8c']; context = [[43, 139]]
validation step on 500 91/100; scene = ['052430ff6e2c07c4']; context = [[19, 92]]
validation step on 500 92/100; scene = ['0588138dfec165a1']; context = [[70, 160]]
validation step on 500 93/100; scene = ['e4bcb18fa6aa91be']; context = [[32, 79]]
validation step on 500 94/100; scene = ['4c4fa41951e37e78']; context = [[8, 60]]
validation step on 500 95/100; scene = ['252a24d25a1ea81d']; context = [[198, 263]]
validation step on 500 96/100; scene = ['214df1c2863d2959']; context = [[45, 96]]
validation step on 500 97/100; scene = ['bfd27ad72975e120']; context = [[8, 55]]
validation step on 500 98/100; scene = ['572acd18419c3456']; context = [[3, 62]]
validation step on 500 99/100; scene = ['b26e6c80d283c4c8']; context = [[46, 92]]
validation step on 500 100/100; scene = ['10c8e54590f715f7']; context = [[6, 76]]
train step[500/2000] ; used: 12m; eta: 35m:56s; loss = 0.388623; ['mse_0=0.001782; ', 'lpips_0=0.004851; ', 'codec_recon_0=0.025463; ', 'bpp_0=6.088771; ', 'mse_1=0.001428; ', 'lpips_1=0.004100; ', 'codec_recon_1=0.280390; ', 'bpp_1=0.297783; ', 'mse_2=0.001299; ', 'lpips_2=0.003673; ', 'codec_recon_2=0.065636; ', 'bpp_2=0.280254; ']
train step[501/2000] ; used: 12m:1s; eta: 35m:53s; loss = 0.471233; ['mse_0=0.001732; ', 'lpips_0=0.005784; ', 'codec_recon_0=0.031024; ', 'bpp_0=6.037940; ', 'mse_1=0.001456; ', 'lpips_1=0.004953; ', 'codec_recon_1=0.348148; ', 'bpp_1=0.297677; ', 'mse_2=0.001281; ', 'lpips_2=0.004122; ', 'codec_recon_2=0.072733; ', 'bpp_2=0.281391; ']
train step[502/2000] ; used: 12m:2s; eta: 35m:51s; loss = 0.366908; ['mse_0=0.001586; ', 'lpips_0=0.004264; ', 'codec_recon_0=0.025535; ', 'bpp_0=6.029317; ', 'mse_1=0.001266; ', 'lpips_1=0.003618; ', 'codec_recon_1=0.263272; ', 'bpp_1=0.296672; ', 'mse_2=0.001201; ', 'lpips_2=0.003358; ', 'codec_recon_2=0.062809; ', 'bpp_2=0.278674; ']
train step[503/2000] ; used: 12m:3s; eta: 35m:49s; loss = 0.367264; ['mse_0=0.001038; ', 'lpips_0=0.004387; ', 'codec_recon_0=0.024024; ', 'bpp_0=5.925751; ', 'mse_1=0.000887; ', 'lpips_1=0.003704; ', 'codec_recon_1=0.267586; ', 'bpp_1=0.293126; ', 'mse_2=0.000812; ', 'lpips_2=0.003340; ', 'codec_recon_2=0.061485; ', 'bpp_2=0.274634; ']
train step[504/2000] ; used: 12m:4s; eta: 35m:47s; loss = 0.467827; ['mse_0=0.001781; ', 'lpips_0=0.004215; ', 'codec_recon_0=0.051152; ', 'bpp_0=6.071671; ', 'mse_1=0.001583; ', 'lpips_1=0.003412; ', 'codec_recon_1=0.312425; ', 'bpp_1=0.297890; ', 'mse_2=0.001465; ', 'lpips_2=0.002820; ', 'codec_recon_2=0.088975; ', 'bpp_2=0.277857; ']
train step[505/2000] ; used: 12m:6s; eta: 35m:45s; loss = 0.378963; ['mse_0=0.000946; ', 'lpips_0=0.004597; ', 'codec_recon_0=0.026858; ', 'bpp_0=5.935210; ', 'mse_1=0.000804; ', 'lpips_1=0.003885; ', 'codec_recon_1=0.268313; ', 'bpp_1=0.293539; ', 'mse_2=0.000748; ', 'lpips_2=0.003546; ', 'codec_recon_2=0.069266; ', 'bpp_2=0.275373; ']
train step[506/2000] ; used: 12m:7s; eta: 35m:42s; loss = 0.387766; ['mse_0=0.000562; ', 'lpips_0=0.003864; ', 'codec_recon_0=0.025955; ', 'bpp_0=6.067159; ', 'mse_1=0.000435; ', 'lpips_1=0.003241; ', 'codec_recon_1=0.281956; ', 'bpp_1=0.296630; ', 'mse_2=0.000371; ', 'lpips_2=0.002887; ', 'codec_recon_2=0.068495; ', 'bpp_2=0.278917; ']
train step[507/2000] ; used: 12m:8s; eta: 35m:40s; loss = 0.508545; ['mse_0=0.001691; ', 'lpips_0=0.007273; ', 'codec_recon_0=0.030979; ', 'bpp_0=5.923284; ', 'mse_1=0.001417; ', 'lpips_1=0.006292; ', 'codec_recon_1=0.372550; ', 'bpp_1=0.291240; ', 'mse_2=0.001222; ', 'lpips_2=0.005218; ', 'codec_recon_2=0.081904; ', 'bpp_2=0.274946; ']
train step[508/2000] ; used: 12m:9s; eta: 35m:38s; loss = 0.401215; ['mse_0=0.002280; ', 'lpips_0=0.005175; ', 'codec_recon_0=0.026528; ', 'bpp_0=5.892366; ', 'mse_1=0.001822; ', 'lpips_1=0.004421; ', 'codec_recon_1=0.293355; ', 'bpp_1=0.294406; ', 'mse_2=0.001647; ', 'lpips_2=0.004095; ', 'codec_recon_2=0.061891; ', 'bpp_2=0.276428; ']
train step[509/2000] ; used: 12m:10s; eta: 35m:36s; loss = 0.432510; ['mse_0=0.002168; ', 'lpips_0=0.006093; ', 'codec_recon_0=0.026218; ', 'bpp_0=6.124509; ', 'mse_1=0.001829; ', 'lpips_1=0.005016; ', 'codec_recon_1=0.320240; ', 'bpp_1=0.299967; ', 'mse_2=0.001569; ', 'lpips_2=0.004104; ', 'codec_recon_2=0.065274; ', 'bpp_2=0.284938; ']
train step[510/2000] ; used: 12m:11s; eta: 35m:34s; loss = 0.365828; ['mse_0=0.000770; ', 'lpips_0=0.004275; ', 'codec_recon_0=0.024163; ', 'bpp_0=5.920146; ', 'mse_1=0.000636; ', 'lpips_1=0.003707; ', 'codec_recon_1=0.259707; ', 'bpp_1=0.294234; ', 'mse_2=0.000559; ', 'lpips_2=0.003234; ', 'codec_recon_2=0.068779; ', 'bpp_2=0.274775; ']
train step[511/2000] ; used: 12m:13s; eta: 35m:31s; loss = 0.418320; ['mse_0=0.002187; ', 'lpips_0=0.005708; ', 'codec_recon_0=0.027569; ', 'bpp_0=6.099329; ', 'mse_1=0.001850; ', 'lpips_1=0.004812; ', 'codec_recon_1=0.302931; ', 'bpp_1=0.297917; ', 'mse_2=0.001678; ', 'lpips_2=0.004255; ', 'codec_recon_2=0.067330; ', 'bpp_2=0.280376; ']
train step[512/2000] ; used: 12m:14s; eta: 35m:29s; loss = 0.340259; ['mse_0=0.000634; ', 'lpips_0=0.003770; ', 'codec_recon_0=0.024101; ', 'bpp_0=5.954679; ', 'mse_1=0.000510; ', 'lpips_1=0.003061; ', 'codec_recon_1=0.241011; ', 'bpp_1=0.294510; ', 'mse_2=0.000456; ', 'lpips_2=0.002727; ', 'codec_recon_2=0.063989; ', 'bpp_2=0.274752; ']
train step[513/2000] ; used: 12m:15s; eta: 35m:27s; loss = 0.459640; ['mse_0=0.001642; ', 'lpips_0=0.005167; ', 'codec_recon_0=0.030306; ', 'bpp_0=6.171975; ', 'mse_1=0.001303; ', 'lpips_1=0.004185; ', 'codec_recon_1=0.341633; ', 'bpp_1=0.299031; ', 'mse_2=0.000998; ', 'lpips_2=0.003196; ', 'codec_recon_2=0.071210; ', 'bpp_2=0.283868; ']
train step[514/2000] ; used: 12m:16s; eta: 35m:25s; loss = 0.439501; ['mse_0=0.001751; ', 'lpips_0=0.004561; ', 'codec_recon_0=0.026538; ', 'bpp_0=6.021876; ', 'mse_1=0.001250; ', 'lpips_1=0.003744; ', 'codec_recon_1=0.332697; ', 'bpp_1=0.295844; ', 'mse_2=0.000965; ', 'lpips_2=0.003109; ', 'codec_recon_2=0.064887; ', 'bpp_2=0.280240; ']
train step[515/2000] ; used: 12m:17s; eta: 35m:22s; loss = 0.371512; ['mse_0=0.002195; ', 'lpips_0=0.004668; ', 'codec_recon_0=0.024309; ', 'bpp_0=6.005890; ', 'mse_1=0.001804; ', 'lpips_1=0.003921; ', 'codec_recon_1=0.268586; ', 'bpp_1=0.295604; ', 'mse_2=0.001593; ', 'lpips_2=0.003391; ', 'codec_recon_2=0.061044; ', 'bpp_2=0.277203; ']
train step[516/2000] ; used: 12m:18s; eta: 35m:20s; loss = 0.475853; ['mse_0=0.001349; ', 'lpips_0=0.005439; ', 'codec_recon_0=0.027988; ', 'bpp_0=5.962976; ', 'mse_1=0.001056; ', 'lpips_1=0.004273; ', 'codec_recon_1=0.363900; ', 'bpp_1=0.294789; ', 'mse_2=0.000728; ', 'lpips_2=0.003231; ', 'codec_recon_2=0.067888; ', 'bpp_2=0.279795; ']
train step[517/2000] ; used: 12m:19s; eta: 35m:18s; loss = 0.381558; ['mse_0=0.000723; ', 'lpips_0=0.003547; ', 'codec_recon_0=0.028374; ', 'bpp_0=5.895757; ', 'mse_1=0.000584; ', 'lpips_1=0.002958; ', 'codec_recon_1=0.276476; ', 'bpp_1=0.292889; ', 'mse_2=0.000559; ', 'lpips_2=0.002626; ', 'codec_recon_2=0.065710; ', 'bpp_2=0.272305; ']
train step[518/2000] ; used: 12m:20s; eta: 35m:15s; loss = 0.404338; ['mse_0=0.000852; ', 'lpips_0=0.004095; ', 'codec_recon_0=0.028389; ', 'bpp_0=6.070742; ', 'mse_1=0.000730; ', 'lpips_1=0.003340; ', 'codec_recon_1=0.287951; ', 'bpp_1=0.296968; ', 'mse_2=0.000650; ', 'lpips_2=0.002944; ', 'codec_recon_2=0.075386; ', 'bpp_2=0.278784; ']
train step[519/2000] ; used: 12m:22s; eta: 35m:13s; loss = 0.427556; ['mse_0=0.001736; ', 'lpips_0=0.005414; ', 'codec_recon_0=0.042681; ', 'bpp_0=5.754036; ', 'mse_1=0.001551; ', 'lpips_1=0.004681; ', 'codec_recon_1=0.259607; ', 'bpp_1=0.289626; ', 'mse_2=0.001484; ', 'lpips_2=0.004446; ', 'codec_recon_2=0.105955; ', 'bpp_2=0.270222; ']
train step[520/2000] ; used: 12m:23s; eta: 35m:11s; loss = 0.375375; ['mse_0=0.001268; ', 'lpips_0=0.005255; ', 'codec_recon_0=0.028536; ', 'bpp_0=5.875659; ', 'mse_1=0.001131; ', 'lpips_1=0.004342; ', 'codec_recon_1=0.262842; ', 'bpp_1=0.292869; ', 'mse_2=0.001080; ', 'lpips_2=0.003952; ', 'codec_recon_2=0.066970; ', 'bpp_2=0.275461; ']
train step[521/2000] ; used: 12m:24s; eta: 35m:9s; loss = 0.393080; ['mse_0=0.001596; ', 'lpips_0=0.004375; ', 'codec_recon_0=0.029495; ', 'bpp_0=6.023439; ', 'mse_1=0.001418; ', 'lpips_1=0.003479; ', 'codec_recon_1=0.287618; ', 'bpp_1=0.296449; ', 'mse_2=0.001305; ', 'lpips_2=0.002943; ', 'codec_recon_2=0.060851; ', 'bpp_2=0.279398; ']
train step[522/2000] ; used: 12m:25s; eta: 35m:7s; loss = 0.393892; ['mse_0=0.001089; ', 'lpips_0=0.004617; ', 'codec_recon_0=0.026694; ', 'bpp_0=5.985248; ', 'mse_1=0.000930; ', 'lpips_1=0.003904; ', 'codec_recon_1=0.288838; ', 'bpp_1=0.295373; ', 'mse_2=0.000819; ', 'lpips_2=0.003470; ', 'codec_recon_2=0.063530; ', 'bpp_2=0.277357; ']
train step[523/2000] ; used: 12m:26s; eta: 35m:4s; loss = 0.372950; ['mse_0=0.001319; ', 'lpips_0=0.004527; ', 'codec_recon_0=0.026586; ', 'bpp_0=6.042291; ', 'mse_1=0.000971; ', 'lpips_1=0.003662; ', 'codec_recon_1=0.268827; ', 'bpp_1=0.295956; ', 'mse_2=0.000837; ', 'lpips_2=0.003014; ', 'codec_recon_2=0.063207; ', 'bpp_2=0.279911; ']
train step[524/2000] ; used: 12m:27s; eta: 35m:2s; loss = 0.392968; ['mse_0=0.001027; ', 'lpips_0=0.004977; ', 'codec_recon_0=0.027841; ', 'bpp_0=5.899548; ', 'mse_1=0.000828; ', 'lpips_1=0.004090; ', 'codec_recon_1=0.279098; ', 'bpp_1=0.293138; ', 'mse_2=0.000760; ', 'lpips_2=0.003765; ', 'codec_recon_2=0.070582; ', 'bpp_2=0.274225; ']
train step[525/2000] ; used: 12m:29s; eta: 35m; loss = 0.427647; ['mse_0=0.000765; ', 'lpips_0=0.004505; ', 'codec_recon_0=0.027008; ', 'bpp_0=6.149047; ', 'mse_1=0.000495; ', 'lpips_1=0.003527; ', 'codec_recon_1=0.318513; ', 'bpp_1=0.296702; ', 'mse_2=0.000336; ', 'lpips_2=0.002484; ', 'codec_recon_2=0.070014; ', 'bpp_2=0.281544; ']
train step[526/2000] ; used: 12m:30s; eta: 34m:58s; loss = 0.442266; ['mse_0=0.002616; ', 'lpips_0=0.005723; ', 'codec_recon_0=0.027680; ', 'bpp_0=6.150938; ', 'mse_1=0.002374; ', 'lpips_1=0.005010; ', 'codec_recon_1=0.309117; ', 'bpp_1=0.300118; ', 'mse_2=0.002196; ', 'lpips_2=0.004551; ', 'codec_recon_2=0.082998; ', 'bpp_2=0.283605; ']
train step[527/2000] ; used: 12m:31s; eta: 34m:56s; loss = 0.415784; ['mse_0=0.001044; ', 'lpips_0=0.004138; ', 'codec_recon_0=0.030101; ', 'bpp_0=6.133765; ', 'mse_1=0.000777; ', 'lpips_1=0.003136; ', 'codec_recon_1=0.303418; ', 'bpp_1=0.298542; ', 'mse_2=0.000653; ', 'lpips_2=0.002539; ', 'codec_recon_2=0.069979; ', 'bpp_2=0.282339; ']
train step[528/2000] ; used: 12m:32s; eta: 34m:53s; loss = 0.432735; ['mse_0=0.002351; ', 'lpips_0=0.004657; ', 'codec_recon_0=0.025956; ', 'bpp_0=6.136615; ', 'mse_1=0.001983; ', 'lpips_1=0.003766; ', 'codec_recon_1=0.328550; ', 'bpp_1=0.300201; ', 'mse_2=0.001682; ', 'lpips_2=0.002748; ', 'codec_recon_2=0.061043; ', 'bpp_2=0.284638; ']
train step[529/2000] ; used: 12m:33s; eta: 34m:51s; loss = 0.410693; ['mse_0=0.003476; ', 'lpips_0=0.005750; ', 'codec_recon_0=0.027006; ', 'bpp_0=6.156590; ', 'mse_1=0.002760; ', 'lpips_1=0.004805; ', 'codec_recon_1=0.302810; ', 'bpp_1=0.301068; ', 'mse_2=0.002351; ', 'lpips_2=0.004112; ', 'codec_recon_2=0.057623; ', 'bpp_2=0.286168; ']
train step[530/2000] ; used: 12m:34s; eta: 34m:49s; loss = 0.367601; ['mse_0=0.000587; ', 'lpips_0=0.003989; ', 'codec_recon_0=0.026689; ', 'bpp_0=5.958799; ', 'mse_1=0.000421; ', 'lpips_1=0.003346; ', 'codec_recon_1=0.258890; ', 'bpp_1=0.294178; ', 'mse_2=0.000358; ', 'lpips_2=0.003107; ', 'codec_recon_2=0.070214; ', 'bpp_2=0.274173; ']
train step[531/2000] ; used: 12m:35s; eta: 34m:47s; loss = 0.396478; ['mse_0=0.002860; ', 'lpips_0=0.004802; ', 'codec_recon_0=0.028653; ', 'bpp_0=5.968832; ', 'mse_1=0.002524; ', 'lpips_1=0.004052; ', 'codec_recon_1=0.279255; ', 'bpp_1=0.295748; ', 'mse_2=0.002386; ', 'lpips_2=0.003546; ', 'codec_recon_2=0.068400; ', 'bpp_2=0.277509; ']
train step[532/2000] ; used: 12m:37s; eta: 34m:45s; loss = 0.496969; ['mse_0=0.002652; ', 'lpips_0=0.006759; ', 'codec_recon_0=0.031020; ', 'bpp_0=6.030648; ', 'mse_1=0.002376; ', 'lpips_1=0.005986; ', 'codec_recon_1=0.371555; ', 'bpp_1=0.297746; ', 'mse_2=0.002279; ', 'lpips_2=0.005074; ', 'codec_recon_2=0.069269; ', 'bpp_2=0.283183; ']
train step[533/2000] ; used: 12m:38s; eta: 34m:43s; loss = 0.393782; ['mse_0=0.001050; ', 'lpips_0=0.004203; ', 'codec_recon_0=0.029293; ', 'bpp_0=5.971947; ', 'mse_1=0.000899; ', 'lpips_1=0.003534; ', 'codec_recon_1=0.267414; ', 'bpp_1=0.294477; ', 'mse_2=0.000870; ', 'lpips_2=0.003257; ', 'codec_recon_2=0.083264; ', 'bpp_2=0.275686; ']
train step[534/2000] ; used: 12m:39s; eta: 34m:41s; loss = 0.373143; ['mse_0=0.000460; ', 'lpips_0=0.003689; ', 'codec_recon_0=0.027490; ', 'bpp_0=5.945759; ', 'mse_1=0.000344; ', 'lpips_1=0.002978; ', 'codec_recon_1=0.260922; ', 'bpp_1=0.293274; ', 'mse_2=0.000295; ', 'lpips_2=0.002566; ', 'codec_recon_2=0.074400; ', 'bpp_2=0.273585; ']
train step[535/2000] ; used: 12m:40s; eta: 34m:38s; loss = 0.408081; ['mse_0=0.000470; ', 'lpips_0=0.002895; ', 'codec_recon_0=0.027017; ', 'bpp_0=6.014305; ', 'mse_1=0.000311; ', 'lpips_1=0.002204; ', 'codec_recon_1=0.306293; ', 'bpp_1=0.296608; ', 'mse_2=0.000214; ', 'lpips_2=0.001776; ', 'codec_recon_2=0.066901; ', 'bpp_2=0.278190; ']
train step[536/2000] ; used: 12m:41s; eta: 34m:36s; loss = 0.398245; ['mse_0=0.001555; ', 'lpips_0=0.004634; ', 'codec_recon_0=0.028820; ', 'bpp_0=6.034340; ', 'mse_1=0.001278; ', 'lpips_1=0.003784; ', 'codec_recon_1=0.284176; ', 'bpp_1=0.297094; ', 'mse_2=0.001199; ', 'lpips_2=0.003349; ', 'codec_recon_2=0.069450; ', 'bpp_2=0.280468; ']
train step[537/2000] ; used: 12m:42s; eta: 34m:34s; loss = 0.376735; ['mse_0=0.002989; ', 'lpips_0=0.005489; ', 'codec_recon_0=0.026719; ', 'bpp_0=5.903813; ', 'mse_1=0.002620; ', 'lpips_1=0.004857; ', 'codec_recon_1=0.270591; ', 'bpp_1=0.293930; ', 'mse_2=0.002484; ', 'lpips_2=0.004497; ', 'codec_recon_2=0.056490; ', 'bpp_2=0.276303; ']
train step[538/2000] ; used: 12m:44s; eta: 34m:32s; loss = 0.390859; ['mse_0=0.001175; ', 'lpips_0=0.004198; ', 'codec_recon_0=0.026868; ', 'bpp_0=5.981255; ', 'mse_1=0.000879; ', 'lpips_1=0.003490; ', 'codec_recon_1=0.289707; ', 'bpp_1=0.294936; ', 'mse_2=0.000732; ', 'lpips_2=0.003003; ', 'codec_recon_2=0.060807; ', 'bpp_2=0.277938; ']
train step[539/2000] ; used: 12m:45s; eta: 34m:30s; loss = 0.389919; ['mse_0=0.001896; ', 'lpips_0=0.005119; ', 'codec_recon_0=0.025371; ', 'bpp_0=6.108241; ', 'mse_1=0.001518; ', 'lpips_1=0.004438; ', 'codec_recon_1=0.278192; ', 'bpp_1=0.298199; ', 'mse_2=0.001469; ', 'lpips_2=0.003911; ', 'codec_recon_2=0.068005; ', 'bpp_2=0.281201; ']
train step[540/2000] ; used: 12m:46s; eta: 34m:28s; loss = 0.409291; ['mse_0=0.001446; ', 'lpips_0=0.004300; ', 'codec_recon_0=0.029249; ', 'bpp_0=5.949214; ', 'mse_1=0.001254; ', 'lpips_1=0.003631; ', 'codec_recon_1=0.280446; ', 'bpp_1=0.295779; ', 'mse_2=0.001135; ', 'lpips_2=0.003196; ', 'codec_recon_2=0.084633; ', 'bpp_2=0.276820; ']
train step[541/2000] ; used: 12m:48s; eta: 34m:28s; loss = 0.431768; ['mse_0=0.000691; ', 'lpips_0=0.005566; ', 'codec_recon_0=0.028501; ', 'bpp_0=5.774355; ', 'mse_1=0.000525; ', 'lpips_1=0.004728; ', 'codec_recon_1=0.311853; ', 'bpp_1=0.290064; ', 'mse_2=0.000437; ', 'lpips_2=0.004194; ', 'codec_recon_2=0.075272; ', 'bpp_2=0.271409; ']
train step[542/2000] ; used: 12m:49s; eta: 34m:26s; loss = 0.403226; ['mse_0=0.000633; ', 'lpips_0=0.003312; ', 'codec_recon_0=0.033586; ', 'bpp_0=6.014842; ', 'mse_1=0.000445; ', 'lpips_1=0.002538; ', 'codec_recon_1=0.283223; ', 'bpp_1=0.294007; ', 'mse_2=0.000375; ', 'lpips_2=0.002224; ', 'codec_recon_2=0.076890; ', 'bpp_2=0.276898; ']
train step[543/2000] ; used: 12m:50s; eta: 34m:24s; loss = 0.355318; ['mse_0=0.000780; ', 'lpips_0=0.003816; ', 'codec_recon_0=0.023917; ', 'bpp_0=6.030031; ', 'mse_1=0.000668; ', 'lpips_1=0.003118; ', 'codec_recon_1=0.255020; ', 'bpp_1=0.296512; ', 'mse_2=0.000612; ', 'lpips_2=0.002780; ', 'codec_recon_2=0.064606; ', 'bpp_2=0.277154; ']
train step[544/2000] ; used: 12m:51s; eta: 34m:21s; loss = 0.446846; ['mse_0=0.003110; ', 'lpips_0=0.006316; ', 'codec_recon_0=0.027700; ', 'bpp_0=6.216922; ', 'mse_1=0.002572; ', 'lpips_1=0.005423; ', 'codec_recon_1=0.334062; ', 'bpp_1=0.302764; ', 'mse_2=0.002180; ', 'lpips_2=0.004629; ', 'codec_recon_2=0.060856; ', 'bpp_2=0.287630; ']
train step[545/2000] ; used: 12m:52s; eta: 34m:19s; loss = 0.415340; ['mse_0=0.001213; ', 'lpips_0=0.004709; ', 'codec_recon_0=0.028303; ', 'bpp_0=6.133864; ', 'mse_1=0.000864; ', 'lpips_1=0.003589; ', 'codec_recon_1=0.295577; ', 'bpp_1=0.298268; ', 'mse_2=0.000697; ', 'lpips_2=0.002911; ', 'codec_recon_2=0.077476; ', 'bpp_2=0.280053; ']
train step[546/2000] ; used: 12m:54s; eta: 34m:17s; loss = 0.403489; ['mse_0=0.000786; ', 'lpips_0=0.003932; ', 'codec_recon_0=0.027492; ', 'bpp_0=5.930236; ', 'mse_1=0.000552; ', 'lpips_1=0.003262; ', 'codec_recon_1=0.300804; ', 'bpp_1=0.294043; ', 'mse_2=0.000454; ', 'lpips_2=0.002828; ', 'codec_recon_2=0.063380; ', 'bpp_2=0.274943; ']
train step[547/2000] ; used: 12m:55s; eta: 34m:15s; loss = 0.457714; ['mse_0=0.006450; ', 'lpips_0=0.007674; ', 'codec_recon_0=0.031388; ', 'bpp_0=5.990283; ', 'mse_1=0.006297; ', 'lpips_1=0.006934; ', 'codec_recon_1=0.313420; ', 'bpp_1=0.297511; ', 'mse_2=0.006346; ', 'lpips_2=0.006471; ', 'codec_recon_2=0.072733; ', 'bpp_2=0.280657; ']
train step[548/2000] ; used: 12m:56s; eta: 34m:13s; loss = 0.456183; ['mse_0=0.003962; ', 'lpips_0=0.006509; ', 'codec_recon_0=0.026630; ', 'bpp_0=6.187811; ', 'mse_1=0.003353; ', 'lpips_1=0.005687; ', 'codec_recon_1=0.339888; ', 'bpp_1=0.301817; ', 'mse_2=0.003020; ', 'lpips_2=0.004722; ', 'codec_recon_2=0.062411; ', 'bpp_2=0.286491; ']
train step[549/2000] ; used: 12m:57s; eta: 34m:11s; loss = 0.356868; ['mse_0=0.001381; ', 'lpips_0=0.003608; ', 'codec_recon_0=0.028420; ', 'bpp_0=5.894719; ', 'mse_1=0.001080; ', 'lpips_1=0.002866; ', 'codec_recon_1=0.246932; ', 'bpp_1=0.292936; ', 'mse_2=0.000994; ', 'lpips_2=0.002510; ', 'codec_recon_2=0.069078; ', 'bpp_2=0.274391; ']
train step[550/2000] ; used: 12m:58s; eta: 34m:9s; loss = 0.475333; ['mse_0=0.001646; ', 'lpips_0=0.005653; ', 'codec_recon_0=0.027824; ', 'bpp_0=6.048483; ', 'mse_1=0.001258; ', 'lpips_1=0.004654; ', 'codec_recon_1=0.360249; ', 'bpp_1=0.296487; ', 'mse_2=0.000812; ', 'lpips_2=0.003548; ', 'codec_recon_2=0.069689; ', 'bpp_2=0.280004; ']
train step[551/2000] ; used: 12m:59s; eta: 34m:7s; loss = 0.343764; ['mse_0=0.000453; ', 'lpips_0=0.003887; ', 'codec_recon_0=0.026651; ', 'bpp_0=5.896874; ', 'mse_1=0.000403; ', 'lpips_1=0.003251; ', 'codec_recon_1=0.240185; ', 'bpp_1=0.291620; ', 'mse_2=0.000376; ', 'lpips_2=0.002978; ', 'codec_recon_2=0.065578; ', 'bpp_2=0.273470; ']
train step[552/2000] ; used: 13m; eta: 34m:4s; loss = 0.430258; ['mse_0=0.001000; ', 'lpips_0=0.003711; ', 'codec_recon_0=0.026172; ', 'bpp_0=6.126220; ', 'mse_1=0.000757; ', 'lpips_1=0.002789; ', 'codec_recon_1=0.328567; ', 'bpp_1=0.299058; ', 'mse_2=0.000543; ', 'lpips_2=0.002020; ', 'codec_recon_2=0.064699; ', 'bpp_2=0.282340; ']
train step[553/2000] ; used: 13m:2s; eta: 34m:2s; loss = 0.389096; ['mse_0=0.001010; ', 'lpips_0=0.004456; ', 'codec_recon_0=0.028665; ', 'bpp_0=6.140564; ', 'mse_1=0.000817; ', 'lpips_1=0.003610; ', 'codec_recon_1=0.273555; ', 'bpp_1=0.298076; ', 'mse_2=0.000753; ', 'lpips_2=0.003232; ', 'codec_recon_2=0.072997; ', 'bpp_2=0.281736; ']
train step[554/2000] ; used: 13m:3s; eta: 34m; loss = 0.391816; ['mse_0=0.001261; ', 'lpips_0=0.004025; ', 'codec_recon_0=0.026848; ', 'bpp_0=6.051769; ', 'mse_1=0.000992; ', 'lpips_1=0.003104; ', 'codec_recon_1=0.287103; ', 'bpp_1=0.297757; ', 'mse_2=0.000874; ', 'lpips_2=0.002691; ', 'codec_recon_2=0.064918; ', 'bpp_2=0.279472; ']
train step[555/2000] ; used: 13m:4s; eta: 33m:58s; loss = 0.388138; ['mse_0=0.000700; ', 'lpips_0=0.003498; ', 'codec_recon_0=0.027329; ', 'bpp_0=5.985180; ', 'mse_1=0.000450; ', 'lpips_1=0.002618; ', 'codec_recon_1=0.292585; ', 'bpp_1=0.295947; ', 'mse_2=0.000323; ', 'lpips_2=0.002160; ', 'codec_recon_2=0.058474; ', 'bpp_2=0.278225; ']
train step[556/2000] ; used: 13m:5s; eta: 33m:56s; loss = 0.362309; ['mse_0=0.000525; ', 'lpips_0=0.003541; ', 'codec_recon_0=0.026445; ', 'bpp_0=5.883330; ', 'mse_1=0.000408; ', 'lpips_1=0.002959; ', 'codec_recon_1=0.260755; ', 'bpp_1=0.292430; ', 'mse_2=0.000331; ', 'lpips_2=0.002695; ', 'codec_recon_2=0.064650; ', 'bpp_2=0.274111; ']
train step[557/2000] ; used: 13m:6s; eta: 33m:54s; loss = 0.394714; ['mse_0=0.004373; ', 'lpips_0=0.005232; ', 'codec_recon_0=0.025708; ', 'bpp_0=6.087065; ', 'mse_1=0.004054; ', 'lpips_1=0.004503; ', 'codec_recon_1=0.284224; ', 'bpp_1=0.297152; ', 'mse_2=0.004044; ', 'lpips_2=0.004046; ', 'codec_recon_2=0.058531; ', 'bpp_2=0.280018; ']
train step[558/2000] ; used: 13m:7s; eta: 33m:52s; loss = 0.345677; ['mse_0=0.000724; ', 'lpips_0=0.003708; ', 'codec_recon_0=0.025897; ', 'bpp_0=5.961148; ', 'mse_1=0.000570; ', 'lpips_1=0.003074; ', 'codec_recon_1=0.250049; ', 'bpp_1=0.294613; ', 'mse_2=0.000501; ', 'lpips_2=0.002687; ', 'codec_recon_2=0.058467; ', 'bpp_2=0.275586; ']
train step[559/2000] ; used: 13m:9s; eta: 33m:50s; loss = 0.400256; ['mse_0=0.000746; ', 'lpips_0=0.004131; ', 'codec_recon_0=0.028652; ', 'bpp_0=6.074973; ', 'mse_1=0.000615; ', 'lpips_1=0.003431; ', 'codec_recon_1=0.284742; ', 'bpp_1=0.295286; ', 'mse_2=0.000590; ', 'lpips_2=0.003200; ', 'codec_recon_2=0.074148; ', 'bpp_2=0.278913; ']
train step[560/2000] ; used: 13m:10s; eta: 33m:48s; loss = 0.423671; ['mse_0=0.001445; ', 'lpips_0=0.005377; ', 'codec_recon_0=0.028778; ', 'bpp_0=6.113490; ', 'mse_1=0.001169; ', 'lpips_1=0.004407; ', 'codec_recon_1=0.311538; ', 'bpp_1=0.297052; ', 'mse_2=0.001022; ', 'lpips_2=0.003745; ', 'codec_recon_2=0.066190; ', 'bpp_2=0.281326; ']
train step[561/2000] ; used: 13m:11s; eta: 33m:46s; loss = 0.384747; ['mse_0=0.001389; ', 'lpips_0=0.003984; ', 'codec_recon_0=0.027288; ', 'bpp_0=6.139977; ', 'mse_1=0.001146; ', 'lpips_1=0.003185; ', 'codec_recon_1=0.282333; ', 'bpp_1=0.298042; ', 'mse_2=0.001029; ', 'lpips_2=0.002801; ', 'codec_recon_2=0.061591; ', 'bpp_2=0.282075; ']
train step[562/2000] ; used: 13m:12s; eta: 33m:44s; loss = 0.397661; ['mse_0=0.001167; ', 'lpips_0=0.004987; ', 'codec_recon_0=0.026921; ', 'bpp_0=5.872263; ', 'mse_1=0.001010; ', 'lpips_1=0.004347; ', 'codec_recon_1=0.282866; ', 'bpp_1=0.292853; ', 'mse_2=0.000922; ', 'lpips_2=0.003976; ', 'codec_recon_2=0.071466; ', 'bpp_2=0.275462; ']
train step[563/2000] ; used: 13m:13s; eta: 33m:42s; loss = 0.378303; ['mse_0=0.001942; ', 'lpips_0=0.004960; ', 'codec_recon_0=0.028626; ', 'bpp_0=5.797619; ', 'mse_1=0.001548; ', 'lpips_1=0.004103; ', 'codec_recon_1=0.267706; ', 'bpp_1=0.289980; ', 'mse_2=0.001441; ', 'lpips_2=0.003763; ', 'codec_recon_2=0.064213; ', 'bpp_2=0.271693; ']
train step[564/2000] ; used: 13m:14s; eta: 33m:40s; loss = 0.430114; ['mse_0=0.001570; ', 'lpips_0=0.004235; ', 'codec_recon_0=0.027284; ', 'bpp_0=6.103039; ', 'mse_1=0.001163; ', 'lpips_1=0.003520; ', 'codec_recon_1=0.327057; ', 'bpp_1=0.299050; ', 'mse_2=0.000808; ', 'lpips_2=0.002780; ', 'codec_recon_2=0.061698; ', 'bpp_2=0.283198; ']
train step[565/2000] ; used: 13m:16s; eta: 33m:38s; loss = 0.452117; ['mse_0=0.001695; ', 'lpips_0=0.004862; ', 'codec_recon_0=0.032568; ', 'bpp_0=6.152858; ', 'mse_1=0.001404; ', 'lpips_1=0.003933; ', 'codec_recon_1=0.331723; ', 'bpp_1=0.299441; ', 'mse_2=0.001191; ', 'lpips_2=0.003245; ', 'codec_recon_2=0.071496; ', 'bpp_2=0.284144; ']
train step[566/2000] ; used: 13m:17s; eta: 33m:36s; loss = 0.420679; ['mse_0=0.001840; ', 'lpips_0=0.006026; ', 'codec_recon_0=0.039932; ', 'bpp_0=5.960987; ', 'mse_1=0.001575; ', 'lpips_1=0.005013; ', 'codec_recon_1=0.282862; ', 'bpp_1=0.293354; ', 'mse_2=0.001456; ', 'lpips_2=0.004631; ', 'codec_recon_2=0.077345; ', 'bpp_2=0.274681; ']
train step[567/2000] ; used: 13m:18s; eta: 33m:34s; loss = 0.413895; ['mse_0=0.001921; ', 'lpips_0=0.005075; ', 'codec_recon_0=0.033627; ', 'bpp_0=6.030342; ', 'mse_1=0.001682; ', 'lpips_1=0.004271; ', 'codec_recon_1=0.286913; ', 'bpp_1=0.297443; ', 'mse_2=0.001581; ', 'lpips_2=0.003855; ', 'codec_recon_2=0.074969; ', 'bpp_2=0.279163; ']
train step[568/2000] ; used: 13m:19s; eta: 33m:32s; loss = 0.367468; ['mse_0=0.000640; ', 'lpips_0=0.003347; ', 'codec_recon_0=0.031863; ', 'bpp_0=5.943227; ', 'mse_1=0.000504; ', 'lpips_1=0.002663; ', 'codec_recon_1=0.258582; ', 'bpp_1=0.293805; ', 'mse_2=0.000467; ', 'lpips_2=0.002381; ', 'codec_recon_2=0.067019; ', 'bpp_2=0.274907; ']
train step[569/2000] ; used: 13m:20s; eta: 33m:29s; loss = 0.419119; ['mse_0=0.000780; ', 'lpips_0=0.004663; ', 'codec_recon_0=0.030297; ', 'bpp_0=6.077553; ', 'mse_1=0.000618; ', 'lpips_1=0.003873; ', 'codec_recon_1=0.300542; ', 'bpp_1=0.295914; ', 'mse_2=0.000520; ', 'lpips_2=0.003300; ', 'codec_recon_2=0.074526; ', 'bpp_2=0.279901; ']
train step[570/2000] ; used: 13m:21s; eta: 33m:27s; loss = 0.430371; ['mse_0=0.002935; ', 'lpips_0=0.006439; ', 'codec_recon_0=0.032463; ', 'bpp_0=5.972522; ', 'mse_1=0.002362; ', 'lpips_1=0.005533; ', 'codec_recon_1=0.310623; ', 'bpp_1=0.294910; ', 'mse_2=0.002233; ', 'lpips_2=0.005125; ', 'codec_recon_2=0.062658; ', 'bpp_2=0.278252; ']
train step[571/2000] ; used: 13m:22s; eta: 33m:25s; loss = 0.397248; ['mse_0=0.001725; ', 'lpips_0=0.004889; ', 'codec_recon_0=0.025385; ', 'bpp_0=6.045443; ', 'mse_1=0.001437; ', 'lpips_1=0.004068; ', 'codec_recon_1=0.293837; ', 'bpp_1=0.296837; ', 'mse_2=0.001302; ', 'lpips_2=0.003582; ', 'codec_recon_2=0.061024; ', 'bpp_2=0.278545; ']
train step[572/2000] ; used: 13m:23s; eta: 33m:23s; loss = 0.381341; ['mse_0=0.001256; ', 'lpips_0=0.004288; ', 'codec_recon_0=0.027027; ', 'bpp_0=6.058827; ', 'mse_1=0.001044; ', 'lpips_1=0.003616; ', 'codec_recon_1=0.274422; ', 'bpp_1=0.297478; ', 'mse_2=0.000915; ', 'lpips_2=0.003177; ', 'codec_recon_2=0.065597; ', 'bpp_2=0.278792; ']
train step[573/2000] ; used: 13m:25s; eta: 33m:21s; loss = 0.380594; ['mse_0=0.001322; ', 'lpips_0=0.004447; ', 'codec_recon_0=0.030396; ', 'bpp_0=5.872825; ', 'mse_1=0.000889; ', 'lpips_1=0.003423; ', 'codec_recon_1=0.276125; ', 'bpp_1=0.291594; ', 'mse_2=0.000702; ', 'lpips_2=0.003010; ', 'codec_recon_2=0.060281; ', 'bpp_2=0.274035; ']
train step[574/2000] ; used: 13m:26s; eta: 33m:19s; loss = 0.382610; ['mse_0=0.001684; ', 'lpips_0=0.004568; ', 'codec_recon_0=0.030261; ', 'bpp_0=6.020509; ', 'mse_1=0.001421; ', 'lpips_1=0.003878; ', 'codec_recon_1=0.268091; ', 'bpp_1=0.295494; ', 'mse_2=0.001359; ', 'lpips_2=0.003628; ', 'codec_recon_2=0.067721; ', 'bpp_2=0.278067; ']
train step[575/2000] ; used: 13m:27s; eta: 33m:17s; loss = 0.375877; ['mse_0=0.000364; ', 'lpips_0=0.003779; ', 'codec_recon_0=0.029269; ', 'bpp_0=5.888685; ', 'mse_1=0.000272; ', 'lpips_1=0.003084; ', 'codec_recon_1=0.265537; ', 'bpp_1=0.291982; ', 'mse_2=0.000214; ', 'lpips_2=0.002755; ', 'codec_recon_2=0.070603; ', 'bpp_2=0.271779; ']
train step[576/2000] ; used: 13m:28s; eta: 33m:15s; loss = 0.397921; ['mse_0=0.002946; ', 'lpips_0=0.006960; ', 'codec_recon_0=0.032774; ', 'bpp_0=5.816749; ', 'mse_1=0.002656; ', 'lpips_1=0.006344; ', 'codec_recon_1=0.260934; ', 'bpp_1=0.290060; ', 'mse_2=0.002596; ', 'lpips_2=0.006054; ', 'codec_recon_2=0.076656; ', 'bpp_2=0.272911; ']
train step[577/2000] ; used: 13m:29s; eta: 33m:13s; loss = 0.485360; ['mse_0=0.000770; ', 'lpips_0=0.003391; ', 'codec_recon_0=0.037634; ', 'bpp_0=5.979139; ', 'mse_1=0.000648; ', 'lpips_1=0.002611; ', 'codec_recon_1=0.279426; ', 'bpp_1=0.295652; ', 'mse_2=0.000577; ', 'lpips_2=0.002277; ', 'codec_recon_2=0.158026; ', 'bpp_2=0.275636; ']
train step[578/2000] ; used: 13m:30s; eta: 33m:11s; loss = 0.404340; ['mse_0=0.001825; ', 'lpips_0=0.004309; ', 'codec_recon_0=0.032722; ', 'bpp_0=6.081151; ', 'mse_1=0.001466; ', 'lpips_1=0.003415; ', 'codec_recon_1=0.287913; ', 'bpp_1=0.297859; ', 'mse_2=0.001350; ', 'lpips_2=0.002883; ', 'codec_recon_2=0.068458; ', 'bpp_2=0.280672; ']
train step[579/2000] ; used: 13m:32s; eta: 33m:9s; loss = 0.441409; ['mse_0=0.001118; ', 'lpips_0=0.004233; ', 'codec_recon_0=0.030355; ', 'bpp_0=5.983981; ', 'mse_1=0.000870; ', 'lpips_1=0.003329; ', 'codec_recon_1=0.333702; ', 'bpp_1=0.294229; ', 'mse_2=0.000548; ', 'lpips_2=0.002510; ', 'codec_recon_2=0.064744; ', 'bpp_2=0.277638; ']
train step[580/2000] ; used: 13m:33s; eta: 33m:7s; loss = 0.390038; ['mse_0=0.000850; ', 'lpips_0=0.004437; ', 'codec_recon_0=0.028052; ', 'bpp_0=5.987944; ', 'mse_1=0.000612; ', 'lpips_1=0.003671; ', 'codec_recon_1=0.282002; ', 'bpp_1=0.293844; ', 'mse_2=0.000524; ', 'lpips_2=0.003249; ', 'codec_recon_2=0.066642; ', 'bpp_2=0.276374; ']
train step[581/2000] ; used: 13m:34s; eta: 33m:5s; loss = 0.360401; ['mse_0=0.000629; ', 'lpips_0=0.004218; ', 'codec_recon_0=0.026525; ', 'bpp_0=6.025508; ', 'mse_1=0.000440; ', 'lpips_1=0.003401; ', 'codec_recon_1=0.256694; ', 'bpp_1=0.295037; ', 'mse_2=0.000366; ', 'lpips_2=0.003083; ', 'codec_recon_2=0.065045; ', 'bpp_2=0.276904; ']
train step[582/2000] ; used: 13m:35s; eta: 33m:3s; loss = 0.368653; ['mse_0=0.000821; ', 'lpips_0=0.004455; ', 'codec_recon_0=0.033243; ', 'bpp_0=5.960002; ', 'mse_1=0.000707; ', 'lpips_1=0.003901; ', 'codec_recon_1=0.255389; ', 'bpp_1=0.294748; ', 'mse_2=0.000613; ', 'lpips_2=0.003609; ', 'codec_recon_2=0.065917; ', 'bpp_2=0.276262; ']
train step[583/2000] ; used: 13m:36s; eta: 33m:1s; loss = 0.420955; ['mse_0=0.001289; ', 'lpips_0=0.004111; ', 'codec_recon_0=0.026337; ', 'bpp_0=6.139630; ', 'mse_1=0.001044; ', 'lpips_1=0.003192; ', 'codec_recon_1=0.315486; ', 'bpp_1=0.298560; ', 'mse_2=0.000877; ', 'lpips_2=0.002444; ', 'codec_recon_2=0.066175; ', 'bpp_2=0.282147; ']
train step[584/2000] ; used: 13m:37s; eta: 32m:59s; loss = 0.394033; ['mse_0=0.001022; ', 'lpips_0=0.003803; ', 'codec_recon_0=0.030051; ', 'bpp_0=6.040021; ', 'mse_1=0.000819; ', 'lpips_1=0.002950; ', 'codec_recon_1=0.284655; ', 'bpp_1=0.296113; ', 'mse_2=0.000673; ', 'lpips_2=0.002483; ', 'codec_recon_2=0.067576; ', 'bpp_2=0.277429; ']
train step[585/2000] ; used: 13m:38s; eta: 32m:57s; loss = 0.393607; ['mse_0=0.000991; ', 'lpips_0=0.004055; ', 'codec_recon_0=0.030583; ', 'bpp_0=5.994800; ', 'mse_1=0.000853; ', 'lpips_1=0.003367; ', 'codec_recon_1=0.273791; ', 'bpp_1=0.294062; ', 'mse_2=0.000791; ', 'lpips_2=0.003051; ', 'codec_recon_2=0.076125; ', 'bpp_2=0.276436; ']
train step[586/2000] ; used: 13m:39s; eta: 32m:55s; loss = 0.360511; ['mse_0=0.002344; ', 'lpips_0=0.005576; ', 'codec_recon_0=0.028898; ', 'bpp_0=5.854580; ', 'mse_1=0.002238; ', 'lpips_1=0.005016; ', 'codec_recon_1=0.242115; ', 'bpp_1=0.291491; ', 'mse_2=0.002193; ', 'lpips_2=0.004813; ', 'codec_recon_2=0.067318; ', 'bpp_2=0.273584; ']
train step[587/2000] ; used: 13m:41s; eta: 32m:53s; loss = 0.388174; ['mse_0=0.001062; ', 'lpips_0=0.004872; ', 'codec_recon_0=0.029770; ', 'bpp_0=5.992855; ', 'mse_1=0.000923; ', 'lpips_1=0.003874; ', 'codec_recon_1=0.275880; ', 'bpp_1=0.294047; ', 'mse_2=0.000819; ', 'lpips_2=0.003335; ', 'codec_recon_2=0.067640; ', 'bpp_2=0.278091; ']
train step[588/2000] ; used: 13m:42s; eta: 32m:51s; loss = 0.384343; ['mse_0=0.001008; ', 'lpips_0=0.004101; ', 'codec_recon_0=0.026603; ', 'bpp_0=5.969881; ', 'mse_1=0.000841; ', 'lpips_1=0.003466; ', 'codec_recon_1=0.279762; ', 'bpp_1=0.295429; ', 'mse_2=0.000737; ', 'lpips_2=0.003095; ', 'codec_recon_2=0.064731; ', 'bpp_2=0.277630; ']
train step[589/2000] ; used: 13m:43s; eta: 32m:49s; loss = 0.422879; ['mse_0=0.001565; ', 'lpips_0=0.004701; ', 'codec_recon_0=0.028507; ', 'bpp_0=6.155632; ', 'mse_1=0.001305; ', 'lpips_1=0.003729; ', 'codec_recon_1=0.313319; ', 'bpp_1=0.299930; ', 'mse_2=0.001162; ', 'lpips_2=0.003108; ', 'codec_recon_2=0.065482; ', 'bpp_2=0.285460; ']
train step[590/2000] ; used: 13m:44s; eta: 32m:47s; loss = 0.442458; ['mse_0=0.001959; ', 'lpips_0=0.005132; ', 'codec_recon_0=0.026872; ', 'bpp_0=6.111704; ', 'mse_1=0.001477; ', 'lpips_1=0.004217; ', 'codec_recon_1=0.330365; ', 'bpp_1=0.299451; ', 'mse_2=0.001253; ', 'lpips_2=0.003456; ', 'codec_recon_2=0.067728; ', 'bpp_2=0.283320; ']
train step[591/2000] ; used: 13m:45s; eta: 32m:45s; loss = 0.372213; ['mse_0=0.000886; ', 'lpips_0=0.003179; ', 'codec_recon_0=0.028967; ', 'bpp_0=6.033882; ', 'mse_1=0.000631; ', 'lpips_1=0.002568; ', 'codec_recon_1=0.275628; ', 'bpp_1=0.296365; ', 'mse_2=0.000492; ', 'lpips_2=0.002239; ', 'codec_recon_2=0.057623; ', 'bpp_2=0.278386; ']
train step[592/2000] ; used: 13m:46s; eta: 32m:43s; loss = 0.411181; ['mse_0=0.000612; ', 'lpips_0=0.003322; ', 'codec_recon_0=0.029446; ', 'bpp_0=6.087169; ', 'mse_1=0.000391; ', 'lpips_1=0.002350; ', 'codec_recon_1=0.305431; ', 'bpp_1=0.296801; ', 'mse_2=0.000265; ', 'lpips_2=0.001895; ', 'codec_recon_2=0.067470; ', 'bpp_2=0.280986; ']
train step[593/2000] ; used: 13m:48s; eta: 32m:41s; loss = 0.440988; ['mse_0=0.003488; ', 'lpips_0=0.007379; ', 'codec_recon_0=0.029288; ', 'bpp_0=5.928616; ', 'mse_1=0.003256; ', 'lpips_1=0.006249; ', 'codec_recon_1=0.305896; ', 'bpp_1=0.293481; ', 'mse_2=0.003179; ', 'lpips_2=0.005394; ', 'codec_recon_2=0.076860; ', 'bpp_2=0.277880; ']
train step[594/2000] ; used: 13m:49s; eta: 32m:39s; loss = 0.378103; ['mse_0=0.000846; ', 'lpips_0=0.004536; ', 'codec_recon_0=0.025875; ', 'bpp_0=5.969220; ', 'mse_1=0.000695; ', 'lpips_1=0.003769; ', 'codec_recon_1=0.273155; ', 'bpp_1=0.295396; ', 'mse_2=0.000624; ', 'lpips_2=0.003366; ', 'codec_recon_2=0.065236; ', 'bpp_2=0.278594; ']
train step[595/2000] ; used: 13m:50s; eta: 32m:37s; loss = 0.500561; ['mse_0=0.001981; ', 'lpips_0=0.005829; ', 'codec_recon_0=0.032133; ', 'bpp_0=6.134647; ', 'mse_1=0.001689; ', 'lpips_1=0.005014; ', 'codec_recon_1=0.375867; ', 'bpp_1=0.298803; ', 'mse_2=0.001561; ', 'lpips_2=0.004251; ', 'codec_recon_2=0.072235; ', 'bpp_2=0.284494; ']
train step[596/2000] ; used: 13m:51s; eta: 32m:35s; loss = 0.371274; ['mse_0=0.000815; ', 'lpips_0=0.004127; ', 'codec_recon_0=0.031413; ', 'bpp_0=5.852110; ', 'mse_1=0.000651; ', 'lpips_1=0.003417; ', 'codec_recon_1=0.262503; ', 'bpp_1=0.293402; ', 'mse_2=0.000578; ', 'lpips_2=0.003085; ', 'codec_recon_2=0.064685; ', 'bpp_2=0.274580; ']
train step[597/2000] ; used: 13m:52s; eta: 32m:33s; loss = 0.385543; ['mse_0=0.000732; ', 'lpips_0=0.004036; ', 'codec_recon_0=0.027384; ', 'bpp_0=5.993011; ', 'mse_1=0.000566; ', 'lpips_1=0.003252; ', 'codec_recon_1=0.280701; ', 'bpp_1=0.294838; ', 'mse_2=0.000414; ', 'lpips_2=0.002760; ', 'codec_recon_2=0.065699; ', 'bpp_2=0.277874; ']
train step[598/2000] ; used: 13m:53s; eta: 32m:31s; loss = 0.397595; ['mse_0=0.002238; ', 'lpips_0=0.005550; ', 'codec_recon_0=0.038579; ', 'bpp_0=5.865812; ', 'mse_1=0.002134; ', 'lpips_1=0.004857; ', 'codec_recon_1=0.260893; ', 'bpp_1=0.292303; ', 'mse_2=0.002117; ', 'lpips_2=0.004558; ', 'codec_recon_2=0.076670; ', 'bpp_2=0.275856; ']
train step[599/2000] ; used: 13m:55s; eta: 32m:29s; loss = 0.392305; ['mse_0=0.000603; ', 'lpips_0=0.003171; ', 'codec_recon_0=0.026735; ', 'bpp_0=5.962094; ', 'mse_1=0.000389; ', 'lpips_1=0.002348; ', 'codec_recon_1=0.292812; ', 'bpp_1=0.293845; ', 'mse_2=0.000269; ', 'lpips_2=0.001796; ', 'codec_recon_2=0.064182; ', 'bpp_2=0.278190; ']
train step[600/2000] ; used: 13m:56s; eta: 32m:27s; loss = 0.366894; ['mse_0=0.000909; ', 'lpips_0=0.003174; ', 'codec_recon_0=0.026131; ', 'bpp_0=6.080218; ', 'mse_1=0.000671; ', 'lpips_1=0.002402; ', 'codec_recon_1=0.273692; ', 'bpp_1=0.298429; ', 'mse_2=0.000500; ', 'lpips_2=0.001970; ', 'codec_recon_2=0.057443; ', 'bpp_2=0.280813; ']
train step[601/2000] ; used: 13m:57s; eta: 32m:25s; loss = 0.410056; ['mse_0=0.001391; ', 'lpips_0=0.004469; ', 'codec_recon_0=0.038844; ', 'bpp_0=6.075920; ', 'mse_1=0.001054; ', 'lpips_1=0.003572; ', 'codec_recon_1=0.282220; ', 'bpp_1=0.298184; ', 'mse_2=0.000979; ', 'lpips_2=0.003128; ', 'codec_recon_2=0.074399; ', 'bpp_2=0.281539; ']
train step[602/2000] ; used: 13m:58s; eta: 32m:23s; loss = 0.426420; ['mse_0=0.001139; ', 'lpips_0=0.004219; ', 'codec_recon_0=0.036239; ', 'bpp_0=6.033284; ', 'mse_1=0.000886; ', 'lpips_1=0.003525; ', 'codec_recon_1=0.293603; ', 'bpp_1=0.296478; ', 'mse_2=0.000800; ', 'lpips_2=0.003210; ', 'codec_recon_2=0.082799; ', 'bpp_2=0.280760; ']
train step[603/2000] ; used: 13m:59s; eta: 32m:22s; loss = 0.462608; ['mse_0=0.003376; ', 'lpips_0=0.007234; ', 'codec_recon_0=0.030913; ', 'bpp_0=6.159649; ', 'mse_1=0.002726; ', 'lpips_1=0.005864; ', 'codec_recon_1=0.338023; ', 'bpp_1=0.299942; ', 'mse_2=0.002612; ', 'lpips_2=0.004925; ', 'codec_recon_2=0.066936; ', 'bpp_2=0.286622; ']
train step[604/2000] ; used: 14m; eta: 32m:20s; loss = 0.407907; ['mse_0=0.001248; ', 'lpips_0=0.004312; ', 'codec_recon_0=0.032591; ', 'bpp_0=5.971003; ', 'mse_1=0.001020; ', 'lpips_1=0.003526; ', 'codec_recon_1=0.287212; ', 'bpp_1=0.295419; ', 'mse_2=0.000919; ', 'lpips_2=0.003189; ', 'codec_recon_2=0.073890; ', 'bpp_2=0.278024; ']
train step[605/2000] ; used: 14m:2s; eta: 32m:18s; loss = 0.456420; ['mse_0=0.001297; ', 'lpips_0=0.005369; ', 'codec_recon_0=0.032089; ', 'bpp_0=6.063147; ', 'mse_1=0.000984; ', 'lpips_1=0.004276; ', 'codec_recon_1=0.335624; ', 'bpp_1=0.296235; ', 'mse_2=0.000836; ', 'lpips_2=0.003561; ', 'codec_recon_2=0.072383; ', 'bpp_2=0.280677; ']
train step[606/2000] ; used: 14m:3s; eta: 32m:16s; loss = 0.340400; ['mse_0=0.000779; ', 'lpips_0=0.004215; ', 'codec_recon_0=0.027839; ', 'bpp_0=5.865555; ', 'mse_1=0.000632; ', 'lpips_1=0.003552; ', 'codec_recon_1=0.236193; ', 'bpp_1=0.292356; ', 'mse_2=0.000560; ', 'lpips_2=0.003258; ', 'codec_recon_2=0.063372; ', 'bpp_2=0.274785; ']
train step[607/2000] ; used: 14m:4s; eta: 32m:15s; loss = 0.494970; ['mse_0=0.004631; ', 'lpips_0=0.006706; ', 'codec_recon_0=0.031558; ', 'bpp_0=6.121373; ', 'mse_1=0.004233; ', 'lpips_1=0.005922; ', 'codec_recon_1=0.371463; ', 'bpp_1=0.299549; ', 'mse_2=0.003900; ', 'lpips_2=0.005014; ', 'codec_recon_2=0.061543; ', 'bpp_2=0.285682; ']
train step[608/2000] ; used: 14m:5s; eta: 32m:13s; loss = 0.393251; ['mse_0=0.001080; ', 'lpips_0=0.005575; ', 'codec_recon_0=0.030881; ', 'bpp_0=5.974874; ', 'mse_1=0.001002; ', 'lpips_1=0.004565; ', 'codec_recon_1=0.264081; ', 'bpp_1=0.292846; ', 'mse_2=0.000948; ', 'lpips_2=0.004357; ', 'codec_recon_2=0.080762; ', 'bpp_2=0.273270; ']
train step[609/2000] ; used: 14m:7s; eta: 32m:11s; loss = 0.439982; ['mse_0=0.000939; ', 'lpips_0=0.005401; ', 'codec_recon_0=0.031758; ', 'bpp_0=5.994532; ', 'mse_1=0.000743; ', 'lpips_1=0.004594; ', 'codec_recon_1=0.318302; ', 'bpp_1=0.294806; ', 'mse_2=0.000617; ', 'lpips_2=0.004009; ', 'codec_recon_2=0.073619; ', 'bpp_2=0.278840; ']
train step[610/2000] ; used: 14m:8s; eta: 32m:9s; loss = 0.543319; ['mse_0=0.003682; ', 'lpips_0=0.008738; ', 'codec_recon_0=0.036310; ', 'bpp_0=6.033850; ', 'mse_1=0.003360; ', 'lpips_1=0.007743; ', 'codec_recon_1=0.397676; ', 'bpp_1=0.297238; ', 'mse_2=0.003204; ', 'lpips_2=0.006855; ', 'codec_recon_2=0.075750; ', 'bpp_2=0.283551; ']
train step[611/2000] ; used: 14m:9s; eta: 32m:7s; loss = 0.434367; ['mse_0=0.002467; ', 'lpips_0=0.005969; ', 'codec_recon_0=0.027115; ', 'bpp_0=6.042081; ', 'mse_1=0.002156; ', 'lpips_1=0.005681; ', 'codec_recon_1=0.311886; ', 'bpp_1=0.296109; ', 'mse_2=0.001812; ', 'lpips_2=0.004645; ', 'codec_recon_2=0.072636; ', 'bpp_2=0.280231; ']
train step[612/2000] ; used: 14m:10s; eta: 32m:5s; loss = 0.412544; ['mse_0=0.001127; ', 'lpips_0=0.005324; ', 'codec_recon_0=0.029964; ', 'bpp_0=5.992270; ', 'mse_1=0.000961; ', 'lpips_1=0.004378; ', 'codec_recon_1=0.292811; ', 'bpp_1=0.293924; ', 'mse_2=0.000929; ', 'lpips_2=0.003816; ', 'codec_recon_2=0.073236; ', 'bpp_2=0.277214; ']
train step[613/2000] ; used: 14m:11s; eta: 32m:3s; loss = 0.393927; ['mse_0=0.001872; ', 'lpips_0=0.006025; ', 'codec_recon_0=0.033561; ', 'bpp_0=5.892365; ', 'mse_1=0.001546; ', 'lpips_1=0.005338; ', 'codec_recon_1=0.269334; ', 'bpp_1=0.294012; ', 'mse_2=0.001509; ', 'lpips_2=0.005096; ', 'codec_recon_2=0.069646; ', 'bpp_2=0.276672; ']
train step[614/2000] ; used: 14m:12s; eta: 32m:1s; loss = 0.405897; ['mse_0=0.001725; ', 'lpips_0=0.005592; ', 'codec_recon_0=0.029092; ', 'bpp_0=6.043709; ', 'mse_1=0.001453; ', 'lpips_1=0.004903; ', 'codec_recon_1=0.285880; ', 'bpp_1=0.297080; ', 'mse_2=0.001360; ', 'lpips_2=0.004513; ', 'codec_recon_2=0.071380; ', 'bpp_2=0.280365; ']
train step[615/2000] ; used: 14m:13s; eta: 31m:59s; loss = 0.408758; ['mse_0=0.000682; ', 'lpips_0=0.003755; ', 'codec_recon_0=0.029691; ', 'bpp_0=5.998732; ', 'mse_1=0.000530; ', 'lpips_1=0.003056; ', 'codec_recon_1=0.294274; ', 'bpp_1=0.295150; ', 'mse_2=0.000422; ', 'lpips_2=0.002556; ', 'codec_recon_2=0.073791; ', 'bpp_2=0.278066; ']
train step[616/2000] ; used: 14m:15s; eta: 31m:57s; loss = 0.425526; ['mse_0=0.000722; ', 'lpips_0=0.005933; ', 'codec_recon_0=0.032537; ', 'bpp_0=6.019098; ', 'mse_1=0.000595; ', 'lpips_1=0.005115; ', 'codec_recon_1=0.290489; ', 'bpp_1=0.294452; ', 'mse_2=0.000539; ', 'lpips_2=0.004588; ', 'codec_recon_2=0.085008; ', 'bpp_2=0.275227; ']
train step[617/2000] ; used: 14m:16s; eta: 31m:55s; loss = 0.398663; ['mse_0=0.001813; ', 'lpips_0=0.004418; ', 'codec_recon_0=0.031106; ', 'bpp_0=5.956564; ', 'mse_1=0.001620; ', 'lpips_1=0.003596; ', 'codec_recon_1=0.279513; ', 'bpp_1=0.293367; ', 'mse_2=0.001557; ', 'lpips_2=0.003187; ', 'codec_recon_2=0.071852; ', 'bpp_2=0.275879; ']
train step[618/2000] ; used: 14m:17s; eta: 31m:53s; loss = 0.389187; ['mse_0=0.000633; ', 'lpips_0=0.003636; ', 'codec_recon_0=0.027363; ', 'bpp_0=6.053100; ', 'mse_1=0.000434; ', 'lpips_1=0.002738; ', 'codec_recon_1=0.288469; ', 'bpp_1=0.295603; ', 'mse_2=0.000319; ', 'lpips_2=0.002244; ', 'codec_recon_2=0.063350; ', 'bpp_2=0.278386; ']
train step[619/2000] ; used: 14m:18s; eta: 31m:52s; loss = 0.404946; ['mse_0=0.002626; ', 'lpips_0=0.003928; ', 'codec_recon_0=0.028214; ', 'bpp_0=6.052570; ', 'mse_1=0.002520; ', 'lpips_1=0.003226; ', 'codec_recon_1=0.301462; ', 'bpp_1=0.296145; ', 'mse_2=0.002556; ', 'lpips_2=0.002804; ', 'codec_recon_2=0.057611; ', 'bpp_2=0.280904; ']
train step[620/2000] ; used: 14m:19s; eta: 31m:50s; loss = 0.474484; ['mse_0=0.001880; ', 'lpips_0=0.005862; ', 'codec_recon_0=0.032904; ', 'bpp_0=6.104038; ', 'mse_1=0.001375; ', 'lpips_1=0.004534; ', 'codec_recon_1=0.356133; ', 'bpp_1=0.298937; ', 'mse_2=0.001068; ', 'lpips_2=0.003368; ', 'codec_recon_2=0.067359; ', 'bpp_2=0.284393; ']
train step[621/2000] ; used: 14m:20s; eta: 31m:48s; loss = 0.415646; ['mse_0=0.002225; ', 'lpips_0=0.008058; ', 'codec_recon_0=0.029227; ', 'bpp_0=5.958575; ', 'mse_1=0.001999; ', 'lpips_1=0.007454; ', 'codec_recon_1=0.292625; ', 'bpp_1=0.295597; ', 'mse_2=0.001818; ', 'lpips_2=0.006913; ', 'codec_recon_2=0.065327; ', 'bpp_2=0.280060; ']
train step[622/2000] ; used: 14m:21s; eta: 31m:46s; loss = 0.453721; ['mse_0=0.004480; ', 'lpips_0=0.005396; ', 'codec_recon_0=0.040334; ', 'bpp_0=5.957711; ', 'mse_1=0.004186; ', 'lpips_1=0.004513; ', 'codec_recon_1=0.308618; ', 'bpp_1=0.294840; ', 'mse_2=0.003997; ', 'lpips_2=0.003821; ', 'codec_recon_2=0.078377; ', 'bpp_2=0.278485; ']
train step[623/2000] ; used: 14m:23s; eta: 31m:44s; loss = 0.433321; ['mse_0=0.001327; ', 'lpips_0=0.004663; ', 'codec_recon_0=0.031841; ', 'bpp_0=6.081107; ', 'mse_1=0.001023; ', 'lpips_1=0.003658; ', 'codec_recon_1=0.323301; ', 'bpp_1=0.299353; ', 'mse_2=0.000799; ', 'lpips_2=0.002934; ', 'codec_recon_2=0.063776; ', 'bpp_2=0.283464; ']
train step[624/2000] ; used: 14m:24s; eta: 31m:42s; loss = 0.489125; ['mse_0=0.002663; ', 'lpips_0=0.006241; ', 'codec_recon_0=0.033495; ', 'bpp_0=6.141125; ', 'mse_1=0.002217; ', 'lpips_1=0.005115; ', 'codec_recon_1=0.369606; ', 'bpp_1=0.299051; ', 'mse_2=0.001854; ', 'lpips_2=0.004033; ', 'codec_recon_2=0.063902; ', 'bpp_2=0.285088; ']
train step[625/2000] ; used: 14m:25s; eta: 31m:40s; loss = 0.362356; ['mse_0=0.000804; ', 'lpips_0=0.003781; ', 'codec_recon_0=0.030666; ', 'bpp_0=5.889101; ', 'mse_1=0.000632; ', 'lpips_1=0.003132; ', 'codec_recon_1=0.255349; ', 'bpp_1=0.291522; ', 'mse_2=0.000556; ', 'lpips_2=0.002904; ', 'codec_recon_2=0.064532; ', 'bpp_2=0.274426; ']
train step[626/2000] ; used: 14m:26s; eta: 31m:38s; loss = 0.372799; ['mse_0=0.002173; ', 'lpips_0=0.003722; ', 'codec_recon_0=0.028086; ', 'bpp_0=6.020508; ', 'mse_1=0.001964; ', 'lpips_1=0.002978; ', 'codec_recon_1=0.266850; ', 'bpp_1=0.294537; ', 'mse_2=0.001897; ', 'lpips_2=0.002610; ', 'codec_recon_2=0.062518; ', 'bpp_2=0.278276; ']
train step[627/2000] ; used: 14m:27s; eta: 31m:36s; loss = 0.571998; ['mse_0=0.002411; ', 'lpips_0=0.006466; ', 'codec_recon_0=0.067743; ', 'bpp_0=6.169292; ', 'mse_1=0.001901; ', 'lpips_1=0.004946; ', 'codec_recon_1=0.381965; ', 'bpp_1=0.300413; ', 'mse_2=0.001704; ', 'lpips_2=0.003814; ', 'codec_recon_2=0.101049; ', 'bpp_2=0.285497; ']
train step[628/2000] ; used: 14m:28s; eta: 31m:34s; loss = 0.369512; ['mse_0=0.000865; ', 'lpips_0=0.004286; ', 'codec_recon_0=0.031456; ', 'bpp_0=5.930997; ', 'mse_1=0.000670; ', 'lpips_1=0.003483; ', 'codec_recon_1=0.256997; ', 'bpp_1=0.292109; ', 'mse_2=0.000617; ', 'lpips_2=0.003209; ', 'codec_recon_2=0.067929; ', 'bpp_2=0.275139; ']
train step[629/2000] ; used: 14m:29s; eta: 31m:33s; loss = 0.380242; ['mse_0=0.002266; ', 'lpips_0=0.004808; ', 'codec_recon_0=0.032170; ', 'bpp_0=5.855731; ', 'mse_1=0.002133; ', 'lpips_1=0.004204; ', 'codec_recon_1=0.262673; ', 'bpp_1=0.292938; ', 'mse_2=0.002039; ', 'lpips_2=0.003896; ', 'codec_recon_2=0.066053; ', 'bpp_2=0.274931; ']
train step[630/2000] ; used: 14m:31s; eta: 31m:31s; loss = 0.398396; ['mse_0=0.001896; ', 'lpips_0=0.004684; ', 'codec_recon_0=0.030036; ', 'bpp_0=6.087501; ', 'mse_1=0.001425; ', 'lpips_1=0.003752; ', 'codec_recon_1=0.290376; ', 'bpp_1=0.299391; ', 'mse_2=0.001228; ', 'lpips_2=0.003302; ', 'codec_recon_2=0.061696; ', 'bpp_2=0.282586; ']
train step[631/2000] ; used: 14m:32s; eta: 31m:29s; loss = 0.521589; ['mse_0=0.001934; ', 'lpips_0=0.006998; ', 'codec_recon_0=0.035474; ', 'bpp_0=5.979109; ', 'mse_1=0.001598; ', 'lpips_1=0.005653; ', 'codec_recon_1=0.385050; ', 'bpp_1=0.297106; ', 'mse_2=0.001093; ', 'lpips_2=0.004330; ', 'codec_recon_2=0.079459; ', 'bpp_2=0.281391; ']
train step[632/2000] ; used: 14m:33s; eta: 31m:27s; loss = 0.375381; ['mse_0=0.000351; ', 'lpips_0=0.003116; ', 'codec_recon_0=0.030410; ', 'bpp_0=5.843932; ', 'mse_1=0.000258; ', 'lpips_1=0.002390; ', 'codec_recon_1=0.259839; ', 'bpp_1=0.291887; ', 'mse_2=0.000197; ', 'lpips_2=0.002042; ', 'codec_recon_2=0.076778; ', 'bpp_2=0.271596; ']
train step[633/2000] ; used: 14m:34s; eta: 31m:25s; loss = 0.392584; ['mse_0=0.000562; ', 'lpips_0=0.005926; ', 'codec_recon_0=0.032303; ', 'bpp_0=5.791185; ', 'mse_1=0.000439; ', 'lpips_1=0.004974; ', 'codec_recon_1=0.261527; ', 'bpp_1=0.289730; ', 'mse_2=0.000400; ', 'lpips_2=0.004733; ', 'codec_recon_2=0.081718; ', 'bpp_2=0.273778; ']
train step[634/2000] ; used: 14m:35s; eta: 31m:24s; loss = 0.405248; ['mse_0=0.001239; ', 'lpips_0=0.003578; ', 'codec_recon_0=0.037505; ', 'bpp_0=5.889246; ', 'mse_1=0.001017; ', 'lpips_1=0.002774; ', 'codec_recon_1=0.277569; ', 'bpp_1=0.293350; ', 'mse_2=0.000947; ', 'lpips_2=0.002469; ', 'codec_recon_2=0.078151; ', 'bpp_2=0.275504; ']
train step[635/2000] ; used: 14m:37s; eta: 31m:22s; loss = 0.474411; ['mse_0=0.006077; ', 'lpips_0=0.007900; ', 'codec_recon_0=0.031240; ', 'bpp_0=6.128023; ', 'mse_1=0.005275; ', 'lpips_1=0.006850; ', 'codec_recon_1=0.345243; ', 'bpp_1=0.300562; ', 'mse_2=0.004928; ', 'lpips_2=0.005551; ', 'codec_recon_2=0.061348; ', 'bpp_2=0.285863; ']
train step[636/2000] ; used: 14m:38s; eta: 31m:20s; loss = 0.373008; ['mse_0=0.000744; ', 'lpips_0=0.003420; ', 'codec_recon_0=0.026702; ', 'bpp_0=5.953802; ', 'mse_1=0.000555; ', 'lpips_1=0.002784; ', 'codec_recon_1=0.274686; ', 'bpp_1=0.295761; ', 'mse_2=0.000443; ', 'lpips_2=0.002363; ', 'codec_recon_2=0.061309; ', 'bpp_2=0.277495; ']
train step[637/2000] ; used: 14m:39s; eta: 31m:18s; loss = 0.430020; ['mse_0=0.001950; ', 'lpips_0=0.005479; ', 'codec_recon_0=0.030536; ', 'bpp_0=6.146356; ', 'mse_1=0.001776; ', 'lpips_1=0.004681; ', 'codec_recon_1=0.311427; ', 'bpp_1=0.301734; ', 'mse_2=0.001737; ', 'lpips_2=0.004225; ', 'codec_recon_2=0.068210; ', 'bpp_2=0.285139; ']
train step[638/2000] ; used: 14m:40s; eta: 31m:16s; loss = 0.462575; ['mse_0=0.002404; ', 'lpips_0=0.007271; ', 'codec_recon_0=0.034305; ', 'bpp_0=6.079411; ', 'mse_1=0.001934; ', 'lpips_1=0.006044; ', 'codec_recon_1=0.335889; ', 'bpp_1=0.298170; ', 'mse_2=0.001715; ', 'lpips_2=0.005169; ', 'codec_recon_2=0.067844; ', 'bpp_2=0.283646; ']
train step[639/2000] ; used: 14m:41s; eta: 31m:15s; loss = 0.435496; ['mse_0=0.002331; ', 'lpips_0=0.004703; ', 'codec_recon_0=0.030051; ', 'bpp_0=6.146168; ', 'mse_1=0.002048; ', 'lpips_1=0.003748; ', 'codec_recon_1=0.324297; ', 'bpp_1=0.299307; ', 'mse_2=0.001839; ', 'lpips_2=0.002876; ', 'codec_recon_2=0.063604; ', 'bpp_2=0.283787; ']
train step[640/2000] ; used: 14m:42s; eta: 31m:13s; loss = 0.389390; ['mse_0=0.003970; ', 'lpips_0=0.005575; ', 'codec_recon_0=0.034969; ', 'bpp_0=5.777419; ', 'mse_1=0.003916; ', 'lpips_1=0.004966; ', 'codec_recon_1=0.257029; ', 'bpp_1=0.290469; ', 'mse_2=0.003976; ', 'lpips_2=0.004784; ', 'codec_recon_2=0.070204; ', 'bpp_2=0.272963; ']
train step[641/2000] ; used: 14m:44s; eta: 31m:11s; loss = 0.471035; ['mse_0=0.001992; ', 'lpips_0=0.005732; ', 'codec_recon_0=0.035591; ', 'bpp_0=6.185892; ', 'mse_1=0.001463; ', 'lpips_1=0.004528; ', 'codec_recon_1=0.349333; ', 'bpp_1=0.301564; ', 'mse_2=0.001143; ', 'lpips_2=0.003356; ', 'codec_recon_2=0.067898; ', 'bpp_2=0.288738; ']
train step[642/2000] ; used: 14m:45s; eta: 31m:9s; loss = 0.405479; ['mse_0=0.002094; ', 'lpips_0=0.004340; ', 'codec_recon_0=0.028167; ', 'bpp_0=6.206072; ', 'mse_1=0.001748; ', 'lpips_1=0.003441; ', 'codec_recon_1=0.300353; ', 'bpp_1=0.303123; ', 'mse_2=0.001610; ', 'lpips_2=0.002892; ', 'codec_recon_2=0.060833; ', 'bpp_2=0.287747; ']
train step[643/2000] ; used: 14m:46s; eta: 31m:7s; loss = 0.507709; ['mse_0=0.003551; ', 'lpips_0=0.006267; ', 'codec_recon_0=0.050727; ', 'bpp_0=6.042143; ', 'mse_1=0.003066; ', 'lpips_1=0.005153; ', 'codec_recon_1=0.344512; ', 'bpp_1=0.294991; ', 'mse_2=0.002886; ', 'lpips_2=0.004219; ', 'codec_recon_2=0.087328; ', 'bpp_2=0.277232; ']
train step[644/2000] ; used: 14m:47s; eta: 31m:6s; loss = 0.446174; ['mse_0=0.000604; ', 'lpips_0=0.004057; ', 'codec_recon_0=0.039627; ', 'bpp_0=5.897270; ', 'mse_1=0.000390; ', 'lpips_1=0.003111; ', 'codec_recon_1=0.317586; ', 'bpp_1=0.288965; ', 'mse_2=0.000250; ', 'lpips_2=0.002482; ', 'codec_recon_2=0.078068; ', 'bpp_2=0.273675; ']
train step[645/2000] ; used: 14m:48s; eta: 31m:4s; loss = 0.415277; ['mse_0=0.001688; ', 'lpips_0=0.004587; ', 'codec_recon_0=0.034407; ', 'bpp_0=6.012531; ', 'mse_1=0.001389; ', 'lpips_1=0.003810; ', 'codec_recon_1=0.295732; ', 'bpp_1=0.295887; ', 'mse_2=0.001165; ', 'lpips_2=0.003292; ', 'codec_recon_2=0.069207; ', 'bpp_2=0.278921; ']
train step[646/2000] ; used: 14m:49s; eta: 31m:2s; loss = 0.396416; ['mse_0=0.000661; ', 'lpips_0=0.004476; ', 'codec_recon_0=0.032217; ', 'bpp_0=5.936660; ', 'mse_1=0.000493; ', 'lpips_1=0.003709; ', 'codec_recon_1=0.279008; ', 'bpp_1=0.292626; ', 'mse_2=0.000423; ', 'lpips_2=0.003399; ', 'codec_recon_2=0.072031; ', 'bpp_2=0.276287; ']
train step[647/2000] ; used: 14m:50s; eta: 31m; loss = 0.417773; ['mse_0=0.001005; ', 'lpips_0=0.003857; ', 'codec_recon_0=0.031331; ', 'bpp_0=6.161958; ', 'mse_1=0.000762; ', 'lpips_1=0.002890; ', 'codec_recon_1=0.313305; ', 'bpp_1=0.300252; ', 'mse_2=0.000617; ', 'lpips_2=0.002322; ', 'codec_recon_2=0.061684; ', 'bpp_2=0.283851; ']
train step[648/2000] ; used: 14m:52s; eta: 30m:58s; loss = 0.434857; ['mse_0=0.000751; ', 'lpips_0=0.004436; ', 'codec_recon_0=0.030733; ', 'bpp_0=6.004676; ', 'mse_1=0.000531; ', 'lpips_1=0.003392; ', 'codec_recon_1=0.324251; ', 'bpp_1=0.294872; ', 'mse_2=0.000386; ', 'lpips_2=0.002734; ', 'codec_recon_2=0.067643; ', 'bpp_2=0.280098; ']
train step[649/2000] ; used: 14m:53s; eta: 30m:56s; loss = 0.429111; ['mse_0=0.002078; ', 'lpips_0=0.005189; ', 'codec_recon_0=0.031631; ', 'bpp_0=6.124170; ', 'mse_1=0.001635; ', 'lpips_1=0.004174; ', 'codec_recon_1=0.319259; ', 'bpp_1=0.299553; ', 'mse_2=0.001264; ', 'lpips_2=0.003275; ', 'codec_recon_2=0.060607; ', 'bpp_2=0.286199; ']
train step[650/2000] ; used: 14m:54s; eta: 30m:54s; loss = 0.377785; ['mse_0=0.001204; ', 'lpips_0=0.003623; ', 'codec_recon_0=0.029559; ', 'bpp_0=6.062906; ', 'mse_1=0.000853; ', 'lpips_1=0.002869; ', 'codec_recon_1=0.281904; ', 'bpp_1=0.295790; ', 'mse_2=0.000528; ', 'lpips_2=0.002280; ', 'codec_recon_2=0.054964; ', 'bpp_2=0.278201; ']
train step[651/2000] ; used: 14m:55s; eta: 30m:52s; loss = 0.378028; ['mse_0=0.000399; ', 'lpips_0=0.003080; ', 'codec_recon_0=0.029728; ', 'bpp_0=5.973638; ', 'mse_1=0.000276; ', 'lpips_1=0.002320; ', 'codec_recon_1=0.271596; ', 'bpp_1=0.293878; ', 'mse_2=0.000221; ', 'lpips_2=0.002002; ', 'codec_recon_2=0.068406; ', 'bpp_2=0.276251; ']
train step[652/2000] ; used: 14m:56s; eta: 30m:51s; loss = 0.380883; ['mse_0=0.001010; ', 'lpips_0=0.003201; ', 'codec_recon_0=0.031072; ', 'bpp_0=6.136217; ', 'mse_1=0.000826; ', 'lpips_1=0.002455; ', 'codec_recon_1=0.276853; ', 'bpp_1=0.299188; ', 'mse_2=0.000759; ', 'lpips_2=0.002127; ', 'codec_recon_2=0.062581; ', 'bpp_2=0.282843; ']
train step[653/2000] ; used: 14m:58s; eta: 30m:50s; loss = 0.468161; ['mse_0=0.001184; ', 'lpips_0=0.005150; ', 'codec_recon_0=0.039648; ', 'bpp_0=6.092182; ', 'mse_1=0.000897; ', 'lpips_1=0.004078; ', 'codec_recon_1=0.330543; ', 'bpp_1=0.296296; ', 'mse_2=0.000742; ', 'lpips_2=0.003325; ', 'codec_recon_2=0.082594; ', 'bpp_2=0.281484; ']
train step[654/2000] ; used: 14m:59s; eta: 30m:48s; loss = 0.406296; ['mse_0=0.000624; ', 'lpips_0=0.004076; ', 'codec_recon_0=0.037259; ', 'bpp_0=5.923604; ', 'mse_1=0.000491; ', 'lpips_1=0.003325; ', 'codec_recon_1=0.284780; ', 'bpp_1=0.292033; ', 'mse_2=0.000408; ', 'lpips_2=0.002838; ', 'codec_recon_2=0.072494; ', 'bpp_2=0.274395; ']
train step[655/2000] ; used: 15m; eta: 30m:46s; loss = 0.438925; ['mse_0=0.001661; ', 'lpips_0=0.005558; ', 'codec_recon_0=0.049495; ', 'bpp_0=5.958201; ', 'mse_1=0.001451; ', 'lpips_1=0.004855; ', 'codec_recon_1=0.278546; ', 'bpp_1=0.295485; ', 'mse_2=0.001386; ', 'lpips_2=0.004486; ', 'codec_recon_2=0.091487; ', 'bpp_2=0.279599; ']
train step[656/2000] ; used: 15m:1s; eta: 30m:45s; loss = 0.433267; ['mse_0=0.001006; ', 'lpips_0=0.004234; ', 'codec_recon_0=0.041797; ', 'bpp_0=6.008636; ', 'mse_1=0.000772; ', 'lpips_1=0.003375; ', 'codec_recon_1=0.292103; ', 'bpp_1=0.295006; ', 'mse_2=0.000674; ', 'lpips_2=0.002890; ', 'codec_recon_2=0.086418; ', 'bpp_2=0.277709; ']
train step[657/2000] ; used: 15m:3s; eta: 30m:43s; loss = 0.423500; ['mse_0=0.001173; ', 'lpips_0=0.004429; ', 'codec_recon_0=0.031355; ', 'bpp_0=6.166326; ', 'mse_1=0.000921; ', 'lpips_1=0.003417; ', 'codec_recon_1=0.309882; ', 'bpp_1=0.300616; ', 'mse_2=0.000804; ', 'lpips_2=0.002733; ', 'codec_recon_2=0.068787; ', 'bpp_2=0.285668; ']
train step[658/2000] ; used: 15m:4s; eta: 30m:41s; loss = 0.426187; ['mse_0=0.000687; ', 'lpips_0=0.004857; ', 'codec_recon_0=0.036046; ', 'bpp_0=6.049726; ', 'mse_1=0.000475; ', 'lpips_1=0.003578; ', 'codec_recon_1=0.300897; ', 'bpp_1=0.295685; ', 'mse_2=0.000304; ', 'lpips_2=0.002560; ', 'codec_recon_2=0.076783; ', 'bpp_2=0.279241; ']
train step[659/2000] ; used: 15m:5s; eta: 30m:39s; loss = 0.403312; ['mse_0=0.001138; ', 'lpips_0=0.004676; ', 'codec_recon_0=0.037158; ', 'bpp_0=5.920719; ', 'mse_1=0.000955; ', 'lpips_1=0.003869; ', 'codec_recon_1=0.274734; ', 'bpp_1=0.292038; ', 'mse_2=0.000911; ', 'lpips_2=0.003498; ', 'codec_recon_2=0.076372; ', 'bpp_2=0.275660; ']
train step[660/2000] ; used: 15m:6s; eta: 30m:37s; loss = 0.391650; ['mse_0=0.000763; ', 'lpips_0=0.004290; ', 'codec_recon_0=0.035635; ', 'bpp_0=5.825214; ', 'mse_1=0.000595; ', 'lpips_1=0.003477; ', 'codec_recon_1=0.265935; ', 'bpp_1=0.290900; ', 'mse_2=0.000543; ', 'lpips_2=0.003163; ', 'codec_recon_2=0.077248; ', 'bpp_2=0.273659; ']
train step[661/2000] ; used: 15m:7s; eta: 30m:36s; loss = 0.427567; ['mse_0=0.002663; ', 'lpips_0=0.005548; ', 'codec_recon_0=0.042706; ', 'bpp_0=6.053235; ', 'mse_1=0.002360; ', 'lpips_1=0.004772; ', 'codec_recon_1=0.290593; ', 'bpp_1=0.298017; ', 'mse_2=0.002219; ', 'lpips_2=0.004445; ', 'codec_recon_2=0.072261; ', 'bpp_2=0.282188; ']
train step[662/2000] ; used: 15m:8s; eta: 30m:34s; loss = 0.460281; ['mse_0=0.001110; ', 'lpips_0=0.005090; ', 'codec_recon_0=0.040349; ', 'bpp_0=6.038064; ', 'mse_1=0.000786; ', 'lpips_1=0.004164; ', 'codec_recon_1=0.330555; ', 'bpp_1=0.296026; ', 'mse_2=0.000541; ', 'lpips_2=0.003244; ', 'codec_recon_2=0.074442; ', 'bpp_2=0.281413; ']
train step[663/2000] ; used: 15m:10s; eta: 30m:32s; loss = 0.379921; ['mse_0=0.001093; ', 'lpips_0=0.003877; ', 'codec_recon_0=0.035943; ', 'bpp_0=5.944659; ', 'mse_1=0.000893; ', 'lpips_1=0.003300; ', 'codec_recon_1=0.259895; ', 'bpp_1=0.295393; ', 'mse_2=0.000817; ', 'lpips_2=0.003077; ', 'codec_recon_2=0.071026; ', 'bpp_2=0.278195; ']
train step[664/2000] ; used: 15m:11s; eta: 30m:30s; loss = 0.445745; ['mse_0=0.001500; ', 'lpips_0=0.004959; ', 'codec_recon_0=0.044887; ', 'bpp_0=6.058123; ', 'mse_1=0.001157; ', 'lpips_1=0.003886; ', 'codec_recon_1=0.311818; ', 'bpp_1=0.296971; ', 'mse_2=0.000963; ', 'lpips_2=0.003271; ', 'codec_recon_2=0.073303; ', 'bpp_2=0.281626; ']
train step[665/2000] ; used: 15m:12s; eta: 30m:29s; loss = 0.427456; ['mse_0=0.001674; ', 'lpips_0=0.006665; ', 'codec_recon_0=0.051393; ', 'bpp_0=5.735291; ', 'mse_1=0.001556; ', 'lpips_1=0.005999; ', 'codec_recon_1=0.264669; ', 'bpp_1=0.289350; ', 'mse_2=0.001503; ', 'lpips_2=0.005717; ', 'codec_recon_2=0.088279; ', 'bpp_2=0.274251; ']
train step[666/2000] ; used: 15m:13s; eta: 30m:27s; loss = 0.460284; ['mse_0=0.000493; ', 'lpips_0=0.003874; ', 'codec_recon_0=0.047439; ', 'bpp_0=6.076851; ', 'mse_1=0.000341; ', 'lpips_1=0.002961; ', 'codec_recon_1=0.317251; ', 'bpp_1=0.296877; ', 'mse_2=0.000241; ', 'lpips_2=0.002121; ', 'codec_recon_2=0.085563; ', 'bpp_2=0.280511; ']
train step[667/2000] ; used: 15m:14s; eta: 30m:25s; loss = 0.572879; ['mse_0=0.003613; ', 'lpips_0=0.008485; ', 'codec_recon_0=0.056110; ', 'bpp_0=6.166702; ', 'mse_1=0.003329; ', 'lpips_1=0.007208; ', 'codec_recon_1=0.390246; ', 'bpp_1=0.299489; ', 'mse_2=0.003280; ', 'lpips_2=0.006432; ', 'codec_recon_2=0.094176; ', 'bpp_2=0.286362; ']
train step[668/2000] ; used: 15m:15s; eta: 30m:23s; loss = 0.404020; ['mse_0=0.000889; ', 'lpips_0=0.004137; ', 'codec_recon_0=0.039763; ', 'bpp_0=5.993039; ', 'mse_1=0.000733; ', 'lpips_1=0.003340; ', 'codec_recon_1=0.277510; ', 'bpp_1=0.295095; ', 'mse_2=0.000654; ', 'lpips_2=0.003018; ', 'codec_recon_2=0.073975; ', 'bpp_2=0.279478; ']
train step[669/2000] ; used: 15m:16s; eta: 30m:21s; loss = 0.483392; ['mse_0=0.002403; ', 'lpips_0=0.005913; ', 'codec_recon_0=0.051215; ', 'bpp_0=6.016312; ', 'mse_1=0.002100; ', 'lpips_1=0.004952; ', 'codec_recon_1=0.328685; ', 'bpp_1=0.295368; ', 'mse_2=0.001919; ', 'lpips_2=0.004394; ', 'codec_recon_2=0.081811; ', 'bpp_2=0.280723; ']
train step[670/2000] ; used: 15m:18s; eta: 30m:19s; loss = 0.415898; ['mse_0=0.001132; ', 'lpips_0=0.003913; ', 'codec_recon_0=0.040715; ', 'bpp_0=6.096452; ', 'mse_1=0.000819; ', 'lpips_1=0.002996; ', 'codec_recon_1=0.292648; ', 'bpp_1=0.298272; ', 'mse_2=0.000640; ', 'lpips_2=0.002416; ', 'codec_recon_2=0.070620; ', 'bpp_2=0.282989; ']
train step[671/2000] ; used: 15m:19s; eta: 30m:18s; loss = 0.406828; ['mse_0=0.000576; ', 'lpips_0=0.004683; ', 'codec_recon_0=0.041478; ', 'bpp_0=5.785396; ', 'mse_1=0.000453; ', 'lpips_1=0.003948; ', 'codec_recon_1=0.273212; ', 'bpp_1=0.291113; ', 'mse_2=0.000380; ', 'lpips_2=0.003573; ', 'codec_recon_2=0.078524; ', 'bpp_2=0.274192; ']
train step[672/2000] ; used: 15m:20s; eta: 30m:16s; loss = 0.486842; ['mse_0=0.000999; ', 'lpips_0=0.004156; ', 'codec_recon_0=0.060125; ', 'bpp_0=5.989281; ', 'mse_1=0.000663; ', 'lpips_1=0.003049; ', 'codec_recon_1=0.325530; ', 'bpp_1=0.296558; ', 'mse_2=0.000403; ', 'lpips_2=0.002238; ', 'codec_recon_2=0.089679; ', 'bpp_2=0.278286; ']
train step[673/2000] ; used: 15m:21s; eta: 30m:14s; loss = 0.607107; ['mse_0=0.006552; ', 'lpips_0=0.009196; ', 'codec_recon_0=0.070990; ', 'bpp_0=6.110783; ', 'mse_1=0.006034; ', 'lpips_1=0.007838; ', 'codec_recon_1=0.407221; ', 'bpp_1=0.298334; ', 'mse_2=0.005831; ', 'lpips_2=0.007104; ', 'codec_recon_2=0.086341; ', 'bpp_2=0.285623; ']
train step[674/2000] ; used: 15m:22s; eta: 30m:12s; loss = 0.445333; ['mse_0=0.000836; ', 'lpips_0=0.004308; ', 'codec_recon_0=0.046552; ', 'bpp_0=5.932582; ', 'mse_1=0.000611; ', 'lpips_1=0.003432; ', 'codec_recon_1=0.303844; ', 'bpp_1=0.293426; ', 'mse_2=0.000439; ', 'lpips_2=0.002775; ', 'codec_recon_2=0.082537; ', 'bpp_2=0.275974; ']
train step[675/2000] ; used: 15m:23s; eta: 30m:11s; loss = 0.428133; ['mse_0=0.000930; ', 'lpips_0=0.004449; ', 'codec_recon_0=0.045784; ', 'bpp_0=5.975048; ', 'mse_1=0.000760; ', 'lpips_1=0.003550; ', 'codec_recon_1=0.292668; ', 'bpp_1=0.295910; ', 'mse_2=0.000677; ', 'lpips_2=0.003127; ', 'codec_recon_2=0.076189; ', 'bpp_2=0.279845; ']
train step[676/2000] ; used: 15m:25s; eta: 30m:9s; loss = 0.440599; ['mse_0=0.004603; ', 'lpips_0=0.007177; ', 'codec_recon_0=0.047935; ', 'bpp_0=6.017486; ', 'mse_1=0.004106; ', 'lpips_1=0.006330; ', 'codec_recon_1=0.292308; ', 'bpp_1=0.297337; ', 'mse_2=0.004072; ', 'lpips_2=0.006011; ', 'codec_recon_2=0.068058; ', 'bpp_2=0.281436; ']
train step[677/2000] ; used: 15m:26s; eta: 30m:7s; loss = 0.444889; ['mse_0=0.003031; ', 'lpips_0=0.005273; ', 'codec_recon_0=0.053183; ', 'bpp_0=5.994263; ', 'mse_1=0.002721; ', 'lpips_1=0.004299; ', 'codec_recon_1=0.293282; ', 'bpp_1=0.297445; ', 'mse_2=0.002590; ', 'lpips_2=0.003868; ', 'codec_recon_2=0.076641; ', 'bpp_2=0.280926; ']
train step[678/2000] ; used: 15m:27s; eta: 30m:6s; loss = 0.442306; ['mse_0=0.000907; ', 'lpips_0=0.004333; ', 'codec_recon_0=0.059039; ', 'bpp_0=5.871675; ', 'mse_1=0.000706; ', 'lpips_1=0.003475; ', 'codec_recon_1=0.279533; ', 'bpp_1=0.292350; ', 'mse_2=0.000620; ', 'lpips_2=0.003121; ', 'codec_recon_2=0.090572; ', 'bpp_2=0.275983; ']
train step[679/2000] ; used: 15m:28s; eta: 30m:4s; loss = 0.399134; ['mse_0=0.002864; ', 'lpips_0=0.005763; ', 'codec_recon_0=0.042412; ', 'bpp_0=6.024853; ', 'mse_1=0.002648; ', 'lpips_1=0.005176; ', 'codec_recon_1=0.260855; ', 'bpp_1=0.297286; ', 'mse_2=0.002591; ', 'lpips_2=0.004899; ', 'codec_recon_2=0.071926; ', 'bpp_2=0.280538; ']
train step[680/2000] ; used: 15m:29s; eta: 30m:2s; loss = 0.467812; ['mse_0=0.000935; ', 'lpips_0=0.003871; ', 'codec_recon_0=0.061820; ', 'bpp_0=6.173478; ', 'mse_1=0.000525; ', 'lpips_1=0.002606; ', 'codec_recon_1=0.310186; ', 'bpp_1=0.300323; ', 'mse_2=0.000397; ', 'lpips_2=0.002095; ', 'codec_recon_2=0.085378; ', 'bpp_2=0.287420; ']
train step[681/2000] ; used: 15m:31s; eta: 30m; loss = 0.416091; ['mse_0=0.002560; ', 'lpips_0=0.008308; ', 'codec_recon_0=0.050145; ', 'bpp_0=5.667533; ', 'mse_1=0.002523; ', 'lpips_1=0.007612; ', 'codec_recon_1=0.246555; ', 'bpp_1=0.288228; ', 'mse_2=0.002498; ', 'lpips_2=0.007485; ', 'codec_recon_2=0.088405; ', 'bpp_2=0.271567; ']
train step[682/2000] ; used: 15m:32s; eta: 29m:58s; loss = 0.515759; ['mse_0=0.002603; ', 'lpips_0=0.007382; ', 'codec_recon_0=0.064909; ', 'bpp_0=6.037434; ', 'mse_1=0.002126; ', 'lpips_1=0.006124; ', 'codec_recon_1=0.335079; ', 'bpp_1=0.296918; ', 'mse_2=0.001988; ', 'lpips_2=0.005425; ', 'codec_recon_2=0.090126; ', 'bpp_2=0.283146; ']
train step[683/2000] ; used: 15m:33s; eta: 29m:56s; loss = 0.443840; ['mse_0=0.002047; ', 'lpips_0=0.004655; ', 'codec_recon_0=0.057071; ', 'bpp_0=6.110518; ', 'mse_1=0.001658; ', 'lpips_1=0.003697; ', 'codec_recon_1=0.289006; ', 'bpp_1=0.298379; ', 'mse_2=0.001556; ', 'lpips_2=0.003286; ', 'codec_recon_2=0.080864; ', 'bpp_2=0.283889; ']
train step[684/2000] ; used: 15m:34s; eta: 29m:55s; loss = 0.487163; ['mse_0=0.001205; ', 'lpips_0=0.005882; ', 'codec_recon_0=0.063655; ', 'bpp_0=5.937179; ', 'mse_1=0.000989; ', 'lpips_1=0.004778; ', 'codec_recon_1=0.300246; ', 'bpp_1=0.292847; ', 'mse_2=0.000913; ', 'lpips_2=0.004341; ', 'codec_recon_2=0.105153; ', 'bpp_2=0.277725; ']
train step[685/2000] ; used: 15m:35s; eta: 29m:53s; loss = 0.451322; ['mse_0=0.000758; ', 'lpips_0=0.005744; ', 'codec_recon_0=0.058200; ', 'bpp_0=5.909604; ', 'mse_1=0.000597; ', 'lpips_1=0.004617; ', 'codec_recon_1=0.281742; ', 'bpp_1=0.294715; ', 'mse_2=0.000543; ', 'lpips_2=0.004186; ', 'codec_recon_2=0.094935; ', 'bpp_2=0.278395; ']
train step[686/2000] ; used: 15m:36s; eta: 29m:51s; loss = 0.509204; ['mse_0=0.001613; ', 'lpips_0=0.005272; ', 'codec_recon_0=0.071106; ', 'bpp_0=6.150315; ', 'mse_1=0.000968; ', 'lpips_1=0.003057; ', 'codec_recon_1=0.330933; ', 'bpp_1=0.299570; ', 'mse_2=0.000638; ', 'lpips_2=0.001783; ', 'codec_recon_2=0.093834; ', 'bpp_2=0.285614; ']
train step[687/2000] ; used: 15m:37s; eta: 29m:49s; loss = 0.463528; ['mse_0=0.000957; ', 'lpips_0=0.005027; ', 'codec_recon_0=0.068890; ', 'bpp_0=5.866154; ', 'mse_1=0.000687; ', 'lpips_1=0.003936; ', 'codec_recon_1=0.281576; ', 'bpp_1=0.293246; ', 'mse_2=0.000639; ', 'lpips_2=0.003679; ', 'codec_recon_2=0.098137; ', 'bpp_2=0.277286; ']
train step[688/2000] ; used: 15m:39s; eta: 29m:48s; loss = 0.512005; ['mse_0=0.004077; ', 'lpips_0=0.006789; ', 'codec_recon_0=0.074726; ', 'bpp_0=6.027639; ', 'mse_1=0.003034; ', 'lpips_1=0.005339; ', 'codec_recon_1=0.326407; ', 'bpp_1=0.297772; ', 'mse_2=0.002547; ', 'lpips_2=0.004443; ', 'codec_recon_2=0.084643; ', 'bpp_2=0.285460; ']
train step[689/2000] ; used: 15m:40s; eta: 29m:46s; loss = 0.462973; ['mse_0=0.001321; ', 'lpips_0=0.004227; ', 'codec_recon_0=0.065686; ', 'bpp_0=6.063510; ', 'mse_1=0.000917; ', 'lpips_1=0.003090; ', 'codec_recon_1=0.299153; ', 'bpp_1=0.296912; ', 'mse_2=0.000733; ', 'lpips_2=0.002611; ', 'codec_recon_2=0.085234; ', 'bpp_2=0.282016; ']
train step[690/2000] ; used: 15m:41s; eta: 29m:44s; loss = 0.456828; ['mse_0=0.001734; ', 'lpips_0=0.005403; ', 'codec_recon_0=0.062506; ', 'bpp_0=6.048057; ', 'mse_1=0.001159; ', 'lpips_1=0.004109; ', 'codec_recon_1=0.289936; ', 'bpp_1=0.296651; ', 'mse_2=0.001018; ', 'lpips_2=0.003641; ', 'codec_recon_2=0.087322; ', 'bpp_2=0.282436; ']
train step[691/2000] ; used: 15m:42s; eta: 29m:42s; loss = 0.520055; ['mse_0=0.002988; ', 'lpips_0=0.005907; ', 'codec_recon_0=0.068067; ', 'bpp_0=6.161590; ', 'mse_1=0.002245; ', 'lpips_1=0.004247; ', 'codec_recon_1=0.352349; ', 'bpp_1=0.300829; ', 'mse_2=0.001794; ', 'lpips_2=0.003188; ', 'codec_recon_2=0.079270; ', 'bpp_2=0.288068; ']
train step[692/2000] ; used: 15m:43s; eta: 29m:41s; loss = 0.481621; ['mse_0=0.001116; ', 'lpips_0=0.005175; ', 'codec_recon_0=0.066309; ', 'bpp_0=5.972988; ', 'mse_1=0.000646; ', 'lpips_1=0.003665; ', 'codec_recon_1=0.305515; ', 'bpp_1=0.295117; ', 'mse_2=0.000577; ', 'lpips_2=0.003173; ', 'codec_recon_2=0.095444; ', 'bpp_2=0.279680; ']
train step[693/2000] ; used: 15m:45s; eta: 29m:39s; loss = 0.479410; ['mse_0=0.002265; ', 'lpips_0=0.006296; ', 'codec_recon_0=0.068111; ', 'bpp_0=6.061882; ', 'mse_1=0.001877; ', 'lpips_1=0.005064; ', 'codec_recon_1=0.299046; ', 'bpp_1=0.297873; ', 'mse_2=0.001793; ', 'lpips_2=0.004706; ', 'codec_recon_2=0.090252; ', 'bpp_2=0.284084; ']
train step[694/2000] ; used: 15m:46s; eta: 29m:38s; loss = 0.528390; ['mse_0=0.004241; ', 'lpips_0=0.009400; ', 'codec_recon_0=0.069000; ', 'bpp_0=6.110447; ', 'mse_1=0.004074; ', 'lpips_1=0.008153; ', 'codec_recon_1=0.327216; ', 'bpp_1=0.300526; ', 'mse_2=0.004007; ', 'lpips_2=0.007650; ', 'codec_recon_2=0.094649; ', 'bpp_2=0.286932; ']
train step[695/2000] ; used: 15m:47s; eta: 29m:36s; loss = 0.537464; ['mse_0=0.003604; ', 'lpips_0=0.006020; ', 'codec_recon_0=0.068482; ', 'bpp_0=6.076018; ', 'mse_1=0.003070; ', 'lpips_1=0.004294; ', 'codec_recon_1=0.341452; ', 'bpp_1=0.298341; ', 'mse_2=0.002818; ', 'lpips_2=0.003233; ', 'codec_recon_2=0.104492; ', 'bpp_2=0.283808; ']
train step[696/2000] ; used: 15m:48s; eta: 29m:34s; loss = 0.502732; ['mse_0=0.001038; ', 'lpips_0=0.006126; ', 'codec_recon_0=0.070317; ', 'bpp_0=5.978580; ', 'mse_1=0.000777; ', 'lpips_1=0.004935; ', 'codec_recon_1=0.310622; ', 'bpp_1=0.294900; ', 'mse_2=0.000628; ', 'lpips_2=0.004570; ', 'codec_recon_2=0.103719; ', 'bpp_2=0.280961; ']
train step[697/2000] ; used: 15m:49s; eta: 29m:33s; loss = 0.550691; ['mse_0=0.003917; ', 'lpips_0=0.006862; ', 'codec_recon_0=0.071417; ', 'bpp_0=6.217111; ', 'mse_1=0.002723; ', 'lpips_1=0.004611; ', 'codec_recon_1=0.364462; ', 'bpp_1=0.301773; ', 'mse_2=0.002098; ', 'lpips_2=0.003434; ', 'codec_recon_2=0.091167; ', 'bpp_2=0.291469; ']
train step[698/2000] ; used: 15m:50s; eta: 29m:31s; loss = 0.441155; ['mse_0=0.000870; ', 'lpips_0=0.005509; ', 'codec_recon_0=0.062848; ', 'bpp_0=5.919459; ', 'mse_1=0.000689; ', 'lpips_1=0.004487; ', 'codec_recon_1=0.271793; ', 'bpp_1=0.294183; ', 'mse_2=0.000641; ', 'lpips_2=0.004159; ', 'codec_recon_2=0.090160; ', 'bpp_2=0.278877; ']
train step[699/2000] ; used: 15m:52s; eta: 29m:29s; loss = 0.434333; ['mse_0=0.000763; ', 'lpips_0=0.004382; ', 'codec_recon_0=0.055532; ', 'bpp_0=5.959468; ', 'mse_1=0.000705; ', 'lpips_1=0.003617; ', 'codec_recon_1=0.269326; ', 'bpp_1=0.294865; ', 'mse_2=0.000701; ', 'lpips_2=0.003382; ', 'codec_recon_2=0.095925; ', 'bpp_2=0.276698; ']
train step[700/2000] ; used: 15m:53s; eta: 29m:27s; loss = 0.491528; ['mse_0=0.002665; ', 'lpips_0=0.005128; ', 'codec_recon_0=0.064675; ', 'bpp_0=6.060273; ', 'mse_1=0.002249; ', 'lpips_1=0.003985; ', 'codec_recon_1=0.313363; ', 'bpp_1=0.296321; ', 'mse_2=0.002159; ', 'lpips_2=0.003440; ', 'codec_recon_2=0.093864; ', 'bpp_2=0.282188; ']
train step[701/2000] ; used: 15m:54s; eta: 29m:26s; loss = 0.495444; ['mse_0=0.001895; ', 'lpips_0=0.004356; ', 'codec_recon_0=0.066903; ', 'bpp_0=6.182414; ', 'mse_1=0.001438; ', 'lpips_1=0.003058; ', 'codec_recon_1=0.322798; ', 'bpp_1=0.301753; ', 'mse_2=0.001283; ', 'lpips_2=0.002584; ', 'codec_recon_2=0.091130; ', 'bpp_2=0.288371; ']
train step[702/2000] ; used: 15m:55s; eta: 29m:24s; loss = 0.598797; ['mse_0=0.008090; ', 'lpips_0=0.007648; ', 'codec_recon_0=0.070164; ', 'bpp_0=6.185204; ', 'mse_1=0.007276; ', 'lpips_1=0.005449; ', 'codec_recon_1=0.393310; ', 'bpp_1=0.300653; ', 'mse_2=0.006858; ', 'lpips_2=0.003920; ', 'codec_recon_2=0.096081; ', 'bpp_2=0.289343; ']
train step[703/2000] ; used: 15m:56s; eta: 29m:22s; loss = 0.474631; ['mse_0=0.001733; ', 'lpips_0=0.005308; ', 'codec_recon_0=0.059952; ', 'bpp_0=5.984285; ', 'mse_1=0.001410; ', 'lpips_1=0.004138; ', 'codec_recon_1=0.290509; ', 'bpp_1=0.294973; ', 'mse_2=0.001341; ', 'lpips_2=0.003728; ', 'codec_recon_2=0.106512; ', 'bpp_2=0.280120; ']
train step[704/2000] ; used: 15m:57s; eta: 29m:20s; loss = 0.545575; ['mse_0=0.003826; ', 'lpips_0=0.006803; ', 'codec_recon_0=0.072563; ', 'bpp_0=6.191227; ', 'mse_1=0.002828; ', 'lpips_1=0.004662; ', 'codec_recon_1=0.348806; ', 'bpp_1=0.301047; ', 'mse_2=0.002471; ', 'lpips_2=0.003888; ', 'codec_recon_2=0.099728; ', 'bpp_2=0.289980; ']
train step[705/2000] ; used: 15m:58s; eta: 29m:18s; loss = 0.569459; ['mse_0=0.002739; ', 'lpips_0=0.006945; ', 'codec_recon_0=0.067463; ', 'bpp_0=6.242350; ', 'mse_1=0.001771; ', 'lpips_1=0.004263; ', 'codec_recon_1=0.385000; ', 'bpp_1=0.303464; ', 'mse_2=0.001109; ', 'lpips_2=0.002743; ', 'codec_recon_2=0.097426; ', 'bpp_2=0.291627; ']
train step[706/2000] ; used: 16m; eta: 29m:17s; loss = 0.461291; ['mse_0=0.001951; ', 'lpips_0=0.005330; ', 'codec_recon_0=0.058412; ', 'bpp_0=6.048252; ', 'mse_1=0.001674; ', 'lpips_1=0.004313; ', 'codec_recon_1=0.289961; ', 'bpp_1=0.296374; ', 'mse_2=0.001642; ', 'lpips_2=0.004038; ', 'codec_recon_2=0.093970; ', 'bpp_2=0.282535; ']
train step[707/2000] ; used: 16m:1s; eta: 29m:15s; loss = 0.500005; ['mse_0=0.001816; ', 'lpips_0=0.005398; ', 'codec_recon_0=0.065125; ', 'bpp_0=6.059547; ', 'mse_1=0.001325; ', 'lpips_1=0.003672; ', 'codec_recon_1=0.323738; ', 'bpp_1=0.298442; ', 'mse_2=0.001132; ', 'lpips_2=0.002993; ', 'codec_recon_2=0.094805; ', 'bpp_2=0.284816; ']
train step[708/2000] ; used: 16m:2s; eta: 29m:13s; loss = 0.495341; ['mse_0=0.001799; ', 'lpips_0=0.005716; ', 'codec_recon_0=0.061383; ', 'bpp_0=6.136135; ', 'mse_1=0.001303; ', 'lpips_1=0.004464; ', 'codec_recon_1=0.321960; ', 'bpp_1=0.300106; ', 'mse_2=0.001130; ', 'lpips_2=0.003991; ', 'codec_recon_2=0.093594; ', 'bpp_2=0.286896; ']
train step[709/2000] ; used: 16m:3s; eta: 29m:12s; loss = 0.497820; ['mse_0=0.001283; ', 'lpips_0=0.005728; ', 'codec_recon_0=0.067131; ', 'bpp_0=6.010084; ', 'mse_1=0.000883; ', 'lpips_1=0.004572; ', 'codec_recon_1=0.312972; ', 'bpp_1=0.295745; ', 'mse_2=0.000783; ', 'lpips_2=0.004254; ', 'codec_recon_2=0.100215; ', 'bpp_2=0.282156; ']
train step[710/2000] ; used: 16m:4s; eta: 29m:10s; loss = 0.568579; ['mse_0=0.007909; ', 'lpips_0=0.009765; ', 'codec_recon_0=0.069454; ', 'bpp_0=6.244068; ', 'mse_1=0.007163; ', 'lpips_1=0.007817; ', 'codec_recon_1=0.360500; ', 'bpp_1=0.302145; ', 'mse_2=0.006837; ', 'lpips_2=0.006784; ', 'codec_recon_2=0.092351; ', 'bpp_2=0.292770; ']
train step[711/2000] ; used: 16m:6s; eta: 29m:8s; loss = 0.447070; ['mse_0=0.001165; ', 'lpips_0=0.005153; ', 'codec_recon_0=0.060007; ', 'bpp_0=6.032030; ', 'mse_1=0.000824; ', 'lpips_1=0.003980; ', 'codec_recon_1=0.282330; ', 'bpp_1=0.295655; ', 'mse_2=0.000791; ', 'lpips_2=0.003683; ', 'codec_recon_2=0.089135; ', 'bpp_2=0.281671; ']
train step[712/2000] ; used: 16m:7s; eta: 29m:8s; loss = 0.497627; ['mse_0=0.003501; ', 'lpips_0=0.005733; ', 'codec_recon_0=0.061035; ', 'bpp_0=6.193797; ', 'mse_1=0.002926; ', 'lpips_1=0.004172; ', 'codec_recon_1=0.327629; ', 'bpp_1=0.301631; ', 'mse_2=0.002709; ', 'lpips_2=0.003516; ', 'codec_recon_2=0.086406; ', 'bpp_2=0.288987; ']
train step[713/2000] ; used: 16m:9s; eta: 29m:6s; loss = 0.508657; ['mse_0=0.002185; ', 'lpips_0=0.006785; ', 'codec_recon_0=0.063394; ', 'bpp_0=5.987934; ', 'mse_1=0.001639; ', 'lpips_1=0.004860; ', 'codec_recon_1=0.333138; ', 'bpp_1=0.295611; ', 'mse_2=0.001465; ', 'lpips_2=0.004186; ', 'codec_recon_2=0.091005; ', 'bpp_2=0.283181; ']
train step[714/2000] ; used: 16m:10s; eta: 29m:5s; loss = 0.469481; ['mse_0=0.001682; ', 'lpips_0=0.005272; ', 'codec_recon_0=0.057253; ', 'bpp_0=6.083126; ', 'mse_1=0.001244; ', 'lpips_1=0.003967; ', 'codec_recon_1=0.302533; ', 'bpp_1=0.298192; ', 'mse_2=0.001127; ', 'lpips_2=0.003522; ', 'codec_recon_2=0.092880; ', 'bpp_2=0.284203; ']
train step[715/2000] ; used: 16m:11s; eta: 29m:3s; loss = 0.481405; ['mse_0=0.003066; ', 'lpips_0=0.007301; ', 'codec_recon_0=0.062431; ', 'bpp_0=6.020565; ', 'mse_1=0.002685; ', 'lpips_1=0.006351; ', 'codec_recon_1=0.305139; ', 'bpp_1=0.295127; ', 'mse_2=0.002610; ', 'lpips_2=0.005972; ', 'codec_recon_2=0.085849; ', 'bpp_2=0.282943; ']
train step[716/2000] ; used: 16m:12s; eta: 29m:1s; loss = 0.449760; ['mse_0=0.001189; ', 'lpips_0=0.005050; ', 'codec_recon_0=0.063394; ', 'bpp_0=5.968734; ', 'mse_1=0.000908; ', 'lpips_1=0.003975; ', 'codec_recon_1=0.280638; ', 'bpp_1=0.293181; ', 'mse_2=0.000857; ', 'lpips_2=0.003582; ', 'codec_recon_2=0.090167; ', 'bpp_2=0.280136; ']
train step[717/2000] ; used: 16m:13s; eta: 28m:59s; loss = 0.548245; ['mse_0=0.002896; ', 'lpips_0=0.006767; ', 'codec_recon_0=0.065563; ', 'bpp_0=6.235880; ', 'mse_1=0.002234; ', 'lpips_1=0.004782; ', 'codec_recon_1=0.367318; ', 'bpp_1=0.300721; ', 'mse_2=0.001989; ', 'lpips_2=0.003771; ', 'codec_recon_2=0.092926; ', 'bpp_2=0.290647; ']
train step[718/2000] ; used: 16m:14s; eta: 28m:58s; loss = 0.474512; ['mse_0=0.001354; ', 'lpips_0=0.005441; ', 'codec_recon_0=0.060048; ', 'bpp_0=6.068748; ', 'mse_1=0.000946; ', 'lpips_1=0.003762; ', 'codec_recon_1=0.311727; ', 'bpp_1=0.295926; ', 'mse_2=0.000825; ', 'lpips_2=0.003143; ', 'codec_recon_2=0.087265; ', 'bpp_2=0.283529; ']
train step[719/2000] ; used: 16m:16s; eta: 28m:56s; loss = 0.505036; ['mse_0=0.001300; ', 'lpips_0=0.006438; ', 'codec_recon_0=0.057116; ', 'bpp_0=6.008435; ', 'mse_1=0.000826; ', 'lpips_1=0.004586; ', 'codec_recon_1=0.340512; ', 'bpp_1=0.295422; ', 'mse_2=0.000613; ', 'lpips_2=0.003616; ', 'codec_recon_2=0.090029; ', 'bpp_2=0.281643; ']
train step[720/2000] ; used: 16m:17s; eta: 28m:54s; loss = 0.473314; ['mse_0=0.004485; ', 'lpips_0=0.006272; ', 'codec_recon_0=0.061228; ', 'bpp_0=6.065457; ', 'mse_1=0.003891; ', 'lpips_1=0.004770; ', 'codec_recon_1=0.303127; ', 'bpp_1=0.298183; ', 'mse_2=0.003728; ', 'lpips_2=0.004212; ', 'codec_recon_2=0.081600; ', 'bpp_2=0.284863; ']
train step[721/2000] ; used: 16m:18s; eta: 28m:53s; loss = 0.463305; ['mse_0=0.002259; ', 'lpips_0=0.005488; ', 'codec_recon_0=0.055831; ', 'bpp_0=6.058979; ', 'mse_1=0.001509; ', 'lpips_1=0.003947; ', 'codec_recon_1=0.306515; ', 'bpp_1=0.297316; ', 'mse_2=0.001149; ', 'lpips_2=0.003135; ', 'codec_recon_2=0.083472; ', 'bpp_2=0.284618; ']
train step[722/2000] ; used: 16m:19s; eta: 28m:51s; loss = 0.453138; ['mse_0=0.001453; ', 'lpips_0=0.005453; ', 'codec_recon_0=0.058566; ', 'bpp_0=5.932235; ', 'mse_1=0.000968; ', 'lpips_1=0.004156; ', 'codec_recon_1=0.298912; ', 'bpp_1=0.294790; ', 'mse_2=0.000743; ', 'lpips_2=0.003611; ', 'codec_recon_2=0.079276; ', 'bpp_2=0.282181; ']
train step[723/2000] ; used: 16m:20s; eta: 28m:50s; loss = 0.493471; ['mse_0=0.003055; ', 'lpips_0=0.009732; ', 'codec_recon_0=0.063081; ', 'bpp_0=6.113345; ', 'mse_1=0.002190; ', 'lpips_1=0.007981; ', 'codec_recon_1=0.319966; ', 'bpp_1=0.299043; ', 'mse_2=0.001913; ', 'lpips_2=0.007155; ', 'codec_recon_2=0.078397; ', 'bpp_2=0.285646; ']
train step[724/2000] ; used: 16m:22s; eta: 28m:48s; loss = 0.460520; ['mse_0=0.000816; ', 'lpips_0=0.004952; ', 'codec_recon_0=0.054663; ', 'bpp_0=6.059451; ', 'mse_1=0.000472; ', 'lpips_1=0.003571; ', 'codec_recon_1=0.310643; ', 'bpp_1=0.296398; ', 'mse_2=0.000345; ', 'lpips_2=0.002812; ', 'codec_recon_2=0.082245; ', 'bpp_2=0.282636; ']
train step[725/2000] ; used: 16m:23s; eta: 28m:46s; loss = 0.543571; ['mse_0=0.005036; ', 'lpips_0=0.008932; ', 'codec_recon_0=0.063469; ', 'bpp_0=6.178498; ', 'mse_1=0.003996; ', 'lpips_1=0.007191; ', 'codec_recon_1=0.360022; ', 'bpp_1=0.302338; ', 'mse_2=0.003646; ', 'lpips_2=0.006531; ', 'codec_recon_2=0.084748; ', 'bpp_2=0.291851; ']
train step[726/2000] ; used: 16m:24s; eta: 28m:45s; loss = 0.507815; ['mse_0=0.002423; ', 'lpips_0=0.007116; ', 'codec_recon_0=0.054744; ', 'bpp_0=6.131473; ', 'mse_1=0.001663; ', 'lpips_1=0.004882; ', 'codec_recon_1=0.355391; ', 'bpp_1=0.301684; ', 'mse_2=0.001311; ', 'lpips_2=0.003866; ', 'codec_recon_2=0.076418; ', 'bpp_2=0.289486; ']
train step[727/2000] ; used: 16m:25s; eta: 28m:43s; loss = 0.442470; ['mse_0=0.004166; ', 'lpips_0=0.009606; ', 'codec_recon_0=0.049865; ', 'bpp_0=5.947779; ', 'mse_1=0.003199; ', 'lpips_1=0.008062; ', 'codec_recon_1=0.282731; ', 'bpp_1=0.295401; ', 'mse_2=0.003138; ', 'lpips_2=0.007742; ', 'codec_recon_2=0.073961; ', 'bpp_2=0.281856; ']
train step[728/2000] ; used: 16m:26s; eta: 28m:41s; loss = 0.435625; ['mse_0=0.001186; ', 'lpips_0=0.004359; ', 'codec_recon_0=0.054738; ', 'bpp_0=5.993875; ', 'mse_1=0.000804; ', 'lpips_1=0.003224; ', 'codec_recon_1=0.290296; ', 'bpp_1=0.295949; ', 'mse_2=0.000692; ', 'lpips_2=0.002764; ', 'codec_recon_2=0.077562; ', 'bpp_2=0.280564; ']
train step[729/2000] ; used: 16m:27s; eta: 28m:40s; loss = 0.471373; ['mse_0=0.001474; ', 'lpips_0=0.006990; ', 'codec_recon_0=0.056561; ', 'bpp_0=6.167532; ', 'mse_1=0.001069; ', 'lpips_1=0.005398; ', 'codec_recon_1=0.315960; ', 'bpp_1=0.300192; ', 'mse_2=0.000920; ', 'lpips_2=0.004895; ', 'codec_recon_2=0.078106; ', 'bpp_2=0.288450; ']
train step[730/2000] ; used: 16m:29s; eta: 28m:38s; loss = 0.527602; ['mse_0=0.003350; ', 'lpips_0=0.006955; ', 'codec_recon_0=0.058446; ', 'bpp_0=6.185277; ', 'mse_1=0.002605; ', 'lpips_1=0.005046; ', 'codec_recon_1=0.358299; ', 'bpp_1=0.301059; ', 'mse_2=0.002152; ', 'lpips_2=0.004235; ', 'codec_recon_2=0.086513; ', 'bpp_2=0.290819; ']
train step[731/2000] ; used: 16m:30s; eta: 28m:36s; loss = 0.461568; ['mse_0=0.002314; ', 'lpips_0=0.006379; ', 'codec_recon_0=0.050861; ', 'bpp_0=6.158127; ', 'mse_1=0.001881; ', 'lpips_1=0.004842; ', 'codec_recon_1=0.311953; ', 'bpp_1=0.302056; ', 'mse_2=0.001747; ', 'lpips_2=0.004264; ', 'codec_recon_2=0.077328; ', 'bpp_2=0.289968; ']
train step[732/2000] ; used: 16m:31s; eta: 28m:35s; loss = 0.476271; ['mse_0=0.003396; ', 'lpips_0=0.007592; ', 'codec_recon_0=0.056442; ', 'bpp_0=6.186313; ', 'mse_1=0.003037; ', 'lpips_1=0.006278; ', 'codec_recon_1=0.311980; ', 'bpp_1=0.301330; ', 'mse_2=0.002920; ', 'lpips_2=0.005414; ', 'codec_recon_2=0.079213; ', 'bpp_2=0.289136; ']
train step[733/2000] ; used: 16m:32s; eta: 28m:33s; loss = 0.471833; ['mse_0=0.000886; ', 'lpips_0=0.006717; ', 'codec_recon_0=0.051782; ', 'bpp_0=6.062840; ', 'mse_1=0.000545; ', 'lpips_1=0.005036; ', 'codec_recon_1=0.313890; ', 'bpp_1=0.297381; ', 'mse_2=0.000432; ', 'lpips_2=0.004585; ', 'codec_recon_2=0.087962; ', 'bpp_2=0.285254; ']
train step[734/2000] ; used: 16m:33s; eta: 28m:31s; loss = 0.521622; ['mse_0=0.002643; ', 'lpips_0=0.006457; ', 'codec_recon_0=0.057167; ', 'bpp_0=6.199157; ', 'mse_1=0.002045; ', 'lpips_1=0.005032; ', 'codec_recon_1=0.353615; ', 'bpp_1=0.301711; ', 'mse_2=0.001746; ', 'lpips_2=0.004352; ', 'codec_recon_2=0.088566; ', 'bpp_2=0.290876; ']
train step[735/2000] ; used: 16m:34s; eta: 28m:29s; loss = 0.455639; ['mse_0=0.001718; ', 'lpips_0=0.006410; ', 'codec_recon_0=0.048831; ', 'bpp_0=5.954097; ', 'mse_1=0.000980; ', 'lpips_1=0.004530; ', 'codec_recon_1=0.310015; ', 'bpp_1=0.293746; ', 'mse_2=0.000731; ', 'lpips_2=0.003735; ', 'codec_recon_2=0.078689; ', 'bpp_2=0.279136; ']
train step[736/2000] ; used: 16m:35s; eta: 28m:28s; loss = 0.432332; ['mse_0=0.001683; ', 'lpips_0=0.004757; ', 'codec_recon_0=0.048290; ', 'bpp_0=6.054273; ', 'mse_1=0.001458; ', 'lpips_1=0.003699; ', 'codec_recon_1=0.286080; ', 'bpp_1=0.296956; ', 'mse_2=0.001449; ', 'lpips_2=0.003368; ', 'codec_recon_2=0.081549; ', 'bpp_2=0.284521; ']
train step[737/2000] ; used: 16m:37s; eta: 28m:26s; loss = 0.563248; ['mse_0=0.003209; ', 'lpips_0=0.009449; ', 'codec_recon_0=0.055278; ', 'bpp_0=6.164470; ', 'mse_1=0.002501; ', 'lpips_1=0.007214; ', 'codec_recon_1=0.395215; ', 'bpp_1=0.299837; ', 'mse_2=0.002265; ', 'lpips_2=0.005998; ', 'codec_recon_2=0.082119; ', 'bpp_2=0.289163; ']
train step[738/2000] ; used: 16m:38s; eta: 28m:24s; loss = 0.448685; ['mse_0=0.003461; ', 'lpips_0=0.007810; ', 'codec_recon_0=0.045262; ', 'bpp_0=6.207275; ', 'mse_1=0.002616; ', 'lpips_1=0.005819; ', 'codec_recon_1=0.312249; ', 'bpp_1=0.302464; ', 'mse_2=0.002384; ', 'lpips_2=0.004874; ', 'codec_recon_2=0.064211; ', 'bpp_2=0.292061; ']
train step[739/2000] ; used: 16m:39s; eta: 28m:23s; loss = 0.483799; ['mse_0=0.003267; ', 'lpips_0=0.007846; ', 'codec_recon_0=0.048197; ', 'bpp_0=6.052979; ', 'mse_1=0.003166; ', 'lpips_1=0.005893; ', 'codec_recon_1=0.333493; ', 'bpp_1=0.298580; ', 'mse_2=0.002980; ', 'lpips_2=0.005242; ', 'codec_recon_2=0.073714; ', 'bpp_2=0.286543; ']
train step[740/2000] ; used: 16m:40s; eta: 28m:21s; loss = 0.439641; ['mse_0=0.003997; ', 'lpips_0=0.006904; ', 'codec_recon_0=0.047866; ', 'bpp_0=6.101264; ', 'mse_1=0.003172; ', 'lpips_1=0.005336; ', 'codec_recon_1=0.295088; ', 'bpp_1=0.298480; ', 'mse_2=0.003188; ', 'lpips_2=0.004819; ', 'codec_recon_2=0.069270; ', 'bpp_2=0.287688; ']
train step[741/2000] ; used: 16m:41s; eta: 28m:19s; loss = 0.489536; ['mse_0=0.001298; ', 'lpips_0=0.005468; ', 'codec_recon_0=0.058528; ', 'bpp_0=6.122288; ', 'mse_1=0.000874; ', 'lpips_1=0.003568; ', 'codec_recon_1=0.329310; ', 'bpp_1=0.298188; ', 'mse_2=0.000728; ', 'lpips_2=0.003032; ', 'codec_recon_2=0.086729; ', 'bpp_2=0.287067; ']
Skipped bad example 167f974d9ad170b3. Context shape was torch.Size([2, 3, 270, 480]) and target shape was torch.Size([4, 3, 270, 480]).
train step[742/2000] ; used: 16m:43s; eta: 28m:18s; loss = 0.418083; ['mse_0=0.001677; ', 'lpips_0=0.006345; ', 'codec_recon_0=0.051827; ', 'bpp_0=6.035501; ', 'mse_1=0.001262; ', 'lpips_1=0.005012; ', 'codec_recon_1=0.282798; ', 'bpp_1=0.296618; ', 'mse_2=0.001176; ', 'lpips_2=0.004614; ', 'codec_recon_2=0.063372; ', 'bpp_2=0.285396; ']
train step[743/2000] ; used: 16m:44s; eta: 28m:16s; loss = 0.369272; ['mse_0=0.001064; ', 'lpips_0=0.006015; ', 'codec_recon_0=0.045661; ', 'bpp_0=5.947663; ', 'mse_1=0.000728; ', 'lpips_1=0.004462; ', 'codec_recon_1=0.252146; ', 'bpp_1=0.295728; ', 'mse_2=0.000637; ', 'lpips_2=0.004037; ', 'codec_recon_2=0.054523; ', 'bpp_2=0.282222; ']
train step[744/2000] ; used: 16m:45s; eta: 28m:15s; loss = 0.492933; ['mse_0=0.001875; ', 'lpips_0=0.006603; ', 'codec_recon_0=0.049766; ', 'bpp_0=6.254155; ', 'mse_1=0.001145; ', 'lpips_1=0.003785; ', 'codec_recon_1=0.355863; ', 'bpp_1=0.301078; ', 'mse_2=0.000648; ', 'lpips_2=0.002296; ', 'codec_recon_2=0.070953; ', 'bpp_2=0.292945; ']
train step[745/2000] ; used: 16m:46s; eta: 28m:13s; loss = 0.428682; ['mse_0=0.002648; ', 'lpips_0=0.007196; ', 'codec_recon_0=0.043484; ', 'bpp_0=6.210314; ', 'mse_1=0.002113; ', 'lpips_1=0.005011; ', 'codec_recon_1=0.302251; ', 'bpp_1=0.301950; ', 'mse_2=0.001973; ', 'lpips_2=0.004286; ', 'codec_recon_2=0.059719; ', 'bpp_2=0.291965; ']
train step[746/2000] ; used: 16m:47s; eta: 28m:11s; loss = 0.505211; ['mse_0=0.004242; ', 'lpips_0=0.007514; ', 'codec_recon_0=0.046152; ', 'bpp_0=6.232207; ', 'mse_1=0.004021; ', 'lpips_1=0.004914; ', 'codec_recon_1=0.358916; ', 'bpp_1=0.301948; ', 'mse_2=0.003998; ', 'lpips_2=0.003768; ', 'codec_recon_2=0.071686; ', 'bpp_2=0.293807; ']
train step[747/2000] ; used: 16m:48s; eta: 28m:10s; loss = 0.434952; ['mse_0=0.005205; ', 'lpips_0=0.007486; ', 'codec_recon_0=0.043590; ', 'bpp_0=6.149311; ', 'mse_1=0.004210; ', 'lpips_1=0.005648; ', 'codec_recon_1=0.300436; ', 'bpp_1=0.301624; ', 'mse_2=0.004026; ', 'lpips_2=0.005081; ', 'codec_recon_2=0.059270; ', 'bpp_2=0.292105; ']
train step[748/2000] ; used: 16m:50s; eta: 28m:8s; loss = 0.477899; ['mse_0=0.004314; ', 'lpips_0=0.008303; ', 'codec_recon_0=0.043694; ', 'bpp_0=6.273651; ', 'mse_1=0.003301; ', 'lpips_1=0.005695; ', 'codec_recon_1=0.341897; ', 'bpp_1=0.304693; ', 'mse_2=0.002662; ', 'lpips_2=0.004289; ', 'codec_recon_2=0.063744; ', 'bpp_2=0.296522; ']
train step[749/2000] ; used: 16m:51s; eta: 28m:6s; loss = 0.449079; ['mse_0=0.001863; ', 'lpips_0=0.005504; ', 'codec_recon_0=0.046350; ', 'bpp_0=6.242414; ', 'mse_1=0.001164; ', 'lpips_1=0.003716; ', 'codec_recon_1=0.320894; ', 'bpp_1=0.302895; ', 'mse_2=0.001005; ', 'lpips_2=0.003040; ', 'codec_recon_2=0.065543; ', 'bpp_2=0.294528; ']
validation step on 750 1/100; scene = ['5aca87f95a9412c6']; context = [[58, 133]]
validation step on 750 2/100; scene = ['bc95e5c7e357f1b7']; context = [[35, 91]]
validation step on 750 3/100; scene = ['34b0658a5c200cdf']; context = [[0, 70]]
validation step on 750 4/100; scene = ['28e8300e004ab30b']; context = [[3, 68]]
validation step on 750 5/100; scene = ['6558c5f10d45a929']; context = [[43, 160]]
validation step on 750 6/100; scene = ['89ea49cd9865aeff']; context = [[31, 81]]
validation step on 750 7/100; scene = ['ed477bdf8582adff']; context = [[40, 85]]
validation step on 750 8/100; scene = ['57d3409bf04c4651']; context = [[0, 45]]
validation step on 750 9/100; scene = ['aadc1e2dc74fd644']; context = [[2, 52]]
validation step on 750 10/100; scene = ['cd74b1244d112628']; context = [[63, 110]]
validation step on 750 11/100; scene = ['57d25dafabb5a238']; context = [[32, 104]]
validation step on 750 12/100; scene = ['e4f4574df7938f37']; context = [[0, 115]]
validation step on 750 13/100; scene = ['20d86cff490c0c42']; context = [[18, 69]]
validation step on 750 14/100; scene = ['0c4c5d5f751aabf5']; context = [[12, 57]]
validation step on 750 15/100; scene = ['fea544b472e9abd1']; context = [[12, 93]]
validation step on 750 16/100; scene = ['656381bea665bf3d']; context = [[27, 75]]
validation step on 750 17/100; scene = ['322261824c4a3003']; context = [[33, 78]]
validation step on 750 18/100; scene = ['f7c0fa5b81552d35']; context = [[11, 64]]
validation step on 750 19/100; scene = ['a56ba2efb5e3fdd9']; context = [[33, 92]]
validation step on 750 20/100; scene = ['c48f19e2ffa52523']; context = [[195, 264]]
validation step on 750 21/100; scene = ['1214f2a11a9fc1ed']; context = [[103, 215]]
validation step on 750 22/100; scene = ['a9b3ff60b213e099']; context = [[32, 96]]
validation step on 750 23/100; scene = ['a6fa92e8204f6118']; context = [[2, 66]]
validation step on 750 24/100; scene = ['21e794f71e31becb']; context = [[72, 180]]
validation step on 750 25/100; scene = ['f7d916b43193c181']; context = [[7, 61]]
validation step on 750 26/100; scene = ['84ab392d682f296b']; context = [[43, 120]]
validation step on 750 27/100; scene = ['6771a51bf0cfce7f']; context = [[152, 199]]
validation step on 750 28/100; scene = ['17d9303ee77c3a3d']; context = [[17, 63]]
validation step on 750 29/100; scene = ['ffa95c3b40609c76']; context = [[120, 213]]
validation step on 750 30/100; scene = ['a47b88040452d7d9']; context = [[35, 97]]
validation step on 750 31/100; scene = ['0d4de33c6888a754']; context = [[2, 57]]
validation step on 750 32/100; scene = ['41bcd011f99bfb66']; context = [[4, 50]]
validation step on 750 33/100; scene = ['67a69088a2695987']; context = [[6, 86]]
validation step on 750 34/100; scene = ['b4099665590548fc']; context = [[23, 74]]
validation step on 750 35/100; scene = ['9e2a8cc5f32dd46b']; context = [[75, 151]]
validation step on 750 36/100; scene = ['2e109379f53bb221']; context = [[35, 108]]
validation step on 750 37/100; scene = ['8adebbb68f2c3f84']; context = [[72, 131]]
validation step on 750 38/100; scene = ['29e0bfbad00f0d5e']; context = [[8, 100]]
validation step on 750 39/100; scene = ['debc3490ba0bd84b']; context = [[34, 81]]
validation step on 750 40/100; scene = ['7c7bc5285126e6ad']; context = [[64, 126]]
validation step on 750 41/100; scene = ['cdf439b17a6a98d4']; context = [[31, 77]]
validation step on 750 42/100; scene = ['cb38d67088b66084']; context = [[49, 106]]
validation step on 750 43/100; scene = ['2da2eeb966bc0ef8']; context = [[30, 94]]
validation step on 750 44/100; scene = ['bb4d7012261ee0ed']; context = [[0, 46]]
validation step on 750 45/100; scene = ['9e1f1beb4ba8e5da']; context = [[9, 73]]
validation step on 750 46/100; scene = ['26b31d71789bffad']; context = [[3, 57]]
validation step on 750 47/100; scene = ['41abd737e0228c1a']; context = [[81, 127]]
validation step on 750 48/100; scene = ['ed0c2aca14b99efa']; context = [[62, 119]]
validation step on 750 49/100; scene = ['8d5163de9ea4d851']; context = [[39, 85]]
validation step on 750 50/100; scene = ['81be42df6ccae760']; context = [[13, 107]]
validation step on 750 51/100; scene = ['6fe141ec9be1a432']; context = [[12, 73]]
validation step on 750 52/100; scene = ['3b6d8db52c54b174']; context = [[0, 80]]
validation step on 750 53/100; scene = ['3087828bc27bc4c7']; context = [[15, 96]]
validation step on 750 54/100; scene = ['e124dfa7e996a414']; context = [[48, 93]]
validation step on 750 55/100; scene = ['e1afd89a69ee6947']; context = [[34, 113]]
validation step on 750 56/100; scene = ['79ce50fb7b021e1d']; context = [[212, 278]]
validation step on 750 57/100; scene = ['358bdee988c269ef']; context = [[3, 95]]
validation step on 750 58/100; scene = ['f14791aec34dbdcd']; context = [[5, 59]]
validation step on 750 59/100; scene = ['0c52996355b23d76']; context = [[51, 111]]
validation step on 750 60/100; scene = ['62bcb465bb03d34f']; context = [[6, 84]]
validation step on 750 61/100; scene = ['1f0e06e4388dd600']; context = [[44, 96]]
validation step on 750 62/100; scene = ['c9c30723d7c54793']; context = [[152, 247]]
validation step on 750 63/100; scene = ['8b212f2755d955ec']; context = [[40, 110]]
validation step on 750 64/100; scene = ['de67e3a0b0648cfe']; context = [[16, 72]]
validation step on 750 65/100; scene = ['54841308aff91857']; context = [[27, 86]]
validation step on 750 66/100; scene = ['40ca76de44a6e1a9']; context = [[43, 107]]
validation step on 750 67/100; scene = ['bc143130c1842e4b']; context = [[29, 133]]
validation step on 750 68/100; scene = ['912177dbf0a1ed6c']; context = [[3, 60]]
validation step on 750 69/100; scene = ['afe4e799a94e06b3']; context = [[54, 150]]
validation step on 750 70/100; scene = ['17f552ef56d85c55']; context = [[20, 86]]
validation step on 750 71/100; scene = ['a7c691c210154b09']; context = [[0, 50]]
validation step on 750 72/100; scene = ['9490f1219dbbb6ce']; context = [[17, 72]]
validation step on 750 73/100; scene = ['154365ab5a4e067b']; context = [[2, 48]]
validation step on 750 74/100; scene = ['ab4c269f8d523d02']; context = [[18, 72]]
validation step on 750 75/100; scene = ['75d475e9558ab806']; context = [[1, 46]]
validation step on 750 76/100; scene = ['fdaab1f49851782c']; context = [[31, 142]]
validation step on 750 77/100; scene = ['2d4efa3897a4ba2d']; context = [[4, 58]]
validation step on 750 78/100; scene = ['14f477e7d5af5b91']; context = [[17, 72]]
validation step on 750 79/100; scene = ['de45926738229f67']; context = [[22, 84]]
validation step on 750 80/100; scene = ['5c909c802eb6edb1']; context = [[13, 78]]
validation step on 750 81/100; scene = ['aa91dfdd5f4ad32b']; context = [[8, 57]]
validation step on 750 82/100; scene = ['88d9ba3324f2ec21']; context = [[2, 49]]
validation step on 750 83/100; scene = ['622ef98e83ed5239']; context = [[3, 66]]
validation step on 750 84/100; scene = ['30fc5fc78c5a716e']; context = [[151, 210]]
validation step on 750 85/100; scene = ['8b760ac05c93a6bb']; context = [[26, 72]]
validation step on 750 86/100; scene = ['800ea72b6988f63e']; context = [[141, 190]]
validation step on 750 87/100; scene = ['674dabef8f53b566']; context = [[9, 91]]
validation step on 750 88/100; scene = ['d3a01038c5f21473']; context = [[139, 273]]
validation step on 750 89/100; scene = ['3e5f747d06bc84a3']; context = [[85, 190]]
validation step on 750 90/100; scene = ['bb6fa5bdafc14e8c']; context = [[43, 139]]
validation step on 750 91/100; scene = ['052430ff6e2c07c4']; context = [[19, 92]]
validation step on 750 92/100; scene = ['0588138dfec165a1']; context = [[70, 160]]
validation step on 750 93/100; scene = ['e4bcb18fa6aa91be']; context = [[32, 79]]
validation step on 750 94/100; scene = ['4c4fa41951e37e78']; context = [[8, 60]]
validation step on 750 95/100; scene = ['252a24d25a1ea81d']; context = [[198, 263]]
validation step on 750 96/100; scene = ['214df1c2863d2959']; context = [[45, 96]]
validation step on 750 97/100; scene = ['bfd27ad72975e120']; context = [[8, 55]]
validation step on 750 98/100; scene = ['572acd18419c3456']; context = [[3, 62]]
validation step on 750 99/100; scene = ['b26e6c80d283c4c8']; context = [[46, 92]]
validation step on 750 100/100; scene = ['10c8e54590f715f7']; context = [[6, 76]]
train step[750/2000] ; used: 17m:55s; eta: 29m:50s; loss = 0.410788; ['mse_0=0.002542; ', 'lpips_0=0.009137; ', 'codec_recon_0=0.046041; ', 'bpp_0=6.034168; ', 'mse_1=0.002188; ', 'lpips_1=0.007705; ', 'codec_recon_1=0.272447; ', 'bpp_1=0.297781; ', 'mse_2=0.002105; ', 'lpips_2=0.007208; ', 'codec_recon_2=0.061413; ', 'bpp_2=0.285744; ']
train step[751/2000] ; used: 17m:56s; eta: 29m:48s; loss = 0.397791; ['mse_0=0.001396; ', 'lpips_0=0.006583; ', 'codec_recon_0=0.044667; ', 'bpp_0=6.232129; ', 'mse_1=0.000987; ', 'lpips_1=0.004729; ', 'codec_recon_1=0.280195; ', 'bpp_1=0.302530; ', 'mse_2=0.000843; ', 'lpips_2=0.004137; ', 'codec_recon_2=0.054255; ', 'bpp_2=0.292883; ']
train step[752/2000] ; used: 17m:58s; eta: 29m:46s; loss = 0.416400; ['mse_0=0.003929; ', 'lpips_0=0.007017; ', 'codec_recon_0=0.043076; ', 'bpp_0=6.064327; ', 'mse_1=0.003442; ', 'lpips_1=0.005567; ', 'codec_recon_1=0.285485; ', 'bpp_1=0.298550; ', 'mse_2=0.003439; ', 'lpips_2=0.005064; ', 'codec_recon_2=0.059381; ', 'bpp_2=0.288803; ']
train step[753/2000] ; used: 17m:59s; eta: 29m:44s; loss = 0.396701; ['mse_0=0.003671; ', 'lpips_0=0.006595; ', 'codec_recon_0=0.040345; ', 'bpp_0=6.087439; ', 'mse_1=0.003032; ', 'lpips_1=0.005043; ', 'codec_recon_1=0.276825; ', 'bpp_1=0.298488; ', 'mse_2=0.002871; ', 'lpips_2=0.004623; ', 'codec_recon_2=0.053696; ', 'bpp_2=0.289057; ']
train step[754/2000] ; used: 18m; eta: 29m:43s; loss = 0.382650; ['mse_0=0.002221; ', 'lpips_0=0.005894; ', 'codec_recon_0=0.038543; ', 'bpp_0=6.163241; ', 'mse_1=0.001735; ', 'lpips_1=0.004552; ', 'codec_recon_1=0.273791; ', 'bpp_1=0.300179; ', 'mse_2=0.001597; ', 'lpips_2=0.004059; ', 'codec_recon_2=0.050257; ', 'bpp_2=0.291070; ']
train step[755/2000] ; used: 18m:1s; eta: 29m:41s; loss = 0.374855; ['mse_0=0.001419; ', 'lpips_0=0.005643; ', 'codec_recon_0=0.041380; ', 'bpp_0=5.982090; ', 'mse_1=0.001057; ', 'lpips_1=0.004086; ', 'codec_recon_1=0.258737; ', 'bpp_1=0.295875; ', 'mse_2=0.001016; ', 'lpips_2=0.003764; ', 'codec_recon_2=0.057754; ', 'bpp_2=0.285036; ']
train step[756/2000] ; used: 18m:2s; eta: 29m:39s; loss = 0.431114; ['mse_0=0.002011; ', 'lpips_0=0.007023; ', 'codec_recon_0=0.043144; ', 'bpp_0=6.150431; ', 'mse_1=0.001308; ', 'lpips_1=0.004878; ', 'codec_recon_1=0.306113; ', 'bpp_1=0.301342; ', 'mse_2=0.001004; ', 'lpips_2=0.003595; ', 'codec_recon_2=0.062039; ', 'bpp_2=0.292128; ']
train step[757/2000] ; used: 18m:4s; eta: 29m:37s; loss = 0.384955; ['mse_0=0.002041; ', 'lpips_0=0.006876; ', 'codec_recon_0=0.042141; ', 'bpp_0=6.152651; ', 'mse_1=0.001512; ', 'lpips_1=0.005177; ', 'codec_recon_1=0.270624; ', 'bpp_1=0.301946; ', 'mse_2=0.001334; ', 'lpips_2=0.004559; ', 'codec_recon_2=0.050691; ', 'bpp_2=0.293287; ']
train step[758/2000] ; used: 18m:5s; eta: 29m:35s; loss = 0.375151; ['mse_0=0.003942; ', 'lpips_0=0.005955; ', 'codec_recon_0=0.039114; ', 'bpp_0=6.122499; ', 'mse_1=0.003794; ', 'lpips_1=0.004752; ', 'codec_recon_1=0.255081; ', 'bpp_1=0.299248; ', 'mse_2=0.003739; ', 'lpips_2=0.004441; ', 'codec_recon_2=0.054333; ', 'bpp_2=0.289271; ']
train step[759/2000] ; used: 18m:6s; eta: 29m:33s; loss = 0.371350; ['mse_0=0.001372; ', 'lpips_0=0.005776; ', 'codec_recon_0=0.041179; ', 'bpp_0=6.093802; ', 'mse_1=0.001011; ', 'lpips_1=0.004241; ', 'codec_recon_1=0.262274; ', 'bpp_1=0.300479; ', 'mse_2=0.000919; ', 'lpips_2=0.003820; ', 'codec_recon_2=0.050756; ', 'bpp_2=0.290804; ']
train step[760/2000] ; used: 18m:7s; eta: 29m:32s; loss = 0.373473; ['mse_0=0.003438; ', 'lpips_0=0.008670; ', 'codec_recon_0=0.036641; ', 'bpp_0=6.101535; ', 'mse_1=0.002882; ', 'lpips_1=0.007277; ', 'codec_recon_1=0.259277; ', 'bpp_1=0.301047; ', 'mse_2=0.002755; ', 'lpips_2=0.006894; ', 'codec_recon_2=0.045638; ', 'bpp_2=0.291794; ']
train step[761/2000] ; used: 18m:8s; eta: 29m:30s; loss = 0.369564; ['mse_0=0.002042; ', 'lpips_0=0.006520; ', 'codec_recon_0=0.036981; ', 'bpp_0=6.180360; ', 'mse_1=0.001438; ', 'lpips_1=0.004639; ', 'codec_recon_1=0.264621; ', 'bpp_1=0.301387; ', 'mse_2=0.001265; ', 'lpips_2=0.004010; ', 'codec_recon_2=0.048048; ', 'bpp_2=0.292813; ']
train step[762/2000] ; used: 18m:9s; eta: 29m:28s; loss = 0.365244; ['mse_0=0.003207; ', 'lpips_0=0.007456; ', 'codec_recon_0=0.036704; ', 'bpp_0=6.121044; ', 'mse_1=0.002630; ', 'lpips_1=0.005685; ', 'codec_recon_1=0.254608; ', 'bpp_1=0.300760; ', 'mse_2=0.002497; ', 'lpips_2=0.005198; ', 'codec_recon_2=0.047259; ', 'bpp_2=0.291657; ']
train step[763/2000] ; used: 18m:11s; eta: 29m:26s; loss = 0.327810; ['mse_0=0.002465; ', 'lpips_0=0.008607; ', 'codec_recon_0=0.036671; ', 'bpp_0=6.030531; ', 'mse_1=0.001832; ', 'lpips_1=0.006953; ', 'codec_recon_1=0.222968; ', 'bpp_1=0.296946; ', 'mse_2=0.001647; ', 'lpips_2=0.006311; ', 'codec_recon_2=0.040357; ', 'bpp_2=0.287192; ']
train step[764/2000] ; used: 18m:12s; eta: 29m:24s; loss = 0.343791; ['mse_0=0.002366; ', 'lpips_0=0.006710; ', 'codec_recon_0=0.035698; ', 'bpp_0=6.151410; ', 'mse_1=0.001693; ', 'lpips_1=0.004825; ', 'codec_recon_1=0.241582; ', 'bpp_1=0.301389; ', 'mse_2=0.001507; ', 'lpips_2=0.004137; ', 'codec_recon_2=0.045272; ', 'bpp_2=0.293324; ']
train step[765/2000] ; used: 18m:13s; eta: 29m:22s; loss = 0.472382; ['mse_0=0.001978; ', 'lpips_0=0.006853; ', 'codec_recon_0=0.040413; ', 'bpp_0=6.314454; ', 'mse_1=0.001146; ', 'lpips_1=0.004474; ', 'codec_recon_1=0.352967; ', 'bpp_1=0.303758; ', 'mse_2=0.000850; ', 'lpips_2=0.003421; ', 'codec_recon_2=0.060279; ', 'bpp_2=0.298241; ']
train step[766/2000] ; used: 18m:14s; eta: 29m:21s; loss = 0.368426; ['mse_0=0.000893; ', 'lpips_0=0.006781; ', 'codec_recon_0=0.039169; ', 'bpp_0=6.035604; ', 'mse_1=0.000568; ', 'lpips_1=0.005514; ', 'codec_recon_1=0.254273; ', 'bpp_1=0.297507; ', 'mse_2=0.000527; ', 'lpips_2=0.005134; ', 'codec_recon_2=0.055566; ', 'bpp_2=0.287680; ']
train step[767/2000] ; used: 18m:15s; eta: 29m:19s; loss = 0.449649; ['mse_0=0.003499; ', 'lpips_0=0.008204; ', 'codec_recon_0=0.042002; ', 'bpp_0=6.088887; ', 'mse_1=0.002802; ', 'lpips_1=0.006169; ', 'codec_recon_1=0.319393; ', 'bpp_1=0.298259; ', 'mse_2=0.002702; ', 'lpips_2=0.005361; ', 'codec_recon_2=0.059516; ', 'bpp_2=0.291135; ']
train step[768/2000] ; used: 18m:16s; eta: 29m:17s; loss = 0.406364; ['mse_0=0.000775; ', 'lpips_0=0.004833; ', 'codec_recon_0=0.039318; ', 'bpp_0=6.093204; ', 'mse_1=0.000455; ', 'lpips_1=0.003246; ', 'codec_recon_1=0.297073; ', 'bpp_1=0.297770; ', 'mse_2=0.000329; ', 'lpips_2=0.002522; ', 'codec_recon_2=0.057812; ', 'bpp_2=0.288716; ']
train step[769/2000] ; used: 18m:18s; eta: 29m:16s; loss = 0.546574; ['mse_0=0.004854; ', 'lpips_0=0.011805; ', 'codec_recon_0=0.044338; ', 'bpp_0=6.319956; ', 'mse_1=0.003666; ', 'lpips_1=0.008830; ', 'codec_recon_1=0.400066; ', 'bpp_1=0.305456; ', 'mse_2=0.002988; ', 'lpips_2=0.006589; ', 'codec_recon_2=0.063438; ', 'bpp_2=0.300729; ']
train step[770/2000] ; used: 18m:19s; eta: 29m:14s; loss = 0.487419; ['mse_0=0.002651; ', 'lpips_0=0.008083; ', 'codec_recon_0=0.043126; ', 'bpp_0=6.271440; ', 'mse_1=0.002001; ', 'lpips_1=0.005913; ', 'codec_recon_1=0.355317; ', 'bpp_1=0.303353; ', 'mse_2=0.001815; ', 'lpips_2=0.004912; ', 'codec_recon_2=0.063603; ', 'bpp_2=0.296166; ']
train step[771/2000] ; used: 18m:21s; eta: 29m:13s; loss = 0.437279; ['mse_0=0.022876; ', 'lpips_0=0.014645; ', 'codec_recon_0=0.038227; ', 'bpp_0=5.964146; ', 'mse_1=0.023242; ', 'lpips_1=0.013229; ', 'codec_recon_1=0.244172; ', 'bpp_1=0.298872; ', 'mse_2=0.023137; ', 'lpips_2=0.012972; ', 'codec_recon_2=0.044779; ', 'bpp_2=0.289370; ']
train step[772/2000] ; used: 18m:22s; eta: 29m:11s; loss = 0.429950; ['mse_0=0.001445; ', 'lpips_0=0.005952; ', 'codec_recon_0=0.043980; ', 'bpp_0=6.257743; ', 'mse_1=0.000854; ', 'lpips_1=0.003655; ', 'codec_recon_1=0.313557; ', 'bpp_1=0.302869; ', 'mse_2=0.000698; ', 'lpips_2=0.002760; ', 'codec_recon_2=0.057049; ', 'bpp_2=0.296687; ']
train step[773/2000] ; used: 18m:23s; eta: 29m:9s; loss = 0.498484; ['mse_0=0.004834; ', 'lpips_0=0.009892; ', 'codec_recon_0=0.041189; ', 'bpp_0=6.243759; ', 'mse_1=0.003837; ', 'lpips_1=0.007631; ', 'codec_recon_1=0.361125; ', 'bpp_1=0.302610; ', 'mse_2=0.003527; ', 'lpips_2=0.006391; ', 'codec_recon_2=0.060058; ', 'bpp_2=0.297835; ']
train step[774/2000] ; used: 18m:24s; eta: 29m:7s; loss = 0.512180; ['mse_0=0.012139; ', 'lpips_0=0.012359; ', 'codec_recon_0=0.047359; ', 'bpp_0=6.232538; ', 'mse_1=0.011968; ', 'lpips_1=0.010495; ', 'codec_recon_1=0.333304; ', 'bpp_1=0.302439; ', 'mse_2=0.011961; ', 'lpips_2=0.009988; ', 'codec_recon_2=0.062608; ', 'bpp_2=0.296458; ']
train step[775/2000] ; used: 18m:26s; eta: 29m:6s; loss = 0.440630; ['mse_0=0.002632; ', 'lpips_0=0.009295; ', 'codec_recon_0=0.042300; ', 'bpp_0=6.067340; ', 'mse_1=0.001918; ', 'lpips_1=0.006244; ', 'codec_recon_1=0.305817; ', 'bpp_1=0.297869; ', 'mse_2=0.001467; ', 'lpips_2=0.004661; ', 'codec_recon_2=0.066297; ', 'bpp_2=0.289523; ']
train step[776/2000] ; used: 18m:27s; eta: 29m:4s; loss = 0.397181; ['mse_0=0.002687; ', 'lpips_0=0.008130; ', 'codec_recon_0=0.037425; ', 'bpp_0=6.199925; ', 'mse_1=0.001926; ', 'lpips_1=0.005959; ', 'codec_recon_1=0.285965; ', 'bpp_1=0.301906; ', 'mse_2=0.001727; ', 'lpips_2=0.005266; ', 'codec_recon_2=0.048097; ', 'bpp_2=0.296189; ']
train step[777/2000] ; used: 18m:28s; eta: 29m:2s; loss = 0.483087; ['mse_0=0.001570; ', 'lpips_0=0.007605; ', 'codec_recon_0=0.045040; ', 'bpp_0=6.247313; ', 'mse_1=0.001058; ', 'lpips_1=0.005179; ', 'codec_recon_1=0.353724; ', 'bpp_1=0.302589; ', 'mse_2=0.000809; ', 'lpips_2=0.003851; ', 'codec_recon_2=0.064252; ', 'bpp_2=0.297085; ']
train step[778/2000] ; used: 18m:29s; eta: 29m; loss = 0.472541; ['mse_0=0.016849; ', 'lpips_0=0.012906; ', 'codec_recon_0=0.039199; ', 'bpp_0=6.203156; ', 'mse_1=0.015650; ', 'lpips_1=0.011009; ', 'codec_recon_1=0.294738; ', 'bpp_1=0.301440; ', 'mse_2=0.015267; ', 'lpips_2=0.010256; ', 'codec_recon_2=0.056667; ', 'bpp_2=0.294531; ']
train step[779/2000] ; used: 18m:30s; eta: 28m:59s; loss = 0.364020; ['mse_0=0.000761; ', 'lpips_0=0.006200; ', 'codec_recon_0=0.037033; ', 'bpp_0=6.118507; ', 'mse_1=0.000497; ', 'lpips_1=0.004496; ', 'codec_recon_1=0.263002; ', 'bpp_1=0.298712; ', 'mse_2=0.000402; ', 'lpips_2=0.003913; ', 'codec_recon_2=0.047716; ', 'bpp_2=0.291518; ']
train step[780/2000] ; used: 18m:32s; eta: 28m:57s; loss = 0.390483; ['mse_0=0.001853; ', 'lpips_0=0.006515; ', 'codec_recon_0=0.037606; ', 'bpp_0=6.131298; ', 'mse_1=0.001372; ', 'lpips_1=0.004944; ', 'codec_recon_1=0.277016; ', 'bpp_1=0.299712; ', 'mse_2=0.001280; ', 'lpips_2=0.004375; ', 'codec_recon_2=0.055524; ', 'bpp_2=0.292369; ']
train step[781/2000] ; used: 18m:33s; eta: 28m:55s; loss = 0.427111; ['mse_0=0.006219; ', 'lpips_0=0.007651; ', 'codec_recon_0=0.039152; ', 'bpp_0=6.169644; ', 'mse_1=0.005573; ', 'lpips_1=0.005911; ', 'codec_recon_1=0.305748; ', 'bpp_1=0.301236; ', 'mse_2=0.005629; ', 'lpips_2=0.004994; ', 'codec_recon_2=0.046234; ', 'bpp_2=0.295248; ']
train step[782/2000] ; used: 18m:34s; eta: 28m:53s; loss = 0.364379; ['mse_0=0.002324; ', 'lpips_0=0.005944; ', 'codec_recon_0=0.033053; ', 'bpp_0=6.280450; ', 'mse_1=0.001306; ', 'lpips_1=0.003652; ', 'codec_recon_1=0.270706; ', 'bpp_1=0.305364; ', 'mse_2=0.001004; ', 'lpips_2=0.002776; ', 'codec_recon_2=0.043613; ', 'bpp_2=0.299712; ']
train step[783/2000] ; used: 18m:35s; eta: 28m:51s; loss = 0.383266; ['mse_0=0.004049; ', 'lpips_0=0.009843; ', 'codec_recon_0=0.037100; ', 'bpp_0=6.088005; ', 'mse_1=0.003474; ', 'lpips_1=0.008267; ', 'codec_recon_1=0.261296; ', 'bpp_1=0.300037; ', 'mse_2=0.003382; ', 'lpips_2=0.007775; ', 'codec_recon_2=0.048080; ', 'bpp_2=0.292606; ']
train step[784/2000] ; used: 18m:36s; eta: 28m:49s; loss = 0.390994; ['mse_0=0.001692; ', 'lpips_0=0.006412; ', 'codec_recon_0=0.036164; ', 'bpp_0=6.044624; ', 'mse_1=0.001334; ', 'lpips_1=0.005019; ', 'codec_recon_1=0.282656; ', 'bpp_1=0.297499; ', 'mse_2=0.001251; ', 'lpips_2=0.004619; ', 'codec_recon_2=0.051848; ', 'bpp_2=0.291163; ']
train step[785/2000] ; used: 18m:37s; eta: 28m:47s; loss = 0.335015; ['mse_0=0.002853; ', 'lpips_0=0.006866; ', 'codec_recon_0=0.031296; ', 'bpp_0=6.155555; ', 'mse_1=0.002277; ', 'lpips_1=0.005449; ', 'codec_recon_1=0.238279; ', 'bpp_1=0.300774; ', 'mse_2=0.002215; ', 'lpips_2=0.004996; ', 'codec_recon_2=0.040784; ', 'bpp_2=0.294888; ']
train step[786/2000] ; used: 18m:38s; eta: 28m:46s; loss = 0.417482; ['mse_0=0.002093; ', 'lpips_0=0.007906; ', 'codec_recon_0=0.036215; ', 'bpp_0=6.035029; ', 'mse_1=0.001526; ', 'lpips_1=0.006133; ', 'codec_recon_1=0.303210; ', 'bpp_1=0.297842; ', 'mse_2=0.001262; ', 'lpips_2=0.005274; ', 'codec_recon_2=0.053862; ', 'bpp_2=0.289483; ']
train step[787/2000] ; used: 18m:40s; eta: 28m:44s; loss = 0.420068; ['mse_0=0.004708; ', 'lpips_0=0.010762; ', 'codec_recon_0=0.034650; ', 'bpp_0=6.267223; ', 'mse_1=0.003900; ', 'lpips_1=0.008633; ', 'codec_recon_1=0.302691; ', 'bpp_1=0.304170; ', 'mse_2=0.003813; ', 'lpips_2=0.007687; ', 'codec_recon_2=0.043223; ', 'bpp_2=0.298715; ']
train step[788/2000] ; used: 18m:41s; eta: 28m:42s; loss = 0.371052; ['mse_0=0.002016; ', 'lpips_0=0.006902; ', 'codec_recon_0=0.034973; ', 'bpp_0=6.137098; ', 'mse_1=0.001581; ', 'lpips_1=0.004887; ', 'codec_recon_1=0.264270; ', 'bpp_1=0.300278; ', 'mse_2=0.001507; ', 'lpips_2=0.004343; ', 'codec_recon_2=0.050572; ', 'bpp_2=0.292589; ']
train step[789/2000] ; used: 18m:42s; eta: 28m:40s; loss = 0.303354; ['mse_0=0.001526; ', 'lpips_0=0.006825; ', 'codec_recon_0=0.034919; ', 'bpp_0=6.137932; ', 'mse_1=0.001061; ', 'lpips_1=0.005401; ', 'codec_recon_1=0.206905; ', 'bpp_1=0.301514; ', 'mse_2=0.000967; ', 'lpips_2=0.004948; ', 'codec_recon_2=0.040802; ', 'bpp_2=0.292818; ']
train step[790/2000] ; used: 18m:43s; eta: 28m:38s; loss = 0.371490; ['mse_0=0.002783; ', 'lpips_0=0.009564; ', 'codec_recon_0=0.033177; ', 'bpp_0=6.213659; ', 'mse_1=0.002231; ', 'lpips_1=0.007006; ', 'codec_recon_1=0.260067; ', 'bpp_1=0.303102; ', 'mse_2=0.002105; ', 'lpips_2=0.006248; ', 'codec_recon_2=0.048309; ', 'bpp_2=0.297264; ']
train step[791/2000] ; used: 18m:44s; eta: 28m:37s; loss = 0.341808; ['mse_0=0.001188; ', 'lpips_0=0.005524; ', 'codec_recon_0=0.033541; ', 'bpp_0=6.168869; ', 'mse_1=0.000660; ', 'lpips_1=0.003777; ', 'codec_recon_1=0.249383; ', 'bpp_1=0.301174; ', 'mse_2=0.000499; ', 'lpips_2=0.003092; ', 'codec_recon_2=0.044145; ', 'bpp_2=0.293348; ']
train step[792/2000] ; used: 18m:46s; eta: 28m:35s; loss = 0.346288; ['mse_0=0.003034; ', 'lpips_0=0.007242; ', 'codec_recon_0=0.031805; ', 'bpp_0=6.193675; ', 'mse_1=0.002403; ', 'lpips_1=0.005208; ', 'codec_recon_1=0.247596; ', 'bpp_1=0.302952; ', 'mse_2=0.002187; ', 'lpips_2=0.004535; ', 'codec_recon_2=0.042278; ', 'bpp_2=0.295520; ']
train step[793/2000] ; used: 18m:47s; eta: 28m:33s; loss = 0.343828; ['mse_0=0.001584; ', 'lpips_0=0.007294; ', 'codec_recon_0=0.035550; ', 'bpp_0=6.146030; ', 'mse_1=0.001158; ', 'lpips_1=0.005278; ', 'codec_recon_1=0.242041; ', 'bpp_1=0.301117; ', 'mse_2=0.001077; ', 'lpips_2=0.004743; ', 'codec_recon_2=0.045101; ', 'bpp_2=0.294388; ']
train step[794/2000] ; used: 18m:48s; eta: 28m:31s; loss = 0.410269; ['mse_0=0.007560; ', 'lpips_0=0.009219; ', 'codec_recon_0=0.037782; ', 'bpp_0=6.124556; ', 'mse_1=0.007112; ', 'lpips_1=0.007582; ', 'codec_recon_1=0.284178; ', 'bpp_1=0.299993; ', 'mse_2=0.006955; ', 'lpips_2=0.006971; ', 'codec_recon_2=0.042910; ', 'bpp_2=0.294219; ']
train step[795/2000] ; used: 18m:49s; eta: 28m:30s; loss = 0.368253; ['mse_0=0.004838; ', 'lpips_0=0.010028; ', 'codec_recon_0=0.037153; ', 'bpp_0=6.107238; ', 'mse_1=0.004152; ', 'lpips_1=0.008518; ', 'codec_recon_1=0.248605; ', 'bpp_1=0.300263; ', 'mse_2=0.004063; ', 'lpips_2=0.008082; ', 'codec_recon_2=0.042814; ', 'bpp_2=0.294250; ']
train step[796/2000] ; used: 18m:50s; eta: 28m:28s; loss = 0.290087; ['mse_0=0.002203; ', 'lpips_0=0.007331; ', 'codec_recon_0=0.031417; ', 'bpp_0=6.134233; ', 'mse_1=0.001788; ', 'lpips_1=0.006171; ', 'codec_recon_1=0.196066; ', 'bpp_1=0.302497; ', 'mse_2=0.001677; ', 'lpips_2=0.005647; ', 'codec_recon_2=0.037789; ', 'bpp_2=0.294232; ']
train step[797/2000] ; used: 18m:52s; eta: 28m:26s; loss = 0.310973; ['mse_0=0.002948; ', 'lpips_0=0.008092; ', 'codec_recon_0=0.032125; ', 'bpp_0=6.108014; ', 'mse_1=0.002493; ', 'lpips_1=0.006368; ', 'codec_recon_1=0.213243; ', 'bpp_1=0.300883; ', 'mse_2=0.002444; ', 'lpips_2=0.005803; ', 'codec_recon_2=0.037456; ', 'bpp_2=0.294553; ']
train step[798/2000] ; used: 18m:53s; eta: 28m:25s; loss = 0.407516; ['mse_0=0.009114; ', 'lpips_0=0.009002; ', 'codec_recon_0=0.036876; ', 'bpp_0=6.259240; ', 'mse_1=0.008289; ', 'lpips_1=0.007320; ', 'codec_recon_1=0.280948; ', 'bpp_1=0.305134; ', 'mse_2=0.008073; ', 'lpips_2=0.006506; ', 'codec_recon_2=0.041389; ', 'bpp_2=0.299495; ']
train step[799/2000] ; used: 18m:54s; eta: 28m:23s; loss = 0.335083; ['mse_0=0.001535; ', 'lpips_0=0.006066; ', 'codec_recon_0=0.032066; ', 'bpp_0=6.133219; ', 'mse_1=0.000944; ', 'lpips_1=0.004387; ', 'codec_recon_1=0.246763; ', 'bpp_1=0.300793; ', 'mse_2=0.000752; ', 'lpips_2=0.003737; ', 'codec_recon_2=0.038833; ', 'bpp_2=0.293763; ']
train step[800/2000] ; used: 18m:55s; eta: 28m:21s; loss = 0.472526; ['mse_0=0.005676; ', 'lpips_0=0.009246; ', 'codec_recon_0=0.035424; ', 'bpp_0=6.323763; ', 'mse_1=0.004811; ', 'lpips_1=0.006599; ', 'codec_recon_1=0.350256; ', 'bpp_1=0.306596; ', 'mse_2=0.004547; ', 'lpips_2=0.004871; ', 'codec_recon_2=0.051097; ', 'bpp_2=0.300428; ']
train step[801/2000] ; used: 18m:57s; eta: 28m:19s; loss = 0.332448; ['mse_0=0.001676; ', 'lpips_0=0.008126; ', 'codec_recon_0=0.034989; ', 'bpp_0=6.200118; ', 'mse_1=0.001101; ', 'lpips_1=0.005958; ', 'codec_recon_1=0.230390; ', 'bpp_1=0.301876; ', 'mse_2=0.001003; ', 'lpips_2=0.005351; ', 'codec_recon_2=0.043853; ', 'bpp_2=0.295967; ']
train step[802/2000] ; used: 18m:58s; eta: 28m:18s; loss = 0.325670; ['mse_0=0.001829; ', 'lpips_0=0.006963; ', 'codec_recon_0=0.032623; ', 'bpp_0=6.211508; ', 'mse_1=0.001311; ', 'lpips_1=0.005128; ', 'codec_recon_1=0.231851; ', 'bpp_1=0.302697; ', 'mse_2=0.001128; ', 'lpips_2=0.004362; ', 'codec_recon_2=0.040476; ', 'bpp_2=0.295663; ']
train step[803/2000] ; used: 18m:59s; eta: 28m:16s; loss = 0.428457; ['mse_0=0.003006; ', 'lpips_0=0.009866; ', 'codec_recon_0=0.035206; ', 'bpp_0=6.277086; ', 'mse_1=0.002579; ', 'lpips_1=0.008146; ', 'codec_recon_1=0.313718; ', 'bpp_1=0.303624; ', 'mse_2=0.002343; ', 'lpips_2=0.007159; ', 'codec_recon_2=0.046434; ', 'bpp_2=0.298575; ']
train step[804/2000] ; used: 19m; eta: 28m:14s; loss = 0.374767; ['mse_0=0.001555; ', 'lpips_0=0.007344; ', 'codec_recon_0=0.032532; ', 'bpp_0=6.249433; ', 'mse_1=0.001173; ', 'lpips_1=0.005602; ', 'codec_recon_1=0.279093; ', 'bpp_1=0.303011; ', 'mse_2=0.001112; ', 'lpips_2=0.004857; ', 'codec_recon_2=0.041498; ', 'bpp_2=0.297336; ']
train step[805/2000] ; used: 19m:1s; eta: 28m:12s; loss = 0.270182; ['mse_0=0.001585; ', 'lpips_0=0.007515; ', 'codec_recon_0=0.030109; ', 'bpp_0=6.058702; ', 'mse_1=0.001081; ', 'lpips_1=0.006232; ', 'codec_recon_1=0.182923; ', 'bpp_1=0.299911; ', 'mse_2=0.000954; ', 'lpips_2=0.005733; ', 'codec_recon_2=0.034049; ', 'bpp_2=0.293132; ']
train step[806/2000] ; used: 19m:2s; eta: 28m:10s; loss = 0.347740; ['mse_0=0.001434; ', 'lpips_0=0.006666; ', 'codec_recon_0=0.033142; ', 'bpp_0=6.166451; ', 'mse_1=0.001147; ', 'lpips_1=0.004950; ', 'codec_recon_1=0.257117; ', 'bpp_1=0.300682; ', 'mse_2=0.001082; ', 'lpips_2=0.004356; ', 'codec_recon_2=0.037845; ', 'bpp_2=0.295178; ']
train step[807/2000] ; used: 19m:3s; eta: 28m:8s; loss = 0.372010; ['mse_0=0.003612; ', 'lpips_0=0.007672; ', 'codec_recon_0=0.034669; ', 'bpp_0=6.294556; ', 'mse_1=0.002579; ', 'lpips_1=0.005598; ', 'codec_recon_1=0.267896; ', 'bpp_1=0.304826; ', 'mse_2=0.001818; ', 'lpips_2=0.004254; ', 'codec_recon_2=0.043912; ', 'bpp_2=0.299638; ']
train step[808/2000] ; used: 19m:5s; eta: 28m:7s; loss = 0.325311; ['mse_0=0.003511; ', 'lpips_0=0.007725; ', 'codec_recon_0=0.030567; ', 'bpp_0=6.147643; ', 'mse_1=0.002948; ', 'lpips_1=0.006486; ', 'codec_recon_1=0.223909; ', 'bpp_1=0.300331; ', 'mse_2=0.002856; ', 'lpips_2=0.005932; ', 'codec_recon_2=0.041376; ', 'bpp_2=0.295037; ']
train step[809/2000] ; used: 19m:6s; eta: 28m:5s; loss = 0.326046; ['mse_0=0.001883; ', 'lpips_0=0.007939; ', 'codec_recon_0=0.031603; ', 'bpp_0=6.104408; ', 'mse_1=0.001266; ', 'lpips_1=0.006792; ', 'codec_recon_1=0.230669; ', 'bpp_1=0.300727; ', 'mse_2=0.001175; ', 'lpips_2=0.006211; ', 'codec_recon_2=0.038509; ', 'bpp_2=0.294366; ']
train step[810/2000] ; used: 19m:7s; eta: 28m:3s; loss = 0.294553; ['mse_0=0.001299; ', 'lpips_0=0.006406; ', 'codec_recon_0=0.030432; ', 'bpp_0=6.168456; ', 'mse_1=0.000864; ', 'lpips_1=0.005042; ', 'codec_recon_1=0.202979; ', 'bpp_1=0.301751; ', 'mse_2=0.000816; ', 'lpips_2=0.004539; ', 'codec_recon_2=0.042176; ', 'bpp_2=0.295422; ']
train step[811/2000] ; used: 19m:8s; eta: 28m:1s; loss = 0.371460; ['mse_0=0.002906; ', 'lpips_0=0.006649; ', 'codec_recon_0=0.034714; ', 'bpp_0=6.151772; ', 'mse_1=0.002452; ', 'lpips_1=0.005042; ', 'codec_recon_1=0.274059; ', 'bpp_1=0.300689; ', 'mse_2=0.002275; ', 'lpips_2=0.004171; ', 'codec_recon_2=0.039192; ', 'bpp_2=0.294624; ']
train step[812/2000] ; used: 19m:9s; eta: 28m; loss = 0.344610; ['mse_0=0.002129; ', 'lpips_0=0.005768; ', 'codec_recon_0=0.031060; ', 'bpp_0=6.208912; ', 'mse_1=0.001645; ', 'lpips_1=0.004154; ', 'codec_recon_1=0.251139; ', 'bpp_1=0.302891; ', 'mse_2=0.001425; ', 'lpips_2=0.003437; ', 'codec_recon_2=0.043854; ', 'bpp_2=0.297544; ']
train step[813/2000] ; used: 19m:10s; eta: 27m:58s; loss = 0.331563; ['mse_0=0.005157; ', 'lpips_0=0.008534; ', 'codec_recon_0=0.031475; ', 'bpp_0=6.193416; ', 'mse_1=0.004482; ', 'lpips_1=0.007075; ', 'codec_recon_1=0.226336; ', 'bpp_1=0.304210; ', 'mse_2=0.004258; ', 'lpips_2=0.006540; ', 'codec_recon_2=0.037706; ', 'bpp_2=0.297401; ']
train step[814/2000] ; used: 19m:12s; eta: 27m:56s; loss = 0.298482; ['mse_0=0.001503; ', 'lpips_0=0.006797; ', 'codec_recon_0=0.029249; ', 'bpp_0=6.179192; ', 'mse_1=0.001055; ', 'lpips_1=0.005483; ', 'codec_recon_1=0.214351; ', 'bpp_1=0.303129; ', 'mse_2=0.000938; ', 'lpips_2=0.004866; ', 'codec_recon_2=0.034239; ', 'bpp_2=0.296133; ']
train step[815/2000] ; used: 19m:13s; eta: 27m:54s; loss = 0.280134; ['mse_0=0.003062; ', 'lpips_0=0.007453; ', 'codec_recon_0=0.027370; ', 'bpp_0=6.179980; ', 'mse_1=0.002565; ', 'lpips_1=0.005553; ', 'codec_recon_1=0.193854; ', 'bpp_1=0.303343; ', 'mse_2=0.002495; ', 'lpips_2=0.004968; ', 'codec_recon_2=0.032814; ', 'bpp_2=0.296298; ']
train step[816/2000] ; used: 19m:14s; eta: 27m:53s; loss = 0.293604; ['mse_0=0.002062; ', 'lpips_0=0.007368; ', 'codec_recon_0=0.030437; ', 'bpp_0=6.169274; ', 'mse_1=0.001668; ', 'lpips_1=0.005946; ', 'codec_recon_1=0.203770; ', 'bpp_1=0.301956; ', 'mse_2=0.001592; ', 'lpips_2=0.005383; ', 'codec_recon_2=0.035377; ', 'bpp_2=0.295594; ']
train step[817/2000] ; used: 19m:15s; eta: 27m:51s; loss = 0.337219; ['mse_0=0.001187; ', 'lpips_0=0.005555; ', 'codec_recon_0=0.031051; ', 'bpp_0=6.238595; ', 'mse_1=0.000872; ', 'lpips_1=0.003988; ', 'codec_recon_1=0.250093; ', 'bpp_1=0.302677; ', 'mse_2=0.000735; ', 'lpips_2=0.003258; ', 'codec_recon_2=0.040479; ', 'bpp_2=0.296777; ']
train step[818/2000] ; used: 19m:17s; eta: 27m:49s; loss = 0.264507; ['mse_0=0.001435; ', 'lpips_0=0.007561; ', 'codec_recon_0=0.032428; ', 'bpp_0=6.118104; ', 'mse_1=0.001212; ', 'lpips_1=0.006206; ', 'codec_recon_1=0.176030; ', 'bpp_1=0.301571; ', 'mse_2=0.001160; ', 'lpips_2=0.005838; ', 'codec_recon_2=0.032635; ', 'bpp_2=0.295235; ']
train step[819/2000] ; used: 19m:18s; eta: 27m:48s; loss = 0.369942; ['mse_0=0.001640; ', 'lpips_0=0.006464; ', 'codec_recon_0=0.032182; ', 'bpp_0=6.266375; ', 'mse_1=0.001169; ', 'lpips_1=0.004539; ', 'codec_recon_1=0.275403; ', 'bpp_1=0.304359; ', 'mse_2=0.000914; ', 'lpips_2=0.003256; ', 'codec_recon_2=0.044375; ', 'bpp_2=0.299133; ']
train step[820/2000] ; used: 19m:19s; eta: 27m:46s; loss = 0.294348; ['mse_0=0.001286; ', 'lpips_0=0.006372; ', 'codec_recon_0=0.030844; ', 'bpp_0=6.161581; ', 'mse_1=0.000878; ', 'lpips_1=0.004772; ', 'codec_recon_1=0.210015; ', 'bpp_1=0.302500; ', 'mse_2=0.000826; ', 'lpips_2=0.004236; ', 'codec_recon_2=0.035120; ', 'bpp_2=0.296426; ']
train step[821/2000] ; used: 19m:20s; eta: 27m:44s; loss = 0.326477; ['mse_0=0.002853; ', 'lpips_0=0.007247; ', 'codec_recon_0=0.031609; ', 'bpp_0=6.085140; ', 'mse_1=0.002211; ', 'lpips_1=0.005808; ', 'codec_recon_1=0.233698; ', 'bpp_1=0.299704; ', 'mse_2=0.001940; ', 'lpips_2=0.004911; ', 'codec_recon_2=0.036200; ', 'bpp_2=0.292670; ']
train step[822/2000] ; used: 19m:21s; eta: 27m:43s; loss = 0.339036; ['mse_0=0.011218; ', 'lpips_0=0.011663; ', 'codec_recon_0=0.033371; ', 'bpp_0=6.092435; ', 'mse_1=0.010259; ', 'lpips_1=0.010669; ', 'codec_recon_1=0.208543; ', 'bpp_1=0.300369; ', 'mse_2=0.009986; ', 'lpips_2=0.010258; ', 'codec_recon_2=0.033070; ', 'bpp_2=0.294197; ']
train step[823/2000] ; used: 19m:23s; eta: 27m:41s; loss = 0.318064; ['mse_0=0.001376; ', 'lpips_0=0.005960; ', 'codec_recon_0=0.032773; ', 'bpp_0=6.159638; ', 'mse_1=0.001010; ', 'lpips_1=0.004440; ', 'codec_recon_1=0.232381; ', 'bpp_1=0.302009; ', 'mse_2=0.000905; ', 'lpips_2=0.003853; ', 'codec_recon_2=0.035365; ', 'bpp_2=0.295997; ']
train step[824/2000] ; used: 19m:24s; eta: 27m:39s; loss = 0.289606; ['mse_0=0.001614; ', 'lpips_0=0.006404; ', 'codec_recon_0=0.028226; ', 'bpp_0=6.188147; ', 'mse_1=0.001192; ', 'lpips_1=0.005015; ', 'codec_recon_1=0.209472; ', 'bpp_1=0.303559; ', 'mse_2=0.001067; ', 'lpips_2=0.004290; ', 'codec_recon_2=0.032326; ', 'bpp_2=0.297894; ']
train step[825/2000] ; used: 19m:25s; eta: 27m:37s; loss = 0.413543; ['mse_0=0.005281; ', 'lpips_0=0.008742; ', 'codec_recon_0=0.030629; ', 'bpp_0=6.302037; ', 'mse_1=0.003952; ', 'lpips_1=0.006429; ', 'codec_recon_1=0.309989; ', 'bpp_1=0.306333; ', 'mse_2=0.003258; ', 'lpips_2=0.004725; ', 'codec_recon_2=0.040539; ', 'bpp_2=0.300560; ']
train step[826/2000] ; used: 19m:26s; eta: 27m:35s; loss = 0.281855; ['mse_0=0.001869; ', 'lpips_0=0.007320; ', 'codec_recon_0=0.027769; ', 'bpp_0=6.141032; ', 'mse_1=0.001508; ', 'lpips_1=0.005807; ', 'codec_recon_1=0.201951; ', 'bpp_1=0.302473; ', 'mse_2=0.001402; ', 'lpips_2=0.005261; ', 'codec_recon_2=0.028968; ', 'bpp_2=0.296100; ']
train step[827/2000] ; used: 19m:27s; eta: 27m:34s; loss = 0.334186; ['mse_0=0.002077; ', 'lpips_0=0.007299; ', 'codec_recon_0=0.030243; ', 'bpp_0=6.169101; ', 'mse_1=0.001482; ', 'lpips_1=0.005454; ', 'codec_recon_1=0.245515; ', 'bpp_1=0.301679; ', 'mse_2=0.001108; ', 'lpips_2=0.004596; ', 'codec_recon_2=0.036412; ', 'bpp_2=0.296553; ']
train step[828/2000] ; used: 19m:28s; eta: 27m:32s; loss = 0.358693; ['mse_0=0.003653; ', 'lpips_0=0.007521; ', 'codec_recon_0=0.031477; ', 'bpp_0=6.195102; ', 'mse_1=0.002771; ', 'lpips_1=0.005631; ', 'codec_recon_1=0.265866; ', 'bpp_1=0.302525; ', 'mse_2=0.002488; ', 'lpips_2=0.004838; ', 'codec_recon_2=0.034448; ', 'bpp_2=0.298024; ']
train step[829/2000] ; used: 19m:29s; eta: 27m:30s; loss = 0.366539; ['mse_0=0.002290; ', 'lpips_0=0.008324; ', 'codec_recon_0=0.032050; ', 'bpp_0=6.214674; ', 'mse_1=0.001561; ', 'lpips_1=0.005504; ', 'codec_recon_1=0.268829; ', 'bpp_1=0.303781; ', 'mse_2=0.001338; ', 'lpips_2=0.003879; ', 'codec_recon_2=0.042764; ', 'bpp_2=0.297334; ']
train step[830/2000] ; used: 19m:31s; eta: 27m:28s; loss = 0.304627; ['mse_0=0.003980; ', 'lpips_0=0.006990; ', 'codec_recon_0=0.027468; ', 'bpp_0=6.161965; ', 'mse_1=0.003477; ', 'lpips_1=0.005827; ', 'codec_recon_1=0.217165; ', 'bpp_1=0.302640; ', 'mse_2=0.003351; ', 'lpips_2=0.005233; ', 'codec_recon_2=0.031137; ', 'bpp_2=0.295467; ']
train step[831/2000] ; used: 19m:32s; eta: 27m:27s; loss = 0.277792; ['mse_0=0.002367; ', 'lpips_0=0.008306; ', 'codec_recon_0=0.030817; ', 'bpp_0=6.172553; ', 'mse_1=0.001685; ', 'lpips_1=0.006228; ', 'codec_recon_1=0.192190; ', 'bpp_1=0.303980; ', 'mse_2=0.001498; ', 'lpips_2=0.005489; ', 'codec_recon_2=0.029213; ', 'bpp_2=0.296321; ']
train step[832/2000] ; used: 19m:33s; eta: 27m:25s; loss = 0.303683; ['mse_0=0.006352; ', 'lpips_0=0.011083; ', 'codec_recon_0=0.030125; ', 'bpp_0=6.231666; ', 'mse_1=0.005479; ', 'lpips_1=0.009582; ', 'codec_recon_1=0.193714; ', 'bpp_1=0.304775; ', 'mse_2=0.005303; ', 'lpips_2=0.008830; ', 'codec_recon_2=0.033215; ', 'bpp_2=0.298505; ']
train step[833/2000] ; used: 19m:34s; eta: 27m:23s; loss = 0.238039; ['mse_0=0.002224; ', 'lpips_0=0.008818; ', 'codec_recon_0=0.026529; ', 'bpp_0=6.128840; ', 'mse_1=0.001691; ', 'lpips_1=0.007231; ', 'codec_recon_1=0.158310; ', 'bpp_1=0.302129; ', 'mse_2=0.001612; ', 'lpips_2=0.006829; ', 'codec_recon_2=0.024795; ', 'bpp_2=0.295761; ']
train step[834/2000] ; used: 19m:35s; eta: 27m:22s; loss = 0.306508; ['mse_0=0.002137; ', 'lpips_0=0.007309; ', 'codec_recon_0=0.030946; ', 'bpp_0=6.241210; ', 'mse_1=0.001549; ', 'lpips_1=0.005244; ', 'codec_recon_1=0.224392; ', 'bpp_1=0.305085; ', 'mse_2=0.001287; ', 'lpips_2=0.004306; ', 'codec_recon_2=0.029338; ', 'bpp_2=0.299883; ']
train step[835/2000] ; used: 19m:37s; eta: 27m:20s; loss = 0.326057; ['mse_0=0.002583; ', 'lpips_0=0.007883; ', 'codec_recon_0=0.032475; ', 'bpp_0=6.196832; ', 'mse_1=0.001937; ', 'lpips_1=0.005862; ', 'codec_recon_1=0.233151; ', 'bpp_1=0.303785; ', 'mse_2=0.001724; ', 'lpips_2=0.004843; ', 'codec_recon_2=0.035598; ', 'bpp_2=0.298726; ']
train step[836/2000] ; used: 19m:38s; eta: 27m:18s; loss = 0.302640; ['mse_0=0.004790; ', 'lpips_0=0.008434; ', 'codec_recon_0=0.032631; ', 'bpp_0=6.246478; ', 'mse_1=0.003935; ', 'lpips_1=0.006518; ', 'codec_recon_1=0.204658; ', 'bpp_1=0.304491; ', 'mse_2=0.003812; ', 'lpips_2=0.006010; ', 'codec_recon_2=0.031853; ', 'bpp_2=0.297761; ']
train step[837/2000] ; used: 19m:39s; eta: 27m:17s; loss = 0.265822; ['mse_0=0.002089; ', 'lpips_0=0.007711; ', 'codec_recon_0=0.029691; ', 'bpp_0=6.123372; ', 'mse_1=0.001613; ', 'lpips_1=0.006620; ', 'codec_recon_1=0.181771; ', 'bpp_1=0.300988; ', 'mse_2=0.001559; ', 'lpips_2=0.006261; ', 'codec_recon_2=0.028506; ', 'bpp_2=0.296228; ']
train step[838/2000] ; used: 19m:40s; eta: 27m:15s; loss = 0.331336; ['mse_0=0.003497; ', 'lpips_0=0.009184; ', 'codec_recon_0=0.029454; ', 'bpp_0=6.242450; ', 'mse_1=0.003245; ', 'lpips_1=0.006932; ', 'codec_recon_1=0.236169; ', 'bpp_1=0.303624; ', 'mse_2=0.003146; ', 'lpips_2=0.005944; ', 'codec_recon_2=0.033766; ', 'bpp_2=0.298276; ']
train step[839/2000] ; used: 19m:41s; eta: 27m:13s; loss = 0.317602; ['mse_0=0.000862; ', 'lpips_0=0.006450; ', 'codec_recon_0=0.029045; ', 'bpp_0=6.226099; ', 'mse_1=0.000547; ', 'lpips_1=0.004393; ', 'codec_recon_1=0.231794; ', 'bpp_1=0.301792; ', 'mse_2=0.000469; ', 'lpips_2=0.003737; ', 'codec_recon_2=0.040306; ', 'bpp_2=0.296699; ']
train step[840/2000] ; used: 19m:43s; eta: 27m:11s; loss = 0.288150; ['mse_0=0.001440; ', 'lpips_0=0.007868; ', 'codec_recon_0=0.027551; ', 'bpp_0=6.135258; ', 'mse_1=0.001119; ', 'lpips_1=0.006063; ', 'codec_recon_1=0.205069; ', 'bpp_1=0.301709; ', 'mse_2=0.001050; ', 'lpips_2=0.005402; ', 'codec_recon_2=0.032587; ', 'bpp_2=0.294639; ']
train step[841/2000] ; used: 19m:44s; eta: 27m:10s; loss = 0.267596; ['mse_0=0.002551; ', 'lpips_0=0.008342; ', 'codec_recon_0=0.028373; ', 'bpp_0=6.226803; ', 'mse_1=0.002050; ', 'lpips_1=0.006759; ', 'codec_recon_1=0.183227; ', 'bpp_1=0.303638; ', 'mse_2=0.001947; ', 'lpips_2=0.006299; ', 'codec_recon_2=0.028047; ', 'bpp_2=0.297855; ']
train step[842/2000] ; used: 19m:45s; eta: 27m:8s; loss = 0.348240; ['mse_0=0.001361; ', 'lpips_0=0.008257; ', 'codec_recon_0=0.031414; ', 'bpp_0=6.229651; ', 'mse_1=0.001066; ', 'lpips_1=0.006318; ', 'codec_recon_1=0.257794; ', 'bpp_1=0.304322; ', 'mse_2=0.000882; ', 'lpips_2=0.005117; ', 'codec_recon_2=0.036032; ', 'bpp_2=0.298967; ']
train step[843/2000] ; used: 19m:47s; eta: 27m:7s; loss = 0.330309; ['mse_0=0.003064; ', 'lpips_0=0.008544; ', 'codec_recon_0=0.026962; ', 'bpp_0=6.260580; ', 'mse_1=0.002247; ', 'lpips_1=0.006320; ', 'codec_recon_1=0.246262; ', 'bpp_1=0.304488; ', 'mse_2=0.001903; ', 'lpips_2=0.004894; ', 'codec_recon_2=0.030113; ', 'bpp_2=0.299492; ']
train step[844/2000] ; used: 19m:48s; eta: 27m:6s; loss = 0.269408; ['mse_0=0.001454; ', 'lpips_0=0.005941; ', 'codec_recon_0=0.027145; ', 'bpp_0=6.165339; ', 'mse_1=0.000964; ', 'lpips_1=0.004426; ', 'codec_recon_1=0.196242; ', 'bpp_1=0.301947; ', 'mse_2=0.000783; ', 'lpips_2=0.003861; ', 'codec_recon_2=0.028592; ', 'bpp_2=0.295862; ']
train step[845/2000] ; used: 19m:49s; eta: 27m:4s; loss = 0.289822; ['mse_0=0.003987; ', 'lpips_0=0.007524; ', 'codec_recon_0=0.030779; ', 'bpp_0=6.224510; ', 'mse_1=0.003418; ', 'lpips_1=0.006133; ', 'codec_recon_1=0.199546; ', 'bpp_1=0.304007; ', 'mse_2=0.003298; ', 'lpips_2=0.005453; ', 'codec_recon_2=0.029684; ', 'bpp_2=0.298004; ']
train step[846/2000] ; used: 19m:50s; eta: 27m:2s; loss = 0.287218; ['mse_0=0.003006; ', 'lpips_0=0.009479; ', 'codec_recon_0=0.029563; ', 'bpp_0=6.228056; ', 'mse_1=0.002333; ', 'lpips_1=0.007636; ', 'codec_recon_1=0.193877; ', 'bpp_1=0.305421; ', 'mse_2=0.002160; ', 'lpips_2=0.006708; ', 'codec_recon_2=0.032455; ', 'bpp_2=0.297971; ']
train step[847/2000] ; used: 19m:52s; eta: 27m; loss = 0.352002; ['mse_0=0.004881; ', 'lpips_0=0.010112; ', 'codec_recon_0=0.031696; ', 'bpp_0=6.181983; ', 'mse_1=0.004208; ', 'lpips_1=0.008120; ', 'codec_recon_1=0.249287; ', 'bpp_1=0.304194; ', 'mse_2=0.003823; ', 'lpips_2=0.006906; ', 'codec_recon_2=0.032970; ', 'bpp_2=0.297337; ']
train step[848/2000] ; used: 19m:53s; eta: 26m:59s; loss = 0.416218; ['mse_0=0.002208; ', 'lpips_0=0.007791; ', 'codec_recon_0=0.031825; ', 'bpp_0=6.317652; ', 'mse_1=0.001624; ', 'lpips_1=0.005904; ', 'codec_recon_1=0.318350; ', 'bpp_1=0.305137; ', 'mse_2=0.001318; ', 'lpips_2=0.004621; ', 'codec_recon_2=0.042576; ', 'bpp_2=0.300030; ']
train step[849/2000] ; used: 19m:54s; eta: 26m:57s; loss = 0.356805; ['mse_0=0.002540; ', 'lpips_0=0.006804; ', 'codec_recon_0=0.030888; ', 'bpp_0=6.268459; ', 'mse_1=0.001755; ', 'lpips_1=0.005069; ', 'codec_recon_1=0.270125; ', 'bpp_1=0.305089; ', 'mse_2=0.001355; ', 'lpips_2=0.003954; ', 'codec_recon_2=0.034314; ', 'bpp_2=0.299665; ']
train step[850/2000] ; used: 19m:55s; eta: 26m:55s; loss = 0.277715; ['mse_0=0.001321; ', 'lpips_0=0.008104; ', 'codec_recon_0=0.025654; ', 'bpp_0=6.221461; ', 'mse_1=0.000887; ', 'lpips_1=0.006310; ', 'codec_recon_1=0.198171; ', 'bpp_1=0.301292; ', 'mse_2=0.000802; ', 'lpips_2=0.005703; ', 'codec_recon_2=0.030763; ', 'bpp_2=0.296309; ']
train step[851/2000] ; used: 19m:56s; eta: 26m:53s; loss = 0.245180; ['mse_0=0.001995; ', 'lpips_0=0.007532; ', 'codec_recon_0=0.027791; ', 'bpp_0=6.214508; ', 'mse_1=0.001496; ', 'lpips_1=0.005628; ', 'codec_recon_1=0.167421; ', 'bpp_1=0.304406; ', 'mse_2=0.001387; ', 'lpips_2=0.005059; ', 'codec_recon_2=0.026872; ', 'bpp_2=0.298315; ']
train step[852/2000] ; used: 19m:57s; eta: 26m:52s; loss = 0.208330; ['mse_0=0.004468; ', 'lpips_0=0.009051; ', 'codec_recon_0=0.025368; ', 'bpp_0=6.173693; ', 'mse_1=0.002897; ', 'lpips_1=0.007412; ', 'codec_recon_1=0.128861; ', 'bpp_1=0.304029; ', 'mse_2=0.002789; ', 'lpips_2=0.006742; ', 'codec_recon_2=0.020743; ', 'bpp_2=0.295481; ']
train step[853/2000] ; used: 19m:59s; eta: 26m:50s; loss = 0.359921; ['mse_0=0.006144; ', 'lpips_0=0.008694; ', 'codec_recon_0=0.031996; ', 'bpp_0=6.292407; ', 'mse_1=0.004829; ', 'lpips_1=0.006667; ', 'codec_recon_1=0.259828; ', 'bpp_1=0.306487; ', 'mse_2=0.004278; ', 'lpips_2=0.005284; ', 'codec_recon_2=0.032202; ', 'bpp_2=0.301221; ']
train step[854/2000] ; used: 20m; eta: 26m:49s; loss = 0.247578; ['mse_0=0.002152; ', 'lpips_0=0.007250; ', 'codec_recon_0=0.025684; ', 'bpp_0=6.194684; ', 'mse_1=0.001509; ', 'lpips_1=0.005352; ', 'codec_recon_1=0.175663; ', 'bpp_1=0.302731; ', 'mse_2=0.001380; ', 'lpips_2=0.004762; ', 'codec_recon_2=0.023826; ', 'bpp_2=0.295840; ']
train step[855/2000] ; used: 20m:1s; eta: 26m:47s; loss = 0.245306; ['mse_0=0.001407; ', 'lpips_0=0.006207; ', 'codec_recon_0=0.026695; ', 'bpp_0=6.201984; ', 'mse_1=0.001020; ', 'lpips_1=0.004487; ', 'codec_recon_1=0.172679; ', 'bpp_1=0.303577; ', 'mse_2=0.000936; ', 'lpips_2=0.003963; ', 'codec_recon_2=0.027912; ', 'bpp_2=0.297056; ']
train step[856/2000] ; used: 20m:2s; eta: 26m:45s; loss = 0.221471; ['mse_0=0.000701; ', 'lpips_0=0.006848; ', 'codec_recon_0=0.024489; ', 'bpp_0=6.161947; ', 'mse_1=0.000480; ', 'lpips_1=0.005298; ', 'codec_recon_1=0.151227; ', 'bpp_1=0.301824; ', 'mse_2=0.000452; ', 'lpips_2=0.004850; ', 'codec_recon_2=0.027125; ', 'bpp_2=0.294694; ']
train step[857/2000] ; used: 20m:4s; eta: 26m:43s; loss = 0.385107; ['mse_0=0.001814; ', 'lpips_0=0.008239; ', 'codec_recon_0=0.029877; ', 'bpp_0=6.316037; ', 'mse_1=0.001300; ', 'lpips_1=0.005855; ', 'codec_recon_1=0.297334; ', 'bpp_1=0.304989; ', 'mse_2=0.000935; ', 'lpips_2=0.004411; ', 'codec_recon_2=0.035342; ', 'bpp_2=0.301366; ']
train step[858/2000] ; used: 20m:5s; eta: 26m:42s; loss = 0.272216; ['mse_0=0.003239; ', 'lpips_0=0.006564; ', 'codec_recon_0=0.024493; ', 'bpp_0=6.257563; ', 'mse_1=0.002438; ', 'lpips_1=0.004682; ', 'codec_recon_1=0.198931; ', 'bpp_1=0.304647; ', 'mse_2=0.002348; ', 'lpips_2=0.004043; ', 'codec_recon_2=0.025479; ', 'bpp_2=0.299486; ']
train step[859/2000] ; used: 20m:6s; eta: 26m:40s; loss = 0.292217; ['mse_0=0.005211; ', 'lpips_0=0.008887; ', 'codec_recon_0=0.027396; ', 'bpp_0=6.204110; ', 'mse_1=0.004724; ', 'lpips_1=0.007224; ', 'codec_recon_1=0.201528; ', 'bpp_1=0.303744; ', 'mse_2=0.004720; ', 'lpips_2=0.006337; ', 'codec_recon_2=0.026191; ', 'bpp_2=0.298392; ']
train step[860/2000] ; used: 20m:7s; eta: 26m:38s; loss = 0.317577; ['mse_0=0.002272; ', 'lpips_0=0.007917; ', 'codec_recon_0=0.025697; ', 'bpp_0=6.256367; ', 'mse_1=0.001696; ', 'lpips_1=0.006312; ', 'codec_recon_1=0.236152; ', 'bpp_1=0.305170; ', 'mse_2=0.001419; ', 'lpips_2=0.005149; ', 'codec_recon_2=0.030964; ', 'bpp_2=0.298823; ']
train step[861/2000] ; used: 20m:8s; eta: 26m:36s; loss = 0.265606; ['mse_0=0.001474; ', 'lpips_0=0.006208; ', 'codec_recon_0=0.026062; ', 'bpp_0=6.230589; ', 'mse_1=0.001025; ', 'lpips_1=0.004581; ', 'codec_recon_1=0.194195; ', 'bpp_1=0.305501; ', 'mse_2=0.000873; ', 'lpips_2=0.003891; ', 'codec_recon_2=0.027297; ', 'bpp_2=0.298398; ']
train step[862/2000] ; used: 20m:9s; eta: 26m:35s; loss = 0.223109; ['mse_0=0.004390; ', 'lpips_0=0.009813; ', 'codec_recon_0=0.022207; ', 'bpp_0=6.181532; ', 'mse_1=0.004061; ', 'lpips_1=0.008474; ', 'codec_recon_1=0.140654; ', 'bpp_1=0.304413; ', 'mse_2=0.004038; ', 'lpips_2=0.008085; ', 'codec_recon_2=0.021387; ', 'bpp_2=0.296804; ']
train step[863/2000] ; used: 20m:10s; eta: 26m:33s; loss = 0.252466; ['mse_0=0.002083; ', 'lpips_0=0.006657; ', 'codec_recon_0=0.027336; ', 'bpp_0=6.169425; ', 'mse_1=0.001351; ', 'lpips_1=0.005127; ', 'codec_recon_1=0.178740; ', 'bpp_1=0.303774; ', 'mse_2=0.001222; ', 'lpips_2=0.004617; ', 'codec_recon_2=0.025332; ', 'bpp_2=0.297394; ']
train step[864/2000] ; used: 20m:12s; eta: 26m:31s; loss = 0.311619; ['mse_0=0.007637; ', 'lpips_0=0.013767; ', 'codec_recon_0=0.026705; ', 'bpp_0=6.276435; ', 'mse_1=0.007301; ', 'lpips_1=0.012324; ', 'codec_recon_1=0.200450; ', 'bpp_1=0.306985; ', 'mse_2=0.007310; ', 'lpips_2=0.011786; ', 'codec_recon_2=0.024339; ', 'bpp_2=0.300051; ']
train step[865/2000] ; used: 20m:13s; eta: 26m:30s; loss = 0.243014; ['mse_0=0.001244; ', 'lpips_0=0.006671; ', 'codec_recon_0=0.023623; ', 'bpp_0=6.205788; ', 'mse_1=0.000820; ', 'lpips_1=0.005117; ', 'codec_recon_1=0.174893; ', 'bpp_1=0.304628; ', 'mse_2=0.000694; ', 'lpips_2=0.004509; ', 'codec_recon_2=0.025442; ', 'bpp_2=0.297157; ']
train step[866/2000] ; used: 20m:14s; eta: 26m:28s; loss = 0.204579; ['mse_0=0.000847; ', 'lpips_0=0.006966; ', 'codec_recon_0=0.021981; ', 'bpp_0=6.206608; ', 'mse_1=0.000400; ', 'lpips_1=0.004539; ', 'codec_recon_1=0.141864; ', 'bpp_1=0.302615; ', 'mse_2=0.000293; ', 'lpips_2=0.003795; ', 'codec_recon_2=0.023894; ', 'bpp_2=0.296184; ']
train step[867/2000] ; used: 20m:15s; eta: 26m:26s; loss = 0.266602; ['mse_0=0.003486; ', 'lpips_0=0.008235; ', 'codec_recon_0=0.026119; ', 'bpp_0=6.252634; ', 'mse_1=0.003084; ', 'lpips_1=0.006973; ', 'codec_recon_1=0.182870; ', 'bpp_1=0.303716; ', 'mse_2=0.003046; ', 'lpips_2=0.006425; ', 'codec_recon_2=0.026362; ', 'bpp_2=0.299442; ']
train step[868/2000] ; used: 20m:16s; eta: 26m:25s; loss = 0.276435; ['mse_0=0.002078; ', 'lpips_0=0.007458; ', 'codec_recon_0=0.025601; ', 'bpp_0=6.256240; ', 'mse_1=0.001576; ', 'lpips_1=0.005868; ', 'codec_recon_1=0.199312; ', 'bpp_1=0.305041; ', 'mse_2=0.001396; ', 'lpips_2=0.004777; ', 'codec_recon_2=0.028369; ', 'bpp_2=0.298151; ']
train step[869/2000] ; used: 20m:18s; eta: 26m:23s; loss = 0.290871; ['mse_0=0.002524; ', 'lpips_0=0.007977; ', 'codec_recon_0=0.028517; ', 'bpp_0=6.283188; ', 'mse_1=0.001856; ', 'lpips_1=0.005938; ', 'codec_recon_1=0.204795; ', 'bpp_1=0.305492; ', 'mse_2=0.001565; ', 'lpips_2=0.004900; ', 'codec_recon_2=0.032799; ', 'bpp_2=0.300021; ']
train step[870/2000] ; used: 20m:19s; eta: 26m:21s; loss = 0.210658; ['mse_0=0.003906; ', 'lpips_0=0.007343; ', 'codec_recon_0=0.022045; ', 'bpp_0=6.167593; ', 'mse_1=0.003414; ', 'lpips_1=0.005924; ', 'codec_recon_1=0.138745; ', 'bpp_1=0.304004; ', 'mse_2=0.003260; ', 'lpips_2=0.005238; ', 'codec_recon_2=0.020784; ', 'bpp_2=0.295599; ']
train step[871/2000] ; used: 20m:20s; eta: 26m:20s; loss = 0.296754; ['mse_0=0.001972; ', 'lpips_0=0.007839; ', 'codec_recon_0=0.026435; ', 'bpp_0=6.185555; ', 'mse_1=0.001377; ', 'lpips_1=0.006138; ', 'codec_recon_1=0.215218; ', 'bpp_1=0.302242; ', 'mse_2=0.001136; ', 'lpips_2=0.004993; ', 'codec_recon_2=0.031646; ', 'bpp_2=0.297239; ']
train step[872/2000] ; used: 20m:21s; eta: 26m:18s; loss = 0.228571; ['mse_0=0.001795; ', 'lpips_0=0.007364; ', 'codec_recon_0=0.022702; ', 'bpp_0=6.159235; ', 'mse_1=0.001218; ', 'lpips_1=0.005875; ', 'codec_recon_1=0.160439; ', 'bpp_1=0.302772; ', 'mse_2=0.001167; ', 'lpips_2=0.005182; ', 'codec_recon_2=0.022829; ', 'bpp_2=0.296224; ']
train step[873/2000] ; used: 20m:22s; eta: 26m:16s; loss = 0.239956; ['mse_0=0.002206; ', 'lpips_0=0.007167; ', 'codec_recon_0=0.024079; ', 'bpp_0=6.203323; ', 'mse_1=0.001922; ', 'lpips_1=0.005684; ', 'codec_recon_1=0.167244; ', 'bpp_1=0.304805; ', 'mse_2=0.001836; ', 'lpips_2=0.005169; ', 'codec_recon_2=0.024650; ', 'bpp_2=0.297607; ']
train step[874/2000] ; used: 20m:24s; eta: 26m:15s; loss = 0.233707; ['mse_0=0.001874; ', 'lpips_0=0.006831; ', 'codec_recon_0=0.024103; ', 'bpp_0=6.217212; ', 'mse_1=0.001537; ', 'lpips_1=0.005072; ', 'codec_recon_1=0.165232; ', 'bpp_1=0.304893; ', 'mse_2=0.001447; ', 'lpips_2=0.004340; ', 'codec_recon_2=0.023271; ', 'bpp_2=0.298000; ']
train step[875/2000] ; used: 20m:25s; eta: 26m:13s; loss = 0.248723; ['mse_0=0.001422; ', 'lpips_0=0.007319; ', 'codec_recon_0=0.024666; ', 'bpp_0=6.213023; ', 'mse_1=0.001118; ', 'lpips_1=0.005716; ', 'codec_recon_1=0.175545; ', 'bpp_1=0.303621; ', 'mse_2=0.001017; ', 'lpips_2=0.004915; ', 'codec_recon_2=0.027006; ', 'bpp_2=0.297432; ']
train step[876/2000] ; used: 20m:26s; eta: 26m:12s; loss = 0.231461; ['mse_0=0.004238; ', 'lpips_0=0.007454; ', 'codec_recon_0=0.024289; ', 'bpp_0=6.191116; ', 'mse_1=0.003909; ', 'lpips_1=0.006309; ', 'codec_recon_1=0.153593; ', 'bpp_1=0.304202; ', 'mse_2=0.003774; ', 'lpips_2=0.005871; ', 'codec_recon_2=0.022024; ', 'bpp_2=0.297022; ']
train step[877/2000] ; used: 20m:27s; eta: 26m:10s; loss = 0.257393; ['mse_0=0.003856; ', 'lpips_0=0.007983; ', 'codec_recon_0=0.023913; ', 'bpp_0=6.236178; ', 'mse_1=0.003139; ', 'lpips_1=0.006533; ', 'codec_recon_1=0.179317; ', 'bpp_1=0.305140; ', 'mse_2=0.002927; ', 'lpips_2=0.005704; ', 'codec_recon_2=0.024021; ', 'bpp_2=0.297294; ']
train step[878/2000] ; used: 20m:29s; eta: 26m:8s; loss = 0.221109; ['mse_0=0.002165; ', 'lpips_0=0.006430; ', 'codec_recon_0=0.023716; ', 'bpp_0=6.236259; ', 'mse_1=0.001433; ', 'lpips_1=0.004688; ', 'codec_recon_1=0.154703; ', 'bpp_1=0.305884; ', 'mse_2=0.001280; ', 'lpips_2=0.003868; ', 'codec_recon_2=0.022826; ', 'bpp_2=0.297659; ']
train step[879/2000] ; used: 20m:30s; eta: 26m:7s; loss = 0.298634; ['mse_0=0.002421; ', 'lpips_0=0.006949; ', 'codec_recon_0=0.029400; ', 'bpp_0=6.267308; ', 'mse_1=0.001967; ', 'lpips_1=0.005056; ', 'codec_recon_1=0.218160; ', 'bpp_1=0.304419; ', 'mse_2=0.001730; ', 'lpips_2=0.004267; ', 'codec_recon_2=0.028683; ', 'bpp_2=0.299643; ']
train step[880/2000] ; used: 20m:31s; eta: 26m:5s; loss = 0.204160; ['mse_0=0.001246; ', 'lpips_0=0.006830; ', 'codec_recon_0=0.023844; ', 'bpp_0=6.167962; ', 'mse_1=0.000930; ', 'lpips_1=0.005595; ', 'codec_recon_1=0.135015; ', 'bpp_1=0.303274; ', 'mse_2=0.000860; ', 'lpips_2=0.005322; ', 'codec_recon_2=0.024517; ', 'bpp_2=0.296643; ']
train step[881/2000] ; used: 20m:32s; eta: 26m:4s; loss = 0.254974; ['mse_0=0.004458; ', 'lpips_0=0.008994; ', 'codec_recon_0=0.025745; ', 'bpp_0=6.223769; ', 'mse_1=0.003901; ', 'lpips_1=0.007305; ', 'codec_recon_1=0.170288; ', 'bpp_1=0.305482; ', 'mse_2=0.003766; ', 'lpips_2=0.006823; ', 'codec_recon_2=0.023694; ', 'bpp_2=0.297810; ']
train step[882/2000] ; used: 20m:33s; eta: 26m:2s; loss = 0.247251; ['mse_0=0.001285; ', 'lpips_0=0.007443; ', 'codec_recon_0=0.024832; ', 'bpp_0=6.229413; ', 'mse_1=0.000856; ', 'lpips_1=0.005403; ', 'codec_recon_1=0.177255; ', 'bpp_1=0.304057; ', 'mse_2=0.000734; ', 'lpips_2=0.004586; ', 'codec_recon_2=0.024857; ', 'bpp_2=0.297124; ']
train step[883/2000] ; used: 20m:35s; eta: 26m; loss = 0.264746; ['mse_0=0.001970; ', 'lpips_0=0.010057; ', 'codec_recon_0=0.025785; ', 'bpp_0=6.275430; ', 'mse_1=0.001462; ', 'lpips_1=0.007853; ', 'codec_recon_1=0.184004; ', 'bpp_1=0.305971; ', 'mse_2=0.001250; ', 'lpips_2=0.006075; ', 'codec_recon_2=0.026290; ', 'bpp_2=0.299139; ']
train step[884/2000] ; used: 20m:36s; eta: 25m:59s; loss = 0.212478; ['mse_0=0.001461; ', 'lpips_0=0.006822; ', 'codec_recon_0=0.024162; ', 'bpp_0=6.199642; ', 'mse_1=0.001069; ', 'lpips_1=0.004996; ', 'codec_recon_1=0.145115; ', 'bpp_1=0.303562; ', 'mse_2=0.000912; ', 'lpips_2=0.004003; ', 'codec_recon_2=0.023939; ', 'bpp_2=0.295496; ']
train step[885/2000] ; used: 20m:37s; eta: 25m:57s; loss = 0.254709; ['mse_0=0.003151; ', 'lpips_0=0.008265; ', 'codec_recon_0=0.025127; ', 'bpp_0=6.177354; ', 'mse_1=0.002766; ', 'lpips_1=0.007115; ', 'codec_recon_1=0.171746; ', 'bpp_1=0.303377; ', 'mse_2=0.002705; ', 'lpips_2=0.006657; ', 'codec_recon_2=0.027178; ', 'bpp_2=0.297279; ']
train step[886/2000] ; used: 20m:38s; eta: 25m:55s; loss = 0.268016; ['mse_0=0.003991; ', 'lpips_0=0.010191; ', 'codec_recon_0=0.027281; ', 'bpp_0=6.217619; ', 'mse_1=0.003498; ', 'lpips_1=0.008955; ', 'codec_recon_1=0.177177; ', 'bpp_1=0.303947; ', 'mse_2=0.003454; ', 'lpips_2=0.008539; ', 'codec_recon_2=0.024930; ', 'bpp_2=0.297920; ']
train step[887/2000] ; used: 20m:39s; eta: 25m:54s; loss = 0.365812; ['mse_0=0.007269; ', 'lpips_0=0.011968; ', 'codec_recon_0=0.029330; ', 'bpp_0=6.256902; ', 'mse_1=0.006461; ', 'lpips_1=0.010000; ', 'codec_recon_1=0.253414; ', 'bpp_1=0.305912; ', 'mse_2=0.005893; ', 'lpips_2=0.008228; ', 'codec_recon_2=0.033249; ', 'bpp_2=0.299982; ']
train step[888/2000] ; used: 20m:41s; eta: 25m:52s; loss = 0.308369; ['mse_0=0.003428; ', 'lpips_0=0.006806; ', 'codec_recon_0=0.028900; ', 'bpp_0=6.269978; ', 'mse_1=0.002407; ', 'lpips_1=0.004902; ', 'codec_recon_1=0.224124; ', 'bpp_1=0.305011; ', 'mse_2=0.001507; ', 'lpips_2=0.002855; ', 'codec_recon_2=0.033439; ', 'bpp_2=0.299305; ']
train step[889/2000] ; used: 20m:42s; eta: 25m:50s; loss = 0.208651; ['mse_0=0.001855; ', 'lpips_0=0.006895; ', 'codec_recon_0=0.023408; ', 'bpp_0=6.156854; ', 'mse_1=0.001516; ', 'lpips_1=0.005425; ', 'codec_recon_1=0.142924; ', 'bpp_1=0.302263; ', 'mse_2=0.001427; ', 'lpips_2=0.004839; ', 'codec_recon_2=0.020361; ', 'bpp_2=0.295113; ']
train step[890/2000] ; used: 20m:43s; eta: 25m:48s; loss = 0.195748; ['mse_0=0.001450; ', 'lpips_0=0.007104; ', 'codec_recon_0=0.020533; ', 'bpp_0=6.171197; ', 'mse_1=0.001089; ', 'lpips_1=0.005557; ', 'codec_recon_1=0.132929; ', 'bpp_1=0.303197; ', 'mse_2=0.000982; ', 'lpips_2=0.004853; ', 'codec_recon_2=0.021251; ', 'bpp_2=0.295459; ']
train step[891/2000] ; used: 20m:44s; eta: 25m:47s; loss = 0.251646; ['mse_0=0.003362; ', 'lpips_0=0.010466; ', 'codec_recon_0=0.026191; ', 'bpp_0=6.175428; ', 'mse_1=0.003154; ', 'lpips_1=0.009378; ', 'codec_recon_1=0.160785; ', 'bpp_1=0.303781; ', 'mse_2=0.003153; ', 'lpips_2=0.008894; ', 'codec_recon_2=0.026263; ', 'bpp_2=0.297637; ']
train step[892/2000] ; used: 20m:45s; eta: 25m:45s; loss = 0.185591; ['mse_0=0.000890; ', 'lpips_0=0.005867; ', 'codec_recon_0=0.020758; ', 'bpp_0=6.165741; ', 'mse_1=0.000616; ', 'lpips_1=0.004327; ', 'codec_recon_1=0.127981; ', 'bpp_1=0.303136; ', 'mse_2=0.000508; ', 'lpips_2=0.003793; ', 'codec_recon_2=0.020849; ', 'bpp_2=0.295673; ']
train step[893/2000] ; used: 20m:46s; eta: 25m:43s; loss = 0.249024; ['mse_0=0.002661; ', 'lpips_0=0.008706; ', 'codec_recon_0=0.022507; ', 'bpp_0=6.212208; ', 'mse_1=0.002141; ', 'lpips_1=0.007120; ', 'codec_recon_1=0.173107; ', 'bpp_1=0.305383; ', 'mse_2=0.002036; ', 'lpips_2=0.006110; ', 'codec_recon_2=0.024637; ', 'bpp_2=0.298404; ']
train step[894/2000] ; used: 20m:47s; eta: 25m:42s; loss = 0.216941; ['mse_0=0.001161; ', 'lpips_0=0.005208; ', 'codec_recon_0=0.022048; ', 'bpp_0=6.182175; ', 'mse_1=0.000957; ', 'lpips_1=0.003776; ', 'codec_recon_1=0.157167; ', 'bpp_1=0.301671; ', 'mse_2=0.000855; ', 'lpips_2=0.003265; ', 'codec_recon_2=0.022503; ', 'bpp_2=0.294717; ']
train step[895/2000] ; used: 20m:49s; eta: 25m:40s; loss = 0.209471; ['mse_0=0.002039; ', 'lpips_0=0.007199; ', 'codec_recon_0=0.021692; ', 'bpp_0=6.185101; ', 'mse_1=0.001580; ', 'lpips_1=0.005756; ', 'codec_recon_1=0.139252; ', 'bpp_1=0.303458; ', 'mse_2=0.001471; ', 'lpips_2=0.004819; ', 'codec_recon_2=0.025663; ', 'bpp_2=0.295431; ']
train step[896/2000] ; used: 20m:50s; eta: 25m:38s; loss = 0.212576; ['mse_0=0.001989; ', 'lpips_0=0.006932; ', 'codec_recon_0=0.022591; ', 'bpp_0=6.165896; ', 'mse_1=0.001688; ', 'lpips_1=0.005446; ', 'codec_recon_1=0.146421; ', 'bpp_1=0.303427; ', 'mse_2=0.001647; ', 'lpips_2=0.004871; ', 'codec_recon_2=0.020991; ', 'bpp_2=0.295858; ']
train step[897/2000] ; used: 20m:51s; eta: 25m:37s; loss = 0.272226; ['mse_0=0.001638; ', 'lpips_0=0.007761; ', 'codec_recon_0=0.024153; ', 'bpp_0=6.242291; ', 'mse_1=0.001141; ', 'lpips_1=0.005282; ', 'codec_recon_1=0.200098; ', 'bpp_1=0.304607; ', 'mse_2=0.000827; ', 'lpips_2=0.003737; ', 'codec_recon_2=0.027589; ', 'bpp_2=0.297280; ']
train step[898/2000] ; used: 20m:52s; eta: 25m:35s; loss = 0.202049; ['mse_0=0.001227; ', 'lpips_0=0.007587; ', 'codec_recon_0=0.021722; ', 'bpp_0=6.114894; ', 'mse_1=0.000829; ', 'lpips_1=0.006438; ', 'codec_recon_1=0.136247; ', 'bpp_1=0.299838; ', 'mse_2=0.000814; ', 'lpips_2=0.006023; ', 'codec_recon_2=0.021161; ', 'bpp_2=0.293297; ']
train step[899/2000] ; used: 20m:53s; eta: 25m:33s; loss = 0.276083; ['mse_0=0.002583; ', 'lpips_0=0.007366; ', 'codec_recon_0=0.024002; ', 'bpp_0=6.218468; ', 'mse_1=0.001894; ', 'lpips_1=0.005411; ', 'codec_recon_1=0.197820; ', 'bpp_1=0.305215; ', 'mse_2=0.001597; ', 'lpips_2=0.003980; ', 'codec_recon_2=0.031429; ', 'bpp_2=0.298330; ']
train step[900/2000] ; used: 20m:55s; eta: 25m:32s; loss = 0.205546; ['mse_0=0.000890; ', 'lpips_0=0.008978; ', 'codec_recon_0=0.023342; ', 'bpp_0=6.177637; ', 'mse_1=0.000645; ', 'lpips_1=0.006828; ', 'codec_recon_1=0.134932; ', 'bpp_1=0.301971; ', 'mse_2=0.000615; ', 'lpips_2=0.006217; ', 'codec_recon_2=0.023098; ', 'bpp_2=0.295592; ']
train step[901/2000] ; used: 20m:56s; eta: 25m:30s; loss = 0.298182; ['mse_0=0.005347; ', 'lpips_0=0.009502; ', 'codec_recon_0=0.027501; ', 'bpp_0=6.277204; ', 'mse_1=0.004538; ', 'lpips_1=0.007587; ', 'codec_recon_1=0.205906; ', 'bpp_1=0.306594; ', 'mse_2=0.004235; ', 'lpips_2=0.006299; ', 'codec_recon_2=0.027266; ', 'bpp_2=0.300898; ']
train step[902/2000] ; used: 20m:57s; eta: 25m:29s; loss = 0.223691; ['mse_0=0.004553; ', 'lpips_0=0.007979; ', 'codec_recon_0=0.021740; ', 'bpp_0=6.207153; ', 'mse_1=0.004221; ', 'lpips_1=0.006315; ', 'codec_recon_1=0.149213; ', 'bpp_1=0.304064; ', 'mse_2=0.004107; ', 'lpips_2=0.005326; ', 'codec_recon_2=0.020237; ', 'bpp_2=0.296867; ']
train step[903/2000] ; used: 20m:58s; eta: 25m:27s; loss = 0.218154; ['mse_0=0.003371; ', 'lpips_0=0.007374; ', 'codec_recon_0=0.024237; ', 'bpp_0=6.171557; ', 'mse_1=0.003336; ', 'lpips_1=0.006321; ', 'codec_recon_1=0.139642; ', 'bpp_1=0.302962; ', 'mse_2=0.003366; ', 'lpips_2=0.005788; ', 'codec_recon_2=0.024720; ', 'bpp_2=0.296763; ']
train step[904/2000] ; used: 21m; eta: 25m:26s; loss = 0.250526; ['mse_0=0.003133; ', 'lpips_0=0.007525; ', 'codec_recon_0=0.021918; ', 'bpp_0=6.229883; ', 'mse_1=0.002484; ', 'lpips_1=0.005988; ', 'codec_recon_1=0.176100; ', 'bpp_1=0.306514; ', 'mse_2=0.002226; ', 'lpips_2=0.004921; ', 'codec_recon_2=0.026232; ', 'bpp_2=0.297572; ']
train step[905/2000] ; used: 21m:1s; eta: 25m:24s; loss = 0.222730; ['mse_0=0.001398; ', 'lpips_0=0.005002; ', 'codec_recon_0=0.023304; ', 'bpp_0=6.221008; ', 'mse_1=0.000945; ', 'lpips_1=0.003422; ', 'codec_recon_1=0.162743; ', 'bpp_1=0.305162; ', 'mse_2=0.000789; ', 'lpips_2=0.002764; ', 'codec_recon_2=0.022364; ', 'bpp_2=0.297630; ']
train step[906/2000] ; used: 21m:2s; eta: 25m:23s; loss = 0.265191; ['mse_0=0.005761; ', 'lpips_0=0.013675; ', 'codec_recon_0=0.023275; ', 'bpp_0=6.186970; ', 'mse_1=0.005163; ', 'lpips_1=0.012193; ', 'codec_recon_1=0.162338; ', 'bpp_1=0.304299; ', 'mse_2=0.005104; ', 'lpips_2=0.011412; ', 'codec_recon_2=0.026271; ', 'bpp_2=0.297341; ']
train step[907/2000] ; used: 21m:3s; eta: 25m:21s; loss = 0.219230; ['mse_0=0.002893; ', 'lpips_0=0.008888; ', 'codec_recon_0=0.024630; ', 'bpp_0=6.178718; ', 'mse_1=0.002637; ', 'lpips_1=0.007253; ', 'codec_recon_1=0.140054; ', 'bpp_1=0.303552; ', 'mse_2=0.002682; ', 'lpips_2=0.006613; ', 'codec_recon_2=0.023580; ', 'bpp_2=0.296125; ']
train step[908/2000] ; used: 21m:5s; eta: 25m:19s; loss = 0.229364; ['mse_0=0.001934; ', 'lpips_0=0.005314; ', 'codec_recon_0=0.025208; ', 'bpp_0=6.206037; ', 'mse_1=0.001367; ', 'lpips_1=0.003766; ', 'codec_recon_1=0.166316; ', 'bpp_1=0.303691; ', 'mse_2=0.001164; ', 'lpips_2=0.003034; ', 'codec_recon_2=0.021262; ', 'bpp_2=0.296943; ']
train step[909/2000] ; used: 21m:7s; eta: 25m:19s; loss = 0.310393; ['mse_0=0.003871; ', 'lpips_0=0.011446; ', 'codec_recon_0=0.029567; ', 'bpp_0=6.271924; ', 'mse_1=0.003123; ', 'lpips_1=0.009285; ', 'codec_recon_1=0.211748; ', 'bpp_1=0.306293; ', 'mse_2=0.002565; ', 'lpips_2=0.007726; ', 'codec_recon_2=0.031062; ', 'bpp_2=0.300576; ']
train step[910/2000] ; used: 21m:8s; eta: 25m:17s; loss = 0.214975; ['mse_0=0.003543; ', 'lpips_0=0.009862; ', 'codec_recon_0=0.022873; ', 'bpp_0=6.141671; ', 'mse_1=0.002931; ', 'lpips_1=0.008401; ', 'codec_recon_1=0.134846; ', 'bpp_1=0.302933; ', 'mse_2=0.002775; ', 'lpips_2=0.007745; ', 'codec_recon_2=0.021999; ', 'bpp_2=0.295647; ']
train step[911/2000] ; used: 21m:9s; eta: 25m:15s; loss = 0.195350; ['mse_0=0.002779; ', 'lpips_0=0.007695; ', 'codec_recon_0=0.021873; ', 'bpp_0=6.178850; ', 'mse_1=0.002743; ', 'lpips_1=0.006143; ', 'codec_recon_1=0.124253; ', 'bpp_1=0.304306; ', 'mse_2=0.002704; ', 'lpips_2=0.005673; ', 'codec_recon_2=0.021488; ', 'bpp_2=0.296184; ']
train step[912/2000] ; used: 21m:10s; eta: 25m:14s; loss = 0.169069; ['mse_0=0.002027; ', 'lpips_0=0.005164; ', 'codec_recon_0=0.019403; ', 'bpp_0=6.156802; ', 'mse_1=0.001634; ', 'lpips_1=0.003832; ', 'codec_recon_1=0.114089; ', 'bpp_1=0.303082; ', 'mse_2=0.001508; ', 'lpips_2=0.003221; ', 'codec_recon_2=0.018190; ', 'bpp_2=0.294987; ']
train step[913/2000] ; used: 21m:11s; eta: 25m:12s; loss = 0.212250; ['mse_0=0.002350; ', 'lpips_0=0.008445; ', 'codec_recon_0=0.023157; ', 'bpp_0=6.173328; ', 'mse_1=0.002041; ', 'lpips_1=0.006537; ', 'codec_recon_1=0.140214; ', 'bpp_1=0.302532; ', 'mse_2=0.001948; ', 'lpips_2=0.005925; ', 'codec_recon_2=0.021634; ', 'bpp_2=0.294669; ']
train step[914/2000] ; used: 21m:12s; eta: 25m:10s; loss = 0.207811; ['mse_0=0.001701; ', 'lpips_0=0.006890; ', 'codec_recon_0=0.023767; ', 'bpp_0=6.170980; ', 'mse_1=0.001296; ', 'lpips_1=0.005275; ', 'codec_recon_1=0.139928; ', 'bpp_1=0.303475; ', 'mse_2=0.001205; ', 'lpips_2=0.004676; ', 'codec_recon_2=0.023071; ', 'bpp_2=0.295735; ']
train step[915/2000] ; used: 21m:14s; eta: 25m:9s; loss = 0.186309; ['mse_0=0.002912; ', 'lpips_0=0.006943; ', 'codec_recon_0=0.019537; ', 'bpp_0=6.143830; ', 'mse_1=0.001949; ', 'lpips_1=0.005255; ', 'codec_recon_1=0.125525; ', 'bpp_1=0.303999; ', 'mse_2=0.001374; ', 'lpips_2=0.004290; ', 'codec_recon_2=0.018524; ', 'bpp_2=0.294961; ']
train step[916/2000] ; used: 21m:15s; eta: 25m:7s; loss = 0.218753; ['mse_0=0.001792; ', 'lpips_0=0.006830; ', 'codec_recon_0=0.022654; ', 'bpp_0=6.232594; ', 'mse_1=0.001371; ', 'lpips_1=0.005086; ', 'codec_recon_1=0.150644; ', 'bpp_1=0.305323; ', 'mse_2=0.001244; ', 'lpips_2=0.004292; ', 'codec_recon_2=0.024839; ', 'bpp_2=0.297067; ']
train step[917/2000] ; used: 21m:16s; eta: 25m:5s; loss = 0.231373; ['mse_0=0.001518; ', 'lpips_0=0.004683; ', 'codec_recon_0=0.022467; ', 'bpp_0=6.223914; ', 'mse_1=0.001047; ', 'lpips_1=0.003400; ', 'codec_recon_1=0.170383; ', 'bpp_1=0.304903; ', 'mse_2=0.000851; ', 'lpips_2=0.002706; ', 'codec_recon_2=0.024319; ', 'bpp_2=0.296996; ']
train step[918/2000] ; used: 21m:17s; eta: 25m:4s; loss = 0.224859; ['mse_0=0.002463; ', 'lpips_0=0.006598; ', 'codec_recon_0=0.023825; ', 'bpp_0=6.192011; ', 'mse_1=0.001962; ', 'lpips_1=0.005345; ', 'codec_recon_1=0.153241; ', 'bpp_1=0.303986; ', 'mse_2=0.001694; ', 'lpips_2=0.004568; ', 'codec_recon_2=0.025163; ', 'bpp_2=0.296247; ']
train step[919/2000] ; used: 21m:18s; eta: 25m:2s; loss = 0.205366; ['mse_0=0.001938; ', 'lpips_0=0.006988; ', 'codec_recon_0=0.021116; ', 'bpp_0=6.179584; ', 'mse_1=0.001391; ', 'lpips_1=0.005486; ', 'codec_recon_1=0.140130; ', 'bpp_1=0.304016; ', 'mse_2=0.001270; ', 'lpips_2=0.004856; ', 'codec_recon_2=0.022189; ', 'bpp_2=0.296938; ']
train step[920/2000] ; used: 21m:20s; eta: 25m:1s; loss = 0.177946; ['mse_0=0.001765; ', 'lpips_0=0.007067; ', 'codec_recon_0=0.019011; ', 'bpp_0=6.165982; ', 'mse_1=0.001454; ', 'lpips_1=0.005608; ', 'codec_recon_1=0.114262; ', 'bpp_1=0.303854; ', 'mse_2=0.001343; ', 'lpips_2=0.005038; ', 'codec_recon_2=0.022399; ', 'bpp_2=0.295482; ']
train step[921/2000] ; used: 21m:21s; eta: 24m:59s; loss = 0.200479; ['mse_0=0.002258; ', 'lpips_0=0.007385; ', 'codec_recon_0=0.021227; ', 'bpp_0=6.166469; ', 'mse_1=0.002046; ', 'lpips_1=0.006046; ', 'codec_recon_1=0.133038; ', 'bpp_1=0.303222; ', 'mse_2=0.001959; ', 'lpips_2=0.005705; ', 'codec_recon_2=0.020816; ', 'bpp_2=0.296912; ']
train step[922/2000] ; used: 21m:22s; eta: 24m:57s; loss = 0.222427; ['mse_0=0.002219; ', 'lpips_0=0.006012; ', 'codec_recon_0=0.020971; ', 'bpp_0=6.215215; ', 'mse_1=0.001776; ', 'lpips_1=0.004603; ', 'codec_recon_1=0.156806; ', 'bpp_1=0.304468; ', 'mse_2=0.001582; ', 'lpips_2=0.003770; ', 'codec_recon_2=0.024689; ', 'bpp_2=0.297164; ']
train step[923/2000] ; used: 21m:23s; eta: 24m:56s; loss = 0.210027; ['mse_0=0.001682; ', 'lpips_0=0.005319; ', 'codec_recon_0=0.020171; ', 'bpp_0=6.198967; ', 'mse_1=0.001393; ', 'lpips_1=0.003823; ', 'codec_recon_1=0.150182; ', 'bpp_1=0.304398; ', 'mse_2=0.001310; ', 'lpips_2=0.003142; ', 'codec_recon_2=0.023005; ', 'bpp_2=0.295838; ']
train step[924/2000] ; used: 21m:25s; eta: 24m:54s; loss = 0.200867; ['mse_0=0.003979; ', 'lpips_0=0.007994; ', 'codec_recon_0=0.020274; ', 'bpp_0=6.216088; ', 'mse_1=0.003557; ', 'lpips_1=0.006534; ', 'codec_recon_1=0.124957; ', 'bpp_1=0.305169; ', 'mse_2=0.003492; ', 'lpips_2=0.006023; ', 'codec_recon_2=0.024056; ', 'bpp_2=0.298004; ']
train step[925/2000] ; used: 21m:26s; eta: 24m:53s; loss = 0.253845; ['mse_0=0.003255; ', 'lpips_0=0.006363; ', 'codec_recon_0=0.022481; ', 'bpp_0=6.266313; ', 'mse_1=0.002642; ', 'lpips_1=0.004965; ', 'codec_recon_1=0.183876; ', 'bpp_1=0.306114; ', 'mse_2=0.002420; ', 'lpips_2=0.003983; ', 'codec_recon_2=0.023860; ', 'bpp_2=0.299341; ']
train step[926/2000] ; used: 21m:27s; eta: 24m:51s; loss = 0.191933; ['mse_0=0.003067; ', 'lpips_0=0.008453; ', 'codec_recon_0=0.017654; ', 'bpp_0=6.152587; ', 'mse_1=0.002478; ', 'lpips_1=0.007371; ', 'codec_recon_1=0.117048; ', 'bpp_1=0.303319; ', 'mse_2=0.002370; ', 'lpips_2=0.006588; ', 'codec_recon_2=0.026902; ', 'bpp_2=0.294758; ']
train step[927/2000] ; used: 21m:28s; eta: 24m:49s; loss = 0.181514; ['mse_0=0.002376; ', 'lpips_0=0.006823; ', 'codec_recon_0=0.020128; ', 'bpp_0=6.172080; ', 'mse_1=0.002139; ', 'lpips_1=0.005416; ', 'codec_recon_1=0.117406; ', 'bpp_1=0.303908; ', 'mse_2=0.002115; ', 'lpips_2=0.004984; ', 'codec_recon_2=0.020125; ', 'bpp_2=0.295941; ']
train step[928/2000] ; used: 21m:29s; eta: 24m:48s; loss = 0.279061; ['mse_0=0.004260; ', 'lpips_0=0.009291; ', 'codec_recon_0=0.025312; ', 'bpp_0=6.216273; ', 'mse_1=0.003758; ', 'lpips_1=0.007843; ', 'codec_recon_1=0.183525; ', 'bpp_1=0.304775; ', 'mse_2=0.003714; ', 'lpips_2=0.007086; ', 'codec_recon_2=0.034273; ', 'bpp_2=0.299080; ']
train step[929/2000] ; used: 21m:30s; eta: 24m:46s; loss = 0.180644; ['mse_0=0.002905; ', 'lpips_0=0.006976; ', 'codec_recon_0=0.019770; ', 'bpp_0=6.197472; ', 'mse_1=0.002750; ', 'lpips_1=0.005950; ', 'codec_recon_1=0.115366; ', 'bpp_1=0.303826; ', 'mse_2=0.002608; ', 'lpips_2=0.005444; ', 'codec_recon_2=0.018875; ', 'bpp_2=0.296881; ']
train step[930/2000] ; used: 21m:32s; eta: 24m:45s; loss = 0.189367; ['mse_0=0.002859; ', 'lpips_0=0.007746; ', 'codec_recon_0=0.018500; ', 'bpp_0=6.174893; ', 'mse_1=0.002298; ', 'lpips_1=0.006456; ', 'codec_recon_1=0.117924; ', 'bpp_1=0.304247; ', 'mse_2=0.002264; ', 'lpips_2=0.005871; ', 'codec_recon_2=0.025449; ', 'bpp_2=0.295929; ']
train step[931/2000] ; used: 21m:33s; eta: 24m:43s; loss = 0.204233; ['mse_0=0.001778; ', 'lpips_0=0.007075; ', 'codec_recon_0=0.021545; ', 'bpp_0=6.163054; ', 'mse_1=0.001590; ', 'lpips_1=0.006217; ', 'codec_recon_1=0.132869; ', 'bpp_1=0.304043; ', 'mse_2=0.001457; ', 'lpips_2=0.005867; ', 'codec_recon_2=0.025836; ', 'bpp_2=0.296558; ']
train step[932/2000] ; used: 21m:34s; eta: 24m:41s; loss = 0.224936; ['mse_0=0.001220; ', 'lpips_0=0.007411; ', 'codec_recon_0=0.020305; ', 'bpp_0=6.210810; ', 'mse_1=0.000905; ', 'lpips_1=0.005386; ', 'codec_recon_1=0.157648; ', 'bpp_1=0.302390; ', 'mse_2=0.000839; ', 'lpips_2=0.004569; ', 'codec_recon_2=0.026652; ', 'bpp_2=0.296019; ']
train step[933/2000] ; used: 21m:35s; eta: 24m:39s; loss = 0.208884; ['mse_0=0.005940; ', 'lpips_0=0.007901; ', 'codec_recon_0=0.020825; ', 'bpp_0=6.185905; ', 'mse_1=0.005135; ', 'lpips_1=0.006669; ', 'codec_recon_1=0.123206; ', 'bpp_1=0.303519; ', 'mse_2=0.004983; ', 'lpips_2=0.005957; ', 'codec_recon_2=0.028269; ', 'bpp_2=0.296404; ']
train step[934/2000] ; used: 21m:36s; eta: 24m:38s; loss = 0.218558; ['mse_0=0.004391; ', 'lpips_0=0.007956; ', 'codec_recon_0=0.020212; ', 'bpp_0=6.181383; ', 'mse_1=0.004038; ', 'lpips_1=0.006778; ', 'codec_recon_1=0.143720; ', 'bpp_1=0.302983; ', 'mse_2=0.004015; ', 'lpips_2=0.006348; ', 'codec_recon_2=0.021100; ', 'bpp_2=0.296768; ']
train step[935/2000] ; used: 21m:37s; eta: 24m:36s; loss = 0.214421; ['mse_0=0.002403; ', 'lpips_0=0.006040; ', 'codec_recon_0=0.022093; ', 'bpp_0=6.218017; ', 'mse_1=0.001917; ', 'lpips_1=0.004774; ', 'codec_recon_1=0.143727; ', 'bpp_1=0.305934; ', 'mse_2=0.001640; ', 'lpips_2=0.004094; ', 'codec_recon_2=0.027733; ', 'bpp_2=0.296946; ']
train step[936/2000] ; used: 21m:38s; eta: 24m:35s; loss = 0.170371; ['mse_0=0.001316; ', 'lpips_0=0.007094; ', 'codec_recon_0=0.017652; ', 'bpp_0=6.158908; ', 'mse_1=0.001074; ', 'lpips_1=0.005966; ', 'codec_recon_1=0.109396; ', 'bpp_1=0.302813; ', 'mse_2=0.001008; ', 'lpips_2=0.005693; ', 'codec_recon_2=0.021171; ', 'bpp_2=0.294645; ']
train step[937/2000] ; used: 21m:40s; eta: 24m:33s; loss = 0.172888; ['mse_0=0.000818; ', 'lpips_0=0.006484; ', 'codec_recon_0=0.018592; ', 'bpp_0=6.149427; ', 'mse_1=0.000514; ', 'lpips_1=0.004801; ', 'codec_recon_1=0.115770; ', 'bpp_1=0.301923; ', 'mse_2=0.000360; ', 'lpips_2=0.004111; ', 'codec_recon_2=0.021436; ', 'bpp_2=0.293535; ']
train step[938/2000] ; used: 21m:41s; eta: 24m:31s; loss = 0.264402; ['mse_0=0.002050; ', 'lpips_0=0.005315; ', 'codec_recon_0=0.025802; ', 'bpp_0=6.230972; ', 'mse_1=0.001388; ', 'lpips_1=0.003667; ', 'codec_recon_1=0.190179; ', 'bpp_1=0.303764; ', 'mse_2=0.001066; ', 'lpips_2=0.002774; ', 'codec_recon_2=0.032160; ', 'bpp_2=0.298392; ']
train step[939/2000] ; used: 21m:42s; eta: 24m:30s; loss = 0.254636; ['mse_0=0.002037; ', 'lpips_0=0.007406; ', 'codec_recon_0=0.021586; ', 'bpp_0=6.250313; ', 'mse_1=0.001308; ', 'lpips_1=0.005371; ', 'codec_recon_1=0.185321; ', 'bpp_1=0.304868; ', 'mse_2=0.000994; ', 'lpips_2=0.004256; ', 'codec_recon_2=0.026357; ', 'bpp_2=0.298350; ']
train step[940/2000] ; used: 21m:43s; eta: 24m:28s; loss = 0.215554; ['mse_0=0.001656; ', 'lpips_0=0.007231; ', 'codec_recon_0=0.021519; ', 'bpp_0=6.184618; ', 'mse_1=0.001293; ', 'lpips_1=0.005860; ', 'codec_recon_1=0.145844; ', 'bpp_1=0.302975; ', 'mse_2=0.001171; ', 'lpips_2=0.005212; ', 'codec_recon_2=0.025767; ', 'bpp_2=0.296269; ']
train step[941/2000] ; used: 21m:44s; eta: 24m:27s; loss = 0.182260; ['mse_0=0.001528; ', 'lpips_0=0.006292; ', 'codec_recon_0=0.018496; ', 'bpp_0=6.169230; ', 'mse_1=0.001008; ', 'lpips_1=0.004782; ', 'codec_recon_1=0.125091; ', 'bpp_1=0.303958; ', 'mse_2=0.000879; ', 'lpips_2=0.004122; ', 'codec_recon_2=0.020062; ', 'bpp_2=0.296158; ']
train step[942/2000] ; used: 21m:46s; eta: 24m:25s; loss = 0.239560; ['mse_0=0.001641; ', 'lpips_0=0.007820; ', 'codec_recon_0=0.022138; ', 'bpp_0=6.213651; ', 'mse_1=0.001256; ', 'lpips_1=0.006130; ', 'codec_recon_1=0.168354; ', 'bpp_1=0.304574; ', 'mse_2=0.001084; ', 'lpips_2=0.005135; ', 'codec_recon_2=0.026002; ', 'bpp_2=0.297919; ']
train step[943/2000] ; used: 21m:47s; eta: 24m:23s; loss = 0.193257; ['mse_0=0.001196; ', 'lpips_0=0.005258; ', 'codec_recon_0=0.018941; ', 'bpp_0=6.178698; ', 'mse_1=0.000882; ', 'lpips_1=0.003901; ', 'codec_recon_1=0.137603; ', 'bpp_1=0.305200; ', 'mse_2=0.000761; ', 'lpips_2=0.003258; ', 'codec_recon_2=0.021457; ', 'bpp_2=0.296627; ']
train step[944/2000] ; used: 21m:48s; eta: 24m:22s; loss = 0.176879; ['mse_0=0.001960; ', 'lpips_0=0.006348; ', 'codec_recon_0=0.019967; ', 'bpp_0=6.149618; ', 'mse_1=0.001575; ', 'lpips_1=0.005087; ', 'codec_recon_1=0.117045; ', 'bpp_1=0.304067; ', 'mse_2=0.001394; ', 'lpips_2=0.004426; ', 'codec_recon_2=0.019077; ', 'bpp_2=0.294790; ']
train step[945/2000] ; used: 21m:49s; eta: 24m:20s; loss = 0.257738; ['mse_0=0.002134; ', 'lpips_0=0.007778; ', 'codec_recon_0=0.022288; ', 'bpp_0=6.279130; ', 'mse_1=0.001581; ', 'lpips_1=0.005791; ', 'codec_recon_1=0.186309; ', 'bpp_1=0.307572; ', 'mse_2=0.001181; ', 'lpips_2=0.004064; ', 'codec_recon_2=0.026612; ', 'bpp_2=0.300288; ']
train step[946/2000] ; used: 21m:50s; eta: 24m:19s; loss = 0.180696; ['mse_0=0.001669; ', 'lpips_0=0.006053; ', 'codec_recon_0=0.018447; ', 'bpp_0=6.152509; ', 'mse_1=0.001206; ', 'lpips_1=0.004684; ', 'codec_recon_1=0.123975; ', 'bpp_1=0.302862; ', 'mse_2=0.001041; ', 'lpips_2=0.004004; ', 'codec_recon_2=0.019617; ', 'bpp_2=0.294675; ']
train step[947/2000] ; used: 21m:52s; eta: 24m:17s; loss = 0.219625; ['mse_0=0.001218; ', 'lpips_0=0.004756; ', 'codec_recon_0=0.021845; ', 'bpp_0=6.217794; ', 'mse_1=0.000820; ', 'lpips_1=0.003247; ', 'codec_recon_1=0.160776; ', 'bpp_1=0.304144; ', 'mse_2=0.000700; ', 'lpips_2=0.002532; ', 'codec_recon_2=0.023732; ', 'bpp_2=0.296867; ']
train step[948/2000] ; used: 21m:53s; eta: 24m:15s; loss = 0.264725; ['mse_0=0.001830; ', 'lpips_0=0.006710; ', 'codec_recon_0=0.021986; ', 'bpp_0=6.228432; ', 'mse_1=0.001426; ', 'lpips_1=0.005207; ', 'codec_recon_1=0.195310; ', 'bpp_1=0.304530; ', 'mse_2=0.001134; ', 'lpips_2=0.004111; ', 'codec_recon_2=0.027012; ', 'bpp_2=0.297825; ']
train step[949/2000] ; used: 21m:54s; eta: 24m:13s; loss = 0.210207; ['mse_0=0.001895; ', 'lpips_0=0.004878; ', 'codec_recon_0=0.019806; ', 'bpp_0=6.184619; ', 'mse_1=0.001368; ', 'lpips_1=0.003515; ', 'codec_recon_1=0.154827; ', 'bpp_1=0.303639; ', 'mse_2=0.001270; ', 'lpips_2=0.002918; ', 'codec_recon_2=0.019730; ', 'bpp_2=0.296156; ']
train step[950/2000] ; used: 21m:55s; eta: 24m:12s; loss = 0.170177; ['mse_0=0.001578; ', 'lpips_0=0.006900; ', 'codec_recon_0=0.019587; ', 'bpp_0=6.155765; ', 'mse_1=0.001330; ', 'lpips_1=0.005794; ', 'codec_recon_1=0.108625; ', 'bpp_1=0.302496; ', 'mse_2=0.001272; ', 'lpips_2=0.005397; ', 'codec_recon_2=0.019695; ', 'bpp_2=0.295773; ']
train step[951/2000] ; used: 21m:56s; eta: 24m:10s; loss = 0.235032; ['mse_0=0.002036; ', 'lpips_0=0.005678; ', 'codec_recon_0=0.020669; ', 'bpp_0=6.225738; ', 'mse_1=0.001504; ', 'lpips_1=0.004232; ', 'codec_recon_1=0.171058; ', 'bpp_1=0.306322; ', 'mse_2=0.001299; ', 'lpips_2=0.003416; ', 'codec_recon_2=0.025140; ', 'bpp_2=0.298188; ']
train step[952/2000] ; used: 21m:57s; eta: 24m:8s; loss = 0.186032; ['mse_0=0.001172; ', 'lpips_0=0.005685; ', 'codec_recon_0=0.017395; ', 'bpp_0=6.206655; ', 'mse_1=0.000820; ', 'lpips_1=0.004040; ', 'codec_recon_1=0.131928; ', 'bpp_1=0.303615; ', 'mse_2=0.000697; ', 'lpips_2=0.003314; ', 'codec_recon_2=0.020982; ', 'bpp_2=0.296145; ']
train step[953/2000] ; used: 21m:58s; eta: 24m:7s; loss = 0.179849; ['mse_0=0.003041; ', 'lpips_0=0.008667; ', 'codec_recon_0=0.019495; ', 'bpp_0=6.172074; ', 'mse_1=0.002443; ', 'lpips_1=0.006911; ', 'codec_recon_1=0.112285; ', 'bpp_1=0.303807; ', 'mse_2=0.002357; ', 'lpips_2=0.006214; ', 'codec_recon_2=0.018436; ', 'bpp_2=0.294280; ']
train step[954/2000] ; used: 21m:59s; eta: 24m:5s; loss = 0.187659; ['mse_0=0.002109; ', 'lpips_0=0.006043; ', 'codec_recon_0=0.019755; ', 'bpp_0=6.186169; ', 'mse_1=0.001810; ', 'lpips_1=0.004874; ', 'codec_recon_1=0.123989; ', 'bpp_1=0.304385; ', 'mse_2=0.001751; ', 'lpips_2=0.004448; ', 'codec_recon_2=0.022880; ', 'bpp_2=0.296772; ']
train step[955/2000] ; used: 22m; eta: 24m:3s; loss = 0.167658; ['mse_0=0.001111; ', 'lpips_0=0.005726; ', 'codec_recon_0=0.018280; ', 'bpp_0=6.130797; ', 'mse_1=0.000687; ', 'lpips_1=0.004345; ', 'codec_recon_1=0.113809; ', 'bpp_1=0.303146; ', 'mse_2=0.000598; ', 'lpips_2=0.003715; ', 'codec_recon_2=0.019386; ', 'bpp_2=0.292975; ']
train step[956/2000] ; used: 22m:1s; eta: 24m:2s; loss = 0.317478; ['mse_0=0.002224; ', 'lpips_0=0.007600; ', 'codec_recon_0=0.026003; ', 'bpp_0=6.267661; ', 'mse_1=0.001678; ', 'lpips_1=0.005726; ', 'codec_recon_1=0.239173; ', 'bpp_1=0.306128; ', 'mse_2=0.001316; ', 'lpips_2=0.004291; ', 'codec_recon_2=0.029468; ', 'bpp_2=0.299565; ']
train step[957/2000] ; used: 22m:2s; eta: 24m; loss = 0.183527; ['mse_0=0.002305; ', 'lpips_0=0.008513; ', 'codec_recon_0=0.019152; ', 'bpp_0=6.155137; ', 'mse_1=0.001952; ', 'lpips_1=0.007409; ', 'codec_recon_1=0.116566; ', 'bpp_1=0.302584; ', 'mse_2=0.001957; ', 'lpips_2=0.007060; ', 'codec_recon_2=0.018612; ', 'bpp_2=0.295064; ']
train step[958/2000] ; used: 22m:4s; eta: 23m:58s; loss = 0.164900; ['mse_0=0.002033; ', 'lpips_0=0.006456; ', 'codec_recon_0=0.018549; ', 'bpp_0=6.121933; ', 'mse_1=0.001661; ', 'lpips_1=0.005033; ', 'codec_recon_1=0.105625; ', 'bpp_1=0.303621; ', 'mse_2=0.001533; ', 'lpips_2=0.004439; ', 'codec_recon_2=0.019572; ', 'bpp_2=0.294677; ']
train step[959/2000] ; used: 22m:5s; eta: 23m:56s; loss = 0.250996; ['mse_0=0.015161; ', 'lpips_0=0.012614; ', 'codec_recon_0=0.019288; ', 'bpp_0=6.202020; ', 'mse_1=0.014362; ', 'lpips_1=0.011313; ', 'codec_recon_1=0.133087; ', 'bpp_1=0.305815; ', 'mse_2=0.014413; ', 'lpips_2=0.010810; ', 'codec_recon_2=0.019948; ', 'bpp_2=0.296525; ']
train step[960/2000] ; used: 22m:6s; eta: 23m:55s; loss = 0.198797; ['mse_0=0.001269; ', 'lpips_0=0.006543; ', 'codec_recon_0=0.019188; ', 'bpp_0=6.192615; ', 'mse_1=0.000992; ', 'lpips_1=0.005049; ', 'codec_recon_1=0.136558; ', 'bpp_1=0.303063; ', 'mse_2=0.000901; ', 'lpips_2=0.004377; ', 'codec_recon_2=0.023919; ', 'bpp_2=0.295252; ']
train step[961/2000] ; used: 22m:7s; eta: 23m:53s; loss = 0.224166; ['mse_0=0.001702; ', 'lpips_0=0.007121; ', 'codec_recon_0=0.020007; ', 'bpp_0=6.237243; ', 'mse_1=0.001312; ', 'lpips_1=0.005381; ', 'codec_recon_1=0.158326; ', 'bpp_1=0.306667; ', 'mse_2=0.001171; ', 'lpips_2=0.004463; ', 'codec_recon_2=0.024683; ', 'bpp_2=0.298212; ']
train step[962/2000] ; used: 22m:8s; eta: 23m:51s; loss = 0.204282; ['mse_0=0.003707; ', 'lpips_0=0.006588; ', 'codec_recon_0=0.020941; ', 'bpp_0=6.200492; ', 'mse_1=0.003193; ', 'lpips_1=0.005354; ', 'codec_recon_1=0.136310; ', 'bpp_1=0.305253; ', 'mse_2=0.002968; ', 'lpips_2=0.004742; ', 'codec_recon_2=0.020480; ', 'bpp_2=0.297403; ']
train step[963/2000] ; used: 22m:9s; eta: 23m:50s; loss = 0.252717; ['mse_0=0.002458; ', 'lpips_0=0.006535; ', 'codec_recon_0=0.023588; ', 'bpp_0=6.225854; ', 'mse_1=0.001855; ', 'lpips_1=0.004555; ', 'codec_recon_1=0.182481; ', 'bpp_1=0.305806; ', 'mse_2=0.001497; ', 'lpips_2=0.003148; ', 'codec_recon_2=0.026599; ', 'bpp_2=0.298069; ']
train step[964/2000] ; used: 22m:10s; eta: 23m:48s; loss = 0.232575; ['mse_0=0.003690; ', 'lpips_0=0.006868; ', 'codec_recon_0=0.020982; ', 'bpp_0=6.245431; ', 'mse_1=0.002951; ', 'lpips_1=0.005537; ', 'codec_recon_1=0.162490; ', 'bpp_1=0.306993; ', 'mse_2=0.002681; ', 'lpips_2=0.004509; ', 'codec_recon_2=0.022868; ', 'bpp_2=0.299713; ']
train step[965/2000] ; used: 22m:11s; eta: 23m:46s; loss = 0.179940; ['mse_0=0.001143; ', 'lpips_0=0.007943; ', 'codec_recon_0=0.019446; ', 'bpp_0=6.214875; ', 'mse_1=0.000769; ', 'lpips_1=0.005778; ', 'codec_recon_1=0.117924; ', 'bpp_1=0.304105; ', 'mse_2=0.000650; ', 'lpips_2=0.005001; ', 'codec_recon_2=0.021286; ', 'bpp_2=0.296833; ']
train step[966/2000] ; used: 22m:12s; eta: 23m:45s; loss = 0.229131; ['mse_0=0.006034; ', 'lpips_0=0.009181; ', 'codec_recon_0=0.021900; ', 'bpp_0=6.214314; ', 'mse_1=0.005667; ', 'lpips_1=0.007844; ', 'codec_recon_1=0.142898; ', 'bpp_1=0.304403; ', 'mse_2=0.005654; ', 'lpips_2=0.006898; ', 'codec_recon_2=0.023055; ', 'bpp_2=0.297453; ']
train step[967/2000] ; used: 22m:14s; eta: 23m:43s; loss = 0.205675; ['mse_0=0.001481; ', 'lpips_0=0.006846; ', 'codec_recon_0=0.019059; ', 'bpp_0=6.223046; ', 'mse_1=0.001031; ', 'lpips_1=0.004697; ', 'codec_recon_1=0.144875; ', 'bpp_1=0.303857; ', 'mse_2=0.000798; ', 'lpips_2=0.003603; ', 'codec_recon_2=0.023286; ', 'bpp_2=0.296743; ']
train step[968/2000] ; used: 22m:15s; eta: 23m:42s; loss = 0.204674; ['mse_0=0.002032; ', 'lpips_0=0.006363; ', 'codec_recon_0=0.019718; ', 'bpp_0=6.218572; ', 'mse_1=0.001676; ', 'lpips_1=0.004755; ', 'codec_recon_1=0.142517; ', 'bpp_1=0.304668; ', 'mse_2=0.001618; ', 'lpips_2=0.004032; ', 'codec_recon_2=0.021962; ', 'bpp_2=0.297116; ']
train step[969/2000] ; used: 22m:16s; eta: 23m:40s; loss = 0.245269; ['mse_0=0.003065; ', 'lpips_0=0.009064; ', 'codec_recon_0=0.022770; ', 'bpp_0=6.257840; ', 'mse_1=0.002445; ', 'lpips_1=0.006915; ', 'codec_recon_1=0.168858; ', 'bpp_1=0.305150; ', 'mse_2=0.002209; ', 'lpips_2=0.005616; ', 'codec_recon_2=0.024328; ', 'bpp_2=0.299614; ']
train step[970/2000] ; used: 22m:17s; eta: 23m:38s; loss = 0.139918; ['mse_0=0.001058; ', 'lpips_0=0.006492; ', 'codec_recon_0=0.016762; ', 'bpp_0=6.108877; ', 'mse_1=0.000806; ', 'lpips_1=0.004828; ', 'codec_recon_1=0.089633; ', 'bpp_1=0.303069; ', 'mse_2=0.000719; ', 'lpips_2=0.004470; ', 'codec_recon_2=0.015148; ', 'bpp_2=0.294049; ']
train step[971/2000] ; used: 22m:18s; eta: 23m:37s; loss = 0.196619; ['mse_0=0.007886; ', 'lpips_0=0.010196; ', 'codec_recon_0=0.017596; ', 'bpp_0=6.177405; ', 'mse_1=0.006931; ', 'lpips_1=0.008882; ', 'codec_recon_1=0.112002; ', 'bpp_1=0.304499; ', 'mse_2=0.006811; ', 'lpips_2=0.008294; ', 'codec_recon_2=0.018020; ', 'bpp_2=0.295830; ']
train step[972/2000] ; used: 22m:20s; eta: 23m:35s; loss = 0.246473; ['mse_0=0.002090; ', 'lpips_0=0.006913; ', 'codec_recon_0=0.021040; ', 'bpp_0=6.240234; ', 'mse_1=0.001561; ', 'lpips_1=0.005184; ', 'codec_recon_1=0.180021; ', 'bpp_1=0.305235; ', 'mse_2=0.001258; ', 'lpips_2=0.003968; ', 'codec_recon_2=0.024440; ', 'bpp_2=0.297738; ']
train step[973/2000] ; used: 22m:21s; eta: 23m:34s; loss = 0.179463; ['mse_0=0.001029; ', 'lpips_0=0.005666; ', 'codec_recon_0=0.018128; ', 'bpp_0=6.181448; ', 'mse_1=0.000602; ', 'lpips_1=0.004213; ', 'codec_recon_1=0.125697; ', 'bpp_1=0.302680; ', 'mse_2=0.000534; ', 'lpips_2=0.003415; ', 'codec_recon_2=0.020180; ', 'bpp_2=0.294820; ']
train step[974/2000] ; used: 22m:22s; eta: 23m:32s; loss = 0.188276; ['mse_0=0.002500; ', 'lpips_0=0.006770; ', 'codec_recon_0=0.019514; ', 'bpp_0=6.185343; ', 'mse_1=0.002021; ', 'lpips_1=0.005335; ', 'codec_recon_1=0.127824; ', 'bpp_1=0.305540; ', 'mse_2=0.001736; ', 'lpips_2=0.004418; ', 'codec_recon_2=0.018156; ', 'bpp_2=0.296782; ']
train step[975/2000] ; used: 22m:23s; eta: 23m:31s; loss = 0.241991; ['mse_0=0.012064; ', 'lpips_0=0.010667; ', 'codec_recon_0=0.021208; ', 'bpp_0=6.193748; ', 'mse_1=0.011343; ', 'lpips_1=0.009178; ', 'codec_recon_1=0.134772; ', 'bpp_1=0.304338; ', 'mse_2=0.011265; ', 'lpips_2=0.008208; ', 'codec_recon_2=0.023286; ', 'bpp_2=0.297396; ']
train step[976/2000] ; used: 22m:25s; eta: 23m:30s; loss = 0.228731; ['mse_0=0.004278; ', 'lpips_0=0.007396; ', 'codec_recon_0=0.022908; ', 'bpp_0=6.217866; ', 'mse_1=0.003643; ', 'lpips_1=0.006044; ', 'codec_recon_1=0.154078; ', 'bpp_1=0.304818; ', 'mse_2=0.003431; ', 'lpips_2=0.005463; ', 'codec_recon_2=0.021490; ', 'bpp_2=0.298339; ']
train step[977/2000] ; used: 22m:26s; eta: 23m:28s; loss = 0.208655; ['mse_0=0.002535; ', 'lpips_0=0.006844; ', 'codec_recon_0=0.021993; ', 'bpp_0=6.201313; ', 'mse_1=0.001889; ', 'lpips_1=0.005465; ', 'codec_recon_1=0.141899; ', 'bpp_1=0.304917; ', 'mse_2=0.001597; ', 'lpips_2=0.004499; ', 'codec_recon_2=0.021935; ', 'bpp_2=0.298081; ']
train step[978/2000] ; used: 22m:27s; eta: 23m:27s; loss = 0.203423; ['mse_0=0.002752; ', 'lpips_0=0.008772; ', 'codec_recon_0=0.020806; ', 'bpp_0=6.174649; ', 'mse_1=0.002434; ', 'lpips_1=0.007298; ', 'codec_recon_1=0.132648; ', 'bpp_1=0.305209; ', 'mse_2=0.002421; ', 'lpips_2=0.006644; ', 'codec_recon_2=0.019647; ', 'bpp_2=0.296227; ']
train step[979/2000] ; used: 22m:29s; eta: 23m:25s; loss = 0.218617; ['mse_0=0.001902; ', 'lpips_0=0.006595; ', 'codec_recon_0=0.020002; ', 'bpp_0=6.227057; ', 'mse_1=0.001442; ', 'lpips_1=0.004836; ', 'codec_recon_1=0.154926; ', 'bpp_1=0.305454; ', 'mse_2=0.001206; ', 'lpips_2=0.003766; ', 'codec_recon_2=0.023943; ', 'bpp_2=0.297738; ']
train step[980/2000] ; used: 22m:30s; eta: 23m:24s; loss = 0.198780; ['mse_0=0.001483; ', 'lpips_0=0.006069; ', 'codec_recon_0=0.019333; ', 'bpp_0=6.181743; ', 'mse_1=0.001114; ', 'lpips_1=0.004537; ', 'codec_recon_1=0.141313; ', 'bpp_1=0.303807; ', 'mse_2=0.000951; ', 'lpips_2=0.003785; ', 'codec_recon_2=0.020195; ', 'bpp_2=0.296557; ']
train step[981/2000] ; used: 22m:31s; eta: 23m:22s; loss = 0.164909; ['mse_0=0.000893; ', 'lpips_0=0.004678; ', 'codec_recon_0=0.016445; ', 'bpp_0=6.140349; ', 'mse_1=0.000593; ', 'lpips_1=0.003522; ', 'codec_recon_1=0.117308; ', 'bpp_1=0.302966; ', 'mse_2=0.000448; ', 'lpips_2=0.002965; ', 'codec_recon_2=0.018058; ', 'bpp_2=0.295013; ']
train step[982/2000] ; used: 22m:32s; eta: 23m:20s; loss = 0.159156; ['mse_0=0.001211; ', 'lpips_0=0.005155; ', 'codec_recon_0=0.017365; ', 'bpp_0=6.142194; ', 'mse_1=0.000893; ', 'lpips_1=0.003978; ', 'codec_recon_1=0.110946; ', 'bpp_1=0.304249; ', 'mse_2=0.000739; ', 'lpips_2=0.003463; ', 'codec_recon_2=0.015407; ', 'bpp_2=0.293487; ']
train step[983/2000] ; used: 22m:33s; eta: 23m:19s; loss = 0.168439; ['mse_0=0.002191; ', 'lpips_0=0.006689; ', 'codec_recon_0=0.016962; ', 'bpp_0=6.160405; ', 'mse_1=0.001611; ', 'lpips_1=0.005532; ', 'codec_recon_1=0.111883; ', 'bpp_1=0.304390; ', 'mse_2=0.001426; ', 'lpips_2=0.004720; ', 'codec_recon_2=0.017426; ', 'bpp_2=0.296087; ']
train step[984/2000] ; used: 22m:35s; eta: 23m:17s; loss = 0.201670; ['mse_0=0.004295; ', 'lpips_0=0.007587; ', 'codec_recon_0=0.018646; ', 'bpp_0=6.186736; ', 'mse_1=0.003887; ', 'lpips_1=0.006332; ', 'codec_recon_1=0.132780; ', 'bpp_1=0.305205; ', 'mse_2=0.003917; ', 'lpips_2=0.005712; ', 'codec_recon_2=0.018515; ', 'bpp_2=0.296050; ']
train step[985/2000] ; used: 22m:36s; eta: 23m:16s; loss = 0.174086; ['mse_0=0.002108; ', 'lpips_0=0.006366; ', 'codec_recon_0=0.017094; ', 'bpp_0=6.172949; ', 'mse_1=0.001693; ', 'lpips_1=0.005106; ', 'codec_recon_1=0.118426; ', 'bpp_1=0.304232; ', 'mse_2=0.001568; ', 'lpips_2=0.004450; ', 'codec_recon_2=0.017274; ', 'bpp_2=0.295911; ']
train step[986/2000] ; used: 22m:37s; eta: 23m:14s; loss = 0.197441; ['mse_0=0.001822; ', 'lpips_0=0.007667; ', 'codec_recon_0=0.019073; ', 'bpp_0=6.183567; ', 'mse_1=0.001407; ', 'lpips_1=0.006281; ', 'codec_recon_1=0.132171; ', 'bpp_1=0.304986; ', 'mse_2=0.001155; ', 'lpips_2=0.005045; ', 'codec_recon_2=0.022819; ', 'bpp_2=0.296951; ']
train step[987/2000] ; used: 22m:38s; eta: 23m:13s; loss = 0.165243; ['mse_0=0.001404; ', 'lpips_0=0.006357; ', 'codec_recon_0=0.016183; ', 'bpp_0=6.162331; ', 'mse_1=0.001077; ', 'lpips_1=0.005233; ', 'codec_recon_1=0.112301; ', 'bpp_1=0.303176; ', 'mse_2=0.001022; ', 'lpips_2=0.004640; ', 'codec_recon_2=0.017027; ', 'bpp_2=0.294867; ']
train step[988/2000] ; used: 22m:39s; eta: 23m:11s; loss = 0.207380; ['mse_0=0.005809; ', 'lpips_0=0.008215; ', 'codec_recon_0=0.019727; ', 'bpp_0=6.196444; ', 'mse_1=0.005107; ', 'lpips_1=0.007208; ', 'codec_recon_1=0.131267; ', 'bpp_1=0.304243; ', 'mse_2=0.005008; ', 'lpips_2=0.006605; ', 'codec_recon_2=0.018433; ', 'bpp_2=0.296789; ']
train step[989/2000] ; used: 22m:40s; eta: 23m:9s; loss = 0.168582; ['mse_0=0.001891; ', 'lpips_0=0.006352; ', 'codec_recon_0=0.019170; ', 'bpp_0=6.151543; ', 'mse_1=0.001430; ', 'lpips_1=0.005045; ', 'codec_recon_1=0.110399; ', 'bpp_1=0.303353; ', 'mse_2=0.001144; ', 'lpips_2=0.004296; ', 'codec_recon_2=0.018854; ', 'bpp_2=0.295662; ']
train step[990/2000] ; used: 22m:42s; eta: 23m:8s; loss = 0.216293; ['mse_0=0.002905; ', 'lpips_0=0.008155; ', 'codec_recon_0=0.019283; ', 'bpp_0=6.217650; ', 'mse_1=0.002479; ', 'lpips_1=0.006671; ', 'codec_recon_1=0.146417; ', 'bpp_1=0.305043; ', 'mse_2=0.002283; ', 'lpips_2=0.005435; ', 'codec_recon_2=0.022665; ', 'bpp_2=0.297620; ']
train step[991/2000] ; used: 22m:43s; eta: 23m:6s; loss = 0.210201; ['mse_0=0.005617; ', 'lpips_0=0.008592; ', 'codec_recon_0=0.021701; ', 'bpp_0=6.190858; ', 'mse_1=0.005098; ', 'lpips_1=0.007116; ', 'codec_recon_1=0.130876; ', 'bpp_1=0.305129; ', 'mse_2=0.004958; ', 'lpips_2=0.006277; ', 'codec_recon_2=0.019965; ', 'bpp_2=0.297114; ']
train step[992/2000] ; used: 22m:44s; eta: 23m:5s; loss = 0.187821; ['mse_0=0.002656; ', 'lpips_0=0.005557; ', 'codec_recon_0=0.018977; ', 'bpp_0=6.180308; ', 'mse_1=0.002223; ', 'lpips_1=0.004244; ', 'codec_recon_1=0.131755; ', 'bpp_1=0.304680; ', 'mse_2=0.002020; ', 'lpips_2=0.003611; ', 'codec_recon_2=0.016777; ', 'bpp_2=0.295327; ']
train step[993/2000] ; used: 22m:45s; eta: 23m:3s; loss = 0.224547; ['mse_0=0.003044; ', 'lpips_0=0.007468; ', 'codec_recon_0=0.020044; ', 'bpp_0=6.215440; ', 'mse_1=0.002667; ', 'lpips_1=0.006334; ', 'codec_recon_1=0.155650; ', 'bpp_1=0.305439; ', 'mse_2=0.002400; ', 'lpips_2=0.005112; ', 'codec_recon_2=0.021829; ', 'bpp_2=0.297708; ']
train step[994/2000] ; used: 22m:46s; eta: 23m:1s; loss = 0.228571; ['mse_0=0.002442; ', 'lpips_0=0.007753; ', 'codec_recon_0=0.017506; ', 'bpp_0=6.236135; ', 'mse_1=0.002066; ', 'lpips_1=0.006032; ', 'codec_recon_1=0.162763; ', 'bpp_1=0.304841; ', 'mse_2=0.001844; ', 'lpips_2=0.004965; ', 'codec_recon_2=0.023200; ', 'bpp_2=0.297467; ']
train step[995/2000] ; used: 22m:47s; eta: 23m; loss = 0.153251; ['mse_0=0.001631; ', 'lpips_0=0.007758; ', 'codec_recon_0=0.015970; ', 'bpp_0=6.134026; ', 'mse_1=0.001354; ', 'lpips_1=0.007049; ', 'codec_recon_1=0.095210; ', 'bpp_1=0.304405; ', 'mse_2=0.001324; ', 'lpips_2=0.006703; ', 'codec_recon_2=0.016251; ', 'bpp_2=0.295192; ']
train step[996/2000] ; used: 22m:49s; eta: 22m:58s; loss = 0.154320; ['mse_0=0.001777; ', 'lpips_0=0.005780; ', 'codec_recon_0=0.017191; ', 'bpp_0=6.166061; ', 'mse_1=0.001502; ', 'lpips_1=0.004741; ', 'codec_recon_1=0.102025; ', 'bpp_1=0.303914; ', 'mse_2=0.001421; ', 'lpips_2=0.004118; ', 'codec_recon_2=0.015764; ', 'bpp_2=0.294707; ']
train step[997/2000] ; used: 22m:50s; eta: 22m:57s; loss = 0.185935; ['mse_0=0.004658; ', 'lpips_0=0.008590; ', 'codec_recon_0=0.017585; ', 'bpp_0=6.192286; ', 'mse_1=0.003628; ', 'lpips_1=0.006940; ', 'codec_recon_1=0.116348; ', 'bpp_1=0.305112; ', 'mse_2=0.003282; ', 'lpips_2=0.005812; ', 'codec_recon_2=0.019093; ', 'bpp_2=0.296742; ']
train step[998/2000] ; used: 22m:51s; eta: 22m:55s; loss = 0.244982; ['mse_0=0.001764; ', 'lpips_0=0.006854; ', 'codec_recon_0=0.019731; ', 'bpp_0=6.243793; ', 'mse_1=0.001298; ', 'lpips_1=0.004982; ', 'codec_recon_1=0.180181; ', 'bpp_1=0.305243; ', 'mse_2=0.000939; ', 'lpips_2=0.003305; ', 'codec_recon_2=0.025927; ', 'bpp_2=0.298554; ']
train step[999/2000] ; used: 22m:52s; eta: 22m:53s; loss = 0.240056; ['mse_0=0.002017; ', 'lpips_0=0.008407; ', 'codec_recon_0=0.019292; ', 'bpp_0=6.294144; ', 'mse_1=0.001407; ', 'lpips_1=0.005843; ', 'codec_recon_1=0.172932; ', 'bpp_1=0.307560; ', 'mse_2=0.001087; ', 'lpips_2=0.004187; ', 'codec_recon_2=0.024882; ', 'bpp_2=0.299923; ']
validation step on 1000 1/100; scene = ['5aca87f95a9412c6']; context = [[58, 133]]
validation step on 1000 2/100; scene = ['bc95e5c7e357f1b7']; context = [[35, 91]]
validation step on 1000 3/100; scene = ['34b0658a5c200cdf']; context = [[0, 70]]
validation step on 1000 4/100; scene = ['28e8300e004ab30b']; context = [[3, 68]]
validation step on 1000 5/100; scene = ['6558c5f10d45a929']; context = [[43, 160]]
validation step on 1000 6/100; scene = ['89ea49cd9865aeff']; context = [[31, 81]]
validation step on 1000 7/100; scene = ['ed477bdf8582adff']; context = [[40, 85]]
validation step on 1000 8/100; scene = ['57d3409bf04c4651']; context = [[0, 45]]
validation step on 1000 9/100; scene = ['aadc1e2dc74fd644']; context = [[2, 52]]
validation step on 1000 10/100; scene = ['cd74b1244d112628']; context = [[63, 110]]
validation step on 1000 11/100; scene = ['57d25dafabb5a238']; context = [[32, 104]]
validation step on 1000 12/100; scene = ['e4f4574df7938f37']; context = [[0, 115]]
validation step on 1000 13/100; scene = ['20d86cff490c0c42']; context = [[18, 69]]
validation step on 1000 14/100; scene = ['0c4c5d5f751aabf5']; context = [[12, 57]]
validation step on 1000 15/100; scene = ['fea544b472e9abd1']; context = [[12, 93]]
validation step on 1000 16/100; scene = ['656381bea665bf3d']; context = [[27, 75]]
validation step on 1000 17/100; scene = ['322261824c4a3003']; context = [[33, 78]]
validation step on 1000 18/100; scene = ['f7c0fa5b81552d35']; context = [[11, 64]]
validation step on 1000 19/100; scene = ['a56ba2efb5e3fdd9']; context = [[33, 92]]
validation step on 1000 20/100; scene = ['c48f19e2ffa52523']; context = [[195, 264]]
validation step on 1000 21/100; scene = ['1214f2a11a9fc1ed']; context = [[103, 215]]
validation step on 1000 22/100; scene = ['a9b3ff60b213e099']; context = [[32, 96]]
validation step on 1000 23/100; scene = ['a6fa92e8204f6118']; context = [[2, 66]]
validation step on 1000 24/100; scene = ['21e794f71e31becb']; context = [[72, 180]]
validation step on 1000 25/100; scene = ['f7d916b43193c181']; context = [[7, 61]]
validation step on 1000 26/100; scene = ['84ab392d682f296b']; context = [[43, 120]]
validation step on 1000 27/100; scene = ['6771a51bf0cfce7f']; context = [[152, 199]]
validation step on 1000 28/100; scene = ['17d9303ee77c3a3d']; context = [[17, 63]]
validation step on 1000 29/100; scene = ['ffa95c3b40609c76']; context = [[120, 213]]
validation step on 1000 30/100; scene = ['a47b88040452d7d9']; context = [[35, 97]]
validation step on 1000 31/100; scene = ['0d4de33c6888a754']; context = [[2, 57]]
validation step on 1000 32/100; scene = ['41bcd011f99bfb66']; context = [[4, 50]]
validation step on 1000 33/100; scene = ['67a69088a2695987']; context = [[6, 86]]
validation step on 1000 34/100; scene = ['b4099665590548fc']; context = [[23, 74]]
validation step on 1000 35/100; scene = ['9e2a8cc5f32dd46b']; context = [[75, 151]]
validation step on 1000 36/100; scene = ['2e109379f53bb221']; context = [[35, 108]]
validation step on 1000 37/100; scene = ['8adebbb68f2c3f84']; context = [[72, 131]]
validation step on 1000 38/100; scene = ['29e0bfbad00f0d5e']; context = [[8, 100]]
validation step on 1000 39/100; scene = ['debc3490ba0bd84b']; context = [[34, 81]]
validation step on 1000 40/100; scene = ['7c7bc5285126e6ad']; context = [[64, 126]]
validation step on 1000 41/100; scene = ['cdf439b17a6a98d4']; context = [[31, 77]]
validation step on 1000 42/100; scene = ['cb38d67088b66084']; context = [[49, 106]]
validation step on 1000 43/100; scene = ['2da2eeb966bc0ef8']; context = [[30, 94]]
validation step on 1000 44/100; scene = ['bb4d7012261ee0ed']; context = [[0, 46]]
validation step on 1000 45/100; scene = ['9e1f1beb4ba8e5da']; context = [[9, 73]]
validation step on 1000 46/100; scene = ['26b31d71789bffad']; context = [[3, 57]]
validation step on 1000 47/100; scene = ['41abd737e0228c1a']; context = [[81, 127]]
validation step on 1000 48/100; scene = ['ed0c2aca14b99efa']; context = [[62, 119]]
validation step on 1000 49/100; scene = ['8d5163de9ea4d851']; context = [[39, 85]]
validation step on 1000 50/100; scene = ['81be42df6ccae760']; context = [[13, 107]]
validation step on 1000 51/100; scene = ['6fe141ec9be1a432']; context = [[12, 73]]
validation step on 1000 52/100; scene = ['3b6d8db52c54b174']; context = [[0, 80]]
validation step on 1000 53/100; scene = ['3087828bc27bc4c7']; context = [[15, 96]]
validation step on 1000 54/100; scene = ['e124dfa7e996a414']; context = [[48, 93]]
validation step on 1000 55/100; scene = ['e1afd89a69ee6947']; context = [[34, 113]]
validation step on 1000 56/100; scene = ['79ce50fb7b021e1d']; context = [[212, 278]]
validation step on 1000 57/100; scene = ['358bdee988c269ef']; context = [[3, 95]]
validation step on 1000 58/100; scene = ['f14791aec34dbdcd']; context = [[5, 59]]
validation step on 1000 59/100; scene = ['0c52996355b23d76']; context = [[51, 111]]
validation step on 1000 60/100; scene = ['62bcb465bb03d34f']; context = [[6, 84]]
validation step on 1000 61/100; scene = ['1f0e06e4388dd600']; context = [[44, 96]]
validation step on 1000 62/100; scene = ['c9c30723d7c54793']; context = [[152, 247]]
validation step on 1000 63/100; scene = ['8b212f2755d955ec']; context = [[40, 110]]
validation step on 1000 64/100; scene = ['de67e3a0b0648cfe']; context = [[16, 72]]
validation step on 1000 65/100; scene = ['54841308aff91857']; context = [[27, 86]]
validation step on 1000 66/100; scene = ['40ca76de44a6e1a9']; context = [[43, 107]]
validation step on 1000 67/100; scene = ['bc143130c1842e4b']; context = [[29, 133]]
validation step on 1000 68/100; scene = ['912177dbf0a1ed6c']; context = [[3, 60]]
validation step on 1000 69/100; scene = ['afe4e799a94e06b3']; context = [[54, 150]]
validation step on 1000 70/100; scene = ['17f552ef56d85c55']; context = [[20, 86]]
validation step on 1000 71/100; scene = ['a7c691c210154b09']; context = [[0, 50]]
validation step on 1000 72/100; scene = ['9490f1219dbbb6ce']; context = [[17, 72]]
validation step on 1000 73/100; scene = ['154365ab5a4e067b']; context = [[2, 48]]
validation step on 1000 74/100; scene = ['ab4c269f8d523d02']; context = [[18, 72]]
validation step on 1000 75/100; scene = ['75d475e9558ab806']; context = [[1, 46]]
validation step on 1000 76/100; scene = ['fdaab1f49851782c']; context = [[31, 142]]
validation step on 1000 77/100; scene = ['2d4efa3897a4ba2d']; context = [[4, 58]]
validation step on 1000 78/100; scene = ['14f477e7d5af5b91']; context = [[17, 72]]
validation step on 1000 79/100; scene = ['de45926738229f67']; context = [[22, 84]]
validation step on 1000 80/100; scene = ['5c909c802eb6edb1']; context = [[13, 78]]
validation step on 1000 81/100; scene = ['aa91dfdd5f4ad32b']; context = [[8, 57]]
validation step on 1000 82/100; scene = ['88d9ba3324f2ec21']; context = [[2, 49]]
validation step on 1000 83/100; scene = ['622ef98e83ed5239']; context = [[3, 66]]
validation step on 1000 84/100; scene = ['30fc5fc78c5a716e']; context = [[151, 210]]
validation step on 1000 85/100; scene = ['8b760ac05c93a6bb']; context = [[26, 72]]
validation step on 1000 86/100; scene = ['800ea72b6988f63e']; context = [[141, 190]]
validation step on 1000 87/100; scene = ['674dabef8f53b566']; context = [[9, 91]]
validation step on 1000 88/100; scene = ['d3a01038c5f21473']; context = [[139, 273]]
validation step on 1000 89/100; scene = ['3e5f747d06bc84a3']; context = [[85, 190]]
validation step on 1000 90/100; scene = ['bb6fa5bdafc14e8c']; context = [[43, 139]]
validation step on 1000 91/100; scene = ['052430ff6e2c07c4']; context = [[19, 92]]
validation step on 1000 92/100; scene = ['0588138dfec165a1']; context = [[70, 160]]
validation step on 1000 93/100; scene = ['e4bcb18fa6aa91be']; context = [[32, 79]]
validation step on 1000 94/100; scene = ['4c4fa41951e37e78']; context = [[8, 60]]
validation step on 1000 95/100; scene = ['252a24d25a1ea81d']; context = [[198, 263]]
validation step on 1000 96/100; scene = ['214df1c2863d2959']; context = [[45, 96]]
validation step on 1000 97/100; scene = ['bfd27ad72975e120']; context = [[8, 55]]
validation step on 1000 98/100; scene = ['572acd18419c3456']; context = [[3, 62]]
validation step on 1000 99/100; scene = ['b26e6c80d283c4c8']; context = [[46, 92]]
validation step on 1000 100/100; scene = ['10c8e54590f715f7']; context = [[6, 76]]
train step[1000/2000] ; used: 23m:57s; eta: 23m:56s; loss = 0.178877; ['mse_0=0.003223; ', 'lpips_0=0.007103; ', 'codec_recon_0=0.018573; ', 'bpp_0=6.151875; ', 'mse_1=0.002832; ', 'lpips_1=0.005664; ', 'codec_recon_1=0.116345; ', 'bpp_1=0.304196; ', 'mse_2=0.002743; ', 'lpips_2=0.005086; ', 'codec_recon_2=0.017308; ', 'bpp_2=0.295035; ']
train step[1001/2000] ; used: 23m:58s; eta: 23m:54s; loss = 0.180753; ['mse_0=0.001777; ', 'lpips_0=0.006454; ', 'codec_recon_0=0.017120; ', 'bpp_0=6.224076; ', 'mse_1=0.001342; ', 'lpips_1=0.004746; ', 'codec_recon_1=0.123109; ', 'bpp_1=0.305112; ', 'mse_2=0.000964; ', 'lpips_2=0.003548; ', 'codec_recon_2=0.021693; ', 'bpp_2=0.298116; ']
train step[1002/2000] ; used: 23m:59s; eta: 23m:52s; loss = 0.147535; ['mse_0=0.001574; ', 'lpips_0=0.006677; ', 'codec_recon_0=0.015395; ', 'bpp_0=6.157580; ', 'mse_1=0.001343; ', 'lpips_1=0.005183; ', 'codec_recon_1=0.095209; ', 'bpp_1=0.304995; ', 'mse_2=0.001249; ', 'lpips_2=0.004561; ', 'codec_recon_2=0.016343; ', 'bpp_2=0.295145; ']
train step[1003/2000] ; used: 24m; eta: 23m:50s; loss = 0.158509; ['mse_0=0.001913; ', 'lpips_0=0.005594; ', 'codec_recon_0=0.018104; ', 'bpp_0=6.151968; ', 'mse_1=0.001517; ', 'lpips_1=0.004306; ', 'codec_recon_1=0.105899; ', 'bpp_1=0.303384; ', 'mse_2=0.001397; ', 'lpips_2=0.003830; ', 'codec_recon_2=0.015951; ', 'bpp_2=0.295272; ']
Skipped bad example 85286f80c1b89c7e. Context shape was torch.Size([2, 3, 338, 640]) and target shape was torch.Size([4, 3, 338, 640]).
train step[1004/2000] ; used: 24m:2s; eta: 23m:49s; loss = 0.141617; ['mse_0=0.000928; ', 'lpips_0=0.005650; ', 'codec_recon_0=0.015747; ', 'bpp_0=6.141453; ', 'mse_1=0.000797; ', 'lpips_1=0.004445; ', 'codec_recon_1=0.092932; ', 'bpp_1=0.302883; ', 'mse_2=0.000724; ', 'lpips_2=0.003835; ', 'codec_recon_2=0.016559; ', 'bpp_2=0.293613; ']
train step[1005/2000] ; used: 24m:3s; eta: 23m:47s; loss = 0.193529; ['mse_0=0.003885; ', 'lpips_0=0.007996; ', 'codec_recon_0=0.020823; ', 'bpp_0=6.191382; ', 'mse_1=0.003365; ', 'lpips_1=0.006800; ', 'codec_recon_1=0.122953; ', 'bpp_1=0.304853; ', 'mse_2=0.003336; ', 'lpips_2=0.006156; ', 'codec_recon_2=0.018216; ', 'bpp_2=0.297660; ']
train step[1006/2000] ; used: 24m:4s; eta: 23m:45s; loss = 0.134328; ['mse_0=0.002755; ', 'lpips_0=0.006152; ', 'codec_recon_0=0.014708; ', 'bpp_0=6.142750; ', 'mse_1=0.002355; ', 'lpips_1=0.004811; ', 'codec_recon_1=0.083255; ', 'bpp_1=0.303663; ', 'mse_2=0.002414; ', 'lpips_2=0.004181; ', 'codec_recon_2=0.013698; ', 'bpp_2=0.294065; ']
train step[1007/2000] ; used: 24m:5s; eta: 23m:44s; loss = 0.181793; ['mse_0=0.001477; ', 'lpips_0=0.004788; ', 'codec_recon_0=0.019152; ', 'bpp_0=6.198127; ', 'mse_1=0.001110; ', 'lpips_1=0.003447; ', 'codec_recon_1=0.127931; ', 'bpp_1=0.304014; ', 'mse_2=0.000953; ', 'lpips_2=0.002564; ', 'codec_recon_2=0.020371; ', 'bpp_2=0.295609; ']
train step[1008/2000] ; used: 24m:6s; eta: 23m:42s; loss = 0.162473; ['mse_0=0.003348; ', 'lpips_0=0.007373; ', 'codec_recon_0=0.016632; ', 'bpp_0=6.170763; ', 'mse_1=0.002810; ', 'lpips_1=0.006407; ', 'codec_recon_1=0.101213; ', 'bpp_1=0.304147; ', 'mse_2=0.002604; ', 'lpips_2=0.005599; ', 'codec_recon_2=0.016487; ', 'bpp_2=0.295650; ']
train step[1009/2000] ; used: 24m:8s; eta: 23m:40s; loss = 0.148830; ['mse_0=0.001382; ', 'lpips_0=0.005649; ', 'codec_recon_0=0.015951; ', 'bpp_0=6.147334; ', 'mse_1=0.000989; ', 'lpips_1=0.004222; ', 'codec_recon_1=0.101270; ', 'bpp_1=0.303019; ', 'mse_2=0.000830; ', 'lpips_2=0.003343; ', 'codec_recon_2=0.015194; ', 'bpp_2=0.294515; ']
train step[1010/2000] ; used: 24m:9s; eta: 23m:39s; loss = 0.138940; ['mse_0=0.002963; ', 'lpips_0=0.007353; ', 'codec_recon_0=0.015394; ', 'bpp_0=6.141582; ', 'mse_1=0.002517; ', 'lpips_1=0.005966; ', 'codec_recon_1=0.084177; ', 'bpp_1=0.303083; ', 'mse_2=0.002433; ', 'lpips_2=0.005259; ', 'codec_recon_2=0.012878; ', 'bpp_2=0.294764; ']
train step[1011/2000] ; used: 24m:10s; eta: 23m:37s; loss = 0.213127; ['mse_0=0.004559; ', 'lpips_0=0.008891; ', 'codec_recon_0=0.018577; ', 'bpp_0=6.230642; ', 'mse_1=0.004112; ', 'lpips_1=0.007596; ', 'codec_recon_1=0.138891; ', 'bpp_1=0.305897; ', 'mse_2=0.003829; ', 'lpips_2=0.006218; ', 'codec_recon_2=0.020454; ', 'bpp_2=0.297801; ']
train step[1012/2000] ; used: 24m:11s; eta: 23m:35s; loss = 0.148584; ['mse_0=0.001421; ', 'lpips_0=0.005892; ', 'codec_recon_0=0.016141; ', 'bpp_0=6.162992; ', 'mse_1=0.001126; ', 'lpips_1=0.004652; ', 'codec_recon_1=0.097328; ', 'bpp_1=0.304418; ', 'mse_2=0.000962; ', 'lpips_2=0.003834; ', 'codec_recon_2=0.017227; ', 'bpp_2=0.295537; ']
train step[1013/2000] ; used: 24m:12s; eta: 23m:34s; loss = 0.158136; ['mse_0=0.001668; ', 'lpips_0=0.006217; ', 'codec_recon_0=0.016518; ', 'bpp_0=6.149573; ', 'mse_1=0.001401; ', 'lpips_1=0.004872; ', 'codec_recon_1=0.105883; ', 'bpp_1=0.302441; ', 'mse_2=0.001344; ', 'lpips_2=0.004133; ', 'codec_recon_2=0.016101; ', 'bpp_2=0.294406; ']
train step[1014/2000] ; used: 24m:14s; eta: 23m:32s; loss = 0.184782; ['mse_0=0.000964; ', 'lpips_0=0.005445; ', 'codec_recon_0=0.018096; ', 'bpp_0=6.227855; ', 'mse_1=0.000701; ', 'lpips_1=0.004216; ', 'codec_recon_1=0.130444; ', 'bpp_1=0.305837; ', 'mse_2=0.000624; ', 'lpips_2=0.003662; ', 'codec_recon_2=0.020630; ', 'bpp_2=0.297969; ']
train step[1015/2000] ; used: 24m:15s; eta: 23m:30s; loss = 0.159760; ['mse_0=0.001738; ', 'lpips_0=0.006171; ', 'codec_recon_0=0.017822; ', 'bpp_0=6.185241; ', 'mse_1=0.001300; ', 'lpips_1=0.004787; ', 'codec_recon_1=0.107110; ', 'bpp_1=0.305689; ', 'mse_2=0.001087; ', 'lpips_2=0.003906; ', 'codec_recon_2=0.015839; ', 'bpp_2=0.295735; ']
train step[1016/2000] ; used: 24m:16s; eta: 23m:29s; loss = 0.169990; ['mse_0=0.002236; ', 'lpips_0=0.007569; ', 'codec_recon_0=0.020133; ', 'bpp_0=6.154645; ', 'mse_1=0.002183; ', 'lpips_1=0.006814; ', 'codec_recon_1=0.104815; ', 'bpp_1=0.304231; ', 'mse_2=0.002198; ', 'lpips_2=0.006436; ', 'codec_recon_2=0.017606; ', 'bpp_2=0.295718; ']
train step[1017/2000] ; used: 24m:17s; eta: 23m:27s; loss = 0.176741; ['mse_0=0.002788; ', 'lpips_0=0.006979; ', 'codec_recon_0=0.019673; ', 'bpp_0=6.224854; ', 'mse_1=0.002201; ', 'lpips_1=0.005427; ', 'codec_recon_1=0.114557; ', 'bpp_1=0.305636; ', 'mse_2=0.002111; ', 'lpips_2=0.004723; ', 'codec_recon_2=0.018284; ', 'bpp_2=0.297536; ']
train step[1018/2000] ; used: 24m:18s; eta: 23m:25s; loss = 0.193084; ['mse_0=0.001268; ', 'lpips_0=0.007098; ', 'codec_recon_0=0.015989; ', 'bpp_0=6.225369; ', 'mse_1=0.000898; ', 'lpips_1=0.005404; ', 'codec_recon_1=0.137031; ', 'bpp_1=0.304459; ', 'mse_2=0.000756; ', 'lpips_2=0.004296; ', 'codec_recon_2=0.020344; ', 'bpp_2=0.295847; ']
train step[1019/2000] ; used: 24m:19s; eta: 23m:24s; loss = 0.155231; ['mse_0=0.004200; ', 'lpips_0=0.007120; ', 'codec_recon_0=0.019307; ', 'bpp_0=6.136865; ', 'mse_1=0.003973; ', 'lpips_1=0.006167; ', 'codec_recon_1=0.088803; ', 'bpp_1=0.303155; ', 'mse_2=0.003981; ', 'lpips_2=0.005724; ', 'codec_recon_2=0.015955; ', 'bpp_2=0.294438; ']
train step[1020/2000] ; used: 24m:21s; eta: 23m:22s; loss = 0.138562; ['mse_0=0.000744; ', 'lpips_0=0.005981; ', 'codec_recon_0=0.014806; ', 'bpp_0=6.144926; ', 'mse_1=0.000559; ', 'lpips_1=0.004774; ', 'codec_recon_1=0.092039; ', 'bpp_1=0.302812; ', 'mse_2=0.000495; ', 'lpips_2=0.003910; ', 'codec_recon_2=0.015254; ', 'bpp_2=0.293804; ']
train step[1021/2000] ; used: 24m:22s; eta: 23m:20s; loss = 0.185767; ['mse_0=0.001134; ', 'lpips_0=0.005568; ', 'codec_recon_0=0.019023; ', 'bpp_0=6.230628; ', 'mse_1=0.000912; ', 'lpips_1=0.004342; ', 'codec_recon_1=0.130740; ', 'bpp_1=0.305884; ', 'mse_2=0.000689; ', 'lpips_2=0.003379; ', 'codec_recon_2=0.019980; ', 'bpp_2=0.297846; ']
train step[1022/2000] ; used: 24m:23s; eta: 23m:19s; loss = 0.150932; ['mse_0=0.001113; ', 'lpips_0=0.006081; ', 'codec_recon_0=0.017126; ', 'bpp_0=6.152765; ', 'mse_1=0.001008; ', 'lpips_1=0.005141; ', 'codec_recon_1=0.097549; ', 'bpp_1=0.302930; ', 'mse_2=0.000942; ', 'lpips_2=0.004644; ', 'codec_recon_2=0.017327; ', 'bpp_2=0.295065; ']
train step[1023/2000] ; used: 24m:24s; eta: 23m:17s; loss = 0.198460; ['mse_0=0.005726; ', 'lpips_0=0.008897; ', 'codec_recon_0=0.020095; ', 'bpp_0=6.202866; ', 'mse_1=0.005285; ', 'lpips_1=0.007834; ', 'codec_recon_1=0.119646; ', 'bpp_1=0.305449; ', 'mse_2=0.005175; ', 'lpips_2=0.006977; ', 'codec_recon_2=0.018827; ', 'bpp_2=0.297231; ']
train step[1024/2000] ; used: 24m:25s; eta: 23m:15s; loss = 0.163384; ['mse_0=0.001821; ', 'lpips_0=0.005907; ', 'codec_recon_0=0.017005; ', 'bpp_0=6.205649; ', 'mse_1=0.001558; ', 'lpips_1=0.004578; ', 'codec_recon_1=0.109667; ', 'bpp_1=0.305711; ', 'mse_2=0.001475; ', 'lpips_2=0.003722; ', 'codec_recon_2=0.017651; ', 'bpp_2=0.296432; ']
train step[1025/2000] ; used: 24m:27s; eta: 23m:14s; loss = 0.187299; ['mse_0=0.001833; ', 'lpips_0=0.006958; ', 'codec_recon_0=0.019709; ', 'bpp_0=6.247586; ', 'mse_1=0.001288; ', 'lpips_1=0.005503; ', 'codec_recon_1=0.127119; ', 'bpp_1=0.306062; ', 'mse_2=0.001071; ', 'lpips_2=0.004427; ', 'codec_recon_2=0.019391; ', 'bpp_2=0.297701; ']
train step[1026/2000] ; used: 24m:28s; eta: 23m:13s; loss = 0.196981; ['mse_0=0.004082; ', 'lpips_0=0.006535; ', 'codec_recon_0=0.018809; ', 'bpp_0=6.244543; ', 'mse_1=0.003470; ', 'lpips_1=0.005385; ', 'codec_recon_1=0.131108; ', 'bpp_1=0.305985; ', 'mse_2=0.003350; ', 'lpips_2=0.004737; ', 'codec_recon_2=0.019504; ', 'bpp_2=0.297705; ']
train step[1027/2000] ; used: 24m:30s; eta: 23m:11s; loss = 0.222490; ['mse_0=0.005171; ', 'lpips_0=0.009823; ', 'codec_recon_0=0.022936; ', 'bpp_0=6.203804; ', 'mse_1=0.004746; ', 'lpips_1=0.008580; ', 'codec_recon_1=0.139534; ', 'bpp_1=0.304764; ', 'mse_2=0.004378; ', 'lpips_2=0.007368; ', 'codec_recon_2=0.019953; ', 'bpp_2=0.298386; ']
train step[1028/2000] ; used: 24m:31s; eta: 23m:9s; loss = 0.183996; ['mse_0=0.004635; ', 'lpips_0=0.007028; ', 'codec_recon_0=0.020678; ', 'bpp_0=6.160873; ', 'mse_1=0.004331; ', 'lpips_1=0.006098; ', 'codec_recon_1=0.114109; ', 'bpp_1=0.304453; ', 'mse_2=0.004237; ', 'lpips_2=0.005512; ', 'codec_recon_2=0.017368; ', 'bpp_2=0.295429; ']
train step[1029/2000] ; used: 24m:32s; eta: 23m:8s; loss = 0.196229; ['mse_0=0.004879; ', 'lpips_0=0.009399; ', 'codec_recon_0=0.019482; ', 'bpp_0=6.186950; ', 'mse_1=0.005098; ', 'lpips_1=0.007921; ', 'codec_recon_1=0.119221; ', 'bpp_1=0.304220; ', 'mse_2=0.005623; ', 'lpips_2=0.007331; ', 'codec_recon_2=0.017275; ', 'bpp_2=0.296713; ']
train step[1030/2000] ; used: 24m:33s; eta: 23m:6s; loss = 0.159338; ['mse_0=0.002790; ', 'lpips_0=0.006506; ', 'codec_recon_0=0.018422; ', 'bpp_0=6.191478; ', 'mse_1=0.002253; ', 'lpips_1=0.005218; ', 'codec_recon_1=0.101485; ', 'bpp_1=0.305018; ', 'mse_2=0.001603; ', 'lpips_2=0.004012; ', 'codec_recon_2=0.017047; ', 'bpp_2=0.296685; ']
train step[1031/2000] ; used: 24m:34s; eta: 23m:4s; loss = 0.172854; ['mse_0=0.003440; ', 'lpips_0=0.007927; ', 'codec_recon_0=0.016860; ', 'bpp_0=6.152945; ', 'mse_1=0.002968; ', 'lpips_1=0.006223; ', 'codec_recon_1=0.110769; ', 'bpp_1=0.303784; ', 'mse_2=0.002882; ', 'lpips_2=0.005271; ', 'codec_recon_2=0.016516; ', 'bpp_2=0.295191; ']
train step[1032/2000] ; used: 24m:35s; eta: 23m:2s; loss = 0.153155; ['mse_0=0.001441; ', 'lpips_0=0.005454; ', 'codec_recon_0=0.017997; ', 'bpp_0=6.166516; ', 'mse_1=0.001074; ', 'lpips_1=0.004192; ', 'codec_recon_1=0.101583; ', 'bpp_1=0.303138; ', 'mse_2=0.000933; ', 'lpips_2=0.003503; ', 'codec_recon_2=0.016978; ', 'bpp_2=0.294651; ']
train step[1033/2000] ; used: 24m:36s; eta: 23m:1s; loss = 0.170351; ['mse_0=0.005442; ', 'lpips_0=0.008299; ', 'codec_recon_0=0.016706; ', 'bpp_0=6.171742; ', 'mse_1=0.005042; ', 'lpips_1=0.007212; ', 'codec_recon_1=0.100037; ', 'bpp_1=0.303801; ', 'mse_2=0.004878; ', 'lpips_2=0.006571; ', 'codec_recon_2=0.016162; ', 'bpp_2=0.295768; ']
train step[1034/2000] ; used: 24m:38s; eta: 22m:59s; loss = 0.122436; ['mse_0=0.000826; ', 'lpips_0=0.005667; ', 'codec_recon_0=0.016086; ', 'bpp_0=6.121294; ', 'mse_1=0.000585; ', 'lpips_1=0.004317; ', 'codec_recon_1=0.076649; ', 'bpp_1=0.302855; ', 'mse_2=0.000483; ', 'lpips_2=0.003689; ', 'codec_recon_2=0.014134; ', 'bpp_2=0.292625; ']
train step[1035/2000] ; used: 24m:39s; eta: 22m:57s; loss = 0.155741; ['mse_0=0.000866; ', 'lpips_0=0.005209; ', 'codec_recon_0=0.016355; ', 'bpp_0=6.185713; ', 'mse_1=0.000594; ', 'lpips_1=0.003827; ', 'codec_recon_1=0.106338; ', 'bpp_1=0.303926; ', 'mse_2=0.000466; ', 'lpips_2=0.003137; ', 'codec_recon_2=0.018949; ', 'bpp_2=0.295177; ']
train step[1036/2000] ; used: 24m:40s; eta: 22m:56s; loss = 0.134310; ['mse_0=0.002236; ', 'lpips_0=0.006065; ', 'codec_recon_0=0.015768; ', 'bpp_0=6.147414; ', 'mse_1=0.001908; ', 'lpips_1=0.005186; ', 'codec_recon_1=0.082997; ', 'bpp_1=0.304537; ', 'mse_2=0.001826; ', 'lpips_2=0.004755; ', 'codec_recon_2=0.013570; ', 'bpp_2=0.294987; ']
train step[1037/2000] ; used: 24m:41s; eta: 22m:54s; loss = 0.159719; ['mse_0=0.001231; ', 'lpips_0=0.005523; ', 'codec_recon_0=0.018224; ', 'bpp_0=6.177737; ', 'mse_1=0.000912; ', 'lpips_1=0.004086; ', 'codec_recon_1=0.107686; ', 'bpp_1=0.302886; ', 'mse_2=0.000793; ', 'lpips_2=0.003368; ', 'codec_recon_2=0.017897; ', 'bpp_2=0.294952; ']
train step[1038/2000] ; used: 24m:42s; eta: 22m:52s; loss = 0.119577; ['mse_0=0.002394; ', 'lpips_0=0.005655; ', 'codec_recon_0=0.013075; ', 'bpp_0=6.075665; ', 'mse_1=0.001838; ', 'lpips_1=0.004465; ', 'codec_recon_1=0.075047; ', 'bpp_1=0.301319; ', 'mse_2=0.001693; ', 'lpips_2=0.003946; ', 'codec_recon_2=0.011464; ', 'bpp_2=0.291636; ']
train step[1039/2000] ; used: 24m:44s; eta: 22m:51s; loss = 0.180709; ['mse_0=0.001775; ', 'lpips_0=0.007209; ', 'codec_recon_0=0.020248; ', 'bpp_0=6.219508; ', 'mse_1=0.001568; ', 'lpips_1=0.005846; ', 'codec_recon_1=0.118021; ', 'bpp_1=0.304431; ', 'mse_2=0.001505; ', 'lpips_2=0.005011; ', 'codec_recon_2=0.019527; ', 'bpp_2=0.296810; ']
train step[1040/2000] ; used: 24m:45s; eta: 22m:49s; loss = 0.168420; ['mse_0=0.002047; ', 'lpips_0=0.006001; ', 'codec_recon_0=0.018718; ', 'bpp_0=6.186555; ', 'mse_1=0.001710; ', 'lpips_1=0.004856; ', 'codec_recon_1=0.110536; ', 'bpp_1=0.302963; ', 'mse_2=0.001622; ', 'lpips_2=0.004219; ', 'codec_recon_2=0.018712; ', 'bpp_2=0.296135; ']
train step[1041/2000] ; used: 24m:46s; eta: 22m:48s; loss = 0.172204; ['mse_0=0.002668; ', 'lpips_0=0.006668; ', 'codec_recon_0=0.017341; ', 'bpp_0=6.231878; ', 'mse_1=0.002101; ', 'lpips_1=0.005363; ', 'codec_recon_1=0.114645; ', 'bpp_1=0.306312; ', 'mse_2=0.001604; ', 'lpips_2=0.004104; ', 'codec_recon_2=0.017709; ', 'bpp_2=0.297888; ']
train step[1042/2000] ; used: 24m:47s; eta: 22m:46s; loss = 0.189606; ['mse_0=0.005136; ', 'lpips_0=0.008161; ', 'codec_recon_0=0.020788; ', 'bpp_0=6.190959; ', 'mse_1=0.004473; ', 'lpips_1=0.006767; ', 'codec_recon_1=0.114125; ', 'bpp_1=0.304834; ', 'mse_2=0.004350; ', 'lpips_2=0.006063; ', 'codec_recon_2=0.019742; ', 'bpp_2=0.297312; ']
train step[1043/2000] ; used: 24m:48s; eta: 22m:44s; loss = 0.178106; ['mse_0=0.001445; ', 'lpips_0=0.005194; ', 'codec_recon_0=0.021286; ', 'bpp_0=6.207860; ', 'mse_1=0.001013; ', 'lpips_1=0.003814; ', 'codec_recon_1=0.121964; ', 'bpp_1=0.304060; ', 'mse_2=0.000745; ', 'lpips_2=0.002688; ', 'codec_recon_2=0.019958; ', 'bpp_2=0.296908; ']
train step[1044/2000] ; used: 24m:50s; eta: 22m:43s; loss = 0.175928; ['mse_0=0.002177; ', 'lpips_0=0.005487; ', 'codec_recon_0=0.019907; ', 'bpp_0=6.201540; ', 'mse_1=0.001663; ', 'lpips_1=0.004304; ', 'codec_recon_1=0.118571; ', 'bpp_1=0.304404; ', 'mse_2=0.001486; ', 'lpips_2=0.003527; ', 'codec_recon_2=0.018805; ', 'bpp_2=0.298070; ']
train step[1045/2000] ; used: 24m:51s; eta: 22m:41s; loss = 0.190536; ['mse_0=0.005703; ', 'lpips_0=0.006641; ', 'codec_recon_0=0.018342; ', 'bpp_0=6.175781; ', 'mse_1=0.005146; ', 'lpips_1=0.005388; ', 'codec_recon_1=0.121397; ', 'bpp_1=0.304485; ', 'mse_2=0.004950; ', 'lpips_2=0.004391; ', 'codec_recon_2=0.018578; ', 'bpp_2=0.297103; ']
train step[1046/2000] ; used: 24m:52s; eta: 22m:39s; loss = 0.180109; ['mse_0=0.001662; ', 'lpips_0=0.006070; ', 'codec_recon_0=0.018926; ', 'bpp_0=6.213645; ', 'mse_1=0.001264; ', 'lpips_1=0.004611; ', 'codec_recon_1=0.122579; ', 'bpp_1=0.305059; ', 'mse_2=0.001147; ', 'lpips_2=0.003978; ', 'codec_recon_2=0.019873; ', 'bpp_2=0.297550; ']
train step[1047/2000] ; used: 24m:53s; eta: 22m:38s; loss = 0.169832; ['mse_0=0.003649; ', 'lpips_0=0.006253; ', 'codec_recon_0=0.018450; ', 'bpp_0=6.187266; ', 'mse_1=0.002744; ', 'lpips_1=0.004955; ', 'codec_recon_1=0.109148; ', 'bpp_1=0.304332; ', 'mse_2=0.002325; ', 'lpips_2=0.004032; ', 'codec_recon_2=0.018276; ', 'bpp_2=0.297149; ']
train step[1048/2000] ; used: 24m:54s; eta: 22m:36s; loss = 0.141143; ['mse_0=0.000844; ', 'lpips_0=0.005082; ', 'codec_recon_0=0.014902; ', 'bpp_0=6.168069; ', 'mse_1=0.000557; ', 'lpips_1=0.003721; ', 'codec_recon_1=0.096461; ', 'bpp_1=0.304277; ', 'mse_2=0.000377; ', 'lpips_2=0.002779; ', 'codec_recon_2=0.016419; ', 'bpp_2=0.295066; ']
train step[1049/2000] ; used: 24m:56s; eta: 22m:35s; loss = 0.164186; ['mse_0=0.003034; ', 'lpips_0=0.007012; ', 'codec_recon_0=0.016452; ', 'bpp_0=6.183427; ', 'mse_1=0.002523; ', 'lpips_1=0.005652; ', 'codec_recon_1=0.105264; ', 'bpp_1=0.304485; ', 'mse_2=0.002212; ', 'lpips_2=0.004798; ', 'codec_recon_2=0.017238; ', 'bpp_2=0.296727; ']
train step[1050/2000] ; used: 24m:57s; eta: 22m:33s; loss = 0.178096; ['mse_0=0.005095; ', 'lpips_0=0.008284; ', 'codec_recon_0=0.017192; ', 'bpp_0=6.164522; ', 'mse_1=0.004720; ', 'lpips_1=0.007048; ', 'codec_recon_1=0.107075; ', 'bpp_1=0.304062; ', 'mse_2=0.004548; ', 'lpips_2=0.006469; ', 'codec_recon_2=0.017664; ', 'bpp_2=0.296635; ']
train step[1051/2000] ; used: 24m:58s; eta: 22m:31s; loss = 0.153420; ['mse_0=0.003876; ', 'lpips_0=0.008158; ', 'codec_recon_0=0.017026; ', 'bpp_0=6.111374; ', 'mse_1=0.003431; ', 'lpips_1=0.007183; ', 'codec_recon_1=0.088423; ', 'bpp_1=0.302847; ', 'mse_2=0.003320; ', 'lpips_2=0.006588; ', 'codec_recon_2=0.015416; ', 'bpp_2=0.294169; ']
train step[1052/2000] ; used: 24m:59s; eta: 22m:29s; loss = 0.170541; ['mse_0=0.000797; ', 'lpips_0=0.004706; ', 'codec_recon_0=0.017447; ', 'bpp_0=6.166500; ', 'mse_1=0.000501; ', 'lpips_1=0.003302; ', 'codec_recon_1=0.120185; ', 'bpp_1=0.301690; ', 'mse_2=0.000418; ', 'lpips_2=0.002667; ', 'codec_recon_2=0.020518; ', 'bpp_2=0.295022; ']
train step[1053/2000] ; used: 25m; eta: 22m:28s; loss = 0.134949; ['mse_0=0.001308; ', 'lpips_0=0.006183; ', 'codec_recon_0=0.015912; ', 'bpp_0=6.120235; ', 'mse_1=0.000966; ', 'lpips_1=0.004964; ', 'codec_recon_1=0.086362; ', 'bpp_1=0.302980; ', 'mse_2=0.000772; ', 'lpips_2=0.004297; ', 'codec_recon_2=0.014186; ', 'bpp_2=0.294029; ']
train step[1054/2000] ; used: 25m:1s; eta: 22m:26s; loss = 0.156866; ['mse_0=0.003275; ', 'lpips_0=0.007819; ', 'codec_recon_0=0.016905; ', 'bpp_0=6.176646; ', 'mse_1=0.002739; ', 'lpips_1=0.006726; ', 'codec_recon_1=0.094772; ', 'bpp_1=0.304769; ', 'mse_2=0.002507; ', 'lpips_2=0.006062; ', 'codec_recon_2=0.016061; ', 'bpp_2=0.296406; ']
train step[1055/2000] ; used: 25m:2s; eta: 22m:24s; loss = 0.177819; ['mse_0=0.003649; ', 'lpips_0=0.006706; ', 'codec_recon_0=0.017327; ', 'bpp_0=6.176339; ', 'mse_1=0.003196; ', 'lpips_1=0.005623; ', 'codec_recon_1=0.115091; ', 'bpp_1=0.304064; ', 'mse_2=0.003088; ', 'lpips_2=0.004700; ', 'codec_recon_2=0.018440; ', 'bpp_2=0.296376; ']
train step[1056/2000] ; used: 25m:3s; eta: 22m:23s; loss = 0.215817; ['mse_0=0.004207; ', 'lpips_0=0.007946; ', 'codec_recon_0=0.018628; ', 'bpp_0=6.272130; ', 'mse_1=0.003615; ', 'lpips_1=0.006384; ', 'codec_recon_1=0.143667; ', 'bpp_1=0.306793; ', 'mse_2=0.003153; ', 'lpips_2=0.005072; ', 'codec_recon_2=0.023146; ', 'bpp_2=0.299461; ']
train step[1057/2000] ; used: 25m:5s; eta: 22m:21s; loss = 0.148076; ['mse_0=0.002026; ', 'lpips_0=0.005351; ', 'codec_recon_0=0.015785; ', 'bpp_0=6.179185; ', 'mse_1=0.001637; ', 'lpips_1=0.004227; ', 'codec_recon_1=0.096858; ', 'bpp_1=0.304736; ', 'mse_2=0.001563; ', 'lpips_2=0.003735; ', 'codec_recon_2=0.016896; ', 'bpp_2=0.296685; ']
train step[1058/2000] ; used: 25m:6s; eta: 22m:19s; loss = 0.147478; ['mse_0=0.000754; ', 'lpips_0=0.005844; ', 'codec_recon_0=0.013966; ', 'bpp_0=6.126861; ', 'mse_1=0.000616; ', 'lpips_1=0.004506; ', 'codec_recon_1=0.099371; ', 'bpp_1=0.302698; ', 'mse_2=0.000574; ', 'lpips_2=0.003973; ', 'codec_recon_2=0.017874; ', 'bpp_2=0.294082; ']
train step[1059/2000] ; used: 25m:7s; eta: 22m:18s; loss = 0.134832; ['mse_0=0.000524; ', 'lpips_0=0.003902; ', 'codec_recon_0=0.013330; ', 'bpp_0=6.151544; ', 'mse_1=0.000356; ', 'lpips_1=0.002810; ', 'codec_recon_1=0.095992; ', 'bpp_1=0.303457; ', 'mse_2=0.000276; ', 'lpips_2=0.002211; ', 'codec_recon_2=0.015430; ', 'bpp_2=0.293886; ']
train step[1060/2000] ; used: 25m:8s; eta: 22m:16s; loss = 0.158095; ['mse_0=0.001365; ', 'lpips_0=0.006154; ', 'codec_recon_0=0.015749; ', 'bpp_0=6.124781; ', 'mse_1=0.001110; ', 'lpips_1=0.004807; ', 'codec_recon_1=0.102790; ', 'bpp_1=0.301944; ', 'mse_2=0.000980; ', 'lpips_2=0.004019; ', 'codec_recon_2=0.021121; ', 'bpp_2=0.293249; ']
train step[1061/2000] ; used: 25m:9s; eta: 22m:14s; loss = 0.157812; ['mse_0=0.005782; ', 'lpips_0=0.008362; ', 'codec_recon_0=0.015028; ', 'bpp_0=6.157067; ', 'mse_1=0.005534; ', 'lpips_1=0.007250; ', 'codec_recon_1=0.088204; ', 'bpp_1=0.304057; ', 'mse_2=0.005428; ', 'lpips_2=0.006626; ', 'codec_recon_2=0.015598; ', 'bpp_2=0.294747; ']
train step[1062/2000] ; used: 25m:10s; eta: 22m:13s; loss = 0.139864; ['mse_0=0.001064; ', 'lpips_0=0.005185; ', 'codec_recon_0=0.014596; ', 'bpp_0=6.171376; ', 'mse_1=0.000666; ', 'lpips_1=0.003755; ', 'codec_recon_1=0.091453; ', 'bpp_1=0.304078; ', 'mse_2=0.000429; ', 'lpips_2=0.003104; ', 'codec_recon_2=0.019613; ', 'bpp_2=0.296543; ']
train step[1063/2000] ; used: 25m:11s; eta: 22m:11s; loss = 0.145086; ['mse_0=0.000979; ', 'lpips_0=0.005615; ', 'codec_recon_0=0.017052; ', 'bpp_0=6.100246; ', 'mse_1=0.000763; ', 'lpips_1=0.004367; ', 'codec_recon_1=0.094407; ', 'bpp_1=0.301075; ', 'mse_2=0.000674; ', 'lpips_2=0.003841; ', 'codec_recon_2=0.017388; ', 'bpp_2=0.291663; ']
train step[1064/2000] ; used: 25m:13s; eta: 22m:9s; loss = 0.188712; ['mse_0=0.002352; ', 'lpips_0=0.007724; ', 'codec_recon_0=0.016539; ', 'bpp_0=6.168920; ', 'mse_1=0.001933; ', 'lpips_1=0.006265; ', 'codec_recon_1=0.124816; ', 'bpp_1=0.303425; ', 'mse_2=0.001885; ', 'lpips_2=0.005377; ', 'codec_recon_2=0.021821; ', 'bpp_2=0.296014; ']
train step[1065/2000] ; used: 25m:14s; eta: 22m:8s; loss = 0.162657; ['mse_0=0.003291; ', 'lpips_0=0.006343; ', 'codec_recon_0=0.015690; ', 'bpp_0=6.190317; ', 'mse_1=0.002720; ', 'lpips_1=0.005098; ', 'codec_recon_1=0.104694; ', 'bpp_1=0.305022; ', 'mse_2=0.002486; ', 'lpips_2=0.004444; ', 'codec_recon_2=0.017891; ', 'bpp_2=0.297102; ']
train step[1066/2000] ; used: 25m:15s; eta: 22m:6s; loss = 0.134544; ['mse_0=0.000585; ', 'lpips_0=0.004299; ', 'codec_recon_0=0.014071; ', 'bpp_0=6.173952; ', 'mse_1=0.000363; ', 'lpips_1=0.002966; ', 'codec_recon_1=0.092796; ', 'bpp_1=0.302434; ', 'mse_2=0.000296; ', 'lpips_2=0.002377; ', 'codec_recon_2=0.016791; ', 'bpp_2=0.295039; ']
train step[1067/2000] ; used: 25m:16s; eta: 22m:4s; loss = 0.140914; ['mse_0=0.002586; ', 'lpips_0=0.007234; ', 'codec_recon_0=0.015065; ', 'bpp_0=6.135900; ', 'mse_1=0.002219; ', 'lpips_1=0.005588; ', 'codec_recon_1=0.084531; ', 'bpp_1=0.301680; ', 'mse_2=0.001954; ', 'lpips_2=0.004123; ', 'codec_recon_2=0.017615; ', 'bpp_2=0.293696; ']
train step[1068/2000] ; used: 25m:17s; eta: 22m:3s; loss = 0.186365; ['mse_0=0.005278; ', 'lpips_0=0.009034; ', 'codec_recon_0=0.016794; ', 'bpp_0=6.175056; ', 'mse_1=0.005075; ', 'lpips_1=0.007764; ', 'codec_recon_1=0.110099; ', 'bpp_1=0.304905; ', 'mse_2=0.004883; ', 'lpips_2=0.006871; ', 'codec_recon_2=0.020567; ', 'bpp_2=0.296640; ']
train step[1069/2000] ; used: 25m:18s; eta: 22m:1s; loss = 0.175302; ['mse_0=0.004290; ', 'lpips_0=0.007330; ', 'codec_recon_0=0.015416; ', 'bpp_0=6.230408; ', 'mse_1=0.003646; ', 'lpips_1=0.006166; ', 'codec_recon_1=0.112352; ', 'bpp_1=0.306770; ', 'mse_2=0.003316; ', 'lpips_2=0.005389; ', 'codec_recon_2=0.017395; ', 'bpp_2=0.298162; ']
train step[1070/2000] ; used: 25m:19s; eta: 21m:59s; loss = 0.144124; ['mse_0=0.002363; ', 'lpips_0=0.006800; ', 'codec_recon_0=0.013729; ', 'bpp_0=6.144773; ', 'mse_1=0.002039; ', 'lpips_1=0.005660; ', 'codec_recon_1=0.090643; ', 'bpp_1=0.302655; ', 'mse_2=0.001953; ', 'lpips_2=0.005163; ', 'codec_recon_2=0.015773; ', 'bpp_2=0.294309; ']
train step[1071/2000] ; used: 25m:21s; eta: 21m:58s; loss = 0.153202; ['mse_0=0.001637; ', 'lpips_0=0.007831; ', 'codec_recon_0=0.015627; ', 'bpp_0=6.149570; ', 'mse_1=0.001387; ', 'lpips_1=0.005936; ', 'codec_recon_1=0.095226; ', 'bpp_1=0.302868; ', 'mse_2=0.001329; ', 'lpips_2=0.005019; ', 'codec_recon_2=0.019210; ', 'bpp_2=0.294597; ']
train step[1072/2000] ; used: 25m:22s; eta: 21m:56s; loss = 0.157394; ['mse_0=0.001438; ', 'lpips_0=0.005593; ', 'codec_recon_0=0.015526; ', 'bpp_0=6.202076; ', 'mse_1=0.001055; ', 'lpips_1=0.004245; ', 'codec_recon_1=0.108220; ', 'bpp_1=0.305517; ', 'mse_2=0.000793; ', 'lpips_2=0.003123; ', 'codec_recon_2=0.017400; ', 'bpp_2=0.297291; ']
train step[1073/2000] ; used: 25m:23s; eta: 21m:54s; loss = 0.188046; ['mse_0=0.001154; ', 'lpips_0=0.007800; ', 'codec_recon_0=0.018722; ', 'bpp_0=6.224885; ', 'mse_1=0.000822; ', 'lpips_1=0.005798; ', 'codec_recon_1=0.129107; ', 'bpp_1=0.304569; ', 'mse_2=0.000596; ', 'lpips_2=0.004565; ', 'codec_recon_2=0.019481; ', 'bpp_2=0.297062; ']
train step[1074/2000] ; used: 25m:24s; eta: 21m:53s; loss = 0.125668; ['mse_0=0.001597; ', 'lpips_0=0.007213; ', 'codec_recon_0=0.014015; ', 'bpp_0=6.107515; ', 'mse_1=0.001384; ', 'lpips_1=0.006249; ', 'codec_recon_1=0.074321; ', 'bpp_1=0.302677; ', 'mse_2=0.001360; ', 'lpips_2=0.005686; ', 'codec_recon_2=0.013842; ', 'bpp_2=0.294318; ']
train step[1075/2000] ; used: 25m:25s; eta: 21m:51s; loss = 0.126552; ['mse_0=0.001282; ', 'lpips_0=0.006969; ', 'codec_recon_0=0.013577; ', 'bpp_0=6.168492; ', 'mse_1=0.001118; ', 'lpips_1=0.005841; ', 'codec_recon_1=0.076234; ', 'bpp_1=0.304661; ', 'mse_2=0.001083; ', 'lpips_2=0.005404; ', 'codec_recon_2=0.015044; ', 'bpp_2=0.295492; ']
train step[1076/2000] ; used: 25m:26s; eta: 21m:49s; loss = 0.171166; ['mse_0=0.007009; ', 'lpips_0=0.009580; ', 'codec_recon_0=0.015890; ', 'bpp_0=6.185804; ', 'mse_1=0.006322; ', 'lpips_1=0.008358; ', 'codec_recon_1=0.093198; ', 'bpp_1=0.304874; ', 'mse_2=0.006148; ', 'lpips_2=0.007412; ', 'codec_recon_2=0.017248; ', 'bpp_2=0.296753; ']
train step[1077/2000] ; used: 25m:27s; eta: 21m:48s; loss = 0.184547; ['mse_0=0.002091; ', 'lpips_0=0.006405; ', 'codec_recon_0=0.015956; ', 'bpp_0=6.178156; ', 'mse_1=0.001453; ', 'lpips_1=0.004905; ', 'codec_recon_1=0.127520; ', 'bpp_1=0.303624; ', 'mse_2=0.001071; ', 'lpips_2=0.003706; ', 'codec_recon_2=0.021440; ', 'bpp_2=0.295604; ']
train step[1078/2000] ; used: 25m:28s; eta: 21m:46s; loss = 0.145250; ['mse_0=0.001726; ', 'lpips_0=0.005798; ', 'codec_recon_0=0.015033; ', 'bpp_0=6.170042; ', 'mse_1=0.001363; ', 'lpips_1=0.004554; ', 'codec_recon_1=0.095864; ', 'bpp_1=0.303741; ', 'mse_2=0.001242; ', 'lpips_2=0.003912; ', 'codec_recon_2=0.015756; ', 'bpp_2=0.294933; ']
train step[1079/2000] ; used: 25m:30s; eta: 21m:44s; loss = 0.156210; ['mse_0=0.002490; ', 'lpips_0=0.006733; ', 'codec_recon_0=0.015559; ', 'bpp_0=6.189189; ', 'mse_1=0.002125; ', 'lpips_1=0.005656; ', 'codec_recon_1=0.100144; ', 'bpp_1=0.305104; ', 'mse_2=0.001987; ', 'lpips_2=0.005063; ', 'codec_recon_2=0.016452; ', 'bpp_2=0.295919; ']
train step[1080/2000] ; used: 25m:31s; eta: 21m:43s; loss = 0.209432; ['mse_0=0.004929; ', 'lpips_0=0.009763; ', 'codec_recon_0=0.017109; ', 'bpp_0=6.182866; ', 'mse_1=0.004248; ', 'lpips_1=0.008324; ', 'codec_recon_1=0.131698; ', 'bpp_1=0.304625; ', 'mse_2=0.003612; ', 'lpips_2=0.007102; ', 'codec_recon_2=0.022647; ', 'bpp_2=0.297164; ']
train step[1081/2000] ; used: 25m:32s; eta: 21m:41s; loss = 0.162916; ['mse_0=0.002312; ', 'lpips_0=0.007899; ', 'codec_recon_0=0.015375; ', 'bpp_0=6.184299; ', 'mse_1=0.001675; ', 'lpips_1=0.006410; ', 'codec_recon_1=0.103458; ', 'bpp_1=0.303989; ', 'mse_2=0.001214; ', 'lpips_2=0.005105; ', 'codec_recon_2=0.019468; ', 'bpp_2=0.296344; ']
train step[1082/2000] ; used: 25m:33s; eta: 21m:39s; loss = 0.133411; ['mse_0=0.000917; ', 'lpips_0=0.006127; ', 'codec_recon_0=0.014651; ', 'bpp_0=6.183028; ', 'mse_1=0.000556; ', 'lpips_1=0.004154; ', 'codec_recon_1=0.087241; ', 'bpp_1=0.304038; ', 'mse_2=0.000476; ', 'lpips_2=0.003394; ', 'codec_recon_2=0.015896; ', 'bpp_2=0.295431; ']
train step[1083/2000] ; used: 25m:34s; eta: 21m:38s; loss = 0.167101; ['mse_0=0.007716; ', 'lpips_0=0.008413; ', 'codec_recon_0=0.016010; ', 'bpp_0=6.144716; ', 'mse_1=0.006219; ', 'lpips_1=0.007619; ', 'codec_recon_1=0.091143; ', 'bpp_1=0.304728; ', 'mse_2=0.006212; ', 'lpips_2=0.007142; ', 'codec_recon_2=0.016625; ', 'bpp_2=0.295631; ']
train step[1084/2000] ; used: 25m:35s; eta: 21m:36s; loss = 0.174523; ['mse_0=0.002505; ', 'lpips_0=0.006441; ', 'codec_recon_0=0.016211; ', 'bpp_0=6.219656; ', 'mse_1=0.001981; ', 'lpips_1=0.005169; ', 'codec_recon_1=0.117271; ', 'bpp_1=0.304744; ', 'mse_2=0.001480; ', 'lpips_2=0.003909; ', 'codec_recon_2=0.019556; ', 'bpp_2=0.298248; ']
train step[1085/2000] ; used: 25m:36s; eta: 21m:34s; loss = 0.141039; ['mse_0=0.000978; ', 'lpips_0=0.005268; ', 'codec_recon_0=0.014223; ', 'bpp_0=6.190968; ', 'mse_1=0.000784; ', 'lpips_1=0.004171; ', 'codec_recon_1=0.094395; ', 'bpp_1=0.303783; ', 'mse_2=0.000703; ', 'lpips_2=0.003580; ', 'codec_recon_2=0.016938; ', 'bpp_2=0.296617; ']
train step[1086/2000] ; used: 25m:38s; eta: 21m:33s; loss = 0.127559; ['mse_0=0.001340; ', 'lpips_0=0.006638; ', 'codec_recon_0=0.013337; ', 'bpp_0=6.152692; ', 'mse_1=0.001188; ', 'lpips_1=0.005910; ', 'codec_recon_1=0.077167; ', 'bpp_1=0.304700; ', 'mse_2=0.001097; ', 'lpips_2=0.005481; ', 'codec_recon_2=0.015403; ', 'bpp_2=0.295459; ']
train step[1087/2000] ; used: 25m:39s; eta: 21m:31s; loss = 0.163107; ['mse_0=0.001817; ', 'lpips_0=0.005451; ', 'codec_recon_0=0.014818; ', 'bpp_0=6.186837; ', 'mse_1=0.001333; ', 'lpips_1=0.003932; ', 'codec_recon_1=0.115552; ', 'bpp_1=0.304283; ', 'mse_2=0.000704; ', 'lpips_2=0.002630; ', 'codec_recon_2=0.016868; ', 'bpp_2=0.295531; ']
train step[1088/2000] ; used: 25m:40s; eta: 21m:30s; loss = 0.208875; ['mse_0=0.003049; ', 'lpips_0=0.007011; ', 'codec_recon_0=0.017479; ', 'bpp_0=6.276364; ', 'mse_1=0.002306; ', 'lpips_1=0.005247; ', 'codec_recon_1=0.145490; ', 'bpp_1=0.306693; ', 'mse_2=0.001587; ', 'lpips_2=0.003537; ', 'codec_recon_2=0.023167; ', 'bpp_2=0.300203; ']
train step[1089/2000] ; used: 25m:41s; eta: 21m:28s; loss = 0.130389; ['mse_0=0.000749; ', 'lpips_0=0.005659; ', 'codec_recon_0=0.012882; ', 'bpp_0=6.114451; ', 'mse_1=0.000476; ', 'lpips_1=0.004622; ', 'codec_recon_1=0.087964; ', 'bpp_1=0.301334; ', 'mse_2=0.000403; ', 'lpips_2=0.004090; ', 'codec_recon_2=0.013543; ', 'bpp_2=0.292133; ']
train step[1090/2000] ; used: 25m:42s; eta: 21m:26s; loss = 0.140417; ['mse_0=0.002563; ', 'lpips_0=0.006778; ', 'codec_recon_0=0.014679; ', 'bpp_0=6.143554; ', 'mse_1=0.002149; ', 'lpips_1=0.005479; ', 'codec_recon_1=0.085265; ', 'bpp_1=0.301875; ', 'mse_2=0.002175; ', 'lpips_2=0.005049; ', 'codec_recon_2=0.016280; ', 'bpp_2=0.294345; ']
train step[1091/2000] ; used: 25m:43s; eta: 21m:25s; loss = 0.223835; ['mse_0=0.004925; ', 'lpips_0=0.008584; ', 'codec_recon_0=0.015447; ', 'bpp_0=6.263234; ', 'mse_1=0.003729; ', 'lpips_1=0.006921; ', 'codec_recon_1=0.156367; ', 'bpp_1=0.307842; ', 'mse_2=0.002845; ', 'lpips_2=0.004796; ', 'codec_recon_2=0.020221; ', 'bpp_2=0.300008; ']
train step[1092/2000] ; used: 25m:44s; eta: 21m:23s; loss = 0.154457; ['mse_0=0.001020; ', 'lpips_0=0.004387; ', 'codec_recon_0=0.014106; ', 'bpp_0=6.177339; ', 'mse_1=0.000745; ', 'lpips_1=0.003110; ', 'codec_recon_1=0.105533; ', 'bpp_1=0.304268; ', 'mse_2=0.000650; ', 'lpips_2=0.002562; ', 'codec_recon_2=0.022346; ', 'bpp_2=0.295922; ']
train step[1093/2000] ; used: 25m:45s; eta: 21m:21s; loss = 0.168544; ['mse_0=0.001633; ', 'lpips_0=0.007569; ', 'codec_recon_0=0.016444; ', 'bpp_0=6.225613; ', 'mse_1=0.001299; ', 'lpips_1=0.005587; ', 'codec_recon_1=0.109911; ', 'bpp_1=0.304903; ', 'mse_2=0.001183; ', 'lpips_2=0.004675; ', 'codec_recon_2=0.020243; ', 'bpp_2=0.297818; ']
train step[1094/2000] ; used: 25m:47s; eta: 21m:20s; loss = 0.170418; ['mse_0=0.001352; ', 'lpips_0=0.005843; ', 'codec_recon_0=0.015186; ', 'bpp_0=6.201208; ', 'mse_1=0.001029; ', 'lpips_1=0.004234; ', 'codec_recon_1=0.116788; ', 'bpp_1=0.304244; ', 'mse_2=0.000827; ', 'lpips_2=0.003062; ', 'codec_recon_2=0.022096; ', 'bpp_2=0.296403; ']
train step[1095/2000] ; used: 25m:48s; eta: 21m:18s; loss = 0.130622; ['mse_0=0.000862; ', 'lpips_0=0.005708; ', 'codec_recon_0=0.013437; ', 'bpp_0=6.176023; ', 'mse_1=0.000680; ', 'lpips_1=0.004388; ', 'codec_recon_1=0.084697; ', 'bpp_1=0.304059; ', 'mse_2=0.000608; ', 'lpips_2=0.003731; ', 'codec_recon_2=0.016510; ', 'bpp_2=0.294738; ']
train step[1096/2000] ; used: 25m:50s; eta: 21m:17s; loss = 0.143470; ['mse_0=0.002020; ', 'lpips_0=0.006189; ', 'codec_recon_0=0.015151; ', 'bpp_0=6.103634; ', 'mse_1=0.001682; ', 'lpips_1=0.005024; ', 'codec_recon_1=0.087156; ', 'bpp_1=0.302465; ', 'mse_2=0.001607; ', 'lpips_2=0.004601; ', 'codec_recon_2=0.020038; ', 'bpp_2=0.293927; ']
train step[1097/2000] ; used: 25m:51s; eta: 21m:15s; loss = 0.176742; ['mse_0=0.002105; ', 'lpips_0=0.005771; ', 'codec_recon_0=0.014687; ', 'bpp_0=6.222893; ', 'mse_1=0.001514; ', 'lpips_1=0.004115; ', 'codec_recon_1=0.124514; ', 'bpp_1=0.305194; ', 'mse_2=0.000954; ', 'lpips_2=0.002706; ', 'codec_recon_2=0.020376; ', 'bpp_2=0.297780; ']
train step[1098/2000] ; used: 25m:52s; eta: 21m:14s; loss = 0.156274; ['mse_0=0.002802; ', 'lpips_0=0.007370; ', 'codec_recon_0=0.014943; ', 'bpp_0=6.168480; ', 'mse_1=0.002559; ', 'lpips_1=0.006191; ', 'codec_recon_1=0.096023; ', 'bpp_1=0.304016; ', 'mse_2=0.002403; ', 'lpips_2=0.005533; ', 'codec_recon_2=0.018450; ', 'bpp_2=0.296217; ']
train step[1099/2000] ; used: 25m:53s; eta: 21m:12s; loss = 0.162963; ['mse_0=0.002794; ', 'lpips_0=0.007505; ', 'codec_recon_0=0.016312; ', 'bpp_0=6.191880; ', 'mse_1=0.002289; ', 'lpips_1=0.006335; ', 'codec_recon_1=0.101998; ', 'bpp_1=0.305778; ', 'mse_2=0.002037; ', 'lpips_2=0.005519; ', 'codec_recon_2=0.018174; ', 'bpp_2=0.296944; ']
train step[1100/2000] ; used: 25m:54s; eta: 21m:10s; loss = 0.178412; ['mse_0=0.009504; ', 'lpips_0=0.010097; ', 'codec_recon_0=0.013796; ', 'bpp_0=6.167166; ', 'mse_1=0.008839; ', 'lpips_1=0.009149; ', 'codec_recon_1=0.092603; ', 'bpp_1=0.304818; ', 'mse_2=0.008715; ', 'lpips_2=0.008480; ', 'codec_recon_2=0.017228; ', 'bpp_2=0.297074; ']
train step[1101/2000] ; used: 25m:55s; eta: 21m:9s; loss = 0.136279; ['mse_0=0.001574; ', 'lpips_0=0.005077; ', 'codec_recon_0=0.012889; ', 'bpp_0=6.157519; ', 'mse_1=0.001193; ', 'lpips_1=0.003880; ', 'codec_recon_1=0.092460; ', 'bpp_1=0.304623; ', 'mse_2=0.000998; ', 'lpips_2=0.003098; ', 'codec_recon_2=0.015110; ', 'bpp_2=0.294809; ']
train step[1102/2000] ; used: 25m:56s; eta: 21m:7s; loss = 0.199473; ['mse_0=0.002835; ', 'lpips_0=0.008058; ', 'codec_recon_0=0.015888; ', 'bpp_0=6.219675; ', 'mse_1=0.002053; ', 'lpips_1=0.006310; ', 'codec_recon_1=0.136558; ', 'bpp_1=0.304868; ', 'mse_2=0.001428; ', 'lpips_2=0.004598; ', 'codec_recon_2=0.021745; ', 'bpp_2=0.296823; ']
train step[1103/2000] ; used: 25m:57s; eta: 21m:5s; loss = 0.159023; ['mse_0=0.003044; ', 'lpips_0=0.006559; ', 'codec_recon_0=0.014627; ', 'bpp_0=6.156261; ', 'mse_1=0.003097; ', 'lpips_1=0.005518; ', 'codec_recon_1=0.100965; ', 'bpp_1=0.303247; ', 'mse_2=0.002946; ', 'lpips_2=0.004879; ', 'codec_recon_2=0.017387; ', 'bpp_2=0.294987; ']
train step[1104/2000] ; used: 25m:59s; eta: 21m:4s; loss = 0.147339; ['mse_0=0.002207; ', 'lpips_0=0.004865; ', 'codec_recon_0=0.015526; ', 'bpp_0=6.175963; ', 'mse_1=0.001721; ', 'lpips_1=0.003736; ', 'codec_recon_1=0.099196; ', 'bpp_1=0.304191; ', 'mse_2=0.001531; ', 'lpips_2=0.003174; ', 'codec_recon_2=0.015383; ', 'bpp_2=0.295737; ']
train step[1105/2000] ; used: 26m; eta: 21m:2s; loss = 0.117764; ['mse_0=0.001022; ', 'lpips_0=0.005501; ', 'codec_recon_0=0.013621; ', 'bpp_0=6.108670; ', 'mse_1=0.000656; ', 'lpips_1=0.004361; ', 'codec_recon_1=0.074673; ', 'bpp_1=0.301861; ', 'mse_2=0.000592; ', 'lpips_2=0.004050; ', 'codec_recon_2=0.013289; ', 'bpp_2=0.292905; ']
Skipped bad example 7ab1ca08282c3433. Context shape was torch.Size([2, 3, 360, 480]) and target shape was torch.Size([4, 3, 360, 480]).
train step[1106/2000] ; used: 26m:1s; eta: 21m; loss = 0.112928; ['mse_0=0.001600; ', 'lpips_0=0.005980; ', 'codec_recon_0=0.011775; ', 'bpp_0=6.086769; ', 'mse_1=0.001115; ', 'lpips_1=0.004967; ', 'codec_recon_1=0.069891; ', 'bpp_1=0.301383; ', 'mse_2=0.001029; ', 'lpips_2=0.004561; ', 'codec_recon_2=0.012010; ', 'bpp_2=0.292078; ']
train step[1107/2000] ; used: 26m:2s; eta: 20m:59s; loss = 0.183621; ['mse_0=0.004565; ', 'lpips_0=0.010931; ', 'codec_recon_0=0.016354; ', 'bpp_0=6.164147; ', 'mse_1=0.004142; ', 'lpips_1=0.010009; ', 'codec_recon_1=0.106074; ', 'bpp_1=0.304608; ', 'mse_2=0.003957; ', 'lpips_2=0.009223; ', 'codec_recon_2=0.018366; ', 'bpp_2=0.296212; ']
train step[1108/2000] ; used: 26m:3s; eta: 20m:57s; loss = 0.129220; ['mse_0=0.001257; ', 'lpips_0=0.006150; ', 'codec_recon_0=0.013355; ', 'bpp_0=6.125813; ', 'mse_1=0.001004; ', 'lpips_1=0.005005; ', 'codec_recon_1=0.083774; ', 'bpp_1=0.304078; ', 'mse_2=0.000877; ', 'lpips_2=0.004270; ', 'codec_recon_2=0.013527; ', 'bpp_2=0.294478; ']
train step[1109/2000] ; used: 26m:4s; eta: 20m:55s; loss = 0.133977; ['mse_0=0.001162; ', 'lpips_0=0.005664; ', 'codec_recon_0=0.013550; ', 'bpp_0=6.137747; ', 'mse_1=0.000864; ', 'lpips_1=0.004319; ', 'codec_recon_1=0.087480; ', 'bpp_1=0.303716; ', 'mse_2=0.000724; ', 'lpips_2=0.003596; ', 'codec_recon_2=0.016618; ', 'bpp_2=0.293999; ']
train step[1110/2000] ; used: 26m:5s; eta: 20m:54s; loss = 0.128770; ['mse_0=0.002563; ', 'lpips_0=0.006157; ', 'codec_recon_0=0.013730; ', 'bpp_0=6.102082; ', 'mse_1=0.002394; ', 'lpips_1=0.005230; ', 'codec_recon_1=0.077259; ', 'bpp_1=0.302485; ', 'mse_2=0.002302; ', 'lpips_2=0.004701; ', 'codec_recon_2=0.014434; ', 'bpp_2=0.293390; ']
train step[1111/2000] ; used: 26m:6s; eta: 20m:52s; loss = 0.137964; ['mse_0=0.000930; ', 'lpips_0=0.004762; ', 'codec_recon_0=0.012792; ', 'bpp_0=6.164455; ', 'mse_1=0.000678; ', 'lpips_1=0.003416; ', 'codec_recon_1=0.095023; ', 'bpp_1=0.302001; ', 'mse_2=0.000530; ', 'lpips_2=0.002630; ', 'codec_recon_2=0.017200; ', 'bpp_2=0.293050; ']
train step[1112/2000] ; used: 26m:7s; eta: 20m:50s; loss = 0.128293; ['mse_0=0.001884; ', 'lpips_0=0.006171; ', 'codec_recon_0=0.012963; ', 'bpp_0=6.120730; ', 'mse_1=0.001790; ', 'lpips_1=0.004822; ', 'codec_recon_1=0.080467; ', 'bpp_1=0.301564; ', 'mse_2=0.001759; ', 'lpips_2=0.004168; ', 'codec_recon_2=0.014269; ', 'bpp_2=0.294148; ']
train step[1113/2000] ; used: 26m:8s; eta: 20m:49s; loss = 0.142130; ['mse_0=0.001358; ', 'lpips_0=0.005724; ', 'codec_recon_0=0.014897; ', 'bpp_0=6.157325; ', 'mse_1=0.001033; ', 'lpips_1=0.004739; ', 'codec_recon_1=0.092601; ', 'bpp_1=0.303274; ', 'mse_2=0.000889; ', 'lpips_2=0.004178; ', 'codec_recon_2=0.016711; ', 'bpp_2=0.295273; ']
train step[1114/2000] ; used: 26m:10s; eta: 20m:47s; loss = 0.153647; ['mse_0=0.004003; ', 'lpips_0=0.009551; ', 'codec_recon_0=0.013165; ', 'bpp_0=6.149704; ', 'mse_1=0.003349; ', 'lpips_1=0.008603; ', 'codec_recon_1=0.088083; ', 'bpp_1=0.304633; ', 'mse_2=0.003181; ', 'lpips_2=0.007861; ', 'codec_recon_2=0.015849; ', 'bpp_2=0.295378; ']
train step[1115/2000] ; used: 26m:11s; eta: 20m:46s; loss = 0.193835; ['mse_0=0.001950; ', 'lpips_0=0.007951; ', 'codec_recon_0=0.015279; ', 'bpp_0=6.241203; ', 'mse_1=0.001463; ', 'lpips_1=0.006215; ', 'codec_recon_1=0.134333; ', 'bpp_1=0.304784; ', 'mse_2=0.001090; ', 'lpips_2=0.004654; ', 'codec_recon_2=0.020901; ', 'bpp_2=0.298463; ']
train step[1116/2000] ; used: 26m:12s; eta: 20m:44s; loss = 0.117234; ['mse_0=0.001063; ', 'lpips_0=0.005047; ', 'codec_recon_0=0.012172; ', 'bpp_0=6.124231; ', 'mse_1=0.000917; ', 'lpips_1=0.004001; ', 'codec_recon_1=0.075241; ', 'bpp_1=0.301085; ', 'mse_2=0.000871; ', 'lpips_2=0.003403; ', 'codec_recon_2=0.014519; ', 'bpp_2=0.293143; ']
train step[1117/2000] ; used: 26m:13s; eta: 20m:42s; loss = 0.150513; ['mse_0=0.002737; ', 'lpips_0=0.007118; ', 'codec_recon_0=0.014986; ', 'bpp_0=6.160416; ', 'mse_1=0.002359; ', 'lpips_1=0.005912; ', 'codec_recon_1=0.091638; ', 'bpp_1=0.304844; ', 'mse_2=0.002248; ', 'lpips_2=0.005326; ', 'codec_recon_2=0.018190; ', 'bpp_2=0.296243; ']
train step[1118/2000] ; used: 26m:14s; eta: 20m:41s; loss = 0.217273; ['mse_0=0.003425; ', 'lpips_0=0.009425; ', 'codec_recon_0=0.016852; ', 'bpp_0=6.234940; ', 'mse_1=0.002917; ', 'lpips_1=0.007931; ', 'codec_recon_1=0.145942; ', 'bpp_1=0.306212; ', 'mse_2=0.002572; ', 'lpips_2=0.006429; ', 'codec_recon_2=0.021781; ', 'bpp_2=0.297844; ']
train step[1119/2000] ; used: 26m:15s; eta: 20m:39s; loss = 0.186532; ['mse_0=0.002939; ', 'lpips_0=0.005374; ', 'codec_recon_0=0.015449; ', 'bpp_0=6.199290; ', 'mse_1=0.002403; ', 'lpips_1=0.003947; ', 'codec_recon_1=0.131353; ', 'bpp_1=0.305541; ', 'mse_2=0.001999; ', 'lpips_2=0.002886; ', 'codec_recon_2=0.020182; ', 'bpp_2=0.296926; ']
train step[1120/2000] ; used: 26m:16s; eta: 20m:37s; loss = 0.124054; ['mse_0=0.002447; ', 'lpips_0=0.005768; ', 'codec_recon_0=0.012945; ', 'bpp_0=6.121464; ', 'mse_1=0.002156; ', 'lpips_1=0.004754; ', 'codec_recon_1=0.075669; ', 'bpp_1=0.303000; ', 'mse_2=0.002145; ', 'lpips_2=0.004362; ', 'codec_recon_2=0.013808; ', 'bpp_2=0.294114; ']
train step[1121/2000] ; used: 26m:17s; eta: 20m:36s; loss = 0.139834; ['mse_0=0.002683; ', 'lpips_0=0.006730; ', 'codec_recon_0=0.013282; ', 'bpp_0=6.129719; ', 'mse_1=0.002335; ', 'lpips_1=0.005303; ', 'codec_recon_1=0.086448; ', 'bpp_1=0.303043; ', 'mse_2=0.002269; ', 'lpips_2=0.004614; ', 'codec_recon_2=0.016170; ', 'bpp_2=0.293929; ']
train step[1122/2000] ; used: 26m:18s; eta: 20m:34s; loss = 0.127153; ['mse_0=0.000878; ', 'lpips_0=0.004603; ', 'codec_recon_0=0.013557; ', 'bpp_0=6.138630; ', 'mse_1=0.000627; ', 'lpips_1=0.003450; ', 'codec_recon_1=0.084387; ', 'bpp_1=0.303744; ', 'mse_2=0.000504; ', 'lpips_2=0.002743; ', 'codec_recon_2=0.016403; ', 'bpp_2=0.294647; ']
train step[1123/2000] ; used: 26m:19s; eta: 20m:32s; loss = 0.141963; ['mse_0=0.002309; ', 'lpips_0=0.005149; ', 'codec_recon_0=0.012842; ', 'bpp_0=6.149840; ', 'mse_1=0.001828; ', 'lpips_1=0.003884; ', 'codec_recon_1=0.095482; ', 'bpp_1=0.303367; ', 'mse_2=0.001589; ', 'lpips_2=0.003201; ', 'codec_recon_2=0.015679; ', 'bpp_2=0.294667; ']
train step[1124/2000] ; used: 26m:21s; eta: 20m:31s; loss = 0.121305; ['mse_0=0.000925; ', 'lpips_0=0.006200; ', 'codec_recon_0=0.013354; ', 'bpp_0=6.091787; ', 'mse_1=0.000631; ', 'lpips_1=0.004708; ', 'codec_recon_1=0.075707; ', 'bpp_1=0.302425; ', 'mse_2=0.000488; ', 'lpips_2=0.004062; ', 'codec_recon_2=0.015231; ', 'bpp_2=0.292998; ']
train step[1125/2000] ; used: 26m:22s; eta: 20m:29s; loss = 0.137170; ['mse_0=0.001084; ', 'lpips_0=0.006144; ', 'codec_recon_0=0.012337; ', 'bpp_0=6.137624; ', 'mse_1=0.000725; ', 'lpips_1=0.004503; ', 'codec_recon_1=0.093160; ', 'bpp_1=0.304103; ', 'mse_2=0.000509; ', 'lpips_2=0.003551; ', 'codec_recon_2=0.015157; ', 'bpp_2=0.294253; ']
train step[1126/2000] ; used: 26m:23s; eta: 20m:27s; loss = 0.129251; ['mse_0=0.002574; ', 'lpips_0=0.007105; ', 'codec_recon_0=0.013759; ', 'bpp_0=6.117606; ', 'mse_1=0.002280; ', 'lpips_1=0.005969; ', 'codec_recon_1=0.075254; ', 'bpp_1=0.303389; ', 'mse_2=0.002175; ', 'lpips_2=0.005231; ', 'codec_recon_2=0.014904; ', 'bpp_2=0.294583; ']
train step[1127/2000] ; used: 26m:24s; eta: 20m:26s; loss = 0.172394; ['mse_0=0.003802; ', 'lpips_0=0.007325; ', 'codec_recon_0=0.014535; ', 'bpp_0=6.163712; ', 'mse_1=0.003545; ', 'lpips_1=0.005911; ', 'codec_recon_1=0.110954; ', 'bpp_1=0.304795; ', 'mse_2=0.003205; ', 'lpips_2=0.004780; ', 'codec_recon_2=0.018337; ', 'bpp_2=0.295450; ']
train step[1128/2000] ; used: 26m:25s; eta: 20m:24s; loss = 0.135148; ['mse_0=0.001406; ', 'lpips_0=0.005774; ', 'codec_recon_0=0.013572; ', 'bpp_0=6.152480; ', 'mse_1=0.001146; ', 'lpips_1=0.004749; ', 'codec_recon_1=0.088206; ', 'bpp_1=0.304047; ', 'mse_2=0.001047; ', 'lpips_2=0.004262; ', 'codec_recon_2=0.014987; ', 'bpp_2=0.294706; ']
train step[1129/2000] ; used: 26m:26s; eta: 20m:22s; loss = 0.117072; ['mse_0=0.000734; ', 'lpips_0=0.005004; ', 'codec_recon_0=0.012671; ', 'bpp_0=6.152933; ', 'mse_1=0.000569; ', 'lpips_1=0.003945; ', 'codec_recon_1=0.075211; ', 'bpp_1=0.302230; ', 'mse_2=0.000540; ', 'lpips_2=0.003497; ', 'codec_recon_2=0.014902; ', 'bpp_2=0.294340; ']
train step[1130/2000] ; used: 26m:27s; eta: 20m:21s; loss = 0.145787; ['mse_0=0.001598; ', 'lpips_0=0.005903; ', 'codec_recon_0=0.013867; ', 'bpp_0=6.146668; ', 'mse_1=0.001334; ', 'lpips_1=0.004759; ', 'codec_recon_1=0.097077; ', 'bpp_1=0.303510; ', 'mse_2=0.001145; ', 'lpips_2=0.003953; ', 'codec_recon_2=0.016152; ', 'bpp_2=0.295217; ']
train step[1131/2000] ; used: 26m:28s; eta: 20m:19s; loss = 0.138913; ['mse_0=0.002766; ', 'lpips_0=0.006347; ', 'codec_recon_0=0.014267; ', 'bpp_0=6.149968; ', 'mse_1=0.002316; ', 'lpips_1=0.005382; ', 'codec_recon_1=0.085232; ', 'bpp_1=0.303192; ', 'mse_2=0.002138; ', 'lpips_2=0.004836; ', 'codec_recon_2=0.015630; ', 'bpp_2=0.295282; ']
train step[1132/2000] ; used: 26m:29s; eta: 20m:17s; loss = 0.154816; ['mse_0=0.002286; ', 'lpips_0=0.006382; ', 'codec_recon_0=0.013178; ', 'bpp_0=6.170896; ', 'mse_1=0.001763; ', 'lpips_1=0.005015; ', 'codec_recon_1=0.103101; ', 'bpp_1=0.304901; ', 'mse_2=0.001507; ', 'lpips_2=0.004145; ', 'codec_recon_2=0.017441; ', 'bpp_2=0.296937; ']
train step[1133/2000] ; used: 26m:30s; eta: 20m:16s; loss = 0.127823; ['mse_0=0.001770; ', 'lpips_0=0.006145; ', 'codec_recon_0=0.012144; ', 'bpp_0=6.152614; ', 'mse_1=0.001470; ', 'lpips_1=0.004951; ', 'codec_recon_1=0.081459; ', 'bpp_1=0.303583; ', 'mse_2=0.001306; ', 'lpips_2=0.004225; ', 'codec_recon_2=0.014353; ', 'bpp_2=0.295674; ']
train step[1134/2000] ; used: 26m:31s; eta: 20m:14s; loss = 0.122092; ['mse_0=0.001417; ', 'lpips_0=0.005542; ', 'codec_recon_0=0.012602; ', 'bpp_0=6.139584; ', 'mse_1=0.001043; ', 'lpips_1=0.004661; ', 'codec_recon_1=0.076524; ', 'bpp_1=0.303387; ', 'mse_2=0.000968; ', 'lpips_2=0.004214; ', 'codec_recon_2=0.015120; ', 'bpp_2=0.294729; ']
train step[1135/2000] ; used: 26m:33s; eta: 20m:13s; loss = 0.120994; ['mse_0=0.002811; ', 'lpips_0=0.005712; ', 'codec_recon_0=0.011162; ', 'bpp_0=6.086164; ', 'mse_1=0.002522; ', 'lpips_1=0.004600; ', 'codec_recon_1=0.075087; ', 'bpp_1=0.302746; ', 'mse_2=0.002403; ', 'lpips_2=0.003965; ', 'codec_recon_2=0.012733; ', 'bpp_2=0.292910; ']
train step[1136/2000] ; used: 26m:34s; eta: 20m:11s; loss = 0.131003; ['mse_0=0.003618; ', 'lpips_0=0.007845; ', 'codec_recon_0=0.013093; ', 'bpp_0=6.139535; ', 'mse_1=0.003349; ', 'lpips_1=0.006799; ', 'codec_recon_1=0.073149; ', 'bpp_1=0.303742; ', 'mse_2=0.003340; ', 'lpips_2=0.006455; ', 'codec_recon_2=0.013356; ', 'bpp_2=0.294639; ']
train step[1137/2000] ; used: 26m:35s; eta: 20m:9s; loss = 0.131418; ['mse_0=0.001137; ', 'lpips_0=0.004969; ', 'codec_recon_0=0.012773; ', 'bpp_0=6.139803; ', 'mse_1=0.000888; ', 'lpips_1=0.003956; ', 'codec_recon_1=0.087868; ', 'bpp_1=0.303651; ', 'mse_2=0.000845; ', 'lpips_2=0.003528; ', 'codec_recon_2=0.015454; ', 'bpp_2=0.295195; ']
train step[1138/2000] ; used: 26m:36s; eta: 20m:8s; loss = 0.135619; ['mse_0=0.005952; ', 'lpips_0=0.007554; ', 'codec_recon_0=0.013770; ', 'bpp_0=6.075989; ', 'mse_1=0.005253; ', 'lpips_1=0.006600; ', 'codec_recon_1=0.071147; ', 'bpp_1=0.303336; ', 'mse_2=0.004989; ', 'lpips_2=0.005979; ', 'codec_recon_2=0.014376; ', 'bpp_2=0.293452; ']
train step[1139/2000] ; used: 26m:37s; eta: 20m:6s; loss = 0.186207; ['mse_0=0.003871; ', 'lpips_0=0.006987; ', 'codec_recon_0=0.014390; ', 'bpp_0=6.219548; ', 'mse_1=0.003418; ', 'lpips_1=0.005924; ', 'codec_recon_1=0.124199; ', 'bpp_1=0.304694; ', 'mse_2=0.003300; ', 'lpips_2=0.004925; ', 'codec_recon_2=0.019194; ', 'bpp_2=0.297183; ']
train step[1140/2000] ; used: 26m:38s; eta: 20m:4s; loss = 0.183901; ['mse_0=0.003818; ', 'lpips_0=0.009770; ', 'codec_recon_0=0.014340; ', 'bpp_0=6.200476; ', 'mse_1=0.003619; ', 'lpips_1=0.008833; ', 'codec_recon_1=0.113322; ', 'bpp_1=0.304616; ', 'mse_2=0.003619; ', 'lpips_2=0.007859; ', 'codec_recon_2=0.018721; ', 'bpp_2=0.296022; ']
train step[1141/2000] ; used: 26m:39s; eta: 20m:3s; loss = 0.157355; ['mse_0=0.001380; ', 'lpips_0=0.006064; ', 'codec_recon_0=0.012504; ', 'bpp_0=6.175426; ', 'mse_1=0.001109; ', 'lpips_1=0.004848; ', 'codec_recon_1=0.107467; ', 'bpp_1=0.304554; ', 'mse_2=0.000940; ', 'lpips_2=0.003959; ', 'codec_recon_2=0.019083; ', 'bpp_2=0.295680; ']
train step[1142/2000] ; used: 26m:40s; eta: 20m:1s; loss = 0.150491; ['mse_0=0.002275; ', 'lpips_0=0.005639; ', 'codec_recon_0=0.013711; ', 'bpp_0=6.196181; ', 'mse_1=0.001713; ', 'lpips_1=0.004520; ', 'codec_recon_1=0.100215; ', 'bpp_1=0.304132; ', 'mse_2=0.001444; ', 'lpips_2=0.003825; ', 'codec_recon_2=0.017149; ', 'bpp_2=0.296022; ']
train step[1143/2000] ; used: 26m:41s; eta: 19m:59s; loss = 0.134274; ['mse_0=0.003706; ', 'lpips_0=0.008098; ', 'codec_recon_0=0.011230; ', 'bpp_0=6.134886; ', 'mse_1=0.003383; ', 'lpips_1=0.007065; ', 'codec_recon_1=0.075298; ', 'bpp_1=0.303638; ', 'mse_2=0.003426; ', 'lpips_2=0.006768; ', 'codec_recon_2=0.015299; ', 'bpp_2=0.292610; ']
train step[1144/2000] ; used: 26m:42s; eta: 19m:58s; loss = 0.135212; ['mse_0=0.001214; ', 'lpips_0=0.006082; ', 'codec_recon_0=0.013578; ', 'bpp_0=6.147789; ', 'mse_1=0.001026; ', 'lpips_1=0.004784; ', 'codec_recon_1=0.087908; ', 'bpp_1=0.303098; ', 'mse_2=0.000957; ', 'lpips_2=0.003942; ', 'codec_recon_2=0.015722; ', 'bpp_2=0.294306; ']
train step[1145/2000] ; used: 26m:44s; eta: 19m:56s; loss = 0.117567; ['mse_0=0.000908; ', 'lpips_0=0.004878; ', 'codec_recon_0=0.012753; ', 'bpp_0=6.156558; ', 'mse_1=0.000682; ', 'lpips_1=0.003571; ', 'codec_recon_1=0.076218; ', 'bpp_1=0.303251; ', 'mse_2=0.000592; ', 'lpips_2=0.003009; ', 'codec_recon_2=0.014955; ', 'bpp_2=0.294901; ']
train step[1146/2000] ; used: 26m:45s; eta: 19m:55s; loss = 0.131769; ['mse_0=0.001272; ', 'lpips_0=0.006165; ', 'codec_recon_0=0.013593; ', 'bpp_0=6.155893; ', 'mse_1=0.000957; ', 'lpips_1=0.004743; ', 'codec_recon_1=0.084070; ', 'bpp_1=0.305373; ', 'mse_2=0.000881; ', 'lpips_2=0.003971; ', 'codec_recon_2=0.016116; ', 'bpp_2=0.295718; ']
train step[1147/2000] ; used: 26m:46s; eta: 19m:53s; loss = 0.131665; ['mse_0=0.001279; ', 'lpips_0=0.005431; ', 'codec_recon_0=0.012412; ', 'bpp_0=6.173996; ', 'mse_1=0.000993; ', 'lpips_1=0.003835; ', 'codec_recon_1=0.087050; ', 'bpp_1=0.303904; ', 'mse_2=0.000919; ', 'lpips_2=0.003095; ', 'codec_recon_2=0.016651; ', 'bpp_2=0.295214; ']
train step[1148/2000] ; used: 26m:47s; eta: 19m:51s; loss = 0.133704; ['mse_0=0.002645; ', 'lpips_0=0.005604; ', 'codec_recon_0=0.011614; ', 'bpp_0=6.173105; ', 'mse_1=0.002433; ', 'lpips_1=0.004670; ', 'codec_recon_1=0.084629; ', 'bpp_1=0.303766; ', 'mse_2=0.002365; ', 'lpips_2=0.004217; ', 'codec_recon_2=0.015526; ', 'bpp_2=0.295397; ']
train step[1149/2000] ; used: 26m:48s; eta: 19m:50s; loss = 0.127483; ['mse_0=0.001034; ', 'lpips_0=0.005992; ', 'codec_recon_0=0.012904; ', 'bpp_0=6.133873; ', 'mse_1=0.000702; ', 'lpips_1=0.004632; ', 'codec_recon_1=0.082329; ', 'bpp_1=0.302590; ', 'mse_2=0.000608; ', 'lpips_2=0.004008; ', 'codec_recon_2=0.015273; ', 'bpp_2=0.294022; ']
train step[1150/2000] ; used: 26m:49s; eta: 19m:48s; loss = 0.119435; ['mse_0=0.001205; ', 'lpips_0=0.005357; ', 'codec_recon_0=0.012477; ', 'bpp_0=6.112688; ', 'mse_1=0.000976; ', 'lpips_1=0.004344; ', 'codec_recon_1=0.075727; ', 'bpp_1=0.302409; ', 'mse_2=0.000929; ', 'lpips_2=0.003757; ', 'codec_recon_2=0.014664; ', 'bpp_2=0.293292; ']
train step[1151/2000] ; used: 26m:50s; eta: 19m:47s; loss = 0.140148; ['mse_0=0.003003; ', 'lpips_0=0.006185; ', 'codec_recon_0=0.013535; ', 'bpp_0=6.151140; ', 'mse_1=0.002641; ', 'lpips_1=0.005118; ', 'codec_recon_1=0.087243; ', 'bpp_1=0.303582; ', 'mse_2=0.002490; ', 'lpips_2=0.004455; ', 'codec_recon_2=0.015480; ', 'bpp_2=0.294498; ']
train step[1152/2000] ; used: 26m:51s; eta: 19m:45s; loss = 0.155790; ['mse_0=0.002320; ', 'lpips_0=0.005380; ', 'codec_recon_0=0.013024; ', 'bpp_0=6.192609; ', 'mse_1=0.001862; ', 'lpips_1=0.004438; ', 'codec_recon_1=0.105802; ', 'bpp_1=0.303757; ', 'mse_2=0.001671; ', 'lpips_2=0.003506; ', 'codec_recon_2=0.017789; ', 'bpp_2=0.295085; ']
train step[1153/2000] ; used: 26m:53s; eta: 19m:43s; loss = 0.138127; ['mse_0=0.000966; ', 'lpips_0=0.004479; ', 'codec_recon_0=0.012777; ', 'bpp_0=6.176110; ', 'mse_1=0.000701; ', 'lpips_1=0.003239; ', 'codec_recon_1=0.095921; ', 'bpp_1=0.303030; ', 'mse_2=0.000491; ', 'lpips_2=0.002410; ', 'codec_recon_2=0.017143; ', 'bpp_2=0.295091; ']
train step[1154/2000] ; used: 26m:54s; eta: 19m:42s; loss = 0.140637; ['mse_0=0.003656; ', 'lpips_0=0.006560; ', 'codec_recon_0=0.012113; ', 'bpp_0=6.148878; ', 'mse_1=0.003345; ', 'lpips_1=0.005554; ', 'codec_recon_1=0.084966; ', 'bpp_1=0.303988; ', 'mse_2=0.003202; ', 'lpips_2=0.004874; ', 'codec_recon_2=0.016366; ', 'bpp_2=0.295448; ']
train step[1155/2000] ; used: 26m:55s; eta: 19m:40s; loss = 0.185438; ['mse_0=0.013486; ', 'lpips_0=0.010452; ', 'codec_recon_0=0.013588; ', 'bpp_0=6.120606; ', 'mse_1=0.013003; ', 'lpips_1=0.009836; ', 'codec_recon_1=0.086551; ', 'bpp_1=0.302778; ', 'mse_2=0.012880; ', 'lpips_2=0.009397; ', 'codec_recon_2=0.016245; ', 'bpp_2=0.295567; ']
train step[1156/2000] ; used: 26m:56s; eta: 19m:39s; loss = 0.209322; ['mse_0=0.004048; ', 'lpips_0=0.007280; ', 'codec_recon_0=0.016652; ', 'bpp_0=6.224712; ', 'mse_1=0.003446; ', 'lpips_1=0.006168; ', 'codec_recon_1=0.139743; ', 'bpp_1=0.304839; ', 'mse_2=0.003161; ', 'lpips_2=0.004996; ', 'codec_recon_2=0.023828; ', 'bpp_2=0.297403; ']
train step[1157/2000] ; used: 26m:57s; eta: 19m:37s; loss = 0.170843; ['mse_0=0.009440; ', 'lpips_0=0.011145; ', 'codec_recon_0=0.015471; ', 'bpp_0=6.103334; ', 'mse_1=0.009054; ', 'lpips_1=0.009971; ', 'codec_recon_1=0.080068; ', 'bpp_1=0.301754; ', 'mse_2=0.008962; ', 'lpips_2=0.009506; ', 'codec_recon_2=0.017225; ', 'bpp_2=0.294619; ']
train step[1158/2000] ; used: 26m:58s; eta: 19m:35s; loss = 0.139526; ['mse_0=0.001697; ', 'lpips_0=0.005496; ', 'codec_recon_0=0.016270; ', 'bpp_0=6.157259; ', 'mse_1=0.001259; ', 'lpips_1=0.004334; ', 'codec_recon_1=0.089478; ', 'bpp_1=0.303703; ', 'mse_2=0.001069; ', 'lpips_2=0.003570; ', 'codec_recon_2=0.016352; ', 'bpp_2=0.295627; ']
train step[1159/2000] ; used: 26m:59s; eta: 19m:34s; loss = 0.140903; ['mse_0=0.000965; ', 'lpips_0=0.005216; ', 'codec_recon_0=0.014243; ', 'bpp_0=6.155276; ', 'mse_1=0.000664; ', 'lpips_1=0.003745; ', 'codec_recon_1=0.095058; ', 'bpp_1=0.302344; ', 'mse_2=0.000528; ', 'lpips_2=0.003002; ', 'codec_recon_2=0.017482; ', 'bpp_2=0.294327; ']
train step[1160/2000] ; used: 27m; eta: 19m:32s; loss = 0.145452; ['mse_0=0.001413; ', 'lpips_0=0.006050; ', 'codec_recon_0=0.015691; ', 'bpp_0=6.172191; ', 'mse_1=0.001169; ', 'lpips_1=0.004824; ', 'codec_recon_1=0.092177; ', 'bpp_1=0.303389; ', 'mse_2=0.001015; ', 'lpips_2=0.004130; ', 'codec_recon_2=0.018983; ', 'bpp_2=0.295375; ']
train step[1161/2000] ; used: 27m:2s; eta: 19m:31s; loss = 0.142877; ['mse_0=0.003212; ', 'lpips_0=0.006331; ', 'codec_recon_0=0.014693; ', 'bpp_0=6.138873; ', 'mse_1=0.002681; ', 'lpips_1=0.005087; ', 'codec_recon_1=0.088489; ', 'bpp_1=0.303732; ', 'mse_2=0.002462; ', 'lpips_2=0.004524; ', 'codec_recon_2=0.015397; ', 'bpp_2=0.295402; ']
train step[1162/2000] ; used: 27m:3s; eta: 19m:29s; loss = 0.109589; ['mse_0=0.001629; ', 'lpips_0=0.005691; ', 'codec_recon_0=0.012166; ', 'bpp_0=6.120173; ', 'mse_1=0.001488; ', 'lpips_1=0.004505; ', 'codec_recon_1=0.065202; ', 'bpp_1=0.301815; ', 'mse_2=0.001455; ', 'lpips_2=0.003981; ', 'codec_recon_2=0.013472; ', 'bpp_2=0.293262; ']
train step[1163/2000] ; used: 27m:4s; eta: 19m:27s; loss = 0.133629; ['mse_0=0.001456; ', 'lpips_0=0.006102; ', 'codec_recon_0=0.014168; ', 'bpp_0=6.142769; ', 'mse_1=0.001205; ', 'lpips_1=0.004713; ', 'codec_recon_1=0.084921; ', 'bpp_1=0.303678; ', 'mse_2=0.001060; ', 'lpips_2=0.003954; ', 'codec_recon_2=0.016050; ', 'bpp_2=0.295472; ']
train step[1164/2000] ; used: 27m:5s; eta: 19m:26s; loss = 0.179914; ['mse_0=0.001424; ', 'lpips_0=0.007027; ', 'codec_recon_0=0.015999; ', 'bpp_0=6.194070; ', 'mse_1=0.001102; ', 'lpips_1=0.005461; ', 'codec_recon_1=0.122154; ', 'bpp_1=0.304309; ', 'mse_2=0.000905; ', 'lpips_2=0.004491; ', 'codec_recon_2=0.021352; ', 'bpp_2=0.296102; ']
train step[1165/2000] ; used: 27m:6s; eta: 19m:24s; loss = 0.139487; ['mse_0=0.003923; ', 'lpips_0=0.006365; ', 'codec_recon_0=0.014499; ', 'bpp_0=6.142888; ', 'mse_1=0.003125; ', 'lpips_1=0.004953; ', 'codec_recon_1=0.083448; ', 'bpp_1=0.303453; ', 'mse_2=0.002867; ', 'lpips_2=0.004277; ', 'codec_recon_2=0.016030; ', 'bpp_2=0.296071; ']
train step[1166/2000] ; used: 27m:7s; eta: 19m:23s; loss = 0.106389; ['mse_0=0.001395; ', 'lpips_0=0.005988; ', 'codec_recon_0=0.011242; ', 'bpp_0=6.091326; ', 'mse_1=0.001108; ', 'lpips_1=0.004863; ', 'codec_recon_1=0.063531; ', 'bpp_1=0.302008; ', 'mse_2=0.001034; ', 'lpips_2=0.004497; ', 'codec_recon_2=0.012730; ', 'bpp_2=0.293569; ']
train step[1167/2000] ; used: 27m:8s; eta: 19m:21s; loss = 0.133905; ['mse_0=0.003148; ', 'lpips_0=0.005104; ', 'codec_recon_0=0.013569; ', 'bpp_0=6.155677; ', 'mse_1=0.002742; ', 'lpips_1=0.004227; ', 'codec_recon_1=0.084250; ', 'bpp_1=0.304194; ', 'mse_2=0.002780; ', 'lpips_2=0.003568; ', 'codec_recon_2=0.014517; ', 'bpp_2=0.295521; ']
train step[1168/2000] ; used: 27m:10s; eta: 19m:20s; loss = 0.121530; ['mse_0=0.001868; ', 'lpips_0=0.007498; ', 'codec_recon_0=0.012783; ', 'bpp_0=6.117767; ', 'mse_1=0.001487; ', 'lpips_1=0.006325; ', 'codec_recon_1=0.068449; ', 'bpp_1=0.301910; ', 'mse_2=0.001407; ', 'lpips_2=0.005872; ', 'codec_recon_2=0.015842; ', 'bpp_2=0.292874; ']
train step[1169/2000] ; used: 27m:11s; eta: 19m:18s; loss = 0.133254; ['mse_0=0.001308; ', 'lpips_0=0.005380; ', 'codec_recon_0=0.013317; ', 'bpp_0=6.177747; ', 'mse_1=0.001111; ', 'lpips_1=0.004061; ', 'codec_recon_1=0.087923; ', 'bpp_1=0.304483; ', 'mse_2=0.001024; ', 'lpips_2=0.003265; ', 'codec_recon_2=0.015865; ', 'bpp_2=0.296240; ']
train step[1170/2000] ; used: 27m:12s; eta: 19m:17s; loss = 0.145330; ['mse_0=0.002043; ', 'lpips_0=0.007008; ', 'codec_recon_0=0.014038; ', 'bpp_0=6.163840; ', 'mse_1=0.001715; ', 'lpips_1=0.005886; ', 'codec_recon_1=0.091137; ', 'bpp_1=0.304124; ', 'mse_2=0.001641; ', 'lpips_2=0.005291; ', 'codec_recon_2=0.016571; ', 'bpp_2=0.295941; ']
train step[1171/2000] ; used: 27m:13s; eta: 19m:15s; loss = 0.126720; ['mse_0=0.001683; ', 'lpips_0=0.005816; ', 'codec_recon_0=0.013880; ', 'bpp_0=6.114364; ', 'mse_1=0.001222; ', 'lpips_1=0.004207; ', 'codec_recon_1=0.079277; ', 'bpp_1=0.303265; ', 'mse_2=0.001011; ', 'lpips_2=0.003466; ', 'codec_recon_2=0.016157; ', 'bpp_2=0.293996; ']
train step[1172/2000] ; used: 27m:14s; eta: 19m:14s; loss = 0.132011; ['mse_0=0.001465; ', 'lpips_0=0.004690; ', 'codec_recon_0=0.013926; ', 'bpp_0=6.152379; ', 'mse_1=0.001161; ', 'lpips_1=0.003451; ', 'codec_recon_1=0.087419; ', 'bpp_1=0.303539; ', 'mse_2=0.000931; ', 'lpips_2=0.002870; ', 'codec_recon_2=0.016097; ', 'bpp_2=0.294347; ']
train step[1173/2000] ; used: 27m:15s; eta: 19m:12s; loss = 0.119457; ['mse_0=0.001383; ', 'lpips_0=0.005205; ', 'codec_recon_0=0.013007; ', 'bpp_0=6.122787; ', 'mse_1=0.001032; ', 'lpips_1=0.004098; ', 'codec_recon_1=0.075748; ', 'bpp_1=0.303576; ', 'mse_2=0.000732; ', 'lpips_2=0.003293; ', 'codec_recon_2=0.014959; ', 'bpp_2=0.293306; ']
train step[1174/2000] ; used: 27m:16s; eta: 19m:10s; loss = 0.192086; ['mse_0=0.005474; ', 'lpips_0=0.010409; ', 'codec_recon_0=0.015592; ', 'bpp_0=6.188463; ', 'mse_1=0.004215; ', 'lpips_1=0.008877; ', 'codec_recon_1=0.117336; ', 'bpp_1=0.305276; ', 'mse_2=0.003776; ', 'lpips_2=0.007566; ', 'codec_recon_2=0.018841; ', 'bpp_2=0.296945; ']
train step[1175/2000] ; used: 27m:18s; eta: 19m:9s; loss = 0.142945; ['mse_0=0.002738; ', 'lpips_0=0.006624; ', 'codec_recon_0=0.014393; ', 'bpp_0=6.174376; ', 'mse_1=0.002204; ', 'lpips_1=0.004963; ', 'codec_recon_1=0.086888; ', 'bpp_1=0.304422; ', 'mse_2=0.001982; ', 'lpips_2=0.004023; ', 'codec_recon_2=0.019130; ', 'bpp_2=0.297085; ']
train step[1176/2000] ; used: 27m:19s; eta: 19m:7s; loss = 0.139991; ['mse_0=0.001342; ', 'lpips_0=0.005231; ', 'codec_recon_0=0.013922; ', 'bpp_0=6.176251; ', 'mse_1=0.000889; ', 'lpips_1=0.003710; ', 'codec_recon_1=0.094214; ', 'bpp_1=0.303287; ', 'mse_2=0.000700; ', 'lpips_2=0.002840; ', 'codec_recon_2=0.017141; ', 'bpp_2=0.295241; ']
train step[1177/2000] ; used: 27m:20s; eta: 19m:5s; loss = 0.156730; ['mse_0=0.004011; ', 'lpips_0=0.007000; ', 'codec_recon_0=0.014252; ', 'bpp_0=6.173982; ', 'mse_1=0.003624; ', 'lpips_1=0.005910; ', 'codec_recon_1=0.095755; ', 'bpp_1=0.304631; ', 'mse_2=0.003325; ', 'lpips_2=0.005013; ', 'codec_recon_2=0.017840; ', 'bpp_2=0.295624; ']
train step[1178/2000] ; used: 27m:21s; eta: 19m:4s; loss = 0.152662; ['mse_0=0.002012; ', 'lpips_0=0.006453; ', 'codec_recon_0=0.013806; ', 'bpp_0=6.198657; ', 'mse_1=0.001500; ', 'lpips_1=0.005214; ', 'codec_recon_1=0.099484; ', 'bpp_1=0.304228; ', 'mse_2=0.001339; ', 'lpips_2=0.004590; ', 'codec_recon_2=0.018265; ', 'bpp_2=0.296711; ']
train step[1179/2000] ; used: 27m:22s; eta: 19m:2s; loss = 0.117821; ['mse_0=0.001364; ', 'lpips_0=0.008975; ', 'codec_recon_0=0.013412; ', 'bpp_0=6.062798; ', 'mse_1=0.001054; ', 'lpips_1=0.007391; ', 'codec_recon_1=0.062382; ', 'bpp_1=0.300985; ', 'mse_2=0.000942; ', 'lpips_2=0.006744; ', 'codec_recon_2=0.015557; ', 'bpp_2=0.292353; ']
train step[1180/2000] ; used: 27m:23s; eta: 19m:1s; loss = 0.133510; ['mse_0=0.001651; ', 'lpips_0=0.005280; ', 'codec_recon_0=0.013690; ', 'bpp_0=6.152025; ', 'mse_1=0.001314; ', 'lpips_1=0.004073; ', 'codec_recon_1=0.086516; ', 'bpp_1=0.303046; ', 'mse_2=0.001160; ', 'lpips_2=0.003484; ', 'codec_recon_2=0.016343; ', 'bpp_2=0.295428; ']
train step[1181/2000] ; used: 27m:24s; eta: 18m:59s; loss = 0.118313; ['mse_0=0.001826; ', 'lpips_0=0.005943; ', 'codec_recon_0=0.012213; ', 'bpp_0=6.091944; ', 'mse_1=0.001503; ', 'lpips_1=0.004924; ', 'codec_recon_1=0.071797; ', 'bpp_1=0.302317; ', 'mse_2=0.001408; ', 'lpips_2=0.004388; ', 'codec_recon_2=0.014312; ', 'bpp_2=0.293731; ']
train step[1182/2000] ; used: 27m:25s; eta: 18m:58s; loss = 0.174806; ['mse_0=0.004251; ', 'lpips_0=0.007363; ', 'codec_recon_0=0.014884; ', 'bpp_0=6.221782; ', 'mse_1=0.003536; ', 'lpips_1=0.005958; ', 'codec_recon_1=0.109710; ', 'bpp_1=0.305903; ', 'mse_2=0.003393; ', 'lpips_2=0.004914; ', 'codec_recon_2=0.020796; ', 'bpp_2=0.297836; ']
train step[1183/2000] ; used: 27m:26s; eta: 18m:56s; loss = 0.139738; ['mse_0=0.004063; ', 'lpips_0=0.005571; ', 'codec_recon_0=0.012674; ', 'bpp_0=6.160569; ', 'mse_1=0.003489; ', 'lpips_1=0.004307; ', 'codec_recon_1=0.088285; ', 'bpp_1=0.302706; ', 'mse_2=0.003228; ', 'lpips_2=0.003626; ', 'codec_recon_2=0.014495; ', 'bpp_2=0.294866; ']
train step[1184/2000] ; used: 27m:28s; eta: 18m:54s; loss = 0.160514; ['mse_0=0.002875; ', 'lpips_0=0.006959; ', 'codec_recon_0=0.014201; ', 'bpp_0=6.167532; ', 'mse_1=0.002312; ', 'lpips_1=0.005571; ', 'codec_recon_1=0.101629; ', 'bpp_1=0.303506; ', 'mse_2=0.002034; ', 'lpips_2=0.004641; ', 'codec_recon_2=0.020292; ', 'bpp_2=0.295782; ']
train step[1185/2000] ; used: 27m:29s; eta: 18m:53s; loss = 0.124329; ['mse_0=0.001065; ', 'lpips_0=0.007223; ', 'codec_recon_0=0.014467; ', 'bpp_0=6.100616; ', 'mse_1=0.000847; ', 'lpips_1=0.005944; ', 'codec_recon_1=0.072415; ', 'bpp_1=0.302013; ', 'mse_2=0.000742; ', 'lpips_2=0.005416; ', 'codec_recon_2=0.016211; ', 'bpp_2=0.294622; ']
train step[1186/2000] ; used: 27m:30s; eta: 18m:51s; loss = 0.141952; ['mse_0=0.001216; ', 'lpips_0=0.004740; ', 'codec_recon_0=0.013349; ', 'bpp_0=6.169360; ', 'mse_1=0.000903; ', 'lpips_1=0.003891; ', 'codec_recon_1=0.095970; ', 'bpp_1=0.303750; ', 'mse_2=0.000694; ', 'lpips_2=0.002952; ', 'codec_recon_2=0.018236; ', 'bpp_2=0.295085; ']
train step[1187/2000] ; used: 27m:31s; eta: 18m:50s; loss = 0.143354; ['mse_0=0.001382; ', 'lpips_0=0.006433; ', 'codec_recon_0=0.013394; ', 'bpp_0=6.190358; ', 'mse_1=0.001144; ', 'lpips_1=0.004856; ', 'codec_recon_1=0.093357; ', 'bpp_1=0.304283; ', 'mse_2=0.001031; ', 'lpips_2=0.004112; ', 'codec_recon_2=0.017644; ', 'bpp_2=0.296456; ']
train step[1188/2000] ; used: 27m:32s; eta: 18m:48s; loss = 0.164659; ['mse_0=0.004561; ', 'lpips_0=0.010740; ', 'codec_recon_0=0.013694; ', 'bpp_0=6.144260; ', 'mse_1=0.003913; ', 'lpips_1=0.009789; ', 'codec_recon_1=0.091171; ', 'bpp_1=0.303670; ', 'mse_2=0.003620; ', 'lpips_2=0.008962; ', 'codec_recon_2=0.018209; ', 'bpp_2=0.295351; ']
train step[1189/2000] ; used: 27m:33s; eta: 18m:46s; loss = 0.126122; ['mse_0=0.000615; ', 'lpips_0=0.004254; ', 'codec_recon_0=0.012726; ', 'bpp_0=6.176104; ', 'mse_1=0.000447; ', 'lpips_1=0.003201; ', 'codec_recon_1=0.084563; ', 'bpp_1=0.303799; ', 'mse_2=0.000382; ', 'lpips_2=0.002603; ', 'codec_recon_2=0.017332; ', 'bpp_2=0.294820; ']
train step[1190/2000] ; used: 27m:34s; eta: 18m:45s; loss = 0.119769; ['mse_0=0.001069; ', 'lpips_0=0.005230; ', 'codec_recon_0=0.012148; ', 'bpp_0=6.149097; ', 'mse_1=0.000742; ', 'lpips_1=0.003779; ', 'codec_recon_1=0.077489; ', 'bpp_1=0.302156; ', 'mse_2=0.000598; ', 'lpips_2=0.003084; ', 'codec_recon_2=0.015630; ', 'bpp_2=0.293403; ']
train step[1191/2000] ; used: 27m:35s; eta: 18m:43s; loss = 0.135748; ['mse_0=0.001135; ', 'lpips_0=0.005511; ', 'codec_recon_0=0.013224; ', 'bpp_0=6.163538; ', 'mse_1=0.000774; ', 'lpips_1=0.003414; ', 'codec_recon_1=0.090871; ', 'bpp_1=0.303587; ', 'mse_2=0.000512; ', 'lpips_2=0.002317; ', 'codec_recon_2=0.017990; ', 'bpp_2=0.295034; ']
train step[1192/2000] ; used: 27m:37s; eta: 18m:42s; loss = 0.125615; ['mse_0=0.001151; ', 'lpips_0=0.005951; ', 'codec_recon_0=0.013148; ', 'bpp_0=6.153701; ', 'mse_1=0.000968; ', 'lpips_1=0.004706; ', 'codec_recon_1=0.077290; ', 'bpp_1=0.303715; ', 'mse_2=0.000907; ', 'lpips_2=0.004105; ', 'codec_recon_2=0.017389; ', 'bpp_2=0.294567; ']
train step[1193/2000] ; used: 27m:38s; eta: 18m:40s; loss = 0.124398; ['mse_0=0.001814; ', 'lpips_0=0.005721; ', 'codec_recon_0=0.012379; ', 'bpp_0=6.140711; ', 'mse_1=0.001441; ', 'lpips_1=0.004655; ', 'codec_recon_1=0.078076; ', 'bpp_1=0.303871; ', 'mse_2=0.001221; ', 'lpips_2=0.004009; ', 'codec_recon_2=0.015082; ', 'bpp_2=0.294931; ']
train step[1194/2000] ; used: 27m:39s; eta: 18m:39s; loss = 0.164227; ['mse_0=0.002517; ', 'lpips_0=0.006926; ', 'codec_recon_0=0.013415; ', 'bpp_0=6.214885; ', 'mse_1=0.002354; ', 'lpips_1=0.005810; ', 'codec_recon_1=0.105157; ', 'bpp_1=0.305621; ', 'mse_2=0.002279; ', 'lpips_2=0.005135; ', 'codec_recon_2=0.020635; ', 'bpp_2=0.298436; ']
train step[1195/2000] ; used: 27m:40s; eta: 18m:37s; loss = 0.145116; ['mse_0=0.001707; ', 'lpips_0=0.006576; ', 'codec_recon_0=0.012414; ', 'bpp_0=6.160867; ', 'mse_1=0.001338; ', 'lpips_1=0.005201; ', 'codec_recon_1=0.094294; ', 'bpp_1=0.302951; ', 'mse_2=0.001113; ', 'lpips_2=0.004325; ', 'codec_recon_2=0.018149; ', 'bpp_2=0.294913; ']
train step[1196/2000] ; used: 27m:41s; eta: 18m:35s; loss = 0.158550; ['mse_0=0.002060; ', 'lpips_0=0.007964; ', 'codec_recon_0=0.013506; ', 'bpp_0=6.214682; ', 'mse_1=0.001631; ', 'lpips_1=0.005862; ', 'codec_recon_1=0.101377; ', 'bpp_1=0.305127; ', 'mse_2=0.001389; ', 'lpips_2=0.004567; ', 'codec_recon_2=0.020195; ', 'bpp_2=0.296625; ']
train step[1197/2000] ; used: 27m:42s; eta: 18m:34s; loss = 0.178918; ['mse_0=0.004880; ', 'lpips_0=0.009973; ', 'codec_recon_0=0.014777; ', 'bpp_0=6.171679; ', 'mse_1=0.004294; ', 'lpips_1=0.008632; ', 'codec_recon_1=0.104638; ', 'bpp_1=0.304982; ', 'mse_2=0.004053; ', 'lpips_2=0.007645; ', 'codec_recon_2=0.020027; ', 'bpp_2=0.296266; ']
train step[1198/2000] ; used: 27m:43s; eta: 18m:32s; loss = 0.150664; ['mse_0=0.007157; ', 'lpips_0=0.006830; ', 'codec_recon_0=0.013501; ', 'bpp_0=6.148562; ', 'mse_1=0.006678; ', 'lpips_1=0.005613; ', 'codec_recon_1=0.082781; ', 'bpp_1=0.304269; ', 'mse_2=0.006784; ', 'lpips_2=0.005091; ', 'codec_recon_2=0.016228; ', 'bpp_2=0.295618; ']
train step[1199/2000] ; used: 27m:44s; eta: 18m:31s; loss = 0.124610; ['mse_0=0.000901; ', 'lpips_0=0.004679; ', 'codec_recon_0=0.011703; ', 'bpp_0=6.181059; ', 'mse_1=0.000625; ', 'lpips_1=0.003582; ', 'codec_recon_1=0.083666; ', 'bpp_1=0.303704; ', 'mse_2=0.000483; ', 'lpips_2=0.002976; ', 'codec_recon_2=0.015995; ', 'bpp_2=0.295209; ']
train step[1200/2000] ; used: 27m:45s; eta: 18m:29s; loss = 0.168085; ['mse_0=0.003899; ', 'lpips_0=0.007983; ', 'codec_recon_0=0.015766; ', 'bpp_0=6.179877; ', 'mse_1=0.003778; ', 'lpips_1=0.006985; ', 'codec_recon_1=0.101139; ', 'bpp_1=0.304363; ', 'mse_2=0.003834; ', 'lpips_2=0.006273; ', 'codec_recon_2=0.018428; ', 'bpp_2=0.295686; ']
train step[1201/2000] ; used: 27m:46s; eta: 18m:28s; loss = 0.122259; ['mse_0=0.001594; ', 'lpips_0=0.006537; ', 'codec_recon_0=0.012021; ', 'bpp_0=6.124419; ', 'mse_1=0.001278; ', 'lpips_1=0.004875; ', 'codec_recon_1=0.075952; ', 'bpp_1=0.301764; ', 'mse_2=0.001078; ', 'lpips_2=0.003844; ', 'codec_recon_2=0.015080; ', 'bpp_2=0.293359; ']
train step[1202/2000] ; used: 27m:48s; eta: 18m:26s; loss = 0.112534; ['mse_0=0.003013; ', 'lpips_0=0.007375; ', 'codec_recon_0=0.012566; ', 'bpp_0=6.067788; ', 'mse_1=0.002751; ', 'lpips_1=0.006062; ', 'codec_recon_1=0.060050; ', 'bpp_1=0.301278; ', 'mse_2=0.002838; ', 'lpips_2=0.005452; ', 'codec_recon_2=0.012427; ', 'bpp_2=0.291245; ']
train step[1203/2000] ; used: 27m:49s; eta: 18m:24s; loss = 0.102048; ['mse_0=0.001195; ', 'lpips_0=0.005089; ', 'codec_recon_0=0.012025; ', 'bpp_0=6.114118; ', 'mse_1=0.001054; ', 'lpips_1=0.004210; ', 'codec_recon_1=0.059833; ', 'bpp_1=0.301961; ', 'mse_2=0.001015; ', 'lpips_2=0.003888; ', 'codec_recon_2=0.013739; ', 'bpp_2=0.293246; ']
train step[1204/2000] ; used: 27m:50s; eta: 18m:23s; loss = 0.100665; ['mse_0=0.001477; ', 'lpips_0=0.006515; ', 'codec_recon_0=0.010956; ', 'bpp_0=6.062883; ', 'mse_1=0.001290; ', 'lpips_1=0.005672; ', 'codec_recon_1=0.055913; ', 'bpp_1=0.301758; ', 'mse_2=0.001283; ', 'lpips_2=0.005101; ', 'codec_recon_2=0.012459; ', 'bpp_2=0.292999; ']
train step[1205/2000] ; used: 27m:51s; eta: 18m:21s; loss = 0.122815; ['mse_0=0.001157; ', 'lpips_0=0.005210; ', 'codec_recon_0=0.012375; ', 'bpp_0=6.119521; ', 'mse_1=0.000930; ', 'lpips_1=0.004082; ', 'codec_recon_1=0.079708; ', 'bpp_1=0.302849; ', 'mse_2=0.000761; ', 'lpips_2=0.003467; ', 'codec_recon_2=0.015126; ', 'bpp_2=0.293594; ']
train step[1206/2000] ; used: 27m:52s; eta: 18m:20s; loss = 0.102510; ['mse_0=0.000728; ', 'lpips_0=0.004323; ', 'codec_recon_0=0.011455; ', 'bpp_0=6.093293; ', 'mse_1=0.000520; ', 'lpips_1=0.003386; ', 'codec_recon_1=0.065191; ', 'bpp_1=0.302262; ', 'mse_2=0.000449; ', 'lpips_2=0.003054; ', 'codec_recon_2=0.013402; ', 'bpp_2=0.292889; ']
train step[1207/2000] ; used: 27m:53s; eta: 18m:18s; loss = 0.119739; ['mse_0=0.001546; ', 'lpips_0=0.006738; ', 'codec_recon_0=0.011484; ', 'bpp_0=6.096981; ', 'mse_1=0.001138; ', 'lpips_1=0.006073; ', 'codec_recon_1=0.071714; ', 'bpp_1=0.301555; ', 'mse_2=0.001053; ', 'lpips_2=0.005809; ', 'codec_recon_2=0.014184; ', 'bpp_2=0.293308; ']
train step[1208/2000] ; used: 27m:54s; eta: 18m:17s; loss = 0.109960; ['mse_0=0.001755; ', 'lpips_0=0.005170; ', 'codec_recon_0=0.011413; ', 'bpp_0=6.102111; ', 'mse_1=0.001409; ', 'lpips_1=0.003988; ', 'codec_recon_1=0.068353; ', 'bpp_1=0.302549; ', 'mse_2=0.001183; ', 'lpips_2=0.003438; ', 'codec_recon_2=0.013251; ', 'bpp_2=0.293190; ']
train step[1209/2000] ; used: 27m:55s; eta: 18m:15s; loss = 0.127453; ['mse_0=0.003888; ', 'lpips_0=0.008460; ', 'codec_recon_0=0.012640; ', 'bpp_0=6.123351; ', 'mse_1=0.003421; ', 'lpips_1=0.007284; ', 'codec_recon_1=0.066985; ', 'bpp_1=0.304177; ', 'mse_2=0.003318; ', 'lpips_2=0.006555; ', 'codec_recon_2=0.014901; ', 'bpp_2=0.294323; ']
train step[1210/2000] ; used: 27m:56s; eta: 18m:13s; loss = 0.132836; ['mse_0=0.001626; ', 'lpips_0=0.004982; ', 'codec_recon_0=0.012595; ', 'bpp_0=6.167599; ', 'mse_1=0.001310; ', 'lpips_1=0.003834; ', 'codec_recon_1=0.085833; ', 'bpp_1=0.303023; ', 'mse_2=0.001262; ', 'lpips_2=0.003016; ', 'codec_recon_2=0.018380; ', 'bpp_2=0.295027; ']
train step[1211/2000] ; used: 27m:57s; eta: 18m:12s; loss = 0.119676; ['mse_0=0.001611; ', 'lpips_0=0.005661; ', 'codec_recon_0=0.012339; ', 'bpp_0=6.143935; ', 'mse_1=0.001400; ', 'lpips_1=0.004592; ', 'codec_recon_1=0.073130; ', 'bpp_1=0.303756; ', 'mse_2=0.001312; ', 'lpips_2=0.003954; ', 'codec_recon_2=0.015677; ', 'bpp_2=0.294230; ']
train step[1212/2000] ; used: 27m:59s; eta: 18m:10s; loss = 0.114326; ['mse_0=0.001029; ', 'lpips_0=0.005587; ', 'codec_recon_0=0.011676; ', 'bpp_0=6.111855; ', 'mse_1=0.000860; ', 'lpips_1=0.004614; ', 'codec_recon_1=0.070372; ', 'bpp_1=0.301438; ', 'mse_2=0.000724; ', 'lpips_2=0.003911; ', 'codec_recon_2=0.015553; ', 'bpp_2=0.294318; ']
train step[1213/2000] ; used: 28m; eta: 18m:9s; loss = 0.135371; ['mse_0=0.003785; ', 'lpips_0=0.006771; ', 'codec_recon_0=0.012416; ', 'bpp_0=6.120831; ', 'mse_1=0.003530; ', 'lpips_1=0.005365; ', 'codec_recon_1=0.078189; ', 'bpp_1=0.302124; ', 'mse_2=0.003484; ', 'lpips_2=0.004768; ', 'codec_recon_2=0.017062; ', 'bpp_2=0.294856; ']
train step[1214/2000] ; used: 28m:1s; eta: 18m:7s; loss = 0.182658; ['mse_0=0.003112; ', 'lpips_0=0.006271; ', 'codec_recon_0=0.014619; ', 'bpp_0=6.240154; ', 'mse_1=0.002507; ', 'lpips_1=0.004530; ', 'codec_recon_1=0.125900; ', 'bpp_1=0.304645; ', 'mse_2=0.002209; ', 'lpips_2=0.003357; ', 'codec_recon_2=0.020153; ', 'bpp_2=0.297542; ']
train step[1215/2000] ; used: 28m:2s; eta: 18m:6s; loss = 0.130495; ['mse_0=0.001131; ', 'lpips_0=0.004810; ', 'codec_recon_0=0.012184; ', 'bpp_0=6.159223; ', 'mse_1=0.000865; ', 'lpips_1=0.003569; ', 'codec_recon_1=0.085070; ', 'bpp_1=0.302974; ', 'mse_2=0.000779; ', 'lpips_2=0.002918; ', 'codec_recon_2=0.019170; ', 'bpp_2=0.294262; ']
train step[1216/2000] ; used: 28m:3s; eta: 18m:4s; loss = 0.157483; ['mse_0=0.002515; ', 'lpips_0=0.007309; ', 'codec_recon_0=0.013066; ', 'bpp_0=6.213802; ', 'mse_1=0.001996; ', 'lpips_1=0.005414; ', 'codec_recon_1=0.101651; ', 'bpp_1=0.305273; ', 'mse_2=0.001537; ', 'lpips_2=0.004006; ', 'codec_recon_2=0.019990; ', 'bpp_2=0.296422; ']
train step[1217/2000] ; used: 28m:4s; eta: 18m:2s; loss = 0.109560; ['mse_0=0.001166; ', 'lpips_0=0.005899; ', 'codec_recon_0=0.011337; ', 'bpp_0=6.117648; ', 'mse_1=0.000813; ', 'lpips_1=0.004401; ', 'codec_recon_1=0.066455; ', 'bpp_1=0.302671; ', 'mse_2=0.000731; ', 'lpips_2=0.003707; ', 'codec_recon_2=0.015052; ', 'bpp_2=0.293777; ']
train step[1218/2000] ; used: 28m:5s; eta: 18m:1s; loss = 0.100263; ['mse_0=0.000781; ', 'lpips_0=0.005252; ', 'codec_recon_0=0.010603; ', 'bpp_0=6.101446; ', 'mse_1=0.000515; ', 'lpips_1=0.003928; ', 'codec_recon_1=0.062732; ', 'bpp_1=0.302689; ', 'mse_2=0.000363; ', 'lpips_2=0.003039; ', 'codec_recon_2=0.013050; ', 'bpp_2=0.293093; ']
train step[1219/2000] ; used: 28m:6s; eta: 17m:59s; loss = 0.117452; ['mse_0=0.001343; ', 'lpips_0=0.005864; ', 'codec_recon_0=0.011810; ', 'bpp_0=6.146622; ', 'mse_1=0.001150; ', 'lpips_1=0.004699; ', 'codec_recon_1=0.071449; ', 'bpp_1=0.302925; ', 'mse_2=0.001081; ', 'lpips_2=0.004151; ', 'codec_recon_2=0.015905; ', 'bpp_2=0.294338; ']
train step[1220/2000] ; used: 28m:7s; eta: 17m:58s; loss = 0.111217; ['mse_0=0.001743; ', 'lpips_0=0.005251; ', 'codec_recon_0=0.010918; ', 'bpp_0=6.101887; ', 'mse_1=0.001371; ', 'lpips_1=0.004298; ', 'codec_recon_1=0.069496; ', 'bpp_1=0.301497; ', 'mse_2=0.001233; ', 'lpips_2=0.003764; ', 'codec_recon_2=0.013144; ', 'bpp_2=0.292719; ']
train step[1221/2000] ; used: 28m:8s; eta: 17m:56s; loss = 0.158808; ['mse_0=0.002839; ', 'lpips_0=0.005368; ', 'codec_recon_0=0.012456; ', 'bpp_0=6.174803; ', 'mse_1=0.001913; ', 'lpips_1=0.004010; ', 'codec_recon_1=0.106146; ', 'bpp_1=0.303445; ', 'mse_2=0.001525; ', 'lpips_2=0.003206; ', 'codec_recon_2=0.021346; ', 'bpp_2=0.294988; ']
train step[1222/2000] ; used: 28m:9s; eta: 17m:55s; loss = 0.143789; ['mse_0=0.001082; ', 'lpips_0=0.006193; ', 'codec_recon_0=0.013152; ', 'bpp_0=6.203796; ', 'mse_1=0.000894; ', 'lpips_1=0.004347; ', 'codec_recon_1=0.093564; ', 'bpp_1=0.303920; ', 'mse_2=0.000727; ', 'lpips_2=0.003527; ', 'codec_recon_2=0.020302; ', 'bpp_2=0.296651; ']
train step[1223/2000] ; used: 28m:11s; eta: 17m:53s; loss = 0.120125; ['mse_0=0.001272; ', 'lpips_0=0.005201; ', 'codec_recon_0=0.012951; ', 'bpp_0=6.155206; ', 'mse_1=0.000945; ', 'lpips_1=0.003873; ', 'codec_recon_1=0.075500; ', 'bpp_1=0.304345; ', 'mse_2=0.000872; ', 'lpips_2=0.003208; ', 'codec_recon_2=0.016302; ', 'bpp_2=0.295221; ']
train step[1224/2000] ; used: 28m:12s; eta: 17m:51s; loss = 0.120374; ['mse_0=0.001056; ', 'lpips_0=0.004674; ', 'codec_recon_0=0.012410; ', 'bpp_0=6.118325; ', 'mse_1=0.000803; ', 'lpips_1=0.003625; ', 'codec_recon_1=0.078556; ', 'bpp_1=0.302704; ', 'mse_2=0.000683; ', 'lpips_2=0.003109; ', 'codec_recon_2=0.015457; ', 'bpp_2=0.293831; ']
train step[1225/2000] ; used: 28m:13s; eta: 17m:50s; loss = 0.115256; ['mse_0=0.001880; ', 'lpips_0=0.005275; ', 'codec_recon_0=0.011299; ', 'bpp_0=6.099699; ', 'mse_1=0.001586; ', 'lpips_1=0.004242; ', 'codec_recon_1=0.070893; ', 'bpp_1=0.301623; ', 'mse_2=0.001504; ', 'lpips_2=0.003717; ', 'codec_recon_2=0.014860; ', 'bpp_2=0.292904; ']
train step[1226/2000] ; used: 28m:14s; eta: 17m:48s; loss = 0.104775; ['mse_0=0.001255; ', 'lpips_0=0.005172; ', 'codec_recon_0=0.010429; ', 'bpp_0=6.100650; ', 'mse_1=0.001013; ', 'lpips_1=0.003857; ', 'codec_recon_1=0.064912; ', 'bpp_1=0.302344; ', 'mse_2=0.000918; ', 'lpips_2=0.003279; ', 'codec_recon_2=0.013939; ', 'bpp_2=0.293265; ']
train step[1227/2000] ; used: 28m:15s; eta: 17m:47s; loss = 0.136099; ['mse_0=0.003351; ', 'lpips_0=0.006237; ', 'codec_recon_0=0.012254; ', 'bpp_0=6.175121; ', 'mse_1=0.002958; ', 'lpips_1=0.005157; ', 'codec_recon_1=0.082628; ', 'bpp_1=0.304158; ', 'mse_2=0.002959; ', 'lpips_2=0.004393; ', 'codec_recon_2=0.016160; ', 'bpp_2=0.295523; ']
train step[1228/2000] ; used: 28m:16s; eta: 17m:45s; loss = 0.107765; ['mse_0=0.001302; ', 'lpips_0=0.005753; ', 'codec_recon_0=0.011080; ', 'bpp_0=6.066391; ', 'mse_1=0.001084; ', 'lpips_1=0.004932; ', 'codec_recon_1=0.064394; ', 'bpp_1=0.301150; ', 'mse_2=0.000969; ', 'lpips_2=0.004532; ', 'codec_recon_2=0.013718; ', 'bpp_2=0.292857; ']
train step[1229/2000] ; used: 28m:17s; eta: 17m:44s; loss = 0.166147; ['mse_0=0.001478; ', 'lpips_0=0.006926; ', 'codec_recon_0=0.012834; ', 'bpp_0=6.227267; ', 'mse_1=0.001114; ', 'lpips_1=0.005125; ', 'codec_recon_1=0.112990; ', 'bpp_1=0.305476; ', 'mse_2=0.000903; ', 'lpips_2=0.003953; ', 'codec_recon_2=0.020824; ', 'bpp_2=0.297455; ']
train step[1230/2000] ; used: 28m:18s; eta: 17m:42s; loss = 0.114041; ['mse_0=0.002208; ', 'lpips_0=0.005340; ', 'codec_recon_0=0.011113; ', 'bpp_0=6.116607; ', 'mse_1=0.001961; ', 'lpips_1=0.004419; ', 'codec_recon_1=0.068615; ', 'bpp_1=0.303710; ', 'mse_2=0.001894; ', 'lpips_2=0.003747; ', 'codec_recon_2=0.014744; ', 'bpp_2=0.293990; ']
train step[1231/2000] ; used: 28m:19s; eta: 17m:40s; loss = 0.126122; ['mse_0=0.001135; ', 'lpips_0=0.004568; ', 'codec_recon_0=0.011040; ', 'bpp_0=6.186165; ', 'mse_1=0.001011; ', 'lpips_1=0.003659; ', 'codec_recon_1=0.085042; ', 'bpp_1=0.302793; ', 'mse_2=0.000900; ', 'lpips_2=0.003210; ', 'codec_recon_2=0.015557; ', 'bpp_2=0.294580; ']
train step[1232/2000] ; used: 28m:20s; eta: 17m:39s; loss = 0.154140; ['mse_0=0.002719; ', 'lpips_0=0.007662; ', 'codec_recon_0=0.012776; ', 'bpp_0=6.194096; ', 'mse_1=0.002371; ', 'lpips_1=0.006758; ', 'codec_recon_1=0.092988; ', 'bpp_1=0.303994; ', 'mse_2=0.002184; ', 'lpips_2=0.006123; ', 'codec_recon_2=0.020559; ', 'bpp_2=0.296436; ']
train step[1233/2000] ; used: 28m:21s; eta: 17m:37s; loss = 0.137639; ['mse_0=0.001527; ', 'lpips_0=0.004974; ', 'codec_recon_0=0.012101; ', 'bpp_0=6.171063; ', 'mse_1=0.001269; ', 'lpips_1=0.004060; ', 'codec_recon_1=0.092191; ', 'bpp_1=0.304188; ', 'mse_2=0.001075; ', 'lpips_2=0.003492; ', 'codec_recon_2=0.016951; ', 'bpp_2=0.295801; ']
train step[1234/2000] ; used: 28m:22s; eta: 17m:36s; loss = 0.100298; ['mse_0=0.001388; ', 'lpips_0=0.004989; ', 'codec_recon_0=0.010939; ', 'bpp_0=6.052471; ', 'mse_1=0.001261; ', 'lpips_1=0.004096; ', 'codec_recon_1=0.058790; ', 'bpp_1=0.299796; ', 'mse_2=0.001260; ', 'lpips_2=0.003663; ', 'codec_recon_2=0.013911; ', 'bpp_2=0.290047; ']
train step[1235/2000] ; used: 28m:24s; eta: 17m:34s; loss = 0.153897; ['mse_0=0.002753; ', 'lpips_0=0.007697; ', 'codec_recon_0=0.012624; ', 'bpp_0=6.170593; ', 'mse_1=0.002536; ', 'lpips_1=0.006555; ', 'codec_recon_1=0.091618; ', 'bpp_1=0.304237; ', 'mse_2=0.002433; ', 'lpips_2=0.005876; ', 'codec_recon_2=0.021806; ', 'bpp_2=0.295200; ']
train step[1236/2000] ; used: 28m:25s; eta: 17m:33s; loss = 0.120649; ['mse_0=0.001175; ', 'lpips_0=0.006172; ', 'codec_recon_0=0.011126; ', 'bpp_0=6.176048; ', 'mse_1=0.000983; ', 'lpips_1=0.005171; ', 'codec_recon_1=0.075256; ', 'bpp_1=0.302981; ', 'mse_2=0.000891; ', 'lpips_2=0.004536; ', 'codec_recon_2=0.015340; ', 'bpp_2=0.295153; ']
train step[1237/2000] ; used: 28m:26s; eta: 17m:31s; loss = 0.157613; ['mse_0=0.001660; ', 'lpips_0=0.006616; ', 'codec_recon_0=0.012049; ', 'bpp_0=6.194002; ', 'mse_1=0.001355; ', 'lpips_1=0.005557; ', 'codec_recon_1=0.102428; ', 'bpp_1=0.304711; ', 'mse_2=0.001025; ', 'lpips_2=0.004398; ', 'codec_recon_2=0.022524; ', 'bpp_2=0.295712; ']
train step[1238/2000] ; used: 28m:27s; eta: 17m:30s; loss = 0.193971; ['mse_0=0.003961; ', 'lpips_0=0.008535; ', 'codec_recon_0=0.014323; ', 'bpp_0=6.227047; ', 'mse_1=0.003366; ', 'lpips_1=0.006943; ', 'codec_recon_1=0.125190; ', 'bpp_1=0.304848; ', 'mse_2=0.002914; ', 'lpips_2=0.005589; ', 'codec_recon_2=0.023149; ', 'bpp_2=0.296786; ']
train step[1239/2000] ; used: 28m:28s; eta: 17m:28s; loss = 0.202999; ['mse_0=0.003181; ', 'lpips_0=0.009616; ', 'codec_recon_0=0.013616; ', 'bpp_0=6.199772; ', 'mse_1=0.002745; ', 'lpips_1=0.008210; ', 'codec_recon_1=0.125639; ', 'bpp_1=0.304164; ', 'mse_2=0.002624; ', 'lpips_2=0.006949; ', 'codec_recon_2=0.030420; ', 'bpp_2=0.296376; ']
train step[1240/2000] ; used: 28m:29s; eta: 17m:27s; loss = 0.112507; ['mse_0=0.001564; ', 'lpips_0=0.004918; ', 'codec_recon_0=0.010689; ', 'bpp_0=6.125881; ', 'mse_1=0.001123; ', 'lpips_1=0.003769; ', 'codec_recon_1=0.070766; ', 'bpp_1=0.301548; ', 'mse_2=0.001031; ', 'lpips_2=0.003219; ', 'codec_recon_2=0.015428; ', 'bpp_2=0.293599; ']
train step[1241/2000] ; used: 28m:31s; eta: 17m:25s; loss = 0.153322; ['mse_0=0.002663; ', 'lpips_0=0.008284; ', 'codec_recon_0=0.012782; ', 'bpp_0=6.180764; ', 'mse_1=0.002375; ', 'lpips_1=0.007277; ', 'codec_recon_1=0.090547; ', 'bpp_1=0.304667; ', 'mse_2=0.002225; ', 'lpips_2=0.006597; ', 'codec_recon_2=0.020571; ', 'bpp_2=0.296576; ']
train step[1242/2000] ; used: 28m:32s; eta: 17m:24s; loss = 0.125531; ['mse_0=0.002254; ', 'lpips_0=0.006343; ', 'codec_recon_0=0.011405; ', 'bpp_0=6.116107; ', 'mse_1=0.001916; ', 'lpips_1=0.005256; ', 'codec_recon_1=0.075158; ', 'bpp_1=0.303358; ', 'mse_2=0.001787; ', 'lpips_2=0.004554; ', 'codec_recon_2=0.016857; ', 'bpp_2=0.294569; ']
train step[1243/2000] ; used: 28m:33s; eta: 17m:22s; loss = 0.143530; ['mse_0=0.001616; ', 'lpips_0=0.006902; ', 'codec_recon_0=0.011690; ', 'bpp_0=6.165121; ', 'mse_1=0.001262; ', 'lpips_1=0.005570; ', 'codec_recon_1=0.089417; ', 'bpp_1=0.303822; ', 'mse_2=0.001163; ', 'lpips_2=0.004921; ', 'codec_recon_2=0.020989; ', 'bpp_2=0.294941; ']
train step[1244/2000] ; used: 28m:34s; eta: 17m:21s; loss = 0.100460; ['mse_0=0.000981; ', 'lpips_0=0.005196; ', 'codec_recon_0=0.010947; ', 'bpp_0=6.048989; ', 'mse_1=0.000798; ', 'lpips_1=0.004190; ', 'codec_recon_1=0.060130; ', 'bpp_1=0.301621; ', 'mse_2=0.000713; ', 'lpips_2=0.003675; ', 'codec_recon_2=0.013829; ', 'bpp_2=0.290920; ']
train step[1245/2000] ; used: 28m:36s; eta: 17m:19s; loss = 0.100138; ['mse_0=0.001531; ', 'lpips_0=0.005564; ', 'codec_recon_0=0.010437; ', 'bpp_0=6.095051; ', 'mse_1=0.001405; ', 'lpips_1=0.004688; ', 'codec_recon_1=0.057579; ', 'bpp_1=0.303102; ', 'mse_2=0.001323; ', 'lpips_2=0.004279; ', 'codec_recon_2=0.013332; ', 'bpp_2=0.294002; ']
train step[1246/2000] ; used: 28m:37s; eta: 17m:18s; loss = 0.129149; ['mse_0=0.004026; ', 'lpips_0=0.005589; ', 'codec_recon_0=0.012041; ', 'bpp_0=6.124515; ', 'mse_1=0.003386; ', 'lpips_1=0.004581; ', 'codec_recon_1=0.075511; ', 'bpp_1=0.303698; ', 'mse_2=0.003259; ', 'lpips_2=0.004080; ', 'codec_recon_2=0.016674; ', 'bpp_2=0.294651; ']
train step[1247/2000] ; used: 28m:38s; eta: 17m:16s; loss = 0.125539; ['mse_0=0.001656; ', 'lpips_0=0.004899; ', 'codec_recon_0=0.011029; ', 'bpp_0=6.157079; ', 'mse_1=0.001190; ', 'lpips_1=0.003714; ', 'codec_recon_1=0.083014; ', 'bpp_1=0.304260; ', 'mse_2=0.000908; ', 'lpips_2=0.002962; ', 'codec_recon_2=0.016169; ', 'bpp_2=0.295207; ']
train step[1248/2000] ; used: 28m:39s; eta: 17m:15s; loss = 0.128748; ['mse_0=0.001430; ', 'lpips_0=0.005450; ', 'codec_recon_0=0.011791; ', 'bpp_0=6.172488; ', 'mse_1=0.001064; ', 'lpips_1=0.004437; ', 'codec_recon_1=0.081883; ', 'bpp_1=0.304553; ', 'mse_2=0.000843; ', 'lpips_2=0.003591; ', 'codec_recon_2=0.018259; ', 'bpp_2=0.296713; ']
train step[1249/2000] ; used: 28m:40s; eta: 17m:13s; loss = 0.142379; ['mse_0=0.001983; ', 'lpips_0=0.005989; ', 'codec_recon_0=0.011970; ', 'bpp_0=6.147370; ', 'mse_1=0.001532; ', 'lpips_1=0.004908; ', 'codec_recon_1=0.090256; ', 'bpp_1=0.303209; ', 'mse_2=0.001106; ', 'lpips_2=0.003480; ', 'codec_recon_2=0.021154; ', 'bpp_2=0.295667; ']
validation step on 1250 1/100; scene = ['5aca87f95a9412c6']; context = [[58, 133]]
validation step on 1250 2/100; scene = ['bc95e5c7e357f1b7']; context = [[35, 91]]
validation step on 1250 3/100; scene = ['34b0658a5c200cdf']; context = [[0, 70]]
validation step on 1250 4/100; scene = ['28e8300e004ab30b']; context = [[3, 68]]
validation step on 1250 5/100; scene = ['6558c5f10d45a929']; context = [[43, 160]]
validation step on 1250 6/100; scene = ['89ea49cd9865aeff']; context = [[31, 81]]
validation step on 1250 7/100; scene = ['ed477bdf8582adff']; context = [[40, 85]]
validation step on 1250 8/100; scene = ['57d3409bf04c4651']; context = [[0, 45]]
validation step on 1250 9/100; scene = ['aadc1e2dc74fd644']; context = [[2, 52]]
validation step on 1250 10/100; scene = ['cd74b1244d112628']; context = [[63, 110]]
validation step on 1250 11/100; scene = ['57d25dafabb5a238']; context = [[32, 104]]
validation step on 1250 12/100; scene = ['e4f4574df7938f37']; context = [[0, 115]]
validation step on 1250 13/100; scene = ['20d86cff490c0c42']; context = [[18, 69]]
validation step on 1250 14/100; scene = ['0c4c5d5f751aabf5']; context = [[12, 57]]
validation step on 1250 15/100; scene = ['fea544b472e9abd1']; context = [[12, 93]]
validation step on 1250 16/100; scene = ['656381bea665bf3d']; context = [[27, 75]]
validation step on 1250 17/100; scene = ['322261824c4a3003']; context = [[33, 78]]
validation step on 1250 18/100; scene = ['f7c0fa5b81552d35']; context = [[11, 64]]
validation step on 1250 19/100; scene = ['a56ba2efb5e3fdd9']; context = [[33, 92]]
validation step on 1250 20/100; scene = ['c48f19e2ffa52523']; context = [[195, 264]]
validation step on 1250 21/100; scene = ['1214f2a11a9fc1ed']; context = [[103, 215]]
validation step on 1250 22/100; scene = ['a9b3ff60b213e099']; context = [[32, 96]]
validation step on 1250 23/100; scene = ['a6fa92e8204f6118']; context = [[2, 66]]
validation step on 1250 24/100; scene = ['21e794f71e31becb']; context = [[72, 180]]
validation step on 1250 25/100; scene = ['f7d916b43193c181']; context = [[7, 61]]
validation step on 1250 26/100; scene = ['84ab392d682f296b']; context = [[43, 120]]
validation step on 1250 27/100; scene = ['6771a51bf0cfce7f']; context = [[152, 199]]
validation step on 1250 28/100; scene = ['17d9303ee77c3a3d']; context = [[17, 63]]
validation step on 1250 29/100; scene = ['ffa95c3b40609c76']; context = [[120, 213]]
validation step on 1250 30/100; scene = ['a47b88040452d7d9']; context = [[35, 97]]
validation step on 1250 31/100; scene = ['0d4de33c6888a754']; context = [[2, 57]]
validation step on 1250 32/100; scene = ['41bcd011f99bfb66']; context = [[4, 50]]
validation step on 1250 33/100; scene = ['67a69088a2695987']; context = [[6, 86]]
validation step on 1250 34/100; scene = ['b4099665590548fc']; context = [[23, 74]]
validation step on 1250 35/100; scene = ['9e2a8cc5f32dd46b']; context = [[75, 151]]
validation step on 1250 36/100; scene = ['2e109379f53bb221']; context = [[35, 108]]
validation step on 1250 37/100; scene = ['8adebbb68f2c3f84']; context = [[72, 131]]
validation step on 1250 38/100; scene = ['29e0bfbad00f0d5e']; context = [[8, 100]]
validation step on 1250 39/100; scene = ['debc3490ba0bd84b']; context = [[34, 81]]
validation step on 1250 40/100; scene = ['7c7bc5285126e6ad']; context = [[64, 126]]
validation step on 1250 41/100; scene = ['cdf439b17a6a98d4']; context = [[31, 77]]
validation step on 1250 42/100; scene = ['cb38d67088b66084']; context = [[49, 106]]
validation step on 1250 43/100; scene = ['2da2eeb966bc0ef8']; context = [[30, 94]]
validation step on 1250 44/100; scene = ['bb4d7012261ee0ed']; context = [[0, 46]]
validation step on 1250 45/100; scene = ['9e1f1beb4ba8e5da']; context = [[9, 73]]
validation step on 1250 46/100; scene = ['26b31d71789bffad']; context = [[3, 57]]
validation step on 1250 47/100; scene = ['41abd737e0228c1a']; context = [[81, 127]]
validation step on 1250 48/100; scene = ['ed0c2aca14b99efa']; context = [[62, 119]]
validation step on 1250 49/100; scene = ['8d5163de9ea4d851']; context = [[39, 85]]
validation step on 1250 50/100; scene = ['81be42df6ccae760']; context = [[13, 107]]
validation step on 1250 51/100; scene = ['6fe141ec9be1a432']; context = [[12, 73]]
validation step on 1250 52/100; scene = ['3b6d8db52c54b174']; context = [[0, 80]]
validation step on 1250 53/100; scene = ['3087828bc27bc4c7']; context = [[15, 96]]
validation step on 1250 54/100; scene = ['e124dfa7e996a414']; context = [[48, 93]]
validation step on 1250 55/100; scene = ['e1afd89a69ee6947']; context = [[34, 113]]
validation step on 1250 56/100; scene = ['79ce50fb7b021e1d']; context = [[212, 278]]
validation step on 1250 57/100; scene = ['358bdee988c269ef']; context = [[3, 95]]
validation step on 1250 58/100; scene = ['f14791aec34dbdcd']; context = [[5, 59]]
validation step on 1250 59/100; scene = ['0c52996355b23d76']; context = [[51, 111]]
validation step on 1250 60/100; scene = ['62bcb465bb03d34f']; context = [[6, 84]]
validation step on 1250 61/100; scene = ['1f0e06e4388dd600']; context = [[44, 96]]
validation step on 1250 62/100; scene = ['c9c30723d7c54793']; context = [[152, 247]]
validation step on 1250 63/100; scene = ['8b212f2755d955ec']; context = [[40, 110]]
validation step on 1250 64/100; scene = ['de67e3a0b0648cfe']; context = [[16, 72]]
validation step on 1250 65/100; scene = ['54841308aff91857']; context = [[27, 86]]
validation step on 1250 66/100; scene = ['40ca76de44a6e1a9']; context = [[43, 107]]
validation step on 1250 67/100; scene = ['bc143130c1842e4b']; context = [[29, 133]]
validation step on 1250 68/100; scene = ['912177dbf0a1ed6c']; context = [[3, 60]]
validation step on 1250 69/100; scene = ['afe4e799a94e06b3']; context = [[54, 150]]
validation step on 1250 70/100; scene = ['17f552ef56d85c55']; context = [[20, 86]]
validation step on 1250 71/100; scene = ['a7c691c210154b09']; context = [[0, 50]]
validation step on 1250 72/100; scene = ['9490f1219dbbb6ce']; context = [[17, 72]]
validation step on 1250 73/100; scene = ['154365ab5a4e067b']; context = [[2, 48]]
validation step on 1250 74/100; scene = ['ab4c269f8d523d02']; context = [[18, 72]]
validation step on 1250 75/100; scene = ['75d475e9558ab806']; context = [[1, 46]]
validation step on 1250 76/100; scene = ['fdaab1f49851782c']; context = [[31, 142]]
validation step on 1250 77/100; scene = ['2d4efa3897a4ba2d']; context = [[4, 58]]
validation step on 1250 78/100; scene = ['14f477e7d5af5b91']; context = [[17, 72]]
validation step on 1250 79/100; scene = ['de45926738229f67']; context = [[22, 84]]
validation step on 1250 80/100; scene = ['5c909c802eb6edb1']; context = [[13, 78]]
validation step on 1250 81/100; scene = ['aa91dfdd5f4ad32b']; context = [[8, 57]]
validation step on 1250 82/100; scene = ['88d9ba3324f2ec21']; context = [[2, 49]]
validation step on 1250 83/100; scene = ['622ef98e83ed5239']; context = [[3, 66]]
validation step on 1250 84/100; scene = ['30fc5fc78c5a716e']; context = [[151, 210]]
validation step on 1250 85/100; scene = ['8b760ac05c93a6bb']; context = [[26, 72]]
validation step on 1250 86/100; scene = ['800ea72b6988f63e']; context = [[141, 190]]
validation step on 1250 87/100; scene = ['674dabef8f53b566']; context = [[9, 91]]
validation step on 1250 88/100; scene = ['d3a01038c5f21473']; context = [[139, 273]]
validation step on 1250 89/100; scene = ['3e5f747d06bc84a3']; context = [[85, 190]]
validation step on 1250 90/100; scene = ['bb6fa5bdafc14e8c']; context = [[43, 139]]
validation step on 1250 91/100; scene = ['052430ff6e2c07c4']; context = [[19, 92]]
validation step on 1250 92/100; scene = ['0588138dfec165a1']; context = [[70, 160]]
validation step on 1250 93/100; scene = ['e4bcb18fa6aa91be']; context = [[32, 79]]
validation step on 1250 94/100; scene = ['4c4fa41951e37e78']; context = [[8, 60]]
validation step on 1250 95/100; scene = ['252a24d25a1ea81d']; context = [[198, 263]]
validation step on 1250 96/100; scene = ['214df1c2863d2959']; context = [[45, 96]]
validation step on 1250 97/100; scene = ['bfd27ad72975e120']; context = [[8, 55]]
validation step on 1250 98/100; scene = ['572acd18419c3456']; context = [[3, 62]]
validation step on 1250 99/100; scene = ['b26e6c80d283c4c8']; context = [[46, 92]]
validation step on 1250 100/100; scene = ['10c8e54590f715f7']; context = [[6, 76]]
train step[1250/2000] ; used: 29m:38s; eta: 17m:46s; loss = 0.141758; ['mse_0=0.004673; ', 'lpips_0=0.007542; ', 'codec_recon_0=0.010228; ', 'bpp_0=6.108260; ', 'mse_1=0.004056; ', 'lpips_1=0.006509; ', 'codec_recon_1=0.083092; ', 'bpp_1=0.302002; ', 'mse_2=0.003064; ', 'lpips_2=0.004574; ', 'codec_recon_2=0.018020; ', 'bpp_2=0.293547; ']
train step[1251/2000] ; used: 29m:40s; eta: 17m:44s; loss = 0.104228; ['mse_0=0.001770; ', 'lpips_0=0.005007; ', 'codec_recon_0=0.009975; ', 'bpp_0=6.103298; ', 'mse_1=0.001520; ', 'lpips_1=0.003961; ', 'codec_recon_1=0.063532; ', 'bpp_1=0.302721; ', 'mse_2=0.001476; ', 'lpips_2=0.003391; ', 'codec_recon_2=0.013594; ', 'bpp_2=0.293308; ']
train step[1252/2000] ; used: 29m:41s; eta: 17m:43s; loss = 0.120217; ['mse_0=0.001682; ', 'lpips_0=0.005253; ', 'codec_recon_0=0.011638; ', 'bpp_0=6.107054; ', 'mse_1=0.001258; ', 'lpips_1=0.004305; ', 'codec_recon_1=0.076187; ', 'bpp_1=0.301947; ', 'mse_2=0.001043; ', 'lpips_2=0.003734; ', 'codec_recon_2=0.015118; ', 'bpp_2=0.292931; ']
train step[1253/2000] ; used: 29m:42s; eta: 17m:41s; loss = 0.141454; ['mse_0=0.002152; ', 'lpips_0=0.006100; ', 'codec_recon_0=0.012147; ', 'bpp_0=6.158055; ', 'mse_1=0.001762; ', 'lpips_1=0.004911; ', 'codec_recon_1=0.090188; ', 'bpp_1=0.302487; ', 'mse_2=0.001402; ', 'lpips_2=0.003446; ', 'codec_recon_2=0.019346; ', 'bpp_2=0.294588; ']
train step[1254/2000] ; used: 29m:43s; eta: 17m:40s; loss = 0.114507; ['mse_0=0.001370; ', 'lpips_0=0.006735; ', 'codec_recon_0=0.010538; ', 'bpp_0=6.131153; ', 'mse_1=0.001085; ', 'lpips_1=0.005769; ', 'codec_recon_1=0.068422; ', 'bpp_1=0.303193; ', 'mse_2=0.001024; ', 'lpips_2=0.005434; ', 'codec_recon_2=0.014130; ', 'bpp_2=0.293554; ']
train step[1255/2000] ; used: 29m:44s; eta: 17m:38s; loss = 0.173115; ['mse_0=0.002548; ', 'lpips_0=0.005834; ', 'codec_recon_0=0.012763; ', 'bpp_0=6.218319; ', 'mse_1=0.002009; ', 'lpips_1=0.004665; ', 'codec_recon_1=0.118723; ', 'bpp_1=0.304357; ', 'mse_2=0.001658; ', 'lpips_2=0.003575; ', 'codec_recon_2=0.021339; ', 'bpp_2=0.297326; ']
train step[1256/2000] ; used: 29m:45s; eta: 17m:36s; loss = 0.164182; ['mse_0=0.002844; ', 'lpips_0=0.008230; ', 'codec_recon_0=0.012755; ', 'bpp_0=6.149844; ', 'mse_1=0.002360; ', 'lpips_1=0.006999; ', 'codec_recon_1=0.102261; ', 'bpp_1=0.302088; ', 'mse_2=0.002163; ', 'lpips_2=0.006195; ', 'codec_recon_2=0.020375; ', 'bpp_2=0.294758; ']
train step[1257/2000] ; used: 29m:46s; eta: 17m:35s; loss = 0.119557; ['mse_0=0.001514; ', 'lpips_0=0.006154; ', 'codec_recon_0=0.011503; ', 'bpp_0=6.129519; ', 'mse_1=0.001299; ', 'lpips_1=0.005024; ', 'codec_recon_1=0.072690; ', 'bpp_1=0.302472; ', 'mse_2=0.001226; ', 'lpips_2=0.004422; ', 'codec_recon_2=0.015725; ', 'bpp_2=0.294112; ']
train step[1258/2000] ; used: 29m:47s; eta: 17m:33s; loss = 0.108248; ['mse_0=0.001570; ', 'lpips_0=0.006356; ', 'codec_recon_0=0.009525; ', 'bpp_0=6.097337; ', 'mse_1=0.001382; ', 'lpips_1=0.005369; ', 'codec_recon_1=0.064494; ', 'bpp_1=0.302069; ', 'mse_2=0.001349; ', 'lpips_2=0.005074; ', 'codec_recon_2=0.013129; ', 'bpp_2=0.293241; ']
train step[1259/2000] ; used: 29m:48s; eta: 17m:32s; loss = 0.163295; ['mse_0=0.003498; ', 'lpips_0=0.007847; ', 'codec_recon_0=0.012004; ', 'bpp_0=6.196285; ', 'mse_1=0.003280; ', 'lpips_1=0.006482; ', 'codec_recon_1=0.101526; ', 'bpp_1=0.304452; ', 'mse_2=0.003171; ', 'lpips_2=0.005815; ', 'codec_recon_2=0.019672; ', 'bpp_2=0.296221; ']
train step[1260/2000] ; used: 29m:49s; eta: 17m:30s; loss = 0.117390; ['mse_0=0.001521; ', 'lpips_0=0.005752; ', 'codec_recon_0=0.010718; ', 'bpp_0=6.157019; ', 'mse_1=0.001266; ', 'lpips_1=0.004511; ', 'codec_recon_1=0.073578; ', 'bpp_1=0.303339; ', 'mse_2=0.001176; ', 'lpips_2=0.003963; ', 'codec_recon_2=0.014905; ', 'bpp_2=0.294299; ']
train step[1261/2000] ; used: 29m:51s; eta: 17m:28s; loss = 0.115856; ['mse_0=0.002765; ', 'lpips_0=0.006427; ', 'codec_recon_0=0.010273; ', 'bpp_0=6.121527; ', 'mse_1=0.002455; ', 'lpips_1=0.005462; ', 'codec_recon_1=0.066886; ', 'bpp_1=0.301076; ', 'mse_2=0.002454; ', 'lpips_2=0.005071; ', 'codec_recon_2=0.014062; ', 'bpp_2=0.293175; ']
train step[1262/2000] ; used: 29m:52s; eta: 17m:27s; loss = 0.138601; ['mse_0=0.001917; ', 'lpips_0=0.007876; ', 'codec_recon_0=0.010956; ', 'bpp_0=6.127162; ', 'mse_1=0.001630; ', 'lpips_1=0.006423; ', 'codec_recon_1=0.085019; ', 'bpp_1=0.302231; ', 'mse_2=0.001502; ', 'lpips_2=0.005352; ', 'codec_recon_2=0.017926; ', 'bpp_2=0.292988; ']
train step[1263/2000] ; used: 29m:53s; eta: 17m:25s; loss = 0.113856; ['mse_0=0.000799; ', 'lpips_0=0.005338; ', 'codec_recon_0=0.011259; ', 'bpp_0=6.137474; ', 'mse_1=0.000596; ', 'lpips_1=0.004341; ', 'codec_recon_1=0.072126; ', 'bpp_1=0.304228; ', 'mse_2=0.000562; ', 'lpips_2=0.003799; ', 'codec_recon_2=0.015035; ', 'bpp_2=0.294049; ']
train step[1264/2000] ; used: 29m:54s; eta: 17m:24s; loss = 0.111727; ['mse_0=0.003089; ', 'lpips_0=0.005597; ', 'codec_recon_0=0.009995; ', 'bpp_0=6.068913; ', 'mse_1=0.002660; ', 'lpips_1=0.004693; ', 'codec_recon_1=0.066200; ', 'bpp_1=0.301223; ', 'mse_2=0.002537; ', 'lpips_2=0.004099; ', 'codec_recon_2=0.012857; ', 'bpp_2=0.291771; ']
train step[1265/2000] ; used: 29m:55s; eta: 17m:22s; loss = 0.157465; ['mse_0=0.002180; ', 'lpips_0=0.007504; ', 'codec_recon_0=0.012606; ', 'bpp_0=6.161393; ', 'mse_1=0.001720; ', 'lpips_1=0.006037; ', 'codec_recon_1=0.099927; ', 'bpp_1=0.303488; ', 'mse_2=0.001358; ', 'lpips_2=0.004896; ', 'codec_recon_2=0.021238; ', 'bpp_2=0.296080; ']
train step[1266/2000] ; used: 29m:56s; eta: 17m:20s; loss = 0.126357; ['mse_0=0.001376; ', 'lpips_0=0.004931; ', 'codec_recon_0=0.010922; ', 'bpp_0=6.122159; ', 'mse_1=0.001002; ', 'lpips_1=0.003933; ', 'codec_recon_1=0.082777; ', 'bpp_1=0.303692; ', 'mse_2=0.000853; ', 'lpips_2=0.003237; ', 'codec_recon_2=0.017326; ', 'bpp_2=0.293794; ']
train step[1267/2000] ; used: 29m:57s; eta: 17m:19s; loss = 0.110562; ['mse_0=0.001203; ', 'lpips_0=0.004622; ', 'codec_recon_0=0.009756; ', 'bpp_0=6.094483; ', 'mse_1=0.000956; ', 'lpips_1=0.003389; ', 'codec_recon_1=0.071876; ', 'bpp_1=0.301333; ', 'mse_2=0.000851; ', 'lpips_2=0.002882; ', 'codec_recon_2=0.015027; ', 'bpp_2=0.291708; ']
train step[1268/2000] ; used: 29m:58s; eta: 17m:17s; loss = 0.148752; ['mse_0=0.003394; ', 'lpips_0=0.007399; ', 'codec_recon_0=0.012235; ', 'bpp_0=6.178274; ', 'mse_1=0.002951; ', 'lpips_1=0.006314; ', 'codec_recon_1=0.088546; ', 'bpp_1=0.305025; ', 'mse_2=0.002610; ', 'lpips_2=0.005363; ', 'codec_recon_2=0.019940; ', 'bpp_2=0.296609; ']
train step[1269/2000] ; used: 29m:59s; eta: 17m:16s; loss = 0.157574; ['mse_0=0.002473; ', 'lpips_0=0.007591; ', 'codec_recon_0=0.011991; ', 'bpp_0=6.183649; ', 'mse_1=0.001985; ', 'lpips_1=0.006421; ', 'codec_recon_1=0.096982; ', 'bpp_1=0.304554; ', 'mse_2=0.001688; ', 'lpips_2=0.005512; ', 'codec_recon_2=0.022930; ', 'bpp_2=0.295899; ']
train step[1270/2000] ; used: 30m; eta: 17m:14s; loss = 0.115696; ['mse_0=0.002805; ', 'lpips_0=0.007193; ', 'codec_recon_0=0.010053; ', 'bpp_0=6.087980; ', 'mse_1=0.002586; ', 'lpips_1=0.006255; ', 'codec_recon_1=0.065427; ', 'bpp_1=0.300510; ', 'mse_2=0.002486; ', 'lpips_2=0.005674; ', 'codec_recon_2=0.013217; ', 'bpp_2=0.291908; ']
train step[1271/2000] ; used: 30m:2s; eta: 17m:12s; loss = 0.109277; ['mse_0=0.001088; ', 'lpips_0=0.005490; ', 'codec_recon_0=0.010233; ', 'bpp_0=6.070168; ', 'mse_1=0.000921; ', 'lpips_1=0.004457; ', 'codec_recon_1=0.067318; ', 'bpp_1=0.300883; ', 'mse_2=0.000865; ', 'lpips_2=0.004066; ', 'codec_recon_2=0.014839; ', 'bpp_2=0.291868; ']
train step[1272/2000] ; used: 30m:3s; eta: 17m:11s; loss = 0.101322; ['mse_0=0.002846; ', 'lpips_0=0.006458; ', 'codec_recon_0=0.009699; ', 'bpp_0=6.077503; ', 'mse_1=0.002510; ', 'lpips_1=0.005461; ', 'codec_recon_1=0.054440; ', 'bpp_1=0.301753; ', 'mse_2=0.002453; ', 'lpips_2=0.005047; ', 'codec_recon_2=0.012409; ', 'bpp_2=0.292871; ']
train step[1273/2000] ; used: 30m:4s; eta: 17m:9s; loss = 0.108820; ['mse_0=0.001177; ', 'lpips_0=0.005287; ', 'codec_recon_0=0.010795; ', 'bpp_0=6.079091; ', 'mse_1=0.000950; ', 'lpips_1=0.004311; ', 'codec_recon_1=0.067847; ', 'bpp_1=0.301455; ', 'mse_2=0.000896; ', 'lpips_2=0.003832; ', 'codec_recon_2=0.013727; ', 'bpp_2=0.292583; ']
train step[1274/2000] ; used: 30m:5s; eta: 17m:8s; loss = 0.125968; ['mse_0=0.004898; ', 'lpips_0=0.006577; ', 'codec_recon_0=0.012225; ', 'bpp_0=6.060724; ', 'mse_1=0.004710; ', 'lpips_1=0.005648; ', 'codec_recon_1=0.068304; ', 'bpp_1=0.302038; ', 'mse_2=0.004593; ', 'lpips_2=0.004988; ', 'codec_recon_2=0.014025; ', 'bpp_2=0.293279; ']
train step[1275/2000] ; used: 30m:6s; eta: 17m:6s; loss = 0.159490; ['mse_0=0.003582; ', 'lpips_0=0.007200; ', 'codec_recon_0=0.012808; ', 'bpp_0=6.145672; ', 'mse_1=0.003109; ', 'lpips_1=0.005893; ', 'codec_recon_1=0.099067; ', 'bpp_1=0.302685; ', 'mse_2=0.002936; ', 'lpips_2=0.004793; ', 'codec_recon_2=0.020101; ', 'bpp_2=0.294755; ']
train step[1276/2000] ; used: 30m:7s; eta: 17m:4s; loss = 0.181546; ['mse_0=0.004454; ', 'lpips_0=0.012387; ', 'codec_recon_0=0.011675; ', 'bpp_0=6.143209; ', 'mse_1=0.003867; ', 'lpips_1=0.010754; ', 'codec_recon_1=0.106692; ', 'bpp_1=0.303634; ', 'mse_2=0.003277; ', 'lpips_2=0.009113; ', 'codec_recon_2=0.019327; ', 'bpp_2=0.294313; ']
train step[1277/2000] ; used: 30m:8s; eta: 17m:3s; loss = 0.111115; ['mse_0=0.001886; ', 'lpips_0=0.005150; ', 'codec_recon_0=0.011174; ', 'bpp_0=6.105133; ', 'mse_1=0.001485; ', 'lpips_1=0.004077; ', 'codec_recon_1=0.068373; ', 'bpp_1=0.302459; ', 'mse_2=0.001323; ', 'lpips_2=0.003434; ', 'codec_recon_2=0.014213; ', 'bpp_2=0.293494; ']
train step[1278/2000] ; used: 30m:9s; eta: 17m:1s; loss = 0.111023; ['mse_0=0.001288; ', 'lpips_0=0.005580; ', 'codec_recon_0=0.010351; ', 'bpp_0=6.123787; ', 'mse_1=0.000928; ', 'lpips_1=0.004401; ', 'codec_recon_1=0.069483; ', 'bpp_1=0.301442; ', 'mse_2=0.000770; ', 'lpips_2=0.003823; ', 'codec_recon_2=0.014398; ', 'bpp_2=0.292589; ']
train step[1279/2000] ; used: 30m:11s; eta: 17m; loss = 0.127790; ['mse_0=0.002773; ', 'lpips_0=0.007941; ', 'codec_recon_0=0.013360; ', 'bpp_0=6.106755; ', 'mse_1=0.002541; ', 'lpips_1=0.006981; ', 'codec_recon_1=0.070369; ', 'bpp_1=0.304170; ', 'mse_2=0.002436; ', 'lpips_2=0.006627; ', 'codec_recon_2=0.014763; ', 'bpp_2=0.294432; ']
train step[1280/2000] ; used: 30m:12s; eta: 16m:58s; loss = 0.191858; ['mse_0=0.003800; ', 'lpips_0=0.008520; ', 'codec_recon_0=0.013611; ', 'bpp_0=6.201507; ', 'mse_1=0.002895; ', 'lpips_1=0.006309; ', 'codec_recon_1=0.126590; ', 'bpp_1=0.305657; ', 'mse_2=0.001839; ', 'lpips_2=0.003803; ', 'codec_recon_2=0.024491; ', 'bpp_2=0.297741; ']
train step[1281/2000] ; used: 30m:13s; eta: 16m:56s; loss = 0.104892; ['mse_0=0.002304; ', 'lpips_0=0.005595; ', 'codec_recon_0=0.011490; ', 'bpp_0=6.080424; ', 'mse_1=0.001602; ', 'lpips_1=0.004490; ', 'codec_recon_1=0.060778; ', 'bpp_1=0.302975; ', 'mse_2=0.001526; ', 'lpips_2=0.003951; ', 'codec_recon_2=0.013156; ', 'bpp_2=0.292517; ']
train step[1282/2000] ; used: 30m:14s; eta: 16m:55s; loss = 0.157371; ['mse_0=0.007614; ', 'lpips_0=0.009930; ', 'codec_recon_0=0.012448; ', 'bpp_0=6.113667; ', 'mse_1=0.007244; ', 'lpips_1=0.008577; ', 'codec_recon_1=0.080708; ', 'bpp_1=0.303032; ', 'mse_2=0.007112; ', 'lpips_2=0.007820; ', 'codec_recon_2=0.015917; ', 'bpp_2=0.293237; ']
train step[1283/2000] ; used: 30m:15s; eta: 16m:53s; loss = 0.124074; ['mse_0=0.001402; ', 'lpips_0=0.006586; ', 'codec_recon_0=0.012259; ', 'bpp_0=6.100473; ', 'mse_1=0.001095; ', 'lpips_1=0.005463; ', 'codec_recon_1=0.074842; ', 'bpp_1=0.302191; ', 'mse_2=0.000969; ', 'lpips_2=0.004629; ', 'codec_recon_2=0.016828; ', 'bpp_2=0.293358; ']
train step[1284/2000] ; used: 30m:16s; eta: 16m:52s; loss = 0.124577; ['mse_0=0.001009; ', 'lpips_0=0.005483; ', 'codec_recon_0=0.011011; ', 'bpp_0=6.138279; ', 'mse_1=0.000721; ', 'lpips_1=0.004378; ', 'codec_recon_1=0.081464; ', 'bpp_1=0.302387; ', 'mse_2=0.000572; ', 'lpips_2=0.003659; ', 'codec_recon_2=0.016278; ', 'bpp_2=0.293780; ']
train step[1285/2000] ; used: 30m:17s; eta: 16m:50s; loss = 0.123980; ['mse_0=0.001566; ', 'lpips_0=0.005014; ', 'codec_recon_0=0.011431; ', 'bpp_0=6.134366; ', 'mse_1=0.001162; ', 'lpips_1=0.003781; ', 'codec_recon_1=0.081114; ', 'bpp_1=0.302778; ', 'mse_2=0.000913; ', 'lpips_2=0.002855; ', 'codec_recon_2=0.016145; ', 'bpp_2=0.294022; ']
train step[1286/2000] ; used: 30m:18s; eta: 16m:49s; loss = 0.121588; ['mse_0=0.001075; ', 'lpips_0=0.005067; ', 'codec_recon_0=0.011462; ', 'bpp_0=6.159784; ', 'mse_1=0.000767; ', 'lpips_1=0.003887; ', 'codec_recon_1=0.079411; ', 'bpp_1=0.302726; ', 'mse_2=0.000598; ', 'lpips_2=0.003173; ', 'codec_recon_2=0.016147; ', 'bpp_2=0.294239; ']
train step[1287/2000] ; used: 30m:19s; eta: 16m:47s; loss = 0.129307; ['mse_0=0.005876; ', 'lpips_0=0.007632; ', 'codec_recon_0=0.012662; ', 'bpp_0=6.129034; ', 'mse_1=0.004980; ', 'lpips_1=0.006212; ', 'codec_recon_1=0.067221; ', 'bpp_1=0.302574; ', 'mse_2=0.004971; ', 'lpips_2=0.005708; ', 'codec_recon_2=0.014046; ', 'bpp_2=0.293373; ']
train step[1288/2000] ; used: 30m:20s; eta: 16m:45s; loss = 0.175765; ['mse_0=0.011475; ', 'lpips_0=0.009777; ', 'codec_recon_0=0.012512; ', 'bpp_0=6.119811; ', 'mse_1=0.011381; ', 'lpips_1=0.009030; ', 'codec_recon_1=0.084477; ', 'bpp_1=0.302017; ', 'mse_2=0.011649; ', 'lpips_2=0.008205; ', 'codec_recon_2=0.017257; ', 'bpp_2=0.294407; ']
train step[1289/2000] ; used: 30m:22s; eta: 16m:44s; loss = 0.108551; ['mse_0=0.001084; ', 'lpips_0=0.005384; ', 'codec_recon_0=0.011293; ', 'bpp_0=6.113667; ', 'mse_1=0.000766; ', 'lpips_1=0.004144; ', 'codec_recon_1=0.067024; ', 'bpp_1=0.301906; ', 'mse_2=0.000674; ', 'lpips_2=0.003639; ', 'codec_recon_2=0.014542; ', 'bpp_2=0.292908; ']
train step[1290/2000] ; used: 30m:23s; eta: 16m:42s; loss = 0.106774; ['mse_0=0.001105; ', 'lpips_0=0.005194; ', 'codec_recon_0=0.011211; ', 'bpp_0=6.059082; ', 'mse_1=0.000900; ', 'lpips_1=0.004299; ', 'codec_recon_1=0.065195; ', 'bpp_1=0.300612; ', 'mse_2=0.000754; ', 'lpips_2=0.003660; ', 'codec_recon_2=0.014457; ', 'bpp_2=0.290923; ']
train step[1291/2000] ; used: 30m:24s; eta: 16m:41s; loss = 0.121256; ['mse_0=0.001912; ', 'lpips_0=0.005653; ', 'codec_recon_0=0.011657; ', 'bpp_0=6.106452; ', 'mse_1=0.001686; ', 'lpips_1=0.004788; ', 'codec_recon_1=0.073633; ', 'bpp_1=0.302060; ', 'mse_2=0.001537; ', 'lpips_2=0.004107; ', 'codec_recon_2=0.016283; ', 'bpp_2=0.292379; ']
train step[1292/2000] ; used: 30m:25s; eta: 16m:39s; loss = 0.126989; ['mse_0=0.002737; ', 'lpips_0=0.006462; ', 'codec_recon_0=0.012351; ', 'bpp_0=6.091974; ', 'mse_1=0.002589; ', 'lpips_1=0.005294; ', 'codec_recon_1=0.074483; ', 'bpp_1=0.302037; ', 'mse_2=0.002549; ', 'lpips_2=0.004610; ', 'codec_recon_2=0.015914; ', 'bpp_2=0.293236; ']
train step[1293/2000] ; used: 30m:26s; eta: 16m:37s; loss = 0.100562; ['mse_0=0.000737; ', 'lpips_0=0.006660; ', 'codec_recon_0=0.011956; ', 'bpp_0=6.058959; ', 'mse_1=0.000624; ', 'lpips_1=0.005765; ', 'codec_recon_1=0.055182; ', 'bpp_1=0.300857; ', 'mse_2=0.000573; ', 'lpips_2=0.005216; ', 'codec_recon_2=0.013851; ', 'bpp_2=0.290777; ']
train step[1294/2000] ; used: 30m:27s; eta: 16m:36s; loss = 0.120105; ['mse_0=0.001739; ', 'lpips_0=0.006794; ', 'codec_recon_0=0.012080; ', 'bpp_0=6.134854; ', 'mse_1=0.001491; ', 'lpips_1=0.005426; ', 'codec_recon_1=0.071785; ', 'bpp_1=0.300605; ', 'mse_2=0.001384; ', 'lpips_2=0.004622; ', 'codec_recon_2=0.014785; ', 'bpp_2=0.292777; ']
train step[1295/2000] ; used: 30m:28s; eta: 16m:34s; loss = 0.173135; ['mse_0=0.003929; ', 'lpips_0=0.008216; ', 'codec_recon_0=0.014162; ', 'bpp_0=6.177178; ', 'mse_1=0.003054; ', 'lpips_1=0.005931; ', 'codec_recon_1=0.109180; ', 'bpp_1=0.303572; ', 'mse_2=0.002339; ', 'lpips_2=0.004214; ', 'codec_recon_2=0.022110; ', 'bpp_2=0.294755; ']
train step[1296/2000] ; used: 30m:29s; eta: 16m:33s; loss = 0.114315; ['mse_0=0.002898; ', 'lpips_0=0.006580; ', 'codec_recon_0=0.011040; ', 'bpp_0=6.086485; ', 'mse_1=0.002710; ', 'lpips_1=0.005842; ', 'codec_recon_1=0.064926; ', 'bpp_1=0.302388; ', 'mse_2=0.002612; ', 'lpips_2=0.005254; ', 'codec_recon_2=0.012453; ', 'bpp_2=0.292689; ']
train step[1297/2000] ; used: 30m:30s; eta: 16m:31s; loss = 0.143964; ['mse_0=0.001543; ', 'lpips_0=0.005228; ', 'codec_recon_0=0.015027; ', 'bpp_0=6.188504; ', 'mse_1=0.001131; ', 'lpips_1=0.003819; ', 'codec_recon_1=0.094015; ', 'bpp_1=0.304475; ', 'mse_2=0.000968; ', 'lpips_2=0.003098; ', 'codec_recon_2=0.019136; ', 'bpp_2=0.296326; ']
train step[1298/2000] ; used: 30m:32s; eta: 16m:30s; loss = 0.127023; ['mse_0=0.001482; ', 'lpips_0=0.006213; ', 'codec_recon_0=0.012091; ', 'bpp_0=6.139482; ', 'mse_1=0.001163; ', 'lpips_1=0.004967; ', 'codec_recon_1=0.079549; ', 'bpp_1=0.301641; ', 'mse_2=0.000962; ', 'lpips_2=0.004283; ', 'codec_recon_2=0.016312; ', 'bpp_2=0.291762; ']
train step[1299/2000] ; used: 30m:33s; eta: 16m:28s; loss = 0.149241; ['mse_0=0.001290; ', 'lpips_0=0.005114; ', 'codec_recon_0=0.015640; ', 'bpp_0=6.141528; ', 'mse_1=0.001011; ', 'lpips_1=0.003971; ', 'codec_recon_1=0.097065; ', 'bpp_1=0.301322; ', 'mse_2=0.000836; ', 'lpips_2=0.003069; ', 'codec_recon_2=0.021245; ', 'bpp_2=0.293161; ']
train step[1300/2000] ; used: 30m:34s; eta: 16m:26s; loss = 0.123289; ['mse_0=0.002523; ', 'lpips_0=0.005844; ', 'codec_recon_0=0.013352; ', 'bpp_0=6.108684; ', 'mse_1=0.002149; ', 'lpips_1=0.004825; ', 'codec_recon_1=0.073230; ', 'bpp_1=0.301526; ', 'mse_2=0.001954; ', 'lpips_2=0.004220; ', 'codec_recon_2=0.015191; ', 'bpp_2=0.292005; ']
train step[1301/2000] ; used: 30m:35s; eta: 16m:25s; loss = 0.130393; ['mse_0=0.002427; ', 'lpips_0=0.006641; ', 'codec_recon_0=0.015194; ', 'bpp_0=6.137579; ', 'mse_1=0.002125; ', 'lpips_1=0.005121; ', 'codec_recon_1=0.076561; ', 'bpp_1=0.302213; ', 'mse_2=0.002048; ', 'lpips_2=0.004499; ', 'codec_recon_2=0.015776; ', 'bpp_2=0.294198; ']
train step[1302/2000] ; used: 30m:36s; eta: 16m:23s; loss = 0.089043; ['mse_0=0.000809; ', 'lpips_0=0.004266; ', 'codec_recon_0=0.012796; ', 'bpp_0=6.071920; ', 'mse_1=0.000546; ', 'lpips_1=0.003230; ', 'codec_recon_1=0.052537; ', 'bpp_1=0.300347; ', 'mse_2=0.000471; ', 'lpips_2=0.002779; ', 'codec_recon_2=0.011609; ', 'bpp_2=0.290772; ']
train step[1303/2000] ; used: 30m:37s; eta: 16m:22s; loss = 0.125665; ['mse_0=0.001779; ', 'lpips_0=0.005140; ', 'codec_recon_0=0.012795; ', 'bpp_0=6.129401; ', 'mse_1=0.001447; ', 'lpips_1=0.004159; ', 'codec_recon_1=0.077344; ', 'bpp_1=0.301647; ', 'mse_2=0.001450; ', 'lpips_2=0.003509; ', 'codec_recon_2=0.018040; ', 'bpp_2=0.293372; ']
train step[1304/2000] ; used: 30m:38s; eta: 16m:20s; loss = 0.154797; ['mse_0=0.001534; ', 'lpips_0=0.006644; ', 'codec_recon_0=0.014815; ', 'bpp_0=6.194076; ', 'mse_1=0.001081; ', 'lpips_1=0.004694; ', 'codec_recon_1=0.100999; ', 'bpp_1=0.303400; ', 'mse_2=0.000901; ', 'lpips_2=0.003498; ', 'codec_recon_2=0.020629; ', 'bpp_2=0.296308; ']
train step[1305/2000] ; used: 30m:39s; eta: 16m:18s; loss = 0.112423; ['mse_0=0.002213; ', 'lpips_0=0.007082; ', 'codec_recon_0=0.011927; ', 'bpp_0=6.090166; ', 'mse_1=0.001831; ', 'lpips_1=0.006080; ', 'codec_recon_1=0.062799; ', 'bpp_1=0.301856; ', 'mse_2=0.001714; ', 'lpips_2=0.005662; ', 'codec_recon_2=0.013115; ', 'bpp_2=0.291566; ']
train step[1306/2000] ; used: 30m:40s; eta: 16m:17s; loss = 0.100651; ['mse_0=0.001276; ', 'lpips_0=0.006595; ', 'codec_recon_0=0.011358; ', 'bpp_0=6.091176; ', 'mse_1=0.001006; ', 'lpips_1=0.005422; ', 'codec_recon_1=0.055937; ', 'bpp_1=0.301863; ', 'mse_2=0.000856; ', 'lpips_2=0.004793; ', 'codec_recon_2=0.013409; ', 'bpp_2=0.292636; ']
train step[1307/2000] ; used: 30m:41s; eta: 16m:15s; loss = 0.104737; ['mse_0=0.002132; ', 'lpips_0=0.005778; ', 'codec_recon_0=0.011781; ', 'bpp_0=6.125209; ', 'mse_1=0.001865; ', 'lpips_1=0.004764; ', 'codec_recon_1=0.059910; ', 'bpp_1=0.303245; ', 'mse_2=0.001884; ', 'lpips_2=0.004282; ', 'codec_recon_2=0.012341; ', 'bpp_2=0.293391; ']
train step[1308/2000] ; used: 30m:43s; eta: 16m:14s; loss = 0.184546; ['mse_0=0.002774; ', 'lpips_0=0.007068; ', 'codec_recon_0=0.014649; ', 'bpp_0=6.201809; ', 'mse_1=0.002387; ', 'lpips_1=0.005496; ', 'codec_recon_1=0.120566; ', 'bpp_1=0.304940; ', 'mse_2=0.001936; ', 'lpips_2=0.003887; ', 'codec_recon_2=0.025784; ', 'bpp_2=0.297338; ']
train step[1309/2000] ; used: 30m:44s; eta: 16m:13s; loss = 0.158275; ['mse_0=0.003239; ', 'lpips_0=0.009038; ', 'codec_recon_0=0.016224; ', 'bpp_0=6.186107; ', 'mse_1=0.002817; ', 'lpips_1=0.007927; ', 'codec_recon_1=0.091280; ', 'bpp_1=0.304049; ', 'mse_2=0.002396; ', 'lpips_2=0.006530; ', 'codec_recon_2=0.018825; ', 'bpp_2=0.295400; ']
train step[1310/2000] ; used: 30m:46s; eta: 16m:11s; loss = 0.103276; ['mse_0=0.001745; ', 'lpips_0=0.005507; ', 'codec_recon_0=0.012004; ', 'bpp_0=6.065257; ', 'mse_1=0.001438; ', 'lpips_1=0.004490; ', 'codec_recon_1=0.059008; ', 'bpp_1=0.300554; ', 'mse_2=0.001351; ', 'lpips_2=0.003907; ', 'codec_recon_2=0.013825; ', 'bpp_2=0.291973; ']
train step[1311/2000] ; used: 30m:47s; eta: 16m:10s; loss = 0.142227; ['mse_0=0.001358; ', 'lpips_0=0.005559; ', 'codec_recon_0=0.014095; ', 'bpp_0=6.128624; ', 'mse_1=0.000995; ', 'lpips_1=0.004064; ', 'codec_recon_1=0.090926; ', 'bpp_1=0.301759; ', 'mse_2=0.000676; ', 'lpips_2=0.003144; ', 'codec_recon_2=0.021411; ', 'bpp_2=0.293297; ']
train step[1312/2000] ; used: 30m:48s; eta: 16m:8s; loss = 0.167318; ['mse_0=0.004331; ', 'lpips_0=0.007804; ', 'codec_recon_0=0.015183; ', 'bpp_0=6.169231; ', 'mse_1=0.003760; ', 'lpips_1=0.006620; ', 'codec_recon_1=0.099269; ', 'bpp_1=0.303815; ', 'mse_2=0.003753; ', 'lpips_2=0.005488; ', 'codec_recon_2=0.021110; ', 'bpp_2=0.295155; ']
train step[1313/2000] ; used: 30m:49s; eta: 16m:6s; loss = 0.107346; ['mse_0=0.001095; ', 'lpips_0=0.006736; ', 'codec_recon_0=0.010826; ', 'bpp_0=6.136610; ', 'mse_1=0.000844; ', 'lpips_1=0.005707; ', 'codec_recon_1=0.061959; ', 'bpp_1=0.302348; ', 'mse_2=0.000711; ', 'lpips_2=0.004750; ', 'codec_recon_2=0.014718; ', 'bpp_2=0.292930; ']
train step[1314/2000] ; used: 30m:50s; eta: 16m:5s; loss = 0.100685; ['mse_0=0.001237; ', 'lpips_0=0.005878; ', 'codec_recon_0=0.011323; ', 'bpp_0=6.098306; ', 'mse_1=0.001099; ', 'lpips_1=0.005050; ', 'codec_recon_1=0.056819; ', 'bpp_1=0.301619; ', 'mse_2=0.001076; ', 'lpips_2=0.004681; ', 'codec_recon_2=0.013523; ', 'bpp_2=0.292670; ']
train step[1315/2000] ; used: 30m:51s; eta: 16m:3s; loss = 0.105590; ['mse_0=0.001099; ', 'lpips_0=0.004388; ', 'codec_recon_0=0.010909; ', 'bpp_0=6.121655; ', 'mse_1=0.000857; ', 'lpips_1=0.003426; ', 'codec_recon_1=0.067452; ', 'bpp_1=0.301127; ', 'mse_2=0.000705; ', 'lpips_2=0.002648; ', 'codec_recon_2=0.014105; ', 'bpp_2=0.291633; ']
train step[1316/2000] ; used: 30m:52s; eta: 16m:2s; loss = 0.093407; ['mse_0=0.000728; ', 'lpips_0=0.005465; ', 'codec_recon_0=0.008935; ', 'bpp_0=6.064911; ', 'mse_1=0.000593; ', 'lpips_1=0.004432; ', 'codec_recon_1=0.055284; ', 'bpp_1=0.299167; ', 'mse_2=0.000540; ', 'lpips_2=0.003896; ', 'codec_recon_2=0.013534; ', 'bpp_2=0.289950; ']
train step[1317/2000] ; used: 30m:53s; eta: 16m; loss = 0.132351; ['mse_0=0.003141; ', 'lpips_0=0.007608; ', 'codec_recon_0=0.012390; ', 'bpp_0=6.162354; ', 'mse_1=0.002742; ', 'lpips_1=0.006570; ', 'codec_recon_1=0.076358; ', 'bpp_1=0.303005; ', 'mse_2=0.002494; ', 'lpips_2=0.005537; ', 'codec_recon_2=0.015513; ', 'bpp_2=0.294922; ']
train step[1318/2000] ; used: 30m:54s; eta: 15m:59s; loss = 0.153987; ['mse_0=0.001555; ', 'lpips_0=0.007063; ', 'codec_recon_0=0.011983; ', 'bpp_0=6.202543; ', 'mse_1=0.001091; ', 'lpips_1=0.004991; ', 'codec_recon_1=0.103903; ', 'bpp_1=0.303270; ', 'mse_2=0.000570; ', 'lpips_2=0.003280; ', 'codec_recon_2=0.019551; ', 'bpp_2=0.294560; ']
train step[1319/2000] ; used: 30m:56s; eta: 15m:57s; loss = 0.151095; ['mse_0=0.002786; ', 'lpips_0=0.007326; ', 'codec_recon_0=0.016684; ', 'bpp_0=6.147570; ', 'mse_1=0.002342; ', 'lpips_1=0.006308; ', 'codec_recon_1=0.089570; ', 'bpp_1=0.304674; ', 'mse_2=0.002102; ', 'lpips_2=0.005360; ', 'codec_recon_2=0.018617; ', 'bpp_2=0.295120; ']
train step[1320/2000] ; used: 30m:57s; eta: 15m:55s; loss = 0.109786; ['mse_0=0.001269; ', 'lpips_0=0.005474; ', 'codec_recon_0=0.012424; ', 'bpp_0=6.071983; ', 'mse_1=0.000839; ', 'lpips_1=0.004019; ', 'codec_recon_1=0.067361; ', 'bpp_1=0.299978; ', 'mse_2=0.000629; ', 'lpips_2=0.003366; ', 'codec_recon_2=0.014405; ', 'bpp_2=0.290959; ']
train step[1321/2000] ; used: 30m:58s; eta: 15m:54s; loss = 0.102167; ['mse_0=0.000929; ', 'lpips_0=0.006058; ', 'codec_recon_0=0.012578; ', 'bpp_0=6.074827; ', 'mse_1=0.000752; ', 'lpips_1=0.005013; ', 'codec_recon_1=0.059175; ', 'bpp_1=0.301943; ', 'mse_2=0.000655; ', 'lpips_2=0.004394; ', 'codec_recon_2=0.012613; ', 'bpp_2=0.291951; ']
train step[1322/2000] ; used: 30m:59s; eta: 15m:52s; loss = 0.138117; ['mse_0=0.002202; ', 'lpips_0=0.004829; ', 'codec_recon_0=0.013197; ', 'bpp_0=6.123458; ', 'mse_1=0.001789; ', 'lpips_1=0.003732; ', 'codec_recon_1=0.088894; ', 'bpp_1=0.301990; ', 'mse_2=0.001630; ', 'lpips_2=0.003032; ', 'codec_recon_2=0.018811; ', 'bpp_2=0.293446; ']
train step[1323/2000] ; used: 31m; eta: 15m:51s; loss = 0.116091; ['mse_0=0.003749; ', 'lpips_0=0.006189; ', 'codec_recon_0=0.012011; ', 'bpp_0=6.114900; ', 'mse_1=0.003683; ', 'lpips_1=0.005219; ', 'codec_recon_1=0.063606; ', 'bpp_1=0.302706; ', 'mse_2=0.003652; ', 'lpips_2=0.004897; ', 'codec_recon_2=0.013085; ', 'bpp_2=0.294122; ']
train step[1324/2000] ; used: 31m:1s; eta: 15m:49s; loss = 0.129053; ['mse_0=0.003103; ', 'lpips_0=0.005285; ', 'codec_recon_0=0.012664; ', 'bpp_0=6.149907; ', 'mse_1=0.002569; ', 'lpips_1=0.004257; ', 'codec_recon_1=0.079036; ', 'bpp_1=0.302112; ', 'mse_2=0.002325; ', 'lpips_2=0.003615; ', 'codec_recon_2=0.016197; ', 'bpp_2=0.294319; ']
train step[1325/2000] ; used: 31m:2s; eta: 15m:48s; loss = 0.102941; ['mse_0=0.001003; ', 'lpips_0=0.007013; ', 'codec_recon_0=0.011451; ', 'bpp_0=6.066129; ', 'mse_1=0.000774; ', 'lpips_1=0.006082; ', 'codec_recon_1=0.057251; ', 'bpp_1=0.301771; ', 'mse_2=0.000698; ', 'lpips_2=0.005554; ', 'codec_recon_2=0.013115; ', 'bpp_2=0.291785; ']
train step[1326/2000] ; used: 31m:3s; eta: 15m:46s; loss = 0.091628; ['mse_0=0.000648; ', 'lpips_0=0.004617; ', 'codec_recon_0=0.010359; ', 'bpp_0=6.113565; ', 'mse_1=0.000446; ', 'lpips_1=0.003516; ', 'codec_recon_1=0.055651; ', 'bpp_1=0.301775; ', 'mse_2=0.000354; ', 'lpips_2=0.003055; ', 'codec_recon_2=0.012982; ', 'bpp_2=0.292014; ']
train step[1327/2000] ; used: 31m:4s; eta: 15m:45s; loss = 0.137783; ['mse_0=0.002191; ', 'lpips_0=0.007143; ', 'codec_recon_0=0.012216; ', 'bpp_0=6.180935; ', 'mse_1=0.001833; ', 'lpips_1=0.005889; ', 'codec_recon_1=0.082051; ', 'bpp_1=0.303586; ', 'mse_2=0.001574; ', 'lpips_2=0.004900; ', 'codec_recon_2=0.019986; ', 'bpp_2=0.294985; ']
train step[1328/2000] ; used: 31m:5s; eta: 15m:43s; loss = 0.129296; ['mse_0=0.001425; ', 'lpips_0=0.005307; ', 'codec_recon_0=0.011185; ', 'bpp_0=6.106350; ', 'mse_1=0.001057; ', 'lpips_1=0.003945; ', 'codec_recon_1=0.084630; ', 'bpp_1=0.301763; ', 'mse_2=0.000878; ', 'lpips_2=0.003092; ', 'codec_recon_2=0.017777; ', 'bpp_2=0.292224; ']
train step[1329/2000] ; used: 31m:6s; eta: 15m:41s; loss = 0.115933; ['mse_0=0.001540; ', 'lpips_0=0.006768; ', 'codec_recon_0=0.011572; ', 'bpp_0=6.129676; ', 'mse_1=0.001305; ', 'lpips_1=0.005693; ', 'codec_recon_1=0.066811; ', 'bpp_1=0.302620; ', 'mse_2=0.001269; ', 'lpips_2=0.005040; ', 'codec_recon_2=0.015935; ', 'bpp_2=0.293291; ']
train step[1330/2000] ; used: 31m:8s; eta: 15m:40s; loss = 0.124006; ['mse_0=0.001880; ', 'lpips_0=0.005690; ', 'codec_recon_0=0.010922; ', 'bpp_0=6.140298; ', 'mse_1=0.001578; ', 'lpips_1=0.004531; ', 'codec_recon_1=0.078459; ', 'bpp_1=0.303058; ', 'mse_2=0.001387; ', 'lpips_2=0.003692; ', 'codec_recon_2=0.015869; ', 'bpp_2=0.294660; ']
train step[1331/2000] ; used: 31m:9s; eta: 15m:38s; loss = 0.108419; ['mse_0=0.002671; ', 'lpips_0=0.005103; ', 'codec_recon_0=0.010852; ', 'bpp_0=6.097206; ', 'mse_1=0.002528; ', 'lpips_1=0.004183; ', 'codec_recon_1=0.063952; ', 'bpp_1=0.300461; ', 'mse_2=0.002286; ', 'lpips_2=0.003545; ', 'codec_recon_2=0.013300; ', 'bpp_2=0.291518; ']
train step[1332/2000] ; used: 31m:10s; eta: 15m:37s; loss = 0.090565; ['mse_0=0.000735; ', 'lpips_0=0.005181; ', 'codec_recon_0=0.009872; ', 'bpp_0=6.094470; ', 'mse_1=0.000529; ', 'lpips_1=0.004175; ', 'codec_recon_1=0.053363; ', 'bpp_1=0.300536; ', 'mse_2=0.000508; ', 'lpips_2=0.003876; ', 'codec_recon_2=0.012326; ', 'bpp_2=0.292117; ']
train step[1333/2000] ; used: 31m:11s; eta: 15m:35s; loss = 0.115062; ['mse_0=0.001898; ', 'lpips_0=0.004727; ', 'codec_recon_0=0.013866; ', 'bpp_0=6.103481; ', 'mse_1=0.001470; ', 'lpips_1=0.003649; ', 'codec_recon_1=0.070323; ', 'bpp_1=0.303039; ', 'mse_2=0.001104; ', 'lpips_2=0.002869; ', 'codec_recon_2=0.015157; ', 'bpp_2=0.292743; ']
train step[1334/2000] ; used: 31m:12s; eta: 15m:34s; loss = 0.134793; ['mse_0=0.001650; ', 'lpips_0=0.006162; ', 'codec_recon_0=0.012940; ', 'bpp_0=6.152921; ', 'mse_1=0.001327; ', 'lpips_1=0.005373; ', 'codec_recon_1=0.083657; ', 'bpp_1=0.301440; ', 'mse_2=0.001175; ', 'lpips_2=0.004898; ', 'codec_recon_2=0.017613; ', 'bpp_2=0.294497; ']
train step[1335/2000] ; used: 31m:13s; eta: 15m:32s; loss = 0.140439; ['mse_0=0.004742; ', 'lpips_0=0.009763; ', 'codec_recon_0=0.012620; ', 'bpp_0=6.143961; ', 'mse_1=0.004404; ', 'lpips_1=0.008888; ', 'codec_recon_1=0.071136; ', 'bpp_1=0.303576; ', 'mse_2=0.004468; ', 'lpips_2=0.008590; ', 'codec_recon_2=0.015826; ', 'bpp_2=0.294606; ']
train step[1336/2000] ; used: 31m:14s; eta: 15m:31s; loss = 0.157716; ['mse_0=0.002657; ', 'lpips_0=0.007596; ', 'codec_recon_0=0.013768; ', 'bpp_0=6.198619; ', 'mse_1=0.002203; ', 'lpips_1=0.006329; ', 'codec_recon_1=0.096979; ', 'bpp_1=0.304155; ', 'mse_2=0.002087; ', 'lpips_2=0.005444; ', 'codec_recon_2=0.020654; ', 'bpp_2=0.295877; ']
train step[1337/2000] ; used: 31m:15s; eta: 15m:29s; loss = 0.105553; ['mse_0=0.001524; ', 'lpips_0=0.005754; ', 'codec_recon_0=0.011174; ', 'bpp_0=6.125172; ', 'mse_1=0.001312; ', 'lpips_1=0.005058; ', 'codec_recon_1=0.060989; ', 'bpp_1=0.303682; ', 'mse_2=0.001231; ', 'lpips_2=0.004642; ', 'codec_recon_2=0.013870; ', 'bpp_2=0.293585; ']
train step[1338/2000] ; used: 31m:17s; eta: 15m:27s; loss = 0.169343; ['mse_0=0.003122; ', 'lpips_0=0.007532; ', 'codec_recon_0=0.015193; ', 'bpp_0=6.203337; ', 'mse_1=0.002803; ', 'lpips_1=0.006024; ', 'codec_recon_1=0.105782; ', 'bpp_1=0.304753; ', 'mse_2=0.002645; ', 'lpips_2=0.004906; ', 'codec_recon_2=0.021335; ', 'bpp_2=0.296153; ']
train step[1339/2000] ; used: 31m:18s; eta: 15m:26s; loss = 0.166223; ['mse_0=0.002340; ', 'lpips_0=0.007090; ', 'codec_recon_0=0.013359; ', 'bpp_0=6.200054; ', 'mse_1=0.001833; ', 'lpips_1=0.005414; ', 'codec_recon_1=0.109028; ', 'bpp_1=0.303837; ', 'mse_2=0.001355; ', 'lpips_2=0.003756; ', 'codec_recon_2=0.022048; ', 'bpp_2=0.296198; ']
train step[1340/2000] ; used: 31m:19s; eta: 15m:24s; loss = 0.105933; ['mse_0=0.000954; ', 'lpips_0=0.006016; ', 'codec_recon_0=0.011751; ', 'bpp_0=6.098041; ', 'mse_1=0.000857; ', 'lpips_1=0.004905; ', 'codec_recon_1=0.061970; ', 'bpp_1=0.301101; ', 'mse_2=0.000763; ', 'lpips_2=0.004522; ', 'codec_recon_2=0.014196; ', 'bpp_2=0.292778; ']
train step[1341/2000] ; used: 31m:20s; eta: 15m:23s; loss = 0.108216; ['mse_0=0.001316; ', 'lpips_0=0.004480; ', 'codec_recon_0=0.011965; ', 'bpp_0=6.123894; ', 'mse_1=0.001066; ', 'lpips_1=0.003585; ', 'codec_recon_1=0.067057; ', 'bpp_1=0.301744; ', 'mse_2=0.001023; ', 'lpips_2=0.003153; ', 'codec_recon_2=0.014571; ', 'bpp_2=0.292730; ']
train step[1342/2000] ; used: 31m:21s; eta: 15m:21s; loss = 0.124358; ['mse_0=0.001999; ', 'lpips_0=0.006909; ', 'codec_recon_0=0.011458; ', 'bpp_0=6.113840; ', 'mse_1=0.001762; ', 'lpips_1=0.005916; ', 'codec_recon_1=0.074225; ', 'bpp_1=0.303031; ', 'mse_2=0.001615; ', 'lpips_2=0.005061; ', 'codec_recon_2=0.015413; ', 'bpp_2=0.294004; ']
train step[1343/2000] ; used: 31m:22s; eta: 15m:20s; loss = 0.100716; ['mse_0=0.000745; ', 'lpips_0=0.005792; ', 'codec_recon_0=0.012777; ', 'bpp_0=6.091584; ', 'mse_1=0.000668; ', 'lpips_1=0.004976; ', 'codec_recon_1=0.057266; ', 'bpp_1=0.299899; ', 'mse_2=0.000639; ', 'lpips_2=0.004582; ', 'codec_recon_2=0.013271; ', 'bpp_2=0.291248; ']
train step[1344/2000] ; used: 31m:23s; eta: 15m:18s; loss = 0.121019; ['mse_0=0.002829; ', 'lpips_0=0.006965; ', 'codec_recon_0=0.011454; ', 'bpp_0=6.057848; ', 'mse_1=0.002455; ', 'lpips_1=0.006189; ', 'codec_recon_1=0.068730; ', 'bpp_1=0.300193; ', 'mse_2=0.002407; ', 'lpips_2=0.005787; ', 'codec_recon_2=0.014202; ', 'bpp_2=0.291545; ']
train step[1345/2000] ; used: 31m:24s; eta: 15m:17s; loss = 0.123809; ['mse_0=0.002687; ', 'lpips_0=0.007060; ', 'codec_recon_0=0.012640; ', 'bpp_0=6.145484; ', 'mse_1=0.002356; ', 'lpips_1=0.006038; ', 'codec_recon_1=0.069421; ', 'bpp_1=0.302294; ', 'mse_2=0.002121; ', 'lpips_2=0.005043; ', 'codec_recon_2=0.016443; ', 'bpp_2=0.294285; ']
train step[1346/2000] ; used: 31m:25s; eta: 15m:15s; loss = 0.176749; ['mse_0=0.005046; ', 'lpips_0=0.008068; ', 'codec_recon_0=0.014183; ', 'bpp_0=6.227125; ', 'mse_1=0.004311; ', 'lpips_1=0.006959; ', 'codec_recon_1=0.108144; ', 'bpp_1=0.305142; ', 'mse_2=0.003562; ', 'lpips_2=0.005691; ', 'codec_recon_2=0.020785; ', 'bpp_2=0.297639; ']
train step[1347/2000] ; used: 31m:26s; eta: 15m:14s; loss = 0.130782; ['mse_0=0.002202; ', 'lpips_0=0.006292; ', 'codec_recon_0=0.013392; ', 'bpp_0=6.114505; ', 'mse_1=0.001808; ', 'lpips_1=0.005438; ', 'codec_recon_1=0.079876; ', 'bpp_1=0.302912; ', 'mse_2=0.001568; ', 'lpips_2=0.004734; ', 'codec_recon_2=0.015472; ', 'bpp_2=0.294332; ']
train step[1348/2000] ; used: 31m:27s; eta: 15m:12s; loss = 0.133500; ['mse_0=0.003449; ', 'lpips_0=0.006488; ', 'codec_recon_0=0.012320; ', 'bpp_0=6.137185; ', 'mse_1=0.003089; ', 'lpips_1=0.005424; ', 'codec_recon_1=0.077456; ', 'bpp_1=0.302317; ', 'mse_2=0.003015; ', 'lpips_2=0.004539; ', 'codec_recon_2=0.017720; ', 'bpp_2=0.293881; ']
train step[1349/2000] ; used: 31m:29s; eta: 15m:10s; loss = 0.158627; ['mse_0=0.002330; ', 'lpips_0=0.005677; ', 'codec_recon_0=0.012841; ', 'bpp_0=6.215290; ', 'mse_1=0.001710; ', 'lpips_1=0.004355; ', 'codec_recon_1=0.106844; ', 'bpp_1=0.304493; ', 'mse_2=0.001265; ', 'lpips_2=0.003034; ', 'codec_recon_2=0.020570; ', 'bpp_2=0.295785; ']
train step[1350/2000] ; used: 31m:30s; eta: 15m:9s; loss = 0.125021; ['mse_0=0.001417; ', 'lpips_0=0.005165; ', 'codec_recon_0=0.011015; ', 'bpp_0=6.178619; ', 'mse_1=0.001106; ', 'lpips_1=0.003881; ', 'codec_recon_1=0.081824; ', 'bpp_1=0.303393; ', 'mse_2=0.000955; ', 'lpips_2=0.003056; ', 'codec_recon_2=0.016602; ', 'bpp_2=0.295354; ']
train step[1351/2000] ; used: 31m:31s; eta: 15m:7s; loss = 0.112553; ['mse_0=0.003217; ', 'lpips_0=0.006396; ', 'codec_recon_0=0.010671; ', 'bpp_0=6.085079; ', 'mse_1=0.003052; ', 'lpips_1=0.005511; ', 'codec_recon_1=0.061763; ', 'bpp_1=0.301835; ', 'mse_2=0.003009; ', 'lpips_2=0.005159; ', 'codec_recon_2=0.013774; ', 'bpp_2=0.292309; ']
train step[1352/2000] ; used: 31m:32s; eta: 15m:6s; loss = 0.157759; ['mse_0=0.001795; ', 'lpips_0=0.006780; ', 'codec_recon_0=0.012934; ', 'bpp_0=6.174551; ', 'mse_1=0.001432; ', 'lpips_1=0.005349; ', 'codec_recon_1=0.101592; ', 'bpp_1=0.302608; ', 'mse_2=0.001098; ', 'lpips_2=0.004165; ', 'codec_recon_2=0.022615; ', 'bpp_2=0.295190; ']
train step[1353/2000] ; used: 31m:33s; eta: 15m:4s; loss = 0.098227; ['mse_0=0.001414; ', 'lpips_0=0.005899; ', 'codec_recon_0=0.014276; ', 'bpp_0=6.024652; ', 'mse_1=0.001235; ', 'lpips_1=0.004905; ', 'codec_recon_1=0.053263; ', 'bpp_1=0.300252; ', 'mse_2=0.001150; ', 'lpips_2=0.004436; ', 'codec_recon_2=0.011649; ', 'bpp_2=0.290562; ']
train step[1354/2000] ; used: 31m:34s; eta: 15m:3s; loss = 0.102502; ['mse_0=0.000502; ', 'lpips_0=0.005090; ', 'codec_recon_0=0.010568; ', 'bpp_0=6.096464; ', 'mse_1=0.000354; ', 'lpips_1=0.004008; ', 'codec_recon_1=0.063208; ', 'bpp_1=0.301299; ', 'mse_2=0.000281; ', 'lpips_2=0.003582; ', 'codec_recon_2=0.014909; ', 'bpp_2=0.292601; ']
train step[1355/2000] ; used: 31m:35s; eta: 15m:1s; loss = 0.113638; ['mse_0=0.001413; ', 'lpips_0=0.004929; ', 'codec_recon_0=0.011472; ', 'bpp_0=6.138343; ', 'mse_1=0.001132; ', 'lpips_1=0.004103; ', 'codec_recon_1=0.070965; ', 'bpp_1=0.303008; ', 'mse_2=0.000986; ', 'lpips_2=0.003515; ', 'codec_recon_2=0.015123; ', 'bpp_2=0.293895; ']
train step[1356/2000] ; used: 31m:36s; eta: 15m; loss = 0.091884; ['mse_0=0.001421; ', 'lpips_0=0.006597; ', 'codec_recon_0=0.009910; ', 'bpp_0=6.048259; ', 'mse_1=0.001198; ', 'lpips_1=0.005639; ', 'codec_recon_1=0.049196; ', 'bpp_1=0.301045; ', 'mse_2=0.001188; ', 'lpips_2=0.005253; ', 'codec_recon_2=0.011481; ', 'bpp_2=0.290455; ']
train step[1357/2000] ; used: 31m:37s; eta: 14m:58s; loss = 0.102503; ['mse_0=0.002623; ', 'lpips_0=0.006454; ', 'codec_recon_0=0.012045; ', 'bpp_0=6.096097; ', 'mse_1=0.002249; ', 'lpips_1=0.005365; ', 'codec_recon_1=0.054890; ', 'bpp_1=0.301885; ', 'mse_2=0.002101; ', 'lpips_2=0.004835; ', 'codec_recon_2=0.011941; ', 'bpp_2=0.292224; ']
train step[1358/2000] ; used: 31m:38s; eta: 14m:57s; loss = 0.126744; ['mse_0=0.002776; ', 'lpips_0=0.004946; ', 'codec_recon_0=0.011992; ', 'bpp_0=6.157834; ', 'mse_1=0.002331; ', 'lpips_1=0.003784; ', 'codec_recon_1=0.079809; ', 'bpp_1=0.303929; ', 'mse_2=0.002048; ', 'lpips_2=0.002971; ', 'codec_recon_2=0.016087; ', 'bpp_2=0.294594; ']
train step[1359/2000] ; used: 31m:40s; eta: 14m:55s; loss = 0.093206; ['mse_0=0.000601; ', 'lpips_0=0.004695; ', 'codec_recon_0=0.012272; ', 'bpp_0=6.059003; ', 'mse_1=0.000447; ', 'lpips_1=0.003679; ', 'codec_recon_1=0.055369; ', 'bpp_1=0.301414; ', 'mse_2=0.000348; ', 'lpips_2=0.003223; ', 'codec_recon_2=0.012573; ', 'bpp_2=0.291754; ']
train step[1360/2000] ; used: 31m:41s; eta: 14m:54s; loss = 0.130706; ['mse_0=0.002893; ', 'lpips_0=0.005636; ', 'codec_recon_0=0.011912; ', 'bpp_0=6.154154; ', 'mse_1=0.002547; ', 'lpips_1=0.004644; ', 'codec_recon_1=0.080512; ', 'bpp_1=0.302920; ', 'mse_2=0.002346; ', 'lpips_2=0.003881; ', 'codec_recon_2=0.016334; ', 'bpp_2=0.294116; ']
train step[1361/2000] ; used: 31m:42s; eta: 14m:52s; loss = 0.120780; ['mse_0=0.001985; ', 'lpips_0=0.007315; ', 'codec_recon_0=0.011142; ', 'bpp_0=6.192260; ', 'mse_1=0.001784; ', 'lpips_1=0.006559; ', 'codec_recon_1=0.068395; ', 'bpp_1=0.304242; ', 'mse_2=0.001737; ', 'lpips_2=0.006061; ', 'codec_recon_2=0.015801; ', 'bpp_2=0.295702; ']
train step[1362/2000] ; used: 31m:43s; eta: 14m:50s; loss = 0.105957; ['mse_0=0.001119; ', 'lpips_0=0.004776; ', 'codec_recon_0=0.010547; ', 'bpp_0=6.122399; ', 'mse_1=0.000905; ', 'lpips_1=0.004000; ', 'codec_recon_1=0.066074; ', 'bpp_1=0.302079; ', 'mse_2=0.000764; ', 'lpips_2=0.003292; ', 'codec_recon_2=0.014480; ', 'bpp_2=0.291910; ']
train step[1363/2000] ; used: 31m:44s; eta: 14m:49s; loss = 0.129487; ['mse_0=0.001205; ', 'lpips_0=0.005034; ', 'codec_recon_0=0.011439; ', 'bpp_0=6.193268; ', 'mse_1=0.000867; ', 'lpips_1=0.003819; ', 'codec_recon_1=0.086447; ', 'bpp_1=0.303767; ', 'mse_2=0.000553; ', 'lpips_2=0.003010; ', 'codec_recon_2=0.017111; ', 'bpp_2=0.295661; ']
train step[1364/2000] ; used: 31m:45s; eta: 14m:47s; loss = 0.107358; ['mse_0=0.000627; ', 'lpips_0=0.003905; ', 'codec_recon_0=0.010020; ', 'bpp_0=6.151093; ', 'mse_1=0.000450; ', 'lpips_1=0.002829; ', 'codec_recon_1=0.071630; ', 'bpp_1=0.302479; ', 'mse_2=0.000276; ', 'lpips_2=0.002158; ', 'codec_recon_2=0.015463; ', 'bpp_2=0.292996; ']
train step[1365/2000] ; used: 31m:46s; eta: 14m:46s; loss = 0.100849; ['mse_0=0.001574; ', 'lpips_0=0.004654; ', 'codec_recon_0=0.010890; ', 'bpp_0=6.088982; ', 'mse_1=0.001245; ', 'lpips_1=0.003745; ', 'codec_recon_1=0.060821; ', 'bpp_1=0.300768; ', 'mse_2=0.001044; ', 'lpips_2=0.003132; ', 'codec_recon_2=0.013744; ', 'bpp_2=0.291118; ']
train step[1366/2000] ; used: 31m:47s; eta: 14m:44s; loss = 0.141623; ['mse_0=0.003776; ', 'lpips_0=0.007161; ', 'codec_recon_0=0.011211; ', 'bpp_0=6.168901; ', 'mse_1=0.003536; ', 'lpips_1=0.006124; ', 'codec_recon_1=0.081990; ', 'bpp_1=0.303930; ', 'mse_2=0.003552; ', 'lpips_2=0.005409; ', 'codec_recon_2=0.018862; ', 'bpp_2=0.295871; ']
train step[1367/2000] ; used: 31m:48s; eta: 14m:43s; loss = 0.141871; ['mse_0=0.001667; ', 'lpips_0=0.005529; ', 'codec_recon_0=0.012427; ', 'bpp_0=6.183267; ', 'mse_1=0.001288; ', 'lpips_1=0.004179; ', 'codec_recon_1=0.094699; ', 'bpp_1=0.304414; ', 'mse_2=0.000829; ', 'lpips_2=0.002816; ', 'codec_recon_2=0.018438; ', 'bpp_2=0.295156; ']
train step[1368/2000] ; used: 31m:49s; eta: 14m:41s; loss = 0.117680; ['mse_0=0.000751; ', 'lpips_0=0.005341; ', 'codec_recon_0=0.011737; ', 'bpp_0=6.163032; ', 'mse_1=0.000614; ', 'lpips_1=0.004151; ', 'codec_recon_1=0.074719; ', 'bpp_1=0.303309; ', 'mse_2=0.000499; ', 'lpips_2=0.003317; ', 'codec_recon_2=0.016552; ', 'bpp_2=0.293692; ']
train step[1369/2000] ; used: 31m:51s; eta: 14m:40s; loss = 0.092822; ['mse_0=0.001522; ', 'lpips_0=0.004293; ', 'codec_recon_0=0.009210; ', 'bpp_0=6.099044; ', 'mse_1=0.001190; ', 'lpips_1=0.003458; ', 'codec_recon_1=0.057115; ', 'bpp_1=0.301832; ', 'mse_2=0.000939; ', 'lpips_2=0.003021; ', 'codec_recon_2=0.012074; ', 'bpp_2=0.292942; ']
train step[1370/2000] ; used: 31m:52s; eta: 14m:38s; loss = 0.088958; ['mse_0=0.000980; ', 'lpips_0=0.004697; ', 'codec_recon_0=0.009642; ', 'bpp_0=6.094518; ', 'mse_1=0.000780; ', 'lpips_1=0.003932; ', 'codec_recon_1=0.052197; ', 'bpp_1=0.300999; ', 'mse_2=0.000661; ', 'lpips_2=0.003514; ', 'codec_recon_2=0.012555; ', 'bpp_2=0.292090; ']
train step[1371/2000] ; used: 31m:53s; eta: 14m:37s; loss = 0.156680; ['mse_0=0.002004; ', 'lpips_0=0.005402; ', 'codec_recon_0=0.013563; ', 'bpp_0=6.192511; ', 'mse_1=0.001677; ', 'lpips_1=0.004249; ', 'codec_recon_1=0.102356; ', 'bpp_1=0.304601; ', 'mse_2=0.001500; ', 'lpips_2=0.003341; ', 'codec_recon_2=0.022589; ', 'bpp_2=0.296018; ']
train step[1372/2000] ; used: 31m:54s; eta: 14m:35s; loss = 0.107755; ['mse_0=0.003387; ', 'lpips_0=0.007657; ', 'codec_recon_0=0.010396; ', 'bpp_0=6.082692; ', 'mse_1=0.003085; ', 'lpips_1=0.006803; ', 'codec_recon_1=0.054862; ', 'bpp_1=0.301318; ', 'mse_2=0.002987; ', 'lpips_2=0.006303; ', 'codec_recon_2=0.012275; ', 'bpp_2=0.291793; ']
train step[1373/2000] ; used: 31m:55s; eta: 14m:34s; loss = 0.116264; ['mse_0=0.001668; ', 'lpips_0=0.005272; ', 'codec_recon_0=0.011271; ', 'bpp_0=6.112442; ', 'mse_1=0.001372; ', 'lpips_1=0.004323; ', 'codec_recon_1=0.071737; ', 'bpp_1=0.302009; ', 'mse_2=0.001223; ', 'lpips_2=0.003779; ', 'codec_recon_2=0.015619; ', 'bpp_2=0.292637; ']
train step[1374/2000] ; used: 31m:56s; eta: 14m:32s; loss = 0.102308; ['mse_0=0.001697; ', 'lpips_0=0.004777; ', 'codec_recon_0=0.009714; ', 'bpp_0=6.114427; ', 'mse_1=0.001379; ', 'lpips_1=0.003826; ', 'codec_recon_1=0.063583; ', 'bpp_1=0.301938; ', 'mse_2=0.001325; ', 'lpips_2=0.003266; ', 'codec_recon_2=0.012741; ', 'bpp_2=0.292294; ']
train step[1375/2000] ; used: 31m:57s; eta: 14m:31s; loss = 0.153909; ['mse_0=0.003893; ', 'lpips_0=0.010139; ', 'codec_recon_0=0.013415; ', 'bpp_0=6.159724; ', 'mse_1=0.003562; ', 'lpips_1=0.008525; ', 'codec_recon_1=0.082955; ', 'bpp_1=0.304654; ', 'mse_2=0.003304; ', 'lpips_2=0.007393; ', 'codec_recon_2=0.020723; ', 'bpp_2=0.295296; ']
train step[1376/2000] ; used: 31m:58s; eta: 14m:29s; loss = 0.114501; ['mse_0=0.002758; ', 'lpips_0=0.008105; ', 'codec_recon_0=0.012635; ', 'bpp_0=6.019916; ', 'mse_1=0.002493; ', 'lpips_1=0.007308; ', 'codec_recon_1=0.058573; ', 'bpp_1=0.300812; ', 'mse_2=0.002354; ', 'lpips_2=0.006788; ', 'codec_recon_2=0.013486; ', 'bpp_2=0.291957; ']
train step[1377/2000] ; used: 31m:59s; eta: 14m:27s; loss = 0.115009; ['mse_0=0.001495; ', 'lpips_0=0.005003; ', 'codec_recon_0=0.010859; ', 'bpp_0=6.121851; ', 'mse_1=0.001157; ', 'lpips_1=0.003983; ', 'codec_recon_1=0.073200; ', 'bpp_1=0.302593; ', 'mse_2=0.000962; ', 'lpips_2=0.003199; ', 'codec_recon_2=0.015152; ', 'bpp_2=0.293556; ']
train step[1378/2000] ; used: 32m:1s; eta: 14m:26s; loss = 0.110456; ['mse_0=0.001359; ', 'lpips_0=0.004987; ', 'codec_recon_0=0.011171; ', 'bpp_0=6.081120; ', 'mse_1=0.001077; ', 'lpips_1=0.004029; ', 'codec_recon_1=0.068942; ', 'bpp_1=0.300551; ', 'mse_2=0.000883; ', 'lpips_2=0.003321; ', 'codec_recon_2=0.014687; ', 'bpp_2=0.291139; ']
train step[1379/2000] ; used: 32m:2s; eta: 14m:24s; loss = 0.098385; ['mse_0=0.001074; ', 'lpips_0=0.003904; ', 'codec_recon_0=0.009611; ', 'bpp_0=6.096884; ', 'mse_1=0.000763; ', 'lpips_1=0.002955; ', 'codec_recon_1=0.063847; ', 'bpp_1=0.301285; ', 'mse_2=0.000559; ', 'lpips_2=0.002378; ', 'codec_recon_2=0.013295; ', 'bpp_2=0.292297; ']
train step[1380/2000] ; used: 32m:3s; eta: 14m:23s; loss = 0.110943; ['mse_0=0.003614; ', 'lpips_0=0.008000; ', 'codec_recon_0=0.010861; ', 'bpp_0=6.046541; ', 'mse_1=0.003452; ', 'lpips_1=0.007158; ', 'codec_recon_1=0.053720; ', 'bpp_1=0.301070; ', 'mse_2=0.003454; ', 'lpips_2=0.006674; ', 'codec_recon_2=0.014010; ', 'bpp_2=0.291315; ']
train step[1381/2000] ; used: 32m:4s; eta: 14m:21s; loss = 0.083120; ['mse_0=0.000765; ', 'lpips_0=0.005194; ', 'codec_recon_0=0.010429; ', 'bpp_0=6.051430; ', 'mse_1=0.000581; ', 'lpips_1=0.004424; ', 'codec_recon_1=0.046503; ', 'bpp_1=0.300489; ', 'mse_2=0.000543; ', 'lpips_2=0.003950; ', 'codec_recon_2=0.010731; ', 'bpp_2=0.291103; ']
train step[1382/2000] ; used: 32m:5s; eta: 14m:20s; loss = 0.097845; ['mse_0=0.001539; ', 'lpips_0=0.005824; ', 'codec_recon_0=0.009956; ', 'bpp_0=6.094472; ', 'mse_1=0.001320; ', 'lpips_1=0.004898; ', 'codec_recon_1=0.055592; ', 'bpp_1=0.301836; ', 'mse_2=0.001181; ', 'lpips_2=0.004281; ', 'codec_recon_2=0.013255; ', 'bpp_2=0.291568; ']
train step[1383/2000] ; used: 32m:6s; eta: 14m:18s; loss = 0.097468; ['mse_0=0.002968; ', 'lpips_0=0.006836; ', 'codec_recon_0=0.009719; ', 'bpp_0=5.985340; ', 'mse_1=0.002817; ', 'lpips_1=0.006068; ', 'codec_recon_1=0.049626; ', 'bpp_1=0.300251; ', 'mse_2=0.002744; ', 'lpips_2=0.005631; ', 'codec_recon_2=0.011057; ', 'bpp_2=0.289891; ']
train step[1384/2000] ; used: 32m:7s; eta: 14m:17s; loss = 0.114578; ['mse_0=0.002441; ', 'lpips_0=0.005024; ', 'codec_recon_0=0.010466; ', 'bpp_0=6.078743; ', 'mse_1=0.001938; ', 'lpips_1=0.004125; ', 'codec_recon_1=0.069969; ', 'bpp_1=0.301359; ', 'mse_2=0.001661; ', 'lpips_2=0.003269; ', 'codec_recon_2=0.015684; ', 'bpp_2=0.291787; ']
train step[1385/2000] ; used: 32m:8s; eta: 14m:15s; loss = 0.128850; ['mse_0=0.001382; ', 'lpips_0=0.005754; ', 'codec_recon_0=0.010767; ', 'bpp_0=6.165704; ', 'mse_1=0.000937; ', 'lpips_1=0.004156; ', 'codec_recon_1=0.083887; ', 'bpp_1=0.303250; ', 'mse_2=0.000702; ', 'lpips_2=0.003261; ', 'codec_recon_2=0.018005; ', 'bpp_2=0.293456; ']
train step[1386/2000] ; used: 32m:10s; eta: 14m:14s; loss = 0.103617; ['mse_0=0.001579; ', 'lpips_0=0.005251; ', 'codec_recon_0=0.009792; ', 'bpp_0=6.051682; ', 'mse_1=0.001250; ', 'lpips_1=0.004320; ', 'codec_recon_1=0.062599; ', 'bpp_1=0.299793; ', 'mse_2=0.000888; ', 'lpips_2=0.003673; ', 'codec_recon_2=0.014265; ', 'bpp_2=0.291379; ']
train step[1387/2000] ; used: 32m:11s; eta: 14m:12s; loss = 0.105509; ['mse_0=0.001455; ', 'lpips_0=0.005197; ', 'codec_recon_0=0.010506; ', 'bpp_0=6.089546; ', 'mse_1=0.001169; ', 'lpips_1=0.004185; ', 'codec_recon_1=0.063604; ', 'bpp_1=0.301147; ', 'mse_2=0.001046; ', 'lpips_2=0.003670; ', 'codec_recon_2=0.014678; ', 'bpp_2=0.292126; ']
train step[1388/2000] ; used: 32m:12s; eta: 14m:11s; loss = 0.145849; ['mse_0=0.009938; ', 'lpips_0=0.011849; ', 'codec_recon_0=0.011802; ', 'bpp_0=6.051707; ', 'mse_1=0.009254; ', 'lpips_1=0.010864; ', 'codec_recon_1=0.057641; ', 'bpp_1=0.300553; ', 'mse_2=0.009156; ', 'lpips_2=0.010430; ', 'codec_recon_2=0.014915; ', 'bpp_2=0.292625; ']
train step[1389/2000] ; used: 32m:13s; eta: 14m:9s; loss = 0.121914; ['mse_0=0.002382; ', 'lpips_0=0.006324; ', 'codec_recon_0=0.011168; ', 'bpp_0=6.103712; ', 'mse_1=0.001957; ', 'lpips_1=0.004984; ', 'codec_recon_1=0.073393; ', 'bpp_1=0.300520; ', 'mse_2=0.001811; ', 'lpips_2=0.004112; ', 'codec_recon_2=0.015783; ', 'bpp_2=0.292623; ']
train step[1390/2000] ; used: 32m:14s; eta: 14m:8s; loss = 0.160295; ['mse_0=0.004434; ', 'lpips_0=0.008019; ', 'codec_recon_0=0.012639; ', 'bpp_0=6.176691; ', 'mse_1=0.003713; ', 'lpips_1=0.006695; ', 'codec_recon_1=0.095938; ', 'bpp_1=0.304156; ', 'mse_2=0.003122; ', 'lpips_2=0.005315; ', 'codec_recon_2=0.020420; ', 'bpp_2=0.295902; ']
train step[1391/2000] ; used: 32m:15s; eta: 14m:6s; loss = 0.149393; ['mse_0=0.002586; ', 'lpips_0=0.006653; ', 'codec_recon_0=0.012262; ', 'bpp_0=6.134204; ', 'mse_1=0.001975; ', 'lpips_1=0.005329; ', 'codec_recon_1=0.092434; ', 'bpp_1=0.302806; ', 'mse_2=0.001541; ', 'lpips_2=0.003941; ', 'codec_recon_2=0.022671; ', 'bpp_2=0.293593; ']
train step[1392/2000] ; used: 32m:16s; eta: 14m:5s; loss = 0.095287; ['mse_0=0.000765; ', 'lpips_0=0.004620; ', 'codec_recon_0=0.010077; ', 'bpp_0=6.079079; ', 'mse_1=0.000482; ', 'lpips_1=0.003273; ', 'codec_recon_1=0.058752; ', 'bpp_1=0.300334; ', 'mse_2=0.000380; ', 'lpips_2=0.002752; ', 'codec_recon_2=0.014187; ', 'bpp_2=0.291282; ']
train step[1393/2000] ; used: 32m:17s; eta: 14m:3s; loss = 0.114869; ['mse_0=0.001507; ', 'lpips_0=0.007250; ', 'codec_recon_0=0.011443; ', 'bpp_0=6.091935; ', 'mse_1=0.001228; ', 'lpips_1=0.006150; ', 'codec_recon_1=0.064772; ', 'bpp_1=0.302161; ', 'mse_2=0.001233; ', 'lpips_2=0.005741; ', 'codec_recon_2=0.015545; ', 'bpp_2=0.293062; ']
train step[1394/2000] ; used: 32m:18s; eta: 14m:2s; loss = 0.151130; ['mse_0=0.001329; ', 'lpips_0=0.005483; ', 'codec_recon_0=0.011742; ', 'bpp_0=6.213592; ', 'mse_1=0.000992; ', 'lpips_1=0.003842; ', 'codec_recon_1=0.104292; ', 'bpp_1=0.303525; ', 'mse_2=0.000655; ', 'lpips_2=0.002556; ', 'codec_recon_2=0.020239; ', 'bpp_2=0.294930; ']
train step[1395/2000] ; used: 32m:20s; eta: 14m; loss = 0.124748; ['mse_0=0.002530; ', 'lpips_0=0.006545; ', 'codec_recon_0=0.011536; ', 'bpp_0=6.146937; ', 'mse_1=0.002103; ', 'lpips_1=0.005324; ', 'codec_recon_1=0.074308; ', 'bpp_1=0.303607; ', 'mse_2=0.001820; ', 'lpips_2=0.004166; ', 'codec_recon_2=0.016416; ', 'bpp_2=0.294097; ']
train step[1396/2000] ; used: 32m:21s; eta: 13m:59s; loss = 0.088904; ['mse_0=0.000706; ', 'lpips_0=0.004759; ', 'codec_recon_0=0.010197; ', 'bpp_0=6.087824; ', 'mse_1=0.000562; ', 'lpips_1=0.003656; ', 'codec_recon_1=0.052796; ', 'bpp_1=0.300820; ', 'mse_2=0.000468; ', 'lpips_2=0.003125; ', 'codec_recon_2=0.012635; ', 'bpp_2=0.291791; ']
train step[1397/2000] ; used: 32m:22s; eta: 13m:57s; loss = 0.105973; ['mse_0=0.001927; ', 'lpips_0=0.005607; ', 'codec_recon_0=0.010600; ', 'bpp_0=6.034726; ', 'mse_1=0.001601; ', 'lpips_1=0.004450; ', 'codec_recon_1=0.062151; ', 'bpp_1=0.300502; ', 'mse_2=0.001469; ', 'lpips_2=0.003695; ', 'codec_recon_2=0.014473; ', 'bpp_2=0.290321; ']
train step[1398/2000] ; used: 32m:23s; eta: 13m:56s; loss = 0.127680; ['mse_0=0.003490; ', 'lpips_0=0.006271; ', 'codec_recon_0=0.010962; ', 'bpp_0=6.140592; ', 'mse_1=0.003199; ', 'lpips_1=0.005494; ', 'codec_recon_1=0.074533; ', 'bpp_1=0.303543; ', 'mse_2=0.002904; ', 'lpips_2=0.004548; ', 'codec_recon_2=0.016278; ', 'bpp_2=0.294133; ']
train step[1399/2000] ; used: 32m:24s; eta: 13m:54s; loss = 0.149218; ['mse_0=0.002095; ', 'lpips_0=0.006412; ', 'codec_recon_0=0.012179; ', 'bpp_0=6.203895; ', 'mse_1=0.001751; ', 'lpips_1=0.005162; ', 'codec_recon_1=0.094707; ', 'bpp_1=0.304542; ', 'mse_2=0.001238; ', 'lpips_2=0.003873; ', 'codec_recon_2=0.021801; ', 'bpp_2=0.295954; ']
train step[1400/2000] ; used: 32m:25s; eta: 13m:53s; loss = 0.102655; ['mse_0=0.000964; ', 'lpips_0=0.005370; ', 'codec_recon_0=0.009924; ', 'bpp_0=6.069673; ', 'mse_1=0.000675; ', 'lpips_1=0.004287; ', 'codec_recon_1=0.062698; ', 'bpp_1=0.300580; ', 'mse_2=0.000497; ', 'lpips_2=0.003514; ', 'codec_recon_2=0.014725; ', 'bpp_2=0.290718; ']
train step[1401/2000] ; used: 32m:26s; eta: 13m:51s; loss = 0.110410; ['mse_0=0.001748; ', 'lpips_0=0.005355; ', 'codec_recon_0=0.011611; ', 'bpp_0=6.136983; ', 'mse_1=0.001369; ', 'lpips_1=0.004410; ', 'codec_recon_1=0.065616; ', 'bpp_1=0.303376; ', 'mse_2=0.001122; ', 'lpips_2=0.003566; ', 'codec_recon_2=0.015613; ', 'bpp_2=0.293224; ']
train step[1402/2000] ; used: 32m:27s; eta: 13m:50s; loss = 0.096849; ['mse_0=0.001089; ', 'lpips_0=0.005013; ', 'codec_recon_0=0.010435; ', 'bpp_0=6.085501; ', 'mse_1=0.000757; ', 'lpips_1=0.004024; ', 'codec_recon_1=0.057106; ', 'bpp_1=0.301502; ', 'mse_2=0.000586; ', 'lpips_2=0.003273; ', 'codec_recon_2=0.014566; ', 'bpp_2=0.291112; ']
train step[1403/2000] ; used: 32m:28s; eta: 13m:48s; loss = 0.124577; ['mse_0=0.001876; ', 'lpips_0=0.005262; ', 'codec_recon_0=0.011214; ', 'bpp_0=6.096579; ', 'mse_1=0.001546; ', 'lpips_1=0.004222; ', 'codec_recon_1=0.078046; ', 'bpp_1=0.301947; ', 'mse_2=0.000999; ', 'lpips_2=0.002858; ', 'codec_recon_2=0.018554; ', 'bpp_2=0.292701; ']
train step[1404/2000] ; used: 32m:29s; eta: 13m:47s; loss = 0.133222; ['mse_0=0.002988; ', 'lpips_0=0.008176; ', 'codec_recon_0=0.011187; ', 'bpp_0=6.103703; ', 'mse_1=0.002551; ', 'lpips_1=0.007131; ', 'codec_recon_1=0.075501; ', 'bpp_1=0.302206; ', 'mse_2=0.002244; ', 'lpips_2=0.006381; ', 'codec_recon_2=0.017063; ', 'bpp_2=0.292629; ']
train step[1405/2000] ; used: 32m:31s; eta: 13m:45s; loss = 0.106338; ['mse_0=0.001107; ', 'lpips_0=0.005017; ', 'codec_recon_0=0.010570; ', 'bpp_0=6.103630; ', 'mse_1=0.000742; ', 'lpips_1=0.003769; ', 'codec_recon_1=0.065876; ', 'bpp_1=0.302534; ', 'mse_2=0.000538; ', 'lpips_2=0.002946; ', 'codec_recon_2=0.015772; ', 'bpp_2=0.292435; ']
train step[1406/2000] ; used: 32m:32s; eta: 13m:44s; loss = 0.125300; ['mse_0=0.002220; ', 'lpips_0=0.007382; ', 'codec_recon_0=0.011775; ', 'bpp_0=6.117366; ', 'mse_1=0.001830; ', 'lpips_1=0.006193; ', 'codec_recon_1=0.071234; ', 'bpp_1=0.303053; ', 'mse_2=0.001700; ', 'lpips_2=0.005378; ', 'codec_recon_2=0.017587; ', 'bpp_2=0.294060; ']
train step[1407/2000] ; used: 32m:33s; eta: 13m:42s; loss = 0.097679; ['mse_0=0.001056; ', 'lpips_0=0.005381; ', 'codec_recon_0=0.011212; ', 'bpp_0=6.061911; ', 'mse_1=0.000822; ', 'lpips_1=0.004520; ', 'codec_recon_1=0.056956; ', 'bpp_1=0.300685; ', 'mse_2=0.000772; ', 'lpips_2=0.004015; ', 'codec_recon_2=0.012944; ', 'bpp_2=0.291361; ']
train step[1408/2000] ; used: 32m:34s; eta: 13m:41s; loss = 0.123217; ['mse_0=0.002277; ', 'lpips_0=0.005426; ', 'codec_recon_0=0.010759; ', 'bpp_0=6.093152; ', 'mse_1=0.001801; ', 'lpips_1=0.004270; ', 'codec_recon_1=0.076384; ', 'bpp_1=0.301011; ', 'mse_2=0.001419; ', 'lpips_2=0.003147; ', 'codec_recon_2=0.017732; ', 'bpp_2=0.291768; ']
train step[1409/2000] ; used: 32m:35s; eta: 13m:39s; loss = 0.108627; ['mse_0=0.002082; ', 'lpips_0=0.006972; ', 'codec_recon_0=0.010606; ', 'bpp_0=6.126101; ', 'mse_1=0.001780; ', 'lpips_1=0.005843; ', 'codec_recon_1=0.058599; ', 'bpp_1=0.302597; ', 'mse_2=0.001610; ', 'lpips_2=0.004671; ', 'codec_recon_2=0.016465; ', 'bpp_2=0.292493; ']
train step[1410/2000] ; used: 32m:36s; eta: 13m:38s; loss = 0.107158; ['mse_0=0.002101; ', 'lpips_0=0.006441; ', 'codec_recon_0=0.011282; ', 'bpp_0=6.069383; ', 'mse_1=0.001864; ', 'lpips_1=0.005562; ', 'codec_recon_1=0.058736; ', 'bpp_1=0.301017; ', 'mse_2=0.001798; ', 'lpips_2=0.005129; ', 'codec_recon_2=0.014245; ', 'bpp_2=0.292502; ']
train step[1411/2000] ; used: 32m:37s; eta: 13m:36s; loss = 0.120909; ['mse_0=0.004097; ', 'lpips_0=0.007678; ', 'codec_recon_0=0.011392; ', 'bpp_0=6.017491; ', 'mse_1=0.004002; ', 'lpips_1=0.006999; ', 'codec_recon_1=0.060065; ', 'bpp_1=0.301121; ', 'mse_2=0.003917; ', 'lpips_2=0.006407; ', 'codec_recon_2=0.016352; ', 'bpp_2=0.289706; ']
train step[1412/2000] ; used: 32m:38s; eta: 13m:35s; loss = 0.122428; ['mse_0=0.001427; ', 'lpips_0=0.005219; ', 'codec_recon_0=0.011041; ', 'bpp_0=6.142191; ', 'mse_1=0.001137; ', 'lpips_1=0.003948; ', 'codec_recon_1=0.077959; ', 'bpp_1=0.302663; ', 'mse_2=0.001038; ', 'lpips_2=0.003392; ', 'codec_recon_2=0.017265; ', 'bpp_2=0.293712; ']
train step[1413/2000] ; used: 32m:39s; eta: 13m:33s; loss = 0.096519; ['mse_0=0.001552; ', 'lpips_0=0.005744; ', 'codec_recon_0=0.010398; ', 'bpp_0=6.075037; ', 'mse_1=0.001219; ', 'lpips_1=0.004722; ', 'codec_recon_1=0.054947; ', 'bpp_1=0.301913; ', 'mse_2=0.001097; ', 'lpips_2=0.004027; ', 'codec_recon_2=0.012813; ', 'bpp_2=0.292834; ']
train step[1414/2000] ; used: 32m:41s; eta: 13m:32s; loss = 0.104406; ['mse_0=0.001735; ', 'lpips_0=0.004785; ', 'codec_recon_0=0.009818; ', 'bpp_0=6.111046; ', 'mse_1=0.001326; ', 'lpips_1=0.003919; ', 'codec_recon_1=0.064086; ', 'bpp_1=0.301148; ', 'mse_2=0.001107; ', 'lpips_2=0.003234; ', 'codec_recon_2=0.014397; ', 'bpp_2=0.291792; ']
train step[1415/2000] ; used: 32m:42s; eta: 13m:30s; loss = 0.110465; ['mse_0=0.001205; ', 'lpips_0=0.005733; ', 'codec_recon_0=0.010390; ', 'bpp_0=6.120090; ', 'mse_1=0.000942; ', 'lpips_1=0.004525; ', 'codec_recon_1=0.066886; ', 'bpp_1=0.303448; ', 'mse_2=0.000720; ', 'lpips_2=0.003679; ', 'codec_recon_2=0.016383; ', 'bpp_2=0.292683; ']
train step[1416/2000] ; used: 32m:43s; eta: 13m:29s; loss = 0.149349; ['mse_0=0.002459; ', 'lpips_0=0.006699; ', 'codec_recon_0=0.011254; ', 'bpp_0=6.207929; ', 'mse_1=0.002019; ', 'lpips_1=0.005328; ', 'codec_recon_1=0.095436; ', 'bpp_1=0.304725; ', 'mse_2=0.001724; ', 'lpips_2=0.004179; ', 'codec_recon_2=0.020252; ', 'bpp_2=0.296114; ']
train step[1417/2000] ; used: 32m:44s; eta: 13m:27s; loss = 0.130796; ['mse_0=0.003030; ', 'lpips_0=0.007504; ', 'codec_recon_0=0.011060; ', 'bpp_0=6.119657; ', 'mse_1=0.002675; ', 'lpips_1=0.006297; ', 'codec_recon_1=0.074769; ', 'bpp_1=0.301424; ', 'mse_2=0.002386; ', 'lpips_2=0.005333; ', 'codec_recon_2=0.017741; ', 'bpp_2=0.292734; ']
train step[1418/2000] ; used: 32m:45s; eta: 13m:26s; loss = 0.090447; ['mse_0=0.000684; ', 'lpips_0=0.005508; ', 'codec_recon_0=0.010109; ', 'bpp_0=6.060755; ', 'mse_1=0.000563; ', 'lpips_1=0.004583; ', 'codec_recon_1=0.051452; ', 'bpp_1=0.301037; ', 'mse_2=0.000500; ', 'lpips_2=0.004131; ', 'codec_recon_2=0.012918; ', 'bpp_2=0.291696; ']
train step[1419/2000] ; used: 32m:46s; eta: 13m:24s; loss = 0.099586; ['mse_0=0.001536; ', 'lpips_0=0.005352; ', 'codec_recon_0=0.009963; ', 'bpp_0=6.059413; ', 'mse_1=0.001348; ', 'lpips_1=0.004188; ', 'codec_recon_1=0.058523; ', 'bpp_1=0.301140; ', 'mse_2=0.001107; ', 'lpips_2=0.003638; ', 'codec_recon_2=0.013932; ', 'bpp_2=0.290930; ']
train step[1420/2000] ; used: 32m:47s; eta: 13m:23s; loss = 0.124731; ['mse_0=0.002380; ', 'lpips_0=0.005717; ', 'codec_recon_0=0.010493; ', 'bpp_0=6.124415; ', 'mse_1=0.001861; ', 'lpips_1=0.004525; ', 'codec_recon_1=0.078306; ', 'bpp_1=0.303193; ', 'mse_2=0.001473; ', 'lpips_2=0.003469; ', 'codec_recon_2=0.016509; ', 'bpp_2=0.293432; ']
train step[1421/2000] ; used: 32m:48s; eta: 13m:21s; loss = 0.099116; ['mse_0=0.001864; ', 'lpips_0=0.007009; ', 'codec_recon_0=0.009726; ', 'bpp_0=6.052992; ', 'mse_1=0.001615; ', 'lpips_1=0.005966; ', 'codec_recon_1=0.051994; ', 'bpp_1=0.300937; ', 'mse_2=0.001574; ', 'lpips_2=0.005417; ', 'codec_recon_2=0.013950; ', 'bpp_2=0.291459; ']
train step[1422/2000] ; used: 32m:49s; eta: 13m:20s; loss = 0.160479; ['mse_0=0.007157; ', 'lpips_0=0.009041; ', 'codec_recon_0=0.011866; ', 'bpp_0=6.160440; ', 'mse_1=0.006481; ', 'lpips_1=0.008147; ', 'codec_recon_1=0.085756; ', 'bpp_1=0.303022; ', 'mse_2=0.006155; ', 'lpips_2=0.006991; ', 'codec_recon_2=0.018886; ', 'bpp_2=0.295268; ']
train step[1423/2000] ; used: 32m:50s; eta: 13m:18s; loss = 0.097149; ['mse_0=0.001185; ', 'lpips_0=0.005239; ', 'codec_recon_0=0.009658; ', 'bpp_0=6.064774; ', 'mse_1=0.000809; ', 'lpips_1=0.003977; ', 'codec_recon_1=0.058464; ', 'bpp_1=0.301290; ', 'mse_2=0.000709; ', 'lpips_2=0.003293; ', 'codec_recon_2=0.013816; ', 'bpp_2=0.291237; ']
train step[1424/2000] ; used: 32m:52s; eta: 13m:17s; loss = 0.093313; ['mse_0=0.001528; ', 'lpips_0=0.006419; ', 'codec_recon_0=0.009696; ', 'bpp_0=6.063626; ', 'mse_1=0.001258; ', 'lpips_1=0.005448; ', 'codec_recon_1=0.050678; ', 'bpp_1=0.300976; ', 'mse_2=0.001121; ', 'lpips_2=0.004921; ', 'codec_recon_2=0.012245; ', 'bpp_2=0.291535; ']
train step[1425/2000] ; used: 32m:53s; eta: 13m:15s; loss = 0.103767; ['mse_0=0.000788; ', 'lpips_0=0.004557; ', 'codec_recon_0=0.010029; ', 'bpp_0=6.130461; ', 'mse_1=0.000593; ', 'lpips_1=0.003366; ', 'codec_recon_1=0.064948; ', 'bpp_1=0.302938; ', 'mse_2=0.000519; ', 'lpips_2=0.002781; ', 'codec_recon_2=0.016185; ', 'bpp_2=0.293559; ']
train step[1426/2000] ; used: 32m:54s; eta: 13m:14s; loss = 0.113228; ['mse_0=0.003137; ', 'lpips_0=0.005692; ', 'codec_recon_0=0.010375; ', 'bpp_0=6.092790; ', 'mse_1=0.002894; ', 'lpips_1=0.004874; ', 'codec_recon_1=0.064436; ', 'bpp_1=0.302275; ', 'mse_2=0.002895; ', 'lpips_2=0.004472; ', 'codec_recon_2=0.014453; ', 'bpp_2=0.293139; ']
train step[1427/2000] ; used: 32m:55s; eta: 13m:12s; loss = 0.106622; ['mse_0=0.001751; ', 'lpips_0=0.005409; ', 'codec_recon_0=0.010113; ', 'bpp_0=6.116317; ', 'mse_1=0.001467; ', 'lpips_1=0.004250; ', 'codec_recon_1=0.065308; ', 'bpp_1=0.302566; ', 'mse_2=0.001283; ', 'lpips_2=0.003597; ', 'codec_recon_2=0.013445; ', 'bpp_2=0.293496; ']
train step[1428/2000] ; used: 32m:56s; eta: 13m:11s; loss = 0.125675; ['mse_0=0.002256; ', 'lpips_0=0.006770; ', 'codec_recon_0=0.010966; ', 'bpp_0=6.172082; ', 'mse_1=0.001889; ', 'lpips_1=0.005558; ', 'codec_recon_1=0.074285; ', 'bpp_1=0.304081; ', 'mse_2=0.001656; ', 'lpips_2=0.004686; ', 'codec_recon_2=0.017608; ', 'bpp_2=0.295141; ']
train step[1429/2000] ; used: 32m:57s; eta: 13m:9s; loss = 0.098860; ['mse_0=0.002071; ', 'lpips_0=0.005224; ', 'codec_recon_0=0.009482; ', 'bpp_0=6.081918; ', 'mse_1=0.001661; ', 'lpips_1=0.004172; ', 'codec_recon_1=0.058336; ', 'bpp_1=0.301479; ', 'mse_2=0.001511; ', 'lpips_2=0.003621; ', 'codec_recon_2=0.012781; ', 'bpp_2=0.291362; ']
train step[1430/2000] ; used: 32m:58s; eta: 13m:8s; loss = 0.113698; ['mse_0=0.003179; ', 'lpips_0=0.006674; ', 'codec_recon_0=0.010489; ', 'bpp_0=6.060897; ', 'mse_1=0.002555; ', 'lpips_1=0.005834; ', 'codec_recon_1=0.063108; ', 'bpp_1=0.300312; ', 'mse_2=0.002167; ', 'lpips_2=0.005235; ', 'codec_recon_2=0.014457; ', 'bpp_2=0.292687; ']
train step[1431/2000] ; used: 33m; eta: 13m:6s; loss = 0.097355; ['mse_0=0.000488; ', 'lpips_0=0.004213; ', 'codec_recon_0=0.009996; ', 'bpp_0=6.115339; ', 'mse_1=0.000341; ', 'lpips_1=0.003313; ', 'codec_recon_1=0.060027; ', 'bpp_1=0.301300; ', 'mse_2=0.000281; ', 'lpips_2=0.002772; ', 'codec_recon_2=0.015924; ', 'bpp_2=0.291651; ']
train step[1432/2000] ; used: 33m:1s; eta: 13m:5s; loss = 0.144949; ['mse_0=0.004183; ', 'lpips_0=0.009740; ', 'codec_recon_0=0.010494; ', 'bpp_0=6.125858; ', 'mse_1=0.003738; ', 'lpips_1=0.008592; ', 'codec_recon_1=0.078798; ', 'bpp_1=0.303825; ', 'mse_2=0.003555; ', 'lpips_2=0.007522; ', 'codec_recon_2=0.018327; ', 'bpp_2=0.293970; ']
train step[1433/2000] ; used: 33m:2s; eta: 13m:3s; loss = 0.122405; ['mse_0=0.003659; ', 'lpips_0=0.009204; ', 'codec_recon_0=0.011261; ', 'bpp_0=6.100140; ', 'mse_1=0.003316; ', 'lpips_1=0.008324; ', 'codec_recon_1=0.059889; ', 'bpp_1=0.302919; ', 'mse_2=0.003143; ', 'lpips_2=0.007797; ', 'codec_recon_2=0.015812; ', 'bpp_2=0.292352; ']
train step[1434/2000] ; used: 33m:3s; eta: 13m:2s; loss = 0.100861; ['mse_0=0.001234; ', 'lpips_0=0.004567; ', 'codec_recon_0=0.009804; ', 'bpp_0=6.110920; ', 'mse_1=0.000852; ', 'lpips_1=0.003275; ', 'codec_recon_1=0.063291; ', 'bpp_1=0.301757; ', 'mse_2=0.000639; ', 'lpips_2=0.002525; ', 'codec_recon_2=0.014673; ', 'bpp_2=0.293112; ']
Skipped bad example 7ab1ca08282c3433. Context shape was torch.Size([2, 3, 360, 480]) and target shape was torch.Size([4, 3, 360, 480]).
train step[1435/2000] ; used: 33m:4s; eta: 13m; loss = 0.096864; ['mse_0=0.000489; ', 'lpips_0=0.004131; ', 'codec_recon_0=0.009014; ', 'bpp_0=6.096431; ', 'mse_1=0.000323; ', 'lpips_1=0.003173; ', 'codec_recon_1=0.062172; ', 'bpp_1=0.301137; ', 'mse_2=0.000239; ', 'lpips_2=0.002619; ', 'codec_recon_2=0.014704; ', 'bpp_2=0.291299; ']
train step[1436/2000] ; used: 33m:5s; eta: 12m:59s; loss = 0.090708; ['mse_0=0.000505; ', 'lpips_0=0.003951; ', 'codec_recon_0=0.009160; ', 'bpp_0=6.079593; ', 'mse_1=0.000361; ', 'lpips_1=0.003040; ', 'codec_recon_1=0.057286; ', 'bpp_1=0.301406; ', 'mse_2=0.000318; ', 'lpips_2=0.002709; ', 'codec_recon_2=0.013377; ', 'bpp_2=0.290912; ']
train step[1437/2000] ; used: 33m:6s; eta: 12m:57s; loss = 0.096185; ['mse_0=0.001344; ', 'lpips_0=0.005477; ', 'codec_recon_0=0.009768; ', 'bpp_0=6.065450; ', 'mse_1=0.001050; ', 'lpips_1=0.004484; ', 'codec_recon_1=0.056139; ', 'bpp_1=0.301821; ', 'mse_2=0.000889; ', 'lpips_2=0.003959; ', 'codec_recon_2=0.013075; ', 'bpp_2=0.291771; ']
train step[1438/2000] ; used: 33m:7s; eta: 12m:56s; loss = 0.121177; ['mse_0=0.002867; ', 'lpips_0=0.006412; ', 'codec_recon_0=0.010547; ', 'bpp_0=6.119370; ', 'mse_1=0.002567; ', 'lpips_1=0.005449; ', 'codec_recon_1=0.069467; ', 'bpp_1=0.302073; ', 'mse_2=0.002617; ', 'lpips_2=0.004695; ', 'codec_recon_2=0.016555; ', 'bpp_2=0.291045; ']
train step[1439/2000] ; used: 33m:8s; eta: 12m:54s; loss = 0.112655; ['mse_0=0.004124; ', 'lpips_0=0.008823; ', 'codec_recon_0=0.008900; ', 'bpp_0=6.041582; ', 'mse_1=0.003738; ', 'lpips_1=0.007776; ', 'codec_recon_1=0.054918; ', 'bpp_1=0.300874; ', 'mse_2=0.003516; ', 'lpips_2=0.007059; ', 'codec_recon_2=0.013802; ', 'bpp_2=0.290379; ']
train step[1440/2000] ; used: 33m:10s; eta: 12m:53s; loss = 0.115687; ['mse_0=0.002528; ', 'lpips_0=0.005936; ', 'codec_recon_0=0.010572; ', 'bpp_0=6.140680; ', 'mse_1=0.002154; ', 'lpips_1=0.004987; ', 'codec_recon_1=0.067514; ', 'bpp_1=0.303306; ', 'mse_2=0.002016; ', 'lpips_2=0.004507; ', 'codec_recon_2=0.015471; ', 'bpp_2=0.294331; ']
train step[1441/2000] ; used: 33m:11s; eta: 12m:51s; loss = 0.097401; ['mse_0=0.001332; ', 'lpips_0=0.005419; ', 'codec_recon_0=0.008768; ', 'bpp_0=6.040205; ', 'mse_1=0.001029; ', 'lpips_1=0.004178; ', 'codec_recon_1=0.057236; ', 'bpp_1=0.300162; ', 'mse_2=0.000925; ', 'lpips_2=0.003512; ', 'codec_recon_2=0.015002; ', 'bpp_2=0.290561; ']
train step[1442/2000] ; used: 33m:12s; eta: 12m:50s; loss = 0.098197; ['mse_0=0.000995; ', 'lpips_0=0.005118; ', 'codec_recon_0=0.008409; ', 'bpp_0=6.114058; ', 'mse_1=0.000738; ', 'lpips_1=0.003905; ', 'codec_recon_1=0.059462; ', 'bpp_1=0.301411; ', 'mse_2=0.000576; ', 'lpips_2=0.003052; ', 'codec_recon_2=0.015942; ', 'bpp_2=0.292151; ']
train step[1443/2000] ; used: 33m:13s; eta: 12m:48s; loss = 0.099723; ['mse_0=0.000748; ', 'lpips_0=0.004647; ', 'codec_recon_0=0.009367; ', 'bpp_0=6.105751; ', 'mse_1=0.000574; ', 'lpips_1=0.003689; ', 'codec_recon_1=0.062018; ', 'bpp_1=0.301129; ', 'mse_2=0.000455; ', 'lpips_2=0.003189; ', 'codec_recon_2=0.015037; ', 'bpp_2=0.291484; ']
train step[1444/2000] ; used: 33m:14s; eta: 12m:47s; loss = 0.153629; ['mse_0=0.009639; ', 'lpips_0=0.011261; ', 'codec_recon_0=0.010425; ', 'bpp_0=6.073710; ', 'mse_1=0.009082; ', 'lpips_1=0.010844; ', 'codec_recon_1=0.066980; ', 'bpp_1=0.301994; ', 'mse_2=0.009195; ', 'lpips_2=0.010011; ', 'codec_recon_2=0.016193; ', 'bpp_2=0.291871; ']
train step[1445/2000] ; used: 33m:15s; eta: 12m:45s; loss = 0.096411; ['mse_0=0.001815; ', 'lpips_0=0.005454; ', 'codec_recon_0=0.008862; ', 'bpp_0=6.075083; ', 'mse_1=0.001615; ', 'lpips_1=0.004570; ', 'codec_recon_1=0.055599; ', 'bpp_1=0.301069; ', 'mse_2=0.001500; ', 'lpips_2=0.004039; ', 'codec_recon_2=0.012959; ', 'bpp_2=0.290100; ']
train step[1446/2000] ; used: 33m:16s; eta: 12m:44s; loss = 0.094463; ['mse_0=0.000928; ', 'lpips_0=0.005647; ', 'codec_recon_0=0.009985; ', 'bpp_0=6.043043; ', 'mse_1=0.000730; ', 'lpips_1=0.004554; ', 'codec_recon_1=0.054328; ', 'bpp_1=0.299351; ', 'mse_2=0.000612; ', 'lpips_2=0.003931; ', 'codec_recon_2=0.013747; ', 'bpp_2=0.289293; ']
train step[1447/2000] ; used: 33m:17s; eta: 12m:42s; loss = 0.121461; ['mse_0=0.001499; ', 'lpips_0=0.003984; ', 'codec_recon_0=0.010114; ', 'bpp_0=6.116388; ', 'mse_1=0.001212; ', 'lpips_1=0.002891; ', 'codec_recon_1=0.079691; ', 'bpp_1=0.300808; ', 'mse_2=0.001033; ', 'lpips_2=0.002088; ', 'codec_recon_2=0.018949; ', 'bpp_2=0.291248; ']
train step[1448/2000] ; used: 33m:18s; eta: 12m:41s; loss = 0.102621; ['mse_0=0.001495; ', 'lpips_0=0.005752; ', 'codec_recon_0=0.009661; ', 'bpp_0=6.101261; ', 'mse_1=0.001223; ', 'lpips_1=0.004798; ', 'codec_recon_1=0.060197; ', 'bpp_1=0.301312; ', 'mse_2=0.001132; ', 'lpips_2=0.004243; ', 'codec_recon_2=0.014121; ', 'bpp_2=0.292088; ']
train step[1449/2000] ; used: 33m:19s; eta: 12m:39s; loss = 0.098021; ['mse_0=0.001493; ', 'lpips_0=0.005780; ', 'codec_recon_0=0.009982; ', 'bpp_0=6.066007; ', 'mse_1=0.001192; ', 'lpips_1=0.004731; ', 'codec_recon_1=0.054296; ', 'bpp_1=0.299646; ', 'mse_2=0.001085; ', 'lpips_2=0.004341; ', 'codec_recon_2=0.015121; ', 'bpp_2=0.291092; ']
train step[1450/2000] ; used: 33m:21s; eta: 12m:38s; loss = 0.129458; ['mse_0=0.001365; ', 'lpips_0=0.005497; ', 'codec_recon_0=0.010250; ', 'bpp_0=6.156770; ', 'mse_1=0.000990; ', 'lpips_1=0.004161; ', 'codec_recon_1=0.083628; ', 'bpp_1=0.302253; ', 'mse_2=0.000756; ', 'lpips_2=0.003072; ', 'codec_recon_2=0.019739; ', 'bpp_2=0.293860; ']
train step[1451/2000] ; used: 33m:22s; eta: 12m:37s; loss = 0.090506; ['mse_0=0.001021; ', 'lpips_0=0.004736; ', 'codec_recon_0=0.009036; ', 'bpp_0=6.040757; ', 'mse_1=0.000842; ', 'lpips_1=0.003938; ', 'codec_recon_1=0.053455; ', 'bpp_1=0.299234; ', 'mse_2=0.000821; ', 'lpips_2=0.003495; ', 'codec_recon_2=0.013161; ', 'bpp_2=0.289836; ']
train step[1452/2000] ; used: 33m:24s; eta: 12m:35s; loss = 0.109345; ['mse_0=0.001891; ', 'lpips_0=0.006195; ', 'codec_recon_0=0.010599; ', 'bpp_0=6.082772; ', 'mse_1=0.001675; ', 'lpips_1=0.005464; ', 'codec_recon_1=0.061494; ', 'bpp_1=0.302186; ', 'mse_2=0.001554; ', 'lpips_2=0.004919; ', 'codec_recon_2=0.015553; ', 'bpp_2=0.291912; ']
train step[1453/2000] ; used: 33m:25s; eta: 12m:34s; loss = 0.123238; ['mse_0=0.002346; ', 'lpips_0=0.007314; ', 'codec_recon_0=0.011878; ', 'bpp_0=6.069438; ', 'mse_1=0.001855; ', 'lpips_1=0.005697; ', 'codec_recon_1=0.070441; ', 'bpp_1=0.301341; ', 'mse_2=0.001663; ', 'lpips_2=0.005062; ', 'codec_recon_2=0.016982; ', 'bpp_2=0.292107; ']
train step[1454/2000] ; used: 33m:26s; eta: 12m:32s; loss = 0.118172; ['mse_0=0.002795; ', 'lpips_0=0.006646; ', 'codec_recon_0=0.010026; ', 'bpp_0=6.056333; ', 'mse_1=0.002451; ', 'lpips_1=0.005525; ', 'codec_recon_1=0.068534; ', 'bpp_1=0.299829; ', 'mse_2=0.002292; ', 'lpips_2=0.004831; ', 'codec_recon_2=0.015072; ', 'bpp_2=0.291359; ']
train step[1455/2000] ; used: 33m:27s; eta: 12m:31s; loss = 0.110991; ['mse_0=0.003440; ', 'lpips_0=0.006745; ', 'codec_recon_0=0.009115; ', 'bpp_0=6.086443; ', 'mse_1=0.003185; ', 'lpips_1=0.006060; ', 'codec_recon_1=0.059184; ', 'bpp_1=0.301213; ', 'mse_2=0.003156; ', 'lpips_2=0.005546; ', 'codec_recon_2=0.014560; ', 'bpp_2=0.291494; ']
train step[1456/2000] ; used: 33m:28s; eta: 12m:29s; loss = 0.105628; ['mse_0=0.001951; ', 'lpips_0=0.004537; ', 'codec_recon_0=0.010191; ', 'bpp_0=6.098197; ', 'mse_1=0.001635; ', 'lpips_1=0.003693; ', 'codec_recon_1=0.064659; ', 'bpp_1=0.301845; ', 'mse_2=0.001473; ', 'lpips_2=0.003127; ', 'codec_recon_2=0.014363; ', 'bpp_2=0.291712; ']
train step[1457/2000] ; used: 33m:29s; eta: 12m:28s; loss = 0.129374; ['mse_0=0.002114; ', 'lpips_0=0.006908; ', 'codec_recon_0=0.010905; ', 'bpp_0=6.144680; ', 'mse_1=0.001952; ', 'lpips_1=0.005882; ', 'codec_recon_1=0.076836; ', 'bpp_1=0.302152; ', 'mse_2=0.001910; ', 'lpips_2=0.005371; ', 'codec_recon_2=0.017496; ', 'bpp_2=0.294545; ']
train step[1458/2000] ; used: 33m:30s; eta: 12m:26s; loss = 0.105402; ['mse_0=0.001881; ', 'lpips_0=0.004978; ', 'codec_recon_0=0.009686; ', 'bpp_0=6.111825; ', 'mse_1=0.001651; ', 'lpips_1=0.003869; ', 'codec_recon_1=0.063283; ', 'bpp_1=0.301220; ', 'mse_2=0.001622; ', 'lpips_2=0.003187; ', 'codec_recon_2=0.015244; ', 'bpp_2=0.292303; ']
train step[1459/2000] ; used: 33m:31s; eta: 12m:25s; loss = 0.114565; ['mse_0=0.002305; ', 'lpips_0=0.007494; ', 'codec_recon_0=0.011140; ', 'bpp_0=6.012364; ', 'mse_1=0.001901; ', 'lpips_1=0.006563; ', 'codec_recon_1=0.062019; ', 'bpp_1=0.300604; ', 'mse_2=0.001827; ', 'lpips_2=0.006084; ', 'codec_recon_2=0.015232; ', 'bpp_2=0.290328; ']
train step[1460/2000] ; used: 33m:32s; eta: 12m:23s; loss = 0.081557; ['mse_0=0.000863; ', 'lpips_0=0.005042; ', 'codec_recon_0=0.008970; ', 'bpp_0=5.998210; ', 'mse_1=0.000624; ', 'lpips_1=0.004102; ', 'codec_recon_1=0.046263; ', 'bpp_1=0.298594; ', 'mse_2=0.000529; ', 'lpips_2=0.003693; ', 'codec_recon_2=0.011473; ', 'bpp_2=0.288239; ']
train step[1461/2000] ; used: 33m:34s; eta: 12m:22s; loss = 0.135571; ['mse_0=0.003148; ', 'lpips_0=0.005666; ', 'codec_recon_0=0.010088; ', 'bpp_0=6.161726; ', 'mse_1=0.002590; ', 'lpips_1=0.004433; ', 'codec_recon_1=0.083759; ', 'bpp_1=0.304016; ', 'mse_2=0.002254; ', 'lpips_2=0.003517; ', 'codec_recon_2=0.020116; ', 'bpp_2=0.294890; ']
train step[1462/2000] ; used: 33m:35s; eta: 12m:21s; loss = 0.086172; ['mse_0=0.000676; ', 'lpips_0=0.004809; ', 'codec_recon_0=0.008553; ', 'bpp_0=6.052460; ', 'mse_1=0.000525; ', 'lpips_1=0.003855; ', 'codec_recon_1=0.049637; ', 'bpp_1=0.298619; ', 'mse_2=0.000432; ', 'lpips_2=0.003374; ', 'codec_recon_2=0.014312; ', 'bpp_2=0.289033; ']
train step[1463/2000] ; used: 33m:36s; eta: 12m:19s; loss = 0.125742; ['mse_0=0.002087; ', 'lpips_0=0.007365; ', 'codec_recon_0=0.010069; ', 'bpp_0=6.068415; ', 'mse_1=0.001827; ', 'lpips_1=0.006212; ', 'codec_recon_1=0.070812; ', 'bpp_1=0.301426; ', 'mse_2=0.001636; ', 'lpips_2=0.004994; ', 'codec_recon_2=0.020739; ', 'bpp_2=0.292130; ']
train step[1464/2000] ; used: 33m:37s; eta: 12m:18s; loss = 0.132086; ['mse_0=0.001974; ', 'lpips_0=0.007263; ', 'codec_recon_0=0.010068; ', 'bpp_0=6.134968; ', 'mse_1=0.001623; ', 'lpips_1=0.005812; ', 'codec_recon_1=0.080951; ', 'bpp_1=0.302553; ', 'mse_2=0.001308; ', 'lpips_2=0.004751; ', 'codec_recon_2=0.018336; ', 'bpp_2=0.293043; ']
train step[1465/2000] ; used: 33m:38s; eta: 12m:16s; loss = 0.156248; ['mse_0=0.006768; ', 'lpips_0=0.010170; ', 'codec_recon_0=0.010306; ', 'bpp_0=6.104763; ', 'mse_1=0.005966; ', 'lpips_1=0.009638; ', 'codec_recon_1=0.078987; ', 'bpp_1=0.301721; ', 'mse_2=0.005786; ', 'lpips_2=0.008627; ', 'codec_recon_2=0.020002; ', 'bpp_2=0.293429; ']
train step[1466/2000] ; used: 33m:39s; eta: 12m:15s; loss = 0.098681; ['mse_0=0.001133; ', 'lpips_0=0.005708; ', 'codec_recon_0=0.010038; ', 'bpp_0=6.055974; ', 'mse_1=0.000991; ', 'lpips_1=0.004842; ', 'codec_recon_1=0.057244; ', 'bpp_1=0.300310; ', 'mse_2=0.000933; ', 'lpips_2=0.004508; ', 'codec_recon_2=0.013284; ', 'bpp_2=0.292441; ']
train step[1467/2000] ; used: 33m:40s; eta: 12m:13s; loss = 0.098030; ['mse_0=0.001465; ', 'lpips_0=0.005398; ', 'codec_recon_0=0.009615; ', 'bpp_0=6.063124; ', 'mse_1=0.001238; ', 'lpips_1=0.004570; ', 'codec_recon_1=0.056095; ', 'bpp_1=0.301126; ', 'mse_2=0.001212; ', 'lpips_2=0.004067; ', 'codec_recon_2=0.014369; ', 'bpp_2=0.291159; ']
train step[1468/2000] ; used: 33m:41s; eta: 12m:12s; loss = 0.167038; ['mse_0=0.008604; ', 'lpips_0=0.014142; ', 'codec_recon_0=0.011377; ', 'bpp_0=6.062332; ', 'mse_1=0.008349; ', 'lpips_1=0.013344; ', 'codec_recon_1=0.071812; ', 'bpp_1=0.301713; ', 'mse_2=0.008159; ', 'lpips_2=0.012229; ', 'codec_recon_2=0.019023; ', 'bpp_2=0.292344; ']
train step[1469/2000] ; used: 33m:42s; eta: 12m:10s; loss = 0.145591; ['mse_0=0.004232; ', 'lpips_0=0.007875; ', 'codec_recon_0=0.011459; ', 'bpp_0=6.116386; ', 'mse_1=0.003623; ', 'lpips_1=0.006819; ', 'codec_recon_1=0.082268; ', 'bpp_1=0.302965; ', 'mse_2=0.003320; ', 'lpips_2=0.005778; ', 'codec_recon_2=0.020217; ', 'bpp_2=0.293100; ']
train step[1470/2000] ; used: 33m:43s; eta: 12m:9s; loss = 0.113173; ['mse_0=0.001483; ', 'lpips_0=0.005379; ', 'codec_recon_0=0.010754; ', 'bpp_0=5.949707; ', 'mse_1=0.001198; ', 'lpips_1=0.004427; ', 'codec_recon_1=0.064758; ', 'bpp_1=0.298100; ', 'mse_2=0.001036; ', 'lpips_2=0.003643; ', 'codec_recon_2=0.020496; ', 'bpp_2=0.285465; ']
train step[1471/2000] ; used: 33m:45s; eta: 12m:7s; loss = 0.115740; ['mse_0=0.002885; ', 'lpips_0=0.008263; ', 'codec_recon_0=0.009915; ', 'bpp_0=6.019464; ', 'mse_1=0.002455; ', 'lpips_1=0.007138; ', 'codec_recon_1=0.060061; ', 'bpp_1=0.301937; ', 'mse_2=0.002226; ', 'lpips_2=0.006516; ', 'codec_recon_2=0.016281; ', 'bpp_2=0.292536; ']
train step[1472/2000] ; used: 33m:46s; eta: 12m:6s; loss = 0.173885; ['mse_0=0.011438; ', 'lpips_0=0.012637; ', 'codec_recon_0=0.010223; ', 'bpp_0=5.982376; ', 'mse_1=0.010864; ', 'lpips_1=0.011684; ', 'codec_recon_1=0.073167; ', 'bpp_1=0.299478; ', 'mse_2=0.010348; ', 'lpips_2=0.010804; ', 'codec_recon_2=0.022720; ', 'bpp_2=0.290360; ']
train step[1473/2000] ; used: 33m:47s; eta: 12m:4s; loss = 0.121376; ['mse_0=0.001649; ', 'lpips_0=0.005696; ', 'codec_recon_0=0.010857; ', 'bpp_0=6.128607; ', 'mse_1=0.001348; ', 'lpips_1=0.004642; ', 'codec_recon_1=0.074096; ', 'bpp_1=0.301773; ', 'mse_2=0.001182; ', 'lpips_2=0.003877; ', 'codec_recon_2=0.018030; ', 'bpp_2=0.293749; ']
train step[1474/2000] ; used: 33m:48s; eta: 12m:3s; loss = 0.130280; ['mse_0=0.001922; ', 'lpips_0=0.005582; ', 'codec_recon_0=0.011116; ', 'bpp_0=6.121334; ', 'mse_1=0.001498; ', 'lpips_1=0.004523; ', 'codec_recon_1=0.081516; ', 'bpp_1=0.302054; ', 'mse_2=0.001240; ', 'lpips_2=0.003629; ', 'codec_recon_2=0.019254; ', 'bpp_2=0.292471; ']
train step[1475/2000] ; used: 33m:49s; eta: 12m:1s; loss = 0.146835; ['mse_0=0.008158; ', 'lpips_0=0.008940; ', 'codec_recon_0=0.010043; ', 'bpp_0=6.114240; ', 'mse_1=0.007118; ', 'lpips_1=0.007973; ', 'codec_recon_1=0.071909; ', 'bpp_1=0.303790; ', 'mse_2=0.006619; ', 'lpips_2=0.006941; ', 'codec_recon_2=0.019133; ', 'bpp_2=0.293748; ']
train step[1476/2000] ; used: 33m:50s; eta: 12m; loss = 0.094411; ['mse_0=0.001345; ', 'lpips_0=0.005055; ', 'codec_recon_0=0.009046; ', 'bpp_0=6.038606; ', 'mse_1=0.001087; ', 'lpips_1=0.004080; ', 'codec_recon_1=0.055980; ', 'bpp_1=0.300564; ', 'mse_2=0.000959; ', 'lpips_2=0.003458; ', 'codec_recon_2=0.013400; ', 'bpp_2=0.290503; ']
train step[1477/2000] ; used: 33m:51s; eta: 11m:58s; loss = 0.130025; ['mse_0=0.001669; ', 'lpips_0=0.006446; ', 'codec_recon_0=0.009993; ', 'bpp_0=6.139476; ', 'mse_1=0.001364; ', 'lpips_1=0.005179; ', 'codec_recon_1=0.080009; ', 'bpp_1=0.302115; ', 'mse_2=0.001220; ', 'lpips_2=0.004409; ', 'codec_recon_2=0.019737; ', 'bpp_2=0.292453; ']
train step[1478/2000] ; used: 33m:52s; eta: 11m:57s; loss = 0.120656; ['mse_0=0.002196; ', 'lpips_0=0.005103; ', 'codec_recon_0=0.010368; ', 'bpp_0=6.119636; ', 'mse_1=0.001792; ', 'lpips_1=0.004117; ', 'codec_recon_1=0.073298; ', 'bpp_1=0.301751; ', 'mse_2=0.001710; ', 'lpips_2=0.003490; ', 'codec_recon_2=0.018582; ', 'bpp_2=0.292376; ']
train step[1479/2000] ; used: 33m:53s; eta: 11m:55s; loss = 0.113063; ['mse_0=0.001667; ', 'lpips_0=0.005199; ', 'codec_recon_0=0.010026; ', 'bpp_0=6.142306; ', 'mse_1=0.001424; ', 'lpips_1=0.004181; ', 'codec_recon_1=0.067980; ', 'bpp_1=0.302347; ', 'mse_2=0.001360; ', 'lpips_2=0.003558; ', 'codec_recon_2=0.017667; ', 'bpp_2=0.293751; ']
train step[1480/2000] ; used: 33m:54s; eta: 11m:54s; loss = 0.110665; ['mse_0=0.002652; ', 'lpips_0=0.005083; ', 'codec_recon_0=0.009343; ', 'bpp_0=6.058162; ', 'mse_1=0.002219; ', 'lpips_1=0.004006; ', 'codec_recon_1=0.065811; ', 'bpp_1=0.300712; ', 'mse_2=0.002113; ', 'lpips_2=0.003353; ', 'codec_recon_2=0.016086; ', 'bpp_2=0.290082; ']
train step[1481/2000] ; used: 33m:55s; eta: 11m:52s; loss = 0.170094; ['mse_0=0.007895; ', 'lpips_0=0.008965; ', 'codec_recon_0=0.010587; ', 'bpp_0=6.156557; ', 'mse_1=0.007358; ', 'lpips_1=0.007898; ', 'codec_recon_1=0.090338; ', 'bpp_1=0.303692; ', 'mse_2=0.007167; ', 'lpips_2=0.007104; ', 'codec_recon_2=0.022780; ', 'bpp_2=0.294882; ']
train step[1482/2000] ; used: 33m:56s; eta: 11m:51s; loss = 0.139687; ['mse_0=0.002805; ', 'lpips_0=0.006456; ', 'codec_recon_0=0.010730; ', 'bpp_0=6.156343; ', 'mse_1=0.002399; ', 'lpips_1=0.005180; ', 'codec_recon_1=0.085984; ', 'bpp_1=0.303429; ', 'mse_2=0.002171; ', 'lpips_2=0.004218; ', 'codec_recon_2=0.019746; ', 'bpp_2=0.293797; ']
train step[1483/2000] ; used: 33m:57s; eta: 11m:49s; loss = 0.111980; ['mse_0=0.003893; ', 'lpips_0=0.006381; ', 'codec_recon_0=0.009418; ', 'bpp_0=6.076739; ', 'mse_1=0.003396; ', 'lpips_1=0.005394; ', 'codec_recon_1=0.061658; ', 'bpp_1=0.302106; ', 'mse_2=0.003217; ', 'lpips_2=0.004647; ', 'codec_recon_2=0.013977; ', 'bpp_2=0.292682; ']
train step[1484/2000] ; used: 33m:58s; eta: 11m:48s; loss = 0.101213; ['mse_0=0.002057; ', 'lpips_0=0.005089; ', 'codec_recon_0=0.009142; ', 'bpp_0=6.080838; ', 'mse_1=0.001832; ', 'lpips_1=0.004210; ', 'codec_recon_1=0.056841; ', 'bpp_1=0.302255; ', 'mse_2=0.001785; ', 'lpips_2=0.003812; ', 'codec_recon_2=0.016444; ', 'bpp_2=0.291844; ']
train step[1485/2000] ; used: 33m:59s; eta: 11m:46s; loss = 0.091149; ['mse_0=0.000735; ', 'lpips_0=0.004753; ', 'codec_recon_0=0.008297; ', 'bpp_0=6.066115; ', 'mse_1=0.000571; ', 'lpips_1=0.003911; ', 'codec_recon_1=0.054187; ', 'bpp_1=0.301415; ', 'mse_2=0.000537; ', 'lpips_2=0.003581; ', 'codec_recon_2=0.014576; ', 'bpp_2=0.292368; ']
train step[1486/2000] ; used: 34m:1s; eta: 11m:45s; loss = 0.115747; ['mse_0=0.002786; ', 'lpips_0=0.005717; ', 'codec_recon_0=0.008934; ', 'bpp_0=6.110925; ', 'mse_1=0.002388; ', 'lpips_1=0.004702; ', 'codec_recon_1=0.068519; ', 'bpp_1=0.301851; ', 'mse_2=0.002189; ', 'lpips_2=0.003929; ', 'codec_recon_2=0.016582; ', 'bpp_2=0.291762; ']
train step[1487/2000] ; used: 34m:2s; eta: 11m:44s; loss = 0.118292; ['mse_0=0.001944; ', 'lpips_0=0.006449; ', 'codec_recon_0=0.009767; ', 'bpp_0=6.146827; ', 'mse_1=0.001578; ', 'lpips_1=0.005297; ', 'codec_recon_1=0.069898; ', 'bpp_1=0.302826; ', 'mse_2=0.001418; ', 'lpips_2=0.004612; ', 'codec_recon_2=0.017329; ', 'bpp_2=0.292452; ']
train step[1488/2000] ; used: 34m:3s; eta: 11m:42s; loss = 0.083040; ['mse_0=0.000692; ', 'lpips_0=0.004558; ', 'codec_recon_0=0.008124; ', 'bpp_0=6.016298; ', 'mse_1=0.000513; ', 'lpips_1=0.003628; ', 'codec_recon_1=0.049429; ', 'bpp_1=0.299261; ', 'mse_2=0.000466; ', 'lpips_2=0.003182; ', 'codec_recon_2=0.012449; ', 'bpp_2=0.288594; ']
train step[1489/2000] ; used: 34m:4s; eta: 11m:41s; loss = 0.097053; ['mse_0=0.002799; ', 'lpips_0=0.007179; ', 'codec_recon_0=0.009491; ', 'bpp_0=6.015783; ', 'mse_1=0.002463; ', 'lpips_1=0.006206; ', 'codec_recon_1=0.048502; ', 'bpp_1=0.300554; ', 'mse_2=0.002359; ', 'lpips_2=0.005644; ', 'codec_recon_2=0.012409; ', 'bpp_2=0.290131; ']
train step[1490/2000] ; used: 34m:5s; eta: 11m:39s; loss = 0.099234; ['mse_0=0.000998; ', 'lpips_0=0.005240; ', 'codec_recon_0=0.008797; ', 'bpp_0=6.081025; ', 'mse_1=0.000744; ', 'lpips_1=0.004224; ', 'codec_recon_1=0.059977; ', 'bpp_1=0.301996; ', 'mse_2=0.000600; ', 'lpips_2=0.003490; ', 'codec_recon_2=0.015165; ', 'bpp_2=0.291985; ']
train step[1491/2000] ; used: 34m:6s; eta: 11m:38s; loss = 0.180329; ['mse_0=0.015132; ', 'lpips_0=0.012846; ', 'codec_recon_0=0.010780; ', 'bpp_0=6.128847; ', 'mse_1=0.015010; ', 'lpips_1=0.012130; ', 'codec_recon_1=0.069077; ', 'bpp_1=0.302684; ', 'mse_2=0.015202; ', 'lpips_2=0.011274; ', 'codec_recon_2=0.018878; ', 'bpp_2=0.292990; ']
train step[1492/2000] ; used: 34m:7s; eta: 11m:36s; loss = 0.113601; ['mse_0=0.004519; ', 'lpips_0=0.006848; ', 'codec_recon_0=0.009719; ', 'bpp_0=6.065812; ', 'mse_1=0.004236; ', 'lpips_1=0.005943; ', 'codec_recon_1=0.058227; ', 'bpp_1=0.301346; ', 'mse_2=0.004223; ', 'lpips_2=0.005374; ', 'codec_recon_2=0.014513; ', 'bpp_2=0.292413; ']
train step[1493/2000] ; used: 34m:8s; eta: 11m:35s; loss = 0.120294; ['mse_0=0.001182; ', 'lpips_0=0.005901; ', 'codec_recon_0=0.009818; ', 'bpp_0=6.105376; ', 'mse_1=0.000940; ', 'lpips_1=0.004789; ', 'codec_recon_1=0.073819; ', 'bpp_1=0.301315; ', 'mse_2=0.000815; ', 'lpips_2=0.003915; ', 'codec_recon_2=0.019115; ', 'bpp_2=0.291337; ']
train step[1494/2000] ; used: 34m:9s; eta: 11m:33s; loss = 0.123336; ['mse_0=0.001756; ', 'lpips_0=0.005383; ', 'codec_recon_0=0.010654; ', 'bpp_0=6.072017; ', 'mse_1=0.001336; ', 'lpips_1=0.004094; ', 'codec_recon_1=0.076731; ', 'bpp_1=0.300546; ', 'mse_2=0.001162; ', 'lpips_2=0.003275; ', 'codec_recon_2=0.018944; ', 'bpp_2=0.290834; ']
train step[1495/2000] ; used: 34m:10s; eta: 11m:32s; loss = 0.201726; ['mse_0=0.007996; ', 'lpips_0=0.009277; ', 'codec_recon_0=0.011683; ', 'bpp_0=6.232119; ', 'mse_1=0.006656; ', 'lpips_1=0.008100; ', 'codec_recon_1=0.117454; ', 'bpp_1=0.305299; ', 'mse_2=0.005794; ', 'lpips_2=0.006699; ', 'codec_recon_2=0.028067; ', 'bpp_2=0.296369; ']
train step[1496/2000] ; used: 34m:11s; eta: 11m:30s; loss = 0.098651; ['mse_0=0.000699; ', 'lpips_0=0.003882; ', 'codec_recon_0=0.009213; ', 'bpp_0=6.103546; ', 'mse_1=0.000520; ', 'lpips_1=0.002736; ', 'codec_recon_1=0.063541; ', 'bpp_1=0.299872; ', 'mse_2=0.000436; ', 'lpips_2=0.002021; ', 'codec_recon_2=0.015605; ', 'bpp_2=0.290231; ']
train step[1497/2000] ; used: 34m:12s; eta: 11m:29s; loss = 0.149530; ['mse_0=0.006849; ', 'lpips_0=0.008131; ', 'codec_recon_0=0.011153; ', 'bpp_0=6.156582; ', 'mse_1=0.006025; ', 'lpips_1=0.007036; ', 'codec_recon_1=0.079344; ', 'bpp_1=0.302253; ', 'mse_2=0.005476; ', 'lpips_2=0.005885; ', 'codec_recon_2=0.019629; ', 'bpp_2=0.293937; ']
train step[1498/2000] ; used: 34m:13s; eta: 11m:27s; loss = 0.105775; ['mse_0=0.001054; ', 'lpips_0=0.005403; ', 'codec_recon_0=0.009441; ', 'bpp_0=6.060041; ', 'mse_1=0.000804; ', 'lpips_1=0.004042; ', 'codec_recon_1=0.063686; ', 'bpp_1=0.300321; ', 'mse_2=0.000562; ', 'lpips_2=0.002932; ', 'codec_recon_2=0.017852; ', 'bpp_2=0.291330; ']
train step[1499/2000] ; used: 34m:14s; eta: 11m:26s; loss = 0.107415; ['mse_0=0.001945; ', 'lpips_0=0.006925; ', 'codec_recon_0=0.009954; ', 'bpp_0=6.096568; ', 'mse_1=0.001621; ', 'lpips_1=0.006038; ', 'codec_recon_1=0.059147; ', 'bpp_1=0.301754; ', 'mse_2=0.001492; ', 'lpips_2=0.005566; ', 'codec_recon_2=0.014727; ', 'bpp_2=0.292611; ']
validation step on 1500 1/100; scene = ['5aca87f95a9412c6']; context = [[58, 133]]
validation step on 1500 2/100; scene = ['bc95e5c7e357f1b7']; context = [[35, 91]]
validation step on 1500 3/100; scene = ['34b0658a5c200cdf']; context = [[0, 70]]
validation step on 1500 4/100; scene = ['28e8300e004ab30b']; context = [[3, 68]]
validation step on 1500 5/100; scene = ['6558c5f10d45a929']; context = [[43, 160]]
validation step on 1500 6/100; scene = ['89ea49cd9865aeff']; context = [[31, 81]]
validation step on 1500 7/100; scene = ['ed477bdf8582adff']; context = [[40, 85]]
validation step on 1500 8/100; scene = ['57d3409bf04c4651']; context = [[0, 45]]
validation step on 1500 9/100; scene = ['aadc1e2dc74fd644']; context = [[2, 52]]
validation step on 1500 10/100; scene = ['cd74b1244d112628']; context = [[63, 110]]
validation step on 1500 11/100; scene = ['57d25dafabb5a238']; context = [[32, 104]]
validation step on 1500 12/100; scene = ['e4f4574df7938f37']; context = [[0, 115]]
validation step on 1500 13/100; scene = ['20d86cff490c0c42']; context = [[18, 69]]
validation step on 1500 14/100; scene = ['0c4c5d5f751aabf5']; context = [[12, 57]]
validation step on 1500 15/100; scene = ['fea544b472e9abd1']; context = [[12, 93]]
validation step on 1500 16/100; scene = ['656381bea665bf3d']; context = [[27, 75]]
validation step on 1500 17/100; scene = ['322261824c4a3003']; context = [[33, 78]]
validation step on 1500 18/100; scene = ['f7c0fa5b81552d35']; context = [[11, 64]]
validation step on 1500 19/100; scene = ['a56ba2efb5e3fdd9']; context = [[33, 92]]
validation step on 1500 20/100; scene = ['c48f19e2ffa52523']; context = [[195, 264]]
validation step on 1500 21/100; scene = ['1214f2a11a9fc1ed']; context = [[103, 215]]
validation step on 1500 22/100; scene = ['a9b3ff60b213e099']; context = [[32, 96]]
validation step on 1500 23/100; scene = ['a6fa92e8204f6118']; context = [[2, 66]]
validation step on 1500 24/100; scene = ['21e794f71e31becb']; context = [[72, 180]]
validation step on 1500 25/100; scene = ['f7d916b43193c181']; context = [[7, 61]]
validation step on 1500 26/100; scene = ['84ab392d682f296b']; context = [[43, 120]]
validation step on 1500 27/100; scene = ['6771a51bf0cfce7f']; context = [[152, 199]]
validation step on 1500 28/100; scene = ['17d9303ee77c3a3d']; context = [[17, 63]]
validation step on 1500 29/100; scene = ['ffa95c3b40609c76']; context = [[120, 213]]
validation step on 1500 30/100; scene = ['a47b88040452d7d9']; context = [[35, 97]]
validation step on 1500 31/100; scene = ['0d4de33c6888a754']; context = [[2, 57]]
validation step on 1500 32/100; scene = ['41bcd011f99bfb66']; context = [[4, 50]]
validation step on 1500 33/100; scene = ['67a69088a2695987']; context = [[6, 86]]
validation step on 1500 34/100; scene = ['b4099665590548fc']; context = [[23, 74]]
validation step on 1500 35/100; scene = ['9e2a8cc5f32dd46b']; context = [[75, 151]]
validation step on 1500 36/100; scene = ['2e109379f53bb221']; context = [[35, 108]]
validation step on 1500 37/100; scene = ['8adebbb68f2c3f84']; context = [[72, 131]]
validation step on 1500 38/100; scene = ['29e0bfbad00f0d5e']; context = [[8, 100]]
validation step on 1500 39/100; scene = ['debc3490ba0bd84b']; context = [[34, 81]]
validation step on 1500 40/100; scene = ['7c7bc5285126e6ad']; context = [[64, 126]]
validation step on 1500 41/100; scene = ['cdf439b17a6a98d4']; context = [[31, 77]]
validation step on 1500 42/100; scene = ['cb38d67088b66084']; context = [[49, 106]]
validation step on 1500 43/100; scene = ['2da2eeb966bc0ef8']; context = [[30, 94]]
validation step on 1500 44/100; scene = ['bb4d7012261ee0ed']; context = [[0, 46]]
validation step on 1500 45/100; scene = ['9e1f1beb4ba8e5da']; context = [[9, 73]]
validation step on 1500 46/100; scene = ['26b31d71789bffad']; context = [[3, 57]]
validation step on 1500 47/100; scene = ['41abd737e0228c1a']; context = [[81, 127]]
validation step on 1500 48/100; scene = ['ed0c2aca14b99efa']; context = [[62, 119]]
validation step on 1500 49/100; scene = ['8d5163de9ea4d851']; context = [[39, 85]]
validation step on 1500 50/100; scene = ['81be42df6ccae760']; context = [[13, 107]]
validation step on 1500 51/100; scene = ['6fe141ec9be1a432']; context = [[12, 73]]
validation step on 1500 52/100; scene = ['3b6d8db52c54b174']; context = [[0, 80]]
validation step on 1500 53/100; scene = ['3087828bc27bc4c7']; context = [[15, 96]]
validation step on 1500 54/100; scene = ['e124dfa7e996a414']; context = [[48, 93]]
validation step on 1500 55/100; scene = ['e1afd89a69ee6947']; context = [[34, 113]]
validation step on 1500 56/100; scene = ['79ce50fb7b021e1d']; context = [[212, 278]]
validation step on 1500 57/100; scene = ['358bdee988c269ef']; context = [[3, 95]]
validation step on 1500 58/100; scene = ['f14791aec34dbdcd']; context = [[5, 59]]
validation step on 1500 59/100; scene = ['0c52996355b23d76']; context = [[51, 111]]
validation step on 1500 60/100; scene = ['62bcb465bb03d34f']; context = [[6, 84]]
validation step on 1500 61/100; scene = ['1f0e06e4388dd600']; context = [[44, 96]]
validation step on 1500 62/100; scene = ['c9c30723d7c54793']; context = [[152, 247]]
validation step on 1500 63/100; scene = ['8b212f2755d955ec']; context = [[40, 110]]
validation step on 1500 64/100; scene = ['de67e3a0b0648cfe']; context = [[16, 72]]
validation step on 1500 65/100; scene = ['54841308aff91857']; context = [[27, 86]]
validation step on 1500 66/100; scene = ['40ca76de44a6e1a9']; context = [[43, 107]]
validation step on 1500 67/100; scene = ['bc143130c1842e4b']; context = [[29, 133]]
validation step on 1500 68/100; scene = ['912177dbf0a1ed6c']; context = [[3, 60]]
validation step on 1500 69/100; scene = ['afe4e799a94e06b3']; context = [[54, 150]]
validation step on 1500 70/100; scene = ['17f552ef56d85c55']; context = [[20, 86]]
validation step on 1500 71/100; scene = ['a7c691c210154b09']; context = [[0, 50]]
validation step on 1500 72/100; scene = ['9490f1219dbbb6ce']; context = [[17, 72]]
validation step on 1500 73/100; scene = ['154365ab5a4e067b']; context = [[2, 48]]
validation step on 1500 74/100; scene = ['ab4c269f8d523d02']; context = [[18, 72]]
validation step on 1500 75/100; scene = ['75d475e9558ab806']; context = [[1, 46]]
validation step on 1500 76/100; scene = ['fdaab1f49851782c']; context = [[31, 142]]
validation step on 1500 77/100; scene = ['2d4efa3897a4ba2d']; context = [[4, 58]]
validation step on 1500 78/100; scene = ['14f477e7d5af5b91']; context = [[17, 72]]
validation step on 1500 79/100; scene = ['de45926738229f67']; context = [[22, 84]]
validation step on 1500 80/100; scene = ['5c909c802eb6edb1']; context = [[13, 78]]
validation step on 1500 81/100; scene = ['aa91dfdd5f4ad32b']; context = [[8, 57]]
validation step on 1500 82/100; scene = ['88d9ba3324f2ec21']; context = [[2, 49]]
validation step on 1500 83/100; scene = ['622ef98e83ed5239']; context = [[3, 66]]
validation step on 1500 84/100; scene = ['30fc5fc78c5a716e']; context = [[151, 210]]
validation step on 1500 85/100; scene = ['8b760ac05c93a6bb']; context = [[26, 72]]
validation step on 1500 86/100; scene = ['800ea72b6988f63e']; context = [[141, 190]]
validation step on 1500 87/100; scene = ['674dabef8f53b566']; context = [[9, 91]]
validation step on 1500 88/100; scene = ['d3a01038c5f21473']; context = [[139, 273]]
validation step on 1500 89/100; scene = ['3e5f747d06bc84a3']; context = [[85, 190]]
validation step on 1500 90/100; scene = ['bb6fa5bdafc14e8c']; context = [[43, 139]]
validation step on 1500 91/100; scene = ['052430ff6e2c07c4']; context = [[19, 92]]
validation step on 1500 92/100; scene = ['0588138dfec165a1']; context = [[70, 160]]
validation step on 1500 93/100; scene = ['e4bcb18fa6aa91be']; context = [[32, 79]]
validation step on 1500 94/100; scene = ['4c4fa41951e37e78']; context = [[8, 60]]
validation step on 1500 95/100; scene = ['252a24d25a1ea81d']; context = [[198, 263]]
validation step on 1500 96/100; scene = ['214df1c2863d2959']; context = [[45, 96]]
validation step on 1500 97/100; scene = ['bfd27ad72975e120']; context = [[8, 55]]
validation step on 1500 98/100; scene = ['572acd18419c3456']; context = [[3, 62]]
validation step on 1500 99/100; scene = ['b26e6c80d283c4c8']; context = [[46, 92]]
validation step on 1500 100/100; scene = ['10c8e54590f715f7']; context = [[6, 76]]
train step[1500/2000] ; used: 35m:7s; eta: 11m:42s; loss = 0.118969; ['mse_0=0.002556; ', 'lpips_0=0.007300; ', 'codec_recon_0=0.009532; ', 'bpp_0=6.115634; ', 'mse_1=0.002290; ', 'lpips_1=0.006037; ', 'codec_recon_1=0.065669; ', 'bpp_1=0.301633; ', 'mse_2=0.002157; ', 'lpips_2=0.005325; ', 'codec_recon_2=0.018103; ', 'bpp_2=0.292019; ']
train step[1501/2000] ; used: 35m:8s; eta: 11m:40s; loss = 0.108113; ['mse_0=0.002580; ', 'lpips_0=0.007229; ', 'codec_recon_0=0.009887; ', 'bpp_0=6.037154; ', 'mse_1=0.002301; ', 'lpips_1=0.006536; ', 'codec_recon_1=0.056183; ', 'bpp_1=0.302139; ', 'mse_2=0.002105; ', 'lpips_2=0.005719; ', 'codec_recon_2=0.015572; ', 'bpp_2=0.290742; ']
train step[1502/2000] ; used: 35m:9s; eta: 11m:38s; loss = 0.101167; ['mse_0=0.000687; ', 'lpips_0=0.005839; ', 'codec_recon_0=0.010538; ', 'bpp_0=6.097822; ', 'mse_1=0.000512; ', 'lpips_1=0.004661; ', 'codec_recon_1=0.058487; ', 'bpp_1=0.301308; ', 'mse_2=0.000478; ', 'lpips_2=0.004016; ', 'codec_recon_2=0.015949; ', 'bpp_2=0.291659; ']
train step[1503/2000] ; used: 35m:10s; eta: 11m:37s; loss = 0.158396; ['mse_0=0.003568; ', 'lpips_0=0.006716; ', 'codec_recon_0=0.010826; ', 'bpp_0=6.214058; ', 'mse_1=0.002972; ', 'lpips_1=0.005328; ', 'codec_recon_1=0.099431; ', 'bpp_1=0.304309; ', 'mse_2=0.002592; ', 'lpips_2=0.004233; ', 'codec_recon_2=0.022730; ', 'bpp_2=0.296017; ']
train step[1504/2000] ; used: 35m:11s; eta: 11m:35s; loss = 0.123176; ['mse_0=0.002066; ', 'lpips_0=0.008288; ', 'codec_recon_0=0.010255; ', 'bpp_0=6.084688; ', 'mse_1=0.001540; ', 'lpips_1=0.007225; ', 'codec_recon_1=0.067085; ', 'bpp_1=0.301462; ', 'mse_2=0.001379; ', 'lpips_2=0.006561; ', 'codec_recon_2=0.018776; ', 'bpp_2=0.291983; ']
train step[1505/2000] ; used: 35m:12s; eta: 11m:34s; loss = 0.145886; ['mse_0=0.002121; ', 'lpips_0=0.006523; ', 'codec_recon_0=0.011102; ', 'bpp_0=6.163795; ', 'mse_1=0.001639; ', 'lpips_1=0.005317; ', 'codec_recon_1=0.089714; ', 'bpp_1=0.301809; ', 'mse_2=0.001335; ', 'lpips_2=0.004269; ', 'codec_recon_2=0.023867; ', 'bpp_2=0.292883; ']
train step[1506/2000] ; used: 35m:13s; eta: 11m:32s; loss = 0.101165; ['mse_0=0.001643; ', 'lpips_0=0.006004; ', 'codec_recon_0=0.009451; ', 'bpp_0=6.078055; ', 'mse_1=0.001298; ', 'lpips_1=0.005121; ', 'codec_recon_1=0.057134; ', 'bpp_1=0.300400; ', 'mse_2=0.001209; ', 'lpips_2=0.004774; ', 'codec_recon_2=0.014530; ', 'bpp_2=0.291844; ']
train step[1507/2000] ; used: 35m:14s; eta: 11m:31s; loss = 0.139930; ['mse_0=0.003574; ', 'lpips_0=0.007000; ', 'codec_recon_0=0.009543; ', 'bpp_0=6.139444; ', 'mse_1=0.003224; ', 'lpips_1=0.005751; ', 'codec_recon_1=0.082331; ', 'bpp_1=0.302838; ', 'mse_2=0.003007; ', 'lpips_2=0.004333; ', 'codec_recon_2=0.021167; ', 'bpp_2=0.293469; ']
train step[1508/2000] ; used: 35m:15s; eta: 11m:29s; loss = 0.107198; ['mse_0=0.001238; ', 'lpips_0=0.004425; ', 'codec_recon_0=0.009460; ', 'bpp_0=6.089343; ', 'mse_1=0.001013; ', 'lpips_1=0.003618; ', 'codec_recon_1=0.067636; ', 'bpp_1=0.302466; ', 'mse_2=0.000914; ', 'lpips_2=0.002904; ', 'codec_recon_2=0.015990; ', 'bpp_2=0.292055; ']
train step[1509/2000] ; used: 35m:16s; eta: 11m:28s; loss = 0.116221; ['mse_0=0.001253; ', 'lpips_0=0.005654; ', 'codec_recon_0=0.009686; ', 'bpp_0=6.123158; ', 'mse_1=0.001043; ', 'lpips_1=0.004423; ', 'codec_recon_1=0.071054; ', 'bpp_1=0.300925; ', 'mse_2=0.000932; ', 'lpips_2=0.003478; ', 'codec_recon_2=0.018697; ', 'bpp_2=0.291501; ']
train step[1510/2000] ; used: 35m:17s; eta: 11m:26s; loss = 0.100708; ['mse_0=0.001528; ', 'lpips_0=0.005416; ', 'codec_recon_0=0.008754; ', 'bpp_0=6.091449; ', 'mse_1=0.001315; ', 'lpips_1=0.004420; ', 'codec_recon_1=0.059250; ', 'bpp_1=0.301280; ', 'mse_2=0.001178; ', 'lpips_2=0.003872; ', 'codec_recon_2=0.014975; ', 'bpp_2=0.292224; ']
train step[1511/2000] ; used: 35m:18s; eta: 11m:25s; loss = 0.125107; ['mse_0=0.001713; ', 'lpips_0=0.004795; ', 'codec_recon_0=0.010372; ', 'bpp_0=6.133910; ', 'mse_1=0.001200; ', 'lpips_1=0.003597; ', 'codec_recon_1=0.079091; ', 'bpp_1=0.302583; ', 'mse_2=0.000924; ', 'lpips_2=0.002760; ', 'codec_recon_2=0.020655; ', 'bpp_2=0.292862; ']
train step[1512/2000] ; used: 35m:19s; eta: 11m:23s; loss = 0.099005; ['mse_0=0.001848; ', 'lpips_0=0.005707; ', 'codec_recon_0=0.008988; ', 'bpp_0=6.086441; ', 'mse_1=0.001620; ', 'lpips_1=0.004635; ', 'codec_recon_1=0.055428; ', 'bpp_1=0.301714; ', 'mse_2=0.001495; ', 'lpips_2=0.003878; ', 'codec_recon_2=0.015407; ', 'bpp_2=0.291481; ']
train step[1513/2000] ; used: 35m:21s; eta: 11m:22s; loss = 0.130960; ['mse_0=0.000803; ', 'lpips_0=0.007666; ', 'codec_recon_0=0.010440; ', 'bpp_0=6.120637; ', 'mse_1=0.000670; ', 'lpips_1=0.006571; ', 'codec_recon_1=0.079330; ', 'bpp_1=0.301951; ', 'mse_2=0.000534; ', 'lpips_2=0.005371; ', 'codec_recon_2=0.019575; ', 'bpp_2=0.292237; ']
train step[1514/2000] ; used: 35m:22s; eta: 11m:20s; loss = 0.099572; ['mse_0=0.000641; ', 'lpips_0=0.005927; ', 'codec_recon_0=0.008965; ', 'bpp_0=6.077134; ', 'mse_1=0.000502; ', 'lpips_1=0.004795; ', 'codec_recon_1=0.058656; ', 'bpp_1=0.299638; ', 'mse_2=0.000418; ', 'lpips_2=0.004266; ', 'codec_recon_2=0.015402; ', 'bpp_2=0.289249; ']
train step[1515/2000] ; used: 35m:23s; eta: 11m:19s; loss = 0.101924; ['mse_0=0.001446; ', 'lpips_0=0.005846; ', 'codec_recon_0=0.008802; ', 'bpp_0=6.087165; ', 'mse_1=0.001201; ', 'lpips_1=0.004806; ', 'codec_recon_1=0.059699; ', 'bpp_1=0.301114; ', 'mse_2=0.001109; ', 'lpips_2=0.004219; ', 'codec_recon_2=0.014797; ', 'bpp_2=0.291658; ']
train step[1516/2000] ; used: 35m:24s; eta: 11m:17s; loss = 0.102214; ['mse_0=0.001363; ', 'lpips_0=0.005717; ', 'codec_recon_0=0.009651; ', 'bpp_0=6.080912; ', 'mse_1=0.001127; ', 'lpips_1=0.004767; ', 'codec_recon_1=0.057664; ', 'bpp_1=0.301798; ', 'mse_2=0.001033; ', 'lpips_2=0.004092; ', 'codec_recon_2=0.016800; ', 'bpp_2=0.291789; ']
train step[1517/2000] ; used: 35m:25s; eta: 11m:16s; loss = 0.085472; ['mse_0=0.000453; ', 'lpips_0=0.003314; ', 'codec_recon_0=0.008184; ', 'bpp_0=6.084800; ', 'mse_1=0.000341; ', 'lpips_1=0.002414; ', 'codec_recon_1=0.054326; ', 'bpp_1=0.299822; ', 'mse_2=0.000253; ', 'lpips_2=0.001878; ', 'codec_recon_2=0.014308; ', 'bpp_2=0.289733; ']
train step[1518/2000] ; used: 35m:26s; eta: 11m:14s; loss = 0.098746; ['mse_0=0.001073; ', 'lpips_0=0.008591; ', 'codec_recon_0=0.009410; ', 'bpp_0=6.048843; ', 'mse_1=0.000880; ', 'lpips_1=0.006919; ', 'codec_recon_1=0.050838; ', 'bpp_1=0.300165; ', 'mse_2=0.000821; ', 'lpips_2=0.006478; ', 'codec_recon_2=0.013736; ', 'bpp_2=0.290698; ']
train step[1519/2000] ; used: 35m:27s; eta: 11m:13s; loss = 0.113351; ['mse_0=0.001376; ', 'lpips_0=0.005098; ', 'codec_recon_0=0.009802; ', 'bpp_0=6.114993; ', 'mse_1=0.001143; ', 'lpips_1=0.004196; ', 'codec_recon_1=0.068267; ', 'bpp_1=0.302164; ', 'mse_2=0.000956; ', 'lpips_2=0.003402; ', 'codec_recon_2=0.019110; ', 'bpp_2=0.292728; ']
train step[1520/2000] ; used: 35m:28s; eta: 11m:11s; loss = 0.125861; ['mse_0=0.003930; ', 'lpips_0=0.006894; ', 'codec_recon_0=0.010629; ', 'bpp_0=6.031093; ', 'mse_1=0.003324; ', 'lpips_1=0.006045; ', 'codec_recon_1=0.068089; ', 'bpp_1=0.300814; ', 'mse_2=0.002601; ', 'lpips_2=0.004793; ', 'codec_recon_2=0.019554; ', 'bpp_2=0.290551; ']
train step[1521/2000] ; used: 35m:29s; eta: 11m:10s; loss = 0.090215; ['mse_0=0.001475; ', 'lpips_0=0.005812; ', 'codec_recon_0=0.009228; ', 'bpp_0=6.025991; ', 'mse_1=0.001388; ', 'lpips_1=0.005014; ', 'codec_recon_1=0.048649; ', 'bpp_1=0.299127; ', 'mse_2=0.001324; ', 'lpips_2=0.004677; ', 'codec_recon_2=0.012648; ', 'bpp_2=0.290732; ']
train step[1522/2000] ; used: 35m:30s; eta: 11m:8s; loss = 0.089812; ['mse_0=0.001250; ', 'lpips_0=0.004896; ', 'codec_recon_0=0.008973; ', 'bpp_0=6.045297; ', 'mse_1=0.000925; ', 'lpips_1=0.003801; ', 'codec_recon_1=0.051498; ', 'bpp_1=0.299936; ', 'mse_2=0.000895; ', 'lpips_2=0.003493; ', 'codec_recon_2=0.014081; ', 'bpp_2=0.290768; ']
train step[1523/2000] ; used: 35m:31s; eta: 11m:7s; loss = 0.092574; ['mse_0=0.001871; ', 'lpips_0=0.005450; ', 'codec_recon_0=0.008338; ', 'bpp_0=6.063350; ', 'mse_1=0.001525; ', 'lpips_1=0.004396; ', 'codec_recon_1=0.052115; ', 'bpp_1=0.300077; ', 'mse_2=0.001404; ', 'lpips_2=0.003868; ', 'codec_recon_2=0.013608; ', 'bpp_2=0.290184; ']
train step[1524/2000] ; used: 35m:32s; eta: 11m:5s; loss = 0.102939; ['mse_0=0.001467; ', 'lpips_0=0.005284; ', 'codec_recon_0=0.009099; ', 'bpp_0=6.114247; ', 'mse_1=0.001274; ', 'lpips_1=0.004285; ', 'codec_recon_1=0.061712; ', 'bpp_1=0.302198; ', 'mse_2=0.001195; ', 'lpips_2=0.003586; ', 'codec_recon_2=0.015038; ', 'bpp_2=0.292154; ']
train step[1525/2000] ; used: 35m:33s; eta: 11m:4s; loss = 0.132226; ['mse_0=0.001696; ', 'lpips_0=0.007159; ', 'codec_recon_0=0.009973; ', 'bpp_0=6.107608; ', 'mse_1=0.001396; ', 'lpips_1=0.005588; ', 'codec_recon_1=0.078838; ', 'bpp_1=0.301476; ', 'mse_2=0.001235; ', 'lpips_2=0.004443; ', 'codec_recon_2=0.021898; ', 'bpp_2=0.292212; ']
train step[1526/2000] ; used: 35m:34s; eta: 11m:2s; loss = 0.102872; ['mse_0=0.001133; ', 'lpips_0=0.006960; ', 'codec_recon_0=0.008665; ', 'bpp_0=6.050233; ', 'mse_1=0.000905; ', 'lpips_1=0.005648; ', 'codec_recon_1=0.057763; ', 'bpp_1=0.299953; ', 'mse_2=0.000823; ', 'lpips_2=0.004872; ', 'codec_recon_2=0.016104; ', 'bpp_2=0.289504; ']
train step[1527/2000] ; used: 35m:35s; eta: 11m:1s; loss = 0.123108; ['mse_0=0.001509; ', 'lpips_0=0.006590; ', 'codec_recon_0=0.009647; ', 'bpp_0=6.127322; ', 'mse_1=0.001131; ', 'lpips_1=0.004969; ', 'codec_recon_1=0.073971; ', 'bpp_1=0.300158; ', 'mse_2=0.000963; ', 'lpips_2=0.003930; ', 'codec_recon_2=0.020397; ', 'bpp_2=0.290594; ']
train step[1528/2000] ; used: 35m:37s; eta: 10m:59s; loss = 0.122414; ['mse_0=0.002216; ', 'lpips_0=0.006222; ', 'codec_recon_0=0.010789; ', 'bpp_0=6.176567; ', 'mse_1=0.001900; ', 'lpips_1=0.004969; ', 'codec_recon_1=0.071276; ', 'bpp_1=0.304003; ', 'mse_2=0.001696; ', 'lpips_2=0.004296; ', 'codec_recon_2=0.019049; ', 'bpp_2=0.294877; ']
train step[1529/2000] ; used: 35m:38s; eta: 10m:58s; loss = 0.140545; ['mse_0=0.006186; ', 'lpips_0=0.007259; ', 'codec_recon_0=0.010275; ', 'bpp_0=6.137636; ', 'mse_1=0.005740; ', 'lpips_1=0.006265; ', 'codec_recon_1=0.072971; ', 'bpp_1=0.303960; ', 'mse_2=0.005479; ', 'lpips_2=0.005471; ', 'codec_recon_2=0.020899; ', 'bpp_2=0.293146; ']
train step[1530/2000] ; used: 35m:39s; eta: 10m:56s; loss = 0.127478; ['mse_0=0.004344; ', 'lpips_0=0.006938; ', 'codec_recon_0=0.010096; ', 'bpp_0=6.136644; ', 'mse_1=0.003863; ', 'lpips_1=0.005985; ', 'codec_recon_1=0.070453; ', 'bpp_1=0.302598; ', 'mse_2=0.003646; ', 'lpips_2=0.005197; ', 'codec_recon_2=0.016957; ', 'bpp_2=0.293628; ']
train step[1531/2000] ; used: 35m:40s; eta: 10m:55s; loss = 0.092992; ['mse_0=0.001866; ', 'lpips_0=0.005255; ', 'codec_recon_0=0.008979; ', 'bpp_0=6.017434; ', 'mse_1=0.001560; ', 'lpips_1=0.004301; ', 'codec_recon_1=0.052326; ', 'bpp_1=0.300597; ', 'mse_2=0.001357; ', 'lpips_2=0.003555; ', 'codec_recon_2=0.013794; ', 'bpp_2=0.289775; ']
train step[1532/2000] ; used: 35m:41s; eta: 10m:53s; loss = 0.136640; ['mse_0=0.001934; ', 'lpips_0=0.006976; ', 'codec_recon_0=0.010738; ', 'bpp_0=6.152347; ', 'mse_1=0.001657; ', 'lpips_1=0.005957; ', 'codec_recon_1=0.082322; ', 'bpp_1=0.301830; ', 'mse_2=0.001432; ', 'lpips_2=0.005175; ', 'codec_recon_2=0.020450; ', 'bpp_2=0.292458; ']
train step[1533/2000] ; used: 35m:42s; eta: 10m:52s; loss = 0.097502; ['mse_0=0.000656; ', 'lpips_0=0.006221; ', 'codec_recon_0=0.009019; ', 'bpp_0=6.097755; ', 'mse_1=0.000507; ', 'lpips_1=0.005066; ', 'codec_recon_1=0.056035; ', 'bpp_1=0.298695; ', 'mse_2=0.000463; ', 'lpips_2=0.004617; ', 'codec_recon_2=0.014919; ', 'bpp_2=0.290923; ']
train step[1534/2000] ; used: 35m:43s; eta: 10m:50s; loss = 0.123840; ['mse_0=0.003031; ', 'lpips_0=0.008169; ', 'codec_recon_0=0.009984; ', 'bpp_0=6.110681; ', 'mse_1=0.002822; ', 'lpips_1=0.007242; ', 'codec_recon_1=0.066306; ', 'bpp_1=0.301970; ', 'mse_2=0.002781; ', 'lpips_2=0.006698; ', 'codec_recon_2=0.016807; ', 'bpp_2=0.292880; ']
train step[1535/2000] ; used: 35m:44s; eta: 10m:49s; loss = 0.104968; ['mse_0=0.002663; ', 'lpips_0=0.005655; ', 'codec_recon_0=0.009789; ', 'bpp_0=6.104905; ', 'mse_1=0.002163; ', 'lpips_1=0.004628; ', 'codec_recon_1=0.059010; ', 'bpp_1=0.301243; ', 'mse_2=0.001942; ', 'lpips_2=0.004034; ', 'codec_recon_2=0.015085; ', 'bpp_2=0.291804; ']
train step[1536/2000] ; used: 35m:45s; eta: 10m:47s; loss = 0.101524; ['mse_0=0.001550; ', 'lpips_0=0.006465; ', 'codec_recon_0=0.009528; ', 'bpp_0=6.099245; ', 'mse_1=0.001336; ', 'lpips_1=0.005219; ', 'codec_recon_1=0.056437; ', 'bpp_1=0.302008; ', 'mse_2=0.001217; ', 'lpips_2=0.004527; ', 'codec_recon_2=0.015245; ', 'bpp_2=0.291412; ']
train step[1537/2000] ; used: 35m:46s; eta: 10m:46s; loss = 0.114770; ['mse_0=0.002244; ', 'lpips_0=0.006430; ', 'codec_recon_0=0.010428; ', 'bpp_0=6.046026; ', 'mse_1=0.001996; ', 'lpips_1=0.005447; ', 'codec_recon_1=0.064144; ', 'bpp_1=0.300660; ', 'mse_2=0.001788; ', 'lpips_2=0.004803; ', 'codec_recon_2=0.017489; ', 'bpp_2=0.291527; ']
train step[1538/2000] ; used: 35m:47s; eta: 10m:44s; loss = 0.101922; ['mse_0=0.002887; ', 'lpips_0=0.006767; ', 'codec_recon_0=0.009005; ', 'bpp_0=6.045396; ', 'mse_1=0.002825; ', 'lpips_1=0.006049; ', 'codec_recon_1=0.052803; ', 'bpp_1=0.300369; ', 'mse_2=0.002757; ', 'lpips_2=0.005618; ', 'codec_recon_2=0.013211; ', 'bpp_2=0.290779; ']
train step[1539/2000] ; used: 35m:48s; eta: 10m:43s; loss = 0.093433; ['mse_0=0.001265; ', 'lpips_0=0.004844; ', 'codec_recon_0=0.008659; ', 'bpp_0=6.092112; ', 'mse_1=0.000873; ', 'lpips_1=0.003741; ', 'codec_recon_1=0.056373; ', 'bpp_1=0.302121; ', 'mse_2=0.000690; ', 'lpips_2=0.003042; ', 'codec_recon_2=0.013947; ', 'bpp_2=0.291127; ']
train step[1540/2000] ; used: 35m:49s; eta: 10m:41s; loss = 0.086485; ['mse_0=0.001057; ', 'lpips_0=0.005978; ', 'codec_recon_0=0.008152; ', 'bpp_0=6.063491; ', 'mse_1=0.000869; ', 'lpips_1=0.004941; ', 'codec_recon_1=0.047917; ', 'bpp_1=0.299962; ', 'mse_2=0.000842; ', 'lpips_2=0.004317; ', 'codec_recon_2=0.012412; ', 'bpp_2=0.288881; ']
train step[1541/2000] ; used: 35m:50s; eta: 10m:40s; loss = 0.095782; ['mse_0=0.001462; ', 'lpips_0=0.005284; ', 'codec_recon_0=0.009064; ', 'bpp_0=6.034181; ', 'mse_1=0.001174; ', 'lpips_1=0.004267; ', 'codec_recon_1=0.056798; ', 'bpp_1=0.299131; ', 'mse_2=0.001039; ', 'lpips_2=0.003719; ', 'codec_recon_2=0.012975; ', 'bpp_2=0.289355; ']
train step[1542/2000] ; used: 35m:51s; eta: 10m:38s; loss = 0.116401; ['mse_0=0.000816; ', 'lpips_0=0.005235; ', 'codec_recon_0=0.009011; ', 'bpp_0=6.156063; ', 'mse_1=0.000547; ', 'lpips_1=0.003860; ', 'codec_recon_1=0.074520; ', 'bpp_1=0.301800; ', 'mse_2=0.000364; ', 'lpips_2=0.002836; ', 'codec_recon_2=0.019213; ', 'bpp_2=0.291916; ']
train step[1543/2000] ; used: 35m:52s; eta: 10m:37s; loss = 0.121943; ['mse_0=0.002328; ', 'lpips_0=0.006554; ', 'codec_recon_0=0.010492; ', 'bpp_0=6.120791; ', 'mse_1=0.001990; ', 'lpips_1=0.005248; ', 'codec_recon_1=0.072016; ', 'bpp_1=0.301554; ', 'mse_2=0.001843; ', 'lpips_2=0.004330; ', 'codec_recon_2=0.017142; ', 'bpp_2=0.292627; ']
train step[1544/2000] ; used: 35m:53s; eta: 10m:35s; loss = 0.107937; ['mse_0=0.001758; ', 'lpips_0=0.005348; ', 'codec_recon_0=0.009230; ', 'bpp_0=6.128145; ', 'mse_1=0.001497; ', 'lpips_1=0.004522; ', 'codec_recon_1=0.064968; ', 'bpp_1=0.302291; ', 'mse_2=0.001344; ', 'lpips_2=0.003998; ', 'codec_recon_2=0.015272; ', 'bpp_2=0.292430; ']
train step[1545/2000] ; used: 35m:54s; eta: 10m:34s; loss = 0.120712; ['mse_0=0.002246; ', 'lpips_0=0.009365; ', 'codec_recon_0=0.010632; ', 'bpp_0=5.999099; ', 'mse_1=0.002067; ', 'lpips_1=0.008465; ', 'codec_recon_1=0.060910; ', 'bpp_1=0.298665; ', 'mse_2=0.002007; ', 'lpips_2=0.008062; ', 'codec_recon_2=0.016958; ', 'bpp_2=0.289579; ']
train step[1546/2000] ; used: 35m:55s; eta: 10m:32s; loss = 0.120418; ['mse_0=0.002608; ', 'lpips_0=0.007969; ', 'codec_recon_0=0.010622; ', 'bpp_0=6.116297; ', 'mse_1=0.002176; ', 'lpips_1=0.006513; ', 'codec_recon_1=0.064311; ', 'bpp_1=0.301786; ', 'mse_2=0.001952; ', 'lpips_2=0.005639; ', 'codec_recon_2=0.018628; ', 'bpp_2=0.291038; ']
train step[1547/2000] ; used: 35m:56s; eta: 10m:31s; loss = 0.142880; ['mse_0=0.002012; ', 'lpips_0=0.007846; ', 'codec_recon_0=0.010442; ', 'bpp_0=6.154641; ', 'mse_1=0.001703; ', 'lpips_1=0.005869; ', 'codec_recon_1=0.087776; ', 'bpp_1=0.302892; ', 'mse_2=0.001489; ', 'lpips_2=0.004486; ', 'codec_recon_2=0.021258; ', 'bpp_2=0.292760; ']
train step[1548/2000] ; used: 35m:57s; eta: 10m:29s; loss = 0.109746; ['mse_0=0.002311; ', 'lpips_0=0.005792; ', 'codec_recon_0=0.010567; ', 'bpp_0=6.062560; ', 'mse_1=0.001862; ', 'lpips_1=0.004612; ', 'codec_recon_1=0.064267; ', 'bpp_1=0.300951; ', 'mse_2=0.001746; ', 'lpips_2=0.004117; ', 'codec_recon_2=0.014472; ', 'bpp_2=0.291769; ']
train step[1549/2000] ; used: 35m:58s; eta: 10m:28s; loss = 0.127586; ['mse_0=0.001968; ', 'lpips_0=0.006355; ', 'codec_recon_0=0.009242; ', 'bpp_0=6.126681; ', 'mse_1=0.001535; ', 'lpips_1=0.004940; ', 'codec_recon_1=0.077792; ', 'bpp_1=0.301404; ', 'mse_2=0.001088; ', 'lpips_2=0.003363; ', 'codec_recon_2=0.021304; ', 'bpp_2=0.291127; ']
train step[1550/2000] ; used: 35m:59s; eta: 10m:26s; loss = 0.103410; ['mse_0=0.000381; ', 'lpips_0=0.004555; ', 'codec_recon_0=0.009290; ', 'bpp_0=6.119038; ', 'mse_1=0.000286; ', 'lpips_1=0.003724; ', 'codec_recon_1=0.065274; ', 'bpp_1=0.301322; ', 'mse_2=0.000214; ', 'lpips_2=0.003132; ', 'codec_recon_2=0.016556; ', 'bpp_2=0.291093; ']
train step[1551/2000] ; used: 36m; eta: 10m:25s; loss = 0.109524; ['mse_0=0.004105; ', 'lpips_0=0.007327; ', 'codec_recon_0=0.009198; ', 'bpp_0=6.018865; ', 'mse_1=0.003572; ', 'lpips_1=0.006401; ', 'codec_recon_1=0.055719; ', 'bpp_1=0.300033; ', 'mse_2=0.003294; ', 'lpips_2=0.005833; ', 'codec_recon_2=0.014074; ', 'bpp_2=0.289440; ']
train step[1552/2000] ; used: 36m:1s; eta: 10m:23s; loss = 0.118175; ['mse_0=0.001448; ', 'lpips_0=0.005697; ', 'codec_recon_0=0.009456; ', 'bpp_0=6.137959; ', 'mse_1=0.001157; ', 'lpips_1=0.004611; ', 'codec_recon_1=0.071286; ', 'bpp_1=0.301960; ', 'mse_2=0.000978; ', 'lpips_2=0.003538; ', 'codec_recon_2=0.020004; ', 'bpp_2=0.291705; ']
train step[1553/2000] ; used: 36m:2s; eta: 10m:22s; loss = 0.138774; ['mse_0=0.001812; ', 'lpips_0=0.006240; ', 'codec_recon_0=0.010661; ', 'bpp_0=6.200634; ', 'mse_1=0.001451; ', 'lpips_1=0.005022; ', 'codec_recon_1=0.086878; ', 'bpp_1=0.303882; ', 'mse_2=0.001231; ', 'lpips_2=0.003816; ', 'codec_recon_2=0.021662; ', 'bpp_2=0.294456; ']
train step[1554/2000] ; used: 36m:3s; eta: 10m:20s; loss = 0.113139; ['mse_0=0.002829; ', 'lpips_0=0.005413; ', 'codec_recon_0=0.009683; ', 'bpp_0=6.088016; ', 'mse_1=0.002450; ', 'lpips_1=0.004561; ', 'codec_recon_1=0.065994; ', 'bpp_1=0.301149; ', 'mse_2=0.002258; ', 'lpips_2=0.003999; ', 'codec_recon_2=0.015951; ', 'bpp_2=0.292240; ']
train step[1555/2000] ; used: 36m:4s; eta: 10m:19s; loss = 0.108687; ['mse_0=0.002364; ', 'lpips_0=0.007793; ', 'codec_recon_0=0.009040; ', 'bpp_0=6.074324; ', 'mse_1=0.002049; ', 'lpips_1=0.006774; ', 'codec_recon_1=0.058450; ', 'bpp_1=0.300922; ', 'mse_2=0.001911; ', 'lpips_2=0.006107; ', 'codec_recon_2=0.014199; ', 'bpp_2=0.291259; ']
train step[1556/2000] ; used: 36m:5s; eta: 10m:17s; loss = 0.099505; ['mse_0=0.001661; ', 'lpips_0=0.006500; ', 'codec_recon_0=0.008423; ', 'bpp_0=6.042337; ', 'mse_1=0.001369; ', 'lpips_1=0.005619; ', 'codec_recon_1=0.054341; ', 'bpp_1=0.298997; ', 'mse_2=0.001212; ', 'lpips_2=0.005041; ', 'codec_recon_2=0.015340; ', 'bpp_2=0.288751; ']
train step[1557/2000] ; used: 36m:6s; eta: 10m:16s; loss = 0.088034; ['mse_0=0.001457; ', 'lpips_0=0.005609; ', 'codec_recon_0=0.008021; ', 'bpp_0=6.084447; ', 'mse_1=0.001207; ', 'lpips_1=0.004662; ', 'codec_recon_1=0.049551; ', 'bpp_1=0.301150; ', 'mse_2=0.001086; ', 'lpips_2=0.004077; ', 'codec_recon_2=0.012363; ', 'bpp_2=0.291172; ']
train step[1558/2000] ; used: 36m:7s; eta: 10m:14s; loss = 0.106716; ['mse_0=0.000865; ', 'lpips_0=0.004652; ', 'codec_recon_0=0.009082; ', 'bpp_0=6.052679; ', 'mse_1=0.000630; ', 'lpips_1=0.003688; ', 'codec_recon_1=0.064987; ', 'bpp_1=0.298926; ', 'mse_2=0.000429; ', 'lpips_2=0.002833; ', 'codec_recon_2=0.019551; ', 'bpp_2=0.288406; ']
train step[1559/2000] ; used: 36m:8s; eta: 10m:13s; loss = 0.083352; ['mse_0=0.001542; ', 'lpips_0=0.005125; ', 'codec_recon_0=0.007770; ', 'bpp_0=6.027565; ', 'mse_1=0.001492; ', 'lpips_1=0.004166; ', 'codec_recon_1=0.046513; ', 'bpp_1=0.298970; ', 'mse_2=0.001408; ', 'lpips_2=0.003676; ', 'codec_recon_2=0.011659; ', 'bpp_2=0.289590; ']
train step[1560/2000] ; used: 36m:9s; eta: 10m:11s; loss = 0.097781; ['mse_0=0.000603; ', 'lpips_0=0.004577; ', 'codec_recon_0=0.008678; ', 'bpp_0=6.085929; ', 'mse_1=0.000446; ', 'lpips_1=0.003338; ', 'codec_recon_1=0.060524; ', 'bpp_1=0.300313; ', 'mse_2=0.000302; ', 'lpips_2=0.002505; ', 'codec_recon_2=0.016808; ', 'bpp_2=0.290017; ']
train step[1561/2000] ; used: 36m:10s; eta: 10m:10s; loss = 0.101857; ['mse_0=0.001975; ', 'lpips_0=0.006276; ', 'codec_recon_0=0.008966; ', 'bpp_0=6.081717; ', 'mse_1=0.001668; ', 'lpips_1=0.005382; ', 'codec_recon_1=0.057068; ', 'bpp_1=0.302214; ', 'mse_2=0.001471; ', 'lpips_2=0.004794; ', 'codec_recon_2=0.014258; ', 'bpp_2=0.290804; ']
train step[1562/2000] ; used: 36m:11s; eta: 10m:8s; loss = 0.076960; ['mse_0=0.000858; ', 'lpips_0=0.004463; ', 'codec_recon_0=0.007189; ', 'bpp_0=6.069633; ', 'mse_1=0.000659; ', 'lpips_1=0.003595; ', 'codec_recon_1=0.044504; ', 'bpp_1=0.299811; ', 'mse_2=0.000531; ', 'lpips_2=0.002923; ', 'codec_recon_2=0.012237; ', 'bpp_2=0.289024; ']
train step[1563/2000] ; used: 36m:12s; eta: 10m:7s; loss = 0.113132; ['mse_0=0.001245; ', 'lpips_0=0.005367; ', 'codec_recon_0=0.008982; ', 'bpp_0=6.125648; ', 'mse_1=0.000899; ', 'lpips_1=0.004303; ', 'codec_recon_1=0.069667; ', 'bpp_1=0.301415; ', 'mse_2=0.000679; ', 'lpips_2=0.003196; ', 'codec_recon_2=0.018796; ', 'bpp_2=0.290775; ']
train step[1564/2000] ; used: 36m:13s; eta: 10m:5s; loss = 0.087167; ['mse_0=0.000950; ', 'lpips_0=0.005249; ', 'codec_recon_0=0.007810; ', 'bpp_0=6.074131; ', 'mse_1=0.000783; ', 'lpips_1=0.004330; ', 'codec_recon_1=0.050199; ', 'bpp_1=0.299588; ', 'mse_2=0.000636; ', 'lpips_2=0.003737; ', 'codec_recon_2=0.013473; ', 'bpp_2=0.290233; ']
train step[1565/2000] ; used: 36m:15s; eta: 10m:4s; loss = 0.077266; ['mse_0=0.000800; ', 'lpips_0=0.005992; ', 'codec_recon_0=0.007572; ', 'bpp_0=6.003628; ', 'mse_1=0.000665; ', 'lpips_1=0.005471; ', 'codec_recon_1=0.040601; ', 'bpp_1=0.298014; ', 'mse_2=0.000615; ', 'lpips_2=0.005139; ', 'codec_recon_2=0.010412; ', 'bpp_2=0.289405; ']
train step[1566/2000] ; used: 36m:16s; eta: 10m:2s; loss = 0.102747; ['mse_0=0.002372; ', 'lpips_0=0.007138; ', 'codec_recon_0=0.008747; ', 'bpp_0=6.093228; ', 'mse_1=0.002104; ', 'lpips_1=0.006365; ', 'codec_recon_1=0.055025; ', 'bpp_1=0.301439; ', 'mse_2=0.001966; ', 'lpips_2=0.005848; ', 'codec_recon_2=0.013181; ', 'bpp_2=0.292109; ']
train step[1567/2000] ; used: 36m:17s; eta: 10m:1s; loss = 0.094332; ['mse_0=0.001292; ', 'lpips_0=0.004897; ', 'codec_recon_0=0.008110; ', 'bpp_0=6.102936; ', 'mse_1=0.001034; ', 'lpips_1=0.004076; ', 'codec_recon_1=0.056447; ', 'bpp_1=0.301997; ', 'mse_2=0.000940; ', 'lpips_2=0.003529; ', 'codec_recon_2=0.014006; ', 'bpp_2=0.291792; ']
train step[1568/2000] ; used: 36m:18s; eta: 9m:59s; loss = 0.110366; ['mse_0=0.002350; ', 'lpips_0=0.007518; ', 'codec_recon_0=0.008444; ', 'bpp_0=6.141668; ', 'mse_1=0.001874; ', 'lpips_1=0.006356; ', 'codec_recon_1=0.061770; ', 'bpp_1=0.302687; ', 'mse_2=0.001316; ', 'lpips_2=0.005039; ', 'codec_recon_2=0.015701; ', 'bpp_2=0.293256; ']
train step[1569/2000] ; used: 36m:19s; eta: 9m:58s; loss = 0.104042; ['mse_0=0.002283; ', 'lpips_0=0.006737; ', 'codec_recon_0=0.009194; ', 'bpp_0=6.106303; ', 'mse_1=0.001915; ', 'lpips_1=0.005771; ', 'codec_recon_1=0.056761; ', 'bpp_1=0.302304; ', 'mse_2=0.001747; ', 'lpips_2=0.005033; ', 'codec_recon_2=0.014601; ', 'bpp_2=0.292022; ']
train step[1570/2000] ; used: 36m:20s; eta: 9m:56s; loss = 0.126373; ['mse_0=0.001198; ', 'lpips_0=0.005288; ', 'codec_recon_0=0.011116; ', 'bpp_0=6.151653; ', 'mse_1=0.000923; ', 'lpips_1=0.003813; ', 'codec_recon_1=0.080050; ', 'bpp_1=0.301788; ', 'mse_2=0.000864; ', 'lpips_2=0.003210; ', 'codec_recon_2=0.019912; ', 'bpp_2=0.293544; ']
train step[1571/2000] ; used: 36m:21s; eta: 9m:55s; loss = 0.085378; ['mse_0=0.001208; ', 'lpips_0=0.005275; ', 'codec_recon_0=0.008059; ', 'bpp_0=6.064250; ', 'mse_1=0.000901; ', 'lpips_1=0.004332; ', 'codec_recon_1=0.049091; ', 'bpp_1=0.300312; ', 'mse_2=0.000778; ', 'lpips_2=0.003858; ', 'codec_recon_2=0.011876; ', 'bpp_2=0.290772; ']
train step[1572/2000] ; used: 36m:22s; eta: 9m:53s; loss = 0.083978; ['mse_0=0.001243; ', 'lpips_0=0.005233; ', 'codec_recon_0=0.007864; ', 'bpp_0=6.058149; ', 'mse_1=0.001019; ', 'lpips_1=0.004529; ', 'codec_recon_1=0.047365; ', 'bpp_1=0.299922; ', 'mse_2=0.000861; ', 'lpips_2=0.003982; ', 'codec_recon_2=0.011883; ', 'bpp_2=0.290373; ']
train step[1573/2000] ; used: 36m:23s; eta: 9m:52s; loss = 0.102659; ['mse_0=0.000583; ', 'lpips_0=0.005673; ', 'codec_recon_0=0.008486; ', 'bpp_0=6.145384; ', 'mse_1=0.000428; ', 'lpips_1=0.004336; ', 'codec_recon_1=0.062270; ', 'bpp_1=0.302805; ', 'mse_2=0.000312; ', 'lpips_2=0.003203; ', 'codec_recon_2=0.017367; ', 'bpp_2=0.292896; ']
train step[1574/2000] ; used: 36m:24s; eta: 9m:50s; loss = 0.109797; ['mse_0=0.001919; ', 'lpips_0=0.006571; ', 'codec_recon_0=0.008758; ', 'bpp_0=6.159505; ', 'mse_1=0.001535; ', 'lpips_1=0.005187; ', 'codec_recon_1=0.064557; ', 'bpp_1=0.303619; ', 'mse_2=0.001194; ', 'lpips_2=0.004147; ', 'codec_recon_2=0.015929; ', 'bpp_2=0.293784; ']
train step[1575/2000] ; used: 36m:25s; eta: 9m:49s; loss = 0.083315; ['mse_0=0.000830; ', 'lpips_0=0.005342; ', 'codec_recon_0=0.008191; ', 'bpp_0=6.069329; ', 'mse_1=0.000713; ', 'lpips_1=0.004351; ', 'codec_recon_1=0.046587; ', 'bpp_1=0.300192; ', 'mse_2=0.000706; ', 'lpips_2=0.003902; ', 'codec_recon_2=0.012694; ', 'bpp_2=0.290308; ']
train step[1576/2000] ; used: 36m:26s; eta: 9m:47s; loss = 0.111964; ['mse_0=0.002578; ', 'lpips_0=0.005175; ', 'codec_recon_0=0.008963; ', 'bpp_0=6.149605; ', 'mse_1=0.002212; ', 'lpips_1=0.004173; ', 'codec_recon_1=0.066392; ', 'bpp_1=0.302254; ', 'mse_2=0.002085; ', 'lpips_2=0.003535; ', 'codec_recon_2=0.016851; ', 'bpp_2=0.292448; ']
train step[1577/2000] ; used: 36m:27s; eta: 9m:46s; loss = 0.087319; ['mse_0=0.001609; ', 'lpips_0=0.005002; ', 'codec_recon_0=0.008190; ', 'bpp_0=6.039111; ', 'mse_1=0.001383; ', 'lpips_1=0.004330; ', 'codec_recon_1=0.049436; ', 'bpp_1=0.300013; ', 'mse_2=0.001315; ', 'lpips_2=0.003792; ', 'codec_recon_2=0.012262; ', 'bpp_2=0.289893; ']
train step[1578/2000] ; used: 36m:28s; eta: 9m:44s; loss = 0.095643; ['mse_0=0.001168; ', 'lpips_0=0.005121; ', 'codec_recon_0=0.009063; ', 'bpp_0=6.080661; ', 'mse_1=0.000930; ', 'lpips_1=0.004181; ', 'codec_recon_1=0.055772; ', 'bpp_1=0.300663; ', 'mse_2=0.000818; ', 'lpips_2=0.003671; ', 'codec_recon_2=0.014919; ', 'bpp_2=0.290444; ']
train step[1579/2000] ; used: 36m:29s; eta: 9m:43s; loss = 0.090249; ['mse_0=0.000879; ', 'lpips_0=0.005616; ', 'codec_recon_0=0.008092; ', 'bpp_0=6.058201; ', 'mse_1=0.000677; ', 'lpips_1=0.004607; ', 'codec_recon_1=0.051042; ', 'bpp_1=0.299817; ', 'mse_2=0.000500; ', 'lpips_2=0.003873; ', 'codec_recon_2=0.014965; ', 'bpp_2=0.289261; ']
train step[1580/2000] ; used: 36m:30s; eta: 9m:41s; loss = 0.111093; ['mse_0=0.003709; ', 'lpips_0=0.008247; ', 'codec_recon_0=0.008677; ', 'bpp_0=6.078901; ', 'mse_1=0.003513; ', 'lpips_1=0.007287; ', 'codec_recon_1=0.054030; ', 'bpp_1=0.301171; ', 'mse_2=0.003289; ', 'lpips_2=0.006505; ', 'codec_recon_2=0.015836; ', 'bpp_2=0.291064; ']
train step[1581/2000] ; used: 36m:31s; eta: 9m:40s; loss = 0.085503; ['mse_0=0.001083; ', 'lpips_0=0.005405; ', 'codec_recon_0=0.007723; ', 'bpp_0=6.085999; ', 'mse_1=0.000847; ', 'lpips_1=0.004561; ', 'codec_recon_1=0.048338; ', 'bpp_1=0.300713; ', 'mse_2=0.000803; ', 'lpips_2=0.004111; ', 'codec_recon_2=0.012633; ', 'bpp_2=0.290956; ']
train step[1582/2000] ; used: 36m:32s; eta: 9m:38s; loss = 0.137592; ['mse_0=0.001524; ', 'lpips_0=0.006883; ', 'codec_recon_0=0.009594; ', 'bpp_0=6.179567; ', 'mse_1=0.001134; ', 'lpips_1=0.005220; ', 'codec_recon_1=0.086500; ', 'bpp_1=0.303143; ', 'mse_2=0.000911; ', 'lpips_2=0.003905; ', 'codec_recon_2=0.021921; ', 'bpp_2=0.293006; ']
train step[1583/2000] ; used: 36m:33s; eta: 9m:37s; loss = 0.089042; ['mse_0=0.001707; ', 'lpips_0=0.005857; ', 'codec_recon_0=0.008511; ', 'bpp_0=6.057609; ', 'mse_1=0.001438; ', 'lpips_1=0.004800; ', 'codec_recon_1=0.049142; ', 'bpp_1=0.300486; ', 'mse_2=0.001346; ', 'lpips_2=0.004353; ', 'codec_recon_2=0.011890; ', 'bpp_2=0.290755; ']
train step[1584/2000] ; used: 36m:34s; eta: 9m:35s; loss = 0.081961; ['mse_0=0.000786; ', 'lpips_0=0.004420; ', 'codec_recon_0=0.007776; ', 'bpp_0=6.072966; ', 'mse_1=0.000591; ', 'lpips_1=0.003495; ', 'codec_recon_1=0.049576; ', 'bpp_1=0.300531; ', 'mse_2=0.000503; ', 'lpips_2=0.003034; ', 'codec_recon_2=0.011781; ', 'bpp_2=0.290701; ']
train step[1585/2000] ; used: 36m:35s; eta: 9m:34s; loss = 0.152808; ['mse_0=0.001884; ', 'lpips_0=0.007326; ', 'codec_recon_0=0.009623; ', 'bpp_0=6.134220; ', 'mse_1=0.001284; ', 'lpips_1=0.005519; ', 'codec_recon_1=0.098864; ', 'bpp_1=0.302269; ', 'mse_2=0.000679; ', 'lpips_2=0.003407; ', 'codec_recon_2=0.024220; ', 'bpp_2=0.293337; ']
train step[1586/2000] ; used: 36m:36s; eta: 9m:33s; loss = 0.090357; ['mse_0=0.001603; ', 'lpips_0=0.005502; ', 'codec_recon_0=0.008333; ', 'bpp_0=6.086867; ', 'mse_1=0.001383; ', 'lpips_1=0.004562; ', 'codec_recon_1=0.051424; ', 'bpp_1=0.300630; ', 'mse_2=0.001286; ', 'lpips_2=0.003919; ', 'codec_recon_2=0.012345; ', 'bpp_2=0.291334; ']
train step[1587/2000] ; used: 36m:37s; eta: 9m:31s; loss = 0.133840; ['mse_0=0.007794; ', 'lpips_0=0.006889; ', 'codec_recon_0=0.009347; ', 'bpp_0=6.111878; ', 'mse_1=0.006550; ', 'lpips_1=0.005513; ', 'codec_recon_1=0.069623; ', 'bpp_1=0.302092; ', 'mse_2=0.005843; ', 'lpips_2=0.004352; ', 'codec_recon_2=0.017928; ', 'bpp_2=0.292847; ']
train step[1588/2000] ; used: 36m:38s; eta: 9m:30s; loss = 0.093163; ['mse_0=0.001369; ', 'lpips_0=0.004951; ', 'codec_recon_0=0.008068; ', 'bpp_0=6.070883; ', 'mse_1=0.001213; ', 'lpips_1=0.004024; ', 'codec_recon_1=0.054792; ', 'bpp_1=0.299963; ', 'mse_2=0.001149; ', 'lpips_2=0.003578; ', 'codec_recon_2=0.014020; ', 'bpp_2=0.291313; ']
train step[1589/2000] ; used: 36m:39s; eta: 9m:28s; loss = 0.089299; ['mse_0=0.001078; ', 'lpips_0=0.005884; ', 'codec_recon_0=0.009002; ', 'bpp_0=6.054504; ', 'mse_1=0.000769; ', 'lpips_1=0.004838; ', 'codec_recon_1=0.050160; ', 'bpp_1=0.301067; ', 'mse_2=0.000688; ', 'lpips_2=0.004266; ', 'codec_recon_2=0.012613; ', 'bpp_2=0.291273; ']
train step[1590/2000] ; used: 36m:40s; eta: 9m:27s; loss = 0.091617; ['mse_0=0.003051; ', 'lpips_0=0.005096; ', 'codec_recon_0=0.007533; ', 'bpp_0=6.071951; ', 'mse_1=0.002778; ', 'lpips_1=0.004077; ', 'codec_recon_1=0.050495; ', 'bpp_1=0.300513; ', 'mse_2=0.002702; ', 'lpips_2=0.003544; ', 'codec_recon_2=0.012341; ', 'bpp_2=0.290243; ']
train step[1591/2000] ; used: 36m:41s; eta: 9m:25s; loss = 0.098615; ['mse_0=0.001453; ', 'lpips_0=0.004884; ', 'codec_recon_0=0.007885; ', 'bpp_0=6.101777; ', 'mse_1=0.001155; ', 'lpips_1=0.003856; ', 'codec_recon_1=0.060583; ', 'bpp_1=0.300452; ', 'mse_2=0.000913; ', 'lpips_2=0.003073; ', 'codec_recon_2=0.014813; ', 'bpp_2=0.291909; ']
train step[1592/2000] ; used: 36m:42s; eta: 9m:24s; loss = 0.111310; ['mse_0=0.002737; ', 'lpips_0=0.007152; ', 'codec_recon_0=0.008555; ', 'bpp_0=6.102596; ', 'mse_1=0.002526; ', 'lpips_1=0.006283; ', 'codec_recon_1=0.059992; ', 'bpp_1=0.301546; ', 'mse_2=0.002440; ', 'lpips_2=0.005413; ', 'codec_recon_2=0.016212; ', 'bpp_2=0.291816; ']
train step[1593/2000] ; used: 36m:43s; eta: 9m:22s; loss = 0.106666; ['mse_0=0.001377; ', 'lpips_0=0.005002; ', 'codec_recon_0=0.009084; ', 'bpp_0=6.114977; ', 'mse_1=0.001103; ', 'lpips_1=0.004249; ', 'codec_recon_1=0.064110; ', 'bpp_1=0.302105; ', 'mse_2=0.000926; ', 'lpips_2=0.003530; ', 'codec_recon_2=0.017284; ', 'bpp_2=0.292809; ']
train step[1594/2000] ; used: 36m:44s; eta: 9m:21s; loss = 0.111344; ['mse_0=0.002388; ', 'lpips_0=0.006141; ', 'codec_recon_0=0.008869; ', 'bpp_0=6.093169; ', 'mse_1=0.002113; ', 'lpips_1=0.005197; ', 'codec_recon_1=0.062363; ', 'bpp_1=0.301463; ', 'mse_2=0.001976; ', 'lpips_2=0.004461; ', 'codec_recon_2=0.017836; ', 'bpp_2=0.290882; ']
train step[1595/2000] ; used: 36m:45s; eta: 9m:19s; loss = 0.133777; ['mse_0=0.003809; ', 'lpips_0=0.007888; ', 'codec_recon_0=0.008952; ', 'bpp_0=6.099567; ', 'mse_1=0.003320; ', 'lpips_1=0.006520; ', 'codec_recon_1=0.075196; ', 'bpp_1=0.301601; ', 'mse_2=0.002975; ', 'lpips_2=0.005461; ', 'codec_recon_2=0.019656; ', 'bpp_2=0.291736; ']
train step[1596/2000] ; used: 36m:47s; eta: 9m:18s; loss = 0.097406; ['mse_0=0.002711; ', 'lpips_0=0.006382; ', 'codec_recon_0=0.008149; ', 'bpp_0=6.037281; ', 'mse_1=0.002357; ', 'lpips_1=0.005518; ', 'codec_recon_1=0.052030; ', 'bpp_1=0.299799; ', 'mse_2=0.002252; ', 'lpips_2=0.005002; ', 'codec_recon_2=0.013005; ', 'bpp_2=0.289586; ']
train step[1597/2000] ; used: 36m:48s; eta: 9m:16s; loss = 0.126716; ['mse_0=0.010244; ', 'lpips_0=0.008297; ', 'codec_recon_0=0.009159; ', 'bpp_0=6.048812; ', 'mse_1=0.009711; ', 'lpips_1=0.007361; ', 'codec_recon_1=0.052145; ', 'bpp_1=0.301585; ', 'mse_2=0.009619; ', 'lpips_2=0.006834; ', 'codec_recon_2=0.013346; ', 'bpp_2=0.289345; ']
train step[1598/2000] ; used: 36m:49s; eta: 9m:15s; loss = 0.103518; ['mse_0=0.002264; ', 'lpips_0=0.006054; ', 'codec_recon_0=0.008507; ', 'bpp_0=6.122430; ', 'mse_1=0.001908; ', 'lpips_1=0.005144; ', 'codec_recon_1=0.057891; ', 'bpp_1=0.301773; ', 'mse_2=0.001660; ', 'lpips_2=0.004541; ', 'codec_recon_2=0.015548; ', 'bpp_2=0.292618; ']
train step[1599/2000] ; used: 36m:50s; eta: 9m:13s; loss = 0.100833; ['mse_0=0.000745; ', 'lpips_0=0.004588; ', 'codec_recon_0=0.008844; ', 'bpp_0=6.110092; ', 'mse_1=0.000558; ', 'lpips_1=0.003526; ', 'codec_recon_1=0.062153; ', 'bpp_1=0.300470; ', 'mse_2=0.000441; ', 'lpips_2=0.002804; ', 'codec_recon_2=0.017175; ', 'bpp_2=0.291214; ']
train step[1600/2000] ; used: 36m:51s; eta: 9m:12s; loss = 0.090283; ['mse_0=0.001364; ', 'lpips_0=0.004824; ', 'codec_recon_0=0.007926; ', 'bpp_0=6.064516; ', 'mse_1=0.001090; ', 'lpips_1=0.004012; ', 'codec_recon_1=0.052150; ', 'bpp_1=0.300464; ', 'mse_2=0.000975; ', 'lpips_2=0.003470; ', 'codec_recon_2=0.014472; ', 'bpp_2=0.290570; ']
train step[1601/2000] ; used: 36m:52s; eta: 9m:10s; loss = 0.106966; ['mse_0=0.003034; ', 'lpips_0=0.007937; ', 'codec_recon_0=0.008934; ', 'bpp_0=6.098149; ', 'mse_1=0.002485; ', 'lpips_1=0.006994; ', 'codec_recon_1=0.055404; ', 'bpp_1=0.301828; ', 'mse_2=0.002348; ', 'lpips_2=0.006191; ', 'codec_recon_2=0.013639; ', 'bpp_2=0.292908; ']
train step[1602/2000] ; used: 36m:53s; eta: 9m:9s; loss = 0.100456; ['mse_0=0.002047; ', 'lpips_0=0.007059; ', 'codec_recon_0=0.008577; ', 'bpp_0=6.097398; ', 'mse_1=0.001946; ', 'lpips_1=0.006037; ', 'codec_recon_1=0.053651; ', 'bpp_1=0.300572; ', 'mse_2=0.001860; ', 'lpips_2=0.005662; ', 'codec_recon_2=0.013615; ', 'bpp_2=0.291083; ']
train step[1603/2000] ; used: 36m:54s; eta: 9m:8s; loss = 0.082931; ['mse_0=0.001471; ', 'lpips_0=0.005288; ', 'codec_recon_0=0.007519; ', 'bpp_0=6.040408; ', 'mse_1=0.001328; ', 'lpips_1=0.004391; ', 'codec_recon_1=0.046269; ', 'bpp_1=0.298894; ', 'mse_2=0.001269; ', 'lpips_2=0.003933; ', 'codec_recon_2=0.011463; ', 'bpp_2=0.290037; ']
train step[1604/2000] ; used: 36m:55s; eta: 9m:6s; loss = 0.094229; ['mse_0=0.001172; ', 'lpips_0=0.004560; ', 'codec_recon_0=0.008027; ', 'bpp_0=6.089237; ', 'mse_1=0.000900; ', 'lpips_1=0.003482; ', 'codec_recon_1=0.057558; ', 'bpp_1=0.300971; ', 'mse_2=0.000745; ', 'lpips_2=0.002809; ', 'codec_recon_2=0.014976; ', 'bpp_2=0.291084; ']
train step[1605/2000] ; used: 36m:56s; eta: 9m:5s; loss = 0.084818; ['mse_0=0.002535; ', 'lpips_0=0.005723; ', 'codec_recon_0=0.008153; ', 'bpp_0=6.038250; ', 'mse_1=0.002362; ', 'lpips_1=0.004850; ', 'codec_recon_1=0.044654; ', 'bpp_1=0.299832; ', 'mse_2=0.002318; ', 'lpips_2=0.004430; ', 'codec_recon_2=0.009794; ', 'bpp_2=0.290084; ']
train step[1606/2000] ; used: 36m:57s; eta: 9m:3s; loss = 0.078566; ['mse_0=0.000900; ', 'lpips_0=0.004598; ', 'codec_recon_0=0.007202; ', 'bpp_0=6.067096; ', 'mse_1=0.000712; ', 'lpips_1=0.003627; ', 'codec_recon_1=0.045447; ', 'bpp_1=0.299536; ', 'mse_2=0.000604; ', 'lpips_2=0.003123; ', 'codec_recon_2=0.012352; ', 'bpp_2=0.290012; ']
train step[1607/2000] ; used: 36m:58s; eta: 9m:2s; loss = 0.081669; ['mse_0=0.000690; ', 'lpips_0=0.005110; ', 'codec_recon_0=0.008009; ', 'bpp_0=6.066121; ', 'mse_1=0.000550; ', 'lpips_1=0.004414; ', 'codec_recon_1=0.046545; ', 'bpp_1=0.299117; ', 'mse_2=0.000503; ', 'lpips_2=0.003947; ', 'codec_recon_2=0.011901; ', 'bpp_2=0.290281; ']
train step[1608/2000] ; used: 36m:59s; eta: 9m; loss = 0.109500; ['mse_0=0.001106; ', 'lpips_0=0.005768; ', 'codec_recon_0=0.008960; ', 'bpp_0=6.126916; ', 'mse_1=0.000851; ', 'lpips_1=0.004782; ', 'codec_recon_1=0.065591; ', 'bpp_1=0.300937; ', 'mse_2=0.000749; ', 'lpips_2=0.004243; ', 'codec_recon_2=0.017452; ', 'bpp_2=0.290757; ']
train step[1609/2000] ; used: 37m; eta: 8m:59s; loss = 0.135010; ['mse_0=0.003695; ', 'lpips_0=0.007416; ', 'codec_recon_0=0.009473; ', 'bpp_0=6.186539; ', 'mse_1=0.003244; ', 'lpips_1=0.006527; ', 'codec_recon_1=0.075034; ', 'bpp_1=0.303324; ', 'mse_2=0.003036; ', 'lpips_2=0.005531; ', 'codec_recon_2=0.021053; ', 'bpp_2=0.293680; ']
train step[1610/2000] ; used: 37m:1s; eta: 8m:57s; loss = 0.161523; ['mse_0=0.001490; ', 'lpips_0=0.008240; ', 'codec_recon_0=0.010798; ', 'bpp_0=6.220528; ', 'mse_1=0.001154; ', 'lpips_1=0.006472; ', 'codec_recon_1=0.097030; ', 'bpp_1=0.303865; ', 'mse_2=0.000910; ', 'lpips_2=0.004996; ', 'codec_recon_2=0.030432; ', 'bpp_2=0.293245; ']
train step[1611/2000] ; used: 37m:2s; eta: 8m:56s; loss = 0.127032; ['mse_0=0.001935; ', 'lpips_0=0.006377; ', 'codec_recon_0=0.009022; ', 'bpp_0=6.181113; ', 'mse_1=0.001323; ', 'lpips_1=0.004817; ', 'codec_recon_1=0.079247; ', 'bpp_1=0.302504; ', 'mse_2=0.000882; ', 'lpips_2=0.003489; ', 'codec_recon_2=0.019938; ', 'bpp_2=0.293838; ']
train step[1612/2000] ; used: 37m:3s; eta: 8m:54s; loss = 0.081937; ['mse_0=0.001358; ', 'lpips_0=0.004436; ', 'codec_recon_0=0.007211; ', 'bpp_0=6.038620; ', 'mse_1=0.001061; ', 'lpips_1=0.003582; ', 'codec_recon_1=0.046942; ', 'bpp_1=0.298387; ', 'mse_2=0.000824; ', 'lpips_2=0.002940; ', 'codec_recon_2=0.013582; ', 'bpp_2=0.288584; ']
train step[1613/2000] ; used: 37m:4s; eta: 8m:53s; loss = 0.118533; ['mse_0=0.001756; ', 'lpips_0=0.006668; ', 'codec_recon_0=0.009171; ', 'bpp_0=6.145301; ', 'mse_1=0.001381; ', 'lpips_1=0.005483; ', 'codec_recon_1=0.069851; ', 'bpp_1=0.301286; ', 'mse_2=0.001152; ', 'lpips_2=0.004749; ', 'codec_recon_2=0.018320; ', 'bpp_2=0.291738; ']
train step[1614/2000] ; used: 37m:5s; eta: 8m:51s; loss = 0.090931; ['mse_0=0.001721; ', 'lpips_0=0.006023; ', 'codec_recon_0=0.007718; ', 'bpp_0=6.064736; ', 'mse_1=0.001493; ', 'lpips_1=0.005179; ', 'codec_recon_1=0.049294; ', 'bpp_1=0.300011; ', 'mse_2=0.001319; ', 'lpips_2=0.004590; ', 'codec_recon_2=0.013596; ', 'bpp_2=0.290380; ']
train step[1615/2000] ; used: 37m:6s; eta: 8m:50s; loss = 0.079970; ['mse_0=0.001334; ', 'lpips_0=0.005505; ', 'codec_recon_0=0.007416; ', 'bpp_0=6.022605; ', 'mse_1=0.001121; ', 'lpips_1=0.004599; ', 'codec_recon_1=0.043772; ', 'bpp_1=0.299633; ', 'mse_2=0.001026; ', 'lpips_2=0.004166; ', 'codec_recon_2=0.011031; ', 'bpp_2=0.288901; ']
train step[1616/2000] ; used: 37m:7s; eta: 8m:48s; loss = 0.147346; ['mse_0=0.006712; ', 'lpips_0=0.009109; ', 'codec_recon_0=0.009551; ', 'bpp_0=6.142507; ', 'mse_1=0.006026; ', 'lpips_1=0.007872; ', 'codec_recon_1=0.076218; ', 'bpp_1=0.303566; ', 'mse_2=0.005414; ', 'lpips_2=0.006674; ', 'codec_recon_2=0.019772; ', 'bpp_2=0.293319; ']
train step[1617/2000] ; used: 37m:8s; eta: 8m:47s; loss = 0.092070; ['mse_0=0.001070; ', 'lpips_0=0.005136; ', 'codec_recon_0=0.008422; ', 'bpp_0=6.091854; ', 'mse_1=0.000874; ', 'lpips_1=0.004140; ', 'codec_recon_1=0.053172; ', 'bpp_1=0.300251; ', 'mse_2=0.000709; ', 'lpips_2=0.003445; ', 'codec_recon_2=0.015103; ', 'bpp_2=0.290394; ']
train step[1618/2000] ; used: 37m:9s; eta: 8m:46s; loss = 0.091450; ['mse_0=0.001305; ', 'lpips_0=0.004681; ', 'codec_recon_0=0.008142; ', 'bpp_0=6.088561; ', 'mse_1=0.001054; ', 'lpips_1=0.003650; ', 'codec_recon_1=0.055443; ', 'bpp_1=0.299870; ', 'mse_2=0.000917; ', 'lpips_2=0.003130; ', 'codec_recon_2=0.013127; ', 'bpp_2=0.291958; ']
train step[1619/2000] ; used: 37m:10s; eta: 8m:44s; loss = 0.110628; ['mse_0=0.003128; ', 'lpips_0=0.007821; ', 'codec_recon_0=0.007782; ', 'bpp_0=6.095362; ', 'mse_1=0.002848; ', 'lpips_1=0.006820; ', 'codec_recon_1=0.057984; ', 'bpp_1=0.301414; ', 'mse_2=0.002253; ', 'lpips_2=0.005355; ', 'codec_recon_2=0.016637; ', 'bpp_2=0.293277; ']
train step[1620/2000] ; used: 37m:12s; eta: 8m:43s; loss = 0.095195; ['mse_0=0.001181; ', 'lpips_0=0.005788; ', 'codec_recon_0=0.007789; ', 'bpp_0=6.065871; ', 'mse_1=0.000956; ', 'lpips_1=0.004765; ', 'codec_recon_1=0.054629; ', 'bpp_1=0.298577; ', 'mse_2=0.000819; ', 'lpips_2=0.004186; ', 'codec_recon_2=0.015082; ', 'bpp_2=0.290221; ']
train step[1621/2000] ; used: 37m:13s; eta: 8m:41s; loss = 0.170330; ['mse_0=0.005304; ', 'lpips_0=0.009358; ', 'codec_recon_0=0.010723; ', 'bpp_0=6.213164; ', 'mse_1=0.004640; ', 'lpips_1=0.008034; ', 'codec_recon_1=0.096853; ', 'bpp_1=0.305123; ', 'mse_2=0.004070; ', 'lpips_2=0.006205; ', 'codec_recon_2=0.025144; ', 'bpp_2=0.295341; ']
train step[1622/2000] ; used: 37m:14s; eta: 8m:40s; loss = 0.112218; ['mse_0=0.002062; ', 'lpips_0=0.006151; ', 'codec_recon_0=0.009370; ', 'bpp_0=6.120090; ', 'mse_1=0.001699; ', 'lpips_1=0.005055; ', 'codec_recon_1=0.066843; ', 'bpp_1=0.302061; ', 'mse_2=0.001397; ', 'lpips_2=0.004234; ', 'codec_recon_2=0.015407; ', 'bpp_2=0.292429; ']
train step[1623/2000] ; used: 37m:15s; eta: 8m:38s; loss = 0.101439; ['mse_0=0.003105; ', 'lpips_0=0.006380; ', 'codec_recon_0=0.008399; ', 'bpp_0=6.070538; ', 'mse_1=0.002719; ', 'lpips_1=0.005401; ', 'codec_recon_1=0.053162; ', 'bpp_1=0.300660; ', 'mse_2=0.002753; ', 'lpips_2=0.004927; ', 'codec_recon_2=0.014593; ', 'bpp_2=0.291728; ']
train step[1624/2000] ; used: 37m:16s; eta: 8m:37s; loss = 0.088225; ['mse_0=0.000900; ', 'lpips_0=0.004807; ', 'codec_recon_0=0.008020; ', 'bpp_0=6.086658; ', 'mse_1=0.000781; ', 'lpips_1=0.004028; ', 'codec_recon_1=0.051797; ', 'bpp_1=0.300578; ', 'mse_2=0.000732; ', 'lpips_2=0.003650; ', 'codec_recon_2=0.013512; ', 'bpp_2=0.290918; ']
train step[1625/2000] ; used: 37m:17s; eta: 8m:36s; loss = 0.095375; ['mse_0=0.001563; ', 'lpips_0=0.005216; ', 'codec_recon_0=0.007927; ', 'bpp_0=6.093252; ', 'mse_1=0.001384; ', 'lpips_1=0.004458; ', 'codec_recon_1=0.053167; ', 'bpp_1=0.301681; ', 'mse_2=0.001318; ', 'lpips_2=0.004037; ', 'codec_recon_2=0.016304; ', 'bpp_2=0.292616; ']
train step[1626/2000] ; used: 37m:18s; eta: 8m:34s; loss = 0.087576; ['mse_0=0.002072; ', 'lpips_0=0.005145; ', 'codec_recon_0=0.007652; ', 'bpp_0=6.075859; ', 'mse_1=0.001880; ', 'lpips_1=0.004299; ', 'codec_recon_1=0.049082; ', 'bpp_1=0.300535; ', 'mse_2=0.001792; ', 'lpips_2=0.003778; ', 'codec_recon_2=0.011875; ', 'bpp_2=0.290899; ']
train step[1627/2000] ; used: 37m:19s; eta: 8m:33s; loss = 0.097002; ['mse_0=0.000659; ', 'lpips_0=0.004069; ', 'codec_recon_0=0.007665; ', 'bpp_0=6.112440; ', 'mse_1=0.000478; ', 'lpips_1=0.002939; ', 'codec_recon_1=0.060588; ', 'bpp_1=0.301185; ', 'mse_2=0.000316; ', 'lpips_2=0.002217; ', 'codec_recon_2=0.018069; ', 'bpp_2=0.291157; ']
train step[1628/2000] ; used: 37m:20s; eta: 8m:31s; loss = 0.141983; ['mse_0=0.002952; ', 'lpips_0=0.010117; ', 'codec_recon_0=0.009681; ', 'bpp_0=6.192254; ', 'mse_1=0.002797; ', 'lpips_1=0.009085; ', 'codec_recon_1=0.075936; ', 'bpp_1=0.304461; ', 'mse_2=0.002750; ', 'lpips_2=0.008247; ', 'codec_recon_2=0.020418; ', 'bpp_2=0.294773; ']
train step[1629/2000] ; used: 37m:21s; eta: 8m:30s; loss = 0.093822; ['mse_0=0.002272; ', 'lpips_0=0.006156; ', 'codec_recon_0=0.007889; ', 'bpp_0=6.090356; ', 'mse_1=0.001904; ', 'lpips_1=0.005133; ', 'codec_recon_1=0.050383; ', 'bpp_1=0.302073; ', 'mse_2=0.001745; ', 'lpips_2=0.004398; ', 'codec_recon_2=0.013942; ', 'bpp_2=0.291559; ']
train step[1630/2000] ; used: 37m:22s; eta: 8m:28s; loss = 0.084859; ['mse_0=0.001766; ', 'lpips_0=0.005400; ', 'codec_recon_0=0.008052; ', 'bpp_0=6.036010; ', 'mse_1=0.001529; ', 'lpips_1=0.004696; ', 'codec_recon_1=0.046667; ', 'bpp_1=0.298665; ', 'mse_2=0.001467; ', 'lpips_2=0.004324; ', 'codec_recon_2=0.010959; ', 'bpp_2=0.289789; ']
train step[1631/2000] ; used: 37m:23s; eta: 8m:27s; loss = 0.150840; ['mse_0=0.002229; ', 'lpips_0=0.006963; ', 'codec_recon_0=0.010219; ', 'bpp_0=6.142516; ', 'mse_1=0.001734; ', 'lpips_1=0.005702; ', 'codec_recon_1=0.095896; ', 'bpp_1=0.303036; ', 'mse_2=0.001154; ', 'lpips_2=0.004116; ', 'codec_recon_2=0.022825; ', 'bpp_2=0.294040; ']
train step[1632/2000] ; used: 37m:24s; eta: 8m:25s; loss = 0.093200; ['mse_0=0.001547; ', 'lpips_0=0.004068; ', 'codec_recon_0=0.008512; ', 'bpp_0=6.121241; ', 'mse_1=0.001297; ', 'lpips_1=0.003345; ', 'codec_recon_1=0.055968; ', 'bpp_1=0.303529; ', 'mse_2=0.001079; ', 'lpips_2=0.002680; ', 'codec_recon_2=0.014705; ', 'bpp_2=0.294176; ']
train step[1633/2000] ; used: 37m:25s; eta: 8m:24s; loss = 0.081934; ['mse_0=0.001117; ', 'lpips_0=0.005128; ', 'codec_recon_0=0.007715; ', 'bpp_0=5.995107; ', 'mse_1=0.000887; ', 'lpips_1=0.004138; ', 'codec_recon_1=0.046485; ', 'bpp_1=0.298949; ', 'mse_2=0.000734; ', 'lpips_2=0.003523; ', 'codec_recon_2=0.012208; ', 'bpp_2=0.290282; ']
train step[1634/2000] ; used: 37m:26s; eta: 8m:22s; loss = 0.141202; ['mse_0=0.005398; ', 'lpips_0=0.009794; ', 'codec_recon_0=0.009454; ', 'bpp_0=6.173983; ', 'mse_1=0.004534; ', 'lpips_1=0.008631; ', 'codec_recon_1=0.072546; ', 'bpp_1=0.303985; ', 'mse_2=0.004233; ', 'lpips_2=0.007824; ', 'codec_recon_2=0.018788; ', 'bpp_2=0.295233; ']
train step[1635/2000] ; used: 37m:27s; eta: 8m:21s; loss = 0.101733; ['mse_0=0.003244; ', 'lpips_0=0.007911; ', 'codec_recon_0=0.008793; ', 'bpp_0=6.020577; ', 'mse_1=0.002920; ', 'lpips_1=0.007008; ', 'codec_recon_1=0.049374; ', 'bpp_1=0.300272; ', 'mse_2=0.002755; ', 'lpips_2=0.006464; ', 'codec_recon_2=0.013265; ', 'bpp_2=0.291323; ']
train step[1636/2000] ; used: 37m:28s; eta: 8m:20s; loss = 0.089540; ['mse_0=0.001252; ', 'lpips_0=0.004223; ', 'codec_recon_0=0.008041; ', 'bpp_0=6.122232; ', 'mse_1=0.000982; ', 'lpips_1=0.003019; ', 'codec_recon_1=0.054208; ', 'bpp_1=0.300956; ', 'mse_2=0.000853; ', 'lpips_2=0.002241; ', 'codec_recon_2=0.014721; ', 'bpp_2=0.291401; ']
train step[1637/2000] ; used: 37m:29s; eta: 8m:18s; loss = 0.074956; ['mse_0=0.000661; ', 'lpips_0=0.003943; ', 'codec_recon_0=0.007590; ', 'bpp_0=6.069667; ', 'mse_1=0.000470; ', 'lpips_1=0.003017; ', 'codec_recon_1=0.045109; ', 'bpp_1=0.300463; ', 'mse_2=0.000351; ', 'lpips_2=0.002502; ', 'codec_recon_2=0.011313; ', 'bpp_2=0.289596; ']
train step[1638/2000] ; used: 37m:30s; eta: 8m:17s; loss = 0.088414; ['mse_0=0.001450; ', 'lpips_0=0.008080; ', 'codec_recon_0=0.008237; ', 'bpp_0=6.041183; ', 'mse_1=0.001265; ', 'lpips_1=0.007193; ', 'codec_recon_1=0.041953; ', 'bpp_1=0.298436; ', 'mse_2=0.001251; ', 'lpips_2=0.006780; ', 'codec_recon_2=0.012203; ', 'bpp_2=0.288123; ']
train step[1639/2000] ; used: 37m:31s; eta: 8m:15s; loss = 0.078129; ['mse_0=0.000489; ', 'lpips_0=0.004629; ', 'codec_recon_0=0.007949; ', 'bpp_0=6.051906; ', 'mse_1=0.000411; ', 'lpips_1=0.003757; ', 'codec_recon_1=0.045254; ', 'bpp_1=0.300050; ', 'mse_2=0.000353; ', 'lpips_2=0.003306; ', 'codec_recon_2=0.011981; ', 'bpp_2=0.290570; ']
train step[1640/2000] ; used: 37m:32s; eta: 8m:14s; loss = 0.144047; ['mse_0=0.004847; ', 'lpips_0=0.009308; ', 'codec_recon_0=0.009819; ', 'bpp_0=6.121225; ', 'mse_1=0.004273; ', 'lpips_1=0.008238; ', 'codec_recon_1=0.076685; ', 'bpp_1=0.302405; ', 'mse_2=0.003960; ', 'lpips_2=0.007182; ', 'codec_recon_2=0.019734; ', 'bpp_2=0.292806; ']
train step[1641/2000] ; used: 37m:33s; eta: 8m:12s; loss = 0.100067; ['mse_0=0.003626; ', 'lpips_0=0.006790; ', 'codec_recon_0=0.008712; ', 'bpp_0=6.086271; ', 'mse_1=0.003239; ', 'lpips_1=0.006096; ', 'codec_recon_1=0.050404; ', 'bpp_1=0.300853; ', 'mse_2=0.003180; ', 'lpips_2=0.005694; ', 'codec_recon_2=0.012327; ', 'bpp_2=0.292022; ']
train step[1642/2000] ; used: 37m:34s; eta: 8m:11s; loss = 0.110225; ['mse_0=0.002248; ', 'lpips_0=0.006377; ', 'codec_recon_0=0.008065; ', 'bpp_0=6.100353; ', 'mse_1=0.001612; ', 'lpips_1=0.005000; ', 'codec_recon_1=0.062001; ', 'bpp_1=0.300508; ', 'mse_2=0.001111; ', 'lpips_2=0.003370; ', 'codec_recon_2=0.020440; ', 'bpp_2=0.291030; ']
train step[1643/2000] ; used: 37m:35s; eta: 8m:9s; loss = 0.079911; ['mse_0=0.000990; ', 'lpips_0=0.005221; ', 'codec_recon_0=0.008191; ', 'bpp_0=6.087285; ', 'mse_1=0.000774; ', 'lpips_1=0.004380; ', 'codec_recon_1=0.044949; ', 'bpp_1=0.301004; ', 'mse_2=0.000696; ', 'lpips_2=0.003981; ', 'codec_recon_2=0.010729; ', 'bpp_2=0.292811; ']
train step[1644/2000] ; used: 37m:36s; eta: 8m:8s; loss = 0.090615; ['mse_0=0.003434; ', 'lpips_0=0.006854; ', 'codec_recon_0=0.007343; ', 'bpp_0=6.024767; ', 'mse_1=0.003171; ', 'lpips_1=0.005949; ', 'codec_recon_1=0.043807; ', 'bpp_1=0.300309; ', 'mse_2=0.003105; ', 'lpips_2=0.005427; ', 'codec_recon_2=0.011524; ', 'bpp_2=0.289794; ']
train step[1645/2000] ; used: 37m:38s; eta: 8m:6s; loss = 0.096736; ['mse_0=0.001106; ', 'lpips_0=0.004814; ', 'codec_recon_0=0.008877; ', 'bpp_0=6.109939; ', 'mse_1=0.000792; ', 'lpips_1=0.003473; ', 'codec_recon_1=0.058970; ', 'bpp_1=0.300904; ', 'mse_2=0.000458; ', 'lpips_2=0.002479; ', 'codec_recon_2=0.015766; ', 'bpp_2=0.290486; ']
train step[1646/2000] ; used: 37m:39s; eta: 8m:5s; loss = 0.092182; ['mse_0=0.002327; ', 'lpips_0=0.004523; ', 'codec_recon_0=0.008304; ', 'bpp_0=6.076064; ', 'mse_1=0.001989; ', 'lpips_1=0.003439; ', 'codec_recon_1=0.054400; ', 'bpp_1=0.301149; ', 'mse_2=0.001675; ', 'lpips_2=0.002668; ', 'codec_recon_2=0.012857; ', 'bpp_2=0.290244; ']
train step[1647/2000] ; used: 37m:40s; eta: 8m:4s; loss = 0.112317; ['mse_0=0.003318; ', 'lpips_0=0.006492; ', 'codec_recon_0=0.009926; ', 'bpp_0=6.072279; ', 'mse_1=0.002526; ', 'lpips_1=0.005457; ', 'codec_recon_1=0.061258; ', 'bpp_1=0.300511; ', 'mse_2=0.001644; ', 'lpips_2=0.003617; ', 'codec_recon_2=0.018079; ', 'bpp_2=0.290663; ']
train step[1648/2000] ; used: 37m:41s; eta: 8m:2s; loss = 0.080339; ['mse_0=0.000750; ', 'lpips_0=0.004358; ', 'codec_recon_0=0.008118; ', 'bpp_0=6.029100; ', 'mse_1=0.000616; ', 'lpips_1=0.003678; ', 'codec_recon_1=0.046869; ', 'bpp_1=0.299761; ', 'mse_2=0.000522; ', 'lpips_2=0.003261; ', 'codec_recon_2=0.012166; ', 'bpp_2=0.290079; ']
train step[1649/2000] ; used: 37m:42s; eta: 8m:1s; loss = 0.081694; ['mse_0=0.001690; ', 'lpips_0=0.004877; ', 'codec_recon_0=0.008901; ', 'bpp_0=6.037852; ', 'mse_1=0.001341; ', 'lpips_1=0.003870; ', 'codec_recon_1=0.045718; ', 'bpp_1=0.299686; ', 'mse_2=0.001190; ', 'lpips_2=0.003404; ', 'codec_recon_2=0.010704; ', 'bpp_2=0.288475; ']
train step[1650/2000] ; used: 37m:43s; eta: 7m:59s; loss = 0.099410; ['mse_0=0.001136; ', 'lpips_0=0.005387; ', 'codec_recon_0=0.009507; ', 'bpp_0=6.131339; ', 'mse_1=0.000944; ', 'lpips_1=0.004430; ', 'codec_recon_1=0.059223; ', 'bpp_1=0.301723; ', 'mse_2=0.000891; ', 'lpips_2=0.004019; ', 'codec_recon_2=0.013874; ', 'bpp_2=0.293689; ']
train step[1651/2000] ; used: 37m:44s; eta: 7m:58s; loss = 0.114874; ['mse_0=0.002000; ', 'lpips_0=0.005578; ', 'codec_recon_0=0.009954; ', 'bpp_0=6.148980; ', 'mse_1=0.001486; ', 'lpips_1=0.004377; ', 'codec_recon_1=0.068905; ', 'bpp_1=0.302731; ', 'mse_2=0.001312; ', 'lpips_2=0.003627; ', 'codec_recon_2=0.017635; ', 'bpp_2=0.293180; ']
train step[1652/2000] ; used: 37m:45s; eta: 7m:56s; loss = 0.131547; ['mse_0=0.003470; ', 'lpips_0=0.007154; ', 'codec_recon_0=0.010472; ', 'bpp_0=6.128768; ', 'mse_1=0.003023; ', 'lpips_1=0.006323; ', 'codec_recon_1=0.073684; ', 'bpp_1=0.302471; ', 'mse_2=0.002637; ', 'lpips_2=0.005068; ', 'codec_recon_2=0.019717; ', 'bpp_2=0.293624; ']
train step[1653/2000] ; used: 37m:46s; eta: 7m:55s; loss = 0.084954; ['mse_0=0.002769; ', 'lpips_0=0.005841; ', 'codec_recon_0=0.008541; ', 'bpp_0=6.048320; ', 'mse_1=0.002614; ', 'lpips_1=0.004923; ', 'codec_recon_1=0.042848; ', 'bpp_1=0.299993; ', 'mse_2=0.002565; ', 'lpips_2=0.004480; ', 'codec_recon_2=0.010373; ', 'bpp_2=0.289920; ']
train step[1654/2000] ; used: 37m:47s; eta: 7m:54s; loss = 0.112034; ['mse_0=0.001783; ', 'lpips_0=0.005497; ', 'codec_recon_0=0.007979; ', 'bpp_0=6.124264; ', 'mse_1=0.001409; ', 'lpips_1=0.004450; ', 'codec_recon_1=0.070421; ', 'bpp_1=0.301784; ', 'mse_2=0.001024; ', 'lpips_2=0.003137; ', 'codec_recon_2=0.016334; ', 'bpp_2=0.293006; ']
train step[1655/2000] ; used: 37m:48s; eta: 7m:52s; loss = 0.091126; ['mse_0=0.001000; ', 'lpips_0=0.005261; ', 'codec_recon_0=0.008576; ', 'bpp_0=6.108580; ', 'mse_1=0.000816; ', 'lpips_1=0.004233; ', 'codec_recon_1=0.053207; ', 'bpp_1=0.299791; ', 'mse_2=0.000710; ', 'lpips_2=0.003524; ', 'codec_recon_2=0.013801; ', 'bpp_2=0.291436; ']
train step[1656/2000] ; used: 37m:49s; eta: 7m:51s; loss = 0.080153; ['mse_0=0.001001; ', 'lpips_0=0.004133; ', 'codec_recon_0=0.007277; ', 'bpp_0=6.075529; ', 'mse_1=0.000839; ', 'lpips_1=0.003510; ', 'codec_recon_1=0.048447; ', 'bpp_1=0.300191; ', 'mse_2=0.000818; ', 'lpips_2=0.003209; ', 'codec_recon_2=0.010918; ', 'bpp_2=0.291006; ']
train step[1657/2000] ; used: 37m:50s; eta: 7m:49s; loss = 0.138333; ['mse_0=0.006008; ', 'lpips_0=0.010172; ', 'codec_recon_0=0.010124; ', 'bpp_0=6.138231; ', 'mse_1=0.005547; ', 'lpips_1=0.009113; ', 'codec_recon_1=0.065529; ', 'bpp_1=0.303361; ', 'mse_2=0.005188; ', 'lpips_2=0.008030; ', 'codec_recon_2=0.018622; ', 'bpp_2=0.293457; ']
train step[1658/2000] ; used: 37m:51s; eta: 7m:48s; loss = 0.088544; ['mse_0=0.001190; ', 'lpips_0=0.005056; ', 'codec_recon_0=0.008338; ', 'bpp_0=6.043684; ', 'mse_1=0.000966; ', 'lpips_1=0.004183; ', 'codec_recon_1=0.052243; ', 'bpp_1=0.300011; ', 'mse_2=0.000776; ', 'lpips_2=0.003571; ', 'codec_recon_2=0.012221; ', 'bpp_2=0.289620; ']
train step[1659/2000] ; used: 37m:52s; eta: 7m:46s; loss = 0.086530; ['mse_0=0.001444; ', 'lpips_0=0.007524; ', 'codec_recon_0=0.007436; ', 'bpp_0=6.016195; ', 'mse_1=0.001172; ', 'lpips_1=0.006449; ', 'codec_recon_1=0.045150; ', 'bpp_1=0.299076; ', 'mse_2=0.000965; ', 'lpips_2=0.005671; ', 'codec_recon_2=0.010718; ', 'bpp_2=0.288856; ']
train step[1660/2000] ; used: 37m:53s; eta: 7m:45s; loss = 0.131541; ['mse_0=0.003014; ', 'lpips_0=0.007048; ', 'codec_recon_0=0.009735; ', 'bpp_0=6.141603; ', 'mse_1=0.002596; ', 'lpips_1=0.005826; ', 'codec_recon_1=0.078649; ', 'bpp_1=0.301692; ', 'mse_2=0.002207; ', 'lpips_2=0.004688; ', 'codec_recon_2=0.017778; ', 'bpp_2=0.292939; ']
train step[1661/2000] ; used: 37m:54s; eta: 7m:43s; loss = 0.126914; ['mse_0=0.002467; ', 'lpips_0=0.005821; ', 'codec_recon_0=0.009009; ', 'bpp_0=6.201635; ', 'mse_1=0.002037; ', 'lpips_1=0.004668; ', 'codec_recon_1=0.078829; ', 'bpp_1=0.303959; ', 'mse_2=0.001560; ', 'lpips_2=0.003605; ', 'codec_recon_2=0.018917; ', 'bpp_2=0.294734; ']
train step[1662/2000] ; used: 37m:55s; eta: 7m:42s; loss = 0.114936; ['mse_0=0.001566; ', 'lpips_0=0.007315; ', 'codec_recon_0=0.010712; ', 'bpp_0=6.135567; ', 'mse_1=0.001297; ', 'lpips_1=0.006185; ', 'codec_recon_1=0.063486; ', 'bpp_1=0.301911; ', 'mse_2=0.001161; ', 'lpips_2=0.005383; ', 'codec_recon_2=0.017832; ', 'bpp_2=0.292987; ']
train step[1663/2000] ; used: 37m:56s; eta: 7m:41s; loss = 0.080314; ['mse_0=0.000940; ', 'lpips_0=0.004634; ', 'codec_recon_0=0.008174; ', 'bpp_0=6.049261; ', 'mse_1=0.000735; ', 'lpips_1=0.003736; ', 'codec_recon_1=0.046184; ', 'bpp_1=0.299894; ', 'mse_2=0.000607; ', 'lpips_2=0.003263; ', 'codec_recon_2=0.012041; ', 'bpp_2=0.290123; ']
train step[1664/2000] ; used: 37m:57s; eta: 7m:39s; loss = 0.098437; ['mse_0=0.002103; ', 'lpips_0=0.005608; ', 'codec_recon_0=0.009063; ', 'bpp_0=6.105251; ', 'mse_1=0.001622; ', 'lpips_1=0.004396; ', 'codec_recon_1=0.055567; ', 'bpp_1=0.301277; ', 'mse_2=0.001421; ', 'lpips_2=0.003423; ', 'codec_recon_2=0.015234; ', 'bpp_2=0.291899; ']
train step[1665/2000] ; used: 37m:58s; eta: 7m:38s; loss = 0.089982; ['mse_0=0.001041; ', 'lpips_0=0.005716; ', 'codec_recon_0=0.010480; ', 'bpp_0=6.052593; ', 'mse_1=0.000961; ', 'lpips_1=0.004649; ', 'codec_recon_1=0.048899; ', 'bpp_1=0.299556; ', 'mse_2=0.000960; ', 'lpips_2=0.004403; ', 'codec_recon_2=0.012874; ', 'bpp_2=0.289211; ']
train step[1666/2000] ; used: 37m:59s; eta: 7m:36s; loss = 0.089114; ['mse_0=0.000941; ', 'lpips_0=0.005891; ', 'codec_recon_0=0.008651; ', 'bpp_0=6.070094; ', 'mse_1=0.000748; ', 'lpips_1=0.005036; ', 'codec_recon_1=0.050296; ', 'bpp_1=0.300614; ', 'mse_2=0.000627; ', 'lpips_2=0.004480; ', 'codec_recon_2=0.012443; ', 'bpp_2=0.290812; ']
train step[1667/2000] ; used: 38m; eta: 7m:35s; loss = 0.100312; ['mse_0=0.001265; ', 'lpips_0=0.004859; ', 'codec_recon_0=0.008955; ', 'bpp_0=6.120110; ', 'mse_1=0.001022; ', 'lpips_1=0.003858; ', 'codec_recon_1=0.060497; ', 'bpp_1=0.301251; ', 'mse_2=0.000918; ', 'lpips_2=0.003118; ', 'codec_recon_2=0.015819; ', 'bpp_2=0.291693; ']
train step[1668/2000] ; used: 38m:1s; eta: 7m:33s; loss = 0.124163; ['mse_0=0.002895; ', 'lpips_0=0.006428; ', 'codec_recon_0=0.009814; ', 'bpp_0=6.117324; ', 'mse_1=0.002556; ', 'lpips_1=0.005398; ', 'codec_recon_1=0.070871; ', 'bpp_1=0.301985; ', 'mse_2=0.002091; ', 'lpips_2=0.004257; ', 'codec_recon_2=0.019854; ', 'bpp_2=0.292133; ']
train step[1669/2000] ; used: 38m:2s; eta: 7m:32s; loss = 0.076372; ['mse_0=0.001217; ', 'lpips_0=0.005103; ', 'codec_recon_0=0.008645; ', 'bpp_0=6.044389; ', 'mse_1=0.000927; ', 'lpips_1=0.004276; ', 'codec_recon_1=0.041737; ', 'bpp_1=0.300402; ', 'mse_2=0.000710; ', 'lpips_2=0.003758; ', 'codec_recon_2=0.009999; ', 'bpp_2=0.291419; ']
train step[1670/2000] ; used: 38m:3s; eta: 7m:31s; loss = 0.099937; ['mse_0=0.001548; ', 'lpips_0=0.004545; ', 'codec_recon_0=0.008197; ', 'bpp_0=6.167048; ', 'mse_1=0.001199; ', 'lpips_1=0.003498; ', 'codec_recon_1=0.062107; ', 'bpp_1=0.301609; ', 'mse_2=0.001123; ', 'lpips_2=0.002715; ', 'codec_recon_2=0.015004; ', 'bpp_2=0.294956; ']
train step[1671/2000] ; used: 38m:5s; eta: 7m:29s; loss = 0.098362; ['mse_0=0.001634; ', 'lpips_0=0.005512; ', 'codec_recon_0=0.009467; ', 'bpp_0=6.033189; ', 'mse_1=0.001445; ', 'lpips_1=0.004644; ', 'codec_recon_1=0.056142; ', 'bpp_1=0.300230; ', 'mse_2=0.001215; ', 'lpips_2=0.004072; ', 'codec_recon_2=0.014231; ', 'bpp_2=0.291579; ']
train step[1672/2000] ; used: 38m:6s; eta: 7m:28s; loss = 0.119991; ['mse_0=0.002832; ', 'lpips_0=0.006979; ', 'codec_recon_0=0.008357; ', 'bpp_0=6.157720; ', 'mse_1=0.002530; ', 'lpips_1=0.006206; ', 'codec_recon_1=0.066955; ', 'bpp_1=0.302482; ', 'mse_2=0.002404; ', 'lpips_2=0.005583; ', 'codec_recon_2=0.018143; ', 'bpp_2=0.294014; ']
train step[1673/2000] ; used: 38m:7s; eta: 7m:26s; loss = 0.091083; ['mse_0=0.001753; ', 'lpips_0=0.005341; ', 'codec_recon_0=0.008210; ', 'bpp_0=6.089820; ', 'mse_1=0.001483; ', 'lpips_1=0.004362; ', 'codec_recon_1=0.052251; ', 'bpp_1=0.300587; ', 'mse_2=0.001265; ', 'lpips_2=0.003846; ', 'codec_recon_2=0.012572; ', 'bpp_2=0.291642; ']
train step[1674/2000] ; used: 38m:8s; eta: 7m:25s; loss = 0.088897; ['mse_0=0.001628; ', 'lpips_0=0.005603; ', 'codec_recon_0=0.007810; ', 'bpp_0=6.065831; ', 'mse_1=0.001310; ', 'lpips_1=0.004828; ', 'codec_recon_1=0.047541; ', 'bpp_1=0.299798; ', 'mse_2=0.001191; ', 'lpips_2=0.004193; ', 'codec_recon_2=0.014792; ', 'bpp_2=0.290293; ']
train step[1675/2000] ; used: 38m:9s; eta: 7m:23s; loss = 0.158513; ['mse_0=0.005399; ', 'lpips_0=0.008575; ', 'codec_recon_0=0.009774; ', 'bpp_0=6.205768; ', 'mse_1=0.004757; ', 'lpips_1=0.007572; ', 'codec_recon_1=0.087636; ', 'bpp_1=0.304876; ', 'mse_2=0.004450; ', 'lpips_2=0.006538; ', 'codec_recon_2=0.023814; ', 'bpp_2=0.295458; ']
train step[1676/2000] ; used: 38m:10s; eta: 7m:22s; loss = 0.090908; ['mse_0=0.001459; ', 'lpips_0=0.006637; ', 'codec_recon_0=0.008272; ', 'bpp_0=6.064537; ', 'mse_1=0.001193; ', 'lpips_1=0.005821; ', 'codec_recon_1=0.047386; ', 'bpp_1=0.300719; ', 'mse_2=0.000945; ', 'lpips_2=0.005004; ', 'codec_recon_2=0.014192; ', 'bpp_2=0.290850; ']
train step[1677/2000] ; used: 38m:11s; eta: 7m:21s; loss = 0.091362; ['mse_0=0.001011; ', 'lpips_0=0.004525; ', 'codec_recon_0=0.008840; ', 'bpp_0=6.100259; ', 'mse_1=0.000789; ', 'lpips_1=0.003560; ', 'codec_recon_1=0.055272; ', 'bpp_1=0.300375; ', 'mse_2=0.000726; ', 'lpips_2=0.003135; ', 'codec_recon_2=0.013504; ', 'bpp_2=0.291506; ']
train step[1678/2000] ; used: 38m:12s; eta: 7m:19s; loss = 0.081267; ['mse_0=0.001044; ', 'lpips_0=0.004237; ', 'codec_recon_0=0.008228; ', 'bpp_0=6.049288; ', 'mse_1=0.000794; ', 'lpips_1=0.003470; ', 'codec_recon_1=0.046887; ', 'bpp_1=0.299136; ', 'mse_2=0.000661; ', 'lpips_2=0.002960; ', 'codec_recon_2=0.012985; ', 'bpp_2=0.289296; ']
train step[1679/2000] ; used: 38m:13s; eta: 7m:18s; loss = 0.184888; ['mse_0=0.011514; ', 'lpips_0=0.013560; ', 'codec_recon_0=0.009925; ', 'bpp_0=6.160283; ', 'mse_1=0.011155; ', 'lpips_1=0.012850; ', 'codec_recon_1=0.079420; ', 'bpp_1=0.304500; ', 'mse_2=0.011038; ', 'lpips_2=0.011979; ', 'codec_recon_2=0.023447; ', 'bpp_2=0.295780; ']
train step[1680/2000] ; used: 38m:14s; eta: 7m:16s; loss = 0.103861; ['mse_0=0.001545; ', 'lpips_0=0.007173; ', 'codec_recon_0=0.008567; ', 'bpp_0=6.077929; ', 'mse_1=0.001325; ', 'lpips_1=0.005800; ', 'codec_recon_1=0.057498; ', 'bpp_1=0.301412; ', 'mse_2=0.001143; ', 'lpips_2=0.004690; ', 'codec_recon_2=0.016120; ', 'bpp_2=0.290914; ']
train step[1681/2000] ; used: 38m:15s; eta: 7m:15s; loss = 0.099835; ['mse_0=0.002317; ', 'lpips_0=0.005574; ', 'codec_recon_0=0.008313; ', 'bpp_0=6.056154; ', 'mse_1=0.001926; ', 'lpips_1=0.004589; ', 'codec_recon_1=0.055480; ', 'bpp_1=0.300085; ', 'mse_2=0.001567; ', 'lpips_2=0.003861; ', 'codec_recon_2=0.016208; ', 'bpp_2=0.292405; ']
train step[1682/2000] ; used: 38m:16s; eta: 7m:13s; loss = 0.086105; ['mse_0=0.001547; ', 'lpips_0=0.004618; ', 'codec_recon_0=0.008315; ', 'bpp_0=6.064028; ', 'mse_1=0.001267; ', 'lpips_1=0.003613; ', 'codec_recon_1=0.050323; ', 'bpp_1=0.300462; ', 'mse_2=0.001112; ', 'lpips_2=0.003016; ', 'codec_recon_2=0.012292; ', 'bpp_2=0.291031; ']
train step[1683/2000] ; used: 38m:17s; eta: 7m:12s; loss = 0.105934; ['mse_0=0.001608; ', 'lpips_0=0.005411; ', 'codec_recon_0=0.008771; ', 'bpp_0=6.116412; ', 'mse_1=0.001223; ', 'lpips_1=0.004009; ', 'codec_recon_1=0.065098; ', 'bpp_1=0.301298; ', 'mse_2=0.001026; ', 'lpips_2=0.003289; ', 'codec_recon_2=0.015499; ', 'bpp_2=0.291852; ']
train step[1684/2000] ; used: 38m:18s; eta: 7m:11s; loss = 0.088521; ['mse_0=0.002654; ', 'lpips_0=0.006437; ', 'codec_recon_0=0.007960; ', 'bpp_0=6.027722; ', 'mse_1=0.002375; ', 'lpips_1=0.005286; ', 'codec_recon_1=0.045162; ', 'bpp_1=0.299520; ', 'mse_2=0.002195; ', 'lpips_2=0.004410; ', 'codec_recon_2=0.012041; ', 'bpp_2=0.289158; ']
train step[1685/2000] ; used: 38m:19s; eta: 7m:9s; loss = 0.079846; ['mse_0=0.001925; ', 'lpips_0=0.006431; ', 'codec_recon_0=0.007063; ', 'bpp_0=6.044784; ', 'mse_1=0.001704; ', 'lpips_1=0.005543; ', 'codec_recon_1=0.040113; ', 'bpp_1=0.300235; ', 'mse_2=0.001647; ', 'lpips_2=0.005019; ', 'codec_recon_2=0.010400; ', 'bpp_2=0.289712; ']
train step[1686/2000] ; used: 38m:20s; eta: 7m:8s; loss = 0.097448; ['mse_0=0.001461; ', 'lpips_0=0.005986; ', 'codec_recon_0=0.009038; ', 'bpp_0=6.086581; ', 'mse_1=0.001258; ', 'lpips_1=0.004964; ', 'codec_recon_1=0.053252; ', 'bpp_1=0.300335; ', 'mse_2=0.001136; ', 'lpips_2=0.004385; ', 'codec_recon_2=0.015967; ', 'bpp_2=0.291758; ']
train step[1687/2000] ; used: 38m:21s; eta: 7m:6s; loss = 0.089405; ['mse_0=0.003717; ', 'lpips_0=0.004724; ', 'codec_recon_0=0.008278; ', 'bpp_0=6.079704; ', 'mse_1=0.003448; ', 'lpips_1=0.003625; ', 'codec_recon_1=0.047687; ', 'bpp_1=0.301793; ', 'mse_2=0.003331; ', 'lpips_2=0.003118; ', 'codec_recon_2=0.011474; ', 'bpp_2=0.293224; ']
train step[1688/2000] ; used: 38m:22s; eta: 7m:5s; loss = 0.068273; ['mse_0=0.000900; ', 'lpips_0=0.005406; ', 'codec_recon_0=0.008383; ', 'bpp_0=5.963964; ', 'mse_1=0.000754; ', 'lpips_1=0.004641; ', 'codec_recon_1=0.034640; ', 'bpp_1=0.297842; ', 'mse_2=0.000729; ', 'lpips_2=0.004288; ', 'codec_recon_2=0.008531; ', 'bpp_2=0.287127; ']
train step[1689/2000] ; used: 38m:23s; eta: 7m:3s; loss = 0.093904; ['mse_0=0.001479; ', 'lpips_0=0.005636; ', 'codec_recon_0=0.008723; ', 'bpp_0=6.045345; ', 'mse_1=0.001209; ', 'lpips_1=0.004439; ', 'codec_recon_1=0.052536; ', 'bpp_1=0.299923; ', 'mse_2=0.001092; ', 'lpips_2=0.003804; ', 'codec_recon_2=0.014986; ', 'bpp_2=0.288789; ']
train step[1690/2000] ; used: 38m:24s; eta: 7m:2s; loss = 0.084932; ['mse_0=0.001169; ', 'lpips_0=0.005347; ', 'codec_recon_0=0.008549; ', 'bpp_0=6.063703; ', 'mse_1=0.000884; ', 'lpips_1=0.004218; ', 'codec_recon_1=0.047412; ', 'bpp_1=0.299822; ', 'mse_2=0.000685; ', 'lpips_2=0.003415; ', 'codec_recon_2=0.013254; ', 'bpp_2=0.290457; ']
train step[1691/2000] ; used: 38m:25s; eta: 7m:1s; loss = 0.130866; ['mse_0=0.003005; ', 'lpips_0=0.009377; ', 'codec_recon_0=0.010256; ', 'bpp_0=6.103878; ', 'mse_1=0.002451; ', 'lpips_1=0.008451; ', 'codec_recon_1=0.070109; ', 'bpp_1=0.301597; ', 'mse_2=0.001887; ', 'lpips_2=0.007322; ', 'codec_recon_2=0.018008; ', 'bpp_2=0.291610; ']
train step[1692/2000] ; used: 38m:26s; eta: 6m:59s; loss = 0.100878; ['mse_0=0.001964; ', 'lpips_0=0.005066; ', 'codec_recon_0=0.009411; ', 'bpp_0=6.110468; ', 'mse_1=0.001747; ', 'lpips_1=0.004211; ', 'codec_recon_1=0.058965; ', 'bpp_1=0.301720; ', 'mse_2=0.001630; ', 'lpips_2=0.003663; ', 'codec_recon_2=0.014222; ', 'bpp_2=0.292774; ']
train step[1693/2000] ; used: 38m:27s; eta: 6m:58s; loss = 0.135767; ['mse_0=0.001520; ', 'lpips_0=0.007186; ', 'codec_recon_0=0.009987; ', 'bpp_0=6.149281; ', 'mse_1=0.001157; ', 'lpips_1=0.005579; ', 'codec_recon_1=0.082574; ', 'bpp_1=0.302316; ', 'mse_2=0.000931; ', 'lpips_2=0.004088; ', 'codec_recon_2=0.022746; ', 'bpp_2=0.292351; ']
train step[1694/2000] ; used: 38m:28s; eta: 6m:56s; loss = 0.076879; ['mse_0=0.001087; ', 'lpips_0=0.005655; ', 'codec_recon_0=0.007540; ', 'bpp_0=6.019138; ', 'mse_1=0.000913; ', 'lpips_1=0.004955; ', 'codec_recon_1=0.041579; ', 'bpp_1=0.299058; ', 'mse_2=0.000862; ', 'lpips_2=0.004500; ', 'codec_recon_2=0.009789; ', 'bpp_2=0.288744; ']
train step[1695/2000] ; used: 38m:29s; eta: 6m:55s; loss = 0.108357; ['mse_0=0.003353; ', 'lpips_0=0.006087; ', 'codec_recon_0=0.008225; ', 'bpp_0=6.137266; ', 'mse_1=0.002997; ', 'lpips_1=0.005231; ', 'codec_recon_1=0.060207; ', 'bpp_1=0.301984; ', 'mse_2=0.002737; ', 'lpips_2=0.004371; ', 'codec_recon_2=0.015148; ', 'bpp_2=0.292077; ']
train step[1696/2000] ; used: 38m:30s; eta: 6m:53s; loss = 0.086805; ['mse_0=0.001457; ', 'lpips_0=0.005825; ', 'codec_recon_0=0.008283; ', 'bpp_0=6.050274; ', 'mse_1=0.001207; ', 'lpips_1=0.004942; ', 'codec_recon_1=0.047925; ', 'bpp_1=0.299147; ', 'mse_2=0.000998; ', 'lpips_2=0.004216; ', 'codec_recon_2=0.011952; ', 'bpp_2=0.288819; ']
train step[1697/2000] ; used: 38m:31s; eta: 6m:52s; loss = 0.084366; ['mse_0=0.002205; ', 'lpips_0=0.006813; ', 'codec_recon_0=0.007764; ', 'bpp_0=6.059838; ', 'mse_1=0.002069; ', 'lpips_1=0.006194; ', 'codec_recon_1=0.040849; ', 'bpp_1=0.301114; ', 'mse_2=0.002028; ', 'lpips_2=0.005805; ', 'codec_recon_2=0.010639; ', 'bpp_2=0.290694; ']
train step[1698/2000] ; used: 38m:32s; eta: 6m:51s; loss = 0.089036; ['mse_0=0.001699; ', 'lpips_0=0.005413; ', 'codec_recon_0=0.007584; ', 'bpp_0=6.091485; ', 'mse_1=0.001366; ', 'lpips_1=0.004421; ', 'codec_recon_1=0.050054; ', 'bpp_1=0.300239; ', 'mse_2=0.000991; ', 'lpips_2=0.003392; ', 'codec_recon_2=0.014116; ', 'bpp_2=0.291549; ']
train step[1699/2000] ; used: 38m:33s; eta: 6m:49s; loss = 0.137257; ['mse_0=0.010152; ', 'lpips_0=0.007215; ', 'codec_recon_0=0.009029; ', 'bpp_0=6.107588; ', 'mse_1=0.009773; ', 'lpips_1=0.006416; ', 'codec_recon_1=0.063074; ', 'bpp_1=0.302392; ', 'mse_2=0.009712; ', 'lpips_2=0.005781; ', 'codec_recon_2=0.016105; ', 'bpp_2=0.293106; ']
train step[1700/2000] ; used: 38m:34s; eta: 6m:48s; loss = 0.121316; ['mse_0=0.002585; ', 'lpips_0=0.006127; ', 'codec_recon_0=0.008537; ', 'bpp_0=6.164851; ', 'mse_1=0.001914; ', 'lpips_1=0.005138; ', 'codec_recon_1=0.073920; ', 'bpp_1=0.303698; ', 'mse_2=0.001496; ', 'lpips_2=0.004193; ', 'codec_recon_2=0.017406; ', 'bpp_2=0.293467; ']
train step[1701/2000] ; used: 38m:35s; eta: 6m:46s; loss = 0.112239; ['mse_0=0.004088; ', 'lpips_0=0.008173; ', 'codec_recon_0=0.009216; ', 'bpp_0=6.075942; ', 'mse_1=0.003579; ', 'lpips_1=0.007207; ', 'codec_recon_1=0.055340; ', 'bpp_1=0.301958; ', 'mse_2=0.003176; ', 'lpips_2=0.006224; ', 'codec_recon_2=0.015236; ', 'bpp_2=0.290724; ']
train step[1702/2000] ; used: 38m:36s; eta: 6m:45s; loss = 0.110641; ['mse_0=0.001230; ', 'lpips_0=0.006002; ', 'codec_recon_0=0.008033; ', 'bpp_0=6.100568; ', 'mse_1=0.000930; ', 'lpips_1=0.004554; ', 'codec_recon_1=0.066863; ', 'bpp_1=0.300940; ', 'mse_2=0.000760; ', 'lpips_2=0.003598; ', 'codec_recon_2=0.018671; ', 'bpp_2=0.290470; ']
train step[1703/2000] ; used: 38m:37s; eta: 6m:44s; loss = 0.123498; ['mse_0=0.003047; ', 'lpips_0=0.007431; ', 'codec_recon_0=0.009688; ', 'bpp_0=6.110114; ', 'mse_1=0.002615; ', 'lpips_1=0.006403; ', 'codec_recon_1=0.067372; ', 'bpp_1=0.301697; ', 'mse_2=0.002257; ', 'lpips_2=0.005241; ', 'codec_recon_2=0.019444; ', 'bpp_2=0.292345; ']
train step[1704/2000] ; used: 38m:39s; eta: 6m:42s; loss = 0.063039; ['mse_0=0.000639; ', 'lpips_0=0.004851; ', 'codec_recon_0=0.007650; ', 'bpp_0=5.952006; ', 'mse_1=0.000522; ', 'lpips_1=0.003971; ', 'codec_recon_1=0.033309; ', 'bpp_1=0.297406; ', 'mse_2=0.000464; ', 'lpips_2=0.003609; ', 'codec_recon_2=0.008024; ', 'bpp_2=0.286282; ']
train step[1705/2000] ; used: 38m:40s; eta: 6m:41s; loss = 0.095445; ['mse_0=0.001780; ', 'lpips_0=0.007190; ', 'codec_recon_0=0.009620; ', 'bpp_0=5.976885; ', 'mse_1=0.001490; ', 'lpips_1=0.006394; ', 'codec_recon_1=0.048212; ', 'bpp_1=0.297591; ', 'mse_2=0.001398; ', 'lpips_2=0.005922; ', 'codec_recon_2=0.013440; ', 'bpp_2=0.288622; ']
train step[1706/2000] ; used: 38m:41s; eta: 6m:39s; loss = 0.076484; ['mse_0=0.000485; ', 'lpips_0=0.004531; ', 'codec_recon_0=0.007837; ', 'bpp_0=6.058357; ', 'mse_1=0.000399; ', 'lpips_1=0.003806; ', 'codec_recon_1=0.043706; ', 'bpp_1=0.298437; ', 'mse_2=0.000345; ', 'lpips_2=0.003417; ', 'codec_recon_2=0.011958; ', 'bpp_2=0.289982; ']
train step[1707/2000] ; used: 38m:42s; eta: 6m:38s; loss = 0.096049; ['mse_0=0.000312; ', 'lpips_0=0.005557; ', 'codec_recon_0=0.009593; ', 'bpp_0=6.137937; ', 'mse_1=0.000234; ', 'lpips_1=0.004249; ', 'codec_recon_1=0.055546; ', 'bpp_1=0.299698; ', 'mse_2=0.000199; ', 'lpips_2=0.003807; ', 'codec_recon_2=0.016552; ', 'bpp_2=0.290062; ']
train step[1708/2000] ; used: 38m:43s; eta: 6m:37s; loss = 0.076235; ['mse_0=0.001638; ', 'lpips_0=0.004887; ', 'codec_recon_0=0.008753; ', 'bpp_0=6.035271; ', 'mse_1=0.001421; ', 'lpips_1=0.004141; ', 'codec_recon_1=0.039307; ', 'bpp_1=0.300515; ', 'mse_2=0.001381; ', 'lpips_2=0.003723; ', 'codec_recon_2=0.010983; ', 'bpp_2=0.290347; ']
train step[1709/2000] ; used: 38m:44s; eta: 6m:35s; loss = 0.113249; ['mse_0=0.001802; ', 'lpips_0=0.006789; ', 'codec_recon_0=0.009266; ', 'bpp_0=6.142144; ', 'mse_1=0.001600; ', 'lpips_1=0.005796; ', 'codec_recon_1=0.064725; ', 'bpp_1=0.301424; ', 'mse_2=0.001440; ', 'lpips_2=0.004871; ', 'codec_recon_2=0.016960; ', 'bpp_2=0.292505; ']
train step[1710/2000] ; used: 38m:45s; eta: 6m:34s; loss = 0.155709; ['mse_0=0.005733; ', 'lpips_0=0.009113; ', 'codec_recon_0=0.010228; ', 'bpp_0=6.172799; ', 'mse_1=0.005247; ', 'lpips_1=0.007529; ', 'codec_recon_1=0.084334; ', 'bpp_1=0.303558; ', 'mse_2=0.004806; ', 'lpips_2=0.005971; ', 'codec_recon_2=0.022748; ', 'bpp_2=0.295071; ']
train step[1711/2000] ; used: 38m:46s; eta: 6m:32s; loss = 0.078953; ['mse_0=0.001607; ', 'lpips_0=0.004880; ', 'codec_recon_0=0.007663; ', 'bpp_0=6.048107; ', 'mse_1=0.001368; ', 'lpips_1=0.003801; ', 'codec_recon_1=0.043945; ', 'bpp_1=0.298629; ', 'mse_2=0.001241; ', 'lpips_2=0.003266; ', 'codec_recon_2=0.011182; ', 'bpp_2=0.290238; ']
train step[1712/2000] ; used: 38m:47s; eta: 6m:31s; loss = 0.083725; ['mse_0=0.001031; ', 'lpips_0=0.004683; ', 'codec_recon_0=0.007506; ', 'bpp_0=6.089920; ', 'mse_1=0.000657; ', 'lpips_1=0.003308; ', 'codec_recon_1=0.049566; ', 'bpp_1=0.299623; ', 'mse_2=0.000512; ', 'lpips_2=0.002575; ', 'codec_recon_2=0.013888; ', 'bpp_2=0.289580; ']
train step[1713/2000] ; used: 38m:49s; eta: 6m:29s; loss = 0.151303; ['mse_0=0.004734; ', 'lpips_0=0.008609; ', 'codec_recon_0=0.009023; ', 'bpp_0=6.149004; ', 'mse_1=0.004007; ', 'lpips_1=0.007234; ', 'codec_recon_1=0.084494; ', 'bpp_1=0.303888; ', 'mse_2=0.003458; ', 'lpips_2=0.005658; ', 'codec_recon_2=0.024087; ', 'bpp_2=0.294160; ']
train step[1714/2000] ; used: 38m:50s; eta: 6m:28s; loss = 0.088977; ['mse_0=0.000817; ', 'lpips_0=0.005628; ', 'codec_recon_0=0.007923; ', 'bpp_0=6.042592; ', 'mse_1=0.000613; ', 'lpips_1=0.004433; ', 'codec_recon_1=0.047868; ', 'bpp_1=0.299352; ', 'mse_2=0.000419; ', 'lpips_2=0.003201; ', 'codec_recon_2=0.018075; ', 'bpp_2=0.288781; ']
train step[1715/2000] ; used: 38m:51s; eta: 6m:27s; loss = 0.075017; ['mse_0=0.000663; ', 'lpips_0=0.004421; ', 'codec_recon_0=0.007245; ', 'bpp_0=6.065242; ', 'mse_1=0.000494; ', 'lpips_1=0.003313; ', 'codec_recon_1=0.043645; ', 'bpp_1=0.300859; ', 'mse_2=0.000387; ', 'lpips_2=0.002496; ', 'codec_recon_2=0.012353; ', 'bpp_2=0.290703; ']
train step[1716/2000] ; used: 38m:52s; eta: 6m:25s; loss = 0.122357; ['mse_0=0.002565; ', 'lpips_0=0.006320; ', 'codec_recon_0=0.009442; ', 'bpp_0=6.169210; ', 'mse_1=0.002096; ', 'lpips_1=0.005218; ', 'codec_recon_1=0.072111; ', 'bpp_1=0.303322; ', 'mse_2=0.001503; ', 'lpips_2=0.004044; ', 'codec_recon_2=0.019058; ', 'bpp_2=0.294264; ']
train step[1717/2000] ; used: 38m:53s; eta: 6m:24s; loss = 0.083018; ['mse_0=0.000959; ', 'lpips_0=0.006232; ', 'codec_recon_0=0.007145; ', 'bpp_0=6.006142; ', 'mse_1=0.000755; ', 'lpips_1=0.005417; ', 'codec_recon_1=0.042655; ', 'bpp_1=0.298986; ', 'mse_2=0.000670; ', 'lpips_2=0.005029; ', 'codec_recon_2=0.014157; ', 'bpp_2=0.288072; ']
train step[1718/2000] ; used: 38m:54s; eta: 6m:22s; loss = 0.110529; ['mse_0=0.002197; ', 'lpips_0=0.006103; ', 'codec_recon_0=0.008717; ', 'bpp_0=6.161145; ', 'mse_1=0.001744; ', 'lpips_1=0.005020; ', 'codec_recon_1=0.063048; ', 'bpp_1=0.303382; ', 'mse_2=0.001367; ', 'lpips_2=0.004024; ', 'codec_recon_2=0.018310; ', 'bpp_2=0.293347; ']
train step[1719/2000] ; used: 38m:55s; eta: 6m:21s; loss = 0.074824; ['mse_0=0.001081; ', 'lpips_0=0.004294; ', 'codec_recon_0=0.006799; ', 'bpp_0=6.032888; ', 'mse_1=0.000810; ', 'lpips_1=0.003063; ', 'codec_recon_1=0.042961; ', 'bpp_1=0.298487; ', 'mse_2=0.000656; ', 'lpips_2=0.002280; ', 'codec_recon_2=0.012879; ', 'bpp_2=0.287543; ']
train step[1720/2000] ; used: 38m:56s; eta: 6m:20s; loss = 0.079604; ['mse_0=0.001530; ', 'lpips_0=0.004880; ', 'codec_recon_0=0.007659; ', 'bpp_0=6.061625; ', 'mse_1=0.001220; ', 'lpips_1=0.003905; ', 'codec_recon_1=0.045050; ', 'bpp_1=0.300322; ', 'mse_2=0.001011; ', 'lpips_2=0.003302; ', 'codec_recon_2=0.011047; ', 'bpp_2=0.291270; ']
train step[1721/2000] ; used: 38m:57s; eta: 6m:18s; loss = 0.075247; ['mse_0=0.001854; ', 'lpips_0=0.004976; ', 'codec_recon_0=0.007349; ', 'bpp_0=5.968676; ', 'mse_1=0.001685; ', 'lpips_1=0.004214; ', 'codec_recon_1=0.039167; ', 'bpp_1=0.299097; ', 'mse_2=0.001620; ', 'lpips_2=0.003825; ', 'codec_recon_2=0.010558; ', 'bpp_2=0.287868; ']
train step[1722/2000] ; used: 38m:58s; eta: 6m:17s; loss = 0.070599; ['mse_0=0.000833; ', 'lpips_0=0.003849; ', 'codec_recon_0=0.006732; ', 'bpp_0=6.065146; ', 'mse_1=0.000672; ', 'lpips_1=0.002984; ', 'codec_recon_1=0.041922; ', 'bpp_1=0.299480; ', 'mse_2=0.000551; ', 'lpips_2=0.002450; ', 'codec_recon_2=0.010605; ', 'bpp_2=0.290633; ']
train step[1723/2000] ; used: 38m:59s; eta: 6m:15s; loss = 0.103364; ['mse_0=0.002863; ', 'lpips_0=0.006480; ', 'codec_recon_0=0.007493; ', 'bpp_0=6.099215; ', 'mse_1=0.002455; ', 'lpips_1=0.005429; ', 'codec_recon_1=0.055565; ', 'bpp_1=0.301860; ', 'mse_2=0.001924; ', 'lpips_2=0.004358; ', 'codec_recon_2=0.016797; ', 'bpp_2=0.291712; ']
train step[1724/2000] ; used: 39m; eta: 6m:14s; loss = 0.075137; ['mse_0=0.000489; ', 'lpips_0=0.004680; ', 'codec_recon_0=0.007709; ', 'bpp_0=6.043631; ', 'mse_1=0.000381; ', 'lpips_1=0.003762; ', 'codec_recon_1=0.042825; ', 'bpp_1=0.299541; ', 'mse_2=0.000357; ', 'lpips_2=0.003472; ', 'codec_recon_2=0.011462; ', 'bpp_2=0.290676; ']
train step[1725/2000] ; used: 39m:1s; eta: 6m:13s; loss = 0.087507; ['mse_0=0.002060; ', 'lpips_0=0.005059; ', 'codec_recon_0=0.007729; ', 'bpp_0=6.085035; ', 'mse_1=0.001783; ', 'lpips_1=0.004382; ', 'codec_recon_1=0.048827; ', 'bpp_1=0.301881; ', 'mse_2=0.001685; ', 'lpips_2=0.003893; ', 'codec_recon_2=0.012089; ', 'bpp_2=0.292795; ']
train step[1726/2000] ; used: 39m:2s; eta: 6m:11s; loss = 0.094495; ['mse_0=0.004061; ', 'lpips_0=0.007612; ', 'codec_recon_0=0.007880; ', 'bpp_0=6.065107; ', 'mse_1=0.003854; ', 'lpips_1=0.007017; ', 'codec_recon_1=0.042206; ', 'bpp_1=0.300168; ', 'mse_2=0.003766; ', 'lpips_2=0.006603; ', 'codec_recon_2=0.011497; ', 'bpp_2=0.291276; ']
train step[1727/2000] ; used: 39m:3s; eta: 6m:10s; loss = 0.081786; ['mse_0=0.002127; ', 'lpips_0=0.006256; ', 'codec_recon_0=0.007508; ', 'bpp_0=6.029561; ', 'mse_1=0.001999; ', 'lpips_1=0.005423; ', 'codec_recon_1=0.040712; ', 'bpp_1=0.300262; ', 'mse_2=0.001858; ', 'lpips_2=0.004998; ', 'codec_recon_2=0.010905; ', 'bpp_2=0.290861; ']
train step[1728/2000] ; used: 39m:4s; eta: 6m:8s; loss = 0.076690; ['mse_0=0.001191; ', 'lpips_0=0.004653; ', 'codec_recon_0=0.007612; ', 'bpp_0=6.042092; ', 'mse_1=0.001003; ', 'lpips_1=0.003828; ', 'codec_recon_1=0.042961; ', 'bpp_1=0.299884; ', 'mse_2=0.000934; ', 'lpips_2=0.003312; ', 'codec_recon_2=0.011196; ', 'bpp_2=0.289959; ']
train step[1729/2000] ; used: 39m:5s; eta: 6m:7s; loss = 0.077026; ['mse_0=0.001249; ', 'lpips_0=0.005672; ', 'codec_recon_0=0.007051; ', 'bpp_0=6.005878; ', 'mse_1=0.000933; ', 'lpips_1=0.004759; ', 'codec_recon_1=0.040279; ', 'bpp_1=0.299122; ', 'mse_2=0.000884; ', 'lpips_2=0.004222; ', 'codec_recon_2=0.011977; ', 'bpp_2=0.288418; ']
train step[1730/2000] ; used: 39m:6s; eta: 6m:6s; loss = 0.083238; ['mse_0=0.000666; ', 'lpips_0=0.005006; ', 'codec_recon_0=0.007511; ', 'bpp_0=6.064479; ', 'mse_1=0.000486; ', 'lpips_1=0.003823; ', 'codec_recon_1=0.048371; ', 'bpp_1=0.300803; ', 'mse_2=0.000389; ', 'lpips_2=0.003148; ', 'codec_recon_2=0.013839; ', 'bpp_2=0.289395; ']
train step[1731/2000] ; used: 39m:7s; eta: 6m:4s; loss = 0.097253; ['mse_0=0.003953; ', 'lpips_0=0.007067; ', 'codec_recon_0=0.007581; ', 'bpp_0=6.081719; ', 'mse_1=0.003811; ', 'lpips_1=0.006497; ', 'codec_recon_1=0.047086; ', 'bpp_1=0.301110; ', 'mse_2=0.003772; ', 'lpips_2=0.005887; ', 'codec_recon_2=0.011598; ', 'bpp_2=0.291477; ']
train step[1732/2000] ; used: 39m:8s; eta: 6m:3s; loss = 0.106472; ['mse_0=0.002467; ', 'lpips_0=0.007187; ', 'codec_recon_0=0.008672; ', 'bpp_0=6.073554; ', 'mse_1=0.001678; ', 'lpips_1=0.005845; ', 'codec_recon_1=0.057752; ', 'bpp_1=0.300855; ', 'mse_2=0.001500; ', 'lpips_2=0.004610; ', 'codec_recon_2=0.016761; ', 'bpp_2=0.292104; ']
train step[1733/2000] ; used: 39m:9s; eta: 6m:1s; loss = 0.078944; ['mse_0=0.001238; ', 'lpips_0=0.004866; ', 'codec_recon_0=0.006688; ', 'bpp_0=6.051932; ', 'mse_1=0.000993; ', 'lpips_1=0.003927; ', 'codec_recon_1=0.044163; ', 'bpp_1=0.299239; ', 'mse_2=0.000814; ', 'lpips_2=0.003063; ', 'codec_recon_2=0.013192; ', 'bpp_2=0.288989; ']
train step[1734/2000] ; used: 39m:10s; eta: 6m; loss = 0.119147; ['mse_0=0.002035; ', 'lpips_0=0.006209; ', 'codec_recon_0=0.008944; ', 'bpp_0=6.122272; ', 'mse_1=0.001615; ', 'lpips_1=0.005031; ', 'codec_recon_1=0.071924; ', 'bpp_1=0.302739; ', 'mse_2=0.001254; ', 'lpips_2=0.003876; ', 'codec_recon_2=0.018259; ', 'bpp_2=0.294064; ']
train step[1735/2000] ; used: 39m:11s; eta: 5m:58s; loss = 0.076772; ['mse_0=0.000708; ', 'lpips_0=0.003825; ', 'codec_recon_0=0.007094; ', 'bpp_0=6.069603; ', 'mse_1=0.000529; ', 'lpips_1=0.002682; ', 'codec_recon_1=0.046741; ', 'bpp_1=0.300205; ', 'mse_2=0.000427; ', 'lpips_2=0.002036; ', 'codec_recon_2=0.012730; ', 'bpp_2=0.290261; ']
train step[1736/2000] ; used: 39m:12s; eta: 5m:57s; loss = 0.078886; ['mse_0=0.001171; ', 'lpips_0=0.004299; ', 'codec_recon_0=0.007276; ', 'bpp_0=6.077257; ', 'mse_1=0.000970; ', 'lpips_1=0.003608; ', 'codec_recon_1=0.044825; ', 'bpp_1=0.300352; ', 'mse_2=0.000909; ', 'lpips_2=0.003126; ', 'codec_recon_2=0.012701; ', 'bpp_2=0.290299; ']
train step[1737/2000] ; used: 39m:13s; eta: 5m:56s; loss = 0.078767; ['mse_0=0.001519; ', 'lpips_0=0.004794; ', 'codec_recon_0=0.006933; ', 'bpp_0=6.047601; ', 'mse_1=0.001313; ', 'lpips_1=0.003783; ', 'codec_recon_1=0.044004; ', 'bpp_1=0.300061; ', 'mse_2=0.001163; ', 'lpips_2=0.003247; ', 'codec_recon_2=0.012009; ', 'bpp_2=0.288990; ']
train step[1738/2000] ; used: 39m:14s; eta: 5m:54s; loss = 0.086652; ['mse_0=0.002281; ', 'lpips_0=0.006800; ', 'codec_recon_0=0.007431; ', 'bpp_0=6.006307; ', 'mse_1=0.001912; ', 'lpips_1=0.006011; ', 'codec_recon_1=0.042547; ', 'bpp_1=0.298657; ', 'mse_2=0.001807; ', 'lpips_2=0.005527; ', 'codec_recon_2=0.012336; ', 'bpp_2=0.290751; ']
train step[1739/2000] ; used: 39m:15s; eta: 5m:53s; loss = 0.081209; ['mse_0=0.001262; ', 'lpips_0=0.005001; ', 'codec_recon_0=0.007413; ', 'bpp_0=6.063629; ', 'mse_1=0.001029; ', 'lpips_1=0.004020; ', 'codec_recon_1=0.044725; ', 'bpp_1=0.300575; ', 'mse_2=0.000866; ', 'lpips_2=0.003378; ', 'codec_recon_2=0.013514; ', 'bpp_2=0.291238; ']
train step[1740/2000] ; used: 39m:16s; eta: 5m:51s; loss = 0.083763; ['mse_0=0.002847; ', 'lpips_0=0.006156; ', 'codec_recon_0=0.007894; ', 'bpp_0=5.992565; ', 'mse_1=0.002795; ', 'lpips_1=0.005210; ', 'codec_recon_1=0.040529; ', 'bpp_1=0.300972; ', 'mse_2=0.002657; ', 'lpips_2=0.004753; ', 'codec_recon_2=0.010924; ', 'bpp_2=0.289155; ']
train step[1741/2000] ; used: 39m:17s; eta: 5m:50s; loss = 0.112125; ['mse_0=0.001759; ', 'lpips_0=0.005481; ', 'codec_recon_0=0.010018; ', 'bpp_0=6.141419; ', 'mse_1=0.001372; ', 'lpips_1=0.004270; ', 'codec_recon_1=0.068221; ', 'bpp_1=0.300921; ', 'mse_2=0.001269; ', 'lpips_2=0.003648; ', 'codec_recon_2=0.016088; ', 'bpp_2=0.293194; ']
train step[1742/2000] ; used: 39m:18s; eta: 5m:49s; loss = 0.102025; ['mse_0=0.002885; ', 'lpips_0=0.006360; ', 'codec_recon_0=0.007913; ', 'bpp_0=6.072610; ', 'mse_1=0.002545; ', 'lpips_1=0.005654; ', 'codec_recon_1=0.054426; ', 'bpp_1=0.301275; ', 'mse_2=0.002269; ', 'lpips_2=0.004778; ', 'codec_recon_2=0.015196; ', 'bpp_2=0.291311; ']
train step[1743/2000] ; used: 39m:19s; eta: 5m:47s; loss = 0.098126; ['mse_0=0.001282; ', 'lpips_0=0.007578; ', 'codec_recon_0=0.007279; ', 'bpp_0=6.094295; ', 'mse_1=0.001127; ', 'lpips_1=0.006018; ', 'codec_recon_1=0.053208; ', 'bpp_1=0.299227; ', 'mse_2=0.001040; ', 'lpips_2=0.005080; ', 'codec_recon_2=0.015515; ', 'bpp_2=0.288278; ']
train step[1744/2000] ; used: 39m:20s; eta: 5m:46s; loss = 0.094278; ['mse_0=0.001863; ', 'lpips_0=0.004871; ', 'codec_recon_0=0.008161; ', 'bpp_0=6.022788; ', 'mse_1=0.001604; ', 'lpips_1=0.004003; ', 'codec_recon_1=0.053524; ', 'bpp_1=0.300092; ', 'mse_2=0.001452; ', 'lpips_2=0.003283; ', 'codec_recon_2=0.015516; ', 'bpp_2=0.289284; ']
train step[1745/2000] ; used: 39m:21s; eta: 5m:44s; loss = 0.085184; ['mse_0=0.001243; ', 'lpips_0=0.004934; ', 'codec_recon_0=0.007643; ', 'bpp_0=6.072657; ', 'mse_1=0.000988; ', 'lpips_1=0.003994; ', 'codec_recon_1=0.050344; ', 'bpp_1=0.300929; ', 'mse_2=0.000796; ', 'lpips_2=0.003247; ', 'codec_recon_2=0.011996; ', 'bpp_2=0.291621; ']
train step[1746/2000] ; used: 39m:22s; eta: 5m:43s; loss = 0.077335; ['mse_0=0.001004; ', 'lpips_0=0.004634; ', 'codec_recon_0=0.007010; ', 'bpp_0=6.063072; ', 'mse_1=0.000876; ', 'lpips_1=0.003808; ', 'codec_recon_1=0.044269; ', 'bpp_1=0.299820; ', 'mse_2=0.000757; ', 'lpips_2=0.003205; ', 'codec_recon_2=0.011770; ', 'bpp_2=0.290591; ']
train step[1747/2000] ; used: 39m:24s; eta: 5m:42s; loss = 0.070583; ['mse_0=0.001423; ', 'lpips_0=0.005497; ', 'codec_recon_0=0.006433; ', 'bpp_0=6.027297; ', 'mse_1=0.001156; ', 'lpips_1=0.004653; ', 'codec_recon_1=0.036699; ', 'bpp_1=0.300631; ', 'mse_2=0.001017; ', 'lpips_2=0.004211; ', 'codec_recon_2=0.009494; ', 'bpp_2=0.290522; ']
train step[1748/2000] ; used: 39m:25s; eta: 5m:40s; loss = 0.077321; ['mse_0=0.001309; ', 'lpips_0=0.004440; ', 'codec_recon_0=0.007398; ', 'bpp_0=6.044141; ', 'mse_1=0.001055; ', 'lpips_1=0.003475; ', 'codec_recon_1=0.044858; ', 'bpp_1=0.300097; ', 'mse_2=0.000897; ', 'lpips_2=0.002898; ', 'codec_recon_2=0.010992; ', 'bpp_2=0.291648; ']
train step[1749/2000] ; used: 39m:26s; eta: 5m:39s; loss = 0.116688; ['mse_0=0.001251; ', 'lpips_0=0.007387; ', 'codec_recon_0=0.009361; ', 'bpp_0=6.130962; ', 'mse_1=0.001018; ', 'lpips_1=0.006339; ', 'codec_recon_1=0.065110; ', 'bpp_1=0.301229; ', 'mse_2=0.000929; ', 'lpips_2=0.005711; ', 'codec_recon_2=0.019582; ', 'bpp_2=0.291989; ']
validation step on 1750 1/100; scene = ['5aca87f95a9412c6']; context = [[58, 133]]
validation step on 1750 2/100; scene = ['bc95e5c7e357f1b7']; context = [[35, 91]]
validation step on 1750 3/100; scene = ['34b0658a5c200cdf']; context = [[0, 70]]
validation step on 1750 4/100; scene = ['28e8300e004ab30b']; context = [[3, 68]]
validation step on 1750 5/100; scene = ['6558c5f10d45a929']; context = [[43, 160]]
validation step on 1750 6/100; scene = ['89ea49cd9865aeff']; context = [[31, 81]]
validation step on 1750 7/100; scene = ['ed477bdf8582adff']; context = [[40, 85]]
validation step on 1750 8/100; scene = ['57d3409bf04c4651']; context = [[0, 45]]
validation step on 1750 9/100; scene = ['aadc1e2dc74fd644']; context = [[2, 52]]
validation step on 1750 10/100; scene = ['cd74b1244d112628']; context = [[63, 110]]
validation step on 1750 11/100; scene = ['57d25dafabb5a238']; context = [[32, 104]]
validation step on 1750 12/100; scene = ['e4f4574df7938f37']; context = [[0, 115]]
validation step on 1750 13/100; scene = ['20d86cff490c0c42']; context = [[18, 69]]
validation step on 1750 14/100; scene = ['0c4c5d5f751aabf5']; context = [[12, 57]]
validation step on 1750 15/100; scene = ['fea544b472e9abd1']; context = [[12, 93]]
validation step on 1750 16/100; scene = ['656381bea665bf3d']; context = [[27, 75]]
validation step on 1750 17/100; scene = ['322261824c4a3003']; context = [[33, 78]]
validation step on 1750 18/100; scene = ['f7c0fa5b81552d35']; context = [[11, 64]]
validation step on 1750 19/100; scene = ['a56ba2efb5e3fdd9']; context = [[33, 92]]
validation step on 1750 20/100; scene = ['c48f19e2ffa52523']; context = [[195, 264]]
validation step on 1750 21/100; scene = ['1214f2a11a9fc1ed']; context = [[103, 215]]
validation step on 1750 22/100; scene = ['a9b3ff60b213e099']; context = [[32, 96]]
validation step on 1750 23/100; scene = ['a6fa92e8204f6118']; context = [[2, 66]]
validation step on 1750 24/100; scene = ['21e794f71e31becb']; context = [[72, 180]]
validation step on 1750 25/100; scene = ['f7d916b43193c181']; context = [[7, 61]]
validation step on 1750 26/100; scene = ['84ab392d682f296b']; context = [[43, 120]]
validation step on 1750 27/100; scene = ['6771a51bf0cfce7f']; context = [[152, 199]]
validation step on 1750 28/100; scene = ['17d9303ee77c3a3d']; context = [[17, 63]]
validation step on 1750 29/100; scene = ['ffa95c3b40609c76']; context = [[120, 213]]
validation step on 1750 30/100; scene = ['a47b88040452d7d9']; context = [[35, 97]]
validation step on 1750 31/100; scene = ['0d4de33c6888a754']; context = [[2, 57]]
validation step on 1750 32/100; scene = ['41bcd011f99bfb66']; context = [[4, 50]]
validation step on 1750 33/100; scene = ['67a69088a2695987']; context = [[6, 86]]
validation step on 1750 34/100; scene = ['b4099665590548fc']; context = [[23, 74]]
validation step on 1750 35/100; scene = ['9e2a8cc5f32dd46b']; context = [[75, 151]]
validation step on 1750 36/100; scene = ['2e109379f53bb221']; context = [[35, 108]]
validation step on 1750 37/100; scene = ['8adebbb68f2c3f84']; context = [[72, 131]]
validation step on 1750 38/100; scene = ['29e0bfbad00f0d5e']; context = [[8, 100]]
validation step on 1750 39/100; scene = ['debc3490ba0bd84b']; context = [[34, 81]]
validation step on 1750 40/100; scene = ['7c7bc5285126e6ad']; context = [[64, 126]]
validation step on 1750 41/100; scene = ['cdf439b17a6a98d4']; context = [[31, 77]]
validation step on 1750 42/100; scene = ['cb38d67088b66084']; context = [[49, 106]]
validation step on 1750 43/100; scene = ['2da2eeb966bc0ef8']; context = [[30, 94]]
validation step on 1750 44/100; scene = ['bb4d7012261ee0ed']; context = [[0, 46]]
validation step on 1750 45/100; scene = ['9e1f1beb4ba8e5da']; context = [[9, 73]]
validation step on 1750 46/100; scene = ['26b31d71789bffad']; context = [[3, 57]]
validation step on 1750 47/100; scene = ['41abd737e0228c1a']; context = [[81, 127]]
validation step on 1750 48/100; scene = ['ed0c2aca14b99efa']; context = [[62, 119]]
validation step on 1750 49/100; scene = ['8d5163de9ea4d851']; context = [[39, 85]]
validation step on 1750 50/100; scene = ['81be42df6ccae760']; context = [[13, 107]]
validation step on 1750 51/100; scene = ['6fe141ec9be1a432']; context = [[12, 73]]
validation step on 1750 52/100; scene = ['3b6d8db52c54b174']; context = [[0, 80]]
validation step on 1750 53/100; scene = ['3087828bc27bc4c7']; context = [[15, 96]]
validation step on 1750 54/100; scene = ['e124dfa7e996a414']; context = [[48, 93]]
validation step on 1750 55/100; scene = ['e1afd89a69ee6947']; context = [[34, 113]]
validation step on 1750 56/100; scene = ['79ce50fb7b021e1d']; context = [[212, 278]]
validation step on 1750 57/100; scene = ['358bdee988c269ef']; context = [[3, 95]]
validation step on 1750 58/100; scene = ['f14791aec34dbdcd']; context = [[5, 59]]
validation step on 1750 59/100; scene = ['0c52996355b23d76']; context = [[51, 111]]
validation step on 1750 60/100; scene = ['62bcb465bb03d34f']; context = [[6, 84]]
validation step on 1750 61/100; scene = ['1f0e06e4388dd600']; context = [[44, 96]]
validation step on 1750 62/100; scene = ['c9c30723d7c54793']; context = [[152, 247]]
validation step on 1750 63/100; scene = ['8b212f2755d955ec']; context = [[40, 110]]
validation step on 1750 64/100; scene = ['de67e3a0b0648cfe']; context = [[16, 72]]
validation step on 1750 65/100; scene = ['54841308aff91857']; context = [[27, 86]]
validation step on 1750 66/100; scene = ['40ca76de44a6e1a9']; context = [[43, 107]]
validation step on 1750 67/100; scene = ['bc143130c1842e4b']; context = [[29, 133]]
validation step on 1750 68/100; scene = ['912177dbf0a1ed6c']; context = [[3, 60]]
validation step on 1750 69/100; scene = ['afe4e799a94e06b3']; context = [[54, 150]]
validation step on 1750 70/100; scene = ['17f552ef56d85c55']; context = [[20, 86]]
validation step on 1750 71/100; scene = ['a7c691c210154b09']; context = [[0, 50]]
validation step on 1750 72/100; scene = ['9490f1219dbbb6ce']; context = [[17, 72]]
validation step on 1750 73/100; scene = ['154365ab5a4e067b']; context = [[2, 48]]
validation step on 1750 74/100; scene = ['ab4c269f8d523d02']; context = [[18, 72]]
validation step on 1750 75/100; scene = ['75d475e9558ab806']; context = [[1, 46]]
validation step on 1750 76/100; scene = ['fdaab1f49851782c']; context = [[31, 142]]
validation step on 1750 77/100; scene = ['2d4efa3897a4ba2d']; context = [[4, 58]]
validation step on 1750 78/100; scene = ['14f477e7d5af5b91']; context = [[17, 72]]
validation step on 1750 79/100; scene = ['de45926738229f67']; context = [[22, 84]]
validation step on 1750 80/100; scene = ['5c909c802eb6edb1']; context = [[13, 78]]
validation step on 1750 81/100; scene = ['aa91dfdd5f4ad32b']; context = [[8, 57]]
validation step on 1750 82/100; scene = ['88d9ba3324f2ec21']; context = [[2, 49]]
validation step on 1750 83/100; scene = ['622ef98e83ed5239']; context = [[3, 66]]
validation step on 1750 84/100; scene = ['30fc5fc78c5a716e']; context = [[151, 210]]
validation step on 1750 85/100; scene = ['8b760ac05c93a6bb']; context = [[26, 72]]
validation step on 1750 86/100; scene = ['800ea72b6988f63e']; context = [[141, 190]]
validation step on 1750 87/100; scene = ['674dabef8f53b566']; context = [[9, 91]]
validation step on 1750 88/100; scene = ['d3a01038c5f21473']; context = [[139, 273]]
validation step on 1750 89/100; scene = ['3e5f747d06bc84a3']; context = [[85, 190]]
validation step on 1750 90/100; scene = ['bb6fa5bdafc14e8c']; context = [[43, 139]]
validation step on 1750 91/100; scene = ['052430ff6e2c07c4']; context = [[19, 92]]
validation step on 1750 92/100; scene = ['0588138dfec165a1']; context = [[70, 160]]
validation step on 1750 93/100; scene = ['e4bcb18fa6aa91be']; context = [[32, 79]]
validation step on 1750 94/100; scene = ['4c4fa41951e37e78']; context = [[8, 60]]
validation step on 1750 95/100; scene = ['252a24d25a1ea81d']; context = [[198, 263]]
validation step on 1750 96/100; scene = ['214df1c2863d2959']; context = [[45, 96]]
validation step on 1750 97/100; scene = ['bfd27ad72975e120']; context = [[8, 55]]
validation step on 1750 98/100; scene = ['572acd18419c3456']; context = [[3, 62]]
validation step on 1750 99/100; scene = ['b26e6c80d283c4c8']; context = [[46, 92]]
validation step on 1750 100/100; scene = ['10c8e54590f715f7']; context = [[6, 76]]
train step[1750/2000] ; used: 40m:18s; eta: 5m:45s; loss = 0.101017; ['mse_0=0.002372; ', 'lpips_0=0.006538; ', 'codec_recon_0=0.007390; ', 'bpp_0=6.102023; ', 'mse_1=0.002034; ', 'lpips_1=0.005884; ', 'codec_recon_1=0.054819; ', 'bpp_1=0.300547; ', 'mse_2=0.001771; ', 'lpips_2=0.004968; ', 'codec_recon_2=0.015240; ', 'bpp_2=0.292265; ']
train step[1751/2000] ; used: 40m:19s; eta: 5m:43s; loss = 0.113719; ['mse_0=0.001483; ', 'lpips_0=0.005456; ', 'codec_recon_0=0.008336; ', 'bpp_0=6.180745; ', 'mse_1=0.001132; ', 'lpips_1=0.004221; ', 'codec_recon_1=0.071286; ', 'bpp_1=0.303110; ', 'mse_2=0.000898; ', 'lpips_2=0.003048; ', 'codec_recon_2=0.017859; ', 'bpp_2=0.294026; ']
train step[1752/2000] ; used: 40m:20s; eta: 5m:42s; loss = 0.073327; ['mse_0=0.001203; ', 'lpips_0=0.004693; ', 'codec_recon_0=0.006865; ', 'bpp_0=6.082018; ', 'mse_1=0.000941; ', 'lpips_1=0.003899; ', 'codec_recon_1=0.041677; ', 'bpp_1=0.300275; ', 'mse_2=0.000789; ', 'lpips_2=0.003426; ', 'codec_recon_2=0.009834; ', 'bpp_2=0.292153; ']
train step[1753/2000] ; used: 40m:21s; eta: 5m:41s; loss = 0.074606; ['mse_0=0.000933; ', 'lpips_0=0.004676; ', 'codec_recon_0=0.007051; ', 'bpp_0=6.028309; ', 'mse_1=0.000818; ', 'lpips_1=0.003920; ', 'codec_recon_1=0.042441; ', 'bpp_1=0.299662; ', 'mse_2=0.000769; ', 'lpips_2=0.003530; ', 'codec_recon_2=0.010468; ', 'bpp_2=0.290019; ']
train step[1754/2000] ; used: 40m:23s; eta: 5m:39s; loss = 0.091133; ['mse_0=0.002272; ', 'lpips_0=0.005026; ', 'codec_recon_0=0.007521; ', 'bpp_0=6.097403; ', 'mse_1=0.001946; ', 'lpips_1=0.004111; ', 'codec_recon_1=0.052468; ', 'bpp_1=0.302028; ', 'mse_2=0.001841; ', 'lpips_2=0.003528; ', 'codec_recon_2=0.012420; ', 'bpp_2=0.291111; ']
train step[1755/2000] ; used: 40m:24s; eta: 5m:38s; loss = 0.079678; ['mse_0=0.001171; ', 'lpips_0=0.005044; ', 'codec_recon_0=0.007116; ', 'bpp_0=6.028290; ', 'mse_1=0.000925; ', 'lpips_1=0.003953; ', 'codec_recon_1=0.045042; ', 'bpp_1=0.299421; ', 'mse_2=0.000741; ', 'lpips_2=0.003344; ', 'codec_recon_2=0.012342; ', 'bpp_2=0.289479; ']
train step[1756/2000] ; used: 40m:25s; eta: 5m:36s; loss = 0.102761; ['mse_0=0.002029; ', 'lpips_0=0.005653; ', 'codec_recon_0=0.007778; ', 'bpp_0=6.118115; ', 'mse_1=0.001717; ', 'lpips_1=0.004669; ', 'codec_recon_1=0.059799; ', 'bpp_1=0.302804; ', 'mse_2=0.001470; ', 'lpips_2=0.003722; ', 'codec_recon_2=0.015926; ', 'bpp_2=0.292011; ']
train step[1757/2000] ; used: 40m:26s; eta: 5m:35s; loss = 0.074455; ['mse_0=0.001101; ', 'lpips_0=0.005157; ', 'codec_recon_0=0.007109; ', 'bpp_0=6.015738; ', 'mse_1=0.000959; ', 'lpips_1=0.004459; ', 'codec_recon_1=0.040626; ', 'bpp_1=0.298806; ', 'mse_2=0.000871; ', 'lpips_2=0.004079; ', 'codec_recon_2=0.010095; ', 'bpp_2=0.288586; ']
train step[1758/2000] ; used: 40m:27s; eta: 5m:33s; loss = 0.146082; ['mse_0=0.006605; ', 'lpips_0=0.009101; ', 'codec_recon_0=0.009645; ', 'bpp_0=6.115386; ', 'mse_1=0.006031; ', 'lpips_1=0.008207; ', 'codec_recon_1=0.073506; ', 'bpp_1=0.302999; ', 'mse_2=0.005559; ', 'lpips_2=0.007237; ', 'codec_recon_2=0.020192; ', 'bpp_2=0.293121; ']
train step[1759/2000] ; used: 40m:28s; eta: 5m:32s; loss = 0.078801; ['mse_0=0.001703; ', 'lpips_0=0.004830; ', 'codec_recon_0=0.006827; ', 'bpp_0=6.035484; ', 'mse_1=0.001281; ', 'lpips_1=0.003782; ', 'codec_recon_1=0.045232; ', 'bpp_1=0.299485; ', 'mse_2=0.001146; ', 'lpips_2=0.003212; ', 'codec_recon_2=0.010787; ', 'bpp_2=0.288535; ']
train step[1760/2000] ; used: 40m:29s; eta: 5m:31s; loss = 0.088153; ['mse_0=0.002302; ', 'lpips_0=0.004898; ', 'codec_recon_0=0.008589; ', 'bpp_0=6.036942; ', 'mse_1=0.001916; ', 'lpips_1=0.003994; ', 'codec_recon_1=0.049562; ', 'bpp_1=0.300677; ', 'mse_2=0.001727; ', 'lpips_2=0.003326; ', 'codec_recon_2=0.011839; ', 'bpp_2=0.291119; ']
train step[1761/2000] ; used: 40m:30s; eta: 5m:29s; loss = 0.082197; ['mse_0=0.000981; ', 'lpips_0=0.005025; ', 'codec_recon_0=0.007455; ', 'bpp_0=6.046384; ', 'mse_1=0.000770; ', 'lpips_1=0.003994; ', 'codec_recon_1=0.046889; ', 'bpp_1=0.299039; ', 'mse_2=0.000557; ', 'lpips_2=0.003184; ', 'codec_recon_2=0.013342; ', 'bpp_2=0.288595; ']
train step[1762/2000] ; used: 40m:31s; eta: 5m:28s; loss = 0.070434; ['mse_0=0.001010; ', 'lpips_0=0.004153; ', 'codec_recon_0=0.006874; ', 'bpp_0=6.049103; ', 'mse_1=0.000818; ', 'lpips_1=0.003314; ', 'codec_recon_1=0.041136; ', 'bpp_1=0.299944; ', 'mse_2=0.000670; ', 'lpips_2=0.002809; ', 'codec_recon_2=0.009651; ', 'bpp_2=0.290087; ']
train step[1763/2000] ; used: 40m:32s; eta: 5m:26s; loss = 0.106284; ['mse_0=0.002231; ', 'lpips_0=0.005961; ', 'codec_recon_0=0.008280; ', 'bpp_0=6.146996; ', 'mse_1=0.001916; ', 'lpips_1=0.004696; ', 'codec_recon_1=0.061060; ', 'bpp_1=0.301936; ', 'mse_2=0.001668; ', 'lpips_2=0.003828; ', 'codec_recon_2=0.016643; ', 'bpp_2=0.292327; ']
train step[1764/2000] ; used: 40m:33s; eta: 5m:25s; loss = 0.138048; ['mse_0=0.002676; ', 'lpips_0=0.007971; ', 'codec_recon_0=0.008174; ', 'bpp_0=6.150125; ', 'mse_1=0.002083; ', 'lpips_1=0.006540; ', 'codec_recon_1=0.080286; ', 'bpp_1=0.301757; ', 'mse_2=0.001632; ', 'lpips_2=0.004803; ', 'codec_recon_2=0.023881; ', 'bpp_2=0.291507; ']
train step[1765/2000] ; used: 40m:34s; eta: 5m:23s; loss = 0.093453; ['mse_0=0.001404; ', 'lpips_0=0.005497; ', 'codec_recon_0=0.008287; ', 'bpp_0=6.104125; ', 'mse_1=0.001179; ', 'lpips_1=0.004370; ', 'codec_recon_1=0.053915; ', 'bpp_1=0.300380; ', 'mse_2=0.001088; ', 'lpips_2=0.003753; ', 'codec_recon_2=0.013960; ', 'bpp_2=0.292208; ']
train step[1766/2000] ; used: 40m:35s; eta: 5m:22s; loss = 0.084037; ['mse_0=0.000889; ', 'lpips_0=0.005011; ', 'codec_recon_0=0.007834; ', 'bpp_0=5.997104; ', 'mse_1=0.000655; ', 'lpips_1=0.004079; ', 'codec_recon_1=0.049620; ', 'bpp_1=0.298278; ', 'mse_2=0.000537; ', 'lpips_2=0.003536; ', 'codec_recon_2=0.011876; ', 'bpp_2=0.289824; ']
train step[1767/2000] ; used: 40m:36s; eta: 5m:21s; loss = 0.087719; ['mse_0=0.001761; ', 'lpips_0=0.007264; ', 'codec_recon_0=0.007699; ', 'bpp_0=6.037883; ', 'mse_1=0.001663; ', 'lpips_1=0.006520; ', 'codec_recon_1=0.043094; ', 'bpp_1=0.299129; ', 'mse_2=0.001718; ', 'lpips_2=0.006191; ', 'codec_recon_2=0.011810; ', 'bpp_2=0.288566; ']
train step[1768/2000] ; used: 40m:37s; eta: 5m:19s; loss = 0.072094; ['mse_0=0.000757; ', 'lpips_0=0.004252; ', 'codec_recon_0=0.006467; ', 'bpp_0=6.059115; ', 'mse_1=0.000551; ', 'lpips_1=0.003304; ', 'codec_recon_1=0.044023; ', 'bpp_1=0.298812; ', 'mse_2=0.000383; ', 'lpips_2=0.002608; ', 'codec_recon_2=0.009748; ', 'bpp_2=0.288822; ']
train step[1769/2000] ; used: 40m:38s; eta: 5m:18s; loss = 0.074463; ['mse_0=0.001037; ', 'lpips_0=0.003968; ', 'codec_recon_0=0.007076; ', 'bpp_0=6.070132; ', 'mse_1=0.000825; ', 'lpips_1=0.003225; ', 'codec_recon_1=0.044497; ', 'bpp_1=0.300152; ', 'mse_2=0.000646; ', 'lpips_2=0.002601; ', 'codec_recon_2=0.010587; ', 'bpp_2=0.290200; ']
train step[1770/2000] ; used: 40m:39s; eta: 5m:16s; loss = 0.125555; ['mse_0=0.003966; ', 'lpips_0=0.007640; ', 'codec_recon_0=0.008532; ', 'bpp_0=6.132274; ', 'mse_1=0.003389; ', 'lpips_1=0.006629; ', 'codec_recon_1=0.069177; ', 'bpp_1=0.303045; ', 'mse_2=0.002937; ', 'lpips_2=0.005568; ', 'codec_recon_2=0.017717; ', 'bpp_2=0.292906; ']
train step[1771/2000] ; used: 40m:41s; eta: 5m:15s; loss = 0.090558; ['mse_0=0.002532; ', 'lpips_0=0.005164; ', 'codec_recon_0=0.007070; ', 'bpp_0=6.115705; ', 'mse_1=0.002193; ', 'lpips_1=0.004167; ', 'codec_recon_1=0.051725; ', 'bpp_1=0.301784; ', 'mse_2=0.001936; ', 'lpips_2=0.003231; ', 'codec_recon_2=0.012540; ', 'bpp_2=0.292491; ']
train step[1772/2000] ; used: 40m:42s; eta: 5m:14s; loss = 0.077271; ['mse_0=0.001715; ', 'lpips_0=0.004952; ', 'codec_recon_0=0.007533; ', 'bpp_0=6.051376; ', 'mse_1=0.001428; ', 'lpips_1=0.004054; ', 'codec_recon_1=0.042749; ', 'bpp_1=0.300348; ', 'mse_2=0.001260; ', 'lpips_2=0.003370; ', 'codec_recon_2=0.010211; ', 'bpp_2=0.289771; ']
train step[1773/2000] ; used: 40m:43s; eta: 5m:12s; loss = 0.085163; ['mse_0=0.000492; ', 'lpips_0=0.005937; ', 'codec_recon_0=0.007638; ', 'bpp_0=6.029081; ', 'mse_1=0.000399; ', 'lpips_1=0.005011; ', 'codec_recon_1=0.047875; ', 'bpp_1=0.299082; ', 'mse_2=0.000362; ', 'lpips_2=0.004453; ', 'codec_recon_2=0.012996; ', 'bpp_2=0.289094; ']
train step[1774/2000] ; used: 40m:44s; eta: 5m:11s; loss = 0.089464; ['mse_0=0.001262; ', 'lpips_0=0.004830; ', 'codec_recon_0=0.007203; ', 'bpp_0=6.099829; ', 'mse_1=0.000946; ', 'lpips_1=0.003716; ', 'codec_recon_1=0.055394; ', 'bpp_1=0.300524; ', 'mse_2=0.000619; ', 'lpips_2=0.002857; ', 'codec_recon_2=0.012636; ', 'bpp_2=0.290513; ']
train step[1775/2000] ; used: 40m:45s; eta: 5m:9s; loss = 0.098022; ['mse_0=0.001103; ', 'lpips_0=0.006136; ', 'codec_recon_0=0.007688; ', 'bpp_0=6.090614; ', 'mse_1=0.000903; ', 'lpips_1=0.005032; ', 'codec_recon_1=0.055449; ', 'bpp_1=0.300329; ', 'mse_2=0.000724; ', 'lpips_2=0.003957; ', 'codec_recon_2=0.017029; ', 'bpp_2=0.291851; ']
train step[1776/2000] ; used: 40m:46s; eta: 5m:8s; loss = 0.086007; ['mse_0=0.004325; ', 'lpips_0=0.005262; ', 'codec_recon_0=0.006888; ', 'bpp_0=6.022124; ', 'mse_1=0.004086; ', 'lpips_1=0.004293; ', 'codec_recon_1=0.043037; ', 'bpp_1=0.298577; ', 'mse_2=0.004150; ', 'lpips_2=0.003790; ', 'codec_recon_2=0.010177; ', 'bpp_2=0.286925; ']
train step[1777/2000] ; used: 40m:47s; eta: 5m:6s; loss = 0.106933; ['mse_0=0.001183; ', 'lpips_0=0.005604; ', 'codec_recon_0=0.007627; ', 'bpp_0=6.108736; ', 'mse_1=0.000856; ', 'lpips_1=0.004314; ', 'codec_recon_1=0.067121; ', 'bpp_1=0.300945; ', 'mse_2=0.000577; ', 'lpips_2=0.003185; ', 'codec_recon_2=0.016466; ', 'bpp_2=0.289918; ']
train step[1778/2000] ; used: 40m:48s; eta: 5m:5s; loss = 0.117843; ['mse_0=0.002595; ', 'lpips_0=0.006588; ', 'codec_recon_0=0.008268; ', 'bpp_0=6.176810; ', 'mse_1=0.002035; ', 'lpips_1=0.005110; ', 'codec_recon_1=0.071686; ', 'bpp_1=0.304196; ', 'mse_2=0.001504; ', 'lpips_2=0.003819; ', 'codec_recon_2=0.016237; ', 'bpp_2=0.293896; ']
train step[1779/2000] ; used: 40m:49s; eta: 5m:4s; loss = 0.075731; ['mse_0=0.001221; ', 'lpips_0=0.005289; ', 'codec_recon_0=0.006370; ', 'bpp_0=6.035261; ', 'mse_1=0.001051; ', 'lpips_1=0.004357; ', 'codec_recon_1=0.042150; ', 'bpp_1=0.299124; ', 'mse_2=0.000968; ', 'lpips_2=0.003795; ', 'codec_recon_2=0.010529; ', 'bpp_2=0.287986; ']
train step[1780/2000] ; used: 40m:50s; eta: 5m:2s; loss = 0.078740; ['mse_0=0.001463; ', 'lpips_0=0.005448; ', 'codec_recon_0=0.007069; ', 'bpp_0=6.036010; ', 'mse_1=0.001235; ', 'lpips_1=0.004753; ', 'codec_recon_1=0.041820; ', 'bpp_1=0.299637; ', 'mse_2=0.001242; ', 'lpips_2=0.004384; ', 'codec_recon_2=0.011325; ', 'bpp_2=0.290417; ']
train step[1781/2000] ; used: 40m:51s; eta: 5m:1s; loss = 0.117543; ['mse_0=0.002483; ', 'lpips_0=0.008820; ', 'codec_recon_0=0.008445; ', 'bpp_0=6.078144; ', 'mse_1=0.002069; ', 'lpips_1=0.007634; ', 'codec_recon_1=0.061676; ', 'bpp_1=0.301479; ', 'mse_2=0.001892; ', 'lpips_2=0.006957; ', 'codec_recon_2=0.017566; ', 'bpp_2=0.291346; ']
train step[1782/2000] ; used: 40m:52s; eta: 4m:59s; loss = 0.086674; ['mse_0=0.001155; ', 'lpips_0=0.005161; ', 'codec_recon_0=0.007089; ', 'bpp_0=6.084237; ', 'mse_1=0.000910; ', 'lpips_1=0.004347; ', 'codec_recon_1=0.050468; ', 'bpp_1=0.300543; ', 'mse_2=0.000776; ', 'lpips_2=0.003760; ', 'codec_recon_2=0.013009; ', 'bpp_2=0.291371; ']
train step[1783/2000] ; used: 40m:53s; eta: 4m:58s; loss = 0.076456; ['mse_0=0.001290; ', 'lpips_0=0.004994; ', 'codec_recon_0=0.006761; ', 'bpp_0=6.061532; ', 'mse_1=0.001120; ', 'lpips_1=0.004356; ', 'codec_recon_1=0.043082; ', 'bpp_1=0.298869; ', 'mse_2=0.001004; ', 'lpips_2=0.003958; ', 'codec_recon_2=0.009891; ', 'bpp_2=0.290776; ']
train step[1784/2000] ; used: 40m:54s; eta: 4m:57s; loss = 0.101509; ['mse_0=0.003368; ', 'lpips_0=0.006788; ', 'codec_recon_0=0.007571; ', 'bpp_0=6.121590; ', 'mse_1=0.003132; ', 'lpips_1=0.005726; ', 'codec_recon_1=0.054070; ', 'bpp_1=0.301435; ', 'mse_2=0.003035; ', 'lpips_2=0.004907; ', 'codec_recon_2=0.012912; ', 'bpp_2=0.293015; ']
train step[1785/2000] ; used: 40m:55s; eta: 4m:55s; loss = 0.091610; ['mse_0=0.002047; ', 'lpips_0=0.007561; ', 'codec_recon_0=0.007588; ', 'bpp_0=6.077632; ', 'mse_1=0.001767; ', 'lpips_1=0.006301; ', 'codec_recon_1=0.046678; ', 'bpp_1=0.299746; ', 'mse_2=0.001667; ', 'lpips_2=0.005448; ', 'codec_recon_2=0.012554; ', 'bpp_2=0.288727; ']
train step[1786/2000] ; used: 40m:56s; eta: 4m:54s; loss = 0.094883; ['mse_0=0.001252; ', 'lpips_0=0.005973; ', 'codec_recon_0=0.008024; ', 'bpp_0=6.065369; ', 'mse_1=0.001032; ', 'lpips_1=0.004856; ', 'codec_recon_1=0.054481; ', 'bpp_1=0.301776; ', 'mse_2=0.000912; ', 'lpips_2=0.004208; ', 'codec_recon_2=0.014144; ', 'bpp_2=0.291937; ']
train step[1787/2000] ; used: 40m:57s; eta: 4m:52s; loss = 0.063127; ['mse_0=0.000463; ', 'lpips_0=0.003974; ', 'codec_recon_0=0.006401; ', 'bpp_0=6.073912; ', 'mse_1=0.000310; ', 'lpips_1=0.002912; ', 'codec_recon_1=0.037518; ', 'bpp_1=0.298857; ', 'mse_2=0.000208; ', 'lpips_2=0.002422; ', 'codec_recon_2=0.008919; ', 'bpp_2=0.289079; ']
train step[1788/2000] ; used: 40m:58s; eta: 4m:51s; loss = 0.083409; ['mse_0=0.003545; ', 'lpips_0=0.005417; ', 'codec_recon_0=0.007290; ', 'bpp_0=6.030230; ', 'mse_1=0.003299; ', 'lpips_1=0.004628; ', 'codec_recon_1=0.042060; ', 'bpp_1=0.299483; ', 'mse_2=0.003335; ', 'lpips_2=0.004231; ', 'codec_recon_2=0.009605; ', 'bpp_2=0.290294; ']
train step[1789/2000] ; used: 40m:59s; eta: 4m:49s; loss = 0.125199; ['mse_0=0.001428; ', 'lpips_0=0.005850; ', 'codec_recon_0=0.010034; ', 'bpp_0=6.095122; ', 'mse_1=0.001052; ', 'lpips_1=0.004328; ', 'codec_recon_1=0.076674; ', 'bpp_1=0.300759; ', 'mse_2=0.000668; ', 'lpips_2=0.003004; ', 'codec_recon_2=0.022162; ', 'bpp_2=0.290070; ']
train step[1790/2000] ; used: 41m; eta: 4m:48s; loss = 0.084321; ['mse_0=0.002125; ', 'lpips_0=0.006219; ', 'codec_recon_0=0.007950; ', 'bpp_0=6.047039; ', 'mse_1=0.001987; ', 'lpips_1=0.005383; ', 'codec_recon_1=0.043656; ', 'bpp_1=0.300574; ', 'mse_2=0.001957; ', 'lpips_2=0.004975; ', 'codec_recon_2=0.010068; ', 'bpp_2=0.289910; ']
train step[1791/2000] ; used: 41m:1s; eta: 4m:47s; loss = 0.076295; ['mse_0=0.000629; ', 'lpips_0=0.004887; ', 'codec_recon_0=0.007389; ', 'bpp_0=5.989038; ', 'mse_1=0.000552; ', 'lpips_1=0.004081; ', 'codec_recon_1=0.043701; ', 'bpp_1=0.297131; ', 'mse_2=0.000510; ', 'lpips_2=0.003735; ', 'codec_recon_2=0.010810; ', 'bpp_2=0.287042; ']
train step[1792/2000] ; used: 41m:2s; eta: 4m:45s; loss = 0.069659; ['mse_0=0.000958; ', 'lpips_0=0.004848; ', 'codec_recon_0=0.006707; ', 'bpp_0=6.015388; ', 'mse_1=0.000750; ', 'lpips_1=0.004053; ', 'codec_recon_1=0.039031; ', 'bpp_1=0.299162; ', 'mse_2=0.000616; ', 'lpips_2=0.003720; ', 'codec_recon_2=0.008976; ', 'bpp_2=0.289240; ']
train step[1793/2000] ; used: 41m:3s; eta: 4m:44s; loss = 0.122839; ['mse_0=0.003005; ', 'lpips_0=0.010162; ', 'codec_recon_0=0.008072; ', 'bpp_0=6.092473; ', 'mse_1=0.002435; ', 'lpips_1=0.008346; ', 'codec_recon_1=0.061664; ', 'bpp_1=0.301782; ', 'mse_2=0.002316; ', 'lpips_2=0.006648; ', 'codec_recon_2=0.020189; ', 'bpp_2=0.289316; ']
train step[1794/2000] ; used: 41m:4s; eta: 4m:42s; loss = 0.068616; ['mse_0=0.000900; ', 'lpips_0=0.003536; ', 'codec_recon_0=0.007070; ', 'bpp_0=6.056458; ', 'mse_1=0.000681; ', 'lpips_1=0.002627; ', 'codec_recon_1=0.041027; ', 'bpp_1=0.299454; ', 'mse_2=0.000538; ', 'lpips_2=0.002085; ', 'codec_recon_2=0.010153; ', 'bpp_2=0.288912; ']
train step[1795/2000] ; used: 41m:5s; eta: 4m:41s; loss = 0.127040; ['mse_0=0.002882; ', 'lpips_0=0.007000; ', 'codec_recon_0=0.008648; ', 'bpp_0=6.117809; ', 'mse_1=0.002201; ', 'lpips_1=0.005448; ', 'codec_recon_1=0.076564; ', 'bpp_1=0.301304; ', 'mse_2=0.001456; ', 'lpips_2=0.003877; ', 'codec_recon_2=0.018965; ', 'bpp_2=0.293369; ']
train step[1796/2000] ; used: 41m:6s; eta: 4m:40s; loss = 0.094808; ['mse_0=0.001543; ', 'lpips_0=0.006048; ', 'codec_recon_0=0.007945; ', 'bpp_0=6.076649; ', 'mse_1=0.001197; ', 'lpips_1=0.004560; ', 'codec_recon_1=0.053290; ', 'bpp_1=0.300353; ', 'mse_2=0.001027; ', 'lpips_2=0.003632; ', 'codec_recon_2=0.015567; ', 'bpp_2=0.290504; ']
train step[1797/2000] ; used: 41m:7s; eta: 4m:38s; loss = 0.086137; ['mse_0=0.000990; ', 'lpips_0=0.004088; ', 'codec_recon_0=0.007695; ', 'bpp_0=6.148118; ', 'mse_1=0.000747; ', 'lpips_1=0.003157; ', 'codec_recon_1=0.053561; ', 'bpp_1=0.301698; ', 'mse_2=0.000512; ', 'lpips_2=0.002283; ', 'codec_recon_2=0.013103; ', 'bpp_2=0.293010; ']
train step[1798/2000] ; used: 41m:8s; eta: 4m:37s; loss = 0.110473; ['mse_0=0.002764; ', 'lpips_0=0.008420; ', 'codec_recon_0=0.009049; ', 'bpp_0=6.084800; ', 'mse_1=0.002327; ', 'lpips_1=0.007274; ', 'codec_recon_1=0.056270; ', 'bpp_1=0.301490; ', 'mse_2=0.002073; ', 'lpips_2=0.006193; ', 'codec_recon_2=0.016102; ', 'bpp_2=0.291536; ']
train step[1799/2000] ; used: 41m:9s; eta: 4m:35s; loss = 0.093650; ['mse_0=0.002119; ', 'lpips_0=0.007816; ', 'codec_recon_0=0.007286; ', 'bpp_0=6.052157; ', 'mse_1=0.001922; ', 'lpips_1=0.006723; ', 'codec_recon_1=0.047120; ', 'bpp_1=0.299078; ', 'mse_2=0.001977; ', 'lpips_2=0.006086; ', 'codec_recon_2=0.012603; ', 'bpp_2=0.287151; ']
train step[1800/2000] ; used: 41m:10s; eta: 4m:34s; loss = 0.072918; ['mse_0=0.000910; ', 'lpips_0=0.005048; ', 'codec_recon_0=0.006936; ', 'bpp_0=5.991692; ', 'mse_1=0.000803; ', 'lpips_1=0.004407; ', 'codec_recon_1=0.039666; ', 'bpp_1=0.298630; ', 'mse_2=0.000748; ', 'lpips_2=0.004165; ', 'codec_recon_2=0.010236; ', 'bpp_2=0.288755; ']
train step[1801/2000] ; used: 41m:11s; eta: 4m:32s; loss = 0.104897; ['mse_0=0.002008; ', 'lpips_0=0.005550; ', 'codec_recon_0=0.008872; ', 'bpp_0=6.123537; ', 'mse_1=0.001710; ', 'lpips_1=0.004458; ', 'codec_recon_1=0.063336; ', 'bpp_1=0.302099; ', 'mse_2=0.001632; ', 'lpips_2=0.003998; ', 'codec_recon_2=0.013331; ', 'bpp_2=0.293575; ']
train step[1802/2000] ; used: 41m:12s; eta: 4m:31s; loss = 0.068180; ['mse_0=0.000877; ', 'lpips_0=0.003899; ', 'codec_recon_0=0.006507; ', 'bpp_0=6.014170; ', 'mse_1=0.000733; ', 'lpips_1=0.003073; ', 'codec_recon_1=0.039580; ', 'bpp_1=0.298192; ', 'mse_2=0.000674; ', 'lpips_2=0.002632; ', 'codec_recon_2=0.010205; ', 'bpp_2=0.287674; ']
train step[1803/2000] ; used: 41m:13s; eta: 4m:30s; loss = 0.073382; ['mse_0=0.001363; ', 'lpips_0=0.005403; ', 'codec_recon_0=0.007026; ', 'bpp_0=6.006001; ', 'mse_1=0.001186; ', 'lpips_1=0.004691; ', 'codec_recon_1=0.039955; ', 'bpp_1=0.297547; ', 'mse_2=0.001069; ', 'lpips_2=0.004179; ', 'codec_recon_2=0.008509; ', 'bpp_2=0.286896; ']
train step[1804/2000] ; used: 41m:15s; eta: 4m:28s; loss = 0.090743; ['mse_0=0.001806; ', 'lpips_0=0.005406; ', 'codec_recon_0=0.007297; ', 'bpp_0=6.077632; ', 'mse_1=0.001472; ', 'lpips_1=0.004298; ', 'codec_recon_1=0.051265; ', 'bpp_1=0.299437; ', 'mse_2=0.001259; ', 'lpips_2=0.003358; ', 'codec_recon_2=0.014582; ', 'bpp_2=0.289843; ']
train step[1805/2000] ; used: 41m:16s; eta: 4m:27s; loss = 0.078466; ['mse_0=0.001382; ', 'lpips_0=0.005132; ', 'codec_recon_0=0.006986; ', 'bpp_0=6.063610; ', 'mse_1=0.001150; ', 'lpips_1=0.004209; ', 'codec_recon_1=0.045289; ', 'bpp_1=0.299882; ', 'mse_2=0.001043; ', 'lpips_2=0.003567; ', 'codec_recon_2=0.009707; ', 'bpp_2=0.290831; ']
train step[1806/2000] ; used: 41m:17s; eta: 4m:25s; loss = 0.080172; ['mse_0=0.002242; ', 'lpips_0=0.005122; ', 'codec_recon_0=0.006886; ', 'bpp_0=6.047573; ', 'mse_1=0.002184; ', 'lpips_1=0.004158; ', 'codec_recon_1=0.042826; ', 'bpp_1=0.300816; ', 'mse_2=0.002126; ', 'lpips_2=0.003727; ', 'codec_recon_2=0.010902; ', 'bpp_2=0.290450; ']
train step[1807/2000] ; used: 41m:18s; eta: 4m:24s; loss = 0.084318; ['mse_0=0.002192; ', 'lpips_0=0.005279; ', 'codec_recon_0=0.007881; ', 'bpp_0=6.024944; ', 'mse_1=0.001936; ', 'lpips_1=0.004408; ', 'codec_recon_1=0.046306; ', 'bpp_1=0.299028; ', 'mse_2=0.001800; ', 'lpips_2=0.003949; ', 'codec_recon_2=0.010568; ', 'bpp_2=0.289152; ']
train step[1808/2000] ; used: 41m:19s; eta: 4m:23s; loss = 0.083863; ['mse_0=0.003003; ', 'lpips_0=0.006183; ', 'codec_recon_0=0.006715; ', 'bpp_0=6.032823; ', 'mse_1=0.002727; ', 'lpips_1=0.005443; ', 'codec_recon_1=0.042746; ', 'bpp_1=0.299163; ', 'mse_2=0.002712; ', 'lpips_2=0.004990; ', 'codec_recon_2=0.009344; ', 'bpp_2=0.289697; ']
train step[1809/2000] ; used: 41m:20s; eta: 4m:21s; loss = 0.084245; ['mse_0=0.002932; ', 'lpips_0=0.006395; ', 'codec_recon_0=0.006883; ', 'bpp_0=6.034135; ', 'mse_1=0.002578; ', 'lpips_1=0.005588; ', 'codec_recon_1=0.042696; ', 'bpp_1=0.300010; ', 'mse_2=0.002517; ', 'lpips_2=0.005001; ', 'codec_recon_2=0.009654; ', 'bpp_2=0.288968; ']
train step[1810/2000] ; used: 41m:21s; eta: 4m:20s; loss = 0.103442; ['mse_0=0.001442; ', 'lpips_0=0.005334; ', 'codec_recon_0=0.007330; ', 'bpp_0=6.150094; ', 'mse_1=0.001153; ', 'lpips_1=0.004075; ', 'codec_recon_1=0.065679; ', 'bpp_1=0.302418; ', 'mse_2=0.000750; ', 'lpips_2=0.002660; ', 'codec_recon_2=0.015019; ', 'bpp_2=0.291935; ']
train step[1811/2000] ; used: 41m:22s; eta: 4m:18s; loss = 0.077887; ['mse_0=0.001100; ', 'lpips_0=0.004998; ', 'codec_recon_0=0.007028; ', 'bpp_0=6.073697; ', 'mse_1=0.000891; ', 'lpips_1=0.004014; ', 'codec_recon_1=0.045211; ', 'bpp_1=0.301007; ', 'mse_2=0.000764; ', 'lpips_2=0.003589; ', 'codec_recon_2=0.010292; ', 'bpp_2=0.290181; ']
train step[1812/2000] ; used: 41m:23s; eta: 4m:17s; loss = 0.080065; ['mse_0=0.002198; ', 'lpips_0=0.006197; ', 'codec_recon_0=0.006880; ', 'bpp_0=6.008130; ', 'mse_1=0.001891; ', 'lpips_1=0.005419; ', 'codec_recon_1=0.041644; ', 'bpp_1=0.299620; ', 'mse_2=0.001763; ', 'lpips_2=0.005074; ', 'codec_recon_2=0.009001; ', 'bpp_2=0.288712; ']
train step[1813/2000] ; used: 41m:24s; eta: 4m:16s; loss = 0.068616; ['mse_0=0.001060; ', 'lpips_0=0.004462; ', 'codec_recon_0=0.006836; ', 'bpp_0=6.031020; ', 'mse_1=0.000775; ', 'lpips_1=0.003573; ', 'codec_recon_1=0.039529; ', 'bpp_1=0.299385; ', 'mse_2=0.000612; ', 'lpips_2=0.003037; ', 'codec_recon_2=0.008732; ', 'bpp_2=0.288919; ']
train step[1814/2000] ; used: 41m:25s; eta: 4m:14s; loss = 0.080473; ['mse_0=0.001050; ', 'lpips_0=0.004100; ', 'codec_recon_0=0.006499; ', 'bpp_0=6.124440; ', 'mse_1=0.000821; ', 'lpips_1=0.003233; ', 'codec_recon_1=0.049719; ', 'bpp_1=0.300354; ', 'mse_2=0.000614; ', 'lpips_2=0.002498; ', 'codec_recon_2=0.011940; ', 'bpp_2=0.292153; ']
train step[1815/2000] ; used: 41m:26s; eta: 4m:13s; loss = 0.093800; ['mse_0=0.002547; ', 'lpips_0=0.006172; ', 'codec_recon_0=0.007410; ', 'bpp_0=6.081353; ', 'mse_1=0.002222; ', 'lpips_1=0.005379; ', 'codec_recon_1=0.051262; ', 'bpp_1=0.300271; ', 'mse_2=0.002157; ', 'lpips_2=0.004815; ', 'codec_recon_2=0.011836; ', 'bpp_2=0.290884; ']
train step[1816/2000] ; used: 41m:27s; eta: 4m:11s; loss = 0.094259; ['mse_0=0.001484; ', 'lpips_0=0.005796; ', 'codec_recon_0=0.006801; ', 'bpp_0=6.045398; ', 'mse_1=0.001225; ', 'lpips_1=0.004674; ', 'codec_recon_1=0.056913; ', 'bpp_1=0.299068; ', 'mse_2=0.001048; ', 'lpips_2=0.003924; ', 'codec_recon_2=0.012393; ', 'bpp_2=0.287866; ']
train step[1817/2000] ; used: 41m:28s; eta: 4m:10s; loss = 0.106855; ['mse_0=0.001758; ', 'lpips_0=0.005244; ', 'codec_recon_0=0.007963; ', 'bpp_0=6.129525; ', 'mse_1=0.001370; ', 'lpips_1=0.004157; ', 'codec_recon_1=0.065920; ', 'bpp_1=0.301511; ', 'mse_2=0.001126; ', 'lpips_2=0.003157; ', 'codec_recon_2=0.016159; ', 'bpp_2=0.293590; ']
train step[1818/2000] ; used: 41m:29s; eta: 4m:9s; loss = 0.077753; ['mse_0=0.001760; ', 'lpips_0=0.004484; ', 'codec_recon_0=0.006604; ', 'bpp_0=6.090859; ', 'mse_1=0.001414; ', 'lpips_1=0.003630; ', 'codec_recon_1=0.045895; ', 'bpp_1=0.301032; ', 'mse_2=0.001224; ', 'lpips_2=0.003132; ', 'codec_recon_2=0.009610; ', 'bpp_2=0.293161; ']
train step[1819/2000] ; used: 41m:30s; eta: 4m:7s; loss = 0.086086; ['mse_0=0.001536; ', 'lpips_0=0.004961; ', 'codec_recon_0=0.007463; ', 'bpp_0=6.075190; ', 'mse_1=0.001135; ', 'lpips_1=0.004042; ', 'codec_recon_1=0.050843; ', 'bpp_1=0.300272; ', 'mse_2=0.000796; ', 'lpips_2=0.002887; ', 'codec_recon_2=0.012424; ', 'bpp_2=0.290742; ']
train step[1820/2000] ; used: 41m:31s; eta: 4m:6s; loss = 0.080449; ['mse_0=0.001058; ', 'lpips_0=0.004803; ', 'codec_recon_0=0.006473; ', 'bpp_0=6.058400; ', 'mse_1=0.000788; ', 'lpips_1=0.003598; ', 'codec_recon_1=0.048926; ', 'bpp_1=0.299465; ', 'mse_2=0.000709; ', 'lpips_2=0.002915; ', 'codec_recon_2=0.011180; ', 'bpp_2=0.289328; ']
train step[1821/2000] ; used: 41m:32s; eta: 4m:4s; loss = 0.084533; ['mse_0=0.000829; ', 'lpips_0=0.005272; ', 'codec_recon_0=0.006593; ', 'bpp_0=6.000198; ', 'mse_1=0.000806; ', 'lpips_1=0.004434; ', 'codec_recon_1=0.048631; ', 'bpp_1=0.297865; ', 'mse_2=0.000742; ', 'lpips_2=0.003854; ', 'codec_recon_2=0.013373; ', 'bpp_2=0.288737; ']
train step[1822/2000] ; used: 41m:33s; eta: 4m:3s; loss = 0.070900; ['mse_0=0.001067; ', 'lpips_0=0.004453; ', 'codec_recon_0=0.005915; ', 'bpp_0=6.029955; ', 'mse_1=0.000868; ', 'lpips_1=0.003478; ', 'codec_recon_1=0.041731; ', 'bpp_1=0.300011; ', 'mse_2=0.000731; ', 'lpips_2=0.002924; ', 'codec_recon_2=0.009733; ', 'bpp_2=0.288178; ']
train step[1823/2000] ; used: 41m:34s; eta: 4m:2s; loss = 0.076334; ['mse_0=0.001456; ', 'lpips_0=0.004782; ', 'codec_recon_0=0.006752; ', 'bpp_0=6.003782; ', 'mse_1=0.001172; ', 'lpips_1=0.003854; ', 'codec_recon_1=0.044263; ', 'bpp_1=0.298240; ', 'mse_2=0.000965; ', 'lpips_2=0.003158; ', 'codec_recon_2=0.009932; ', 'bpp_2=0.287804; ']
train step[1824/2000] ; used: 41m:35s; eta: 4m; loss = 0.084020; ['mse_0=0.001087; ', 'lpips_0=0.004798; ', 'codec_recon_0=0.006523; ', 'bpp_0=6.096955; ', 'mse_1=0.000924; ', 'lpips_1=0.003895; ', 'codec_recon_1=0.051453; ', 'bpp_1=0.301276; ', 'mse_2=0.000748; ', 'lpips_2=0.003159; ', 'codec_recon_2=0.011433; ', 'bpp_2=0.291042; ']
train step[1825/2000] ; used: 41m:36s; eta: 3m:59s; loss = 0.113064; ['mse_0=0.010415; ', 'lpips_0=0.008393; ', 'codec_recon_0=0.006812; ', 'bpp_0=6.018654; ', 'mse_1=0.009596; ', 'lpips_1=0.007584; ', 'codec_recon_1=0.045146; ', 'bpp_1=0.300874; ', 'mse_2=0.009426; ', 'lpips_2=0.006972; ', 'codec_recon_2=0.008722; ', 'bpp_2=0.289337; ']
train step[1826/2000] ; used: 41m:37s; eta: 3m:57s; loss = 0.067986; ['mse_0=0.000648; ', 'lpips_0=0.004650; ', 'codec_recon_0=0.006447; ', 'bpp_0=6.029741; ', 'mse_1=0.000490; ', 'lpips_1=0.003592; ', 'codec_recon_1=0.039382; ', 'bpp_1=0.299356; ', 'mse_2=0.000430; ', 'lpips_2=0.003016; ', 'codec_recon_2=0.009331; ', 'bpp_2=0.286995; ']
train step[1827/2000] ; used: 41m:38s; eta: 3m:56s; loss = 0.119524; ['mse_0=0.003339; ', 'lpips_0=0.008017; ', 'codec_recon_0=0.008486; ', 'bpp_0=6.081477; ', 'mse_1=0.003076; ', 'lpips_1=0.007441; ', 'codec_recon_1=0.064921; ', 'bpp_1=0.299820; ', 'mse_2=0.002871; ', 'lpips_2=0.006759; ', 'codec_recon_2=0.014614; ', 'bpp_2=0.290177; ']
train step[1828/2000] ; used: 41m:39s; eta: 3m:55s; loss = 0.082728; ['mse_0=0.001118; ', 'lpips_0=0.005238; ', 'codec_recon_0=0.007089; ', 'bpp_0=6.044564; ', 'mse_1=0.000887; ', 'lpips_1=0.004481; ', 'codec_recon_1=0.049296; ', 'bpp_1=0.300076; ', 'mse_2=0.000815; ', 'lpips_2=0.004105; ', 'codec_recon_2=0.009699; ', 'bpp_2=0.289828; ']
train step[1829/2000] ; used: 41m:40s; eta: 3m:53s; loss = 0.097282; ['mse_0=0.002022; ', 'lpips_0=0.006394; ', 'codec_recon_0=0.007265; ', 'bpp_0=6.034604; ', 'mse_1=0.001719; ', 'lpips_1=0.005306; ', 'codec_recon_1=0.055158; ', 'bpp_1=0.299416; ', 'mse_2=0.001405; ', 'lpips_2=0.004112; ', 'codec_recon_2=0.013901; ', 'bpp_2=0.289637; ']
train step[1830/2000] ; used: 41m:41s; eta: 3m:52s; loss = 0.073766; ['mse_0=0.000931; ', 'lpips_0=0.005043; ', 'codec_recon_0=0.006434; ', 'bpp_0=6.058013; ', 'mse_1=0.000693; ', 'lpips_1=0.004118; ', 'codec_recon_1=0.042868; ', 'bpp_1=0.300535; ', 'mse_2=0.000542; ', 'lpips_2=0.003611; ', 'codec_recon_2=0.009528; ', 'bpp_2=0.289620; ']
train step[1831/2000] ; used: 41m:42s; eta: 3m:50s; loss = 0.074899; ['mse_0=0.001314; ', 'lpips_0=0.004971; ', 'codec_recon_0=0.006248; ', 'bpp_0=6.055003; ', 'mse_1=0.001128; ', 'lpips_1=0.004264; ', 'codec_recon_1=0.042869; ', 'bpp_1=0.299464; ', 'mse_2=0.001022; ', 'lpips_2=0.003743; ', 'codec_recon_2=0.009339; ', 'bpp_2=0.289750; ']
train step[1832/2000] ; used: 41m:43s; eta: 3m:49s; loss = 0.079498; ['mse_0=0.001310; ', 'lpips_0=0.005607; ', 'codec_recon_0=0.007241; ', 'bpp_0=6.029850; ', 'mse_1=0.001058; ', 'lpips_1=0.004727; ', 'codec_recon_1=0.043544; ', 'bpp_1=0.299314; ', 'mse_2=0.000937; ', 'lpips_2=0.003971; ', 'codec_recon_2=0.011105; ', 'bpp_2=0.288870; ']
train step[1833/2000] ; used: 41m:44s; eta: 3m:48s; loss = 0.090846; ['mse_0=0.003609; ', 'lpips_0=0.006856; ', 'codec_recon_0=0.006404; ', 'bpp_0=6.080227; ', 'mse_1=0.003206; ', 'lpips_1=0.005954; ', 'codec_recon_1=0.046610; ', 'bpp_1=0.301416; ', 'mse_2=0.003118; ', 'lpips_2=0.005506; ', 'codec_recon_2=0.009582; ', 'bpp_2=0.292169; ']
train step[1834/2000] ; used: 41m:45s; eta: 3m:46s; loss = 0.133722; ['mse_0=0.003404; ', 'lpips_0=0.008291; ', 'codec_recon_0=0.009309; ', 'bpp_0=6.194770; ', 'mse_1=0.002922; ', 'lpips_1=0.007237; ', 'codec_recon_1=0.077224; ', 'bpp_1=0.304672; ', 'mse_2=0.002270; ', 'lpips_2=0.005857; ', 'codec_recon_2=0.017208; ', 'bpp_2=0.295084; ']
train step[1835/2000] ; used: 41m:46s; eta: 3m:45s; loss = 0.062797; ['mse_0=0.000959; ', 'lpips_0=0.004649; ', 'codec_recon_0=0.005620; ', 'bpp_0=6.012975; ', 'mse_1=0.000775; ', 'lpips_1=0.003757; ', 'codec_recon_1=0.035252; ', 'bpp_1=0.297625; ', 'mse_2=0.000640; ', 'lpips_2=0.003323; ', 'codec_recon_2=0.007822; ', 'bpp_2=0.287262; ']
train step[1836/2000] ; used: 41m:47s; eta: 3m:43s; loss = 0.096727; ['mse_0=0.002131; ', 'lpips_0=0.005458; ', 'codec_recon_0=0.007394; ', 'bpp_0=6.075867; ', 'mse_1=0.001697; ', 'lpips_1=0.004325; ', 'codec_recon_1=0.057422; ', 'bpp_1=0.300760; ', 'mse_2=0.001423; ', 'lpips_2=0.003431; ', 'codec_recon_2=0.013446; ', 'bpp_2=0.289399; ']
train step[1837/2000] ; used: 41m:49s; eta: 3m:42s; loss = 0.093063; ['mse_0=0.001708; ', 'lpips_0=0.006299; ', 'codec_recon_0=0.007137; ', 'bpp_0=6.090683; ', 'mse_1=0.001314; ', 'lpips_1=0.004792; ', 'codec_recon_1=0.053811; ', 'bpp_1=0.300848; ', 'mse_2=0.001070; ', 'lpips_2=0.003664; ', 'codec_recon_2=0.013267; ', 'bpp_2=0.289327; ']
train step[1838/2000] ; used: 41m:50s; eta: 3m:41s; loss = 0.087400; ['mse_0=0.001294; ', 'lpips_0=0.004633; ', 'codec_recon_0=0.006773; ', 'bpp_0=6.132806; ', 'mse_1=0.001038; ', 'lpips_1=0.003420; ', 'codec_recon_1=0.055945; ', 'bpp_1=0.301449; ', 'mse_2=0.000843; ', 'lpips_2=0.002773; ', 'codec_recon_2=0.010682; ', 'bpp_2=0.292758; ']
train step[1839/2000] ; used: 41m:51s; eta: 3m:39s; loss = 0.096786; ['mse_0=0.003738; ', 'lpips_0=0.007187; ', 'codec_recon_0=0.007482; ', 'bpp_0=5.994761; ', 'mse_1=0.003274; ', 'lpips_1=0.006160; ', 'codec_recon_1=0.050028; ', 'bpp_1=0.299009; ', 'mse_2=0.003199; ', 'lpips_2=0.005583; ', 'codec_recon_2=0.010134; ', 'bpp_2=0.288952; ']
train step[1840/2000] ; used: 41m:52s; eta: 3m:38s; loss = 0.081300; ['mse_0=0.001001; ', 'lpips_0=0.004263; ', 'codec_recon_0=0.006662; ', 'bpp_0=6.098056; ', 'mse_1=0.000730; ', 'lpips_1=0.003355; ', 'codec_recon_1=0.051260; ', 'bpp_1=0.301171; ', 'mse_2=0.000583; ', 'lpips_2=0.002722; ', 'codec_recon_2=0.010723; ', 'bpp_2=0.291254; ']
train step[1841/2000] ; used: 41m:53s; eta: 3m:36s; loss = 0.068929; ['mse_0=0.001618; ', 'lpips_0=0.004720; ', 'codec_recon_0=0.006231; ', 'bpp_0=6.060220; ', 'mse_1=0.001254; ', 'lpips_1=0.003873; ', 'codec_recon_1=0.039328; ', 'bpp_1=0.299021; ', 'mse_2=0.001090; ', 'lpips_2=0.003319; ', 'codec_recon_2=0.007495; ', 'bpp_2=0.291192; ']
train step[1842/2000] ; used: 41m:54s; eta: 3m:35s; loss = 0.079354; ['mse_0=0.000919; ', 'lpips_0=0.004704; ', 'codec_recon_0=0.006651; ', 'bpp_0=6.029762; ', 'mse_1=0.000771; ', 'lpips_1=0.003972; ', 'codec_recon_1=0.046807; ', 'bpp_1=0.299964; ', 'mse_2=0.000656; ', 'lpips_2=0.003471; ', 'codec_recon_2=0.011403; ', 'bpp_2=0.290292; ']
train step[1843/2000] ; used: 41m:55s; eta: 3m:34s; loss = 0.076328; ['mse_0=0.001260; ', 'lpips_0=0.004660; ', 'codec_recon_0=0.006524; ', 'bpp_0=6.070860; ', 'mse_1=0.000985; ', 'lpips_1=0.003951; ', 'codec_recon_1=0.044778; ', 'bpp_1=0.300170; ', 'mse_2=0.000968; ', 'lpips_2=0.003612; ', 'codec_recon_2=0.009590; ', 'bpp_2=0.291259; ']
train step[1844/2000] ; used: 41m:56s; eta: 3m:32s; loss = 0.112657; ['mse_0=0.001850; ', 'lpips_0=0.006710; ', 'codec_recon_0=0.007924; ', 'bpp_0=6.140315; ', 'mse_1=0.001714; ', 'lpips_1=0.005495; ', 'codec_recon_1=0.066285; ', 'bpp_1=0.301867; ', 'mse_2=0.001639; ', 'lpips_2=0.004588; ', 'codec_recon_2=0.016452; ', 'bpp_2=0.292805; ']
train step[1845/2000] ; used: 41m:57s; eta: 3m:31s; loss = 0.067606; ['mse_0=0.000982; ', 'lpips_0=0.004691; ', 'codec_recon_0=0.006275; ', 'bpp_0=6.031444; ', 'mse_1=0.000840; ', 'lpips_1=0.003960; ', 'codec_recon_1=0.038077; ', 'bpp_1=0.300255; ', 'mse_2=0.000736; ', 'lpips_2=0.003399; ', 'codec_recon_2=0.008646; ', 'bpp_2=0.289930; ']
train step[1846/2000] ; used: 41m:58s; eta: 3m:29s; loss = 0.069973; ['mse_0=0.000606; ', 'lpips_0=0.004184; ', 'codec_recon_0=0.006801; ', 'bpp_0=6.068023; ', 'mse_1=0.000457; ', 'lpips_1=0.003486; ', 'codec_recon_1=0.041284; ', 'bpp_1=0.300346; ', 'mse_2=0.000318; ', 'lpips_2=0.002691; ', 'codec_recon_2=0.010145; ', 'bpp_2=0.288877; ']
train step[1847/2000] ; used: 41m:59s; eta: 3m:28s; loss = 0.104867; ['mse_0=0.001495; ', 'lpips_0=0.005736; ', 'codec_recon_0=0.007163; ', 'bpp_0=6.136945; ', 'mse_1=0.001222; ', 'lpips_1=0.004661; ', 'codec_recon_1=0.063808; ', 'bpp_1=0.301108; ', 'mse_2=0.001122; ', 'lpips_2=0.003704; ', 'codec_recon_2=0.015956; ', 'bpp_2=0.291462; ']
train step[1848/2000] ; used: 42m; eta: 3m:27s; loss = 0.071257; ['mse_0=0.000767; ', 'lpips_0=0.004279; ', 'codec_recon_0=0.006307; ', 'bpp_0=6.086003; ', 'mse_1=0.000601; ', 'lpips_1=0.003537; ', 'codec_recon_1=0.042929; ', 'bpp_1=0.300471; ', 'mse_2=0.000540; ', 'lpips_2=0.003044; ', 'codec_recon_2=0.009254; ', 'bpp_2=0.291880; ']
train step[1849/2000] ; used: 42m:1s; eta: 3m:25s; loss = 0.133608; ['mse_0=0.008399; ', 'lpips_0=0.012204; ', 'codec_recon_0=0.008165; ', 'bpp_0=6.043541; ', 'mse_1=0.008009; ', 'lpips_1=0.011174; ', 'codec_recon_1=0.053993; ', 'bpp_1=0.299916; ', 'mse_2=0.007982; ', 'lpips_2=0.010726; ', 'codec_recon_2=0.012955; ', 'bpp_2=0.290703; ']
train step[1850/2000] ; used: 42m:2s; eta: 3m:24s; loss = 0.085839; ['mse_0=0.002079; ', 'lpips_0=0.006770; ', 'codec_recon_0=0.007663; ', 'bpp_0=6.038484; ', 'mse_1=0.001884; ', 'lpips_1=0.005998; ', 'codec_recon_1=0.044679; ', 'bpp_1=0.300261; ', 'mse_2=0.001631; ', 'lpips_2=0.005339; ', 'codec_recon_2=0.009797; ', 'bpp_2=0.290561; ']
train step[1851/2000] ; used: 42m:3s; eta: 3m:23s; loss = 0.068107; ['mse_0=0.000582; ', 'lpips_0=0.004071; ', 'codec_recon_0=0.007206; ', 'bpp_0=6.048527; ', 'mse_1=0.000438; ', 'lpips_1=0.003210; ', 'codec_recon_1=0.040549; ', 'bpp_1=0.299499; ', 'mse_2=0.000361; ', 'lpips_2=0.002837; ', 'codec_recon_2=0.008853; ', 'bpp_2=0.289337; ']
train step[1852/2000] ; used: 42m:4s; eta: 3m:21s; loss = 0.084968; ['mse_0=0.002049; ', 'lpips_0=0.005149; ', 'codec_recon_0=0.007174; ', 'bpp_0=6.091989; ', 'mse_1=0.001779; ', 'lpips_1=0.004312; ', 'codec_recon_1=0.048220; ', 'bpp_1=0.301041; ', 'mse_2=0.001482; ', 'lpips_2=0.003513; ', 'codec_recon_2=0.011290; ', 'bpp_2=0.291210; ']
train step[1853/2000] ; used: 42m:5s; eta: 3m:20s; loss = 0.072300; ['mse_0=0.002526; ', 'lpips_0=0.005848; ', 'codec_recon_0=0.006893; ', 'bpp_0=5.955323; ', 'mse_1=0.002306; ', 'lpips_1=0.005147; ', 'codec_recon_1=0.034925; ', 'bpp_1=0.298990; ', 'mse_2=0.002241; ', 'lpips_2=0.004784; ', 'codec_recon_2=0.007630; ', 'bpp_2=0.288582; ']
train step[1854/2000] ; used: 42m:6s; eta: 3m:18s; loss = 0.091925; ['mse_0=0.002452; ', 'lpips_0=0.005683; ', 'codec_recon_0=0.007691; ', 'bpp_0=6.030236; ', 'mse_1=0.002189; ', 'lpips_1=0.004899; ', 'codec_recon_1=0.050467; ', 'bpp_1=0.300529; ', 'mse_2=0.002094; ', 'lpips_2=0.004510; ', 'codec_recon_2=0.011940; ', 'bpp_2=0.290487; ']
train step[1855/2000] ; used: 42m:7s; eta: 3m:17s; loss = 0.083507; ['mse_0=0.001208; ', 'lpips_0=0.004905; ', 'codec_recon_0=0.007778; ', 'bpp_0=6.057560; ', 'mse_1=0.000869; ', 'lpips_1=0.003999; ', 'codec_recon_1=0.049896; ', 'bpp_1=0.300612; ', 'mse_2=0.000695; ', 'lpips_2=0.003341; ', 'codec_recon_2=0.010815; ', 'bpp_2=0.290290; ']
train step[1856/2000] ; used: 42m:8s; eta: 3m:16s; loss = 0.077083; ['mse_0=0.000906; ', 'lpips_0=0.005674; ', 'codec_recon_0=0.007677; ', 'bpp_0=6.053353; ', 'mse_1=0.000756; ', 'lpips_1=0.004783; ', 'codec_recon_1=0.042829; ', 'bpp_1=0.300097; ', 'mse_2=0.000659; ', 'lpips_2=0.004206; ', 'codec_recon_2=0.009593; ', 'bpp_2=0.290390; ']
train step[1857/2000] ; used: 42m:9s; eta: 3m:14s; loss = 0.144155; ['mse_0=0.003639; ', 'lpips_0=0.009018; ', 'codec_recon_0=0.009014; ', 'bpp_0=6.087675; ', 'mse_1=0.003238; ', 'lpips_1=0.007915; ', 'codec_recon_1=0.081528; ', 'bpp_1=0.301137; ', 'mse_2=0.003091; ', 'lpips_2=0.006931; ', 'codec_recon_2=0.019781; ', 'bpp_2=0.291579; ']
train step[1858/2000] ; used: 42m:10s; eta: 3m:13s; loss = 0.115019; ['mse_0=0.005127; ', 'lpips_0=0.007824; ', 'codec_recon_0=0.007790; ', 'bpp_0=6.106256; ', 'mse_1=0.004748; ', 'lpips_1=0.006937; ', 'codec_recon_1=0.058502; ', 'bpp_1=0.301901; ', 'mse_2=0.004607; ', 'lpips_2=0.006276; ', 'codec_recon_2=0.013208; ', 'bpp_2=0.292155; ']
train step[1859/2000] ; used: 42m:11s; eta: 3m:11s; loss = 0.105520; ['mse_0=0.001562; ', 'lpips_0=0.005233; ', 'codec_recon_0=0.007982; ', 'bpp_0=6.156462; ', 'mse_1=0.001214; ', 'lpips_1=0.004043; ', 'codec_recon_1=0.068284; ', 'bpp_1=0.303056; ', 'mse_2=0.000841; ', 'lpips_2=0.003017; ', 'codec_recon_2=0.013344; ', 'bpp_2=0.293167; ']
train step[1860/2000] ; used: 42m:12s; eta: 3m:10s; loss = 0.081303; ['mse_0=0.000754; ', 'lpips_0=0.005269; ', 'codec_recon_0=0.007188; ', 'bpp_0=6.080984; ', 'mse_1=0.000620; ', 'lpips_1=0.004486; ', 'codec_recon_1=0.045765; ', 'bpp_1=0.299410; ', 'mse_2=0.000544; ', 'lpips_2=0.004031; ', 'codec_recon_2=0.012648; ', 'bpp_2=0.290369; ']
train step[1861/2000] ; used: 42m:13s; eta: 3m:9s; loss = 0.095588; ['mse_0=0.001999; ', 'lpips_0=0.006035; ', 'codec_recon_0=0.008271; ', 'bpp_0=6.105561; ', 'mse_1=0.001582; ', 'lpips_1=0.004741; ', 'codec_recon_1=0.055223; ', 'bpp_1=0.300992; ', 'mse_2=0.001432; ', 'lpips_2=0.004001; ', 'codec_recon_2=0.012305; ', 'bpp_2=0.291984; ']
train step[1862/2000] ; used: 42m:14s; eta: 3m:7s; loss = 0.075354; ['mse_0=0.000954; ', 'lpips_0=0.005264; ', 'codec_recon_0=0.006682; ', 'bpp_0=6.056081; ', 'mse_1=0.000786; ', 'lpips_1=0.004531; ', 'codec_recon_1=0.042204; ', 'bpp_1=0.300246; ', 'mse_2=0.000690; ', 'lpips_2=0.003895; ', 'codec_recon_2=0.010347; ', 'bpp_2=0.291139; ']
train step[1863/2000] ; used: 42m:16s; eta: 3m:6s; loss = 0.067535; ['mse_0=0.001095; ', 'lpips_0=0.004236; ', 'codec_recon_0=0.006365; ', 'bpp_0=6.029926; ', 'mse_1=0.000859; ', 'lpips_1=0.003450; ', 'codec_recon_1=0.038959; ', 'bpp_1=0.299599; ', 'mse_2=0.000720; ', 'lpips_2=0.002916; ', 'codec_recon_2=0.008934; ', 'bpp_2=0.288469; ']
train step[1864/2000] ; used: 42m:17s; eta: 3m:5s; loss = 0.074663; ['mse_0=0.001971; ', 'lpips_0=0.005707; ', 'codec_recon_0=0.007227; ', 'bpp_0=6.021924; ', 'mse_1=0.001664; ', 'lpips_1=0.004931; ', 'codec_recon_1=0.038861; ', 'bpp_1=0.299826; ', 'mse_2=0.001522; ', 'lpips_2=0.004514; ', 'codec_recon_2=0.008267; ', 'bpp_2=0.290309; ']
train step[1865/2000] ; used: 42m:18s; eta: 3m:3s; loss = 0.094145; ['mse_0=0.003394; ', 'lpips_0=0.006689; ', 'codec_recon_0=0.007517; ', 'bpp_0=6.059057; ', 'mse_1=0.002986; ', 'lpips_1=0.006035; ', 'codec_recon_1=0.048989; ', 'bpp_1=0.301212; ', 'mse_2=0.002802; ', 'lpips_2=0.005526; ', 'codec_recon_2=0.010206; ', 'bpp_2=0.292070; ']
train step[1866/2000] ; used: 42m:19s; eta: 3m:2s; loss = 0.114381; ['mse_0=0.003635; ', 'lpips_0=0.007535; ', 'codec_recon_0=0.008875; ', 'bpp_0=6.067048; ', 'mse_1=0.003088; ', 'lpips_1=0.006544; ', 'codec_recon_1=0.062011; ', 'bpp_1=0.300607; ', 'mse_2=0.002661; ', 'lpips_2=0.005491; ', 'codec_recon_2=0.014541; ', 'bpp_2=0.290539; ']
train step[1867/2000] ; used: 42m:20s; eta: 3m; loss = 0.075329; ['mse_0=0.001423; ', 'lpips_0=0.005490; ', 'codec_recon_0=0.006692; ', 'bpp_0=6.010841; ', 'mse_1=0.001175; ', 'lpips_1=0.004246; ', 'codec_recon_1=0.041222; ', 'bpp_1=0.298910; ', 'mse_2=0.001062; ', 'lpips_2=0.003603; ', 'codec_recon_2=0.010415; ', 'bpp_2=0.288356; ']
train step[1868/2000] ; used: 42m:21s; eta: 2m:59s; loss = 0.085042; ['mse_0=0.001737; ', 'lpips_0=0.007341; ', 'codec_recon_0=0.007000; ', 'bpp_0=6.014110; ', 'mse_1=0.001549; ', 'lpips_1=0.006515; ', 'codec_recon_1=0.043648; ', 'bpp_1=0.299581; ', 'mse_2=0.001462; ', 'lpips_2=0.006022; ', 'codec_recon_2=0.009768; ', 'bpp_2=0.290118; ']
train step[1869/2000] ; used: 42m:22s; eta: 2m:58s; loss = 0.084965; ['mse_0=0.002752; ', 'lpips_0=0.005711; ', 'codec_recon_0=0.006919; ', 'bpp_0=6.059153; ', 'mse_1=0.002300; ', 'lpips_1=0.004809; ', 'codec_recon_1=0.046606; ', 'bpp_1=0.301274; ', 'mse_2=0.002028; ', 'lpips_2=0.004098; ', 'codec_recon_2=0.009742; ', 'bpp_2=0.290487; ']
train step[1870/2000] ; used: 42m:23s; eta: 2m:56s; loss = 0.089605; ['mse_0=0.001135; ', 'lpips_0=0.006944; ', 'codec_recon_0=0.007689; ', 'bpp_0=5.989507; ', 'mse_1=0.000870; ', 'lpips_1=0.005969; ', 'codec_recon_1=0.047515; ', 'bpp_1=0.298079; ', 'mse_2=0.000883; ', 'lpips_2=0.005505; ', 'codec_recon_2=0.013095; ', 'bpp_2=0.287354; ']
train step[1871/2000] ; used: 42m:24s; eta: 2m:55s; loss = 0.082073; ['mse_0=0.002737; ', 'lpips_0=0.005394; ', 'codec_recon_0=0.006986; ', 'bpp_0=6.051037; ', 'mse_1=0.002348; ', 'lpips_1=0.004572; ', 'codec_recon_1=0.044555; ', 'bpp_1=0.300026; ', 'mse_2=0.001970; ', 'lpips_2=0.003933; ', 'codec_recon_2=0.009577; ', 'bpp_2=0.288679; ']
train step[1872/2000] ; used: 42m:25s; eta: 2m:53s; loss = 0.127389; ['mse_0=0.010135; ', 'lpips_0=0.009637; ', 'codec_recon_0=0.007743; ', 'bpp_0=6.107252; ', 'mse_1=0.009315; ', 'lpips_1=0.008188; ', 'codec_recon_1=0.053254; ', 'bpp_1=0.301608; ', 'mse_2=0.009067; ', 'lpips_2=0.007017; ', 'codec_recon_2=0.013033; ', 'bpp_2=0.291299; ']
train step[1873/2000] ; used: 42m:26s; eta: 2m:52s; loss = 0.129117; ['mse_0=0.002252; ', 'lpips_0=0.008739; ', 'codec_recon_0=0.009514; ', 'bpp_0=6.140648; ', 'mse_1=0.001855; ', 'lpips_1=0.007457; ', 'codec_recon_1=0.073541; ', 'bpp_1=0.302300; ', 'mse_2=0.001426; ', 'lpips_2=0.005583; ', 'codec_recon_2=0.018749; ', 'bpp_2=0.291396; ']
train step[1874/2000] ; used: 42m:27s; eta: 2m:51s; loss = 0.085149; ['mse_0=0.003233; ', 'lpips_0=0.006342; ', 'codec_recon_0=0.008079; ', 'bpp_0=6.030818; ', 'mse_1=0.003149; ', 'lpips_1=0.005425; ', 'codec_recon_1=0.042880; ', 'bpp_1=0.300143; ', 'mse_2=0.003061; ', 'lpips_2=0.004830; ', 'codec_recon_2=0.008149; ', 'bpp_2=0.289412; ']
train step[1875/2000] ; used: 42m:28s; eta: 2m:49s; loss = 0.067438; ['mse_0=0.000906; ', 'lpips_0=0.006407; ', 'codec_recon_0=0.007864; ', 'bpp_0=5.980964; ', 'mse_1=0.000773; ', 'lpips_1=0.005305; ', 'codec_recon_1=0.032939; ', 'bpp_1=0.298743; ', 'mse_2=0.000703; ', 'lpips_2=0.004982; ', 'codec_recon_2=0.007559; ', 'bpp_2=0.285326; ']
train step[1876/2000] ; used: 42m:29s; eta: 2m:48s; loss = 0.083950; ['mse_0=0.002796; ', 'lpips_0=0.006194; ', 'codec_recon_0=0.007275; ', 'bpp_0=6.010486; ', 'mse_1=0.002422; ', 'lpips_1=0.005345; ', 'codec_recon_1=0.042394; ', 'bpp_1=0.300118; ', 'mse_2=0.002262; ', 'lpips_2=0.004485; ', 'codec_recon_2=0.010776; ', 'bpp_2=0.287106; ']
train step[1877/2000] ; used: 42m:30s; eta: 2m:47s; loss = 0.068919; ['mse_0=0.001741; ', 'lpips_0=0.005871; ', 'codec_recon_0=0.006951; ', 'bpp_0=5.996531; ', 'mse_1=0.001433; ', 'lpips_1=0.005007; ', 'codec_recon_1=0.034684; ', 'bpp_1=0.299609; ', 'mse_2=0.001188; ', 'lpips_2=0.004416; ', 'codec_recon_2=0.007628; ', 'bpp_2=0.287448; ']
train step[1878/2000] ; used: 42m:32s; eta: 2m:45s; loss = 0.079585; ['mse_0=0.002011; ', 'lpips_0=0.005444; ', 'codec_recon_0=0.007784; ', 'bpp_0=6.022745; ', 'mse_1=0.001717; ', 'lpips_1=0.004428; ', 'codec_recon_1=0.043661; ', 'bpp_1=0.300691; ', 'mse_2=0.001585; ', 'lpips_2=0.004005; ', 'codec_recon_2=0.008951; ', 'bpp_2=0.289852; ']
train step[1879/2000] ; used: 42m:33s; eta: 2m:44s; loss = 0.092045; ['mse_0=0.006616; ', 'lpips_0=0.007510; ', 'codec_recon_0=0.007167; ', 'bpp_0=5.950390; ', 'mse_1=0.006304; ', 'lpips_1=0.006549; ', 'codec_recon_1=0.037455; ', 'bpp_1=0.298885; ', 'mse_2=0.006267; ', 'lpips_2=0.006007; ', 'codec_recon_2=0.008172; ', 'bpp_2=0.286916; ']
train step[1880/2000] ; used: 42m:34s; eta: 2m:42s; loss = 0.098878; ['mse_0=0.002140; ', 'lpips_0=0.006452; ', 'codec_recon_0=0.008167; ', 'bpp_0=6.137904; ', 'mse_1=0.001434; ', 'lpips_1=0.005091; ', 'codec_recon_1=0.057902; ', 'bpp_1=0.302298; ', 'mse_2=0.001010; ', 'lpips_2=0.003775; ', 'codec_recon_2=0.012907; ', 'bpp_2=0.291397; ']
train step[1881/2000] ; used: 42m:35s; eta: 2m:41s; loss = 0.071685; ['mse_0=0.000587; ', 'lpips_0=0.004452; ', 'codec_recon_0=0.007891; ', 'bpp_0=6.053782; ', 'mse_1=0.000404; ', 'lpips_1=0.003573; ', 'codec_recon_1=0.041796; ', 'bpp_1=0.299188; ', 'mse_2=0.000305; ', 'lpips_2=0.003010; ', 'codec_recon_2=0.009666; ', 'bpp_2=0.289096; ']
train step[1882/2000] ; used: 42m:36s; eta: 2m:40s; loss = 0.081836; ['mse_0=0.002650; ', 'lpips_0=0.005017; ', 'codec_recon_0=0.008174; ', 'bpp_0=6.068213; ', 'mse_1=0.002411; ', 'lpips_1=0.004089; ', 'codec_recon_1=0.043748; ', 'bpp_1=0.300109; ', 'mse_2=0.002389; ', 'lpips_2=0.003607; ', 'codec_recon_2=0.009751; ', 'bpp_2=0.290934; ']
train step[1883/2000] ; used: 42m:37s; eta: 2m:38s; loss = 0.074980; ['mse_0=0.001378; ', 'lpips_0=0.005706; ', 'codec_recon_0=0.007539; ', 'bpp_0=5.996724; ', 'mse_1=0.001228; ', 'lpips_1=0.004903; ', 'codec_recon_1=0.040266; ', 'bpp_1=0.298453; ', 'mse_2=0.001189; ', 'lpips_2=0.004476; ', 'codec_recon_2=0.008295; ', 'bpp_2=0.287934; ']
train step[1884/2000] ; used: 42m:38s; eta: 2m:37s; loss = 0.137481; ['mse_0=0.002261; ', 'lpips_0=0.007571; ', 'codec_recon_0=0.009535; ', 'bpp_0=6.184536; ', 'mse_1=0.001775; ', 'lpips_1=0.005708; ', 'codec_recon_1=0.085938; ', 'bpp_1=0.302943; ', 'mse_2=0.001381; ', 'lpips_2=0.004024; ', 'codec_recon_2=0.019289; ', 'bpp_2=0.294132; ']
train step[1885/2000] ; used: 42m:39s; eta: 2m:36s; loss = 0.114761; ['mse_0=0.001223; ', 'lpips_0=0.006163; ', 'codec_recon_0=0.009431; ', 'bpp_0=6.140203; ', 'mse_1=0.001024; ', 'lpips_1=0.004834; ', 'codec_recon_1=0.071195; ', 'bpp_1=0.302641; ', 'mse_2=0.000797; ', 'lpips_2=0.003674; ', 'codec_recon_2=0.016418; ', 'bpp_2=0.293052; ']
train step[1886/2000] ; used: 42m:40s; eta: 2m:34s; loss = 0.113712; ['mse_0=0.002192; ', 'lpips_0=0.005985; ', 'codec_recon_0=0.008995; ', 'bpp_0=6.147737; ', 'mse_1=0.001674; ', 'lpips_1=0.004886; ', 'codec_recon_1=0.069498; ', 'bpp_1=0.302137; ', 'mse_2=0.001178; ', 'lpips_2=0.003632; ', 'codec_recon_2=0.015673; ', 'bpp_2=0.292168; ']
train step[1887/2000] ; used: 42m:41s; eta: 2m:33s; loss = 0.067240; ['mse_0=0.000467; ', 'lpips_0=0.005135; ', 'codec_recon_0=0.007080; ', 'bpp_0=6.032521; ', 'mse_1=0.000307; ', 'lpips_1=0.004165; ', 'codec_recon_1=0.037403; ', 'bpp_1=0.298020; ', 'mse_2=0.000290; ', 'lpips_2=0.003754; ', 'codec_recon_2=0.008639; ', 'bpp_2=0.288159; ']
train step[1888/2000] ; used: 42m:42s; eta: 2m:31s; loss = 0.098976; ['mse_0=0.002198; ', 'lpips_0=0.007011; ', 'codec_recon_0=0.008714; ', 'bpp_0=6.079412; ', 'mse_1=0.001980; ', 'lpips_1=0.005999; ', 'codec_recon_1=0.053582; ', 'bpp_1=0.301179; ', 'mse_2=0.001931; ', 'lpips_2=0.005360; ', 'codec_recon_2=0.012202; ', 'bpp_2=0.291159; ']
train step[1889/2000] ; used: 42m:43s; eta: 2m:30s; loss = 0.072936; ['mse_0=0.001208; ', 'lpips_0=0.004721; ', 'codec_recon_0=0.007006; ', 'bpp_0=6.050360; ', 'mse_1=0.000935; ', 'lpips_1=0.003651; ', 'codec_recon_1=0.042183; ', 'bpp_1=0.300326; ', 'mse_2=0.000703; ', 'lpips_2=0.002890; ', 'codec_recon_2=0.009639; ', 'bpp_2=0.289129; ']
train step[1890/2000] ; used: 42m:44s; eta: 2m:29s; loss = 0.072306; ['mse_0=0.000634; ', 'lpips_0=0.005260; ', 'codec_recon_0=0.008322; ', 'bpp_0=6.038766; ', 'mse_1=0.000520; ', 'lpips_1=0.004509; ', 'codec_recon_1=0.039826; ', 'bpp_1=0.299332; ', 'mse_2=0.000446; ', 'lpips_2=0.004259; ', 'codec_recon_2=0.008530; ', 'bpp_2=0.290278; ']
train step[1891/2000] ; used: 42m:45s; eta: 2m:27s; loss = 0.076529; ['mse_0=0.000709; ', 'lpips_0=0.004814; ', 'codec_recon_0=0.007468; ', 'bpp_0=6.012661; ', 'mse_1=0.000621; ', 'lpips_1=0.003864; ', 'codec_recon_1=0.045440; ', 'bpp_1=0.298678; ', 'mse_2=0.000529; ', 'lpips_2=0.003266; ', 'codec_recon_2=0.009818; ', 'bpp_2=0.289488; ']
train step[1892/2000] ; used: 42m:46s; eta: 2m:26s; loss = 0.080430; ['mse_0=0.002176; ', 'lpips_0=0.007639; ', 'codec_recon_0=0.009505; ', 'bpp_0=5.971355; ', 'mse_1=0.001995; ', 'lpips_1=0.006917; ', 'codec_recon_1=0.036125; ', 'bpp_1=0.297398; ', 'mse_2=0.001939; ', 'lpips_2=0.006445; ', 'codec_recon_2=0.007689; ', 'bpp_2=0.287234; ']
train step[1893/2000] ; used: 42m:47s; eta: 2m:25s; loss = 0.072884; ['mse_0=0.001708; ', 'lpips_0=0.005216; ', 'codec_recon_0=0.008752; ', 'bpp_0=6.004466; ', 'mse_1=0.001496; ', 'lpips_1=0.004556; ', 'codec_recon_1=0.037816; ', 'bpp_1=0.300593; ', 'mse_2=0.001355; ', 'lpips_2=0.004060; ', 'codec_recon_2=0.007926; ', 'bpp_2=0.289573; ']
train step[1894/2000] ; used: 42m:48s; eta: 2m:23s; loss = 0.082124; ['mse_0=0.003569; ', 'lpips_0=0.006388; ', 'codec_recon_0=0.007718; ', 'bpp_0=5.924031; ', 'mse_1=0.003324; ', 'lpips_1=0.005936; ', 'codec_recon_1=0.038464; ', 'bpp_1=0.297595; ', 'mse_2=0.003188; ', 'lpips_2=0.005463; ', 'codec_recon_2=0.008075; ', 'bpp_2=0.286418; ']
train step[1895/2000] ; used: 42m:49s; eta: 2m:22s; loss = 0.098462; ['mse_0=0.005711; ', 'lpips_0=0.007164; ', 'codec_recon_0=0.009485; ', 'bpp_0=6.019617; ', 'mse_1=0.005151; ', 'lpips_1=0.006268; ', 'codec_recon_1=0.043780; ', 'bpp_1=0.299617; ', 'mse_2=0.004934; ', 'lpips_2=0.005447; ', 'codec_recon_2=0.010522; ', 'bpp_2=0.287604; ']
train step[1896/2000] ; used: 42m:50s; eta: 2m:20s; loss = 0.077160; ['mse_0=0.001747; ', 'lpips_0=0.005117; ', 'codec_recon_0=0.007160; ', 'bpp_0=6.047955; ', 'mse_1=0.001423; ', 'lpips_1=0.004268; ', 'codec_recon_1=0.043373; ', 'bpp_1=0.300537; ', 'mse_2=0.001274; ', 'lpips_2=0.003535; ', 'codec_recon_2=0.009263; ', 'bpp_2=0.289744; ']
train step[1897/2000] ; used: 42m:51s; eta: 2m:19s; loss = 0.093311; ['mse_0=0.001849; ', 'lpips_0=0.005734; ', 'codec_recon_0=0.009005; ', 'bpp_0=6.055291; ', 'mse_1=0.001489; ', 'lpips_1=0.004732; ', 'codec_recon_1=0.052582; ', 'bpp_1=0.300969; ', 'mse_2=0.001426; ', 'lpips_2=0.004167; ', 'codec_recon_2=0.012327; ', 'bpp_2=0.290710; ']
train step[1898/2000] ; used: 42m:52s; eta: 2m:18s; loss = 0.086926; ['mse_0=0.002603; ', 'lpips_0=0.005362; ', 'codec_recon_0=0.007513; ', 'bpp_0=6.063815; ', 'mse_1=0.002210; ', 'lpips_1=0.004527; ', 'codec_recon_1=0.048841; ', 'bpp_1=0.300827; ', 'mse_2=0.001929; ', 'lpips_2=0.003586; ', 'codec_recon_2=0.010353; ', 'bpp_2=0.290042; ']
train step[1899/2000] ; used: 42m:53s; eta: 2m:16s; loss = 0.119351; ['mse_0=0.008768; ', 'lpips_0=0.009109; ', 'codec_recon_0=0.009416; ', 'bpp_0=6.067081; ', 'mse_1=0.007641; ', 'lpips_1=0.008149; ', 'codec_recon_1=0.050372; ', 'bpp_1=0.301299; ', 'mse_2=0.007438; ', 'lpips_2=0.007438; ', 'codec_recon_2=0.011020; ', 'bpp_2=0.291297; ']
train step[1900/2000] ; used: 42m:54s; eta: 2m:15s; loss = 0.115212; ['mse_0=0.004121; ', 'lpips_0=0.006971; ', 'codec_recon_0=0.009949; ', 'bpp_0=6.115003; ', 'mse_1=0.003521; ', 'lpips_1=0.005872; ', 'codec_recon_1=0.062426; ', 'bpp_1=0.302390; ', 'mse_2=0.002991; ', 'lpips_2=0.004476; ', 'codec_recon_2=0.014885; ', 'bpp_2=0.292660; ']
train step[1901/2000] ; used: 42m:55s; eta: 2m:14s; loss = 0.083020; ['mse_0=0.002178; ', 'lpips_0=0.006363; ', 'codec_recon_0=0.007670; ', 'bpp_0=6.022645; ', 'mse_1=0.001905; ', 'lpips_1=0.005457; ', 'codec_recon_1=0.043374; ', 'bpp_1=0.299862; ', 'mse_2=0.001777; ', 'lpips_2=0.004785; ', 'codec_recon_2=0.009510; ', 'bpp_2=0.289356; ']
train step[1902/2000] ; used: 42m:56s; eta: 2m:12s; loss = 0.076525; ['mse_0=0.001344; ', 'lpips_0=0.005259; ', 'codec_recon_0=0.008862; ', 'bpp_0=6.047562; ', 'mse_1=0.000958; ', 'lpips_1=0.004087; ', 'codec_recon_1=0.042704; ', 'bpp_1=0.301016; ', 'mse_2=0.000712; ', 'lpips_2=0.003185; ', 'codec_recon_2=0.009414; ', 'bpp_2=0.290579; ']
train step[1903/2000] ; used: 42m:57s; eta: 2m:11s; loss = 0.077370; ['mse_0=0.001565; ', 'lpips_0=0.005406; ', 'codec_recon_0=0.006979; ', 'bpp_0=6.051075; ', 'mse_1=0.001263; ', 'lpips_1=0.004637; ', 'codec_recon_1=0.043491; ', 'bpp_1=0.299975; ', 'mse_2=0.001164; ', 'lpips_2=0.004004; ', 'codec_recon_2=0.008860; ', 'bpp_2=0.289476; ']
train step[1904/2000] ; used: 42m:58s; eta: 2m:9s; loss = 0.078451; ['mse_0=0.002273; ', 'lpips_0=0.005773; ', 'codec_recon_0=0.008371; ', 'bpp_0=6.029993; ', 'mse_1=0.001897; ', 'lpips_1=0.004799; ', 'codec_recon_1=0.041429; ', 'bpp_1=0.298554; ', 'mse_2=0.001667; ', 'lpips_2=0.004143; ', 'codec_recon_2=0.008100; ', 'bpp_2=0.287267; ']
train step[1905/2000] ; used: 42m:59s; eta: 2m:8s; loss = 0.075669; ['mse_0=0.001793; ', 'lpips_0=0.005473; ', 'codec_recon_0=0.007851; ', 'bpp_0=5.969858; ', 'mse_1=0.001531; ', 'lpips_1=0.004948; ', 'codec_recon_1=0.039409; ', 'bpp_1=0.299299; ', 'mse_2=0.001388; ', 'lpips_2=0.004112; ', 'codec_recon_2=0.009165; ', 'bpp_2=0.288223; ']
train step[1906/2000] ; used: 43m; eta: 2m:7s; loss = 0.070301; ['mse_0=0.001130; ', 'lpips_0=0.005528; ', 'codec_recon_0=0.007423; ', 'bpp_0=5.989952; ', 'mse_1=0.000982; ', 'lpips_1=0.004749; ', 'codec_recon_1=0.037269; ', 'bpp_1=0.298786; ', 'mse_2=0.000949; ', 'lpips_2=0.004389; ', 'codec_recon_2=0.007882; ', 'bpp_2=0.288689; ']
train step[1907/2000] ; used: 43m:1s; eta: 2m:5s; loss = 0.078128; ['mse_0=0.002059; ', 'lpips_0=0.005165; ', 'codec_recon_0=0.007479; ', 'bpp_0=6.045845; ', 'mse_1=0.001855; ', 'lpips_1=0.004515; ', 'codec_recon_1=0.041354; ', 'bpp_1=0.300849; ', 'mse_2=0.001665; ', 'lpips_2=0.004118; ', 'codec_recon_2=0.009917; ', 'bpp_2=0.290670; ']
train step[1908/2000] ; used: 43m:2s; eta: 2m:4s; loss = 0.089706; ['mse_0=0.002479; ', 'lpips_0=0.005014; ', 'codec_recon_0=0.007284; ', 'bpp_0=6.100425; ', 'mse_1=0.002247; ', 'lpips_1=0.004179; ', 'codec_recon_1=0.052128; ', 'bpp_1=0.301903; ', 'mse_2=0.002024; ', 'lpips_2=0.003584; ', 'codec_recon_2=0.010768; ', 'bpp_2=0.290780; ']
train step[1909/2000] ; used: 43m:3s; eta: 2m:3s; loss = 0.081894; ['mse_0=0.000693; ', 'lpips_0=0.004913; ', 'codec_recon_0=0.007111; ', 'bpp_0=6.068038; ', 'mse_1=0.000494; ', 'lpips_1=0.003801; ', 'codec_recon_1=0.048737; ', 'bpp_1=0.299155; ', 'mse_2=0.000347; ', 'lpips_2=0.002778; ', 'codec_recon_2=0.013021; ', 'bpp_2=0.287334; ']
train step[1910/2000] ; used: 43m:4s; eta: 2m:1s; loss = 0.128661; ['mse_0=0.002864; ', 'lpips_0=0.008149; ', 'codec_recon_0=0.008203; ', 'bpp_0=6.146030; ', 'mse_1=0.002490; ', 'lpips_1=0.006957; ', 'codec_recon_1=0.074304; ', 'bpp_1=0.302007; ', 'mse_2=0.002314; ', 'lpips_2=0.006044; ', 'codec_recon_2=0.017336; ', 'bpp_2=0.291981; ']
train step[1911/2000] ; used: 43m:5s; eta: 2m; loss = 0.077183; ['mse_0=0.000962; ', 'lpips_0=0.004924; ', 'codec_recon_0=0.007215; ', 'bpp_0=6.058388; ', 'mse_1=0.000764; ', 'lpips_1=0.004071; ', 'codec_recon_1=0.045919; ', 'bpp_1=0.298555; ', 'mse_2=0.000701; ', 'lpips_2=0.003407; ', 'codec_recon_2=0.009219; ', 'bpp_2=0.288582; ']
train step[1912/2000] ; used: 43m:6s; eta: 1m:58s; loss = 0.125078; ['mse_0=0.003159; ', 'lpips_0=0.006459; ', 'codec_recon_0=0.008114; ', 'bpp_0=6.172688; ', 'mse_1=0.002642; ', 'lpips_1=0.005385; ', 'codec_recon_1=0.076208; ', 'bpp_1=0.301979; ', 'mse_2=0.002219; ', 'lpips_2=0.003821; ', 'codec_recon_2=0.017072; ', 'bpp_2=0.293644; ']
train step[1913/2000] ; used: 43m:7s; eta: 1m:57s; loss = 0.078947; ['mse_0=0.001169; ', 'lpips_0=0.005496; ', 'codec_recon_0=0.007687; ', 'bpp_0=6.026950; ', 'mse_1=0.000901; ', 'lpips_1=0.004347; ', 'codec_recon_1=0.045152; ', 'bpp_1=0.299990; ', 'mse_2=0.000716; ', 'lpips_2=0.003511; ', 'codec_recon_2=0.009968; ', 'bpp_2=0.289681; ']
train step[1914/2000] ; used: 43m:8s; eta: 1m:56s; loss = 0.102943; ['mse_0=0.003683; ', 'lpips_0=0.007363; ', 'codec_recon_0=0.007737; ', 'bpp_0=6.058919; ', 'mse_1=0.003071; ', 'lpips_1=0.006346; ', 'codec_recon_1=0.052668; ', 'bpp_1=0.300472; ', 'mse_2=0.002787; ', 'lpips_2=0.005672; ', 'codec_recon_2=0.013617; ', 'bpp_2=0.290529; ']
train step[1915/2000] ; used: 43m:9s; eta: 1m:54s; loss = 0.084781; ['mse_0=0.001599; ', 'lpips_0=0.006012; ', 'codec_recon_0=0.007647; ', 'bpp_0=5.969044; ', 'mse_1=0.001306; ', 'lpips_1=0.005096; ', 'codec_recon_1=0.046161; ', 'bpp_1=0.297760; ', 'mse_2=0.001216; ', 'lpips_2=0.004492; ', 'codec_recon_2=0.011252; ', 'bpp_2=0.285707; ']
train step[1916/2000] ; used: 43m:10s; eta: 1m:53s; loss = 0.137519; ['mse_0=0.003834; ', 'lpips_0=0.007223; ', 'codec_recon_0=0.008863; ', 'bpp_0=6.167999; ', 'mse_1=0.003409; ', 'lpips_1=0.006329; ', 'codec_recon_1=0.080942; ', 'bpp_1=0.302301; ', 'mse_2=0.003061; ', 'lpips_2=0.005404; ', 'codec_recon_2=0.018452; ', 'bpp_2=0.293259; ']
train step[1917/2000] ; used: 43m:11s; eta: 1m:52s; loss = 0.089391; ['mse_0=0.005276; ', 'lpips_0=0.006164; ', 'codec_recon_0=0.006324; ', 'bpp_0=6.007038; ', 'mse_1=0.005371; ', 'lpips_1=0.005421; ', 'codec_recon_1=0.041585; ', 'bpp_1=0.299177; ', 'mse_2=0.005284; ', 'lpips_2=0.005072; ', 'codec_recon_2=0.008896; ', 'bpp_2=0.288473; ']
train step[1918/2000] ; used: 43m:13s; eta: 1m:50s; loss = 0.078176; ['mse_0=0.001890; ', 'lpips_0=0.005985; ', 'codec_recon_0=0.007339; ', 'bpp_0=6.025011; ', 'mse_1=0.001599; ', 'lpips_1=0.005346; ', 'codec_recon_1=0.040901; ', 'bpp_1=0.299585; ', 'mse_2=0.001568; ', 'lpips_2=0.005036; ', 'codec_recon_2=0.008511; ', 'bpp_2=0.290856; ']
train step[1919/2000] ; used: 43m:14s; eta: 1m:49s; loss = 0.089250; ['mse_0=0.002186; ', 'lpips_0=0.006128; ', 'codec_recon_0=0.007326; ', 'bpp_0=6.040134; ', 'mse_1=0.001894; ', 'lpips_1=0.005324; ', 'codec_recon_1=0.049169; ', 'bpp_1=0.300022; ', 'mse_2=0.001760; ', 'lpips_2=0.004877; ', 'codec_recon_2=0.010585; ', 'bpp_2=0.289853; ']
train step[1920/2000] ; used: 43m:15s; eta: 1m:48s; loss = 0.108991; ['mse_0=0.002445; ', 'lpips_0=0.006024; ', 'codec_recon_0=0.008141; ', 'bpp_0=6.139292; ', 'mse_1=0.001720; ', 'lpips_1=0.004509; ', 'codec_recon_1=0.068106; ', 'bpp_1=0.301914; ', 'mse_2=0.001062; ', 'lpips_2=0.002968; ', 'codec_recon_2=0.014018; ', 'bpp_2=0.293628; ']
train step[1921/2000] ; used: 43m:16s; eta: 1m:46s; loss = 0.078299; ['mse_0=0.001669; ', 'lpips_0=0.005182; ', 'codec_recon_0=0.006632; ', 'bpp_0=6.060429; ', 'mse_1=0.001387; ', 'lpips_1=0.004347; ', 'codec_recon_1=0.044139; ', 'bpp_1=0.300457; ', 'mse_2=0.001092; ', 'lpips_2=0.003848; ', 'codec_recon_2=0.010002; ', 'bpp_2=0.291506; ']
train step[1922/2000] ; used: 43m:17s; eta: 1m:45s; loss = 0.088502; ['mse_0=0.002376; ', 'lpips_0=0.007127; ', 'codec_recon_0=0.007330; ', 'bpp_0=6.074999; ', 'mse_1=0.002038; ', 'lpips_1=0.006011; ', 'codec_recon_1=0.046689; ', 'bpp_1=0.301633; ', 'mse_2=0.001877; ', 'lpips_2=0.005202; ', 'codec_recon_2=0.009851; ', 'bpp_2=0.291860; ']
train step[1923/2000] ; used: 43m:18s; eta: 1m:43s; loss = 0.065209; ['mse_0=0.000899; ', 'lpips_0=0.004486; ', 'codec_recon_0=0.006593; ', 'bpp_0=6.030166; ', 'mse_1=0.000637; ', 'lpips_1=0.003523; ', 'codec_recon_1=0.037250; ', 'bpp_1=0.298489; ', 'mse_2=0.000516; ', 'lpips_2=0.002883; ', 'codec_recon_2=0.008423; ', 'bpp_2=0.286777; ']
train step[1924/2000] ; used: 43m:19s; eta: 1m:42s; loss = 0.082750; ['mse_0=0.001293; ', 'lpips_0=0.005806; ', 'codec_recon_0=0.007923; ', 'bpp_0=6.037688; ', 'mse_1=0.001098; ', 'lpips_1=0.005126; ', 'codec_recon_1=0.046927; ', 'bpp_1=0.298859; ', 'mse_2=0.000989; ', 'lpips_2=0.004459; ', 'codec_recon_2=0.009129; ', 'bpp_2=0.288829; ']
train step[1925/2000] ; used: 43m:20s; eta: 1m:41s; loss = 0.135661; ['mse_0=0.004868; ', 'lpips_0=0.008178; ', 'codec_recon_0=0.008307; ', 'bpp_0=6.190955; ', 'mse_1=0.004320; ', 'lpips_1=0.007092; ', 'codec_recon_1=0.076980; ', 'bpp_1=0.303478; ', 'mse_2=0.003906; ', 'lpips_2=0.005652; ', 'codec_recon_2=0.016357; ', 'bpp_2=0.293532; ']
train step[1926/2000] ; used: 43m:21s; eta: 1m:39s; loss = 0.109875; ['mse_0=0.007932; ', 'lpips_0=0.006482; ', 'codec_recon_0=0.007969; ', 'bpp_0=6.104774; ', 'mse_1=0.007606; ', 'lpips_1=0.005574; ', 'codec_recon_1=0.051245; ', 'bpp_1=0.302630; ', 'mse_2=0.007446; ', 'lpips_2=0.004897; ', 'codec_recon_2=0.010724; ', 'bpp_2=0.291764; ']
train step[1927/2000] ; used: 43m:22s; eta: 1m:38s; loss = 0.089634; ['mse_0=0.002087; ', 'lpips_0=0.005195; ', 'codec_recon_0=0.007790; ', 'bpp_0=6.075668; ', 'mse_1=0.001898; ', 'lpips_1=0.004275; ', 'codec_recon_1=0.050870; ', 'bpp_1=0.300404; ', 'mse_2=0.001908; ', 'lpips_2=0.003630; ', 'codec_recon_2=0.011981; ', 'bpp_2=0.290944; ']
train step[1928/2000] ; used: 43m:23s; eta: 1m:37s; loss = 0.078089; ['mse_0=0.002129; ', 'lpips_0=0.005510; ', 'codec_recon_0=0.007923; ', 'bpp_0=6.063782; ', 'mse_1=0.001860; ', 'lpips_1=0.004678; ', 'codec_recon_1=0.040870; ', 'bpp_1=0.300548; ', 'mse_2=0.001802; ', 'lpips_2=0.004213; ', 'codec_recon_2=0.009103; ', 'bpp_2=0.290811; ']
train step[1929/2000] ; used: 43m:24s; eta: 1m:35s; loss = 0.082000; ['mse_0=0.001033; ', 'lpips_0=0.004444; ', 'codec_recon_0=0.007347; ', 'bpp_0=6.091526; ', 'mse_1=0.000787; ', 'lpips_1=0.003571; ', 'codec_recon_1=0.051023; ', 'bpp_1=0.300821; ', 'mse_2=0.000590; ', 'lpips_2=0.003004; ', 'codec_recon_2=0.010200; ', 'bpp_2=0.290543; ']
train step[1930/2000] ; used: 43m:25s; eta: 1m:34s; loss = 0.073808; ['mse_0=0.000980; ', 'lpips_0=0.005315; ', 'codec_recon_0=0.007486; ', 'bpp_0=6.025070; ', 'mse_1=0.000842; ', 'lpips_1=0.004400; ', 'codec_recon_1=0.040737; ', 'bpp_1=0.298625; ', 'mse_2=0.000795; ', 'lpips_2=0.003956; ', 'codec_recon_2=0.009297; ', 'bpp_2=0.289162; ']
train step[1931/2000] ; used: 43m:26s; eta: 1m:33s; loss = 0.058991; ['mse_0=0.000494; ', 'lpips_0=0.004307; ', 'codec_recon_0=0.006095; ', 'bpp_0=5.984853; ', 'mse_1=0.000366; ', 'lpips_1=0.003441; ', 'codec_recon_1=0.034094; ', 'bpp_1=0.298098; ', 'mse_2=0.000287; ', 'lpips_2=0.003000; ', 'codec_recon_2=0.006906; ', 'bpp_2=0.285568; ']
train step[1932/2000] ; used: 43m:27s; eta: 1m:31s; loss = 0.077594; ['mse_0=0.001059; ', 'lpips_0=0.003939; ', 'codec_recon_0=0.007078; ', 'bpp_0=6.116188; ', 'mse_1=0.000847; ', 'lpips_1=0.003235; ', 'codec_recon_1=0.048663; ', 'bpp_1=0.301054; ', 'mse_2=0.000761; ', 'lpips_2=0.002622; ', 'codec_recon_2=0.009391; ', 'bpp_2=0.293617; ']
train step[1933/2000] ; used: 43m:28s; eta: 1m:30s; loss = 0.069392; ['mse_0=0.001875; ', 'lpips_0=0.005352; ', 'codec_recon_0=0.007404; ', 'bpp_0=5.984720; ', 'mse_1=0.001319; ', 'lpips_1=0.004529; ', 'codec_recon_1=0.036446; ', 'bpp_1=0.299247; ', 'mse_2=0.001139; ', 'lpips_2=0.004049; ', 'codec_recon_2=0.007279; ', 'bpp_2=0.289184; ']
train step[1934/2000] ; used: 43m:29s; eta: 1m:29s; loss = 0.097768; ['mse_0=0.002736; ', 'lpips_0=0.005533; ', 'codec_recon_0=0.009193; ', 'bpp_0=6.118270; ', 'mse_1=0.002343; ', 'lpips_1=0.004539; ', 'codec_recon_1=0.056401; ', 'bpp_1=0.302000; ', 'mse_2=0.002116; ', 'lpips_2=0.003812; ', 'codec_recon_2=0.011096; ', 'bpp_2=0.292459; ']
train step[1935/2000] ; used: 43m:30s; eta: 1m:27s; loss = 0.074753; ['mse_0=0.001750; ', 'lpips_0=0.004843; ', 'codec_recon_0=0.007559; ', 'bpp_0=6.016756; ', 'mse_1=0.001542; ', 'lpips_1=0.004076; ', 'codec_recon_1=0.040774; ', 'bpp_1=0.298476; ', 'mse_2=0.001476; ', 'lpips_2=0.003566; ', 'codec_recon_2=0.009168; ', 'bpp_2=0.287895; ']
train step[1936/2000] ; used: 43m:31s; eta: 1m:26s; loss = 0.105781; ['mse_0=0.003382; ', 'lpips_0=0.007221; ', 'codec_recon_0=0.008225; ', 'bpp_0=6.095026; ', 'mse_1=0.003056; ', 'lpips_1=0.006560; ', 'codec_recon_1=0.056350; ', 'bpp_1=0.301638; ', 'mse_2=0.002878; ', 'lpips_2=0.005861; ', 'codec_recon_2=0.012248; ', 'bpp_2=0.291994; ']
train step[1937/2000] ; used: 43m:32s; eta: 1m:24s; loss = 0.119795; ['mse_0=0.002767; ', 'lpips_0=0.006498; ', 'codec_recon_0=0.008520; ', 'bpp_0=6.160670; ', 'mse_1=0.002320; ', 'lpips_1=0.005422; ', 'codec_recon_1=0.072172; ', 'bpp_1=0.302945; ', 'mse_2=0.001863; ', 'lpips_2=0.004284; ', 'codec_recon_2=0.015950; ', 'bpp_2=0.292970; ']
train step[1938/2000] ; used: 43m:33s; eta: 1m:23s; loss = 0.075118; ['mse_0=0.001085; ', 'lpips_0=0.006706; ', 'codec_recon_0=0.007350; ', 'bpp_0=5.955849; ', 'mse_1=0.000961; ', 'lpips_1=0.006020; ', 'codec_recon_1=0.037535; ', 'bpp_1=0.297818; ', 'mse_2=0.000927; ', 'lpips_2=0.005756; ', 'codec_recon_2=0.008778; ', 'bpp_2=0.287068; ']
train step[1939/2000] ; used: 43m:34s; eta: 1m:22s; loss = 0.081456; ['mse_0=0.001547; ', 'lpips_0=0.006798; ', 'codec_recon_0=0.008011; ', 'bpp_0=6.019613; ', 'mse_1=0.001408; ', 'lpips_1=0.005911; ', 'codec_recon_1=0.040814; ', 'bpp_1=0.299830; ', 'mse_2=0.001430; ', 'lpips_2=0.005324; ', 'codec_recon_2=0.010212; ', 'bpp_2=0.286939; ']
train step[1940/2000] ; used: 43m:35s; eta: 1m:20s; loss = 0.091454; ['mse_0=0.001539; ', 'lpips_0=0.005222; ', 'codec_recon_0=0.007150; ', 'bpp_0=6.100596; ', 'mse_1=0.001233; ', 'lpips_1=0.004234; ', 'codec_recon_1=0.055512; ', 'bpp_1=0.301190; ', 'mse_2=0.000994; ', 'lpips_2=0.003421; ', 'codec_recon_2=0.012150; ', 'bpp_2=0.290807; ']
train step[1941/2000] ; used: 43m:36s; eta: 1m:19s; loss = 0.122445; ['mse_0=0.002781; ', 'lpips_0=0.007311; ', 'codec_recon_0=0.008640; ', 'bpp_0=6.126381; ', 'mse_1=0.002224; ', 'lpips_1=0.005944; ', 'codec_recon_1=0.071537; ', 'bpp_1=0.303527; ', 'mse_2=0.001687; ', 'lpips_2=0.004359; ', 'codec_recon_2=0.017962; ', 'bpp_2=0.292551; ']
train step[1942/2000] ; used: 43m:37s; eta: 1m:18s; loss = 0.104939; ['mse_0=0.002276; ', 'lpips_0=0.005867; ', 'codec_recon_0=0.007653; ', 'bpp_0=6.121603; ', 'mse_1=0.001767; ', 'lpips_1=0.004722; ', 'codec_recon_1=0.063357; ', 'bpp_1=0.301658; ', 'mse_2=0.001364; ', 'lpips_2=0.003461; ', 'codec_recon_2=0.014472; ', 'bpp_2=0.291512; ']
train step[1943/2000] ; used: 43m:38s; eta: 1m:16s; loss = 0.118496; ['mse_0=0.002367; ', 'lpips_0=0.005963; ', 'codec_recon_0=0.009297; ', 'bpp_0=6.164871; ', 'mse_1=0.001916; ', 'lpips_1=0.004407; ', 'codec_recon_1=0.075186; ', 'bpp_1=0.302890; ', 'mse_2=0.001479; ', 'lpips_2=0.002962; ', 'codec_recon_2=0.014920; ', 'bpp_2=0.293502; ']
train step[1944/2000] ; used: 43m:39s; eta: 1m:15s; loss = 0.082508; ['mse_0=0.001320; ', 'lpips_0=0.005336; ', 'codec_recon_0=0.007226; ', 'bpp_0=6.072246; ', 'mse_1=0.001285; ', 'lpips_1=0.004427; ', 'codec_recon_1=0.047312; ', 'bpp_1=0.298610; ', 'mse_2=0.001100; ', 'lpips_2=0.003805; ', 'codec_recon_2=0.010698; ', 'bpp_2=0.290195; ']
train step[1945/2000] ; used: 43m:40s; eta: 1m:14s; loss = 0.086718; ['mse_0=0.001785; ', 'lpips_0=0.005837; ', 'codec_recon_0=0.007744; ', 'bpp_0=6.059941; ', 'mse_1=0.001527; ', 'lpips_1=0.005283; ', 'codec_recon_1=0.047935; ', 'bpp_1=0.300299; ', 'mse_2=0.001356; ', 'lpips_2=0.004763; ', 'codec_recon_2=0.010486; ', 'bpp_2=0.290574; ']
train step[1946/2000] ; used: 43m:41s; eta: 1m:12s; loss = 0.088936; ['mse_0=0.002939; ', 'lpips_0=0.004706; ', 'codec_recon_0=0.007315; ', 'bpp_0=6.116444; ', 'mse_1=0.002501; ', 'lpips_1=0.003804; ', 'codec_recon_1=0.051066; ', 'bpp_1=0.301515; ', 'mse_2=0.002537; ', 'lpips_2=0.003267; ', 'codec_recon_2=0.010801; ', 'bpp_2=0.292709; ']
train step[1947/2000] ; used: 43m:42s; eta: 1m:11s; loss = 0.062026; ['mse_0=0.001152; ', 'lpips_0=0.004589; ', 'codec_recon_0=0.006326; ', 'bpp_0=5.973682; ', 'mse_1=0.000944; ', 'lpips_1=0.003791; ', 'codec_recon_1=0.034542; ', 'bpp_1=0.297149; ', 'mse_2=0.000855; ', 'lpips_2=0.003388; ', 'codec_recon_2=0.006438; ', 'bpp_2=0.286433; ']
train step[1948/2000] ; used: 43m:43s; eta: 1m:10s; loss = 0.075724; ['mse_0=0.002076; ', 'lpips_0=0.005698; ', 'codec_recon_0=0.006844; ', 'bpp_0=5.974940; ', 'mse_1=0.001870; ', 'lpips_1=0.004874; ', 'codec_recon_1=0.040329; ', 'bpp_1=0.299099; ', 'mse_2=0.001753; ', 'lpips_2=0.004433; ', 'codec_recon_2=0.007848; ', 'bpp_2=0.287225; ']
train step[1949/2000] ; used: 43m:44s; eta: 1m:8s; loss = 0.074672; ['mse_0=0.001384; ', 'lpips_0=0.005405; ', 'codec_recon_0=0.007690; ', 'bpp_0=6.001679; ', 'mse_1=0.001248; ', 'lpips_1=0.004646; ', 'codec_recon_1=0.040295; ', 'bpp_1=0.300161; ', 'mse_2=0.001192; ', 'lpips_2=0.004185; ', 'codec_recon_2=0.008627; ', 'bpp_2=0.288593; ']
train step[1950/2000] ; used: 43m:45s; eta: 1m:7s; loss = 0.072792; ['mse_0=0.000671; ', 'lpips_0=0.005150; ', 'codec_recon_0=0.007294; ', 'bpp_0=6.009470; ', 'mse_1=0.000576; ', 'lpips_1=0.004288; ', 'codec_recon_1=0.041486; ', 'bpp_1=0.299210; ', 'mse_2=0.000514; ', 'lpips_2=0.003682; ', 'codec_recon_2=0.009130; ', 'bpp_2=0.288800; ']
train step[1951/2000] ; used: 43m:47s; eta: 1m:5s; loss = 0.104193; ['mse_0=0.002420; ', 'lpips_0=0.005724; ', 'codec_recon_0=0.008688; ', 'bpp_0=6.057665; ', 'mse_1=0.001755; ', 'lpips_1=0.004533; ', 'codec_recon_1=0.062592; ', 'bpp_1=0.302062; ', 'mse_2=0.000900; ', 'lpips_2=0.002754; ', 'codec_recon_2=0.014826; ', 'bpp_2=0.289089; ']
train step[1952/2000] ; used: 43m:48s; eta: 1m:4s; loss = 0.075930; ['mse_0=0.002262; ', 'lpips_0=0.005672; ', 'codec_recon_0=0.007147; ', 'bpp_0=5.996876; ', 'mse_1=0.002096; ', 'lpips_1=0.004970; ', 'codec_recon_1=0.039754; ', 'bpp_1=0.299991; ', 'mse_2=0.001950; ', 'lpips_2=0.004520; ', 'codec_recon_2=0.007560; ', 'bpp_2=0.288585; ']
train step[1953/2000] ; used: 43m:49s; eta: 1m:3s; loss = 0.072633; ['mse_0=0.001764; ', 'lpips_0=0.005236; ', 'codec_recon_0=0.007095; ', 'bpp_0=6.017813; ', 'mse_1=0.001522; ', 'lpips_1=0.004327; ', 'codec_recon_1=0.039842; ', 'bpp_1=0.299683; ', 'mse_2=0.001360; ', 'lpips_2=0.003766; ', 'codec_recon_2=0.007721; ', 'bpp_2=0.289698; ']
train step[1954/2000] ; used: 43m:50s; eta: 1m:1s; loss = 0.073716; ['mse_0=0.001312; ', 'lpips_0=0.005624; ', 'codec_recon_0=0.006942; ', 'bpp_0=6.001223; ', 'mse_1=0.001023; ', 'lpips_1=0.004541; ', 'codec_recon_1=0.039932; ', 'bpp_1=0.299301; ', 'mse_2=0.000999; ', 'lpips_2=0.003922; ', 'codec_recon_2=0.009420; ', 'bpp_2=0.287064; ']
train step[1955/2000] ; used: 43m:51s; eta: 1m; loss = 0.084131; ['mse_0=0.002788; ', 'lpips_0=0.006747; ', 'codec_recon_0=0.007458; ', 'bpp_0=5.986887; ', 'mse_1=0.002544; ', 'lpips_1=0.006051; ', 'codec_recon_1=0.042453; ', 'bpp_1=0.300175; ', 'mse_2=0.002480; ', 'lpips_2=0.005605; ', 'codec_recon_2=0.008005; ', 'bpp_2=0.289469; ']
train step[1956/2000] ; used: 43m:52s; eta: 59s; loss = 0.096208; ['mse_0=0.002310; ', 'lpips_0=0.005242; ', 'codec_recon_0=0.007382; ', 'bpp_0=6.105233; ', 'mse_1=0.001796; ', 'lpips_1=0.004148; ', 'codec_recon_1=0.057570; ', 'bpp_1=0.301488; ', 'mse_2=0.001093; ', 'lpips_2=0.002742; ', 'codec_recon_2=0.013925; ', 'bpp_2=0.292322; ']
train step[1957/2000] ; used: 43m:53s; eta: 57s; loss = 0.098775; ['mse_0=0.002898; ', 'lpips_0=0.007821; ', 'codec_recon_0=0.006968; ', 'bpp_0=6.031291; ', 'mse_1=0.002715; ', 'lpips_1=0.007113; ', 'codec_recon_1=0.049990; ', 'bpp_1=0.299408; ', 'mse_2=0.002711; ', 'lpips_2=0.006687; ', 'codec_recon_2=0.011873; ', 'bpp_2=0.289228; ']
train step[1958/2000] ; used: 43m:55s; eta: 56s; loss = 0.125966; ['mse_0=0.002384; ', 'lpips_0=0.006355; ', 'codec_recon_0=0.009266; ', 'bpp_0=6.156554; ', 'mse_1=0.001930; ', 'lpips_1=0.004930; ', 'codec_recon_1=0.078536; ', 'bpp_1=0.302701; ', 'mse_2=0.001544; ', 'lpips_2=0.003689; ', 'codec_recon_2=0.017331; ', 'bpp_2=0.292978; ']
train step[1959/2000] ; used: 43m:56s; eta: 55s; loss = 0.068330; ['mse_0=0.000699; ', 'lpips_0=0.004437; ', 'codec_recon_0=0.006508; ', 'bpp_0=6.023305; ', 'mse_1=0.000513; ', 'lpips_1=0.003411; ', 'codec_recon_1=0.040648; ', 'bpp_1=0.297851; ', 'mse_2=0.000411; ', 'lpips_2=0.002870; ', 'codec_recon_2=0.008832; ', 'bpp_2=0.289100; ']
train step[1960/2000] ; used: 43m:57s; eta: 53s; loss = 0.076753; ['mse_0=0.001069; ', 'lpips_0=0.005098; ', 'codec_recon_0=0.006833; ', 'bpp_0=6.066330; ', 'mse_1=0.000850; ', 'lpips_1=0.004137; ', 'codec_recon_1=0.045070; ', 'bpp_1=0.300048; ', 'mse_2=0.000720; ', 'lpips_2=0.003285; ', 'codec_recon_2=0.009691; ', 'bpp_2=0.289878; ']
train step[1961/2000] ; used: 43m:58s; eta: 52s; loss = 0.077606; ['mse_0=0.002060; ', 'lpips_0=0.004769; ', 'codec_recon_0=0.006645; ', 'bpp_0=6.073249; ', 'mse_1=0.001900; ', 'lpips_1=0.004160; ', 'codec_recon_1=0.043808; ', 'bpp_1=0.301025; ', 'mse_2=0.001885; ', 'lpips_2=0.003634; ', 'codec_recon_2=0.008744; ', 'bpp_2=0.291160; ']
train step[1962/2000] ; used: 43m:59s; eta: 51s; loss = 0.079262; ['mse_0=0.000835; ', 'lpips_0=0.004958; ', 'codec_recon_0=0.006448; ', 'bpp_0=6.037848; ', 'mse_1=0.000622; ', 'lpips_1=0.003959; ', 'codec_recon_1=0.046888; ', 'bpp_1=0.299322; ', 'mse_2=0.000397; ', 'lpips_2=0.002898; ', 'codec_recon_2=0.012256; ', 'bpp_2=0.287730; ']
train step[1963/2000] ; used: 44m; eta: 49s; loss = 0.068512; ['mse_0=0.000837; ', 'lpips_0=0.004442; ', 'codec_recon_0=0.007018; ', 'bpp_0=6.038851; ', 'mse_1=0.000706; ', 'lpips_1=0.003682; ', 'codec_recon_1=0.039810; ', 'bpp_1=0.299616; ', 'mse_2=0.000568; ', 'lpips_2=0.003236; ', 'codec_recon_2=0.008213; ', 'bpp_2=0.289379; ']
train step[1964/2000] ; used: 44m:1s; eta: 48s; loss = 0.090418; ['mse_0=0.003812; ', 'lpips_0=0.006605; ', 'codec_recon_0=0.007192; ', 'bpp_0=6.042436; ', 'mse_1=0.003560; ', 'lpips_1=0.005721; ', 'codec_recon_1=0.044839; ', 'bpp_1=0.300012; ', 'mse_2=0.003499; ', 'lpips_2=0.005188; ', 'codec_recon_2=0.010002; ', 'bpp_2=0.287832; ']
train step[1965/2000] ; used: 44m:2s; eta: 47s; loss = 0.079841; ['mse_0=0.002565; ', 'lpips_0=0.007499; ', 'codec_recon_0=0.007690; ', 'bpp_0=6.000418; ', 'mse_1=0.002326; ', 'lpips_1=0.006993; ', 'codec_recon_1=0.036334; ', 'bpp_1=0.299924; ', 'mse_2=0.002176; ', 'lpips_2=0.006776; ', 'codec_recon_2=0.007482; ', 'bpp_2=0.289347; ']
train step[1966/2000] ; used: 44m:3s; eta: 45s; loss = 0.108807; ['mse_0=0.002288; ', 'lpips_0=0.006312; ', 'codec_recon_0=0.009084; ', 'bpp_0=6.069117; ', 'mse_1=0.001789; ', 'lpips_1=0.005393; ', 'codec_recon_1=0.064591; ', 'bpp_1=0.301183; ', 'mse_2=0.001196; ', 'lpips_2=0.003756; ', 'codec_recon_2=0.014397; ', 'bpp_2=0.289615; ']
train step[1967/2000] ; used: 44m:4s; eta: 44s; loss = 0.106229; ['mse_0=0.001903; ', 'lpips_0=0.005918; ', 'codec_recon_0=0.007514; ', 'bpp_0=6.148143; ', 'mse_1=0.001441; ', 'lpips_1=0.004896; ', 'codec_recon_1=0.064075; ', 'bpp_1=0.302797; ', 'mse_2=0.001042; ', 'lpips_2=0.003814; ', 'codec_recon_2=0.015625; ', 'bpp_2=0.292989; ']
train step[1968/2000] ; used: 44m:5s; eta: 42s; loss = 0.065395; ['mse_0=0.000756; ', 'lpips_0=0.003796; ', 'codec_recon_0=0.007532; ', 'bpp_0=6.002954; ', 'mse_1=0.000542; ', 'lpips_1=0.003043; ', 'codec_recon_1=0.038968; ', 'bpp_1=0.300507; ', 'mse_2=0.000419; ', 'lpips_2=0.002467; ', 'codec_recon_2=0.007873; ', 'bpp_2=0.289786; ']
train step[1969/2000] ; used: 44m:6s; eta: 41s; loss = 0.067129; ['mse_0=0.001516; ', 'lpips_0=0.005196; ', 'codec_recon_0=0.006261; ', 'bpp_0=5.986834; ', 'mse_1=0.001260; ', 'lpips_1=0.004649; ', 'codec_recon_1=0.035868; ', 'bpp_1=0.298934; ', 'mse_2=0.001075; ', 'lpips_2=0.004245; ', 'codec_recon_2=0.007059; ', 'bpp_2=0.286684; ']
train step[1970/2000] ; used: 44m:7s; eta: 40s; loss = 0.081258; ['mse_0=0.000888; ', 'lpips_0=0.003710; ', 'codec_recon_0=0.007774; ', 'bpp_0=6.111510; ', 'mse_1=0.000605; ', 'lpips_1=0.002604; ', 'codec_recon_1=0.052734; ', 'bpp_1=0.300167; ', 'mse_2=0.000492; ', 'lpips_2=0.001861; ', 'codec_recon_2=0.010591; ', 'bpp_2=0.291563; ']
train step[1971/2000] ; used: 44m:8s; eta: 38s; loss = 0.080508; ['mse_0=0.001636; ', 'lpips_0=0.005788; ', 'codec_recon_0=0.007677; ', 'bpp_0=6.039364; ', 'mse_1=0.001367; ', 'lpips_1=0.004858; ', 'codec_recon_1=0.044518; ', 'bpp_1=0.300513; ', 'mse_2=0.001192; ', 'lpips_2=0.004276; ', 'codec_recon_2=0.009197; ', 'bpp_2=0.290915; ']
train step[1972/2000] ; used: 44m:9s; eta: 37s; loss = 0.080008; ['mse_0=0.002073; ', 'lpips_0=0.006465; ', 'codec_recon_0=0.007459; ', 'bpp_0=5.969963; ', 'mse_1=0.001946; ', 'lpips_1=0.005568; ', 'codec_recon_1=0.040262; ', 'bpp_1=0.299582; ', 'mse_2=0.001894; ', 'lpips_2=0.005033; ', 'codec_recon_2=0.009309; ', 'bpp_2=0.287950; ']
train step[1973/2000] ; used: 44m:10s; eta: 36s; loss = 0.128976; ['mse_0=0.003353; ', 'lpips_0=0.006612; ', 'codec_recon_0=0.010208; ', 'bpp_0=6.202175; ', 'mse_1=0.002833; ', 'lpips_1=0.005503; ', 'codec_recon_1=0.078195; ', 'bpp_1=0.304891; ', 'mse_2=0.002507; ', 'lpips_2=0.004362; ', 'codec_recon_2=0.015404; ', 'bpp_2=0.295526; ']
train step[1974/2000] ; used: 44m:11s; eta: 34s; loss = 0.063973; ['mse_0=0.000756; ', 'lpips_0=0.004049; ', 'codec_recon_0=0.005997; ', 'bpp_0=6.025058; ', 'mse_1=0.000543; ', 'lpips_1=0.003369; ', 'codec_recon_1=0.038279; ', 'bpp_1=0.299083; ', 'mse_2=0.000382; ', 'lpips_2=0.002858; ', 'codec_recon_2=0.007741; ', 'bpp_2=0.287290; ']
train step[1975/2000] ; used: 44m:12s; eta: 33s; loss = 0.075947; ['mse_0=0.001604; ', 'lpips_0=0.005489; ', 'codec_recon_0=0.006886; ', 'bpp_0=6.049757; ', 'mse_1=0.001486; ', 'lpips_1=0.004718; ', 'codec_recon_1=0.041706; ', 'bpp_1=0.299735; ', 'mse_2=0.001375; ', 'lpips_2=0.004219; ', 'codec_recon_2=0.008464; ', 'bpp_2=0.289773; ']
train step[1976/2000] ; used: 44m:13s; eta: 32s; loss = 0.091747; ['mse_0=0.001163; ', 'lpips_0=0.006131; ', 'codec_recon_0=0.007701; ', 'bpp_0=6.055695; ', 'mse_1=0.000962; ', 'lpips_1=0.005374; ', 'codec_recon_1=0.053790; ', 'bpp_1=0.299386; ', 'mse_2=0.000916; ', 'lpips_2=0.004918; ', 'codec_recon_2=0.010792; ', 'bpp_2=0.290666; ']
train step[1977/2000] ; used: 44m:14s; eta: 30s; loss = 0.097854; ['mse_0=0.001745; ', 'lpips_0=0.005661; ', 'codec_recon_0=0.008139; ', 'bpp_0=6.112767; ', 'mse_1=0.001327; ', 'lpips_1=0.004585; ', 'codec_recon_1=0.059346; ', 'bpp_1=0.302003; ', 'mse_2=0.000991; ', 'lpips_2=0.003674; ', 'codec_recon_2=0.012387; ', 'bpp_2=0.291583; ']
train step[1978/2000] ; used: 44m:15s; eta: 29s; loss = 0.071510; ['mse_0=0.000974; ', 'lpips_0=0.004472; ', 'codec_recon_0=0.006423; ', 'bpp_0=6.005908; ', 'mse_1=0.000675; ', 'lpips_1=0.003427; ', 'codec_recon_1=0.042547; ', 'bpp_1=0.300026; ', 'mse_2=0.000504; ', 'lpips_2=0.002613; ', 'codec_recon_2=0.009876; ', 'bpp_2=0.286806; ']
train step[1979/2000] ; used: 44m:16s; eta: 28s; loss = 0.102530; ['mse_0=0.001661; ', 'lpips_0=0.006576; ', 'codec_recon_0=0.008357; ', 'bpp_0=6.112875; ', 'mse_1=0.001266; ', 'lpips_1=0.005433; ', 'codec_recon_1=0.060343; ', 'bpp_1=0.300581; ', 'mse_2=0.001027; ', 'lpips_2=0.004572; ', 'codec_recon_2=0.013294; ', 'bpp_2=0.290549; ']
train step[1980/2000] ; used: 44m:17s; eta: 26s; loss = 0.106723; ['mse_0=0.002982; ', 'lpips_0=0.006789; ', 'codec_recon_0=0.007684; ', 'bpp_0=6.106861; ', 'mse_1=0.002744; ', 'lpips_1=0.006041; ', 'codec_recon_1=0.060492; ', 'bpp_1=0.302505; ', 'mse_2=0.002508; ', 'lpips_2=0.005159; ', 'codec_recon_2=0.012322; ', 'bpp_2=0.292289; ']
train step[1981/2000] ; used: 44m:18s; eta: 25s; loss = 0.075129; ['mse_0=0.001145; ', 'lpips_0=0.005889; ', 'codec_recon_0=0.007155; ', 'bpp_0=6.040287; ', 'mse_1=0.000979; ', 'lpips_1=0.005143; ', 'codec_recon_1=0.040658; ', 'bpp_1=0.300476; ', 'mse_2=0.000853; ', 'lpips_2=0.004613; ', 'codec_recon_2=0.008694; ', 'bpp_2=0.289712; ']
train step[1982/2000] ; used: 44m:19s; eta: 24s; loss = 0.085177; ['mse_0=0.003528; ', 'lpips_0=0.006682; ', 'codec_recon_0=0.006465; ', 'bpp_0=6.006402; ', 'mse_1=0.003459; ', 'lpips_1=0.005906; ', 'codec_recon_1=0.041616; ', 'bpp_1=0.299303; ', 'mse_2=0.003599; ', 'lpips_2=0.005578; ', 'codec_recon_2=0.008344; ', 'bpp_2=0.288310; ']
train step[1983/2000] ; used: 44m:20s; eta: 22s; loss = 0.082918; ['mse_0=0.001858; ', 'lpips_0=0.005199; ', 'codec_recon_0=0.007081; ', 'bpp_0=6.066306; ', 'mse_1=0.001638; ', 'lpips_1=0.004401; ', 'codec_recon_1=0.047495; ', 'bpp_1=0.300021; ', 'mse_2=0.001514; ', 'lpips_2=0.003679; ', 'codec_recon_2=0.010053; ', 'bpp_2=0.290864; ']
train step[1984/2000] ; used: 44m:21s; eta: 21s; loss = 0.063199; ['mse_0=0.001134; ', 'lpips_0=0.004911; ', 'codec_recon_0=0.005936; ', 'bpp_0=5.951458; ', 'mse_1=0.001049; ', 'lpips_1=0.004304; ', 'codec_recon_1=0.034287; ', 'bpp_1=0.297859; ', 'mse_2=0.001030; ', 'lpips_2=0.003997; ', 'codec_recon_2=0.006550; ', 'bpp_2=0.286561; ']
train step[1985/2000] ; used: 44m:22s; eta: 20s; loss = 0.063892; ['mse_0=0.000602; ', 'lpips_0=0.004020; ', 'codec_recon_0=0.007343; ', 'bpp_0=6.007418; ', 'mse_1=0.000420; ', 'lpips_1=0.003095; ', 'codec_recon_1=0.038015; ', 'bpp_1=0.299010; ', 'mse_2=0.000294; ', 'lpips_2=0.002595; ', 'codec_recon_2=0.007508; ', 'bpp_2=0.286253; ']
train step[1986/2000] ; used: 44m:23s; eta: 18s; loss = 0.098963; ['mse_0=0.002672; ', 'lpips_0=0.006143; ', 'codec_recon_0=0.007151; ', 'bpp_0=6.099163; ', 'mse_1=0.002266; ', 'lpips_1=0.005129; ', 'codec_recon_1=0.056994; ', 'bpp_1=0.301714; ', 'mse_2=0.002082; ', 'lpips_2=0.004361; ', 'codec_recon_2=0.012164; ', 'bpp_2=0.291430; ']
train step[1987/2000] ; used: 44m:24s; eta: 17s; loss = 0.094956; ['mse_0=0.001992; ', 'lpips_0=0.004890; ', 'codec_recon_0=0.007724; ', 'bpp_0=6.100479; ', 'mse_1=0.001665; ', 'lpips_1=0.004055; ', 'codec_recon_1=0.057485; ', 'bpp_1=0.300618; ', 'mse_2=0.001240; ', 'lpips_2=0.003117; ', 'codec_recon_2=0.012788; ', 'bpp_2=0.291196; ']
train step[1988/2000] ; used: 44m:25s; eta: 16s; loss = 0.098984; ['mse_0=0.001113; ', 'lpips_0=0.005303; ', 'codec_recon_0=0.007497; ', 'bpp_0=6.098960; ', 'mse_1=0.000817; ', 'lpips_1=0.003944; ', 'codec_recon_1=0.062878; ', 'bpp_1=0.299794; ', 'mse_2=0.000610; ', 'lpips_2=0.002753; ', 'codec_recon_2=0.014068; ', 'bpp_2=0.291828; ']
train step[1989/2000] ; used: 44m:27s; eta: 14s; loss = 0.085306; ['mse_0=0.002074; ', 'lpips_0=0.006211; ', 'codec_recon_0=0.007058; ', 'bpp_0=5.987855; ', 'mse_1=0.001844; ', 'lpips_1=0.005634; ', 'codec_recon_1=0.046016; ', 'bpp_1=0.298932; ', 'mse_2=0.001721; ', 'lpips_2=0.005266; ', 'codec_recon_2=0.009482; ', 'bpp_2=0.289397; ']
train step[1990/2000] ; used: 44m:28s; eta: 13s; loss = 0.080331; ['mse_0=0.001920; ', 'lpips_0=0.005069; ', 'codec_recon_0=0.007027; ', 'bpp_0=6.024013; ', 'mse_1=0.001713; ', 'lpips_1=0.004323; ', 'codec_recon_1=0.045532; ', 'bpp_1=0.298917; ', 'mse_2=0.001668; ', 'lpips_2=0.003864; ', 'codec_recon_2=0.009215; ', 'bpp_2=0.289492; ']
train step[1991/2000] ; used: 44m:29s; eta: 12s; loss = 0.082917; ['mse_0=0.001670; ', 'lpips_0=0.005879; ', 'codec_recon_0=0.007333; ', 'bpp_0=6.024735; ', 'mse_1=0.001528; ', 'lpips_1=0.004987; ', 'codec_recon_1=0.045644; ', 'bpp_1=0.299929; ', 'mse_2=0.001492; ', 'lpips_2=0.004497; ', 'codec_recon_2=0.009886; ', 'bpp_2=0.289202; ']
train step[1992/2000] ; used: 44m:30s; eta: 10s; loss = 0.066832; ['mse_0=0.001415; ', 'lpips_0=0.004583; ', 'codec_recon_0=0.005790; ', 'bpp_0=5.986838; ', 'mse_1=0.001217; ', 'lpips_1=0.003903; ', 'codec_recon_1=0.038165; ', 'bpp_1=0.298949; ', 'mse_2=0.000928; ', 'lpips_2=0.003192; ', 'codec_recon_2=0.007639; ', 'bpp_2=0.286915; ']
train step[1993/2000] ; used: 44m:31s; eta: 9s; loss = 0.085779; ['mse_0=0.001502; ', 'lpips_0=0.005584; ', 'codec_recon_0=0.007412; ', 'bpp_0=6.068549; ', 'mse_1=0.001224; ', 'lpips_1=0.004767; ', 'codec_recon_1=0.049671; ', 'bpp_1=0.300121; ', 'mse_2=0.000883; ', 'lpips_2=0.003934; ', 'codec_recon_2=0.010803; ', 'bpp_2=0.289311; ']
train step[1994/2000] ; used: 44m:32s; eta: 8s; loss = 0.098192; ['mse_0=0.002322; ', 'lpips_0=0.005715; ', 'codec_recon_0=0.007905; ', 'bpp_0=6.100164; ', 'mse_1=0.001998; ', 'lpips_1=0.004726; ', 'codec_recon_1=0.057997; ', 'bpp_1=0.302450; ', 'mse_2=0.001696; ', 'lpips_2=0.003804; ', 'codec_recon_2=0.012030; ', 'bpp_2=0.291043; ']
train step[1995/2000] ; used: 44m:33s; eta: 6s; loss = 0.079289; ['mse_0=0.003172; ', 'lpips_0=0.005584; ', 'codec_recon_0=0.007309; ', 'bpp_0=5.983122; ', 'mse_1=0.002856; ', 'lpips_1=0.004982; ', 'codec_recon_1=0.039689; ', 'bpp_1=0.299647; ', 'mse_2=0.002776; ', 'lpips_2=0.004583; ', 'codec_recon_2=0.008337; ', 'bpp_2=0.289399; ']
train step[1996/2000] ; used: 44m:34s; eta: 5s; loss = 0.084597; ['mse_0=0.001760; ', 'lpips_0=0.004222; ', 'codec_recon_0=0.006565; ', 'bpp_0=6.070783; ', 'mse_1=0.001464; ', 'lpips_1=0.003380; ', 'codec_recon_1=0.053130; ', 'bpp_1=0.300199; ', 'mse_2=0.000977; ', 'lpips_2=0.002523; ', 'codec_recon_2=0.010576; ', 'bpp_2=0.289410; ']
train step[1997/2000] ; used: 44m:35s; eta: 4s; loss = 0.090770; ['mse_0=0.001433; ', 'lpips_0=0.005915; ', 'codec_recon_0=0.006843; ', 'bpp_0=6.056992; ', 'mse_1=0.001159; ', 'lpips_1=0.004704; ', 'codec_recon_1=0.053365; ', 'bpp_1=0.300484; ', 'mse_2=0.000888; ', 'lpips_2=0.003473; ', 'codec_recon_2=0.012989; ', 'bpp_2=0.290384; ']
train step[1998/2000] ; used: 44m:36s; eta: 2s; loss = 0.072071; ['mse_0=0.001318; ', 'lpips_0=0.005021; ', 'codec_recon_0=0.006265; ', 'bpp_0=6.011641; ', 'mse_1=0.001045; ', 'lpips_1=0.003989; ', 'codec_recon_1=0.041707; ', 'bpp_1=0.299384; ', 'mse_2=0.000927; ', 'lpips_2=0.003442; ', 'codec_recon_2=0.008357; ', 'bpp_2=0.289001; ']
train step[1999/2000] ; used: 44m:37s; eta: 1s; loss = 0.070977; ['mse_0=0.001114; ', 'lpips_0=0.004579; ', 'codec_recon_0=0.006386; ', 'bpp_0=5.995223; ', 'mse_1=0.000890; ', 'lpips_1=0.003944; ', 'codec_recon_1=0.042065; ', 'bpp_1=0.298690; ', 'mse_2=0.000663; ', 'lpips_2=0.003082; ', 'codec_recon_2=0.008255; ', 'bpp_2=0.288285; ']
validation step on 2000 1/100; scene = ['5aca87f95a9412c6']; context = [[58, 133]]
validation step on 2000 2/100; scene = ['bc95e5c7e357f1b7']; context = [[35, 91]]
validation step on 2000 3/100; scene = ['34b0658a5c200cdf']; context = [[0, 70]]
validation step on 2000 4/100; scene = ['28e8300e004ab30b']; context = [[3, 68]]
validation step on 2000 5/100; scene = ['6558c5f10d45a929']; context = [[43, 160]]
validation step on 2000 6/100; scene = ['89ea49cd9865aeff']; context = [[31, 81]]
validation step on 2000 7/100; scene = ['ed477bdf8582adff']; context = [[40, 85]]
validation step on 2000 8/100; scene = ['57d3409bf04c4651']; context = [[0, 45]]
validation step on 2000 9/100; scene = ['aadc1e2dc74fd644']; context = [[2, 52]]
validation step on 2000 10/100; scene = ['cd74b1244d112628']; context = [[63, 110]]
validation step on 2000 11/100; scene = ['57d25dafabb5a238']; context = [[32, 104]]
validation step on 2000 12/100; scene = ['e4f4574df7938f37']; context = [[0, 115]]
validation step on 2000 13/100; scene = ['20d86cff490c0c42']; context = [[18, 69]]
validation step on 2000 14/100; scene = ['0c4c5d5f751aabf5']; context = [[12, 57]]
validation step on 2000 15/100; scene = ['fea544b472e9abd1']; context = [[12, 93]]
validation step on 2000 16/100; scene = ['656381bea665bf3d']; context = [[27, 75]]
validation step on 2000 17/100; scene = ['322261824c4a3003']; context = [[33, 78]]
validation step on 2000 18/100; scene = ['f7c0fa5b81552d35']; context = [[11, 64]]
validation step on 2000 19/100; scene = ['a56ba2efb5e3fdd9']; context = [[33, 92]]
validation step on 2000 20/100; scene = ['c48f19e2ffa52523']; context = [[195, 264]]
validation step on 2000 21/100; scene = ['1214f2a11a9fc1ed']; context = [[103, 215]]
validation step on 2000 22/100; scene = ['a9b3ff60b213e099']; context = [[32, 96]]
validation step on 2000 23/100; scene = ['a6fa92e8204f6118']; context = [[2, 66]]
validation step on 2000 24/100; scene = ['21e794f71e31becb']; context = [[72, 180]]
validation step on 2000 25/100; scene = ['f7d916b43193c181']; context = [[7, 61]]
validation step on 2000 26/100; scene = ['84ab392d682f296b']; context = [[43, 120]]
validation step on 2000 27/100; scene = ['6771a51bf0cfce7f']; context = [[152, 199]]
validation step on 2000 28/100; scene = ['17d9303ee77c3a3d']; context = [[17, 63]]
validation step on 2000 29/100; scene = ['ffa95c3b40609c76']; context = [[120, 213]]
validation step on 2000 30/100; scene = ['a47b88040452d7d9']; context = [[35, 97]]
validation step on 2000 31/100; scene = ['0d4de33c6888a754']; context = [[2, 57]]
validation step on 2000 32/100; scene = ['41bcd011f99bfb66']; context = [[4, 50]]
validation step on 2000 33/100; scene = ['67a69088a2695987']; context = [[6, 86]]
validation step on 2000 34/100; scene = ['b4099665590548fc']; context = [[23, 74]]
validation step on 2000 35/100; scene = ['9e2a8cc5f32dd46b']; context = [[75, 151]]
validation step on 2000 36/100; scene = ['2e109379f53bb221']; context = [[35, 108]]
validation step on 2000 37/100; scene = ['8adebbb68f2c3f84']; context = [[72, 131]]
validation step on 2000 38/100; scene = ['29e0bfbad00f0d5e']; context = [[8, 100]]
validation step on 2000 39/100; scene = ['debc3490ba0bd84b']; context = [[34, 81]]
validation step on 2000 40/100; scene = ['7c7bc5285126e6ad']; context = [[64, 126]]
validation step on 2000 41/100; scene = ['cdf439b17a6a98d4']; context = [[31, 77]]
validation step on 2000 42/100; scene = ['cb38d67088b66084']; context = [[49, 106]]
validation step on 2000 43/100; scene = ['2da2eeb966bc0ef8']; context = [[30, 94]]
validation step on 2000 44/100; scene = ['bb4d7012261ee0ed']; context = [[0, 46]]
validation step on 2000 45/100; scene = ['9e1f1beb4ba8e5da']; context = [[9, 73]]
validation step on 2000 46/100; scene = ['26b31d71789bffad']; context = [[3, 57]]
validation step on 2000 47/100; scene = ['41abd737e0228c1a']; context = [[81, 127]]
validation step on 2000 48/100; scene = ['ed0c2aca14b99efa']; context = [[62, 119]]
validation step on 2000 49/100; scene = ['8d5163de9ea4d851']; context = [[39, 85]]
validation step on 2000 50/100; scene = ['81be42df6ccae760']; context = [[13, 107]]
validation step on 2000 51/100; scene = ['6fe141ec9be1a432']; context = [[12, 73]]
validation step on 2000 52/100; scene = ['3b6d8db52c54b174']; context = [[0, 80]]
validation step on 2000 53/100; scene = ['3087828bc27bc4c7']; context = [[15, 96]]
validation step on 2000 54/100; scene = ['e124dfa7e996a414']; context = [[48, 93]]
validation step on 2000 55/100; scene = ['e1afd89a69ee6947']; context = [[34, 113]]
validation step on 2000 56/100; scene = ['79ce50fb7b021e1d']; context = [[212, 278]]
validation step on 2000 57/100; scene = ['358bdee988c269ef']; context = [[3, 95]]
validation step on 2000 58/100; scene = ['f14791aec34dbdcd']; context = [[5, 59]]
validation step on 2000 59/100; scene = ['0c52996355b23d76']; context = [[51, 111]]
validation step on 2000 60/100; scene = ['62bcb465bb03d34f']; context = [[6, 84]]
validation step on 2000 61/100; scene = ['1f0e06e4388dd600']; context = [[44, 96]]
validation step on 2000 62/100; scene = ['c9c30723d7c54793']; context = [[152, 247]]
validation step on 2000 63/100; scene = ['8b212f2755d955ec']; context = [[40, 110]]
validation step on 2000 64/100; scene = ['de67e3a0b0648cfe']; context = [[16, 72]]
validation step on 2000 65/100; scene = ['54841308aff91857']; context = [[27, 86]]
validation step on 2000 66/100; scene = ['40ca76de44a6e1a9']; context = [[43, 107]]
validation step on 2000 67/100; scene = ['bc143130c1842e4b']; context = [[29, 133]]
validation step on 2000 68/100; scene = ['912177dbf0a1ed6c']; context = [[3, 60]]
validation step on 2000 69/100; scene = ['afe4e799a94e06b3']; context = [[54, 150]]
validation step on 2000 70/100; scene = ['17f552ef56d85c55']; context = [[20, 86]]
validation step on 2000 71/100; scene = ['a7c691c210154b09']; context = [[0, 50]]
validation step on 2000 72/100; scene = ['9490f1219dbbb6ce']; context = [[17, 72]]
validation step on 2000 73/100; scene = ['154365ab5a4e067b']; context = [[2, 48]]
validation step on 2000 74/100; scene = ['ab4c269f8d523d02']; context = [[18, 72]]
validation step on 2000 75/100; scene = ['75d475e9558ab806']; context = [[1, 46]]
validation step on 2000 76/100; scene = ['fdaab1f49851782c']; context = [[31, 142]]
validation step on 2000 77/100; scene = ['2d4efa3897a4ba2d']; context = [[4, 58]]
validation step on 2000 78/100; scene = ['14f477e7d5af5b91']; context = [[17, 72]]
validation step on 2000 79/100; scene = ['de45926738229f67']; context = [[22, 84]]
validation step on 2000 80/100; scene = ['5c909c802eb6edb1']; context = [[13, 78]]
validation step on 2000 81/100; scene = ['aa91dfdd5f4ad32b']; context = [[8, 57]]
validation step on 2000 82/100; scene = ['88d9ba3324f2ec21']; context = [[2, 49]]
validation step on 2000 83/100; scene = ['622ef98e83ed5239']; context = [[3, 66]]
validation step on 2000 84/100; scene = ['30fc5fc78c5a716e']; context = [[151, 210]]
validation step on 2000 85/100; scene = ['8b760ac05c93a6bb']; context = [[26, 72]]
validation step on 2000 86/100; scene = ['800ea72b6988f63e']; context = [[141, 190]]
validation step on 2000 87/100; scene = ['674dabef8f53b566']; context = [[9, 91]]
validation step on 2000 88/100; scene = ['d3a01038c5f21473']; context = [[139, 273]]
validation step on 2000 89/100; scene = ['3e5f747d06bc84a3']; context = [[85, 190]]
validation step on 2000 90/100; scene = ['bb6fa5bdafc14e8c']; context = [[43, 139]]
validation step on 2000 91/100; scene = ['052430ff6e2c07c4']; context = [[19, 92]]
validation step on 2000 92/100; scene = ['0588138dfec165a1']; context = [[70, 160]]
validation step on 2000 93/100; scene = ['e4bcb18fa6aa91be']; context = [[32, 79]]
validation step on 2000 94/100; scene = ['4c4fa41951e37e78']; context = [[8, 60]]
validation step on 2000 95/100; scene = ['252a24d25a1ea81d']; context = [[198, 263]]
validation step on 2000 96/100; scene = ['214df1c2863d2959']; context = [[45, 96]]
validation step on 2000 97/100; scene = ['bfd27ad72975e120']; context = [[8, 55]]
validation step on 2000 98/100; scene = ['572acd18419c3456']; context = [[3, 62]]
validation step on 2000 99/100; scene = ['b26e6c80d283c4c8']; context = [[46, 92]]
validation step on 2000 100/100; scene = ['10c8e54590f715f7']; context = [[6, 76]]
