============================================
HiSplat + per-stage MSH training
Repo: /ceph_data/clue9986/HiSplatMSH
Phase: warmup
Lambda RD: 0.0
Pretrained ckpt: checkpoints/hisplat_re10k.ckpt
Max steps: 3000
Batch size/GPU: 2
Checkpoint interval/top-k: 1000 / 1
SH degree: 4
Codec stage N: [96,192,192]
Codec stage M: [128,320,320]
Codec stage depth: [3,4,4]
Codec train mode: quantize_hp
LR codec/aux/generator: 1.0e-5 / 1.0e-5 / 2.0e-5
Codec LR warmup: 500 steps from factor 0.1
Output: msh_quantize_hp_stable
Extra Hydra args: <none>
============================================
[36mSaving outputs to /ceph_data/clue9986/HiSplatMSH/outputs/msh_quantize_hp_stable.[39m
GPU number is 1
missing keys:[]
unexpected keys:[]
error msgs:[]
!!!Successfully load the DINOV2 ckpt from ./checkpoints/dinov2_vitb14_pretrain.pth
==> Load multi-view transformer backbone checkpoint: checkpoints/gmdepth-scale1-resumeflowthings-scannet-5d9d7964.pth
[36mInitialized new codec params: 378 missing checkpoint keys.[39m
Setting up [LPIPS] perceptual loss: trunk [vgg], v[0.1], spatial [off]
Loading model from: /ceph_data/clue9986/anaconda3/envs/hisplat/lib/python3.10/site-packages/lpips/weights/v0.1/vgg.pth
begin to train fit!
start training without trainer-state resume!!!
train step[0/3000] ; used: 0s; eta: 0s; loss = 0.125419; ['mse_0=0.016987; ', 'lpips_0=0.027491; ', 'mse_1=0.015512; ', 'lpips_1=0.025590; ', 'mse_2=0.012100; ', 'lpips_2=0.027739; ']
train step[1/3000] ; used: 2s; eta: 1h:6m:42s; loss = 0.127597; ['mse_0=0.019711; ', 'lpips_0=0.026810; ', 'mse_1=0.016420; ', 'lpips_1=0.024584; ', 'mse_2=0.013508; ', 'lpips_2=0.026564; ']
train step[2/3000] ; used: 3s; eta: 1h:1m:47s; loss = 0.137680; ['mse_0=0.019886; ', 'lpips_0=0.028413; ', 'mse_1=0.019285; ', 'lpips_1=0.025546; ', 'mse_2=0.018160; ', 'lpips_2=0.026390; ']
train step[3/3000] ; used: 4s; eta: 58m:32s; loss = 0.176372; ['mse_0=0.035348; ', 'lpips_0=0.028741; ', 'mse_1=0.030603; ', 'lpips_1=0.025854; ', 'mse_2=0.028280; ', 'lpips_2=0.027547; ']
train step[4/3000] ; used: 5s; eta: 56m:38s; loss = 0.135247; ['mse_0=0.020670; ', 'lpips_0=0.028365; ', 'mse_1=0.017478; ', 'lpips_1=0.025854; ', 'mse_2=0.016113; ', 'lpips_2=0.026767; ']
train step[5/3000] ; used: 6s; eta: 55m:28s; loss = 0.155229; ['mse_0=0.029913; ', 'lpips_0=0.029257; ', 'mse_1=0.021172; ', 'lpips_1=0.026742; ', 'mse_2=0.019665; ', 'lpips_2=0.028481; ']
train step[6/3000] ; used: 7s; eta: 55m:14s; loss = 0.163506; ['mse_0=0.027320; ', 'lpips_0=0.030655; ', 'mse_1=0.024853; ', 'lpips_1=0.029744; ', 'mse_2=0.021822; ', 'lpips_2=0.029113; ']
train step[7/3000] ; used: 8s; eta: 54m:30s; loss = 0.124236; ['mse_0=0.018631; ', 'lpips_0=0.027273; ', 'mse_1=0.013891; ', 'lpips_1=0.025016; ', 'mse_2=0.012721; ', 'lpips_2=0.026704; ']
train step[8/3000] ; used: 9s; eta: 53m:55s; loss = 0.125423; ['mse_0=0.017843; ', 'lpips_0=0.027039; ', 'mse_1=0.015481; ', 'lpips_1=0.024020; ', 'mse_2=0.014842; ', 'lpips_2=0.026197; ']
train step[9/3000] ; used: 10s; eta: 53m:27s; loss = 0.151362; ['mse_0=0.027154; ', 'lpips_0=0.028959; ', 'mse_1=0.021327; ', 'lpips_1=0.027026; ', 'mse_2=0.019521; ', 'lpips_2=0.027375; ']
train step[10/3000] ; used: 11s; eta: 53m:18s; loss = 0.117841; ['mse_0=0.014893; ', 'lpips_0=0.027594; ', 'mse_1=0.012809; ', 'lpips_1=0.025707; ', 'mse_2=0.010321; ', 'lpips_2=0.026517; ']
train step[11/3000] ; used: 12s; eta: 53m:2s; loss = 0.150088; ['mse_0=0.027801; ', 'lpips_0=0.029999; ', 'mse_1=0.021711; ', 'lpips_1=0.026516; ', 'mse_2=0.017701; ', 'lpips_2=0.026359; ']
train step[12/3000] ; used: 13s; eta: 52m:51s; loss = 0.141418; ['mse_0=0.024816; ', 'lpips_0=0.029317; ', 'mse_1=0.016937; ', 'lpips_1=0.026103; ', 'mse_2=0.016213; ', 'lpips_2=0.028032; ']
train step[13/3000] ; used: 14s; eta: 52m:46s; loss = 0.149380; ['mse_0=0.027014; ', 'lpips_0=0.027792; ', 'mse_1=0.021487; ', 'lpips_1=0.026185; ', 'mse_2=0.019038; ', 'lpips_2=0.027865; ']
train step[14/3000] ; used: 15s; eta: 52m:40s; loss = 0.132636; ['mse_0=0.019301; ', 'lpips_0=0.029073; ', 'mse_1=0.015153; ', 'lpips_1=0.026511; ', 'mse_2=0.014805; ', 'lpips_2=0.027792; ']
train step[15/3000] ; used: 16s; eta: 52m:36s; loss = 0.137430; ['mse_0=0.022856; ', 'lpips_0=0.028193; ', 'mse_1=0.017537; ', 'lpips_1=0.025456; ', 'mse_2=0.016339; ', 'lpips_2=0.027050; ']
train step[16/3000] ; used: 17s; eta: 52m:25s; loss = 0.152612; ['mse_0=0.026918; ', 'lpips_0=0.029141; ', 'mse_1=0.022107; ', 'lpips_1=0.027437; ', 'mse_2=0.018654; ', 'lpips_2=0.028355; ']
train step[17/3000] ; used: 18s; eta: 52m:14s; loss = 0.125014; ['mse_0=0.016830; ', 'lpips_0=0.026956; ', 'mse_1=0.015708; ', 'lpips_1=0.025283; ', 'mse_2=0.013235; ', 'lpips_2=0.027001; ']
train step[18/3000] ; used: 19s; eta: 52m:10s; loss = 0.151293; ['mse_0=0.026229; ', 'lpips_0=0.028706; ', 'mse_1=0.022297; ', 'lpips_1=0.026856; ', 'mse_2=0.019122; ', 'lpips_2=0.028082; ']
train step[19/3000] ; used: 21s; eta: 52m:10s; loss = 0.146075; ['mse_0=0.025503; ', 'lpips_0=0.027945; ', 'mse_1=0.020209; ', 'lpips_1=0.026627; ', 'mse_2=0.017977; ', 'lpips_2=0.027814; ']
train step[20/3000] ; used: 22s; eta: 52m:3s; loss = 0.116201; ['mse_0=0.013707; ', 'lpips_0=0.027812; ', 'mse_1=0.011052; ', 'lpips_1=0.025859; ', 'mse_2=0.009788; ', 'lpips_2=0.027983; ']
train step[21/3000] ; used: 23s; eta: 52m:1s; loss = 0.140639; ['mse_0=0.020681; ', 'lpips_0=0.028555; ', 'mse_1=0.017601; ', 'lpips_1=0.027153; ', 'mse_2=0.017644; ', 'lpips_2=0.029006; ']
train step[22/3000] ; used: 24s; eta: 51m:57s; loss = 0.127811; ['mse_0=0.019285; ', 'lpips_0=0.027787; ', 'mse_1=0.016589; ', 'lpips_1=0.024436; ', 'mse_2=0.013885; ', 'lpips_2=0.025830; ']
train step[23/3000] ; used: 25s; eta: 51m:49s; loss = 0.121957; ['mse_0=0.015096; ', 'lpips_0=0.026961; ', 'mse_1=0.014288; ', 'lpips_1=0.025011; ', 'mse_2=0.013282; ', 'lpips_2=0.027319; ']
train step[24/3000] ; used: 26s; eta: 51m:42s; loss = 0.145746; ['mse_0=0.025337; ', 'lpips_0=0.027886; ', 'mse_1=0.020276; ', 'lpips_1=0.026710; ', 'mse_2=0.017381; ', 'lpips_2=0.028155; ']
train step[25/3000] ; used: 27s; eta: 51m:38s; loss = 0.114996; ['mse_0=0.015295; ', 'lpips_0=0.026933; ', 'mse_1=0.011138; ', 'lpips_1=0.024571; ', 'mse_2=0.010229; ', 'lpips_2=0.026830; ']
train step[26/3000] ; used: 28s; eta: 51m:32s; loss = 0.145258; ['mse_0=0.026240; ', 'lpips_0=0.028587; ', 'mse_1=0.018862; ', 'lpips_1=0.025966; ', 'mse_2=0.017537; ', 'lpips_2=0.028067; ']
train step[27/3000] ; used: 29s; eta: 51m:28s; loss = 0.162324; ['mse_0=0.036027; ', 'lpips_0=0.028574; ', 'mse_1=0.025763; ', 'lpips_1=0.025366; ', 'mse_2=0.020763; ', 'lpips_2=0.025830; ']
train step[28/3000] ; used: 30s; eta: 51m:26s; loss = 0.113870; ['mse_0=0.015853; ', 'lpips_0=0.026704; ', 'mse_1=0.012544; ', 'lpips_1=0.022155; ', 'mse_2=0.010926; ', 'lpips_2=0.025688; ']
train step[29/3000] ; used: 31s; eta: 51m:21s; loss = 0.133073; ['mse_0=0.016080; ', 'lpips_0=0.031837; ', 'mse_1=0.013067; ', 'lpips_1=0.029870; ', 'mse_2=0.013619; ', 'lpips_2=0.028600; ']
train step[30/3000] ; used: 32s; eta: 51m:19s; loss = 0.181781; ['mse_0=0.035641; ', 'lpips_0=0.031502; ', 'mse_1=0.029575; ', 'lpips_1=0.029007; ', 'mse_2=0.027360; ', 'lpips_2=0.028696; ']
train step[31/3000] ; used: 33s; eta: 51m:16s; loss = 0.146450; ['mse_0=0.023694; ', 'lpips_0=0.030214; ', 'mse_1=0.019095; ', 'lpips_1=0.027600; ', 'mse_2=0.018181; ', 'lpips_2=0.027667; ']
train step[32/3000] ; used: 34s; eta: 51m:16s; loss = 0.167764; ['mse_0=0.034138; ', 'lpips_0=0.029042; ', 'mse_1=0.026716; ', 'lpips_1=0.026030; ', 'mse_2=0.024297; ', 'lpips_2=0.027541; ']
train step[33/3000] ; used: 35s; eta: 51m:14s; loss = 0.165366; ['mse_0=0.034195; ', 'lpips_0=0.029347; ', 'mse_1=0.025290; ', 'lpips_1=0.025836; ', 'mse_2=0.023445; ', 'lpips_2=0.027253; ']
train step[34/3000] ; used: 36s; eta: 51m:13s; loss = 0.116750; ['mse_0=0.015884; ', 'lpips_0=0.027744; ', 'mse_1=0.011496; ', 'lpips_1=0.025028; ', 'mse_2=0.010054; ', 'lpips_2=0.026545; ']
train step[35/3000] ; used: 37s; eta: 51m:13s; loss = 0.117300; ['mse_0=0.016785; ', 'lpips_0=0.027117; ', 'mse_1=0.010064; ', 'lpips_1=0.026169; ', 'mse_2=0.010085; ', 'lpips_2=0.027079; ']
train step[36/3000] ; used: 38s; eta: 51m:11s; loss = 0.156434; ['mse_0=0.027561; ', 'lpips_0=0.029802; ', 'mse_1=0.023001; ', 'lpips_1=0.028106; ', 'mse_2=0.019336; ', 'lpips_2=0.028628; ']
train step[37/3000] ; used: 39s; eta: 51m:9s; loss = 0.138956; ['mse_0=0.025080; ', 'lpips_0=0.027766; ', 'mse_1=0.019405; ', 'lpips_1=0.025645; ', 'mse_2=0.014809; ', 'lpips_2=0.026252; ']
train step[38/3000] ; used: 40s; eta: 51m:5s; loss = 0.137460; ['mse_0=0.021890; ', 'lpips_0=0.029407; ', 'mse_1=0.016772; ', 'lpips_1=0.026389; ', 'mse_2=0.014858; ', 'lpips_2=0.028144; ']
train step[39/3000] ; used: 41s; eta: 51m:1s; loss = 0.125164; ['mse_0=0.019768; ', 'lpips_0=0.028083; ', 'mse_1=0.014035; ', 'lpips_1=0.023986; ', 'mse_2=0.013454; ', 'lpips_2=0.025838; ']
train step[40/3000] ; used: 42s; eta: 51m:2s; loss = 0.127704; ['mse_0=0.018733; ', 'lpips_0=0.027534; ', 'mse_1=0.014185; ', 'lpips_1=0.025891; ', 'mse_2=0.013829; ', 'lpips_2=0.027533; ']
train step[41/3000] ; used: 43s; eta: 50m:57s; loss = 0.104329; ['mse_0=0.012613; ', 'lpips_0=0.026037; ', 'mse_1=0.009318; ', 'lpips_1=0.023143; ', 'mse_2=0.008275; ', 'lpips_2=0.024943; ']
train step[42/3000] ; used: 44s; eta: 50m:55s; loss = 0.096464; ['mse_0=0.007990; ', 'lpips_0=0.025858; ', 'mse_1=0.006267; ', 'lpips_1=0.024071; ', 'mse_2=0.006394; ', 'lpips_2=0.025885; ']
train step[43/3000] ; used: 45s; eta: 50m:53s; loss = 0.120523; ['mse_0=0.018286; ', 'lpips_0=0.027344; ', 'mse_1=0.013412; ', 'lpips_1=0.024076; ', 'mse_2=0.012020; ', 'lpips_2=0.025385; ']
train step[44/3000] ; used: 46s; eta: 50m:52s; loss = 0.112381; ['mse_0=0.016098; ', 'lpips_0=0.026936; ', 'mse_1=0.010238; ', 'lpips_1=0.023146; ', 'mse_2=0.010743; ', 'lpips_2=0.025220; ']
train step[45/3000] ; used: 47s; eta: 50m:49s; loss = 0.141438; ['mse_0=0.027654; ', 'lpips_0=0.028179; ', 'mse_1=0.018556; ', 'lpips_1=0.025880; ', 'mse_2=0.015726; ', 'lpips_2=0.025442; ']
train step[46/3000] ; used: 48s; eta: 50m:48s; loss = 0.124867; ['mse_0=0.021677; ', 'lpips_0=0.026766; ', 'mse_1=0.014348; ', 'lpips_1=0.024227; ', 'mse_2=0.012654; ', 'lpips_2=0.025196; ']
train step[47/3000] ; used: 49s; eta: 50m:47s; loss = 0.123461; ['mse_0=0.018081; ', 'lpips_0=0.028740; ', 'mse_1=0.012065; ', 'lpips_1=0.025920; ', 'mse_2=0.011957; ', 'lpips_2=0.026698; ']
train step[48/3000] ; used: 50s; eta: 50m:43s; loss = 0.144668; ['mse_0=0.023242; ', 'lpips_0=0.029762; ', 'mse_1=0.017791; ', 'lpips_1=0.027671; ', 'mse_2=0.017066; ', 'lpips_2=0.029136; ']
train step[49/3000] ; used: 51s; eta: 50m:40s; loss = 0.129133; ['mse_0=0.020820; ', 'lpips_0=0.028850; ', 'mse_1=0.014658; ', 'lpips_1=0.025715; ', 'mse_2=0.013636; ', 'lpips_2=0.025454; ']
train step[50/3000] ; used: 52s; eta: 50m:38s; loss = 0.124290; ['mse_0=0.021074; ', 'lpips_0=0.026166; ', 'mse_1=0.015487; ', 'lpips_1=0.022227; ', 'mse_2=0.014538; ', 'lpips_2=0.024797; ']
train step[51/3000] ; used: 53s; eta: 50m:36s; loss = 0.115369; ['mse_0=0.015091; ', 'lpips_0=0.029387; ', 'mse_1=0.010551; ', 'lpips_1=0.024551; ', 'mse_2=0.009949; ', 'lpips_2=0.025840; ']
train step[52/3000] ; used: 54s; eta: 50m:34s; loss = 0.141840; ['mse_0=0.025049; ', 'lpips_0=0.030279; ', 'mse_1=0.018363; ', 'lpips_1=0.025650; ', 'mse_2=0.016658; ', 'lpips_2=0.025841; ']
train step[53/3000] ; used: 55s; eta: 50m:31s; loss = 0.117497; ['mse_0=0.020134; ', 'lpips_0=0.026773; ', 'mse_1=0.011325; ', 'lpips_1=0.022823; ', 'mse_2=0.011237; ', 'lpips_2=0.025205; ']
train step[54/3000] ; used: 56s; eta: 50m:28s; loss = 0.145050; ['mse_0=0.031819; ', 'lpips_0=0.028763; ', 'mse_1=0.020947; ', 'lpips_1=0.022866; ', 'mse_2=0.017629; ', 'lpips_2=0.023025; ']
train step[55/3000] ; used: 57s; eta: 50m:29s; loss = 0.110770; ['mse_0=0.016020; ', 'lpips_0=0.026315; ', 'mse_1=0.009732; ', 'lpips_1=0.023601; ', 'mse_2=0.009415; ', 'lpips_2=0.025686; ']
train step[56/3000] ; used: 58s; eta: 50m:30s; loss = 0.127547; ['mse_0=0.023269; ', 'lpips_0=0.028207; ', 'mse_1=0.012402; ', 'lpips_1=0.024960; ', 'mse_2=0.012204; ', 'lpips_2=0.026505; ']
train step[57/3000] ; used: 59s; eta: 50m:28s; loss = 0.158685; ['mse_0=0.031705; ', 'lpips_0=0.029798; ', 'mse_1=0.021062; ', 'lpips_1=0.026838; ', 'mse_2=0.021563; ', 'lpips_2=0.027719; ']
train step[58/3000] ; used: 1m; eta: 50m:27s; loss = 0.107873; ['mse_0=0.014713; ', 'lpips_0=0.027547; ', 'mse_1=0.008581; ', 'lpips_1=0.023569; ', 'mse_2=0.007884; ', 'lpips_2=0.025578; ']
train step[59/3000] ; used: 1m:1s; eta: 50m:25s; loss = 0.118898; ['mse_0=0.018667; ', 'lpips_0=0.027225; ', 'mse_1=0.012536; ', 'lpips_1=0.023605; ', 'mse_2=0.011545; ', 'lpips_2=0.025320; ']
train step[60/3000] ; used: 1m:2s; eta: 50m:23s; loss = 0.107662; ['mse_0=0.007428; ', 'lpips_0=0.026968; ', 'mse_1=0.008790; ', 'lpips_1=0.027419; ', 'mse_2=0.008169; ', 'lpips_2=0.028888; ']
train step[61/3000] ; used: 1m:3s; eta: 50m:20s; loss = 0.129139; ['mse_0=0.020338; ', 'lpips_0=0.027802; ', 'mse_1=0.014318; ', 'lpips_1=0.025467; ', 'mse_2=0.013912; ', 'lpips_2=0.027303; ']
train step[62/3000] ; used: 1m:4s; eta: 50m:18s; loss = 0.119295; ['mse_0=0.018418; ', 'lpips_0=0.026849; ', 'mse_1=0.013679; ', 'lpips_1=0.024248; ', 'mse_2=0.011597; ', 'lpips_2=0.024503; ']
train step[63/3000] ; used: 1m:5s; eta: 50m:16s; loss = 0.130484; ['mse_0=0.016762; ', 'lpips_0=0.027719; ', 'mse_1=0.014506; ', 'lpips_1=0.026078; ', 'mse_2=0.016934; ', 'lpips_2=0.028485; ']
train step[64/3000] ; used: 1m:6s; eta: 50m:14s; loss = 0.119994; ['mse_0=0.019709; ', 'lpips_0=0.026602; ', 'mse_1=0.013639; ', 'lpips_1=0.023501; ', 'mse_2=0.012044; ', 'lpips_2=0.024498; ']
train step[65/3000] ; used: 1m:7s; eta: 50m:12s; loss = 0.130337; ['mse_0=0.024408; ', 'lpips_0=0.027340; ', 'mse_1=0.014761; ', 'lpips_1=0.024086; ', 'mse_2=0.013949; ', 'lpips_2=0.025793; ']
train step[66/3000] ; used: 1m:8s; eta: 50m:10s; loss = 0.119709; ['mse_0=0.016146; ', 'lpips_0=0.029154; ', 'mse_1=0.010710; ', 'lpips_1=0.025438; ', 'mse_2=0.010982; ', 'lpips_2=0.027279; ']
train step[67/3000] ; used: 1m:9s; eta: 50m:8s; loss = 0.143401; ['mse_0=0.024934; ', 'lpips_0=0.027401; ', 'mse_1=0.017778; ', 'lpips_1=0.025693; ', 'mse_2=0.018996; ', 'lpips_2=0.028599; ']
train step[68/3000] ; used: 1m:10s; eta: 50m:6s; loss = 0.127022; ['mse_0=0.022415; ', 'lpips_0=0.028942; ', 'mse_1=0.013217; ', 'lpips_1=0.024483; ', 'mse_2=0.012633; ', 'lpips_2=0.025333; ']
train step[69/3000] ; used: 1m:11s; eta: 50m:4s; loss = 0.112787; ['mse_0=0.013780; ', 'lpips_0=0.026826; ', 'mse_1=0.010647; ', 'lpips_1=0.024754; ', 'mse_2=0.010076; ', 'lpips_2=0.026703; ']
train step[70/3000] ; used: 1m:12s; eta: 50m:2s; loss = 0.103124; ['mse_0=0.011193; ', 'lpips_0=0.027914; ', 'mse_1=0.007076; ', 'lpips_1=0.025073; ', 'mse_2=0.006218; ', 'lpips_2=0.025649; ']
train step[71/3000] ; used: 1m:13s; eta: 50m; loss = 0.121710; ['mse_0=0.017938; ', 'lpips_0=0.026419; ', 'mse_1=0.014736; ', 'lpips_1=0.023073; ', 'mse_2=0.013459; ', 'lpips_2=0.026086; ']
train step[72/3000] ; used: 1m:14s; eta: 50m; loss = 0.103817; ['mse_0=0.015116; ', 'lpips_0=0.027258; ', 'mse_1=0.007692; ', 'lpips_1=0.021687; ', 'mse_2=0.008068; ', 'lpips_2=0.023996; ']
train step[73/3000] ; used: 1m:15s; eta: 50m; loss = 0.149926; ['mse_0=0.026196; ', 'lpips_0=0.029557; ', 'mse_1=0.021409; ', 'lpips_1=0.026518; ', 'mse_2=0.019033; ', 'lpips_2=0.027212; ']
train step[74/3000] ; used: 1m:16s; eta: 50m; loss = 0.137843; ['mse_0=0.023711; ', 'lpips_0=0.028672; ', 'mse_1=0.018115; ', 'lpips_1=0.026178; ', 'mse_2=0.014674; ', 'lpips_2=0.026492; ']
train step[75/3000] ; used: 1m:17s; eta: 49m:59s; loss = 0.125681; ['mse_0=0.024122; ', 'lpips_0=0.027301; ', 'mse_1=0.012850; ', 'lpips_1=0.022935; ', 'mse_2=0.013307; ', 'lpips_2=0.025166; ']
train step[76/3000] ; used: 1m:18s; eta: 49m:58s; loss = 0.118564; ['mse_0=0.017106; ', 'lpips_0=0.027367; ', 'mse_1=0.011829; ', 'lpips_1=0.025203; ', 'mse_2=0.011488; ', 'lpips_2=0.025570; ']
train step[77/3000] ; used: 1m:19s; eta: 49m:57s; loss = 0.172926; ['mse_0=0.034593; ', 'lpips_0=0.029277; ', 'mse_1=0.027938; ', 'lpips_1=0.027045; ', 'mse_2=0.026473; ', 'lpips_2=0.027599; ']
train step[78/3000] ; used: 1m:21s; eta: 49m:56s; loss = 0.119436; ['mse_0=0.020068; ', 'lpips_0=0.026051; ', 'mse_1=0.013218; ', 'lpips_1=0.023608; ', 'mse_2=0.011385; ', 'lpips_2=0.025105; ']
train step[79/3000] ; used: 1m:22s; eta: 49m:54s; loss = 0.105924; ['mse_0=0.015555; ', 'lpips_0=0.027015; ', 'mse_1=0.008493; ', 'lpips_1=0.022695; ', 'mse_2=0.007925; ', 'lpips_2=0.024241; ']
train step[80/3000] ; used: 1m:23s; eta: 49m:54s; loss = 0.122024; ['mse_0=0.021232; ', 'lpips_0=0.027467; ', 'mse_1=0.013942; ', 'lpips_1=0.024340; ', 'mse_2=0.010654; ', 'lpips_2=0.024389; ']
train step[81/3000] ; used: 1m:24s; eta: 49m:53s; loss = 0.128022; ['mse_0=0.020870; ', 'lpips_0=0.026971; ', 'mse_1=0.014148; ', 'lpips_1=0.024375; ', 'mse_2=0.015123; ', 'lpips_2=0.026536; ']
train step[82/3000] ; used: 1m:25s; eta: 49m:52s; loss = 0.136228; ['mse_0=0.023304; ', 'lpips_0=0.028142; ', 'mse_1=0.015953; ', 'lpips_1=0.025425; ', 'mse_2=0.016516; ', 'lpips_2=0.026887; ']
train step[83/3000] ; used: 1m:26s; eta: 49m:51s; loss = 0.108946; ['mse_0=0.016111; ', 'lpips_0=0.026073; ', 'mse_1=0.010439; ', 'lpips_1=0.022253; ', 'mse_2=0.010410; ', 'lpips_2=0.023660; ']
train step[84/3000] ; used: 1m:27s; eta: 49m:50s; loss = 0.161834; ['mse_0=0.029170; ', 'lpips_0=0.030900; ', 'mse_1=0.023135; ', 'lpips_1=0.027598; ', 'mse_2=0.022589; ', 'lpips_2=0.028441; ']
train step[85/3000] ; used: 1m:28s; eta: 49m:49s; loss = 0.136778; ['mse_0=0.019895; ', 'lpips_0=0.030622; ', 'mse_1=0.014756; ', 'lpips_1=0.027920; ', 'mse_2=0.015370; ', 'lpips_2=0.028215; ']
train step[86/3000] ; used: 1m:29s; eta: 49m:48s; loss = 0.127092; ['mse_0=0.017864; ', 'lpips_0=0.028087; ', 'mse_1=0.013764; ', 'lpips_1=0.025239; ', 'mse_2=0.014901; ', 'lpips_2=0.027237; ']
train step[87/3000] ; used: 1m:30s; eta: 49m:46s; loss = 0.145730; ['mse_0=0.024293; ', 'lpips_0=0.030015; ', 'mse_1=0.019591; ', 'lpips_1=0.027226; ', 'mse_2=0.017218; ', 'lpips_2=0.027388; ']
train step[88/3000] ; used: 1m:31s; eta: 49m:45s; loss = 0.161756; ['mse_0=0.031873; ', 'lpips_0=0.029893; ', 'mse_1=0.023891; ', 'lpips_1=0.026673; ', 'mse_2=0.023055; ', 'lpips_2=0.026371; ']
train step[89/3000] ; used: 1m:32s; eta: 49m:44s; loss = 0.106449; ['mse_0=0.013395; ', 'lpips_0=0.025284; ', 'mse_1=0.010217; ', 'lpips_1=0.022882; ', 'mse_2=0.009942; ', 'lpips_2=0.024730; ']
train step[90/3000] ; used: 1m:33s; eta: 49m:45s; loss = 0.136451; ['mse_0=0.024167; ', 'lpips_0=0.027830; ', 'mse_1=0.018412; ', 'lpips_1=0.024125; ', 'mse_2=0.016670; ', 'lpips_2=0.025246; ']
train step[91/3000] ; used: 1m:34s; eta: 49m:44s; loss = 0.156793; ['mse_0=0.027537; ', 'lpips_0=0.030405; ', 'mse_1=0.021844; ', 'lpips_1=0.027711; ', 'mse_2=0.020686; ', 'lpips_2=0.028610; ']
train step[92/3000] ; used: 1m:35s; eta: 50m:1s; loss = 0.102377; ['mse_0=0.014348; ', 'lpips_0=0.025539; ', 'mse_1=0.009057; ', 'lpips_1=0.021640; ', 'mse_2=0.008297; ', 'lpips_2=0.023495; ']
train step[93/3000] ; used: 1m:37s; eta: 50m:2s; loss = 0.111673; ['mse_0=0.016204; ', 'lpips_0=0.025993; ', 'mse_1=0.011439; ', 'lpips_1=0.023584; ', 'mse_2=0.009690; ', 'lpips_2=0.024762; ']
train step[94/3000] ; used: 1m:38s; eta: 50m:2s; loss = 0.095434; ['mse_0=0.011813; ', 'lpips_0=0.026429; ', 'mse_1=0.006078; ', 'lpips_1=0.022260; ', 'mse_2=0.005637; ', 'lpips_2=0.023217; ']
train step[95/3000] ; used: 1m:39s; eta: 50m; loss = 0.117654; ['mse_0=0.016320; ', 'lpips_0=0.028376; ', 'mse_1=0.010997; ', 'lpips_1=0.025199; ', 'mse_2=0.010783; ', 'lpips_2=0.025979; ']
train step[96/3000] ; used: 1m:40s; eta: 49m:59s; loss = 0.126773; ['mse_0=0.017178; ', 'lpips_0=0.029061; ', 'mse_1=0.013736; ', 'lpips_1=0.026638; ', 'mse_2=0.012579; ', 'lpips_2=0.027581; ']
train step[97/3000] ; used: 1m:41s; eta: 49m:58s; loss = 0.127150; ['mse_0=0.018301; ', 'lpips_0=0.028326; ', 'mse_1=0.014468; ', 'lpips_1=0.026163; ', 'mse_2=0.013343; ', 'lpips_2=0.026550; ']
train step[98/3000] ; used: 1m:42s; eta: 49m:58s; loss = 0.104987; ['mse_0=0.013333; ', 'lpips_0=0.026963; ', 'mse_1=0.007985; ', 'lpips_1=0.024054; ', 'mse_2=0.007661; ', 'lpips_2=0.024990; ']
train step[99/3000] ; used: 1m:43s; eta: 49m:57s; loss = 0.125821; ['mse_0=0.019709; ', 'lpips_0=0.027003; ', 'mse_1=0.015592; ', 'lpips_1=0.024662; ', 'mse_2=0.013550; ', 'lpips_2=0.025306; ']
train step[100/3000] ; used: 1m:44s; eta: 49m:56s; loss = 0.109413; ['mse_0=0.013243; ', 'lpips_0=0.028571; ', 'mse_1=0.007303; ', 'lpips_1=0.025639; ', 'mse_2=0.007548; ', 'lpips_2=0.027108; ']
train step[101/3000] ; used: 1m:45s; eta: 49m:56s; loss = 0.119814; ['mse_0=0.019629; ', 'lpips_0=0.026747; ', 'mse_1=0.013060; ', 'lpips_1=0.022808; ', 'mse_2=0.013052; ', 'lpips_2=0.024519; ']
train step[102/3000] ; used: 1m:46s; eta: 49m:55s; loss = 0.141855; ['mse_0=0.022332; ', 'lpips_0=0.028393; ', 'mse_1=0.019080; ', 'lpips_1=0.025295; ', 'mse_2=0.020352; ', 'lpips_2=0.026403; ']
train step[103/3000] ; used: 1m:47s; eta: 49m:55s; loss = 0.099916; ['mse_0=0.014927; ', 'lpips_0=0.025498; ', 'mse_1=0.009631; ', 'lpips_1=0.021040; ', 'mse_2=0.007615; ', 'lpips_2=0.021205; ']
train step[104/3000] ; used: 1m:48s; eta: 49m:54s; loss = 0.103182; ['mse_0=0.013211; ', 'lpips_0=0.026806; ', 'mse_1=0.008393; ', 'lpips_1=0.024063; ', 'mse_2=0.007671; ', 'lpips_2=0.023039; ']
train step[105/3000] ; used: 1m:49s; eta: 49m:52s; loss = 0.107843; ['mse_0=0.015380; ', 'lpips_0=0.027547; ', 'mse_1=0.009124; ', 'lpips_1=0.022610; ', 'mse_2=0.008973; ', 'lpips_2=0.024210; ']
train step[106/3000] ; used: 1m:50s; eta: 49m:50s; loss = 0.098693; ['mse_0=0.011493; ', 'lpips_0=0.026283; ', 'mse_1=0.006663; ', 'lpips_1=0.022522; ', 'mse_2=0.007380; ', 'lpips_2=0.024354; ']
train step[107/3000] ; used: 1m:51s; eta: 49m:48s; loss = 0.133858; ['mse_0=0.024826; ', 'lpips_0=0.026699; ', 'mse_1=0.017184; ', 'lpips_1=0.024483; ', 'mse_2=0.015615; ', 'lpips_2=0.025051; ']
train step[108/3000] ; used: 1m:52s; eta: 49m:46s; loss = 0.111479; ['mse_0=0.018221; ', 'lpips_0=0.026894; ', 'mse_1=0.010341; ', 'lpips_1=0.022733; ', 'mse_2=0.009711; ', 'lpips_2=0.023578; ']
train step[109/3000] ; used: 1m:53s; eta: 49m:45s; loss = 0.092719; ['mse_0=0.010930; ', 'lpips_0=0.025329; ', 'mse_1=0.006365; ', 'lpips_1=0.020840; ', 'mse_2=0.006286; ', 'lpips_2=0.022969; ']
Skipped bad example 1c46c37d7928785e. Context shape was torch.Size([2, 3, 338, 640]) and target shape was torch.Size([4, 3, 338, 640]).
train step[110/3000] ; used: 1m:54s; eta: 49m:43s; loss = 0.117456; ['mse_0=0.013777; ', 'lpips_0=0.028996; ', 'mse_1=0.012321; ', 'lpips_1=0.024192; ', 'mse_2=0.012385; ', 'lpips_2=0.025784; ']
train step[111/3000] ; used: 1m:55s; eta: 49m:42s; loss = 0.111327; ['mse_0=0.014989; ', 'lpips_0=0.028960; ', 'mse_1=0.009989; ', 'lpips_1=0.024116; ', 'mse_2=0.009383; ', 'lpips_2=0.023889; ']
train step[112/3000] ; used: 1m:56s; eta: 49m:40s; loss = 0.109929; ['mse_0=0.013871; ', 'lpips_0=0.026401; ', 'mse_1=0.009290; ', 'lpips_1=0.024314; ', 'mse_2=0.010200; ', 'lpips_2=0.025852; ']
train step[113/3000] ; used: 1m:57s; eta: 49m:39s; loss = 0.120947; ['mse_0=0.017618; ', 'lpips_0=0.027566; ', 'mse_1=0.012477; ', 'lpips_1=0.024430; ', 'mse_2=0.013346; ', 'lpips_2=0.025509; ']
train step[114/3000] ; used: 1m:58s; eta: 49m:37s; loss = 0.100577; ['mse_0=0.013438; ', 'lpips_0=0.024980; ', 'mse_1=0.008936; ', 'lpips_1=0.022524; ', 'mse_2=0.007282; ', 'lpips_2=0.023418; ']
train step[115/3000] ; used: 1m:59s; eta: 49m:35s; loss = 0.136824; ['mse_0=0.022803; ', 'lpips_0=0.028372; ', 'mse_1=0.016684; ', 'lpips_1=0.025050; ', 'mse_2=0.017058; ', 'lpips_2=0.026857; ']
train step[116/3000] ; used: 2m; eta: 49m:33s; loss = 0.121545; ['mse_0=0.018762; ', 'lpips_0=0.026980; ', 'mse_1=0.013658; ', 'lpips_1=0.024361; ', 'mse_2=0.013142; ', 'lpips_2=0.024641; ']
train step[117/3000] ; used: 2m:1s; eta: 49m:31s; loss = 0.101785; ['mse_0=0.010030; ', 'lpips_0=0.027283; ', 'mse_1=0.008420; ', 'lpips_1=0.023976; ', 'mse_2=0.008048; ', 'lpips_2=0.024027; ']
train step[118/3000] ; used: 2m:2s; eta: 49m:29s; loss = 0.109315; ['mse_0=0.011350; ', 'lpips_0=0.028229; ', 'mse_1=0.009173; ', 'lpips_1=0.027132; ', 'mse_2=0.007410; ', 'lpips_2=0.026023; ']
train step[119/3000] ; used: 2m:3s; eta: 49m:28s; loss = 0.122512; ['mse_0=0.018863; ', 'lpips_0=0.028208; ', 'mse_1=0.012379; ', 'lpips_1=0.024814; ', 'mse_2=0.012493; ', 'lpips_2=0.025754; ']
train step[120/3000] ; used: 2m:4s; eta: 49m:25s; loss = 0.125880; ['mse_0=0.018847; ', 'lpips_0=0.028441; ', 'mse_1=0.013852; ', 'lpips_1=0.025410; ', 'mse_2=0.013574; ', 'lpips_2=0.025756; ']
train step[121/3000] ; used: 2m:5s; eta: 49m:25s; loss = 0.110058; ['mse_0=0.010360; ', 'lpips_0=0.028651; ', 'mse_1=0.009220; ', 'lpips_1=0.026568; ', 'mse_2=0.008292; ', 'lpips_2=0.026966; ']
train step[122/3000] ; used: 2m:6s; eta: 49m:24s; loss = 0.103551; ['mse_0=0.012654; ', 'lpips_0=0.027086; ', 'mse_1=0.008296; ', 'lpips_1=0.023343; ', 'mse_2=0.008382; ', 'lpips_2=0.023790; ']
train step[123/3000] ; used: 2m:7s; eta: 49m:23s; loss = 0.096224; ['mse_0=0.009102; ', 'lpips_0=0.027601; ', 'mse_1=0.006037; ', 'lpips_1=0.023262; ', 'mse_2=0.006213; ', 'lpips_2=0.024010; ']
train step[124/3000] ; used: 2m:8s; eta: 49m:22s; loss = 0.116068; ['mse_0=0.014082; ', 'lpips_0=0.028473; ', 'mse_1=0.011105; ', 'lpips_1=0.025883; ', 'mse_2=0.010721; ', 'lpips_2=0.025804; ']
train step[125/3000] ; used: 2m:9s; eta: 49m:21s; loss = 0.128009; ['mse_0=0.020347; ', 'lpips_0=0.028685; ', 'mse_1=0.014285; ', 'lpips_1=0.025713; ', 'mse_2=0.013025; ', 'lpips_2=0.025954; ']
train step[126/3000] ; used: 2m:10s; eta: 49m:20s; loss = 0.131464; ['mse_0=0.018729; ', 'lpips_0=0.029292; ', 'mse_1=0.013994; ', 'lpips_1=0.027167; ', 'mse_2=0.014623; ', 'lpips_2=0.027659; ']
train step[127/3000] ; used: 2m:11s; eta: 49m:19s; loss = 0.111206; ['mse_0=0.017000; ', 'lpips_0=0.025968; ', 'mse_1=0.011941; ', 'lpips_1=0.022230; ', 'mse_2=0.011345; ', 'lpips_2=0.022721; ']
train step[128/3000] ; used: 2m:13s; eta: 49m:24s; loss = 0.134123; ['mse_0=0.022487; ', 'lpips_0=0.029313; ', 'mse_1=0.015799; ', 'lpips_1=0.025915; ', 'mse_2=0.015419; ', 'lpips_2=0.025190; ']
train step[129/3000] ; used: 2m:14s; eta: 49m:23s; loss = 0.102219; ['mse_0=0.011716; ', 'lpips_0=0.025693; ', 'mse_1=0.008828; ', 'lpips_1=0.022953; ', 'mse_2=0.008456; ', 'lpips_2=0.024573; ']
train step[130/3000] ; used: 2m:15s; eta: 49m:21s; loss = 0.114254; ['mse_0=0.014721; ', 'lpips_0=0.027348; ', 'mse_1=0.010572; ', 'lpips_1=0.024987; ', 'mse_2=0.010481; ', 'lpips_2=0.026145; ']
train step[131/3000] ; used: 2m:16s; eta: 49m:21s; loss = 0.154054; ['mse_0=0.023742; ', 'lpips_0=0.030673; ', 'mse_1=0.021894; ', 'lpips_1=0.028793; ', 'mse_2=0.020120; ', 'lpips_2=0.028831; ']
Skipped bad example d9dc27d0e5121b5a. Context shape was torch.Size([2, 3, 270, 640]) and target shape was torch.Size([4, 3, 270, 640]).
train step[132/3000] ; used: 2m:17s; eta: 49m:21s; loss = 0.137875; ['mse_0=0.020731; ', 'lpips_0=0.030936; ', 'mse_1=0.015810; ', 'lpips_1=0.028341; ', 'mse_2=0.015243; ', 'lpips_2=0.026814; ']
train step[133/3000] ; used: 2m:18s; eta: 49m:20s; loss = 0.122924; ['mse_0=0.022018; ', 'lpips_0=0.027559; ', 'mse_1=0.013290; ', 'lpips_1=0.023755; ', 'mse_2=0.012689; ', 'lpips_2=0.023613; ']
train step[134/3000] ; used: 2m:19s; eta: 49m:19s; loss = 0.137634; ['mse_0=0.021397; ', 'lpips_0=0.029038; ', 'mse_1=0.017738; ', 'lpips_1=0.027334; ', 'mse_2=0.015219; ', 'lpips_2=0.026910; ']
train step[135/3000] ; used: 2m:20s; eta: 49m:18s; loss = 0.113055; ['mse_0=0.014331; ', 'lpips_0=0.028731; ', 'mse_1=0.009683; ', 'lpips_1=0.024956; ', 'mse_2=0.009582; ', 'lpips_2=0.025773; ']
train step[136/3000] ; used: 2m:21s; eta: 49m:17s; loss = 0.147470; ['mse_0=0.023601; ', 'lpips_0=0.030024; ', 'mse_1=0.018120; ', 'lpips_1=0.027529; ', 'mse_2=0.019774; ', 'lpips_2=0.028421; ']
train step[137/3000] ; used: 2m:22s; eta: 49m:15s; loss = 0.098854; ['mse_0=0.010236; ', 'lpips_0=0.026842; ', 'mse_1=0.006917; ', 'lpips_1=0.023660; ', 'mse_2=0.006823; ', 'lpips_2=0.024377; ']
train step[138/3000] ; used: 2m:23s; eta: 49m:14s; loss = 0.111957; ['mse_0=0.015925; ', 'lpips_0=0.026624; ', 'mse_1=0.011435; ', 'lpips_1=0.023050; ', 'mse_2=0.011508; ', 'lpips_2=0.023415; ']
train step[139/3000] ; used: 2m:24s; eta: 49m:13s; loss = 0.104688; ['mse_0=0.012904; ', 'lpips_0=0.026555; ', 'mse_1=0.007787; ', 'lpips_1=0.023144; ', 'mse_2=0.008771; ', 'lpips_2=0.025527; ']
train step[140/3000] ; used: 2m:25s; eta: 49m:12s; loss = 0.098432; ['mse_0=0.010309; ', 'lpips_0=0.026606; ', 'mse_1=0.007654; ', 'lpips_1=0.023553; ', 'mse_2=0.006928; ', 'lpips_2=0.023382; ']
train step[141/3000] ; used: 2m:26s; eta: 49m:12s; loss = 0.099052; ['mse_0=0.011691; ', 'lpips_0=0.026370; ', 'mse_1=0.007571; ', 'lpips_1=0.022970; ', 'mse_2=0.007420; ', 'lpips_2=0.023030; ']
train step[142/3000] ; used: 2m:27s; eta: 49m:11s; loss = 0.106765; ['mse_0=0.012936; ', 'lpips_0=0.028628; ', 'mse_1=0.007989; ', 'lpips_1=0.024845; ', 'mse_2=0.007672; ', 'lpips_2=0.024695; ']
train step[143/3000] ; used: 2m:28s; eta: 49m:10s; loss = 0.097550; ['mse_0=0.011657; ', 'lpips_0=0.027135; ', 'mse_1=0.007486; ', 'lpips_1=0.022818; ', 'mse_2=0.006607; ', 'lpips_2=0.021849; ']
train step[144/3000] ; used: 2m:29s; eta: 49m:10s; loss = 0.104153; ['mse_0=0.013175; ', 'lpips_0=0.025204; ', 'mse_1=0.009066; ', 'lpips_1=0.022933; ', 'mse_2=0.009749; ', 'lpips_2=0.024026; ']
train step[145/3000] ; used: 2m:30s; eta: 49m:9s; loss = 0.114144; ['mse_0=0.013149; ', 'lpips_0=0.028180; ', 'mse_1=0.010816; ', 'lpips_1=0.025740; ', 'mse_2=0.010370; ', 'lpips_2=0.025888; ']
train step[146/3000] ; used: 2m:31s; eta: 49m:8s; loss = 0.098634; ['mse_0=0.011948; ', 'lpips_0=0.026924; ', 'mse_1=0.007600; ', 'lpips_1=0.022590; ', 'mse_2=0.006733; ', 'lpips_2=0.022840; ']
train step[147/3000] ; used: 2m:32s; eta: 49m:7s; loss = 0.095415; ['mse_0=0.008629; ', 'lpips_0=0.027568; ', 'mse_1=0.007181; ', 'lpips_1=0.023412; ', 'mse_2=0.006219; ', 'lpips_2=0.022406; ']
train step[148/3000] ; used: 2m:33s; eta: 49m:5s; loss = 0.125361; ['mse_0=0.021197; ', 'lpips_0=0.027827; ', 'mse_1=0.014848; ', 'lpips_1=0.023317; ', 'mse_2=0.014253; ', 'lpips_2=0.023920; ']
train step[149/3000] ; used: 2m:34s; eta: 49m:4s; loss = 0.120022; ['mse_0=0.022051; ', 'lpips_0=0.026888; ', 'mse_1=0.013680; ', 'lpips_1=0.022249; ', 'mse_2=0.012716; ', 'lpips_2=0.022438; ']
train step[150/3000] ; used: 2m:35s; eta: 49m:2s; loss = 0.106676; ['mse_0=0.012402; ', 'lpips_0=0.027671; ', 'mse_1=0.009027; ', 'lpips_1=0.024058; ', 'mse_2=0.008725; ', 'lpips_2=0.024792; ']
train step[151/3000] ; used: 2m:36s; eta: 49m:1s; loss = 0.177801; ['mse_0=0.033002; ', 'lpips_0=0.029444; ', 'mse_1=0.030354; ', 'lpips_1=0.028705; ', 'mse_2=0.028229; ', 'lpips_2=0.028068; ']
train step[152/3000] ; used: 2m:37s; eta: 49m; loss = 0.111096; ['mse_0=0.012232; ', 'lpips_0=0.027378; ', 'mse_1=0.010934; ', 'lpips_1=0.025608; ', 'mse_2=0.010104; ', 'lpips_2=0.024839; ']
train step[153/3000] ; used: 2m:38s; eta: 48m:58s; loss = 0.144724; ['mse_0=0.023267; ', 'lpips_0=0.029725; ', 'mse_1=0.018622; ', 'lpips_1=0.027018; ', 'mse_2=0.018520; ', 'lpips_2=0.027572; ']
train step[154/3000] ; used: 2m:39s; eta: 48m:57s; loss = 0.120114; ['mse_0=0.017487; ', 'lpips_0=0.027451; ', 'mse_1=0.012795; ', 'lpips_1=0.025010; ', 'mse_2=0.012194; ', 'lpips_2=0.025178; ']
train step[155/3000] ; used: 2m:41s; eta: 48m:56s; loss = 0.100048; ['mse_0=0.014199; ', 'lpips_0=0.024602; ', 'mse_1=0.010173; ', 'lpips_1=0.020796; ', 'mse_2=0.008676; ', 'lpips_2=0.021602; ']
train step[156/3000] ; used: 2m:42s; eta: 48m:55s; loss = 0.124655; ['mse_0=0.017820; ', 'lpips_0=0.028218; ', 'mse_1=0.014306; ', 'lpips_1=0.025029; ', 'mse_2=0.013740; ', 'lpips_2=0.025542; ']
train step[157/3000] ; used: 2m:43s; eta: 48m:53s; loss = 0.123641; ['mse_0=0.015497; ', 'lpips_0=0.028677; ', 'mse_1=0.012841; ', 'lpips_1=0.026828; ', 'mse_2=0.012383; ', 'lpips_2=0.027414; ']
train step[158/3000] ; used: 2m:44s; eta: 48m:52s; loss = 0.131189; ['mse_0=0.019478; ', 'lpips_0=0.029008; ', 'mse_1=0.014455; ', 'lpips_1=0.026906; ', 'mse_2=0.014241; ', 'lpips_2=0.027101; ']
train step[159/3000] ; used: 2m:45s; eta: 48m:50s; loss = 0.122002; ['mse_0=0.016841; ', 'lpips_0=0.028962; ', 'mse_1=0.012200; ', 'lpips_1=0.025751; ', 'mse_2=0.011978; ', 'lpips_2=0.026270; ']
train step[160/3000] ; used: 2m:46s; eta: 48m:49s; loss = 0.125434; ['mse_0=0.018042; ', 'lpips_0=0.029029; ', 'mse_1=0.013336; ', 'lpips_1=0.026749; ', 'mse_2=0.012375; ', 'lpips_2=0.025902; ']
train step[161/3000] ; used: 2m:47s; eta: 48m:47s; loss = 0.105297; ['mse_0=0.009684; ', 'lpips_0=0.028146; ', 'mse_1=0.008877; ', 'lpips_1=0.026156; ', 'mse_2=0.007453; ', 'lpips_2=0.024981; ']
train step[162/3000] ; used: 2m:48s; eta: 48m:46s; loss = 0.110390; ['mse_0=0.013922; ', 'lpips_0=0.028611; ', 'mse_1=0.009771; ', 'lpips_1=0.024695; ', 'mse_2=0.009107; ', 'lpips_2=0.024283; ']
train step[163/3000] ; used: 2m:49s; eta: 48m:45s; loss = 0.095930; ['mse_0=0.010860; ', 'lpips_0=0.025967; ', 'mse_1=0.006765; ', 'lpips_1=0.022041; ', 'mse_2=0.006865; ', 'lpips_2=0.023432; ']
train step[164/3000] ; used: 2m:50s; eta: 48m:43s; loss = 0.135887; ['mse_0=0.020640; ', 'lpips_0=0.029215; ', 'mse_1=0.017401; ', 'lpips_1=0.026481; ', 'mse_2=0.016070; ', 'lpips_2=0.026080; ']
train step[165/3000] ; used: 2m:51s; eta: 48m:42s; loss = 0.107731; ['mse_0=0.016783; ', 'lpips_0=0.025924; ', 'mse_1=0.010395; ', 'lpips_1=0.020749; ', 'mse_2=0.010656; ', 'lpips_2=0.023223; ']
train step[166/3000] ; used: 2m:52s; eta: 48m:40s; loss = 0.123938; ['mse_0=0.020728; ', 'lpips_0=0.028728; ', 'mse_1=0.013664; ', 'lpips_1=0.023437; ', 'mse_2=0.013141; ', 'lpips_2=0.024241; ']
train step[167/3000] ; used: 2m:53s; eta: 48m:39s; loss = 0.118361; ['mse_0=0.016009; ', 'lpips_0=0.027967; ', 'mse_1=0.012547; ', 'lpips_1=0.025786; ', 'mse_2=0.010508; ', 'lpips_2=0.025543; ']
train step[168/3000] ; used: 2m:54s; eta: 48m:37s; loss = 0.107732; ['mse_0=0.013410; ', 'lpips_0=0.026538; ', 'mse_1=0.011200; ', 'lpips_1=0.022927; ', 'mse_2=0.009913; ', 'lpips_2=0.023744; ']
train step[169/3000] ; used: 2m:55s; eta: 48m:36s; loss = 0.094482; ['mse_0=0.009667; ', 'lpips_0=0.025386; ', 'mse_1=0.006783; ', 'lpips_1=0.022194; ', 'mse_2=0.007047; ', 'lpips_2=0.023405; ']
train step[170/3000] ; used: 2m:56s; eta: 48m:35s; loss = 0.130139; ['mse_0=0.019332; ', 'lpips_0=0.028031; ', 'mse_1=0.017241; ', 'lpips_1=0.024999; ', 'mse_2=0.015503; ', 'lpips_2=0.025033; ']
train step[171/3000] ; used: 2m:57s; eta: 48m:34s; loss = 0.105037; ['mse_0=0.015846; ', 'lpips_0=0.027571; ', 'mse_1=0.009715; ', 'lpips_1=0.020637; ', 'mse_2=0.010165; ', 'lpips_2=0.021102; ']
train step[172/3000] ; used: 2m:58s; eta: 48m:33s; loss = 0.098473; ['mse_0=0.011225; ', 'lpips_0=0.027112; ', 'mse_1=0.006899; ', 'lpips_1=0.022776; ', 'mse_2=0.007088; ', 'lpips_2=0.023374; ']
train step[173/3000] ; used: 2m:59s; eta: 48m:31s; loss = 0.088743; ['mse_0=0.006616; ', 'lpips_0=0.026010; ', 'mse_1=0.004732; ', 'lpips_1=0.022717; ', 'mse_2=0.004837; ', 'lpips_2=0.023831; ']
train step[174/3000] ; used: 3m; eta: 48m:30s; loss = 0.097342; ['mse_0=0.012371; ', 'lpips_0=0.026174; ', 'mse_1=0.008372; ', 'lpips_1=0.021368; ', 'mse_2=0.007642; ', 'lpips_2=0.021416; ']
train step[175/3000] ; used: 3m:1s; eta: 48m:29s; loss = 0.117238; ['mse_0=0.016651; ', 'lpips_0=0.027749; ', 'mse_1=0.012422; ', 'lpips_1=0.023873; ', 'mse_2=0.012433; ', 'lpips_2=0.024109; ']
train step[176/3000] ; used: 3m:2s; eta: 48m:28s; loss = 0.140347; ['mse_0=0.027549; ', 'lpips_0=0.027262; ', 'mse_1=0.019789; ', 'lpips_1=0.023008; ', 'mse_2=0.018646; ', 'lpips_2=0.024092; ']
train step[177/3000] ; used: 3m:3s; eta: 48m:27s; loss = 0.112039; ['mse_0=0.014745; ', 'lpips_0=0.028110; ', 'mse_1=0.010748; ', 'lpips_1=0.023874; ', 'mse_2=0.010531; ', 'lpips_2=0.024030; ']
train step[178/3000] ; used: 3m:4s; eta: 48m:26s; loss = 0.101958; ['mse_0=0.013111; ', 'lpips_0=0.027554; ', 'mse_1=0.007716; ', 'lpips_1=0.022408; ', 'mse_2=0.007942; ', 'lpips_2=0.023227; ']
train step[179/3000] ; used: 3m:5s; eta: 48m:25s; loss = 0.094148; ['mse_0=0.008310; ', 'lpips_0=0.027935; ', 'mse_1=0.005929; ', 'lpips_1=0.023263; ', 'mse_2=0.005622; ', 'lpips_2=0.023088; ']
train step[180/3000] ; used: 3m:6s; eta: 48m:23s; loss = 0.120225; ['mse_0=0.016167; ', 'lpips_0=0.026752; ', 'mse_1=0.013801; ', 'lpips_1=0.024848; ', 'mse_2=0.013066; ', 'lpips_2=0.025592; ']
train step[181/3000] ; used: 3m:7s; eta: 48m:22s; loss = 0.091199; ['mse_0=0.009083; ', 'lpips_0=0.024608; ', 'mse_1=0.006840; ', 'lpips_1=0.021399; ', 'mse_2=0.006802; ', 'lpips_2=0.022466; ']
train step[182/3000] ; used: 3m:8s; eta: 48m:21s; loss = 0.145518; ['mse_0=0.025055; ', 'lpips_0=0.029788; ', 'mse_1=0.018660; ', 'lpips_1=0.026014; ', 'mse_2=0.019464; ', 'lpips_2=0.026537; ']
train step[183/3000] ; used: 3m:9s; eta: 48m:19s; loss = 0.105168; ['mse_0=0.014481; ', 'lpips_0=0.027039; ', 'mse_1=0.009860; ', 'lpips_1=0.022574; ', 'mse_2=0.008875; ', 'lpips_2=0.022339; ']
train step[184/3000] ; used: 3m:10s; eta: 48m:18s; loss = 0.129828; ['mse_0=0.024247; ', 'lpips_0=0.027261; ', 'mse_1=0.017715; ', 'lpips_1=0.021985; ', 'mse_2=0.016388; ', 'lpips_2=0.022232; ']
train step[185/3000] ; used: 3m:11s; eta: 48m:17s; loss = 0.122829; ['mse_0=0.016692; ', 'lpips_0=0.027425; ', 'mse_1=0.013349; ', 'lpips_1=0.024425; ', 'mse_2=0.014767; ', 'lpips_2=0.026172; ']
train step[186/3000] ; used: 3m:12s; eta: 48m:16s; loss = 0.158031; ['mse_0=0.027706; ', 'lpips_0=0.028650; ', 'mse_1=0.025426; ', 'lpips_1=0.026702; ', 'mse_2=0.022064; ', 'lpips_2=0.027483; ']
train step[187/3000] ; used: 3m:13s; eta: 48m:14s; loss = 0.133514; ['mse_0=0.021062; ', 'lpips_0=0.028401; ', 'mse_1=0.016641; ', 'lpips_1=0.025284; ', 'mse_2=0.016245; ', 'lpips_2=0.025881; ']
train step[188/3000] ; used: 3m:14s; eta: 48m:14s; loss = 0.133455; ['mse_0=0.019991; ', 'lpips_0=0.029649; ', 'mse_1=0.015592; ', 'lpips_1=0.026538; ', 'mse_2=0.015157; ', 'lpips_2=0.026528; ']
train step[189/3000] ; used: 3m:15s; eta: 48m:13s; loss = 0.143556; ['mse_0=0.024624; ', 'lpips_0=0.028820; ', 'mse_1=0.020466; ', 'lpips_1=0.025250; ', 'mse_2=0.019061; ', 'lpips_2=0.025335; ']
train step[190/3000] ; used: 3m:16s; eta: 48m:12s; loss = 0.087823; ['mse_0=0.007005; ', 'lpips_0=0.027008; ', 'mse_1=0.004206; ', 'lpips_1=0.022938; ', 'mse_2=0.003735; ', 'lpips_2=0.022931; ']
train step[191/3000] ; used: 3m:17s; eta: 48m:11s; loss = 0.096182; ['mse_0=0.012029; ', 'lpips_0=0.024156; ', 'mse_1=0.008245; ', 'lpips_1=0.021350; ', 'mse_2=0.008236; ', 'lpips_2=0.022166; ']
train step[192/3000] ; used: 3m:18s; eta: 48m:10s; loss = 0.106715; ['mse_0=0.013570; ', 'lpips_0=0.025018; ', 'mse_1=0.010101; ', 'lpips_1=0.024415; ', 'mse_2=0.008965; ', 'lpips_2=0.024645; ']
train step[193/3000] ; used: 3m:19s; eta: 48m:10s; loss = 0.121155; ['mse_0=0.017215; ', 'lpips_0=0.028223; ', 'mse_1=0.012741; ', 'lpips_1=0.024490; ', 'mse_2=0.013279; ', 'lpips_2=0.025207; ']
train step[194/3000] ; used: 3m:20s; eta: 48m:8s; loss = 0.123497; ['mse_0=0.016920; ', 'lpips_0=0.028410; ', 'mse_1=0.013071; ', 'lpips_1=0.025160; ', 'mse_2=0.013629; ', 'lpips_2=0.026306; ']
train step[195/3000] ; used: 3m:21s; eta: 48m:7s; loss = 0.092224; ['mse_0=0.006444; ', 'lpips_0=0.026683; ', 'mse_1=0.005924; ', 'lpips_1=0.023388; ', 'mse_2=0.006053; ', 'lpips_2=0.023731; ']
train step[196/3000] ; used: 3m:22s; eta: 48m:6s; loss = 0.107225; ['mse_0=0.012059; ', 'lpips_0=0.027479; ', 'mse_1=0.009787; ', 'lpips_1=0.024387; ', 'mse_2=0.009274; ', 'lpips_2=0.024238; ']
train step[197/3000] ; used: 3m:23s; eta: 48m:5s; loss = 0.114764; ['mse_0=0.015138; ', 'lpips_0=0.028211; ', 'mse_1=0.011179; ', 'lpips_1=0.025400; ', 'mse_2=0.009463; ', 'lpips_2=0.025373; ']
train step[198/3000] ; used: 3m:24s; eta: 48m:3s; loss = 0.122372; ['mse_0=0.018756; ', 'lpips_0=0.028006; ', 'mse_1=0.013199; ', 'lpips_1=0.023624; ', 'mse_2=0.014405; ', 'lpips_2=0.024383; ']
train step[199/3000] ; used: 3m:25s; eta: 48m:3s; loss = 0.107471; ['mse_0=0.015598; ', 'lpips_0=0.026042; ', 'mse_1=0.011396; ', 'lpips_1=0.021983; ', 'mse_2=0.010745; ', 'lpips_2=0.021705; ']
train step[200/3000] ; used: 3m:26s; eta: 48m:1s; loss = 0.124051; ['mse_0=0.019969; ', 'lpips_0=0.028216; ', 'mse_1=0.012799; ', 'lpips_1=0.023798; ', 'mse_2=0.014246; ', 'lpips_2=0.025022; ']
train step[201/3000] ; used: 3m:27s; eta: 48m; loss = 0.110494; ['mse_0=0.012529; ', 'lpips_0=0.028179; ', 'mse_1=0.009471; ', 'lpips_1=0.024506; ', 'mse_2=0.010034; ', 'lpips_2=0.025775; ']
train step[202/3000] ; used: 3m:28s; eta: 47m:59s; loss = 0.109415; ['mse_0=0.014669; ', 'lpips_0=0.026959; ', 'mse_1=0.010228; ', 'lpips_1=0.023364; ', 'mse_2=0.010389; ', 'lpips_2=0.023805; ']
train step[203/3000] ; used: 3m:29s; eta: 47m:58s; loss = 0.103859; ['mse_0=0.014166; ', 'lpips_0=0.026803; ', 'mse_1=0.009249; ', 'lpips_1=0.022706; ', 'mse_2=0.008040; ', 'lpips_2=0.022894; ']
train step[204/3000] ; used: 3m:30s; eta: 47m:56s; loss = 0.106256; ['mse_0=0.012188; ', 'lpips_0=0.027504; ', 'mse_1=0.009431; ', 'lpips_1=0.023486; ', 'mse_2=0.009240; ', 'lpips_2=0.024406; ']
train step[205/3000] ; used: 3m:31s; eta: 47m:55s; loss = 0.120382; ['mse_0=0.019019; ', 'lpips_0=0.027775; ', 'mse_1=0.013398; ', 'lpips_1=0.023451; ', 'mse_2=0.013085; ', 'lpips_2=0.023655; ']
train step[206/3000] ; used: 3m:33s; eta: 47m:55s; loss = 0.132399; ['mse_0=0.019142; ', 'lpips_0=0.028391; ', 'mse_1=0.016160; ', 'lpips_1=0.025986; ', 'mse_2=0.016501; ', 'lpips_2=0.026220; ']
train step[207/3000] ; used: 3m:34s; eta: 47m:54s; loss = 0.107329; ['mse_0=0.016107; ', 'lpips_0=0.026113; ', 'mse_1=0.010322; ', 'lpips_1=0.021061; ', 'mse_2=0.011054; ', 'lpips_2=0.022673; ']
train step[208/3000] ; used: 3m:35s; eta: 47m:53s; loss = 0.115140; ['mse_0=0.016356; ', 'lpips_0=0.027993; ', 'mse_1=0.011147; ', 'lpips_1=0.023690; ', 'mse_2=0.011660; ', 'lpips_2=0.024294; ']
train step[209/3000] ; used: 3m:36s; eta: 47m:52s; loss = 0.125735; ['mse_0=0.017694; ', 'lpips_0=0.029644; ', 'mse_1=0.013995; ', 'lpips_1=0.026114; ', 'mse_2=0.013044; ', 'lpips_2=0.025244; ']
train step[210/3000] ; used: 3m:37s; eta: 47m:50s; loss = 0.088213; ['mse_0=0.008547; ', 'lpips_0=0.025649; ', 'mse_1=0.005302; ', 'lpips_1=0.022386; ', 'mse_2=0.004584; ', 'lpips_2=0.021745; ']
train step[211/3000] ; used: 3m:38s; eta: 47m:50s; loss = 0.145943; ['mse_0=0.026145; ', 'lpips_0=0.028629; ', 'mse_1=0.021868; ', 'lpips_1=0.023542; ', 'mse_2=0.021320; ', 'lpips_2=0.024439; ']
train step[212/3000] ; used: 3m:39s; eta: 47m:49s; loss = 0.129663; ['mse_0=0.019265; ', 'lpips_0=0.028766; ', 'mse_1=0.016042; ', 'lpips_1=0.025249; ', 'mse_2=0.015465; ', 'lpips_2=0.024876; ']
train step[213/3000] ; used: 3m:40s; eta: 47m:48s; loss = 0.088552; ['mse_0=0.010729; ', 'lpips_0=0.024274; ', 'mse_1=0.006273; ', 'lpips_1=0.019208; ', 'mse_2=0.006786; ', 'lpips_2=0.021282; ']
train step[214/3000] ; used: 3m:41s; eta: 47m:47s; loss = 0.106464; ['mse_0=0.012367; ', 'lpips_0=0.026686; ', 'mse_1=0.009449; ', 'lpips_1=0.023726; ', 'mse_2=0.009888; ', 'lpips_2=0.024349; ']
train step[215/3000] ; used: 3m:42s; eta: 47m:47s; loss = 0.115511; ['mse_0=0.016945; ', 'lpips_0=0.027448; ', 'mse_1=0.012556; ', 'lpips_1=0.022614; ', 'mse_2=0.012656; ', 'lpips_2=0.023291; ']
train step[216/3000] ; used: 3m:43s; eta: 47m:45s; loss = 0.115938; ['mse_0=0.017522; ', 'lpips_0=0.027063; ', 'mse_1=0.011747; ', 'lpips_1=0.022807; ', 'mse_2=0.012739; ', 'lpips_2=0.024061; ']
train step[217/3000] ; used: 3m:44s; eta: 47m:45s; loss = 0.121797; ['mse_0=0.019448; ', 'lpips_0=0.026881; ', 'mse_1=0.014136; ', 'lpips_1=0.022518; ', 'mse_2=0.014695; ', 'lpips_2=0.024118; ']
train step[218/3000] ; used: 3m:45s; eta: 47m:44s; loss = 0.091702; ['mse_0=0.011138; ', 'lpips_0=0.026841; ', 'mse_1=0.006093; ', 'lpips_1=0.021188; ', 'mse_2=0.005564; ', 'lpips_2=0.020878; ']
train step[219/3000] ; used: 3m:46s; eta: 47m:42s; loss = 0.113866; ['mse_0=0.015334; ', 'lpips_0=0.027232; ', 'mse_1=0.012570; ', 'lpips_1=0.023503; ', 'mse_2=0.011410; ', 'lpips_2=0.023817; ']
train step[220/3000] ; used: 3m:47s; eta: 47m:41s; loss = 0.127925; ['mse_0=0.018270; ', 'lpips_0=0.029080; ', 'mse_1=0.015003; ', 'lpips_1=0.025854; ', 'mse_2=0.014505; ', 'lpips_2=0.025212; ']
train step[221/3000] ; used: 3m:48s; eta: 47m:41s; loss = 0.110993; ['mse_0=0.015984; ', 'lpips_0=0.027922; ', 'mse_1=0.010825; ', 'lpips_1=0.023592; ', 'mse_2=0.009990; ', 'lpips_2=0.022681; ']
train step[222/3000] ; used: 3m:49s; eta: 47m:40s; loss = 0.101846; ['mse_0=0.011234; ', 'lpips_0=0.027302; ', 'mse_1=0.008101; ', 'lpips_1=0.023129; ', 'mse_2=0.008334; ', 'lpips_2=0.023747; ']
train step[223/3000] ; used: 3m:50s; eta: 47m:38s; loss = 0.105983; ['mse_0=0.014098; ', 'lpips_0=0.026782; ', 'mse_1=0.009736; ', 'lpips_1=0.022757; ', 'mse_2=0.009637; ', 'lpips_2=0.022972; ']
train step[224/3000] ; used: 3m:51s; eta: 47m:37s; loss = 0.141432; ['mse_0=0.025447; ', 'lpips_0=0.029015; ', 'mse_1=0.017832; ', 'lpips_1=0.025147; ', 'mse_2=0.018744; ', 'lpips_2=0.025247; ']
train step[225/3000] ; used: 3m:52s; eta: 47m:36s; loss = 0.094127; ['mse_0=0.009934; ', 'lpips_0=0.026898; ', 'mse_1=0.006613; ', 'lpips_1=0.022438; ', 'mse_2=0.006365; ', 'lpips_2=0.021879; ']
train step[226/3000] ; used: 3m:53s; eta: 47m:36s; loss = 0.118911; ['mse_0=0.017644; ', 'lpips_0=0.028083; ', 'mse_1=0.013185; ', 'lpips_1=0.024721; ', 'mse_2=0.011421; ', 'lpips_2=0.023857; ']
train step[227/3000] ; used: 3m:54s; eta: 47m:35s; loss = 0.150649; ['mse_0=0.025759; ', 'lpips_0=0.030129; ', 'mse_1=0.021790; ', 'lpips_1=0.027790; ', 'mse_2=0.018111; ', 'lpips_2=0.027069; ']
train step[228/3000] ; used: 3m:55s; eta: 47m:34s; loss = 0.091315; ['mse_0=0.009820; ', 'lpips_0=0.027029; ', 'mse_1=0.006350; ', 'lpips_1=0.020624; ', 'mse_2=0.006543; ', 'lpips_2=0.020950; ']
train step[229/3000] ; used: 3m:56s; eta: 47m:34s; loss = 0.090539; ['mse_0=0.009752; ', 'lpips_0=0.026554; ', 'mse_1=0.006260; ', 'lpips_1=0.021094; ', 'mse_2=0.006324; ', 'lpips_2=0.020555; ']
train step[230/3000] ; used: 3m:57s; eta: 47m:32s; loss = 0.101643; ['mse_0=0.011540; ', 'lpips_0=0.026931; ', 'mse_1=0.008991; ', 'lpips_1=0.022494; ', 'mse_2=0.009022; ', 'lpips_2=0.022664; ']
train step[231/3000] ; used: 3m:58s; eta: 47m:31s; loss = 0.119928; ['mse_0=0.017345; ', 'lpips_0=0.027435; ', 'mse_1=0.013001; ', 'lpips_1=0.023902; ', 'mse_2=0.012898; ', 'lpips_2=0.025346; ']
train step[232/3000] ; used: 3m:59s; eta: 47m:30s; loss = 0.124701; ['mse_0=0.019291; ', 'lpips_0=0.027231; ', 'mse_1=0.016234; ', 'lpips_1=0.023540; ', 'mse_2=0.014405; ', 'lpips_2=0.023999; ']
train step[233/3000] ; used: 4m; eta: 47m:29s; loss = 0.097619; ['mse_0=0.012355; ', 'lpips_0=0.024883; ', 'mse_1=0.008630; ', 'lpips_1=0.021398; ', 'mse_2=0.008286; ', 'lpips_2=0.022068; ']
train step[234/3000] ; used: 4m:1s; eta: 47m:28s; loss = 0.098307; ['mse_0=0.013397; ', 'lpips_0=0.025900; ', 'mse_1=0.008552; ', 'lpips_1=0.020686; ', 'mse_2=0.008616; ', 'lpips_2=0.021157; ']
train step[235/3000] ; used: 4m:2s; eta: 47m:26s; loss = 0.102176; ['mse_0=0.010918; ', 'lpips_0=0.027661; ', 'mse_1=0.008456; ', 'lpips_1=0.022309; ', 'mse_2=0.009253; ', 'lpips_2=0.023581; ']
train step[236/3000] ; used: 4m:4s; eta: 47m:26s; loss = 0.088653; ['mse_0=0.007986; ', 'lpips_0=0.024831; ', 'mse_1=0.005875; ', 'lpips_1=0.022254; ', 'mse_2=0.005457; ', 'lpips_2=0.022250; ']
train step[237/3000] ; used: 4m:5s; eta: 47m:26s; loss = 0.107531; ['mse_0=0.013780; ', 'lpips_0=0.028521; ', 'mse_1=0.009862; ', 'lpips_1=0.023148; ', 'mse_2=0.009091; ', 'lpips_2=0.023130; ']
train step[238/3000] ; used: 4m:6s; eta: 47m:25s; loss = 0.138739; ['mse_0=0.022515; ', 'lpips_0=0.028460; ', 'mse_1=0.018469; ', 'lpips_1=0.025531; ', 'mse_2=0.017992; ', 'lpips_2=0.025771; ']
train step[239/3000] ; used: 4m:7s; eta: 47m:24s; loss = 0.114202; ['mse_0=0.016355; ', 'lpips_0=0.028150; ', 'mse_1=0.011755; ', 'lpips_1=0.023603; ', 'mse_2=0.011372; ', 'lpips_2=0.022967; ']
train step[240/3000] ; used: 4m:8s; eta: 47m:23s; loss = 0.109956; ['mse_0=0.012244; ', 'lpips_0=0.027508; ', 'mse_1=0.010280; ', 'lpips_1=0.024773; ', 'mse_2=0.010243; ', 'lpips_2=0.024908; ']
train step[241/3000] ; used: 4m:9s; eta: 47m:23s; loss = 0.101615; ['mse_0=0.010440; ', 'lpips_0=0.026782; ', 'mse_1=0.008033; ', 'lpips_1=0.022924; ', 'mse_2=0.009187; ', 'lpips_2=0.024249; ']
train step[242/3000] ; used: 4m:10s; eta: 47m:22s; loss = 0.137186; ['mse_0=0.023095; ', 'lpips_0=0.026121; ', 'mse_1=0.016719; ', 'lpips_1=0.025091; ', 'mse_2=0.019448; ', 'lpips_2=0.026712; ']
train step[243/3000] ; used: 4m:11s; eta: 47m:21s; loss = 0.139834; ['mse_0=0.026524; ', 'lpips_0=0.029221; ', 'mse_1=0.019501; ', 'lpips_1=0.023404; ', 'mse_2=0.017393; ', 'lpips_2=0.023791; ']
train step[244/3000] ; used: 4m:12s; eta: 47m:20s; loss = 0.107775; ['mse_0=0.013943; ', 'lpips_0=0.027384; ', 'mse_1=0.010332; ', 'lpips_1=0.022992; ', 'mse_2=0.009848; ', 'lpips_2=0.023276; ']
train step[245/3000] ; used: 4m:13s; eta: 47m:20s; loss = 0.092339; ['mse_0=0.010892; ', 'lpips_0=0.026799; ', 'mse_1=0.006880; ', 'lpips_1=0.021205; ', 'mse_2=0.006726; ', 'lpips_2=0.019837; ']
train step[246/3000] ; used: 4m:14s; eta: 47m:18s; loss = 0.097918; ['mse_0=0.009144; ', 'lpips_0=0.028231; ', 'mse_1=0.006563; ', 'lpips_1=0.023704; ', 'mse_2=0.006689; ', 'lpips_2=0.023587; ']
train step[247/3000] ; used: 4m:15s; eta: 47m:17s; loss = 0.087772; ['mse_0=0.007880; ', 'lpips_0=0.026712; ', 'mse_1=0.005220; ', 'lpips_1=0.021556; ', 'mse_2=0.005116; ', 'lpips_2=0.021288; ']
train step[248/3000] ; used: 4m:16s; eta: 47m:15s; loss = 0.111568; ['mse_0=0.015551; ', 'lpips_0=0.026828; ', 'mse_1=0.010450; ', 'lpips_1=0.023081; ', 'mse_2=0.011488; ', 'lpips_2=0.024170; ']
train step[249/3000] ; used: 4m:17s; eta: 47m:14s; loss = 0.076164; ['mse_0=0.007464; ', 'lpips_0=0.022792; ', 'mse_1=0.004074; ', 'lpips_1=0.018193; ', 'mse_2=0.004078; ', 'lpips_2=0.019563; ']
train step[250/3000] ; used: 4m:18s; eta: 47m:13s; loss = 0.092638; ['mse_0=0.010836; ', 'lpips_0=0.026390; ', 'mse_1=0.007267; ', 'lpips_1=0.020515; ', 'mse_2=0.006813; ', 'lpips_2=0.020816; ']
train step[251/3000] ; used: 4m:19s; eta: 47m:12s; loss = 0.095936; ['mse_0=0.010518; ', 'lpips_0=0.027240; ', 'mse_1=0.006565; ', 'lpips_1=0.022121; ', 'mse_2=0.006585; ', 'lpips_2=0.022907; ']
train step[252/3000] ; used: 4m:20s; eta: 47m:11s; loss = 0.114406; ['mse_0=0.017578; ', 'lpips_0=0.027455; ', 'mse_1=0.011457; ', 'lpips_1=0.022675; ', 'mse_2=0.012010; ', 'lpips_2=0.023231; ']
train step[253/3000] ; used: 4m:21s; eta: 47m:10s; loss = 0.103598; ['mse_0=0.011352; ', 'lpips_0=0.027913; ', 'mse_1=0.008257; ', 'lpips_1=0.023613; ', 'mse_2=0.008243; ', 'lpips_2=0.024219; ']
train step[254/3000] ; used: 4m:22s; eta: 47m:8s; loss = 0.082596; ['mse_0=0.008093; ', 'lpips_0=0.025004; ', 'mse_1=0.005101; ', 'lpips_1=0.019873; ', 'mse_2=0.004527; ', 'lpips_2=0.019998; ']
train step[255/3000] ; used: 4m:23s; eta: 47m:7s; loss = 0.088028; ['mse_0=0.008753; ', 'lpips_0=0.026739; ', 'mse_1=0.004983; ', 'lpips_1=0.020861; ', 'mse_2=0.004954; ', 'lpips_2=0.021737; ']
train step[256/3000] ; used: 4m:24s; eta: 47m:6s; loss = 0.087295; ['mse_0=0.009917; ', 'lpips_0=0.023509; ', 'mse_1=0.005842; ', 'lpips_1=0.020082; ', 'mse_2=0.006359; ', 'lpips_2=0.021587; ']
train step[257/3000] ; used: 4m:25s; eta: 47m:5s; loss = 0.122611; ['mse_0=0.019517; ', 'lpips_0=0.028234; ', 'mse_1=0.012576; ', 'lpips_1=0.023830; ', 'mse_2=0.013703; ', 'lpips_2=0.024753; ']
train step[258/3000] ; used: 4m:26s; eta: 47m:4s; loss = 0.100180; ['mse_0=0.010207; ', 'lpips_0=0.028077; ', 'mse_1=0.006724; ', 'lpips_1=0.023415; ', 'mse_2=0.007611; ', 'lpips_2=0.024145; ']
train step[259/3000] ; used: 4m:27s; eta: 47m:3s; loss = 0.102285; ['mse_0=0.013452; ', 'lpips_0=0.027646; ', 'mse_1=0.008265; ', 'lpips_1=0.022343; ', 'mse_2=0.008291; ', 'lpips_2=0.022288; ']
train step[260/3000] ; used: 4m:28s; eta: 47m:1s; loss = 0.110406; ['mse_0=0.014519; ', 'lpips_0=0.027508; ', 'mse_1=0.011283; ', 'lpips_1=0.022549; ', 'mse_2=0.011423; ', 'lpips_2=0.023124; ']
train step[261/3000] ; used: 4m:29s; eta: 47m; loss = 0.086818; ['mse_0=0.010315; ', 'lpips_0=0.027059; ', 'mse_1=0.006246; ', 'lpips_1=0.020060; ', 'mse_2=0.005214; ', 'lpips_2=0.017924; ']
train step[262/3000] ; used: 4m:30s; eta: 46m:59s; loss = 0.114849; ['mse_0=0.017413; ', 'lpips_0=0.027679; ', 'mse_1=0.011639; ', 'lpips_1=0.023087; ', 'mse_2=0.011736; ', 'lpips_2=0.023296; ']
train step[263/3000] ; used: 4m:31s; eta: 46m:58s; loss = 0.105763; ['mse_0=0.014145; ', 'lpips_0=0.027298; ', 'mse_1=0.009404; ', 'lpips_1=0.023070; ', 'mse_2=0.008937; ', 'lpips_2=0.022909; ']
train step[264/3000] ; used: 4m:32s; eta: 46m:57s; loss = 0.074011; ['mse_0=0.005549; ', 'lpips_0=0.022074; ', 'mse_1=0.004047; ', 'lpips_1=0.018189; ', 'mse_2=0.004256; ', 'lpips_2=0.019898; ']
train step[265/3000] ; used: 4m:33s; eta: 46m:56s; loss = 0.093347; ['mse_0=0.010011; ', 'lpips_0=0.025755; ', 'mse_1=0.006207; ', 'lpips_1=0.021489; ', 'mse_2=0.007111; ', 'lpips_2=0.022774; ']
train step[266/3000] ; used: 4m:34s; eta: 46m:55s; loss = 0.076699; ['mse_0=0.006587; ', 'lpips_0=0.024956; ', 'mse_1=0.004053; ', 'lpips_1=0.018575; ', 'mse_2=0.003739; ', 'lpips_2=0.018790; ']
train step[267/3000] ; used: 4m:36s; eta: 46m:54s; loss = 0.097388; ['mse_0=0.011037; ', 'lpips_0=0.025949; ', 'mse_1=0.007776; ', 'lpips_1=0.021884; ', 'mse_2=0.008207; ', 'lpips_2=0.022535; ']
train step[268/3000] ; used: 4m:37s; eta: 46m:53s; loss = 0.109755; ['mse_0=0.017578; ', 'lpips_0=0.027331; ', 'mse_1=0.011934; ', 'lpips_1=0.022023; ', 'mse_2=0.010183; ', 'lpips_2=0.020706; ']
train step[269/3000] ; used: 4m:38s; eta: 46m:52s; loss = 0.121281; ['mse_0=0.020192; ', 'lpips_0=0.027026; ', 'mse_1=0.014350; ', 'lpips_1=0.022671; ', 'mse_2=0.014588; ', 'lpips_2=0.022453; ']
train step[270/3000] ; used: 4m:39s; eta: 46m:51s; loss = 0.093055; ['mse_0=0.007315; ', 'lpips_0=0.027534; ', 'mse_1=0.005186; ', 'lpips_1=0.024038; ', 'mse_2=0.005113; ', 'lpips_2=0.023869; ']
train step[271/3000] ; used: 4m:40s; eta: 46m:50s; loss = 0.096117; ['mse_0=0.009453; ', 'lpips_0=0.026598; ', 'mse_1=0.006807; ', 'lpips_1=0.022640; ', 'mse_2=0.007126; ', 'lpips_2=0.023493; ']
train step[272/3000] ; used: 4m:41s; eta: 46m:49s; loss = 0.132831; ['mse_0=0.024042; ', 'lpips_0=0.028471; ', 'mse_1=0.016301; ', 'lpips_1=0.023751; ', 'mse_2=0.015929; ', 'lpips_2=0.024336; ']
train step[273/3000] ; used: 4m:42s; eta: 46m:48s; loss = 0.082758; ['mse_0=0.008805; ', 'lpips_0=0.024193; ', 'mse_1=0.005264; ', 'lpips_1=0.019277; ', 'mse_2=0.005352; ', 'lpips_2=0.019867; ']
train step[274/3000] ; used: 4m:43s; eta: 46m:48s; loss = 0.087932; ['mse_0=0.008552; ', 'lpips_0=0.025326; ', 'mse_1=0.006102; ', 'lpips_1=0.020586; ', 'mse_2=0.005935; ', 'lpips_2=0.021431; ']
train step[275/3000] ; used: 4m:44s; eta: 46m:47s; loss = 0.084004; ['mse_0=0.009335; ', 'lpips_0=0.025810; ', 'mse_1=0.005061; ', 'lpips_1=0.019261; ', 'mse_2=0.005091; ', 'lpips_2=0.019446; ']
train step[276/3000] ; used: 4m:45s; eta: 46m:46s; loss = 0.091974; ['mse_0=0.014274; ', 'lpips_0=0.026130; ', 'mse_1=0.007410; ', 'lpips_1=0.018973; ', 'mse_2=0.006879; ', 'lpips_2=0.018308; ']
train step[277/3000] ; used: 4m:46s; eta: 46m:44s; loss = 0.092631; ['mse_0=0.008472; ', 'lpips_0=0.027245; ', 'mse_1=0.005995; ', 'lpips_1=0.022439; ', 'mse_2=0.005781; ', 'lpips_2=0.022699; ']
train step[278/3000] ; used: 4m:47s; eta: 46m:43s; loss = 0.086924; ['mse_0=0.009997; ', 'lpips_0=0.025584; ', 'mse_1=0.005642; ', 'lpips_1=0.019754; ', 'mse_2=0.005796; ', 'lpips_2=0.020151; ']
train step[279/3000] ; used: 4m:48s; eta: 46m:42s; loss = 0.116183; ['mse_0=0.017122; ', 'lpips_0=0.029263; ', 'mse_1=0.010953; ', 'lpips_1=0.024258; ', 'mse_2=0.010675; ', 'lpips_2=0.023912; ']
train step[280/3000] ; used: 4m:49s; eta: 46m:40s; loss = 0.097342; ['mse_0=0.010582; ', 'lpips_0=0.025631; ', 'mse_1=0.007868; ', 'lpips_1=0.021564; ', 'mse_2=0.008668; ', 'lpips_2=0.023029; ']
train step[281/3000] ; used: 4m:50s; eta: 46m:39s; loss = 0.075227; ['mse_0=0.004867; ', 'lpips_0=0.025806; ', 'mse_1=0.002943; ', 'lpips_1=0.019189; ', 'mse_2=0.002954; ', 'lpips_2=0.019468; ']
train step[282/3000] ; used: 4m:51s; eta: 46m:38s; loss = 0.136272; ['mse_0=0.022186; ', 'lpips_0=0.030144; ', 'mse_1=0.016490; ', 'lpips_1=0.025996; ', 'mse_2=0.015496; ', 'lpips_2=0.025960; ']
train step[283/3000] ; used: 4m:52s; eta: 46m:37s; loss = 0.093533; ['mse_0=0.010973; ', 'lpips_0=0.027747; ', 'mse_1=0.006712; ', 'lpips_1=0.021374; ', 'mse_2=0.006316; ', 'lpips_2=0.020410; ']
train step[284/3000] ; used: 4m:53s; eta: 46m:36s; loss = 0.085636; ['mse_0=0.008017; ', 'lpips_0=0.025630; ', 'mse_1=0.005384; ', 'lpips_1=0.020354; ', 'mse_2=0.005308; ', 'lpips_2=0.020943; ']
train step[285/3000] ; used: 4m:54s; eta: 46m:35s; loss = 0.095926; ['mse_0=0.008732; ', 'lpips_0=0.028336; ', 'mse_1=0.006478; ', 'lpips_1=0.022771; ', 'mse_2=0.006529; ', 'lpips_2=0.023079; ']
train step[286/3000] ; used: 4m:55s; eta: 46m:34s; loss = 0.091932; ['mse_0=0.009434; ', 'lpips_0=0.025611; ', 'mse_1=0.006191; ', 'lpips_1=0.021857; ', 'mse_2=0.006459; ', 'lpips_2=0.022380; ']
train step[287/3000] ; used: 4m:56s; eta: 46m:33s; loss = 0.096795; ['mse_0=0.009959; ', 'lpips_0=0.027208; ', 'mse_1=0.006122; ', 'lpips_1=0.022865; ', 'mse_2=0.006877; ', 'lpips_2=0.023764; ']
train step[288/3000] ; used: 4m:57s; eta: 46m:32s; loss = 0.091445; ['mse_0=0.008660; ', 'lpips_0=0.025994; ', 'mse_1=0.005496; ', 'lpips_1=0.022264; ', 'mse_2=0.005774; ', 'lpips_2=0.023258; ']
train step[289/3000] ; used: 4m:58s; eta: 46m:31s; loss = 0.103229; ['mse_0=0.012632; ', 'lpips_0=0.028474; ', 'mse_1=0.008217; ', 'lpips_1=0.023580; ', 'mse_2=0.007513; ', 'lpips_2=0.022814; ']
train step[290/3000] ; used: 4m:59s; eta: 46m:30s; loss = 0.113744; ['mse_0=0.016795; ', 'lpips_0=0.028156; ', 'mse_1=0.011078; ', 'lpips_1=0.023186; ', 'mse_2=0.010528; ', 'lpips_2=0.024001; ']
train step[291/3000] ; used: 5m; eta: 46m:28s; loss = 0.102289; ['mse_0=0.011653; ', 'lpips_0=0.027007; ', 'mse_1=0.009183; ', 'lpips_1=0.022794; ', 'mse_2=0.008747; ', 'lpips_2=0.022905; ']
train step[292/3000] ; used: 5m:1s; eta: 46m:27s; loss = 0.106822; ['mse_0=0.015196; ', 'lpips_0=0.027370; ', 'mse_1=0.009676; ', 'lpips_1=0.022675; ', 'mse_2=0.008957; ', 'lpips_2=0.022948; ']
train step[293/3000] ; used: 5m:2s; eta: 46m:26s; loss = 0.133603; ['mse_0=0.022775; ', 'lpips_0=0.029435; ', 'mse_1=0.015480; ', 'lpips_1=0.025565; ', 'mse_2=0.015187; ', 'lpips_2=0.025161; ']
train step[294/3000] ; used: 5m:3s; eta: 46m:24s; loss = 0.093339; ['mse_0=0.011595; ', 'lpips_0=0.027061; ', 'mse_1=0.005540; ', 'lpips_1=0.021061; ', 'mse_2=0.005962; ', 'lpips_2=0.022120; ']
train step[295/3000] ; used: 5m:4s; eta: 46m:23s; loss = 0.102512; ['mse_0=0.017195; ', 'lpips_0=0.026280; ', 'mse_1=0.008184; ', 'lpips_1=0.020029; ', 'mse_2=0.008737; ', 'lpips_2=0.022086; ']
train step[296/3000] ; used: 5m:5s; eta: 46m:22s; loss = 0.126792; ['mse_0=0.020507; ', 'lpips_0=0.027968; ', 'mse_1=0.014390; ', 'lpips_1=0.024403; ', 'mse_2=0.014652; ', 'lpips_2=0.024872; ']
train step[297/3000] ; used: 5m:6s; eta: 46m:21s; loss = 0.103238; ['mse_0=0.012148; ', 'lpips_0=0.027192; ', 'mse_1=0.007845; ', 'lpips_1=0.023959; ', 'mse_2=0.007679; ', 'lpips_2=0.024416; ']
train step[298/3000] ; used: 5m:7s; eta: 46m:19s; loss = 0.080059; ['mse_0=0.006078; ', 'lpips_0=0.026226; ', 'mse_1=0.003260; ', 'lpips_1=0.020263; ', 'mse_2=0.003445; ', 'lpips_2=0.020785; ']
train step[299/3000] ; used: 5m:8s; eta: 46m:18s; loss = 0.099267; ['mse_0=0.014815; ', 'lpips_0=0.024816; ', 'mse_1=0.010507; ', 'lpips_1=0.019112; ', 'mse_2=0.010496; ', 'lpips_2=0.019522; ']
train step[300/3000] ; used: 5m:9s; eta: 46m:17s; loss = 0.090956; ['mse_0=0.010613; ', 'lpips_0=0.026494; ', 'mse_1=0.006009; ', 'lpips_1=0.020500; ', 'mse_2=0.006312; ', 'lpips_2=0.021028; ']
train step[301/3000] ; used: 5m:10s; eta: 46m:15s; loss = 0.089649; ['mse_0=0.009480; ', 'lpips_0=0.027832; ', 'mse_1=0.004985; ', 'lpips_1=0.021247; ', 'mse_2=0.004928; ', 'lpips_2=0.021177; ']
train step[302/3000] ; used: 5m:11s; eta: 46m:17s; loss = 0.095486; ['mse_0=0.011028; ', 'lpips_0=0.026339; ', 'mse_1=0.007329; ', 'lpips_1=0.021851; ', 'mse_2=0.006738; ', 'lpips_2=0.022201; ']
train step[303/3000] ; used: 5m:12s; eta: 46m:15s; loss = 0.085627; ['mse_0=0.007737; ', 'lpips_0=0.026553; ', 'mse_1=0.004619; ', 'lpips_1=0.020633; ', 'mse_2=0.004823; ', 'lpips_2=0.021263; ']
train step[304/3000] ; used: 5m:13s; eta: 46m:15s; loss = 0.096809; ['mse_0=0.013022; ', 'lpips_0=0.026191; ', 'mse_1=0.007560; ', 'lpips_1=0.021080; ', 'mse_2=0.007482; ', 'lpips_2=0.021474; ']
train step[305/3000] ; used: 5m:14s; eta: 46m:14s; loss = 0.095750; ['mse_0=0.012245; ', 'lpips_0=0.025210; ', 'mse_1=0.008702; ', 'lpips_1=0.020330; ', 'mse_2=0.008407; ', 'lpips_2=0.020855; ']
train step[306/3000] ; used: 5m:16s; eta: 46m:13s; loss = 0.103379; ['mse_0=0.015788; ', 'lpips_0=0.026696; ', 'mse_1=0.008866; ', 'lpips_1=0.020957; ', 'mse_2=0.008894; ', 'lpips_2=0.022178; ']
train step[307/3000] ; used: 5m:17s; eta: 46m:12s; loss = 0.123504; ['mse_0=0.018316; ', 'lpips_0=0.030332; ', 'mse_1=0.012561; ', 'lpips_1=0.024917; ', 'mse_2=0.012272; ', 'lpips_2=0.025105; ']
train step[308/3000] ; used: 5m:18s; eta: 46m:11s; loss = 0.106121; ['mse_0=0.014255; ', 'lpips_0=0.027004; ', 'mse_1=0.009876; ', 'lpips_1=0.022558; ', 'mse_2=0.009863; ', 'lpips_2=0.022564; ']
train step[309/3000] ; used: 5m:19s; eta: 46m:10s; loss = 0.097921; ['mse_0=0.010264; ', 'lpips_0=0.027290; ', 'mse_1=0.007072; ', 'lpips_1=0.022969; ', 'mse_2=0.006915; ', 'lpips_2=0.023411; ']
train step[310/3000] ; used: 5m:20s; eta: 46m:9s; loss = 0.108852; ['mse_0=0.018571; ', 'lpips_0=0.026215; ', 'mse_1=0.011007; ', 'lpips_1=0.020719; ', 'mse_2=0.011025; ', 'lpips_2=0.021315; ']
train step[311/3000] ; used: 5m:21s; eta: 46m:8s; loss = 0.086153; ['mse_0=0.007521; ', 'lpips_0=0.025582; ', 'mse_1=0.004977; ', 'lpips_1=0.020937; ', 'mse_2=0.005309; ', 'lpips_2=0.021827; ']
train step[312/3000] ; used: 5m:22s; eta: 46m:7s; loss = 0.133701; ['mse_0=0.019863; ', 'lpips_0=0.030095; ', 'mse_1=0.013986; ', 'lpips_1=0.026952; ', 'mse_2=0.015137; ', 'lpips_2=0.027668; ']
train step[313/3000] ; used: 5m:23s; eta: 46m:6s; loss = 0.088951; ['mse_0=0.009487; ', 'lpips_0=0.026550; ', 'mse_1=0.005675; ', 'lpips_1=0.021032; ', 'mse_2=0.005560; ', 'lpips_2=0.020647; ']
train step[314/3000] ; used: 5m:24s; eta: 46m:5s; loss = 0.077032; ['mse_0=0.005614; ', 'lpips_0=0.024495; ', 'mse_1=0.003413; ', 'lpips_1=0.019701; ', 'mse_2=0.003193; ', 'lpips_2=0.020617; ']
train step[315/3000] ; used: 5m:25s; eta: 46m:4s; loss = 0.095681; ['mse_0=0.012333; ', 'lpips_0=0.025859; ', 'mse_1=0.007919; ', 'lpips_1=0.020893; ', 'mse_2=0.007819; ', 'lpips_2=0.020857; ']
train step[316/3000] ; used: 5m:26s; eta: 46m:3s; loss = 0.087067; ['mse_0=0.011451; ', 'lpips_0=0.025333; ', 'mse_1=0.005939; ', 'lpips_1=0.018803; ', 'mse_2=0.006103; ', 'lpips_2=0.019438; ']
train step[317/3000] ; used: 5m:27s; eta: 46m:3s; loss = 0.086929; ['mse_0=0.008460; ', 'lpips_0=0.025624; ', 'mse_1=0.006113; ', 'lpips_1=0.020454; ', 'mse_2=0.005880; ', 'lpips_2=0.020398; ']
train step[318/3000] ; used: 5m:28s; eta: 46m:2s; loss = 0.098961; ['mse_0=0.012112; ', 'lpips_0=0.027979; ', 'mse_1=0.007860; ', 'lpips_1=0.021678; ', 'mse_2=0.007455; ', 'lpips_2=0.021877; ']
train step[319/3000] ; used: 5m:29s; eta: 46m:1s; loss = 0.125856; ['mse_0=0.017377; ', 'lpips_0=0.026546; ', 'mse_1=0.016112; ', 'lpips_1=0.024697; ', 'mse_2=0.015975; ', 'lpips_2=0.025149; ']
train step[320/3000] ; used: 5m:30s; eta: 46m; loss = 0.092513; ['mse_0=0.010814; ', 'lpips_0=0.026470; ', 'mse_1=0.006480; ', 'lpips_1=0.020674; ', 'mse_2=0.006857; ', 'lpips_2=0.021218; ']
train step[321/3000] ; used: 5m:31s; eta: 45m:59s; loss = 0.108465; ['mse_0=0.015802; ', 'lpips_0=0.026236; ', 'mse_1=0.010223; ', 'lpips_1=0.022266; ', 'mse_2=0.010888; ', 'lpips_2=0.023049; ']
train step[322/3000] ; used: 5m:32s; eta: 45m:58s; loss = 0.067566; ['mse_0=0.004457; ', 'lpips_0=0.023338; ', 'mse_1=0.002684; ', 'lpips_1=0.016939; ', 'mse_2=0.002775; ', 'lpips_2=0.017373; ']
train step[323/3000] ; used: 5m:33s; eta: 45m:57s; loss = 0.089838; ['mse_0=0.009668; ', 'lpips_0=0.025851; ', 'mse_1=0.006205; ', 'lpips_1=0.020726; ', 'mse_2=0.006170; ', 'lpips_2=0.021218; ']
train step[324/3000] ; used: 5m:34s; eta: 45m:56s; loss = 0.086375; ['mse_0=0.008288; ', 'lpips_0=0.024472; ', 'mse_1=0.005303; ', 'lpips_1=0.021002; ', 'mse_2=0.005555; ', 'lpips_2=0.021756; ']
train step[325/3000] ; used: 5m:35s; eta: 45m:55s; loss = 0.090320; ['mse_0=0.008396; ', 'lpips_0=0.025675; ', 'mse_1=0.006588; ', 'lpips_1=0.021104; ', 'mse_2=0.006810; ', 'lpips_2=0.021746; ']
train step[326/3000] ; used: 5m:36s; eta: 45m:55s; loss = 0.100762; ['mse_0=0.011128; ', 'lpips_0=0.026483; ', 'mse_1=0.009543; ', 'lpips_1=0.021983; ', 'mse_2=0.009553; ', 'lpips_2=0.022071; ']
train step[327/3000] ; used: 5m:37s; eta: 45m:54s; loss = 0.131092; ['mse_0=0.020388; ', 'lpips_0=0.029018; ', 'mse_1=0.016405; ', 'lpips_1=0.024497; ', 'mse_2=0.016216; ', 'lpips_2=0.024568; ']
train step[328/3000] ; used: 5m:39s; eta: 45m:53s; loss = 0.087556; ['mse_0=0.009804; ', 'lpips_0=0.024458; ', 'mse_1=0.006412; ', 'lpips_1=0.020342; ', 'mse_2=0.006341; ', 'lpips_2=0.020200; ']
train step[329/3000] ; used: 5m:40s; eta: 45m:52s; loss = 0.145434; ['mse_0=0.024958; ', 'lpips_0=0.028435; ', 'mse_1=0.020692; ', 'lpips_1=0.025487; ', 'mse_2=0.020191; ', 'lpips_2=0.025670; ']
train step[330/3000] ; used: 5m:41s; eta: 45m:51s; loss = 0.130150; ['mse_0=0.020879; ', 'lpips_0=0.027716; ', 'mse_1=0.016135; ', 'lpips_1=0.024680; ', 'mse_2=0.015584; ', 'lpips_2=0.025158; ']
train step[331/3000] ; used: 5m:42s; eta: 45m:50s; loss = 0.099323; ['mse_0=0.009289; ', 'lpips_0=0.028833; ', 'mse_1=0.006332; ', 'lpips_1=0.024246; ', 'mse_2=0.006568; ', 'lpips_2=0.024055; ']
train step[332/3000] ; used: 5m:43s; eta: 45m:49s; loss = 0.080991; ['mse_0=0.006594; ', 'lpips_0=0.024439; ', 'mse_1=0.004313; ', 'lpips_1=0.020302; ', 'mse_2=0.004287; ', 'lpips_2=0.021057; ']
train step[333/3000] ; used: 5m:44s; eta: 45m:48s; loss = 0.149876; ['mse_0=0.028481; ', 'lpips_0=0.025924; ', 'mse_1=0.024566; ', 'lpips_1=0.023820; ', 'mse_2=0.023162; ', 'lpips_2=0.023923; ']
train step[334/3000] ; used: 5m:45s; eta: 45m:47s; loss = 0.092995; ['mse_0=0.010625; ', 'lpips_0=0.025060; ', 'mse_1=0.007563; ', 'lpips_1=0.020799; ', 'mse_2=0.007558; ', 'lpips_2=0.021391; ']
train step[335/3000] ; used: 5m:46s; eta: 45m:46s; loss = 0.084678; ['mse_0=0.008158; ', 'lpips_0=0.024239; ', 'mse_1=0.005894; ', 'lpips_1=0.019729; ', 'mse_2=0.006044; ', 'lpips_2=0.020615; ']
train step[336/3000] ; used: 5m:47s; eta: 45m:45s; loss = 0.087208; ['mse_0=0.008617; ', 'lpips_0=0.025885; ', 'mse_1=0.005757; ', 'lpips_1=0.020866; ', 'mse_2=0.005377; ', 'lpips_2=0.020706; ']
train step[337/3000] ; used: 5m:48s; eta: 45m:43s; loss = 0.102662; ['mse_0=0.011892; ', 'lpips_0=0.026490; ', 'mse_1=0.008682; ', 'lpips_1=0.022765; ', 'mse_2=0.008935; ', 'lpips_2=0.023897; ']
train step[338/3000] ; used: 5m:49s; eta: 45m:42s; loss = 0.087646; ['mse_0=0.008281; ', 'lpips_0=0.026464; ', 'mse_1=0.005235; ', 'lpips_1=0.020751; ', 'mse_2=0.005349; ', 'lpips_2=0.021565; ']
train step[339/3000] ; used: 5m:50s; eta: 45m:41s; loss = 0.105504; ['mse_0=0.013239; ', 'lpips_0=0.025832; ', 'mse_1=0.010650; ', 'lpips_1=0.022074; ', 'mse_2=0.011058; ', 'lpips_2=0.022650; ']
train step[340/3000] ; used: 5m:51s; eta: 45m:40s; loss = 0.105728; ['mse_0=0.016100; ', 'lpips_0=0.026133; ', 'mse_1=0.010302; ', 'lpips_1=0.021778; ', 'mse_2=0.009792; ', 'lpips_2=0.021623; ']
train step[341/3000] ; used: 5m:52s; eta: 45m:39s; loss = 0.111910; ['mse_0=0.013228; ', 'lpips_0=0.028584; ', 'mse_1=0.009519; ', 'lpips_1=0.025298; ', 'mse_2=0.009626; ', 'lpips_2=0.025655; ']
train step[342/3000] ; used: 5m:53s; eta: 45m:38s; loss = 0.108400; ['mse_0=0.011433; ', 'lpips_0=0.026187; ', 'mse_1=0.010564; ', 'lpips_1=0.024759; ', 'mse_2=0.010113; ', 'lpips_2=0.025343; ']
train step[343/3000] ; used: 5m:54s; eta: 45m:37s; loss = 0.106734; ['mse_0=0.013339; ', 'lpips_0=0.028156; ', 'mse_1=0.008337; ', 'lpips_1=0.023987; ', 'mse_2=0.008526; ', 'lpips_2=0.024390; ']
train step[344/3000] ; used: 5m:55s; eta: 45m:36s; loss = 0.078483; ['mse_0=0.006573; ', 'lpips_0=0.024295; ', 'mse_1=0.004461; ', 'lpips_1=0.019452; ', 'mse_2=0.004317; ', 'lpips_2=0.019385; ']
train step[345/3000] ; used: 5m:56s; eta: 45m:35s; loss = 0.089996; ['mse_0=0.009381; ', 'lpips_0=0.025939; ', 'mse_1=0.006445; ', 'lpips_1=0.020635; ', 'mse_2=0.006477; ', 'lpips_2=0.021118; ']
train step[346/3000] ; used: 5m:57s; eta: 45m:34s; loss = 0.074107; ['mse_0=0.007163; ', 'lpips_0=0.024017; ', 'mse_1=0.003842; ', 'lpips_1=0.017631; ', 'mse_2=0.003722; ', 'lpips_2=0.017734; ']
train step[347/3000] ; used: 5m:58s; eta: 45m:32s; loss = 0.076045; ['mse_0=0.007895; ', 'lpips_0=0.022787; ', 'mse_1=0.004730; ', 'lpips_1=0.017661; ', 'mse_2=0.004696; ', 'lpips_2=0.018277; ']
train step[348/3000] ; used: 5m:59s; eta: 45m:31s; loss = 0.097250; ['mse_0=0.011399; ', 'lpips_0=0.025996; ', 'mse_1=0.007905; ', 'lpips_1=0.021922; ', 'mse_2=0.007846; ', 'lpips_2=0.022182; ']
train step[349/3000] ; used: 6m; eta: 45m:30s; loss = 0.093660; ['mse_0=0.011677; ', 'lpips_0=0.023705; ', 'mse_1=0.009528; ', 'lpips_1=0.019336; ', 'mse_2=0.009269; ', 'lpips_2=0.020145; ']
train step[350/3000] ; used: 6m:1s; eta: 45m:29s; loss = 0.119063; ['mse_0=0.015797; ', 'lpips_0=0.025912; ', 'mse_1=0.014884; ', 'lpips_1=0.023301; ', 'mse_2=0.015001; ', 'lpips_2=0.024167; ']
train step[351/3000] ; used: 6m:2s; eta: 45m:28s; loss = 0.101375; ['mse_0=0.016141; ', 'lpips_0=0.024234; ', 'mse_1=0.010318; ', 'lpips_1=0.019991; ', 'mse_2=0.009908; ', 'lpips_2=0.020783; ']
train step[352/3000] ; used: 6m:3s; eta: 45m:27s; loss = 0.128202; ['mse_0=0.018188; ', 'lpips_0=0.028235; ', 'mse_1=0.016658; ', 'lpips_1=0.024665; ', 'mse_2=0.015818; ', 'lpips_2=0.024637; ']
train step[353/3000] ; used: 6m:4s; eta: 45m:25s; loss = 0.089102; ['mse_0=0.009060; ', 'lpips_0=0.025944; ', 'mse_1=0.006057; ', 'lpips_1=0.020789; ', 'mse_2=0.005790; ', 'lpips_2=0.021463; ']
train step[354/3000] ; used: 6m:5s; eta: 45m:24s; loss = 0.106108; ['mse_0=0.015138; ', 'lpips_0=0.025603; ', 'mse_1=0.011622; ', 'lpips_1=0.020832; ', 'mse_2=0.011458; ', 'lpips_2=0.021454; ']
train step[355/3000] ; used: 6m:6s; eta: 45m:23s; loss = 0.088884; ['mse_0=0.007836; ', 'lpips_0=0.024850; ', 'mse_1=0.006277; ', 'lpips_1=0.020989; ', 'mse_2=0.006698; ', 'lpips_2=0.022232; ']
train step[356/3000] ; used: 6m:7s; eta: 45m:22s; loss = 0.070271; ['mse_0=0.005063; ', 'lpips_0=0.023900; ', 'mse_1=0.002915; ', 'lpips_1=0.017319; ', 'mse_2=0.002925; ', 'lpips_2=0.018150; ']
train step[357/3000] ; used: 6m:8s; eta: 45m:21s; loss = 0.085291; ['mse_0=0.009061; ', 'lpips_0=0.024849; ', 'mse_1=0.006038; ', 'lpips_1=0.019813; ', 'mse_2=0.005842; ', 'lpips_2=0.019688; ']
train step[358/3000] ; used: 6m:9s; eta: 45m:19s; loss = 0.133973; ['mse_0=0.021125; ', 'lpips_0=0.029478; ', 'mse_1=0.016269; ', 'lpips_1=0.025886; ', 'mse_2=0.015343; ', 'lpips_2=0.025872; ']
train step[359/3000] ; used: 6m:10s; eta: 45m:18s; loss = 0.092575; ['mse_0=0.010576; ', 'lpips_0=0.025780; ', 'mse_1=0.007087; ', 'lpips_1=0.021156; ', 'mse_2=0.006972; ', 'lpips_2=0.021004; ']
train step[360/3000] ; used: 6m:11s; eta: 45m:17s; loss = 0.074060; ['mse_0=0.006646; ', 'lpips_0=0.023002; ', 'mse_1=0.004000; ', 'lpips_1=0.018098; ', 'mse_2=0.004053; ', 'lpips_2=0.018262; ']
train step[361/3000] ; used: 6m:12s; eta: 45m:16s; loss = 0.085239; ['mse_0=0.008755; ', 'lpips_0=0.024970; ', 'mse_1=0.006002; ', 'lpips_1=0.019971; ', 'mse_2=0.005566; ', 'lpips_2=0.019976; ']
train step[362/3000] ; used: 6m:13s; eta: 45m:15s; loss = 0.100750; ['mse_0=0.011227; ', 'lpips_0=0.026913; ', 'mse_1=0.008466; ', 'lpips_1=0.022563; ', 'mse_2=0.008621; ', 'lpips_2=0.022959; ']
train step[363/3000] ; used: 6m:14s; eta: 45m:13s; loss = 0.102499; ['mse_0=0.011161; ', 'lpips_0=0.026833; ', 'mse_1=0.009189; ', 'lpips_1=0.023343; ', 'mse_2=0.008525; ', 'lpips_2=0.023449; ']
train step[364/3000] ; used: 6m:15s; eta: 45m:12s; loss = 0.086549; ['mse_0=0.006251; ', 'lpips_0=0.027390; ', 'mse_1=0.004289; ', 'lpips_1=0.022066; ', 'mse_2=0.004240; ', 'lpips_2=0.022314; ']
train step[365/3000] ; used: 6m:16s; eta: 45m:11s; loss = 0.111753; ['mse_0=0.017134; ', 'lpips_0=0.027069; ', 'mse_1=0.012435; ', 'lpips_1=0.021557; ', 'mse_2=0.011894; ', 'lpips_2=0.021663; ']
train step[366/3000] ; used: 6m:17s; eta: 45m:10s; loss = 0.108423; ['mse_0=0.013471; ', 'lpips_0=0.028534; ', 'mse_1=0.009657; ', 'lpips_1=0.024017; ', 'mse_2=0.009022; ', 'lpips_2=0.023722; ']
train step[367/3000] ; used: 6m:18s; eta: 45m:9s; loss = 0.091165; ['mse_0=0.008851; ', 'lpips_0=0.025273; ', 'mse_1=0.006738; ', 'lpips_1=0.021176; ', 'mse_2=0.006985; ', 'lpips_2=0.022142; ']
train step[368/3000] ; used: 6m:19s; eta: 45m:8s; loss = 0.101667; ['mse_0=0.011894; ', 'lpips_0=0.026557; ', 'mse_1=0.008517; ', 'lpips_1=0.022951; ', 'mse_2=0.008572; ', 'lpips_2=0.023175; ']
train step[369/3000] ; used: 6m:20s; eta: 45m:6s; loss = 0.088551; ['mse_0=0.010230; ', 'lpips_0=0.025186; ', 'mse_1=0.006860; ', 'lpips_1=0.019843; ', 'mse_2=0.006414; ', 'lpips_2=0.020017; ']
train step[370/3000] ; used: 6m:21s; eta: 45m:5s; loss = 0.083265; ['mse_0=0.010451; ', 'lpips_0=0.023783; ', 'mse_1=0.006372; ', 'lpips_1=0.017955; ', 'mse_2=0.006138; ', 'lpips_2=0.018565; ']
train step[371/3000] ; used: 6m:22s; eta: 45m:4s; loss = 0.111891; ['mse_0=0.014277; ', 'lpips_0=0.026767; ', 'mse_1=0.011722; ', 'lpips_1=0.023812; ', 'mse_2=0.011598; ', 'lpips_2=0.023714; ']
train step[372/3000] ; used: 6m:23s; eta: 45m:3s; loss = 0.086999; ['mse_0=0.009595; ', 'lpips_0=0.025191; ', 'mse_1=0.006068; ', 'lpips_1=0.019897; ', 'mse_2=0.006114; ', 'lpips_2=0.020135; ']
train step[373/3000] ; used: 6m:24s; eta: 45m:2s; loss = 0.087236; ['mse_0=0.008945; ', 'lpips_0=0.025555; ', 'mse_1=0.005833; ', 'lpips_1=0.020330; ', 'mse_2=0.005617; ', 'lpips_2=0.020956; ']
train step[374/3000] ; used: 6m:25s; eta: 45m; loss = 0.092709; ['mse_0=0.010467; ', 'lpips_0=0.025265; ', 'mse_1=0.007753; ', 'lpips_1=0.020669; ', 'mse_2=0.007586; ', 'lpips_2=0.020970; ']
train step[375/3000] ; used: 6m:26s; eta: 44m:59s; loss = 0.117847; ['mse_0=0.016986; ', 'lpips_0=0.026437; ', 'mse_1=0.013995; ', 'lpips_1=0.023140; ', 'mse_2=0.013404; ', 'lpips_2=0.023886; ']
train step[376/3000] ; used: 6m:27s; eta: 44m:58s; loss = 0.077862; ['mse_0=0.007092; ', 'lpips_0=0.024339; ', 'mse_1=0.004241; ', 'lpips_1=0.019013; ', 'mse_2=0.004170; ', 'lpips_2=0.019007; ']
train step[377/3000] ; used: 6m:28s; eta: 44m:57s; loss = 0.087452; ['mse_0=0.008002; ', 'lpips_0=0.026247; ', 'mse_1=0.005400; ', 'lpips_1=0.020901; ', 'mse_2=0.005522; ', 'lpips_2=0.021380; ']
train step[378/3000] ; used: 6m:29s; eta: 44m:56s; loss = 0.084562; ['mse_0=0.008151; ', 'lpips_0=0.025474; ', 'mse_1=0.005647; ', 'lpips_1=0.019774; ', 'mse_2=0.005545; ', 'lpips_2=0.019972; ']
train step[379/3000] ; used: 6m:30s; eta: 44m:55s; loss = 0.106310; ['mse_0=0.011982; ', 'lpips_0=0.028484; ', 'mse_1=0.008308; ', 'lpips_1=0.024250; ', 'mse_2=0.008650; ', 'lpips_2=0.024636; ']
train step[380/3000] ; used: 6m:31s; eta: 44m:54s; loss = 0.078562; ['mse_0=0.008043; ', 'lpips_0=0.025119; ', 'mse_1=0.004400; ', 'lpips_1=0.018232; ', 'mse_2=0.004319; ', 'lpips_2=0.018448; ']
train step[381/3000] ; used: 6m:32s; eta: 44m:53s; loss = 0.092722; ['mse_0=0.011443; ', 'lpips_0=0.026923; ', 'mse_1=0.006604; ', 'lpips_1=0.020517; ', 'mse_2=0.006522; ', 'lpips_2=0.020713; ']
train step[382/3000] ; used: 6m:33s; eta: 44m:52s; loss = 0.086507; ['mse_0=0.007141; ', 'lpips_0=0.025744; ', 'mse_1=0.004868; ', 'lpips_1=0.021637; ', 'mse_2=0.004928; ', 'lpips_2=0.022188; ']
train step[383/3000] ; used: 6m:34s; eta: 44m:50s; loss = 0.119133; ['mse_0=0.020317; ', 'lpips_0=0.027256; ', 'mse_1=0.014029; ', 'lpips_1=0.022278; ', 'mse_2=0.012967; ', 'lpips_2=0.022287; ']
train step[384/3000] ; used: 6m:35s; eta: 44m:49s; loss = 0.083770; ['mse_0=0.008075; ', 'lpips_0=0.023942; ', 'mse_1=0.006046; ', 'lpips_1=0.019411; ', 'mse_2=0.006107; ', 'lpips_2=0.020188; ']
train step[385/3000] ; used: 6m:36s; eta: 44m:48s; loss = 0.083534; ['mse_0=0.009802; ', 'lpips_0=0.023972; ', 'mse_1=0.005875; ', 'lpips_1=0.018612; ', 'mse_2=0.005976; ', 'lpips_2=0.019297; ']
train step[386/3000] ; used: 6m:37s; eta: 44m:48s; loss = 0.094448; ['mse_0=0.009463; ', 'lpips_0=0.027046; ', 'mse_1=0.005744; ', 'lpips_1=0.022682; ', 'mse_2=0.006034; ', 'lpips_2=0.023479; ']
train step[387/3000] ; used: 6m:39s; eta: 44m:47s; loss = 0.092642; ['mse_0=0.008719; ', 'lpips_0=0.027878; ', 'mse_1=0.005804; ', 'lpips_1=0.022702; ', 'mse_2=0.005407; ', 'lpips_2=0.022132; ']
train step[388/3000] ; used: 6m:40s; eta: 44m:46s; loss = 0.072250; ['mse_0=0.007951; ', 'lpips_0=0.022020; ', 'mse_1=0.004363; ', 'lpips_1=0.016502; ', 'mse_2=0.004382; ', 'lpips_2=0.017032; ']
train step[389/3000] ; used: 6m:41s; eta: 44m:45s; loss = 0.108651; ['mse_0=0.013382; ', 'lpips_0=0.028235; ', 'mse_1=0.010307; ', 'lpips_1=0.023497; ', 'mse_2=0.009798; ', 'lpips_2=0.023430; ']
train step[390/3000] ; used: 6m:42s; eta: 44m:44s; loss = 0.106672; ['mse_0=0.009545; ', 'lpips_0=0.025930; ', 'mse_1=0.010432; ', 'lpips_1=0.024914; ', 'mse_2=0.010519; ', 'lpips_2=0.025333; ']
train step[391/3000] ; used: 6m:43s; eta: 44m:43s; loss = 0.102026; ['mse_0=0.011947; ', 'lpips_0=0.026450; ', 'mse_1=0.009627; ', 'lpips_1=0.022337; ', 'mse_2=0.009448; ', 'lpips_2=0.022215; ']
train step[392/3000] ; used: 6m:44s; eta: 44m:42s; loss = 0.109583; ['mse_0=0.013528; ', 'lpips_0=0.025395; ', 'mse_1=0.011862; ', 'lpips_1=0.023698; ', 'mse_2=0.011143; ', 'lpips_2=0.023957; ']
train step[393/3000] ; used: 6m:45s; eta: 44m:41s; loss = 0.095983; ['mse_0=0.009974; ', 'lpips_0=0.026491; ', 'mse_1=0.007030; ', 'lpips_1=0.022841; ', 'mse_2=0.006956; ', 'lpips_2=0.022691; ']
train step[394/3000] ; used: 6m:46s; eta: 44m:40s; loss = 0.105622; ['mse_0=0.014337; ', 'lpips_0=0.026860; ', 'mse_1=0.010750; ', 'lpips_1=0.021816; ', 'mse_2=0.010350; ', 'lpips_2=0.021509; ']
train step[395/3000] ; used: 6m:47s; eta: 44m:39s; loss = 0.100404; ['mse_0=0.011378; ', 'lpips_0=0.026807; ', 'mse_1=0.007898; ', 'lpips_1=0.022497; ', 'mse_2=0.008322; ', 'lpips_2=0.023503; ']
train step[396/3000] ; used: 6m:48s; eta: 44m:38s; loss = 0.097686; ['mse_0=0.010887; ', 'lpips_0=0.026925; ', 'mse_1=0.007004; ', 'lpips_1=0.023061; ', 'mse_2=0.006804; ', 'lpips_2=0.023007; ']
train step[397/3000] ; used: 6m:49s; eta: 44m:37s; loss = 0.082869; ['mse_0=0.008987; ', 'lpips_0=0.024070; ', 'mse_1=0.005836; ', 'lpips_1=0.018929; ', 'mse_2=0.005669; ', 'lpips_2=0.019378; ']
train step[398/3000] ; used: 6m:50s; eta: 44m:35s; loss = 0.086754; ['mse_0=0.008123; ', 'lpips_0=0.025255; ', 'mse_1=0.005354; ', 'lpips_1=0.020984; ', 'mse_2=0.005280; ', 'lpips_2=0.021758; ']
train step[399/3000] ; used: 6m:51s; eta: 44m:34s; loss = 0.096975; ['mse_0=0.013302; ', 'lpips_0=0.025566; ', 'mse_1=0.008346; ', 'lpips_1=0.020355; ', 'mse_2=0.008796; ', 'lpips_2=0.020609; ']
train step[400/3000] ; used: 6m:52s; eta: 44m:33s; loss = 0.089106; ['mse_0=0.010007; ', 'lpips_0=0.024346; ', 'mse_1=0.005925; ', 'lpips_1=0.021038; ', 'mse_2=0.006078; ', 'lpips_2=0.021712; ']
train step[401/3000] ; used: 6m:53s; eta: 44m:32s; loss = 0.096865; ['mse_0=0.012380; ', 'lpips_0=0.026171; ', 'mse_1=0.007550; ', 'lpips_1=0.021380; ', 'mse_2=0.007433; ', 'lpips_2=0.021951; ']
train step[402/3000] ; used: 6m:54s; eta: 44m:31s; loss = 0.077279; ['mse_0=0.005232; ', 'lpips_0=0.023846; ', 'mse_1=0.003760; ', 'lpips_1=0.020124; ', 'mse_2=0.003766; ', 'lpips_2=0.020550; ']
train step[403/3000] ; used: 6m:55s; eta: 44m:30s; loss = 0.089147; ['mse_0=0.009570; ', 'lpips_0=0.025468; ', 'mse_1=0.006850; ', 'lpips_1=0.020247; ', 'mse_2=0.006638; ', 'lpips_2=0.020375; ']
train step[404/3000] ; used: 6m:56s; eta: 44m:29s; loss = 0.096923; ['mse_0=0.011927; ', 'lpips_0=0.025565; ', 'mse_1=0.007990; ', 'lpips_1=0.021627; ', 'mse_2=0.007804; ', 'lpips_2=0.022010; ']
train step[405/3000] ; used: 6m:57s; eta: 44m:27s; loss = 0.107999; ['mse_0=0.015343; ', 'lpips_0=0.026523; ', 'mse_1=0.010314; ', 'lpips_1=0.022372; ', 'mse_2=0.010233; ', 'lpips_2=0.023214; ']
train step[406/3000] ; used: 6m:58s; eta: 44m:27s; loss = 0.089000; ['mse_0=0.008078; ', 'lpips_0=0.025988; ', 'mse_1=0.006249; ', 'lpips_1=0.021609; ', 'mse_2=0.005983; ', 'lpips_2=0.021093; ']
train step[407/3000] ; used: 6m:59s; eta: 44m:26s; loss = 0.084661; ['mse_0=0.007734; ', 'lpips_0=0.023970; ', 'mse_1=0.006263; ', 'lpips_1=0.019840; ', 'mse_2=0.006261; ', 'lpips_2=0.020593; ']
train step[408/3000] ; used: 7m; eta: 44m:25s; loss = 0.094486; ['mse_0=0.010097; ', 'lpips_0=0.024892; ', 'mse_1=0.008310; ', 'lpips_1=0.021422; ', 'mse_2=0.008078; ', 'lpips_2=0.021688; ']
train step[409/3000] ; used: 7m:1s; eta: 44m:24s; loss = 0.088208; ['mse_0=0.009010; ', 'lpips_0=0.025189; ', 'mse_1=0.006017; ', 'lpips_1=0.020533; ', 'mse_2=0.006058; ', 'lpips_2=0.021401; ']
train step[410/3000] ; used: 7m:2s; eta: 44m:23s; loss = 0.103336; ['mse_0=0.010620; ', 'lpips_0=0.026921; ', 'mse_1=0.009316; ', 'lpips_1=0.023816; ', 'mse_2=0.009055; ', 'lpips_2=0.023608; ']
Skipped bad example 3a596a6b42ce7b8f. Context shape was torch.Size([2, 3, 338, 640]) and target shape was torch.Size([4, 3, 338, 640]).
train step[411/3000] ; used: 7m:3s; eta: 44m:22s; loss = 0.089735; ['mse_0=0.008627; ', 'lpips_0=0.026109; ', 'mse_1=0.005853; ', 'lpips_1=0.021313; ', 'mse_2=0.005932; ', 'lpips_2=0.021902; ']
train step[412/3000] ; used: 7m:4s; eta: 44m:21s; loss = 0.093721; ['mse_0=0.009731; ', 'lpips_0=0.025735; ', 'mse_1=0.007372; ', 'lpips_1=0.021724; ', 'mse_2=0.007248; ', 'lpips_2=0.021910; ']
train step[413/3000] ; used: 7m:5s; eta: 44m:19s; loss = 0.083993; ['mse_0=0.007218; ', 'lpips_0=0.025264; ', 'mse_1=0.005424; ', 'lpips_1=0.020439; ', 'mse_2=0.005250; ', 'lpips_2=0.020398; ']
train step[414/3000] ; used: 7m:6s; eta: 44m:18s; loss = 0.094639; ['mse_0=0.011810; ', 'lpips_0=0.025453; ', 'mse_1=0.007481; ', 'lpips_1=0.020664; ', 'mse_2=0.007610; ', 'lpips_2=0.021622; ']
train step[415/3000] ; used: 7m:7s; eta: 44m:17s; loss = 0.089209; ['mse_0=0.009363; ', 'lpips_0=0.025405; ', 'mse_1=0.006775; ', 'lpips_1=0.020012; ', 'mse_2=0.006929; ', 'lpips_2=0.020725; ']
train step[416/3000] ; used: 7m:8s; eta: 44m:16s; loss = 0.098506; ['mse_0=0.010862; ', 'lpips_0=0.027200; ', 'mse_1=0.007972; ', 'lpips_1=0.022296; ', 'mse_2=0.008092; ', 'lpips_2=0.022085; ']
train step[417/3000] ; used: 7m:9s; eta: 44m:15s; loss = 0.098025; ['mse_0=0.011081; ', 'lpips_0=0.026468; ', 'mse_1=0.007814; ', 'lpips_1=0.022227; ', 'mse_2=0.007730; ', 'lpips_2=0.022705; ']
train step[418/3000] ; used: 7m:10s; eta: 44m:14s; loss = 0.096292; ['mse_0=0.011008; ', 'lpips_0=0.024764; ', 'mse_1=0.009230; ', 'lpips_1=0.020643; ', 'mse_2=0.009274; ', 'lpips_2=0.021374; ']
train step[419/3000] ; used: 7m:11s; eta: 44m:14s; loss = 0.101101; ['mse_0=0.013006; ', 'lpips_0=0.024840; ', 'mse_1=0.010079; ', 'lpips_1=0.021234; ', 'mse_2=0.009815; ', 'lpips_2=0.022127; ']
train step[420/3000] ; used: 7m:12s; eta: 44m:13s; loss = 0.095306; ['mse_0=0.010030; ', 'lpips_0=0.026054; ', 'mse_1=0.007271; ', 'lpips_1=0.022334; ', 'mse_2=0.007007; ', 'lpips_2=0.022609; ']
train step[421/3000] ; used: 7m:13s; eta: 44m:12s; loss = 0.085981; ['mse_0=0.008203; ', 'lpips_0=0.026188; ', 'mse_1=0.005574; ', 'lpips_1=0.020235; ', 'mse_2=0.005425; ', 'lpips_2=0.020356; ']
train step[422/3000] ; used: 7m:15s; eta: 44m:11s; loss = 0.094651; ['mse_0=0.010799; ', 'lpips_0=0.025181; ', 'mse_1=0.007580; ', 'lpips_1=0.021319; ', 'mse_2=0.007668; ', 'lpips_2=0.022104; ']
train step[423/3000] ; used: 7m:16s; eta: 44m:10s; loss = 0.072903; ['mse_0=0.005700; ', 'lpips_0=0.023671; ', 'mse_1=0.003686; ', 'lpips_1=0.017905; ', 'mse_2=0.003577; ', 'lpips_2=0.018363; ']
train step[424/3000] ; used: 7m:17s; eta: 44m:9s; loss = 0.089911; ['mse_0=0.009850; ', 'lpips_0=0.025266; ', 'mse_1=0.006388; ', 'lpips_1=0.020707; ', 'mse_2=0.006315; ', 'lpips_2=0.021385; ']
train step[425/3000] ; used: 7m:18s; eta: 44m:8s; loss = 0.090505; ['mse_0=0.009588; ', 'lpips_0=0.025431; ', 'mse_1=0.006713; ', 'lpips_1=0.020781; ', 'mse_2=0.006614; ', 'lpips_2=0.021378; ']
train step[426/3000] ; used: 7m:19s; eta: 44m:7s; loss = 0.092361; ['mse_0=0.009301; ', 'lpips_0=0.026350; ', 'mse_1=0.006634; ', 'lpips_1=0.021645; ', 'mse_2=0.006642; ', 'lpips_2=0.021789; ']
train step[427/3000] ; used: 7m:20s; eta: 44m:6s; loss = 0.093799; ['mse_0=0.012605; ', 'lpips_0=0.024144; ', 'mse_1=0.007450; ', 'lpips_1=0.020968; ', 'mse_2=0.007429; ', 'lpips_2=0.021204; ']
train step[428/3000] ; used: 7m:21s; eta: 44m:5s; loss = 0.125205; ['mse_0=0.020492; ', 'lpips_0=0.026818; ', 'mse_1=0.016727; ', 'lpips_1=0.022440; ', 'mse_2=0.016111; ', 'lpips_2=0.022616; ']
train step[429/3000] ; used: 7m:22s; eta: 44m:4s; loss = 0.100676; ['mse_0=0.010861; ', 'lpips_0=0.027382; ', 'mse_1=0.007845; ', 'lpips_1=0.023226; ', 'mse_2=0.007806; ', 'lpips_2=0.023557; ']
train step[430/3000] ; used: 7m:23s; eta: 44m:3s; loss = 0.091158; ['mse_0=0.009517; ', 'lpips_0=0.025870; ', 'mse_1=0.006572; ', 'lpips_1=0.021092; ', 'mse_2=0.006599; ', 'lpips_2=0.021508; ']
train step[431/3000] ; used: 7m:24s; eta: 44m:2s; loss = 0.090024; ['mse_0=0.012417; ', 'lpips_0=0.024542; ', 'mse_1=0.006979; ', 'lpips_1=0.019114; ', 'mse_2=0.006998; ', 'lpips_2=0.019974; ']
train step[432/3000] ; used: 7m:25s; eta: 44m:1s; loss = 0.099968; ['mse_0=0.012051; ', 'lpips_0=0.025866; ', 'mse_1=0.008978; ', 'lpips_1=0.021733; ', 'mse_2=0.008978; ', 'lpips_2=0.022361; ']
train step[433/3000] ; used: 7m:26s; eta: 44m; loss = 0.109127; ['mse_0=0.015714; ', 'lpips_0=0.026190; ', 'mse_1=0.011033; ', 'lpips_1=0.022422; ', 'mse_2=0.011029; ', 'lpips_2=0.022740; ']
train step[434/3000] ; used: 7m:27s; eta: 43m:58s; loss = 0.094588; ['mse_0=0.011186; ', 'lpips_0=0.025499; ', 'mse_1=0.008079; ', 'lpips_1=0.020876; ', 'mse_2=0.007904; ', 'lpips_2=0.021044; ']
train step[435/3000] ; used: 7m:28s; eta: 43m:58s; loss = 0.084999; ['mse_0=0.010048; ', 'lpips_0=0.024221; ', 'mse_1=0.005974; ', 'lpips_1=0.019319; ', 'mse_2=0.005863; ', 'lpips_2=0.019574; ']
train step[436/3000] ; used: 7m:29s; eta: 43m:57s; loss = 0.105442; ['mse_0=0.011377; ', 'lpips_0=0.027608; ', 'mse_1=0.009122; ', 'lpips_1=0.024053; ', 'mse_2=0.008956; ', 'lpips_2=0.024326; ']
train step[437/3000] ; used: 7m:30s; eta: 43m:56s; loss = 0.083186; ['mse_0=0.008696; ', 'lpips_0=0.024260; ', 'mse_1=0.005344; ', 'lpips_1=0.019322; ', 'mse_2=0.005501; ', 'lpips_2=0.020064; ']
train step[438/3000] ; used: 7m:31s; eta: 43m:54s; loss = 0.109708; ['mse_0=0.014830; ', 'lpips_0=0.026778; ', 'mse_1=0.010878; ', 'lpips_1=0.022768; ', 'mse_2=0.011046; ', 'lpips_2=0.023407; ']
train step[439/3000] ; used: 7m:32s; eta: 43m:53s; loss = 0.071793; ['mse_0=0.006827; ', 'lpips_0=0.023186; ', 'mse_1=0.003659; ', 'lpips_1=0.017011; ', 'mse_2=0.003657; ', 'lpips_2=0.017453; ']
train step[440/3000] ; used: 7m:33s; eta: 43m:53s; loss = 0.084809; ['mse_0=0.011038; ', 'lpips_0=0.023640; ', 'mse_1=0.006878; ', 'lpips_1=0.018228; ', 'mse_2=0.006346; ', 'lpips_2=0.018679; ']
train step[441/3000] ; used: 7m:34s; eta: 43m:51s; loss = 0.103739; ['mse_0=0.013214; ', 'lpips_0=0.026205; ', 'mse_1=0.010042; ', 'lpips_1=0.021810; ', 'mse_2=0.010363; ', 'lpips_2=0.022105; ']
train step[442/3000] ; used: 7m:35s; eta: 43m:50s; loss = 0.088816; ['mse_0=0.010044; ', 'lpips_0=0.025939; ', 'mse_1=0.006107; ', 'lpips_1=0.020736; ', 'mse_2=0.005773; ', 'lpips_2=0.020217; ']
train step[443/3000] ; used: 7m:36s; eta: 43m:49s; loss = 0.096961; ['mse_0=0.009745; ', 'lpips_0=0.026436; ', 'mse_1=0.007955; ', 'lpips_1=0.022270; ', 'mse_2=0.007861; ', 'lpips_2=0.022694; ']
train step[444/3000] ; used: 7m:37s; eta: 43m:48s; loss = 0.082581; ['mse_0=0.008251; ', 'lpips_0=0.024857; ', 'mse_1=0.005149; ', 'lpips_1=0.019473; ', 'mse_2=0.005024; ', 'lpips_2=0.019828; ']
train step[445/3000] ; used: 7m:38s; eta: 43m:47s; loss = 0.108384; ['mse_0=0.017128; ', 'lpips_0=0.023466; ', 'mse_1=0.013870; ', 'lpips_1=0.019921; ', 'mse_2=0.013707; ', 'lpips_2=0.020291; ']
train step[446/3000] ; used: 7m:39s; eta: 43m:46s; loss = 0.096403; ['mse_0=0.010406; ', 'lpips_0=0.026668; ', 'mse_1=0.007890; ', 'lpips_1=0.022007; ', 'mse_2=0.007431; ', 'lpips_2=0.022001; ']
train step[447/3000] ; used: 7m:40s; eta: 43m:45s; loss = 0.068979; ['mse_0=0.004130; ', 'lpips_0=0.023438; ', 'mse_1=0.002512; ', 'lpips_1=0.017876; ', 'mse_2=0.002511; ', 'lpips_2=0.018512; ']
train step[448/3000] ; used: 7m:41s; eta: 43m:44s; loss = 0.092523; ['mse_0=0.009295; ', 'lpips_0=0.025924; ', 'mse_1=0.007156; ', 'lpips_1=0.021465; ', 'mse_2=0.007069; ', 'lpips_2=0.021614; ']
train step[449/3000] ; used: 7m:42s; eta: 43m:43s; loss = 0.089818; ['mse_0=0.007562; ', 'lpips_0=0.026142; ', 'mse_1=0.005461; ', 'lpips_1=0.022464; ', 'mse_2=0.005350; ', 'lpips_2=0.022838; ']
train step[450/3000] ; used: 7m:43s; eta: 43m:41s; loss = 0.109656; ['mse_0=0.016201; ', 'lpips_0=0.024759; ', 'mse_1=0.013178; ', 'lpips_1=0.021108; ', 'mse_2=0.012961; ', 'lpips_2=0.021448; ']
train step[451/3000] ; used: 7m:44s; eta: 43m:40s; loss = 0.088996; ['mse_0=0.008322; ', 'lpips_0=0.026731; ', 'mse_1=0.005747; ', 'lpips_1=0.021187; ', 'mse_2=0.005616; ', 'lpips_2=0.021393; ']
train step[452/3000] ; used: 7m:45s; eta: 43m:39s; loss = 0.090384; ['mse_0=0.009243; ', 'lpips_0=0.024632; ', 'mse_1=0.007779; ', 'lpips_1=0.020550; ', 'mse_2=0.007645; ', 'lpips_2=0.020535; ']
train step[453/3000] ; used: 7m:46s; eta: 43m:38s; loss = 0.109493; ['mse_0=0.014337; ', 'lpips_0=0.027033; ', 'mse_1=0.011365; ', 'lpips_1=0.022914; ', 'mse_2=0.010965; ', 'lpips_2=0.022878; ']
train step[454/3000] ; used: 7m:47s; eta: 43m:37s; loss = 0.072153; ['mse_0=0.006828; ', 'lpips_0=0.023739; ', 'mse_1=0.003777; ', 'lpips_1=0.017004; ', 'mse_2=0.003656; ', 'lpips_2=0.017150; ']
train step[455/3000] ; used: 7m:48s; eta: 43m:36s; loss = 0.080722; ['mse_0=0.008481; ', 'lpips_0=0.024375; ', 'mse_1=0.005141; ', 'lpips_1=0.018659; ', 'mse_2=0.005043; ', 'lpips_2=0.019023; ']
train step[456/3000] ; used: 7m:50s; eta: 43m:37s; loss = 0.108859; ['mse_0=0.014706; ', 'lpips_0=0.026540; ', 'mse_1=0.010580; ', 'lpips_1=0.023100; ', 'mse_2=0.010528; ', 'lpips_2=0.023404; ']
train step[457/3000] ; used: 7m:51s; eta: 43m:36s; loss = 0.086298; ['mse_0=0.009855; ', 'lpips_0=0.025649; ', 'mse_1=0.005748; ', 'lpips_1=0.019613; ', 'mse_2=0.005577; ', 'lpips_2=0.019856; ']
train step[458/3000] ; used: 7m:52s; eta: 43m:35s; loss = 0.125203; ['mse_0=0.023573; ', 'lpips_0=0.027585; ', 'mse_1=0.015129; ', 'lpips_1=0.022151; ', 'mse_2=0.014699; ', 'lpips_2=0.022067; ']
train step[459/3000] ; used: 7m:53s; eta: 43m:33s; loss = 0.096696; ['mse_0=0.012693; ', 'lpips_0=0.025091; ', 'mse_1=0.009209; ', 'lpips_1=0.020025; ', 'mse_2=0.009124; ', 'lpips_2=0.020554; ']
train step[460/3000] ; used: 7m:54s; eta: 43m:32s; loss = 0.129839; ['mse_0=0.012902; ', 'lpips_0=0.028335; ', 'mse_1=0.019512; ', 'lpips_1=0.024663; ', 'mse_2=0.019546; ', 'lpips_2=0.024880; ']
train step[461/3000] ; used: 7m:55s; eta: 43m:31s; loss = 0.093767; ['mse_0=0.010653; ', 'lpips_0=0.025068; ', 'mse_1=0.007622; ', 'lpips_1=0.021366; ', 'mse_2=0.007457; ', 'lpips_2=0.021601; ']
train step[462/3000] ; used: 7m:56s; eta: 43m:30s; loss = 0.068763; ['mse_0=0.005508; ', 'lpips_0=0.023697; ', 'mse_1=0.003038; ', 'lpips_1=0.016803; ', 'mse_2=0.002899; ', 'lpips_2=0.016818; ']
train step[463/3000] ; used: 7m:57s; eta: 43m:29s; loss = 0.105128; ['mse_0=0.011217; ', 'lpips_0=0.027419; ', 'mse_1=0.008874; ', 'lpips_1=0.024414; ', 'mse_2=0.008767; ', 'lpips_2=0.024436; ']
train step[464/3000] ; used: 7m:58s; eta: 43m:28s; loss = 0.079514; ['mse_0=0.007730; ', 'lpips_0=0.021121; ', 'mse_1=0.006730; ', 'lpips_1=0.018362; ', 'mse_2=0.006816; ', 'lpips_2=0.018755; ']
train step[465/3000] ; used: 7m:59s; eta: 43m:27s; loss = 0.072941; ['mse_0=0.007021; ', 'lpips_0=0.023109; ', 'mse_1=0.004318; ', 'lpips_1=0.016979; ', 'mse_2=0.004231; ', 'lpips_2=0.017283; ']
train step[466/3000] ; used: 8m; eta: 43m:25s; loss = 0.096520; ['mse_0=0.012121; ', 'lpips_0=0.024746; ', 'mse_1=0.008870; ', 'lpips_1=0.020807; ', 'mse_2=0.008888; ', 'lpips_2=0.021088; ']
train step[467/3000] ; used: 8m:1s; eta: 43m:24s; loss = 0.108269; ['mse_0=0.012547; ', 'lpips_0=0.024850; ', 'mse_1=0.012884; ', 'lpips_1=0.022282; ', 'mse_2=0.012863; ', 'lpips_2=0.022844; ']
train step[468/3000] ; used: 8m:2s; eta: 43m:23s; loss = 0.102504; ['mse_0=0.010248; ', 'lpips_0=0.028348; ', 'mse_1=0.008078; ', 'lpips_1=0.024002; ', 'mse_2=0.008011; ', 'lpips_2=0.023816; ']
train step[469/3000] ; used: 8m:3s; eta: 43m:22s; loss = 0.077488; ['mse_0=0.006102; ', 'lpips_0=0.025270; ', 'mse_1=0.003687; ', 'lpips_1=0.019446; ', 'mse_2=0.003653; ', 'lpips_2=0.019330; ']
train step[470/3000] ; used: 8m:4s; eta: 43m:21s; loss = 0.108265; ['mse_0=0.014135; ', 'lpips_0=0.026100; ', 'mse_1=0.011999; ', 'lpips_1=0.021993; ', 'mse_2=0.012034; ', 'lpips_2=0.022003; ']
train step[471/3000] ; used: 8m:5s; eta: 43m:20s; loss = 0.074309; ['mse_0=0.004516; ', 'lpips_0=0.024741; ', 'mse_1=0.002980; ', 'lpips_1=0.019416; ', 'mse_2=0.003010; ', 'lpips_2=0.019646; ']
train step[472/3000] ; used: 8m:6s; eta: 43m:18s; loss = 0.078575; ['mse_0=0.006875; ', 'lpips_0=0.022203; ', 'mse_1=0.004807; ', 'lpips_1=0.019807; ', 'mse_2=0.004865; ', 'lpips_2=0.020019; ']
train step[473/3000] ; used: 8m:7s; eta: 43m:17s; loss = 0.087532; ['mse_0=0.009863; ', 'lpips_0=0.025041; ', 'mse_1=0.006187; ', 'lpips_1=0.019861; ', 'mse_2=0.006315; ', 'lpips_2=0.020266; ']
train step[474/3000] ; used: 8m:8s; eta: 43m:16s; loss = 0.110191; ['mse_0=0.014709; ', 'lpips_0=0.025941; ', 'mse_1=0.012669; ', 'lpips_1=0.022036; ', 'mse_2=0.012429; ', 'lpips_2=0.022407; ']
train step[475/3000] ; used: 8m:9s; eta: 43m:15s; loss = 0.095002; ['mse_0=0.011251; ', 'lpips_0=0.025556; ', 'mse_1=0.007753; ', 'lpips_1=0.020974; ', 'mse_2=0.007861; ', 'lpips_2=0.021607; ']
train step[476/3000] ; used: 8m:10s; eta: 43m:15s; loss = 0.087414; ['mse_0=0.005412; ', 'lpips_0=0.027421; ', 'mse_1=0.004281; ', 'lpips_1=0.022984; ', 'mse_2=0.004305; ', 'lpips_2=0.023011; ']
train step[477/3000] ; used: 8m:11s; eta: 43m:14s; loss = 0.127481; ['mse_0=0.019036; ', 'lpips_0=0.028051; ', 'mse_1=0.015525; ', 'lpips_1=0.024672; ', 'mse_2=0.015319; ', 'lpips_2=0.024877; ']
train step[478/3000] ; used: 8m:12s; eta: 43m:13s; loss = 0.096975; ['mse_0=0.012232; ', 'lpips_0=0.025538; ', 'mse_1=0.008807; ', 'lpips_1=0.020776; ', 'mse_2=0.008601; ', 'lpips_2=0.021020; ']
train step[479/3000] ; used: 8m:13s; eta: 43m:12s; loss = 0.102751; ['mse_0=0.014296; ', 'lpips_0=0.024710; ', 'mse_1=0.011224; ', 'lpips_1=0.020446; ', 'mse_2=0.011133; ', 'lpips_2=0.020942; ']
train step[480/3000] ; used: 8m:14s; eta: 43m:11s; loss = 0.089963; ['mse_0=0.010011; ', 'lpips_0=0.025849; ', 'mse_1=0.006668; ', 'lpips_1=0.019993; ', 'mse_2=0.006787; ', 'lpips_2=0.020655; ']
train step[481/3000] ; used: 8m:15s; eta: 43m:10s; loss = 0.079781; ['mse_0=0.007334; ', 'lpips_0=0.024362; ', 'mse_1=0.005168; ', 'lpips_1=0.018748; ', 'mse_2=0.005142; ', 'lpips_2=0.019027; ']
train step[482/3000] ; used: 8m:16s; eta: 43m:9s; loss = 0.070858; ['mse_0=0.004831; ', 'lpips_0=0.022873; ', 'mse_1=0.003263; ', 'lpips_1=0.018105; ', 'mse_2=0.003292; ', 'lpips_2=0.018494; ']
train step[483/3000] ; used: 8m:17s; eta: 43m:8s; loss = 0.132896; ['mse_0=0.020267; ', 'lpips_0=0.028183; ', 'mse_1=0.018020; ', 'lpips_1=0.024552; ', 'mse_2=0.017244; ', 'lpips_2=0.024630; ']
train step[484/3000] ; used: 8m:18s; eta: 43m:7s; loss = 0.083179; ['mse_0=0.007937; ', 'lpips_0=0.024868; ', 'mse_1=0.005317; ', 'lpips_1=0.019599; ', 'mse_2=0.005363; ', 'lpips_2=0.020095; ']
train step[485/3000] ; used: 8m:19s; eta: 43m:6s; loss = 0.082817; ['mse_0=0.009278; ', 'lpips_0=0.024374; ', 'mse_1=0.006165; ', 'lpips_1=0.018400; ', 'mse_2=0.005962; ', 'lpips_2=0.018639; ']
train step[486/3000] ; used: 8m:20s; eta: 43m:5s; loss = 0.082805; ['mse_0=0.006880; ', 'lpips_0=0.023892; ', 'mse_1=0.005859; ', 'lpips_1=0.019964; ', 'mse_2=0.005748; ', 'lpips_2=0.020461; ']
train step[487/3000] ; used: 8m:21s; eta: 43m:4s; loss = 0.071071; ['mse_0=0.007666; ', 'lpips_0=0.023466; ', 'mse_1=0.003718; ', 'lpips_1=0.016124; ', 'mse_2=0.003665; ', 'lpips_2=0.016431; ']
train step[488/3000] ; used: 8m:22s; eta: 43m:3s; loss = 0.104114; ['mse_0=0.013056; ', 'lpips_0=0.025587; ', 'mse_1=0.010592; ', 'lpips_1=0.022096; ', 'mse_2=0.010465; ', 'lpips_2=0.022318; ']
train step[489/3000] ; used: 8m:23s; eta: 43m:2s; loss = 0.111347; ['mse_0=0.014294; ', 'lpips_0=0.026582; ', 'mse_1=0.011100; ', 'lpips_1=0.023899; ', 'mse_2=0.011238; ', 'lpips_2=0.024234; ']
train step[490/3000] ; used: 8m:24s; eta: 43m:1s; loss = 0.070675; ['mse_0=0.005207; ', 'lpips_0=0.023861; ', 'mse_1=0.003153; ', 'lpips_1=0.017576; ', 'mse_2=0.003132; ', 'lpips_2=0.017746; ']
train step[491/3000] ; used: 8m:25s; eta: 43m; loss = 0.073370; ['mse_0=0.005721; ', 'lpips_0=0.024063; ', 'mse_1=0.003664; ', 'lpips_1=0.018059; ', 'mse_2=0.003548; ', 'lpips_2=0.018315; ']
train step[492/3000] ; used: 8m:26s; eta: 42m:58s; loss = 0.091004; ['mse_0=0.009898; ', 'lpips_0=0.025088; ', 'mse_1=0.007499; ', 'lpips_1=0.020465; ', 'mse_2=0.007375; ', 'lpips_2=0.020679; ']
train step[493/3000] ; used: 8m:27s; eta: 42m:57s; loss = 0.079356; ['mse_0=0.009176; ', 'lpips_0=0.023733; ', 'mse_1=0.005943; ', 'lpips_1=0.017449; ', 'mse_2=0.005527; ', 'lpips_2=0.017528; ']
train step[494/3000] ; used: 8m:29s; eta: 42m:56s; loss = 0.075926; ['mse_0=0.007619; ', 'lpips_0=0.023603; ', 'mse_1=0.004950; ', 'lpips_1=0.017506; ', 'mse_2=0.004766; ', 'lpips_2=0.017483; ']
train step[495/3000] ; used: 8m:30s; eta: 42m:55s; loss = 0.081007; ['mse_0=0.008565; ', 'lpips_0=0.024748; ', 'mse_1=0.005157; ', 'lpips_1=0.018539; ', 'mse_2=0.005140; ', 'lpips_2=0.018859; ']
train step[496/3000] ; used: 8m:31s; eta: 42m:54s; loss = 0.084949; ['mse_0=0.008752; ', 'lpips_0=0.024009; ', 'mse_1=0.006455; ', 'lpips_1=0.019536; ', 'mse_2=0.006497; ', 'lpips_2=0.019700; ']
train step[497/3000] ; used: 8m:32s; eta: 42m:53s; loss = 0.088158; ['mse_0=0.007288; ', 'lpips_0=0.025291; ', 'mse_1=0.005996; ', 'lpips_1=0.021772; ', 'mse_2=0.006049; ', 'lpips_2=0.021762; ']
train step[498/3000] ; used: 8m:33s; eta: 42m:52s; loss = 0.075531; ['mse_0=0.006958; ', 'lpips_0=0.023763; ', 'mse_1=0.004555; ', 'lpips_1=0.017775; ', 'mse_2=0.004438; ', 'lpips_2=0.018042; ']
train step[499/3000] ; used: 8m:34s; eta: 42m:51s; loss = 0.098477; ['mse_0=0.013037; ', 'lpips_0=0.027127; ', 'mse_1=0.008902; ', 'lpips_1=0.020413; ', 'mse_2=0.008693; ', 'lpips_2=0.020305; ']
train step[500/3000] ; used: 8m:35s; eta: 42m:50s; loss = 0.101843; ['mse_0=0.010477; ', 'lpips_0=0.026199; ', 'mse_1=0.009429; ', 'lpips_1=0.022872; ', 'mse_2=0.009458; ', 'lpips_2=0.023409; ']
train step[501/3000] ; used: 8m:36s; eta: 42m:49s; loss = 0.089068; ['mse_0=0.007581; ', 'lpips_0=0.026987; ', 'mse_1=0.005492; ', 'lpips_1=0.021943; ', 'mse_2=0.005335; ', 'lpips_2=0.021731; ']
train step[502/3000] ; used: 8m:37s; eta: 42m:48s; loss = 0.085432; ['mse_0=0.009754; ', 'lpips_0=0.024066; ', 'mse_1=0.006718; ', 'lpips_1=0.018929; ', 'mse_2=0.006706; ', 'lpips_2=0.019259; ']
train step[503/3000] ; used: 8m:38s; eta: 42m:47s; loss = 0.087954; ['mse_0=0.009542; ', 'lpips_0=0.024494; ', 'mse_1=0.006055; ', 'lpips_1=0.020819; ', 'mse_2=0.006047; ', 'lpips_2=0.020997; ']
train step[504/3000] ; used: 8m:39s; eta: 42m:46s; loss = 0.087273; ['mse_0=0.008739; ', 'lpips_0=0.025248; ', 'mse_1=0.006238; ', 'lpips_1=0.020375; ', 'mse_2=0.006091; ', 'lpips_2=0.020582; ']
train step[505/3000] ; used: 8m:40s; eta: 42m:45s; loss = 0.084588; ['mse_0=0.008265; ', 'lpips_0=0.024164; ', 'mse_1=0.005446; ', 'lpips_1=0.020597; ', 'mse_2=0.005419; ', 'lpips_2=0.020697; ']
train step[506/3000] ; used: 8m:41s; eta: 42m:45s; loss = 0.073584; ['mse_0=0.005867; ', 'lpips_0=0.024575; ', 'mse_1=0.003255; ', 'lpips_1=0.018246; ', 'mse_2=0.003245; ', 'lpips_2=0.018395; ']
train step[507/3000] ; used: 8m:42s; eta: 42m:44s; loss = 0.084656; ['mse_0=0.006450; ', 'lpips_0=0.024071; ', 'mse_1=0.005132; ', 'lpips_1=0.021599; ', 'mse_2=0.005183; ', 'lpips_2=0.022221; ']
train step[508/3000] ; used: 8m:43s; eta: 42m:43s; loss = 0.093551; ['mse_0=0.011668; ', 'lpips_0=0.024657; ', 'mse_1=0.007813; ', 'lpips_1=0.020586; ', 'mse_2=0.007912; ', 'lpips_2=0.020915; ']
train step[509/3000] ; used: 8m:44s; eta: 42m:42s; loss = 0.111272; ['mse_0=0.012990; ', 'lpips_0=0.027901; ', 'mse_1=0.011327; ', 'lpips_1=0.023843; ', 'mse_2=0.011239; ', 'lpips_2=0.023971; ']
train step[510/3000] ; used: 8m:45s; eta: 42m:41s; loss = 0.075592; ['mse_0=0.005294; ', 'lpips_0=0.023920; ', 'mse_1=0.004197; ', 'lpips_1=0.019020; ', 'mse_2=0.004106; ', 'lpips_2=0.019055; ']
train step[511/3000] ; used: 8m:46s; eta: 42m:40s; loss = 0.093338; ['mse_0=0.009996; ', 'lpips_0=0.025844; ', 'mse_1=0.007704; ', 'lpips_1=0.020978; ', 'mse_2=0.007731; ', 'lpips_2=0.021085; ']
train step[512/3000] ; used: 8m:47s; eta: 42m:39s; loss = 0.084263; ['mse_0=0.007589; ', 'lpips_0=0.024924; ', 'mse_1=0.005603; ', 'lpips_1=0.020064; ', 'mse_2=0.005608; ', 'lpips_2=0.020475; ']
train step[513/3000] ; used: 8m:48s; eta: 42m:38s; loss = 0.095682; ['mse_0=0.012405; ', 'lpips_0=0.026722; ', 'mse_1=0.007889; ', 'lpips_1=0.020291; ', 'mse_2=0.007805; ', 'lpips_2=0.020570; ']
train step[514/3000] ; used: 8m:49s; eta: 42m:37s; loss = 0.081207; ['mse_0=0.007914; ', 'lpips_0=0.024241; ', 'mse_1=0.006162; ', 'lpips_1=0.018643; ', 'mse_2=0.005983; ', 'lpips_2=0.018263; ']
train step[515/3000] ; used: 8m:50s; eta: 42m:36s; loss = 0.104708; ['mse_0=0.014050; ', 'lpips_0=0.025624; ', 'mse_1=0.011019; ', 'lpips_1=0.021372; ', 'mse_2=0.010950; ', 'lpips_2=0.021692; ']
train step[516/3000] ; used: 8m:51s; eta: 42m:35s; loss = 0.079220; ['mse_0=0.008372; ', 'lpips_0=0.024214; ', 'mse_1=0.005033; ', 'lpips_1=0.018488; ', 'mse_2=0.004872; ', 'lpips_2=0.018241; ']
train step[517/3000] ; used: 8m:52s; eta: 42m:34s; loss = 0.074586; ['mse_0=0.008208; ', 'lpips_0=0.022674; ', 'mse_1=0.005104; ', 'lpips_1=0.016800; ', 'mse_2=0.005054; ', 'lpips_2=0.016746; ']
train step[518/3000] ; used: 8m:53s; eta: 42m:33s; loss = 0.085641; ['mse_0=0.007139; ', 'lpips_0=0.025703; ', 'mse_1=0.005338; ', 'lpips_1=0.021002; ', 'mse_2=0.005269; ', 'lpips_2=0.021189; ']
train step[519/3000] ; used: 8m:54s; eta: 42m:32s; loss = 0.078380; ['mse_0=0.006911; ', 'lpips_0=0.021874; ', 'mse_1=0.005868; ', 'lpips_1=0.018743; ', 'mse_2=0.005789; ', 'lpips_2=0.019196; ']
train step[520/3000] ; used: 8m:55s; eta: 42m:30s; loss = 0.089152; ['mse_0=0.008955; ', 'lpips_0=0.024948; ', 'mse_1=0.006151; ', 'lpips_1=0.021492; ', 'mse_2=0.006043; ', 'lpips_2=0.021564; ']
train step[521/3000] ; used: 8m:56s; eta: 42m:29s; loss = 0.084711; ['mse_0=0.010527; ', 'lpips_0=0.024622; ', 'mse_1=0.006561; ', 'lpips_1=0.018101; ', 'mse_2=0.006500; ', 'lpips_2=0.018399; ']
train step[522/3000] ; used: 8m:57s; eta: 42m:28s; loss = 0.086560; ['mse_0=0.009110; ', 'lpips_0=0.025334; ', 'mse_1=0.005863; ', 'lpips_1=0.019985; ', 'mse_2=0.005850; ', 'lpips_2=0.020418; ']
train step[523/3000] ; used: 8m:58s; eta: 42m:27s; loss = 0.102369; ['mse_0=0.013832; ', 'lpips_0=0.026610; ', 'mse_1=0.010089; ', 'lpips_1=0.021091; ', 'mse_2=0.009822; ', 'lpips_2=0.020925; ']
train step[524/3000] ; used: 8m:59s; eta: 42m:26s; loss = 0.075509; ['mse_0=0.006396; ', 'lpips_0=0.023307; ', 'mse_1=0.004511; ', 'lpips_1=0.018213; ', 'mse_2=0.004489; ', 'lpips_2=0.018594; ']
train step[525/3000] ; used: 9m:1s; eta: 42m:25s; loss = 0.080293; ['mse_0=0.007595; ', 'lpips_0=0.025993; ', 'mse_1=0.004092; ', 'lpips_1=0.019233; ', 'mse_2=0.004071; ', 'lpips_2=0.019311; ']
train step[526/3000] ; used: 9m:2s; eta: 42m:24s; loss = 0.104881; ['mse_0=0.013756; ', 'lpips_0=0.026652; ', 'mse_1=0.010399; ', 'lpips_1=0.021950; ', 'mse_2=0.010180; ', 'lpips_2=0.021945; ']
train step[527/3000] ; used: 9m:3s; eta: 42m:23s; loss = 0.099471; ['mse_0=0.010522; ', 'lpips_0=0.025577; ', 'mse_1=0.008990; ', 'lpips_1=0.022753; ', 'mse_2=0.008905; ', 'lpips_2=0.022724; ']
train step[528/3000] ; used: 9m:4s; eta: 42m:22s; loss = 0.101210; ['mse_0=0.013824; ', 'lpips_0=0.026320; ', 'mse_1=0.009084; ', 'lpips_1=0.021546; ', 'mse_2=0.008954; ', 'lpips_2=0.021482; ']
train step[529/3000] ; used: 9m:5s; eta: 42m:22s; loss = 0.129846; ['mse_0=0.023575; ', 'lpips_0=0.028200; ', 'mse_1=0.015829; ', 'lpips_1=0.023132; ', 'mse_2=0.015807; ', 'lpips_2=0.023304; ']
train step[530/3000] ; used: 9m:6s; eta: 42m:21s; loss = 0.074274; ['mse_0=0.006011; ', 'lpips_0=0.024319; ', 'mse_1=0.003585; ', 'lpips_1=0.018518; ', 'mse_2=0.003483; ', 'lpips_2=0.018359; ']
train step[531/3000] ; used: 9m:7s; eta: 42m:20s; loss = 0.108587; ['mse_0=0.014315; ', 'lpips_0=0.025961; ', 'mse_1=0.011939; ', 'lpips_1=0.022181; ', 'mse_2=0.011737; ', 'lpips_2=0.022454; ']
train step[532/3000] ; used: 9m:8s; eta: 42m:19s; loss = 0.114486; ['mse_0=0.012542; ', 'lpips_0=0.028532; ', 'mse_1=0.011096; ', 'lpips_1=0.025633; ', 'mse_2=0.011035; ', 'lpips_2=0.025649; ']
train step[533/3000] ; used: 9m:9s; eta: 42m:18s; loss = 0.076336; ['mse_0=0.006875; ', 'lpips_0=0.023040; ', 'mse_1=0.004697; ', 'lpips_1=0.018493; ', 'mse_2=0.004721; ', 'lpips_2=0.018510; ']
train step[534/3000] ; used: 9m:10s; eta: 42m:17s; loss = 0.071462; ['mse_0=0.004627; ', 'lpips_0=0.023569; ', 'mse_1=0.002820; ', 'lpips_1=0.018715; ', 'mse_2=0.002822; ', 'lpips_2=0.018909; ']
train step[535/3000] ; used: 9m:11s; eta: 42m:16s; loss = 0.067491; ['mse_0=0.006569; ', 'lpips_0=0.022828; ', 'mse_1=0.003318; ', 'lpips_1=0.015710; ', 'mse_2=0.003273; ', 'lpips_2=0.015793; ']
train step[536/3000] ; used: 9m:12s; eta: 42m:15s; loss = 0.092859; ['mse_0=0.010252; ', 'lpips_0=0.024623; ', 'mse_1=0.008050; ', 'lpips_1=0.020824; ', 'mse_2=0.008019; ', 'lpips_2=0.021091; ']
train step[537/3000] ; used: 9m:13s; eta: 42m:14s; loss = 0.095087; ['mse_0=0.013260; ', 'lpips_0=0.024109; ', 'mse_1=0.010976; ', 'lpips_1=0.017981; ', 'mse_2=0.010745; ', 'lpips_2=0.018016; ']
train step[538/3000] ; used: 9m:14s; eta: 42m:13s; loss = 0.085683; ['mse_0=0.010812; ', 'lpips_0=0.023714; ', 'mse_1=0.006862; ', 'lpips_1=0.018534; ', 'mse_2=0.006917; ', 'lpips_2=0.018844; ']
train step[539/3000] ; used: 9m:15s; eta: 42m:12s; loss = 0.103534; ['mse_0=0.013869; ', 'lpips_0=0.026629; ', 'mse_1=0.009387; ', 'lpips_1=0.022164; ', 'mse_2=0.009265; ', 'lpips_2=0.022220; ']
train step[540/3000] ; used: 9m:16s; eta: 42m:11s; loss = 0.085180; ['mse_0=0.008827; ', 'lpips_0=0.024501; ', 'mse_1=0.005966; ', 'lpips_1=0.019984; ', 'mse_2=0.005911; ', 'lpips_2=0.019991; ']
train step[541/3000] ; used: 9m:17s; eta: 42m:10s; loss = 0.072036; ['mse_0=0.005673; ', 'lpips_0=0.021929; ', 'mse_1=0.004369; ', 'lpips_1=0.017897; ', 'mse_2=0.004180; ', 'lpips_2=0.017988; ']
train step[542/3000] ; used: 9m:18s; eta: 42m:10s; loss = 0.091845; ['mse_0=0.010193; ', 'lpips_0=0.023997; ', 'mse_1=0.008601; ', 'lpips_1=0.020397; ', 'mse_2=0.008385; ', 'lpips_2=0.020272; ']
train step[543/3000] ; used: 9m:19s; eta: 42m:9s; loss = 0.073108; ['mse_0=0.007016; ', 'lpips_0=0.023152; ', 'mse_1=0.004254; ', 'lpips_1=0.017259; ', 'mse_2=0.004217; ', 'lpips_2=0.017210; ']
train step[544/3000] ; used: 9m:20s; eta: 42m:8s; loss = 0.142888; ['mse_0=0.022195; ', 'lpips_0=0.029275; ', 'mse_1=0.018958; ', 'lpips_1=0.026924; ', 'mse_2=0.018557; ', 'lpips_2=0.026979; ']
train step[545/3000] ; used: 9m:21s; eta: 42m:6s; loss = 0.096506; ['mse_0=0.010544; ', 'lpips_0=0.026694; ', 'mse_1=0.007975; ', 'lpips_1=0.021880; ', 'mse_2=0.007655; ', 'lpips_2=0.021757; ']
train step[546/3000] ; used: 9m:23s; eta: 42m:5s; loss = 0.067599; ['mse_0=0.005895; ', 'lpips_0=0.021895; ', 'mse_1=0.003490; ', 'lpips_1=0.016021; ', 'mse_2=0.003644; ', 'lpips_2=0.016654; ']
train step[547/3000] ; used: 9m:24s; eta: 42m:4s; loss = 0.096165; ['mse_0=0.012423; ', 'lpips_0=0.025045; ', 'mse_1=0.009499; ', 'lpips_1=0.019774; ', 'mse_2=0.009366; ', 'lpips_2=0.020059; ']
train step[548/3000] ; used: 9m:25s; eta: 42m:3s; loss = 0.126496; ['mse_0=0.019774; ', 'lpips_0=0.027480; ', 'mse_1=0.016378; ', 'lpips_1=0.023093; ', 'mse_2=0.016507; ', 'lpips_2=0.023264; ']
train step[549/3000] ; used: 9m:26s; eta: 42m:2s; loss = 0.080569; ['mse_0=0.009882; ', 'lpips_0=0.023293; ', 'mse_1=0.006301; ', 'lpips_1=0.017537; ', 'mse_2=0.005977; ', 'lpips_2=0.017579; ']
train step[550/3000] ; used: 9m:27s; eta: 42m:1s; loss = 0.089832; ['mse_0=0.009136; ', 'lpips_0=0.026134; ', 'mse_1=0.006728; ', 'lpips_1=0.020467; ', 'mse_2=0.006708; ', 'lpips_2=0.020659; ']
train step[551/3000] ; used: 9m:28s; eta: 42m; loss = 0.077500; ['mse_0=0.006449; ', 'lpips_0=0.023669; ', 'mse_1=0.005241; ', 'lpips_1=0.018559; ', 'mse_2=0.005155; ', 'lpips_2=0.018428; ']
train step[552/3000] ; used: 9m:29s; eta: 41m:59s; loss = 0.083368; ['mse_0=0.009260; ', 'lpips_0=0.024526; ', 'mse_1=0.005746; ', 'lpips_1=0.018872; ', 'mse_2=0.005756; ', 'lpips_2=0.019208; ']
train step[553/3000] ; used: 9m:30s; eta: 41m:58s; loss = 0.087658; ['mse_0=0.009363; ', 'lpips_0=0.025816; ', 'mse_1=0.005360; ', 'lpips_1=0.020899; ', 'mse_2=0.005382; ', 'lpips_2=0.020839; ']
train step[554/3000] ; used: 9m:31s; eta: 41m:57s; loss = 0.094529; ['mse_0=0.011382; ', 'lpips_0=0.026168; ', 'mse_1=0.008201; ', 'lpips_1=0.020372; ', 'mse_2=0.008008; ', 'lpips_2=0.020398; ']
train step[555/3000] ; used: 9m:32s; eta: 41m:56s; loss = 0.078173; ['mse_0=0.009831; ', 'lpips_0=0.024240; ', 'mse_1=0.005151; ', 'lpips_1=0.016911; ', 'mse_2=0.005056; ', 'lpips_2=0.016984; ']
train step[556/3000] ; used: 9m:33s; eta: 41m:56s; loss = 0.062999; ['mse_0=0.004986; ', 'lpips_0=0.021589; ', 'mse_1=0.002694; ', 'lpips_1=0.015286; ', 'mse_2=0.002715; ', 'lpips_2=0.015727; ']
train step[557/3000] ; used: 9m:34s; eta: 41m:54s; loss = 0.114294; ['mse_0=0.012711; ', 'lpips_0=0.025583; ', 'mse_1=0.014092; ', 'lpips_1=0.023909; ', 'mse_2=0.013947; ', 'lpips_2=0.024052; ']
train step[558/3000] ; used: 9m:35s; eta: 41m:53s; loss = 0.084155; ['mse_0=0.011435; ', 'lpips_0=0.023948; ', 'mse_1=0.006492; ', 'lpips_1=0.017991; ', 'mse_2=0.006361; ', 'lpips_2=0.017928; ']
train step[559/3000] ; used: 9m:36s; eta: 41m:52s; loss = 0.072348; ['mse_0=0.005579; ', 'lpips_0=0.023689; ', 'mse_1=0.003630; ', 'lpips_1=0.017753; ', 'mse_2=0.003679; ', 'lpips_2=0.018017; ']
train step[560/3000] ; used: 9m:37s; eta: 41m:52s; loss = 0.084149; ['mse_0=0.008648; ', 'lpips_0=0.024874; ', 'mse_1=0.006050; ', 'lpips_1=0.019241; ', 'mse_2=0.005998; ', 'lpips_2=0.019339; ']
train step[561/3000] ; used: 9m:38s; eta: 41m:51s; loss = 0.093418; ['mse_0=0.011032; ', 'lpips_0=0.024715; ', 'mse_1=0.008839; ', 'lpips_1=0.019940; ', 'mse_2=0.008792; ', 'lpips_2=0.020100; ']
train step[562/3000] ; used: 9m:39s; eta: 41m:50s; loss = 0.082004; ['mse_0=0.007624; ', 'lpips_0=0.024006; ', 'mse_1=0.004817; ', 'lpips_1=0.020205; ', 'mse_2=0.004841; ', 'lpips_2=0.020512; ']
train step[563/3000] ; used: 9m:40s; eta: 41m:49s; loss = 0.106477; ['mse_0=0.016230; ', 'lpips_0=0.024262; ', 'mse_1=0.012638; ', 'lpips_1=0.020360; ', 'mse_2=0.012272; ', 'lpips_2=0.020714; ']
train step[564/3000] ; used: 9m:41s; eta: 41m:48s; loss = 0.087416; ['mse_0=0.009739; ', 'lpips_0=0.025145; ', 'mse_1=0.007061; ', 'lpips_1=0.019147; ', 'mse_2=0.007103; ', 'lpips_2=0.019220; ']
train step[565/3000] ; used: 9m:42s; eta: 41m:47s; loss = 0.084546; ['mse_0=0.009815; ', 'lpips_0=0.024432; ', 'mse_1=0.006456; ', 'lpips_1=0.018878; ', 'mse_2=0.006277; ', 'lpips_2=0.018688; ']
train step[566/3000] ; used: 9m:43s; eta: 41m:46s; loss = 0.079809; ['mse_0=0.007688; ', 'lpips_0=0.023225; ', 'mse_1=0.005521; ', 'lpips_1=0.018911; ', 'mse_2=0.005542; ', 'lpips_2=0.018924; ']
train step[567/3000] ; used: 9m:44s; eta: 41m:45s; loss = 0.102622; ['mse_0=0.011659; ', 'lpips_0=0.026476; ', 'mse_1=0.009916; ', 'lpips_1=0.022330; ', 'mse_2=0.009769; ', 'lpips_2=0.022471; ']
train step[568/3000] ; used: 9m:45s; eta: 41m:44s; loss = 0.073897; ['mse_0=0.007088; ', 'lpips_0=0.023089; ', 'mse_1=0.004194; ', 'lpips_1=0.017454; ', 'mse_2=0.004302; ', 'lpips_2=0.017770; ']
train step[569/3000] ; used: 9m:46s; eta: 41m:43s; loss = 0.072012; ['mse_0=0.004803; ', 'lpips_0=0.023625; ', 'mse_1=0.003097; ', 'lpips_1=0.018787; ', 'mse_2=0.003012; ', 'lpips_2=0.018688; ']
train step[570/3000] ; used: 9m:48s; eta: 41m:42s; loss = 0.094261; ['mse_0=0.011520; ', 'lpips_0=0.024663; ', 'mse_1=0.008405; ', 'lpips_1=0.020908; ', 'mse_2=0.008008; ', 'lpips_2=0.020757; ']
train step[571/3000] ; used: 9m:49s; eta: 41m:41s; loss = 0.098306; ['mse_0=0.013325; ', 'lpips_0=0.024443; ', 'mse_1=0.009224; ', 'lpips_1=0.020967; ', 'mse_2=0.009225; ', 'lpips_2=0.021121; ']
train step[572/3000] ; used: 9m:50s; eta: 41m:40s; loss = 0.091718; ['mse_0=0.011881; ', 'lpips_0=0.024881; ', 'mse_1=0.007844; ', 'lpips_1=0.019561; ', 'mse_2=0.007867; ', 'lpips_2=0.019684; ']
train step[573/3000] ; used: 9m:51s; eta: 41m:39s; loss = 0.080633; ['mse_0=0.010310; ', 'lpips_0=0.022160; ', 'mse_1=0.007456; ', 'lpips_1=0.016675; ', 'mse_2=0.007334; ', 'lpips_2=0.016697; ']
train step[574/3000] ; used: 9m:52s; eta: 41m:38s; loss = 0.081343; ['mse_0=0.007444; ', 'lpips_0=0.023921; ', 'mse_1=0.005865; ', 'lpips_1=0.019031; ', 'mse_2=0.005879; ', 'lpips_2=0.019205; ']
train step[575/3000] ; used: 9m:53s; eta: 41m:37s; loss = 0.063346; ['mse_0=0.004318; ', 'lpips_0=0.022223; ', 'mse_1=0.002644; ', 'lpips_1=0.015743; ', 'mse_2=0.002630; ', 'lpips_2=0.015789; ']
train step[576/3000] ; used: 9m:54s; eta: 41m:36s; loss = 0.097503; ['mse_0=0.010753; ', 'lpips_0=0.024245; ', 'mse_1=0.009780; ', 'lpips_1=0.021441; ', 'mse_2=0.009681; ', 'lpips_2=0.021603; ']
train step[577/3000] ; used: 9m:55s; eta: 41m:35s; loss = 0.063482; ['mse_0=0.004693; ', 'lpips_0=0.022805; ', 'mse_1=0.002695; ', 'lpips_1=0.015340; ', 'mse_2=0.002619; ', 'lpips_2=0.015331; ']
train step[578/3000] ; used: 9m:56s; eta: 41m:34s; loss = 0.097427; ['mse_0=0.010742; ', 'lpips_0=0.025054; ', 'mse_1=0.009244; ', 'lpips_1=0.021701; ', 'mse_2=0.009085; ', 'lpips_2=0.021600; ']
train step[579/3000] ; used: 9m:57s; eta: 41m:33s; loss = 0.070740; ['mse_0=0.007224; ', 'lpips_0=0.021761; ', 'mse_1=0.004957; ', 'lpips_1=0.015858; ', 'mse_2=0.004948; ', 'lpips_2=0.015991; ']
train step[580/3000] ; used: 9m:58s; eta: 41m:32s; loss = 0.088103; ['mse_0=0.008441; ', 'lpips_0=0.023990; ', 'mse_1=0.007255; ', 'lpips_1=0.020441; ', 'mse_2=0.007228; ', 'lpips_2=0.020750; ']
train step[581/3000] ; used: 9m:59s; eta: 41m:31s; loss = 0.085695; ['mse_0=0.008651; ', 'lpips_0=0.024182; ', 'mse_1=0.006511; ', 'lpips_1=0.019887; ', 'mse_2=0.006490; ', 'lpips_2=0.019974; ']
train step[582/3000] ; used: 10m; eta: 41m:30s; loss = 0.077979; ['mse_0=0.007926; ', 'lpips_0=0.022922; ', 'mse_1=0.005520; ', 'lpips_1=0.018018; ', 'mse_2=0.005507; ', 'lpips_2=0.018085; ']
train step[583/3000] ; used: 10m:1s; eta: 41m:29s; loss = 0.082300; ['mse_0=0.008354; ', 'lpips_0=0.025117; ', 'mse_1=0.004764; ', 'lpips_1=0.019538; ', 'mse_2=0.004797; ', 'lpips_2=0.019730; ']
train step[584/3000] ; used: 10m:2s; eta: 41m:28s; loss = 0.074943; ['mse_0=0.006820; ', 'lpips_0=0.024066; ', 'mse_1=0.004563; ', 'lpips_1=0.017568; ', 'mse_2=0.004472; ', 'lpips_2=0.017455; ']
train step[585/3000] ; used: 10m:3s; eta: 41m:28s; loss = 0.076017; ['mse_0=0.007500; ', 'lpips_0=0.023636; ', 'mse_1=0.004995; ', 'lpips_1=0.017224; ', 'mse_2=0.005000; ', 'lpips_2=0.017662; ']
train step[586/3000] ; used: 10m:4s; eta: 41m:27s; loss = 0.093384; ['mse_0=0.011545; ', 'lpips_0=0.023037; ', 'mse_1=0.009637; ', 'lpips_1=0.019794; ', 'mse_2=0.009546; ', 'lpips_2=0.019824; ']
train step[587/3000] ; used: 10m:5s; eta: 41m:26s; loss = 0.101178; ['mse_0=0.012306; ', 'lpips_0=0.025118; ', 'mse_1=0.010098; ', 'lpips_1=0.021872; ', 'mse_2=0.009781; ', 'lpips_2=0.022003; ']
train step[588/3000] ; used: 10m:6s; eta: 41m:25s; loss = 0.072826; ['mse_0=0.006143; ', 'lpips_0=0.023308; ', 'mse_1=0.004745; ', 'lpips_1=0.017039; ', 'mse_2=0.004669; ', 'lpips_2=0.016922; ']
train step[589/3000] ; used: 10m:7s; eta: 41m:24s; loss = 0.094057; ['mse_0=0.011835; ', 'lpips_0=0.026528; ', 'mse_1=0.007747; ', 'lpips_1=0.020201; ', 'mse_2=0.007693; ', 'lpips_2=0.020053; ']
train step[590/3000] ; used: 10m:8s; eta: 41m:23s; loss = 0.094473; ['mse_0=0.011713; ', 'lpips_0=0.026318; ', 'mse_1=0.007364; ', 'lpips_1=0.021072; ', 'mse_2=0.007184; ', 'lpips_2=0.020822; ']
train step[591/3000] ; used: 10m:10s; eta: 41m:22s; loss = 0.081607; ['mse_0=0.009709; ', 'lpips_0=0.023536; ', 'mse_1=0.006418; ', 'lpips_1=0.017695; ', 'mse_2=0.006338; ', 'lpips_2=0.017911; ']
train step[592/3000] ; used: 10m:11s; eta: 41m:21s; loss = 0.089551; ['mse_0=0.009272; ', 'lpips_0=0.025373; ', 'mse_1=0.006554; ', 'lpips_1=0.021127; ', 'mse_2=0.006251; ', 'lpips_2=0.020974; ']
train step[593/3000] ; used: 10m:12s; eta: 41m:20s; loss = 0.120654; ['mse_0=0.016203; ', 'lpips_0=0.025984; ', 'mse_1=0.015417; ', 'lpips_1=0.023901; ', 'mse_2=0.015149; ', 'lpips_2=0.024000; ']
train step[594/3000] ; used: 10m:13s; eta: 41m:19s; loss = 0.091530; ['mse_0=0.009101; ', 'lpips_0=0.025655; ', 'mse_1=0.007433; ', 'lpips_1=0.021025; ', 'mse_2=0.007305; ', 'lpips_2=0.021012; ']
train step[595/3000] ; used: 10m:14s; eta: 41m:18s; loss = 0.084459; ['mse_0=0.007565; ', 'lpips_0=0.025604; ', 'mse_1=0.005237; ', 'lpips_1=0.020374; ', 'mse_2=0.005184; ', 'lpips_2=0.020495; ']
train step[596/3000] ; used: 10m:15s; eta: 41m:17s; loss = 0.074510; ['mse_0=0.007770; ', 'lpips_0=0.022390; ', 'mse_1=0.005081; ', 'lpips_1=0.017065; ', 'mse_2=0.004946; ', 'lpips_2=0.017259; ']
train step[597/3000] ; used: 10m:16s; eta: 41m:16s; loss = 0.079920; ['mse_0=0.008095; ', 'lpips_0=0.023681; ', 'mse_1=0.005154; ', 'lpips_1=0.018856; ', 'mse_2=0.005101; ', 'lpips_2=0.019033; ']
train step[598/3000] ; used: 10m:17s; eta: 41m:15s; loss = 0.092545; ['mse_0=0.011392; ', 'lpips_0=0.024381; ', 'mse_1=0.008383; ', 'lpips_1=0.020145; ', 'mse_2=0.008146; ', 'lpips_2=0.020098; ']
train step[599/3000] ; used: 10m:18s; eta: 41m:14s; loss = 0.072776; ['mse_0=0.006738; ', 'lpips_0=0.022667; ', 'mse_1=0.003841; ', 'lpips_1=0.017779; ', 'mse_2=0.003842; ', 'lpips_2=0.017910; ']
train step[600/3000] ; used: 10m:19s; eta: 41m:13s; loss = 0.090339; ['mse_0=0.010191; ', 'lpips_0=0.025577; ', 'mse_1=0.006752; ', 'lpips_1=0.020476; ', 'mse_2=0.006720; ', 'lpips_2=0.020623; ']
train step[601/3000] ; used: 10m:20s; eta: 41m:12s; loss = 0.091094; ['mse_0=0.010306; ', 'lpips_0=0.024438; ', 'mse_1=0.008489; ', 'lpips_1=0.019924; ', 'mse_2=0.008176; ', 'lpips_2=0.019761; ']
train step[602/3000] ; used: 10m:21s; eta: 41m:11s; loss = 0.089921; ['mse_0=0.009197; ', 'lpips_0=0.024903; ', 'mse_1=0.006969; ', 'lpips_1=0.021045; ', 'mse_2=0.006803; ', 'lpips_2=0.021005; ']
train step[603/3000] ; used: 10m:22s; eta: 41m:9s; loss = 0.116220; ['mse_0=0.016059; ', 'lpips_0=0.029246; ', 'mse_1=0.010840; ', 'lpips_1=0.024739; ', 'mse_2=0.010712; ', 'lpips_2=0.024624; ']
train step[604/3000] ; used: 10m:23s; eta: 41m:8s; loss = 0.090723; ['mse_0=0.010628; ', 'lpips_0=0.024206; ', 'mse_1=0.007924; ', 'lpips_1=0.019912; ', 'mse_2=0.007883; ', 'lpips_2=0.020170; ']
train step[605/3000] ; used: 10m:24s; eta: 41m:7s; loss = 0.076186; ['mse_0=0.007048; ', 'lpips_0=0.023543; ', 'mse_1=0.004720; ', 'lpips_1=0.018027; ', 'mse_2=0.004666; ', 'lpips_2=0.018183; ']
train step[606/3000] ; used: 10m:25s; eta: 41m:7s; loss = 0.089545; ['mse_0=0.009837; ', 'lpips_0=0.023387; ', 'mse_1=0.007921; ', 'lpips_1=0.020116; ', 'mse_2=0.007939; ', 'lpips_2=0.020344; ']
train step[607/3000] ; used: 10m:26s; eta: 41m:6s; loss = 0.097347; ['mse_0=0.012539; ', 'lpips_0=0.025362; ', 'mse_1=0.009650; ', 'lpips_1=0.020035; ', 'mse_2=0.009592; ', 'lpips_2=0.020170; ']
train step[608/3000] ; used: 10m:27s; eta: 41m:5s; loss = 0.084703; ['mse_0=0.009165; ', 'lpips_0=0.023410; ', 'mse_1=0.006836; ', 'lpips_1=0.019395; ', 'mse_2=0.006499; ', 'lpips_2=0.019397; ']
train step[609/3000] ; used: 10m:28s; eta: 41m:4s; loss = 0.086397; ['mse_0=0.007421; ', 'lpips_0=0.025251; ', 'mse_1=0.005602; ', 'lpips_1=0.021188; ', 'mse_2=0.005549; ', 'lpips_2=0.021385; ']
train step[610/3000] ; used: 10m:29s; eta: 41m:3s; loss = 0.098976; ['mse_0=0.008463; ', 'lpips_0=0.028068; ', 'mse_1=0.007408; ', 'lpips_1=0.023741; ', 'mse_2=0.007294; ', 'lpips_2=0.024002; ']
train step[611/3000] ; used: 10m:30s; eta: 41m:2s; loss = 0.090354; ['mse_0=0.009823; ', 'lpips_0=0.025536; ', 'mse_1=0.006892; ', 'lpips_1=0.020537; ', 'mse_2=0.006815; ', 'lpips_2=0.020751; ']
train step[612/3000] ; used: 10m:31s; eta: 41m:1s; loss = 0.080356; ['mse_0=0.006486; ', 'lpips_0=0.023871; ', 'mse_1=0.004799; ', 'lpips_1=0.020188; ', 'mse_2=0.004777; ', 'lpips_2=0.020234; ']
train step[613/3000] ; used: 10m:32s; eta: 41m; loss = 0.091103; ['mse_0=0.009982; ', 'lpips_0=0.024476; ', 'mse_1=0.007822; ', 'lpips_1=0.020382; ', 'mse_2=0.007763; ', 'lpips_2=0.020679; ']
train step[614/3000] ; used: 10m:33s; eta: 40m:59s; loss = 0.100353; ['mse_0=0.008777; ', 'lpips_0=0.027064; ', 'mse_1=0.008118; ', 'lpips_1=0.023970; ', 'mse_2=0.008096; ', 'lpips_2=0.024328; ']
train step[615/3000] ; used: 10m:35s; eta: 40m:58s; loss = 0.067028; ['mse_0=0.005117; ', 'lpips_0=0.022326; ', 'mse_1=0.003173; ', 'lpips_1=0.016557; ', 'mse_2=0.003163; ', 'lpips_2=0.016693; ']
train step[616/3000] ; used: 10m:36s; eta: 40m:57s; loss = 0.080108; ['mse_0=0.006104; ', 'lpips_0=0.024642; ', 'mse_1=0.004285; ', 'lpips_1=0.020345; ', 'mse_2=0.004205; ', 'lpips_2=0.020526; ']
train step[617/3000] ; used: 10m:37s; eta: 40m:56s; loss = 0.076960; ['mse_0=0.006414; ', 'lpips_0=0.022622; ', 'mse_1=0.005214; ', 'lpips_1=0.018616; ', 'mse_2=0.005140; ', 'lpips_2=0.018954; ']
train step[618/3000] ; used: 10m:38s; eta: 40m:57s; loss = 0.080004; ['mse_0=0.009231; ', 'lpips_0=0.024212; ', 'mse_1=0.005396; ', 'lpips_1=0.017843; ', 'mse_2=0.005425; ', 'lpips_2=0.017896; ']
train step[619/3000] ; used: 10m:39s; eta: 40m:56s; loss = 0.080586; ['mse_0=0.008502; ', 'lpips_0=0.024437; ', 'mse_1=0.005758; ', 'lpips_1=0.018064; ', 'mse_2=0.005720; ', 'lpips_2=0.018106; ']
train step[620/3000] ; used: 10m:40s; eta: 40m:55s; loss = 0.102862; ['mse_0=0.012884; ', 'lpips_0=0.027143; ', 'mse_1=0.010160; ', 'lpips_1=0.021480; ', 'mse_2=0.009851; ', 'lpips_2=0.021345; ']
train step[621/3000] ; used: 10m:41s; eta: 40m:54s; loss = 0.092242; ['mse_0=0.009797; ', 'lpips_0=0.025565; ', 'mse_1=0.007312; ', 'lpips_1=0.021019; ', 'mse_2=0.007289; ', 'lpips_2=0.021260; ']
train step[622/3000] ; used: 10m:42s; eta: 40m:53s; loss = 0.089750; ['mse_0=0.010150; ', 'lpips_0=0.024228; ', 'mse_1=0.008162; ', 'lpips_1=0.019412; ', 'mse_2=0.008121; ', 'lpips_2=0.019677; ']
train step[623/3000] ; used: 10m:43s; eta: 40m:52s; loss = 0.091651; ['mse_0=0.011883; ', 'lpips_0=0.024865; ', 'mse_1=0.007548; ', 'lpips_1=0.019851; ', 'mse_2=0.007509; ', 'lpips_2=0.019996; ']
train step[624/3000] ; used: 10m:44s; eta: 40m:51s; loss = 0.092672; ['mse_0=0.011945; ', 'lpips_0=0.026204; ', 'mse_1=0.007431; ', 'lpips_1=0.019831; ', 'mse_2=0.007353; ', 'lpips_2=0.019908; ']
train step[625/3000] ; used: 10m:45s; eta: 40m:50s; loss = 0.073648; ['mse_0=0.007316; ', 'lpips_0=0.021954; ', 'mse_1=0.004953; ', 'lpips_1=0.016914; ', 'mse_2=0.005141; ', 'lpips_2=0.017370; ']
train step[626/3000] ; used: 10m:46s; eta: 40m:49s; loss = 0.075972; ['mse_0=0.009005; ', 'lpips_0=0.022296; ', 'mse_1=0.005958; ', 'lpips_1=0.016335; ', 'mse_2=0.005841; ', 'lpips_2=0.016535; ']
train step[627/3000] ; used: 10m:48s; eta: 40m:48s; loss = 0.092093; ['mse_0=0.007018; ', 'lpips_0=0.027674; ', 'mse_1=0.005865; ', 'lpips_1=0.022811; ', 'mse_2=0.005756; ', 'lpips_2=0.022969; ']
train step[628/3000] ; used: 10m:49s; eta: 40m:47s; loss = 0.077820; ['mse_0=0.009163; ', 'lpips_0=0.023415; ', 'mse_1=0.005275; ', 'lpips_1=0.017334; ', 'mse_2=0.005143; ', 'lpips_2=0.017490; ']
train step[629/3000] ; used: 10m:50s; eta: 40m:46s; loss = 0.080988; ['mse_0=0.009503; ', 'lpips_0=0.022715; ', 'mse_1=0.007011; ', 'lpips_1=0.017423; ', 'mse_2=0.006789; ', 'lpips_2=0.017548; ']
train step[630/3000] ; used: 10m:51s; eta: 40m:45s; loss = 0.099942; ['mse_0=0.014086; ', 'lpips_0=0.024965; ', 'mse_1=0.009777; ', 'lpips_1=0.020585; ', 'mse_2=0.009718; ', 'lpips_2=0.020812; ']
train step[631/3000] ; used: 10m:52s; eta: 40m:44s; loss = 0.077545; ['mse_0=0.006429; ', 'lpips_0=0.024022; ', 'mse_1=0.004446; ', 'lpips_1=0.019113; ', 'mse_2=0.004388; ', 'lpips_2=0.019147; ']
train step[632/3000] ; used: 10m:53s; eta: 40m:43s; loss = 0.061919; ['mse_0=0.003024; ', 'lpips_0=0.022229; ', 'mse_1=0.001938; ', 'lpips_1=0.016419; ', 'mse_2=0.001894; ', 'lpips_2=0.016415; ']
train step[633/3000] ; used: 10m:54s; eta: 40m:42s; loss = 0.082895; ['mse_0=0.005077; ', 'lpips_0=0.024346; ', 'mse_1=0.004395; ', 'lpips_1=0.022285; ', 'mse_2=0.004360; ', 'lpips_2=0.022432; ']
train step[634/3000] ; used: 10m:55s; eta: 40m:41s; loss = 0.068212; ['mse_0=0.006386; ', 'lpips_0=0.022063; ', 'mse_1=0.003720; ', 'lpips_1=0.015991; ', 'mse_2=0.003708; ', 'lpips_2=0.016344; ']
train step[635/3000] ; used: 10m:56s; eta: 40m:40s; loss = 0.170868; ['mse_0=0.033302; ', 'lpips_0=0.028765; ', 'mse_1=0.029027; ', 'lpips_1=0.025901; ', 'mse_2=0.027909; ', 'lpips_2=0.025965; ']
train step[636/3000] ; used: 10m:57s; eta: 40m:39s; loss = 0.082450; ['mse_0=0.007962; ', 'lpips_0=0.024050; ', 'mse_1=0.005317; ', 'lpips_1=0.019566; ', 'mse_2=0.005422; ', 'lpips_2=0.020133; ']
train step[637/3000] ; used: 10m:58s; eta: 40m:39s; loss = 0.094687; ['mse_0=0.011129; ', 'lpips_0=0.026357; ', 'mse_1=0.007543; ', 'lpips_1=0.021117; ', 'mse_2=0.007585; ', 'lpips_2=0.020957; ']
train step[638/3000] ; used: 10m:59s; eta: 40m:38s; loss = 0.107658; ['mse_0=0.012072; ', 'lpips_0=0.027005; ', 'mse_1=0.011059; ', 'lpips_1=0.023259; ', 'mse_2=0.010881; ', 'lpips_2=0.023382; ']
train step[639/3000] ; used: 11m; eta: 40m:37s; loss = 0.100607; ['mse_0=0.013264; ', 'lpips_0=0.025555; ', 'mse_1=0.011998; ', 'lpips_1=0.019197; ', 'mse_2=0.011593; ', 'lpips_2=0.018999; ']
train step[640/3000] ; used: 11m:1s; eta: 40m:35s; loss = 0.077844; ['mse_0=0.007620; ', 'lpips_0=0.022051; ', 'mse_1=0.006492; ', 'lpips_1=0.017490; ', 'mse_2=0.006477; ', 'lpips_2=0.017713; ']
train step[641/3000] ; used: 11m:2s; eta: 40m:34s; loss = 0.098749; ['mse_0=0.011450; ', 'lpips_0=0.025586; ', 'mse_1=0.009454; ', 'lpips_1=0.021531; ', 'mse_2=0.009235; ', 'lpips_2=0.021493; ']
train step[642/3000] ; used: 11m:3s; eta: 40m:33s; loss = 0.101452; ['mse_0=0.013038; ', 'lpips_0=0.027083; ', 'mse_1=0.009312; ', 'lpips_1=0.021498; ', 'mse_2=0.009103; ', 'lpips_2=0.021419; ']
train step[643/3000] ; used: 11m:4s; eta: 40m:32s; loss = 0.093661; ['mse_0=0.009516; ', 'lpips_0=0.024419; ', 'mse_1=0.008991; ', 'lpips_1=0.020984; ', 'mse_2=0.008846; ', 'lpips_2=0.020904; ']
train step[644/3000] ; used: 11m:5s; eta: 40m:31s; loss = 0.070246; ['mse_0=0.005759; ', 'lpips_0=0.022382; ', 'mse_1=0.003965; ', 'lpips_1=0.017120; ', 'mse_2=0.003855; ', 'lpips_2=0.017165; ']
train step[645/3000] ; used: 11m:6s; eta: 40m:30s; loss = 0.084660; ['mse_0=0.010004; ', 'lpips_0=0.022888; ', 'mse_1=0.007445; ', 'lpips_1=0.018425; ', 'mse_2=0.007406; ', 'lpips_2=0.018490; ']
train step[646/3000] ; used: 11m:7s; eta: 40m:29s; loss = 0.072954; ['mse_0=0.006307; ', 'lpips_0=0.023379; ', 'mse_1=0.004025; ', 'lpips_1=0.017625; ', 'mse_2=0.003930; ', 'lpips_2=0.017688; ']
train step[647/3000] ; used: 11m:8s; eta: 40m:28s; loss = 0.087559; ['mse_0=0.009445; ', 'lpips_0=0.025504; ', 'mse_1=0.005905; ', 'lpips_1=0.020444; ', 'mse_2=0.005835; ', 'lpips_2=0.020426; ']
train step[648/3000] ; used: 11m:9s; eta: 40m:27s; loss = 0.080093; ['mse_0=0.008990; ', 'lpips_0=0.023419; ', 'mse_1=0.005850; ', 'lpips_1=0.017817; ', 'mse_2=0.005889; ', 'lpips_2=0.018129; ']
train step[649/3000] ; used: 11m:10s; eta: 40m:26s; loss = 0.130259; ['mse_0=0.019232; ', 'lpips_0=0.028312; ', 'mse_1=0.016940; ', 'lpips_1=0.024477; ', 'mse_2=0.016704; ', 'lpips_2=0.024594; ']
train step[650/3000] ; used: 11m:12s; eta: 40m:25s; loss = 0.092678; ['mse_0=0.013162; ', 'lpips_0=0.024812; ', 'mse_1=0.008971; ', 'lpips_1=0.018572; ', 'mse_2=0.008610; ', 'lpips_2=0.018550; ']
train step[651/3000] ; used: 11m:13s; eta: 40m:24s; loss = 0.064704; ['mse_0=0.006806; ', 'lpips_0=0.022064; ', 'mse_1=0.003594; ', 'lpips_1=0.014385; ', 'mse_2=0.003453; ', 'lpips_2=0.014402; ']
train step[652/3000] ; used: 11m:14s; eta: 40m:23s; loss = 0.080999; ['mse_0=0.009297; ', 'lpips_0=0.024308; ', 'mse_1=0.005881; ', 'lpips_1=0.017770; ', 'mse_2=0.005856; ', 'lpips_2=0.017887; ']
train step[653/3000] ; used: 11m:15s; eta: 40m:22s; loss = 0.086840; ['mse_0=0.009037; ', 'lpips_0=0.025835; ', 'mse_1=0.006296; ', 'lpips_1=0.019573; ', 'mse_2=0.006382; ', 'lpips_2=0.019717; ']
train step[654/3000] ; used: 11m:16s; eta: 40m:21s; loss = 0.075207; ['mse_0=0.006425; ', 'lpips_0=0.022780; ', 'mse_1=0.005090; ', 'lpips_1=0.018039; ', 'mse_2=0.004763; ', 'lpips_2=0.018110; ']
train step[655/3000] ; used: 11m:17s; eta: 40m:20s; loss = 0.095808; ['mse_0=0.010294; ', 'lpips_0=0.024753; ', 'mse_1=0.008925; ', 'lpips_1=0.021229; ', 'mse_2=0.009003; ', 'lpips_2=0.021604; ']
train step[656/3000] ; used: 11m:18s; eta: 40m:19s; loss = 0.078128; ['mse_0=0.007056; ', 'lpips_0=0.023863; ', 'mse_1=0.004785; ', 'lpips_1=0.018745; ', 'mse_2=0.004698; ', 'lpips_2=0.018981; ']
train step[657/3000] ; used: 11m:19s; eta: 40m:18s; loss = 0.096956; ['mse_0=0.011609; ', 'lpips_0=0.025772; ', 'mse_1=0.009089; ', 'lpips_1=0.020661; ', 'mse_2=0.009088; ', 'lpips_2=0.020736; ']
train step[658/3000] ; used: 11m:20s; eta: 40m:17s; loss = 0.075058; ['mse_0=0.005751; ', 'lpips_0=0.024724; ', 'mse_1=0.003495; ', 'lpips_1=0.018759; ', 'mse_2=0.003432; ', 'lpips_2=0.018897; ']
train step[659/3000] ; used: 11m:21s; eta: 40m:16s; loss = 0.070724; ['mse_0=0.004587; ', 'lpips_0=0.021429; ', 'mse_1=0.004112; ', 'lpips_1=0.018174; ', 'mse_2=0.004183; ', 'lpips_2=0.018238; ']
train step[660/3000] ; used: 11m:22s; eta: 40m:15s; loss = 0.074658; ['mse_0=0.005986; ', 'lpips_0=0.022329; ', 'mse_1=0.004803; ', 'lpips_1=0.018384; ', 'mse_2=0.004687; ', 'lpips_2=0.018469; ']
train step[661/3000] ; used: 11m:23s; eta: 40m:14s; loss = 0.107947; ['mse_0=0.015648; ', 'lpips_0=0.025133; ', 'mse_1=0.012655; ', 'lpips_1=0.020773; ', 'mse_2=0.012599; ', 'lpips_2=0.021139; ']
train step[662/3000] ; used: 11m:24s; eta: 40m:12s; loss = 0.082196; ['mse_0=0.007460; ', 'lpips_0=0.024286; ', 'mse_1=0.005981; ', 'lpips_1=0.019302; ', 'mse_2=0.005862; ', 'lpips_2=0.019305; ']
train step[663/3000] ; used: 11m:25s; eta: 40m:11s; loss = 0.081190; ['mse_0=0.008752; ', 'lpips_0=0.022800; ', 'mse_1=0.006765; ', 'lpips_1=0.018094; ', 'mse_2=0.006635; ', 'lpips_2=0.018143; ']
train step[664/3000] ; used: 11m:26s; eta: 40m:10s; loss = 0.089028; ['mse_0=0.010789; ', 'lpips_0=0.023579; ', 'mse_1=0.008056; ', 'lpips_1=0.019339; ', 'mse_2=0.007938; ', 'lpips_2=0.019326; ']
train step[665/3000] ; used: 11m:27s; eta: 40m:9s; loss = 0.083187; ['mse_0=0.009053; ', 'lpips_0=0.022842; ', 'mse_1=0.005763; ', 'lpips_1=0.019797; ', 'mse_2=0.005734; ', 'lpips_2=0.019998; ']
train step[666/3000] ; used: 11m:28s; eta: 40m:8s; loss = 0.074511; ['mse_0=0.006317; ', 'lpips_0=0.024282; ', 'mse_1=0.003462; ', 'lpips_1=0.018493; ', 'mse_2=0.003448; ', 'lpips_2=0.018509; ']
train step[667/3000] ; used: 11m:29s; eta: 40m:7s; loss = 0.095869; ['mse_0=0.008626; ', 'lpips_0=0.025936; ', 'mse_1=0.007668; ', 'lpips_1=0.022993; ', 'mse_2=0.007619; ', 'lpips_2=0.023028; ']
train step[668/3000] ; used: 11m:30s; eta: 40m:6s; loss = 0.077879; ['mse_0=0.007837; ', 'lpips_0=0.022991; ', 'mse_1=0.005257; ', 'lpips_1=0.018253; ', 'mse_2=0.005254; ', 'lpips_2=0.018288; ']
train step[669/3000] ; used: 11m:31s; eta: 40m:5s; loss = 0.097044; ['mse_0=0.012125; ', 'lpips_0=0.024596; ', 'mse_1=0.010150; ', 'lpips_1=0.020244; ', 'mse_2=0.009816; ', 'lpips_2=0.020112; ']
train step[670/3000] ; used: 11m:32s; eta: 40m:4s; loss = 0.087743; ['mse_0=0.010385; ', 'lpips_0=0.024651; ', 'mse_1=0.006988; ', 'lpips_1=0.019470; ', 'mse_2=0.006856; ', 'lpips_2=0.019395; ']
train step[671/3000] ; used: 11m:33s; eta: 40m:3s; loss = 0.073487; ['mse_0=0.006798; ', 'lpips_0=0.022059; ', 'mse_1=0.004491; ', 'lpips_1=0.017738; ', 'mse_2=0.004548; ', 'lpips_2=0.017852; ']
train step[672/3000] ; used: 11m:34s; eta: 40m:2s; loss = 0.070164; ['mse_0=0.005573; ', 'lpips_0=0.023502; ', 'mse_1=0.003560; ', 'lpips_1=0.016931; ', 'mse_2=0.003533; ', 'lpips_2=0.017065; ']
train step[673/3000] ; used: 11m:35s; eta: 40m:1s; loss = 0.109338; ['mse_0=0.013460; ', 'lpips_0=0.025134; ', 'mse_1=0.012793; ', 'lpips_1=0.022431; ', 'mse_2=0.012673; ', 'lpips_2=0.022848; ']
train step[674/3000] ; used: 11m:36s; eta: 40m; loss = 0.066824; ['mse_0=0.006653; ', 'lpips_0=0.021178; ', 'mse_1=0.004123; ', 'lpips_1=0.015320; ', 'mse_2=0.004115; ', 'lpips_2=0.015434; ']
train step[675/3000] ; used: 11m:37s; eta: 39m:59s; loss = 0.081284; ['mse_0=0.007406; ', 'lpips_0=0.024459; ', 'mse_1=0.005355; ', 'lpips_1=0.019223; ', 'mse_2=0.005335; ', 'lpips_2=0.019506; ']
train step[676/3000] ; used: 11m:38s; eta: 39m:58s; loss = 0.109218; ['mse_0=0.015644; ', 'lpips_0=0.025784; ', 'mse_1=0.012702; ', 'lpips_1=0.021170; ', 'mse_2=0.012545; ', 'lpips_2=0.021373; ']
train step[677/3000] ; used: 11m:39s; eta: 39m:57s; loss = 0.096170; ['mse_0=0.011915; ', 'lpips_0=0.023646; ', 'mse_1=0.011017; ', 'lpips_1=0.019118; ', 'mse_2=0.010887; ', 'lpips_2=0.019587; ']
train step[678/3000] ; used: 11m:40s; eta: 39m:56s; loss = 0.076263; ['mse_0=0.006979; ', 'lpips_0=0.022819; ', 'mse_1=0.004938; ', 'lpips_1=0.018284; ', 'mse_2=0.004934; ', 'lpips_2=0.018308; ']
train step[679/3000] ; used: 11m:41s; eta: 39m:55s; loss = 0.077641; ['mse_0=0.007725; ', 'lpips_0=0.023535; ', 'mse_1=0.004963; ', 'lpips_1=0.018081; ', 'mse_2=0.004988; ', 'lpips_2=0.018348; ']
train step[680/3000] ; used: 11m:42s; eta: 39m:54s; loss = 0.102168; ['mse_0=0.012320; ', 'lpips_0=0.025459; ', 'mse_1=0.010226; ', 'lpips_1=0.022057; ', 'mse_2=0.010010; ', 'lpips_2=0.022097; ']
train step[681/3000] ; used: 11m:43s; eta: 39m:53s; loss = 0.092555; ['mse_0=0.011476; ', 'lpips_0=0.023182; ', 'mse_1=0.009693; ', 'lpips_1=0.019315; ', 'mse_2=0.009530; ', 'lpips_2=0.019359; ']
train step[682/3000] ; used: 11m:44s; eta: 39m:52s; loss = 0.095448; ['mse_0=0.010888; ', 'lpips_0=0.024907; ', 'mse_1=0.007799; ', 'lpips_1=0.021847; ', 'mse_2=0.007778; ', 'lpips_2=0.022229; ']
train step[683/3000] ; used: 11m:45s; eta: 39m:51s; loss = 0.090632; ['mse_0=0.012473; ', 'lpips_0=0.024309; ', 'mse_1=0.007888; ', 'lpips_1=0.018987; ', 'mse_2=0.007898; ', 'lpips_2=0.019077; ']
train step[684/3000] ; used: 11m:46s; eta: 39m:50s; loss = 0.077998; ['mse_0=0.007059; ', 'lpips_0=0.020950; ', 'mse_1=0.005959; ', 'lpips_1=0.018757; ', 'mse_2=0.005915; ', 'lpips_2=0.019356; ']
train step[685/3000] ; used: 11m:47s; eta: 39m:49s; loss = 0.080426; ['mse_0=0.007783; ', 'lpips_0=0.023192; ', 'mse_1=0.005638; ', 'lpips_1=0.019119; ', 'mse_2=0.005411; ', 'lpips_2=0.019283; ']
train step[686/3000] ; used: 11m:48s; eta: 39m:48s; loss = 0.086882; ['mse_0=0.010619; ', 'lpips_0=0.025018; ', 'mse_1=0.006301; ', 'lpips_1=0.019628; ', 'mse_2=0.006058; ', 'lpips_2=0.019258; ']
train step[687/3000] ; used: 11m:50s; eta: 39m:47s; loss = 0.073534; ['mse_0=0.007225; ', 'lpips_0=0.021848; ', 'mse_1=0.004978; ', 'lpips_1=0.017273; ', 'mse_2=0.004876; ', 'lpips_2=0.017336; ']
train step[688/3000] ; used: 11m:51s; eta: 39m:46s; loss = 0.106526; ['mse_0=0.014340; ', 'lpips_0=0.025528; ', 'mse_1=0.011782; ', 'lpips_1=0.021468; ', 'mse_2=0.011775; ', 'lpips_2=0.021633; ']
train step[689/3000] ; used: 11m:52s; eta: 39m:45s; loss = 0.077194; ['mse_0=0.008655; ', 'lpips_0=0.023379; ', 'mse_1=0.004924; ', 'lpips_1=0.017457; ', 'mse_2=0.004978; ', 'lpips_2=0.017801; ']
train step[690/3000] ; used: 11m:53s; eta: 39m:44s; loss = 0.099100; ['mse_0=0.013280; ', 'lpips_0=0.024766; ', 'mse_1=0.010002; ', 'lpips_1=0.020609; ', 'mse_2=0.009806; ', 'lpips_2=0.020638; ']
train step[691/3000] ; used: 11m:54s; eta: 39m:42s; loss = 0.102773; ['mse_0=0.015328; ', 'lpips_0=0.026142; ', 'mse_1=0.011400; ', 'lpips_1=0.019214; ', 'mse_2=0.011229; ', 'lpips_2=0.019460; ']
train step[692/3000] ; used: 11m:55s; eta: 39m:41s; loss = 0.091167; ['mse_0=0.009685; ', 'lpips_0=0.024208; ', 'mse_1=0.008535; ', 'lpips_1=0.020074; ', 'mse_2=0.008414; ', 'lpips_2=0.020252; ']
train step[693/3000] ; used: 11m:56s; eta: 39m:40s; loss = 0.097323; ['mse_0=0.011671; ', 'lpips_0=0.025445; ', 'mse_1=0.008427; ', 'lpips_1=0.021656; ', 'mse_2=0.008384; ', 'lpips_2=0.021741; ']
train step[694/3000] ; used: 11m:57s; eta: 39m:39s; loss = 0.110969; ['mse_0=0.014962; ', 'lpips_0=0.026231; ', 'mse_1=0.011390; ', 'lpips_1=0.023524; ', 'mse_2=0.011302; ', 'lpips_2=0.023560; ']
train step[695/3000] ; used: 11m:58s; eta: 39m:38s; loss = 0.084822; ['mse_0=0.009501; ', 'lpips_0=0.023508; ', 'mse_1=0.007380; ', 'lpips_1=0.018600; ', 'mse_2=0.007276; ', 'lpips_2=0.018557; ']
train step[696/3000] ; used: 11m:59s; eta: 39m:37s; loss = 0.070623; ['mse_0=0.005261; ', 'lpips_0=0.022546; ', 'mse_1=0.003536; ', 'lpips_1=0.017755; ', 'mse_2=0.003571; ', 'lpips_2=0.017955; ']
train step[697/3000] ; used: 12m; eta: 39m:36s; loss = 0.092285; ['mse_0=0.012654; ', 'lpips_0=0.025521; ', 'mse_1=0.008279; ', 'lpips_1=0.018804; ', 'mse_2=0.008204; ', 'lpips_2=0.018824; ']
train step[698/3000] ; used: 12m:1s; eta: 39m:35s; loss = 0.071630; ['mse_0=0.004928; ', 'lpips_0=0.022335; ', 'mse_1=0.003881; ', 'lpips_1=0.018270; ', 'mse_2=0.003826; ', 'lpips_2=0.018390; ']
train step[699/3000] ; used: 12m:2s; eta: 39m:34s; loss = 0.062925; ['mse_0=0.003969; ', 'lpips_0=0.022444; ', 'mse_1=0.002443; ', 'lpips_1=0.015776; ', 'mse_2=0.002414; ', 'lpips_2=0.015879; ']
train step[700/3000] ; used: 12m:3s; eta: 39m:33s; loss = 0.084723; ['mse_0=0.009733; ', 'lpips_0=0.023227; ', 'mse_1=0.006985; ', 'lpips_1=0.018829; ', 'mse_2=0.007041; ', 'lpips_2=0.018909; ']
