============================================
HiSplat + per-stage MSH training
Repo: /ceph_data/clue9986/HiSplatMSH
Phase: finetune
Lambda RD: 0.0
Pretrained ckpt: /ceph_data/clue9986/HiSplatMSH/outputs/msh_proj_full_highrate_bypass_5k/checkpoints/epoch_0-step_5000.ckpt
Max steps: 2000
Batch size/GPU: 2
Checkpoint interval/top-k: 250 / -1
SH degree: 4
Codec stage N: [192,192,192]
Codec stage M: [320,320,320]
Codec stage depth: [2,4,4]
Codec train mode: full
Codec input: proj
LR codec/aux/generator: 0.0 / 0.0 / 2e-5
Codec LR warmup: 200 steps from factor 0.1
Codec recon weight: 0.0
Codec warmup bypass: false
Output: msh_proj_full_highrate_codecfreeze_genonly_ft_2k_v250
Extra Hydra args: <none>
============================================
[36mSaving outputs to /ceph_data/clue9986/HiSplatMSH/outputs/msh_proj_full_highrate_codecfreeze_genonly_ft_2k_v250.[39m
GPU number is 1
missing keys:[]
unexpected keys:[]
error msgs:[]
!!!Successfully load the DINOV2 ckpt from ./checkpoints/dinov2_vitb14_pretrain.pth
==> Load multi-view transformer backbone checkpoint: checkpoints/gmdepth-scale1-resumeflowthings-scannet-5d9d7964.pth
Setting up [LPIPS] perceptual loss: trunk [vgg], v[0.1], spatial [off]
Loading model from: /ceph_data/clue9986/anaconda3/envs/hisplat/lib/python3.10/site-packages/lpips/weights/v0.1/vgg.pth
begin to train fit!
start training without trainer-state resume!!!
train step[0/2000] ; used: 0s; eta: 0s; loss = 0.012884; ['mse_0=0.000531; ', 'lpips_0=0.004366; ', 'codec_recon_0=0.021819; ', 'bpp_0=5.653471; ', 'mse_1=0.000437; ', 'lpips_1=0.003786; ', 'codec_recon_1=0.260543; ', 'bpp_1=0.287267; ', 'mse_2=0.000359; ', 'lpips_2=0.003405; ', 'codec_recon_2=0.069094; ', 'bpp_2=0.264892; ']
train step[1/2000] ; used: 2s; eta: 45m:46s; loss = 0.011196; ['mse_0=0.000583; ', 'lpips_0=0.003616; ', 'codec_recon_0=0.020420; ', 'bpp_0=5.604513; ', 'mse_1=0.000529; ', 'lpips_1=0.003172; ', 'codec_recon_1=0.242157; ', 'bpp_1=0.285248; ', 'mse_2=0.000442; ', 'lpips_2=0.002854; ', 'codec_recon_2=0.066428; ', 'bpp_2=0.262218; ']
train step[2/2000] ; used: 3s; eta: 41m:52s; loss = 0.021006; ['mse_0=0.002238; ', 'lpips_0=0.005622; ', 'codec_recon_0=0.020097; ', 'bpp_0=6.167688; ', 'mse_1=0.001962; ', 'lpips_1=0.005290; ', 'codec_recon_1=0.361868; ', 'bpp_1=0.297732; ', 'mse_2=0.001615; ', 'lpips_2=0.004279; ', 'codec_recon_2=0.070326; ', 'bpp_2=0.280297; ']
train step[3/2000] ; used: 4s; eta: 39m:42s; loss = 0.030865; ['mse_0=0.004361; ', 'lpips_0=0.007161; ', 'codec_recon_0=0.018959; ', 'bpp_0=6.018010; ', 'mse_1=0.003833; ', 'lpips_1=0.006589; ', 'codec_recon_1=0.359122; ', 'bpp_1=0.296046; ', 'mse_2=0.003369; ', 'lpips_2=0.005551; ', 'codec_recon_2=0.071700; ', 'bpp_2=0.277668; ']
train step[4/2000] ; used: 5s; eta: 38m:33s; loss = 0.016090; ['mse_0=0.001452; ', 'lpips_0=0.004662; ', 'codec_recon_0=0.020372; ', 'bpp_0=6.044036; ', 'mse_1=0.001230; ', 'lpips_1=0.004229; ', 'codec_recon_1=0.314109; ', 'bpp_1=0.294516; ', 'mse_2=0.001036; ', 'lpips_2=0.003480; ', 'codec_recon_2=0.075580; ', 'bpp_2=0.275179; ']
train step[5/2000] ; used: 6s; eta: 37m:40s; loss = 0.012131; ['mse_0=0.001235; ', 'lpips_0=0.003455; ', 'codec_recon_0=0.019181; ', 'bpp_0=6.106487; ', 'mse_1=0.001073; ', 'lpips_1=0.002971; ', 'codec_recon_1=0.275228; ', 'bpp_1=0.295633; ', 'mse_2=0.000972; ', 'lpips_2=0.002425; ', 'codec_recon_2=0.077383; ', 'bpp_2=0.274996; ']
train step[6/2000] ; used: 7s; eta: 37m:14s; loss = 0.018158; ['mse_0=0.001516; ', 'lpips_0=0.005444; ', 'codec_recon_0=0.019266; ', 'bpp_0=6.155524; ', 'mse_1=0.001130; ', 'lpips_1=0.005023; ', 'codec_recon_1=0.330232; ', 'bpp_1=0.299855; ', 'mse_2=0.000894; ', 'lpips_2=0.004152; ', 'codec_recon_2=0.079584; ', 'bpp_2=0.281004; ']
train step[7/2000] ; used: 8s; eta: 36m:47s; loss = 0.016925; ['mse_0=0.001804; ', 'lpips_0=0.004659; ', 'codec_recon_0=0.021572; ', 'bpp_0=5.872327; ', 'mse_1=0.001478; ', 'lpips_1=0.004010; ', 'codec_recon_1=0.286516; ', 'bpp_1=0.291128; ', 'mse_2=0.001409; ', 'lpips_2=0.003564; ', 'codec_recon_2=0.079807; ', 'bpp_2=0.270730; ']
train step[8/2000] ; used: 9s; eta: 36m:32s; loss = 0.014468; ['mse_0=0.001219; ', 'lpips_0=0.004093; ', 'codec_recon_0=0.018727; ', 'bpp_0=5.965573; ', 'mse_1=0.001069; ', 'lpips_1=0.003720; ', 'codec_recon_1=0.280449; ', 'bpp_1=0.292226; ', 'mse_2=0.000973; ', 'lpips_2=0.003394; ', 'codec_recon_2=0.073549; ', 'bpp_2=0.270457; ']
train step[9/2000] ; used: 10s; eta: 36m:20s; loss = 0.018296; ['mse_0=0.002434; ', 'lpips_0=0.004200; ', 'codec_recon_0=0.017347; ', 'bpp_0=6.131301; ', 'mse_1=0.002286; ', 'lpips_1=0.003804; ', 'codec_recon_1=0.280441; ', 'bpp_1=0.296227; ', 'mse_2=0.002204; ', 'lpips_2=0.003368; ', 'codec_recon_2=0.071223; ', 'bpp_2=0.276335; ']
train step[10/2000] ; used: 12s; eta: 36m:11s; loss = 0.013346; ['mse_0=0.000812; ', 'lpips_0=0.004175; ', 'codec_recon_0=0.019492; ', 'bpp_0=5.988572; ', 'mse_1=0.000713; ', 'lpips_1=0.003725; ', 'codec_recon_1=0.289320; ', 'bpp_1=0.292585; ', 'mse_2=0.000629; ', 'lpips_2=0.003292; ', 'codec_recon_2=0.080540; ', 'bpp_2=0.269734; ']
train step[11/2000] ; used: 13s; eta: 36m:2s; loss = 0.011169; ['mse_0=0.001266; ', 'lpips_0=0.003453; ', 'codec_recon_0=0.016988; ', 'bpp_0=6.253781; ', 'mse_1=0.000965; ', 'lpips_1=0.002842; ', 'codec_recon_1=0.314881; ', 'bpp_1=0.300664; ', 'mse_2=0.000699; ', 'lpips_2=0.001945; ', 'codec_recon_2=0.078325; ', 'bpp_2=0.281659; ']
train step[12/2000] ; used: 14s; eta: 35m:51s; loss = 0.021137; ['mse_0=0.002691; ', 'lpips_0=0.004937; ', 'codec_recon_0=0.031370; ', 'bpp_0=6.015582; ', 'mse_1=0.002460; ', 'lpips_1=0.004613; ', 'codec_recon_1=0.310763; ', 'bpp_1=0.294805; ', 'mse_2=0.002365; ', 'lpips_2=0.004071; ', 'codec_recon_2=0.103985; ', 'bpp_2=0.273878; ']
train step[13/2000] ; used: 15s; eta: 35m:41s; loss = 0.017253; ['mse_0=0.001467; ', 'lpips_0=0.004852; ', 'codec_recon_0=0.019643; ', 'bpp_0=5.841296; ', 'mse_1=0.001309; ', 'lpips_1=0.004435; ', 'codec_recon_1=0.280661; ', 'bpp_1=0.290504; ', 'mse_2=0.001213; ', 'lpips_2=0.003977; ', 'codec_recon_2=0.079116; ', 'bpp_2=0.266970; ']
train step[14/2000] ; used: 16s; eta: 35m:35s; loss = 0.026036; ['mse_0=0.003339; ', 'lpips_0=0.006050; ', 'codec_recon_0=0.018707; ', 'bpp_0=6.055494; ', 'mse_1=0.003118; ', 'lpips_1=0.005445; ', 'codec_recon_1=0.288444; ', 'bpp_1=0.295886; ', 'mse_2=0.003075; ', 'lpips_2=0.005008; ', 'codec_recon_2=0.077312; ', 'bpp_2=0.276525; ']
train step[15/2000] ; used: 17s; eta: 35m:28s; loss = 0.011053; ['mse_0=0.000821; ', 'lpips_0=0.003387; ', 'codec_recon_0=0.017699; ', 'bpp_0=6.077014; ', 'mse_1=0.000734; ', 'lpips_1=0.002878; ', 'codec_recon_1=0.247464; ', 'bpp_1=0.294182; ', 'mse_2=0.000680; ', 'lpips_2=0.002554; ', 'codec_recon_2=0.071285; ', 'bpp_2=0.272062; ']
train step[16/2000] ; used: 18s; eta: 35m:25s; loss = 0.011187; ['mse_0=0.000770; ', 'lpips_0=0.003607; ', 'codec_recon_0=0.016363; ', 'bpp_0=6.034759; ', 'mse_1=0.000615; ', 'lpips_1=0.003075; ', 'codec_recon_1=0.264885; ', 'bpp_1=0.293734; ', 'mse_2=0.000509; ', 'lpips_2=0.002611; ', 'codec_recon_2=0.075647; ', 'bpp_2=0.268741; ']
train step[17/2000] ; used: 19s; eta: 35m:20s; loss = 0.011464; ['mse_0=0.000594; ', 'lpips_0=0.003675; ', 'codec_recon_0=0.021262; ', 'bpp_0=5.781343; ', 'mse_1=0.000501; ', 'lpips_1=0.003266; ', 'codec_recon_1=0.270177; ', 'bpp_1=0.288480; ', 'mse_2=0.000428; ', 'lpips_2=0.003001; ', 'codec_recon_2=0.071681; ', 'bpp_2=0.266688; ']
train step[18/2000] ; used: 20s; eta: 35m:15s; loss = 0.013107; ['mse_0=0.001069; ', 'lpips_0=0.004095; ', 'codec_recon_0=0.021247; ', 'bpp_0=6.000273; ', 'mse_1=0.000921; ', 'lpips_1=0.003493; ', 'codec_recon_1=0.318418; ', 'bpp_1=0.293355; ', 'mse_2=0.000721; ', 'lpips_2=0.002808; ', 'codec_recon_2=0.082332; ', 'bpp_2=0.271689; ']
train step[19/2000] ; used: 21s; eta: 35m:8s; loss = 0.019158; ['mse_0=0.001531; ', 'lpips_0=0.005351; ', 'codec_recon_0=0.019348; ', 'bpp_0=5.858943; ', 'mse_1=0.001528; ', 'lpips_1=0.004833; ', 'codec_recon_1=0.254171; ', 'bpp_1=0.290351; ', 'mse_2=0.001418; ', 'lpips_2=0.004495; ', 'codec_recon_2=0.068873; ', 'bpp_2=0.267310; ']
train step[20/2000] ; used: 22s; eta: 35m:5s; loss = 0.014752; ['mse_0=0.000723; ', 'lpips_0=0.004678; ', 'codec_recon_0=0.020581; ', 'bpp_0=5.716650; ', 'mse_1=0.000616; ', 'lpips_1=0.004177; ', 'codec_recon_1=0.250678; ', 'bpp_1=0.288555; ', 'mse_2=0.000587; ', 'lpips_2=0.003972; ', 'codec_recon_2=0.074537; ', 'bpp_2=0.265256; ']
train step[21/2000] ; used: 23s; eta: 35m; loss = 0.016586; ['mse_0=0.001121; ', 'lpips_0=0.005129; ', 'codec_recon_0=0.023119; ', 'bpp_0=5.758956; ', 'mse_1=0.000932; ', 'lpips_1=0.004470; ', 'codec_recon_1=0.265081; ', 'bpp_1=0.288798; ', 'mse_2=0.000852; ', 'lpips_2=0.004082; ', 'codec_recon_2=0.072735; ', 'bpp_2=0.268083; ']
train step[22/2000] ; used: 24s; eta: 34m:56s; loss = 0.025061; ['mse_0=0.002423; ', 'lpips_0=0.006677; ', 'codec_recon_0=0.023618; ', 'bpp_0=6.207425; ', 'mse_1=0.002146; ', 'lpips_1=0.006305; ', 'codec_recon_1=0.361832; ', 'bpp_1=0.296333; ', 'mse_2=0.002019; ', 'lpips_2=0.005490; ', 'codec_recon_2=0.099636; ', 'bpp_2=0.275460; ']
train step[23/2000] ; used: 25s; eta: 34m:53s; loss = 0.018899; ['mse_0=0.001783; ', 'lpips_0=0.005658; ', 'codec_recon_0=0.020145; ', 'bpp_0=5.809290; ', 'mse_1=0.001310; ', 'lpips_1=0.004644; ', 'codec_recon_1=0.260908; ', 'bpp_1=0.288731; ', 'mse_2=0.001124; ', 'lpips_2=0.004380; ', 'codec_recon_2=0.067127; ', 'bpp_2=0.265782; ']
train step[24/2000] ; used: 26s; eta: 34m:51s; loss = 0.046086; ['mse_0=0.006620; ', 'lpips_0=0.009234; ', 'codec_recon_0=0.024913; ', 'bpp_0=5.726079; ', 'mse_1=0.006437; ', 'lpips_1=0.008751; ', 'codec_recon_1=0.265879; ', 'bpp_1=0.289452; ', 'mse_2=0.006486; ', 'lpips_2=0.008558; ', 'codec_recon_2=0.075607; ', 'bpp_2=0.268504; ']
train step[25/2000] ; used: 27s; eta: 34m:53s; loss = 0.013818; ['mse_0=0.001019; ', 'lpips_0=0.003960; ', 'codec_recon_0=0.020387; ', 'bpp_0=5.948411; ', 'mse_1=0.000977; ', 'lpips_1=0.003629; ', 'codec_recon_1=0.272706; ', 'bpp_1=0.290930; ', 'mse_2=0.000943; ', 'lpips_2=0.003291; ', 'codec_recon_2=0.090087; ', 'bpp_2=0.266656; ']
train step[26/2000] ; used: 28s; eta: 34m:49s; loss = 0.025051; ['mse_0=0.003103; ', 'lpips_0=0.006059; ', 'codec_recon_0=0.020444; ', 'bpp_0=5.940593; ', 'mse_1=0.002761; ', 'lpips_1=0.005423; ', 'codec_recon_1=0.280401; ', 'bpp_1=0.293584; ', 'mse_2=0.002725; ', 'lpips_2=0.004981; ', 'codec_recon_2=0.078507; ', 'bpp_2=0.272348; ']
train step[27/2000] ; used: 29s; eta: 34m:46s; loss = 0.015113; ['mse_0=0.001903; ', 'lpips_0=0.003999; ', 'codec_recon_0=0.017454; ', 'bpp_0=6.087792; ', 'mse_1=0.001630; ', 'lpips_1=0.003439; ', 'codec_recon_1=0.287057; ', 'bpp_1=0.294396; ', 'mse_2=0.001387; ', 'lpips_2=0.002755; ', 'codec_recon_2=0.069778; ', 'bpp_2=0.275135; ']
train step[28/2000] ; used: 30s; eta: 34m:42s; loss = 0.021631; ['mse_0=0.001512; ', 'lpips_0=0.006121; ', 'codec_recon_0=0.027358; ', 'bpp_0=5.917018; ', 'mse_1=0.001386; ', 'lpips_1=0.006164; ', 'codec_recon_1=0.336159; ', 'bpp_1=0.292921; ', 'mse_2=0.001260; ', 'lpips_2=0.005187; ', 'codec_recon_2=0.094453; ', 'bpp_2=0.271056; ']
train step[29/2000] ; used: 31s; eta: 34m:39s; loss = 0.026882; ['mse_0=0.002650; ', 'lpips_0=0.007736; ', 'codec_recon_0=0.020600; ', 'bpp_0=6.329426; ', 'mse_1=0.002339; ', 'lpips_1=0.007911; ', 'codec_recon_1=0.425629; ', 'bpp_1=0.301416; ', 'mse_2=0.001727; ', 'lpips_2=0.004519; ', 'codec_recon_2=0.088455; ', 'bpp_2=0.285081; ']
train step[30/2000] ; used: 32s; eta: 34m:35s; loss = 0.064166; ['mse_0=0.010899; ', 'lpips_0=0.011325; ', 'codec_recon_0=0.021842; ', 'bpp_0=6.312306; ', 'mse_1=0.010642; ', 'lpips_1=0.011049; ', 'codec_recon_1=0.385244; ', 'bpp_1=0.301840; ', 'mse_2=0.010473; ', 'lpips_2=0.009778; ', 'codec_recon_2=0.081337; ', 'bpp_2=0.286381; ']
train step[31/2000] ; used: 33s; eta: 34m:34s; loss = 0.027581; ['mse_0=0.004232; ', 'lpips_0=0.005720; ', 'codec_recon_0=0.016819; ', 'bpp_0=6.306273; ', 'mse_1=0.003982; ', 'lpips_1=0.005281; ', 'codec_recon_1=0.317504; ', 'bpp_1=0.301174; ', 'mse_2=0.003834; ', 'lpips_2=0.004531; ', 'codec_recon_2=0.075835; ', 'bpp_2=0.283043; ']
train step[32/2000] ; used: 34s; eta: 34m:33s; loss = 0.019163; ['mse_0=0.002059; ', 'lpips_0=0.005121; ', 'codec_recon_0=0.020251; ', 'bpp_0=6.073543; ', 'mse_1=0.001852; ', 'lpips_1=0.004854; ', 'codec_recon_1=0.320818; ', 'bpp_1=0.296166; ', 'mse_2=0.001520; ', 'lpips_2=0.003757; ', 'codec_recon_2=0.070131; ', 'bpp_2=0.276257; ']
train step[33/2000] ; used: 35s; eta: 34m:31s; loss = 0.019254; ['mse_0=0.002822; ', 'lpips_0=0.004605; ', 'codec_recon_0=0.019947; ', 'bpp_0=6.058307; ', 'mse_1=0.002402; ', 'lpips_1=0.004018; ', 'codec_recon_1=0.306645; ', 'bpp_1=0.296879; ', 'mse_2=0.002089; ', 'lpips_2=0.003317; ', 'codec_recon_2=0.069734; ', 'bpp_2=0.277836; ']
train step[34/2000] ; used: 36s; eta: 34m:28s; loss = 0.010504; ['mse_0=0.000367; ', 'lpips_0=0.003751; ', 'codec_recon_0=0.020033; ', 'bpp_0=5.973996; ', 'mse_1=0.000295; ', 'lpips_1=0.003186; ', 'codec_recon_1=0.285494; ', 'bpp_1=0.292526; ', 'mse_2=0.000240; ', 'lpips_2=0.002665; ', 'codec_recon_2=0.084288; ', 'bpp_2=0.270002; ']
train step[35/2000] ; used: 37s; eta: 34m:28s; loss = 0.020467; ['mse_0=0.001756; ', 'lpips_0=0.006098; ', 'codec_recon_0=0.023659; ', 'bpp_0=5.834960; ', 'mse_1=0.001296; ', 'lpips_1=0.005162; ', 'codec_recon_1=0.234679; ', 'bpp_1=0.289010; ', 'mse_2=0.001222; ', 'lpips_2=0.004933; ', 'codec_recon_2=0.074287; ', 'bpp_2=0.266684; ']
train step[36/2000] ; used: 38s; eta: 34m:26s; loss = 0.016064; ['mse_0=0.001412; ', 'lpips_0=0.004651; ', 'codec_recon_0=0.019788; ', 'bpp_0=5.976127; ', 'mse_1=0.001236; ', 'lpips_1=0.004062; ', 'codec_recon_1=0.271442; ', 'bpp_1=0.294541; ', 'mse_2=0.001066; ', 'lpips_2=0.003637; ', 'codec_recon_2=0.076435; ', 'bpp_2=0.272836; ']
train step[37/2000] ; used: 39s; eta: 34m:24s; loss = 0.011084; ['mse_0=0.000714; ', 'lpips_0=0.003511; ', 'codec_recon_0=0.030085; ', 'bpp_0=5.847578; ', 'mse_1=0.000609; ', 'lpips_1=0.002989; ', 'codec_recon_1=0.239484; ', 'bpp_1=0.289188; ', 'mse_2=0.000559; ', 'lpips_2=0.002703; ', 'codec_recon_2=0.085715; ', 'bpp_2=0.266264; ']
train step[38/2000] ; used: 41s; eta: 34m:24s; loss = 0.010766; ['mse_0=0.000682; ', 'lpips_0=0.003420; ', 'codec_recon_0=0.017915; ', 'bpp_0=6.113123; ', 'mse_1=0.000578; ', 'lpips_1=0.003031; ', 'codec_recon_1=0.269823; ', 'bpp_1=0.296326; ', 'mse_2=0.000484; ', 'lpips_2=0.002572; ', 'codec_recon_2=0.082848; ', 'bpp_2=0.273324; ']
train step[39/2000] ; used: 42s; eta: 34m:22s; loss = 0.011347; ['mse_0=0.000865; ', 'lpips_0=0.003626; ', 'codec_recon_0=0.020336; ', 'bpp_0=5.975753; ', 'mse_1=0.000686; ', 'lpips_1=0.003043; ', 'codec_recon_1=0.286127; ', 'bpp_1=0.295038; ', 'mse_2=0.000553; ', 'lpips_2=0.002575; ', 'codec_recon_2=0.075285; ', 'bpp_2=0.273287; ']
train step[40/2000] ; used: 43s; eta: 34m:20s; loss = 0.012360; ['mse_0=0.000914; ', 'lpips_0=0.003801; ', 'codec_recon_0=0.027431; ', 'bpp_0=5.885927; ', 'mse_1=0.000742; ', 'lpips_1=0.003328; ', 'codec_recon_1=0.267787; ', 'bpp_1=0.292382; ', 'mse_2=0.000618; ', 'lpips_2=0.002957; ', 'codec_recon_2=0.081347; ', 'bpp_2=0.272218; ']
train step[41/2000] ; used: 44s; eta: 34m:30s; loss = 0.013857; ['mse_0=0.000642; ', 'lpips_0=0.004907; ', 'codec_recon_0=0.019722; ', 'bpp_0=5.707413; ', 'mse_1=0.000499; ', 'lpips_1=0.004262; ', 'codec_recon_1=0.335541; ', 'bpp_1=0.288775; ', 'mse_2=0.000322; ', 'lpips_2=0.003224; ', 'codec_recon_2=0.081305; ', 'bpp_2=0.267498; ']
train step[42/2000] ; used: 45s; eta: 34m:28s; loss = 0.010291; ['mse_0=0.000332; ', 'lpips_0=0.003499; ', 'codec_recon_0=0.020065; ', 'bpp_0=5.927449; ', 'mse_1=0.000306; ', 'lpips_1=0.003060; ', 'codec_recon_1=0.267781; ', 'bpp_1=0.288893; ', 'mse_2=0.000259; ', 'lpips_2=0.002836; ', 'codec_recon_2=0.084375; ', 'bpp_2=0.266367; ']
train step[43/2000] ; used: 46s; eta: 34m:27s; loss = 0.010955; ['mse_0=0.001083; ', 'lpips_0=0.003141; ', 'codec_recon_0=0.023153; ', 'bpp_0=6.026585; ', 'mse_1=0.000937; ', 'lpips_1=0.002674; ', 'codec_recon_1=0.267158; ', 'bpp_1=0.292466; ', 'mse_2=0.000805; ', 'lpips_2=0.002315; ', 'codec_recon_2=0.088064; ', 'bpp_2=0.269771; ']
train step[44/2000] ; used: 47s; eta: 34m:25s; loss = 0.009154; ['mse_0=0.000572; ', 'lpips_0=0.003073; ', 'codec_recon_0=0.016951; ', 'bpp_0=6.018651; ', 'mse_1=0.000463; ', 'lpips_1=0.002641; ', 'codec_recon_1=0.284195; ', 'bpp_1=0.294128; ', 'mse_2=0.000305; ', 'lpips_2=0.002101; ', 'codec_recon_2=0.078113; ', 'bpp_2=0.269210; ']
train step[45/2000] ; used: 48s; eta: 34m:23s; loss = 0.016750; ['mse_0=0.001948; ', 'lpips_0=0.004421; ', 'codec_recon_0=0.018789; ', 'bpp_0=5.932998; ', 'mse_1=0.001681; ', 'lpips_1=0.003825; ', 'codec_recon_1=0.245800; ', 'bpp_1=0.291715; ', 'mse_2=0.001502; ', 'lpips_2=0.003373; ', 'codec_recon_2=0.069412; ', 'bpp_2=0.271036; ']
train step[46/2000] ; used: 49s; eta: 34m:21s; loss = 0.015808; ['mse_0=0.001030; ', 'lpips_0=0.004745; ', 'codec_recon_0=0.020573; ', 'bpp_0=5.848140; ', 'mse_1=0.000973; ', 'lpips_1=0.004229; ', 'codec_recon_1=0.264992; ', 'bpp_1=0.289672; ', 'mse_2=0.000914; ', 'lpips_2=0.003918; ', 'codec_recon_2=0.079935; ', 'bpp_2=0.267266; ']
train step[47/2000] ; used: 50s; eta: 34m:19s; loss = 0.015060; ['mse_0=0.001262; ', 'lpips_0=0.004817; ', 'codec_recon_0=0.018619; ', 'bpp_0=6.148795; ', 'mse_1=0.001044; ', 'lpips_1=0.004185; ', 'codec_recon_1=0.352299; ', 'bpp_1=0.296121; ', 'mse_2=0.000739; ', 'lpips_2=0.003014; ', 'codec_recon_2=0.083070; ', 'bpp_2=0.276084; ']
train step[48/2000] ; used: 51s; eta: 34m:17s; loss = 0.018251; ['mse_0=0.001580; ', 'lpips_0=0.004686; ', 'codec_recon_0=0.019442; ', 'bpp_0=5.869466; ', 'mse_1=0.001834; ', 'lpips_1=0.004345; ', 'codec_recon_1=0.266383; ', 'bpp_1=0.291003; ', 'mse_2=0.001756; ', 'lpips_2=0.004050; ', 'codec_recon_2=0.071843; ', 'bpp_2=0.268862; ']
train step[49/2000] ; used: 52s; eta: 34m:15s; loss = 0.011748; ['mse_0=0.001056; ', 'lpips_0=0.003581; ', 'codec_recon_0=0.021299; ', 'bpp_0=6.104756; ', 'mse_1=0.000906; ', 'lpips_1=0.003195; ', 'codec_recon_1=0.292473; ', 'bpp_1=0.296763; ', 'mse_2=0.000663; ', 'lpips_2=0.002346; ', 'codec_recon_2=0.084219; ', 'bpp_2=0.277087; ']
train step[50/2000] ; used: 53s; eta: 34m:14s; loss = 0.012597; ['mse_0=0.001162; ', 'lpips_0=0.003728; ', 'codec_recon_0=0.021656; ', 'bpp_0=5.789872; ', 'mse_1=0.000886; ', 'lpips_1=0.003331; ', 'codec_recon_1=0.265624; ', 'bpp_1=0.289360; ', 'mse_2=0.000694; ', 'lpips_2=0.002796; ', 'codec_recon_2=0.069735; ', 'bpp_2=0.266061; ']
train step[51/2000] ; used: 54s; eta: 34m:13s; loss = 0.019984; ['mse_0=0.001802; ', 'lpips_0=0.006228; ', 'codec_recon_0=0.018990; ', 'bpp_0=6.086182; ', 'mse_1=0.001633; ', 'lpips_1=0.005873; ', 'codec_recon_1=0.399373; ', 'bpp_1=0.296505; ', 'mse_2=0.000830; ', 'lpips_2=0.003618; ', 'codec_recon_2=0.085996; ', 'bpp_2=0.278406; ']
train step[52/2000] ; used: 55s; eta: 34m:12s; loss = 0.014396; ['mse_0=0.001860; ', 'lpips_0=0.003996; ', 'codec_recon_0=0.018280; ', 'bpp_0=6.248117; ', 'mse_1=0.001606; ', 'lpips_1=0.003623; ', 'codec_recon_1=0.339038; ', 'bpp_1=0.299935; ', 'mse_2=0.000926; ', 'lpips_2=0.002385; ', 'codec_recon_2=0.070009; ', 'bpp_2=0.280657; ']
train step[53/2000] ; used: 56s; eta: 34m:10s; loss = 0.012160; ['mse_0=0.000781; ', 'lpips_0=0.003727; ', 'codec_recon_0=0.019373; ', 'bpp_0=5.917602; ', 'mse_1=0.000710; ', 'lpips_1=0.003313; ', 'codec_recon_1=0.271738; ', 'bpp_1=0.290754; ', 'mse_2=0.000676; ', 'lpips_2=0.002954; ', 'codec_recon_2=0.079533; ', 'bpp_2=0.267490; ']
train step[54/2000] ; used: 57s; eta: 34m:8s; loss = 0.019727; ['mse_0=0.002866; ', 'lpips_0=0.004811; ', 'codec_recon_0=0.029608; ', 'bpp_0=6.179179; ', 'mse_1=0.002502; ', 'lpips_1=0.004079; ', 'codec_recon_1=0.335151; ', 'bpp_1=0.299070; ', 'mse_2=0.002233; ', 'lpips_2=0.003234; ', 'codec_recon_2=0.087510; ', 'bpp_2=0.279984; ']
train step[55/2000] ; used: 58s; eta: 34m:6s; loss = 0.013400; ['mse_0=0.000515; ', 'lpips_0=0.004409; ', 'codec_recon_0=0.018984; ', 'bpp_0=5.859569; ', 'mse_1=0.000416; ', 'lpips_1=0.003939; ', 'codec_recon_1=0.241448; ', 'bpp_1=0.288231; ', 'mse_2=0.000377; ', 'lpips_2=0.003745; ', 'codec_recon_2=0.076261; ', 'bpp_2=0.268095; ']
train step[56/2000] ; used: 59s; eta: 34m:5s; loss = 0.014580; ['mse_0=0.001918; ', 'lpips_0=0.003573; ', 'codec_recon_0=0.018054; ', 'bpp_0=6.095450; ', 'mse_1=0.001772; ', 'lpips_1=0.003119; ', 'codec_recon_1=0.290668; ', 'bpp_1=0.294045; ', 'mse_2=0.001624; ', 'lpips_2=0.002573; ', 'codec_recon_2=0.081188; ', 'bpp_2=0.271496; ']
train step[57/2000] ; used: 1m; eta: 34m:3s; loss = 0.028968; ['mse_0=0.004087; ', 'lpips_0=0.007120; ', 'codec_recon_0=0.021605; ', 'bpp_0=6.118330; ', 'mse_1=0.003461; ', 'lpips_1=0.006415; ', 'codec_recon_1=0.386991; ', 'bpp_1=0.300078; ', 'mse_2=0.003016; ', 'lpips_2=0.004869; ', 'codec_recon_2=0.069008; ', 'bpp_2=0.282721; ']
train step[58/2000] ; used: 1m:2s; eta: 34m:2s; loss = 0.012177; ['mse_0=0.000792; ', 'lpips_0=0.003859; ', 'codec_recon_0=0.018509; ', 'bpp_0=5.904343; ', 'mse_1=0.000659; ', 'lpips_1=0.003322; ', 'codec_recon_1=0.281269; ', 'bpp_1=0.291037; ', 'mse_2=0.000595; ', 'lpips_2=0.002951; ', 'codec_recon_2=0.081855; ', 'bpp_2=0.268564; ']
train step[59/2000] ; used: 1m:3s; eta: 34m; loss = 0.010507; ['mse_0=0.000746; ', 'lpips_0=0.003189; ', 'codec_recon_0=0.021509; ', 'bpp_0=5.958352; ', 'mse_1=0.000693; ', 'lpips_1=0.002775; ', 'codec_recon_1=0.279612; ', 'bpp_1=0.292122; ', 'mse_2=0.000635; ', 'lpips_2=0.002469; ', 'codec_recon_2=0.075482; ', 'bpp_2=0.269035; ']
train step[60/2000] ; used: 1m:4s; eta: 33m:58s; loss = 0.018734; ['mse_0=0.000516; ', 'lpips_0=0.006223; ', 'codec_recon_0=0.028474; ', 'bpp_0=5.670473; ', 'mse_1=0.000459; ', 'lpips_1=0.005710; ', 'codec_recon_1=0.271562; ', 'bpp_1=0.283422; ', 'mse_2=0.000433; ', 'lpips_2=0.005393; ', 'codec_recon_2=0.079716; ', 'bpp_2=0.262358; ']
train step[61/2000] ; used: 1m:5s; eta: 33m:56s; loss = 0.023826; ['mse_0=0.002488; ', 'lpips_0=0.006094; ', 'codec_recon_0=0.021275; ', 'bpp_0=5.929348; ', 'mse_1=0.002304; ', 'lpips_1=0.005795; ', 'codec_recon_1=0.331526; ', 'bpp_1=0.292728; ', 'mse_2=0.002057; ', 'lpips_2=0.005087; ', 'codec_recon_2=0.083039; ', 'bpp_2=0.272848; ']
train step[62/2000] ; used: 1m:6s; eta: 33m:56s; loss = 0.009249; ['mse_0=0.000505; ', 'lpips_0=0.003206; ', 'codec_recon_0=0.015949; ', 'bpp_0=5.803267; ', 'mse_1=0.000347; ', 'lpips_1=0.002679; ', 'codec_recon_1=0.228737; ', 'bpp_1=0.288634; ', 'mse_2=0.000238; ', 'lpips_2=0.002274; ', 'codec_recon_2=0.067292; ', 'bpp_2=0.263591; ']
train step[63/2000] ; used: 1m:7s; eta: 33m:54s; loss = 0.010866; ['mse_0=0.000732; ', 'lpips_0=0.003266; ', 'codec_recon_0=0.020671; ', 'bpp_0=5.780012; ', 'mse_1=0.000670; ', 'lpips_1=0.002876; ', 'codec_recon_1=0.230723; ', 'bpp_1=0.287146; ', 'mse_2=0.000645; ', 'lpips_2=0.002676; ', 'codec_recon_2=0.068312; ', 'bpp_2=0.265982; ']
train step[64/2000] ; used: 1m:8s; eta: 33m:52s; loss = 0.017984; ['mse_0=0.002150; ', 'lpips_0=0.004586; ', 'codec_recon_0=0.020528; ', 'bpp_0=5.916599; ', 'mse_1=0.001945; ', 'lpips_1=0.003977; ', 'codec_recon_1=0.299441; ', 'bpp_1=0.292067; ', 'mse_2=0.001822; ', 'lpips_2=0.003504; ', 'codec_recon_2=0.072750; ', 'bpp_2=0.270478; ']
train step[65/2000] ; used: 1m:9s; eta: 33m:50s; loss = 0.016521; ['mse_0=0.001419; ', 'lpips_0=0.004803; ', 'codec_recon_0=0.019546; ', 'bpp_0=6.008070; ', 'mse_1=0.001242; ', 'lpips_1=0.004284; ', 'codec_recon_1=0.305394; ', 'bpp_1=0.295033; ', 'mse_2=0.001053; ', 'lpips_2=0.003719; ', 'codec_recon_2=0.079077; ', 'bpp_2=0.272905; ']
train step[66/2000] ; used: 1m:10s; eta: 33m:48s; loss = 0.016472; ['mse_0=0.001507; ', 'lpips_0=0.004927; ', 'codec_recon_0=0.018245; ', 'bpp_0=6.075349; ', 'mse_1=0.001290; ', 'lpips_1=0.004779; ', 'codec_recon_1=0.346952; ', 'bpp_1=0.296394; ', 'mse_2=0.000847; ', 'lpips_2=0.003122; ', 'codec_recon_2=0.084346; ', 'bpp_2=0.275237; ']
train step[67/2000] ; used: 1m:11s; eta: 33m:47s; loss = 0.024222; ['mse_0=0.003253; ', 'lpips_0=0.005316; ', 'codec_recon_0=0.025321; ', 'bpp_0=5.921457; ', 'mse_1=0.002992; ', 'lpips_1=0.004905; ', 'codec_recon_1=0.251639; ', 'bpp_1=0.291180; ', 'mse_2=0.003008; ', 'lpips_2=0.004747; ', 'codec_recon_2=0.088131; ', 'bpp_2=0.269344; ']
train step[68/2000] ; used: 1m:12s; eta: 33m:45s; loss = 0.020795; ['mse_0=0.002162; ', 'lpips_0=0.005609; ', 'codec_recon_0=0.017815; ', 'bpp_0=6.006743; ', 'mse_1=0.001925; ', 'lpips_1=0.005091; ', 'codec_recon_1=0.333544; ', 'bpp_1=0.296473; ', 'mse_2=0.001803; ', 'lpips_2=0.004205; ', 'codec_recon_2=0.071881; ', 'bpp_2=0.278132; ']
train step[69/2000] ; used: 1m:13s; eta: 33m:43s; loss = 0.028214; ['mse_0=0.001779; ', 'lpips_0=0.008396; ', 'codec_recon_0=0.020039; ', 'bpp_0=6.109911; ', 'mse_1=0.001589; ', 'lpips_1=0.008017; ', 'codec_recon_1=0.369830; ', 'bpp_1=0.296161; ', 'mse_2=0.001440; ', 'lpips_2=0.006993; ', 'codec_recon_2=0.092756; ', 'bpp_2=0.276861; ']
train step[70/2000] ; used: 1m:14s; eta: 33m:42s; loss = 0.012482; ['mse_0=0.000578; ', 'lpips_0=0.004467; ', 'codec_recon_0=0.018211; ', 'bpp_0=6.137095; ', 'mse_1=0.000473; ', 'lpips_1=0.003663; ', 'codec_recon_1=0.308903; ', 'bpp_1=0.295931; ', 'mse_2=0.000399; ', 'lpips_2=0.002901; ', 'codec_recon_2=0.089622; ', 'bpp_2=0.273483; ']
train step[71/2000] ; used: 1m:15s; eta: 33m:41s; loss = 0.015364; ['mse_0=0.001197; ', 'lpips_0=0.004823; ', 'codec_recon_0=0.020947; ', 'bpp_0=6.091755; ', 'mse_1=0.001043; ', 'lpips_1=0.004207; ', 'codec_recon_1=0.352957; ', 'bpp_1=0.295533; ', 'mse_2=0.000739; ', 'lpips_2=0.003357; ', 'codec_recon_2=0.090103; ', 'bpp_2=0.273211; ']
train step[72/2000] ; used: 1m:16s; eta: 33m:39s; loss = 0.010551; ['mse_0=0.000565; ', 'lpips_0=0.003506; ', 'codec_recon_0=0.016725; ', 'bpp_0=6.041699; ', 'mse_1=0.000472; ', 'lpips_1=0.003059; ', 'codec_recon_1=0.281323; ', 'bpp_1=0.293457; ', 'mse_2=0.000369; ', 'lpips_2=0.002580; ', 'codec_recon_2=0.081270; ', 'bpp_2=0.270371; ']
train step[73/2000] ; used: 1m:17s; eta: 33m:37s; loss = 0.017500; ['mse_0=0.002335; ', 'lpips_0=0.004262; ', 'codec_recon_0=0.024013; ', 'bpp_0=6.114978; ', 'mse_1=0.002033; ', 'lpips_1=0.003713; ', 'codec_recon_1=0.286248; ', 'bpp_1=0.296842; ', 'mse_2=0.001929; ', 'lpips_2=0.003227; ', 'codec_recon_2=0.089014; ', 'bpp_2=0.275478; ']
train step[74/2000] ; used: 1m:18s; eta: 33m:36s; loss = 0.026083; ['mse_0=0.002555; ', 'lpips_0=0.006652; ', 'codec_recon_0=0.023692; ', 'bpp_0=5.861920; ', 'mse_1=0.002389; ', 'lpips_1=0.006196; ', 'codec_recon_1=0.272431; ', 'bpp_1=0.291709; ', 'mse_2=0.002330; ', 'lpips_2=0.005960; ', 'codec_recon_2=0.076741; ', 'bpp_2=0.268408; ']
train step[75/2000] ; used: 1m:19s; eta: 33m:35s; loss = 0.012924; ['mse_0=0.001333; ', 'lpips_0=0.003602; ', 'codec_recon_0=0.018473; ', 'bpp_0=6.067230; ', 'mse_1=0.001161; ', 'lpips_1=0.003151; ', 'codec_recon_1=0.294885; ', 'bpp_1=0.295616; ', 'mse_2=0.001007; ', 'lpips_2=0.002670; ', 'codec_recon_2=0.079228; ', 'bpp_2=0.274586; ']
train step[76/2000] ; used: 1m:20s; eta: 33m:33s; loss = 0.011247; ['mse_0=0.000806; ', 'lpips_0=0.003499; ', 'codec_recon_0=0.018625; ', 'bpp_0=5.865987; ', 'mse_1=0.000695; ', 'lpips_1=0.002995; ', 'codec_recon_1=0.250737; ', 'bpp_1=0.290224; ', 'mse_2=0.000603; ', 'lpips_2=0.002649; ', 'codec_recon_2=0.074533; ', 'bpp_2=0.266499; ']
train step[77/2000] ; used: 1m:21s; eta: 33m:31s; loss = 0.013868; ['mse_0=0.001521; ', 'lpips_0=0.003619; ', 'codec_recon_0=0.020743; ', 'bpp_0=6.091992; ', 'mse_1=0.001363; ', 'lpips_1=0.003233; ', 'codec_recon_1=0.261278; ', 'bpp_1=0.295915; ', 'mse_2=0.001250; ', 'lpips_2=0.002881; ', 'codec_recon_2=0.076907; ', 'bpp_2=0.274209; ']
train step[78/2000] ; used: 1m:22s; eta: 33m:30s; loss = 0.015065; ['mse_0=0.001098; ', 'lpips_0=0.004440; ', 'codec_recon_0=0.024495; ', 'bpp_0=5.712425; ', 'mse_1=0.000946; ', 'lpips_1=0.003992; ', 'codec_recon_1=0.257676; ', 'bpp_1=0.289040; ', 'mse_2=0.000859; ', 'lpips_2=0.003729; ', 'codec_recon_2=0.076394; ', 'bpp_2=0.268913; ']
train step[79/2000] ; used: 1m:23s; eta: 33m:28s; loss = 0.010001; ['mse_0=0.000608; ', 'lpips_0=0.003471; ', 'codec_recon_0=0.017629; ', 'bpp_0=5.965384; ', 'mse_1=0.000461; ', 'lpips_1=0.002884; ', 'codec_recon_1=0.301213; ', 'bpp_1=0.293938; ', 'mse_2=0.000293; ', 'lpips_2=0.002284; ', 'codec_recon_2=0.079650; ', 'bpp_2=0.269598; ']
train step[80/2000] ; used: 1m:24s; eta: 33m:26s; loss = 0.008724; ['mse_0=0.000384; ', 'lpips_0=0.003038; ', 'codec_recon_0=0.019388; ', 'bpp_0=5.880776; ', 'mse_1=0.000310; ', 'lpips_1=0.002528; ', 'codec_recon_1=0.263457; ', 'bpp_1=0.291898; ', 'mse_2=0.000258; ', 'lpips_2=0.002206; ', 'codec_recon_2=0.079105; ', 'bpp_2=0.268754; ']
train step[81/2000] ; used: 1m:25s; eta: 33m:24s; loss = 0.016030; ['mse_0=0.001706; ', 'lpips_0=0.004101; ', 'codec_recon_0=0.025599; ', 'bpp_0=5.654334; ', 'mse_1=0.001533; ', 'lpips_1=0.003731; ', 'codec_recon_1=0.253589; ', 'bpp_1=0.288984; ', 'mse_2=0.001479; ', 'lpips_2=0.003480; ', 'codec_recon_2=0.070669; ', 'bpp_2=0.264690; ']
train step[82/2000] ; used: 1m:26s; eta: 33m:24s; loss = 0.010351; ['mse_0=0.000847; ', 'lpips_0=0.003398; ', 'codec_recon_0=0.018528; ', 'bpp_0=6.017851; ', 'mse_1=0.000585; ', 'lpips_1=0.002701; ', 'codec_recon_1=0.261937; ', 'bpp_1=0.295057; ', 'mse_2=0.000502; ', 'lpips_2=0.002317; ', 'codec_recon_2=0.073082; ', 'bpp_2=0.273457; ']
train step[83/2000] ; used: 1m:27s; eta: 33m:23s; loss = 0.021628; ['mse_0=0.002130; ', 'lpips_0=0.005696; ', 'codec_recon_0=0.021790; ', 'bpp_0=6.002569; ', 'mse_1=0.002056; ', 'lpips_1=0.005093; ', 'codec_recon_1=0.320076; ', 'bpp_1=0.294630; ', 'mse_2=0.002051; ', 'lpips_2=0.004602; ', 'codec_recon_2=0.080759; ', 'bpp_2=0.274500; ']
train step[84/2000] ; used: 1m:28s; eta: 33m:22s; loss = 0.027308; ['mse_0=0.003498; ', 'lpips_0=0.007254; ', 'codec_recon_0=0.017373; ', 'bpp_0=6.304543; ', 'mse_1=0.002817; ', 'lpips_1=0.006335; ', 'codec_recon_1=0.393252; ', 'bpp_1=0.300554; ', 'mse_2=0.002381; ', 'lpips_2=0.005022; ', 'codec_recon_2=0.077791; ', 'bpp_2=0.283835; ']
train step[85/2000] ; used: 1m:29s; eta: 33m:21s; loss = 0.014603; ['mse_0=0.001063; ', 'lpips_0=0.004376; ', 'codec_recon_0=0.019298; ', 'bpp_0=6.167410; ', 'mse_1=0.000939; ', 'lpips_1=0.003935; ', 'codec_recon_1=0.276122; ', 'bpp_1=0.298750; ', 'mse_2=0.000820; ', 'lpips_2=0.003471; ', 'codec_recon_2=0.082064; ', 'bpp_2=0.277443; ']
train step[86/2000] ; used: 1m:30s; eta: 33m:19s; loss = 0.025029; ['mse_0=0.002269; ', 'lpips_0=0.007114; ', 'codec_recon_0=0.017919; ', 'bpp_0=6.140047; ', 'mse_1=0.002007; ', 'lpips_1=0.006517; ', 'codec_recon_1=0.363735; ', 'bpp_1=0.296802; ', 'mse_2=0.001651; ', 'lpips_2=0.005470; ', 'codec_recon_2=0.083685; ', 'bpp_2=0.277604; ']
train step[87/2000] ; used: 1m:31s; eta: 33m:17s; loss = 0.016238; ['mse_0=0.001584; ', 'lpips_0=0.004824; ', 'codec_recon_0=0.017594; ', 'bpp_0=5.979340; ', 'mse_1=0.001334; ', 'lpips_1=0.004227; ', 'codec_recon_1=0.340863; ', 'bpp_1=0.294054; ', 'mse_2=0.001000; ', 'lpips_2=0.003270; ', 'codec_recon_2=0.076870; ', 'bpp_2=0.276201; ']
train step[88/2000] ; used: 1m:32s; eta: 33m:16s; loss = 0.032253; ['mse_0=0.005968; ', 'lpips_0=0.005718; ', 'codec_recon_0=0.017774; ', 'bpp_0=6.129163; ', 'mse_1=0.005623; ', 'lpips_1=0.005153; ', 'codec_recon_1=0.320481; ', 'bpp_1=0.300478; ', 'mse_2=0.005438; ', 'lpips_2=0.004353; ', 'codec_recon_2=0.072589; ', 'bpp_2=0.281337; ']
train step[89/2000] ; used: 1m:33s; eta: 33m:14s; loss = 0.019649; ['mse_0=0.002431; ', 'lpips_0=0.004623; ', 'codec_recon_0=0.022195; ', 'bpp_0=5.583458; ', 'mse_1=0.002296; ', 'lpips_1=0.004109; ', 'codec_recon_1=0.256965; ', 'bpp_1=0.286696; ', 'mse_2=0.002314; ', 'lpips_2=0.003876; ', 'codec_recon_2=0.064512; ', 'bpp_2=0.262764; ']
train step[90/2000] ; used: 1m:34s; eta: 33m:13s; loss = 0.015071; ['mse_0=0.001948; ', 'lpips_0=0.004254; ', 'codec_recon_0=0.019365; ', 'bpp_0=6.193066; ', 'mse_1=0.001586; ', 'lpips_1=0.003697; ', 'codec_recon_1=0.350346; ', 'bpp_1=0.299705; ', 'mse_2=0.001115; ', 'lpips_2=0.002469; ', 'codec_recon_2=0.076025; ', 'bpp_2=0.280277; ']
train step[91/2000] ; used: 1m:36s; eta: 33m:12s; loss = 0.029005; ['mse_0=0.003328; ', 'lpips_0=0.007227; ', 'codec_recon_0=0.021460; ', 'bpp_0=6.093204; ', 'mse_1=0.002978; ', 'lpips_1=0.006519; ', 'codec_recon_1=0.302251; ', 'bpp_1=0.297995; ', 'mse_2=0.002866; ', 'lpips_2=0.006087; ', 'codec_recon_2=0.080821; ', 'bpp_2=0.278085; ']
train step[92/2000] ; used: 1m:37s; eta: 33m:17s; loss = 0.012259; ['mse_0=0.000888; ', 'lpips_0=0.003668; ', 'codec_recon_0=0.023930; ', 'bpp_0=5.834505; ', 'mse_1=0.000832; ', 'lpips_1=0.003196; ', 'codec_recon_1=0.243490; ', 'bpp_1=0.289702; ', 'mse_2=0.000791; ', 'lpips_2=0.002885; ', 'codec_recon_2=0.081648; ', 'bpp_2=0.266696; ']
train step[93/2000] ; used: 1m:38s; eta: 33m:15s; loss = 0.013496; ['mse_0=0.000862; ', 'lpips_0=0.004271; ', 'codec_recon_0=0.021915; ', 'bpp_0=5.571639; ', 'mse_1=0.000734; ', 'lpips_1=0.003707; ', 'codec_recon_1=0.256353; ', 'bpp_1=0.284738; ', 'mse_2=0.000655; ', 'lpips_2=0.003267; ', 'codec_recon_2=0.071620; ', 'bpp_2=0.262064; ']
train step[94/2000] ; used: 1m:39s; eta: 33m:14s; loss = 0.010876; ['mse_0=0.000667; ', 'lpips_0=0.003462; ', 'codec_recon_0=0.018639; ', 'bpp_0=5.793341; ', 'mse_1=0.000579; ', 'lpips_1=0.003001; ', 'codec_recon_1=0.256148; ', 'bpp_1=0.289949; ', 'mse_2=0.000527; ', 'lpips_2=0.002641; ', 'codec_recon_2=0.078454; ', 'bpp_2=0.265635; ']
train step[95/2000] ; used: 1m:40s; eta: 33m:12s; loss = 0.011674; ['mse_0=0.000615; ', 'lpips_0=0.003811; ', 'codec_recon_0=0.020331; ', 'bpp_0=5.939639; ', 'mse_1=0.000521; ', 'lpips_1=0.003347; ', 'codec_recon_1=0.271753; ', 'bpp_1=0.294073; ', 'mse_2=0.000433; ', 'lpips_2=0.002947; ', 'codec_recon_2=0.080236; ', 'bpp_2=0.271593; ']
train step[96/2000] ; used: 1m:41s; eta: 33m:11s; loss = 0.033188; ['mse_0=0.004124; ', 'lpips_0=0.007523; ', 'codec_recon_0=0.019499; ', 'bpp_0=6.008088; ', 'mse_1=0.004065; ', 'lpips_1=0.006986; ', 'codec_recon_1=0.303981; ', 'bpp_1=0.295002; ', 'mse_2=0.003978; ', 'lpips_2=0.006513; ', 'codec_recon_2=0.074336; ', 'bpp_2=0.276380; ']
train step[97/2000] ; used: 1m:42s; eta: 33m:9s; loss = 0.019696; ['mse_0=0.002051; ', 'lpips_0=0.005767; ', 'codec_recon_0=0.018319; ', 'bpp_0=6.130000; ', 'mse_1=0.001692; ', 'lpips_1=0.005286; ', 'codec_recon_1=0.372176; ', 'bpp_1=0.297564; ', 'mse_2=0.001137; ', 'lpips_2=0.003762; ', 'codec_recon_2=0.076431; ', 'bpp_2=0.279040; ']
train step[98/2000] ; used: 1m:43s; eta: 33m:8s; loss = 0.010443; ['mse_0=0.000546; ', 'lpips_0=0.003501; ', 'codec_recon_0=0.017001; ', 'bpp_0=5.896935; ', 'mse_1=0.000418; ', 'lpips_1=0.002990; ', 'codec_recon_1=0.273103; ', 'bpp_1=0.293059; ', 'mse_2=0.000350; ', 'lpips_2=0.002637; ', 'codec_recon_2=0.082040; ', 'bpp_2=0.269113; ']
train step[99/2000] ; used: 1m:44s; eta: 33m:6s; loss = 0.017066; ['mse_0=0.001859; ', 'lpips_0=0.004637; ', 'codec_recon_0=0.019522; ', 'bpp_0=6.070564; ', 'mse_1=0.001728; ', 'lpips_1=0.003949; ', 'codec_recon_1=0.302399; ', 'bpp_1=0.294609; ', 'mse_2=0.001672; ', 'lpips_2=0.003221; ', 'codec_recon_2=0.080276; ', 'bpp_2=0.274787; ']
train step[100/2000] ; used: 1m:45s; eta: 33m:5s; loss = 0.016225; ['mse_0=0.001106; ', 'lpips_0=0.004983; ', 'codec_recon_0=0.018487; ', 'bpp_0=6.139299; ', 'mse_1=0.000933; ', 'lpips_1=0.004437; ', 'codec_recon_1=0.299361; ', 'bpp_1=0.297435; ', 'mse_2=0.000796; ', 'lpips_2=0.003971; ', 'codec_recon_2=0.093389; ', 'bpp_2=0.275010; ']
train step[101/2000] ; used: 1m:46s; eta: 33m:4s; loss = 0.008771; ['mse_0=0.000628; ', 'lpips_0=0.002885; ', 'codec_recon_0=0.019940; ', 'bpp_0=6.026923; ', 'mse_1=0.000454; ', 'lpips_1=0.002344; ', 'codec_recon_1=0.258391; ', 'bpp_1=0.294118; ', 'mse_2=0.000392; ', 'lpips_2=0.002069; ', 'codec_recon_2=0.072584; ', 'bpp_2=0.270951; ']
train step[102/2000] ; used: 1m:47s; eta: 33m:3s; loss = 0.014242; ['mse_0=0.001822; ', 'lpips_0=0.003813; ', 'codec_recon_0=0.018826; ', 'bpp_0=6.180412; ', 'mse_1=0.001574; ', 'lpips_1=0.003204; ', 'codec_recon_1=0.304656; ', 'bpp_1=0.296754; ', 'mse_2=0.001257; ', 'lpips_2=0.002571; ', 'codec_recon_2=0.069143; ', 'bpp_2=0.276846; ']
train step[103/2000] ; used: 1m:48s; eta: 33m:1s; loss = 0.009270; ['mse_0=0.000524; ', 'lpips_0=0.003076; ', 'codec_recon_0=0.019478; ', 'bpp_0=5.830889; ', 'mse_1=0.000455; ', 'lpips_1=0.002594; ', 'codec_recon_1=0.270280; ', 'bpp_1=0.290412; ', 'mse_2=0.000364; ', 'lpips_2=0.002257; ', 'codec_recon_2=0.074927; ', 'bpp_2=0.268630; ']
train step[104/2000] ; used: 1m:49s; eta: 33m; loss = 0.014638; ['mse_0=0.000892; ', 'lpips_0=0.004357; ', 'codec_recon_0=0.024944; ', 'bpp_0=5.989322; ', 'mse_1=0.000839; ', 'lpips_1=0.004030; ', 'codec_recon_1=0.276572; ', 'bpp_1=0.293461; ', 'mse_2=0.000796; ', 'lpips_2=0.003724; ', 'codec_recon_2=0.094920; ', 'bpp_2=0.270277; ']
train step[105/2000] ; used: 1m:50s; eta: 32m:59s; loss = 0.012846; ['mse_0=0.000917; ', 'lpips_0=0.004058; ', 'codec_recon_0=0.018186; ', 'bpp_0=6.038134; ', 'mse_1=0.000754; ', 'lpips_1=0.003534; ', 'codec_recon_1=0.308443; ', 'bpp_1=0.294866; ', 'mse_2=0.000595; ', 'lpips_2=0.002988; ', 'codec_recon_2=0.083101; ', 'bpp_2=0.273173; ']
train step[106/2000] ; used: 1m:51s; eta: 32m:58s; loss = 0.014479; ['mse_0=0.001116; ', 'lpips_0=0.004639; ', 'codec_recon_0=0.022082; ', 'bpp_0=5.912107; ', 'mse_1=0.000913; ', 'lpips_1=0.003957; ', 'codec_recon_1=0.346580; ', 'bpp_1=0.292759; ', 'mse_2=0.000742; ', 'lpips_2=0.003111; ', 'codec_recon_2=0.086660; ', 'bpp_2=0.272980; ']
train step[107/2000] ; used: 1m:52s; eta: 32m:56s; loss = 0.019188; ['mse_0=0.002467; ', 'lpips_0=0.004705; ', 'codec_recon_0=0.020077; ', 'bpp_0=5.740224; ', 'mse_1=0.002218; ', 'lpips_1=0.004097; ', 'codec_recon_1=0.288778; ', 'bpp_1=0.289318; ', 'mse_2=0.002023; ', 'lpips_2=0.003679; ', 'codec_recon_2=0.067653; ', 'bpp_2=0.267925; ']
train step[108/2000] ; used: 1m:53s; eta: 32m:55s; loss = 0.016331; ['mse_0=0.001771; ', 'lpips_0=0.004244; ', 'codec_recon_0=0.018006; ', 'bpp_0=5.928629; ', 'mse_1=0.001576; ', 'lpips_1=0.003820; ', 'codec_recon_1=0.287215; ', 'bpp_1=0.293302; ', 'mse_2=0.001469; ', 'lpips_2=0.003452; ', 'codec_recon_2=0.075582; ', 'bpp_2=0.271994; ']
train step[109/2000] ; used: 1m:54s; eta: 32m:54s; loss = 0.008563; ['mse_0=0.000381; ', 'lpips_0=0.002964; ', 'codec_recon_0=0.020380; ', 'bpp_0=5.825982; ', 'mse_1=0.000313; ', 'lpips_1=0.002485; ', 'codec_recon_1=0.264289; ', 'bpp_1=0.288438; ', 'mse_2=0.000262; ', 'lpips_2=0.002158; ', 'codec_recon_2=0.080250; ', 'bpp_2=0.264626; ']
Skipped bad example 1c46c37d7928785e. Context shape was torch.Size([2, 3, 338, 640]) and target shape was torch.Size([4, 3, 338, 640]).
train step[110/2000] ; used: 1m:55s; eta: 32m:53s; loss = 0.034368; ['mse_0=0.003810; ', 'lpips_0=0.009125; ', 'codec_recon_0=0.018989; ', 'bpp_0=6.333151; ', 'mse_1=0.003398; ', 'lpips_1=0.008436; ', 'codec_recon_1=0.423679; ', 'bpp_1=0.301077; ', 'mse_2=0.002841; ', 'lpips_2=0.006758; ', 'codec_recon_2=0.084175; ', 'bpp_2=0.284992; ']
train step[111/2000] ; used: 1m:56s; eta: 32m:52s; loss = 0.020150; ['mse_0=0.001699; ', 'lpips_0=0.006420; ', 'codec_recon_0=0.018626; ', 'bpp_0=6.202373; ', 'mse_1=0.001414; ', 'lpips_1=0.005501; ', 'codec_recon_1=0.385389; ', 'bpp_1=0.299022; ', 'mse_2=0.000960; ', 'lpips_2=0.004156; ', 'codec_recon_2=0.079952; ', 'bpp_2=0.280894; ']
train step[112/2000] ; used: 1m:57s; eta: 32m:50s; loss = 0.013729; ['mse_0=0.000762; ', 'lpips_0=0.004310; ', 'codec_recon_0=0.019708; ', 'bpp_0=5.811369; ', 'mse_1=0.000663; ', 'lpips_1=0.003906; ', 'codec_recon_1=0.287850; ', 'bpp_1=0.289553; ', 'mse_2=0.000559; ', 'lpips_2=0.003528; ', 'codec_recon_2=0.075388; ', 'bpp_2=0.268333; ']
train step[113/2000] ; used: 1m:59s; eta: 32m:49s; loss = 0.010894; ['mse_0=0.001048; ', 'lpips_0=0.003236; ', 'codec_recon_0=0.019379; ', 'bpp_0=6.129170; ', 'mse_1=0.000855; ', 'lpips_1=0.002720; ', 'codec_recon_1=0.272391; ', 'bpp_1=0.296027; ', 'mse_2=0.000719; ', 'lpips_2=0.002316; ', 'codec_recon_2=0.083708; ', 'bpp_2=0.274497; ']
train step[114/2000] ; used: 2m; eta: 32m:48s; loss = 0.014044; ['mse_0=0.000400; ', 'lpips_0=0.004899; ', 'codec_recon_0=0.020844; ', 'bpp_0=5.812258; ', 'mse_1=0.000324; ', 'lpips_1=0.004311; ', 'codec_recon_1=0.286234; ', 'bpp_1=0.288152; ', 'mse_2=0.000253; ', 'lpips_2=0.003857; ', 'codec_recon_2=0.073953; ', 'bpp_2=0.267590; ']
train step[115/2000] ; used: 2m:1s; eta: 32m:47s; loss = 0.014395; ['mse_0=0.001367; ', 'lpips_0=0.004175; ', 'codec_recon_0=0.016971; ', 'bpp_0=5.985841; ', 'mse_1=0.001185; ', 'lpips_1=0.003611; ', 'codec_recon_1=0.288457; ', 'bpp_1=0.293124; ', 'mse_2=0.000955; ', 'lpips_2=0.003102; ', 'codec_recon_2=0.074966; ', 'bpp_2=0.270044; ']
train step[116/2000] ; used: 2m:2s; eta: 32m:46s; loss = 0.014761; ['mse_0=0.001598; ', 'lpips_0=0.004056; ', 'codec_recon_0=0.025482; ', 'bpp_0=5.736199; ', 'mse_1=0.001321; ', 'lpips_1=0.003460; ', 'codec_recon_1=0.257314; ', 'bpp_1=0.289174; ', 'mse_2=0.001175; ', 'lpips_2=0.003151; ', 'codec_recon_2=0.075869; ', 'bpp_2=0.266180; ']
train step[117/2000] ; used: 2m:3s; eta: 32m:45s; loss = 0.015200; ['mse_0=0.001004; ', 'lpips_0=0.004944; ', 'codec_recon_0=0.018209; ', 'bpp_0=6.208550; ', 'mse_1=0.000844; ', 'lpips_1=0.004205; ', 'codec_recon_1=0.343757; ', 'bpp_1=0.295824; ', 'mse_2=0.000693; ', 'lpips_2=0.003511; ', 'codec_recon_2=0.089937; ', 'bpp_2=0.276049; ']
train step[118/2000] ; used: 2m:4s; eta: 32m:43s; loss = 0.016561; ['mse_0=0.001088; ', 'lpips_0=0.005108; ', 'codec_recon_0=0.022130; ', 'bpp_0=5.791539; ', 'mse_1=0.000944; ', 'lpips_1=0.004527; ', 'codec_recon_1=0.303217; ', 'bpp_1=0.290998; ', 'mse_2=0.000843; ', 'lpips_2=0.004052; ', 'codec_recon_2=0.080725; ', 'bpp_2=0.268549; ']
train step[119/2000] ; used: 2m:5s; eta: 32m:42s; loss = 0.015621; ['mse_0=0.001387; ', 'lpips_0=0.004614; ', 'codec_recon_0=0.022276; ', 'bpp_0=5.880056; ', 'mse_1=0.001140; ', 'lpips_1=0.003928; ', 'codec_recon_1=0.293872; ', 'bpp_1=0.293104; ', 'mse_2=0.001006; ', 'lpips_2=0.003545; ', 'codec_recon_2=0.076342; ', 'bpp_2=0.272495; ']
train step[120/2000] ; used: 2m:6s; eta: 32m:41s; loss = 0.018565; ['mse_0=0.002250; ', 'lpips_0=0.004589; ', 'codec_recon_0=0.018817; ', 'bpp_0=6.087328; ', 'mse_1=0.002047; ', 'lpips_1=0.004054; ', 'codec_recon_1=0.298661; ', 'bpp_1=0.295966; ', 'mse_2=0.001985; ', 'lpips_2=0.003641; ', 'codec_recon_2=0.083207; ', 'bpp_2=0.275391; ']
train step[121/2000] ; used: 2m:7s; eta: 32m:40s; loss = 0.018016; ['mse_0=0.001151; ', 'lpips_0=0.005906; ', 'codec_recon_0=0.020773; ', 'bpp_0=6.014054; ', 'mse_1=0.000964; ', 'lpips_1=0.005305; ', 'codec_recon_1=0.341509; ', 'bpp_1=0.292951; ', 'mse_2=0.000766; ', 'lpips_2=0.003924; ', 'codec_recon_2=0.089799; ', 'bpp_2=0.274164; ']
train step[122/2000] ; used: 2m:8s; eta: 32m:38s; loss = 0.008961; ['mse_0=0.000532; ', 'lpips_0=0.003145; ', 'codec_recon_0=0.018962; ', 'bpp_0=6.042243; ', 'mse_1=0.000426; ', 'lpips_1=0.002622; ', 'codec_recon_1=0.320666; ', 'bpp_1=0.295121; ', 'mse_2=0.000252; ', 'lpips_2=0.001983; ', 'codec_recon_2=0.084620; ', 'bpp_2=0.272675; ']
train step[123/2000] ; used: 2m:9s; eta: 32m:38s; loss = 0.007839; ['mse_0=0.000303; ', 'lpips_0=0.002819; ', 'codec_recon_0=0.018632; ', 'bpp_0=6.022822; ', 'mse_1=0.000219; ', 'lpips_1=0.002311; ', 'codec_recon_1=0.272084; ', 'bpp_1=0.293062; ', 'mse_2=0.000175; ', 'lpips_2=0.002012; ', 'codec_recon_2=0.092621; ', 'bpp_2=0.271470; ']
train step[124/2000] ; used: 2m:10s; eta: 32m:37s; loss = 0.012119; ['mse_0=0.000662; ', 'lpips_0=0.003963; ', 'codec_recon_0=0.020144; ', 'bpp_0=5.974286; ', 'mse_1=0.000532; ', 'lpips_1=0.003426; ', 'codec_recon_1=0.258186; ', 'bpp_1=0.293426; ', 'mse_2=0.000460; ', 'lpips_2=0.003075; ', 'codec_recon_2=0.081524; ', 'bpp_2=0.271584; ']
train step[125/2000] ; used: 2m:11s; eta: 32m:36s; loss = 0.011783; ['mse_0=0.000881; ', 'lpips_0=0.003644; ', 'codec_recon_0=0.018919; ', 'bpp_0=6.038310; ', 'mse_1=0.000756; ', 'lpips_1=0.003084; ', 'codec_recon_1=0.263971; ', 'bpp_1=0.295441; ', 'mse_2=0.000683; ', 'lpips_2=0.002735; ', 'codec_recon_2=0.078645; ', 'bpp_2=0.274588; ']
train step[126/2000] ; used: 2m:12s; eta: 32m:35s; loss = 0.018119; ['mse_0=0.001852; ', 'lpips_0=0.005022; ', 'codec_recon_0=0.018912; ', 'bpp_0=6.096735; ', 'mse_1=0.001570; ', 'lpips_1=0.004398; ', 'codec_recon_1=0.315531; ', 'bpp_1=0.296504; ', 'mse_2=0.001437; ', 'lpips_2=0.003840; ', 'codec_recon_2=0.082349; ', 'bpp_2=0.277317; ']
train step[127/2000] ; used: 2m:13s; eta: 32m:34s; loss = 0.012767; ['mse_0=0.001199; ', 'lpips_0=0.003669; ', 'codec_recon_0=0.024958; ', 'bpp_0=5.788651; ', 'mse_1=0.001002; ', 'lpips_1=0.003136; ', 'codec_recon_1=0.261855; ', 'bpp_1=0.291163; ', 'mse_2=0.000950; ', 'lpips_2=0.002811; ', 'codec_recon_2=0.083569; ', 'bpp_2=0.266875; ']
train step[128/2000] ; used: 2m:14s; eta: 32m:33s; loss = 0.017638; ['mse_0=0.002075; ', 'lpips_0=0.004863; ', 'codec_recon_0=0.016949; ', 'bpp_0=6.037018; ', 'mse_1=0.001681; ', 'lpips_1=0.004444; ', 'codec_recon_1=0.341562; ', 'bpp_1=0.297788; ', 'mse_2=0.001233; ', 'lpips_2=0.003343; ', 'codec_recon_2=0.069578; ', 'bpp_2=0.277032; ']
train step[129/2000] ; used: 2m:15s; eta: 32m:32s; loss = 0.020750; ['mse_0=0.001444; ', 'lpips_0=0.006227; ', 'codec_recon_0=0.024010; ', 'bpp_0=6.110507; ', 'mse_1=0.001312; ', 'lpips_1=0.005525; ', 'codec_recon_1=0.334102; ', 'bpp_1=0.294826; ', 'mse_2=0.001246; ', 'lpips_2=0.004996; ', 'codec_recon_2=0.089297; ', 'bpp_2=0.275853; ']
train step[130/2000] ; used: 2m:16s; eta: 32m:31s; loss = 0.017969; ['mse_0=0.001714; ', 'lpips_0=0.004928; ', 'codec_recon_0=0.017255; ', 'bpp_0=5.910807; ', 'mse_1=0.001581; ', 'lpips_1=0.004382; ', 'codec_recon_1=0.318459; ', 'bpp_1=0.292696; ', 'mse_2=0.001537; ', 'lpips_2=0.003827; ', 'codec_recon_2=0.081805; ', 'bpp_2=0.270432; ']
train step[131/2000] ; used: 2m:17s; eta: 32m:30s; loss = 0.027850; ['mse_0=0.004803; ', 'lpips_0=0.005264; ', 'codec_recon_0=0.020038; ', 'bpp_0=6.120347; ', 'mse_1=0.004395; ', 'lpips_1=0.004679; ', 'codec_recon_1=0.293420; ', 'bpp_1=0.297273; ', 'mse_2=0.004393; ', 'lpips_2=0.004316; ', 'codec_recon_2=0.077182; ', 'bpp_2=0.278306; ']
Skipped bad example d9dc27d0e5121b5a. Context shape was torch.Size([2, 3, 270, 640]) and target shape was torch.Size([4, 3, 270, 640]).
train step[132/2000] ; used: 2m:18s; eta: 32m:29s; loss = 0.012182; ['mse_0=0.001309; ', 'lpips_0=0.003855; ', 'codec_recon_0=0.016754; ', 'bpp_0=6.258279; ', 'mse_1=0.000982; ', 'lpips_1=0.003106; ', 'codec_recon_1=0.295729; ', 'bpp_1=0.300371; ', 'mse_2=0.000664; ', 'lpips_2=0.002267; ', 'codec_recon_2=0.079985; ', 'bpp_2=0.280242; ']
train step[133/2000] ; used: 2m:19s; eta: 32m:28s; loss = 0.009365; ['mse_0=0.000777; ', 'lpips_0=0.002970; ', 'codec_recon_0=0.018165; ', 'bpp_0=6.054793; ', 'mse_1=0.000607; ', 'lpips_1=0.002591; ', 'codec_recon_1=0.294539; ', 'bpp_1=0.295881; ', 'mse_2=0.000440; ', 'lpips_2=0.001979; ', 'codec_recon_2=0.080671; ', 'bpp_2=0.273258; ']
train step[134/2000] ; used: 2m:20s; eta: 32m:27s; loss = 0.015105; ['mse_0=0.001646; ', 'lpips_0=0.004200; ', 'codec_recon_0=0.023529; ', 'bpp_0=6.001414; ', 'mse_1=0.001375; ', 'lpips_1=0.003476; ', 'codec_recon_1=0.303151; ', 'bpp_1=0.296501; ', 'mse_2=0.001299; ', 'lpips_2=0.003109; ', 'codec_recon_2=0.073951; ', 'bpp_2=0.277083; ']
train step[135/2000] ; used: 2m:21s; eta: 32m:26s; loss = 0.011335; ['mse_0=0.000816; ', 'lpips_0=0.003664; ', 'codec_recon_0=0.019379; ', 'bpp_0=6.147157; ', 'mse_1=0.000659; ', 'lpips_1=0.003029; ', 'codec_recon_1=0.298275; ', 'bpp_1=0.296610; ', 'mse_2=0.000528; ', 'lpips_2=0.002639; ', 'codec_recon_2=0.088640; ', 'bpp_2=0.274212; ']
train step[136/2000] ; used: 2m:22s; eta: 32m:24s; loss = 0.025616; ['mse_0=0.002667; ', 'lpips_0=0.006783; ', 'codec_recon_0=0.019886; ', 'bpp_0=6.158872; ', 'mse_1=0.002359; ', 'lpips_1=0.006126; ', 'codec_recon_1=0.305607; ', 'bpp_1=0.298828; ', 'mse_2=0.002220; ', 'lpips_2=0.005462; ', 'codec_recon_2=0.090709; ', 'bpp_2=0.280538; ']
train step[137/2000] ; used: 2m:23s; eta: 32m:23s; loss = 0.011197; ['mse_0=0.000769; ', 'lpips_0=0.003689; ', 'codec_recon_0=0.021000; ', 'bpp_0=5.864935; ', 'mse_1=0.000638; ', 'lpips_1=0.003095; ', 'codec_recon_1=0.275886; ', 'bpp_1=0.290067; ', 'mse_2=0.000489; ', 'lpips_2=0.002517; ', 'codec_recon_2=0.088725; ', 'bpp_2=0.266097; ']
train step[138/2000] ; used: 2m:25s; eta: 32m:22s; loss = 0.011771; ['mse_0=0.000875; ', 'lpips_0=0.003576; ', 'codec_recon_0=0.018221; ', 'bpp_0=6.025994; ', 'mse_1=0.000721; ', 'lpips_1=0.003150; ', 'codec_recon_1=0.259553; ', 'bpp_1=0.295523; ', 'mse_2=0.000623; ', 'lpips_2=0.002826; ', 'codec_recon_2=0.074694; ', 'bpp_2=0.272539; ']
train step[139/2000] ; used: 2m:26s; eta: 32m:21s; loss = 0.015651; ['mse_0=0.001147; ', 'lpips_0=0.004754; ', 'codec_recon_0=0.021737; ', 'bpp_0=6.009370; ', 'mse_1=0.001057; ', 'lpips_1=0.004165; ', 'codec_recon_1=0.299946; ', 'bpp_1=0.293672; ', 'mse_2=0.000945; ', 'lpips_2=0.003582; ', 'codec_recon_2=0.087777; ', 'bpp_2=0.272465; ']
train step[140/2000] ; used: 2m:27s; eta: 32m:24s; loss = 0.014161; ['mse_0=0.001125; ', 'lpips_0=0.004083; ', 'codec_recon_0=0.021831; ', 'bpp_0=6.015260; ', 'mse_1=0.001018; ', 'lpips_1=0.003593; ', 'codec_recon_1=0.286791; ', 'bpp_1=0.291757; ', 'mse_2=0.000978; ', 'lpips_2=0.003364; ', 'codec_recon_2=0.093952; ', 'bpp_2=0.271684; ']
train step[141/2000] ; used: 2m:28s; eta: 32m:22s; loss = 0.013482; ['mse_0=0.000992; ', 'lpips_0=0.003931; ', 'codec_recon_0=0.026078; ', 'bpp_0=5.824770; ', 'mse_1=0.000937; ', 'lpips_1=0.003503; ', 'codec_recon_1=0.264830; ', 'bpp_1=0.291947; ', 'mse_2=0.000843; ', 'lpips_2=0.003274; ', 'codec_recon_2=0.080707; ', 'bpp_2=0.268674; ']
train step[142/2000] ; used: 2m:29s; eta: 32m:21s; loss = 0.022052; ['mse_0=0.001647; ', 'lpips_0=0.006530; ', 'codec_recon_0=0.020608; ', 'bpp_0=6.118336; ', 'mse_1=0.001450; ', 'lpips_1=0.005917; ', 'codec_recon_1=0.338228; ', 'bpp_1=0.297633; ', 'mse_2=0.001255; ', 'lpips_2=0.005253; ', 'codec_recon_2=0.088134; ', 'bpp_2=0.279212; ']
train step[143/2000] ; used: 2m:30s; eta: 32m:20s; loss = 0.013552; ['mse_0=0.000783; ', 'lpips_0=0.004435; ', 'codec_recon_0=0.019450; ', 'bpp_0=6.058238; ', 'mse_1=0.000638; ', 'lpips_1=0.004020; ', 'codec_recon_1=0.329014; ', 'bpp_1=0.295455; ', 'mse_2=0.000376; ', 'lpips_2=0.003301; ', 'codec_recon_2=0.080936; ', 'bpp_2=0.276059; ']
train step[144/2000] ; used: 2m:31s; eta: 32m:19s; loss = 0.013546; ['mse_0=0.000616; ', 'lpips_0=0.004398; ', 'codec_recon_0=0.019172; ', 'bpp_0=5.729665; ', 'mse_1=0.000507; ', 'lpips_1=0.003879; ', 'codec_recon_1=0.235011; ', 'bpp_1=0.288479; ', 'mse_2=0.000457; ', 'lpips_2=0.003688; ', 'codec_recon_2=0.070919; ', 'bpp_2=0.266599; ']
train step[145/2000] ; used: 2m:32s; eta: 32m:17s; loss = 0.014032; ['mse_0=0.000966; ', 'lpips_0=0.004299; ', 'codec_recon_0=0.020288; ', 'bpp_0=6.006394; ', 'mse_1=0.000835; ', 'lpips_1=0.003750; ', 'codec_recon_1=0.289165; ', 'bpp_1=0.294813; ', 'mse_2=0.000767; ', 'lpips_2=0.003414; ', 'codec_recon_2=0.076678; ', 'bpp_2=0.273465; ']
train step[146/2000] ; used: 2m:33s; eta: 32m:16s; loss = 0.008323; ['mse_0=0.000520; ', 'lpips_0=0.002898; ', 'codec_recon_0=0.018606; ', 'bpp_0=5.920810; ', 'mse_1=0.000373; ', 'lpips_1=0.002313; ', 'codec_recon_1=0.268715; ', 'bpp_1=0.292473; ', 'mse_2=0.000280; ', 'lpips_2=0.001940; ', 'codec_recon_2=0.072977; ', 'bpp_2=0.269401; ']
train step[147/2000] ; used: 2m:34s; eta: 32m:15s; loss = 0.019478; ['mse_0=0.001041; ', 'lpips_0=0.006455; ', 'codec_recon_0=0.021569; ', 'bpp_0=5.984281; ', 'mse_1=0.000882; ', 'lpips_1=0.005656; ', 'codec_recon_1=0.383998; ', 'bpp_1=0.292958; ', 'mse_2=0.000702; ', 'lpips_2=0.004743; ', 'codec_recon_2=0.081719; ', 'bpp_2=0.276262; ']
train step[148/2000] ; used: 2m:35s; eta: 32m:14s; loss = 0.013877; ['mse_0=0.001652; ', 'lpips_0=0.003848; ', 'codec_recon_0=0.020130; ', 'bpp_0=5.969798; ', 'mse_1=0.001346; ', 'lpips_1=0.003217; ', 'codec_recon_1=0.305269; ', 'bpp_1=0.294776; ', 'mse_2=0.001167; ', 'lpips_2=0.002647; ', 'codec_recon_2=0.079185; ', 'bpp_2=0.273389; ']
train step[149/2000] ; used: 2m:36s; eta: 32m:13s; loss = 0.013421; ['mse_0=0.001922; ', 'lpips_0=0.003582; ', 'codec_recon_0=0.020174; ', 'bpp_0=6.002192; ', 'mse_1=0.001537; ', 'lpips_1=0.002809; ', 'codec_recon_1=0.303228; ', 'bpp_1=0.295767; ', 'mse_2=0.001316; ', 'lpips_2=0.002255; ', 'codec_recon_2=0.077985; ', 'bpp_2=0.274174; ']
train step[150/2000] ; used: 2m:37s; eta: 32m:11s; loss = 0.016991; ['mse_0=0.000964; ', 'lpips_0=0.005357; ', 'codec_recon_0=0.025416; ', 'bpp_0=5.937003; ', 'mse_1=0.000802; ', 'lpips_1=0.004715; ', 'codec_recon_1=0.304984; ', 'bpp_1=0.293460; ', 'mse_2=0.000739; ', 'lpips_2=0.004414; ', 'codec_recon_2=0.092771; ', 'bpp_2=0.273217; ']
train step[151/2000] ; used: 2m:38s; eta: 32m:10s; loss = 0.016646; ['mse_0=0.002375; ', 'lpips_0=0.004459; ', 'codec_recon_0=0.016841; ', 'bpp_0=6.126763; ', 'mse_1=0.001958; ', 'lpips_1=0.003798; ', 'codec_recon_1=0.346795; ', 'bpp_1=0.298292; ', 'mse_2=0.001402; ', 'lpips_2=0.002655; ', 'codec_recon_2=0.070382; ', 'bpp_2=0.281344; ']
train step[152/2000] ; used: 2m:39s; eta: 32m:9s; loss = 0.016491; ['mse_0=0.001602; ', 'lpips_0=0.004910; ', 'codec_recon_0=0.019368; ', 'bpp_0=6.132428; ', 'mse_1=0.001350; ', 'lpips_1=0.004237; ', 'codec_recon_1=0.336653; ', 'bpp_1=0.295631; ', 'mse_2=0.001009; ', 'lpips_2=0.003383; ', 'codec_recon_2=0.079129; ', 'bpp_2=0.275513; ']
train step[153/2000] ; used: 2m:40s; eta: 32m:7s; loss = 0.017442; ['mse_0=0.002042; ', 'lpips_0=0.004782; ', 'codec_recon_0=0.024149; ', 'bpp_0=6.199477; ', 'mse_1=0.001722; ', 'lpips_1=0.003923; ', 'codec_recon_1=0.318945; ', 'bpp_1=0.299062; ', 'mse_2=0.001603; ', 'lpips_2=0.003370; ', 'codec_recon_2=0.091127; ', 'bpp_2=0.279948; ']
train step[154/2000] ; used: 2m:41s; eta: 32m:6s; loss = 0.021399; ['mse_0=0.001646; ', 'lpips_0=0.006039; ', 'codec_recon_0=0.023650; ', 'bpp_0=5.847867; ', 'mse_1=0.001478; ', 'lpips_1=0.005541; ', 'codec_recon_1=0.265918; ', 'bpp_1=0.291928; ', 'mse_2=0.001406; ', 'lpips_2=0.005290; ', 'codec_recon_2=0.078639; ', 'bpp_2=0.271185; ']
train step[155/2000] ; used: 2m:42s; eta: 32m:5s; loss = 0.013487; ['mse_0=0.000831; ', 'lpips_0=0.004273; ', 'codec_recon_0=0.019343; ', 'bpp_0=5.921076; ', 'mse_1=0.000680; ', 'lpips_1=0.003718; ', 'codec_recon_1=0.298591; ', 'bpp_1=0.292626; ', 'mse_2=0.000575; ', 'lpips_2=0.003410; ', 'codec_recon_2=0.079126; ', 'bpp_2=0.272516; ']
train step[156/2000] ; used: 2m:43s; eta: 32m:4s; loss = 0.018176; ['mse_0=0.002107; ', 'lpips_0=0.004849; ', 'codec_recon_0=0.034196; ', 'bpp_0=5.938158; ', 'mse_1=0.001869; ', 'lpips_1=0.004116; ', 'codec_recon_1=0.313920; ', 'bpp_1=0.296689; ', 'mse_2=0.001754; ', 'lpips_2=0.003482; ', 'codec_recon_2=0.094993; ', 'bpp_2=0.274594; ']
train step[157/2000] ; used: 2m:44s; eta: 32m:2s; loss = 0.020939; ['mse_0=0.001645; ', 'lpips_0=0.005952; ', 'codec_recon_0=0.020699; ', 'bpp_0=5.957453; ', 'mse_1=0.001468; ', 'lpips_1=0.005327; ', 'codec_recon_1=0.280536; ', 'bpp_1=0.292459; ', 'mse_2=0.001442; ', 'lpips_2=0.005105; ', 'codec_recon_2=0.084417; ', 'bpp_2=0.272354; ']
train step[158/2000] ; used: 2m:45s; eta: 32m:1s; loss = 0.013271; ['mse_0=0.001002; ', 'lpips_0=0.004133; ', 'codec_recon_0=0.019373; ', 'bpp_0=5.913260; ', 'mse_1=0.000846; ', 'lpips_1=0.003511; ', 'codec_recon_1=0.281321; ', 'bpp_1=0.293939; ', 'mse_2=0.000719; ', 'lpips_2=0.003060; ', 'codec_recon_2=0.074933; ', 'bpp_2=0.274728; ']
train step[159/2000] ; used: 2m:46s; eta: 32m; loss = 0.016537; ['mse_0=0.001415; ', 'lpips_0=0.005145; ', 'codec_recon_0=0.021634; ', 'bpp_0=5.999507; ', 'mse_1=0.001092; ', 'lpips_1=0.004363; ', 'codec_recon_1=0.334443; ', 'bpp_1=0.295379; ', 'mse_2=0.000861; ', 'lpips_2=0.003661; ', 'codec_recon_2=0.080260; ', 'bpp_2=0.276061; ']
train step[160/2000] ; used: 2m:47s; eta: 31m:59s; loss = 0.023037; ['mse_0=0.002824; ', 'lpips_0=0.005857; ', 'codec_recon_0=0.019433; ', 'bpp_0=6.274368; ', 'mse_1=0.002565; ', 'lpips_1=0.005177; ', 'codec_recon_1=0.357713; ', 'bpp_1=0.300712; ', 'mse_2=0.002368; ', 'lpips_2=0.004246; ', 'codec_recon_2=0.081008; ', 'bpp_2=0.282260; ']
train step[161/2000] ; used: 2m:48s; eta: 31m:58s; loss = 0.014939; ['mse_0=0.000480; ', 'lpips_0=0.005392; ', 'codec_recon_0=0.026069; ', 'bpp_0=6.145314; ', 'mse_1=0.000361; ', 'lpips_1=0.004467; ', 'codec_recon_1=0.361223; ', 'bpp_1=0.295327; ', 'mse_2=0.000321; ', 'lpips_2=0.003918; ', 'codec_recon_2=0.107045; ', 'bpp_2=0.275465; ']
train step[162/2000] ; used: 2m:50s; eta: 31m:57s; loss = 0.019123; ['mse_0=0.002635; ', 'lpips_0=0.004627; ', 'codec_recon_0=0.023255; ', 'bpp_0=6.096900; ', 'mse_1=0.002389; ', 'lpips_1=0.004073; ', 'codec_recon_1=0.324576; ', 'bpp_1=0.297529; ', 'mse_2=0.002188; ', 'lpips_2=0.003211; ', 'codec_recon_2=0.088896; ', 'bpp_2=0.277582; ']
train step[163/2000] ; used: 2m:51s; eta: 31m:55s; loss = 0.014233; ['mse_0=0.000878; ', 'lpips_0=0.004312; ', 'codec_recon_0=0.019679; ', 'bpp_0=5.774252; ', 'mse_1=0.000778; ', 'lpips_1=0.003894; ', 'codec_recon_1=0.255476; ', 'bpp_1=0.289829; ', 'mse_2=0.000728; ', 'lpips_2=0.003643; ', 'codec_recon_2=0.073404; ', 'bpp_2=0.267205; ']
train step[164/2000] ; used: 2m:52s; eta: 31m:54s; loss = 0.024239; ['mse_0=0.002619; ', 'lpips_0=0.006757; ', 'codec_recon_0=0.018977; ', 'bpp_0=6.176781; ', 'mse_1=0.002249; ', 'lpips_1=0.005963; ', 'codec_recon_1=0.350216; ', 'bpp_1=0.298051; ', 'mse_2=0.001817; ', 'lpips_2=0.004833; ', 'codec_recon_2=0.077661; ', 'bpp_2=0.278540; ']
train step[165/2000] ; used: 2m:53s; eta: 31m:53s; loss = 0.012106; ['mse_0=0.000964; ', 'lpips_0=0.003615; ', 'codec_recon_0=0.020211; ', 'bpp_0=5.915233; ', 'mse_1=0.000807; ', 'lpips_1=0.003109; ', 'codec_recon_1=0.275514; ', 'bpp_1=0.292582; ', 'mse_2=0.000726; ', 'lpips_2=0.002885; ', 'codec_recon_2=0.082464; ', 'bpp_2=0.271055; ']
train step[166/2000] ; used: 2m:54s; eta: 31m:52s; loss = 0.014281; ['mse_0=0.001340; ', 'lpips_0=0.004200; ', 'codec_recon_0=0.019270; ', 'bpp_0=6.090221; ', 'mse_1=0.001107; ', 'lpips_1=0.003657; ', 'codec_recon_1=0.324870; ', 'bpp_1=0.296875; ', 'mse_2=0.000876; ', 'lpips_2=0.003102; ', 'codec_recon_2=0.078756; ', 'bpp_2=0.277624; ']
train step[167/2000] ; used: 2m:55s; eta: 31m:50s; loss = 0.016135; ['mse_0=0.001037; ', 'lpips_0=0.004890; ', 'codec_recon_0=0.022889; ', 'bpp_0=5.791715; ', 'mse_1=0.000904; ', 'lpips_1=0.004317; ', 'codec_recon_1=0.249259; ', 'bpp_1=0.290537; ', 'mse_2=0.000863; ', 'lpips_2=0.004124; ', 'codec_recon_2=0.074358; ', 'bpp_2=0.270179; ']
train step[168/2000] ; used: 2m:56s; eta: 31m:49s; loss = 0.016726; ['mse_0=0.001450; ', 'lpips_0=0.004866; ', 'codec_recon_0=0.022581; ', 'bpp_0=5.873523; ', 'mse_1=0.001204; ', 'lpips_1=0.004276; ', 'codec_recon_1=0.287321; ', 'bpp_1=0.290325; ', 'mse_2=0.001004; ', 'lpips_2=0.003926; ', 'codec_recon_2=0.073827; ', 'bpp_2=0.269989; ']
train step[169/2000] ; used: 2m:57s; eta: 31m:48s; loss = 0.014784; ['mse_0=0.000996; ', 'lpips_0=0.004466; ', 'codec_recon_0=0.027882; ', 'bpp_0=5.859824; ', 'mse_1=0.000937; ', 'lpips_1=0.003886; ', 'codec_recon_1=0.266949; ', 'bpp_1=0.290205; ', 'mse_2=0.000905; ', 'lpips_2=0.003594; ', 'codec_recon_2=0.098146; ', 'bpp_2=0.268288; ']
train step[170/2000] ; used: 2m:58s; eta: 31m:47s; loss = 0.037210; ['mse_0=0.005718; ', 'lpips_0=0.007461; ', 'codec_recon_0=0.023554; ', 'bpp_0=5.802871; ', 'mse_1=0.005424; ', 'lpips_1=0.006783; ', 'codec_recon_1=0.249113; ', 'bpp_1=0.291186; ', 'mse_2=0.005323; ', 'lpips_2=0.006501; ', 'codec_recon_2=0.074594; ', 'bpp_2=0.271095; ']
train step[171/2000] ; used: 2m:59s; eta: 31m:46s; loss = 0.011981; ['mse_0=0.001170; ', 'lpips_0=0.003990; ', 'codec_recon_0=0.017440; ', 'bpp_0=6.116728; ', 'mse_1=0.000943; ', 'lpips_1=0.003217; ', 'codec_recon_1=0.341131; ', 'bpp_1=0.297144; ', 'mse_2=0.000503; ', 'lpips_2=0.002158; ', 'codec_recon_2=0.076698; ', 'bpp_2=0.278943; ']
train step[172/2000] ; used: 3m; eta: 31m:44s; loss = 0.012129; ['mse_0=0.000697; ', 'lpips_0=0.004092; ', 'codec_recon_0=0.020030; ', 'bpp_0=5.948452; ', 'mse_1=0.000535; ', 'lpips_1=0.003491; ', 'codec_recon_1=0.318264; ', 'bpp_1=0.293880; ', 'mse_2=0.000393; ', 'lpips_2=0.002920; ', 'codec_recon_2=0.079765; ', 'bpp_2=0.274023; ']
train step[173/2000] ; used: 3m:1s; eta: 31m:43s; loss = 0.013409; ['mse_0=0.000575; ', 'lpips_0=0.004717; ', 'codec_recon_0=0.020313; ', 'bpp_0=6.145664; ', 'mse_1=0.000461; ', 'lpips_1=0.003978; ', 'codec_recon_1=0.341369; ', 'bpp_1=0.295961; ', 'mse_2=0.000369; ', 'lpips_2=0.003309; ', 'codec_recon_2=0.097677; ', 'bpp_2=0.276572; ']
train step[174/2000] ; used: 3m:2s; eta: 31m:42s; loss = 0.011464; ['mse_0=0.000705; ', 'lpips_0=0.003617; ', 'codec_recon_0=0.023040; ', 'bpp_0=5.939998; ', 'mse_1=0.000601; ', 'lpips_1=0.003125; ', 'codec_recon_1=0.266843; ', 'bpp_1=0.291923; ', 'mse_2=0.000570; ', 'lpips_2=0.002847; ', 'codec_recon_2=0.093452; ', 'bpp_2=0.269206; ']
train step[175/2000] ; used: 3m:3s; eta: 31m:41s; loss = 0.017900; ['mse_0=0.002022; ', 'lpips_0=0.005110; ', 'codec_recon_0=0.019395; ', 'bpp_0=6.128163; ', 'mse_1=0.001609; ', 'lpips_1=0.004292; ', 'codec_recon_1=0.334145; ', 'bpp_1=0.298317; ', 'mse_2=0.001340; ', 'lpips_2=0.003527; ', 'codec_recon_2=0.079501; ', 'bpp_2=0.279125; ']
train step[176/2000] ; used: 3m:4s; eta: 31m:40s; loss = 0.040357; ['mse_0=0.007052; ', 'lpips_0=0.007038; ', 'codec_recon_0=0.021597; ', 'bpp_0=5.896989; ', 'mse_1=0.006827; ', 'lpips_1=0.006486; ', 'codec_recon_1=0.285244; ', 'bpp_1=0.291217; ', 'mse_2=0.006788; ', 'lpips_2=0.006165; ', 'codec_recon_2=0.073171; ', 'bpp_2=0.271601; ']
train step[177/2000] ; used: 3m:5s; eta: 31m:39s; loss = 0.016176; ['mse_0=0.001377; ', 'lpips_0=0.004743; ', 'codec_recon_0=0.018446; ', 'bpp_0=6.025159; ', 'mse_1=0.001182; ', 'lpips_1=0.004162; ', 'codec_recon_1=0.287039; ', 'bpp_1=0.295543; ', 'mse_2=0.001066; ', 'lpips_2=0.003646; ', 'codec_recon_2=0.079951; ', 'bpp_2=0.275566; ']
train step[178/2000] ; used: 3m:6s; eta: 31m:38s; loss = 0.013458; ['mse_0=0.000764; ', 'lpips_0=0.004287; ', 'codec_recon_0=0.020348; ', 'bpp_0=5.937330; ', 'mse_1=0.000673; ', 'lpips_1=0.003786; ', 'codec_recon_1=0.279440; ', 'bpp_1=0.293719; ', 'mse_2=0.000582; ', 'lpips_2=0.003367; ', 'codec_recon_2=0.086421; ', 'bpp_2=0.272905; ']
train step[179/2000] ; used: 3m:7s; eta: 31m:37s; loss = 0.016917; ['mse_0=0.001367; ', 'lpips_0=0.005058; ', 'codec_recon_0=0.022797; ', 'bpp_0=5.991897; ', 'mse_1=0.001212; ', 'lpips_1=0.004384; ', 'codec_recon_1=0.331597; ', 'bpp_1=0.293775; ', 'mse_2=0.001042; ', 'lpips_2=0.003854; ', 'codec_recon_2=0.100128; ', 'bpp_2=0.271315; ']
train step[180/2000] ; used: 3m:8s; eta: 31m:35s; loss = 0.012270; ['mse_0=0.000836; ', 'lpips_0=0.003664; ', 'codec_recon_0=0.023018; ', 'bpp_0=5.784717; ', 'mse_1=0.000776; ', 'lpips_1=0.003263; ', 'codec_recon_1=0.252225; ', 'bpp_1=0.288986; ', 'mse_2=0.000736; ', 'lpips_2=0.002996; ', 'codec_recon_2=0.072524; ', 'bpp_2=0.268738; ']
train step[181/2000] ; used: 3m:9s; eta: 31m:35s; loss = 0.016114; ['mse_0=0.001037; ', 'lpips_0=0.004742; ', 'codec_recon_0=0.020532; ', 'bpp_0=5.728695; ', 'mse_1=0.000971; ', 'lpips_1=0.004408; ', 'codec_recon_1=0.272077; ', 'bpp_1=0.288796; ', 'mse_2=0.000912; ', 'lpips_2=0.004045; ', 'codec_recon_2=0.071933; ', 'bpp_2=0.265313; ']
train step[182/2000] ; used: 3m:10s; eta: 31m:34s; loss = 0.019630; ['mse_0=0.003148; ', 'lpips_0=0.004534; ', 'codec_recon_0=0.018902; ', 'bpp_0=6.121150; ', 'mse_1=0.002768; ', 'lpips_1=0.003857; ', 'codec_recon_1=0.329873; ', 'bpp_1=0.297116; ', 'mse_2=0.002330; ', 'lpips_2=0.002994; ', 'codec_recon_2=0.075641; ', 'bpp_2=0.278996; ']
train step[183/2000] ; used: 3m:11s; eta: 31m:32s; loss = 0.014483; ['mse_0=0.001071; ', 'lpips_0=0.004300; ', 'codec_recon_0=0.022154; ', 'bpp_0=5.982557; ', 'mse_1=0.000923; ', 'lpips_1=0.003760; ', 'codec_recon_1=0.267688; ', 'bpp_1=0.292772; ', 'mse_2=0.000894; ', 'lpips_2=0.003535; ', 'codec_recon_2=0.086034; ', 'bpp_2=0.272534; ']
train step[184/2000] ; used: 3m:12s; eta: 31m:31s; loss = 0.018200; ['mse_0=0.002609; ', 'lpips_0=0.004301; ', 'codec_recon_0=0.019025; ', 'bpp_0=6.050474; ', 'mse_1=0.002325; ', 'lpips_1=0.003664; ', 'codec_recon_1=0.301919; ', 'bpp_1=0.296041; ', 'mse_2=0.002099; ', 'lpips_2=0.003201; ', 'codec_recon_2=0.075033; ', 'bpp_2=0.275553; ']
train step[185/2000] ; used: 3m:13s; eta: 31m:30s; loss = 0.024115; ['mse_0=0.002406; ', 'lpips_0=0.006693; ', 'codec_recon_0=0.021292; ', 'bpp_0=5.885165; ', 'mse_1=0.002023; ', 'lpips_1=0.005806; ', 'codec_recon_1=0.324390; ', 'bpp_1=0.291636; ', 'mse_2=0.001897; ', 'lpips_2=0.005291; ', 'codec_recon_2=0.078615; ', 'bpp_2=0.273550; ']
train step[186/2000] ; used: 3m:14s; eta: 31m:29s; loss = 0.021831; ['mse_0=0.002425; ', 'lpips_0=0.005571; ', 'codec_recon_0=0.020716; ', 'bpp_0=6.094345; ', 'mse_1=0.002149; ', 'lpips_1=0.004933; ', 'codec_recon_1=0.327213; ', 'bpp_1=0.295487; ', 'mse_2=0.002093; ', 'lpips_2=0.004661; ', 'codec_recon_2=0.096458; ', 'bpp_2=0.275924; ']
train step[187/2000] ; used: 3m:15s; eta: 31m:28s; loss = 0.015509; ['mse_0=0.002122; ', 'lpips_0=0.003803; ', 'codec_recon_0=0.017692; ', 'bpp_0=6.149033; ', 'mse_1=0.001903; ', 'lpips_1=0.003189; ', 'codec_recon_1=0.293931; ', 'bpp_1=0.298851; ', 'mse_2=0.001771; ', 'lpips_2=0.002720; ', 'codec_recon_2=0.080007; ', 'bpp_2=0.277280; ']
train step[188/2000] ; used: 3m:16s; eta: 31m:27s; loss = 0.015293; ['mse_0=0.001978; ', 'lpips_0=0.004428; ', 'codec_recon_0=0.018030; ', 'bpp_0=6.178197; ', 'mse_1=0.001566; ', 'lpips_1=0.003710; ', 'codec_recon_1=0.333208; ', 'bpp_1=0.299127; ', 'mse_2=0.001043; ', 'lpips_2=0.002569; ', 'codec_recon_2=0.085058; ', 'bpp_2=0.280891; ']
train step[189/2000] ; used: 3m:18s; eta: 31m:29s; loss = 0.013264; ['mse_0=0.001209; ', 'lpips_0=0.003959; ', 'codec_recon_0=0.019136; ', 'bpp_0=5.941550; ', 'mse_1=0.000924; ', 'lpips_1=0.003419; ', 'codec_recon_1=0.269355; ', 'bpp_1=0.292598; ', 'mse_2=0.000805; ', 'lpips_2=0.002949; ', 'codec_recon_2=0.076457; ', 'bpp_2=0.272441; ']
train step[190/2000] ; used: 3m:19s; eta: 31m:28s; loss = 0.010984; ['mse_0=0.000622; ', 'lpips_0=0.003701; ', 'codec_recon_0=0.020993; ', 'bpp_0=5.901564; ', 'mse_1=0.000395; ', 'lpips_1=0.003074; ', 'codec_recon_1=0.253246; ', 'bpp_1=0.291464; ', 'mse_2=0.000355; ', 'lpips_2=0.002836; ', 'codec_recon_2=0.082442; ', 'bpp_2=0.267851; ']
train step[191/2000] ; used: 3m:20s; eta: 31m:27s; loss = 0.017484; ['mse_0=0.001298; ', 'lpips_0=0.005033; ', 'codec_recon_0=0.024314; ', 'bpp_0=5.768597; ', 'mse_1=0.001169; ', 'lpips_1=0.004674; ', 'codec_recon_1=0.278591; ', 'bpp_1=0.289412; ', 'mse_2=0.001067; ', 'lpips_2=0.004242; ', 'codec_recon_2=0.086007; ', 'bpp_2=0.262763; ']
train step[192/2000] ; used: 3m:21s; eta: 31m:26s; loss = 0.013667; ['mse_0=0.001029; ', 'lpips_0=0.004450; ', 'codec_recon_0=0.017776; ', 'bpp_0=5.841457; ', 'mse_1=0.000809; ', 'lpips_1=0.003860; ', 'codec_recon_1=0.331571; ', 'bpp_1=0.290165; ', 'mse_2=0.000522; ', 'lpips_2=0.002998; ', 'codec_recon_2=0.074609; ', 'bpp_2=0.268703; ']
train step[193/2000] ; used: 3m:22s; eta: 31m:25s; loss = 0.017503; ['mse_0=0.001343; ', 'lpips_0=0.005171; ', 'codec_recon_0=0.018452; ', 'bpp_0=6.020583; ', 'mse_1=0.001204; ', 'lpips_1=0.004564; ', 'codec_recon_1=0.285128; ', 'bpp_1=0.295208; ', 'mse_2=0.001126; ', 'lpips_2=0.004095; ', 'codec_recon_2=0.080598; ', 'bpp_2=0.273989; ']
train step[194/2000] ; used: 3m:23s; eta: 31m:24s; loss = 0.013709; ['mse_0=0.001299; ', 'lpips_0=0.004126; ', 'codec_recon_0=0.018095; ', 'bpp_0=5.982721; ', 'mse_1=0.001070; ', 'lpips_1=0.003439; ', 'codec_recon_1=0.296680; ', 'bpp_1=0.296183; ', 'mse_2=0.000939; ', 'lpips_2=0.002836; ', 'codec_recon_2=0.082296; ', 'bpp_2=0.274643; ']
train step[195/2000] ; used: 3m:24s; eta: 31m:23s; loss = 0.014997; ['mse_0=0.001182; ', 'lpips_0=0.004293; ', 'codec_recon_0=0.022349; ', 'bpp_0=6.001860; ', 'mse_1=0.001171; ', 'lpips_1=0.003789; ', 'codec_recon_1=0.298798; ', 'bpp_1=0.292209; ', 'mse_2=0.001099; ', 'lpips_2=0.003461; ', 'codec_recon_2=0.097790; ', 'bpp_2=0.270638; ']
train step[196/2000] ; used: 3m:25s; eta: 31m:22s; loss = 0.012972; ['mse_0=0.000888; ', 'lpips_0=0.004296; ', 'codec_recon_0=0.016570; ', 'bpp_0=6.064165; ', 'mse_1=0.000736; ', 'lpips_1=0.003853; ', 'codec_recon_1=0.338898; ', 'bpp_1=0.294700; ', 'mse_2=0.000451; ', 'lpips_2=0.002747; ', 'codec_recon_2=0.089765; ', 'bpp_2=0.273195; ']
train step[197/2000] ; used: 3m:26s; eta: 31m:21s; loss = 0.009735; ['mse_0=0.000411; ', 'lpips_0=0.003547; ', 'codec_recon_0=0.018969; ', 'bpp_0=6.012195; ', 'mse_1=0.000310; ', 'lpips_1=0.002815; ', 'codec_recon_1=0.273694; ', 'bpp_1=0.294181; ', 'mse_2=0.000238; ', 'lpips_2=0.002414; ', 'codec_recon_2=0.088103; ', 'bpp_2=0.271640; ']
train step[198/2000] ; used: 3m:27s; eta: 31m:20s; loss = 0.021056; ['mse_0=0.002259; ', 'lpips_0=0.006102; ', 'codec_recon_0=0.019432; ', 'bpp_0=6.141423; ', 'mse_1=0.001823; ', 'lpips_1=0.005133; ', 'codec_recon_1=0.354795; ', 'bpp_1=0.298598; ', 'mse_2=0.001541; ', 'lpips_2=0.004199; ', 'codec_recon_2=0.086137; ', 'bpp_2=0.279004; ']
train step[199/2000] ; used: 3m:28s; eta: 31m:19s; loss = 0.017507; ['mse_0=0.002074; ', 'lpips_0=0.004599; ', 'codec_recon_0=0.020515; ', 'bpp_0=5.978627; ', 'mse_1=0.001791; ', 'lpips_1=0.003898; ', 'codec_recon_1=0.312082; ', 'bpp_1=0.294858; ', 'mse_2=0.001698; ', 'lpips_2=0.003447; ', 'codec_recon_2=0.078861; ', 'bpp_2=0.271886; ']
train step[200/2000] ; used: 3m:29s; eta: 31m:18s; loss = 0.019227; ['mse_0=0.002485; ', 'lpips_0=0.004734; ', 'codec_recon_0=0.019678; ', 'bpp_0=6.157780; ', 'mse_1=0.002321; ', 'lpips_1=0.004002; ', 'codec_recon_1=0.310067; ', 'bpp_1=0.298506; ', 'mse_2=0.002210; ', 'lpips_2=0.003475; ', 'codec_recon_2=0.076915; ', 'bpp_2=0.279362; ']
train step[201/2000] ; used: 3m:30s; eta: 31m:17s; loss = 0.034821; ['mse_0=0.003459; ', 'lpips_0=0.009248; ', 'codec_recon_0=0.021564; ', 'bpp_0=6.235548; ', 'mse_1=0.003109; ', 'lpips_1=0.008574; ', 'codec_recon_1=0.383327; ', 'bpp_1=0.301146; ', 'mse_2=0.002962; ', 'lpips_2=0.007470; ', 'codec_recon_2=0.086959; ', 'bpp_2=0.282755; ']
train step[202/2000] ; used: 3m:31s; eta: 31m:16s; loss = 0.013473; ['mse_0=0.001180; ', 'lpips_0=0.004179; ', 'codec_recon_0=0.016960; ', 'bpp_0=6.051746; ', 'mse_1=0.000923; ', 'lpips_1=0.003537; ', 'codec_recon_1=0.314541; ', 'bpp_1=0.296236; ', 'mse_2=0.000711; ', 'lpips_2=0.002943; ', 'codec_recon_2=0.072518; ', 'bpp_2=0.275990; ']
train step[203/2000] ; used: 3m:32s; eta: 31m:15s; loss = 0.011397; ['mse_0=0.000884; ', 'lpips_0=0.003689; ', 'codec_recon_0=0.017406; ', 'bpp_0=5.910481; ', 'mse_1=0.000688; ', 'lpips_1=0.003049; ', 'codec_recon_1=0.280562; ', 'bpp_1=0.293153; ', 'mse_2=0.000574; ', 'lpips_2=0.002514; ', 'codec_recon_2=0.075589; ', 'bpp_2=0.270466; ']
train step[204/2000] ; used: 3m:33s; eta: 31m:14s; loss = 0.012776; ['mse_0=0.000901; ', 'lpips_0=0.004090; ', 'codec_recon_0=0.019184; ', 'bpp_0=5.922337; ', 'mse_1=0.000705; ', 'lpips_1=0.003449; ', 'codec_recon_1=0.290469; ', 'bpp_1=0.290628; ', 'mse_2=0.000609; ', 'lpips_2=0.003021; ', 'codec_recon_2=0.083517; ', 'bpp_2=0.268794; ']
train step[205/2000] ; used: 3m:34s; eta: 31m:13s; loss = 0.012620; ['mse_0=0.001415; ', 'lpips_0=0.003701; ', 'codec_recon_0=0.022163; ', 'bpp_0=6.135321; ', 'mse_1=0.001133; ', 'lpips_1=0.002996; ', 'codec_recon_1=0.324214; ', 'bpp_1=0.298055; ', 'mse_2=0.000941; ', 'lpips_2=0.002432; ', 'codec_recon_2=0.084676; ', 'bpp_2=0.277806; ']
train step[206/2000] ; used: 3m:35s; eta: 31m:11s; loss = 0.014432; ['mse_0=0.001327; ', 'lpips_0=0.004271; ', 'codec_recon_0=0.022980; ', 'bpp_0=6.100340; ', 'mse_1=0.001120; ', 'lpips_1=0.003608; ', 'codec_recon_1=0.292799; ', 'bpp_1=0.296741; ', 'mse_2=0.000982; ', 'lpips_2=0.003124; ', 'codec_recon_2=0.084758; ', 'bpp_2=0.276681; ']
train step[207/2000] ; used: 3m:37s; eta: 31m:10s; loss = 0.013038; ['mse_0=0.001281; ', 'lpips_0=0.003803; ', 'codec_recon_0=0.019131; ', 'bpp_0=5.859853; ', 'mse_1=0.001054; ', 'lpips_1=0.003198; ', 'codec_recon_1=0.279772; ', 'bpp_1=0.291420; ', 'mse_2=0.000894; ', 'lpips_2=0.002808; ', 'codec_recon_2=0.074484; ', 'bpp_2=0.269336; ']
train step[208/2000] ; used: 3m:38s; eta: 31m:9s; loss = 0.014270; ['mse_0=0.001664; ', 'lpips_0=0.004030; ', 'codec_recon_0=0.020097; ', 'bpp_0=6.029895; ', 'mse_1=0.001276; ', 'lpips_1=0.003385; ', 'codec_recon_1=0.315385; ', 'bpp_1=0.297047; ', 'mse_2=0.001054; ', 'lpips_2=0.002861; ', 'codec_recon_2=0.076736; ', 'bpp_2=0.274773; ']
train step[209/2000] ; used: 3m:39s; eta: 31m:8s; loss = 0.013016; ['mse_0=0.001326; ', 'lpips_0=0.003992; ', 'codec_recon_0=0.018941; ', 'bpp_0=6.054525; ', 'mse_1=0.001053; ', 'lpips_1=0.003208; ', 'codec_recon_1=0.302775; ', 'bpp_1=0.296659; ', 'mse_2=0.000867; ', 'lpips_2=0.002568; ', 'codec_recon_2=0.078110; ', 'bpp_2=0.276365; ']
train step[210/2000] ; used: 3m:40s; eta: 31m:7s; loss = 0.009907; ['mse_0=0.000525; ', 'lpips_0=0.003478; ', 'codec_recon_0=0.019726; ', 'bpp_0=5.993784; ', 'mse_1=0.000395; ', 'lpips_1=0.002828; ', 'codec_recon_1=0.303641; ', 'bpp_1=0.293021; ', 'mse_2=0.000300; ', 'lpips_2=0.002380; ', 'codec_recon_2=0.086434; ', 'bpp_2=0.269720; ']
train step[211/2000] ; used: 3m:41s; eta: 31m:6s; loss = 0.011055; ['mse_0=0.001290; ', 'lpips_0=0.003268; ', 'codec_recon_0=0.017735; ', 'bpp_0=6.083895; ', 'mse_1=0.000981; ', 'lpips_1=0.002703; ', 'codec_recon_1=0.267631; ', 'bpp_1=0.295778; ', 'mse_2=0.000635; ', 'lpips_2=0.002177; ', 'codec_recon_2=0.075398; ', 'bpp_2=0.271818; ']
train step[212/2000] ; used: 3m:42s; eta: 31m:5s; loss = 0.014001; ['mse_0=0.001610; ', 'lpips_0=0.004002; ', 'codec_recon_0=0.018233; ', 'bpp_0=6.080943; ', 'mse_1=0.001301; ', 'lpips_1=0.003421; ', 'codec_recon_1=0.339347; ', 'bpp_1=0.297970; ', 'mse_2=0.000978; ', 'lpips_2=0.002688; ', 'codec_recon_2=0.078369; ', 'bpp_2=0.277755; ']
train step[213/2000] ; used: 3m:43s; eta: 31m:4s; loss = 0.009098; ['mse_0=0.000444; ', 'lpips_0=0.003285; ', 'codec_recon_0=0.017735; ', 'bpp_0=5.796921; ', 'mse_1=0.000318; ', 'lpips_1=0.002648; ', 'codec_recon_1=0.282667; ', 'bpp_1=0.290027; ', 'mse_2=0.000221; ', 'lpips_2=0.002183; ', 'codec_recon_2=0.074300; ', 'bpp_2=0.265342; ']
train step[214/2000] ; used: 3m:44s; eta: 31m:2s; loss = 0.016745; ['mse_0=0.001054; ', 'lpips_0=0.005164; ', 'codec_recon_0=0.019303; ', 'bpp_0=6.071215; ', 'mse_1=0.000901; ', 'lpips_1=0.004670; ', 'codec_recon_1=0.326173; ', 'bpp_1=0.294760; ', 'mse_2=0.000791; ', 'lpips_2=0.004166; ', 'codec_recon_2=0.086921; ', 'bpp_2=0.274782; ']
train step[215/2000] ; used: 3m:45s; eta: 31m:1s; loss = 0.011525; ['mse_0=0.001072; ', 'lpips_0=0.003389; ', 'codec_recon_0=0.019383; ', 'bpp_0=6.065467; ', 'mse_1=0.000895; ', 'lpips_1=0.002903; ', 'codec_recon_1=0.300088; ', 'bpp_1=0.296134; ', 'mse_2=0.000769; ', 'lpips_2=0.002498; ', 'codec_recon_2=0.083243; ', 'bpp_2=0.274688; ']
train step[216/2000] ; used: 3m:46s; eta: 31m; loss = 0.013747; ['mse_0=0.001639; ', 'lpips_0=0.003979; ', 'codec_recon_0=0.021735; ', 'bpp_0=6.052047; ', 'mse_1=0.001328; ', 'lpips_1=0.003160; ', 'codec_recon_1=0.345815; ', 'bpp_1=0.296025; ', 'mse_2=0.001125; ', 'lpips_2=0.002516; ', 'codec_recon_2=0.078317; ', 'bpp_2=0.276017; ']
train step[217/2000] ; used: 3m:47s; eta: 30m:59s; loss = 0.012964; ['mse_0=0.001010; ', 'lpips_0=0.003877; ', 'codec_recon_0=0.017217; ', 'bpp_0=5.912918; ', 'mse_1=0.000816; ', 'lpips_1=0.003410; ', 'codec_recon_1=0.262984; ', 'bpp_1=0.293294; ', 'mse_2=0.000715; ', 'lpips_2=0.003136; ', 'codec_recon_2=0.073186; ', 'bpp_2=0.272236; ']
train step[218/2000] ; used: 3m:48s; eta: 30m:58s; loss = 0.008299; ['mse_0=0.000506; ', 'lpips_0=0.002970; ', 'codec_recon_0=0.018638; ', 'bpp_0=6.074637; ', 'mse_1=0.000366; ', 'lpips_1=0.002332; ', 'codec_recon_1=0.310888; ', 'bpp_1=0.295572; ', 'mse_2=0.000277; ', 'lpips_2=0.001848; ', 'codec_recon_2=0.087622; ', 'bpp_2=0.271715; ']
train step[219/2000] ; used: 3m:49s; eta: 30m:57s; loss = 0.014603; ['mse_0=0.001068; ', 'lpips_0=0.004250; ', 'codec_recon_0=0.020318; ', 'bpp_0=5.957283; ', 'mse_1=0.000911; ', 'lpips_1=0.003828; ', 'codec_recon_1=0.266287; ', 'bpp_1=0.293348; ', 'mse_2=0.000919; ', 'lpips_2=0.003627; ', 'codec_recon_2=0.077858; ', 'bpp_2=0.270802; ']
train step[220/2000] ; used: 3m:50s; eta: 30m:56s; loss = 0.017045; ['mse_0=0.001968; ', 'lpips_0=0.004434; ', 'codec_recon_0=0.017861; ', 'bpp_0=6.123943; ', 'mse_1=0.001774; ', 'lpips_1=0.003947; ', 'codec_recon_1=0.317374; ', 'bpp_1=0.297438; ', 'mse_2=0.001534; ', 'lpips_2=0.003388; ', 'codec_recon_2=0.081637; ', 'bpp_2=0.277695; ']
train step[221/2000] ; used: 3m:51s; eta: 30m:55s; loss = 0.010542; ['mse_0=0.000986; ', 'lpips_0=0.003247; ', 'codec_recon_0=0.017900; ', 'bpp_0=6.058831; ', 'mse_1=0.000808; ', 'lpips_1=0.002718; ', 'codec_recon_1=0.278723; ', 'bpp_1=0.296863; ', 'mse_2=0.000622; ', 'lpips_2=0.002160; ', 'codec_recon_2=0.072975; ', 'bpp_2=0.277251; ']
train step[222/2000] ; used: 3m:52s; eta: 30m:54s; loss = 0.021386; ['mse_0=0.001995; ', 'lpips_0=0.006040; ', 'codec_recon_0=0.021485; ', 'bpp_0=6.132328; ', 'mse_1=0.001861; ', 'lpips_1=0.005258; ', 'codec_recon_1=0.367047; ', 'bpp_1=0.295624; ', 'mse_2=0.001718; ', 'lpips_2=0.004515; ', 'codec_recon_2=0.095259; ', 'bpp_2=0.277819; ']
train step[223/2000] ; used: 3m:53s; eta: 30m:53s; loss = 0.014322; ['mse_0=0.001203; ', 'lpips_0=0.004242; ', 'codec_recon_0=0.020285; ', 'bpp_0=6.012617; ', 'mse_1=0.001022; ', 'lpips_1=0.003676; ', 'codec_recon_1=0.282446; ', 'bpp_1=0.295345; ', 'mse_2=0.000901; ', 'lpips_2=0.003277; ', 'codec_recon_2=0.080617; ', 'bpp_2=0.274782; ']
train step[224/2000] ; used: 3m:54s; eta: 30m:51s; loss = 0.014527; ['mse_0=0.001605; ', 'lpips_0=0.003935; ', 'codec_recon_0=0.019428; ', 'bpp_0=6.172723; ', 'mse_1=0.001417; ', 'lpips_1=0.003333; ', 'codec_recon_1=0.282766; ', 'bpp_1=0.297978; ', 'mse_2=0.001328; ', 'lpips_2=0.002910; ', 'codec_recon_2=0.088317; ', 'bpp_2=0.276815; ']
train step[225/2000] ; used: 3m:55s; eta: 30m:50s; loss = 0.010766; ['mse_0=0.000639; ', 'lpips_0=0.003661; ', 'codec_recon_0=0.017394; ', 'bpp_0=5.959980; ', 'mse_1=0.000499; ', 'lpips_1=0.003013; ', 'codec_recon_1=0.274792; ', 'bpp_1=0.294522; ', 'mse_2=0.000400; ', 'lpips_2=0.002553; ', 'codec_recon_2=0.077813; ', 'bpp_2=0.274085; ']
train step[226/2000] ; used: 3m:56s; eta: 30m:49s; loss = 0.012498; ['mse_0=0.001343; ', 'lpips_0=0.003678; ', 'codec_recon_0=0.020045; ', 'bpp_0=6.165757; ', 'mse_1=0.001092; ', 'lpips_1=0.002996; ', 'codec_recon_1=0.314966; ', 'bpp_1=0.297761; ', 'mse_2=0.000912; ', 'lpips_2=0.002477; ', 'codec_recon_2=0.084660; ', 'bpp_2=0.276903; ']
train step[227/2000] ; used: 3m:57s; eta: 30m:48s; loss = 0.012561; ['mse_0=0.001042; ', 'lpips_0=0.003954; ', 'codec_recon_0=0.025361; ', 'bpp_0=6.121683; ', 'mse_1=0.000852; ', 'lpips_1=0.003207; ', 'codec_recon_1=0.310193; ', 'bpp_1=0.296427; ', 'mse_2=0.000797; ', 'lpips_2=0.002710; ', 'codec_recon_2=0.098767; ', 'bpp_2=0.275808; ']
train step[228/2000] ; used: 3m:58s; eta: 30m:47s; loss = 0.012185; ['mse_0=0.000692; ', 'lpips_0=0.004178; ', 'codec_recon_0=0.019953; ', 'bpp_0=6.120131; ', 'mse_1=0.000536; ', 'lpips_1=0.003389; ', 'codec_recon_1=0.305173; ', 'bpp_1=0.295155; ', 'mse_2=0.000477; ', 'lpips_2=0.002912; ', 'codec_recon_2=0.096446; ', 'bpp_2=0.274075; ']
train step[229/2000] ; used: 3m:59s; eta: 30m:47s; loss = 0.011723; ['mse_0=0.000857; ', 'lpips_0=0.003615; ', 'codec_recon_0=0.018947; ', 'bpp_0=6.057136; ', 'mse_1=0.000710; ', 'lpips_1=0.003029; ', 'codec_recon_1=0.280811; ', 'bpp_1=0.296145; ', 'mse_2=0.000684; ', 'lpips_2=0.002829; ', 'codec_recon_2=0.086125; ', 'bpp_2=0.274258; ']
train step[230/2000] ; used: 4m; eta: 30m:45s; loss = 0.013609; ['mse_0=0.001599; ', 'lpips_0=0.003802; ', 'codec_recon_0=0.019537; ', 'bpp_0=5.955915; ', 'mse_1=0.001268; ', 'lpips_1=0.003217; ', 'codec_recon_1=0.301369; ', 'bpp_1=0.292752; ', 'mse_2=0.001034; ', 'lpips_2=0.002688; ', 'codec_recon_2=0.080786; ', 'bpp_2=0.272402; ']
train step[231/2000] ; used: 4m:1s; eta: 30m:44s; loss = 0.016068; ['mse_0=0.001631; ', 'lpips_0=0.004182; ', 'codec_recon_0=0.020121; ', 'bpp_0=5.965346; ', 'mse_1=0.001510; ', 'lpips_1=0.003753; ', 'codec_recon_1=0.275643; ', 'bpp_1=0.291964; ', 'mse_2=0.001481; ', 'lpips_2=0.003510; ', 'codec_recon_2=0.083406; ', 'bpp_2=0.269214; ']
train step[232/2000] ; used: 4m:3s; eta: 30m:43s; loss = 0.042517; ['mse_0=0.007190; ', 'lpips_0=0.007426; ', 'codec_recon_0=0.023728; ', 'bpp_0=5.879043; ', 'mse_1=0.007131; ', 'lpips_1=0.007010; ', 'codec_recon_1=0.296870; ', 'bpp_1=0.292733; ', 'mse_2=0.007158; ', 'lpips_2=0.006603; ', 'codec_recon_2=0.081419; ', 'bpp_2=0.271209; ']
train step[233/2000] ; used: 4m:4s; eta: 30m:42s; loss = 0.013060; ['mse_0=0.000940; ', 'lpips_0=0.004168; ', 'codec_recon_0=0.021240; ', 'bpp_0=5.780128; ', 'mse_1=0.000780; ', 'lpips_1=0.003451; ', 'codec_recon_1=0.273772; ', 'bpp_1=0.289146; ', 'mse_2=0.000648; ', 'lpips_2=0.003073; ', 'codec_recon_2=0.074371; ', 'bpp_2=0.267626; ']
train step[234/2000] ; used: 4m:5s; eta: 30m:41s; loss = 0.012552; ['mse_0=0.001263; ', 'lpips_0=0.003810; ', 'codec_recon_0=0.024547; ', 'bpp_0=5.874015; ', 'mse_1=0.000999; ', 'lpips_1=0.003135; ', 'codec_recon_1=0.293194; ', 'bpp_1=0.290881; ', 'mse_2=0.000793; ', 'lpips_2=0.002552; ', 'codec_recon_2=0.085014; ', 'bpp_2=0.269692; ']
train step[235/2000] ; used: 4m:6s; eta: 30m:40s; loss = 0.024767; ['mse_0=0.001780; ', 'lpips_0=0.007997; ', 'codec_recon_0=0.021279; ', 'bpp_0=6.319610; ', 'mse_1=0.001375; ', 'lpips_1=0.006890; ', 'codec_recon_1=0.407287; ', 'bpp_1=0.301414; ', 'mse_2=0.001073; ', 'lpips_2=0.005652; ', 'codec_recon_2=0.086783; ', 'bpp_2=0.285621; ']
train step[236/2000] ; used: 4m:7s; eta: 30m:39s; loss = 0.014666; ['mse_0=0.001085; ', 'lpips_0=0.004404; ', 'codec_recon_0=0.022879; ', 'bpp_0=6.129285; ', 'mse_1=0.000980; ', 'lpips_1=0.003772; ', 'codec_recon_1=0.320021; ', 'bpp_1=0.293579; ', 'mse_2=0.000923; ', 'lpips_2=0.003501; ', 'codec_recon_2=0.091082; ', 'bpp_2=0.272313; ']
train step[237/2000] ; used: 4m:8s; eta: 30m:38s; loss = 0.017673; ['mse_0=0.001910; ', 'lpips_0=0.004869; ', 'codec_recon_0=0.019052; ', 'bpp_0=6.060661; ', 'mse_1=0.001643; ', 'lpips_1=0.004154; ', 'codec_recon_1=0.310039; ', 'bpp_1=0.296909; ', 'mse_2=0.001464; ', 'lpips_2=0.003633; ', 'codec_recon_2=0.081333; ', 'bpp_2=0.275603; ']
train step[238/2000] ; used: 4m:9s; eta: 30m:37s; loss = 0.024233; ['mse_0=0.002551; ', 'lpips_0=0.005952; ', 'codec_recon_0=0.020277; ', 'bpp_0=6.075165; ', 'mse_1=0.002452; ', 'lpips_1=0.005602; ', 'codec_recon_1=0.285866; ', 'bpp_1=0.297330; ', 'mse_2=0.002396; ', 'lpips_2=0.005280; ', 'codec_recon_2=0.088646; ', 'bpp_2=0.275127; ']
train step[239/2000] ; used: 4m:10s; eta: 30m:38s; loss = 0.024711; ['mse_0=0.002537; ', 'lpips_0=0.006825; ', 'codec_recon_0=0.020677; ', 'bpp_0=6.234306; ', 'mse_1=0.002277; ', 'lpips_1=0.006084; ', 'codec_recon_1=0.356227; ', 'bpp_1=0.299349; ', 'mse_2=0.001919; ', 'lpips_2=0.005069; ', 'codec_recon_2=0.085683; ', 'bpp_2=0.280101; ']
train step[240/2000] ; used: 4m:11s; eta: 30m:37s; loss = 0.010620; ['mse_0=0.000483; ', 'lpips_0=0.003501; ', 'codec_recon_0=0.021180; ', 'bpp_0=5.926483; ', 'mse_1=0.000376; ', 'lpips_1=0.003028; ', 'codec_recon_1=0.255704; ', 'bpp_1=0.291042; ', 'mse_2=0.000362; ', 'lpips_2=0.002871; ', 'codec_recon_2=0.082887; ', 'bpp_2=0.270401; ']
train step[241/2000] ; used: 4m:12s; eta: 30m:35s; loss = 0.013528; ['mse_0=0.001224; ', 'lpips_0=0.003825; ', 'codec_recon_0=0.019094; ', 'bpp_0=5.969000; ', 'mse_1=0.001029; ', 'lpips_1=0.003364; ', 'codec_recon_1=0.272784; ', 'bpp_1=0.292694; ', 'mse_2=0.001005; ', 'lpips_2=0.003080; ', 'codec_recon_2=0.085004; ', 'bpp_2=0.270813; ']
train step[242/2000] ; used: 4m:13s; eta: 30m:34s; loss = 0.024267; ['mse_0=0.002851; ', 'lpips_0=0.006288; ', 'codec_recon_0=0.019030; ', 'bpp_0=6.088134; ', 'mse_1=0.002298; ', 'lpips_1=0.005606; ', 'codec_recon_1=0.296923; ', 'bpp_1=0.296069; ', 'mse_2=0.002079; ', 'lpips_2=0.005146; ', 'codec_recon_2=0.080868; ', 'bpp_2=0.276389; ']
train step[243/2000] ; used: 4m:14s; eta: 30m:33s; loss = 0.015188; ['mse_0=0.002341; ', 'lpips_0=0.003824; ', 'codec_recon_0=0.017292; ', 'bpp_0=6.177544; ', 'mse_1=0.001954; ', 'lpips_1=0.003048; ', 'codec_recon_1=0.312917; ', 'bpp_1=0.299499; ', 'mse_2=0.001586; ', 'lpips_2=0.002435; ', 'codec_recon_2=0.071972; ', 'bpp_2=0.279409; ']
train step[244/2000] ; used: 4m:15s; eta: 30m:32s; loss = 0.025286; ['mse_0=0.003037; ', 'lpips_0=0.006339; ', 'codec_recon_0=0.018603; ', 'bpp_0=6.203111; ', 'mse_1=0.002705; ', 'lpips_1=0.005726; ', 'codec_recon_1=0.357476; ', 'bpp_1=0.298169; ', 'mse_2=0.002550; ', 'lpips_2=0.004929; ', 'codec_recon_2=0.084749; ', 'bpp_2=0.276889; ']
train step[245/2000] ; used: 4m:16s; eta: 30m:31s; loss = 0.010808; ['mse_0=0.000911; ', 'lpips_0=0.003530; ', 'codec_recon_0=0.018457; ', 'bpp_0=6.098009; ', 'mse_1=0.000671; ', 'lpips_1=0.002808; ', 'codec_recon_1=0.294726; ', 'bpp_1=0.295351; ', 'mse_2=0.000566; ', 'lpips_2=0.002322; ', 'codec_recon_2=0.085353; ', 'bpp_2=0.273151; ']
train step[246/2000] ; used: 4m:17s; eta: 30m:30s; loss = 0.013784; ['mse_0=0.001034; ', 'lpips_0=0.004175; ', 'codec_recon_0=0.033326; ', 'bpp_0=5.980581; ', 'mse_1=0.000940; ', 'lpips_1=0.003517; ', 'codec_recon_1=0.291205; ', 'bpp_1=0.292471; ', 'mse_2=0.000908; ', 'lpips_2=0.003210; ', 'codec_recon_2=0.111034; ', 'bpp_2=0.271943; ']
train step[247/2000] ; used: 4m:18s; eta: 30m:29s; loss = 0.013055; ['mse_0=0.000657; ', 'lpips_0=0.004259; ', 'codec_recon_0=0.027379; ', 'bpp_0=5.986509; ', 'mse_1=0.000561; ', 'lpips_1=0.003685; ', 'codec_recon_1=0.276860; ', 'bpp_1=0.292653; ', 'mse_2=0.000491; ', 'lpips_2=0.003402; ', 'codec_recon_2=0.099208; ', 'bpp_2=0.272332; ']
train step[248/2000] ; used: 4m:19s; eta: 30m:28s; loss = 0.016655; ['mse_0=0.001598; ', 'lpips_0=0.004759; ', 'codec_recon_0=0.018055; ', 'bpp_0=5.971197; ', 'mse_1=0.001308; ', 'lpips_1=0.004110; ', 'codec_recon_1=0.288739; ', 'bpp_1=0.294426; ', 'mse_2=0.001154; ', 'lpips_2=0.003727; ', 'codec_recon_2=0.078382; ', 'bpp_2=0.272860; ']
train step[249/2000] ; used: 4m:20s; eta: 30m:26s; loss = 0.010988; ['mse_0=0.000951; ', 'lpips_0=0.003419; ', 'codec_recon_0=0.026547; ', 'bpp_0=5.877027; ', 'mse_1=0.000871; ', 'lpips_1=0.002760; ', 'codec_recon_1=0.324478; ', 'bpp_1=0.289653; ', 'mse_2=0.000765; ', 'lpips_2=0.002222; ', 'codec_recon_2=0.098696; ', 'bpp_2=0.263431; ']
validation step on 250 1/100; scene = ['5aca87f95a9412c6']; context = [[58, 133]]
Setting up [LPIPS] perceptual loss: trunk [vgg], v[0.1], spatial [off]
Loading model from: /ceph_data/clue9986/anaconda3/envs/hisplat/lib/python3.10/site-packages/lpips/weights/v0.1/vgg.pth
validation step on 250 2/100; scene = ['bc95e5c7e357f1b7']; context = [[35, 91]]
validation step on 250 3/100; scene = ['34b0658a5c200cdf']; context = [[0, 70]]
validation step on 250 4/100; scene = ['28e8300e004ab30b']; context = [[3, 68]]
validation step on 250 5/100; scene = ['6558c5f10d45a929']; context = [[43, 160]]
validation step on 250 6/100; scene = ['89ea49cd9865aeff']; context = [[31, 81]]
validation step on 250 7/100; scene = ['ed477bdf8582adff']; context = [[40, 85]]
validation step on 250 8/100; scene = ['57d3409bf04c4651']; context = [[0, 45]]
validation step on 250 9/100; scene = ['aadc1e2dc74fd644']; context = [[2, 52]]
validation step on 250 10/100; scene = ['cd74b1244d112628']; context = [[63, 110]]
validation step on 250 11/100; scene = ['57d25dafabb5a238']; context = [[32, 104]]
validation step on 250 12/100; scene = ['e4f4574df7938f37']; context = [[0, 115]]
validation step on 250 13/100; scene = ['20d86cff490c0c42']; context = [[18, 69]]
validation step on 250 14/100; scene = ['0c4c5d5f751aabf5']; context = [[12, 57]]
validation step on 250 15/100; scene = ['fea544b472e9abd1']; context = [[12, 93]]
validation step on 250 16/100; scene = ['656381bea665bf3d']; context = [[27, 75]]
validation step on 250 17/100; scene = ['322261824c4a3003']; context = [[33, 78]]
validation step on 250 18/100; scene = ['f7c0fa5b81552d35']; context = [[11, 64]]
validation step on 250 19/100; scene = ['a56ba2efb5e3fdd9']; context = [[33, 92]]
validation step on 250 20/100; scene = ['c48f19e2ffa52523']; context = [[195, 264]]
validation step on 250 21/100; scene = ['1214f2a11a9fc1ed']; context = [[103, 215]]
validation step on 250 22/100; scene = ['a9b3ff60b213e099']; context = [[32, 96]]
validation step on 250 23/100; scene = ['a6fa92e8204f6118']; context = [[2, 66]]
validation step on 250 24/100; scene = ['21e794f71e31becb']; context = [[72, 180]]
validation step on 250 25/100; scene = ['f7d916b43193c181']; context = [[7, 61]]
validation step on 250 26/100; scene = ['84ab392d682f296b']; context = [[43, 120]]
validation step on 250 27/100; scene = ['6771a51bf0cfce7f']; context = [[152, 199]]
validation step on 250 28/100; scene = ['17d9303ee77c3a3d']; context = [[17, 63]]
validation step on 250 29/100; scene = ['ffa95c3b40609c76']; context = [[120, 213]]
validation step on 250 30/100; scene = ['a47b88040452d7d9']; context = [[35, 97]]
validation step on 250 31/100; scene = ['0d4de33c6888a754']; context = [[2, 57]]
validation step on 250 32/100; scene = ['41bcd011f99bfb66']; context = [[4, 50]]
validation step on 250 33/100; scene = ['67a69088a2695987']; context = [[6, 86]]
validation step on 250 34/100; scene = ['b4099665590548fc']; context = [[23, 74]]
validation step on 250 35/100; scene = ['9e2a8cc5f32dd46b']; context = [[75, 151]]
validation step on 250 36/100; scene = ['2e109379f53bb221']; context = [[35, 108]]
validation step on 250 37/100; scene = ['8adebbb68f2c3f84']; context = [[72, 131]]
validation step on 250 38/100; scene = ['29e0bfbad00f0d5e']; context = [[8, 100]]
validation step on 250 39/100; scene = ['debc3490ba0bd84b']; context = [[34, 81]]
validation step on 250 40/100; scene = ['7c7bc5285126e6ad']; context = [[64, 126]]
validation step on 250 41/100; scene = ['cdf439b17a6a98d4']; context = [[31, 77]]
validation step on 250 42/100; scene = ['cb38d67088b66084']; context = [[49, 106]]
validation step on 250 43/100; scene = ['2da2eeb966bc0ef8']; context = [[30, 94]]
validation step on 250 44/100; scene = ['bb4d7012261ee0ed']; context = [[0, 46]]
validation step on 250 45/100; scene = ['9e1f1beb4ba8e5da']; context = [[9, 73]]
validation step on 250 46/100; scene = ['26b31d71789bffad']; context = [[3, 57]]
validation step on 250 47/100; scene = ['41abd737e0228c1a']; context = [[81, 127]]
validation step on 250 48/100; scene = ['ed0c2aca14b99efa']; context = [[62, 119]]
validation step on 250 49/100; scene = ['8d5163de9ea4d851']; context = [[39, 85]]
validation step on 250 50/100; scene = ['81be42df6ccae760']; context = [[13, 107]]
validation step on 250 51/100; scene = ['6fe141ec9be1a432']; context = [[12, 73]]
validation step on 250 52/100; scene = ['3b6d8db52c54b174']; context = [[0, 80]]
validation step on 250 53/100; scene = ['3087828bc27bc4c7']; context = [[15, 96]]
validation step on 250 54/100; scene = ['e124dfa7e996a414']; context = [[48, 93]]
validation step on 250 55/100; scene = ['e1afd89a69ee6947']; context = [[34, 113]]
validation step on 250 56/100; scene = ['79ce50fb7b021e1d']; context = [[212, 278]]
validation step on 250 57/100; scene = ['358bdee988c269ef']; context = [[3, 95]]
validation step on 250 58/100; scene = ['f14791aec34dbdcd']; context = [[5, 59]]
validation step on 250 59/100; scene = ['0c52996355b23d76']; context = [[51, 111]]
validation step on 250 60/100; scene = ['62bcb465bb03d34f']; context = [[6, 84]]
validation step on 250 61/100; scene = ['1f0e06e4388dd600']; context = [[44, 96]]
validation step on 250 62/100; scene = ['c9c30723d7c54793']; context = [[152, 247]]
validation step on 250 63/100; scene = ['8b212f2755d955ec']; context = [[40, 110]]
validation step on 250 64/100; scene = ['de67e3a0b0648cfe']; context = [[16, 72]]
validation step on 250 65/100; scene = ['54841308aff91857']; context = [[27, 86]]
validation step on 250 66/100; scene = ['40ca76de44a6e1a9']; context = [[43, 107]]
validation step on 250 67/100; scene = ['bc143130c1842e4b']; context = [[29, 133]]
validation step on 250 68/100; scene = ['912177dbf0a1ed6c']; context = [[3, 60]]
validation step on 250 69/100; scene = ['afe4e799a94e06b3']; context = [[54, 150]]
validation step on 250 70/100; scene = ['17f552ef56d85c55']; context = [[20, 86]]
validation step on 250 71/100; scene = ['a7c691c210154b09']; context = [[0, 50]]
validation step on 250 72/100; scene = ['9490f1219dbbb6ce']; context = [[17, 72]]
validation step on 250 73/100; scene = ['154365ab5a4e067b']; context = [[2, 48]]
validation step on 250 74/100; scene = ['ab4c269f8d523d02']; context = [[18, 72]]
validation step on 250 75/100; scene = ['75d475e9558ab806']; context = [[1, 46]]
validation step on 250 76/100; scene = ['fdaab1f49851782c']; context = [[31, 142]]
validation step on 250 77/100; scene = ['2d4efa3897a4ba2d']; context = [[4, 58]]
validation step on 250 78/100; scene = ['14f477e7d5af5b91']; context = [[17, 72]]
validation step on 250 79/100; scene = ['de45926738229f67']; context = [[22, 84]]
validation step on 250 80/100; scene = ['5c909c802eb6edb1']; context = [[13, 78]]
validation step on 250 81/100; scene = ['aa91dfdd5f4ad32b']; context = [[8, 57]]
validation step on 250 82/100; scene = ['88d9ba3324f2ec21']; context = [[2, 49]]
validation step on 250 83/100; scene = ['622ef98e83ed5239']; context = [[3, 66]]
validation step on 250 84/100; scene = ['30fc5fc78c5a716e']; context = [[151, 210]]
validation step on 250 85/100; scene = ['8b760ac05c93a6bb']; context = [[26, 72]]
validation step on 250 86/100; scene = ['800ea72b6988f63e']; context = [[141, 190]]
validation step on 250 87/100; scene = ['674dabef8f53b566']; context = [[9, 91]]
validation step on 250 88/100; scene = ['d3a01038c5f21473']; context = [[139, 273]]
validation step on 250 89/100; scene = ['3e5f747d06bc84a3']; context = [[85, 190]]
validation step on 250 90/100; scene = ['bb6fa5bdafc14e8c']; context = [[43, 139]]
validation step on 250 91/100; scene = ['052430ff6e2c07c4']; context = [[19, 92]]
validation step on 250 92/100; scene = ['0588138dfec165a1']; context = [[70, 160]]
validation step on 250 93/100; scene = ['e4bcb18fa6aa91be']; context = [[32, 79]]
validation step on 250 94/100; scene = ['4c4fa41951e37e78']; context = [[8, 60]]
validation step on 250 95/100; scene = ['252a24d25a1ea81d']; context = [[198, 263]]
validation step on 250 96/100; scene = ['214df1c2863d2959']; context = [[45, 96]]
validation step on 250 97/100; scene = ['bfd27ad72975e120']; context = [[8, 55]]
validation step on 250 98/100; scene = ['572acd18419c3456']; context = [[3, 62]]
validation step on 250 99/100; scene = ['b26e6c80d283c4c8']; context = [[46, 92]]
validation step on 250 100/100; scene = ['10c8e54590f715f7']; context = [[6, 76]]
train step[250/2000] ; used: 5m:18s; eta: 36m:58s; loss = 0.012700; ['mse_0=0.001271; ', 'lpips_0=0.004241; ', 'codec_recon_0=0.017953; ', 'bpp_0=6.039536; ', 'mse_1=0.000922; ', 'lpips_1=0.003322; ', 'codec_recon_1=0.345946; ', 'bpp_1=0.295448; ', 'mse_2=0.000601; ', 'lpips_2=0.002343; ', 'codec_recon_2=0.079718; ', 'bpp_2=0.274251; ']
train step[251/2000] ; used: 5m:19s; eta: 36m:55s; loss = 0.011090; ['mse_0=0.000679; ', 'lpips_0=0.004003; ', 'codec_recon_0=0.017091; ', 'bpp_0=6.030347; ', 'mse_1=0.000504; ', 'lpips_1=0.003196; ', 'codec_recon_1=0.315268; ', 'bpp_1=0.295196; ', 'mse_2=0.000341; ', 'lpips_2=0.002367; ', 'codec_recon_2=0.079633; ', 'bpp_2=0.275113; ']
train step[252/2000] ; used: 5m:20s; eta: 36m:52s; loss = 0.012866; ['mse_0=0.001371; ', 'lpips_0=0.003708; ', 'codec_recon_0=0.020808; ', 'bpp_0=5.952793; ', 'mse_1=0.001095; ', 'lpips_1=0.003095; ', 'codec_recon_1=0.291724; ', 'bpp_1=0.294903; ', 'mse_2=0.000953; ', 'lpips_2=0.002645; ', 'codec_recon_2=0.077138; ', 'bpp_2=0.273195; ']
train step[253/2000] ; used: 5m:21s; eta: 36m:49s; loss = 0.017216; ['mse_0=0.001187; ', 'lpips_0=0.005325; ', 'codec_recon_0=0.020872; ', 'bpp_0=6.030831; ', 'mse_1=0.001018; ', 'lpips_1=0.004514; ', 'codec_recon_1=0.281521; ', 'bpp_1=0.293459; ', 'mse_2=0.000967; ', 'lpips_2=0.004204; ', 'codec_recon_2=0.083372; ', 'bpp_2=0.273453; ']
train step[254/2000] ; used: 5m:22s; eta: 36m:47s; loss = 0.012427; ['mse_0=0.000741; ', 'lpips_0=0.003949; ', 'codec_recon_0=0.027476; ', 'bpp_0=5.772831; ', 'mse_1=0.000606; ', 'lpips_1=0.003413; ', 'codec_recon_1=0.301598; ', 'bpp_1=0.288482; ', 'mse_2=0.000559; ', 'lpips_2=0.003157; ', 'codec_recon_2=0.095859; ', 'bpp_2=0.265699; ']
train step[255/2000] ; used: 5m:23s; eta: 36m:44s; loss = 0.008995; ['mse_0=0.000515; ', 'lpips_0=0.003212; ', 'codec_recon_0=0.019915; ', 'bpp_0=6.074855; ', 'mse_1=0.000370; ', 'lpips_1=0.002549; ', 'codec_recon_1=0.319945; ', 'bpp_1=0.295074; ', 'mse_2=0.000294; ', 'lpips_2=0.002055; ', 'codec_recon_2=0.092047; ', 'bpp_2=0.272161; ']
train step[256/2000] ; used: 5m:24s; eta: 36m:41s; loss = 0.010691; ['mse_0=0.000585; ', 'lpips_0=0.003701; ', 'codec_recon_0=0.018095; ', 'bpp_0=5.858871; ', 'mse_1=0.000455; ', 'lpips_1=0.003062; ', 'codec_recon_1=0.301178; ', 'bpp_1=0.290028; ', 'mse_2=0.000330; ', 'lpips_2=0.002558; ', 'codec_recon_2=0.081465; ', 'bpp_2=0.265999; ']
train step[257/2000] ; used: 5m:25s; eta: 36m:38s; loss = 0.017436; ['mse_0=0.001826; ', 'lpips_0=0.004684; ', 'codec_recon_0=0.019636; ', 'bpp_0=6.086351; ', 'mse_1=0.001577; ', 'lpips_1=0.004218; ', 'codec_recon_1=0.307408; ', 'bpp_1=0.296744; ', 'mse_2=0.001361; ', 'lpips_2=0.003771; ', 'codec_recon_2=0.073539; ', 'bpp_2=0.277597; ']
train step[258/2000] ; used: 5m:26s; eta: 36m:35s; loss = 0.015731; ['mse_0=0.001257; ', 'lpips_0=0.004837; ', 'codec_recon_0=0.017939; ', 'bpp_0=6.060643; ', 'mse_1=0.000993; ', 'lpips_1=0.004162; ', 'codec_recon_1=0.296523; ', 'bpp_1=0.295230; ', 'mse_2=0.000897; ', 'lpips_2=0.003585; ', 'codec_recon_2=0.087653; ', 'bpp_2=0.274126; ']
train step[259/2000] ; used: 5m:27s; eta: 36m:33s; loss = 0.013407; ['mse_0=0.001631; ', 'lpips_0=0.003348; ', 'codec_recon_0=0.018975; ', 'bpp_0=6.050260; ', 'mse_1=0.001502; ', 'lpips_1=0.002846; ', 'codec_recon_1=0.256301; ', 'bpp_1=0.293794; ', 'mse_2=0.001468; ', 'lpips_2=0.002613; ', 'codec_recon_2=0.081873; ', 'bpp_2=0.270499; ']
train step[260/2000] ; used: 5m:28s; eta: 36m:30s; loss = 0.027915; ['mse_0=0.005023; ', 'lpips_0=0.004789; ', 'codec_recon_0=0.023609; ', 'bpp_0=6.044599; ', 'mse_1=0.004895; ', 'lpips_1=0.004331; ', 'codec_recon_1=0.280182; ', 'bpp_1=0.295222; ', 'mse_2=0.004822; ', 'lpips_2=0.004054; ', 'codec_recon_2=0.097705; ', 'bpp_2=0.272360; ']
train step[261/2000] ; used: 5m:29s; eta: 36m:27s; loss = 0.009429; ['mse_0=0.000916; ', 'lpips_0=0.003269; ', 'codec_recon_0=0.019512; ', 'bpp_0=6.115328; ', 'mse_1=0.000614; ', 'lpips_1=0.002427; ', 'codec_recon_1=0.325913; ', 'bpp_1=0.298048; ', 'mse_2=0.000417; ', 'lpips_2=0.001785; ', 'codec_recon_2=0.086963; ', 'bpp_2=0.272642; ']
train step[262/2000] ; used: 5m:30s; eta: 36m:24s; loss = 0.025635; ['mse_0=0.003793; ', 'lpips_0=0.005278; ', 'codec_recon_0=0.019853; ', 'bpp_0=5.985219; ', 'mse_1=0.003596; ', 'lpips_1=0.004815; ', 'codec_recon_1=0.277268; ', 'bpp_1=0.295468; ', 'mse_2=0.003566; ', 'lpips_2=0.004587; ', 'codec_recon_2=0.079387; ', 'bpp_2=0.273328; ']
train step[263/2000] ; used: 5m:31s; eta: 36m:21s; loss = 0.015106; ['mse_0=0.001446; ', 'lpips_0=0.004413; ', 'codec_recon_0=0.020531; ', 'bpp_0=6.023244; ', 'mse_1=0.001192; ', 'lpips_1=0.003680; ', 'codec_recon_1=0.284067; ', 'bpp_1=0.295912; ', 'mse_2=0.001095; ', 'lpips_2=0.003281; ', 'codec_recon_2=0.081635; ', 'bpp_2=0.274942; ']
train step[264/2000] ; used: 5m:32s; eta: 36m:18s; loss = 0.012821; ['mse_0=0.000384; ', 'lpips_0=0.004267; ', 'codec_recon_0=0.022882; ', 'bpp_0=5.686510; ', 'mse_1=0.000318; ', 'lpips_1=0.003915; ', 'codec_recon_1=0.280902; ', 'bpp_1=0.285289; ', 'mse_2=0.000289; ', 'lpips_2=0.003647; ', 'codec_recon_2=0.081305; ', 'bpp_2=0.262802; ']
train step[265/2000] ; used: 5m:33s; eta: 36m:16s; loss = 0.016579; ['mse_0=0.001433; ', 'lpips_0=0.004802; ', 'codec_recon_0=0.019236; ', 'bpp_0=5.901018; ', 'mse_1=0.001286; ', 'lpips_1=0.004144; ', 'codec_recon_1=0.294687; ', 'bpp_1=0.293570; ', 'mse_2=0.001187; ', 'lpips_2=0.003728; ', 'codec_recon_2=0.075579; ', 'bpp_2=0.271713; ']
train step[266/2000] ; used: 5m:34s; eta: 36m:13s; loss = 0.009559; ['mse_0=0.000365; ', 'lpips_0=0.003236; ', 'codec_recon_0=0.020336; ', 'bpp_0=5.941414; ', 'mse_1=0.000304; ', 'lpips_1=0.002800; ', 'codec_recon_1=0.269707; ', 'bpp_1=0.291590; ', 'mse_2=0.000281; ', 'lpips_2=0.002573; ', 'codec_recon_2=0.084211; ', 'bpp_2=0.269830; ']
train step[267/2000] ; used: 5m:35s; eta: 36m:10s; loss = 0.022661; ['mse_0=0.001943; ', 'lpips_0=0.006242; ', 'codec_recon_0=0.018768; ', 'bpp_0=6.114004; ', 'mse_1=0.001803; ', 'lpips_1=0.005836; ', 'codec_recon_1=0.345813; ', 'bpp_1=0.297125; ', 'mse_2=0.001648; ', 'lpips_2=0.005189; ', 'codec_recon_2=0.084270; ', 'bpp_2=0.277031; ']
train step[268/2000] ; used: 5m:36s; eta: 36m:7s; loss = 0.008955; ['mse_0=0.000919; ', 'lpips_0=0.002995; ', 'codec_recon_0=0.018072; ', 'bpp_0=6.084439; ', 'mse_1=0.000677; ', 'lpips_1=0.002295; ', 'codec_recon_1=0.317664; ', 'bpp_1=0.297155; ', 'mse_2=0.000395; ', 'lpips_2=0.001674; ', 'codec_recon_2=0.075261; ', 'bpp_2=0.274379; ']
train step[269/2000] ; used: 5m:37s; eta: 36m:5s; loss = 0.022031; ['mse_0=0.003407; ', 'lpips_0=0.005423; ', 'codec_recon_0=0.020046; ', 'bpp_0=6.175015; ', 'mse_1=0.002843; ', 'lpips_1=0.004582; ', 'codec_recon_1=0.370647; ', 'bpp_1=0.299572; ', 'mse_2=0.002406; ', 'lpips_2=0.003369; ', 'codec_recon_2=0.083880; ', 'bpp_2=0.281406; ']
train step[270/2000] ; used: 5m:38s; eta: 36m:3s; loss = 0.019238; ['mse_0=0.001458; ', 'lpips_0=0.005847; ', 'codec_recon_0=0.025329; ', 'bpp_0=5.941330; ', 'mse_1=0.001319; ', 'lpips_1=0.005067; ', 'codec_recon_1=0.320264; ', 'bpp_1=0.292238; ', 'mse_2=0.001179; ', 'lpips_2=0.004368; ', 'codec_recon_2=0.096975; ', 'bpp_2=0.270828; ']
train step[271/2000] ; used: 5m:39s; eta: 36m; loss = 0.020271; ['mse_0=0.002053; ', 'lpips_0=0.005603; ', 'codec_recon_0=0.020996; ', 'bpp_0=6.113720; ', 'mse_1=0.001865; ', 'lpips_1=0.004956; ', 'codec_recon_1=0.361268; ', 'bpp_1=0.296576; ', 'mse_2=0.001625; ', 'lpips_2=0.004169; ', 'codec_recon_2=0.084793; ', 'bpp_2=0.278461; ']
train step[272/2000] ; used: 5m:41s; eta: 36m:1s; loss = 0.017412; ['mse_0=0.002203; ', 'lpips_0=0.004326; ', 'codec_recon_0=0.022820; ', 'bpp_0=6.102613; ', 'mse_1=0.002001; ', 'lpips_1=0.003648; ', 'codec_recon_1=0.308964; ', 'bpp_1=0.297017; ', 'mse_2=0.001903; ', 'lpips_2=0.003330; ', 'codec_recon_2=0.085376; ', 'bpp_2=0.276159; ']
train step[273/2000] ; used: 5m:42s; eta: 35m:58s; loss = 0.010363; ['mse_0=0.000534; ', 'lpips_0=0.003565; ', 'codec_recon_0=0.022637; ', 'bpp_0=5.742575; ', 'mse_1=0.000425; ', 'lpips_1=0.003001; ', 'codec_recon_1=0.298659; ', 'bpp_1=0.287430; ', 'mse_2=0.000300; ', 'lpips_2=0.002539; ', 'codec_recon_2=0.078662; ', 'bpp_2=0.265539; ']
train step[274/2000] ; used: 5m:43s; eta: 35m:55s; loss = 0.012766; ['mse_0=0.000627; ', 'lpips_0=0.004202; ', 'codec_recon_0=0.019584; ', 'bpp_0=5.867339; ', 'mse_1=0.000538; ', 'lpips_1=0.003708; ', 'codec_recon_1=0.302962; ', 'bpp_1=0.292791; ', 'mse_2=0.000447; ', 'lpips_2=0.003244; ', 'codec_recon_2=0.077980; ', 'bpp_2=0.271597; ']
train step[275/2000] ; used: 5m:44s; eta: 35m:53s; loss = 0.009480; ['mse_0=0.000539; ', 'lpips_0=0.003192; ', 'codec_recon_0=0.020482; ', 'bpp_0=6.049345; ', 'mse_1=0.000422; ', 'lpips_1=0.002628; ', 'codec_recon_1=0.275234; ', 'bpp_1=0.293715; ', 'mse_2=0.000357; ', 'lpips_2=0.002342; ', 'codec_recon_2=0.086049; ', 'bpp_2=0.273238; ']
train step[276/2000] ; used: 5m:45s; eta: 35m:50s; loss = 0.008414; ['mse_0=0.000903; ', 'lpips_0=0.002822; ', 'codec_recon_0=0.018390; ', 'bpp_0=6.134268; ', 'mse_1=0.000662; ', 'lpips_1=0.002050; ', 'codec_recon_1=0.320248; ', 'bpp_1=0.297620; ', 'mse_2=0.000472; ', 'lpips_2=0.001505; ', 'codec_recon_2=0.075181; ', 'bpp_2=0.277409; ']
train step[277/2000] ; used: 5m:46s; eta: 35m:47s; loss = 0.010398; ['mse_0=0.000551; ', 'lpips_0=0.003539; ', 'codec_recon_0=0.020457; ', 'bpp_0=6.018695; ', 'mse_1=0.000432; ', 'lpips_1=0.002918; ', 'codec_recon_1=0.271368; ', 'bpp_1=0.293466; ', 'mse_2=0.000371; ', 'lpips_2=0.002588; ', 'codec_recon_2=0.088269; ', 'bpp_2=0.270728; ']
train step[278/2000] ; used: 5m:47s; eta: 35m:45s; loss = 0.014755; ['mse_0=0.001219; ', 'lpips_0=0.004915; ', 'codec_recon_0=0.021372; ', 'bpp_0=6.035858; ', 'mse_1=0.000868; ', 'lpips_1=0.004017; ', 'codec_recon_1=0.357113; ', 'bpp_1=0.294638; ', 'mse_2=0.000633; ', 'lpips_2=0.003104; ', 'codec_recon_2=0.078568; ', 'bpp_2=0.275130; ']
train step[279/2000] ; used: 5m:48s; eta: 35m:42s; loss = 0.016366; ['mse_0=0.001538; ', 'lpips_0=0.004771; ', 'codec_recon_0=0.018353; ', 'bpp_0=6.190115; ', 'mse_1=0.001313; ', 'lpips_1=0.004038; ', 'codec_recon_1=0.302141; ', 'bpp_1=0.297253; ', 'mse_2=0.001195; ', 'lpips_2=0.003510; ', 'codec_recon_2=0.084606; ', 'bpp_2=0.276838; ']
train step[280/2000] ; used: 5m:49s; eta: 35m:40s; loss = 0.013395; ['mse_0=0.001158; ', 'lpips_0=0.004101; ', 'codec_recon_0=0.020751; ', 'bpp_0=5.993191; ', 'mse_1=0.000942; ', 'lpips_1=0.003404; ', 'codec_recon_1=0.321209; ', 'bpp_1=0.294161; ', 'mse_2=0.000807; ', 'lpips_2=0.002983; ', 'codec_recon_2=0.080594; ', 'bpp_2=0.272240; ']
train step[281/2000] ; used: 5m:50s; eta: 35m:37s; loss = 0.010914; ['mse_0=0.000690; ', 'lpips_0=0.003480; ', 'codec_recon_0=0.021325; ', 'bpp_0=5.946216; ', 'mse_1=0.000610; ', 'lpips_1=0.002919; ', 'codec_recon_1=0.284948; ', 'bpp_1=0.291675; ', 'mse_2=0.000586; ', 'lpips_2=0.002629; ', 'codec_recon_2=0.085909; ', 'bpp_2=0.269234; ']
train step[282/2000] ; used: 5m:51s; eta: 35m:35s; loss = 0.029167; ['mse_0=0.004329; ', 'lpips_0=0.006531; ', 'codec_recon_0=0.020420; ', 'bpp_0=6.105297; ', 'mse_1=0.003965; ', 'lpips_1=0.005779; ', 'codec_recon_1=0.351854; ', 'bpp_1=0.298484; ', 'mse_2=0.003554; ', 'lpips_2=0.005010; ', 'codec_recon_2=0.076046; ', 'bpp_2=0.280233; ']
train step[283/2000] ; used: 5m:52s; eta: 35m:32s; loss = 0.012824; ['mse_0=0.001402; ', 'lpips_0=0.004341; ', 'codec_recon_0=0.017760; ', 'bpp_0=6.298987; ', 'mse_1=0.001052; ', 'lpips_1=0.003242; ', 'codec_recon_1=0.370457; ', 'bpp_1=0.300365; ', 'mse_2=0.000667; ', 'lpips_2=0.002121; ', 'codec_recon_2=0.083352; ', 'bpp_2=0.283228; ']
train step[284/2000] ; used: 5m:53s; eta: 35m:30s; loss = 0.012071; ['mse_0=0.000488; ', 'lpips_0=0.003945; ', 'codec_recon_0=0.021151; ', 'bpp_0=5.913082; ', 'mse_1=0.000408; ', 'lpips_1=0.003526; ', 'codec_recon_1=0.255465; ', 'bpp_1=0.291416; ', 'mse_2=0.000378; ', 'lpips_2=0.003326; ', 'codec_recon_2=0.077360; ', 'bpp_2=0.269642; ']
train step[285/2000] ; used: 5m:54s; eta: 35m:27s; loss = 0.013807; ['mse_0=0.001087; ', 'lpips_0=0.004257; ', 'codec_recon_0=0.021076; ', 'bpp_0=6.217252; ', 'mse_1=0.000922; ', 'lpips_1=0.003506; ', 'codec_recon_1=0.314465; ', 'bpp_1=0.297672; ', 'mse_2=0.000875; ', 'lpips_2=0.003161; ', 'codec_recon_2=0.094073; ', 'bpp_2=0.276194; ']
train step[286/2000] ; used: 5m:55s; eta: 35m:25s; loss = 0.016291; ['mse_0=0.001632; ', 'lpips_0=0.004691; ', 'codec_recon_0=0.025644; ', 'bpp_0=5.969409; ', 'mse_1=0.001392; ', 'lpips_1=0.003984; ', 'codec_recon_1=0.354912; ', 'bpp_1=0.293537; ', 'mse_2=0.001228; ', 'lpips_2=0.003363; ', 'codec_recon_2=0.083224; ', 'bpp_2=0.273626; ']
train step[287/2000] ; used: 5m:56s; eta: 35m:23s; loss = 0.012686; ['mse_0=0.000911; ', 'lpips_0=0.003815; ', 'codec_recon_0=0.020124; ', 'bpp_0=5.949270; ', 'mse_1=0.000657; ', 'lpips_1=0.003390; ', 'codec_recon_1=0.244344; ', 'bpp_1=0.292411; ', 'mse_2=0.000656; ', 'lpips_2=0.003257; ', 'codec_recon_2=0.075569; ', 'bpp_2=0.271777; ']
train step[288/2000] ; used: 5m:57s; eta: 35m:20s; loss = 0.017631; ['mse_0=0.001006; ', 'lpips_0=0.005473; ', 'codec_recon_0=0.025508; ', 'bpp_0=5.542462; ', 'mse_1=0.000877; ', 'lpips_1=0.004892; ', 'codec_recon_1=0.285255; ', 'bpp_1=0.284483; ', 'mse_2=0.000801; ', 'lpips_2=0.004582; ', 'codec_recon_2=0.070181; ', 'bpp_2=0.264793; ']
train step[289/2000] ; used: 5m:59s; eta: 35m:18s; loss = 0.014181; ['mse_0=0.001037; ', 'lpips_0=0.004915; ', 'codec_recon_0=0.019969; ', 'bpp_0=6.301129; ', 'mse_1=0.000779; ', 'lpips_1=0.003985; ', 'codec_recon_1=0.372551; ', 'bpp_1=0.300503; ', 'mse_2=0.000532; ', 'lpips_2=0.002933; ', 'codec_recon_2=0.084269; ', 'bpp_2=0.282205; ']
train step[290/2000] ; used: 6m; eta: 35m:15s; loss = 0.017410; ['mse_0=0.001581; ', 'lpips_0=0.004937; ', 'codec_recon_0=0.021369; ', 'bpp_0=6.036922; ', 'mse_1=0.001340; ', 'lpips_1=0.004317; ', 'codec_recon_1=0.302614; ', 'bpp_1=0.294642; ', 'mse_2=0.001265; ', 'lpips_2=0.003969; ', 'codec_recon_2=0.083334; ', 'bpp_2=0.274523; ']
train step[291/2000] ; used: 6m:1s; eta: 35m:13s; loss = 0.024990; ['mse_0=0.002873; ', 'lpips_0=0.006750; ', 'codec_recon_0=0.020836; ', 'bpp_0=6.151843; ', 'mse_1=0.002568; ', 'lpips_1=0.005894; ', 'codec_recon_1=0.383166; ', 'bpp_1=0.297668; ', 'mse_2=0.002120; ', 'lpips_2=0.004786; ', 'codec_recon_2=0.076538; ', 'bpp_2=0.280089; ']
train step[292/2000] ; used: 6m:2s; eta: 35m:10s; loss = 0.016002; ['mse_0=0.001487; ', 'lpips_0=0.004775; ', 'codec_recon_0=0.018577; ', 'bpp_0=6.116741; ', 'mse_1=0.001161; ', 'lpips_1=0.004245; ', 'codec_recon_1=0.337223; ', 'bpp_1=0.297937; ', 'mse_2=0.000881; ', 'lpips_2=0.003452; ', 'codec_recon_2=0.084646; ', 'bpp_2=0.278420; ']
train step[293/2000] ; used: 6m:3s; eta: 35m:8s; loss = 0.017880; ['mse_0=0.002212; ', 'lpips_0=0.004806; ', 'codec_recon_0=0.018091; ', 'bpp_0=6.233326; ', 'mse_1=0.001878; ', 'lpips_1=0.004014; ', 'codec_recon_1=0.311204; ', 'bpp_1=0.300785; ', 'mse_2=0.001632; ', 'lpips_2=0.003337; ', 'codec_recon_2=0.080195; ', 'bpp_2=0.280706; ']
train step[294/2000] ; used: 6m:4s; eta: 35m:6s; loss = 0.013531; ['mse_0=0.000943; ', 'lpips_0=0.004242; ', 'codec_recon_0=0.023822; ', 'bpp_0=6.033880; ', 'mse_1=0.000781; ', 'lpips_1=0.003590; ', 'codec_recon_1=0.297922; ', 'bpp_1=0.292637; ', 'mse_2=0.000691; ', 'lpips_2=0.003285; ', 'codec_recon_2=0.093097; ', 'bpp_2=0.272473; ']
train step[295/2000] ; used: 6m:5s; eta: 35m:3s; loss = 0.012400; ['mse_0=0.000971; ', 'lpips_0=0.003782; ', 'codec_recon_0=0.023385; ', 'bpp_0=5.774396; ', 'mse_1=0.000853; ', 'lpips_1=0.003153; ', 'codec_recon_1=0.241304; ', 'bpp_1=0.288882; ', 'mse_2=0.000798; ', 'lpips_2=0.002842; ', 'codec_recon_2=0.076982; ', 'bpp_2=0.267508; ']
train step[296/2000] ; used: 6m:6s; eta: 35m:1s; loss = 0.044049; ['mse_0=0.006744; ', 'lpips_0=0.008498; ', 'codec_recon_0=0.022933; ', 'bpp_0=6.100625; ', 'mse_1=0.006531; ', 'lpips_1=0.008021; ', 'codec_recon_1=0.317423; ', 'bpp_1=0.294870; ', 'mse_2=0.006530; ', 'lpips_2=0.007725; ', 'codec_recon_2=0.089285; ', 'bpp_2=0.276475; ']
train step[297/2000] ; used: 6m:7s; eta: 34m:59s; loss = 0.012517; ['mse_0=0.000923; ', 'lpips_0=0.004045; ', 'codec_recon_0=0.020025; ', 'bpp_0=5.958513; ', 'mse_1=0.000760; ', 'lpips_1=0.003378; ', 'codec_recon_1=0.307345; ', 'bpp_1=0.294798; ', 'mse_2=0.000597; ', 'lpips_2=0.002814; ', 'codec_recon_2=0.084005; ', 'bpp_2=0.272599; ']
train step[298/2000] ; used: 6m:8s; eta: 34m:57s; loss = 0.011034; ['mse_0=0.000393; ', 'lpips_0=0.004177; ', 'codec_recon_0=0.021076; ', 'bpp_0=5.995158; ', 'mse_1=0.000302; ', 'lpips_1=0.003287; ', 'codec_recon_1=0.319152; ', 'bpp_1=0.292562; ', 'mse_2=0.000217; ', 'lpips_2=0.002657; ', 'codec_recon_2=0.092969; ', 'bpp_2=0.270086; ']
train step[299/2000] ; used: 6m:9s; eta: 34m:54s; loss = 0.010075; ['mse_0=0.000649; ', 'lpips_0=0.003242; ', 'codec_recon_0=0.020379; ', 'bpp_0=5.887228; ', 'mse_1=0.000530; ', 'lpips_1=0.002749; ', 'codec_recon_1=0.251003; ', 'bpp_1=0.289789; ', 'mse_2=0.000452; ', 'lpips_2=0.002453; ', 'codec_recon_2=0.073746; ', 'bpp_2=0.268582; ']
train step[300/2000] ; used: 6m:10s; eta: 34m:52s; loss = 0.013202; ['mse_0=0.001444; ', 'lpips_0=0.003638; ', 'codec_recon_0=0.019741; ', 'bpp_0=6.016367; ', 'mse_1=0.001298; ', 'lpips_1=0.003041; ', 'codec_recon_1=0.295638; ', 'bpp_1=0.294604; ', 'mse_2=0.001228; ', 'lpips_2=0.002552; ', 'codec_recon_2=0.074652; ', 'bpp_2=0.275155; ']
train step[301/2000] ; used: 6m:11s; eta: 34m:50s; loss = 0.010713; ['mse_0=0.000600; ', 'lpips_0=0.003574; ', 'codec_recon_0=0.017476; ', 'bpp_0=6.187642; ', 'mse_1=0.000453; ', 'lpips_1=0.003071; ', 'codec_recon_1=0.298879; ', 'bpp_1=0.297987; ', 'mse_2=0.000360; ', 'lpips_2=0.002654; ', 'codec_recon_2=0.087533; ', 'bpp_2=0.277391; ']
train step[302/2000] ; used: 6m:12s; eta: 34m:47s; loss = 0.017255; ['mse_0=0.001379; ', 'lpips_0=0.004894; ', 'codec_recon_0=0.025523; ', 'bpp_0=5.693535; ', 'mse_1=0.001239; ', 'lpips_1=0.004399; ', 'codec_recon_1=0.263691; ', 'bpp_1=0.288602; ', 'mse_2=0.001193; ', 'lpips_2=0.004150; ', 'codec_recon_2=0.079896; ', 'bpp_2=0.268988; ']
train step[303/2000] ; used: 6m:13s; eta: 34m:45s; loss = 0.028383; ['mse_0=0.003996; ', 'lpips_0=0.006045; ', 'codec_recon_0=0.019446; ', 'bpp_0=6.012516; ', 'mse_1=0.003704; ', 'lpips_1=0.005544; ', 'codec_recon_1=0.293688; ', 'bpp_1=0.292271; ', 'mse_2=0.003834; ', 'lpips_2=0.005260; ', 'codec_recon_2=0.084084; ', 'bpp_2=0.269946; ']
train step[304/2000] ; used: 6m:14s; eta: 34m:43s; loss = 0.013932; ['mse_0=0.001622; ', 'lpips_0=0.003720; ', 'codec_recon_0=0.019203; ', 'bpp_0=5.975917; ', 'mse_1=0.001446; ', 'lpips_1=0.003117; ', 'codec_recon_1=0.304887; ', 'bpp_1=0.294036; ', 'mse_2=0.001349; ', 'lpips_2=0.002678; ', 'codec_recon_2=0.079959; ', 'bpp_2=0.272508; ']
train step[305/2000] ; used: 6m:15s; eta: 34m:41s; loss = 0.023658; ['mse_0=0.002693; ', 'lpips_0=0.006254; ', 'codec_recon_0=0.019765; ', 'bpp_0=5.919809; ', 'mse_1=0.002352; ', 'lpips_1=0.005424; ', 'codec_recon_1=0.341649; ', 'bpp_1=0.292580; ', 'mse_2=0.002100; ', 'lpips_2=0.004837; ', 'codec_recon_2=0.075721; ', 'bpp_2=0.274444; ']
train step[306/2000] ; used: 6m:16s; eta: 34m:38s; loss = 0.016714; ['mse_0=0.002415; ', 'lpips_0=0.003795; ', 'codec_recon_0=0.028373; ', 'bpp_0=5.886886; ', 'mse_1=0.002247; ', 'lpips_1=0.003216; ', 'codec_recon_1=0.287231; ', 'bpp_1=0.293245; ', 'mse_2=0.002227; ', 'lpips_2=0.002813; ', 'codec_recon_2=0.083184; ', 'bpp_2=0.272211; ']
train step[307/2000] ; used: 6m:17s; eta: 34m:36s; loss = 0.021525; ['mse_0=0.002427; ', 'lpips_0=0.005857; ', 'codec_recon_0=0.019686; ', 'bpp_0=6.266479; ', 'mse_1=0.002038; ', 'lpips_1=0.005143; ', 'codec_recon_1=0.349730; ', 'bpp_1=0.300634; ', 'mse_2=0.001761; ', 'lpips_2=0.004300; ', 'codec_recon_2=0.084798; ', 'bpp_2=0.283193; ']
train step[308/2000] ; used: 6m:18s; eta: 34m:34s; loss = 0.015103; ['mse_0=0.001278; ', 'lpips_0=0.004529; ', 'codec_recon_0=0.018674; ', 'bpp_0=6.002503; ', 'mse_1=0.001063; ', 'lpips_1=0.003903; ', 'codec_recon_1=0.307152; ', 'bpp_1=0.296410; ', 'mse_2=0.000909; ', 'lpips_2=0.003421; ', 'codec_recon_2=0.074422; ', 'bpp_2=0.276161; ']
train step[309/2000] ; used: 6m:19s; eta: 34m:32s; loss = 0.021976; ['mse_0=0.001385; ', 'lpips_0=0.006900; ', 'codec_recon_0=0.021463; ', 'bpp_0=6.173055; ', 'mse_1=0.001136; ', 'lpips_1=0.006185; ', 'codec_recon_1=0.381219; ', 'bpp_1=0.296431; ', 'mse_2=0.000977; ', 'lpips_2=0.005393; ', 'codec_recon_2=0.087044; ', 'bpp_2=0.277915; ']
train step[310/2000] ; used: 6m:20s; eta: 34m:29s; loss = 0.013997; ['mse_0=0.000994; ', 'lpips_0=0.004059; ', 'codec_recon_0=0.023410; ', 'bpp_0=5.777815; ', 'mse_1=0.000888; ', 'lpips_1=0.003681; ', 'codec_recon_1=0.249675; ', 'bpp_1=0.289169; ', 'mse_2=0.000859; ', 'lpips_2=0.003516; ', 'codec_recon_2=0.076955; ', 'bpp_2=0.269612; ']
train step[311/2000] ; used: 6m:21s; eta: 34m:27s; loss = 0.009792; ['mse_0=0.000720; ', 'lpips_0=0.003021; ', 'codec_recon_0=0.021756; ', 'bpp_0=5.987560; ', 'mse_1=0.000611; ', 'lpips_1=0.002544; ', 'codec_recon_1=0.267834; ', 'bpp_1=0.293469; ', 'mse_2=0.000547; ', 'lpips_2=0.002349; ', 'codec_recon_2=0.088650; ', 'bpp_2=0.270962; ']
train step[312/2000] ; used: 6m:22s; eta: 34m:25s; loss = 0.046338; ['mse_0=0.006119; ', 'lpips_0=0.010181; ', 'codec_recon_0=0.021485; ', 'bpp_0=6.255886; ', 'mse_1=0.005668; ', 'lpips_1=0.009626; ', 'codec_recon_1=0.395058; ', 'bpp_1=0.300132; ', 'mse_2=0.005445; ', 'lpips_2=0.009299; ', 'codec_recon_2=0.077031; ', 'bpp_2=0.282387; ']
train step[313/2000] ; used: 6m:23s; eta: 34m:22s; loss = 0.022089; ['mse_0=0.002583; ', 'lpips_0=0.005223; ', 'codec_recon_0=0.019449; ', 'bpp_0=6.151205; ', 'mse_1=0.002532; ', 'lpips_1=0.004769; ', 'codec_recon_1=0.289628; ', 'bpp_1=0.297207; ', 'mse_2=0.002469; ', 'lpips_2=0.004512; ', 'codec_recon_2=0.089302; ', 'bpp_2=0.274973; ']
train step[314/2000] ; used: 6m:25s; eta: 34m:20s; loss = 0.011573; ['mse_0=0.000629; ', 'lpips_0=0.004343; ', 'codec_recon_0=0.019870; ', 'bpp_0=5.957004; ', 'mse_1=0.000458; ', 'lpips_1=0.003481; ', 'codec_recon_1=0.361782; ', 'bpp_1=0.290613; ', 'mse_2=0.000219; ', 'lpips_2=0.002443; ', 'codec_recon_2=0.083937; ', 'bpp_2=0.271351; ']
train step[315/2000] ; used: 6m:26s; eta: 34m:18s; loss = 0.016925; ['mse_0=0.001731; ', 'lpips_0=0.004592; ', 'codec_recon_0=0.022139; ', 'bpp_0=5.934845; ', 'mse_1=0.001609; ', 'lpips_1=0.003885; ', 'codec_recon_1=0.284417; ', 'bpp_1=0.292151; ', 'mse_2=0.001557; ', 'lpips_2=0.003552; ', 'codec_recon_2=0.083053; ', 'bpp_2=0.271243; ']
train step[316/2000] ; used: 6m:27s; eta: 34m:16s; loss = 0.009729; ['mse_0=0.000757; ', 'lpips_0=0.003215; ', 'codec_recon_0=0.017471; ', 'bpp_0=6.012657; ', 'mse_1=0.000587; ', 'lpips_1=0.002669; ', 'codec_recon_1=0.309808; ', 'bpp_1=0.295311; ', 'mse_2=0.000385; ', 'lpips_2=0.002115; ', 'codec_recon_2=0.080517; ', 'bpp_2=0.272379; ']
train step[317/2000] ; used: 6m:28s; eta: 34m:14s; loss = 0.010270; ['mse_0=0.000797; ', 'lpips_0=0.003578; ', 'codec_recon_0=0.018861; ', 'bpp_0=6.061101; ', 'mse_1=0.000596; ', 'lpips_1=0.002815; ', 'codec_recon_1=0.303845; ', 'bpp_1=0.292518; ', 'mse_2=0.000406; ', 'lpips_2=0.002077; ', 'codec_recon_2=0.082041; ', 'bpp_2=0.270700; ']
train step[318/2000] ; used: 6m:29s; eta: 34m:11s; loss = 0.015831; ['mse_0=0.001200; ', 'lpips_0=0.004713; ', 'codec_recon_0=0.019891; ', 'bpp_0=6.007174; ', 'mse_1=0.001081; ', 'lpips_1=0.004129; ', 'codec_recon_1=0.281704; ', 'bpp_1=0.293088; ', 'mse_2=0.001007; ', 'lpips_2=0.003701; ', 'codec_recon_2=0.085566; ', 'bpp_2=0.272016; ']
train step[319/2000] ; used: 6m:30s; eta: 34m:9s; loss = 0.020909; ['mse_0=0.002512; ', 'lpips_0=0.005196; ', 'codec_recon_0=0.025977; ', 'bpp_0=5.858706; ', 'mse_1=0.002342; ', 'lpips_1=0.004679; ', 'codec_recon_1=0.308207; ', 'bpp_1=0.292965; ', 'mse_2=0.002117; ', 'lpips_2=0.004062; ', 'codec_recon_2=0.085629; ', 'bpp_2=0.273870; ']
train step[320/2000] ; used: 6m:31s; eta: 34m:7s; loss = 0.015642; ['mse_0=0.001698; ', 'lpips_0=0.004267; ', 'codec_recon_0=0.027701; ', 'bpp_0=6.044234; ', 'mse_1=0.001452; ', 'lpips_1=0.003746; ', 'codec_recon_1=0.343798; ', 'bpp_1=0.296412; ', 'mse_2=0.001269; ', 'lpips_2=0.003212; ', 'codec_recon_2=0.086018; ', 'bpp_2=0.274689; ']
train step[321/2000] ; used: 6m:32s; eta: 34m:5s; loss = 0.016153; ['mse_0=0.001414; ', 'lpips_0=0.005236; ', 'codec_recon_0=0.018859; ', 'bpp_0=6.143517; ', 'mse_1=0.001092; ', 'lpips_1=0.004391; ', 'codec_recon_1=0.377367; ', 'bpp_1=0.297592; ', 'mse_2=0.000763; ', 'lpips_2=0.003256; ', 'codec_recon_2=0.085960; ', 'bpp_2=0.278808; ']
train step[322/2000] ; used: 6m:33s; eta: 34m:2s; loss = 0.010109; ['mse_0=0.000372; ', 'lpips_0=0.003899; ', 'codec_recon_0=0.018598; ', 'bpp_0=5.927323; ', 'mse_1=0.000262; ', 'lpips_1=0.003026; ', 'codec_recon_1=0.319266; ', 'bpp_1=0.290472; ', 'mse_2=0.000174; ', 'lpips_2=0.002377; ', 'codec_recon_2=0.088498; ', 'bpp_2=0.265978; ']
train step[323/2000] ; used: 6m:34s; eta: 34m; loss = 0.012953; ['mse_0=0.000873; ', 'lpips_0=0.004024; ', 'codec_recon_0=0.022643; ', 'bpp_0=5.862501; ', 'mse_1=0.000740; ', 'lpips_1=0.003467; ', 'codec_recon_1=0.276143; ', 'bpp_1=0.292690; ', 'mse_2=0.000642; ', 'lpips_2=0.003207; ', 'codec_recon_2=0.083021; ', 'bpp_2=0.271047; ']
train step[324/2000] ; used: 6m:35s; eta: 33m:58s; loss = 0.017879; ['mse_0=0.001167; ', 'lpips_0=0.005554; ', 'codec_recon_0=0.021048; ', 'bpp_0=6.006560; ', 'mse_1=0.001013; ', 'lpips_1=0.004837; ', 'codec_recon_1=0.368568; ', 'bpp_1=0.293396; ', 'mse_2=0.000914; ', 'lpips_2=0.004393; ', 'codec_recon_2=0.092576; ', 'bpp_2=0.273684; ']
train step[325/2000] ; used: 6m:36s; eta: 33m:56s; loss = 0.010064; ['mse_0=0.000640; ', 'lpips_0=0.003274; ', 'codec_recon_0=0.020930; ', 'bpp_0=6.020263; ', 'mse_1=0.000505; ', 'lpips_1=0.002751; ', 'codec_recon_1=0.276625; ', 'bpp_1=0.293629; ', 'mse_2=0.000447; ', 'lpips_2=0.002448; ', 'codec_recon_2=0.090004; ', 'bpp_2=0.271202; ']
train step[326/2000] ; used: 6m:37s; eta: 33m:54s; loss = 0.023544; ['mse_0=0.002989; ', 'lpips_0=0.005972; ', 'codec_recon_0=0.020877; ', 'bpp_0=6.016398; ', 'mse_1=0.002564; ', 'lpips_1=0.005230; ', 'codec_recon_1=0.335792; ', 'bpp_1=0.294688; ', 'mse_2=0.002274; ', 'lpips_2=0.004516; ', 'codec_recon_2=0.079885; ', 'bpp_2=0.274417; ']
train step[327/2000] ; used: 6m:38s; eta: 33m:52s; loss = 0.030344; ['mse_0=0.005308; ', 'lpips_0=0.005996; ', 'codec_recon_0=0.018064; ', 'bpp_0=6.231499; ', 'mse_1=0.004937; ', 'lpips_1=0.005126; ', 'codec_recon_1=0.368225; ', 'bpp_1=0.300144; ', 'mse_2=0.004664; ', 'lpips_2=0.004313; ', 'codec_recon_2=0.077442; ', 'bpp_2=0.281453; ']
train step[328/2000] ; used: 6m:39s; eta: 33m:50s; loss = 0.010565; ['mse_0=0.000626; ', 'lpips_0=0.003501; ', 'codec_recon_0=0.019257; ', 'bpp_0=5.959320; ', 'mse_1=0.000485; ', 'lpips_1=0.002909; ', 'codec_recon_1=0.247789; ', 'bpp_1=0.291588; ', 'mse_2=0.000409; ', 'lpips_2=0.002634; ', 'codec_recon_2=0.076366; ', 'bpp_2=0.268598; ']
train step[329/2000] ; used: 6m:41s; eta: 33m:50s; loss = 0.025106; ['mse_0=0.003040; ', 'lpips_0=0.006210; ', 'codec_recon_0=0.019368; ', 'bpp_0=6.228559; ', 'mse_1=0.002933; ', 'lpips_1=0.005452; ', 'codec_recon_1=0.347959; ', 'bpp_1=0.298326; ', 'mse_2=0.002703; ', 'lpips_2=0.004769; ', 'codec_recon_2=0.081626; ', 'bpp_2=0.278880; ']
train step[330/2000] ; used: 6m:42s; eta: 33m:48s; loss = 0.031808; ['mse_0=0.004421; ', 'lpips_0=0.006985; ', 'codec_recon_0=0.019219; ', 'bpp_0=6.070461; ', 'mse_1=0.004189; ', 'lpips_1=0.006274; ', 'codec_recon_1=0.298131; ', 'bpp_1=0.296816; ', 'mse_2=0.004176; ', 'lpips_2=0.005763; ', 'codec_recon_2=0.083479; ', 'bpp_2=0.275674; ']
train step[331/2000] ; used: 6m:43s; eta: 33m:46s; loss = 0.012836; ['mse_0=0.000935; ', 'lpips_0=0.004326; ', 'codec_recon_0=0.017611; ', 'bpp_0=6.326121; ', 'mse_1=0.000728; ', 'lpips_1=0.003541; ', 'codec_recon_1=0.322201; ', 'bpp_1=0.301620; ', 'mse_2=0.000558; ', 'lpips_2=0.002748; ', 'codec_recon_2=0.094789; ', 'bpp_2=0.280183; ']
train step[332/2000] ; used: 6m:44s; eta: 33m:44s; loss = 0.008908; ['mse_0=0.000499; ', 'lpips_0=0.003143; ', 'codec_recon_0=0.020296; ', 'bpp_0=5.873737; ', 'mse_1=0.000380; ', 'lpips_1=0.002453; ', 'codec_recon_1=0.274661; ', 'bpp_1=0.289386; ', 'mse_2=0.000288; ', 'lpips_2=0.002145; ', 'codec_recon_2=0.076582; ', 'bpp_2=0.268438; ']
train step[333/2000] ; used: 6m:45s; eta: 33m:42s; loss = 0.047783; ['mse_0=0.007727; ', 'lpips_0=0.008779; ', 'codec_recon_0=0.023066; ', 'bpp_0=5.860123; ', 'mse_1=0.007601; ', 'lpips_1=0.008326; ', 'codec_recon_1=0.344008; ', 'bpp_1=0.292939; ', 'mse_2=0.007434; ', 'lpips_2=0.007916; ', 'codec_recon_2=0.082808; ', 'bpp_2=0.272000; ']
train step[334/2000] ; used: 6m:46s; eta: 33m:40s; loss = 0.017469; ['mse_0=0.001729; ', 'lpips_0=0.005457; ', 'codec_recon_0=0.019614; ', 'bpp_0=6.112801; ', 'mse_1=0.001412; ', 'lpips_1=0.004571; ', 'codec_recon_1=0.382666; ', 'bpp_1=0.296089; ', 'mse_2=0.000904; ', 'lpips_2=0.003396; ', 'codec_recon_2=0.075623; ', 'bpp_2=0.276782; ']
train step[335/2000] ; used: 6m:47s; eta: 33m:37s; loss = 0.009825; ['mse_0=0.000622; ', 'lpips_0=0.003194; ', 'codec_recon_0=0.020107; ', 'bpp_0=6.017603; ', 'mse_1=0.000489; ', 'lpips_1=0.002717; ', 'codec_recon_1=0.290896; ', 'bpp_1=0.292736; ', 'mse_2=0.000414; ', 'lpips_2=0.002387; ', 'codec_recon_2=0.085476; ', 'bpp_2=0.268936; ']
train step[336/2000] ; used: 6m:48s; eta: 33m:35s; loss = 0.011218; ['mse_0=0.000850; ', 'lpips_0=0.003591; ', 'codec_recon_0=0.020820; ', 'bpp_0=5.993517; ', 'mse_1=0.000773; ', 'lpips_1=0.002919; ', 'codec_recon_1=0.350712; ', 'bpp_1=0.295839; ', 'mse_2=0.000598; ', 'lpips_2=0.002486; ', 'codec_recon_2=0.080066; ', 'bpp_2=0.272363; ']
train step[337/2000] ; used: 6m:49s; eta: 33m:33s; loss = 0.016397; ['mse_0=0.001759; ', 'lpips_0=0.004443; ', 'codec_recon_0=0.019425; ', 'bpp_0=6.155306; ', 'mse_1=0.001482; ', 'lpips_1=0.003824; ', 'codec_recon_1=0.300191; ', 'bpp_1=0.297597; ', 'mse_2=0.001410; ', 'lpips_2=0.003480; ', 'codec_recon_2=0.081987; ', 'bpp_2=0.274895; ']
train step[338/2000] ; used: 6m:50s; eta: 33m:31s; loss = 0.028082; ['mse_0=0.007099; ', 'lpips_0=0.005267; ', 'codec_recon_0=0.018655; ', 'bpp_0=6.020111; ', 'mse_1=0.004031; ', 'lpips_1=0.004518; ', 'codec_recon_1=0.288660; ', 'bpp_1=0.295768; ', 'mse_2=0.002989; ', 'lpips_2=0.004178; ', 'codec_recon_2=0.079826; ', 'bpp_2=0.272566; ']
train step[339/2000] ; used: 6m:51s; eta: 33m:29s; loss = 0.024391; ['mse_0=0.003740; ', 'lpips_0=0.005129; ', 'codec_recon_0=0.021311; ', 'bpp_0=6.012051; ', 'mse_1=0.003501; ', 'lpips_1=0.004543; ', 'codec_recon_1=0.292365; ', 'bpp_1=0.294921; ', 'mse_2=0.003332; ', 'lpips_2=0.004146; ', 'codec_recon_2=0.080274; ', 'bpp_2=0.273560; ']
train step[340/2000] ; used: 6m:52s; eta: 33m:27s; loss = 0.019124; ['mse_0=0.002791; ', 'lpips_0=0.004621; ', 'codec_recon_0=0.019576; ', 'bpp_0=6.200896; ', 'mse_1=0.002488; ', 'lpips_1=0.003909; ', 'codec_recon_1=0.345114; ', 'bpp_1=0.299558; ', 'mse_2=0.002137; ', 'lpips_2=0.003177; ', 'codec_recon_2=0.078943; ', 'bpp_2=0.278533; ']
train step[341/2000] ; used: 6m:53s; eta: 33m:25s; loss = 0.016076; ['mse_0=0.001336; ', 'lpips_0=0.004890; ', 'codec_recon_0=0.020657; ', 'bpp_0=6.171781; ', 'mse_1=0.001143; ', 'lpips_1=0.004185; ', 'codec_recon_1=0.339378; ', 'bpp_1=0.297349; ', 'mse_2=0.000976; ', 'lpips_2=0.003547; ', 'codec_recon_2=0.090863; ', 'bpp_2=0.276597; ']
train step[342/2000] ; used: 6m:54s; eta: 33m:23s; loss = 0.034160; ['mse_0=0.002829; ', 'lpips_0=0.009086; ', 'codec_recon_0=0.024208; ', 'bpp_0=5.824942; ', 'mse_1=0.002719; ', 'lpips_1=0.008525; ', 'codec_recon_1=0.292276; ', 'bpp_1=0.291533; ', 'mse_2=0.002731; ', 'lpips_2=0.008269; ', 'codec_recon_2=0.081248; ', 'bpp_2=0.271108; ']
train step[343/2000] ; used: 6m:55s; eta: 33m:21s; loss = 0.024418; ['mse_0=0.001822; ', 'lpips_0=0.007326; ', 'codec_recon_0=0.019243; ', 'bpp_0=6.218351; ', 'mse_1=0.001599; ', 'lpips_1=0.006471; ', 'codec_recon_1=0.326613; ', 'bpp_1=0.297868; ', 'mse_2=0.001482; ', 'lpips_2=0.005718; ', 'codec_recon_2=0.094532; ', 'bpp_2=0.277046; ']
train step[344/2000] ; used: 6m:56s; eta: 33m:19s; loss = 0.010783; ['mse_0=0.000612; ', 'lpips_0=0.003423; ', 'codec_recon_0=0.018819; ', 'bpp_0=5.895959; ', 'mse_1=0.000529; ', 'lpips_1=0.002982; ', 'codec_recon_1=0.265537; ', 'bpp_1=0.291065; ', 'mse_2=0.000505; ', 'lpips_2=0.002731; ', 'codec_recon_2=0.079901; ', 'bpp_2=0.269267; ']
train step[345/2000] ; used: 6m:57s; eta: 33m:17s; loss = 0.016485; ['mse_0=0.001967; ', 'lpips_0=0.004131; ', 'codec_recon_0=0.020787; ', 'bpp_0=6.013702; ', 'mse_1=0.001833; ', 'lpips_1=0.003538; ', 'codec_recon_1=0.282397; ', 'bpp_1=0.295457; ', 'mse_2=0.001811; ', 'lpips_2=0.003205; ', 'codec_recon_2=0.079944; ', 'bpp_2=0.274622; ']
train step[346/2000] ; used: 6m:58s; eta: 33m:15s; loss = 0.006800; ['mse_0=0.000418; ', 'lpips_0=0.002475; ', 'codec_recon_0=0.019235; ', 'bpp_0=5.982051; ', 'mse_1=0.000291; ', 'lpips_1=0.001885; ', 'codec_recon_1=0.291417; ', 'bpp_1=0.293860; ', 'mse_2=0.000218; ', 'lpips_2=0.001514; ', 'codec_recon_2=0.081976; ', 'bpp_2=0.268894; ']
train step[347/2000] ; used: 6m:59s; eta: 33m:13s; loss = 0.011179; ['mse_0=0.000529; ', 'lpips_0=0.003784; ', 'codec_recon_0=0.018201; ', 'bpp_0=5.847556; ', 'mse_1=0.000409; ', 'lpips_1=0.003162; ', 'codec_recon_1=0.255621; ', 'bpp_1=0.290895; ', 'mse_2=0.000359; ', 'lpips_2=0.002936; ', 'codec_recon_2=0.071872; ', 'bpp_2=0.266878; ']
train step[348/2000] ; used: 7m; eta: 33m:11s; loss = 0.024303; ['mse_0=0.003230; ', 'lpips_0=0.005739; ', 'codec_recon_0=0.020278; ', 'bpp_0=5.975207; ', 'mse_1=0.002855; ', 'lpips_1=0.005017; ', 'codec_recon_1=0.297484; ', 'bpp_1=0.293433; ', 'mse_2=0.002766; ', 'lpips_2=0.004696; ', 'codec_recon_2=0.081857; ', 'bpp_2=0.273075; ']
train step[349/2000] ; used: 7m:1s; eta: 33m:9s; loss = 0.018314; ['mse_0=0.002460; ', 'lpips_0=0.004265; ', 'codec_recon_0=0.020358; ', 'bpp_0=5.743477; ', 'mse_1=0.002193; ', 'lpips_1=0.003727; ', 'codec_recon_1=0.230234; ', 'bpp_1=0.287983; ', 'mse_2=0.002160; ', 'lpips_2=0.003509; ', 'codec_recon_2=0.067091; ', 'bpp_2=0.265248; ']
train step[350/2000] ; used: 7m:2s; eta: 33m:7s; loss = 0.036263; ['mse_0=0.006044; ', 'lpips_0=0.006259; ', 'codec_recon_0=0.023617; ', 'bpp_0=6.025982; ', 'mse_1=0.006158; ', 'lpips_1=0.005882; ', 'codec_recon_1=0.286357; ', 'bpp_1=0.294917; ', 'mse_2=0.006257; ', 'lpips_2=0.005664; ', 'codec_recon_2=0.091387; ', 'bpp_2=0.274348; ']
train step[351/2000] ; used: 7m:3s; eta: 33m:5s; loss = 0.008478; ['mse_0=0.000662; ', 'lpips_0=0.002746; ', 'codec_recon_0=0.020418; ', 'bpp_0=5.694049; ', 'mse_1=0.000510; ', 'lpips_1=0.002186; ', 'codec_recon_1=0.255809; ', 'bpp_1=0.283600; ', 'mse_2=0.000425; ', 'lpips_2=0.001950; ', 'codec_recon_2=0.068321; ', 'bpp_2=0.264671; ']
train step[352/2000] ; used: 7m:4s; eta: 33m:3s; loss = 0.045515; ['mse_0=0.007667; ', 'lpips_0=0.008447; ', 'codec_recon_0=0.021382; ', 'bpp_0=6.008903; ', 'mse_1=0.007283; ', 'lpips_1=0.007795; ', 'codec_recon_1=0.315152; ', 'bpp_1=0.295236; ', 'mse_2=0.007082; ', 'lpips_2=0.007241; ', 'codec_recon_2=0.086255; ', 'bpp_2=0.276187; ']
train step[353/2000] ; used: 7m:5s; eta: 33m:1s; loss = 0.013023; ['mse_0=0.000951; ', 'lpips_0=0.004003; ', 'codec_recon_0=0.020198; ', 'bpp_0=5.976833; ', 'mse_1=0.000819; ', 'lpips_1=0.003468; ', 'codec_recon_1=0.298196; ', 'bpp_1=0.293230; ', 'mse_2=0.000723; ', 'lpips_2=0.003058; ', 'codec_recon_2=0.084813; ', 'bpp_2=0.270131; ']
train step[354/2000] ; used: 7m:6s; eta: 32m:59s; loss = 0.020770; ['mse_0=0.002653; ', 'lpips_0=0.005000; ', 'codec_recon_0=0.020614; ', 'bpp_0=5.964081; ', 'mse_1=0.002462; ', 'lpips_1=0.004406; ', 'codec_recon_1=0.322258; ', 'bpp_1=0.295138; ', 'mse_2=0.002278; ', 'lpips_2=0.003973; ', 'codec_recon_2=0.079605; ', 'bpp_2=0.273544; ']
train step[355/2000] ; used: 7m:7s; eta: 32m:57s; loss = 0.021208; ['mse_0=0.001922; ', 'lpips_0=0.005582; ', 'codec_recon_0=0.023537; ', 'bpp_0=5.799318; ', 'mse_1=0.001761; ', 'lpips_1=0.005239; ', 'codec_recon_1=0.287496; ', 'bpp_1=0.288558; ', 'mse_2=0.001760; ', 'lpips_2=0.004944; ', 'codec_recon_2=0.095193; ', 'bpp_2=0.268153; ']
train step[356/2000] ; used: 7m:8s; eta: 32m:55s; loss = 0.009407; ['mse_0=0.000366; ', 'lpips_0=0.003439; ', 'codec_recon_0=0.019901; ', 'bpp_0=5.855873; ', 'mse_1=0.000285; ', 'lpips_1=0.002737; ', 'codec_recon_1=0.276990; ', 'bpp_1=0.289987; ', 'mse_2=0.000211; ', 'lpips_2=0.002369; ', 'codec_recon_2=0.081604; ', 'bpp_2=0.268599; ']
train step[357/2000] ; used: 7m:9s; eta: 32m:53s; loss = 0.010872; ['mse_0=0.000736; ', 'lpips_0=0.003498; ', 'codec_recon_0=0.020068; ', 'bpp_0=5.957806; ', 'mse_1=0.000567; ', 'lpips_1=0.003004; ', 'codec_recon_1=0.289065; ', 'bpp_1=0.292084; ', 'mse_2=0.000419; ', 'lpips_2=0.002647; ', 'codec_recon_2=0.079020; ', 'bpp_2=0.269984; ']
train step[358/2000] ; used: 7m:10s; eta: 32m:51s; loss = 0.032348; ['mse_0=0.004516; ', 'lpips_0=0.007124; ', 'codec_recon_0=0.020136; ', 'bpp_0=6.188536; ', 'mse_1=0.004265; ', 'lpips_1=0.006528; ', 'codec_recon_1=0.343542; ', 'bpp_1=0.299633; ', 'mse_2=0.004086; ', 'lpips_2=0.005829; ', 'codec_recon_2=0.091501; ', 'bpp_2=0.277874; ']
train step[359/2000] ; used: 7m:12s; eta: 32m:49s; loss = 0.011513; ['mse_0=0.000780; ', 'lpips_0=0.003708; ', 'codec_recon_0=0.020217; ', 'bpp_0=5.884063; ', 'mse_1=0.000638; ', 'lpips_1=0.003140; ', 'codec_recon_1=0.281171; ', 'bpp_1=0.293278; ', 'mse_2=0.000503; ', 'lpips_2=0.002744; ', 'codec_recon_2=0.075068; ', 'bpp_2=0.271120; ']
train step[360/2000] ; used: 7m:13s; eta: 32m:47s; loss = 0.009695; ['mse_0=0.000524; ', 'lpips_0=0.003389; ', 'codec_recon_0=0.019211; ', 'bpp_0=5.894897; ', 'mse_1=0.000407; ', 'lpips_1=0.002747; ', 'codec_recon_1=0.296923; ', 'bpp_1=0.292765; ', 'mse_2=0.000289; ', 'lpips_2=0.002338; ', 'codec_recon_2=0.081168; ', 'bpp_2=0.269783; ']
train step[361/2000] ; used: 7m:14s; eta: 32m:45s; loss = 0.010627; ['mse_0=0.000580; ', 'lpips_0=0.003591; ', 'codec_recon_0=0.017296; ', 'bpp_0=5.977688; ', 'mse_1=0.000448; ', 'lpips_1=0.003034; ', 'codec_recon_1=0.285394; ', 'bpp_1=0.293255; ', 'mse_2=0.000341; ', 'lpips_2=0.002632; ', 'codec_recon_2=0.078813; ', 'bpp_2=0.270519; ']
train step[362/2000] ; used: 7m:15s; eta: 32m:43s; loss = 0.012311; ['mse_0=0.001220; ', 'lpips_0=0.003693; ', 'codec_recon_0=0.018168; ', 'bpp_0=6.073274; ', 'mse_1=0.000977; ', 'lpips_1=0.003096; ', 'codec_recon_1=0.301701; ', 'bpp_1=0.297183; ', 'mse_2=0.000726; ', 'lpips_2=0.002598; ', 'codec_recon_2=0.080045; ', 'bpp_2=0.275383; ']
train step[363/2000] ; used: 7m:16s; eta: 32m:41s; loss = 0.014376; ['mse_0=0.001051; ', 'lpips_0=0.004672; ', 'codec_recon_0=0.020535; ', 'bpp_0=6.153955; ', 'mse_1=0.000853; ', 'lpips_1=0.003833; ', 'codec_recon_1=0.330415; ', 'bpp_1=0.297068; ', 'mse_2=0.000747; ', 'lpips_2=0.003219; ', 'codec_recon_2=0.094210; ', 'bpp_2=0.276186; ']
train step[364/2000] ; used: 7m:17s; eta: 32m:39s; loss = 0.016135; ['mse_0=0.001154; ', 'lpips_0=0.005263; ', 'codec_recon_0=0.023515; ', 'bpp_0=6.218807; ', 'mse_1=0.000984; ', 'lpips_1=0.004423; ', 'codec_recon_1=0.371501; ', 'bpp_1=0.297602; ', 'mse_2=0.000780; ', 'lpips_2=0.003532; ', 'codec_recon_2=0.097315; ', 'bpp_2=0.277717; ']
train step[365/2000] ; used: 7m:18s; eta: 32m:37s; loss = 0.015779; ['mse_0=0.001401; ', 'lpips_0=0.004427; ', 'codec_recon_0=0.021834; ', 'bpp_0=6.103791; ', 'mse_1=0.001292; ', 'lpips_1=0.003811; ', 'codec_recon_1=0.284870; ', 'bpp_1=0.292830; ', 'mse_2=0.001272; ', 'lpips_2=0.003575; ', 'codec_recon_2=0.093736; ', 'bpp_2=0.273052; ']
train step[366/2000] ; used: 7m:19s; eta: 32m:35s; loss = 0.018438; ['mse_0=0.001829; ', 'lpips_0=0.005436; ', 'codec_recon_0=0.017601; ', 'bpp_0=6.212193; ', 'mse_1=0.001562; ', 'lpips_1=0.004695; ', 'codec_recon_1=0.342569; ', 'bpp_1=0.299251; ', 'mse_2=0.001250; ', 'lpips_2=0.003666; ', 'codec_recon_2=0.089621; ', 'bpp_2=0.277627; ']
train step[367/2000] ; used: 7m:20s; eta: 32m:33s; loss = 0.012319; ['mse_0=0.000925; ', 'lpips_0=0.003743; ', 'codec_recon_0=0.020743; ', 'bpp_0=6.075368; ', 'mse_1=0.000770; ', 'lpips_1=0.003174; ', 'codec_recon_1=0.289412; ', 'bpp_1=0.294685; ', 'mse_2=0.000751; ', 'lpips_2=0.002955; ', 'codec_recon_2=0.091542; ', 'bpp_2=0.273741; ']
train step[368/2000] ; used: 7m:21s; eta: 32m:31s; loss = 0.018147; ['mse_0=0.001860; ', 'lpips_0=0.004937; ', 'codec_recon_0=0.020994; ', 'bpp_0=6.014500; ', 'mse_1=0.001620; ', 'lpips_1=0.004316; ', 'codec_recon_1=0.293432; ', 'bpp_1=0.295539; ', 'mse_2=0.001546; ', 'lpips_2=0.003868; ', 'codec_recon_2=0.083198; ', 'bpp_2=0.275789; ']
train step[369/2000] ; used: 7m:22s; eta: 32m:29s; loss = 0.009422; ['mse_0=0.000833; ', 'lpips_0=0.003025; ', 'codec_recon_0=0.018970; ', 'bpp_0=5.993116; ', 'mse_1=0.000625; ', 'lpips_1=0.002422; ', 'codec_recon_1=0.281533; ', 'bpp_1=0.293121; ', 'mse_2=0.000517; ', 'lpips_2=0.002000; ', 'codec_recon_2=0.081483; ', 'bpp_2=0.268586; ']
train step[370/2000] ; used: 7m:23s; eta: 32m:27s; loss = 0.009991; ['mse_0=0.000787; ', 'lpips_0=0.003110; ', 'codec_recon_0=0.017130; ', 'bpp_0=5.967755; ', 'mse_1=0.000604; ', 'lpips_1=0.002639; ', 'codec_recon_1=0.277899; ', 'bpp_1=0.294197; ', 'mse_2=0.000504; ', 'lpips_2=0.002346; ', 'codec_recon_2=0.076877; ', 'bpp_2=0.270109; ']
train step[371/2000] ; used: 7m:24s; eta: 32m:25s; loss = 0.025037; ['mse_0=0.002898; ', 'lpips_0=0.006066; ', 'codec_recon_0=0.026788; ', 'bpp_0=5.941853; ', 'mse_1=0.002661; ', 'lpips_1=0.005609; ', 'codec_recon_1=0.309244; ', 'bpp_1=0.291832; ', 'mse_2=0.002631; ', 'lpips_2=0.005171; ', 'codec_recon_2=0.101510; ', 'bpp_2=0.269240; ']
train step[372/2000] ; used: 7m:25s; eta: 32m:24s; loss = 0.010546; ['mse_0=0.001123; ', 'lpips_0=0.002890; ', 'codec_recon_0=0.018932; ', 'bpp_0=5.993347; ', 'mse_1=0.001083; ', 'lpips_1=0.002340; ', 'codec_recon_1=0.263967; ', 'bpp_1=0.292870; ', 'mse_2=0.001020; ', 'lpips_2=0.002092; ', 'codec_recon_2=0.083137; ', 'bpp_2=0.269930; ']
train step[373/2000] ; used: 7m:26s; eta: 32m:22s; loss = 0.012059; ['mse_0=0.000890; ', 'lpips_0=0.003725; ', 'codec_recon_0=0.025111; ', 'bpp_0=5.855120; ', 'mse_1=0.000746; ', 'lpips_1=0.003182; ', 'codec_recon_1=0.274903; ', 'bpp_1=0.291008; ', 'mse_2=0.000640; ', 'lpips_2=0.002876; ', 'codec_recon_2=0.083735; ', 'bpp_2=0.268838; ']
train step[374/2000] ; used: 7m:27s; eta: 32m:20s; loss = 0.017141; ['mse_0=0.002212; ', 'lpips_0=0.004892; ', 'codec_recon_0=0.019708; ', 'bpp_0=6.033312; ', 'mse_1=0.001781; ', 'lpips_1=0.004053; ', 'codec_recon_1=0.379320; ', 'bpp_1=0.294744; ', 'mse_2=0.001215; ', 'lpips_2=0.002989; ', 'codec_recon_2=0.079000; ', 'bpp_2=0.275288; ']
train step[375/2000] ; used: 7m:28s; eta: 32m:18s; loss = 0.013044; ['mse_0=0.000893; ', 'lpips_0=0.004449; ', 'codec_recon_0=0.020449; ', 'bpp_0=6.114209; ', 'mse_1=0.000707; ', 'lpips_1=0.003420; ', 'codec_recon_1=0.313840; ', 'bpp_1=0.295854; ', 'mse_2=0.000634; ', 'lpips_2=0.002942; ', 'codec_recon_2=0.093706; ', 'bpp_2=0.276509; ']
train step[376/2000] ; used: 7m:29s; eta: 32m:16s; loss = 0.011921; ['mse_0=0.000949; ', 'lpips_0=0.003394; ', 'codec_recon_0=0.025742; ', 'bpp_0=5.856508; ', 'mse_1=0.000847; ', 'lpips_1=0.003022; ', 'codec_recon_1=0.243902; ', 'bpp_1=0.289307; ', 'mse_2=0.000858; ', 'lpips_2=0.002851; ', 'codec_recon_2=0.086866; ', 'bpp_2=0.264261; ']
train step[377/2000] ; used: 7m:30s; eta: 32m:14s; loss = 0.013411; ['mse_0=0.001200; ', 'lpips_0=0.004054; ', 'codec_recon_0=0.024266; ', 'bpp_0=6.013492; ', 'mse_1=0.001029; ', 'lpips_1=0.003398; ', 'codec_recon_1=0.333226; ', 'bpp_1=0.295171; ', 'mse_2=0.000917; ', 'lpips_2=0.002813; ', 'codec_recon_2=0.101862; ', 'bpp_2=0.274474; ']
train step[378/2000] ; used: 7m:31s; eta: 32m:12s; loss = 0.018714; ['mse_0=0.001969; ', 'lpips_0=0.004758; ', 'codec_recon_0=0.019656; ', 'bpp_0=6.023675; ', 'mse_1=0.001864; ', 'lpips_1=0.004243; ', 'codec_recon_1=0.296075; ', 'bpp_1=0.292700; ', 'mse_2=0.001909; ', 'lpips_2=0.003972; ', 'codec_recon_2=0.084081; ', 'bpp_2=0.269698; ']
train step[379/2000] ; used: 7m:32s; eta: 32m:11s; loss = 0.016834; ['mse_0=0.001766; ', 'lpips_0=0.005115; ', 'codec_recon_0=0.018641; ', 'bpp_0=6.356813; ', 'mse_1=0.001466; ', 'lpips_1=0.004271; ', 'codec_recon_1=0.386562; ', 'bpp_1=0.302473; ', 'mse_2=0.001110; ', 'lpips_2=0.003106; ', 'codec_recon_2=0.087827; ', 'bpp_2=0.285081; ']
train step[380/2000] ; used: 7m:33s; eta: 32m:9s; loss = 0.008572; ['mse_0=0.000579; ', 'lpips_0=0.003092; ', 'codec_recon_0=0.018011; ', 'bpp_0=6.084376; ', 'mse_1=0.000405; ', 'lpips_1=0.002326; ', 'codec_recon_1=0.299475; ', 'bpp_1=0.294877; ', 'mse_2=0.000290; ', 'lpips_2=0.001880; ', 'codec_recon_2=0.086855; ', 'bpp_2=0.270970; ']
train step[381/2000] ; used: 7m:34s; eta: 32m:7s; loss = 0.010897; ['mse_0=0.000989; ', 'lpips_0=0.003631; ', 'codec_recon_0=0.018233; ', 'bpp_0=6.125715; ', 'mse_1=0.000749; ', 'lpips_1=0.002850; ', 'codec_recon_1=0.314244; ', 'bpp_1=0.299084; ', 'mse_2=0.000519; ', 'lpips_2=0.002159; ', 'codec_recon_2=0.090719; ', 'bpp_2=0.276016; ']
train step[382/2000] ; used: 7m:35s; eta: 32m:5s; loss = 0.017794; ['mse_0=0.001308; ', 'lpips_0=0.005367; ', 'codec_recon_0=0.021500; ', 'bpp_0=6.046940; ', 'mse_1=0.001167; ', 'lpips_1=0.004659; ', 'codec_recon_1=0.329293; ', 'bpp_1=0.294304; ', 'mse_2=0.001087; ', 'lpips_2=0.004206; ', 'codec_recon_2=0.087406; ', 'bpp_2=0.274547; ']
train step[383/2000] ; used: 7m:37s; eta: 32m:5s; loss = 0.013346; ['mse_0=0.001782; ', 'lpips_0=0.003608; ', 'codec_recon_0=0.018032; ', 'bpp_0=6.129863; ', 'mse_1=0.001455; ', 'lpips_1=0.002842; ', 'codec_recon_1=0.312298; ', 'bpp_1=0.297598; ', 'mse_2=0.001288; ', 'lpips_2=0.002371; ', 'codec_recon_2=0.082481; ', 'bpp_2=0.275219; ']
train step[384/2000] ; used: 7m:38s; eta: 32m:4s; loss = 0.016294; ['mse_0=0.001662; ', 'lpips_0=0.004570; ', 'codec_recon_0=0.021945; ', 'bpp_0=5.820066; ', 'mse_1=0.001409; ', 'lpips_1=0.003931; ', 'codec_recon_1=0.334235; ', 'bpp_1=0.291492; ', 'mse_2=0.001225; ', 'lpips_2=0.003497; ', 'codec_recon_2=0.083534; ', 'bpp_2=0.268816; ']
train step[385/2000] ; used: 7m:39s; eta: 32m:2s; loss = 0.014953; ['mse_0=0.001954; ', 'lpips_0=0.003652; ', 'codec_recon_0=0.020079; ', 'bpp_0=5.723350; ', 'mse_1=0.001790; ', 'lpips_1=0.003067; ', 'codec_recon_1=0.283426; ', 'bpp_1=0.290308; ', 'mse_2=0.001740; ', 'lpips_2=0.002750; ', 'codec_recon_2=0.068202; ', 'bpp_2=0.267382; ']
train step[386/2000] ; used: 7m:40s; eta: 32m; loss = 0.016435; ['mse_0=0.000846; ', 'lpips_0=0.005241; ', 'codec_recon_0=0.020659; ', 'bpp_0=6.051897; ', 'mse_1=0.000685; ', 'lpips_1=0.004736; ', 'codec_recon_1=0.299955; ', 'bpp_1=0.295681; ', 'mse_2=0.000650; ', 'lpips_2=0.004277; ', 'codec_recon_2=0.094840; ', 'bpp_2=0.273401; ']
train step[387/2000] ; used: 7m:41s; eta: 31m:58s; loss = 0.013674; ['mse_0=0.001347; ', 'lpips_0=0.004744; ', 'codec_recon_0=0.019244; ', 'bpp_0=6.264729; ', 'mse_1=0.001075; ', 'lpips_1=0.003675; ', 'codec_recon_1=0.400062; ', 'bpp_1=0.299905; ', 'mse_2=0.000637; ', 'lpips_2=0.002196; ', 'codec_recon_2=0.093791; ', 'bpp_2=0.278826; ']
train step[388/2000] ; used: 7m:42s; eta: 31m:56s; loss = 0.010435; ['mse_0=0.000608; ', 'lpips_0=0.003729; ', 'codec_recon_0=0.019637; ', 'bpp_0=5.898818; ', 'mse_1=0.000455; ', 'lpips_1=0.002972; ', 'codec_recon_1=0.336436; ', 'bpp_1=0.292473; ', 'mse_2=0.000306; ', 'lpips_2=0.002365; ', 'codec_recon_2=0.083398; ', 'bpp_2=0.269484; ']
train step[389/2000] ; used: 7m:43s; eta: 31m:54s; loss = 0.014344; ['mse_0=0.001371; ', 'lpips_0=0.004141; ', 'codec_recon_0=0.017287; ', 'bpp_0=6.128294; ', 'mse_1=0.001074; ', 'lpips_1=0.003593; ', 'codec_recon_1=0.286510; ', 'bpp_1=0.298575; ', 'mse_2=0.000880; ', 'lpips_2=0.003285; ', 'codec_recon_2=0.079301; ', 'bpp_2=0.276016; ']
train step[390/2000] ; used: 7m:44s; eta: 31m:53s; loss = 0.022195; ['mse_0=0.001802; ', 'lpips_0=0.006494; ', 'codec_recon_0=0.021039; ', 'bpp_0=5.953610; ', 'mse_1=0.001545; ', 'lpips_1=0.005716; ', 'codec_recon_1=0.322449; ', 'bpp_1=0.293148; ', 'mse_2=0.001422; ', 'lpips_2=0.005216; ', 'codec_recon_2=0.085111; ', 'bpp_2=0.272502; ']
train step[391/2000] ; used: 7m:45s; eta: 31m:51s; loss = 0.017859; ['mse_0=0.001953; ', 'lpips_0=0.004771; ', 'codec_recon_0=0.020629; ', 'bpp_0=6.031425; ', 'mse_1=0.001707; ', 'lpips_1=0.004125; ', 'codec_recon_1=0.285160; ', 'bpp_1=0.295731; ', 'mse_2=0.001530; ', 'lpips_2=0.003772; ', 'codec_recon_2=0.077030; ', 'bpp_2=0.273993; ']
train step[392/2000] ; used: 7m:46s; eta: 31m:49s; loss = 0.014769; ['mse_0=0.001443; ', 'lpips_0=0.005128; ', 'codec_recon_0=0.020968; ', 'bpp_0=6.050939; ', 'mse_1=0.001044; ', 'lpips_1=0.004006; ', 'codec_recon_1=0.395816; ', 'bpp_1=0.295661; ', 'mse_2=0.000537; ', 'lpips_2=0.002611; ', 'codec_recon_2=0.083524; ', 'bpp_2=0.276024; ']
train step[393/2000] ; used: 7m:47s; eta: 31m:47s; loss = 0.027044; ['mse_0=0.002593; ', 'lpips_0=0.007700; ', 'codec_recon_0=0.020053; ', 'bpp_0=6.345913; ', 'mse_1=0.002269; ', 'lpips_1=0.006689; ', 'codec_recon_1=0.393812; ', 'bpp_1=0.302361; ', 'mse_2=0.002035; ', 'lpips_2=0.005759; ', 'codec_recon_2=0.092436; ', 'bpp_2=0.283676; ']
train step[394/2000] ; used: 7m:48s; eta: 31m:45s; loss = 0.027407; ['mse_0=0.004388; ', 'lpips_0=0.005383; ', 'codec_recon_0=0.021540; ', 'bpp_0=6.150315; ', 'mse_1=0.004284; ', 'lpips_1=0.004808; ', 'codec_recon_1=0.324454; ', 'bpp_1=0.297977; ', 'mse_2=0.004146; ', 'lpips_2=0.004399; ', 'codec_recon_2=0.087232; ', 'bpp_2=0.277058; ']
train step[395/2000] ; used: 7m:49s; eta: 31m:43s; loss = 0.016388; ['mse_0=0.002172; ', 'lpips_0=0.003767; ', 'codec_recon_0=0.018299; ', 'bpp_0=6.184387; ', 'mse_1=0.002106; ', 'lpips_1=0.003281; ', 'codec_recon_1=0.285311; ', 'bpp_1=0.296999; ', 'mse_2=0.002079; ', 'lpips_2=0.002984; ', 'codec_recon_2=0.086109; ', 'bpp_2=0.274952; ']
train step[396/2000] ; used: 7m:50s; eta: 31m:41s; loss = 0.014050; ['mse_0=0.001241; ', 'lpips_0=0.004121; ', 'codec_recon_0=0.019870; ', 'bpp_0=6.062548; ', 'mse_1=0.001097; ', 'lpips_1=0.003487; ', 'codec_recon_1=0.289006; ', 'bpp_1=0.295184; ', 'mse_2=0.001022; ', 'lpips_2=0.003082; ', 'codec_recon_2=0.092555; ', 'bpp_2=0.273150; ']
train step[397/2000] ; used: 7m:51s; eta: 31m:39s; loss = 0.010117; ['mse_0=0.000792; ', 'lpips_0=0.003318; ', 'codec_recon_0=0.019076; ', 'bpp_0=5.958723; ', 'mse_1=0.000577; ', 'lpips_1=0.002712; ', 'codec_recon_1=0.295655; ', 'bpp_1=0.293222; ', 'mse_2=0.000469; ', 'lpips_2=0.002248; ', 'codec_recon_2=0.079941; ', 'bpp_2=0.270587; ']
train step[398/2000] ; used: 7m:52s; eta: 31m:38s; loss = 0.012515; ['mse_0=0.000571; ', 'lpips_0=0.004313; ', 'codec_recon_0=0.019384; ', 'bpp_0=5.818027; ', 'mse_1=0.000444; ', 'lpips_1=0.003723; ', 'codec_recon_1=0.288245; ', 'bpp_1=0.290397; ', 'mse_2=0.000376; ', 'lpips_2=0.003089; ', 'codec_recon_2=0.081564; ', 'bpp_2=0.269061; ']
train step[399/2000] ; used: 7m:53s; eta: 31m:36s; loss = 0.019107; ['mse_0=0.002658; ', 'lpips_0=0.004423; ', 'codec_recon_0=0.017984; ', 'bpp_0=6.095294; ', 'mse_1=0.002438; ', 'lpips_1=0.003870; ', 'codec_recon_1=0.296356; ', 'bpp_1=0.296968; ', 'mse_2=0.002333; ', 'lpips_2=0.003384; ', 'codec_recon_2=0.074787; ', 'bpp_2=0.276307; ']
train step[400/2000] ; used: 7m:54s; eta: 31m:34s; loss = 0.013831; ['mse_0=0.000581; ', 'lpips_0=0.004483; ', 'codec_recon_0=0.021240; ', 'bpp_0=5.692494; ', 'mse_1=0.000536; ', 'lpips_1=0.004000; ', 'codec_recon_1=0.256203; ', 'bpp_1=0.285179; ', 'mse_2=0.000482; ', 'lpips_2=0.003750; ', 'codec_recon_2=0.076144; ', 'bpp_2=0.265359; ']
train step[401/2000] ; used: 7m:55s; eta: 31m:33s; loss = 0.013174; ['mse_0=0.001033; ', 'lpips_0=0.003971; ', 'codec_recon_0=0.018596; ', 'bpp_0=5.936255; ', 'mse_1=0.000898; ', 'lpips_1=0.003381; ', 'codec_recon_1=0.266740; ', 'bpp_1=0.291404; ', 'mse_2=0.000857; ', 'lpips_2=0.003035; ', 'codec_recon_2=0.079343; ', 'bpp_2=0.268949; ']
train step[402/2000] ; used: 7m:56s; eta: 31m:31s; loss = 0.017084; ['mse_0=0.001080; ', 'lpips_0=0.005494; ', 'codec_recon_0=0.022396; ', 'bpp_0=5.867800; ', 'mse_1=0.000927; ', 'lpips_1=0.004706; ', 'codec_recon_1=0.347381; ', 'bpp_1=0.290481; ', 'mse_2=0.000789; ', 'lpips_2=0.004088; ', 'codec_recon_2=0.094369; ', 'bpp_2=0.269658; ']
train step[403/2000] ; used: 7m:58s; eta: 31m:29s; loss = 0.013682; ['mse_0=0.001409; ', 'lpips_0=0.003807; ', 'codec_recon_0=0.023366; ', 'bpp_0=6.072795; ', 'mse_1=0.001246; ', 'lpips_1=0.003221; ', 'codec_recon_1=0.283793; ', 'bpp_1=0.293929; ', 'mse_2=0.001180; ', 'lpips_2=0.002821; ', 'codec_recon_2=0.089750; ', 'bpp_2=0.270035; ']
train step[404/2000] ; used: 7m:59s; eta: 31m:27s; loss = 0.016457; ['mse_0=0.001119; ', 'lpips_0=0.005091; ', 'codec_recon_0=0.020015; ', 'bpp_0=6.025585; ', 'mse_1=0.000933; ', 'lpips_1=0.004502; ', 'codec_recon_1=0.293230; ', 'bpp_1=0.293969; ', 'mse_2=0.000820; ', 'lpips_2=0.003992; ', 'codec_recon_2=0.081818; ', 'bpp_2=0.272203; ']
train step[405/2000] ; used: 8m; eta: 31m:25s; loss = 0.020085; ['mse_0=0.001795; ', 'lpips_0=0.005515; ', 'codec_recon_0=0.025669; ', 'bpp_0=5.815628; ', 'mse_1=0.001603; ', 'lpips_1=0.005002; ', 'codec_recon_1=0.269361; ', 'bpp_1=0.290020; ', 'mse_2=0.001526; ', 'lpips_2=0.004643; ', 'codec_recon_2=0.090067; ', 'bpp_2=0.271159; ']
train step[406/2000] ; used: 8m:1s; eta: 31m:24s; loss = 0.014470; ['mse_0=0.001364; ', 'lpips_0=0.004425; ', 'codec_recon_0=0.017979; ', 'bpp_0=6.135686; ', 'mse_1=0.001120; ', 'lpips_1=0.003786; ', 'codec_recon_1=0.338812; ', 'bpp_1=0.297310; ', 'mse_2=0.000795; ', 'lpips_2=0.002980; ', 'codec_recon_2=0.083331; ', 'bpp_2=0.275733; ']
train step[407/2000] ; used: 8m:2s; eta: 31m:22s; loss = 0.018481; ['mse_0=0.001438; ', 'lpips_0=0.005171; ', 'codec_recon_0=0.024547; ', 'bpp_0=5.767541; ', 'mse_1=0.001411; ', 'lpips_1=0.004604; ', 'codec_recon_1=0.279272; ', 'bpp_1=0.288435; ', 'mse_2=0.001399; ', 'lpips_2=0.004458; ', 'codec_recon_2=0.081674; ', 'bpp_2=0.266227; ']
train step[408/2000] ; used: 8m:3s; eta: 31m:20s; loss = 0.015250; ['mse_0=0.001328; ', 'lpips_0=0.004411; ', 'codec_recon_0=0.022713; ', 'bpp_0=5.969831; ', 'mse_1=0.001180; ', 'lpips_1=0.003834; ', 'codec_recon_1=0.312092; ', 'bpp_1=0.292241; ', 'mse_2=0.001071; ', 'lpips_2=0.003426; ', 'codec_recon_2=0.084485; ', 'bpp_2=0.270771; ']
train step[409/2000] ; used: 8m:4s; eta: 31m:18s; loss = 0.014939; ['mse_0=0.001563; ', 'lpips_0=0.003944; ', 'codec_recon_0=0.025693; ', 'bpp_0=5.931843; ', 'mse_1=0.001441; ', 'lpips_1=0.003405; ', 'codec_recon_1=0.290490; ', 'bpp_1=0.292306; ', 'mse_2=0.001433; ', 'lpips_2=0.003153; ', 'codec_recon_2=0.089005; ', 'bpp_2=0.270424; ']
train step[410/2000] ; used: 8m:5s; eta: 31m:17s; loss = 0.024829; ['mse_0=0.002727; ', 'lpips_0=0.006245; ', 'codec_recon_0=0.020162; ', 'bpp_0=6.149434; ', 'mse_1=0.002544; ', 'lpips_1=0.005709; ', 'codec_recon_1=0.337906; ', 'bpp_1=0.296725; ', 'mse_2=0.002392; ', 'lpips_2=0.005213; ', 'codec_recon_2=0.093898; ', 'bpp_2=0.274888; ']
Skipped bad example 3a596a6b42ce7b8f. Context shape was torch.Size([2, 3, 338, 640]) and target shape was torch.Size([4, 3, 338, 640]).
train step[411/2000] ; used: 8m:6s; eta: 31m:15s; loss = 0.015642; ['mse_0=0.001645; ', 'lpips_0=0.004120; ', 'codec_recon_0=0.019630; ', 'bpp_0=6.112624; ', 'mse_1=0.001476; ', 'lpips_1=0.003582; ', 'codec_recon_1=0.304643; ', 'bpp_1=0.296805; ', 'mse_2=0.001472; ', 'lpips_2=0.003347; ', 'codec_recon_2=0.089202; ', 'bpp_2=0.275115; ']
train step[412/2000] ; used: 8m:7s; eta: 31m:13s; loss = 0.021308; ['mse_0=0.002099; ', 'lpips_0=0.005535; ', 'codec_recon_0=0.027968; ', 'bpp_0=5.984942; ', 'mse_1=0.001931; ', 'lpips_1=0.005005; ', 'codec_recon_1=0.285460; ', 'bpp_1=0.292464; ', 'mse_2=0.001906; ', 'lpips_2=0.004832; ', 'codec_recon_2=0.096281; ', 'bpp_2=0.272667; ']
train step[413/2000] ; used: 8m:8s; eta: 31m:11s; loss = 0.018036; ['mse_0=0.001482; ', 'lpips_0=0.005082; ', 'codec_recon_0=0.023017; ', 'bpp_0=5.985126; ', 'mse_1=0.001408; ', 'lpips_1=0.004542; ', 'codec_recon_1=0.287489; ', 'bpp_1=0.293228; ', 'mse_2=0.001364; ', 'lpips_2=0.004157; ', 'codec_recon_2=0.092280; ', 'bpp_2=0.271921; ']
train step[414/2000] ; used: 8m:9s; eta: 31m:10s; loss = 0.019511; ['mse_0=0.002582; ', 'lpips_0=0.004263; ', 'codec_recon_0=0.019751; ', 'bpp_0=5.918345; ', 'mse_1=0.002546; ', 'lpips_1=0.003877; ', 'codec_recon_1=0.273648; ', 'bpp_1=0.292144; ', 'mse_2=0.002532; ', 'lpips_2=0.003711; ', 'codec_recon_2=0.081481; ', 'bpp_2=0.269395; ']
train step[415/2000] ; used: 8m:10s; eta: 31m:8s; loss = 0.019668; ['mse_0=0.001971; ', 'lpips_0=0.005187; ', 'codec_recon_0=0.027165; ', 'bpp_0=6.098500; ', 'mse_1=0.001723; ', 'lpips_1=0.004692; ', 'codec_recon_1=0.323013; ', 'bpp_1=0.296364; ', 'mse_2=0.001653; ', 'lpips_2=0.004442; ', 'codec_recon_2=0.092009; ', 'bpp_2=0.277006; ']
train step[416/2000] ; used: 8m:11s; eta: 31m:6s; loss = 0.018177; ['mse_0=0.001999; ', 'lpips_0=0.005170; ', 'codec_recon_0=0.020764; ', 'bpp_0=6.213254; ', 'mse_1=0.001722; ', 'lpips_1=0.004381; ', 'codec_recon_1=0.370263; ', 'bpp_1=0.299811; ', 'mse_2=0.001516; ', 'lpips_2=0.003390; ', 'codec_recon_2=0.086494; ', 'bpp_2=0.278740; ']
train step[417/2000] ; used: 8m:12s; eta: 31m:5s; loss = 0.014327; ['mse_0=0.001123; ', 'lpips_0=0.004511; ', 'codec_recon_0=0.018520; ', 'bpp_0=5.981409; ', 'mse_1=0.000874; ', 'lpips_1=0.003780; ', 'codec_recon_1=0.300852; ', 'bpp_1=0.296118; ', 'mse_2=0.000774; ', 'lpips_2=0.003266; ', 'codec_recon_2=0.080866; ', 'bpp_2=0.272688; ']
train step[418/2000] ; used: 8m:13s; eta: 31m:3s; loss = 0.031141; ['mse_0=0.003373; ', 'lpips_0=0.007627; ', 'codec_recon_0=0.022225; ', 'bpp_0=6.012418; ', 'mse_1=0.003108; ', 'lpips_1=0.007150; ', 'codec_recon_1=0.354341; ', 'bpp_1=0.294654; ', 'mse_2=0.003056; ', 'lpips_2=0.006827; ', 'codec_recon_2=0.081918; ', 'bpp_2=0.276266; ']
train step[419/2000] ; used: 8m:14s; eta: 31m:1s; loss = 0.019702; ['mse_0=0.002214; ', 'lpips_0=0.005083; ', 'codec_recon_0=0.022199; ', 'bpp_0=5.858446; ', 'mse_1=0.001937; ', 'lpips_1=0.004485; ', 'codec_recon_1=0.295799; ', 'bpp_1=0.292861; ', 'mse_2=0.001856; ', 'lpips_2=0.004126; ', 'codec_recon_2=0.079371; ', 'bpp_2=0.270458; ']
train step[420/2000] ; used: 8m:15s; eta: 30m:59s; loss = 0.015815; ['mse_0=0.001537; ', 'lpips_0=0.004763; ', 'codec_recon_0=0.020469; ', 'bpp_0=6.197867; ', 'mse_1=0.001326; ', 'lpips_1=0.003883; ', 'codec_recon_1=0.349129; ', 'bpp_1=0.296755; ', 'mse_2=0.001228; ', 'lpips_2=0.003078; ', 'codec_recon_2=0.093743; ', 'bpp_2=0.276273; ']
train step[421/2000] ; used: 8m:16s; eta: 30m:58s; loss = 0.009695; ['mse_0=0.000928; ', 'lpips_0=0.003511; ', 'codec_recon_0=0.020969; ', 'bpp_0=6.099234; ', 'mse_1=0.000638; ', 'lpips_1=0.002496; ', 'codec_recon_1=0.364206; ', 'bpp_1=0.296115; ', 'mse_2=0.000391; ', 'lpips_2=0.001730; ', 'codec_recon_2=0.089412; ', 'bpp_2=0.274587; ']
train step[422/2000] ; used: 8m:17s; eta: 30m:56s; loss = 0.026838; ['mse_0=0.002366; ', 'lpips_0=0.007044; ', 'codec_recon_0=0.026747; ', 'bpp_0=5.743443; ', 'mse_1=0.002274; ', 'lpips_1=0.006502; ', 'codec_recon_1=0.269098; ', 'bpp_1=0.290600; ', 'mse_2=0.002278; ', 'lpips_2=0.006374; ', 'codec_recon_2=0.083231; ', 'bpp_2=0.270972; ']
train step[423/2000] ; used: 8m:18s; eta: 30m:54s; loss = 0.011841; ['mse_0=0.000666; ', 'lpips_0=0.003903; ', 'codec_recon_0=0.019356; ', 'bpp_0=5.878755; ', 'mse_1=0.000519; ', 'lpips_1=0.003390; ', 'codec_recon_1=0.303464; ', 'bpp_1=0.291112; ', 'mse_2=0.000415; ', 'lpips_2=0.002948; ', 'codec_recon_2=0.082396; ', 'bpp_2=0.267953; ']
train step[424/2000] ; used: 8m:19s; eta: 30m:53s; loss = 0.012217; ['mse_0=0.000856; ', 'lpips_0=0.003849; ', 'codec_recon_0=0.020235; ', 'bpp_0=6.039038; ', 'mse_1=0.000705; ', 'lpips_1=0.003270; ', 'codec_recon_1=0.310932; ', 'bpp_1=0.295167; ', 'mse_2=0.000584; ', 'lpips_2=0.002953; ', 'codec_recon_2=0.083044; ', 'bpp_2=0.273021; ']
train step[425/2000] ; used: 8m:20s; eta: 30m:51s; loss = 0.011954; ['mse_0=0.000628; ', 'lpips_0=0.003979; ', 'codec_recon_0=0.020058; ', 'bpp_0=5.965135; ', 'mse_1=0.000482; ', 'lpips_1=0.003479; ', 'codec_recon_1=0.306769; ', 'bpp_1=0.294746; ', 'mse_2=0.000365; ', 'lpips_2=0.003021; ', 'codec_recon_2=0.087728; ', 'bpp_2=0.271665; ']
train step[426/2000] ; used: 8m:21s; eta: 30m:49s; loss = 0.021453; ['mse_0=0.002731; ', 'lpips_0=0.005234; ', 'codec_recon_0=0.020159; ', 'bpp_0=6.134907; ', 'mse_1=0.002390; ', 'lpips_1=0.004602; ', 'codec_recon_1=0.325710; ', 'bpp_1=0.298534; ', 'mse_2=0.002257; ', 'lpips_2=0.004238; ', 'codec_recon_2=0.086035; ', 'bpp_2=0.277345; ']
train step[427/2000] ; used: 8m:22s; eta: 30m:48s; loss = 0.009971; ['mse_0=0.000619; ', 'lpips_0=0.003438; ', 'codec_recon_0=0.021260; ', 'bpp_0=5.818982; ', 'mse_1=0.000496; ', 'lpips_1=0.002638; ', 'codec_recon_1=0.259382; ', 'bpp_1=0.290573; ', 'mse_2=0.000450; ', 'lpips_2=0.002330; ', 'codec_recon_2=0.074091; ', 'bpp_2=0.267366; ']
train step[428/2000] ; used: 8m:23s; eta: 30m:46s; loss = 0.024849; ['mse_0=0.004192; ', 'lpips_0=0.004907; ', 'codec_recon_0=0.020035; ', 'bpp_0=6.146936; ', 'mse_1=0.003862; ', 'lpips_1=0.004259; ', 'codec_recon_1=0.301229; ', 'bpp_1=0.297547; ', 'mse_2=0.003852; ', 'lpips_2=0.003777; ', 'codec_recon_2=0.081338; ', 'bpp_2=0.276390; ']
train step[429/2000] ; used: 8m:24s; eta: 30m:44s; loss = 0.021775; ['mse_0=0.001918; ', 'lpips_0=0.005802; ', 'codec_recon_0=0.020857; ', 'bpp_0=5.885528; ', 'mse_1=0.001859; ', 'lpips_1=0.005357; ', 'codec_recon_1=0.264918; ', 'bpp_1=0.293345; ', 'mse_2=0.001794; ', 'lpips_2=0.005045; ', 'codec_recon_2=0.080903; ', 'bpp_2=0.271579; ']
train step[430/2000] ; used: 8m:25s; eta: 30m:43s; loss = 0.014878; ['mse_0=0.001564; ', 'lpips_0=0.004040; ', 'codec_recon_0=0.019109; ', 'bpp_0=6.114716; ', 'mse_1=0.001448; ', 'lpips_1=0.003438; ', 'codec_recon_1=0.301622; ', 'bpp_1=0.296683; ', 'mse_2=0.001325; ', 'lpips_2=0.003063; ', 'codec_recon_2=0.086948; ', 'bpp_2=0.275404; ']
train step[431/2000] ; used: 8m:27s; eta: 30m:41s; loss = 0.012177; ['mse_0=0.001328; ', 'lpips_0=0.003421; ', 'codec_recon_0=0.019368; ', 'bpp_0=5.990270; ', 'mse_1=0.001140; ', 'lpips_1=0.002811; ', 'codec_recon_1=0.304891; ', 'bpp_1=0.294377; ', 'mse_2=0.001101; ', 'lpips_2=0.002376; ', 'codec_recon_2=0.078229; ', 'bpp_2=0.272980; ']
train step[432/2000] ; used: 8m:28s; eta: 30m:39s; loss = 0.014353; ['mse_0=0.001280; ', 'lpips_0=0.004652; ', 'codec_recon_0=0.019437; ', 'bpp_0=6.114620; ', 'mse_1=0.000991; ', 'lpips_1=0.003831; ', 'codec_recon_1=0.372674; ', 'bpp_1=0.296764; ', 'mse_2=0.000680; ', 'lpips_2=0.002918; ', 'codec_recon_2=0.095540; ', 'bpp_2=0.276637; ']
train step[433/2000] ; used: 8m:29s; eta: 30m:38s; loss = 0.016583; ['mse_0=0.001692; ', 'lpips_0=0.004594; ', 'codec_recon_0=0.018875; ', 'bpp_0=5.988036; ', 'mse_1=0.001409; ', 'lpips_1=0.004016; ', 'codec_recon_1=0.285808; ', 'bpp_1=0.294430; ', 'mse_2=0.001254; ', 'lpips_2=0.003618; ', 'codec_recon_2=0.077310; ', 'bpp_2=0.273208; ']
train step[434/2000] ; used: 8m:30s; eta: 30m:36s; loss = 0.014757; ['mse_0=0.001605; ', 'lpips_0=0.004138; ', 'codec_recon_0=0.022265; ', 'bpp_0=6.038613; ', 'mse_1=0.001300; ', 'lpips_1=0.003478; ', 'codec_recon_1=0.303827; ', 'bpp_1=0.296455; ', 'mse_2=0.001193; ', 'lpips_2=0.003042; ', 'codec_recon_2=0.085817; ', 'bpp_2=0.274479; ']
train step[435/2000] ; used: 8m:31s; eta: 30m:34s; loss = 0.014746; ['mse_0=0.000843; ', 'lpips_0=0.004683; ', 'codec_recon_0=0.021120; ', 'bpp_0=5.849365; ', 'mse_1=0.000693; ', 'lpips_1=0.004156; ', 'codec_recon_1=0.283481; ', 'bpp_1=0.290560; ', 'mse_2=0.000590; ', 'lpips_2=0.003781; ', 'codec_recon_2=0.081260; ', 'bpp_2=0.269984; ']
train step[436/2000] ; used: 8m:32s; eta: 30m:33s; loss = 0.014836; ['mse_0=0.000993; ', 'lpips_0=0.005114; ', 'codec_recon_0=0.018708; ', 'bpp_0=6.210887; ', 'mse_1=0.000745; ', 'lpips_1=0.004095; ', 'codec_recon_1=0.342972; ', 'bpp_1=0.299842; ', 'mse_2=0.000599; ', 'lpips_2=0.003289; ', 'codec_recon_2=0.088874; ', 'bpp_2=0.278742; ']
train step[437/2000] ; used: 8m:33s; eta: 30m:31s; loss = 0.013795; ['mse_0=0.001030; ', 'lpips_0=0.004101; ', 'codec_recon_0=0.020367; ', 'bpp_0=5.957747; ', 'mse_1=0.000893; ', 'lpips_1=0.003562; ', 'codec_recon_1=0.276345; ', 'bpp_1=0.292516; ', 'mse_2=0.000858; ', 'lpips_2=0.003351; ', 'codec_recon_2=0.082279; ', 'bpp_2=0.270618; ']
train step[438/2000] ; used: 8m:34s; eta: 30m:31s; loss = 0.019915; ['mse_0=0.002527; ', 'lpips_0=0.005316; ', 'codec_recon_0=0.020224; ', 'bpp_0=6.101847; ', 'mse_1=0.002087; ', 'lpips_1=0.004465; ', 'codec_recon_1=0.369089; ', 'bpp_1=0.298178; ', 'mse_2=0.001838; ', 'lpips_2=0.003682; ', 'codec_recon_2=0.081825; ', 'bpp_2=0.279797; ']
train step[439/2000] ; used: 8m:35s; eta: 30m:30s; loss = 0.009166; ['mse_0=0.000561; ', 'lpips_0=0.003040; ', 'codec_recon_0=0.022220; ', 'bpp_0=6.036626; ', 'mse_1=0.000448; ', 'lpips_1=0.002556; ', 'codec_recon_1=0.312425; ', 'bpp_1=0.292992; ', 'mse_2=0.000390; ', 'lpips_2=0.002170; ', 'codec_recon_2=0.094324; ', 'bpp_2=0.270796; ']
train step[440/2000] ; used: 8m:36s; eta: 30m:28s; loss = 0.011072; ['mse_0=0.000672; ', 'lpips_0=0.003597; ', 'codec_recon_0=0.020986; ', 'bpp_0=5.897856; ', 'mse_1=0.000532; ', 'lpips_1=0.003046; ', 'codec_recon_1=0.264227; ', 'bpp_1=0.293511; ', 'mse_2=0.000451; ', 'lpips_2=0.002774; ', 'codec_recon_2=0.074498; ', 'bpp_2=0.270547; ']
train step[441/2000] ; used: 8m:37s; eta: 30m:26s; loss = 0.023606; ['mse_0=0.002983; ', 'lpips_0=0.006095; ', 'codec_recon_0=0.018934; ', 'bpp_0=6.017623; ', 'mse_1=0.002517; ', 'lpips_1=0.005339; ', 'codec_recon_1=0.368767; ', 'bpp_1=0.296004; ', 'mse_2=0.002064; ', 'lpips_2=0.004608; ', 'codec_recon_2=0.075521; ', 'bpp_2=0.278437; ']
train step[442/2000] ; used: 8m:38s; eta: 30m:25s; loss = 0.009457; ['mse_0=0.000865; ', 'lpips_0=0.003347; ', 'codec_recon_0=0.022495; ', 'bpp_0=6.166683; ', 'mse_1=0.000591; ', 'lpips_1=0.002402; ', 'codec_recon_1=0.320015; ', 'bpp_1=0.297320; ', 'mse_2=0.000444; ', 'lpips_2=0.001808; ', 'codec_recon_2=0.091338; ', 'bpp_2=0.275246; ']
train step[443/2000] ; used: 8m:39s; eta: 30m:23s; loss = 0.013868; ['mse_0=0.000889; ', 'lpips_0=0.004380; ', 'codec_recon_0=0.024647; ', 'bpp_0=6.005895; ', 'mse_1=0.000775; ', 'lpips_1=0.003682; ', 'codec_recon_1=0.271252; ', 'bpp_1=0.293440; ', 'mse_2=0.000736; ', 'lpips_2=0.003405; ', 'codec_recon_2=0.090309; ', 'bpp_2=0.271791; ']
train step[444/2000] ; used: 8m:41s; eta: 30m:21s; loss = 0.011126; ['mse_0=0.000932; ', 'lpips_0=0.003496; ', 'codec_recon_0=0.020331; ', 'bpp_0=6.060512; ', 'mse_1=0.000793; ', 'lpips_1=0.002787; ', 'codec_recon_1=0.300888; ', 'bpp_1=0.296249; ', 'mse_2=0.000714; ', 'lpips_2=0.002403; ', 'codec_recon_2=0.084465; ', 'bpp_2=0.274584; ']
train step[445/2000] ; used: 8m:42s; eta: 30m:20s; loss = 0.020793; ['mse_0=0.003150; ', 'lpips_0=0.005035; ', 'codec_recon_0=0.019840; ', 'bpp_0=5.924892; ', 'mse_1=0.002406; ', 'lpips_1=0.004161; ', 'codec_recon_1=0.300257; ', 'bpp_1=0.293925; ', 'mse_2=0.002314; ', 'lpips_2=0.003726; ', 'codec_recon_2=0.074466; ', 'bpp_2=0.270721; ']
train step[446/2000] ; used: 8m:43s; eta: 30m:18s; loss = 0.011326; ['mse_0=0.001171; ', 'lpips_0=0.003577; ', 'codec_recon_0=0.019258; ', 'bpp_0=6.182323; ', 'mse_1=0.000921; ', 'lpips_1=0.002726; ', 'codec_recon_1=0.332010; ', 'bpp_1=0.297729; ', 'mse_2=0.000765; ', 'lpips_2=0.002166; ', 'codec_recon_2=0.091446; ', 'bpp_2=0.277658; ']
train step[447/2000] ; used: 8m:44s; eta: 30m:16s; loss = 0.009866; ['mse_0=0.000346; ', 'lpips_0=0.003673; ', 'codec_recon_0=0.019483; ', 'bpp_0=5.838472; ', 'mse_1=0.000258; ', 'lpips_1=0.002972; ', 'codec_recon_1=0.320079; ', 'bpp_1=0.289230; ', 'mse_2=0.000177; ', 'lpips_2=0.002440; ', 'codec_recon_2=0.089948; ', 'bpp_2=0.267569; ']
train step[448/2000] ; used: 8m:45s; eta: 30m:15s; loss = 0.014728; ['mse_0=0.001175; ', 'lpips_0=0.004240; ', 'codec_recon_0=0.030785; ', 'bpp_0=5.998610; ', 'mse_1=0.001088; ', 'lpips_1=0.003752; ', 'codec_recon_1=0.278729; ', 'bpp_1=0.293565; ', 'mse_2=0.001043; ', 'lpips_2=0.003430; ', 'codec_recon_2=0.105127; ', 'bpp_2=0.272602; ']
train step[449/2000] ; used: 8m:46s; eta: 30m:13s; loss = 0.014319; ['mse_0=0.000893; ', 'lpips_0=0.004715; ', 'codec_recon_0=0.019246; ', 'bpp_0=6.005892; ', 'mse_1=0.000709; ', 'lpips_1=0.003914; ', 'codec_recon_1=0.299273; ', 'bpp_1=0.294825; ', 'mse_2=0.000590; ', 'lpips_2=0.003498; ', 'codec_recon_2=0.091744; ', 'bpp_2=0.272771; ']
train step[450/2000] ; used: 8m:47s; eta: 30m:12s; loss = 0.014142; ['mse_0=0.002096; ', 'lpips_0=0.003589; ', 'codec_recon_0=0.020665; ', 'bpp_0=5.882382; ', 'mse_1=0.001600; ', 'lpips_1=0.002932; ', 'codec_recon_1=0.298788; ', 'bpp_1=0.293329; ', 'mse_2=0.001385; ', 'lpips_2=0.002540; ', 'codec_recon_2=0.075093; ', 'bpp_2=0.270671; ']
train step[451/2000] ; used: 8m:48s; eta: 30m:10s; loss = 0.014448; ['mse_0=0.001275; ', 'lpips_0=0.004345; ', 'codec_recon_0=0.021052; ', 'bpp_0=6.185959; ', 'mse_1=0.001271; ', 'lpips_1=0.003491; ', 'codec_recon_1=0.300779; ', 'bpp_1=0.299058; ', 'mse_2=0.001072; ', 'lpips_2=0.002994; ', 'codec_recon_2=0.090665; ', 'bpp_2=0.277235; ']
train step[452/2000] ; used: 8m:49s; eta: 30m:8s; loss = 0.012319; ['mse_0=0.000834; ', 'lpips_0=0.003771; ', 'codec_recon_0=0.024385; ', 'bpp_0=5.890405; ', 'mse_1=0.000754; ', 'lpips_1=0.003211; ', 'codec_recon_1=0.265994; ', 'bpp_1=0.289354; ', 'mse_2=0.000719; ', 'lpips_2=0.003031; ', 'codec_recon_2=0.084919; ', 'bpp_2=0.268572; ']
train step[453/2000] ; used: 8m:50s; eta: 30m:7s; loss = 0.022565; ['mse_0=0.002567; ', 'lpips_0=0.005556; ', 'codec_recon_0=0.019619; ', 'bpp_0=6.066486; ', 'mse_1=0.002396; ', 'lpips_1=0.005023; ', 'codec_recon_1=0.260781; ', 'bpp_1=0.295630; ', 'mse_2=0.002353; ', 'lpips_2=0.004670; ', 'codec_recon_2=0.090208; ', 'bpp_2=0.273718; ']
train step[454/2000] ; used: 8m:51s; eta: 30m:5s; loss = 0.008962; ['mse_0=0.000437; ', 'lpips_0=0.003146; ', 'codec_recon_0=0.018575; ', 'bpp_0=5.905038; ', 'mse_1=0.000323; ', 'lpips_1=0.002561; ', 'codec_recon_1=0.283949; ', 'bpp_1=0.292939; ', 'mse_2=0.000251; ', 'lpips_2=0.002243; ', 'codec_recon_2=0.080361; ', 'bpp_2=0.269030; ']
train step[455/2000] ; used: 8m:52s; eta: 30m:4s; loss = 0.011118; ['mse_0=0.000730; ', 'lpips_0=0.003657; ', 'codec_recon_0=0.024496; ', 'bpp_0=5.882272; ', 'mse_1=0.000547; ', 'lpips_1=0.003121; ', 'codec_recon_1=0.306969; ', 'bpp_1=0.293454; ', 'mse_2=0.000440; ', 'lpips_2=0.002623; ', 'codec_recon_2=0.089568; ', 'bpp_2=0.271570; ']
train step[456/2000] ; used: 8m:53s; eta: 30m:2s; loss = 0.014501; ['mse_0=0.001380; ', 'lpips_0=0.004290; ', 'codec_recon_0=0.020115; ', 'bpp_0=6.078010; ', 'mse_1=0.001113; ', 'lpips_1=0.003628; ', 'codec_recon_1=0.333999; ', 'bpp_1=0.296119; ', 'mse_2=0.000940; ', 'lpips_2=0.003150; ', 'codec_recon_2=0.084108; ', 'bpp_2=0.276264; ']
train step[457/2000] ; used: 8m:54s; eta: 30m; loss = 0.009383; ['mse_0=0.000599; ', 'lpips_0=0.003254; ', 'codec_recon_0=0.019219; ', 'bpp_0=6.043286; ', 'mse_1=0.000452; ', 'lpips_1=0.002558; ', 'codec_recon_1=0.297673; ', 'bpp_1=0.296505; ', 'mse_2=0.000376; ', 'lpips_2=0.002143; ', 'codec_recon_2=0.081859; ', 'bpp_2=0.273881; ']
train step[458/2000] ; used: 8m:55s; eta: 29m:59s; loss = 0.018628; ['mse_0=0.002482; ', 'lpips_0=0.004984; ', 'codec_recon_0=0.017289; ', 'bpp_0=6.177157; ', 'mse_1=0.001907; ', 'lpips_1=0.004107; ', 'codec_recon_1=0.318281; ', 'bpp_1=0.299253; ', 'mse_2=0.001648; ', 'lpips_2=0.003499; ', 'codec_recon_2=0.072752; ', 'bpp_2=0.280710; ']
train step[459/2000] ; used: 8m:56s; eta: 29m:57s; loss = 0.011912; ['mse_0=0.001160; ', 'lpips_0=0.003372; ', 'codec_recon_0=0.019426; ', 'bpp_0=6.046748; ', 'mse_1=0.000990; ', 'lpips_1=0.002853; ', 'codec_recon_1=0.269895; ', 'bpp_1=0.294856; ', 'mse_2=0.000928; ', 'lpips_2=0.002608; ', 'codec_recon_2=0.077979; ', 'bpp_2=0.272560; ']
train step[460/2000] ; used: 8m:57s; eta: 29m:56s; loss = 0.014716; ['mse_0=0.001029; ', 'lpips_0=0.004868; ', 'codec_recon_0=0.022854; ', 'bpp_0=6.073399; ', 'mse_1=0.000858; ', 'lpips_1=0.004052; ', 'codec_recon_1=0.359983; ', 'bpp_1=0.295986; ', 'mse_2=0.000686; ', 'lpips_2=0.003224; ', 'codec_recon_2=0.096553; ', 'bpp_2=0.276255; ']
train step[461/2000] ; used: 8m:58s; eta: 29m:54s; loss = 0.013326; ['mse_0=0.001111; ', 'lpips_0=0.003775; ', 'codec_recon_0=0.022695; ', 'bpp_0=5.918547; ', 'mse_1=0.001018; ', 'lpips_1=0.003316; ', 'codec_recon_1=0.270177; ', 'bpp_1=0.291096; ', 'mse_2=0.000992; ', 'lpips_2=0.003113; ', 'codec_recon_2=0.085069; ', 'bpp_2=0.269953; ']
train step[462/2000] ; used: 8m:59s; eta: 29m:52s; loss = 0.008069; ['mse_0=0.000421; ', 'lpips_0=0.002902; ', 'codec_recon_0=0.019562; ', 'bpp_0=5.856322; ', 'mse_1=0.000318; ', 'lpips_1=0.002314; ', 'codec_recon_1=0.294232; ', 'bpp_1=0.290702; ', 'mse_2=0.000230; ', 'lpips_2=0.001885; ', 'codec_recon_2=0.082180; ', 'bpp_2=0.267595; ']
train step[463/2000] ; used: 9m; eta: 29m:51s; loss = 0.026169; ['mse_0=0.002016; ', 'lpips_0=0.007364; ', 'codec_recon_0=0.021464; ', 'bpp_0=5.925829; ', 'mse_1=0.001831; ', 'lpips_1=0.006688; ', 'codec_recon_1=0.283528; ', 'bpp_1=0.292753; ', 'mse_2=0.001852; ', 'lpips_2=0.006418; ', 'codec_recon_2=0.085843; ', 'bpp_2=0.273999; ']
train step[464/2000] ; used: 9m:1s; eta: 29m:49s; loss = 0.013580; ['mse_0=0.001167; ', 'lpips_0=0.003906; ', 'codec_recon_0=0.020992; ', 'bpp_0=5.869409; ', 'mse_1=0.001002; ', 'lpips_1=0.003419; ', 'codec_recon_1=0.308570; ', 'bpp_1=0.289921; ', 'mse_2=0.000962; ', 'lpips_2=0.003124; ', 'codec_recon_2=0.079292; ', 'bpp_2=0.266277; ']
train step[465/2000] ; used: 9m:2s; eta: 29m:48s; loss = 0.009875; ['mse_0=0.000582; ', 'lpips_0=0.003338; ', 'codec_recon_0=0.018774; ', 'bpp_0=5.767019; ', 'mse_1=0.000431; ', 'lpips_1=0.002753; ', 'codec_recon_1=0.282461; ', 'bpp_1=0.288979; ', 'mse_2=0.000338; ', 'lpips_2=0.002434; ', 'codec_recon_2=0.073705; ', 'bpp_2=0.268163; ']
train step[466/2000] ; used: 9m:3s; eta: 29m:46s; loss = 0.016784; ['mse_0=0.002115; ', 'lpips_0=0.004350; ', 'codec_recon_0=0.018704; ', 'bpp_0=6.068347; ', 'mse_1=0.001727; ', 'lpips_1=0.003794; ', 'codec_recon_1=0.316805; ', 'bpp_1=0.297640; ', 'mse_2=0.001481; ', 'lpips_2=0.003317; ', 'codec_recon_2=0.076648; ', 'bpp_2=0.275949; ']
train step[467/2000] ; used: 9m:4s; eta: 29m:45s; loss = 0.021673; ['mse_0=0.002713; ', 'lpips_0=0.005141; ', 'codec_recon_0=0.021398; ', 'bpp_0=5.959228; ', 'mse_1=0.002537; ', 'lpips_1=0.004565; ', 'codec_recon_1=0.311376; ', 'bpp_1=0.294691; ', 'mse_2=0.002439; ', 'lpips_2=0.004280; ', 'codec_recon_2=0.072996; ', 'bpp_2=0.274461; ']
train step[468/2000] ; used: 9m:6s; eta: 29m:43s; loss = 0.021788; ['mse_0=0.002314; ', 'lpips_0=0.006496; ', 'codec_recon_0=0.020161; ', 'bpp_0=6.332679; ', 'mse_1=0.001969; ', 'lpips_1=0.005399; ', 'codec_recon_1=0.413905; ', 'bpp_1=0.301708; ', 'mse_2=0.001475; ', 'lpips_2=0.004135; ', 'codec_recon_2=0.089619; ', 'bpp_2=0.283864; ']
train step[469/2000] ; used: 9m:7s; eta: 29m:42s; loss = 0.010606; ['mse_0=0.000651; ', 'lpips_0=0.003726; ', 'codec_recon_0=0.021281; ', 'bpp_0=6.164056; ', 'mse_1=0.000477; ', 'lpips_1=0.003033; ', 'codec_recon_1=0.340392; ', 'bpp_1=0.297014; ', 'mse_2=0.000375; ', 'lpips_2=0.002343; ', 'codec_recon_2=0.098391; ', 'bpp_2=0.276776; ']
train step[470/2000] ; used: 9m:8s; eta: 29m:40s; loss = 0.032298; ['mse_0=0.004165; ', 'lpips_0=0.007296; ', 'codec_recon_0=0.021412; ', 'bpp_0=6.082205; ', 'mse_1=0.003838; ', 'lpips_1=0.006830; ', 'codec_recon_1=0.350538; ', 'bpp_1=0.297210; ', 'mse_2=0.003750; ', 'lpips_2=0.006418; ', 'codec_recon_2=0.080284; ', 'bpp_2=0.277134; ']
train step[471/2000] ; used: 9m:9s; eta: 29m:38s; loss = 0.009940; ['mse_0=0.000350; ', 'lpips_0=0.003539; ', 'codec_recon_0=0.020734; ', 'bpp_0=6.074426; ', 'mse_1=0.000252; ', 'lpips_1=0.002900; ', 'codec_recon_1=0.275064; ', 'bpp_1=0.292575; ', 'mse_2=0.000217; ', 'lpips_2=0.002681; ', 'codec_recon_2=0.093173; ', 'bpp_2=0.267674; ']
train step[472/2000] ; used: 9m:10s; eta: 29m:37s; loss = 0.012778; ['mse_0=0.000725; ', 'lpips_0=0.004158; ', 'codec_recon_0=0.021774; ', 'bpp_0=5.685061; ', 'mse_1=0.000526; ', 'lpips_1=0.003602; ', 'codec_recon_1=0.262956; ', 'bpp_1=0.286708; ', 'mse_2=0.000429; ', 'lpips_2=0.003339; ', 'codec_recon_2=0.069722; ', 'bpp_2=0.264432; ']
train step[473/2000] ; used: 9m:11s; eta: 29m:35s; loss = 0.015497; ['mse_0=0.001303; ', 'lpips_0=0.004507; ', 'codec_recon_0=0.019267; ', 'bpp_0=5.999390; ', 'mse_1=0.001104; ', 'lpips_1=0.004020; ', 'codec_recon_1=0.291280; ', 'bpp_1=0.294940; ', 'mse_2=0.000980; ', 'lpips_2=0.003584; ', 'codec_recon_2=0.078770; ', 'bpp_2=0.274318; ']
train step[474/2000] ; used: 9m:12s; eta: 29m:34s; loss = 0.020886; ['mse_0=0.002707; ', 'lpips_0=0.005167; ', 'codec_recon_0=0.021297; ', 'bpp_0=5.908628; ', 'mse_1=0.002275; ', 'lpips_1=0.004480; ', 'codec_recon_1=0.276613; ', 'bpp_1=0.294179; ', 'mse_2=0.002106; ', 'lpips_2=0.004152; ', 'codec_recon_2=0.074732; ', 'bpp_2=0.272970; ']
train step[475/2000] ; used: 9m:13s; eta: 29m:32s; loss = 0.014964; ['mse_0=0.001145; ', 'lpips_0=0.004335; ', 'codec_recon_0=0.020966; ', 'bpp_0=5.934233; ', 'mse_1=0.000988; ', 'lpips_1=0.003910; ', 'codec_recon_1=0.286531; ', 'bpp_1=0.293431; ', 'mse_2=0.000916; ', 'lpips_2=0.003669; ', 'codec_recon_2=0.077991; ', 'bpp_2=0.271836; ']
train step[476/2000] ; used: 9m:14s; eta: 29m:31s; loss = 0.017399; ['mse_0=0.001645; ', 'lpips_0=0.005352; ', 'codec_recon_0=0.020163; ', 'bpp_0=6.101418; ', 'mse_1=0.001356; ', 'lpips_1=0.004459; ', 'codec_recon_1=0.397098; ', 'bpp_1=0.295701; ', 'mse_2=0.001123; ', 'lpips_2=0.003464; ', 'codec_recon_2=0.084171; ', 'bpp_2=0.276866; ']
train step[477/2000] ; used: 9m:15s; eta: 29m:29s; loss = 0.024000; ['mse_0=0.002696; ', 'lpips_0=0.006402; ', 'codec_recon_0=0.021634; ', 'bpp_0=6.188241; ', 'mse_1=0.002311; ', 'lpips_1=0.005510; ', 'codec_recon_1=0.335603; ', 'bpp_1=0.298583; ', 'mse_2=0.002152; ', 'lpips_2=0.004928; ', 'codec_recon_2=0.084253; ', 'bpp_2=0.278997; ']
train step[478/2000] ; used: 9m:16s; eta: 29m:28s; loss = 0.013593; ['mse_0=0.001170; ', 'lpips_0=0.003891; ', 'codec_recon_0=0.022996; ', 'bpp_0=5.985778; ', 'mse_1=0.001005; ', 'lpips_1=0.003411; ', 'codec_recon_1=0.270681; ', 'bpp_1=0.294664; ', 'mse_2=0.000934; ', 'lpips_2=0.003182; ', 'codec_recon_2=0.083413; ', 'bpp_2=0.271942; ']
train step[479/2000] ; used: 9m:17s; eta: 29m:26s; loss = 0.028443; ['mse_0=0.004409; ', 'lpips_0=0.005931; ', 'codec_recon_0=0.022387; ', 'bpp_0=5.936458; ', 'mse_1=0.004204; ', 'lpips_1=0.005253; ', 'codec_recon_1=0.344040; ', 'bpp_1=0.292715; ', 'mse_2=0.003954; ', 'lpips_2=0.004692; ', 'codec_recon_2=0.081730; ', 'bpp_2=0.271008; ']
train step[480/2000] ; used: 9m:18s; eta: 29m:25s; loss = 0.014334; ['mse_0=0.001582; ', 'lpips_0=0.004345; ', 'codec_recon_0=0.020897; ', 'bpp_0=6.129341; ', 'mse_1=0.001292; ', 'lpips_1=0.003572; ', 'codec_recon_1=0.367946; ', 'bpp_1=0.298980; ', 'mse_2=0.000872; ', 'lpips_2=0.002671; ', 'codec_recon_2=0.086816; ', 'bpp_2=0.276640; ']
train step[481/2000] ; used: 9m:19s; eta: 29m:23s; loss = 0.014983; ['mse_0=0.001081; ', 'lpips_0=0.004629; ', 'codec_recon_0=0.022297; ', 'bpp_0=5.995291; ', 'mse_1=0.000910; ', 'lpips_1=0.003934; ', 'codec_recon_1=0.296421; ', 'bpp_1=0.295641; ', 'mse_2=0.000812; ', 'lpips_2=0.003617; ', 'codec_recon_2=0.078260; ', 'bpp_2=0.271987; ']
train step[482/2000] ; used: 9m:20s; eta: 29m:21s; loss = 0.013844; ['mse_0=0.000660; ', 'lpips_0=0.004373; ', 'codec_recon_0=0.026099; ', 'bpp_0=5.800046; ', 'mse_1=0.000606; ', 'lpips_1=0.003901; ', 'codec_recon_1=0.270262; ', 'bpp_1=0.289619; ', 'mse_2=0.000579; ', 'lpips_2=0.003724; ', 'codec_recon_2=0.082467; ', 'bpp_2=0.266620; ']
train step[483/2000] ; used: 9m:21s; eta: 29m:20s; loss = 0.021004; ['mse_0=0.002330; ', 'lpips_0=0.005579; ', 'codec_recon_0=0.020220; ', 'bpp_0=6.099833; ', 'mse_1=0.001957; ', 'lpips_1=0.004930; ', 'codec_recon_1=0.292262; ', 'bpp_1=0.297422; ', 'mse_2=0.001811; ', 'lpips_2=0.004397; ', 'codec_recon_2=0.083268; ', 'bpp_2=0.275473; ']
train step[484/2000] ; used: 9m:22s; eta: 29m:18s; loss = 0.015776; ['mse_0=0.001193; ', 'lpips_0=0.004631; ', 'codec_recon_0=0.020695; ', 'bpp_0=6.017377; ', 'mse_1=0.001042; ', 'lpips_1=0.004082; ', 'codec_recon_1=0.295965; ', 'bpp_1=0.294660; ', 'mse_2=0.000992; ', 'lpips_2=0.003836; ', 'codec_recon_2=0.090460; ', 'bpp_2=0.272140; ']
train step[485/2000] ; used: 9m:23s; eta: 29m:17s; loss = 0.013300; ['mse_0=0.001265; ', 'lpips_0=0.004038; ', 'codec_recon_0=0.021460; ', 'bpp_0=6.076104; ', 'mse_1=0.001037; ', 'lpips_1=0.003473; ', 'codec_recon_1=0.340197; ', 'bpp_1=0.296205; ', 'mse_2=0.000761; ', 'lpips_2=0.002726; ', 'codec_recon_2=0.086632; ', 'bpp_2=0.274602; ']
train step[486/2000] ; used: 9m:24s; eta: 29m:15s; loss = 0.009983; ['mse_0=0.000528; ', 'lpips_0=0.003218; ', 'codec_recon_0=0.018905; ', 'bpp_0=5.904183; ', 'mse_1=0.000427; ', 'lpips_1=0.002789; ', 'codec_recon_1=0.259712; ', 'bpp_1=0.293203; ', 'mse_2=0.000393; ', 'lpips_2=0.002628; ', 'codec_recon_2=0.078069; ', 'bpp_2=0.268626; ']
train step[487/2000] ; used: 9m:25s; eta: 29m:14s; loss = 0.009271; ['mse_0=0.000458; ', 'lpips_0=0.003120; ', 'codec_recon_0=0.021406; ', 'bpp_0=5.967324; ', 'mse_1=0.000371; ', 'lpips_1=0.002596; ', 'codec_recon_1=0.271504; ', 'bpp_1=0.293252; ', 'mse_2=0.000349; ', 'lpips_2=0.002376; ', 'codec_recon_2=0.085446; ', 'bpp_2=0.269034; ']
train step[488/2000] ; used: 9m:26s; eta: 29m:12s; loss = 0.024809; ['mse_0=0.003019; ', 'lpips_0=0.006252; ', 'codec_recon_0=0.020757; ', 'bpp_0=6.132322; ', 'mse_1=0.002628; ', 'lpips_1=0.005570; ', 'codec_recon_1=0.342796; ', 'bpp_1=0.298436; ', 'mse_2=0.002385; ', 'lpips_2=0.004956; ', 'codec_recon_2=0.080599; ', 'bpp_2=0.279936; ']
train step[489/2000] ; used: 9m:27s; eta: 29m:11s; loss = 0.036699; ['mse_0=0.005740; ', 'lpips_0=0.007064; ', 'codec_recon_0=0.020933; ', 'bpp_0=5.978091; ', 'mse_1=0.005635; ', 'lpips_1=0.006466; ', 'codec_recon_1=0.294873; ', 'bpp_1=0.295124; ', 'mse_2=0.005665; ', 'lpips_2=0.006129; ', 'codec_recon_2=0.074643; ', 'bpp_2=0.273837; ']
train step[490/2000] ; used: 9m:28s; eta: 29m:9s; loss = 0.012401; ['mse_0=0.000803; ', 'lpips_0=0.004030; ', 'codec_recon_0=0.020033; ', 'bpp_0=6.052113; ', 'mse_1=0.000697; ', 'lpips_1=0.003323; ', 'codec_recon_1=0.326399; ', 'bpp_1=0.295022; ', 'mse_2=0.000642; ', 'lpips_2=0.002906; ', 'codec_recon_2=0.094305; ', 'bpp_2=0.271670; ']
train step[491/2000] ; used: 9m:30s; eta: 29m:8s; loss = 0.012399; ['mse_0=0.000592; ', 'lpips_0=0.004055; ', 'codec_recon_0=0.023043; ', 'bpp_0=5.827256; ', 'mse_1=0.000514; ', 'lpips_1=0.003495; ', 'codec_recon_1=0.281657; ', 'bpp_1=0.290986; ', 'mse_2=0.000473; ', 'lpips_2=0.003271; ', 'codec_recon_2=0.084422; ', 'bpp_2=0.269257; ']
train step[492/2000] ; used: 9m:31s; eta: 29m:6s; loss = 0.021603; ['mse_0=0.002962; ', 'lpips_0=0.005018; ', 'codec_recon_0=0.022211; ', 'bpp_0=6.066912; ', 'mse_1=0.002680; ', 'lpips_1=0.004381; ', 'codec_recon_1=0.331421; ', 'bpp_1=0.297166; ', 'mse_2=0.002641; ', 'lpips_2=0.003921; ', 'codec_recon_2=0.083173; ', 'bpp_2=0.275869; ']
train step[493/2000] ; used: 9m:32s; eta: 29m:5s; loss = 0.009827; ['mse_0=0.000644; ', 'lpips_0=0.003335; ', 'codec_recon_0=0.019706; ', 'bpp_0=6.053607; ', 'mse_1=0.000471; ', 'lpips_1=0.002679; ', 'codec_recon_1=0.312636; ', 'bpp_1=0.295927; ', 'mse_2=0.000367; ', 'lpips_2=0.002332; ', 'codec_recon_2=0.080127; ', 'bpp_2=0.274017; ']
train step[494/2000] ; used: 9m:33s; eta: 29m:5s; loss = 0.010107; ['mse_0=0.000676; ', 'lpips_0=0.003538; ', 'codec_recon_0=0.020771; ', 'bpp_0=6.059690; ', 'mse_1=0.000513; ', 'lpips_1=0.002805; ', 'codec_recon_1=0.325692; ', 'bpp_1=0.294777; ', 'mse_2=0.000354; ', 'lpips_2=0.002221; ', 'codec_recon_2=0.086137; ', 'bpp_2=0.271546; ']
train step[495/2000] ; used: 9m:34s; eta: 29m:3s; loss = 0.011008; ['mse_0=0.000646; ', 'lpips_0=0.003653; ', 'codec_recon_0=0.017447; ', 'bpp_0=6.015901; ', 'mse_1=0.000516; ', 'lpips_1=0.003113; ', 'codec_recon_1=0.283199; ', 'bpp_1=0.294915; ', 'mse_2=0.000368; ', 'lpips_2=0.002713; ', 'codec_recon_2=0.075574; ', 'bpp_2=0.271482; ']
train step[496/2000] ; used: 9m:35s; eta: 29m:2s; loss = 0.013793; ['mse_0=0.001058; ', 'lpips_0=0.004212; ', 'codec_recon_0=0.025430; ', 'bpp_0=5.979424; ', 'mse_1=0.000875; ', 'lpips_1=0.003614; ', 'codec_recon_1=0.302544; ', 'bpp_1=0.293320; ', 'mse_2=0.000783; ', 'lpips_2=0.003251; ', 'codec_recon_2=0.081909; ', 'bpp_2=0.271989; ']
train step[497/2000] ; used: 9m:36s; eta: 29m; loss = 0.013742; ['mse_0=0.001359; ', 'lpips_0=0.003882; ', 'codec_recon_0=0.022340; ', 'bpp_0=6.151016; ', 'mse_1=0.001106; ', 'lpips_1=0.003291; ', 'codec_recon_1=0.292765; ', 'bpp_1=0.296822; ', 'mse_2=0.001059; ', 'lpips_2=0.003045; ', 'codec_recon_2=0.102010; ', 'bpp_2=0.274347; ']
train step[498/2000] ; used: 9m:37s; eta: 28m:59s; loss = 0.015778; ['mse_0=0.001305; ', 'lpips_0=0.004495; ', 'codec_recon_0=0.023792; ', 'bpp_0=5.948723; ', 'mse_1=0.001158; ', 'lpips_1=0.003974; ', 'codec_recon_1=0.286131; ', 'bpp_1=0.292460; ', 'mse_2=0.001142; ', 'lpips_2=0.003704; ', 'codec_recon_2=0.098612; ', 'bpp_2=0.269560; ']
train step[499/2000] ; used: 9m:38s; eta: 28m:57s; loss = 0.020544; ['mse_0=0.002611; ', 'lpips_0=0.005173; ', 'codec_recon_0=0.019116; ', 'bpp_0=6.283034; ', 'mse_1=0.002327; ', 'lpips_1=0.004546; ', 'codec_recon_1=0.371465; ', 'bpp_1=0.302298; ', 'mse_2=0.002083; ', 'lpips_2=0.003805; ', 'codec_recon_2=0.085927; ', 'bpp_2=0.283385; ']
validation step on 500 1/100; scene = ['5aca87f95a9412c6']; context = [[58, 133]]
validation step on 500 2/100; scene = ['bc95e5c7e357f1b7']; context = [[35, 91]]
validation step on 500 3/100; scene = ['34b0658a5c200cdf']; context = [[0, 70]]
validation step on 500 4/100; scene = ['28e8300e004ab30b']; context = [[3, 68]]
validation step on 500 5/100; scene = ['6558c5f10d45a929']; context = [[43, 160]]
validation step on 500 6/100; scene = ['89ea49cd9865aeff']; context = [[31, 81]]
validation step on 500 7/100; scene = ['ed477bdf8582adff']; context = [[40, 85]]
validation step on 500 8/100; scene = ['57d3409bf04c4651']; context = [[0, 45]]
validation step on 500 9/100; scene = ['aadc1e2dc74fd644']; context = [[2, 52]]
validation step on 500 10/100; scene = ['cd74b1244d112628']; context = [[63, 110]]
validation step on 500 11/100; scene = ['57d25dafabb5a238']; context = [[32, 104]]
validation step on 500 12/100; scene = ['e4f4574df7938f37']; context = [[0, 115]]
validation step on 500 13/100; scene = ['20d86cff490c0c42']; context = [[18, 69]]
validation step on 500 14/100; scene = ['0c4c5d5f751aabf5']; context = [[12, 57]]
validation step on 500 15/100; scene = ['fea544b472e9abd1']; context = [[12, 93]]
validation step on 500 16/100; scene = ['656381bea665bf3d']; context = [[27, 75]]
validation step on 500 17/100; scene = ['322261824c4a3003']; context = [[33, 78]]
validation step on 500 18/100; scene = ['f7c0fa5b81552d35']; context = [[11, 64]]
validation step on 500 19/100; scene = ['a56ba2efb5e3fdd9']; context = [[33, 92]]
validation step on 500 20/100; scene = ['c48f19e2ffa52523']; context = [[195, 264]]
validation step on 500 21/100; scene = ['1214f2a11a9fc1ed']; context = [[103, 215]]
validation step on 500 22/100; scene = ['a9b3ff60b213e099']; context = [[32, 96]]
validation step on 500 23/100; scene = ['a6fa92e8204f6118']; context = [[2, 66]]
validation step on 500 24/100; scene = ['21e794f71e31becb']; context = [[72, 180]]
validation step on 500 25/100; scene = ['f7d916b43193c181']; context = [[7, 61]]
validation step on 500 26/100; scene = ['84ab392d682f296b']; context = [[43, 120]]
validation step on 500 27/100; scene = ['6771a51bf0cfce7f']; context = [[152, 199]]
validation step on 500 28/100; scene = ['17d9303ee77c3a3d']; context = [[17, 63]]
validation step on 500 29/100; scene = ['ffa95c3b40609c76']; context = [[120, 213]]
validation step on 500 30/100; scene = ['a47b88040452d7d9']; context = [[35, 97]]
validation step on 500 31/100; scene = ['0d4de33c6888a754']; context = [[2, 57]]
validation step on 500 32/100; scene = ['41bcd011f99bfb66']; context = [[4, 50]]
validation step on 500 33/100; scene = ['67a69088a2695987']; context = [[6, 86]]
validation step on 500 34/100; scene = ['b4099665590548fc']; context = [[23, 74]]
validation step on 500 35/100; scene = ['9e2a8cc5f32dd46b']; context = [[75, 151]]
validation step on 500 36/100; scene = ['2e109379f53bb221']; context = [[35, 108]]
validation step on 500 37/100; scene = ['8adebbb68f2c3f84']; context = [[72, 131]]
validation step on 500 38/100; scene = ['29e0bfbad00f0d5e']; context = [[8, 100]]
validation step on 500 39/100; scene = ['debc3490ba0bd84b']; context = [[34, 81]]
validation step on 500 40/100; scene = ['7c7bc5285126e6ad']; context = [[64, 126]]
validation step on 500 41/100; scene = ['cdf439b17a6a98d4']; context = [[31, 77]]
validation step on 500 42/100; scene = ['cb38d67088b66084']; context = [[49, 106]]
validation step on 500 43/100; scene = ['2da2eeb966bc0ef8']; context = [[30, 94]]
validation step on 500 44/100; scene = ['bb4d7012261ee0ed']; context = [[0, 46]]
validation step on 500 45/100; scene = ['9e1f1beb4ba8e5da']; context = [[9, 73]]
validation step on 500 46/100; scene = ['26b31d71789bffad']; context = [[3, 57]]
validation step on 500 47/100; scene = ['41abd737e0228c1a']; context = [[81, 127]]
validation step on 500 48/100; scene = ['ed0c2aca14b99efa']; context = [[62, 119]]
validation step on 500 49/100; scene = ['8d5163de9ea4d851']; context = [[39, 85]]
validation step on 500 50/100; scene = ['81be42df6ccae760']; context = [[13, 107]]
validation step on 500 51/100; scene = ['6fe141ec9be1a432']; context = [[12, 73]]
validation step on 500 52/100; scene = ['3b6d8db52c54b174']; context = [[0, 80]]
validation step on 500 53/100; scene = ['3087828bc27bc4c7']; context = [[15, 96]]
validation step on 500 54/100; scene = ['e124dfa7e996a414']; context = [[48, 93]]
validation step on 500 55/100; scene = ['e1afd89a69ee6947']; context = [[34, 113]]
validation step on 500 56/100; scene = ['79ce50fb7b021e1d']; context = [[212, 278]]
validation step on 500 57/100; scene = ['358bdee988c269ef']; context = [[3, 95]]
validation step on 500 58/100; scene = ['f14791aec34dbdcd']; context = [[5, 59]]
validation step on 500 59/100; scene = ['0c52996355b23d76']; context = [[51, 111]]
validation step on 500 60/100; scene = ['62bcb465bb03d34f']; context = [[6, 84]]
validation step on 500 61/100; scene = ['1f0e06e4388dd600']; context = [[44, 96]]
validation step on 500 62/100; scene = ['c9c30723d7c54793']; context = [[152, 247]]
validation step on 500 63/100; scene = ['8b212f2755d955ec']; context = [[40, 110]]
validation step on 500 64/100; scene = ['de67e3a0b0648cfe']; context = [[16, 72]]
validation step on 500 65/100; scene = ['54841308aff91857']; context = [[27, 86]]
validation step on 500 66/100; scene = ['40ca76de44a6e1a9']; context = [[43, 107]]
validation step on 500 67/100; scene = ['bc143130c1842e4b']; context = [[29, 133]]
validation step on 500 68/100; scene = ['912177dbf0a1ed6c']; context = [[3, 60]]
validation step on 500 69/100; scene = ['afe4e799a94e06b3']; context = [[54, 150]]
validation step on 500 70/100; scene = ['17f552ef56d85c55']; context = [[20, 86]]
validation step on 500 71/100; scene = ['a7c691c210154b09']; context = [[0, 50]]
validation step on 500 72/100; scene = ['9490f1219dbbb6ce']; context = [[17, 72]]
validation step on 500 73/100; scene = ['154365ab5a4e067b']; context = [[2, 48]]
validation step on 500 74/100; scene = ['ab4c269f8d523d02']; context = [[18, 72]]
validation step on 500 75/100; scene = ['75d475e9558ab806']; context = [[1, 46]]
validation step on 500 76/100; scene = ['fdaab1f49851782c']; context = [[31, 142]]
validation step on 500 77/100; scene = ['2d4efa3897a4ba2d']; context = [[4, 58]]
validation step on 500 78/100; scene = ['14f477e7d5af5b91']; context = [[17, 72]]
validation step on 500 79/100; scene = ['de45926738229f67']; context = [[22, 84]]
validation step on 500 80/100; scene = ['5c909c802eb6edb1']; context = [[13, 78]]
validation step on 500 81/100; scene = ['aa91dfdd5f4ad32b']; context = [[8, 57]]
validation step on 500 82/100; scene = ['88d9ba3324f2ec21']; context = [[2, 49]]
validation step on 500 83/100; scene = ['622ef98e83ed5239']; context = [[3, 66]]
validation step on 500 84/100; scene = ['30fc5fc78c5a716e']; context = [[151, 210]]
validation step on 500 85/100; scene = ['8b760ac05c93a6bb']; context = [[26, 72]]
validation step on 500 86/100; scene = ['800ea72b6988f63e']; context = [[141, 190]]
validation step on 500 87/100; scene = ['674dabef8f53b566']; context = [[9, 91]]
validation step on 500 88/100; scene = ['d3a01038c5f21473']; context = [[139, 273]]
validation step on 500 89/100; scene = ['3e5f747d06bc84a3']; context = [[85, 190]]
validation step on 500 90/100; scene = ['bb6fa5bdafc14e8c']; context = [[43, 139]]
validation step on 500 91/100; scene = ['052430ff6e2c07c4']; context = [[19, 92]]
validation step on 500 92/100; scene = ['0588138dfec165a1']; context = [[70, 160]]
validation step on 500 93/100; scene = ['e4bcb18fa6aa91be']; context = [[32, 79]]
validation step on 500 94/100; scene = ['4c4fa41951e37e78']; context = [[8, 60]]
validation step on 500 95/100; scene = ['252a24d25a1ea81d']; context = [[198, 263]]
validation step on 500 96/100; scene = ['214df1c2863d2959']; context = [[45, 96]]
validation step on 500 97/100; scene = ['bfd27ad72975e120']; context = [[8, 55]]
validation step on 500 98/100; scene = ['572acd18419c3456']; context = [[3, 62]]
validation step on 500 99/100; scene = ['b26e6c80d283c4c8']; context = [[46, 92]]
validation step on 500 100/100; scene = ['10c8e54590f715f7']; context = [[6, 76]]
train step[500/2000] ; used: 10m:34s; eta: 31m:40s; loss = 0.016684; ['mse_0=0.001745; ', 'lpips_0=0.004697; ', 'codec_recon_0=0.020602; ', 'bpp_0=6.081024; ', 'mse_1=0.001385; ', 'lpips_1=0.003994; ', 'codec_recon_1=0.296750; ', 'bpp_1=0.296852; ', 'mse_2=0.001271; ', 'lpips_2=0.003594; ', 'codec_recon_2=0.086440; ', 'bpp_2=0.274936; ']
train step[501/2000] ; used: 10m:35s; eta: 31m:38s; loss = 0.018903; ['mse_0=0.001717; ', 'lpips_0=0.005599; ', 'codec_recon_0=0.023108; ', 'bpp_0=6.067082; ', 'mse_1=0.001413; ', 'lpips_1=0.004855; ', 'codec_recon_1=0.367999; ', 'bpp_1=0.296804; ', 'mse_2=0.001246; ', 'lpips_2=0.004073; ', 'codec_recon_2=0.091162; ', 'bpp_2=0.277120; ']
train step[502/2000] ; used: 10m:36s; eta: 31m:36s; loss = 0.014923; ['mse_0=0.001531; ', 'lpips_0=0.004095; ', 'codec_recon_0=0.019671; ', 'bpp_0=5.998219; ', 'mse_1=0.001266; ', 'lpips_1=0.003528; ', 'codec_recon_1=0.280240; ', 'bpp_1=0.294964; ', 'mse_2=0.001205; ', 'lpips_2=0.003298; ', 'codec_recon_2=0.078828; ', 'bpp_2=0.273234; ']
train step[503/2000] ; used: 10m:37s; eta: 31m:34s; loss = 0.013136; ['mse_0=0.000996; ', 'lpips_0=0.003997; ', 'codec_recon_0=0.019469; ', 'bpp_0=5.881953; ', 'mse_1=0.000849; ', 'lpips_1=0.003433; ', 'codec_recon_1=0.287302; ', 'bpp_1=0.292034; ', 'mse_2=0.000761; ', 'lpips_2=0.003100; ', 'codec_recon_2=0.074088; ', 'bpp_2=0.269134; ']
train step[504/2000] ; used: 10m:38s; eta: 31m:32s; loss = 0.014344; ['mse_0=0.001726; ', 'lpips_0=0.003793; ', 'codec_recon_0=0.030918; ', 'bpp_0=6.068337; ', 'mse_1=0.001545; ', 'lpips_1=0.003155; ', 'codec_recon_1=0.318419; ', 'bpp_1=0.296801; ', 'mse_2=0.001452; ', 'lpips_2=0.002672; ', 'codec_recon_2=0.104826; ', 'bpp_2=0.271931; ']
train step[505/2000] ; used: 10m:39s; eta: 31m:30s; loss = 0.013746; ['mse_0=0.000889; ', 'lpips_0=0.004310; ', 'codec_recon_0=0.021428; ', 'bpp_0=5.878877; ', 'mse_1=0.000756; ', 'lpips_1=0.003700; ', 'codec_recon_1=0.285982; ', 'bpp_1=0.292123; ', 'mse_2=0.000705; ', 'lpips_2=0.003386; ', 'codec_recon_2=0.083850; ', 'bpp_2=0.271635; ']
train step[506/2000] ; used: 10m:40s; eta: 31m:28s; loss = 0.010897; ['mse_0=0.000513; ', 'lpips_0=0.003679; ', 'codec_recon_0=0.019126; ', 'bpp_0=6.076536; ', 'mse_1=0.000406; ', 'lpips_1=0.003140; ', 'codec_recon_1=0.301539; ', 'bpp_1=0.294353; ', 'mse_2=0.000341; ', 'lpips_2=0.002818; ', 'codec_recon_2=0.090531; ', 'bpp_2=0.271779; ']
train step[507/2000] ; used: 10m:41s; eta: 31m:26s; loss = 0.022539; ['mse_0=0.001640; ', 'lpips_0=0.007044; ', 'codec_recon_0=0.023559; ', 'bpp_0=5.870828; ', 'mse_1=0.001389; ', 'lpips_1=0.006123; ', 'codec_recon_1=0.388978; ', 'bpp_1=0.289423; ', 'mse_2=0.001182; ', 'lpips_2=0.005161; ', 'codec_recon_2=0.095634; ', 'bpp_2=0.268943; ']
train step[508/2000] ; used: 10m:43s; eta: 31m:24s; loss = 0.018846; ['mse_0=0.002253; ', 'lpips_0=0.005002; ', 'codec_recon_0=0.020077; ', 'bpp_0=5.868400; ', 'mse_1=0.001744; ', 'lpips_1=0.004294; ', 'codec_recon_1=0.314676; ', 'bpp_1=0.291446; ', 'mse_2=0.001571; ', 'lpips_2=0.003982; ', 'codec_recon_2=0.076135; ', 'bpp_2=0.269900; ']
train step[509/2000] ; used: 10m:44s; eta: 31m:22s; loss = 0.020246; ['mse_0=0.002106; ', 'lpips_0=0.005910; ', 'codec_recon_0=0.019322; ', 'bpp_0=6.149772; ', 'mse_1=0.001757; ', 'lpips_1=0.004899; ', 'codec_recon_1=0.336046; ', 'bpp_1=0.298595; ', 'mse_2=0.001505; ', 'lpips_2=0.004069; ', 'codec_recon_2=0.087360; ', 'bpp_2=0.279396; ']
train step[510/2000] ; used: 10m:45s; eta: 31m:21s; loss = 0.012684; ['mse_0=0.000723; ', 'lpips_0=0.004050; ', 'codec_recon_0=0.019107; ', 'bpp_0=5.860504; ', 'mse_1=0.000602; ', 'lpips_1=0.003580; ', 'codec_recon_1=0.279141; ', 'bpp_1=0.291320; ', 'mse_2=0.000528; ', 'lpips_2=0.003200; ', 'codec_recon_2=0.086209; ', 'bpp_2=0.268151; ']
train step[511/2000] ; used: 10m:46s; eta: 31m:19s; loss = 0.020150; ['mse_0=0.002083; ', 'lpips_0=0.005543; ', 'codec_recon_0=0.021301; ', 'bpp_0=6.096330; ', 'mse_1=0.001837; ', 'lpips_1=0.004768; ', 'codec_recon_1=0.321026; ', 'bpp_1=0.295962; ', 'mse_2=0.001678; ', 'lpips_2=0.004240; ', 'codec_recon_2=0.086605; ', 'bpp_2=0.274238; ']
train step[512/2000] ; used: 10m:47s; eta: 31m:17s; loss = 0.010475; ['mse_0=0.000586; ', 'lpips_0=0.003445; ', 'codec_recon_0=0.018899; ', 'bpp_0=5.923746; ', 'mse_1=0.000487; ', 'lpips_1=0.002897; ', 'codec_recon_1=0.261438; ', 'bpp_1=0.292265; ', 'mse_2=0.000435; ', 'lpips_2=0.002624; ', 'codec_recon_2=0.078182; ', 'bpp_2=0.269223; ']
train step[513/2000] ; used: 10m:48s; eta: 31m:15s; loss = 0.015609; ['mse_0=0.001540; ', 'lpips_0=0.004860; ', 'codec_recon_0=0.021417; ', 'bpp_0=6.203919; ', 'mse_1=0.001261; ', 'lpips_1=0.003952; ', 'codec_recon_1=0.358329; ', 'bpp_1=0.298763; ', 'mse_2=0.000957; ', 'lpips_2=0.003039; ', 'codec_recon_2=0.089546; ', 'bpp_2=0.278833; ']
train step[514/2000] ; used: 10m:49s; eta: 31m:13s; loss = 0.013759; ['mse_0=0.001308; ', 'lpips_0=0.004164; ', 'codec_recon_0=0.019578; ', 'bpp_0=6.025057; ', 'mse_1=0.001042; ', 'lpips_1=0.003469; ', 'codec_recon_1=0.351580; ', 'bpp_1=0.295323; ', 'mse_2=0.000825; ', 'lpips_2=0.002951; ', 'codec_recon_2=0.081877; ', 'bpp_2=0.274384; ']
train step[515/2000] ; used: 10m:50s; eta: 31m:11s; loss = 0.017178; ['mse_0=0.002151; ', 'lpips_0=0.004440; ', 'codec_recon_0=0.017786; ', 'bpp_0=5.983993; ', 'mse_1=0.001822; ', 'lpips_1=0.003804; ', 'codec_recon_1=0.288344; ', 'bpp_1=0.294627; ', 'mse_2=0.001638; ', 'lpips_2=0.003322; ', 'codec_recon_2=0.074759; ', 'bpp_2=0.271490; ']
train step[516/2000] ; used: 10m:51s; eta: 31m:9s; loss = 0.015157; ['mse_0=0.001279; ', 'lpips_0=0.005079; ', 'codec_recon_0=0.019242; ', 'bpp_0=5.987986; ', 'mse_1=0.000994; ', 'lpips_1=0.004044; ', 'codec_recon_1=0.379569; ', 'bpp_1=0.293306; ', 'mse_2=0.000659; ', 'lpips_2=0.003103; ', 'codec_recon_2=0.079407; ', 'bpp_2=0.274705; ']
train step[517/2000] ; used: 10m:52s; eta: 31m:7s; loss = 0.010727; ['mse_0=0.000712; ', 'lpips_0=0.003399; ', 'codec_recon_0=0.020476; ', 'bpp_0=5.902300; ', 'mse_1=0.000597; ', 'lpips_1=0.002885; ', 'codec_recon_1=0.294376; ', 'bpp_1=0.292031; ', 'mse_2=0.000559; ', 'lpips_2=0.002576; ', 'codec_recon_2=0.079604; ', 'bpp_2=0.266631; ']
train step[518/2000] ; used: 10m:53s; eta: 31m:5s; loss = 0.011987; ['mse_0=0.000803; ', 'lpips_0=0.003798; ', 'codec_recon_0=0.020687; ', 'bpp_0=6.080149; ', 'mse_1=0.000720; ', 'lpips_1=0.003191; ', 'codec_recon_1=0.310584; ', 'bpp_1=0.294702; ', 'mse_2=0.000643; ', 'lpips_2=0.002832; ', 'codec_recon_2=0.094678; ', 'bpp_2=0.272174; ']
train step[519/2000] ; used: 10m:54s; eta: 31m:3s; loss = 0.020068; ['mse_0=0.001937; ', 'lpips_0=0.005388; ', 'codec_recon_0=0.030020; ', 'bpp_0=5.726650; ', 'mse_1=0.001756; ', 'lpips_1=0.004764; ', 'codec_recon_1=0.277037; ', 'bpp_1=0.286502; ', 'mse_2=0.001703; ', 'lpips_2=0.004520; ', 'codec_recon_2=0.095997; ', 'bpp_2=0.264326; ']
train step[520/2000] ; used: 10m:55s; eta: 31m:2s; loss = 0.016578; ['mse_0=0.001261; ', 'lpips_0=0.005015; ', 'codec_recon_0=0.021693; ', 'bpp_0=5.848013; ', 'mse_1=0.001116; ', 'lpips_1=0.004222; ', 'codec_recon_1=0.282418; ', 'bpp_1=0.290930; ', 'mse_2=0.001077; ', 'lpips_2=0.003887; ', 'codec_recon_2=0.081775; ', 'bpp_2=0.270833; ']
train step[521/2000] ; used: 10m:56s; eta: 31m; loss = 0.014248; ['mse_0=0.001396; ', 'lpips_0=0.004134; ', 'codec_recon_0=0.021033; ', 'bpp_0=5.998654; ', 'mse_1=0.001269; ', 'lpips_1=0.003407; ', 'codec_recon_1=0.308961; ', 'bpp_1=0.295775; ', 'mse_2=0.001156; ', 'lpips_2=0.002885; ', 'codec_recon_2=0.073989; ', 'bpp_2=0.275342; ']
train step[522/2000] ; used: 10m:57s; eta: 30m:58s; loss = 0.013756; ['mse_0=0.001027; ', 'lpips_0=0.004223; ', 'codec_recon_0=0.019802; ', 'bpp_0=5.950812; ', 'mse_1=0.000885; ', 'lpips_1=0.003607; ', 'codec_recon_1=0.303714; ', 'bpp_1=0.294478; ', 'mse_2=0.000785; ', 'lpips_2=0.003229; ', 'codec_recon_2=0.078654; ', 'bpp_2=0.271900; ']
train step[523/2000] ; used: 10m:58s; eta: 30m:56s; loss = 0.013620; ['mse_0=0.001196; ', 'lpips_0=0.004239; ', 'codec_recon_0=0.019449; ', 'bpp_0=6.041689; ', 'mse_1=0.000927; ', 'lpips_1=0.003506; ', 'codec_recon_1=0.285398; ', 'bpp_1=0.295051; ', 'mse_2=0.000818; ', 'lpips_2=0.002934; ', 'codec_recon_2=0.080851; ', 'bpp_2=0.274758; ']
train step[524/2000] ; used: 10m:59s; eta: 30m:54s; loss = 0.014608; ['mse_0=0.000972; ', 'lpips_0=0.004618; ', 'codec_recon_0=0.020838; ', 'bpp_0=5.859805; ', 'mse_1=0.000784; ', 'lpips_1=0.003908; ', 'codec_recon_1=0.298724; ', 'bpp_1=0.292122; ', 'mse_2=0.000718; ', 'lpips_2=0.003607; ', 'codec_recon_2=0.081811; ', 'bpp_2=0.269215; ']
train step[525/2000] ; used: 11m; eta: 30m:52s; loss = 0.011565; ['mse_0=0.000683; ', 'lpips_0=0.004272; ', 'codec_recon_0=0.019772; ', 'bpp_0=6.137491; ', 'mse_1=0.000466; ', 'lpips_1=0.003409; ', 'codec_recon_1=0.340888; ', 'bpp_1=0.296728; ', 'mse_2=0.000320; ', 'lpips_2=0.002414; ', 'codec_recon_2=0.091147; ', 'bpp_2=0.275568; ']
train step[526/2000] ; used: 11m:1s; eta: 30m:50s; loss = 0.021769; ['mse_0=0.002473; ', 'lpips_0=0.005485; ', 'codec_recon_0=0.019471; ', 'bpp_0=6.186685; ', 'mse_1=0.002317; ', 'lpips_1=0.004900; ', 'codec_recon_1=0.325432; ', 'bpp_1=0.299519; ', 'mse_2=0.002138; ', 'lpips_2=0.004456; ', 'codec_recon_2=0.083238; ', 'bpp_2=0.277662; ']
train step[527/2000] ; used: 11m:2s; eta: 30m:48s; loss = 0.011718; ['mse_0=0.000971; ', 'lpips_0=0.003894; ', 'codec_recon_0=0.021594; ', 'bpp_0=6.144795; ', 'mse_1=0.000729; ', 'lpips_1=0.003029; ', 'codec_recon_1=0.319422; ', 'bpp_1=0.297209; ', 'mse_2=0.000615; ', 'lpips_2=0.002481; ', 'codec_recon_2=0.089772; ', 'bpp_2=0.276606; ']
train step[528/2000] ; used: 11m:3s; eta: 30m:47s; loss = 0.016429; ['mse_0=0.002274; ', 'lpips_0=0.004266; ', 'codec_recon_0=0.017471; ', 'bpp_0=6.157850; ', 'mse_1=0.001963; ', 'lpips_1=0.003581; ', 'codec_recon_1=0.343509; ', 'bpp_1=0.300228; ', 'mse_2=0.001692; ', 'lpips_2=0.002653; ', 'codec_recon_2=0.077792; ', 'bpp_2=0.279081; ']
train step[529/2000] ; used: 11m:4s; eta: 30m:45s; loss = 0.022270; ['mse_0=0.003216; ', 'lpips_0=0.005408; ', 'codec_recon_0=0.019294; ', 'bpp_0=6.182223; ', 'mse_1=0.002669; ', 'lpips_1=0.004625; ', 'codec_recon_1=0.314694; ', 'bpp_1=0.300709; ', 'mse_2=0.002314; ', 'lpips_2=0.004039; ', 'codec_recon_2=0.076490; ', 'bpp_2=0.281667; ']
train step[530/2000] ; used: 11m:5s; eta: 30m:43s; loss = 0.011417; ['mse_0=0.000559; ', 'lpips_0=0.003792; ', 'codec_recon_0=0.019295; ', 'bpp_0=5.953586; ', 'mse_1=0.000412; ', 'lpips_1=0.003262; ', 'codec_recon_1=0.275904; ', 'bpp_1=0.292491; ', 'mse_2=0.000347; ', 'lpips_2=0.003046; ', 'codec_recon_2=0.084383; ', 'bpp_2=0.267489; ']
train step[531/2000] ; used: 11m:6s; eta: 30m:41s; loss = 0.018109; ['mse_0=0.002404; ', 'lpips_0=0.004412; ', 'codec_recon_0=0.021182; ', 'bpp_0=5.959886; ', 'mse_1=0.002123; ', 'lpips_1=0.003812; ', 'codec_recon_1=0.299293; ', 'bpp_1=0.294993; ', 'mse_2=0.001984; ', 'lpips_2=0.003375; ', 'codec_recon_2=0.085370; ', 'bpp_2=0.272193; ']
train step[532/2000] ; used: 11m:7s; eta: 30m:39s; loss = 0.025628; ['mse_0=0.002863; ', 'lpips_0=0.006646; ', 'codec_recon_0=0.021540; ', 'bpp_0=6.033006; ', 'mse_1=0.002597; ', 'lpips_1=0.005933; ', 'codec_recon_1=0.391813; ', 'bpp_1=0.297124; ', 'mse_2=0.002499; ', 'lpips_2=0.005089; ', 'codec_recon_2=0.086978; ', 'bpp_2=0.278402; ']
train step[533/2000] ; used: 11m:8s; eta: 30m:37s; loss = 0.013224; ['mse_0=0.001004; ', 'lpips_0=0.003986; ', 'codec_recon_0=0.022211; ', 'bpp_0=5.926044; ', 'mse_1=0.000850; ', 'lpips_1=0.003412; ', 'codec_recon_1=0.282381; ', 'bpp_1=0.293196; ', 'mse_2=0.000816; ', 'lpips_2=0.003157; ', 'codec_recon_2=0.084945; ', 'bpp_2=0.269424; ']
train step[534/2000] ; used: 11m:9s; eta: 30m:35s; loss = 0.009838; ['mse_0=0.000432; ', 'lpips_0=0.003441; ', 'codec_recon_0=0.021169; ', 'bpp_0=5.909597; ', 'mse_1=0.000332; ', 'lpips_1=0.002858; ', 'codec_recon_1=0.279190; ', 'bpp_1=0.291739; ', 'mse_2=0.000288; ', 'lpips_2=0.002488; ', 'codec_recon_2=0.085905; ', 'bpp_2=0.267651; ']
train step[535/2000] ; used: 11m:10s; eta: 30m:33s; loss = 0.007490; ['mse_0=0.000439; ', 'lpips_0=0.002707; ', 'codec_recon_0=0.019397; ', 'bpp_0=5.967165; ', 'mse_1=0.000298; ', 'lpips_1=0.002102; ', 'codec_recon_1=0.319975; ', 'bpp_1=0.295498; ', 'mse_2=0.000208; ', 'lpips_2=0.001736; ', 'codec_recon_2=0.082251; ', 'bpp_2=0.271546; ']
train step[536/2000] ; used: 11m:12s; eta: 30m:32s; loss = 0.014729; ['mse_0=0.001441; ', 'lpips_0=0.004265; ', 'codec_recon_0=0.021763; ', 'bpp_0=6.005749; ', 'mse_1=0.001184; ', 'lpips_1=0.003533; ', 'codec_recon_1=0.302159; ', 'bpp_1=0.296386; ', 'mse_2=0.001118; ', 'lpips_2=0.003189; ', 'codec_recon_2=0.085861; ', 'bpp_2=0.275174; ']
train step[537/2000] ; used: 11m:13s; eta: 30m:30s; loss = 0.021910; ['mse_0=0.002717; ', 'lpips_0=0.005233; ', 'codec_recon_0=0.019914; ', 'bpp_0=5.861379; ', 'mse_1=0.002445; ', 'lpips_1=0.004738; ', 'codec_recon_1=0.290641; ', 'bpp_1=0.292422; ', 'mse_2=0.002327; ', 'lpips_2=0.004449; ', 'codec_recon_2=0.070810; ', 'bpp_2=0.270217; ']
train step[538/2000] ; used: 11m:14s; eta: 30m:28s; loss = 0.012745; ['mse_0=0.001093; ', 'lpips_0=0.003912; ', 'codec_recon_0=0.020329; ', 'bpp_0=5.899488; ', 'mse_1=0.000838; ', 'lpips_1=0.003299; ', 'codec_recon_1=0.313307; ', 'bpp_1=0.293235; ', 'mse_2=0.000704; ', 'lpips_2=0.002899; ', 'codec_recon_2=0.074084; ', 'bpp_2=0.273159; ']
train step[539/2000] ; used: 11m:15s; eta: 30m:28s; loss = 0.017665; ['mse_0=0.001816; ', 'lpips_0=0.004808; ', 'codec_recon_0=0.018075; ', 'bpp_0=6.135483; ', 'mse_1=0.001507; ', 'lpips_1=0.004267; ', 'codec_recon_1=0.292992; ', 'bpp_1=0.297935; ', 'mse_2=0.001454; ', 'lpips_2=0.003813; ', 'codec_recon_2=0.086145; ', 'bpp_2=0.275635; ']
train step[540/2000] ; used: 11m:16s; eta: 30m:26s; loss = 0.013801; ['mse_0=0.001321; ', 'lpips_0=0.003909; ', 'codec_recon_0=0.020608; ', 'bpp_0=5.931028; ', 'mse_1=0.001150; ', 'lpips_1=0.003368; ', 'codec_recon_1=0.300921; ', 'bpp_1=0.294752; ', 'mse_2=0.001037; ', 'lpips_2=0.003015; ', 'codec_recon_2=0.083392; ', 'bpp_2=0.272029; ']
train step[541/2000] ; used: 11m:17s; eta: 30m:24s; loss = 0.015495; ['mse_0=0.000643; ', 'lpips_0=0.005235; ', 'codec_recon_0=0.020923; ', 'bpp_0=5.740913; ', 'mse_1=0.000525; ', 'lpips_1=0.004598; ', 'codec_recon_1=0.336974; ', 'bpp_1=0.287617; ', 'mse_2=0.000445; ', 'lpips_2=0.004050; ', 'codec_recon_2=0.082674; ', 'bpp_2=0.266634; ']
train step[542/2000] ; used: 11m:18s; eta: 30m:22s; loss = 0.008908; ['mse_0=0.000544; ', 'lpips_0=0.003028; ', 'codec_recon_0=0.022102; ', 'bpp_0=5.984497; ', 'mse_1=0.000409; ', 'lpips_1=0.002438; ', 'codec_recon_1=0.298154; ', 'bpp_1=0.293375; ', 'mse_2=0.000346; ', 'lpips_2=0.002143; ', 'codec_recon_2=0.090258; ', 'bpp_2=0.271458; ']
train step[543/2000] ; used: 11m:19s; eta: 30m:20s; loss = 0.011507; ['mse_0=0.000785; ', 'lpips_0=0.003650; ', 'codec_recon_0=0.017123; ', 'bpp_0=6.022126; ', 'mse_1=0.000691; ', 'lpips_1=0.003025; ', 'codec_recon_1=0.272182; ', 'bpp_1=0.294512; ', 'mse_2=0.000636; ', 'lpips_2=0.002719; ', 'codec_recon_2=0.079873; ', 'bpp_2=0.269565; ']
train step[544/2000] ; used: 11m:20s; eta: 30m:19s; loss = 0.023547; ['mse_0=0.002924; ', 'lpips_0=0.006065; ', 'codec_recon_0=0.019370; ', 'bpp_0=6.274162; ', 'mse_1=0.002486; ', 'lpips_1=0.005344; ', 'codec_recon_1=0.349801; ', 'bpp_1=0.302410; ', 'mse_2=0.002143; ', 'lpips_2=0.004585; ', 'codec_recon_2=0.080003; ', 'bpp_2=0.283145; ']
train step[545/2000] ; used: 11m:21s; eta: 30m:17s; loss = 0.013330; ['mse_0=0.001170; ', 'lpips_0=0.004395; ', 'codec_recon_0=0.019405; ', 'bpp_0=6.184145; ', 'mse_1=0.000826; ', 'lpips_1=0.003413; ', 'codec_recon_1=0.309450; ', 'bpp_1=0.297435; ', 'mse_2=0.000685; ', 'lpips_2=0.002841; ', 'codec_recon_2=0.091343; ', 'bpp_2=0.273606; ']
train step[546/2000] ; used: 11m:22s; eta: 30m:15s; loss = 0.011416; ['mse_0=0.000758; ', 'lpips_0=0.003743; ', 'codec_recon_0=0.019986; ', 'bpp_0=5.925376; ', 'mse_1=0.000541; ', 'lpips_1=0.003152; ', 'codec_recon_1=0.321560; ', 'bpp_1=0.292363; ', 'mse_2=0.000447; ', 'lpips_2=0.002776; ', 'codec_recon_2=0.076554; ', 'bpp_2=0.269418; ']
train step[547/2000] ; used: 11m:24s; eta: 30m:13s; loss = 0.039216; ['mse_0=0.006328; ', 'lpips_0=0.007380; ', 'codec_recon_0=0.022687; ', 'bpp_0=6.030282; ', 'mse_1=0.006137; ', 'lpips_1=0.006779; ', 'codec_recon_1=0.333474; ', 'bpp_1=0.296641; ', 'mse_2=0.006177; ', 'lpips_2=0.006415; ', 'codec_recon_2=0.087317; ', 'bpp_2=0.275495; ']
train step[548/2000] ; used: 11m:25s; eta: 30m:11s; loss = 0.026583; ['mse_0=0.003809; ', 'lpips_0=0.006200; ', 'codec_recon_0=0.017170; ', 'bpp_0=6.219365; ', 'mse_1=0.003333; ', 'lpips_1=0.005578; ', 'codec_recon_1=0.357004; ', 'bpp_1=0.301592; ', 'mse_2=0.003015; ', 'lpips_2=0.004647; ', 'codec_recon_2=0.074579; ', 'bpp_2=0.282418; ']
train step[549/2000] ; used: 11m:26s; eta: 30m:10s; loss = 0.012293; ['mse_0=0.001356; ', 'lpips_0=0.003395; ', 'codec_recon_0=0.020537; ', 'bpp_0=5.895904; ', 'mse_1=0.001189; ', 'lpips_1=0.002783; ', 'codec_recon_1=0.264065; ', 'bpp_1=0.291286; ', 'mse_2=0.001116; ', 'lpips_2=0.002455; ', 'codec_recon_2=0.078916; ', 'bpp_2=0.268353; ']
train step[550/2000] ; used: 11m:27s; eta: 30m:8s; loss = 0.017054; ['mse_0=0.001569; ', 'lpips_0=0.005427; ', 'codec_recon_0=0.017651; ', 'bpp_0=6.054148; ', 'mse_1=0.001238; ', 'lpips_1=0.004520; ', 'codec_recon_1=0.379518; ', 'bpp_1=0.296004; ', 'mse_2=0.000794; ', 'lpips_2=0.003506; ', 'codec_recon_2=0.085016; ', 'bpp_2=0.274278; ']
train step[551/2000] ; used: 11m:28s; eta: 30m:6s; loss = 0.011237; ['mse_0=0.000451; ', 'lpips_0=0.003743; ', 'codec_recon_0=0.020006; ', 'bpp_0=5.863215; ', 'mse_1=0.000429; ', 'lpips_1=0.003224; ', 'codec_recon_1=0.256581; ', 'bpp_1=0.289840; ', 'mse_2=0.000401; ', 'lpips_2=0.002991; ', 'codec_recon_2=0.073476; ', 'bpp_2=0.267646; ']
train step[552/2000] ; used: 11m:29s; eta: 30m:4s; loss = 0.010380; ['mse_0=0.000933; ', 'lpips_0=0.003466; ', 'codec_recon_0=0.018578; ', 'bpp_0=6.184422; ', 'mse_1=0.000759; ', 'lpips_1=0.002696; ', 'codec_recon_1=0.344156; ', 'bpp_1=0.298022; ', 'mse_2=0.000547; ', 'lpips_2=0.001980; ', 'codec_recon_2=0.083022; ', 'bpp_2=0.275920; ']
train step[553/2000] ; used: 11m:30s; eta: 30m:2s; loss = 0.013374; ['mse_0=0.000930; ', 'lpips_0=0.004258; ', 'codec_recon_0=0.019854; ', 'bpp_0=6.171981; ', 'mse_1=0.000775; ', 'lpips_1=0.003539; ', 'codec_recon_1=0.289717; ', 'bpp_1=0.296576; ', 'mse_2=0.000715; ', 'lpips_2=0.003158; ', 'codec_recon_2=0.091284; ', 'bpp_2=0.274651; ']
train step[554/2000] ; used: 11m:31s; eta: 30m:1s; loss = 0.012268; ['mse_0=0.001153; ', 'lpips_0=0.003740; ', 'codec_recon_0=0.019607; ', 'bpp_0=6.080910; ', 'mse_1=0.000922; ', 'lpips_1=0.002992; ', 'codec_recon_1=0.303248; ', 'bpp_1=0.296145; ', 'mse_2=0.000816; ', 'lpips_2=0.002643; ', 'codec_recon_2=0.080518; ', 'bpp_2=0.274339; ']
train step[555/2000] ; used: 11m:32s; eta: 29m:59s; loss = 0.009097; ['mse_0=0.000639; ', 'lpips_0=0.003217; ', 'codec_recon_0=0.019313; ', 'bpp_0=6.024137; ', 'mse_1=0.000424; ', 'lpips_1=0.002430; ', 'codec_recon_1=0.306082; ', 'bpp_1=0.295434; ', 'mse_2=0.000302; ', 'lpips_2=0.002086; ', 'codec_recon_2=0.074265; ', 'bpp_2=0.272725; ']
train step[556/2000] ; used: 11m:33s; eta: 29m:57s; loss = 0.009868; ['mse_0=0.000484; ', 'lpips_0=0.003311; ', 'codec_recon_0=0.019627; ', 'bpp_0=5.818580; ', 'mse_1=0.000386; ', 'lpips_1=0.002799; ', 'codec_recon_1=0.278288; ', 'bpp_1=0.290831; ', 'mse_2=0.000307; ', 'lpips_2=0.002582; ', 'codec_recon_2=0.076460; ', 'bpp_2=0.267621; ']
train step[557/2000] ; used: 11m:34s; eta: 29m:55s; loss = 0.026094; ['mse_0=0.004451; ', 'lpips_0=0.004946; ', 'codec_recon_0=0.019273; ', 'bpp_0=6.024960; ', 'mse_1=0.004170; ', 'lpips_1=0.004364; ', 'codec_recon_1=0.305443; ', 'bpp_1=0.295741; ', 'mse_2=0.004172; ', 'lpips_2=0.003992; ', 'codec_recon_2=0.074357; ', 'bpp_2=0.274271; ']
train step[558/2000] ; used: 11m:35s; eta: 29m:53s; loss = 0.010790; ['mse_0=0.000683; ', 'lpips_0=0.003516; ', 'codec_recon_0=0.019219; ', 'bpp_0=5.899408; ', 'mse_1=0.000554; ', 'lpips_1=0.002953; ', 'codec_recon_1=0.267088; ', 'bpp_1=0.293084; ', 'mse_2=0.000488; ', 'lpips_2=0.002597; ', 'codec_recon_2=0.072630; ', 'bpp_2=0.270171; ']
train step[559/2000] ; used: 11m:36s; eta: 29m:52s; loss = 0.012233; ['mse_0=0.000692; ', 'lpips_0=0.003948; ', 'codec_recon_0=0.022132; ', 'bpp_0=6.078501; ', 'mse_1=0.000580; ', 'lpips_1=0.003334; ', 'codec_recon_1=0.308261; ', 'bpp_1=0.293705; ', 'mse_2=0.000550; ', 'lpips_2=0.003130; ', 'codec_recon_2=0.092115; ', 'bpp_2=0.271584; ']
train step[560/2000] ; used: 11m:37s; eta: 29m:50s; loss = 0.015988; ['mse_0=0.001276; ', 'lpips_0=0.004932; ', 'codec_recon_0=0.020248; ', 'bpp_0=6.101619; ', 'mse_1=0.001032; ', 'lpips_1=0.004219; ', 'codec_recon_1=0.332522; ', 'bpp_1=0.296613; ', 'mse_2=0.000897; ', 'lpips_2=0.003630; ', 'codec_recon_2=0.086509; ', 'bpp_2=0.275205; ']
train step[561/2000] ; used: 11m:38s; eta: 29m:48s; loss = 0.013009; ['mse_0=0.001304; ', 'lpips_0=0.003707; ', 'codec_recon_0=0.019819; ', 'bpp_0=6.104871; ', 'mse_1=0.001131; ', 'lpips_1=0.003114; ', 'codec_recon_1=0.303025; ', 'bpp_1=0.296916; ', 'mse_2=0.001012; ', 'lpips_2=0.002740; ', 'codec_recon_2=0.082647; ', 'bpp_2=0.275611; ']
train step[562/2000] ; used: 11m:39s; eta: 29m:46s; loss = 0.016222; ['mse_0=0.001156; ', 'lpips_0=0.004855; ', 'codec_recon_0=0.020504; ', 'bpp_0=5.829732; ', 'mse_1=0.001059; ', 'lpips_1=0.004251; ', 'codec_recon_1=0.297156; ', 'bpp_1=0.291170; ', 'mse_2=0.000979; ', 'lpips_2=0.003922; ', 'codec_recon_2=0.086807; ', 'bpp_2=0.269386; ']
train step[563/2000] ; used: 11m:40s; eta: 29m:45s; loss = 0.016341; ['mse_0=0.001828; ', 'lpips_0=0.004432; ', 'codec_recon_0=0.019809; ', 'bpp_0=5.699804; ', 'mse_1=0.001466; ', 'lpips_1=0.003819; ', 'codec_recon_1=0.282796; ', 'bpp_1=0.287901; ', 'mse_2=0.001350; ', 'lpips_2=0.003445; ', 'codec_recon_2=0.072813; ', 'bpp_2=0.265575; ']
train step[564/2000] ; used: 11m:41s; eta: 29m:43s; loss = 0.013569; ['mse_0=0.001439; ', 'lpips_0=0.004074; ', 'codec_recon_0=0.018526; ', 'bpp_0=6.147055; ', 'mse_1=0.001117; ', 'lpips_1=0.003425; ', 'codec_recon_1=0.338967; ', 'bpp_1=0.298418; ', 'mse_2=0.000795; ', 'lpips_2=0.002719; ', 'codec_recon_2=0.077738; ', 'bpp_2=0.277199; ']
train step[565/2000] ; used: 11m:42s; eta: 29m:41s; loss = 0.015750; ['mse_0=0.001622; ', 'lpips_0=0.004581; ', 'codec_recon_0=0.021362; ', 'bpp_0=6.209171; ', 'mse_1=0.001380; ', 'lpips_1=0.003808; ', 'codec_recon_1=0.342473; ', 'bpp_1=0.298957; ', 'mse_2=0.001186; ', 'lpips_2=0.003173; ', 'codec_recon_2=0.090497; ', 'bpp_2=0.278246; ']
train step[566/2000] ; used: 11m:43s; eta: 29m:39s; loss = 0.019760; ['mse_0=0.001773; ', 'lpips_0=0.005642; ', 'codec_recon_0=0.026234; ', 'bpp_0=5.939075; ', 'mse_1=0.001557; ', 'lpips_1=0.004825; ', 'codec_recon_1=0.305303; ', 'bpp_1=0.291289; ', 'mse_2=0.001451; ', 'lpips_2=0.004512; ', 'codec_recon_2=0.088100; ', 'bpp_2=0.268722; ']
train step[567/2000] ; used: 11m:44s; eta: 29m:37s; loss = 0.017995; ['mse_0=0.001916; ', 'lpips_0=0.004820; ', 'codec_recon_0=0.025877; ', 'bpp_0=5.958431; ', 'mse_1=0.001710; ', 'lpips_1=0.004143; ', 'codec_recon_1=0.305829; ', 'bpp_1=0.296755; ', 'mse_2=0.001609; ', 'lpips_2=0.003797; ', 'codec_recon_2=0.088986; ', 'bpp_2=0.274435; ']
train step[568/2000] ; used: 11m:45s; eta: 29m:36s; loss = 0.009465; ['mse_0=0.000576; ', 'lpips_0=0.003109; ', 'codec_recon_0=0.021790; ', 'bpp_0=5.965244; ', 'mse_1=0.000484; ', 'lpips_1=0.002541; ', 'codec_recon_1=0.273652; ', 'bpp_1=0.292142; ', 'mse_2=0.000450; ', 'lpips_2=0.002305; ', 'codec_recon_2=0.082171; ', 'bpp_2=0.267060; ']
train step[569/2000] ; used: 11m:46s; eta: 29m:34s; loss = 0.013029; ['mse_0=0.000721; ', 'lpips_0=0.004350; ', 'codec_recon_0=0.020025; ', 'bpp_0=6.067761; ', 'mse_1=0.000588; ', 'lpips_1=0.003677; ', 'codec_recon_1=0.312230; ', 'bpp_1=0.295360; ', 'mse_2=0.000504; ', 'lpips_2=0.003190; ', 'codec_recon_2=0.094957; ', 'bpp_2=0.272294; ']
train step[570/2000] ; used: 11m:47s; eta: 29m:32s; loss = 0.023844; ['mse_0=0.002784; ', 'lpips_0=0.006174; ', 'codec_recon_0=0.023040; ', 'bpp_0=5.917734; ', 'mse_1=0.002302; ', 'lpips_1=0.005401; ', 'codec_recon_1=0.322566; ', 'bpp_1=0.294324; ', 'mse_2=0.002173; ', 'lpips_2=0.005011; ', 'codec_recon_2=0.077243; ', 'bpp_2=0.272840; ']
train step[571/2000] ; used: 11m:48s; eta: 29m:30s; loss = 0.015627; ['mse_0=0.001595; ', 'lpips_0=0.004343; ', 'codec_recon_0=0.017750; ', 'bpp_0=5.971665; ', 'mse_1=0.001380; ', 'lpips_1=0.003742; ', 'codec_recon_1=0.308833; ', 'bpp_1=0.295929; ', 'mse_2=0.001253; ', 'lpips_2=0.003314; ', 'codec_recon_2=0.076060; ', 'bpp_2=0.272532; ']
train step[572/2000] ; used: 11m:49s; eta: 29m:29s; loss = 0.014354; ['mse_0=0.001360; ', 'lpips_0=0.004082; ', 'codec_recon_0=0.019490; ', 'bpp_0=6.065993; ', 'mse_1=0.001168; ', 'lpips_1=0.003544; ', 'codec_recon_1=0.291352; ', 'bpp_1=0.295941; ', 'mse_2=0.001052; ', 'lpips_2=0.003148; ', 'codec_recon_2=0.079368; ', 'bpp_2=0.272457; ']
train step[573/2000] ; used: 11m:50s; eta: 29m:27s; loss = 0.012905; ['mse_0=0.001243; ', 'lpips_0=0.003937; ', 'codec_recon_0=0.021857; ', 'bpp_0=5.770563; ', 'mse_1=0.000865; ', 'lpips_1=0.003242; ', 'codec_recon_1=0.293309; ', 'bpp_1=0.289872; ', 'mse_2=0.000706; ', 'lpips_2=0.002911; ', 'codec_recon_2=0.071671; ', 'bpp_2=0.267034; ']
train step[574/2000] ; used: 11m:52s; eta: 29m:25s; loss = 0.016262; ['mse_0=0.001686; ', 'lpips_0=0.004430; ', 'codec_recon_0=0.023742; ', 'bpp_0=5.956705; ', 'mse_1=0.001450; ', 'lpips_1=0.003752; ', 'codec_recon_1=0.284607; ', 'bpp_1=0.294484; ', 'mse_2=0.001395; ', 'lpips_2=0.003549; ', 'codec_recon_2=0.083339; ', 'bpp_2=0.272466; ']
train step[575/2000] ; used: 11m:53s; eta: 29m:23s; loss = 0.009983; ['mse_0=0.000334; ', 'lpips_0=0.003535; ', 'codec_recon_0=0.022839; ', 'bpp_0=5.838205; ', 'mse_1=0.000263; ', 'lpips_1=0.002978; ', 'codec_recon_1=0.283549; ', 'bpp_1=0.289900; ', 'mse_2=0.000211; ', 'lpips_2=0.002662; ', 'codec_recon_2=0.082799; ', 'bpp_2=0.264652; ']
train step[576/2000] ; used: 11m:54s; eta: 29m:22s; loss = 0.027541; ['mse_0=0.003043; ', 'lpips_0=0.006741; ', 'codec_recon_0=0.025592; ', 'bpp_0=5.816439; ', 'mse_1=0.002749; ', 'lpips_1=0.006245; ', 'codec_recon_1=0.276670; ', 'bpp_1=0.288766; ', 'mse_2=0.002691; ', 'lpips_2=0.006072; ', 'codec_recon_2=0.082316; ', 'bpp_2=0.267723; ']
train step[577/2000] ; used: 11m:55s; eta: 29m:20s; loss = 0.009521; ['mse_0=0.000718; ', 'lpips_0=0.003033; ', 'codec_recon_0=0.024289; ', 'bpp_0=5.971694; ', 'mse_1=0.000639; ', 'lpips_1=0.002430; ', 'codec_recon_1=0.293281; ', 'bpp_1=0.293866; ', 'mse_2=0.000571; ', 'lpips_2=0.002131; ', 'codec_recon_2=0.103001; ', 'bpp_2=0.268272; ']
train step[578/2000] ; used: 11m:56s; eta: 29m:18s; loss = 0.014244; ['mse_0=0.001696; ', 'lpips_0=0.003863; ', 'codec_recon_0=0.022177; ', 'bpp_0=6.109977; ', 'mse_1=0.001455; ', 'lpips_1=0.003177; ', 'codec_recon_1=0.304946; ', 'bpp_1=0.296801; ', 'mse_2=0.001343; ', 'lpips_2=0.002712; ', 'codec_recon_2=0.082886; ', 'bpp_2=0.274653; ']
train step[579/2000] ; used: 11m:57s; eta: 29m:16s; loss = 0.011906; ['mse_0=0.001032; ', 'lpips_0=0.003872; ', 'codec_recon_0=0.020058; ', 'bpp_0=5.971320; ', 'mse_1=0.000847; ', 'lpips_1=0.003158; ', 'codec_recon_1=0.350200; ', 'bpp_1=0.293376; ', 'mse_2=0.000539; ', 'lpips_2=0.002458; ', 'codec_recon_2=0.078380; ', 'bpp_2=0.271051; ']
train step[580/2000] ; used: 11m:58s; eta: 29m:15s; loss = 0.012721; ['mse_0=0.000798; ', 'lpips_0=0.004179; ', 'codec_recon_0=0.020176; ', 'bpp_0=5.912971; ', 'mse_1=0.000592; ', 'lpips_1=0.003509; ', 'codec_recon_1=0.297252; ', 'bpp_1=0.292539; ', 'mse_2=0.000505; ', 'lpips_2=0.003138; ', 'codec_recon_2=0.084229; ', 'bpp_2=0.270214; ']
train step[581/2000] ; used: 11m:59s; eta: 29m:13s; loss = 0.011584; ['mse_0=0.000576; ', 'lpips_0=0.003931; ', 'codec_recon_0=0.018615; ', 'bpp_0=5.988717; ', 'mse_1=0.000413; ', 'lpips_1=0.003291; ', 'codec_recon_1=0.270339; ', 'bpp_1=0.293643; ', 'mse_2=0.000353; ', 'lpips_2=0.003020; ', 'codec_recon_2=0.081175; ', 'bpp_2=0.269526; ']
train step[582/2000] ; used: 12m; eta: 29m:11s; loss = 0.013538; ['mse_0=0.000768; ', 'lpips_0=0.004251; ', 'codec_recon_0=0.024178; ', 'bpp_0=5.971837; ', 'mse_1=0.000670; ', 'lpips_1=0.003770; ', 'codec_recon_1=0.276788; ', 'bpp_1=0.293335; ', 'mse_2=0.000578; ', 'lpips_2=0.003501; ', 'codec_recon_2=0.087452; ', 'bpp_2=0.270036; ']
train step[583/2000] ; used: 12m:1s; eta: 29m:10s; loss = 0.012047; ['mse_0=0.001198; ', 'lpips_0=0.003720; ', 'codec_recon_0=0.018874; ', 'bpp_0=6.075004; ', 'mse_1=0.000982; ', 'lpips_1=0.003012; ', 'codec_recon_1=0.331687; ', 'bpp_1=0.297433; ', 'mse_2=0.000826; ', 'lpips_2=0.002310; ', 'codec_recon_2=0.088866; ', 'bpp_2=0.275030; ']
train step[584/2000] ; used: 12m:2s; eta: 29m:8s; loss = 0.011275; ['mse_0=0.000967; ', 'lpips_0=0.003575; ', 'codec_recon_0=0.020687; ', 'bpp_0=6.020153; ', 'mse_1=0.000810; ', 'lpips_1=0.002838; ', 'codec_recon_1=0.298745; ', 'bpp_1=0.294104; ', 'mse_2=0.000668; ', 'lpips_2=0.002417; ', 'codec_recon_2=0.083067; ', 'bpp_2=0.269791; ']
train step[585/2000] ; used: 12m:3s; eta: 29m:6s; loss = 0.012601; ['mse_0=0.000964; ', 'lpips_0=0.003710; ', 'codec_recon_0=0.020178; ', 'bpp_0=6.015785; ', 'mse_1=0.000884; ', 'lpips_1=0.003247; ', 'codec_recon_1=0.283592; ', 'bpp_1=0.292834; ', 'mse_2=0.000836; ', 'lpips_2=0.002960; ', 'codec_recon_2=0.090598; ', 'bpp_2=0.269304; ']
train step[586/2000] ; used: 12m:4s; eta: 29m:4s; loss = 0.021002; ['mse_0=0.002170; ', 'lpips_0=0.005403; ', 'codec_recon_0=0.023280; ', 'bpp_0=5.819042; ', 'mse_1=0.001994; ', 'lpips_1=0.004829; ', 'codec_recon_1=0.260309; ', 'bpp_1=0.289418; ', 'mse_2=0.001950; ', 'lpips_2=0.004656; ', 'codec_recon_2=0.079649; ', 'bpp_2=0.267739; ']
train step[587/2000] ; used: 12m:5s; eta: 29m:3s; loss = 0.014181; ['mse_0=0.000992; ', 'lpips_0=0.004481; ', 'codec_recon_0=0.022391; ', 'bpp_0=5.952750; ', 'mse_1=0.000893; ', 'lpips_1=0.003756; ', 'codec_recon_1=0.293731; ', 'bpp_1=0.293118; ', 'mse_2=0.000804; ', 'lpips_2=0.003255; ', 'codec_recon_2=0.085522; ', 'bpp_2=0.270914; ']
train step[588/2000] ; used: 12m:6s; eta: 29m:1s; loss = 0.012091; ['mse_0=0.000875; ', 'lpips_0=0.003736; ', 'codec_recon_0=0.019863; ', 'bpp_0=5.947165; ', 'mse_1=0.000736; ', 'lpips_1=0.003216; ', 'codec_recon_1=0.296876; ', 'bpp_1=0.294062; ', 'mse_2=0.000643; ', 'lpips_2=0.002884; ', 'codec_recon_2=0.083725; ', 'bpp_2=0.270265; ']
train step[589/2000] ; used: 12m:7s; eta: 29m; loss = 0.014778; ['mse_0=0.001450; ', 'lpips_0=0.004366; ', 'codec_recon_0=0.019534; ', 'bpp_0=6.190228; ', 'mse_1=0.001229; ', 'lpips_1=0.003626; ', 'codec_recon_1=0.326180; ', 'bpp_1=0.299530; ', 'mse_2=0.001075; ', 'lpips_2=0.003031; ', 'codec_recon_2=0.088606; ', 'bpp_2=0.278624; ']
train step[590/2000] ; used: 12m:8s; eta: 28m:58s; loss = 0.016973; ['mse_0=0.001869; ', 'lpips_0=0.004857; ', 'codec_recon_0=0.018094; ', 'bpp_0=6.120890; ', 'mse_1=0.001446; ', 'lpips_1=0.004128; ', 'codec_recon_1=0.344377; ', 'bpp_1=0.298075; ', 'mse_2=0.001245; ', 'lpips_2=0.003427; ', 'codec_recon_2=0.088450; ', 'bpp_2=0.277049; ']
train step[591/2000] ; used: 12m:9s; eta: 28m:56s; loss = 0.009348; ['mse_0=0.000816; ', 'lpips_0=0.002903; ', 'codec_recon_0=0.021913; ', 'bpp_0=5.975891; ', 'mse_1=0.000610; ', 'lpips_1=0.002416; ', 'codec_recon_1=0.291789; ', 'bpp_1=0.295202; ', 'mse_2=0.000476; ', 'lpips_2=0.002127; ', 'codec_recon_2=0.074798; ', 'bpp_2=0.272048; ']
train step[592/2000] ; used: 12m:10s; eta: 28m:55s; loss = 0.008320; ['mse_0=0.000546; ', 'lpips_0=0.003049; ', 'codec_recon_0=0.021136; ', 'bpp_0=6.104673; ', 'mse_1=0.000371; ', 'lpips_1=0.002251; ', 'codec_recon_1=0.320962; ', 'bpp_1=0.295670; ', 'mse_2=0.000254; ', 'lpips_2=0.001849; ', 'codec_recon_2=0.083572; ', 'bpp_2=0.274313; ']
train step[593/2000] ; used: 12m:11s; eta: 28m:53s; loss = 0.028276; ['mse_0=0.003361; ', 'lpips_0=0.007059; ', 'codec_recon_0=0.021851; ', 'bpp_0=5.932303; ', 'mse_1=0.003232; ', 'lpips_1=0.006139; ', 'codec_recon_1=0.325578; ', 'bpp_1=0.292830; ', 'mse_2=0.003150; ', 'lpips_2=0.005335; ', 'codec_recon_2=0.092508; ', 'bpp_2=0.270981; ']
train step[594/2000] ; used: 12m:12s; eta: 28m:51s; loss = 0.012749; ['mse_0=0.000797; ', 'lpips_0=0.004134; ', 'codec_recon_0=0.019490; ', 'bpp_0=5.935423; ', 'mse_1=0.000662; ', 'lpips_1=0.003480; ', 'codec_recon_1=0.280839; ', 'bpp_1=0.294736; ', 'mse_2=0.000590; ', 'lpips_2=0.003087; ', 'codec_recon_2=0.077476; ', 'bpp_2=0.272521; ']
train step[595/2000] ; used: 12m:13s; eta: 28m:49s; loss = 0.019699; ['mse_0=0.001935; ', 'lpips_0=0.005549; ', 'codec_recon_0=0.019635; ', 'bpp_0=6.185853; ', 'mse_1=0.001669; ', 'lpips_1=0.004851; ', 'codec_recon_1=0.379384; ', 'bpp_1=0.297487; ', 'mse_2=0.001532; ', 'lpips_2=0.004164; ', 'codec_recon_2=0.088339; ', 'bpp_2=0.276826; ']
train step[596/2000] ; used: 12m:14s; eta: 28m:48s; loss = 0.012317; ['mse_0=0.000767; ', 'lpips_0=0.003954; ', 'codec_recon_0=0.020491; ', 'bpp_0=5.808209; ', 'mse_1=0.000627; ', 'lpips_1=0.003366; ', 'codec_recon_1=0.274127; ', 'bpp_1=0.291904; ', 'mse_2=0.000565; ', 'lpips_2=0.003038; ', 'codec_recon_2=0.076997; ', 'bpp_2=0.268540; ']
train step[597/2000] ; used: 12m:15s; eta: 28m:46s; loss = 0.011422; ['mse_0=0.000758; ', 'lpips_0=0.003744; ', 'codec_recon_0=0.019837; ', 'bpp_0=5.969396; ', 'mse_1=0.000612; ', 'lpips_1=0.003146; ', 'codec_recon_1=0.298015; ', 'bpp_1=0.293225; ', 'mse_2=0.000472; ', 'lpips_2=0.002689; ', 'codec_recon_2=0.081843; ', 'bpp_2=0.269954; ']
train step[598/2000] ; used: 12m:16s; eta: 28m:44s; loss = 0.021041; ['mse_0=0.002270; ', 'lpips_0=0.005295; ', 'codec_recon_0=0.027308; ', 'bpp_0=5.829365; ', 'mse_1=0.002192; ', 'lpips_1=0.004673; ', 'codec_recon_1=0.269703; ', 'bpp_1=0.291127; ', 'mse_2=0.002162; ', 'lpips_2=0.004449; ', 'codec_recon_2=0.089109; ', 'bpp_2=0.268418; ']
train step[599/2000] ; used: 12m:18s; eta: 28m:44s; loss = 0.007940; ['mse_0=0.000552; ', 'lpips_0=0.002917; ', 'codec_recon_0=0.018244; ', 'bpp_0=5.941727; ', 'mse_1=0.000362; ', 'lpips_1=0.002166; ', 'codec_recon_1=0.301907; ', 'bpp_1=0.293962; ', 'mse_2=0.000250; ', 'lpips_2=0.001694; ', 'codec_recon_2=0.079873; ', 'bpp_2=0.268844; ']
train step[600/2000] ; used: 12m:19s; eta: 28m:42s; loss = 0.009088; ['mse_0=0.000855; ', 'lpips_0=0.002895; ', 'codec_recon_0=0.017608; ', 'bpp_0=6.104808; ', 'mse_1=0.000641; ', 'lpips_1=0.002295; ', 'codec_recon_1=0.287922; ', 'bpp_1=0.297036; ', 'mse_2=0.000482; ', 'lpips_2=0.001920; ', 'codec_recon_2=0.075437; ', 'bpp_2=0.273094; ']
train step[601/2000] ; used: 12m:20s; eta: 28m:41s; loss = 0.013479; ['mse_0=0.001190; ', 'lpips_0=0.004022; ', 'codec_recon_0=0.026970; ', 'bpp_0=6.128728; ', 'mse_1=0.000979; ', 'lpips_1=0.003371; ', 'codec_recon_1=0.297965; ', 'bpp_1=0.296776; ', 'mse_2=0.000915; ', 'lpips_2=0.003002; ', 'codec_recon_2=0.100604; ', 'bpp_2=0.274461; ']
train step[602/2000] ; used: 12m:21s; eta: 28m:39s; loss = 0.013256; ['mse_0=0.001054; ', 'lpips_0=0.003981; ', 'codec_recon_0=0.026382; ', 'bpp_0=6.087595; ', 'mse_1=0.000847; ', 'lpips_1=0.003434; ', 'codec_recon_1=0.305615; ', 'bpp_1=0.295488; ', 'mse_2=0.000768; ', 'lpips_2=0.003171; ', 'codec_recon_2=0.092253; ', 'bpp_2=0.274125; ']
train step[603/2000] ; used: 12m:22s; eta: 28m:37s; loss = 0.023726; ['mse_0=0.002685; ', 'lpips_0=0.006531; ', 'codec_recon_0=0.019833; ', 'bpp_0=6.206728; ', 'mse_1=0.002330; ', 'lpips_1=0.005388; ', 'codec_recon_1=0.341902; ', 'bpp_1=0.299998; ', 'mse_2=0.002229; ', 'lpips_2=0.004564; ', 'codec_recon_2=0.082161; ', 'bpp_2=0.280906; ']
train step[604/2000] ; used: 12m:23s; eta: 28m:36s; loss = 0.014145; ['mse_0=0.001249; ', 'lpips_0=0.004116; ', 'codec_recon_0=0.023232; ', 'bpp_0=5.955183; ', 'mse_1=0.001078; ', 'lpips_1=0.003486; ', 'codec_recon_1=0.304161; ', 'bpp_1=0.294100; ', 'mse_2=0.001006; ', 'lpips_2=0.003210; ', 'codec_recon_2=0.084808; ', 'bpp_2=0.272090; ']
train step[605/2000] ; used: 12m:24s; eta: 28m:34s; loss = 0.015711; ['mse_0=0.001196; ', 'lpips_0=0.005053; ', 'codec_recon_0=0.021196; ', 'bpp_0=6.090748; ', 'mse_1=0.000966; ', 'lpips_1=0.004135; ', 'codec_recon_1=0.348334; ', 'bpp_1=0.294096; ', 'mse_2=0.000830; ', 'lpips_2=0.003531; ', 'codec_recon_2=0.087801; ', 'bpp_2=0.271901; ']
train step[606/2000] ; used: 12m:25s; eta: 28m:32s; loss = 0.012449; ['mse_0=0.000725; ', 'lpips_0=0.003948; ', 'codec_recon_0=0.020263; ', 'bpp_0=5.898613; ', 'mse_1=0.000610; ', 'lpips_1=0.003436; ', 'codec_recon_1=0.246056; ', 'bpp_1=0.290764; ', 'mse_2=0.000550; ', 'lpips_2=0.003179; ', 'codec_recon_2=0.073681; ', 'bpp_2=0.268260; ']
train step[607/2000] ; used: 12m:26s; eta: 28m:31s; loss = 0.029783; ['mse_0=0.004533; ', 'lpips_0=0.006476; ', 'codec_recon_0=0.020265; ', 'bpp_0=6.189937; ', 'mse_1=0.004226; ', 'lpips_1=0.005716; ', 'codec_recon_1=0.379768; ', 'bpp_1=0.299857; ', 'mse_2=0.003893; ', 'lpips_2=0.004938; ', 'codec_recon_2=0.072807; ', 'bpp_2=0.280371; ']
train step[608/2000] ; used: 12m:27s; eta: 28m:29s; loss = 0.017183; ['mse_0=0.001138; ', 'lpips_0=0.005358; ', 'codec_recon_0=0.022148; ', 'bpp_0=5.962951; ', 'mse_1=0.001053; ', 'lpips_1=0.004469; ', 'codec_recon_1=0.265156; ', 'bpp_1=0.291577; ', 'mse_2=0.001000; ', 'lpips_2=0.004167; ', 'codec_recon_2=0.086380; ', 'bpp_2=0.265633; ']
train step[609/2000] ; used: 12m:28s; eta: 28m:27s; loss = 0.015217; ['mse_0=0.000829; ', 'lpips_0=0.005003; ', 'codec_recon_0=0.021744; ', 'bpp_0=5.951253; ', 'mse_1=0.000675; ', 'lpips_1=0.004339; ', 'codec_recon_1=0.331692; ', 'bpp_1=0.293653; ', 'mse_2=0.000558; ', 'lpips_2=0.003813; ', 'codec_recon_2=0.088017; ', 'bpp_2=0.271943; ']
train step[610/2000] ; used: 12m:30s; eta: 28m:26s; loss = 0.030397; ['mse_0=0.002870; ', 'lpips_0=0.008195; ', 'codec_recon_0=0.023169; ', 'bpp_0=6.107442; ', 'mse_1=0.002773; ', 'lpips_1=0.007422; ', 'codec_recon_1=0.403019; ', 'bpp_1=0.296627; ', 'mse_2=0.002611; ', 'lpips_2=0.006526; ', 'codec_recon_2=0.084695; ', 'bpp_2=0.278890; ']
train step[611/2000] ; used: 12m:31s; eta: 28m:24s; loss = 0.022210; ['mse_0=0.002319; ', 'lpips_0=0.005729; ', 'codec_recon_0=0.019107; ', 'bpp_0=6.010933; ', 'mse_1=0.002136; ', 'lpips_1=0.005605; ', 'codec_recon_1=0.325577; ', 'bpp_1=0.294655; ', 'mse_2=0.001820; ', 'lpips_2=0.004602; ', 'codec_recon_2=0.093798; ', 'bpp_2=0.273231; ']
train step[612/2000] ; used: 12m:32s; eta: 28m:23s; loss = 0.015618; ['mse_0=0.001008; ', 'lpips_0=0.004986; ', 'codec_recon_0=0.021556; ', 'bpp_0=5.931890; ', 'mse_1=0.000891; ', 'lpips_1=0.004203; ', 'codec_recon_1=0.310947; ', 'bpp_1=0.292012; ', 'mse_2=0.000862; ', 'lpips_2=0.003669; ', 'codec_recon_2=0.089514; ', 'bpp_2=0.269302; ']
train step[613/2000] ; used: 12m:33s; eta: 28m:21s; loss = 0.020052; ['mse_0=0.001685; ', 'lpips_0=0.005628; ', 'codec_recon_0=0.023936; ', 'bpp_0=5.840913; ', 'mse_1=0.001465; ', 'lpips_1=0.005019; ', 'codec_recon_1=0.285377; ', 'bpp_1=0.292802; ', 'mse_2=0.001410; ', 'lpips_2=0.004844; ', 'codec_recon_2=0.080475; ', 'bpp_2=0.270268; ']
train step[614/2000] ; used: 12m:34s; eta: 28m:19s; loss = 0.019071; ['mse_0=0.001757; ', 'lpips_0=0.005283; ', 'codec_recon_0=0.020633; ', 'bpp_0=6.055279; ', 'mse_1=0.001434; ', 'lpips_1=0.004802; ', 'codec_recon_1=0.295925; ', 'bpp_1=0.296471; ', 'mse_2=0.001340; ', 'lpips_2=0.004456; ', 'codec_recon_2=0.084597; ', 'bpp_2=0.274940; ']
train step[615/2000] ; used: 12m:35s; eta: 28m:18s; loss = 0.010252; ['mse_0=0.000615; ', 'lpips_0=0.003423; ', 'codec_recon_0=0.022247; ', 'bpp_0=5.948580; ', 'mse_1=0.000509; ', 'lpips_1=0.002887; ', 'codec_recon_1=0.315396; ', 'bpp_1=0.292799; ', 'mse_2=0.000392; ', 'lpips_2=0.002426; ', 'codec_recon_2=0.092059; ', 'bpp_2=0.270350; ']
train step[616/2000] ; used: 12m:36s; eta: 28m:16s; loss = 0.016696; ['mse_0=0.000663; ', 'lpips_0=0.005588; ', 'codec_recon_0=0.021249; ', 'bpp_0=5.958513; ', 'mse_1=0.000580; ', 'lpips_1=0.004922; ', 'codec_recon_1=0.306883; ', 'bpp_1=0.292134; ', 'mse_2=0.000521; ', 'lpips_2=0.004422; ', 'codec_recon_2=0.097054; ', 'bpp_2=0.266717; ']
train step[617/2000] ; used: 12m:37s; eta: 28m:14s; loss = 0.015436; ['mse_0=0.001701; ', 'lpips_0=0.004105; ', 'codec_recon_0=0.020478; ', 'bpp_0=5.878844; ', 'mse_1=0.001578; ', 'lpips_1=0.003430; ', 'codec_recon_1=0.291601; ', 'bpp_1=0.291226; ', 'mse_2=0.001554; ', 'lpips_2=0.003068; ', 'codec_recon_2=0.080422; ', 'bpp_2=0.269276; ']
train step[618/2000] ; used: 12m:38s; eta: 28m:13s; loss = 0.009537; ['mse_0=0.000582; ', 'lpips_0=0.003385; ', 'codec_recon_0=0.020364; ', 'bpp_0=5.976093; ', 'mse_1=0.000416; ', 'lpips_1=0.002663; ', 'codec_recon_1=0.302051; ', 'bpp_1=0.293999; ', 'mse_2=0.000302; ', 'lpips_2=0.002190; ', 'codec_recon_2=0.078554; ', 'bpp_2=0.270710; ']
train step[619/2000] ; used: 12m:39s; eta: 28m:11s; loss = 0.017106; ['mse_0=0.002546; ', 'lpips_0=0.003674; ', 'codec_recon_0=0.020058; ', 'bpp_0=6.021059; ', 'mse_1=0.002487; ', 'lpips_1=0.003122; ', 'codec_recon_1=0.308327; ', 'bpp_1=0.294308; ', 'mse_2=0.002513; ', 'lpips_2=0.002764; ', 'codec_recon_2=0.076794; ', 'bpp_2=0.272417; ']
train step[620/2000] ; used: 12m:40s; eta: 28m:10s; loss = 0.017775; ['mse_0=0.001942; ', 'lpips_0=0.005551; ', 'codec_recon_0=0.022055; ', 'bpp_0=6.155338; ', 'mse_1=0.001368; ', 'lpips_1=0.004481; ', 'codec_recon_1=0.364797; ', 'bpp_1=0.298305; ', 'mse_2=0.001067; ', 'lpips_2=0.003366; ', 'codec_recon_2=0.083889; ', 'bpp_2=0.278830; ']
train step[621/2000] ; used: 12m:41s; eta: 28m:8s; loss = 0.027061; ['mse_0=0.001977; ', 'lpips_0=0.007679; ', 'codec_recon_0=0.021954; ', 'bpp_0=5.961015; ', 'mse_1=0.001819; ', 'lpips_1=0.007195; ', 'codec_recon_1=0.310924; ', 'bpp_1=0.294311; ', 'mse_2=0.001662; ', 'lpips_2=0.006728; ', 'codec_recon_2=0.082494; ', 'bpp_2=0.273781; ']
train step[622/2000] ; used: 12m:42s; eta: 28m:6s; loss = 0.025634; ['mse_0=0.004583; ', 'lpips_0=0.004925; ', 'codec_recon_0=0.024219; ', 'bpp_0=5.868308; ', 'mse_1=0.004238; ', 'lpips_1=0.004189; ', 'codec_recon_1=0.319393; ', 'bpp_1=0.293484; ', 'mse_2=0.004061; ', 'lpips_2=0.003638; ', 'codec_recon_2=0.086943; ', 'bpp_2=0.272299; ']
train step[623/2000] ; used: 12m:43s; eta: 28m:5s; loss = 0.013661; ['mse_0=0.001244; ', 'lpips_0=0.004273; ', 'codec_recon_0=0.019667; ', 'bpp_0=6.139761; ', 'mse_1=0.000979; ', 'lpips_1=0.003504; ', 'codec_recon_1=0.337171; ', 'bpp_1=0.297914; ', 'mse_2=0.000794; ', 'lpips_2=0.002866; ', 'codec_recon_2=0.077680; ', 'bpp_2=0.276597; ']
train step[624/2000] ; used: 12m:44s; eta: 28m:3s; loss = 0.021475; ['mse_0=0.002621; ', 'lpips_0=0.005782; ', 'codec_recon_0=0.019967; ', 'bpp_0=6.167177; ', 'mse_1=0.002209; ', 'lpips_1=0.004949; ', 'codec_recon_1=0.379955; ', 'bpp_1=0.298317; ', 'mse_2=0.001876; ', 'lpips_2=0.004038; ', 'codec_recon_2=0.073032; ', 'bpp_2=0.279210; ']
train step[625/2000] ; used: 12m:45s; eta: 28m:1s; loss = 0.011274; ['mse_0=0.000715; ', 'lpips_0=0.003555; ', 'codec_recon_0=0.020911; ', 'bpp_0=5.906733; ', 'mse_1=0.000587; ', 'lpips_1=0.003060; ', 'codec_recon_1=0.267977; ', 'bpp_1=0.290863; ', 'mse_2=0.000527; ', 'lpips_2=0.002831; ', 'codec_recon_2=0.075225; ', 'bpp_2=0.267427; ']
train step[626/2000] ; used: 12m:46s; eta: 28m; loss = 0.014383; ['mse_0=0.002031; ', 'lpips_0=0.003383; ', 'codec_recon_0=0.018964; ', 'bpp_0=5.987902; ', 'mse_1=0.001897; ', 'lpips_1=0.002797; ', 'codec_recon_1=0.283653; ', 'bpp_1=0.293978; ', 'mse_2=0.001831; ', 'lpips_2=0.002443; ', 'codec_recon_2=0.075281; ', 'bpp_2=0.271466; ']
train step[627/2000] ; used: 12m:47s; eta: 27m:58s; loss = 0.018705; ['mse_0=0.001939; ', 'lpips_0=0.005440; ', 'codec_recon_0=0.024786; ', 'bpp_0=6.191348; ', 'mse_1=0.001665; ', 'lpips_1=0.004623; ', 'codec_recon_1=0.379684; ', 'bpp_1=0.299400; ', 'mse_2=0.001457; ', 'lpips_2=0.003581; ', 'codec_recon_2=0.081146; ', 'bpp_2=0.278243; ']
train step[628/2000] ; used: 12m:48s; eta: 27m:57s; loss = 0.012452; ['mse_0=0.000776; ', 'lpips_0=0.003962; ', 'codec_recon_0=0.020849; ', 'bpp_0=5.911940; ', 'mse_1=0.000656; ', 'lpips_1=0.003349; ', 'codec_recon_1=0.273240; ', 'bpp_1=0.290416; ', 'mse_2=0.000611; ', 'lpips_2=0.003097; ', 'codec_recon_2=0.079944; ', 'bpp_2=0.267149; ']
train step[629/2000] ; used: 12m:49s; eta: 27m:55s; loss = 0.017856; ['mse_0=0.001976; ', 'lpips_0=0.004483; ', 'codec_recon_0=0.021929; ', 'bpp_0=5.835971; ', 'mse_1=0.001852; ', 'lpips_1=0.003995; ', 'codec_recon_1=0.280476; ', 'bpp_1=0.291167; ', 'mse_2=0.001785; ', 'lpips_2=0.003764; ', 'codec_recon_2=0.073762; ', 'bpp_2=0.267990; ']
train step[630/2000] ; used: 12m:50s; eta: 27m:53s; loss = 0.015505; ['mse_0=0.001764; ', 'lpips_0=0.004409; ', 'codec_recon_0=0.019884; ', 'bpp_0=6.102284; ', 'mse_1=0.001375; ', 'lpips_1=0.003575; ', 'codec_recon_1=0.304272; ', 'bpp_1=0.297911; ', 'mse_2=0.001196; ', 'lpips_2=0.003187; ', 'codec_recon_2=0.076056; ', 'bpp_2=0.275922; ']
train step[631/2000] ; used: 12m:52s; eta: 27m:52s; loss = 0.020616; ['mse_0=0.001886; ', 'lpips_0=0.006454; ', 'codec_recon_0=0.021830; ', 'bpp_0=6.079993; ', 'mse_1=0.001563; ', 'lpips_1=0.005397; ', 'codec_recon_1=0.397793; ', 'bpp_1=0.295790; ', 'mse_2=0.001101; ', 'lpips_2=0.004215; ', 'codec_recon_2=0.084731; ', 'bpp_2=0.275523; ']
train step[632/2000] ; used: 12m:53s; eta: 27m:50s; loss = 0.007845; ['mse_0=0.000310; ', 'lpips_0=0.002802; ', 'codec_recon_0=0.019400; ', 'bpp_0=5.843266; ', 'mse_1=0.000242; ', 'lpips_1=0.002300; ', 'codec_recon_1=0.275228; ', 'bpp_1=0.289732; ', 'mse_2=0.000188; ', 'lpips_2=0.002002; ', 'codec_recon_2=0.079991; ', 'bpp_2=0.262799; ']
train step[633/2000] ; used: 12m:54s; eta: 27m:49s; loss = 0.016352; ['mse_0=0.000520; ', 'lpips_0=0.005526; ', 'codec_recon_0=0.023155; ', 'bpp_0=5.733716; ', 'mse_1=0.000406; ', 'lpips_1=0.004875; ', 'codec_recon_1=0.274394; ', 'bpp_1=0.287808; ', 'mse_2=0.000369; ', 'lpips_2=0.004655; ', 'codec_recon_2=0.083336; ', 'bpp_2=0.266756; ']
train step[634/2000] ; used: 12m:55s; eta: 27m:47s; loss = 0.011172; ['mse_0=0.001128; ', 'lpips_0=0.003200; ', 'codec_recon_0=0.026143; ', 'bpp_0=5.926223; ', 'mse_1=0.000955; ', 'lpips_1=0.002620; ', 'codec_recon_1=0.292067; ', 'bpp_1=0.291225; ', 'mse_2=0.000907; ', 'lpips_2=0.002361; ', 'codec_recon_2=0.090637; ', 'bpp_2=0.268005; ']
train step[635/2000] ; used: 12m:56s; eta: 27m:45s; loss = 0.034884; ['mse_0=0.005858; ', 'lpips_0=0.007208; ', 'codec_recon_0=0.019857; ', 'bpp_0=6.191432; ', 'mse_1=0.005214; ', 'lpips_1=0.006408; ', 'codec_recon_1=0.362598; ', 'bpp_1=0.299871; ', 'mse_2=0.004874; ', 'lpips_2=0.005321; ', 'codec_recon_2=0.076192; ', 'bpp_2=0.280816; ']
train step[636/2000] ; used: 12m:57s; eta: 27m:44s; loss = 0.009783; ['mse_0=0.000686; ', 'lpips_0=0.003187; ', 'codec_recon_0=0.017538; ', 'bpp_0=5.936193; ', 'mse_1=0.000526; ', 'lpips_1=0.002637; ', 'codec_recon_1=0.288484; ', 'bpp_1=0.294268; ', 'mse_2=0.000433; ', 'lpips_2=0.002313; ', 'codec_recon_2=0.074250; ', 'bpp_2=0.269802; ']
train step[637/2000] ; used: 12m:58s; eta: 27m:42s; loss = 0.018887; ['mse_0=0.001868; ', 'lpips_0=0.005155; ', 'codec_recon_0=0.019457; ', 'bpp_0=6.243500; ', 'mse_1=0.001685; ', 'lpips_1=0.004464; ', 'codec_recon_1=0.322001; ', 'bpp_1=0.299240; ', 'mse_2=0.001651; ', 'lpips_2=0.004064; ', 'codec_recon_2=0.086406; ', 'bpp_2=0.277245; ']
train step[638/2000] ; used: 12m:59s; eta: 27m:41s; loss = 0.023225; ['mse_0=0.002403; ', 'lpips_0=0.006674; ', 'codec_recon_0=0.020953; ', 'bpp_0=6.117755; ', 'mse_1=0.001936; ', 'lpips_1=0.005620; ', 'codec_recon_1=0.346158; ', 'bpp_1=0.296870; ', 'mse_2=0.001718; ', 'lpips_2=0.004874; ', 'codec_recon_2=0.081495; ', 'bpp_2=0.276920; ']
train step[639/2000] ; used: 13m; eta: 27m:39s; loss = 0.016948; ['mse_0=0.002248; ', 'lpips_0=0.004357; ', 'codec_recon_0=0.018733; ', 'bpp_0=6.151743; ', 'mse_1=0.002041; ', 'lpips_1=0.003612; ', 'codec_recon_1=0.342773; ', 'bpp_1=0.298413; ', 'mse_2=0.001850; ', 'lpips_2=0.002839; ', 'codec_recon_2=0.085030; ', 'bpp_2=0.276535; ']
train step[640/2000] ; used: 13m:1s; eta: 27m:37s; loss = 0.026472; ['mse_0=0.003900; ', 'lpips_0=0.005347; ', 'codec_recon_0=0.023726; ', 'bpp_0=5.789392; ', 'mse_1=0.003840; ', 'lpips_1=0.004835; ', 'codec_recon_1=0.269473; ', 'bpp_1=0.288634; ', 'mse_2=0.003900; ', 'lpips_2=0.004651; ', 'codec_recon_2=0.080156; ', 'bpp_2=0.266320; ']
train step[641/2000] ; used: 13m:2s; eta: 27m:36s; loss = 0.017162; ['mse_0=0.001832; ', 'lpips_0=0.005247; ', 'codec_recon_0=0.019985; ', 'bpp_0=6.280138; ', 'mse_1=0.001405; ', 'lpips_1=0.004324; ', 'codec_recon_1=0.363126; ', 'bpp_1=0.300927; ', 'mse_2=0.001103; ', 'lpips_2=0.003251; ', 'codec_recon_2=0.082468; ', 'bpp_2=0.282950; ']
train step[642/2000] ; used: 13m:3s; eta: 27m:34s; loss = 0.015683; ['mse_0=0.002014; ', 'lpips_0=0.004061; ', 'codec_recon_0=0.018408; ', 'bpp_0=6.278043; ', 'mse_1=0.001762; ', 'lpips_1=0.003378; ', 'codec_recon_1=0.312912; ', 'bpp_1=0.302376; ', 'mse_2=0.001622; ', 'lpips_2=0.002846; ', 'codec_recon_2=0.083335; ', 'bpp_2=0.281510; ']
train step[643/2000] ; used: 13m:4s; eta: 27m:33s; loss = 0.024286; ['mse_0=0.003436; ', 'lpips_0=0.005853; ', 'codec_recon_0=0.025791; ', 'bpp_0=5.972598; ', 'mse_1=0.003019; ', 'lpips_1=0.005001; ', 'codec_recon_1=0.357673; ', 'bpp_1=0.294527; ', 'mse_2=0.002879; ', 'lpips_2=0.004098; ', 'codec_recon_2=0.102088; ', 'bpp_2=0.269666; ']
train step[644/2000] ; used: 13m:5s; eta: 27m:31s; loss = 0.010167; ['mse_0=0.000530; ', 'lpips_0=0.003731; ', 'codec_recon_0=0.021904; ', 'bpp_0=5.790502; ', 'mse_1=0.000361; ', 'lpips_1=0.002934; ', 'codec_recon_1=0.331707; ', 'bpp_1=0.288838; ', 'mse_2=0.000229; ', 'lpips_2=0.002382; ', 'codec_recon_2=0.082327; ', 'bpp_2=0.264464; ']
train step[645/2000] ; used: 13m:6s; eta: 27m:29s; loss = 0.014713; ['mse_0=0.001551; ', 'lpips_0=0.004158; ', 'codec_recon_0=0.020568; ', 'bpp_0=5.992863; ', 'mse_1=0.001280; ', 'lpips_1=0.003576; ', 'codec_recon_1=0.312046; ', 'bpp_1=0.294026; ', 'mse_2=0.001059; ', 'lpips_2=0.003089; ', 'codec_recon_2=0.077967; ', 'bpp_2=0.270990; ']
train step[646/2000] ; used: 13m:7s; eta: 27m:28s; loss = 0.012508; ['mse_0=0.000596; ', 'lpips_0=0.004150; ', 'codec_recon_0=0.021925; ', 'bpp_0=5.895629; ', 'mse_1=0.000465; ', 'lpips_1=0.003562; ', 'codec_recon_1=0.294138; ', 'bpp_1=0.291288; ', 'mse_2=0.000403; ', 'lpips_2=0.003332; ', 'codec_recon_2=0.083467; ', 'bpp_2=0.269162; ']
train step[647/2000] ; used: 13m:8s; eta: 27m:26s; loss = 0.010710; ['mse_0=0.000935; ', 'lpips_0=0.003464; ', 'codec_recon_0=0.019769; ', 'bpp_0=6.129495; ', 'mse_1=0.000727; ', 'lpips_1=0.002751; ', 'codec_recon_1=0.329283; ', 'bpp_1=0.298782; ', 'mse_2=0.000581; ', 'lpips_2=0.002252; ', 'codec_recon_2=0.082425; ', 'bpp_2=0.276588; ']
train step[648/2000] ; used: 13m:9s; eta: 27m:25s; loss = 0.011492; ['mse_0=0.000694; ', 'lpips_0=0.004074; ', 'codec_recon_0=0.020231; ', 'bpp_0=5.964141; ', 'mse_1=0.000506; ', 'lpips_1=0.003232; ', 'codec_recon_1=0.341944; ', 'bpp_1=0.294475; ', 'mse_2=0.000365; ', 'lpips_2=0.002621; ', 'codec_recon_2=0.081014; ', 'bpp_2=0.272959; ']
train step[649/2000] ; used: 13m:10s; eta: 27m:23s; loss = 0.016846; ['mse_0=0.002077; ', 'lpips_0=0.004716; ', 'codec_recon_0=0.018508; ', 'bpp_0=6.108751; ', 'mse_1=0.001647; ', 'lpips_1=0.003920; ', 'codec_recon_1=0.332526; ', 'bpp_1=0.299777; ', 'mse_2=0.001322; ', 'lpips_2=0.003163; ', 'codec_recon_2=0.077958; ', 'bpp_2=0.280225; ']
train step[650/2000] ; used: 13m:11s; eta: 27m:22s; loss = 0.010610; ['mse_0=0.001054; ', 'lpips_0=0.003332; ', 'codec_recon_0=0.018233; ', 'bpp_0=5.987933; ', 'mse_1=0.000792; ', 'lpips_1=0.002722; ', 'codec_recon_1=0.297173; ', 'bpp_1=0.294199; ', 'mse_2=0.000495; ', 'lpips_2=0.002215; ', 'codec_recon_2=0.078452; ', 'bpp_2=0.270920; ']
train step[651/2000] ; used: 13m:12s; eta: 27m:20s; loss = 0.007669; ['mse_0=0.000352; ', 'lpips_0=0.002738; ', 'codec_recon_0=0.020150; ', 'bpp_0=5.935514; ', 'mse_1=0.000257; ', 'lpips_1=0.002185; ', 'codec_recon_1=0.287226; ', 'bpp_1=0.292172; ', 'mse_2=0.000207; ', 'lpips_2=0.001931; ', 'codec_recon_2=0.081521; ', 'bpp_2=0.267584; ']
train step[652/2000] ; used: 13m:13s; eta: 27m:18s; loss = 0.009646; ['mse_0=0.000916; ', 'lpips_0=0.002881; ', 'codec_recon_0=0.019316; ', 'bpp_0=6.124519; ', 'mse_1=0.000786; ', 'lpips_1=0.002311; ', 'codec_recon_1=0.288457; ', 'bpp_1=0.297279; ', 'mse_2=0.000736; ', 'lpips_2=0.002017; ', 'codec_recon_2=0.080458; ', 'bpp_2=0.275023; ']
train step[653/2000] ; used: 13m:14s; eta: 27m:17s; loss = 0.014429; ['mse_0=0.001041; ', 'lpips_0=0.004825; ', 'codec_recon_0=0.021476; ', 'bpp_0=6.156150; ', 'mse_1=0.000804; ', 'lpips_1=0.003893; ', 'codec_recon_1=0.344521; ', 'bpp_1=0.295215; ', 'mse_2=0.000660; ', 'lpips_2=0.003206; ', 'codec_recon_2=0.093163; ', 'bpp_2=0.273090; ']
train step[654/2000] ; used: 13m:15s; eta: 27m:15s; loss = 0.010979; ['mse_0=0.000569; ', 'lpips_0=0.003734; ', 'codec_recon_0=0.021783; ', 'bpp_0=5.909393; ', 'mse_1=0.000471; ', 'lpips_1=0.003101; ', 'codec_recon_1=0.305800; ', 'bpp_1=0.291045; ', 'mse_2=0.000401; ', 'lpips_2=0.002703; ', 'codec_recon_2=0.081177; ', 'bpp_2=0.265733; ']
train step[655/2000] ; used: 13m:16s; eta: 27m:14s; loss = 0.018450; ['mse_0=0.001453; ', 'lpips_0=0.005389; ', 'codec_recon_0=0.030612; ', 'bpp_0=5.947339; ', 'mse_1=0.001261; ', 'lpips_1=0.004731; ', 'codec_recon_1=0.296386; ', 'bpp_1=0.293541; ', 'mse_2=0.001203; ', 'lpips_2=0.004412; ', 'codec_recon_2=0.096603; ', 'bpp_2=0.273435; ']
train step[656/2000] ; used: 13m:18s; eta: 27m:12s; loss = 0.011801; ['mse_0=0.000903; ', 'lpips_0=0.003721; ', 'codec_recon_0=0.020672; ', 'bpp_0=5.999213; ', 'mse_1=0.000765; ', 'lpips_1=0.003052; ', 'codec_recon_1=0.303027; ', 'bpp_1=0.293741; ', 'mse_2=0.000670; ', 'lpips_2=0.002690; ', 'codec_recon_2=0.086302; ', 'bpp_2=0.269365; ']
train step[657/2000] ; used: 13m:19s; eta: 27m:10s; loss = 0.012521; ['mse_0=0.001081; ', 'lpips_0=0.004029; ', 'codec_recon_0=0.018410; ', 'bpp_0=6.257240; ', 'mse_1=0.000860; ', 'lpips_1=0.003191; ', 'codec_recon_1=0.320205; ', 'bpp_1=0.300142; ', 'mse_2=0.000738; ', 'lpips_2=0.002622; ', 'codec_recon_2=0.089003; ', 'bpp_2=0.278762; ']
train step[658/2000] ; used: 13m:20s; eta: 27m:9s; loss = 0.011366; ['mse_0=0.000636; ', 'lpips_0=0.004242; ', 'codec_recon_0=0.020938; ', 'bpp_0=5.996150; ', 'mse_1=0.000453; ', 'lpips_1=0.003320; ', 'codec_recon_1=0.323042; ', 'bpp_1=0.294124; ', 'mse_2=0.000270; ', 'lpips_2=0.002445; ', 'codec_recon_2=0.091418; ', 'bpp_2=0.270938; ']
train step[659/2000] ; used: 13m:21s; eta: 27m:9s; loss = 0.014308; ['mse_0=0.001039; ', 'lpips_0=0.004343; ', 'codec_recon_0=0.021601; ', 'bpp_0=5.857275; ', 'mse_1=0.000914; ', 'lpips_1=0.003728; ', 'codec_recon_1=0.284818; ', 'bpp_1=0.290652; ', 'mse_2=0.000872; ', 'lpips_2=0.003413; ', 'codec_recon_2=0.083477; ', 'bpp_2=0.267845; ']
train step[660/2000] ; used: 13m:22s; eta: 27m:7s; loss = 0.011912; ['mse_0=0.000772; ', 'lpips_0=0.003734; ', 'codec_recon_0=0.023710; ', 'bpp_0=5.778527; ', 'mse_1=0.000668; ', 'lpips_1=0.003163; ', 'codec_recon_1=0.276429; ', 'bpp_1=0.289119; ', 'mse_2=0.000642; ', 'lpips_2=0.002935; ', 'codec_recon_2=0.081334; ', 'bpp_2=0.266081; ']
train step[661/2000] ; used: 13m:23s; eta: 27m:5s; loss = 0.019951; ['mse_0=0.002269; ', 'lpips_0=0.005078; ', 'codec_recon_0=0.020681; ', 'bpp_0=6.098849; ', 'mse_1=0.001999; ', 'lpips_1=0.004520; ', 'codec_recon_1=0.296748; ', 'bpp_1=0.296491; ', 'mse_2=0.001860; ', 'lpips_2=0.004224; ', 'codec_recon_2=0.080534; ', 'bpp_2=0.275336; ']
train step[662/2000] ; used: 13m:24s; eta: 27m:4s; loss = 0.014332; ['mse_0=0.001038; ', 'lpips_0=0.004809; ', 'codec_recon_0=0.019583; ', 'bpp_0=6.058287; ', 'mse_1=0.000755; ', 'lpips_1=0.004008; ', 'codec_recon_1=0.344609; ', 'bpp_1=0.295512; ', 'mse_2=0.000524; ', 'lpips_2=0.003197; ', 'codec_recon_2=0.087991; ', 'bpp_2=0.272507; ']
train step[663/2000] ; used: 13m:25s; eta: 27m:2s; loss = 0.012283; ['mse_0=0.000991; ', 'lpips_0=0.003589; ', 'codec_recon_0=0.020416; ', 'bpp_0=5.979735; ', 'mse_1=0.000853; ', 'lpips_1=0.003125; ', 'codec_recon_1=0.267897; ', 'bpp_1=0.293699; ', 'mse_2=0.000787; ', 'lpips_2=0.002937; ', 'codec_recon_2=0.084873; ', 'bpp_2=0.268510; ']
train step[664/2000] ; used: 13m:26s; eta: 27m:1s; loss = 0.014482; ['mse_0=0.001325; ', 'lpips_0=0.004395; ', 'codec_recon_0=0.023017; ', 'bpp_0=6.081043; ', 'mse_1=0.001081; ', 'lpips_1=0.003654; ', 'codec_recon_1=0.320786; ', 'bpp_1=0.295781; ', 'mse_2=0.000892; ', 'lpips_2=0.003135; ', 'codec_recon_2=0.080756; ', 'bpp_2=0.273489; ']
train step[665/2000] ; used: 13m:28s; eta: 26m:59s; loss = 0.022607; ['mse_0=0.001651; ', 'lpips_0=0.006359; ', 'codec_recon_0=0.032659; ', 'bpp_0=5.655100; ', 'mse_1=0.001595; ', 'lpips_1=0.005841; ', 'codec_recon_1=0.278356; ', 'bpp_1=0.288969; ', 'mse_2=0.001537; ', 'lpips_2=0.005625; ', 'codec_recon_2=0.089280; ', 'bpp_2=0.268103; ']
train step[666/2000] ; used: 13m:29s; eta: 26m:58s; loss = 0.008881; ['mse_0=0.000397; ', 'lpips_0=0.003337; ', 'codec_recon_0=0.019734; ', 'bpp_0=6.097804; ', 'mse_1=0.000291; ', 'lpips_1=0.002695; ', 'codec_recon_1=0.322231; ', 'bpp_1=0.296049; ', 'mse_2=0.000201; ', 'lpips_2=0.001960; ', 'codec_recon_2=0.091940; ', 'bpp_2=0.271007; ']
train step[667/2000] ; used: 13m:30s; eta: 26m:56s; loss = 0.032151; ['mse_0=0.003731; ', 'lpips_0=0.008030; ', 'codec_recon_0=0.023917; ', 'bpp_0=6.226640; ', 'mse_1=0.003473; ', 'lpips_1=0.007048; ', 'codec_recon_1=0.401837; ', 'bpp_1=0.298662; ', 'mse_2=0.003423; ', 'lpips_2=0.006446; ', 'codec_recon_2=0.107071; ', 'bpp_2=0.279095; ']
train step[668/2000] ; used: 13m:31s; eta: 26m:54s; loss = 0.011749; ['mse_0=0.000791; ', 'lpips_0=0.003746; ', 'codec_recon_0=0.024468; ', 'bpp_0=6.023030; ', 'mse_1=0.000675; ', 'lpips_1=0.003102; ', 'codec_recon_1=0.286182; ', 'bpp_1=0.293595; ', 'mse_2=0.000605; ', 'lpips_2=0.002830; ', 'codec_recon_2=0.087838; ', 'bpp_2=0.271487; ']
train step[669/2000] ; used: 13m:32s; eta: 26m:53s; loss = 0.020977; ['mse_0=0.002260; ', 'lpips_0=0.005530; ', 'codec_recon_0=0.023294; ', 'bpp_0=6.014552; ', 'mse_1=0.002050; ', 'lpips_1=0.004871; ', 'codec_recon_1=0.339971; ', 'bpp_1=0.293814; ', 'mse_2=0.001870; ', 'lpips_2=0.004396; ', 'codec_recon_2=0.087123; ', 'bpp_2=0.272120; ']
train step[670/2000] ; used: 13m:33s; eta: 26m:51s; loss = 0.010767; ['mse_0=0.000904; ', 'lpips_0=0.003383; ', 'codec_recon_0=0.019283; ', 'bpp_0=6.101798; ', 'mse_1=0.000761; ', 'lpips_1=0.002780; ', 'codec_recon_1=0.301148; ', 'bpp_1=0.296833; ', 'mse_2=0.000639; ', 'lpips_2=0.002300; ', 'codec_recon_2=0.081719; ', 'bpp_2=0.274138; ']
train step[671/2000] ; used: 13m:34s; eta: 26m:50s; loss = 0.012900; ['mse_0=0.000535; ', 'lpips_0=0.004304; ', 'codec_recon_0=0.022433; ', 'bpp_0=5.735781; ', 'mse_1=0.000439; ', 'lpips_1=0.003781; ', 'codec_recon_1=0.282359; ', 'bpp_1=0.289231; ', 'mse_2=0.000378; ', 'lpips_2=0.003463; ', 'codec_recon_2=0.078865; ', 'bpp_2=0.265961; ']
train step[672/2000] ; used: 13m:35s; eta: 26m:48s; loss = 0.010045; ['mse_0=0.000761; ', 'lpips_0=0.003453; ', 'codec_recon_0=0.021177; ', 'bpp_0=5.959624; ', 'mse_1=0.000561; ', 'lpips_1=0.002806; ', 'codec_recon_1=0.331759; ', 'bpp_1=0.293891; ', 'mse_2=0.000357; ', 'lpips_2=0.002107; ', 'codec_recon_2=0.093632; ', 'bpp_2=0.268511; ']
train step[673/2000] ; used: 13m:36s; eta: 26m:47s; loss = 0.041386; ['mse_0=0.006430; ', 'lpips_0=0.008521; ', 'codec_recon_0=0.024406; ', 'bpp_0=6.109347; ', 'mse_1=0.005994; ', 'lpips_1=0.007638; ', 'codec_recon_1=0.414030; ', 'bpp_1=0.298298; ', 'mse_2=0.005808; ', 'lpips_2=0.006996; ', 'codec_recon_2=0.088764; ', 'bpp_2=0.278059; ']
train step[674/2000] ; used: 13m:37s; eta: 26m:45s; loss = 0.011404; ['mse_0=0.000718; ', 'lpips_0=0.003830; ', 'codec_recon_0=0.019714; ', 'bpp_0=5.882283; ', 'mse_1=0.000563; ', 'lpips_1=0.003220; ', 'codec_recon_1=0.317027; ', 'bpp_1=0.292593; ', 'mse_2=0.000407; ', 'lpips_2=0.002665; ', 'codec_recon_2=0.081030; ', 'bpp_2=0.266852; ']
train step[675/2000] ; used: 13m:38s; eta: 26m:44s; loss = 0.012641; ['mse_0=0.000844; ', 'lpips_0=0.004051; ', 'codec_recon_0=0.021981; ', 'bpp_0=5.983150; ', 'mse_1=0.000712; ', 'lpips_1=0.003360; ', 'codec_recon_1=0.303224; ', 'bpp_1=0.294323; ', 'mse_2=0.000645; ', 'lpips_2=0.003029; ', 'codec_recon_2=0.085644; ', 'bpp_2=0.271574; ']
train step[676/2000] ; used: 13m:39s; eta: 26m:42s; loss = 0.030592; ['mse_0=0.004237; ', 'lpips_0=0.006626; ', 'codec_recon_0=0.020779; ', 'bpp_0=6.049855; ', 'mse_1=0.003964; ', 'lpips_1=0.006054; ', 'codec_recon_1=0.303052; ', 'bpp_1=0.295618; ', 'mse_2=0.003921; ', 'lpips_2=0.005789; ', 'codec_recon_2=0.079372; ', 'bpp_2=0.274240; ']
train step[677/2000] ; used: 13m:40s; eta: 26m:41s; loss = 0.019966; ['mse_0=0.002878; ', 'lpips_0=0.004508; ', 'codec_recon_0=0.019759; ', 'bpp_0=5.999104; ', 'mse_1=0.002639; ', 'lpips_1=0.003918; ', 'codec_recon_1=0.298062; ', 'bpp_1=0.295471; ', 'mse_2=0.002488; ', 'lpips_2=0.003534; ', 'codec_recon_2=0.077831; ', 'bpp_2=0.271782; ']
train step[678/2000] ; used: 13m:41s; eta: 26m:39s; loss = 0.011534; ['mse_0=0.000699; ', 'lpips_0=0.003701; ', 'codec_recon_0=0.021863; ', 'bpp_0=5.880110; ', 'mse_1=0.000563; ', 'lpips_1=0.003145; ', 'codec_recon_1=0.284676; ', 'bpp_1=0.290338; ', 'mse_2=0.000507; ', 'lpips_2=0.002918; ', 'codec_recon_2=0.082089; ', 'bpp_2=0.265449; ']
train step[679/2000] ; used: 13m:42s; eta: 26m:37s; loss = 0.022594; ['mse_0=0.002683; ', 'lpips_0=0.005320; ', 'codec_recon_0=0.019240; ', 'bpp_0=6.095279; ', 'mse_1=0.002527; ', 'lpips_1=0.004938; ', 'codec_recon_1=0.268793; ', 'bpp_1=0.295052; ', 'mse_2=0.002458; ', 'lpips_2=0.004669; ', 'codec_recon_2=0.084047; ', 'bpp_2=0.271860; ']
train step[680/2000] ; used: 13m:43s; eta: 26m:36s; loss = 0.008842; ['mse_0=0.000666; ', 'lpips_0=0.003023; ', 'codec_recon_0=0.019414; ', 'bpp_0=6.236471; ', 'mse_1=0.000460; ', 'lpips_1=0.002354; ', 'codec_recon_1=0.311382; ', 'bpp_1=0.298956; ', 'mse_2=0.000366; ', 'lpips_2=0.001973; ', 'codec_recon_2=0.081915; ', 'bpp_2=0.277335; ']
train step[681/2000] ; used: 13m:44s; eta: 26m:34s; loss = 0.030838; ['mse_0=0.002730; ', 'lpips_0=0.007994; ', 'codec_recon_0=0.026705; ', 'bpp_0=5.659742; ', 'mse_1=0.002615; ', 'lpips_1=0.007523; ', 'codec_recon_1=0.258085; ', 'bpp_1=0.286572; ', 'mse_2=0.002588; ', 'lpips_2=0.007388; ', 'codec_recon_2=0.078772; ', 'bpp_2=0.264172; ']
train step[682/2000] ; used: 13m:45s; eta: 26m:33s; loss = 0.023051; ['mse_0=0.002085; ', 'lpips_0=0.006530; ', 'codec_recon_0=0.026615; ', 'bpp_0=6.031931; ', 'mse_1=0.001848; ', 'lpips_1=0.005739; ', 'codec_recon_1=0.337075; ', 'bpp_1=0.295973; ', 'mse_2=0.001738; ', 'lpips_2=0.005112; ', 'codec_recon_2=0.090338; ', 'bpp_2=0.275000; ']
train step[683/2000] ; used: 13m:46s; eta: 26m:31s; loss = 0.015111; ['mse_0=0.001758; ', 'lpips_0=0.004059; ', 'codec_recon_0=0.018900; ', 'bpp_0=6.101215; ', 'mse_1=0.001448; ', 'lpips_1=0.003436; ', 'codec_recon_1=0.293877; ', 'bpp_1=0.296658; ', 'mse_2=0.001316; ', 'lpips_2=0.003094; ', 'codec_recon_2=0.074769; ', 'bpp_2=0.274355; ']
train step[684/2000] ; used: 13m:47s; eta: 26m:30s; loss = 0.016396; ['mse_0=0.001054; ', 'lpips_0=0.005073; ', 'codec_recon_0=0.023225; ', 'bpp_0=5.959560; ', 'mse_1=0.000945; ', 'lpips_1=0.004382; ', 'codec_recon_1=0.298826; ', 'bpp_1=0.290382; ', 'mse_2=0.000905; ', 'lpips_2=0.004036; ', 'codec_recon_2=0.088682; ', 'bpp_2=0.266835; ']
train step[685/2000] ; used: 13m:48s; eta: 26m:28s; loss = 0.015029; ['mse_0=0.000639; ', 'lpips_0=0.005111; ', 'codec_recon_0=0.023591; ', 'bpp_0=5.931411; ', 'mse_1=0.000521; ', 'lpips_1=0.004342; ', 'codec_recon_1=0.289515; ', 'bpp_1=0.290837; ', 'mse_2=0.000471; ', 'lpips_2=0.003946; ', 'codec_recon_2=0.087005; ', 'bpp_2=0.270462; ']
train step[686/2000] ; used: 13m:49s; eta: 26m:27s; loss = 0.009346; ['mse_0=0.000984; ', 'lpips_0=0.003423; ', 'codec_recon_0=0.016631; ', 'bpp_0=6.134016; ', 'mse_1=0.000691; ', 'lpips_1=0.002440; ', 'codec_recon_1=0.326471; ', 'bpp_1=0.297992; ', 'mse_2=0.000397; ', 'lpips_2=0.001411; ', 'codec_recon_2=0.079827; ', 'bpp_2=0.275197; ']
train step[687/2000] ; used: 13m:50s; eta: 26m:25s; loss = 0.012155; ['mse_0=0.000505; ', 'lpips_0=0.004042; ', 'codec_recon_0=0.025094; ', 'bpp_0=5.820359; ', 'mse_1=0.000417; ', 'lpips_1=0.003496; ', 'codec_recon_1=0.271428; ', 'bpp_1=0.290686; ', 'mse_2=0.000387; ', 'lpips_2=0.003307; ', 'codec_recon_2=0.085538; ', 'bpp_2=0.267619; ']
train step[688/2000] ; used: 13m:51s; eta: 26m:24s; loss = 0.022360; ['mse_0=0.003029; ', 'lpips_0=0.005355; ', 'codec_recon_0=0.021332; ', 'bpp_0=5.948593; ', 'mse_1=0.002698; ', 'lpips_1=0.004766; ', 'codec_recon_1=0.325496; ', 'bpp_1=0.295067; ', 'mse_2=0.002360; ', 'lpips_2=0.004151; ', 'codec_recon_2=0.083254; ', 'bpp_2=0.275774; ']
train step[689/2000] ; used: 13m:53s; eta: 26m:22s; loss = 0.010467; ['mse_0=0.000948; ', 'lpips_0=0.003139; ', 'codec_recon_0=0.021841; ', 'bpp_0=6.014547; ', 'mse_1=0.000776; ', 'lpips_1=0.002667; ', 'codec_recon_1=0.299054; ', 'bpp_1=0.293788; ', 'mse_2=0.000626; ', 'lpips_2=0.002311; ', 'codec_recon_2=0.082954; ', 'bpp_2=0.271817; ']
train step[690/2000] ; used: 13m:54s; eta: 26m:21s; loss = 0.013610; ['mse_0=0.001039; ', 'lpips_0=0.004245; ', 'codec_recon_0=0.021145; ', 'bpp_0=5.996224; ', 'mse_1=0.000786; ', 'lpips_1=0.003591; ', 'codec_recon_1=0.285098; ', 'bpp_1=0.294053; ', 'mse_2=0.000697; ', 'lpips_2=0.003252; ', 'codec_recon_2=0.077075; ', 'bpp_2=0.271643; ']
train step[691/2000] ; used: 13m:55s; eta: 26m:19s; loss = 0.016905; ['mse_0=0.002209; ', 'lpips_0=0.004728; ', 'codec_recon_0=0.023505; ', 'bpp_0=6.211614; ', 'mse_1=0.001843; ', 'lpips_1=0.003793; ', 'codec_recon_1=0.358015; ', 'bpp_1=0.299181; ', 'mse_2=0.001445; ', 'lpips_2=0.002888; ', 'codec_recon_2=0.083694; ', 'bpp_2=0.279566; ']
train step[692/2000] ; used: 13m:56s; eta: 26m:18s; loss = 0.013009; ['mse_0=0.001040; ', 'lpips_0=0.004279; ', 'codec_recon_0=0.024191; ', 'bpp_0=5.922396; ', 'mse_1=0.000680; ', 'lpips_1=0.003350; ', 'codec_recon_1=0.315397; ', 'bpp_1=0.292658; ', 'mse_2=0.000632; ', 'lpips_2=0.003027; ', 'codec_recon_2=0.090044; ', 'bpp_2=0.270043; ']
train step[693/2000] ; used: 13m:57s; eta: 26m:16s; loss = 0.019753; ['mse_0=0.001921; ', 'lpips_0=0.005283; ', 'codec_recon_0=0.022180; ', 'bpp_0=6.060780; ', 'mse_1=0.001704; ', 'lpips_1=0.004754; ', 'codec_recon_1=0.298990; ', 'bpp_1=0.294672; ', 'mse_2=0.001627; ', 'lpips_2=0.004464; ', 'codec_recon_2=0.080427; ', 'bpp_2=0.275122; ']
train step[694/2000] ; used: 13m:58s; eta: 26m:15s; loss = 0.034865; ['mse_0=0.004061; ', 'lpips_0=0.007979; ', 'codec_recon_0=0.023447; ', 'bpp_0=6.093568; ', 'mse_1=0.004045; ', 'lpips_1=0.007585; ', 'codec_recon_1=0.320209; ', 'bpp_1=0.298931; ', 'mse_2=0.003965; ', 'lpips_2=0.007229; ', 'codec_recon_2=0.082211; ', 'bpp_2=0.277644; ']
train step[695/2000] ; used: 13m:59s; eta: 26m:13s; loss = 0.018787; ['mse_0=0.002945; ', 'lpips_0=0.004245; ', 'codec_recon_0=0.021239; ', 'bpp_0=6.022077; ', 'mse_1=0.002741; ', 'lpips_1=0.003563; ', 'codec_recon_1=0.340885; ', 'bpp_1=0.295796; ', 'mse_2=0.002517; ', 'lpips_2=0.002775; ', 'codec_recon_2=0.091238; ', 'bpp_2=0.271510; ']
train step[696/2000] ; used: 14m; eta: 26m:12s; loss = 0.015550; ['mse_0=0.000790; ', 'lpips_0=0.004971; ', 'codec_recon_0=0.021243; ', 'bpp_0=5.854759; ', 'mse_1=0.000659; ', 'lpips_1=0.004431; ', 'codec_recon_1=0.301996; ', 'bpp_1=0.290819; ', 'mse_2=0.000557; ', 'lpips_2=0.004142; ', 'codec_recon_2=0.083434; ', 'bpp_2=0.270891; ']
train step[697/2000] ; used: 14m:1s; eta: 26m:10s; loss = 0.018790; ['mse_0=0.002828; ', 'lpips_0=0.004844; ', 'codec_recon_0=0.018791; ', 'bpp_0=6.211342; ', 'mse_1=0.002327; ', 'lpips_1=0.003873; ', 'codec_recon_1=0.356842; ', 'bpp_1=0.300461; ', 'mse_2=0.001886; ', 'lpips_2=0.003032; ', 'codec_recon_2=0.074521; ', 'bpp_2=0.280291; ']
train step[698/2000] ; used: 14m:2s; eta: 26m:9s; loss = 0.014356; ['mse_0=0.000770; ', 'lpips_0=0.004732; ', 'codec_recon_0=0.026039; ', 'bpp_0=5.831517; ', 'mse_1=0.000615; ', 'lpips_1=0.003978; ', 'codec_recon_1=0.267444; ', 'bpp_1=0.290742; ', 'mse_2=0.000568; ', 'lpips_2=0.003692; ', 'codec_recon_2=0.087683; ', 'bpp_2=0.269468; ']
train step[699/2000] ; used: 14m:3s; eta: 26m:7s; loss = 0.012802; ['mse_0=0.000723; ', 'lpips_0=0.003926; ', 'codec_recon_0=0.030910; ', 'bpp_0=5.946588; ', 'mse_1=0.000685; ', 'lpips_1=0.003480; ', 'codec_recon_1=0.268579; ', 'bpp_1=0.290304; ', 'mse_2=0.000675; ', 'lpips_2=0.003313; ', 'codec_recon_2=0.109517; ', 'bpp_2=0.266327; ']
train step[700/2000] ; used: 14m:4s; eta: 26m:6s; loss = 0.017559; ['mse_0=0.002389; ', 'lpips_0=0.004070; ', 'codec_recon_0=0.018714; ', 'bpp_0=6.036891; ', 'mse_1=0.002200; ', 'lpips_1=0.003553; ', 'codec_recon_1=0.310323; ', 'bpp_1=0.294690; ', 'mse_2=0.002157; ', 'lpips_2=0.003191; ', 'codec_recon_2=0.078644; ', 'bpp_2=0.271301; ']
train step[701/2000] ; used: 14m:5s; eta: 26m:4s; loss = 0.011917; ['mse_0=0.001401; ', 'lpips_0=0.003393; ', 'codec_recon_0=0.020106; ', 'bpp_0=6.193983; ', 'mse_1=0.001143; ', 'lpips_1=0.002695; ', 'codec_recon_1=0.320520; ', 'bpp_1=0.299605; ', 'mse_2=0.001010; ', 'lpips_2=0.002274; ', 'codec_recon_2=0.080178; ', 'bpp_2=0.278149; ']
train step[702/2000] ; used: 14m:6s; eta: 26m:3s; loss = 0.034534; ['mse_0=0.007329; ', 'lpips_0=0.005716; ', 'codec_recon_0=0.021467; ', 'bpp_0=6.195051; ', 'mse_1=0.006948; ', 'lpips_1=0.004575; ', 'codec_recon_1=0.388310; ', 'bpp_1=0.299705; ', 'mse_2=0.006626; ', 'lpips_2=0.003339; ', 'codec_recon_2=0.080499; ', 'bpp_2=0.279142; ']
train step[703/2000] ; used: 14m:7s; eta: 26m:1s; loss = 0.014221; ['mse_0=0.001379; ', 'lpips_0=0.003925; ', 'codec_recon_0=0.025081; ', 'bpp_0=5.910856; ', 'mse_1=0.001226; ', 'lpips_1=0.003381; ', 'codec_recon_1=0.277262; ', 'bpp_1=0.292507; ', 'mse_2=0.001197; ', 'lpips_2=0.003112; ', 'codec_recon_2=0.090717; ', 'bpp_2=0.267084; ']
train step[704/2000] ; used: 14m:8s; eta: 26m; loss = 0.016254; ['mse_0=0.002190; ', 'lpips_0=0.004502; ', 'codec_recon_0=0.021982; ', 'bpp_0=6.225213; ', 'mse_1=0.001711; ', 'lpips_1=0.003480; ', 'codec_recon_1=0.343285; ', 'bpp_1=0.298257; ', 'mse_2=0.001448; ', 'lpips_2=0.002924; ', 'codec_recon_2=0.087217; ', 'bpp_2=0.277468; ']
train step[705/2000] ; used: 14m:9s; eta: 25m:58s; loss = 0.013438; ['mse_0=0.001562; ', 'lpips_0=0.004250; ', 'codec_recon_0=0.018865; ', 'bpp_0=6.261432; ', 'mse_1=0.001210; ', 'lpips_1=0.003391; ', 'codec_recon_1=0.374645; ', 'bpp_1=0.301376; ', 'mse_2=0.000765; ', 'lpips_2=0.002260; ', 'codec_recon_2=0.083643; ', 'bpp_2=0.279946; ']
train step[706/2000] ; used: 14m:10s; eta: 25m:57s; loss = 0.016123; ['mse_0=0.001562; ', 'lpips_0=0.004268; ', 'codec_recon_0=0.024775; ', 'bpp_0=5.973343; ', 'mse_1=0.001422; ', 'lpips_1=0.003802; ', 'codec_recon_1=0.279028; ', 'bpp_1=0.292506; ', 'mse_2=0.001425; ', 'lpips_2=0.003644; ', 'codec_recon_2=0.097150; ', 'bpp_2=0.269123; ']
train step[707/2000] ; used: 14m:11s; eta: 25m:55s; loss = 0.011041; ['mse_0=0.001075; ', 'lpips_0=0.003441; ', 'codec_recon_0=0.020153; ', 'bpp_0=6.051701; ', 'mse_1=0.000872; ', 'lpips_1=0.002707; ', 'codec_recon_1=0.312231; ', 'bpp_1=0.294781; ', 'mse_2=0.000710; ', 'lpips_2=0.002236; ', 'codec_recon_2=0.081502; ', 'bpp_2=0.271619; ']
train step[708/2000] ; used: 14m:13s; eta: 25m:54s; loss = 0.015485; ['mse_0=0.001260; ', 'lpips_0=0.004536; ', 'codec_recon_0=0.020227; ', 'bpp_0=6.134400; ', 'mse_1=0.001095; ', 'lpips_1=0.003954; ', 'codec_recon_1=0.307067; ', 'bpp_1=0.297726; ', 'mse_2=0.000975; ', 'lpips_2=0.003665; ', 'codec_recon_2=0.082661; ', 'bpp_2=0.275768; ']
train step[709/2000] ; used: 14m:14s; eta: 25m:53s; loss = 0.014268; ['mse_0=0.000814; ', 'lpips_0=0.004394; ', 'codec_recon_0=0.019797; ', 'bpp_0=5.904705; ', 'mse_1=0.000670; ', 'lpips_1=0.003994; ', 'codec_recon_1=0.299323; ', 'bpp_1=0.292821; ', 'mse_2=0.000602; ', 'lpips_2=0.003795; ', 'codec_recon_2=0.078381; ', 'bpp_2=0.270260; ']
train step[710/2000] ; used: 14m:15s; eta: 25m:51s; loss = 0.039861; ['mse_0=0.007087; ', 'lpips_0=0.007613; ', 'codec_recon_0=0.020637; ', 'bpp_0=6.315588; ', 'mse_1=0.006406; ', 'lpips_1=0.006787; ', 'codec_recon_1=0.359786; ', 'bpp_1=0.300885; ', 'mse_2=0.006039; ', 'lpips_2=0.005929; ', 'codec_recon_2=0.083288; ', 'bpp_2=0.281949; ']
train step[711/2000] ; used: 14m:16s; eta: 25m:50s; loss = 0.010876; ['mse_0=0.000595; ', 'lpips_0=0.003425; ', 'codec_recon_0=0.024431; ', 'bpp_0=5.918992; ', 'mse_1=0.000518; ', 'lpips_1=0.002996; ', 'codec_recon_1=0.270429; ', 'bpp_1=0.291554; ', 'mse_2=0.000503; ', 'lpips_2=0.002839; ', 'codec_recon_2=0.089390; ', 'bpp_2=0.268424; ']
train step[712/2000] ; used: 14m:17s; eta: 25m:48s; loss = 0.018335; ['mse_0=0.002785; ', 'lpips_0=0.004123; ', 'codec_recon_0=0.021036; ', 'bpp_0=6.220170; ', 'mse_1=0.002529; ', 'lpips_1=0.003481; ', 'codec_recon_1=0.319100; ', 'bpp_1=0.299169; ', 'mse_2=0.002359; ', 'lpips_2=0.003056; ', 'codec_recon_2=0.083114; ', 'bpp_2=0.277563; ']
train step[713/2000] ; used: 14m:18s; eta: 25m:47s; loss = 0.015289; ['mse_0=0.001411; ', 'lpips_0=0.004476; ', 'codec_recon_0=0.029667; ', 'bpp_0=5.876381; ', 'mse_1=0.001197; ', 'lpips_1=0.003743; ', 'codec_recon_1=0.328702; ', 'bpp_1=0.293214; ', 'mse_2=0.001079; ', 'lpips_2=0.003383; ', 'codec_recon_2=0.090068; ', 'bpp_2=0.273517; ']
train step[714/2000] ; used: 14m:19s; eta: 25m:45s; loss = 0.014133; ['mse_0=0.001234; ', 'lpips_0=0.004108; ', 'codec_recon_0=0.020299; ', 'bpp_0=6.025214; ', 'mse_1=0.001088; ', 'lpips_1=0.003507; ', 'codec_recon_1=0.290796; ', 'bpp_1=0.293598; ', 'mse_2=0.001013; ', 'lpips_2=0.003184; ', 'codec_recon_2=0.080518; ', 'bpp_2=0.271297; ']
train step[715/2000] ; used: 14m:20s; eta: 25m:44s; loss = 0.024790; ['mse_0=0.002655; ', 'lpips_0=0.006342; ', 'codec_recon_0=0.022427; ', 'bpp_0=5.949475; ', 'mse_1=0.002382; ', 'lpips_1=0.005665; ', 'codec_recon_1=0.303410; ', 'bpp_1=0.292586; ', 'mse_2=0.002311; ', 'lpips_2=0.005435; ', 'codec_recon_2=0.093690; ', 'bpp_2=0.270368; ']
train step[716/2000] ; used: 14m:21s; eta: 25m:42s; loss = 0.012841; ['mse_0=0.000899; ', 'lpips_0=0.003934; ', 'codec_recon_0=0.020101; ', 'bpp_0=5.888589; ', 'mse_1=0.000760; ', 'lpips_1=0.003377; ', 'codec_recon_1=0.265400; ', 'bpp_1=0.290887; ', 'mse_2=0.000710; ', 'lpips_2=0.003162; ', 'codec_recon_2=0.075927; ', 'bpp_2=0.268685; ']
train step[717/2000] ; used: 14m:22s; eta: 25m:41s; loss = 0.016634; ['mse_0=0.002037; ', 'lpips_0=0.004660; ', 'codec_recon_0=0.019766; ', 'bpp_0=6.185575; ', 'mse_1=0.001757; ', 'lpips_1=0.003719; ', 'codec_recon_1=0.368520; ', 'bpp_1=0.298320; ', 'mse_2=0.001542; ', 'lpips_2=0.002919; ', 'codec_recon_2=0.086999; ', 'bpp_2=0.278729; ']
train step[718/2000] ; used: 14m:23s; eta: 25m:39s; loss = 0.010912; ['mse_0=0.000849; ', 'lpips_0=0.003506; ', 'codec_recon_0=0.020896; ', 'bpp_0=5.941864; ', 'mse_1=0.000695; ', 'lpips_1=0.002831; ', 'codec_recon_1=0.309942; ', 'bpp_1=0.293604; ', 'mse_2=0.000600; ', 'lpips_2=0.002430; ', 'codec_recon_2=0.082182; ', 'bpp_2=0.271548; ']
train step[719/2000] ; used: 14m:24s; eta: 25m:38s; loss = 0.013118; ['mse_0=0.000870; ', 'lpips_0=0.004417; ', 'codec_recon_0=0.018553; ', 'bpp_0=5.921701; ', 'mse_1=0.000649; ', 'lpips_1=0.003741; ', 'codec_recon_1=0.340035; ', 'bpp_1=0.292152; ', 'mse_2=0.000435; ', 'lpips_2=0.003007; ', 'codec_recon_2=0.080737; ', 'bpp_2=0.268310; ']
train step[720/2000] ; used: 14m:26s; eta: 25m:37s; loss = 0.021334; ['mse_0=0.003519; ', 'lpips_0=0.004472; ', 'codec_recon_0=0.022225; ', 'bpp_0=6.040987; ', 'mse_1=0.003179; ', 'lpips_1=0.003801; ', 'codec_recon_1=0.300898; ', 'bpp_1=0.293906; ', 'mse_2=0.003033; ', 'lpips_2=0.003331; ', 'codec_recon_2=0.073615; ', 'bpp_2=0.274411; ']
train step[721/2000] ; used: 14m:27s; eta: 25m:36s; loss = 0.012203; ['mse_0=0.001371; ', 'lpips_0=0.003668; ', 'codec_recon_0=0.018603; ', 'bpp_0=5.954168; ', 'mse_1=0.001088; ', 'lpips_1=0.002945; ', 'codec_recon_1=0.294278; ', 'bpp_1=0.295734; ', 'mse_2=0.000792; ', 'lpips_2=0.002339; ', 'codec_recon_2=0.077518; ', 'bpp_2=0.271243; ']
train step[722/2000] ; used: 14m:28s; eta: 25m:34s; loss = 0.011045; ['mse_0=0.000923; ', 'lpips_0=0.003512; ', 'codec_recon_0=0.021312; ', 'bpp_0=5.898935; ', 'mse_1=0.000696; ', 'lpips_1=0.002897; ', 'codec_recon_1=0.297636; ', 'bpp_1=0.291584; ', 'mse_2=0.000517; ', 'lpips_2=0.002500; ', 'codec_recon_2=0.068766; ', 'bpp_2=0.269889; ']
train step[723/2000] ; used: 14m:29s; eta: 25m:33s; loss = 0.021655; ['mse_0=0.001379; ', 'lpips_0=0.006990; ', 'codec_recon_0=0.019599; ', 'bpp_0=6.048557; ', 'mse_1=0.001093; ', 'lpips_1=0.005908; ', 'codec_recon_1=0.344453; ', 'bpp_1=0.294825; ', 'mse_2=0.001000; ', 'lpips_2=0.005286; ', 'codec_recon_2=0.095915; ', 'bpp_2=0.273250; ']
train step[724/2000] ; used: 14m:30s; eta: 25m:31s; loss = 0.008770; ['mse_0=0.000428; ', 'lpips_0=0.003235; ', 'codec_recon_0=0.019582; ', 'bpp_0=6.034372; ', 'mse_1=0.000316; ', 'lpips_1=0.002569; ', 'codec_recon_1=0.307427; ', 'bpp_1=0.293548; ', 'mse_2=0.000214; ', 'lpips_2=0.002008; ', 'codec_recon_2=0.084579; ', 'bpp_2=0.269847; ']
train step[725/2000] ; used: 14m:31s; eta: 25m:30s; loss = 0.028524; ['mse_0=0.003788; ', 'lpips_0=0.006960; ', 'codec_recon_0=0.022037; ', 'bpp_0=6.176804; ', 'mse_1=0.003214; ', 'lpips_1=0.006100; ', 'codec_recon_1=0.360347; ', 'bpp_1=0.300284; ', 'mse_2=0.002892; ', 'lpips_2=0.005571; ', 'codec_recon_2=0.077960; ', 'bpp_2=0.280983; ']
train step[726/2000] ; used: 14m:32s; eta: 25m:28s; loss = 0.014736; ['mse_0=0.001500; ', 'lpips_0=0.004230; ', 'codec_recon_0=0.020067; ', 'bpp_0=6.159064; ', 'mse_1=0.001258; ', 'lpips_1=0.003679; ', 'codec_recon_1=0.351127; ', 'bpp_1=0.298156; ', 'mse_2=0.001002; ', 'lpips_2=0.003066; ', 'codec_recon_2=0.075044; ', 'bpp_2=0.276953; ']
train step[727/2000] ; used: 14m:33s; eta: 25m:27s; loss = 0.030012; ['mse_0=0.003384; ', 'lpips_0=0.007365; ', 'codec_recon_0=0.021322; ', 'bpp_0=5.899610; ', 'mse_1=0.003017; ', 'lpips_1=0.006732; ', 'codec_recon_1=0.261596; ', 'bpp_1=0.292407; ', 'mse_2=0.002974; ', 'lpips_2=0.006541; ', 'codec_recon_2=0.075733; ', 'bpp_2=0.272183; ']
train step[728/2000] ; used: 14m:34s; eta: 25m:25s; loss = 0.010250; ['mse_0=0.000772; ', 'lpips_0=0.003162; ', 'codec_recon_0=0.023614; ', 'bpp_0=5.913363; ', 'mse_1=0.000617; ', 'lpips_1=0.002703; ', 'codec_recon_1=0.287420; ', 'bpp_1=0.292776; ', 'mse_2=0.000549; ', 'lpips_2=0.002448; ', 'codec_recon_2=0.087650; ', 'bpp_2=0.267414; ']
train step[729/2000] ; used: 14m:35s; eta: 25m:24s; loss = 0.016095; ['mse_0=0.000897; ', 'lpips_0=0.005430; ', 'codec_recon_0=0.020545; ', 'bpp_0=6.102706; ', 'mse_1=0.000727; ', 'lpips_1=0.004471; ', 'codec_recon_1=0.333796; ', 'bpp_1=0.295418; ', 'mse_2=0.000602; ', 'lpips_2=0.003968; ', 'codec_recon_2=0.097768; ', 'bpp_2=0.273665; ']
train step[730/2000] ; used: 14m:36s; eta: 25m:22s; loss = 0.020116; ['mse_0=0.002777; ', 'lpips_0=0.004927; ', 'codec_recon_0=0.019334; ', 'bpp_0=6.216858; ', 'mse_1=0.002444; ', 'lpips_1=0.004272; ', 'codec_recon_1=0.363334; ', 'bpp_1=0.298281; ', 'mse_2=0.002045; ', 'lpips_2=0.003650; ', 'codec_recon_2=0.080382; ', 'bpp_2=0.277984; ']
train step[731/2000] ; used: 14m:37s; eta: 25m:21s; loss = 0.014277; ['mse_0=0.001233; ', 'lpips_0=0.004253; ', 'codec_recon_0=0.019410; ', 'bpp_0=6.144579; ', 'mse_1=0.001034; ', 'lpips_1=0.003576; ', 'codec_recon_1=0.300435; ', 'bpp_1=0.298422; ', 'mse_2=0.000961; ', 'lpips_2=0.003219; ', 'codec_recon_2=0.087136; ', 'bpp_2=0.275653; ']
train step[732/2000] ; used: 14m:38s; eta: 25m:20s; loss = 0.021156; ['mse_0=0.002455; ', 'lpips_0=0.005537; ', 'codec_recon_0=0.021922; ', 'bpp_0=6.133193; ', 'mse_1=0.002187; ', 'lpips_1=0.004779; ', 'codec_recon_1=0.321125; ', 'bpp_1=0.297980; ', 'mse_2=0.002121; ', 'lpips_2=0.004078; ', 'codec_recon_2=0.098802; ', 'bpp_2=0.277019; ']
train step[733/2000] ; used: 14m:39s; eta: 25m:18s; loss = 0.014155; ['mse_0=0.000569; ', 'lpips_0=0.004923; ', 'codec_recon_0=0.020513; ', 'bpp_0=5.956451; ', 'mse_1=0.000415; ', 'lpips_1=0.004117; ', 'codec_recon_1=0.309448; ', 'bpp_1=0.293922; ', 'mse_2=0.000333; ', 'lpips_2=0.003799; ', 'codec_recon_2=0.082529; ', 'bpp_2=0.272403; ']
train step[734/2000] ; used: 14m:40s; eta: 25m:17s; loss = 0.017814; ['mse_0=0.001999; ', 'lpips_0=0.004854; ', 'codec_recon_0=0.020088; ', 'bpp_0=6.203784; ', 'mse_1=0.001727; ', 'lpips_1=0.004183; ', 'codec_recon_1=0.349115; ', 'bpp_1=0.298338; ', 'mse_2=0.001463; ', 'lpips_2=0.003588; ', 'codec_recon_2=0.079630; ', 'bpp_2=0.277826; ']
train step[735/2000] ; used: 14m:41s; eta: 25m:15s; loss = 0.012302; ['mse_0=0.000922; ', 'lpips_0=0.004060; ', 'codec_recon_0=0.020207; ', 'bpp_0=5.685084; ', 'mse_1=0.000695; ', 'lpips_1=0.003307; ', 'codec_recon_1=0.306366; ', 'bpp_1=0.289326; ', 'mse_2=0.000524; ', 'lpips_2=0.002795; ', 'codec_recon_2=0.071546; ', 'bpp_2=0.265112; ']
train step[736/2000] ; used: 14m:42s; eta: 25m:14s; loss = 0.014287; ['mse_0=0.001459; ', 'lpips_0=0.003789; ', 'codec_recon_0=0.019737; ', 'bpp_0=6.004511; ', 'mse_1=0.001355; ', 'lpips_1=0.003268; ', 'codec_recon_1=0.273320; ', 'bpp_1=0.293128; ', 'mse_2=0.001355; ', 'lpips_2=0.003061; ', 'codec_recon_2=0.085384; ', 'bpp_2=0.270250; ']
train step[737/2000] ; used: 14m:43s; eta: 25m:12s; loss = 0.024998; ['mse_0=0.002645; ', 'lpips_0=0.006839; ', 'codec_recon_0=0.021476; ', 'bpp_0=6.131395; ', 'mse_1=0.002364; ', 'lpips_1=0.005925; ', 'codec_recon_1=0.405223; ', 'bpp_1=0.296771; ', 'mse_2=0.002182; ', 'lpips_2=0.005043; ', 'codec_recon_2=0.081556; ', 'bpp_2=0.275826; ']
train step[738/2000] ; used: 14m:44s; eta: 25m:11s; loss = 0.017784; ['mse_0=0.001891; ', 'lpips_0=0.004859; ', 'codec_recon_0=0.020814; ', 'bpp_0=6.167717; ', 'mse_1=0.001715; ', 'lpips_1=0.004230; ', 'codec_recon_1=0.327072; ', 'bpp_1=0.299091; ', 'mse_2=0.001547; ', 'lpips_2=0.003543; ', 'codec_recon_2=0.086440; ', 'bpp_2=0.278673; ']
train step[739/2000] ; used: 14m:45s; eta: 25m:9s; loss = 0.022763; ['mse_0=0.002946; ', 'lpips_0=0.005196; ', 'codec_recon_0=0.022055; ', 'bpp_0=5.939882; ', 'mse_1=0.003097; ', 'lpips_1=0.004504; ', 'codec_recon_1=0.346087; ', 'bpp_1=0.294315; ', 'mse_2=0.002966; ', 'lpips_2=0.004054; ', 'codec_recon_2=0.091243; ', 'bpp_2=0.271280; ']
train step[740/2000] ; used: 14m:46s; eta: 25m:8s; loss = 0.020092; ['mse_0=0.002798; ', 'lpips_0=0.004555; ', 'codec_recon_0=0.019133; ', 'bpp_0=5.974423; ', 'mse_1=0.002577; ', 'lpips_1=0.003931; ', 'codec_recon_1=0.284432; ', 'bpp_1=0.294413; ', 'mse_2=0.002536; ', 'lpips_2=0.003695; ', 'codec_recon_2=0.076266; ', 'bpp_2=0.272335; ']
train step[741/2000] ; used: 14m:48s; eta: 25m:6s; loss = 0.010962; ['mse_0=0.000842; ', 'lpips_0=0.003657; ', 'codec_recon_0=0.020742; ', 'bpp_0=6.071573; ', 'mse_1=0.000654; ', 'lpips_1=0.002841; ', 'codec_recon_1=0.321004; ', 'bpp_1=0.294463; ', 'mse_2=0.000543; ', 'lpips_2=0.002425; ', 'codec_recon_2=0.095145; ', 'bpp_2=0.273315; ']
Skipped bad example 167f974d9ad170b3. Context shape was torch.Size([2, 3, 270, 480]) and target shape was torch.Size([4, 3, 270, 480]).
train step[742/2000] ; used: 14m:49s; eta: 25m:5s; loss = 0.014426; ['mse_0=0.001061; ', 'lpips_0=0.004369; ', 'codec_recon_0=0.022062; ', 'bpp_0=5.916030; ', 'mse_1=0.000875; ', 'lpips_1=0.003781; ', 'codec_recon_1=0.293630; ', 'bpp_1=0.292700; ', 'mse_2=0.000805; ', 'lpips_2=0.003535; ', 'codec_recon_2=0.079800; ', 'bpp_2=0.271047; ']
train step[743/2000] ; used: 14m:50s; eta: 25m:4s; loss = 0.010696; ['mse_0=0.000445; ', 'lpips_0=0.003627; ', 'codec_recon_0=0.020574; ', 'bpp_0=5.791193; ', 'mse_1=0.000362; ', 'lpips_1=0.003089; ', 'codec_recon_1=0.253362; ', 'bpp_1=0.289715; ', 'mse_2=0.000313; ', 'lpips_2=0.002860; ', 'codec_recon_2=0.075107; ', 'bpp_2=0.266704; ']
train step[744/2000] ; used: 14m:51s; eta: 25m:2s; loss = 0.010592; ['mse_0=0.001127; ', 'lpips_0=0.003705; ', 'codec_recon_0=0.020005; ', 'bpp_0=6.153729; ', 'mse_1=0.000814; ', 'lpips_1=0.002744; ', 'codec_recon_1=0.365620; ', 'bpp_1=0.297983; ', 'mse_2=0.000436; ', 'lpips_2=0.001765; ', 'codec_recon_2=0.078402; ', 'bpp_2=0.278317; ']
train step[745/2000] ; used: 14m:52s; eta: 25m:1s; loss = 0.015278; ['mse_0=0.001726; ', 'lpips_0=0.004146; ', 'codec_recon_0=0.017841; ', 'bpp_0=6.124864; ', 'mse_1=0.001526; ', 'lpips_1=0.003464; ', 'codec_recon_1=0.302809; ', 'bpp_1=0.297345; ', 'mse_2=0.001431; ', 'lpips_2=0.002985; ', 'codec_recon_2=0.082173; ', 'bpp_2=0.275086; ']
train step[746/2000] ; used: 14m:53s; eta: 24m:59s; loss = 0.024145; ['mse_0=0.004119; ', 'lpips_0=0.004906; ', 'codec_recon_0=0.019319; ', 'bpp_0=6.183881; ', 'mse_1=0.003978; ', 'lpips_1=0.004009; ', 'codec_recon_1=0.366509; ', 'bpp_1=0.297906; ', 'mse_2=0.003938; ', 'lpips_2=0.003194; ', 'codec_recon_2=0.087009; ', 'bpp_2=0.278857; ']
train step[747/2000] ; used: 14m:54s; eta: 24m:58s; loss = 0.021767; ['mse_0=0.003357; ', 'lpips_0=0.004849; ', 'codec_recon_0=0.018641; ', 'bpp_0=6.067897; ', 'mse_1=0.002876; ', 'lpips_1=0.004164; ', 'codec_recon_1=0.301759; ', 'bpp_1=0.297108; ', 'mse_2=0.002750; ', 'lpips_2=0.003771; ', 'codec_recon_2=0.071274; ', 'bpp_2=0.276129; ']
train step[748/2000] ; used: 14m:55s; eta: 24m:56s; loss = 0.018866; ['mse_0=0.002796; ', 'lpips_0=0.004960; ', 'codec_recon_0=0.019488; ', 'bpp_0=6.275963; ', 'mse_1=0.002325; ', 'lpips_1=0.004018; ', 'codec_recon_1=0.358203; ', 'bpp_1=0.301223; ', 'mse_2=0.001838; ', 'lpips_2=0.002930; ', 'codec_recon_2=0.081109; ', 'bpp_2=0.281477; ']
train step[749/2000] ; used: 14m:56s; eta: 24m:55s; loss = 0.011222; ['mse_0=0.001074; ', 'lpips_0=0.003538; ', 'codec_recon_0=0.018931; ', 'bpp_0=6.197747; ', 'mse_1=0.000814; ', 'lpips_1=0.002797; ', 'codec_recon_1=0.318161; ', 'bpp_1=0.299431; ', 'mse_2=0.000688; ', 'lpips_2=0.002312; ', 'codec_recon_2=0.087522; ', 'bpp_2=0.277597; ']
validation step on 750 1/100; scene = ['5aca87f95a9412c6']; context = [[58, 133]]
validation step on 750 2/100; scene = ['bc95e5c7e357f1b7']; context = [[35, 91]]
validation step on 750 3/100; scene = ['34b0658a5c200cdf']; context = [[0, 70]]
validation step on 750 4/100; scene = ['28e8300e004ab30b']; context = [[3, 68]]
validation step on 750 5/100; scene = ['6558c5f10d45a929']; context = [[43, 160]]
validation step on 750 6/100; scene = ['89ea49cd9865aeff']; context = [[31, 81]]
validation step on 750 7/100; scene = ['ed477bdf8582adff']; context = [[40, 85]]
validation step on 750 8/100; scene = ['57d3409bf04c4651']; context = [[0, 45]]
validation step on 750 9/100; scene = ['aadc1e2dc74fd644']; context = [[2, 52]]
validation step on 750 10/100; scene = ['cd74b1244d112628']; context = [[63, 110]]
validation step on 750 11/100; scene = ['57d25dafabb5a238']; context = [[32, 104]]
validation step on 750 12/100; scene = ['e4f4574df7938f37']; context = [[0, 115]]
validation step on 750 13/100; scene = ['20d86cff490c0c42']; context = [[18, 69]]
validation step on 750 14/100; scene = ['0c4c5d5f751aabf5']; context = [[12, 57]]
validation step on 750 15/100; scene = ['fea544b472e9abd1']; context = [[12, 93]]
validation step on 750 16/100; scene = ['656381bea665bf3d']; context = [[27, 75]]
validation step on 750 17/100; scene = ['322261824c4a3003']; context = [[33, 78]]
validation step on 750 18/100; scene = ['f7c0fa5b81552d35']; context = [[11, 64]]
validation step on 750 19/100; scene = ['a56ba2efb5e3fdd9']; context = [[33, 92]]
validation step on 750 20/100; scene = ['c48f19e2ffa52523']; context = [[195, 264]]
validation step on 750 21/100; scene = ['1214f2a11a9fc1ed']; context = [[103, 215]]
validation step on 750 22/100; scene = ['a9b3ff60b213e099']; context = [[32, 96]]
validation step on 750 23/100; scene = ['a6fa92e8204f6118']; context = [[2, 66]]
validation step on 750 24/100; scene = ['21e794f71e31becb']; context = [[72, 180]]
validation step on 750 25/100; scene = ['f7d916b43193c181']; context = [[7, 61]]
validation step on 750 26/100; scene = ['84ab392d682f296b']; context = [[43, 120]]
validation step on 750 27/100; scene = ['6771a51bf0cfce7f']; context = [[152, 199]]
validation step on 750 28/100; scene = ['17d9303ee77c3a3d']; context = [[17, 63]]
validation step on 750 29/100; scene = ['ffa95c3b40609c76']; context = [[120, 213]]
validation step on 750 30/100; scene = ['a47b88040452d7d9']; context = [[35, 97]]
validation step on 750 31/100; scene = ['0d4de33c6888a754']; context = [[2, 57]]
validation step on 750 32/100; scene = ['41bcd011f99bfb66']; context = [[4, 50]]
validation step on 750 33/100; scene = ['67a69088a2695987']; context = [[6, 86]]
validation step on 750 34/100; scene = ['b4099665590548fc']; context = [[23, 74]]
validation step on 750 35/100; scene = ['9e2a8cc5f32dd46b']; context = [[75, 151]]
validation step on 750 36/100; scene = ['2e109379f53bb221']; context = [[35, 108]]
validation step on 750 37/100; scene = ['8adebbb68f2c3f84']; context = [[72, 131]]
validation step on 750 38/100; scene = ['29e0bfbad00f0d5e']; context = [[8, 100]]
validation step on 750 39/100; scene = ['debc3490ba0bd84b']; context = [[34, 81]]
validation step on 750 40/100; scene = ['7c7bc5285126e6ad']; context = [[64, 126]]
validation step on 750 41/100; scene = ['cdf439b17a6a98d4']; context = [[31, 77]]
validation step on 750 42/100; scene = ['cb38d67088b66084']; context = [[49, 106]]
validation step on 750 43/100; scene = ['2da2eeb966bc0ef8']; context = [[30, 94]]
validation step on 750 44/100; scene = ['bb4d7012261ee0ed']; context = [[0, 46]]
validation step on 750 45/100; scene = ['9e1f1beb4ba8e5da']; context = [[9, 73]]
validation step on 750 46/100; scene = ['26b31d71789bffad']; context = [[3, 57]]
validation step on 750 47/100; scene = ['41abd737e0228c1a']; context = [[81, 127]]
validation step on 750 48/100; scene = ['ed0c2aca14b99efa']; context = [[62, 119]]
validation step on 750 49/100; scene = ['8d5163de9ea4d851']; context = [[39, 85]]
validation step on 750 50/100; scene = ['81be42df6ccae760']; context = [[13, 107]]
validation step on 750 51/100; scene = ['6fe141ec9be1a432']; context = [[12, 73]]
validation step on 750 52/100; scene = ['3b6d8db52c54b174']; context = [[0, 80]]
validation step on 750 53/100; scene = ['3087828bc27bc4c7']; context = [[15, 96]]
validation step on 750 54/100; scene = ['e124dfa7e996a414']; context = [[48, 93]]
validation step on 750 55/100; scene = ['e1afd89a69ee6947']; context = [[34, 113]]
validation step on 750 56/100; scene = ['79ce50fb7b021e1d']; context = [[212, 278]]
validation step on 750 57/100; scene = ['358bdee988c269ef']; context = [[3, 95]]
validation step on 750 58/100; scene = ['f14791aec34dbdcd']; context = [[5, 59]]
validation step on 750 59/100; scene = ['0c52996355b23d76']; context = [[51, 111]]
validation step on 750 60/100; scene = ['62bcb465bb03d34f']; context = [[6, 84]]
validation step on 750 61/100; scene = ['1f0e06e4388dd600']; context = [[44, 96]]
validation step on 750 62/100; scene = ['c9c30723d7c54793']; context = [[152, 247]]
validation step on 750 63/100; scene = ['8b212f2755d955ec']; context = [[40, 110]]
validation step on 750 64/100; scene = ['de67e3a0b0648cfe']; context = [[16, 72]]
validation step on 750 65/100; scene = ['54841308aff91857']; context = [[27, 86]]
validation step on 750 66/100; scene = ['40ca76de44a6e1a9']; context = [[43, 107]]
validation step on 750 67/100; scene = ['bc143130c1842e4b']; context = [[29, 133]]
validation step on 750 68/100; scene = ['912177dbf0a1ed6c']; context = [[3, 60]]
validation step on 750 69/100; scene = ['afe4e799a94e06b3']; context = [[54, 150]]
validation step on 750 70/100; scene = ['17f552ef56d85c55']; context = [[20, 86]]
validation step on 750 71/100; scene = ['a7c691c210154b09']; context = [[0, 50]]
validation step on 750 72/100; scene = ['9490f1219dbbb6ce']; context = [[17, 72]]
validation step on 750 73/100; scene = ['154365ab5a4e067b']; context = [[2, 48]]
validation step on 750 74/100; scene = ['ab4c269f8d523d02']; context = [[18, 72]]
validation step on 750 75/100; scene = ['75d475e9558ab806']; context = [[1, 46]]
validation step on 750 76/100; scene = ['fdaab1f49851782c']; context = [[31, 142]]
validation step on 750 77/100; scene = ['2d4efa3897a4ba2d']; context = [[4, 58]]
validation step on 750 78/100; scene = ['14f477e7d5af5b91']; context = [[17, 72]]
validation step on 750 79/100; scene = ['de45926738229f67']; context = [[22, 84]]
validation step on 750 80/100; scene = ['5c909c802eb6edb1']; context = [[13, 78]]
validation step on 750 81/100; scene = ['aa91dfdd5f4ad32b']; context = [[8, 57]]
validation step on 750 82/100; scene = ['88d9ba3324f2ec21']; context = [[2, 49]]
validation step on 750 83/100; scene = ['622ef98e83ed5239']; context = [[3, 66]]
validation step on 750 84/100; scene = ['30fc5fc78c5a716e']; context = [[151, 210]]
validation step on 750 85/100; scene = ['8b760ac05c93a6bb']; context = [[26, 72]]
validation step on 750 86/100; scene = ['800ea72b6988f63e']; context = [[141, 190]]
validation step on 750 87/100; scene = ['674dabef8f53b566']; context = [[9, 91]]
validation step on 750 88/100; scene = ['d3a01038c5f21473']; context = [[139, 273]]
validation step on 750 89/100; scene = ['3e5f747d06bc84a3']; context = [[85, 190]]
validation step on 750 90/100; scene = ['bb6fa5bdafc14e8c']; context = [[43, 139]]
validation step on 750 91/100; scene = ['052430ff6e2c07c4']; context = [[19, 92]]
validation step on 750 92/100; scene = ['0588138dfec165a1']; context = [[70, 160]]
validation step on 750 93/100; scene = ['e4bcb18fa6aa91be']; context = [[32, 79]]
validation step on 750 94/100; scene = ['4c4fa41951e37e78']; context = [[8, 60]]
validation step on 750 95/100; scene = ['252a24d25a1ea81d']; context = [[198, 263]]
validation step on 750 96/100; scene = ['214df1c2863d2959']; context = [[45, 96]]
validation step on 750 97/100; scene = ['bfd27ad72975e120']; context = [[8, 55]]
validation step on 750 98/100; scene = ['572acd18419c3456']; context = [[3, 62]]
validation step on 750 99/100; scene = ['b26e6c80d283c4c8']; context = [[46, 92]]
validation step on 750 100/100; scene = ['10c8e54590f715f7']; context = [[6, 76]]
train step[750/2000] ; used: 15m:52s; eta: 26m:25s; loss = 0.023564; ['mse_0=0.001583; ', 'lpips_0=0.006768; ', 'codec_recon_0=0.024533; ', 'bpp_0=5.893878; ', 'mse_1=0.001598; ', 'lpips_1=0.006172; ', 'codec_recon_1=0.279524; ', 'bpp_1=0.292618; ', 'mse_2=0.001564; ', 'lpips_2=0.005878; ', 'codec_recon_2=0.085164; ', 'bpp_2=0.272928; ']
train step[751/2000] ; used: 15m:53s; eta: 26m:24s; loss = 0.012190; ['mse_0=0.000783; ', 'lpips_0=0.004077; ', 'codec_recon_0=0.021901; ', 'bpp_0=6.140116; ', 'mse_1=0.000592; ', 'lpips_1=0.003332; ', 'codec_recon_1=0.297580; ', 'bpp_1=0.297147; ', 'mse_2=0.000500; ', 'lpips_2=0.002906; ', 'codec_recon_2=0.090041; ', 'bpp_2=0.274229; ']
train step[752/2000] ; used: 15m:54s; eta: 26m:22s; loss = 0.022344; ['mse_0=0.003179; ', 'lpips_0=0.005024; ', 'codec_recon_0=0.021922; ', 'bpp_0=5.936149; ', 'mse_1=0.002842; ', 'lpips_1=0.004378; ', 'codec_recon_1=0.286704; ', 'bpp_1=0.292873; ', 'mse_2=0.002844; ', 'lpips_2=0.004076; ', 'codec_recon_2=0.084313; ', 'bpp_2=0.270935; ']
train step[753/2000] ; used: 15m:55s; eta: 26m:20s; loss = 0.012794; ['mse_0=0.001421; ', 'lpips_0=0.003650; ', 'codec_recon_0=0.021879; ', 'bpp_0=5.995541; ', 'mse_1=0.001078; ', 'lpips_1=0.003023; ', 'codec_recon_1=0.275021; ', 'bpp_1=0.293763; ', 'mse_2=0.000950; ', 'lpips_2=0.002672; ', 'codec_recon_2=0.079555; ', 'bpp_2=0.272482; ']
train step[754/2000] ; used: 15m:56s; eta: 26m:19s; loss = 0.012051; ['mse_0=0.001203; ', 'lpips_0=0.003574; ', 'codec_recon_0=0.022195; ', 'bpp_0=6.055500; ', 'mse_1=0.000937; ', 'lpips_1=0.002944; ', 'codec_recon_1=0.306156; ', 'bpp_1=0.295178; ', 'mse_2=0.000860; ', 'lpips_2=0.002533; ', 'codec_recon_2=0.090756; ', 'bpp_2=0.273756; ']
train step[755/2000] ; used: 15m:58s; eta: 26m:17s; loss = 0.011620; ['mse_0=0.000742; ', 'lpips_0=0.003587; ', 'codec_recon_0=0.024519; ', 'bpp_0=5.798704; ', 'mse_1=0.000658; ', 'lpips_1=0.003076; ', 'codec_recon_1=0.274176; ', 'bpp_1=0.289285; ', 'mse_2=0.000636; ', 'lpips_2=0.002921; ', 'codec_recon_2=0.090571; ', 'bpp_2=0.266313; ']
train step[756/2000] ; used: 15m:59s; eta: 26m:16s; loss = 0.014344; ['mse_0=0.001288; ', 'lpips_0=0.004931; ', 'codec_recon_0=0.022999; ', 'bpp_0=6.085448; ', 'mse_1=0.000921; ', 'lpips_1=0.003796; ', 'codec_recon_1=0.344389; ', 'bpp_1=0.297757; ', 'mse_2=0.000660; ', 'lpips_2=0.002749; ', 'codec_recon_2=0.092969; ', 'bpp_2=0.277795; ']
train step[757/2000] ; used: 16m; eta: 26m:14s; loss = 0.012418; ['mse_0=0.000876; ', 'lpips_0=0.004089; ', 'codec_recon_0=0.021954; ', 'bpp_0=6.102491; ', 'mse_1=0.000657; ', 'lpips_1=0.003296; ', 'codec_recon_1=0.296498; ', 'bpp_1=0.295975; ', 'mse_2=0.000552; ', 'lpips_2=0.002948; ', 'codec_recon_2=0.081437; ', 'bpp_2=0.276376; ']
train step[758/2000] ; used: 16m:1s; eta: 26m:12s; loss = 0.022985; ['mse_0=0.003534; ', 'lpips_0=0.004520; ', 'codec_recon_0=0.018617; ', 'bpp_0=6.036282; ', 'mse_1=0.003448; ', 'lpips_1=0.004115; ', 'codec_recon_1=0.259786; ', 'bpp_1=0.292873; ', 'mse_2=0.003419; ', 'lpips_2=0.003950; ', 'codec_recon_2=0.079189; ', 'bpp_2=0.269871; ']
train step[759/2000] ; used: 16m:2s; eta: 26m:11s; loss = 0.011564; ['mse_0=0.000855; ', 'lpips_0=0.003665; ', 'codec_recon_0=0.021304; ', 'bpp_0=6.009565; ', 'mse_1=0.000689; ', 'lpips_1=0.003017; ', 'codec_recon_1=0.271400; ', 'bpp_1=0.294237; ', 'mse_2=0.000629; ', 'lpips_2=0.002709; ', 'codec_recon_2=0.080545; ', 'bpp_2=0.272090; ']
train step[760/2000] ; used: 16m:3s; eta: 26m:9s; loss = 0.020886; ['mse_0=0.002118; ', 'lpips_0=0.005624; ', 'codec_recon_0=0.020132; ', 'bpp_0=5.990658; ', 'mse_1=0.001724; ', 'lpips_1=0.004991; ', 'codec_recon_1=0.274892; ', 'bpp_1=0.294399; ', 'mse_2=0.001657; ', 'lpips_2=0.004772; ', 'codec_recon_2=0.076405; ', 'bpp_2=0.271912; ']
train step[761/2000] ; used: 16m:4s; eta: 26m:7s; loss = 0.011494; ['mse_0=0.000997; ', 'lpips_0=0.003666; ', 'codec_recon_0=0.018468; ', 'bpp_0=6.006126; ', 'mse_1=0.000815; ', 'lpips_1=0.002862; ', 'codec_recon_1=0.275844; ', 'bpp_1=0.295093; ', 'mse_2=0.000712; ', 'lpips_2=0.002443; ', 'codec_recon_2=0.081796; ', 'bpp_2=0.273672; ']
train step[762/2000] ; used: 16m:5s; eta: 26m:6s; loss = 0.015995; ['mse_0=0.001804; ', 'lpips_0=0.004261; ', 'codec_recon_0=0.018672; ', 'bpp_0=6.000152; ', 'mse_1=0.001549; ', 'lpips_1=0.003605; ', 'codec_recon_1=0.267860; ', 'bpp_1=0.294341; ', 'mse_2=0.001461; ', 'lpips_2=0.003315; ', 'codec_recon_2=0.074097; ', 'bpp_2=0.271881; ']
train step[763/2000] ; used: 16m:6s; eta: 26m:4s; loss = 0.016767; ['mse_0=0.001145; ', 'lpips_0=0.005144; ', 'codec_recon_0=0.020454; ', 'bpp_0=5.859992; ', 'mse_1=0.000963; ', 'lpips_1=0.004528; ', 'codec_recon_1=0.284275; ', 'bpp_1=0.290466; ', 'mse_2=0.000881; ', 'lpips_2=0.004107; ', 'codec_recon_2=0.080126; ', 'bpp_2=0.268025; ']
train step[764/2000] ; used: 16m:7s; eta: 26m:3s; loss = 0.012881; ['mse_0=0.001161; ', 'lpips_0=0.003741; ', 'codec_recon_0=0.023396; ', 'bpp_0=6.059405; ', 'mse_1=0.000990; ', 'lpips_1=0.003219; ', 'codec_recon_1=0.270803; ', 'bpp_1=0.295108; ', 'mse_2=0.000911; ', 'lpips_2=0.002859; ', 'codec_recon_2=0.081983; ', 'bpp_2=0.273029; ']
train step[765/2000] ; used: 16m:8s; eta: 26m:1s; loss = 0.012552; ['mse_0=0.001046; ', 'lpips_0=0.004315; ', 'codec_recon_0=0.017895; ', 'bpp_0=6.306853; ', 'mse_1=0.000719; ', 'lpips_1=0.003383; ', 'codec_recon_1=0.357269; ', 'bpp_1=0.301794; ', 'mse_2=0.000495; ', 'lpips_2=0.002595; ', 'codec_recon_2=0.087545; ', 'bpp_2=0.282392; ']
train step[766/2000] ; used: 16m:10s; eta: 26m; loss = 0.010798; ['mse_0=0.000287; ', 'lpips_0=0.003734; ', 'codec_recon_0=0.022958; ', 'bpp_0=5.891202; ', 'mse_1=0.000228; ', 'lpips_1=0.003238; ', 'codec_recon_1=0.280285; ', 'bpp_1=0.288674; ', 'mse_2=0.000217; ', 'lpips_2=0.003093; ', 'codec_recon_2=0.088037; ', 'bpp_2=0.267288; ']
train step[767/2000] ; used: 16m:11s; eta: 25m:59s; loss = 0.021853; ['mse_0=0.002592; ', 'lpips_0=0.005584; ', 'codec_recon_0=0.020811; ', 'bpp_0=5.900891; ', 'mse_1=0.002380; ', 'lpips_1=0.004755; ', 'codec_recon_1=0.334514; ', 'bpp_1=0.293793; ', 'mse_2=0.002326; ', 'lpips_2=0.004216; ', 'codec_recon_2=0.082785; ', 'bpp_2=0.272674; ']
train step[768/2000] ; used: 16m:12s; eta: 25m:57s; loss = 0.007262; ['mse_0=0.000415; ', 'lpips_0=0.002758; ', 'codec_recon_0=0.020392; ', 'bpp_0=5.965802; ', 'mse_1=0.000293; ', 'lpips_1=0.002031; ', 'codec_recon_1=0.321987; ', 'bpp_1=0.293647; ', 'mse_2=0.000191; ', 'lpips_2=0.001574; ', 'codec_recon_2=0.085690; ', 'bpp_2=0.268513; ']
train step[769/2000] ; used: 16m:13s; eta: 25m:56s; loss = 0.029476; ['mse_0=0.003535; ', 'lpips_0=0.008215; ', 'codec_recon_0=0.021450; ', 'bpp_0=6.318184; ', 'mse_1=0.003054; ', 'lpips_1=0.007064; ', 'codec_recon_1=0.438342; ', 'bpp_1=0.301809; ', 'mse_2=0.002385; ', 'lpips_2=0.005222; ', 'codec_recon_2=0.087190; ', 'bpp_2=0.285642; ']
train step[770/2000] ; used: 16m:14s; eta: 25m:54s; loss = 0.018131; ['mse_0=0.001823; ', 'lpips_0=0.005221; ', 'codec_recon_0=0.020740; ', 'bpp_0=6.259877; ', 'mse_1=0.001610; ', 'lpips_1=0.004386; ', 'codec_recon_1=0.373098; ', 'bpp_1=0.299401; ', 'mse_2=0.001407; ', 'lpips_2=0.003684; ', 'codec_recon_2=0.089240; ', 'bpp_2=0.279177; ']
train step[771/2000] ; used: 16m:15s; eta: 25m:52s; loss = 0.096689; ['mse_0=0.020378; ', 'lpips_0=0.012289; ', 'codec_recon_0=0.028883; ', 'bpp_0=5.789120; ', 'mse_1=0.020621; ', 'lpips_1=0.011490; ', 'codec_recon_1=0.278043; ', 'bpp_1=0.292645; ', 'mse_2=0.020572; ', 'lpips_2=0.011340; ', 'codec_recon_2=0.073533; ', 'bpp_2=0.272681; ']
train step[772/2000] ; used: 16m:16s; eta: 25m:51s; loss = 0.009787; ['mse_0=0.000781; ', 'lpips_0=0.003424; ', 'codec_recon_0=0.019515; ', 'bpp_0=6.233232; ', 'mse_1=0.000554; ', 'lpips_1=0.002587; ', 'codec_recon_1=0.335328; ', 'bpp_1=0.300295; ', 'mse_2=0.000407; ', 'lpips_2=0.002035; ', 'codec_recon_2=0.085954; ', 'bpp_2=0.279002; ']
train step[773/2000] ; used: 16m:17s; eta: 25m:49s; loss = 0.024474; ['mse_0=0.003111; ', 'lpips_0=0.006343; ', 'codec_recon_0=0.019429; ', 'bpp_0=6.167965; ', 'mse_1=0.002548; ', 'lpips_1=0.005590; ', 'codec_recon_1=0.380661; ', 'bpp_1=0.300045; ', 'mse_2=0.002185; ', 'lpips_2=0.004697; ', 'codec_recon_2=0.081095; ', 'bpp_2=0.282399; ']
train step[774/2000] ; used: 16m:18s; eta: 25m:47s; loss = 0.064365; ['mse_0=0.012381; ', 'lpips_0=0.009727; ', 'codec_recon_0=0.026579; ', 'bpp_0=6.157962; ', 'mse_1=0.012177; ', 'lpips_1=0.009015; ', 'codec_recon_1=0.367883; ', 'bpp_1=0.296668; ', 'mse_2=0.012361; ', 'lpips_2=0.008704; ', 'codec_recon_2=0.110732; ', 'bpp_2=0.274002; ']
train step[775/2000] ; used: 16m:19s; eta: 25m:46s; loss = 0.018620; ['mse_0=0.001843; ', 'lpips_0=0.005663; ', 'codec_recon_0=0.022057; ', 'bpp_0=5.933906; ', 'mse_1=0.001536; ', 'lpips_1=0.004741; ', 'codec_recon_1=0.404536; ', 'bpp_1=0.291708; ', 'mse_2=0.001133; ', 'lpips_2=0.003704; ', 'codec_recon_2=0.094739; ', 'bpp_2=0.271807; ']
train step[776/2000] ; used: 16m:20s; eta: 25m:44s; loss = 0.014760; ['mse_0=0.001388; ', 'lpips_0=0.004274; ', 'codec_recon_0=0.022417; ', 'bpp_0=6.123961; ', 'mse_1=0.001188; ', 'lpips_1=0.003657; ', 'codec_recon_1=0.320591; ', 'bpp_1=0.296289; ', 'mse_2=0.001066; ', 'lpips_2=0.003187; ', 'codec_recon_2=0.091809; ', 'bpp_2=0.274964; ']
train step[777/2000] ; used: 16m:21s; eta: 25m:43s; loss = 0.013965; ['mse_0=0.001009; ', 'lpips_0=0.004877; ', 'codec_recon_0=0.022077; ', 'bpp_0=6.184258; ', 'mse_1=0.000755; ', 'lpips_1=0.003925; ', 'codec_recon_1=0.394559; ', 'bpp_1=0.298019; ', 'mse_2=0.000524; ', 'lpips_2=0.002875; ', 'codec_recon_2=0.093673; ', 'bpp_2=0.278908; ']
train step[778/2000] ; used: 16m:22s; eta: 25m:41s; loss = 0.054893; ['mse_0=0.010640; ', 'lpips_0=0.009419; ', 'codec_recon_0=0.020669; ', 'bpp_0=6.145662; ', 'mse_1=0.009222; ', 'lpips_1=0.008480; ', 'codec_recon_1=0.316875; ', 'bpp_1=0.296731; ', 'mse_2=0.009000; ', 'lpips_2=0.008132; ', 'codec_recon_2=0.078712; ', 'bpp_2=0.275320; ']
train step[779/2000] ; used: 16m:23s; eta: 25m:39s; loss = 0.010413; ['mse_0=0.000381; ', 'lpips_0=0.003725; ', 'codec_recon_0=0.019306; ', 'bpp_0=5.987191; ', 'mse_1=0.000295; ', 'lpips_1=0.003089; ', 'codec_recon_1=0.301497; ', 'bpp_1=0.292101; ', 'mse_2=0.000226; ', 'lpips_2=0.002697; ', 'codec_recon_2=0.084029; ', 'bpp_2=0.266634; ']
train step[780/2000] ; used: 16m:24s; eta: 25m:38s; loss = 0.013719; ['mse_0=0.001221; ', 'lpips_0=0.004011; ', 'codec_recon_0=0.020345; ', 'bpp_0=6.034140; ', 'mse_1=0.001017; ', 'lpips_1=0.003437; ', 'codec_recon_1=0.306924; ', 'bpp_1=0.294156; ', 'mse_2=0.000938; ', 'lpips_2=0.003094; ', 'codec_recon_2=0.084712; ', 'bpp_2=0.271165; ']
train step[781/2000] ; used: 16m:25s; eta: 25m:36s; loss = 0.029363; ['mse_0=0.005549; ', 'lpips_0=0.004948; ', 'codec_recon_0=0.025583; ', 'bpp_0=6.048805; ', 'mse_1=0.005182; ', 'lpips_1=0.004465; ', 'codec_recon_1=0.349725; ', 'bpp_1=0.295740; ', 'mse_2=0.005238; ', 'lpips_2=0.003981; ', 'codec_recon_2=0.079617; ', 'bpp_2=0.273919; ']
train step[782/2000] ; used: 16m:26s; eta: 25m:35s; loss = 0.009440; ['mse_0=0.001079; ', 'lpips_0=0.002986; ', 'codec_recon_0=0.018317; ', 'bpp_0=6.193676; ', 'mse_1=0.000764; ', 'lpips_1=0.002269; ', 'codec_recon_1=0.308589; ', 'bpp_1=0.300587; ', 'mse_2=0.000567; ', 'lpips_2=0.001776; ', 'codec_recon_2=0.073716; ', 'bpp_2=0.279447; ']
train step[783/2000] ; used: 16m:27s; eta: 25m:33s; loss = 0.025073; ['mse_0=0.002364; ', 'lpips_0=0.006521; ', 'codec_recon_0=0.024949; ', 'bpp_0=5.930239; ', 'mse_1=0.002268; ', 'lpips_1=0.005933; ', 'codec_recon_1=0.304351; ', 'bpp_1=0.292482; ', 'mse_2=0.002283; ', 'lpips_2=0.005706; ', 'codec_recon_2=0.091015; ', 'bpp_2=0.269201; ']
train step[784/2000] ; used: 16m:28s; eta: 25m:31s; loss = 0.012486; ['mse_0=0.000892; ', 'lpips_0=0.003890; ', 'codec_recon_0=0.020468; ', 'bpp_0=5.881486; ', 'mse_1=0.000750; ', 'lpips_1=0.003328; ', 'codec_recon_1=0.299912; ', 'bpp_1=0.291019; ', 'mse_2=0.000651; ', 'lpips_2=0.002976; ', 'codec_recon_2=0.079716; ', 'bpp_2=0.268529; ']
train step[785/2000] ; used: 16m:29s; eta: 25m:30s; loss = 0.015395; ['mse_0=0.001430; ', 'lpips_0=0.004349; ', 'codec_recon_0=0.019229; ', 'bpp_0=6.066881; ', 'mse_1=0.001187; ', 'lpips_1=0.003790; ', 'codec_recon_1=0.281222; ', 'bpp_1=0.294685; ', 'mse_2=0.001150; ', 'lpips_2=0.003490; ', 'codec_recon_2=0.079913; ', 'bpp_2=0.272707; ']
train step[786/2000] ; used: 16m:30s; eta: 25m:28s; loss = 0.014846; ['mse_0=0.001061; ', 'lpips_0=0.004625; ', 'codec_recon_0=0.020877; ', 'bpp_0=5.882260; ', 'mse_1=0.000868; ', 'lpips_1=0.004025; ', 'codec_recon_1=0.348081; ', 'bpp_1=0.292395; ', 'mse_2=0.000685; ', 'lpips_2=0.003582; ', 'codec_recon_2=0.088256; ', 'bpp_2=0.267425; ']
train step[787/2000] ; used: 16m:31s; eta: 25m:26s; loss = 0.023733; ['mse_0=0.002799; ', 'lpips_0=0.006169; ', 'codec_recon_0=0.019650; ', 'bpp_0=6.211034; ', 'mse_1=0.002325; ', 'lpips_1=0.005471; ', 'codec_recon_1=0.364544; ', 'bpp_1=0.300144; ', 'mse_2=0.002125; ', 'lpips_2=0.004844; ', 'codec_recon_2=0.086996; ', 'bpp_2=0.281002; ']
train step[788/2000] ; used: 16m:33s; eta: 25m:25s; loss = 0.012197; ['mse_0=0.000791; ', 'lpips_0=0.003921; ', 'codec_recon_0=0.022263; ', 'bpp_0=6.038305; ', 'mse_1=0.000630; ', 'lpips_1=0.003297; ', 'codec_recon_1=0.299136; ', 'bpp_1=0.294875; ', 'mse_2=0.000567; ', 'lpips_2=0.002992; ', 'codec_recon_2=0.084409; ', 'bpp_2=0.270525; ']
train step[789/2000] ; used: 16m:34s; eta: 25m:23s; loss = 0.012089; ['mse_0=0.000625; ', 'lpips_0=0.003916; ', 'codec_recon_0=0.021758; ', 'bpp_0=6.054426; ', 'mse_1=0.000516; ', 'lpips_1=0.003385; ', 'codec_recon_1=0.268265; ', 'bpp_1=0.292640; ', 'mse_2=0.000446; ', 'lpips_2=0.003201; ', 'codec_recon_2=0.091755; ', 'bpp_2=0.269187; ']
train step[790/2000] ; used: 16m:35s; eta: 25m:22s; loss = 0.018021; ['mse_0=0.001391; ', 'lpips_0=0.005413; ', 'codec_recon_0=0.019462; ', 'bpp_0=6.120642; ', 'mse_1=0.001183; ', 'lpips_1=0.004700; ', 'codec_recon_1=0.327232; ', 'bpp_1=0.295896; ', 'mse_2=0.001097; ', 'lpips_2=0.004236; ', 'codec_recon_2=0.088486; ', 'bpp_2=0.275478; ']
train step[791/2000] ; used: 16m:36s; eta: 25m:20s; loss = 0.008943; ['mse_0=0.000529; ', 'lpips_0=0.003087; ', 'codec_recon_0=0.018380; ', 'bpp_0=6.023621; ', 'mse_1=0.000379; ', 'lpips_1=0.002495; ', 'codec_recon_1=0.291384; ', 'bpp_1=0.294904; ', 'mse_2=0.000290; ', 'lpips_2=0.002163; ', 'codec_recon_2=0.082919; ', 'bpp_2=0.271223; ']
train step[792/2000] ; used: 16m:37s; eta: 25m:19s; loss = 0.013885; ['mse_0=0.001573; ', 'lpips_0=0.003870; ', 'codec_recon_0=0.019857; ', 'bpp_0=6.012096; ', 'mse_1=0.001255; ', 'lpips_1=0.003199; ', 'codec_recon_1=0.293856; ', 'bpp_1=0.295286; ', 'mse_2=0.001096; ', 'lpips_2=0.002892; ', 'codec_recon_2=0.075491; ', 'bpp_2=0.271962; ']
train step[793/2000] ; used: 16m:38s; eta: 25m:17s; loss = 0.011779; ['mse_0=0.000809; ', 'lpips_0=0.003683; ', 'codec_recon_0=0.022144; ', 'bpp_0=5.992939; ', 'mse_1=0.000767; ', 'lpips_1=0.002999; ', 'codec_recon_1=0.281194; ', 'bpp_1=0.293490; ', 'mse_2=0.000739; ', 'lpips_2=0.002782; ', 'codec_recon_2=0.086365; ', 'bpp_2=0.270146; ']
train step[794/2000] ; used: 16m:39s; eta: 25m:15s; loss = 0.024492; ['mse_0=0.003180; ', 'lpips_0=0.005757; ', 'codec_recon_0=0.022980; ', 'bpp_0=5.990775; ', 'mse_1=0.002858; ', 'lpips_1=0.005198; ', 'codec_recon_1=0.350653; ', 'bpp_1=0.294006; ', 'mse_2=0.002683; ', 'lpips_2=0.004816; ', 'codec_recon_2=0.083305; ', 'bpp_2=0.273820; ']
train step[795/2000] ; used: 16m:40s; eta: 25m:14s; loss = 0.023174; ['mse_0=0.002376; ', 'lpips_0=0.006285; ', 'codec_recon_0=0.024583; ', 'bpp_0=5.951925; ', 'mse_1=0.002062; ', 'lpips_1=0.005444; ', 'codec_recon_1=0.301767; ', 'bpp_1=0.292641; ', 'mse_2=0.001930; ', 'lpips_2=0.005076; ', 'codec_recon_2=0.085445; ', 'bpp_2=0.271888; ']
train step[796/2000] ; used: 16m:41s; eta: 25m:12s; loss = 0.017209; ['mse_0=0.001518; ', 'lpips_0=0.004763; ', 'codec_recon_0=0.022789; ', 'bpp_0=5.785339; ', 'mse_1=0.001384; ', 'lpips_1=0.004278; ', 'codec_recon_1=0.299083; ', 'bpp_1=0.289647; ', 'mse_2=0.001302; ', 'lpips_2=0.003963; ', 'codec_recon_2=0.079016; ', 'bpp_2=0.267679; ']
train step[797/2000] ; used: 16m:42s; eta: 25m:11s; loss = 0.011528; ['mse_0=0.000680; ', 'lpips_0=0.003935; ', 'codec_recon_0=0.021373; ', 'bpp_0=5.812312; ', 'mse_1=0.000527; ', 'lpips_1=0.003191; ', 'codec_recon_1=0.287747; ', 'bpp_1=0.290528; ', 'mse_2=0.000454; ', 'lpips_2=0.002741; ', 'codec_recon_2=0.081330; ', 'bpp_2=0.267789; ']
train step[798/2000] ; used: 16m:43s; eta: 25m:9s; loss = 0.029318; ['mse_0=0.005925; ', 'lpips_0=0.005047; ', 'codec_recon_0=0.021355; ', 'bpp_0=6.205864; ', 'mse_1=0.005239; ', 'lpips_1=0.004342; ', 'codec_recon_1=0.341092; ', 'bpp_1=0.300201; ', 'mse_2=0.005037; ', 'lpips_2=0.003728; ', 'codec_recon_2=0.078250; ', 'bpp_2=0.280513; ']
train step[799/2000] ; used: 16m:44s; eta: 25m:7s; loss = 0.010650; ['mse_0=0.000676; ', 'lpips_0=0.003518; ', 'codec_recon_0=0.019426; ', 'bpp_0=5.955665; ', 'mse_1=0.000516; ', 'lpips_1=0.002942; ', 'codec_recon_1=0.308145; ', 'bpp_1=0.292568; ', 'mse_2=0.000387; ', 'lpips_2=0.002612; ', 'codec_recon_2=0.080802; ', 'bpp_2=0.269153; ']
train step[800/2000] ; used: 16m:45s; eta: 25m:6s; loss = 0.025490; ['mse_0=0.004193; ', 'lpips_0=0.006047; ', 'codec_recon_0=0.019650; ', 'bpp_0=6.338132; ', 'mse_1=0.003625; ', 'lpips_1=0.004798; ', 'codec_recon_1=0.379490; ', 'bpp_1=0.303598; ', 'mse_2=0.003195; ', 'lpips_2=0.003631; ', 'codec_recon_2=0.088868; ', 'bpp_2=0.286132; ']
train step[801/2000] ; used: 16m:46s; eta: 25m:4s; loss = 0.014374; ['mse_0=0.000730; ', 'lpips_0=0.004613; ', 'codec_recon_0=0.021328; ', 'bpp_0=6.065314; ', 'mse_1=0.000624; ', 'lpips_1=0.004003; ', 'codec_recon_1=0.299433; ', 'bpp_1=0.294283; ', 'mse_2=0.000610; ', 'lpips_2=0.003793; ', 'codec_recon_2=0.088861; ', 'bpp_2=0.271953; ']
train step[802/2000] ; used: 16m:47s; eta: 25m:3s; loss = 0.013654; ['mse_0=0.000986; ', 'lpips_0=0.004248; ', 'codec_recon_0=0.020101; ', 'bpp_0=6.084739; ', 'mse_1=0.000827; ', 'lpips_1=0.003625; ', 'codec_recon_1=0.315970; ', 'bpp_1=0.295338; ', 'mse_2=0.000737; ', 'lpips_2=0.003232; ', 'codec_recon_2=0.086470; ', 'bpp_2=0.273134; ']
train step[803/2000] ; used: 16m:48s; eta: 25m:1s; loss = 0.024172; ['mse_0=0.002031; ', 'lpips_0=0.007047; ', 'codec_recon_0=0.019210; ', 'bpp_0=6.175096; ', 'mse_1=0.001770; ', 'lpips_1=0.006266; ', 'codec_recon_1=0.382846; ', 'bpp_1=0.297324; ', 'mse_2=0.001491; ', 'lpips_2=0.005566; ', 'codec_recon_2=0.083851; ', 'bpp_2=0.277680; ']
train step[804/2000] ; used: 16m:49s; eta: 25m; loss = 0.016157; ['mse_0=0.001064; ', 'lpips_0=0.005009; ', 'codec_recon_0=0.019453; ', 'bpp_0=6.158877; ', 'mse_1=0.000940; ', 'lpips_1=0.004348; ', 'codec_recon_1=0.343188; ', 'bpp_1=0.297310; ', 'mse_2=0.000874; ', 'lpips_2=0.003922; ', 'codec_recon_2=0.095317; ', 'bpp_2=0.275653; ']
train step[805/2000] ; used: 16m:50s; eta: 24m:58s; loss = 0.012319; ['mse_0=0.000503; ', 'lpips_0=0.004168; ', 'codec_recon_0=0.020994; ', 'bpp_0=5.780417; ', 'mse_1=0.000389; ', 'lpips_1=0.003584; ', 'codec_recon_1=0.257162; ', 'bpp_1=0.289178; ', 'mse_2=0.000324; ', 'lpips_2=0.003351; ', 'codec_recon_2=0.072454; ', 'bpp_2=0.266117; ']
train step[806/2000] ; used: 16m:51s; eta: 24m:56s; loss = 0.012931; ['mse_0=0.000913; ', 'lpips_0=0.004008; ', 'codec_recon_0=0.019632; ', 'bpp_0=5.981926; ', 'mse_1=0.000832; ', 'lpips_1=0.003362; ', 'codec_recon_1=0.310245; ', 'bpp_1=0.294223; ', 'mse_2=0.000766; ', 'lpips_2=0.003049; ', 'codec_recon_2=0.081830; ', 'bpp_2=0.270287; ']
train step[807/2000] ; used: 16m:52s; eta: 24m:55s; loss = 0.016795; ['mse_0=0.002384; ', 'lpips_0=0.004728; ', 'codec_recon_0=0.019378; ', 'bpp_0=6.133564; ', 'mse_1=0.001934; ', 'lpips_1=0.003751; ', 'codec_recon_1=0.372820; ', 'bpp_1=0.298294; ', 'mse_2=0.001205; ', 'lpips_2=0.002794; ', 'codec_recon_2=0.073255; ', 'bpp_2=0.278784; ']
train step[808/2000] ; used: 16m:53s; eta: 24m:53s; loss = 0.020056; ['mse_0=0.002413; ', 'lpips_0=0.004888; ', 'codec_recon_0=0.023843; ', 'bpp_0=5.960174; ', 'mse_1=0.002225; ', 'lpips_1=0.004340; ', 'codec_recon_1=0.305506; ', 'bpp_1=0.294487; ', 'mse_2=0.002201; ', 'lpips_2=0.003989; ', 'codec_recon_2=0.082082; ', 'bpp_2=0.272339; ']
train step[809/2000] ; used: 16m:54s; eta: 24m:52s; loss = 0.014956; ['mse_0=0.000795; ', 'lpips_0=0.004729; ', 'codec_recon_0=0.022815; ', 'bpp_0=5.820469; ', 'mse_1=0.000626; ', 'lpips_1=0.004249; ', 'codec_recon_1=0.297245; ', 'bpp_1=0.290431; ', 'mse_2=0.000573; ', 'lpips_2=0.003985; ', 'codec_recon_2=0.079637; ', 'bpp_2=0.268813; ']
train step[810/2000] ; used: 16m:55s; eta: 24m:50s; loss = 0.011339; ['mse_0=0.000506; ', 'lpips_0=0.003730; ', 'codec_recon_0=0.019167; ', 'bpp_0=5.977408; ', 'mse_1=0.000441; ', 'lpips_1=0.003224; ', 'codec_recon_1=0.283205; ', 'bpp_1=0.292327; ', 'mse_2=0.000415; ', 'lpips_2=0.003022; ', 'codec_recon_2=0.084462; ', 'bpp_2=0.267727; ']
train step[811/2000] ; used: 16m:56s; eta: 24m:48s; loss = 0.017575; ['mse_0=0.002175; ', 'lpips_0=0.004417; ', 'codec_recon_0=0.020405; ', 'bpp_0=6.038794; ', 'mse_1=0.001981; ', 'lpips_1=0.003829; ', 'codec_recon_1=0.338115; ', 'bpp_1=0.297379; ', 'mse_2=0.001831; ', 'lpips_2=0.003343; ', 'codec_recon_2=0.078732; ', 'bpp_2=0.274998; ']
train step[812/2000] ; used: 16m:57s; eta: 24m:47s; loss = 0.010370; ['mse_0=0.000875; ', 'lpips_0=0.003232; ', 'codec_recon_0=0.018156; ', 'bpp_0=6.076848; ', 'mse_1=0.000693; ', 'lpips_1=0.002683; ', 'codec_recon_1=0.294221; ', 'bpp_1=0.296691; ', 'mse_2=0.000566; ', 'lpips_2=0.002321; ', 'codec_recon_2=0.074764; ', 'bpp_2=0.273556; ']
train step[813/2000] ; used: 16m:58s; eta: 24m:45s; loss = 0.019282; ['mse_0=0.002261; ', 'lpips_0=0.005008; ', 'codec_recon_0=0.032129; ', 'bpp_0=6.070402; ', 'mse_1=0.001913; ', 'lpips_1=0.004329; ', 'codec_recon_1=0.317399; ', 'bpp_1=0.296057; ', 'mse_2=0.001799; ', 'lpips_2=0.003973; ', 'codec_recon_2=0.099559; ', 'bpp_2=0.274051; ']
train step[814/2000] ; used: 16m:59s; eta: 24m:44s; loss = 0.013630; ['mse_0=0.000750; ', 'lpips_0=0.004257; ', 'codec_recon_0=0.021212; ', 'bpp_0=5.951072; ', 'mse_1=0.000615; ', 'lpips_1=0.003842; ', 'codec_recon_1=0.294353; ', 'bpp_1=0.293294; ', 'mse_2=0.000543; ', 'lpips_2=0.003623; ', 'codec_recon_2=0.081350; ', 'bpp_2=0.271922; ']
train step[815/2000] ; used: 17m:1s; eta: 24m:42s; loss = 0.012786; ['mse_0=0.001048; ', 'lpips_0=0.003846; ', 'codec_recon_0=0.021153; ', 'bpp_0=5.979056; ', 'mse_1=0.000904; ', 'lpips_1=0.003231; ', 'codec_recon_1=0.287895; ', 'bpp_1=0.294347; ', 'mse_2=0.000829; ', 'lpips_2=0.002928; ', 'codec_recon_2=0.079552; ', 'bpp_2=0.272210; ']
train step[816/2000] ; used: 17m:2s; eta: 24m:41s; loss = 0.013635; ['mse_0=0.001020; ', 'lpips_0=0.004050; ', 'codec_recon_0=0.022689; ', 'bpp_0=5.941658; ', 'mse_1=0.000936; ', 'lpips_1=0.003518; ', 'codec_recon_1=0.295715; ', 'bpp_1=0.293025; ', 'mse_2=0.000882; ', 'lpips_2=0.003230; ', 'codec_recon_2=0.085520; ', 'bpp_2=0.269553; ']
train step[817/2000] ; used: 17m:3s; eta: 24m:39s; loss = 0.009526; ['mse_0=0.000680; ', 'lpips_0=0.003257; ', 'codec_recon_0=0.019566; ', 'bpp_0=6.163373; ', 'mse_1=0.000519; ', 'lpips_1=0.002504; ', 'codec_recon_1=0.322839; ', 'bpp_1=0.296209; ', 'mse_2=0.000410; ', 'lpips_2=0.002157; ', 'codec_recon_2=0.090418; ', 'bpp_2=0.274190; ']
train step[818/2000] ; used: 17m:4s; eta: 24m:38s; loss = 0.013255; ['mse_0=0.000586; ', 'lpips_0=0.004321; ', 'codec_recon_0=0.021494; ', 'bpp_0=5.843937; ', 'mse_1=0.000536; ', 'lpips_1=0.003791; ', 'codec_recon_1=0.278235; ', 'bpp_1=0.291075; ', 'mse_2=0.000501; ', 'lpips_2=0.003520; ', 'codec_recon_2=0.075659; ', 'bpp_2=0.270385; ']
train step[819/2000] ; used: 17m:5s; eta: 24m:36s; loss = 0.012096; ['mse_0=0.001108; ', 'lpips_0=0.003903; ', 'codec_recon_0=0.019838; ', 'bpp_0=6.178476; ', 'mse_1=0.000913; ', 'lpips_1=0.003168; ', 'codec_recon_1=0.374569; ', 'bpp_1=0.298405; ', 'mse_2=0.000690; ', 'lpips_2=0.002314; ', 'codec_recon_2=0.089667; ', 'bpp_2=0.276850; ']
train step[820/2000] ; used: 17m:6s; eta: 24m:34s; loss = 0.010405; ['mse_0=0.000549; ', 'lpips_0=0.003513; ', 'codec_recon_0=0.020972; ', 'bpp_0=5.919642; ', 'mse_1=0.000396; ', 'lpips_1=0.002918; ', 'codec_recon_1=0.303202; ', 'bpp_1=0.292330; ', 'mse_2=0.000344; ', 'lpips_2=0.002685; ', 'codec_recon_2=0.082398; ', 'bpp_2=0.268902; ']
train step[821/2000] ; used: 17m:7s; eta: 24m:33s; loss = 0.016081; ['mse_0=0.001895; ', 'lpips_0=0.004423; ', 'codec_recon_0=0.021754; ', 'bpp_0=5.855096; ', 'mse_1=0.001579; ', 'lpips_1=0.003688; ', 'codec_recon_1=0.328841; ', 'bpp_1=0.293478; ', 'mse_2=0.001350; ', 'lpips_2=0.003146; ', 'codec_recon_2=0.070495; ', 'bpp_2=0.271385; ']
train step[822/2000] ; used: 17m:8s; eta: 24m:31s; loss = 0.046733; ['mse_0=0.006896; ', 'lpips_0=0.008968; ', 'codec_recon_0=0.024680; ', 'bpp_0=5.851431; ', 'mse_1=0.007006; ', 'lpips_1=0.008689; ', 'codec_recon_1=0.328419; ', 'bpp_1=0.291304; ', 'mse_2=0.006757; ', 'lpips_2=0.008417; ', 'codec_recon_2=0.082186; ', 'bpp_2=0.272653; ']
train step[823/2000] ; used: 17m:9s; eta: 24m:30s; loss = 0.010461; ['mse_0=0.000642; ', 'lpips_0=0.003492; ', 'codec_recon_0=0.021604; ', 'bpp_0=5.980488; ', 'mse_1=0.000505; ', 'lpips_1=0.002840; ', 'codec_recon_1=0.309815; ', 'bpp_1=0.293473; ', 'mse_2=0.000454; ', 'lpips_2=0.002527; ', 'codec_recon_2=0.079237; ', 'bpp_2=0.272493; ']
train step[824/2000] ; used: 17m:10s; eta: 24m:28s; loss = 0.011533; ['mse_0=0.000766; ', 'lpips_0=0.003687; ', 'codec_recon_0=0.018996; ', 'bpp_0=5.929896; ', 'mse_1=0.000607; ', 'lpips_1=0.003116; ', 'codec_recon_1=0.309636; ', 'bpp_1=0.293679; ', 'mse_2=0.000528; ', 'lpips_2=0.002829; ', 'codec_recon_2=0.076795; ', 'bpp_2=0.272147; ']
train step[825/2000] ; used: 17m:11s; eta: 24m:27s; loss = 0.022741; ['mse_0=0.003652; ', 'lpips_0=0.005778; ', 'codec_recon_0=0.021040; ', 'bpp_0=6.260024; ', 'mse_1=0.002963; ', 'lpips_1=0.004660; ', 'codec_recon_1=0.385298; ', 'bpp_1=0.301289; ', 'mse_2=0.002270; ', 'lpips_2=0.003417; ', 'codec_recon_2=0.088268; ', 'bpp_2=0.282384; ']
train step[826/2000] ; used: 17m:12s; eta: 24m:25s; loss = 0.014021; ['mse_0=0.001070; ', 'lpips_0=0.004202; ', 'codec_recon_0=0.022386; ', 'bpp_0=5.842434; ', 'mse_1=0.000944; ', 'lpips_1=0.003660; ', 'codec_recon_1=0.307456; ', 'bpp_1=0.291344; ', 'mse_2=0.000882; ', 'lpips_2=0.003262; ', 'codec_recon_2=0.081134; ', 'bpp_2=0.269910; ']
train step[827/2000] ; used: 17m:13s; eta: 24m:24s; loss = 0.015268; ['mse_0=0.001380; ', 'lpips_0=0.004713; ', 'codec_recon_0=0.019509; ', 'bpp_0=5.929729; ', 'mse_1=0.001074; ', 'lpips_1=0.003997; ', 'codec_recon_1=0.333175; ', 'bpp_1=0.293926; ', 'mse_2=0.000787; ', 'lpips_2=0.003317; ', 'codec_recon_2=0.079785; ', 'bpp_2=0.272801; ']
train step[828/2000] ; used: 17m:14s; eta: 24m:22s; loss = 0.017988; ['mse_0=0.002243; ', 'lpips_0=0.004761; ', 'codec_recon_0=0.019951; ', 'bpp_0=6.114959; ', 'mse_1=0.001935; ', 'lpips_1=0.003956; ', 'codec_recon_1=0.323436; ', 'bpp_1=0.297174; ', 'mse_2=0.001723; ', 'lpips_2=0.003370; ', 'codec_recon_2=0.076220; ', 'bpp_2=0.279401; ']
train step[829/2000] ; used: 17m:15s; eta: 24m:21s; loss = 0.013600; ['mse_0=0.001280; ', 'lpips_0=0.004482; ', 'codec_recon_0=0.021297; ', 'bpp_0=6.110325; ', 'mse_1=0.000981; ', 'lpips_1=0.003515; ', 'codec_recon_1=0.359144; ', 'bpp_1=0.296172; ', 'mse_2=0.000754; ', 'lpips_2=0.002588; ', 'codec_recon_2=0.095525; ', 'bpp_2=0.275447; ']
train step[830/2000] ; used: 17m:16s; eta: 24m:19s; loss = 0.016399; ['mse_0=0.002105; ', 'lpips_0=0.003918; ', 'codec_recon_0=0.021322; ', 'bpp_0=5.955782; ', 'mse_1=0.001980; ', 'lpips_1=0.003396; ', 'codec_recon_1=0.289203; ', 'bpp_1=0.293517; ', 'mse_2=0.001914; ', 'lpips_2=0.003085; ', 'codec_recon_2=0.080755; ', 'bpp_2=0.270900; ']
train step[831/2000] ; used: 17m:18s; eta: 24m:19s; loss = 0.012929; ['mse_0=0.001121; ', 'lpips_0=0.003976; ', 'codec_recon_0=0.020998; ', 'bpp_0=5.898284; ', 'mse_1=0.001007; ', 'lpips_1=0.003177; ', 'codec_recon_1=0.312846; ', 'bpp_1=0.292248; ', 'mse_2=0.000877; ', 'lpips_2=0.002771; ', 'codec_recon_2=0.080749; ', 'bpp_2=0.268173; ']
train step[832/2000] ; used: 17m:19s; eta: 24m:17s; loss = 0.027720; ['mse_0=0.003515; ', 'lpips_0=0.006635; ', 'codec_recon_0=0.022827; ', 'bpp_0=5.988533; ', 'mse_1=0.003198; ', 'lpips_1=0.005903; ', 'codec_recon_1=0.341345; ', 'bpp_1=0.295945; ', 'mse_2=0.003008; ', 'lpips_2=0.005460; ', 'codec_recon_2=0.085751; ', 'bpp_2=0.274788; ']
train step[833/2000] ; used: 17m:20s; eta: 24m:16s; loss = 0.014114; ['mse_0=0.000795; ', 'lpips_0=0.004470; ', 'codec_recon_0=0.023548; ', 'bpp_0=5.765896; ', 'mse_1=0.000677; ', 'lpips_1=0.003896; ', 'codec_recon_1=0.272330; ', 'bpp_1=0.289663; ', 'mse_2=0.000624; ', 'lpips_2=0.003651; ', 'codec_recon_2=0.077657; ', 'bpp_2=0.267847; ']
train step[834/2000] ; used: 17m:21s; eta: 24m:14s; loss = 0.010954; ['mse_0=0.000815; ', 'lpips_0=0.003827; ', 'codec_recon_0=0.022184; ', 'bpp_0=6.160461; ', 'mse_1=0.000595; ', 'lpips_1=0.002937; ', 'codec_recon_1=0.341795; ', 'bpp_1=0.297166; ', 'mse_2=0.000440; ', 'lpips_2=0.002340; ', 'codec_recon_2=0.086419; ', 'bpp_2=0.277503; ']
train step[835/2000] ; used: 17m:22s; eta: 24m:13s; loss = 0.013767; ['mse_0=0.001204; ', 'lpips_0=0.004478; ', 'codec_recon_0=0.021523; ', 'bpp_0=6.067762; ', 'mse_1=0.000877; ', 'lpips_1=0.003552; ', 'codec_recon_1=0.344981; ', 'bpp_1=0.296273; ', 'mse_2=0.000724; ', 'lpips_2=0.002930; ', 'codec_recon_2=0.090370; ', 'bpp_2=0.275411; ']
train step[836/2000] ; used: 17m:23s; eta: 24m:11s; loss = 0.016493; ['mse_0=0.002042; ', 'lpips_0=0.004495; ', 'codec_recon_0=0.023089; ', 'bpp_0=5.944417; ', 'mse_1=0.001644; ', 'lpips_1=0.003551; ', 'codec_recon_1=0.305116; ', 'bpp_1=0.294758; ', 'mse_2=0.001557; ', 'lpips_2=0.003205; ', 'codec_recon_2=0.080315; ', 'bpp_2=0.272777; ']
train step[837/2000] ; used: 17m:24s; eta: 24m:9s; loss = 0.014271; ['mse_0=0.000797; ', 'lpips_0=0.004656; ', 'codec_recon_0=0.024877; ', 'bpp_0=5.939745; ', 'mse_1=0.000638; ', 'lpips_1=0.003938; ', 'codec_recon_1=0.299856; ', 'bpp_1=0.292034; ', 'mse_2=0.000591; ', 'lpips_2=0.003652; ', 'codec_recon_2=0.083486; ', 'bpp_2=0.269817; ']
train step[838/2000] ; used: 17m:25s; eta: 24m:8s; loss = 0.020454; ['mse_0=0.002226; ', 'lpips_0=0.005525; ', 'codec_recon_0=0.023798; ', 'bpp_0=6.026683; ', 'mse_1=0.002065; ', 'lpips_1=0.004733; ', 'codec_recon_1=0.393584; ', 'bpp_1=0.294279; ', 'mse_2=0.001928; ', 'lpips_2=0.003976; ', 'codec_recon_2=0.092003; ', 'bpp_2=0.275955; ']
train step[839/2000] ; used: 17m:26s; eta: 24m:6s; loss = 0.010471; ['mse_0=0.000510; ', 'lpips_0=0.003806; ', 'codec_recon_0=0.020526; ', 'bpp_0=6.036333; ', 'mse_1=0.000382; ', 'lpips_1=0.002969; ', 'codec_recon_1=0.337455; ', 'bpp_1=0.292941; ', 'mse_2=0.000315; ', 'lpips_2=0.002488; ', 'codec_recon_2=0.091873; ', 'bpp_2=0.271535; ']
train step[840/2000] ; used: 17m:27s; eta: 24m:5s; loss = 0.014255; ['mse_0=0.000706; ', 'lpips_0=0.004739; ', 'codec_recon_0=0.022247; ', 'bpp_0=5.882279; ', 'mse_1=0.000639; ', 'lpips_1=0.004004; ', 'codec_recon_1=0.319213; ', 'bpp_1=0.291351; ', 'mse_2=0.000575; ', 'lpips_2=0.003591; ', 'codec_recon_2=0.093050; ', 'bpp_2=0.268772; ']
train step[841/2000] ; used: 17m:29s; eta: 24m:3s; loss = 0.017262; ['mse_0=0.001342; ', 'lpips_0=0.004977; ', 'codec_recon_0=0.022186; ', 'bpp_0=6.058982; ', 'mse_1=0.001188; ', 'lpips_1=0.004430; ', 'codec_recon_1=0.309662; ', 'bpp_1=0.295170; ', 'mse_2=0.001109; ', 'lpips_2=0.004214; ', 'codec_recon_2=0.089569; ', 'bpp_2=0.274094; ']
train step[842/2000] ; used: 17m:30s; eta: 24m:2s; loss = 0.016367; ['mse_0=0.000909; ', 'lpips_0=0.005644; ', 'codec_recon_0=0.023005; ', 'bpp_0=6.071309; ', 'mse_1=0.000759; ', 'lpips_1=0.004719; ', 'codec_recon_1=0.388339; ', 'bpp_1=0.294944; ', 'mse_2=0.000600; ', 'lpips_2=0.003735; ', 'codec_recon_2=0.098786; ', 'bpp_2=0.275193; ']
train step[843/2000] ; used: 17m:31s; eta: 24m; loss = 0.017035; ['mse_0=0.001716; ', 'lpips_0=0.005143; ', 'codec_recon_0=0.020019; ', 'bpp_0=6.123375; ', 'mse_1=0.001419; ', 'lpips_1=0.004238; ', 'codec_recon_1=0.367135; ', 'bpp_1=0.297984; ', 'mse_2=0.001155; ', 'lpips_2=0.003364; ', 'codec_recon_2=0.082569; ', 'bpp_2=0.277194; ']
train step[844/2000] ; used: 17m:32s; eta: 23m:59s; loss = 0.009919; ['mse_0=0.000649; ', 'lpips_0=0.003394; ', 'codec_recon_0=0.018851; ', 'bpp_0=5.938910; ', 'mse_1=0.000485; ', 'lpips_1=0.002740; ', 'codec_recon_1=0.293060; ', 'bpp_1=0.294057; ', 'mse_2=0.000373; ', 'lpips_2=0.002278; ', 'codec_recon_2=0.077201; ', 'bpp_2=0.271130; ']
train step[845/2000] ; used: 17m:33s; eta: 23m:57s; loss = 0.018491; ['mse_0=0.002474; ', 'lpips_0=0.004553; ', 'codec_recon_0=0.025159; ', 'bpp_0=6.099692; ', 'mse_1=0.002215; ', 'lpips_1=0.003816; ', 'codec_recon_1=0.314380; ', 'bpp_1=0.296136; ', 'mse_2=0.002061; ', 'lpips_2=0.003372; ', 'codec_recon_2=0.092656; ', 'bpp_2=0.275342; ']
train step[846/2000] ; used: 17m:34s; eta: 23m:56s; loss = 0.021569; ['mse_0=0.001822; ', 'lpips_0=0.006214; ', 'codec_recon_0=0.022026; ', 'bpp_0=5.959614; ', 'mse_1=0.001674; ', 'lpips_1=0.005452; ', 'codec_recon_1=0.353728; ', 'bpp_1=0.293779; ', 'mse_2=0.001566; ', 'lpips_2=0.004842; ', 'codec_recon_2=0.087288; ', 'bpp_2=0.272198; ']
train step[847/2000] ; used: 17m:35s; eta: 23m:54s; loss = 0.028249; ['mse_0=0.004098; ', 'lpips_0=0.006609; ', 'codec_recon_0=0.020362; ', 'bpp_0=6.034557; ', 'mse_1=0.003604; ', 'lpips_1=0.005765; ', 'codec_recon_1=0.373110; ', 'bpp_1=0.296669; ', 'mse_2=0.003366; ', 'lpips_2=0.004807; ', 'codec_recon_2=0.078701; ', 'bpp_2=0.276488; ']
train step[848/2000] ; used: 17m:36s; eta: 23m:53s; loss = 0.017909; ['mse_0=0.001579; ', 'lpips_0=0.005554; ', 'codec_recon_0=0.019147; ', 'bpp_0=6.331603; ', 'mse_1=0.001283; ', 'lpips_1=0.004662; ', 'codec_recon_1=0.376726; ', 'bpp_1=0.301593; ', 'mse_2=0.001023; ', 'lpips_2=0.003808; ', 'codec_recon_2=0.094520; ', 'bpp_2=0.282125; ']
train step[849/2000] ; used: 17m:37s; eta: 23m:51s; loss = 0.015164; ['mse_0=0.001691; ', 'lpips_0=0.004561; ', 'codec_recon_0=0.021414; ', 'bpp_0=6.195293; ', 'mse_1=0.001305; ', 'lpips_1=0.003757; ', 'codec_recon_1=0.386641; ', 'bpp_1=0.299279; ', 'mse_2=0.000968; ', 'lpips_2=0.002881; ', 'codec_recon_2=0.089177; ', 'bpp_2=0.279266; ']
train step[850/2000] ; used: 17m:38s; eta: 23m:50s; loss = 0.014057; ['mse_0=0.000793; ', 'lpips_0=0.004658; ', 'codec_recon_0=0.020954; ', 'bpp_0=5.989979; ', 'mse_1=0.000605; ', 'lpips_1=0.003959; ', 'codec_recon_1=0.326472; ', 'bpp_1=0.292899; ', 'mse_2=0.000543; ', 'lpips_2=0.003497; ', 'codec_recon_2=0.093170; ', 'bpp_2=0.268874; ']
train step[851/2000] ; used: 17m:39s; eta: 23m:48s; loss = 0.014423; ['mse_0=0.001265; ', 'lpips_0=0.004260; ', 'codec_recon_0=0.022927; ', 'bpp_0=5.942671; ', 'mse_1=0.001050; ', 'lpips_1=0.003573; ', 'codec_recon_1=0.300067; ', 'bpp_1=0.292659; ', 'mse_2=0.000971; ', 'lpips_2=0.003304; ', 'codec_recon_2=0.090732; ', 'bpp_2=0.270503; ']
train step[852/2000] ; used: 17m:40s; eta: 23m:47s; loss = 0.016012; ['mse_0=0.001432; ', 'lpips_0=0.004796; ', 'codec_recon_0=0.025604; ', 'bpp_0=5.788233; ', 'mse_1=0.001135; ', 'lpips_1=0.003916; ', 'codec_recon_1=0.266723; ', 'bpp_1=0.289587; ', 'mse_2=0.001070; ', 'lpips_2=0.003663; ', 'codec_recon_2=0.082257; ', 'bpp_2=0.266209; ']
train step[853/2000] ; used: 17m:41s; eta: 23m:45s; loss = 0.024560; ['mse_0=0.004097; ', 'lpips_0=0.005661; ', 'codec_recon_0=0.020120; ', 'bpp_0=6.250832; ', 'mse_1=0.003287; ', 'lpips_1=0.004860; ', 'codec_recon_1=0.377995; ', 'bpp_1=0.301928; ', 'mse_2=0.002740; ', 'lpips_2=0.003916; ', 'codec_recon_2=0.076025; ', 'bpp_2=0.284652; ']
train step[854/2000] ; used: 17m:42s; eta: 23m:44s; loss = 0.014115; ['mse_0=0.001188; ', 'lpips_0=0.004172; ', 'codec_recon_0=0.017738; ', 'bpp_0=5.897468; ', 'mse_1=0.000971; ', 'lpips_1=0.003597; ', 'codec_recon_1=0.308813; ', 'bpp_1=0.292926; ', 'mse_2=0.000872; ', 'lpips_2=0.003315; ', 'codec_recon_2=0.074620; ', 'bpp_2=0.269285; ']
train step[855/2000] ; used: 17m:43s; eta: 23m:42s; loss = 0.009939; ['mse_0=0.000632; ', 'lpips_0=0.003206; ', 'codec_recon_0=0.022075; ', 'bpp_0=6.028101; ', 'mse_1=0.000553; ', 'lpips_1=0.002642; ', 'codec_recon_1=0.299294; ', 'bpp_1=0.293035; ', 'mse_2=0.000518; ', 'lpips_2=0.002389; ', 'codec_recon_2=0.098436; ', 'bpp_2=0.268773; ']
train step[856/2000] ; used: 17m:44s; eta: 23m:41s; loss = 0.011440; ['mse_0=0.000299; ', 'lpips_0=0.004041; ', 'codec_recon_0=0.021537; ', 'bpp_0=5.763735; ', 'mse_1=0.000234; ', 'lpips_1=0.003468; ', 'codec_recon_1=0.297912; ', 'bpp_1=0.286754; ', 'mse_2=0.000216; ', 'lpips_2=0.003182; ', 'codec_recon_2=0.086130; ', 'bpp_2=0.263806; ']
train step[857/2000] ; used: 17m:45s; eta: 23m:39s; loss = 0.014803; ['mse_0=0.001168; ', 'lpips_0=0.005223; ', 'codec_recon_0=0.020206; ', 'bpp_0=6.348620; ', 'mse_1=0.000863; ', 'lpips_1=0.004033; ', 'codec_recon_1=0.410814; ', 'bpp_1=0.301225; ', 'mse_2=0.000562; ', 'lpips_2=0.002954; ', 'codec_recon_2=0.096256; ', 'bpp_2=0.283701; ']
train step[858/2000] ; used: 17m:46s; eta: 23m:38s; loss = 0.016383; ['mse_0=0.002156; ', 'lpips_0=0.004103; ', 'codec_recon_0=0.020160; ', 'bpp_0=6.158134; ', 'mse_1=0.001835; ', 'lpips_1=0.003472; ', 'codec_recon_1=0.312585; ', 'bpp_1=0.296553; ', 'mse_2=0.001758; ', 'lpips_2=0.003059; ', 'codec_recon_2=0.079831; ', 'bpp_2=0.276681; ']
train step[859/2000] ; used: 17m:47s; eta: 23m:36s; loss = 0.022705; ['mse_0=0.002838; ', 'lpips_0=0.005561; ', 'codec_recon_0=0.024103; ', 'bpp_0=6.110599; ', 'mse_1=0.002625; ', 'lpips_1=0.004829; ', 'codec_recon_1=0.341584; ', 'bpp_1=0.296878; ', 'mse_2=0.002494; ', 'lpips_2=0.004358; ', 'codec_recon_2=0.087979; ', 'bpp_2=0.276430; ']
train step[860/2000] ; used: 17m:48s; eta: 23m:35s; loss = 0.014872; ['mse_0=0.001372; ', 'lpips_0=0.004444; ', 'codec_recon_0=0.021472; ', 'bpp_0=6.190100; ', 'mse_1=0.001144; ', 'lpips_1=0.003765; ', 'codec_recon_1=0.339037; ', 'bpp_1=0.297323; ', 'mse_2=0.000947; ', 'lpips_2=0.003199; ', 'codec_recon_2=0.090218; ', 'bpp_2=0.277629; ']
train step[861/2000] ; used: 17m:49s; eta: 23m:33s; loss = 0.010852; ['mse_0=0.000802; ', 'lpips_0=0.003505; ', 'codec_recon_0=0.017850; ', 'bpp_0=6.064485; ', 'mse_1=0.000628; ', 'lpips_1=0.002917; ', 'codec_recon_1=0.291566; ', 'bpp_1=0.296169; ', 'mse_2=0.000504; ', 'lpips_2=0.002495; ', 'codec_recon_2=0.082585; ', 'bpp_2=0.272483; ']
train step[862/2000] ; used: 17m:50s; eta: 23m:32s; loss = 0.028089; ['mse_0=0.003581; ', 'lpips_0=0.006239; ', 'codec_recon_0=0.022753; ', 'bpp_0=5.801710; ', 'mse_1=0.003435; ', 'lpips_1=0.005760; ', 'codec_recon_1=0.287990; ', 'bpp_1=0.290852; ', 'mse_2=0.003446; ', 'lpips_2=0.005628; ', 'codec_recon_2=0.083297; ', 'bpp_2=0.270098; ']
train step[863/2000] ; used: 17m:51s; eta: 23m:30s; loss = 0.011238; ['mse_0=0.000710; ', 'lpips_0=0.003649; ', 'codec_recon_0=0.020599; ', 'bpp_0=6.015131; ', 'mse_1=0.000545; ', 'lpips_1=0.003073; ', 'codec_recon_1=0.287592; ', 'bpp_1=0.295078; ', 'mse_2=0.000477; ', 'lpips_2=0.002785; ', 'codec_recon_2=0.076922; ', 'bpp_2=0.273391; ']
train step[864/2000] ; used: 17m:52s; eta: 23m:29s; loss = 0.040194; ['mse_0=0.004736; ', 'lpips_0=0.009456; ', 'codec_recon_0=0.021648; ', 'bpp_0=6.212326; ', 'mse_1=0.004520; ', 'lpips_1=0.008667; ', 'codec_recon_1=0.327977; ', 'bpp_1=0.299381; ', 'mse_2=0.004560; ', 'lpips_2=0.008256; ', 'codec_recon_2=0.087674; ', 'bpp_2=0.278876; ']
train step[865/2000] ; used: 17m:53s; eta: 23m:27s; loss = 0.011637; ['mse_0=0.000633; ', 'lpips_0=0.003879; ', 'codec_recon_0=0.020221; ', 'bpp_0=6.007507; ', 'mse_1=0.000465; ', 'lpips_1=0.003318; ', 'codec_recon_1=0.297553; ', 'bpp_1=0.293958; ', 'mse_2=0.000372; ', 'lpips_2=0.002971; ', 'codec_recon_2=0.082621; ', 'bpp_2=0.271629; ']
train step[866/2000] ; used: 17m:55s; eta: 23m:26s; loss = 0.008131; ['mse_0=0.000303; ', 'lpips_0=0.003106; ', 'codec_recon_0=0.022275; ', 'bpp_0=5.928123; ', 'mse_1=0.000229; ', 'lpips_1=0.002381; ', 'codec_recon_1=0.314735; ', 'bpp_1=0.289104; ', 'mse_2=0.000149; ', 'lpips_2=0.001963; ', 'codec_recon_2=0.087904; ', 'bpp_2=0.265795; ']
train step[867/2000] ; used: 17m:56s; eta: 23m:24s; loss = 0.012406; ['mse_0=0.000917; ', 'lpips_0=0.003803; ', 'codec_recon_0=0.021870; ', 'bpp_0=6.079306; ', 'mse_1=0.000760; ', 'lpips_1=0.003228; ', 'codec_recon_1=0.309512; ', 'bpp_1=0.295495; ', 'mse_2=0.000748; ', 'lpips_2=0.002948; ', 'codec_recon_2=0.087072; ', 'bpp_2=0.276673; ']
train step[868/2000] ; used: 17m:57s; eta: 23m:23s; loss = 0.013112; ['mse_0=0.001173; ', 'lpips_0=0.004032; ', 'codec_recon_0=0.021710; ', 'bpp_0=6.107123; ', 'mse_1=0.000996; ', 'lpips_1=0.003324; ', 'codec_recon_1=0.335184; ', 'bpp_1=0.296970; ', 'mse_2=0.000843; ', 'lpips_2=0.002744; ', 'codec_recon_2=0.091931; ', 'bpp_2=0.276193; ']
train step[869/2000] ; used: 17m:58s; eta: 23m:21s; loss = 0.015603; ['mse_0=0.001347; ', 'lpips_0=0.005074; ', 'codec_recon_0=0.022898; ', 'bpp_0=6.176545; ', 'mse_1=0.001007; ', 'lpips_1=0.004064; ', 'codec_recon_1=0.350114; ', 'bpp_1=0.297911; ', 'mse_2=0.000790; ', 'lpips_2=0.003321; ', 'codec_recon_2=0.095472; ', 'bpp_2=0.278728; ']
train step[870/2000] ; used: 17m:59s; eta: 23m:20s; loss = 0.013084; ['mse_0=0.001079; ', 'lpips_0=0.003838; ', 'codec_recon_0=0.021861; ', 'bpp_0=5.868964; ', 'mse_1=0.000986; ', 'lpips_1=0.003311; ', 'codec_recon_1=0.292301; ', 'bpp_1=0.291529; ', 'mse_2=0.000891; ', 'lpips_2=0.002978; ', 'codec_recon_2=0.084131; ', 'bpp_2=0.268103; ']
train step[871/2000] ; used: 18m; eta: 23m:18s; loss = 0.014870; ['mse_0=0.001154; ', 'lpips_0=0.004688; ', 'codec_recon_0=0.029081; ', 'bpp_0=5.983221; ', 'mse_1=0.000968; ', 'lpips_1=0.003972; ', 'codec_recon_1=0.361200; ', 'bpp_1=0.293977; ', 'mse_2=0.000741; ', 'lpips_2=0.003347; ', 'codec_recon_2=0.094778; ', 'bpp_2=0.274194; ']
train step[872/2000] ; used: 18m:1s; eta: 23m:17s; loss = 0.013245; ['mse_0=0.000840; ', 'lpips_0=0.004047; ', 'codec_recon_0=0.024509; ', 'bpp_0=5.856203; ', 'mse_1=0.000747; ', 'lpips_1=0.003572; ', 'codec_recon_1=0.276592; ', 'bpp_1=0.290884; ', 'mse_2=0.000719; ', 'lpips_2=0.003318; ', 'codec_recon_2=0.089730; ', 'bpp_2=0.270724; ']
train step[873/2000] ; used: 18m:2s; eta: 23m:15s; loss = 0.015460; ['mse_0=0.001460; ', 'lpips_0=0.004234; ', 'codec_recon_0=0.019935; ', 'bpp_0=6.030363; ', 'mse_1=0.001344; ', 'lpips_1=0.003725; ', 'codec_recon_1=0.293134; ', 'bpp_1=0.293850; ', 'mse_2=0.001282; ', 'lpips_2=0.003415; ', 'codec_recon_2=0.081825; ', 'bpp_2=0.272819; ']
train step[874/2000] ; used: 18m:3s; eta: 23m:14s; loss = 0.012448; ['mse_0=0.001007; ', 'lpips_0=0.003783; ', 'codec_recon_0=0.025530; ', 'bpp_0=6.039833; ', 'mse_1=0.000884; ', 'lpips_1=0.003145; ', 'codec_recon_1=0.301165; ', 'bpp_1=0.294707; ', 'mse_2=0.000821; ', 'lpips_2=0.002808; ', 'codec_recon_2=0.095524; ', 'bpp_2=0.272898; ']
train step[875/2000] ; used: 18m:4s; eta: 23m:12s; loss = 0.014841; ['mse_0=0.000872; ', 'lpips_0=0.004833; ', 'codec_recon_0=0.022516; ', 'bpp_0=6.048754; ', 'mse_1=0.000747; ', 'lpips_1=0.004098; ', 'codec_recon_1=0.332978; ', 'bpp_1=0.294053; ', 'mse_2=0.000666; ', 'lpips_2=0.003625; ', 'codec_recon_2=0.093285; ', 'bpp_2=0.273170; ']
train step[876/2000] ; used: 18m:5s; eta: 23m:11s; loss = 0.013407; ['mse_0=0.000927; ', 'lpips_0=0.004196; ', 'codec_recon_0=0.020780; ', 'bpp_0=6.034993; ', 'mse_1=0.000738; ', 'lpips_1=0.003569; ', 'codec_recon_1=0.279666; ', 'bpp_1=0.294430; ', 'mse_2=0.000650; ', 'lpips_2=0.003327; ', 'codec_recon_2=0.083276; ', 'bpp_2=0.273233; ']
train step[877/2000] ; used: 18m:6s; eta: 23m:9s; loss = 0.017780; ['mse_0=0.002110; ', 'lpips_0=0.004800; ', 'codec_recon_0=0.019008; ', 'bpp_0=6.067957; ', 'mse_1=0.001748; ', 'lpips_1=0.004012; ', 'codec_recon_1=0.315942; ', 'bpp_1=0.295876; ', 'mse_2=0.001560; ', 'lpips_2=0.003551; ', 'codec_recon_2=0.080600; ', 'bpp_2=0.274090; ']
train step[878/2000] ; used: 18m:7s; eta: 23m:8s; loss = 0.011771; ['mse_0=0.001035; ', 'lpips_0=0.003555; ', 'codec_recon_0=0.020635; ', 'bpp_0=6.014086; ', 'mse_1=0.000824; ', 'lpips_1=0.002994; ', 'codec_recon_1=0.308185; ', 'bpp_1=0.296012; ', 'mse_2=0.000732; ', 'lpips_2=0.002631; ', 'codec_recon_2=0.082610; ', 'bpp_2=0.273509; ']
train step[879/2000] ; used: 18m:8s; eta: 23m:6s; loss = 0.014619; ['mse_0=0.001446; ', 'lpips_0=0.004309; ', 'codec_recon_0=0.022379; ', 'bpp_0=6.227628; ', 'mse_1=0.001199; ', 'lpips_1=0.003560; ', 'codec_recon_1=0.348307; ', 'bpp_1=0.298916; ', 'mse_2=0.001006; ', 'lpips_2=0.003099; ', 'codec_recon_2=0.094094; ', 'bpp_2=0.279810; ']
train step[880/2000] ; used: 18m:9s; eta: 23m:5s; loss = 0.012212; ['mse_0=0.000599; ', 'lpips_0=0.003999; ', 'codec_recon_0=0.021642; ', 'bpp_0=5.867546; ', 'mse_1=0.000463; ', 'lpips_1=0.003463; ', 'codec_recon_1=0.275590; ', 'bpp_1=0.291281; ', 'mse_2=0.000422; ', 'lpips_2=0.003267; ', 'codec_recon_2=0.082264; ', 'bpp_2=0.271473; ']
train step[881/2000] ; used: 18m:10s; eta: 23m:3s; loss = 0.018087; ['mse_0=0.002034; ', 'lpips_0=0.004817; ', 'codec_recon_0=0.021013; ', 'bpp_0=6.015866; ', 'mse_1=0.001745; ', 'lpips_1=0.004061; ', 'codec_recon_1=0.309336; ', 'bpp_1=0.295552; ', 'mse_2=0.001662; ', 'lpips_2=0.003769; ', 'codec_recon_2=0.085217; ', 'bpp_2=0.273129; ']
train step[882/2000] ; used: 18m:11s; eta: 23m:2s; loss = 0.011701; ['mse_0=0.000615; ', 'lpips_0=0.004026; ', 'codec_recon_0=0.022184; ', 'bpp_0=6.108572; ', 'mse_1=0.000475; ', 'lpips_1=0.003264; ', 'codec_recon_1=0.327306; ', 'bpp_1=0.295497; ', 'mse_2=0.000396; ', 'lpips_2=0.002926; ', 'codec_recon_2=0.089975; ', 'bpp_2=0.272520; ']
train step[883/2000] ; used: 18m:12s; eta: 23m; loss = 0.018941; ['mse_0=0.001295; ', 'lpips_0=0.006297; ', 'codec_recon_0=0.021547; ', 'bpp_0=6.121062; ', 'mse_1=0.001016; ', 'lpips_1=0.005278; ', 'codec_recon_1=0.368635; ', 'bpp_1=0.296275; ', 'mse_2=0.000826; ', 'lpips_2=0.004229; ', 'codec_recon_2=0.093233; ', 'bpp_2=0.276510; ']
train step[884/2000] ; used: 18m:13s; eta: 22m:59s; loss = 0.012485; ['mse_0=0.000922; ', 'lpips_0=0.004063; ', 'codec_recon_0=0.022079; ', 'bpp_0=5.832547; ', 'mse_1=0.000721; ', 'lpips_1=0.003316; ', 'codec_recon_1=0.321394; ', 'bpp_1=0.292124; ', 'mse_2=0.000623; ', 'lpips_2=0.002840; ', 'codec_recon_2=0.084592; ', 'bpp_2=0.269575; ']
train step[885/2000] ; used: 18m:14s; eta: 22m:57s; loss = 0.019032; ['mse_0=0.001967; ', 'lpips_0=0.004766; ', 'codec_recon_0=0.021114; ', 'bpp_0=6.015416; ', 'mse_1=0.001911; ', 'lpips_1=0.004348; ', 'codec_recon_1=0.279652; ', 'bpp_1=0.294411; ', 'mse_2=0.001899; ', 'lpips_2=0.004141; ', 'codec_recon_2=0.081184; ', 'bpp_2=0.273832; ']
train step[886/2000] ; used: 18m:16s; eta: 22m:56s; loss = 0.022029; ['mse_0=0.001883; ', 'lpips_0=0.005932; ', 'codec_recon_0=0.022970; ', 'bpp_0=6.073207; ', 'mse_1=0.001731; ', 'lpips_1=0.005482; ', 'codec_recon_1=0.309378; ', 'bpp_1=0.296867; ', 'mse_2=0.001698; ', 'lpips_2=0.005304; ', 'codec_recon_2=0.087581; ', 'bpp_2=0.276300; ']
train step[887/2000] ; used: 18m:17s; eta: 22m:55s; loss = 0.035811; ['mse_0=0.005423; ', 'lpips_0=0.008232; ', 'codec_recon_0=0.019042; ', 'bpp_0=6.266803; ', 'mse_1=0.004826; ', 'lpips_1=0.007088; ', 'codec_recon_1=0.407453; ', 'bpp_1=0.302107; ', 'mse_2=0.004221; ', 'lpips_2=0.006022; ', 'codec_recon_2=0.079675; ', 'bpp_2=0.284065; ']
train step[888/2000] ; used: 18m:18s; eta: 22m:53s; loss = 0.014774; ['mse_0=0.002362; ', 'lpips_0=0.004246; ', 'codec_recon_0=0.021353; ', 'bpp_0=6.165444; ', 'mse_1=0.001813; ', 'lpips_1=0.003354; ', 'codec_recon_1=0.411054; ', 'bpp_1=0.300362; ', 'mse_2=0.001047; ', 'lpips_2=0.001952; ', 'codec_recon_2=0.078534; ', 'bpp_2=0.281274; ']
train step[889/2000] ; used: 18m:19s; eta: 22m:52s; loss = 0.011049; ['mse_0=0.000629; ', 'lpips_0=0.003617; ', 'codec_recon_0=0.021881; ', 'bpp_0=5.876339; ', 'mse_1=0.000566; ', 'lpips_1=0.002996; ', 'codec_recon_1=0.275354; ', 'bpp_1=0.290054; ', 'mse_2=0.000515; ', 'lpips_2=0.002728; ', 'codec_recon_2=0.075356; ', 'bpp_2=0.267712; ']
train step[890/2000] ; used: 18m:20s; eta: 22m:50s; loss = 0.011719; ['mse_0=0.000588; ', 'lpips_0=0.003931; ', 'codec_recon_0=0.020756; ', 'bpp_0=5.898885; ', 'mse_1=0.000463; ', 'lpips_1=0.003379; ', 'codec_recon_1=0.279019; ', 'bpp_1=0.292604; ', 'mse_2=0.000369; ', 'lpips_2=0.002988; ', 'codec_recon_2=0.081711; ', 'bpp_2=0.269048; ']
train step[891/2000] ; used: 18m:21s; eta: 22m:49s; loss = 0.016907; ['mse_0=0.001163; ', 'lpips_0=0.005137; ', 'codec_recon_0=0.027022; ', 'bpp_0=5.827068; ', 'mse_1=0.001025; ', 'lpips_1=0.004435; ', 'codec_recon_1=0.294846; ', 'bpp_1=0.289323; ', 'mse_2=0.000977; ', 'lpips_2=0.004169; ', 'codec_recon_2=0.087147; ', 'bpp_2=0.273250; ']
train step[892/2000] ; used: 18m:22s; eta: 22m:47s; loss = 0.011308; ['mse_0=0.000518; ', 'lpips_0=0.003738; ', 'codec_recon_0=0.021847; ', 'bpp_0=5.854280; ', 'mse_1=0.000419; ', 'lpips_1=0.003253; ', 'codec_recon_1=0.302677; ', 'bpp_1=0.290607; ', 'mse_2=0.000363; ', 'lpips_2=0.003017; ', 'codec_recon_2=0.088807; ', 'bpp_2=0.268345; ']
train step[893/2000] ; used: 18m:23s; eta: 22m:46s; loss = 0.018144; ['mse_0=0.001560; ', 'lpips_0=0.005206; ', 'codec_recon_0=0.021060; ', 'bpp_0=6.057438; ', 'mse_1=0.001338; ', 'lpips_1=0.004636; ', 'codec_recon_1=0.339509; ', 'bpp_1=0.296538; ', 'mse_2=0.001219; ', 'lpips_2=0.004186; ', 'codec_recon_2=0.081963; ', 'bpp_2=0.277450; ']
train step[894/2000] ; used: 18m:24s; eta: 22m:44s; loss = 0.010086; ['mse_0=0.000823; ', 'lpips_0=0.003150; ', 'codec_recon_0=0.020655; ', 'bpp_0=5.898726; ', 'mse_1=0.000734; ', 'lpips_1=0.002515; ', 'codec_recon_1=0.298148; ', 'bpp_1=0.291671; ', 'mse_2=0.000648; ', 'lpips_2=0.002215; ', 'codec_recon_2=0.076647; ', 'bpp_2=0.267577; ']
train step[895/2000] ; used: 18m:25s; eta: 22m:43s; loss = 0.016346; ['mse_0=0.001338; ', 'lpips_0=0.004775; ', 'codec_recon_0=0.021113; ', 'bpp_0=5.826563; ', 'mse_1=0.001177; ', 'lpips_1=0.004264; ', 'codec_recon_1=0.327565; ', 'bpp_1=0.292576; ', 'mse_2=0.001064; ', 'lpips_2=0.003728; ', 'codec_recon_2=0.078720; ', 'bpp_2=0.269521; ']
train step[896/2000] ; used: 18m:26s; eta: 22m:41s; loss = 0.016122; ['mse_0=0.001334; ', 'lpips_0=0.004488; ', 'codec_recon_0=0.022758; ', 'bpp_0=5.935114; ', 'mse_1=0.001258; ', 'lpips_1=0.004016; ', 'codec_recon_1=0.289618; ', 'bpp_1=0.293736; ', 'mse_2=0.001209; ', 'lpips_2=0.003817; ', 'codec_recon_2=0.087996; ', 'bpp_2=0.270693; ']
train step[897/2000] ; used: 18m:28s; eta: 22m:41s; loss = 0.013037; ['mse_0=0.000955; ', 'lpips_0=0.004589; ', 'codec_recon_0=0.019172; ', 'bpp_0=6.075061; ', 'mse_1=0.000730; ', 'lpips_1=0.003695; ', 'codec_recon_1=0.367213; ', 'bpp_1=0.297388; ', 'mse_2=0.000477; ', 'lpips_2=0.002590; ', 'codec_recon_2=0.085866; ', 'bpp_2=0.275723; ']
train step[898/2000] ; used: 18m:29s; eta: 22m:39s; loss = 0.014048; ['mse_0=0.000444; ', 'lpips_0=0.004689; ', 'codec_recon_0=0.022051; ', 'bpp_0=5.648537; ', 'mse_1=0.000382; ', 'lpips_1=0.004153; ', 'codec_recon_1=0.256016; ', 'bpp_1=0.286207; ', 'mse_2=0.000370; ', 'lpips_2=0.004010; ', 'codec_recon_2=0.071494; ', 'bpp_2=0.264841; ']
train step[899/2000] ; used: 18m:30s; eta: 22m:38s; loss = 0.014355; ['mse_0=0.001666; ', 'lpips_0=0.004272; ', 'codec_recon_0=0.020799; ', 'bpp_0=6.116698; ', 'mse_1=0.001395; ', 'lpips_1=0.003380; ', 'codec_recon_1=0.360049; ', 'bpp_1=0.296905; ', 'mse_2=0.001188; ', 'lpips_2=0.002453; ', 'codec_recon_2=0.093653; ', 'bpp_2=0.277294; ']
train step[900/2000] ; used: 18m:31s; eta: 22m:36s; loss = 0.013820; ['mse_0=0.000318; ', 'lpips_0=0.004838; ', 'codec_recon_0=0.026523; ', 'bpp_0=5.838290; ', 'mse_1=0.000261; ', 'lpips_1=0.004229; ', 'codec_recon_1=0.318577; ', 'bpp_1=0.289743; ', 'mse_2=0.000238; ', 'lpips_2=0.003937; ', 'codec_recon_2=0.092074; ', 'bpp_2=0.267397; ']
train step[901/2000] ; used: 18m:32s; eta: 22m:35s; loss = 0.030055; ['mse_0=0.004333; ', 'lpips_0=0.006767; ', 'codec_recon_0=0.023222; ', 'bpp_0=6.320314; ', 'mse_1=0.004011; ', 'lpips_1=0.005935; ', 'codec_recon_1=0.379591; ', 'bpp_1=0.301582; ', 'mse_2=0.003862; ', 'lpips_2=0.005148; ', 'codec_recon_2=0.085185; ', 'bpp_2=0.284492; ']
train step[902/2000] ; used: 18m:33s; eta: 22m:33s; loss = 0.022807; ['mse_0=0.003658; ', 'lpips_0=0.004663; ', 'codec_recon_0=0.039125; ', 'bpp_0=6.006810; ', 'mse_1=0.003465; ', 'lpips_1=0.004065; ', 'codec_recon_1=0.348029; ', 'bpp_1=0.295240; ', 'mse_2=0.003367; ', 'lpips_2=0.003588; ', 'codec_recon_2=0.094650; ', 'bpp_2=0.273254; ']
train step[903/2000] ; used: 18m:34s; eta: 22m:32s; loss = 0.024340; ['mse_0=0.003107; ', 'lpips_0=0.005404; ', 'codec_recon_0=0.020194; ', 'bpp_0=5.945618; ', 'mse_1=0.003091; ', 'lpips_1=0.004912; ', 'codec_recon_1=0.300692; ', 'bpp_1=0.292613; ', 'mse_2=0.003168; ', 'lpips_2=0.004658; ', 'codec_recon_2=0.084593; ', 'bpp_2=0.269186; ']
train step[904/2000] ; used: 18m:35s; eta: 22m:30s; loss = 0.017568; ['mse_0=0.001804; ', 'lpips_0=0.004835; ', 'codec_recon_0=0.020773; ', 'bpp_0=6.119192; ', 'mse_1=0.001794; ', 'lpips_1=0.004113; ', 'codec_recon_1=0.336090; ', 'bpp_1=0.298221; ', 'mse_2=0.001669; ', 'lpips_2=0.003353; ', 'codec_recon_2=0.086551; ', 'bpp_2=0.278206; ']
train step[905/2000] ; used: 18m:36s; eta: 22m:29s; loss = 0.009306; ['mse_0=0.000782; ', 'lpips_0=0.003048; ', 'codec_recon_0=0.018177; ', 'bpp_0=6.111334; ', 'mse_1=0.000578; ', 'lpips_1=0.002422; ', 'codec_recon_1=0.301242; ', 'bpp_1=0.297258; ', 'mse_2=0.000451; ', 'lpips_2=0.002025; ', 'codec_recon_2=0.080972; ', 'bpp_2=0.275625; ']
train step[906/2000] ; used: 18m:37s; eta: 22m:27s; loss = 0.045265; ['mse_0=0.006004; ', 'lpips_0=0.011805; ', 'codec_recon_0=0.029823; ', 'bpp_0=5.978351; ', 'mse_1=0.003926; ', 'lpips_1=0.010310; ', 'codec_recon_1=0.358281; ', 'bpp_1=0.293475; ', 'mse_2=0.003525; ', 'lpips_2=0.009696; ', 'codec_recon_2=0.108787; ', 'bpp_2=0.274378; ']
train step[907/2000] ; used: 18m:38s; eta: 22m:26s; loss = 0.020547; ['mse_0=0.001644; ', 'lpips_0=0.005819; ', 'codec_recon_0=0.023998; ', 'bpp_0=5.940511; ', 'mse_1=0.001475; ', 'lpips_1=0.005286; ', 'codec_recon_1=0.297785; ', 'bpp_1=0.291886; ', 'mse_2=0.001382; ', 'lpips_2=0.004940; ', 'codec_recon_2=0.095984; ', 'bpp_2=0.270021; ']
train step[908/2000] ; used: 18m:39s; eta: 22m:24s; loss = 0.009286; ['mse_0=0.000867; ', 'lpips_0=0.002859; ', 'codec_recon_0=0.019127; ', 'bpp_0=6.062605; ', 'mse_1=0.000704; ', 'lpips_1=0.002311; ', 'codec_recon_1=0.304719; ', 'bpp_1=0.296488; ', 'mse_2=0.000573; ', 'lpips_2=0.001972; ', 'codec_recon_2=0.075802; ', 'bpp_2=0.275201; ']
train step[909/2000] ; used: 18m:40s; eta: 22m:23s; loss = 0.028310; ['mse_0=0.002810; ', 'lpips_0=0.008157; ', 'codec_recon_0=0.020684; ', 'bpp_0=6.179025; ', 'mse_1=0.002436; ', 'lpips_1=0.007043; ', 'codec_recon_1=0.423403; ', 'bpp_1=0.298013; ', 'mse_2=0.001963; ', 'lpips_2=0.005900; ', 'codec_recon_2=0.092858; ', 'bpp_2=0.281273; ']
train step[910/2000] ; used: 18m:41s; eta: 22m:21s; loss = 0.021180; ['mse_0=0.001796; ', 'lpips_0=0.006274; ', 'codec_recon_0=0.027055; ', 'bpp_0=5.844122; ', 'mse_1=0.001474; ', 'lpips_1=0.005376; ', 'codec_recon_1=0.312876; ', 'bpp_1=0.292270; ', 'mse_2=0.001336; ', 'lpips_2=0.004923; ', 'codec_recon_2=0.088121; ', 'bpp_2=0.271946; ']
train step[911/2000] ; used: 18m:42s; eta: 22m:20s; loss = 0.018897; ['mse_0=0.002025; ', 'lpips_0=0.004648; ', 'codec_recon_0=0.021464; ', 'bpp_0=5.825589; ', 'mse_1=0.002013; ', 'lpips_1=0.004186; ', 'codec_recon_1=0.290119; ', 'bpp_1=0.290043; ', 'mse_2=0.002025; ', 'lpips_2=0.004000; ', 'codec_recon_2=0.082536; ', 'bpp_2=0.267104; ']
train step[912/2000] ; used: 18m:43s; eta: 22m:19s; loss = 0.010548; ['mse_0=0.001071; ', 'lpips_0=0.003057; ', 'codec_recon_0=0.019941; ', 'bpp_0=5.693407; ', 'mse_1=0.000921; ', 'lpips_1=0.002484; ', 'codec_recon_1=0.292808; ', 'bpp_1=0.286958; ', 'mse_2=0.000826; ', 'lpips_2=0.002189; ', 'codec_recon_2=0.068769; ', 'bpp_2=0.265345; ']
train step[913/2000] ; used: 18m:44s; eta: 22m:17s; loss = 0.017066; ['mse_0=0.001427; ', 'lpips_0=0.004989; ', 'codec_recon_0=0.023471; ', 'bpp_0=5.834646; ', 'mse_1=0.001269; ', 'lpips_1=0.004272; ', 'codec_recon_1=0.314130; ', 'bpp_1=0.290176; ', 'mse_2=0.001184; ', 'lpips_2=0.003925; ', 'codec_recon_2=0.080784; ', 'bpp_2=0.268313; ']
train step[914/2000] ; used: 18m:45s; eta: 22m:16s; loss = 0.012435; ['mse_0=0.000891; ', 'lpips_0=0.003927; ', 'codec_recon_0=0.022455; ', 'bpp_0=5.973604; ', 'mse_1=0.000675; ', 'lpips_1=0.003330; ', 'codec_recon_1=0.300355; ', 'bpp_1=0.292013; ', 'mse_2=0.000593; ', 'lpips_2=0.003019; ', 'codec_recon_2=0.082754; ', 'bpp_2=0.270811; ']
train step[915/2000] ; used: 18m:46s; eta: 22m:14s; loss = 0.012182; ['mse_0=0.001389; ', 'lpips_0=0.003622; ', 'codec_recon_0=0.019144; ', 'bpp_0=5.782715; ', 'mse_1=0.001078; ', 'lpips_1=0.003080; ', 'codec_recon_1=0.331965; ', 'bpp_1=0.289072; ', 'mse_2=0.000583; ', 'lpips_2=0.002432; ', 'codec_recon_2=0.073993; ', 'bpp_2=0.270297; ']
train step[916/2000] ; used: 18m:47s; eta: 22m:13s; loss = 0.013478; ['mse_0=0.001117; ', 'lpips_0=0.004208; ', 'codec_recon_0=0.020642; ', 'bpp_0=6.082394; ', 'mse_1=0.000870; ', 'lpips_1=0.003450; ', 'codec_recon_1=0.317813; ', 'bpp_1=0.295413; ', 'mse_2=0.000780; ', 'lpips_2=0.003052; ', 'codec_recon_2=0.086065; ', 'bpp_2=0.272174; ']
train step[917/2000] ; used: 18m:48s; eta: 22m:11s; loss = 0.009012; ['mse_0=0.000850; ', 'lpips_0=0.002888; ', 'codec_recon_0=0.017938; ', 'bpp_0=6.116146; ', 'mse_1=0.000626; ', 'lpips_1=0.002282; ', 'codec_recon_1=0.313758; ', 'bpp_1=0.297761; ', 'mse_2=0.000459; ', 'lpips_2=0.001907; ', 'codec_recon_2=0.081525; ', 'bpp_2=0.275088; ']
train step[918/2000] ; used: 18m:49s; eta: 22m:10s; loss = 0.014388; ['mse_0=0.001527; ', 'lpips_0=0.004048; ', 'codec_recon_0=0.020011; ', 'bpp_0=5.946917; ', 'mse_1=0.001237; ', 'lpips_1=0.003515; ', 'codec_recon_1=0.331050; ', 'bpp_1=0.294877; ', 'mse_2=0.001041; ', 'lpips_2=0.003021; ', 'codec_recon_2=0.076119; ', 'bpp_2=0.274045; ']
train step[919/2000] ; used: 18m:50s; eta: 22m:8s; loss = 0.014070; ['mse_0=0.000918; ', 'lpips_0=0.004523; ', 'codec_recon_0=0.020952; ', 'bpp_0=5.941551; ', 'mse_1=0.000774; ', 'lpips_1=0.003740; ', 'codec_recon_1=0.305825; ', 'bpp_1=0.292825; ', 'mse_2=0.000702; ', 'lpips_2=0.003414; ', 'codec_recon_2=0.079015; ', 'bpp_2=0.273180; ']
train step[920/2000] ; used: 18m:52s; eta: 22m:7s; loss = 0.014790; ['mse_0=0.001162; ', 'lpips_0=0.004479; ', 'codec_recon_0=0.020036; ', 'bpp_0=5.802697; ', 'mse_1=0.001028; ', 'lpips_1=0.003757; ', 'codec_recon_1=0.293716; ', 'bpp_1=0.289904; ', 'mse_2=0.000942; ', 'lpips_2=0.003422; ', 'codec_recon_2=0.078260; ', 'bpp_2=0.269508; ']
train step[921/2000] ; used: 18m:53s; eta: 22m:6s; loss = 0.018578; ['mse_0=0.001551; ', 'lpips_0=0.005223; ', 'codec_recon_0=0.023529; ', 'bpp_0=6.028841; ', 'mse_1=0.001440; ', 'lpips_1=0.004585; ', 'codec_recon_1=0.297527; ', 'bpp_1=0.292747; ', 'mse_2=0.001395; ', 'lpips_2=0.004385; ', 'codec_recon_2=0.091932; ', 'bpp_2=0.272478; ']
train step[922/2000] ; used: 18m:54s; eta: 22m:4s; loss = 0.013448; ['mse_0=0.001513; ', 'lpips_0=0.003819; ', 'codec_recon_0=0.018912; ', 'bpp_0=6.116015; ', 'mse_1=0.001309; ', 'lpips_1=0.003019; ', 'codec_recon_1=0.310288; ', 'bpp_1=0.296954; ', 'mse_2=0.001245; ', 'lpips_2=0.002544; ', 'codec_recon_2=0.089322; ', 'bpp_2=0.274134; ']
train step[923/2000] ; used: 18m:55s; eta: 22m:3s; loss = 0.010491; ['mse_0=0.000987; ', 'lpips_0=0.003176; ', 'codec_recon_0=0.018676; ', 'bpp_0=6.040007; ', 'mse_1=0.000846; ', 'lpips_1=0.002541; ', 'codec_recon_1=0.304825; ', 'bpp_1=0.293702; ', 'mse_2=0.000772; ', 'lpips_2=0.002169; ', 'codec_recon_2=0.089432; ', 'bpp_2=0.270384; ']
train step[924/2000] ; used: 18m:56s; eta: 22m:1s; loss = 0.022506; ['mse_0=0.002735; ', 'lpips_0=0.005468; ', 'codec_recon_0=0.021469; ', 'bpp_0=6.012966; ', 'mse_1=0.002506; ', 'lpips_1=0.004815; ', 'codec_recon_1=0.322106; ', 'bpp_1=0.295584; ', 'mse_2=0.002478; ', 'lpips_2=0.004504; ', 'codec_recon_2=0.083485; ', 'bpp_2=0.274566; ']
train step[925/2000] ; used: 18m:57s; eta: 22m; loss = 0.016724; ['mse_0=0.002209; ', 'lpips_0=0.004384; ', 'codec_recon_0=0.018816; ', 'bpp_0=6.216099; ', 'mse_1=0.001824; ', 'lpips_1=0.003663; ', 'codec_recon_1=0.353851; ', 'bpp_1=0.300614; ', 'mse_2=0.001591; ', 'lpips_2=0.003053; ', 'codec_recon_2=0.080226; ', 'bpp_2=0.280947; ']
train step[926/2000] ; used: 18m:58s; eta: 21m:58s; loss = 0.013293; ['mse_0=0.001002; ', 'lpips_0=0.004265; ', 'codec_recon_0=0.019800; ', 'bpp_0=5.826307; ', 'mse_1=0.000806; ', 'lpips_1=0.003446; ', 'codec_recon_1=0.283044; ', 'bpp_1=0.292022; ', 'mse_2=0.000746; ', 'lpips_2=0.003029; ', 'codec_recon_2=0.074030; ', 'bpp_2=0.270381; ']
train step[927/2000] ; used: 18m:59s; eta: 21m:57s; loss = 0.014988; ['mse_0=0.001627; ', 'lpips_0=0.003782; ', 'codec_recon_0=0.021362; ', 'bpp_0=5.922911; ', 'mse_1=0.001529; ', 'lpips_1=0.003360; ', 'codec_recon_1=0.269278; ', 'bpp_1=0.291231; ', 'mse_2=0.001481; ', 'lpips_2=0.003209; ', 'codec_recon_2=0.081430; ', 'bpp_2=0.269706; ']
train step[928/2000] ; used: 19m; eta: 21m:56s; loss = 0.023645; ['mse_0=0.002995; ', 'lpips_0=0.005848; ', 'codec_recon_0=0.019388; ', 'bpp_0=6.164181; ', 'mse_1=0.002619; ', 'lpips_1=0.005014; ', 'codec_recon_1=0.342412; ', 'bpp_1=0.298056; ', 'mse_2=0.002581; ', 'lpips_2=0.004587; ', 'codec_recon_2=0.085909; ', 'bpp_2=0.278010; ']
train step[929/2000] ; used: 19m:1s; eta: 21m:54s; loss = 0.014538; ['mse_0=0.001304; ', 'lpips_0=0.004161; ', 'codec_recon_0=0.020452; ', 'bpp_0=5.962083; ', 'mse_1=0.001139; ', 'lpips_1=0.003594; ', 'codec_recon_1=0.309744; ', 'bpp_1=0.294599; ', 'mse_2=0.001018; ', 'lpips_2=0.003323; ', 'codec_recon_2=0.076901; ', 'bpp_2=0.272008; ']
train step[930/2000] ; used: 19m:2s; eta: 21m:53s; loss = 0.014944; ['mse_0=0.001234; ', 'lpips_0=0.004466; ', 'codec_recon_0=0.024303; ', 'bpp_0=5.868876; ', 'mse_1=0.000932; ', 'lpips_1=0.003876; ', 'codec_recon_1=0.292753; ', 'bpp_1=0.291823; ', 'mse_2=0.000834; ', 'lpips_2=0.003602; ', 'codec_recon_2=0.090095; ', 'bpp_2=0.270264; ']
train step[931/2000] ; used: 19m:3s; eta: 21m:51s; loss = 0.013043; ['mse_0=0.000863; ', 'lpips_0=0.004159; ', 'codec_recon_0=0.020418; ', 'bpp_0=5.983197; ', 'mse_1=0.000689; ', 'lpips_1=0.003487; ', 'codec_recon_1=0.275972; ', 'bpp_1=0.294414; ', 'mse_2=0.000606; ', 'lpips_2=0.003240; ', 'codec_recon_2=0.079586; ', 'bpp_2=0.272261; ']
train step[932/2000] ; used: 19m:4s; eta: 21m:50s; loss = 0.013177; ['mse_0=0.000677; ', 'lpips_0=0.004338; ', 'codec_recon_0=0.028739; ', 'bpp_0=5.971338; ', 'mse_1=0.000575; ', 'lpips_1=0.003713; ', 'codec_recon_1=0.350447; ', 'bpp_1=0.291421; ', 'mse_2=0.000502; ', 'lpips_2=0.003372; ', 'codec_recon_2=0.102451; ', 'bpp_2=0.270691; ']
train step[933/2000] ; used: 19m:5s; eta: 21m:48s; loss = 0.027438; ['mse_0=0.004225; ', 'lpips_0=0.005753; ', 'codec_recon_0=0.020519; ', 'bpp_0=5.920751; ', 'mse_1=0.003835; ', 'lpips_1=0.005209; ', 'codec_recon_1=0.330128; ', 'bpp_1=0.293124; ', 'mse_2=0.003638; ', 'lpips_2=0.004777; ', 'codec_recon_2=0.074074; ', 'bpp_2=0.271722; ']
train step[934/2000] ; used: 19m:6s; eta: 21m:47s; loss = 0.027094; ['mse_0=0.003823; ', 'lpips_0=0.005689; ', 'codec_recon_0=0.027106; ', 'bpp_0=6.026097; ', 'mse_1=0.003662; ', 'lpips_1=0.005236; ', 'codec_recon_1=0.304079; ', 'bpp_1=0.295003; ', 'mse_2=0.003659; ', 'lpips_2=0.005025; ', 'codec_recon_2=0.092885; ', 'bpp_2=0.270516; ']
train step[935/2000] ; used: 19m:7s; eta: 21m:46s; loss = 0.014576; ['mse_0=0.001631; ', 'lpips_0=0.004107; ', 'codec_recon_0=0.018690; ', 'bpp_0=6.067932; ', 'mse_1=0.001283; ', 'lpips_1=0.003453; ', 'codec_recon_1=0.304232; ', 'bpp_1=0.296598; ', 'mse_2=0.001095; ', 'lpips_2=0.003007; ', 'codec_recon_2=0.083639; ', 'bpp_2=0.273398; ']
train step[936/2000] ; used: 19m:8s; eta: 21m:44s; loss = 0.013676; ['mse_0=0.000471; ', 'lpips_0=0.004433; ', 'codec_recon_0=0.024177; ', 'bpp_0=5.847017; ', 'mse_1=0.000446; ', 'lpips_1=0.003981; ', 'codec_recon_1=0.267125; ', 'bpp_1=0.287818; ', 'mse_2=0.000427; ', 'lpips_2=0.003918; ', 'codec_recon_2=0.085332; ', 'bpp_2=0.269100; ']
train step[937/2000] ; used: 19m:9s; eta: 21m:43s; loss = 0.010601; ['mse_0=0.000477; ', 'lpips_0=0.003815; ', 'codec_recon_0=0.021320; ', 'bpp_0=5.795726; ', 'mse_1=0.000327; ', 'lpips_1=0.003068; ', 'codec_recon_1=0.320848; ', 'bpp_1=0.287069; ', 'mse_2=0.000228; ', 'lpips_2=0.002686; ', 'codec_recon_2=0.083645; ', 'bpp_2=0.265051; ']
train step[938/2000] ; used: 19m:11s; eta: 21m:41s; loss = 0.010943; ['mse_0=0.001403; ', 'lpips_0=0.003333; ', 'codec_recon_0=0.026932; ', 'bpp_0=6.219545; ', 'mse_1=0.000996; ', 'lpips_1=0.002468; ', 'codec_recon_1=0.378165; ', 'bpp_1=0.297381; ', 'mse_2=0.000784; ', 'lpips_2=0.001958; ', 'codec_recon_2=0.089590; ', 'bpp_2=0.277171; ']
train step[939/2000] ; used: 19m:12s; eta: 21m:40s; loss = 0.014902; ['mse_0=0.001290; ', 'lpips_0=0.004772; ', 'codec_recon_0=0.020581; ', 'bpp_0=6.174834; ', 'mse_1=0.000969; ', 'lpips_1=0.003909; ', 'codec_recon_1=0.373762; ', 'bpp_1=0.296943; ', 'mse_2=0.000742; ', 'lpips_2=0.003218; ', 'codec_recon_2=0.089217; ', 'bpp_2=0.277201; ']
train step[940/2000] ; used: 19m:13s; eta: 21m:38s; loss = 0.015154; ['mse_0=0.000927; ', 'lpips_0=0.004875; ', 'codec_recon_0=0.023296; ', 'bpp_0=6.054086; ', 'mse_1=0.000728; ', 'lpips_1=0.004182; ', 'codec_recon_1=0.324260; ', 'bpp_1=0.293607; ', 'mse_2=0.000669; ', 'lpips_2=0.003773; ', 'codec_recon_2=0.094814; ', 'bpp_2=0.272900; ']
train step[941/2000] ; used: 19m:14s; eta: 21m:37s; loss = 0.011877; ['mse_0=0.000811; ', 'lpips_0=0.003770; ', 'codec_recon_0=0.020834; ', 'bpp_0=5.943229; ', 'mse_1=0.000664; ', 'lpips_1=0.003211; ', 'codec_recon_1=0.291429; ', 'bpp_1=0.293027; ', 'mse_2=0.000567; ', 'lpips_2=0.002853; ', 'codec_recon_2=0.082159; ', 'bpp_2=0.269575; ']
train step[942/2000] ; used: 19m:15s; eta: 21m:36s; loss = 0.015405; ['mse_0=0.001123; ', 'lpips_0=0.004960; ', 'codec_recon_0=0.025879; ', 'bpp_0=6.147618; ', 'mse_1=0.000917; ', 'lpips_1=0.004147; ', 'codec_recon_1=0.366627; ', 'bpp_1=0.296349; ', 'mse_2=0.000750; ', 'lpips_2=0.003509; ', 'codec_recon_2=0.100887; ', 'bpp_2=0.276508; ']
train step[943/2000] ; used: 19m:16s; eta: 21m:34s; loss = 0.010600; ['mse_0=0.000692; ', 'lpips_0=0.003399; ', 'codec_recon_0=0.019270; ', 'bpp_0=6.032614; ', 'mse_1=0.000575; ', 'lpips_1=0.002851; ', 'codec_recon_1=0.291000; ', 'bpp_1=0.294610; ', 'mse_2=0.000510; ', 'lpips_2=0.002573; ', 'codec_recon_2=0.081524; ', 'bpp_2=0.271043; ']
train step[944/2000] ; used: 19m:17s; eta: 21m:33s; loss = 0.013891; ['mse_0=0.001208; ', 'lpips_0=0.004100; ', 'codec_recon_0=0.025899; ', 'bpp_0=5.828749; ', 'mse_1=0.001001; ', 'lpips_1=0.003535; ', 'codec_recon_1=0.329555; ', 'bpp_1=0.289203; ', 'mse_2=0.000881; ', 'lpips_2=0.003167; ', 'codec_recon_2=0.078037; ', 'bpp_2=0.268249; ']
train step[945/2000] ; used: 19m:18s; eta: 21m:31s; loss = 0.016535; ['mse_0=0.001525; ', 'lpips_0=0.005297; ', 'codec_recon_0=0.021607; ', 'bpp_0=6.277504; ', 'mse_1=0.001185; ', 'lpips_1=0.004334; ', 'codec_recon_1=0.400395; ', 'bpp_1=0.300720; ', 'mse_2=0.000916; ', 'lpips_2=0.003278; ', 'codec_recon_2=0.095781; ', 'bpp_2=0.281699; ']
train step[946/2000] ; used: 19m:19s; eta: 21m:30s; loss = 0.011780; ['mse_0=0.001016; ', 'lpips_0=0.003666; ', 'codec_recon_0=0.019610; ', 'bpp_0=5.903317; ', 'mse_1=0.000748; ', 'lpips_1=0.003069; ', 'codec_recon_1=0.292638; ', 'bpp_1=0.291499; ', 'mse_2=0.000617; ', 'lpips_2=0.002664; ', 'codec_recon_2=0.075424; ', 'bpp_2=0.268043; ']
train step[947/2000] ; used: 19m:20s; eta: 21m:28s; loss = 0.008667; ['mse_0=0.000718; ', 'lpips_0=0.002931; ', 'codec_recon_0=0.019411; ', 'bpp_0=6.147776; ', 'mse_1=0.000535; ', 'lpips_1=0.002225; ', 'codec_recon_1=0.294390; ', 'bpp_1=0.295751; ', 'mse_2=0.000445; ', 'lpips_2=0.001813; ', 'codec_recon_2=0.088794; ', 'bpp_2=0.271571; ']
train step[948/2000] ; used: 19m:21s; eta: 21m:27s; loss = 0.015503; ['mse_0=0.001309; ', 'lpips_0=0.004737; ', 'codec_recon_0=0.021547; ', 'bpp_0=6.152679; ', 'mse_1=0.001087; ', 'lpips_1=0.004083; ', 'codec_recon_1=0.393568; ', 'bpp_1=0.295930; ', 'mse_2=0.000858; ', 'lpips_2=0.003429; ', 'codec_recon_2=0.089592; ', 'bpp_2=0.275870; ']
train step[949/2000] ; used: 19m:22s; eta: 21m:26s; loss = 0.011054; ['mse_0=0.001275; ', 'lpips_0=0.003101; ', 'codec_recon_0=0.018611; ', 'bpp_0=6.072120; ', 'mse_1=0.001021; ', 'lpips_1=0.002519; ', 'codec_recon_1=0.298422; ', 'bpp_1=0.297264; ', 'mse_2=0.000927; ', 'lpips_2=0.002211; ', 'codec_recon_2=0.071357; ', 'bpp_2=0.273525; ']
train step[950/2000] ; used: 19m:23s; eta: 21m:24s; loss = 0.015817; ['mse_0=0.001011; ', 'lpips_0=0.004744; ', 'codec_recon_0=0.032010; ', 'bpp_0=5.849825; ', 'mse_1=0.000856; ', 'lpips_1=0.004269; ', 'codec_recon_1=0.303971; ', 'bpp_1=0.289594; ', 'mse_2=0.000820; ', 'lpips_2=0.004118; ', 'codec_recon_2=0.099929; ', 'bpp_2=0.269352; ']
train step[951/2000] ; used: 19m:24s; eta: 21m:23s; loss = 0.012143; ['mse_0=0.001258; ', 'lpips_0=0.003697; ', 'codec_recon_0=0.017765; ', 'bpp_0=6.226405; ', 'mse_1=0.000951; ', 'lpips_1=0.002953; ', 'codec_recon_1=0.299218; ', 'bpp_1=0.299245; ', 'mse_2=0.000809; ', 'lpips_2=0.002475; ', 'codec_recon_2=0.082428; ', 'bpp_2=0.277932; ']
train step[952/2000] ; used: 19m:25s; eta: 21m:21s; loss = 0.010393; ['mse_0=0.000703; ', 'lpips_0=0.003524; ', 'codec_recon_0=0.018592; ', 'bpp_0=6.039320; ', 'mse_1=0.000529; ', 'lpips_1=0.002794; ', 'codec_recon_1=0.299887; ', 'bpp_1=0.295378; ', 'mse_2=0.000440; ', 'lpips_2=0.002403; ', 'codec_recon_2=0.080571; ', 'bpp_2=0.272015; ']
train step[953/2000] ; used: 19m:26s; eta: 21m:20s; loss = 0.020755; ['mse_0=0.002119; ', 'lpips_0=0.005556; ', 'codec_recon_0=0.025280; ', 'bpp_0=5.942348; ', 'mse_1=0.001923; ', 'lpips_1=0.004857; ', 'codec_recon_1=0.317957; ', 'bpp_1=0.294270; ', 'mse_2=0.001882; ', 'lpips_2=0.004419; ', 'codec_recon_2=0.081990; ', 'bpp_2=0.270973; ']
train step[954/2000] ; used: 19m:27s; eta: 21m:18s; loss = 0.014222; ['mse_0=0.001271; ', 'lpips_0=0.004070; ', 'codec_recon_0=0.020479; ', 'bpp_0=6.094375; ', 'mse_1=0.001147; ', 'lpips_1=0.003458; ', 'codec_recon_1=0.299340; ', 'bpp_1=0.294486; ', 'mse_2=0.001069; ', 'lpips_2=0.003206; ', 'codec_recon_2=0.085251; ', 'bpp_2=0.273719; ']
train step[955/2000] ; used: 19m:28s; eta: 21m:17s; loss = 0.010017; ['mse_0=0.000480; ', 'lpips_0=0.003483; ', 'codec_recon_0=0.021334; ', 'bpp_0=5.858360; ', 'mse_1=0.000352; ', 'lpips_1=0.002829; ', 'codec_recon_1=0.269681; ', 'bpp_1=0.290268; ', 'mse_2=0.000311; ', 'lpips_2=0.002561; ', 'codec_recon_2=0.078879; ', 'bpp_2=0.266629; ']
train step[956/2000] ; used: 19m:29s; eta: 21m:16s; loss = 0.017554; ['mse_0=0.001749; ', 'lpips_0=0.005671; ', 'codec_recon_0=0.019712; ', 'bpp_0=6.347154; ', 'mse_1=0.001298; ', 'lpips_1=0.004479; ', 'codec_recon_1=0.386550; ', 'bpp_1=0.301044; ', 'mse_2=0.000968; ', 'lpips_2=0.003390; ', 'codec_recon_2=0.081943; ', 'bpp_2=0.282838; ']
train step[957/2000] ; used: 19m:30s; eta: 21m:14s; loss = 0.015539; ['mse_0=0.000842; ', 'lpips_0=0.004894; ', 'codec_recon_0=0.021461; ', 'bpp_0=5.934926; ', 'mse_1=0.000719; ', 'lpips_1=0.004302; ', 'codec_recon_1=0.267110; ', 'bpp_1=0.292051; ', 'mse_2=0.000697; ', 'lpips_2=0.004085; ', 'codec_recon_2=0.082282; ', 'bpp_2=0.270929; ']
train step[958/2000] ; used: 19m:31s; eta: 21m:13s; loss = 0.013143; ['mse_0=0.001194; ', 'lpips_0=0.003883; ', 'codec_recon_0=0.021564; ', 'bpp_0=5.848326; ', 'mse_1=0.000950; ', 'lpips_1=0.003297; ', 'codec_recon_1=0.287534; ', 'bpp_1=0.290664; ', 'mse_2=0.000873; ', 'lpips_2=0.002946; ', 'codec_recon_2=0.075404; ', 'bpp_2=0.269711; ']
train step[959/2000] ; used: 19m:32s; eta: 21m:11s; loss = 0.038254; ['mse_0=0.005780; ', 'lpips_0=0.007872; ', 'codec_recon_0=0.022729; ', 'bpp_0=6.026506; ', 'mse_1=0.005594; ', 'lpips_1=0.006992; ', 'codec_recon_1=0.344383; ', 'bpp_1=0.294365; ', 'mse_2=0.005454; ', 'lpips_2=0.006562; ', 'codec_recon_2=0.088810; ', 'bpp_2=0.272640; ']
train step[960/2000] ; used: 19m:34s; eta: 21m:10s; loss = 0.013983; ['mse_0=0.000902; ', 'lpips_0=0.004346; ', 'codec_recon_0=0.021228; ', 'bpp_0=6.043335; ', 'mse_1=0.000833; ', 'lpips_1=0.003745; ', 'codec_recon_1=0.320548; ', 'bpp_1=0.292256; ', 'mse_2=0.000770; ', 'lpips_2=0.003387; ', 'codec_recon_2=0.092220; ', 'bpp_2=0.268761; ']
train step[961/2000] ; used: 19m:35s; eta: 21m:9s; loss = 0.013912; ['mse_0=0.000940; ', 'lpips_0=0.004585; ', 'codec_recon_0=0.019057; ', 'bpp_0=6.235326; ', 'mse_1=0.000761; ', 'lpips_1=0.003789; ', 'codec_recon_1=0.346047; ', 'bpp_1=0.299399; ', 'mse_2=0.000613; ', 'lpips_2=0.003225; ', 'codec_recon_2=0.091204; ', 'bpp_2=0.277304; ']
train step[962/2000] ; used: 19m:36s; eta: 21m:7s; loss = 0.018129; ['mse_0=0.002368; ', 'lpips_0=0.004516; ', 'codec_recon_0=0.023610; ', 'bpp_0=6.118470; ', 'mse_1=0.002013; ', 'lpips_1=0.003866; ', 'codec_recon_1=0.308094; ', 'bpp_1=0.297824; ', 'mse_2=0.001911; ', 'lpips_2=0.003456; ', 'codec_recon_2=0.085722; ', 'bpp_2=0.276445; ']
train step[963/2000] ; used: 19m:37s; eta: 21m:6s; loss = 0.013184; ['mse_0=0.001653; ', 'lpips_0=0.004031; ', 'codec_recon_0=0.021215; ', 'bpp_0=6.210733; ', 'mse_1=0.001291; ', 'lpips_1=0.003065; ', 'codec_recon_1=0.375372; ', 'bpp_1=0.298758; ', 'mse_2=0.000979; ', 'lpips_2=0.002165; ', 'codec_recon_2=0.086880; ', 'bpp_2=0.279301; ']
train step[964/2000] ; used: 19m:38s; eta: 21m:5s; loss = 0.016743; ['mse_0=0.002349; ', 'lpips_0=0.004347; ', 'codec_recon_0=0.018246; ', 'bpp_0=6.279747; ', 'mse_1=0.001864; ', 'lpips_1=0.003607; ', 'codec_recon_1=0.327029; ', 'bpp_1=0.301651; ', 'mse_2=0.001604; ', 'lpips_2=0.002971; ', 'codec_recon_2=0.080234; ', 'bpp_2=0.281929; ']
train step[965/2000] ; used: 19m:40s; eta: 21m:4s; loss = 0.015635; ['mse_0=0.000782; ', 'lpips_0=0.005380; ', 'codec_recon_0=0.023180; ', 'bpp_0=6.047490; ', 'mse_1=0.000615; ', 'lpips_1=0.004388; ', 'codec_recon_1=0.367587; ', 'bpp_1=0.293466; ', 'mse_2=0.000513; ', 'lpips_2=0.003958; ', 'codec_recon_2=0.099619; ', 'bpp_2=0.272111; ']
train step[966/2000] ; used: 19m:41s; eta: 21m:2s; loss = 0.034711; ['mse_0=0.005508; ', 'lpips_0=0.006853; ', 'codec_recon_0=0.019888; ', 'bpp_0=6.129176; ', 'mse_1=0.005252; ', 'lpips_1=0.006270; ', 'codec_recon_1=0.352832; ', 'bpp_1=0.297115; ', 'mse_2=0.005192; ', 'lpips_2=0.005635; ', 'codec_recon_2=0.084030; ', 'bpp_2=0.276367; ']
train step[967/2000] ; used: 19m:42s; eta: 21m:1s; loss = 0.012331; ['mse_0=0.000777; ', 'lpips_0=0.004441; ', 'codec_recon_0=0.022082; ', 'bpp_0=6.126805; ', 'mse_1=0.000583; ', 'lpips_1=0.003387; ', 'codec_recon_1=0.364215; ', 'bpp_1=0.294683; ', 'mse_2=0.000451; ', 'lpips_2=0.002692; ', 'codec_recon_2=0.093295; ', 'bpp_2=0.273531; ']
train step[968/2000] ; used: 19m:43s; eta: 21m; loss = 0.013728; ['mse_0=0.001106; ', 'lpips_0=0.004138; ', 'codec_recon_0=0.018730; ', 'bpp_0=6.184227; ', 'mse_1=0.000961; ', 'lpips_1=0.003500; ', 'codec_recon_1=0.309163; ', 'bpp_1=0.297648; ', 'mse_2=0.000882; ', 'lpips_2=0.003141; ', 'codec_recon_2=0.088469; ', 'bpp_2=0.275946; ']
train step[969/2000] ; used: 19m:44s; eta: 20m:58s; loss = 0.020931; ['mse_0=0.002032; ', 'lpips_0=0.006255; ', 'codec_recon_0=0.021282; ', 'bpp_0=6.185462; ', 'mse_1=0.001639; ', 'lpips_1=0.005252; ', 'codec_recon_1=0.372732; ', 'bpp_1=0.297939; ', 'mse_2=0.001440; ', 'lpips_2=0.004313; ', 'codec_recon_2=0.088836; ', 'bpp_2=0.279156; ']
train step[970/2000] ; used: 19m:45s; eta: 20m:57s; loss = 0.011249; ['mse_0=0.000630; ', 'lpips_0=0.003605; ', 'codec_recon_0=0.019398; ', 'bpp_0=5.799974; ', 'mse_1=0.000532; ', 'lpips_1=0.003105; ', 'codec_recon_1=0.258787; ', 'bpp_1=0.290316; ', 'mse_2=0.000485; ', 'lpips_2=0.002893; ', 'codec_recon_2=0.070925; ', 'bpp_2=0.269057; ']
train step[971/2000] ; used: 19m:46s; eta: 20m:55s; loss = 0.029901; ['mse_0=0.004148; ', 'lpips_0=0.006441; ', 'codec_recon_0=0.020343; ', 'bpp_0=5.969870; ', 'mse_1=0.003977; ', 'lpips_1=0.005855; ', 'codec_recon_1=0.294230; ', 'bpp_1=0.294413; ', 'mse_2=0.003957; ', 'lpips_2=0.005523; ', 'codec_recon_2=0.083310; ', 'bpp_2=0.271824; ']
train step[972/2000] ; used: 19m:47s; eta: 20m:54s; loss = 0.015908; ['mse_0=0.001558; ', 'lpips_0=0.004758; ', 'codec_recon_0=0.019603; ', 'bpp_0=6.162933; ', 'mse_1=0.001255; ', 'lpips_1=0.003998; ', 'codec_recon_1=0.387065; ', 'bpp_1=0.297741; ', 'mse_2=0.001035; ', 'lpips_2=0.003304; ', 'codec_recon_2=0.082487; ', 'bpp_2=0.276512; ']
train step[973/2000] ; used: 19m:48s; eta: 20m:53s; loss = 0.008306; ['mse_0=0.000384; ', 'lpips_0=0.003013; ', 'codec_recon_0=0.018480; ', 'bpp_0=6.048371; ', 'mse_1=0.000275; ', 'lpips_1=0.002367; ', 'codec_recon_1=0.289582; ', 'bpp_1=0.293147; ', 'mse_2=0.000225; ', 'lpips_2=0.002042; ', 'codec_recon_2=0.082397; ', 'bpp_2=0.267853; ']
train step[974/2000] ; used: 19m:49s; eta: 20m:51s; loss = 0.013973; ['mse_0=0.001510; ', 'lpips_0=0.004162; ', 'codec_recon_0=0.019357; ', 'bpp_0=6.076937; ', 'mse_1=0.001156; ', 'lpips_1=0.003324; ', 'codec_recon_1=0.309802; ', 'bpp_1=0.297255; ', 'mse_2=0.000992; ', 'lpips_2=0.002829; ', 'codec_recon_2=0.073948; ', 'bpp_2=0.275873; ']
train step[975/2000] ; used: 19m:50s; eta: 20m:50s; loss = 0.058183; ['mse_0=0.012995; ', 'lpips_0=0.008835; ', 'codec_recon_0=0.023157; ', 'bpp_0=6.132440; ', 'mse_1=0.011033; ', 'lpips_1=0.007912; ', 'codec_recon_1=0.321338; ', 'bpp_1=0.296536; ', 'mse_2=0.010500; ', 'lpips_2=0.006908; ', 'codec_recon_2=0.096460; ', 'bpp_2=0.273749; ']
train step[976/2000] ; used: 19m:51s; eta: 20m:48s; loss = 0.021131; ['mse_0=0.002740; ', 'lpips_0=0.005215; ', 'codec_recon_0=0.018496; ', 'bpp_0=6.214212; ', 'mse_1=0.002295; ', 'lpips_1=0.004594; ', 'codec_recon_1=0.289494; ', 'bpp_1=0.299589; ', 'mse_2=0.002156; ', 'lpips_2=0.004130; ', 'codec_recon_2=0.077633; ', 'bpp_2=0.279801; ']
train step[977/2000] ; used: 19m:52s; eta: 20m:47s; loss = 0.015913; ['mse_0=0.001557; ', 'lpips_0=0.004584; ', 'codec_recon_0=0.019392; ', 'bpp_0=6.163189; ', 'mse_1=0.001264; ', 'lpips_1=0.004041; ', 'codec_recon_1=0.334917; ', 'bpp_1=0.297902; ', 'mse_2=0.001035; ', 'lpips_2=0.003432; ', 'codec_recon_2=0.086215; ', 'bpp_2=0.276637; ']
train step[978/2000] ; used: 19m:53s; eta: 20m:45s; loss = 0.023572; ['mse_0=0.002472; ', 'lpips_0=0.006073; ', 'codec_recon_0=0.019379; ', 'bpp_0=6.068273; ', 'mse_1=0.002319; ', 'lpips_1=0.005418; ', 'codec_recon_1=0.293930; ', 'bpp_1=0.294520; ', 'mse_2=0.002271; ', 'lpips_2=0.005019; ', 'codec_recon_2=0.079094; ', 'bpp_2=0.272085; ']
train step[979/2000] ; used: 19m:54s; eta: 20m:44s; loss = 0.013701; ['mse_0=0.001323; ', 'lpips_0=0.004199; ', 'codec_recon_0=0.018752; ', 'bpp_0=6.143534; ', 'mse_1=0.001074; ', 'lpips_1=0.003426; ', 'codec_recon_1=0.357040; ', 'bpp_1=0.297591; ', 'mse_2=0.000862; ', 'lpips_2=0.002817; ', 'codec_recon_2=0.086261; ', 'bpp_2=0.276672; ']
train step[980/2000] ; used: 19m:55s; eta: 20m:43s; loss = 0.011780; ['mse_0=0.000990; ', 'lpips_0=0.003729; ', 'codec_recon_0=0.018766; ', 'bpp_0=6.075135; ', 'mse_1=0.000802; ', 'lpips_1=0.003011; ', 'codec_recon_1=0.312055; ', 'bpp_1=0.296366; ', 'mse_2=0.000652; ', 'lpips_2=0.002595; ', 'codec_recon_2=0.080894; ', 'bpp_2=0.273472; ']
train step[981/2000] ; used: 19m:56s; eta: 20m:41s; loss = 0.008682; ['mse_0=0.000508; ', 'lpips_0=0.003039; ', 'codec_recon_0=0.018654; ', 'bpp_0=5.937067; ', 'mse_1=0.000379; ', 'lpips_1=0.002409; ', 'codec_recon_1=0.281167; ', 'bpp_1=0.291947; ', 'mse_2=0.000273; ', 'lpips_2=0.002074; ', 'codec_recon_2=0.074131; ', 'bpp_2=0.269884; ']
train step[982/2000] ; used: 19m:57s; eta: 20m:40s; loss = 0.009787; ['mse_0=0.000753; ', 'lpips_0=0.003105; ', 'codec_recon_0=0.019596; ', 'bpp_0=5.844273; ', 'mse_1=0.000563; ', 'lpips_1=0.002563; ', 'codec_recon_1=0.271965; ', 'bpp_1=0.289744; ', 'mse_2=0.000459; ', 'lpips_2=0.002344; ', 'codec_recon_2=0.070390; ', 'bpp_2=0.266997; ']
train step[983/2000] ; used: 19m:58s; eta: 20m:38s; loss = 0.015129; ['mse_0=0.001211; ', 'lpips_0=0.004494; ', 'codec_recon_0=0.019611; ', 'bpp_0=5.958873; ', 'mse_1=0.001027; ', 'lpips_1=0.003934; ', 'codec_recon_1=0.270723; ', 'bpp_1=0.292257; ', 'mse_2=0.000949; ', 'lpips_2=0.003513; ', 'codec_recon_2=0.081593; ', 'bpp_2=0.272346; ']
train step[984/2000] ; used: 19m:59s; eta: 20m:37s; loss = 0.023041; ['mse_0=0.003246; ', 'lpips_0=0.005137; ', 'codec_recon_0=0.019686; ', 'bpp_0=6.017023; ', 'mse_1=0.002930; ', 'lpips_1=0.004560; ', 'codec_recon_1=0.302740; ', 'bpp_1=0.296879; ', 'mse_2=0.002910; ', 'lpips_2=0.004258; ', 'codec_recon_2=0.079170; ', 'bpp_2=0.273516; ']
train step[985/2000] ; used: 20m; eta: 20m:36s; loss = 0.014121; ['mse_0=0.001256; ', 'lpips_0=0.004247; ', 'codec_recon_0=0.020583; ', 'bpp_0=6.011489; ', 'mse_1=0.000973; ', 'lpips_1=0.003564; ', 'codec_recon_1=0.292752; ', 'bpp_1=0.295019; ', 'mse_2=0.000896; ', 'lpips_2=0.003186; ', 'codec_recon_2=0.081995; ', 'bpp_2=0.270487; ']
train step[986/2000] ; used: 20m:1s; eta: 20m:34s; loss = 0.017932; ['mse_0=0.001305; ', 'lpips_0=0.005733; ', 'codec_recon_0=0.018996; ', 'bpp_0=6.041934; ', 'mse_1=0.001079; ', 'lpips_1=0.004872; ', 'codec_recon_1=0.368709; ', 'bpp_1=0.295233; ', 'mse_2=0.000906; ', 'lpips_2=0.004037; ', 'codec_recon_2=0.089076; ', 'bpp_2=0.276079; ']
train step[987/2000] ; used: 20m:2s; eta: 20m:33s; loss = 0.013780; ['mse_0=0.000746; ', 'lpips_0=0.004348; ', 'codec_recon_0=0.019375; ', 'bpp_0=5.935332; ', 'mse_1=0.000663; ', 'lpips_1=0.003825; ', 'codec_recon_1=0.279231; ', 'bpp_1=0.292829; ', 'mse_2=0.000634; ', 'lpips_2=0.003564; ', 'codec_recon_2=0.079352; ', 'bpp_2=0.269247; ']
train step[988/2000] ; used: 20m:3s; eta: 20m:31s; loss = 0.025827; ['mse_0=0.003758; ', 'lpips_0=0.005900; ', 'codec_recon_0=0.026882; ', 'bpp_0=6.094051; ', 'mse_1=0.003167; ', 'lpips_1=0.005192; ', 'codec_recon_1=0.320434; ', 'bpp_1=0.297595; ', 'mse_2=0.003047; ', 'lpips_2=0.004761; ', 'codec_recon_2=0.083831; ', 'bpp_2=0.275973; ']
train step[989/2000] ; used: 20m:4s; eta: 20m:30s; loss = 0.013695; ['mse_0=0.001190; ', 'lpips_0=0.004245; ', 'codec_recon_0=0.020231; ', 'bpp_0=5.903769; ', 'mse_1=0.000915; ', 'lpips_1=0.003521; ', 'codec_recon_1=0.332827; ', 'bpp_1=0.291450; ', 'mse_2=0.000742; ', 'lpips_2=0.003082; ', 'codec_recon_2=0.079746; ', 'bpp_2=0.272335; ']
train step[990/2000] ; used: 20m:5s; eta: 20m:29s; loss = 0.017965; ['mse_0=0.001650; ', 'lpips_0=0.005348; ', 'codec_recon_0=0.023226; ', 'bpp_0=6.133857; ', 'mse_1=0.001416; ', 'lpips_1=0.004476; ', 'codec_recon_1=0.360379; ', 'bpp_1=0.298833; ', 'mse_2=0.001273; ', 'lpips_2=0.003803; ', 'codec_recon_2=0.092507; ', 'bpp_2=0.277377; ']
train step[991/2000] ; used: 20m:6s; eta: 20m:27s; loss = 0.026018; ['mse_0=0.003579; ', 'lpips_0=0.005992; ', 'codec_recon_0=0.022364; ', 'bpp_0=6.138226; ', 'mse_1=0.003358; ', 'lpips_1=0.005184; ', 'codec_recon_1=0.326692; ', 'bpp_1=0.297385; ', 'mse_2=0.003226; ', 'lpips_2=0.004680; ', 'codec_recon_2=0.085928; ', 'bpp_2=0.276502; ']
train step[992/2000] ; used: 20m:8s; eta: 20m:26s; loss = 0.011979; ['mse_0=0.001354; ', 'lpips_0=0.003377; ', 'codec_recon_0=0.020632; ', 'bpp_0=5.992848; ', 'mse_1=0.001061; ', 'lpips_1=0.002846; ', 'codec_recon_1=0.300894; ', 'bpp_1=0.296274; ', 'mse_2=0.000908; ', 'lpips_2=0.002432; ', 'codec_recon_2=0.072685; ', 'bpp_2=0.272351; ']
train step[993/2000] ; used: 20m:9s; eta: 20m:24s; loss = 0.020713; ['mse_0=0.002373; ', 'lpips_0=0.005454; ', 'codec_recon_0=0.019402; ', 'bpp_0=6.180321; ', 'mse_1=0.002035; ', 'lpips_1=0.004787; ', 'codec_recon_1=0.342073; ', 'bpp_1=0.298327; ', 'mse_2=0.001857; ', 'lpips_2=0.004206; ', 'codec_recon_2=0.083303; ', 'bpp_2=0.277420; ']
train step[994/2000] ; used: 20m:10s; eta: 20m:23s; loss = 0.015437; ['mse_0=0.001371; ', 'lpips_0=0.004822; ', 'codec_recon_0=0.018277; ', 'bpp_0=6.221257; ', 'mse_1=0.001152; ', 'lpips_1=0.004007; ', 'codec_recon_1=0.350556; ', 'bpp_1=0.299773; ', 'mse_2=0.000938; ', 'lpips_2=0.003148; ', 'codec_recon_2=0.090956; ', 'bpp_2=0.277437; ']
train step[995/2000] ; used: 20m:11s; eta: 20m:22s; loss = 0.017432; ['mse_0=0.001055; ', 'lpips_0=0.005202; ', 'codec_recon_0=0.024117; ', 'bpp_0=5.690227; ', 'mse_1=0.000933; ', 'lpips_1=0.004729; ', 'codec_recon_1=0.294686; ', 'bpp_1=0.288638; ', 'mse_2=0.000897; ', 'lpips_2=0.004617; ', 'codec_recon_2=0.081744; ', 'bpp_2=0.269230; ']
train step[996/2000] ; used: 20m:12s; eta: 20m:20s; loss = 0.014836; ['mse_0=0.001366; ', 'lpips_0=0.004111; ', 'codec_recon_0=0.018884; ', 'bpp_0=5.996628; ', 'mse_1=0.001224; ', 'lpips_1=0.003623; ', 'codec_recon_1=0.262184; ', 'bpp_1=0.293930; ', 'mse_2=0.001180; ', 'lpips_2=0.003331; ', 'codec_recon_2=0.074157; ', 'bpp_2=0.270057; ']
train step[997/2000] ; used: 20m:13s; eta: 20m:19s; loss = 0.018084; ['mse_0=0.001967; ', 'lpips_0=0.005082; ', 'codec_recon_0=0.020364; ', 'bpp_0=6.045733; ', 'mse_1=0.001676; ', 'lpips_1=0.004378; ', 'codec_recon_1=0.349280; ', 'bpp_1=0.295579; ', 'mse_2=0.001404; ', 'lpips_2=0.003577; ', 'codec_recon_2=0.085303; ', 'bpp_2=0.274837; ']
train step[998/2000] ; used: 20m:14s; eta: 20m:17s; loss = 0.013344; ['mse_0=0.001196; ', 'lpips_0=0.004634; ', 'codec_recon_0=0.019506; ', 'bpp_0=6.261067; ', 'mse_1=0.000883; ', 'lpips_1=0.003599; ', 'codec_recon_1=0.391337; ', 'bpp_1=0.300175; ', 'mse_2=0.000594; ', 'lpips_2=0.002437; ', 'codec_recon_2=0.086286; ', 'bpp_2=0.279412; ']
train step[999/2000] ; used: 20m:15s; eta: 20m:16s; loss = 0.016694; ['mse_0=0.001300; ', 'lpips_0=0.005943; ', 'codec_recon_0=0.021374; ', 'bpp_0=6.337713; ', 'mse_1=0.000996; ', 'lpips_1=0.004426; ', 'codec_recon_1=0.394432; ', 'bpp_1=0.301681; ', 'mse_2=0.000784; ', 'lpips_2=0.003245; ', 'codec_recon_2=0.095782; ', 'bpp_2=0.281195; ']
validation step on 1000 1/100; scene = ['5aca87f95a9412c6']; context = [[58, 133]]
validation step on 1000 2/100; scene = ['bc95e5c7e357f1b7']; context = [[35, 91]]
validation step on 1000 3/100; scene = ['34b0658a5c200cdf']; context = [[0, 70]]
validation step on 1000 4/100; scene = ['28e8300e004ab30b']; context = [[3, 68]]
validation step on 1000 5/100; scene = ['6558c5f10d45a929']; context = [[43, 160]]
validation step on 1000 6/100; scene = ['89ea49cd9865aeff']; context = [[31, 81]]
validation step on 1000 7/100; scene = ['ed477bdf8582adff']; context = [[40, 85]]
validation step on 1000 8/100; scene = ['57d3409bf04c4651']; context = [[0, 45]]
validation step on 1000 9/100; scene = ['aadc1e2dc74fd644']; context = [[2, 52]]
validation step on 1000 10/100; scene = ['cd74b1244d112628']; context = [[63, 110]]
validation step on 1000 11/100; scene = ['57d25dafabb5a238']; context = [[32, 104]]
validation step on 1000 12/100; scene = ['e4f4574df7938f37']; context = [[0, 115]]
validation step on 1000 13/100; scene = ['20d86cff490c0c42']; context = [[18, 69]]
validation step on 1000 14/100; scene = ['0c4c5d5f751aabf5']; context = [[12, 57]]
validation step on 1000 15/100; scene = ['fea544b472e9abd1']; context = [[12, 93]]
validation step on 1000 16/100; scene = ['656381bea665bf3d']; context = [[27, 75]]
validation step on 1000 17/100; scene = ['322261824c4a3003']; context = [[33, 78]]
validation step on 1000 18/100; scene = ['f7c0fa5b81552d35']; context = [[11, 64]]
validation step on 1000 19/100; scene = ['a56ba2efb5e3fdd9']; context = [[33, 92]]
validation step on 1000 20/100; scene = ['c48f19e2ffa52523']; context = [[195, 264]]
validation step on 1000 21/100; scene = ['1214f2a11a9fc1ed']; context = [[103, 215]]
validation step on 1000 22/100; scene = ['a9b3ff60b213e099']; context = [[32, 96]]
validation step on 1000 23/100; scene = ['a6fa92e8204f6118']; context = [[2, 66]]
validation step on 1000 24/100; scene = ['21e794f71e31becb']; context = [[72, 180]]
validation step on 1000 25/100; scene = ['f7d916b43193c181']; context = [[7, 61]]
validation step on 1000 26/100; scene = ['84ab392d682f296b']; context = [[43, 120]]
validation step on 1000 27/100; scene = ['6771a51bf0cfce7f']; context = [[152, 199]]
validation step on 1000 28/100; scene = ['17d9303ee77c3a3d']; context = [[17, 63]]
validation step on 1000 29/100; scene = ['ffa95c3b40609c76']; context = [[120, 213]]
validation step on 1000 30/100; scene = ['a47b88040452d7d9']; context = [[35, 97]]
validation step on 1000 31/100; scene = ['0d4de33c6888a754']; context = [[2, 57]]
validation step on 1000 32/100; scene = ['41bcd011f99bfb66']; context = [[4, 50]]
validation step on 1000 33/100; scene = ['67a69088a2695987']; context = [[6, 86]]
validation step on 1000 34/100; scene = ['b4099665590548fc']; context = [[23, 74]]
validation step on 1000 35/100; scene = ['9e2a8cc5f32dd46b']; context = [[75, 151]]
validation step on 1000 36/100; scene = ['2e109379f53bb221']; context = [[35, 108]]
validation step on 1000 37/100; scene = ['8adebbb68f2c3f84']; context = [[72, 131]]
validation step on 1000 38/100; scene = ['29e0bfbad00f0d5e']; context = [[8, 100]]
validation step on 1000 39/100; scene = ['debc3490ba0bd84b']; context = [[34, 81]]
validation step on 1000 40/100; scene = ['7c7bc5285126e6ad']; context = [[64, 126]]
validation step on 1000 41/100; scene = ['cdf439b17a6a98d4']; context = [[31, 77]]
validation step on 1000 42/100; scene = ['cb38d67088b66084']; context = [[49, 106]]
validation step on 1000 43/100; scene = ['2da2eeb966bc0ef8']; context = [[30, 94]]
validation step on 1000 44/100; scene = ['bb4d7012261ee0ed']; context = [[0, 46]]
validation step on 1000 45/100; scene = ['9e1f1beb4ba8e5da']; context = [[9, 73]]
validation step on 1000 46/100; scene = ['26b31d71789bffad']; context = [[3, 57]]
validation step on 1000 47/100; scene = ['41abd737e0228c1a']; context = [[81, 127]]
validation step on 1000 48/100; scene = ['ed0c2aca14b99efa']; context = [[62, 119]]
validation step on 1000 49/100; scene = ['8d5163de9ea4d851']; context = [[39, 85]]
validation step on 1000 50/100; scene = ['81be42df6ccae760']; context = [[13, 107]]
validation step on 1000 51/100; scene = ['6fe141ec9be1a432']; context = [[12, 73]]
validation step on 1000 52/100; scene = ['3b6d8db52c54b174']; context = [[0, 80]]
validation step on 1000 53/100; scene = ['3087828bc27bc4c7']; context = [[15, 96]]
validation step on 1000 54/100; scene = ['e124dfa7e996a414']; context = [[48, 93]]
validation step on 1000 55/100; scene = ['e1afd89a69ee6947']; context = [[34, 113]]
validation step on 1000 56/100; scene = ['79ce50fb7b021e1d']; context = [[212, 278]]
validation step on 1000 57/100; scene = ['358bdee988c269ef']; context = [[3, 95]]
validation step on 1000 58/100; scene = ['f14791aec34dbdcd']; context = [[5, 59]]
validation step on 1000 59/100; scene = ['0c52996355b23d76']; context = [[51, 111]]
validation step on 1000 60/100; scene = ['62bcb465bb03d34f']; context = [[6, 84]]
validation step on 1000 61/100; scene = ['1f0e06e4388dd600']; context = [[44, 96]]
validation step on 1000 62/100; scene = ['c9c30723d7c54793']; context = [[152, 247]]
validation step on 1000 63/100; scene = ['8b212f2755d955ec']; context = [[40, 110]]
validation step on 1000 64/100; scene = ['de67e3a0b0648cfe']; context = [[16, 72]]
validation step on 1000 65/100; scene = ['54841308aff91857']; context = [[27, 86]]
validation step on 1000 66/100; scene = ['40ca76de44a6e1a9']; context = [[43, 107]]
validation step on 1000 67/100; scene = ['bc143130c1842e4b']; context = [[29, 133]]
validation step on 1000 68/100; scene = ['912177dbf0a1ed6c']; context = [[3, 60]]
validation step on 1000 69/100; scene = ['afe4e799a94e06b3']; context = [[54, 150]]
validation step on 1000 70/100; scene = ['17f552ef56d85c55']; context = [[20, 86]]
validation step on 1000 71/100; scene = ['a7c691c210154b09']; context = [[0, 50]]
validation step on 1000 72/100; scene = ['9490f1219dbbb6ce']; context = [[17, 72]]
validation step on 1000 73/100; scene = ['154365ab5a4e067b']; context = [[2, 48]]
validation step on 1000 74/100; scene = ['ab4c269f8d523d02']; context = [[18, 72]]
validation step on 1000 75/100; scene = ['75d475e9558ab806']; context = [[1, 46]]
validation step on 1000 76/100; scene = ['fdaab1f49851782c']; context = [[31, 142]]
validation step on 1000 77/100; scene = ['2d4efa3897a4ba2d']; context = [[4, 58]]
validation step on 1000 78/100; scene = ['14f477e7d5af5b91']; context = [[17, 72]]
validation step on 1000 79/100; scene = ['de45926738229f67']; context = [[22, 84]]
validation step on 1000 80/100; scene = ['5c909c802eb6edb1']; context = [[13, 78]]
validation step on 1000 81/100; scene = ['aa91dfdd5f4ad32b']; context = [[8, 57]]
validation step on 1000 82/100; scene = ['88d9ba3324f2ec21']; context = [[2, 49]]
validation step on 1000 83/100; scene = ['622ef98e83ed5239']; context = [[3, 66]]
validation step on 1000 84/100; scene = ['30fc5fc78c5a716e']; context = [[151, 210]]
validation step on 1000 85/100; scene = ['8b760ac05c93a6bb']; context = [[26, 72]]
validation step on 1000 86/100; scene = ['800ea72b6988f63e']; context = [[141, 190]]
validation step on 1000 87/100; scene = ['674dabef8f53b566']; context = [[9, 91]]
validation step on 1000 88/100; scene = ['d3a01038c5f21473']; context = [[139, 273]]
validation step on 1000 89/100; scene = ['3e5f747d06bc84a3']; context = [[85, 190]]
validation step on 1000 90/100; scene = ['bb6fa5bdafc14e8c']; context = [[43, 139]]
validation step on 1000 91/100; scene = ['052430ff6e2c07c4']; context = [[19, 92]]
validation step on 1000 92/100; scene = ['0588138dfec165a1']; context = [[70, 160]]
validation step on 1000 93/100; scene = ['e4bcb18fa6aa91be']; context = [[32, 79]]
validation step on 1000 94/100; scene = ['4c4fa41951e37e78']; context = [[8, 60]]
validation step on 1000 95/100; scene = ['252a24d25a1ea81d']; context = [[198, 263]]
validation step on 1000 96/100; scene = ['214df1c2863d2959']; context = [[45, 96]]
validation step on 1000 97/100; scene = ['bfd27ad72975e120']; context = [[8, 55]]
validation step on 1000 98/100; scene = ['572acd18419c3456']; context = [[3, 62]]
validation step on 1000 99/100; scene = ['b26e6c80d283c4c8']; context = [[46, 92]]
validation step on 1000 100/100; scene = ['10c8e54590f715f7']; context = [[6, 76]]
train step[1000/2000] ; used: 21m:11s; eta: 21m:9s; loss = 0.017484; ['mse_0=0.001938; ', 'lpips_0=0.004502; ', 'codec_recon_0=0.023940; ', 'bpp_0=5.983480; ', 'mse_1=0.001790; ', 'lpips_1=0.003924; ', 'codec_recon_1=0.305451; ', 'bpp_1=0.295240; ', 'mse_2=0.001706; ', 'lpips_2=0.003625; ', 'codec_recon_2=0.086196; ', 'bpp_2=0.272572; ']
train step[1001/2000] ; used: 21m:12s; eta: 21m:8s; loss = 0.013365; ['mse_0=0.001249; ', 'lpips_0=0.004352; ', 'codec_recon_0=0.019670; ', 'bpp_0=6.189958; ', 'mse_1=0.000993; ', 'lpips_1=0.003473; ', 'codec_recon_1=0.365650; ', 'bpp_1=0.297284; ', 'mse_2=0.000693; ', 'lpips_2=0.002605; ', 'codec_recon_2=0.083908; ', 'bpp_2=0.278150; ']
train step[1002/2000] ; used: 21m:13s; eta: 21m:6s; loss = 0.015476; ['mse_0=0.001149; ', 'lpips_0=0.004643; ', 'codec_recon_0=0.028496; ', 'bpp_0=5.947845; ', 'mse_1=0.001027; ', 'lpips_1=0.003990; ', 'codec_recon_1=0.328352; ', 'bpp_1=0.292334; ', 'mse_2=0.000976; ', 'lpips_2=0.003690; ', 'codec_recon_2=0.102952; ', 'bpp_2=0.269162; ']
train step[1003/2000] ; used: 21m:14s; eta: 21m:5s; loss = 0.011386; ['mse_0=0.001007; ', 'lpips_0=0.003508; ', 'codec_recon_0=0.021293; ', 'bpp_0=5.930170; ', 'mse_1=0.000750; ', 'lpips_1=0.002842; ', 'codec_recon_1=0.281141; ', 'bpp_1=0.290683; ', 'mse_2=0.000690; ', 'lpips_2=0.002588; ', 'codec_recon_2=0.078399; ', 'bpp_2=0.270502; ']
Skipped bad example 85286f80c1b89c7e. Context shape was torch.Size([2, 3, 338, 640]) and target shape was torch.Size([4, 3, 338, 640]).
train step[1004/2000] ; used: 21m:15s; eta: 21m:3s; loss = 0.011103; ['mse_0=0.000565; ', 'lpips_0=0.003652; ', 'codec_recon_0=0.022659; ', 'bpp_0=5.873320; ', 'mse_1=0.000511; ', 'lpips_1=0.003132; ', 'codec_recon_1=0.271031; ', 'bpp_1=0.290870; ', 'mse_2=0.000458; ', 'lpips_2=0.002784; ', 'codec_recon_2=0.083158; ', 'bpp_2=0.268372; ']
train step[1005/2000] ; used: 21m:16s; eta: 21m:2s; loss = 0.023780; ['mse_0=0.002706; ', 'lpips_0=0.005795; ', 'codec_recon_0=0.027819; ', 'bpp_0=6.111643; ', 'mse_1=0.002563; ', 'lpips_1=0.005289; ', 'codec_recon_1=0.314259; ', 'bpp_1=0.296645; ', 'mse_2=0.002532; ', 'lpips_2=0.004895; ', 'codec_recon_2=0.101747; ', 'bpp_2=0.275228; ']
train step[1006/2000] ; used: 21m:17s; eta: 21m; loss = 0.014321; ['mse_0=0.001664; ', 'lpips_0=0.003677; ', 'codec_recon_0=0.024627; ', 'bpp_0=5.843801; ', 'mse_1=0.001519; ', 'lpips_1=0.003118; ', 'codec_recon_1=0.280573; ', 'bpp_1=0.290452; ', 'mse_2=0.001543; ', 'lpips_2=0.002799; ', 'codec_recon_2=0.085470; ', 'bpp_2=0.267480; ']
train step[1007/2000] ; used: 21m:18s; eta: 20m:59s; loss = 0.010064; ['mse_0=0.000979; ', 'lpips_0=0.003168; ', 'codec_recon_0=0.018267; ', 'bpp_0=5.998798; ', 'mse_1=0.000792; ', 'lpips_1=0.002481; ', 'codec_recon_1=0.319093; ', 'bpp_1=0.294250; ', 'mse_2=0.000684; ', 'lpips_2=0.001961; ', 'codec_recon_2=0.081325; ', 'bpp_2=0.272955; ']
train step[1008/2000] ; used: 21m:19s; eta: 20m:57s; loss = 0.020147; ['mse_0=0.002373; ', 'lpips_0=0.005098; ', 'codec_recon_0=0.020380; ', 'bpp_0=5.888920; ', 'mse_1=0.002139; ', 'lpips_1=0.004531; ', 'codec_recon_1=0.337430; ', 'bpp_1=0.294684; ', 'mse_2=0.001966; ', 'lpips_2=0.004040; ', 'codec_recon_2=0.077722; ', 'bpp_2=0.273177; ']
train step[1009/2000] ; used: 21m:20s; eta: 20m:56s; loss = 0.011654; ['mse_0=0.000855; ', 'lpips_0=0.003774; ', 'codec_recon_0=0.019270; ', 'bpp_0=5.900311; ', 'mse_1=0.000695; ', 'lpips_1=0.003117; ', 'codec_recon_1=0.312668; ', 'bpp_1=0.291929; ', 'mse_2=0.000571; ', 'lpips_2=0.002641; ', 'codec_recon_2=0.077640; ', 'bpp_2=0.268517; ']
train step[1010/2000] ; used: 21m:21s; eta: 20m:54s; loss = 0.020331; ['mse_0=0.002546; ', 'lpips_0=0.005001; ', 'codec_recon_0=0.020950; ', 'bpp_0=5.928061; ', 'mse_1=0.002266; ', 'lpips_1=0.004309; ', 'codec_recon_1=0.276135; ', 'bpp_1=0.291340; ', 'mse_2=0.002227; ', 'lpips_2=0.003981; ', 'codec_recon_2=0.072498; ', 'bpp_2=0.271105; ']
train step[1011/2000] ; used: 21m:22s; eta: 20m:53s; loss = 0.027342; ['mse_0=0.003676; ', 'lpips_0=0.006650; ', 'codec_recon_0=0.021146; ', 'bpp_0=6.068568; ', 'mse_1=0.003347; ', 'lpips_1=0.005791; ', 'codec_recon_1=0.378437; ', 'bpp_1=0.294908; ', 'mse_2=0.003112; ', 'lpips_2=0.004766; ', 'codec_recon_2=0.082987; ', 'bpp_2=0.277334; ']
train step[1012/2000] ; used: 21m:23s; eta: 20m:51s; loss = 0.012074; ['mse_0=0.000950; ', 'lpips_0=0.003837; ', 'codec_recon_0=0.022130; ', 'bpp_0=6.016310; ', 'mse_1=0.000753; ', 'lpips_1=0.003185; ', 'codec_recon_1=0.308721; ', 'bpp_1=0.293943; ', 'mse_2=0.000627; ', 'lpips_2=0.002722; ', 'codec_recon_2=0.091378; ', 'bpp_2=0.271507; ']
train step[1013/2000] ; used: 21m:24s; eta: 20m:50s; loss = 0.013341; ['mse_0=0.001244; ', 'lpips_0=0.003786; ', 'codec_recon_0=0.020586; ', 'bpp_0=5.784204; ', 'mse_1=0.001111; ', 'lpips_1=0.003233; ', 'codec_recon_1=0.293759; ', 'bpp_1=0.290487; ', 'mse_2=0.001039; ', 'lpips_2=0.002929; ', 'codec_recon_2=0.074759; ', 'bpp_2=0.266110; ']
train step[1014/2000] ; used: 21m:25s; eta: 20m:49s; loss = 0.011900; ['mse_0=0.000622; ', 'lpips_0=0.003955; ', 'codec_recon_0=0.020489; ', 'bpp_0=6.193868; ', 'mse_1=0.000487; ', 'lpips_1=0.003336; ', 'codec_recon_1=0.334286; ', 'bpp_1=0.298483; ', 'mse_2=0.000429; ', 'lpips_2=0.003072; ', 'codec_recon_2=0.097218; ', 'bpp_2=0.276900; ']
train step[1015/2000] ; used: 21m:26s; eta: 20m:47s; loss = 0.013013; ['mse_0=0.001038; ', 'lpips_0=0.004145; ', 'codec_recon_0=0.018336; ', 'bpp_0=6.054727; ', 'mse_1=0.000770; ', 'lpips_1=0.003464; ', 'codec_recon_1=0.320228; ', 'bpp_1=0.297091; ', 'mse_2=0.000629; ', 'lpips_2=0.002967; ', 'codec_recon_2=0.073893; ', 'bpp_2=0.274648; ']
train step[1016/2000] ; used: 21m:28s; eta: 20m:46s; loss = 0.015245; ['mse_0=0.000949; ', 'lpips_0=0.004679; ', 'codec_recon_0=0.027082; ', 'bpp_0=5.940341; ', 'mse_1=0.000858; ', 'lpips_1=0.004078; ', 'codec_recon_1=0.305357; ', 'bpp_1=0.292321; ', 'mse_2=0.000837; ', 'lpips_2=0.003844; ', 'codec_recon_2=0.097414; ', 'bpp_2=0.271803; ']
train step[1017/2000] ; used: 21m:29s; eta: 20m:45s; loss = 0.016649; ['mse_0=0.001575; ', 'lpips_0=0.004730; ', 'codec_recon_0=0.020973; ', 'bpp_0=6.163228; ', 'mse_1=0.001365; ', 'lpips_1=0.004022; ', 'codec_recon_1=0.318104; ', 'bpp_1=0.297308; ', 'mse_2=0.001286; ', 'lpips_2=0.003671; ', 'codec_recon_2=0.086323; ', 'bpp_2=0.276562; ']
train step[1018/2000] ; used: 21m:30s; eta: 20m:43s; loss = 0.014367; ['mse_0=0.000877; ', 'lpips_0=0.004719; ', 'codec_recon_0=0.021013; ', 'bpp_0=6.060422; ', 'mse_1=0.000733; ', 'lpips_1=0.003990; ', 'codec_recon_1=0.370247; ', 'bpp_1=0.294199; ', 'mse_2=0.000642; ', 'lpips_2=0.003406; ', 'codec_recon_2=0.087405; ', 'bpp_2=0.272608; ']
train step[1019/2000] ; used: 21m:31s; eta: 20m:42s; loss = 0.022828; ['mse_0=0.003021; ', 'lpips_0=0.004929; ', 'codec_recon_0=0.024897; ', 'bpp_0=5.906635; ', 'mse_1=0.002969; ', 'lpips_1=0.004515; ', 'codec_recon_1=0.284980; ', 'bpp_1=0.290591; ', 'mse_2=0.003015; ', 'lpips_2=0.004379; ', 'codec_recon_2=0.084592; ', 'bpp_2=0.268645; ']
train step[1020/2000] ; used: 21m:32s; eta: 20m:40s; loss = 0.010745; ['mse_0=0.000420; ', 'lpips_0=0.003834; ', 'codec_recon_0=0.024667; ', 'bpp_0=5.821268; ', 'mse_1=0.000332; ', 'lpips_1=0.003172; ', 'codec_recon_1=0.302057; ', 'bpp_1=0.289784; ', 'mse_2=0.000297; ', 'lpips_2=0.002691; ', 'codec_recon_2=0.093311; ', 'bpp_2=0.266335; ']
train step[1021/2000] ; used: 21m:33s; eta: 20m:39s; loss = 0.011332; ['mse_0=0.000779; ', 'lpips_0=0.003780; ', 'codec_recon_0=0.019441; ', 'bpp_0=6.169656; ', 'mse_1=0.000642; ', 'lpips_1=0.003095; ', 'codec_recon_1=0.330904; ', 'bpp_1=0.298772; ', 'mse_2=0.000457; ', 'lpips_2=0.002578; ', 'codec_recon_2=0.094395; ', 'bpp_2=0.275841; ']
train step[1022/2000] ; used: 21m:34s; eta: 20m:37s; loss = 0.014881; ['mse_0=0.000851; ', 'lpips_0=0.004572; ', 'codec_recon_0=0.023750; ', 'bpp_0=5.962052; ', 'mse_1=0.000780; ', 'lpips_1=0.004103; ', 'codec_recon_1=0.294033; ', 'bpp_1=0.290761; ', 'mse_2=0.000722; ', 'lpips_2=0.003852; ', 'codec_recon_2=0.092533; ', 'bpp_2=0.268632; ']
train step[1023/2000] ; used: 21m:35s; eta: 20m:36s; loss = 0.034239; ['mse_0=0.005154; ', 'lpips_0=0.006998; ', 'codec_recon_0=0.019758; ', 'bpp_0=6.119769; ', 'mse_1=0.005026; ', 'lpips_1=0.006318; ', 'codec_recon_1=0.312875; ', 'bpp_1=0.298433; ', 'mse_2=0.004955; ', 'lpips_2=0.005788; ', 'codec_recon_2=0.082562; ', 'bpp_2=0.277145; ']
train step[1024/2000] ; used: 21m:36s; eta: 20m:34s; loss = 0.014991; ['mse_0=0.001531; ', 'lpips_0=0.004148; ', 'codec_recon_0=0.029010; ', 'bpp_0=6.091834; ', 'mse_1=0.001351; ', 'lpips_1=0.003592; ', 'codec_recon_1=0.333754; ', 'bpp_1=0.296077; ', 'mse_2=0.001283; ', 'lpips_2=0.003087; ', 'codec_recon_2=0.107202; ', 'bpp_2=0.273154; ']
train step[1025/2000] ; used: 21m:38s; eta: 20m:33s; loss = 0.013674; ['mse_0=0.001042; ', 'lpips_0=0.004452; ', 'codec_recon_0=0.020375; ', 'bpp_0=6.145152; ', 'mse_1=0.000801; ', 'lpips_1=0.003693; ', 'codec_recon_1=0.349725; ', 'bpp_1=0.297287; ', 'mse_2=0.000632; ', 'lpips_2=0.003053; ', 'codec_recon_2=0.092418; ', 'bpp_2=0.275854; ']
train step[1026/2000] ; used: 21m:39s; eta: 20m:32s; loss = 0.019334; ['mse_0=0.002547; ', 'lpips_0=0.004577; ', 'codec_recon_0=0.020993; ', 'bpp_0=6.218960; ', 'mse_1=0.002303; ', 'lpips_1=0.004030; ', 'codec_recon_1=0.302165; ', 'bpp_1=0.299324; ', 'mse_2=0.002219; ', 'lpips_2=0.003658; ', 'codec_recon_2=0.084798; ', 'bpp_2=0.277661; ']
train step[1027/2000] ; used: 21m:40s; eta: 20m:30s; loss = 0.026945; ['mse_0=0.003226; ', 'lpips_0=0.007115; ', 'codec_recon_0=0.023901; ', 'bpp_0=6.242571; ', 'mse_1=0.002872; ', 'lpips_1=0.006037; ', 'codec_recon_1=0.368898; ', 'bpp_1=0.299175; ', 'mse_2=0.002541; ', 'lpips_2=0.005153; ', 'codec_recon_2=0.089362; ', 'bpp_2=0.280231; ']
train step[1028/2000] ; used: 21m:41s; eta: 20m:29s; loss = 0.021111; ['mse_0=0.002659; ', 'lpips_0=0.004977; ', 'codec_recon_0=0.023352; ', 'bpp_0=6.049701; ', 'mse_1=0.002447; ', 'lpips_1=0.004472; ', 'codec_recon_1=0.313216; ', 'bpp_1=0.296586; ', 'mse_2=0.002410; ', 'lpips_2=0.004147; ', 'codec_recon_2=0.082675; ', 'bpp_2=0.273734; ']
train step[1029/2000] ; used: 21m:42s; eta: 20m:27s; loss = 0.033572; ['mse_0=0.004613; ', 'lpips_0=0.007033; ', 'codec_recon_0=0.029442; ', 'bpp_0=6.072144; ', 'mse_1=0.004528; ', 'lpips_1=0.006442; ', 'codec_recon_1=0.338591; ', 'bpp_1=0.295099; ', 'mse_2=0.004874; ', 'lpips_2=0.006082; ', 'codec_recon_2=0.094810; ', 'bpp_2=0.275075; ']
train step[1030/2000] ; used: 21m:43s; eta: 20m:26s; loss = 0.015993; ['mse_0=0.001895; ', 'lpips_0=0.004500; ', 'codec_recon_0=0.025138; ', 'bpp_0=6.023168; ', 'mse_1=0.001572; ', 'lpips_1=0.003803; ', 'codec_recon_1=0.357606; ', 'bpp_1=0.296112; ', 'mse_2=0.001144; ', 'lpips_2=0.003079; ', 'codec_recon_2=0.084741; ', 'bpp_2=0.275420; ']
train step[1031/2000] ; used: 21m:44s; eta: 20m:24s; loss = 0.019934; ['mse_0=0.002562; ', 'lpips_0=0.004851; ', 'codec_recon_0=0.018998; ', 'bpp_0=5.946541; ', 'mse_1=0.002301; ', 'lpips_1=0.004226; ', 'codec_recon_1=0.319816; ', 'bpp_1=0.295106; ', 'mse_2=0.002205; ', 'lpips_2=0.003789; ', 'codec_recon_2=0.078292; ', 'bpp_2=0.271686; ']
train step[1032/2000] ; used: 21m:45s; eta: 20m:23s; loss = 0.011655; ['mse_0=0.000923; ', 'lpips_0=0.003815; ', 'codec_recon_0=0.021405; ', 'bpp_0=6.027149; ', 'mse_1=0.000700; ', 'lpips_1=0.003034; ', 'codec_recon_1=0.297697; ', 'bpp_1=0.292749; ', 'mse_2=0.000563; ', 'lpips_2=0.002619; ', 'codec_recon_2=0.079959; ', 'bpp_2=0.269301; ']
train step[1033/2000] ; used: 21m:46s; eta: 20m:21s; loss = 0.021185; ['mse_0=0.002141; ', 'lpips_0=0.005514; ', 'codec_recon_0=0.020908; ', 'bpp_0=5.942713; ', 'mse_1=0.002032; ', 'lpips_1=0.004968; ', 'codec_recon_1=0.305350; ', 'bpp_1=0.294347; ', 'mse_2=0.001896; ', 'lpips_2=0.004634; ', 'codec_recon_2=0.083877; ', 'bpp_2=0.271744; ']
train step[1034/2000] ; used: 21m:47s; eta: 20m:20s; loss = 0.011047; ['mse_0=0.000463; ', 'lpips_0=0.003756; ', 'codec_recon_0=0.020553; ', 'bpp_0=5.679422; ', 'mse_1=0.000374; ', 'lpips_1=0.003238; ', 'codec_recon_1=0.291452; ', 'bpp_1=0.288627; ', 'mse_2=0.000313; ', 'lpips_2=0.002903; ', 'codec_recon_2=0.078366; ', 'bpp_2=0.265358; ']
train step[1035/2000] ; used: 21m:48s; eta: 20m:18s; loss = 0.009905; ['mse_0=0.000509; ', 'lpips_0=0.003469; ', 'codec_recon_0=0.021664; ', 'bpp_0=6.062210; ', 'mse_1=0.000368; ', 'lpips_1=0.002793; ', 'codec_recon_1=0.307105; ', 'bpp_1=0.293189; ', 'mse_2=0.000299; ', 'lpips_2=0.002467; ', 'codec_recon_2=0.089845; ', 'bpp_2=0.268642; ']
train step[1036/2000] ; used: 21m:49s; eta: 20m:17s; loss = 0.015464; ['mse_0=0.001325; ', 'lpips_0=0.004249; ', 'codec_recon_0=0.028171; ', 'bpp_0=5.946071; ', 'mse_1=0.001227; ', 'lpips_1=0.003840; ', 'codec_recon_1=0.276011; ', 'bpp_1=0.291873; ', 'mse_2=0.001180; ', 'lpips_2=0.003643; ', 'codec_recon_2=0.094385; ', 'bpp_2=0.271818; ']
train step[1037/2000] ; used: 21m:50s; eta: 20m:15s; loss = 0.011928; ['mse_0=0.000824; ', 'lpips_0=0.003878; ', 'codec_recon_0=0.022035; ', 'bpp_0=6.022530; ', 'mse_1=0.000675; ', 'lpips_1=0.003215; ', 'codec_recon_1=0.329115; ', 'bpp_1=0.293245; ', 'mse_2=0.000572; ', 'lpips_2=0.002763; ', 'codec_recon_2=0.087628; ', 'bpp_2=0.270226; ']
train step[1038/2000] ; used: 21m:51s; eta: 20m:14s; loss = 0.013872; ['mse_0=0.001659; ', 'lpips_0=0.003513; ', 'codec_recon_0=0.022273; ', 'bpp_0=5.647923; ', 'mse_1=0.001473; ', 'lpips_1=0.003041; ', 'codec_recon_1=0.289431; ', 'bpp_1=0.287802; ', 'mse_2=0.001361; ', 'lpips_2=0.002825; ', 'codec_recon_2=0.068225; ', 'bpp_2=0.262754; ']
train step[1039/2000] ; used: 21m:52s; eta: 20m:12s; loss = 0.016472; ['mse_0=0.001271; ', 'lpips_0=0.005049; ', 'codec_recon_0=0.023101; ', 'bpp_0=6.183128; ', 'mse_1=0.001104; ', 'lpips_1=0.004323; ', 'codec_recon_1=0.342414; ', 'bpp_1=0.297988; ', 'mse_2=0.001019; ', 'lpips_2=0.003706; ', 'codec_recon_2=0.092572; ', 'bpp_2=0.275571; ']
train step[1040/2000] ; used: 21m:53s; eta: 20m:11s; loss = 0.016169; ['mse_0=0.001652; ', 'lpips_0=0.004388; ', 'codec_recon_0=0.024058; ', 'bpp_0=6.119725; ', 'mse_1=0.001537; ', 'lpips_1=0.003724; ', 'codec_recon_1=0.311256; ', 'bpp_1=0.295387; ', 'mse_2=0.001490; ', 'lpips_2=0.003379; ', 'codec_recon_2=0.087421; ', 'bpp_2=0.275221; ']
train step[1041/2000] ; used: 21m:54s; eta: 20m:9s; loss = 0.015520; ['mse_0=0.001758; ', 'lpips_0=0.004629; ', 'codec_recon_0=0.020599; ', 'bpp_0=6.114462; ', 'mse_1=0.001365; ', 'lpips_1=0.003808; ', 'codec_recon_1=0.357416; ', 'bpp_1=0.299249; ', 'mse_2=0.001003; ', 'lpips_2=0.002957; ', 'codec_recon_2=0.083215; ', 'bpp_2=0.278970; ']
train step[1042/2000] ; used: 21m:55s; eta: 20m:8s; loss = 0.019486; ['mse_0=0.002091; ', 'lpips_0=0.005283; ', 'codec_recon_0=0.026371; ', 'bpp_0=6.107679; ', 'mse_1=0.001813; ', 'lpips_1=0.004490; ', 'codec_recon_1=0.322353; ', 'bpp_1=0.296844; ', 'mse_2=0.001721; ', 'lpips_2=0.004089; ', 'codec_recon_2=0.090711; ', 'bpp_2=0.275583; ']
train step[1043/2000] ; used: 21m:56s; eta: 20m:7s; loss = 0.010759; ['mse_0=0.000957; ', 'lpips_0=0.003637; ', 'codec_recon_0=0.019645; ', 'bpp_0=6.144634; ', 'mse_1=0.000705; ', 'lpips_1=0.002824; ', 'codec_recon_1=0.350311; ', 'bpp_1=0.297509; ', 'mse_2=0.000479; ', 'lpips_2=0.002158; ', 'codec_recon_2=0.089323; ', 'bpp_2=0.275534; ']
train step[1044/2000] ; used: 21m:57s; eta: 20m:5s; loss = 0.012736; ['mse_0=0.001402; ', 'lpips_0=0.003661; ', 'codec_recon_0=0.021292; ', 'bpp_0=6.151105; ', 'mse_1=0.001136; ', 'lpips_1=0.003032; ', 'codec_recon_1=0.325389; ', 'bpp_1=0.298110; ', 'mse_2=0.000986; ', 'lpips_2=0.002518; ', 'codec_recon_2=0.083524; ', 'bpp_2=0.277579; ']
train step[1045/2000] ; used: 21m:58s; eta: 20m:4s; loss = 0.027043; ['mse_0=0.004950; ', 'lpips_0=0.005017; ', 'codec_recon_0=0.026538; ', 'bpp_0=6.077092; ', 'mse_1=0.004609; ', 'lpips_1=0.004324; ', 'codec_recon_1=0.352109; ', 'bpp_1=0.298381; ', 'mse_2=0.004408; ', 'lpips_2=0.003734; ', 'codec_recon_2=0.084526; ', 'bpp_2=0.277315; ']
train step[1046/2000] ; used: 22m; eta: 20m:2s; loss = 0.012580; ['mse_0=0.001001; ', 'lpips_0=0.004067; ', 'codec_recon_0=0.021340; ', 'bpp_0=6.166871; ', 'mse_1=0.000779; ', 'lpips_1=0.003172; ', 'codec_recon_1=0.307019; ', 'bpp_1=0.298605; ', 'mse_2=0.000708; ', 'lpips_2=0.002853; ', 'codec_recon_2=0.088633; ', 'bpp_2=0.277745; ']
train step[1047/2000] ; used: 22m:1s; eta: 20m:1s; loss = 0.016628; ['mse_0=0.002185; ', 'lpips_0=0.004339; ', 'codec_recon_0=0.021218; ', 'bpp_0=6.128012; ', 'mse_1=0.001821; ', 'lpips_1=0.003565; ', 'codec_recon_1=0.326038; ', 'bpp_1=0.297869; ', 'mse_2=0.001608; ', 'lpips_2=0.003110; ', 'codec_recon_2=0.071622; ', 'bpp_2=0.277498; ']
train step[1048/2000] ; used: 22m:2s; eta: 19m:59s; loss = 0.009718; ['mse_0=0.000530; ', 'lpips_0=0.003483; ', 'codec_recon_0=0.021202; ', 'bpp_0=5.970936; ', 'mse_1=0.000385; ', 'lpips_1=0.002829; ', 'codec_recon_1=0.329487; ', 'bpp_1=0.292884; ', 'mse_2=0.000252; ', 'lpips_2=0.002241; ', 'codec_recon_2=0.091080; ', 'bpp_2=0.268778; ']
train step[1049/2000] ; used: 22m:3s; eta: 19m:58s; loss = 0.018638; ['mse_0=0.002185; ', 'lpips_0=0.005103; ', 'codec_recon_0=0.020036; ', 'bpp_0=6.070585; ', 'mse_1=0.001839; ', 'lpips_1=0.004269; ', 'codec_recon_1=0.315449; ', 'bpp_1=0.295845; ', 'mse_2=0.001555; ', 'lpips_2=0.003686; ', 'codec_recon_2=0.081809; ', 'bpp_2=0.274162; ']
train step[1050/2000] ; used: 22m:4s; eta: 19m:57s; loss = 0.027748; ['mse_0=0.003758; ', 'lpips_0=0.006103; ', 'codec_recon_0=0.027206; ', 'bpp_0=6.016452; ', 'mse_1=0.003574; ', 'lpips_1=0.005527; ', 'codec_recon_1=0.328739; ', 'bpp_1=0.294408; ', 'mse_2=0.003489; ', 'lpips_2=0.005297; ', 'codec_recon_2=0.087129; ', 'bpp_2=0.275225; ']
train step[1051/2000] ; used: 22m:5s; eta: 19m:55s; loss = 0.018486; ['mse_0=0.001645; ', 'lpips_0=0.005214; ', 'codec_recon_0=0.021246; ', 'bpp_0=5.833035; ', 'mse_1=0.001375; ', 'lpips_1=0.004635; ', 'codec_recon_1=0.283726; ', 'bpp_1=0.293131; ', 'mse_2=0.001283; ', 'lpips_2=0.004333; ', 'codec_recon_2=0.077524; ', 'bpp_2=0.271649; ']
train step[1052/2000] ; used: 22m:6s; eta: 19m:54s; loss = 0.008370; ['mse_0=0.000464; ', 'lpips_0=0.003037; ', 'codec_recon_0=0.020945; ', 'bpp_0=6.016428; ', 'mse_1=0.000330; ', 'lpips_1=0.002318; ', 'codec_recon_1=0.319665; ', 'bpp_1=0.292670; ', 'mse_2=0.000272; ', 'lpips_2=0.001949; ', 'codec_recon_2=0.086302; ', 'bpp_2=0.269013; ']
train step[1053/2000] ; used: 22m:7s; eta: 19m:52s; loss = 0.012362; ['mse_0=0.000785; ', 'lpips_0=0.003942; ', 'codec_recon_0=0.020779; ', 'bpp_0=5.849404; ', 'mse_1=0.000595; ', 'lpips_1=0.003440; ', 'codec_recon_1=0.297132; ', 'bpp_1=0.291073; ', 'mse_2=0.000455; ', 'lpips_2=0.003146; ', 'codec_recon_2=0.076263; ', 'bpp_2=0.269147; ']
train step[1054/2000] ; used: 22m:8s; eta: 19m:51s; loss = 0.019909; ['mse_0=0.001995; ', 'lpips_0=0.005308; ', 'codec_recon_0=0.020270; ', 'bpp_0=6.095354; ', 'mse_1=0.001731; ', 'lpips_1=0.004727; ', 'codec_recon_1=0.310541; ', 'bpp_1=0.297597; ', 'mse_2=0.001643; ', 'lpips_2=0.004505; ', 'codec_recon_2=0.076967; ', 'bpp_2=0.277132; ']
train step[1055/2000] ; used: 22m:9s; eta: 19m:49s; loss = 0.021532; ['mse_0=0.003003; ', 'lpips_0=0.004972; ', 'codec_recon_0=0.019246; ', 'bpp_0=6.094787; ', 'mse_1=0.002801; ', 'lpips_1=0.004309; ', 'codec_recon_1=0.359713; ', 'bpp_1=0.296224; ', 'mse_2=0.002726; ', 'lpips_2=0.003720; ', 'codec_recon_2=0.082043; ', 'bpp_2=0.275758; ']
train step[1056/2000] ; used: 22m:10s; eta: 19m:48s; loss = 0.023120; ['mse_0=0.003329; ', 'lpips_0=0.005835; ', 'codec_recon_0=0.019128; ', 'bpp_0=6.328544; ', 'mse_1=0.002778; ', 'lpips_1=0.004867; ', 'codec_recon_1=0.366575; ', 'bpp_1=0.302854; ', 'mse_2=0.002334; ', 'lpips_2=0.003978; ', 'codec_recon_2=0.081790; ', 'bpp_2=0.285151; ']
train step[1057/2000] ; used: 22m:11s; eta: 19m:46s; loss = 0.012737; ['mse_0=0.001239; ', 'lpips_0=0.003525; ', 'codec_recon_0=0.019856; ', 'bpp_0=6.100884; ', 'mse_1=0.001079; ', 'lpips_1=0.003027; ', 'codec_recon_1=0.281212; ', 'bpp_1=0.296580; ', 'mse_2=0.001044; ', 'lpips_2=0.002823; ', 'codec_recon_2=0.086067; ', 'bpp_2=0.273926; ']
train step[1058/2000] ; used: 22m:12s; eta: 19m:45s; loss = 0.011602; ['mse_0=0.000540; ', 'lpips_0=0.003853; ', 'codec_recon_0=0.027445; ', 'bpp_0=5.928166; ', 'mse_1=0.000456; ', 'lpips_1=0.003321; ', 'codec_recon_1=0.284756; ', 'bpp_1=0.291958; ', 'mse_2=0.000415; ', 'lpips_2=0.003018; ', 'codec_recon_2=0.102662; ', 'bpp_2=0.267848; ']
train step[1059/2000] ; used: 22m:13s; eta: 19m:44s; loss = 0.006976; ['mse_0=0.000315; ', 'lpips_0=0.002562; ', 'codec_recon_0=0.018250; ', 'bpp_0=5.955416; ', 'mse_1=0.000227; ', 'lpips_1=0.001990; ', 'codec_recon_1=0.286545; ', 'bpp_1=0.292974; ', 'mse_2=0.000168; ', 'lpips_2=0.001715; ', 'codec_recon_2=0.080448; ', 'bpp_2=0.268247; ']
train step[1060/2000] ; used: 22m:14s; eta: 19m:42s; loss = 0.014407; ['mse_0=0.001113; ', 'lpips_0=0.004446; ', 'codec_recon_0=0.023380; ', 'bpp_0=5.925782; ', 'mse_1=0.000951; ', 'lpips_1=0.003766; ', 'codec_recon_1=0.355151; ', 'bpp_1=0.291620; ', 'mse_2=0.000850; ', 'lpips_2=0.003281; ', 'codec_recon_2=0.087719; ', 'bpp_2=0.269472; ']
train step[1061/2000] ; used: 22m:15s; eta: 19m:41s; loss = 0.027596; ['mse_0=0.004103; ', 'lpips_0=0.006098; ', 'codec_recon_0=0.021313; ', 'bpp_0=6.019890; ', 'mse_1=0.003556; ', 'lpips_1=0.005388; ', 'codec_recon_1=0.298262; ', 'bpp_1=0.295350; ', 'mse_2=0.003433; ', 'lpips_2=0.005018; ', 'codec_recon_2=0.081373; ', 'bpp_2=0.273126; ']
train step[1062/2000] ; used: 22m:16s; eta: 19m:39s; loss = 0.010092; ['mse_0=0.000608; ', 'lpips_0=0.003485; ', 'codec_recon_0=0.022889; ', 'bpp_0=5.944189; ', 'mse_1=0.000415; ', 'lpips_1=0.002861; ', 'codec_recon_1=0.322053; ', 'bpp_1=0.292328; ', 'mse_2=0.000253; ', 'lpips_2=0.002470; ', 'codec_recon_2=0.084120; ', 'bpp_2=0.272340; ']
train step[1063/2000] ; used: 22m:17s; eta: 19m:38s; loss = 0.011896; ['mse_0=0.000714; ', 'lpips_0=0.003820; ', 'codec_recon_0=0.024831; ', 'bpp_0=5.757389; ', 'mse_1=0.000600; ', 'lpips_1=0.003239; ', 'codec_recon_1=0.296790; ', 'bpp_1=0.289259; ', 'mse_2=0.000537; ', 'lpips_2=0.002986; ', 'codec_recon_2=0.084918; ', 'bpp_2=0.265077; ']
train step[1064/2000] ; used: 22m:19s; eta: 19m:36s; loss = 0.019664; ['mse_0=0.001859; ', 'lpips_0=0.005491; ', 'codec_recon_0=0.021183; ', 'bpp_0=6.114640; ', 'mse_1=0.001679; ', 'lpips_1=0.004750; ', 'codec_recon_1=0.353307; ', 'bpp_1=0.297256; ', 'mse_2=0.001664; ', 'lpips_2=0.004221; ', 'codec_recon_2=0.084502; ', 'bpp_2=0.278070; ']
train step[1065/2000] ; used: 22m:20s; eta: 19m:35s; loss = 0.015204; ['mse_0=0.001709; ', 'lpips_0=0.004268; ', 'codec_recon_0=0.023856; ', 'bpp_0=6.127560; ', 'mse_1=0.001368; ', 'lpips_1=0.003533; ', 'codec_recon_1=0.317437; ', 'bpp_1=0.297721; ', 'mse_2=0.001211; ', 'lpips_2=0.003114; ', 'codec_recon_2=0.080701; ', 'bpp_2=0.277941; ']
train step[1066/2000] ; used: 22m:21s; eta: 19m:33s; loss = 0.007970; ['mse_0=0.000343; ', 'lpips_0=0.002901; ', 'codec_recon_0=0.020303; ', 'bpp_0=6.059201; ', 'mse_1=0.000256; ', 'lpips_1=0.002313; ', 'codec_recon_1=0.308345; ', 'bpp_1=0.292179; ', 'mse_2=0.000222; ', 'lpips_2=0.001935; ', 'codec_recon_2=0.094340; ', 'bpp_2=0.270180; ']
train step[1067/2000] ; used: 22m:22s; eta: 19m:32s; loss = 0.019144; ['mse_0=0.002275; ', 'lpips_0=0.005047; ', 'codec_recon_0=0.030935; ', 'bpp_0=5.866076; ', 'mse_1=0.002102; ', 'lpips_1=0.004373; ', 'codec_recon_1=0.372972; ', 'bpp_1=0.290741; ', 'mse_2=0.001857; ', 'lpips_2=0.003490; ', 'codec_recon_2=0.104975; ', 'bpp_2=0.266868; ']
train step[1068/2000] ; used: 22m:23s; eta: 19m:31s; loss = 0.021056; ['mse_0=0.002391; ', 'lpips_0=0.005784; ', 'codec_recon_0=0.023635; ', 'bpp_0=6.056477; ', 'mse_1=0.002042; ', 'lpips_1=0.004832; ', 'codec_recon_1=0.337517; ', 'bpp_1=0.298006; ', 'mse_2=0.001844; ', 'lpips_2=0.004163; ', 'codec_recon_2=0.080792; ', 'bpp_2=0.278125; ']
train step[1069/2000] ; used: 22m:24s; eta: 19m:29s; loss = 0.018109; ['mse_0=0.002446; ', 'lpips_0=0.004638; ', 'codec_recon_0=0.019913; ', 'bpp_0=6.250760; ', 'mse_1=0.001985; ', 'lpips_1=0.003843; ', 'codec_recon_1=0.319355; ', 'bpp_1=0.299978; ', 'mse_2=0.001783; ', 'lpips_2=0.003414; ', 'codec_recon_2=0.087709; ', 'bpp_2=0.279332; ']
train step[1070/2000] ; used: 22m:25s; eta: 19m:28s; loss = 0.021814; ['mse_0=0.002589; ', 'lpips_0=0.005205; ', 'codec_recon_0=0.020499; ', 'bpp_0=5.909208; ', 'mse_1=0.002504; ', 'lpips_1=0.004638; ', 'codec_recon_1=0.285877; ', 'bpp_1=0.291751; ', 'mse_2=0.002441; ', 'lpips_2=0.004437; ', 'codec_recon_2=0.085485; ', 'bpp_2=0.268907; ']
train step[1071/2000] ; used: 22m:26s; eta: 19m:26s; loss = 0.014695; ['mse_0=0.000990; ', 'lpips_0=0.004640; ', 'codec_recon_0=0.026805; ', 'bpp_0=5.895221; ', 'mse_1=0.000831; ', 'lpips_1=0.003974; ', 'codec_recon_1=0.340493; ', 'bpp_1=0.291643; ', 'mse_2=0.000767; ', 'lpips_2=0.003494; ', 'codec_recon_2=0.100765; ', 'bpp_2=0.267863; ']
train step[1072/2000] ; used: 22m:27s; eta: 19m:25s; loss = 0.011807; ['mse_0=0.000970; ', 'lpips_0=0.003875; ', 'codec_recon_0=0.019677; ', 'bpp_0=6.130318; ', 'mse_1=0.000707; ', 'lpips_1=0.003203; ', 'codec_recon_1=0.340245; ', 'bpp_1=0.297996; ', 'mse_2=0.000525; ', 'lpips_2=0.002526; ', 'codec_recon_2=0.082606; ', 'bpp_2=0.277190; ']
train step[1073/2000] ; used: 22m:28s; eta: 19m:23s; loss = 0.013106; ['mse_0=0.000678; ', 'lpips_0=0.004921; ', 'codec_recon_0=0.023891; ', 'bpp_0=5.994413; ', 'mse_1=0.000492; ', 'lpips_1=0.003787; ', 'codec_recon_1=0.398743; ', 'bpp_1=0.293708; ', 'mse_2=0.000338; ', 'lpips_2=0.002891; ', 'codec_recon_2=0.087253; ', 'bpp_2=0.275933; ']
train step[1074/2000] ; used: 22m:29s; eta: 19m:22s; loss = 0.015203; ['mse_0=0.000912; ', 'lpips_0=0.004698; ', 'codec_recon_0=0.024436; ', 'bpp_0=5.833431; ', 'mse_1=0.000768; ', 'lpips_1=0.004166; ', 'codec_recon_1=0.295529; ', 'bpp_1=0.290061; ', 'mse_2=0.000746; ', 'lpips_2=0.003913; ', 'codec_recon_2=0.083959; ', 'bpp_2=0.269907; ']
train step[1075/2000] ; used: 22m:30s; eta: 19m:20s; loss = 0.017688; ['mse_0=0.001019; ', 'lpips_0=0.005345; ', 'codec_recon_0=0.021177; ', 'bpp_0=5.953565; ', 'mse_1=0.000895; ', 'lpips_1=0.004883; ', 'codec_recon_1=0.288799; ', 'bpp_1=0.292982; ', 'mse_2=0.000869; ', 'lpips_2=0.004677; ', 'codec_recon_2=0.090268; ', 'bpp_2=0.272090; ']
train step[1076/2000] ; used: 22m:31s; eta: 19m:19s; loss = 0.035431; ['mse_0=0.005426; ', 'lpips_0=0.007458; ', 'codec_recon_0=0.025810; ', 'bpp_0=6.114696; ', 'mse_1=0.004904; ', 'lpips_1=0.006810; ', 'codec_recon_1=0.378470; ', 'bpp_1=0.296765; ', 'mse_2=0.004614; ', 'lpips_2=0.006219; ', 'codec_recon_2=0.088330; ', 'bpp_2=0.278313; ']
train step[1077/2000] ; used: 22m:32s; eta: 19m:18s; loss = 0.014546; ['mse_0=0.001522; ', 'lpips_0=0.004561; ', 'codec_recon_0=0.019152; ', 'bpp_0=6.098489; ', 'mse_1=0.001137; ', 'lpips_1=0.003688; ', 'codec_recon_1=0.368829; ', 'bpp_1=0.296651; ', 'mse_2=0.000806; ', 'lpips_2=0.002831; ', 'codec_recon_2=0.083055; ', 'bpp_2=0.275359; ']
train step[1078/2000] ; used: 22m:33s; eta: 19m:16s; loss = 0.011377; ['mse_0=0.000908; ', 'lpips_0=0.003592; ', 'codec_recon_0=0.020565; ', 'bpp_0=6.047053; ', 'mse_1=0.000710; ', 'lpips_1=0.002963; ', 'codec_recon_1=0.287354; ', 'bpp_1=0.294674; ', 'mse_2=0.000640; ', 'lpips_2=0.002565; ', 'codec_recon_2=0.083524; ', 'bpp_2=0.271910; ']
train step[1079/2000] ; used: 22m:34s; eta: 19m:15s; loss = 0.019295; ['mse_0=0.001922; ', 'lpips_0=0.005082; ', 'codec_recon_0=0.022126; ', 'bpp_0=6.118191; ', 'mse_1=0.001712; ', 'lpips_1=0.004576; ', 'codec_recon_1=0.298736; ', 'bpp_1=0.295757; ', 'mse_2=0.001637; ', 'lpips_2=0.004366; ', 'codec_recon_2=0.087719; ', 'bpp_2=0.273912; ']
train step[1080/2000] ; used: 22m:35s; eta: 19m:13s; loss = 0.029576; ['mse_0=0.003921; ', 'lpips_0=0.007288; ', 'codec_recon_0=0.021966; ', 'bpp_0=6.093042; ', 'mse_1=0.003378; ', 'lpips_1=0.006498; ', 'codec_recon_1=0.400114; ', 'bpp_1=0.297612; ', 'mse_2=0.002795; ', 'lpips_2=0.005696; ', 'codec_recon_2=0.078254; ', 'bpp_2=0.280316; ']
train step[1081/2000] ; used: 22m:36s; eta: 19m:12s; loss = 0.017812; ['mse_0=0.001527; ', 'lpips_0=0.005637; ', 'codec_recon_0=0.020199; ', 'bpp_0=6.099917; ', 'mse_1=0.001234; ', 'lpips_1=0.004780; ', 'codec_recon_1=0.356946; ', 'bpp_1=0.295725; ', 'mse_2=0.000846; ', 'lpips_2=0.003788; ', 'codec_recon_2=0.093874; ', 'bpp_2=0.274686; ']
train step[1082/2000] ; used: 22m:37s; eta: 19m:10s; loss = 0.010507; ['mse_0=0.000488; ', 'lpips_0=0.003696; ', 'codec_recon_0=0.022690; ', 'bpp_0=5.963427; ', 'mse_1=0.000385; ', 'lpips_1=0.002986; ', 'codec_recon_1=0.315180; ', 'bpp_1=0.291936; ', 'mse_2=0.000332; ', 'lpips_2=0.002621; ', 'codec_recon_2=0.089078; ', 'bpp_2=0.270366; ']
train step[1083/2000] ; used: 22m:38s; eta: 19m:9s; loss = 0.023957; ['mse_0=0.002472; ', 'lpips_0=0.006070; ', 'codec_recon_0=0.021984; ', 'bpp_0=6.013669; ', 'mse_1=0.002301; ', 'lpips_1=0.005514; ', 'codec_recon_1=0.282856; ', 'bpp_1=0.295312; ', 'mse_2=0.002289; ', 'lpips_2=0.005311; ', 'codec_recon_2=0.085665; ', 'bpp_2=0.273409; ']
train step[1084/2000] ; used: 22m:39s; eta: 19m:8s; loss = 0.015931; ['mse_0=0.001930; ', 'lpips_0=0.004588; ', 'codec_recon_0=0.021721; ', 'bpp_0=6.223145; ', 'mse_1=0.001536; ', 'lpips_1=0.003719; ', 'codec_recon_1=0.370815; ', 'bpp_1=0.300414; ', 'mse_2=0.001152; ', 'lpips_2=0.003006; ', 'codec_recon_2=0.081201; ', 'bpp_2=0.280667; ']
train step[1085/2000] ; used: 22m:40s; eta: 19m:6s; loss = 0.011924; ['mse_0=0.000736; ', 'lpips_0=0.003815; ', 'codec_recon_0=0.019656; ', 'bpp_0=6.101299; ', 'mse_1=0.000641; ', 'lpips_1=0.003221; ', 'codec_recon_1=0.311011; ', 'bpp_1=0.296290; ', 'mse_2=0.000605; ', 'lpips_2=0.002906; ', 'codec_recon_2=0.091034; ', 'bpp_2=0.272963; ']
train step[1086/2000] ; used: 22m:41s; eta: 19m:5s; loss = 0.015132; ['mse_0=0.000939; ', 'lpips_0=0.004575; ', 'codec_recon_0=0.021210; ', 'bpp_0=5.964078; ', 'mse_1=0.000848; ', 'lpips_1=0.004095; ', 'codec_recon_1=0.282993; ', 'bpp_1=0.293397; ', 'mse_2=0.000796; ', 'lpips_2=0.003878; ', 'codec_recon_2=0.086876; ', 'bpp_2=0.272028; ']
train step[1087/2000] ; used: 22m:43s; eta: 19m:4s; loss = 0.011443; ['mse_0=0.001308; ', 'lpips_0=0.003663; ', 'codec_recon_0=0.021718; ', 'bpp_0=6.093692; ', 'mse_1=0.000963; ', 'lpips_1=0.002880; ', 'codec_recon_1=0.363821; ', 'bpp_1=0.296655; ', 'mse_2=0.000514; ', 'lpips_2=0.002114; ', 'codec_recon_2=0.083239; ', 'bpp_2=0.274899; ']
train step[1088/2000] ; used: 22m:44s; eta: 19m:3s; loss = 0.015719; ['mse_0=0.002074; ', 'lpips_0=0.004813; ', 'codec_recon_0=0.019755; ', 'bpp_0=6.352293; ', 'mse_1=0.001513; ', 'lpips_1=0.003721; ', 'codec_recon_1=0.400131; ', 'bpp_1=0.304038; ', 'mse_2=0.001010; ', 'lpips_2=0.002588; ', 'codec_recon_2=0.082176; ', 'bpp_2=0.286730; ']
train step[1089/2000] ; used: 22m:45s; eta: 19m:1s; loss = 0.011072; ['mse_0=0.000317; ', 'lpips_0=0.003869; ', 'codec_recon_0=0.022876; ', 'bpp_0=5.831435; ', 'mse_1=0.000247; ', 'lpips_1=0.003348; ', 'codec_recon_1=0.285192; ', 'bpp_1=0.287683; ', 'mse_2=0.000204; ', 'lpips_2=0.003086; ', 'codec_recon_2=0.085601; ', 'bpp_2=0.264892; ']
train step[1090/2000] ; used: 22m:46s; eta: 19m; loss = 0.018744; ['mse_0=0.001876; ', 'lpips_0=0.004925; ', 'codec_recon_0=0.021549; ', 'bpp_0=5.890101; ', 'mse_1=0.001776; ', 'lpips_1=0.004313; ', 'codec_recon_1=0.287688; ', 'bpp_1=0.291654; ', 'mse_2=0.001772; ', 'lpips_2=0.004083; ', 'codec_recon_2=0.079838; ', 'bpp_2=0.269810; ']
train step[1091/2000] ; used: 22m:48s; eta: 18m:58s; loss = 0.021614; ['mse_0=0.003222; ', 'lpips_0=0.005424; ', 'codec_recon_0=0.018017; ', 'bpp_0=6.355533; ', 'mse_1=0.002608; ', 'lpips_1=0.004694; ', 'codec_recon_1=0.358459; ', 'bpp_1=0.303612; ', 'mse_2=0.002101; ', 'lpips_2=0.003565; ', 'codec_recon_2=0.082275; ', 'bpp_2=0.286471; ']
train step[1092/2000] ; used: 22m:49s; eta: 18m:57s; loss = 0.007718; ['mse_0=0.000525; ', 'lpips_0=0.002600; ', 'codec_recon_0=0.021558; ', 'bpp_0=6.055540; ', 'mse_1=0.000432; ', 'lpips_1=0.002020; ', 'codec_recon_1=0.294115; ', 'bpp_1=0.293995; ', 'mse_2=0.000379; ', 'lpips_2=0.001762; ', 'codec_recon_2=0.084330; ', 'bpp_2=0.271811; ']
train step[1093/2000] ; used: 22m:50s; eta: 18m:55s; loss = 0.015902; ['mse_0=0.001194; ', 'lpips_0=0.005004; ', 'codec_recon_0=0.023212; ', 'bpp_0=6.207392; ', 'mse_1=0.000981; ', 'lpips_1=0.004103; ', 'codec_recon_1=0.355624; ', 'bpp_1=0.295731; ', 'mse_2=0.000930; ', 'lpips_2=0.003689; ', 'codec_recon_2=0.098195; ', 'bpp_2=0.276907; ']
train step[1094/2000] ; used: 22m:51s; eta: 18m:54s; loss = 0.011837; ['mse_0=0.000971; ', 'lpips_0=0.003954; ', 'codec_recon_0=0.026473; ', 'bpp_0=6.089381; ', 'mse_1=0.000792; ', 'lpips_1=0.003103; ', 'codec_recon_1=0.353140; ', 'bpp_1=0.296954; ', 'mse_2=0.000637; ', 'lpips_2=0.002381; ', 'codec_recon_2=0.098170; ', 'bpp_2=0.275091; ']
train step[1095/2000] ; used: 22m:52s; eta: 18m:53s; loss = 0.012001; ['mse_0=0.000644; ', 'lpips_0=0.003896; ', 'codec_recon_0=0.020341; ', 'bpp_0=5.996918; ', 'mse_1=0.000562; ', 'lpips_1=0.003319; ', 'codec_recon_1=0.298978; ', 'bpp_1=0.294139; ', 'mse_2=0.000505; ', 'lpips_2=0.003074; ', 'codec_recon_2=0.083406; ', 'bpp_2=0.271446; ']
train step[1096/2000] ; used: 22m:53s; eta: 18m:51s; loss = 0.014767; ['mse_0=0.001344; ', 'lpips_0=0.004117; ', 'codec_recon_0=0.023217; ', 'bpp_0=5.886064; ', 'mse_1=0.001175; ', 'lpips_1=0.003576; ', 'codec_recon_1=0.268473; ', 'bpp_1=0.290014; ', 'mse_2=0.001150; ', 'lpips_2=0.003405; ', 'codec_recon_2=0.080243; ', 'bpp_2=0.267994; ']
train step[1097/2000] ; used: 22m:54s; eta: 18m:50s; loss = 0.012123; ['mse_0=0.001519; ', 'lpips_0=0.003788; ', 'codec_recon_0=0.019156; ', 'bpp_0=6.151221; ', 'mse_1=0.001109; ', 'lpips_1=0.002923; ', 'codec_recon_1=0.354768; ', 'bpp_1=0.298280; ', 'mse_2=0.000696; ', 'lpips_2=0.002089; ', 'codec_recon_2=0.083047; ', 'bpp_2=0.279269; ']
train step[1098/2000] ; used: 22m:55s; eta: 18m:48s; loss = 0.018789; ['mse_0=0.001951; ', 'lpips_0=0.005034; ', 'codec_recon_0=0.031367; ', 'bpp_0=6.030239; ', 'mse_1=0.001774; ', 'lpips_1=0.004421; ', 'codec_recon_1=0.322778; ', 'bpp_1=0.296314; ', 'mse_2=0.001645; ', 'lpips_2=0.003965; ', 'codec_recon_2=0.099239; ', 'bpp_2=0.275569; ']
train step[1099/2000] ; used: 22m:56s; eta: 18m:47s; loss = 0.017783; ['mse_0=0.001626; ', 'lpips_0=0.005256; ', 'codec_recon_0=0.020834; ', 'bpp_0=6.108442; ', 'mse_1=0.001276; ', 'lpips_1=0.004490; ', 'codec_recon_1=0.313404; ', 'bpp_1=0.298548; ', 'mse_2=0.001130; ', 'lpips_2=0.004005; ', 'codec_recon_2=0.078701; ', 'bpp_2=0.278839; ']
train step[1100/2000] ; used: 22m:57s; eta: 18m:45s; loss = 0.043799; ['mse_0=0.007721; ', 'lpips_0=0.007609; ', 'codec_recon_0=0.019836; ', 'bpp_0=6.018299; ', 'mse_1=0.007305; ', 'lpips_1=0.007020; ', 'codec_recon_1=0.293325; ', 'bpp_1=0.296052; ', 'mse_2=0.007447; ', 'lpips_2=0.006697; ', 'codec_recon_2=0.084017; ', 'bpp_2=0.275502; ']
train step[1101/2000] ; used: 22m:58s; eta: 18m:44s; loss = 0.010647; ['mse_0=0.001008; ', 'lpips_0=0.003289; ', 'codec_recon_0=0.024502; ', 'bpp_0=6.005433; ', 'mse_1=0.000783; ', 'lpips_1=0.002644; ', 'codec_recon_1=0.284573; ', 'bpp_1=0.295157; ', 'mse_2=0.000674; ', 'lpips_2=0.002249; ', 'codec_recon_2=0.088533; ', 'bpp_2=0.271476; ']
train step[1102/2000] ; used: 22m:59s; eta: 18m:43s; loss = 0.017304; ['mse_0=0.001914; ', 'lpips_0=0.005302; ', 'codec_recon_0=0.019484; ', 'bpp_0=6.116082; ', 'mse_1=0.001482; ', 'lpips_1=0.004334; ', 'codec_recon_1=0.386581; ', 'bpp_1=0.297762; ', 'mse_2=0.001033; ', 'lpips_2=0.003239; ', 'codec_recon_2=0.077748; ', 'bpp_2=0.279056; ']
train step[1103/2000] ; used: 23m; eta: 18m:41s; loss = 0.016472; ['mse_0=0.001537; ', 'lpips_0=0.004503; ', 'codec_recon_0=0.021785; ', 'bpp_0=6.055607; ', 'mse_1=0.001452; ', 'lpips_1=0.003980; ', 'codec_recon_1=0.311436; ', 'bpp_1=0.293581; ', 'mse_2=0.001345; ', 'lpips_2=0.003656; ', 'codec_recon_2=0.094325; ', 'bpp_2=0.272692; ']
train step[1104/2000] ; used: 23m:1s; eta: 18m:40s; loss = 0.011648; ['mse_0=0.001396; ', 'lpips_0=0.003204; ', 'codec_recon_0=0.021269; ', 'bpp_0=6.128940; ', 'mse_1=0.001134; ', 'lpips_1=0.002573; ', 'codec_recon_1=0.271340; ', 'bpp_1=0.297315; ', 'mse_2=0.001016; ', 'lpips_2=0.002325; ', 'codec_recon_2=0.080018; ', 'bpp_2=0.276127; ']
train step[1105/2000] ; used: 23m:2s; eta: 18m:38s; loss = 0.010962; ['mse_0=0.000565; ', 'lpips_0=0.003544; ', 'codec_recon_0=0.022376; ', 'bpp_0=5.743632; ', 'mse_1=0.000429; ', 'lpips_1=0.003098; ', 'codec_recon_1=0.262443; ', 'bpp_1=0.287703; ', 'mse_2=0.000384; ', 'lpips_2=0.002941; ', 'codec_recon_2=0.077093; ', 'bpp_2=0.265779; ']
Skipped bad example 7ab1ca08282c3433. Context shape was torch.Size([2, 3, 360, 480]) and target shape was torch.Size([4, 3, 360, 480]).
train step[1106/2000] ; used: 23m:3s; eta: 18m:37s; loss = 0.013146; ['mse_0=0.000939; ', 'lpips_0=0.003917; ', 'codec_recon_0=0.024945; ', 'bpp_0=5.766098; ', 'mse_1=0.000761; ', 'lpips_1=0.003480; ', 'codec_recon_1=0.252487; ', 'bpp_1=0.288419; ', 'mse_2=0.000727; ', 'lpips_2=0.003323; ', 'codec_recon_2=0.084702; ', 'bpp_2=0.267335; ']
train step[1107/2000] ; used: 23m:4s; eta: 18m:35s; loss = 0.026742; ['mse_0=0.002439; ', 'lpips_0=0.007419; ', 'codec_recon_0=0.023541; ', 'bpp_0=6.002082; ', 'mse_1=0.002194; ', 'lpips_1=0.006516; ', 'codec_recon_1=0.347182; ', 'bpp_1=0.295145; ', 'mse_2=0.002086; ', 'lpips_2=0.006088; ', 'codec_recon_2=0.092489; ', 'bpp_2=0.277053; ']
train step[1108/2000] ; used: 23m:5s; eta: 18m:34s; loss = 0.012175; ['mse_0=0.000814; ', 'lpips_0=0.004021; ', 'codec_recon_0=0.021657; ', 'bpp_0=5.834750; ', 'mse_1=0.000654; ', 'lpips_1=0.003281; ', 'codec_recon_1=0.293887; ', 'bpp_1=0.292534; ', 'mse_2=0.000570; ', 'lpips_2=0.002836; ', 'codec_recon_2=0.081205; ', 'bpp_2=0.270578; ']
train step[1109/2000] ; used: 23m:6s; eta: 18m:33s; loss = 0.011530; ['mse_0=0.000803; ', 'lpips_0=0.003711; ', 'codec_recon_0=0.020018; ', 'bpp_0=5.990901; ', 'mse_1=0.000638; ', 'lpips_1=0.003117; ', 'codec_recon_1=0.303790; ', 'bpp_1=0.293885; ', 'mse_2=0.000530; ', 'lpips_2=0.002731; ', 'codec_recon_2=0.080819; ', 'bpp_2=0.272551; ']
train step[1110/2000] ; used: 23m:7s; eta: 18m:31s; loss = 0.016903; ['mse_0=0.001532; ', 'lpips_0=0.004463; ', 'codec_recon_0=0.021421; ', 'bpp_0=5.830063; ', 'mse_1=0.001594; ', 'lpips_1=0.004024; ', 'codec_recon_1=0.269291; ', 'bpp_1=0.291028; ', 'mse_2=0.001539; ', 'lpips_2=0.003751; ', 'codec_recon_2=0.081254; ', 'bpp_2=0.268441; ']
train step[1111/2000] ; used: 23m:8s; eta: 18m:30s; loss = 0.009401; ['mse_0=0.000588; ', 'lpips_0=0.003326; ', 'codec_recon_0=0.018798; ', 'bpp_0=5.992676; ', 'mse_1=0.000466; ', 'lpips_1=0.002589; ', 'codec_recon_1=0.306575; ', 'bpp_1=0.292330; ', 'mse_2=0.000362; ', 'lpips_2=0.002071; ', 'codec_recon_2=0.087953; ', 'bpp_2=0.268350; ']
train step[1112/2000] ; used: 23m:9s; eta: 18m:28s; loss = 0.016563; ['mse_0=0.001688; ', 'lpips_0=0.004485; ', 'codec_recon_0=0.027221; ', 'bpp_0=5.916893; ', 'mse_1=0.001588; ', 'lpips_1=0.003788; ', 'codec_recon_1=0.268786; ', 'bpp_1=0.288602; ', 'mse_2=0.001568; ', 'lpips_2=0.003446; ', 'codec_recon_2=0.096590; ', 'bpp_2=0.265289; ']
train step[1113/2000] ; used: 23m:10s; eta: 18m:27s; loss = 0.013658; ['mse_0=0.000999; ', 'lpips_0=0.004220; ', 'codec_recon_0=0.019583; ', 'bpp_0=6.023958; ', 'mse_1=0.000765; ', 'lpips_1=0.003650; ', 'codec_recon_1=0.281640; ', 'bpp_1=0.295166; ', 'mse_2=0.000675; ', 'lpips_2=0.003349; ', 'codec_recon_2=0.081229; ', 'bpp_2=0.273141; ']
train step[1114/2000] ; used: 23m:11s; eta: 18m:26s; loss = 0.024427; ['mse_0=0.002463; ', 'lpips_0=0.006637; ', 'codec_recon_0=0.019323; ', 'bpp_0=6.064066; ', 'mse_1=0.002115; ', 'lpips_1=0.005821; ', 'codec_recon_1=0.295278; ', 'bpp_1=0.295669; ', 'mse_2=0.002032; ', 'lpips_2=0.005359; ', 'codec_recon_2=0.080193; ', 'bpp_2=0.275001; ']
train step[1115/2000] ; used: 23m:13s; eta: 18m:24s; loss = 0.018070; ['mse_0=0.001447; ', 'lpips_0=0.005959; ', 'codec_recon_0=0.019090; ', 'bpp_0=6.213019; ', 'mse_1=0.001082; ', 'lpips_1=0.004950; ', 'codec_recon_1=0.379636; ', 'bpp_1=0.300127; ', 'mse_2=0.000771; ', 'lpips_2=0.003860; ', 'codec_recon_2=0.083073; ', 'bpp_2=0.280989; ']
train step[1116/2000] ; used: 23m:14s; eta: 18m:23s; loss = 0.011960; ['mse_0=0.000838; ', 'lpips_0=0.003593; ', 'codec_recon_0=0.019546; ', 'bpp_0=5.929692; ', 'mse_1=0.000789; ', 'lpips_1=0.003110; ', 'codec_recon_1=0.273615; ', 'bpp_1=0.291944; ', 'mse_2=0.000756; ', 'lpips_2=0.002873; ', 'codec_recon_2=0.085485; ', 'bpp_2=0.267301; ']
train step[1117/2000] ; used: 23m:15s; eta: 18m:21s; loss = 0.019786; ['mse_0=0.001897; ', 'lpips_0=0.005323; ', 'codec_recon_0=0.023174; ', 'bpp_0=6.025166; ', 'mse_1=0.001669; ', 'lpips_1=0.004787; ', 'codec_recon_1=0.308141; ', 'bpp_1=0.295031; ', 'mse_2=0.001594; ', 'lpips_2=0.004516; ', 'codec_recon_2=0.099015; ', 'bpp_2=0.274398; ']
train step[1118/2000] ; used: 23m:16s; eta: 18m:20s; loss = 0.027304; ['mse_0=0.002862; ', 'lpips_0=0.007470; ', 'codec_recon_0=0.021744; ', 'bpp_0=6.152781; ', 'mse_1=0.002506; ', 'lpips_1=0.006712; ', 'codec_recon_1=0.417900; ', 'bpp_1=0.298009; ', 'mse_2=0.002159; ', 'lpips_2=0.005595; ', 'codec_recon_2=0.085533; ', 'bpp_2=0.278986; ']
train step[1119/2000] ; used: 23m:17s; eta: 18m:19s; loss = 0.013183; ['mse_0=0.001844; ', 'lpips_0=0.003608; ', 'codec_recon_0=0.020027; ', 'bpp_0=6.213461; ', 'mse_1=0.001482; ', 'lpips_1=0.002830; ', 'codec_recon_1=0.323530; ', 'bpp_1=0.300545; ', 'mse_2=0.001188; ', 'lpips_2=0.002230; ', 'codec_recon_2=0.080105; ', 'bpp_2=0.279875; ']
train step[1120/2000] ; used: 23m:18s; eta: 18m:17s; loss = 0.017154; ['mse_0=0.002025; ', 'lpips_0=0.004133; ', 'codec_recon_0=0.020730; ', 'bpp_0=5.938506; ', 'mse_1=0.001935; ', 'lpips_1=0.003626; ', 'codec_recon_1=0.268428; ', 'bpp_1=0.293215; ', 'mse_2=0.001960; ', 'lpips_2=0.003475; ', 'codec_recon_2=0.079022; ', 'bpp_2=0.270819; ']
train step[1121/2000] ; used: 23m:19s; eta: 18m:16s; loss = 0.019251; ['mse_0=0.002252; ', 'lpips_0=0.004850; ', 'codec_recon_0=0.023887; ', 'bpp_0=5.962088; ', 'mse_1=0.002116; ', 'lpips_1=0.004117; ', 'codec_recon_1=0.324773; ', 'bpp_1=0.291100; ', 'mse_2=0.002109; ', 'lpips_2=0.003807; ', 'codec_recon_2=0.095048; ', 'bpp_2=0.268610; ']
train step[1122/2000] ; used: 23m:20s; eta: 18m:14s; loss = 0.008784; ['mse_0=0.000538; ', 'lpips_0=0.002979; ', 'codec_recon_0=0.020459; ', 'bpp_0=6.017275; ', 'mse_1=0.000413; ', 'lpips_1=0.002425; ', 'codec_recon_1=0.296532; ', 'bpp_1=0.294894; ', 'mse_2=0.000331; ', 'lpips_2=0.002099; ', 'codec_recon_2=0.084116; ', 'bpp_2=0.271921; ']
train step[1123/2000] ; used: 23m:21s; eta: 18m:13s; loss = 0.012940; ['mse_0=0.001478; ', 'lpips_0=0.003658; ', 'codec_recon_0=0.021700; ', 'bpp_0=6.051231; ', 'mse_1=0.001227; ', 'lpips_1=0.002929; ', 'codec_recon_1=0.307999; ', 'bpp_1=0.295662; ', 'mse_2=0.001087; ', 'lpips_2=0.002561; ', 'codec_recon_2=0.083118; ', 'bpp_2=0.273696; ']
train step[1124/2000] ; used: 23m:22s; eta: 18m:12s; loss = 0.011849; ['mse_0=0.000511; ', 'lpips_0=0.004176; ', 'codec_recon_0=0.023730; ', 'bpp_0=5.837759; ', 'mse_1=0.000388; ', 'lpips_1=0.003407; ', 'codec_recon_1=0.316321; ', 'bpp_1=0.290829; ', 'mse_2=0.000313; ', 'lpips_2=0.003054; ', 'codec_recon_2=0.087021; ', 'bpp_2=0.269153; ']
train step[1125/2000] ; used: 23m:23s; eta: 18m:10s; loss = 0.011222; ['mse_0=0.000738; ', 'lpips_0=0.003841; ', 'codec_recon_0=0.021916; ', 'bpp_0=5.926995; ', 'mse_1=0.000544; ', 'lpips_1=0.003085; ', 'codec_recon_1=0.307655; ', 'bpp_1=0.293987; ', 'mse_2=0.000398; ', 'lpips_2=0.002615; ', 'codec_recon_2=0.085252; ', 'bpp_2=0.272826; ']
train step[1126/2000] ; used: 23m:24s; eta: 18m:9s; loss = 0.018703; ['mse_0=0.001706; ', 'lpips_0=0.005176; ', 'codec_recon_0=0.021855; ', 'bpp_0=5.968541; ', 'mse_1=0.001524; ', 'lpips_1=0.004609; ', 'codec_recon_1=0.286000; ', 'bpp_1=0.293975; ', 'mse_2=0.001429; ', 'lpips_2=0.004259; ', 'codec_recon_2=0.080203; ', 'bpp_2=0.273538; ']
train step[1127/2000] ; used: 23m:25s; eta: 18m:7s; loss = 0.024171; ['mse_0=0.003564; ', 'lpips_0=0.005478; ', 'codec_recon_0=0.021086; ', 'bpp_0=6.096469; ', 'mse_1=0.003258; ', 'lpips_1=0.004817; ', 'codec_recon_1=0.349180; ', 'bpp_1=0.296476; ', 'mse_2=0.002987; ', 'lpips_2=0.004067; ', 'codec_recon_2=0.085598; ', 'bpp_2=0.275689; ']
train step[1128/2000] ; used: 23m:26s; eta: 18m:6s; loss = 0.012877; ['mse_0=0.000789; ', 'lpips_0=0.004134; ', 'codec_recon_0=0.024003; ', 'bpp_0=5.951626; ', 'mse_1=0.000638; ', 'lpips_1=0.003508; ', 'codec_recon_1=0.301014; ', 'bpp_1=0.293731; ', 'mse_2=0.000567; ', 'lpips_2=0.003241; ', 'codec_recon_2=0.095274; ', 'bpp_2=0.271180; ']
train step[1129/2000] ; used: 23m:27s; eta: 18m:5s; loss = 0.010343; ['mse_0=0.000420; ', 'lpips_0=0.003507; ', 'codec_recon_0=0.022167; ', 'bpp_0=5.946026; ', 'mse_1=0.000365; ', 'lpips_1=0.002984; ', 'codec_recon_1=0.282599; ', 'bpp_1=0.290508; ', 'mse_2=0.000347; ', 'lpips_2=0.002720; ', 'codec_recon_2=0.088879; ', 'bpp_2=0.269646; ']
train step[1130/2000] ; used: 23m:28s; eta: 18m:3s; loss = 0.013274; ['mse_0=0.001072; ', 'lpips_0=0.004127; ', 'codec_recon_0=0.020299; ', 'bpp_0=6.070755; ', 'mse_1=0.000920; ', 'lpips_1=0.003404; ', 'codec_recon_1=0.317067; ', 'bpp_1=0.296690; ', 'mse_2=0.000787; ', 'lpips_2=0.002964; ', 'codec_recon_2=0.082753; ', 'bpp_2=0.276245; ']
train step[1131/2000] ; used: 23m:29s; eta: 18m:2s; loss = 0.016202; ['mse_0=0.001654; ', 'lpips_0=0.004596; ', 'codec_recon_0=0.021689; ', 'bpp_0=6.006793; ', 'mse_1=0.001245; ', 'lpips_1=0.003939; ', 'codec_recon_1=0.308118; ', 'bpp_1=0.295410; ', 'mse_2=0.001126; ', 'lpips_2=0.003642; ', 'codec_recon_2=0.078559; ', 'bpp_2=0.275486; ']
train step[1132/2000] ; used: 23m:30s; eta: 18m; loss = 0.015852; ['mse_0=0.001637; ', 'lpips_0=0.004562; ', 'codec_recon_0=0.019537; ', 'bpp_0=6.157780; ', 'mse_1=0.001306; ', 'lpips_1=0.003884; ', 'codec_recon_1=0.329857; ', 'bpp_1=0.298009; ', 'mse_2=0.001110; ', 'lpips_2=0.003352; ', 'codec_recon_2=0.081870; ', 'bpp_2=0.279066; ']
train step[1133/2000] ; used: 23m:32s; eta: 17m:59s; loss = 0.013100; ['mse_0=0.001149; ', 'lpips_0=0.004026; ', 'codec_recon_0=0.019323; ', 'bpp_0=5.945308; ', 'mse_1=0.000896; ', 'lpips_1=0.003338; ', 'codec_recon_1=0.302417; ', 'bpp_1=0.293794; ', 'mse_2=0.000789; ', 'lpips_2=0.002902; ', 'codec_recon_2=0.079060; ', 'bpp_2=0.272390; ']
train step[1134/2000] ; used: 23m:33s; eta: 17m:58s; loss = 0.011664; ['mse_0=0.000638; ', 'lpips_0=0.003764; ', 'codec_recon_0=0.026030; ', 'bpp_0=5.854335; ', 'mse_1=0.000482; ', 'lpips_1=0.003261; ', 'codec_recon_1=0.275845; ', 'bpp_1=0.290557; ', 'mse_2=0.000444; ', 'lpips_2=0.003075; ', 'codec_recon_2=0.092057; ', 'bpp_2=0.268302; ']
train step[1135/2000] ; used: 23m:34s; eta: 17m:56s; loss = 0.014604; ['mse_0=0.001568; ', 'lpips_0=0.003851; ', 'codec_recon_0=0.019525; ', 'bpp_0=5.763751; ', 'mse_1=0.001451; ', 'lpips_1=0.003358; ', 'codec_recon_1=0.270361; ', 'bpp_1=0.289526; ', 'mse_2=0.001314; ', 'lpips_2=0.003061; ', 'codec_recon_2=0.069479; ', 'bpp_2=0.268179; ']
train step[1136/2000] ; used: 23m:35s; eta: 17m:55s; loss = 0.018417; ['mse_0=0.001695; ', 'lpips_0=0.004904; ', 'codec_recon_0=0.022300; ', 'bpp_0=5.974816; ', 'mse_1=0.001641; ', 'lpips_1=0.004391; ', 'codec_recon_1=0.275645; ', 'bpp_1=0.293675; ', 'mse_2=0.001588; ', 'lpips_2=0.004199; ', 'codec_recon_2=0.077159; ', 'bpp_2=0.272523; ']
train step[1137/2000] ; used: 23m:36s; eta: 17m:54s; loss = 0.010461; ['mse_0=0.000606; ', 'lpips_0=0.003413; ', 'codec_recon_0=0.021370; ', 'bpp_0=6.031380; ', 'mse_1=0.000501; ', 'lpips_1=0.002836; ', 'codec_recon_1=0.274568; ', 'bpp_1=0.294070; ', 'mse_2=0.000470; ', 'lpips_2=0.002635; ', 'codec_recon_2=0.084039; ', 'bpp_2=0.272171; ']
train step[1138/2000] ; used: 23m:37s; eta: 17m:52s; loss = 0.019906; ['mse_0=0.002574; ', 'lpips_0=0.004918; ', 'codec_recon_0=0.020723; ', 'bpp_0=5.866422; ', 'mse_1=0.002302; ', 'lpips_1=0.004181; ', 'codec_recon_1=0.308382; ', 'bpp_1=0.290996; ', 'mse_2=0.002102; ', 'lpips_2=0.003828; ', 'codec_recon_2=0.071613; ', 'bpp_2=0.272567; ']
train step[1139/2000] ; used: 23m:38s; eta: 17m:51s; loss = 0.022901; ['mse_0=0.003176; ', 'lpips_0=0.005270; ', 'codec_recon_0=0.019244; ', 'bpp_0=6.171502; ', 'mse_1=0.002841; ', 'lpips_1=0.004713; ', 'codec_recon_1=0.357015; ', 'bpp_1=0.299562; ', 'mse_2=0.002677; ', 'lpips_2=0.004226; ', 'codec_recon_2=0.073846; ', 'bpp_2=0.280439; ']
train step[1140/2000] ; used: 23m:39s; eta: 17m:49s; loss = 0.032431; ['mse_0=0.003605; ', 'lpips_0=0.008057; ', 'codec_recon_0=0.022087; ', 'bpp_0=6.103308; ', 'mse_1=0.003350; ', 'lpips_1=0.007400; ', 'codec_recon_1=0.385493; ', 'bpp_1=0.296044; ', 'mse_2=0.003243; ', 'lpips_2=0.006776; ', 'codec_recon_2=0.085826; ', 'bpp_2=0.275069; ']
train step[1141/2000] ; used: 23m:40s; eta: 17m:48s; loss = 0.014699; ['mse_0=0.001078; ', 'lpips_0=0.004571; ', 'codec_recon_0=0.019287; ', 'bpp_0=6.086668; ', 'mse_1=0.000921; ', 'lpips_1=0.003963; ', 'codec_recon_1=0.347646; ', 'bpp_1=0.295526; ', 'mse_2=0.000783; ', 'lpips_2=0.003383; ', 'codec_recon_2=0.082270; ', 'bpp_2=0.275189; ']
train step[1142/2000] ; used: 23m:41s; eta: 17m:47s; loss = 0.013992; ['mse_0=0.001481; ', 'lpips_0=0.004103; ', 'codec_recon_0=0.019119; ', 'bpp_0=6.166446; ', 'mse_1=0.001112; ', 'lpips_1=0.003407; ', 'codec_recon_1=0.311067; ', 'bpp_1=0.296938; ', 'mse_2=0.000891; ', 'lpips_2=0.002998; ', 'codec_recon_2=0.081599; ', 'bpp_2=0.275608; ']
train step[1143/2000] ; used: 23m:42s; eta: 17m:45s; loss = 0.027788; ['mse_0=0.003415; ', 'lpips_0=0.006279; ', 'codec_recon_0=0.019157; ', 'bpp_0=5.831036; ', 'mse_1=0.003229; ', 'lpips_1=0.005890; ', 'codec_recon_1=0.284854; ', 'bpp_1=0.290616; ', 'mse_2=0.003212; ', 'lpips_2=0.005763; ', 'codec_recon_2=0.085196; ', 'bpp_2=0.266971; ']
train step[1144/2000] ; used: 23m:43s; eta: 17m:44s; loss = 0.012423; ['mse_0=0.000912; ', 'lpips_0=0.003825; ', 'codec_recon_0=0.024224; ', 'bpp_0=5.878471; ', 'mse_1=0.000786; ', 'lpips_1=0.003318; ', 'codec_recon_1=0.326761; ', 'bpp_1=0.291412; ', 'mse_2=0.000719; ', 'lpips_2=0.002862; ', 'codec_recon_2=0.090725; ', 'bpp_2=0.268560; ']
train step[1145/2000] ; used: 23m:44s; eta: 17m:42s; loss = 0.008540; ['mse_0=0.000440; ', 'lpips_0=0.002944; ', 'codec_recon_0=0.020446; ', 'bpp_0=5.958678; ', 'mse_1=0.000341; ', 'lpips_1=0.002388; ', 'codec_recon_1=0.302246; ', 'bpp_1=0.291638; ', 'mse_2=0.000305; ', 'lpips_2=0.002121; ', 'codec_recon_2=0.082612; ', 'bpp_2=0.271823; ']
train step[1146/2000] ; used: 23m:45s; eta: 17m:41s; loss = 0.012987; ['mse_0=0.000721; ', 'lpips_0=0.004314; ', 'codec_recon_0=0.025843; ', 'bpp_0=5.991119; ', 'mse_1=0.000624; ', 'lpips_1=0.003610; ', 'codec_recon_1=0.310854; ', 'bpp_1=0.293745; ', 'mse_2=0.000566; ', 'lpips_2=0.003151; ', 'codec_recon_2=0.095086; ', 'bpp_2=0.272607; ']
train step[1147/2000] ; used: 23m:46s; eta: 17m:40s; loss = 0.011555; ['mse_0=0.000945; ', 'lpips_0=0.003626; ', 'codec_recon_0=0.019709; ', 'bpp_0=5.979418; ', 'mse_1=0.000832; ', 'lpips_1=0.002909; ', 'codec_recon_1=0.307925; ', 'bpp_1=0.293710; ', 'mse_2=0.000765; ', 'lpips_2=0.002477; ', 'codec_recon_2=0.084845; ', 'bpp_2=0.273277; ']
train step[1148/2000] ; used: 23m:47s; eta: 17m:38s; loss = 0.017364; ['mse_0=0.002160; ', 'lpips_0=0.004235; ', 'codec_recon_0=0.024822; ', 'bpp_0=6.069545; ', 'mse_1=0.001987; ', 'lpips_1=0.003654; ', 'codec_recon_1=0.286809; ', 'bpp_1=0.295741; ', 'mse_2=0.001939; ', 'lpips_2=0.003387; ', 'codec_recon_2=0.098785; ', 'bpp_2=0.272706; ']
train step[1149/2000] ; used: 23m:48s; eta: 17m:37s; loss = 0.011282; ['mse_0=0.000580; ', 'lpips_0=0.003908; ', 'codec_recon_0=0.019266; ', 'bpp_0=5.871796; ', 'mse_1=0.000398; ', 'lpips_1=0.003176; ', 'codec_recon_1=0.291454; ', 'bpp_1=0.291480; ', 'mse_2=0.000341; ', 'lpips_2=0.002878; ', 'codec_recon_2=0.078635; ', 'bpp_2=0.269930; ']
train step[1150/2000] ; used: 23m:49s; eta: 17m:36s; loss = 0.011803; ['mse_0=0.000739; ', 'lpips_0=0.003878; ', 'codec_recon_0=0.019887; ', 'bpp_0=5.894269; ', 'mse_1=0.000613; ', 'lpips_1=0.003151; ', 'codec_recon_1=0.280206; ', 'bpp_1=0.292759; ', 'mse_2=0.000571; ', 'lpips_2=0.002852; ', 'codec_recon_2=0.077101; ', 'bpp_2=0.270882; ']
train step[1151/2000] ; used: 23m:51s; eta: 17m:34s; loss = 0.017418; ['mse_0=0.001979; ', 'lpips_0=0.004461; ', 'codec_recon_0=0.020531; ', 'bpp_0=5.977201; ', 'mse_1=0.001790; ', 'lpips_1=0.003910; ', 'codec_recon_1=0.307476; ', 'bpp_1=0.296001; ', 'mse_2=0.001687; ', 'lpips_2=0.003590; ', 'codec_recon_2=0.079826; ', 'bpp_2=0.272462; ']
train step[1152/2000] ; used: 23m:52s; eta: 17m:33s; loss = 0.012084; ['mse_0=0.001399; ', 'lpips_0=0.003582; ', 'codec_recon_0=0.019401; ', 'bpp_0=6.098595; ', 'mse_1=0.001085; ', 'lpips_1=0.002831; ', 'codec_recon_1=0.318843; ', 'bpp_1=0.298076; ', 'mse_2=0.000951; ', 'lpips_2=0.002237; ', 'codec_recon_2=0.081580; ', 'bpp_2=0.276151; ']
train step[1153/2000] ; used: 23m:53s; eta: 17m:31s; loss = 0.009130; ['mse_0=0.000687; ', 'lpips_0=0.003114; ', 'codec_recon_0=0.019811; ', 'bpp_0=6.098682; ', 'mse_1=0.000507; ', 'lpips_1=0.002486; ', 'codec_recon_1=0.325774; ', 'bpp_1=0.294710; ', 'mse_2=0.000393; ', 'lpips_2=0.001943; ', 'codec_recon_2=0.089337; ', 'bpp_2=0.272010; ']
train step[1154/2000] ; used: 23m:54s; eta: 17m:30s; loss = 0.020270; ['mse_0=0.002670; ', 'lpips_0=0.004860; ', 'codec_recon_0=0.019274; ', 'bpp_0=6.021128; ', 'mse_1=0.002441; ', 'lpips_1=0.004175; ', 'codec_recon_1=0.310858; ', 'bpp_1=0.296433; ', 'mse_2=0.002361; ', 'lpips_2=0.003762; ', 'codec_recon_2=0.074806; ', 'bpp_2=0.274915; ']
train step[1155/2000] ; used: 23m:55s; eta: 17m:29s; loss = 0.047085; ['mse_0=0.008674; ', 'lpips_0=0.007391; ', 'codec_recon_0=0.024656; ', 'bpp_0=5.960247; ', 'mse_1=0.008584; ', 'lpips_1=0.007020; ', 'codec_recon_1=0.314609; ', 'bpp_1=0.292772; ', 'mse_2=0.008573; ', 'lpips_2=0.006842; ', 'codec_recon_2=0.079658; ', 'bpp_2=0.276514; ']
train step[1156/2000] ; used: 23m:56s; eta: 17m:27s; loss = 0.024588; ['mse_0=0.003519; ', 'lpips_0=0.005683; ', 'codec_recon_0=0.020287; ', 'bpp_0=6.212951; ', 'mse_1=0.003206; ', 'lpips_1=0.004883; ', 'codec_recon_1=0.386423; ', 'bpp_1=0.297171; ', 'mse_2=0.003038; ', 'lpips_2=0.004259; ', 'codec_recon_2=0.072786; ', 'bpp_2=0.279393; ']
train step[1157/2000] ; used: 23m:57s; eta: 17m:26s; loss = 0.046961; ['mse_0=0.007376; ', 'lpips_0=0.008629; ', 'codec_recon_0=0.023838; ', 'bpp_0=5.925857; ', 'mse_1=0.007671; ', 'lpips_1=0.007968; ', 'codec_recon_1=0.321399; ', 'bpp_1=0.292465; ', 'mse_2=0.007604; ', 'lpips_2=0.007714; ', 'codec_recon_2=0.086383; ', 'bpp_2=0.273638; ']
train step[1158/2000] ; used: 23m:58s; eta: 17m:25s; loss = 0.012026; ['mse_0=0.001021; ', 'lpips_0=0.003759; ', 'codec_recon_0=0.021367; ', 'bpp_0=6.052965; ', 'mse_1=0.000781; ', 'lpips_1=0.003114; ', 'codec_recon_1=0.306756; ', 'bpp_1=0.297255; ', 'mse_2=0.000653; ', 'lpips_2=0.002698; ', 'codec_recon_2=0.079017; ', 'bpp_2=0.276315; ']
train step[1159/2000] ; used: 24m; eta: 17m:24s; loss = 0.010248; ['mse_0=0.000624; ', 'lpips_0=0.003548; ', 'codec_recon_0=0.021355; ', 'bpp_0=5.964532; ', 'mse_1=0.000469; ', 'lpips_1=0.002858; ', 'codec_recon_1=0.322146; ', 'bpp_1=0.292478; ', 'mse_2=0.000347; ', 'lpips_2=0.002402; ', 'codec_recon_2=0.078564; ', 'bpp_2=0.272803; ']
train step[1160/2000] ; used: 24m:1s; eta: 17m:22s; loss = 0.014656; ['mse_0=0.000995; ', 'lpips_0=0.004465; ', 'codec_recon_0=0.023490; ', 'bpp_0=6.081459; ', 'mse_1=0.000931; ', 'lpips_1=0.003910; ', 'codec_recon_1=0.313872; ', 'bpp_1=0.294474; ', 'mse_2=0.000838; ', 'lpips_2=0.003517; ', 'codec_recon_2=0.093044; ', 'bpp_2=0.274930; ']
train step[1161/2000] ; used: 24m:2s; eta: 17m:21s; loss = 0.017596; ['mse_0=0.002201; ', 'lpips_0=0.004488; ', 'codec_recon_0=0.022259; ', 'bpp_0=6.061734; ', 'mse_1=0.001928; ', 'lpips_1=0.003810; ', 'codec_recon_1=0.291810; ', 'bpp_1=0.296561; ', 'mse_2=0.001756; ', 'lpips_2=0.003413; ', 'codec_recon_2=0.073064; ', 'bpp_2=0.275562; ']
train step[1162/2000] ; used: 24m:3s; eta: 17m:20s; loss = 0.013475; ['mse_0=0.001169; ', 'lpips_0=0.003802; ', 'codec_recon_0=0.025005; ', 'bpp_0=5.915571; ', 'mse_1=0.001066; ', 'lpips_1=0.003312; ', 'codec_recon_1=0.267643; ', 'bpp_1=0.289776; ', 'mse_2=0.001046; ', 'lpips_2=0.003081; ', 'codec_recon_2=0.086081; ', 'bpp_2=0.267554; ']
train step[1163/2000] ; used: 24m:4s; eta: 17m:18s; loss = 0.013049; ['mse_0=0.000931; ', 'lpips_0=0.004056; ', 'codec_recon_0=0.022198; ', 'bpp_0=6.076138; ', 'mse_1=0.000801; ', 'lpips_1=0.003419; ', 'codec_recon_1=0.265874; ', 'bpp_1=0.294539; ', 'mse_2=0.000726; ', 'lpips_2=0.003116; ', 'codec_recon_2=0.080386; ', 'bpp_2=0.274091; ']
train step[1164/2000] ; used: 24m:5s; eta: 17m:17s; loss = 0.015994; ['mse_0=0.001088; ', 'lpips_0=0.005224; ', 'codec_recon_0=0.021617; ', 'bpp_0=6.132315; ', 'mse_1=0.000885; ', 'lpips_1=0.004363; ', 'codec_recon_1=0.378090; ', 'bpp_1=0.297401; ', 'mse_2=0.000720; ', 'lpips_2=0.003714; ', 'codec_recon_2=0.084917; ', 'bpp_2=0.275767; ']
train step[1165/2000] ; used: 24m:6s; eta: 17m:15s; loss = 0.018341; ['mse_0=0.002663; ', 'lpips_0=0.004580; ', 'codec_recon_0=0.022958; ', 'bpp_0=6.008069; ', 'mse_1=0.002098; ', 'lpips_1=0.003788; ', 'codec_recon_1=0.312789; ', 'bpp_1=0.295688; ', 'mse_2=0.001880; ', 'lpips_2=0.003332; ', 'codec_recon_2=0.072135; ', 'bpp_2=0.275843; ']
train step[1166/2000] ; used: 24m:7s; eta: 17m:14s; loss = 0.014160; ['mse_0=0.000871; ', 'lpips_0=0.004291; ', 'codec_recon_0=0.022887; ', 'bpp_0=5.866477; ', 'mse_1=0.000758; ', 'lpips_1=0.003847; ', 'codec_recon_1=0.249695; ', 'bpp_1=0.288906; ', 'mse_2=0.000734; ', 'lpips_2=0.003659; ', 'codec_recon_2=0.076305; ', 'bpp_2=0.268169; ']
train step[1167/2000] ; used: 24m:8s; eta: 17m:13s; loss = 0.013738; ['mse_0=0.001610; ', 'lpips_0=0.003639; ', 'codec_recon_0=0.020969; ', 'bpp_0=6.111783; ', 'mse_1=0.001378; ', 'lpips_1=0.003072; ', 'codec_recon_1=0.278941; ', 'bpp_1=0.297186; ', 'mse_2=0.001315; ', 'lpips_2=0.002723; ', 'codec_recon_2=0.073995; ', 'bpp_2=0.275346; ']
train step[1168/2000] ; used: 24m:9s; eta: 17m:11s; loss = 0.018905; ['mse_0=0.001256; ', 'lpips_0=0.005660; ', 'codec_recon_0=0.025697; ', 'bpp_0=5.930974; ', 'mse_1=0.001155; ', 'lpips_1=0.005012; ', 'codec_recon_1=0.297683; ', 'bpp_1=0.288851; ', 'mse_2=0.001090; ', 'lpips_2=0.004732; ', 'codec_recon_2=0.087324; ', 'bpp_2=0.267643; ']
train step[1169/2000] ; used: 24m:10s; eta: 17m:10s; loss = 0.011644; ['mse_0=0.000943; ', 'lpips_0=0.003630; ', 'codec_recon_0=0.022292; ', 'bpp_0=6.108120; ', 'mse_1=0.000782; ', 'lpips_1=0.003001; ', 'codec_recon_1=0.313919; ', 'bpp_1=0.296293; ', 'mse_2=0.000706; ', 'lpips_2=0.002582; ', 'codec_recon_2=0.085328; ', 'bpp_2=0.275282; ']
train step[1170/2000] ; used: 24m:11s; eta: 17m:8s; loss = 0.017246; ['mse_0=0.001364; ', 'lpips_0=0.005133; ', 'codec_recon_0=0.021451; ', 'bpp_0=6.057118; ', 'mse_1=0.001147; ', 'lpips_1=0.004402; ', 'codec_recon_1=0.313489; ', 'bpp_1=0.296653; ', 'mse_2=0.001103; ', 'lpips_2=0.004096; ', 'codec_recon_2=0.082264; ', 'bpp_2=0.275762; ']
train step[1171/2000] ; used: 24m:12s; eta: 17m:7s; loss = 0.012326; ['mse_0=0.001025; ', 'lpips_0=0.004005; ', 'codec_recon_0=0.023518; ', 'bpp_0=5.932709; ', 'mse_1=0.000789; ', 'lpips_1=0.003174; ', 'codec_recon_1=0.330624; ', 'bpp_1=0.291895; ', 'mse_2=0.000656; ', 'lpips_2=0.002676; ', 'codec_recon_2=0.082434; ', 'bpp_2=0.270973; ']
train step[1172/2000] ; used: 24m:13s; eta: 17m:6s; loss = 0.011303; ['mse_0=0.001108; ', 'lpips_0=0.003360; ', 'codec_recon_0=0.024134; ', 'bpp_0=6.029249; ', 'mse_1=0.000906; ', 'lpips_1=0.002739; ', 'codec_recon_1=0.317910; ', 'bpp_1=0.295714; ', 'mse_2=0.000776; ', 'lpips_2=0.002415; ', 'codec_recon_2=0.079679; ', 'bpp_2=0.272479; ']
train step[1173/2000] ; used: 24m:14s; eta: 17m:4s; loss = 0.011631; ['mse_0=0.000938; ', 'lpips_0=0.003769; ', 'codec_recon_0=0.022336; ', 'bpp_0=5.872779; ', 'mse_1=0.000719; ', 'lpips_1=0.003040; ', 'codec_recon_1=0.307636; ', 'bpp_1=0.292725; ', 'mse_2=0.000527; ', 'lpips_2=0.002637; ', 'codec_recon_2=0.076104; ', 'bpp_2=0.269456; ']
train step[1174/2000] ; used: 24m:15s; eta: 17m:3s; loss = 0.026643; ['mse_0=0.003722; ', 'lpips_0=0.007120; ', 'codec_recon_0=0.021073; ', 'bpp_0=6.134968; ', 'mse_1=0.002552; ', 'lpips_1=0.006019; ', 'codec_recon_1=0.351791; ', 'bpp_1=0.299269; ', 'mse_2=0.002146; ', 'lpips_2=0.005085; ', 'codec_recon_2=0.079555; ', 'bpp_2=0.279756; ']
train step[1175/2000] ; used: 24m:16s; eta: 17m:2s; loss = 0.014943; ['mse_0=0.001529; ', 'lpips_0=0.004541; ', 'codec_recon_0=0.022341; ', 'bpp_0=6.104995; ', 'mse_1=0.001274; ', 'lpips_1=0.003580; ', 'codec_recon_1=0.345407; ', 'bpp_1=0.296732; ', 'mse_2=0.001093; ', 'lpips_2=0.002926; ', 'codec_recon_2=0.079613; ', 'bpp_2=0.279031; ']
train step[1176/2000] ; used: 24m:17s; eta: 17m; loss = 0.010119; ['mse_0=0.000806; ', 'lpips_0=0.003529; ', 'codec_recon_0=0.020564; ', 'bpp_0=6.063118; ', 'mse_1=0.000565; ', 'lpips_1=0.002639; ', 'codec_recon_1=0.319083; ', 'bpp_1=0.295346; ', 'mse_2=0.000424; ', 'lpips_2=0.002157; ', 'codec_recon_2=0.080384; ', 'bpp_2=0.275203; ']
train step[1177/2000] ; used: 24m:18s; eta: 16m:59s; loss = 0.019837; ['mse_0=0.002525; ', 'lpips_0=0.005185; ', 'codec_recon_0=0.023363; ', 'bpp_0=6.091503; ', 'mse_1=0.002058; ', 'lpips_1=0.004407; ', 'codec_recon_1=0.337238; ', 'bpp_1=0.297651; ', 'mse_2=0.001842; ', 'lpips_2=0.003819; ', 'codec_recon_2=0.078175; ', 'bpp_2=0.276082; ']
train step[1178/2000] ; used: 24m:20s; eta: 16m:57s; loss = 0.017013; ['mse_0=0.001485; ', 'lpips_0=0.004895; ', 'codec_recon_0=0.021310; ', 'bpp_0=6.174063; ', 'mse_1=0.001191; ', 'lpips_1=0.004352; ', 'codec_recon_1=0.318933; ', 'bpp_1=0.297183; ', 'mse_2=0.001101; ', 'lpips_2=0.003987; ', 'codec_recon_2=0.087470; ', 'bpp_2=0.276835; ']
train step[1179/2000] ; used: 24m:21s; eta: 16m:56s; loss = 0.018776; ['mse_0=0.000937; ', 'lpips_0=0.006043; ', 'codec_recon_0=0.027759; ', 'bpp_0=5.754905; ', 'mse_1=0.000870; ', 'lpips_1=0.005295; ', 'codec_recon_1=0.306100; ', 'bpp_1=0.287789; ', 'mse_2=0.000795; ', 'lpips_2=0.004835; ', 'codec_recon_2=0.079326; ', 'bpp_2=0.267373; ']
train step[1180/2000] ; used: 24m:22s; eta: 16m:55s; loss = 0.011834; ['mse_0=0.000992; ', 'lpips_0=0.003595; ', 'codec_recon_0=0.021248; ', 'bpp_0=6.028937; ', 'mse_1=0.000811; ', 'lpips_1=0.002989; ', 'codec_recon_1=0.291262; ', 'bpp_1=0.294765; ', 'mse_2=0.000727; ', 'lpips_2=0.002719; ', 'codec_recon_2=0.083475; ', 'bpp_2=0.274075; ']
train step[1181/2000] ; used: 24m:23s; eta: 16m:53s; loss = 0.014266; ['mse_0=0.001051; ', 'lpips_0=0.004379; ', 'codec_recon_0=0.021700; ', 'bpp_0=5.932187; ', 'mse_1=0.000778; ', 'lpips_1=0.003819; ', 'codec_recon_1=0.268813; ', 'bpp_1=0.292883; ', 'mse_2=0.000721; ', 'lpips_2=0.003518; ', 'codec_recon_2=0.076237; ', 'bpp_2=0.272818; ']
train step[1182/2000] ; used: 24m:24s; eta: 16m:52s; loss = 0.024242; ['mse_0=0.003652; ', 'lpips_0=0.005642; ', 'codec_recon_0=0.020400; ', 'bpp_0=6.234802; ', 'mse_1=0.003107; ', 'lpips_1=0.004726; ', 'codec_recon_1=0.336758; ', 'bpp_1=0.299193; ', 'mse_2=0.003043; ', 'lpips_2=0.004072; ', 'codec_recon_2=0.089032; ', 'bpp_2=0.279931; ']
train step[1183/2000] ; used: 24m:25s; eta: 16m:51s; loss = 0.014109; ['mse_0=0.001907; ', 'lpips_0=0.003785; ', 'codec_recon_0=0.019917; ', 'bpp_0=6.018407; ', 'mse_1=0.001573; ', 'lpips_1=0.002921; ', 'codec_recon_1=0.295857; ', 'bpp_1=0.296039; ', 'mse_2=0.001385; ', 'lpips_2=0.002539; ', 'codec_recon_2=0.073973; ', 'bpp_2=0.275069; ']
train step[1184/2000] ; used: 24m:26s; eta: 16m:49s; loss = 0.019913; ['mse_0=0.002286; ', 'lpips_0=0.005339; ', 'codec_recon_0=0.020154; ', 'bpp_0=6.116466; ', 'mse_1=0.001974; ', 'lpips_1=0.004565; ', 'codec_recon_1=0.367742; ', 'bpp_1=0.297522; ', 'mse_2=0.001766; ', 'lpips_2=0.003983; ', 'codec_recon_2=0.078672; ', 'bpp_2=0.278085; ']
train step[1185/2000] ; used: 24m:27s; eta: 16m:48s; loss = 0.015073; ['mse_0=0.000740; ', 'lpips_0=0.004945; ', 'codec_recon_0=0.029622; ', 'bpp_0=5.909286; ', 'mse_1=0.000546; ', 'lpips_1=0.004273; ', 'codec_recon_1=0.314557; ', 'bpp_1=0.289579; ', 'mse_2=0.000487; ', 'lpips_2=0.004083; ', 'codec_recon_2=0.092741; ', 'bpp_2=0.271648; ']
train step[1186/2000] ; used: 24m:28s; eta: 16m:47s; loss = 0.011290; ['mse_0=0.000917; ', 'lpips_0=0.003681; ', 'codec_recon_0=0.020014; ', 'bpp_0=6.132961; ', 'mse_1=0.000696; ', 'lpips_1=0.003012; ', 'codec_recon_1=0.328179; ', 'bpp_1=0.296257; ', 'mse_2=0.000534; ', 'lpips_2=0.002449; ', 'codec_recon_2=0.085846; ', 'bpp_2=0.274854; ']
train step[1187/2000] ; used: 24m:29s; eta: 16m:45s; loss = 0.013208; ['mse_0=0.000964; ', 'lpips_0=0.004205; ', 'codec_recon_0=0.021043; ', 'bpp_0=6.133779; ', 'mse_1=0.000811; ', 'lpips_1=0.003461; ', 'codec_recon_1=0.316126; ', 'bpp_1=0.295373; ', 'mse_2=0.000719; ', 'lpips_2=0.003048; ', 'codec_recon_2=0.092107; ', 'bpp_2=0.274526; ']
train step[1188/2000] ; used: 24m:30s; eta: 16m:44s; loss = 0.030284; ['mse_0=0.002850; ', 'lpips_0=0.007973; ', 'codec_recon_0=0.023626; ', 'bpp_0=5.985207; ', 'mse_1=0.002649; ', 'lpips_1=0.007484; ', 'codec_recon_1=0.356977; ', 'bpp_1=0.294367; ', 'mse_2=0.002407; ', 'lpips_2=0.006921; ', 'codec_recon_2=0.081719; ', 'bpp_2=0.276490; ']
train step[1189/2000] ; used: 24m:31s; eta: 16m:42s; loss = 0.007624; ['mse_0=0.000297; ', 'lpips_0=0.002767; ', 'codec_recon_0=0.019196; ', 'bpp_0=6.106479; ', 'mse_1=0.000223; ', 'lpips_1=0.002175; ', 'codec_recon_1=0.261428; ', 'bpp_1=0.295283; ', 'mse_2=0.000195; ', 'lpips_2=0.001967; ', 'codec_recon_2=0.089504; ', 'bpp_2=0.272263; ']
train step[1190/2000] ; used: 24m:32s; eta: 16m:41s; loss = 0.010415; ['mse_0=0.000613; ', 'lpips_0=0.003570; ', 'codec_recon_0=0.019941; ', 'bpp_0=5.990114; ', 'mse_1=0.000491; ', 'lpips_1=0.002871; ', 'codec_recon_1=0.300643; ', 'bpp_1=0.291903; ', 'mse_2=0.000385; ', 'lpips_2=0.002485; ', 'codec_recon_2=0.086886; ', 'bpp_2=0.270093; ']
train step[1191/2000] ; used: 24m:33s; eta: 16m:40s; loss = 0.009185; ['mse_0=0.000807; ', 'lpips_0=0.003406; ', 'codec_recon_0=0.020869; ', 'bpp_0=5.971997; ', 'mse_1=0.000552; ', 'lpips_1=0.002379; ', 'codec_recon_1=0.357162; ', 'bpp_1=0.294165; ', 'mse_2=0.000349; ', 'lpips_2=0.001692; ', 'codec_recon_2=0.082027; ', 'bpp_2=0.271953; ']
train step[1192/2000] ; used: 24m:34s; eta: 16m:38s; loss = 0.014094; ['mse_0=0.000893; ', 'lpips_0=0.004478; ', 'codec_recon_0=0.022122; ', 'bpp_0=5.961501; ', 'mse_1=0.000739; ', 'lpips_1=0.003811; ', 'codec_recon_1=0.307087; ', 'bpp_1=0.293747; ', 'mse_2=0.000673; ', 'lpips_2=0.003499; ', 'codec_recon_2=0.091391; ', 'bpp_2=0.270865; ']
train step[1193/2000] ; used: 24m:35s; eta: 16m:37s; loss = 0.013764; ['mse_0=0.001243; ', 'lpips_0=0.004220; ', 'codec_recon_0=0.019797; ', 'bpp_0=5.958118; ', 'mse_1=0.000973; ', 'lpips_1=0.003458; ', 'codec_recon_1=0.289369; ', 'bpp_1=0.295211; ', 'mse_2=0.000815; ', 'lpips_2=0.003056; ', 'codec_recon_2=0.077542; ', 'bpp_2=0.273826; ']
train step[1194/2000] ; used: 24m:36s; eta: 16m:36s; loss = 0.020599; ['mse_0=0.002181; ', 'lpips_0=0.005265; ', 'codec_recon_0=0.020429; ', 'bpp_0=6.187604; ', 'mse_1=0.002109; ', 'lpips_1=0.004725; ', 'codec_recon_1=0.309503; ', 'bpp_1=0.299685; ', 'mse_2=0.002030; ', 'lpips_2=0.004290; ', 'codec_recon_2=0.094774; ', 'bpp_2=0.278718; ']
train step[1195/2000] ; used: 24m:37s; eta: 16m:34s; loss = 0.015853; ['mse_0=0.001211; ', 'lpips_0=0.004915; ', 'codec_recon_0=0.019164; ', 'bpp_0=6.029571; ', 'mse_1=0.001034; ', 'lpips_1=0.004182; ', 'codec_recon_1=0.336611; ', 'bpp_1=0.295428; ', 'mse_2=0.000851; ', 'lpips_2=0.003659; ', 'codec_recon_2=0.081679; ', 'bpp_2=0.274592; ']
train step[1196/2000] ; used: 24m:38s; eta: 16m:33s; loss = 0.017908; ['mse_0=0.001423; ', 'lpips_0=0.005949; ', 'codec_recon_0=0.021533; ', 'bpp_0=6.210311; ', 'mse_1=0.001152; ', 'lpips_1=0.004633; ', 'codec_recon_1=0.352148; ', 'bpp_1=0.298155; ', 'mse_2=0.000983; ', 'lpips_2=0.003769; ', 'codec_recon_2=0.094890; ', 'bpp_2=0.277638; ']
train step[1197/2000] ; used: 24m:40s; eta: 16m:32s; loss = 0.027340; ['mse_0=0.003071; ', 'lpips_0=0.007381; ', 'codec_recon_0=0.023194; ', 'bpp_0=6.069886; ', 'mse_1=0.002581; ', 'lpips_1=0.006226; ', 'codec_recon_1=0.360936; ', 'bpp_1=0.297343; ', 'mse_2=0.002415; ', 'lpips_2=0.005666; ', 'codec_recon_2=0.087760; ', 'bpp_2=0.277632; ']
train step[1198/2000] ; used: 24m:41s; eta: 16m:30s; loss = 0.031647; ['mse_0=0.006331; ', 'lpips_0=0.004877; ', 'codec_recon_0=0.021510; ', 'bpp_0=5.980620; ', 'mse_1=0.005954; ', 'lpips_1=0.004326; ', 'codec_recon_1=0.332948; ', 'bpp_1=0.296438; ', 'mse_2=0.006105; ', 'lpips_2=0.004054; ', 'codec_recon_2=0.073941; ', 'bpp_2=0.276101; ']
train step[1199/2000] ; used: 24m:42s; eta: 16m:29s; loss = 0.010251; ['mse_0=0.000583; ', 'lpips_0=0.003439; ', 'codec_recon_0=0.018916; ', 'bpp_0=6.068715; ', 'mse_1=0.000448; ', 'lpips_1=0.002844; ', 'codec_recon_1=0.299344; ', 'bpp_1=0.296131; ', 'mse_2=0.000374; ', 'lpips_2=0.002564; ', 'codec_recon_2=0.080036; ', 'bpp_2=0.273497; ']
train step[1200/2000] ; used: 24m:43s; eta: 16m:28s; loss = 0.029420; ['mse_0=0.003937; ', 'lpips_0=0.006535; ', 'codec_recon_0=0.023498; ', 'bpp_0=6.130126; ', 'mse_1=0.003782; ', 'lpips_1=0.005882; ', 'codec_recon_1=0.318771; ', 'bpp_1=0.296143; ', 'mse_2=0.003759; ', 'lpips_2=0.005524; ', 'codec_recon_2=0.089136; ', 'bpp_2=0.275138; ']
train step[1201/2000] ; used: 24m:44s; eta: 16m:26s; loss = 0.012972; ['mse_0=0.000981; ', 'lpips_0=0.004157; ', 'codec_recon_0=0.021999; ', 'bpp_0=5.883157; ', 'mse_1=0.000811; ', 'lpips_1=0.003480; ', 'codec_recon_1=0.303912; ', 'bpp_1=0.291967; ', 'mse_2=0.000664; ', 'lpips_2=0.002879; ', 'codec_recon_2=0.090147; ', 'bpp_2=0.268758; ']
train step[1202/2000] ; used: 24m:45s; eta: 16m:25s; loss = 0.019044; ['mse_0=0.002270; ', 'lpips_0=0.004685; ', 'codec_recon_0=0.022770; ', 'bpp_0=5.765423; ', 'mse_1=0.002190; ', 'lpips_1=0.003998; ', 'codec_recon_1=0.270892; ', 'bpp_1=0.289924; ', 'mse_2=0.002166; ', 'lpips_2=0.003735; ', 'codec_recon_2=0.079799; ', 'bpp_2=0.266921; ']
train step[1203/2000] ; used: 24m:46s; eta: 16m:23s; loss = 0.013697; ['mse_0=0.001043; ', 'lpips_0=0.003967; ', 'codec_recon_0=0.022711; ', 'bpp_0=5.848672; ', 'mse_1=0.000940; ', 'lpips_1=0.003482; ', 'codec_recon_1=0.269055; ', 'bpp_1=0.289818; ', 'mse_2=0.000917; ', 'lpips_2=0.003348; ', 'codec_recon_2=0.080382; ', 'bpp_2=0.267959; ']
train step[1204/2000] ; used: 24m:47s; eta: 16m:22s; loss = 0.015569; ['mse_0=0.001081; ', 'lpips_0=0.004599; ', 'codec_recon_0=0.033511; ', 'bpp_0=5.734406; ', 'mse_1=0.000993; ', 'lpips_1=0.004066; ', 'codec_recon_1=0.275786; ', 'bpp_1=0.290623; ', 'mse_2=0.000943; ', 'lpips_2=0.003887; ', 'codec_recon_2=0.093757; ', 'bpp_2=0.269825; ']
train step[1205/2000] ; used: 24m:48s; eta: 16m:21s; loss = 0.011654; ['mse_0=0.000815; ', 'lpips_0=0.003748; ', 'codec_recon_0=0.022619; ', 'bpp_0=5.904143; ', 'mse_1=0.000653; ', 'lpips_1=0.003102; ', 'codec_recon_1=0.294633; ', 'bpp_1=0.292693; ', 'mse_2=0.000531; ', 'lpips_2=0.002806; ', 'codec_recon_2=0.086867; ', 'bpp_2=0.269145; ']
train step[1206/2000] ; used: 24m:49s; eta: 16m:19s; loss = 0.009021; ['mse_0=0.000403; ', 'lpips_0=0.003062; ', 'codec_recon_0=0.021879; ', 'bpp_0=5.890039; ', 'mse_1=0.000298; ', 'lpips_1=0.002584; ', 'codec_recon_1=0.265788; ', 'bpp_1=0.290821; ', 'mse_2=0.000254; ', 'lpips_2=0.002420; ', 'codec_recon_2=0.078678; ', 'bpp_2=0.268701; ']
train step[1207/2000] ; used: 24m:50s; eta: 16m:18s; loss = 0.014698; ['mse_0=0.000760; ', 'lpips_0=0.004689; ', 'codec_recon_0=0.022432; ', 'bpp_0=5.894901; ', 'mse_1=0.000581; ', 'lpips_1=0.004162; ', 'codec_recon_1=0.269775; ', 'bpp_1=0.291048; ', 'mse_2=0.000505; ', 'lpips_2=0.004001; ', 'codec_recon_2=0.079566; ', 'bpp_2=0.272318; ']
train step[1208/2000] ; used: 24m:51s; eta: 16m:17s; loss = 0.011776; ['mse_0=0.001054; ', 'lpips_0=0.003549; ', 'codec_recon_0=0.019917; ', 'bpp_0=5.923033; ', 'mse_1=0.000847; ', 'lpips_1=0.002959; ', 'codec_recon_1=0.283196; ', 'bpp_1=0.291958; ', 'mse_2=0.000710; ', 'lpips_2=0.002657; ', 'codec_recon_2=0.070473; ', 'bpp_2=0.270344; ']
train step[1209/2000] ; used: 24m:52s; eta: 16m:15s; loss = 0.021974; ['mse_0=0.001856; ', 'lpips_0=0.006133; ', 'codec_recon_0=0.022969; ', 'bpp_0=5.884703; ', 'mse_1=0.001648; ', 'lpips_1=0.005560; ', 'codec_recon_1=0.298388; ', 'bpp_1=0.292811; ', 'mse_2=0.001599; ', 'lpips_2=0.005177; ', 'codec_recon_2=0.082516; ', 'bpp_2=0.272099; ']
train step[1210/2000] ; used: 24m:53s; eta: 16m:14s; loss = 0.011989; ['mse_0=0.001100; ', 'lpips_0=0.003544; ', 'codec_recon_0=0.025411; ', 'bpp_0=6.076462; ', 'mse_1=0.000992; ', 'lpips_1=0.002915; ', 'codec_recon_1=0.330162; ', 'bpp_1=0.295062; ', 'mse_2=0.000954; ', 'lpips_2=0.002485; ', 'codec_recon_2=0.105587; ', 'bpp_2=0.273121; ']
train step[1211/2000] ; used: 24m:54s; eta: 16m:13s; loss = 0.014342; ['mse_0=0.001259; ', 'lpips_0=0.004143; ', 'codec_recon_0=0.022896; ', 'bpp_0=5.948040; ', 'mse_1=0.001126; ', 'lpips_1=0.003566; ', 'codec_recon_1=0.308321; ', 'bpp_1=0.293486; ', 'mse_2=0.001048; ', 'lpips_2=0.003199; ', 'codec_recon_2=0.087462; ', 'bpp_2=0.271087; ']
train step[1212/2000] ; used: 24m:56s; eta: 16m:11s; loss = 0.012849; ['mse_0=0.000712; ', 'lpips_0=0.004116; ', 'codec_recon_0=0.023304; ', 'bpp_0=5.862929; ', 'mse_1=0.000707; ', 'lpips_1=0.003554; ', 'codec_recon_1=0.309923; ', 'bpp_1=0.290345; ', 'mse_2=0.000579; ', 'lpips_2=0.003182; ', 'codec_recon_2=0.098311; ', 'bpp_2=0.270525; ']
train step[1213/2000] ; used: 24m:57s; eta: 16m:10s; loss = 0.023158; ['mse_0=0.003362; ', 'lpips_0=0.004945; ', 'codec_recon_0=0.030647; ', 'bpp_0=5.968141; ', 'mse_1=0.003255; ', 'lpips_1=0.004326; ', 'codec_recon_1=0.293634; ', 'bpp_1=0.292484; ', 'mse_2=0.003216; ', 'lpips_2=0.004054; ', 'codec_recon_2=0.104548; ', 'bpp_2=0.272601; ']
train step[1214/2000] ; used: 24m:58s; eta: 16m:9s; loss = 0.017462; ['mse_0=0.002510; ', 'lpips_0=0.004528; ', 'codec_recon_0=0.021544; ', 'bpp_0=6.317403; ', 'mse_1=0.002139; ', 'lpips_1=0.003543; ', 'codec_recon_1=0.348395; ', 'bpp_1=0.301231; ', 'mse_2=0.001929; ', 'lpips_2=0.002813; ', 'codec_recon_2=0.089985; ', 'bpp_2=0.281647; ']
train step[1215/2000] ; used: 24m:59s; eta: 16m:7s; loss = 0.010201; ['mse_0=0.000760; ', 'lpips_0=0.003252; ', 'codec_recon_0=0.019934; ', 'bpp_0=6.079424; ', 'mse_1=0.000664; ', 'lpips_1=0.002642; ', 'codec_recon_1=0.298841; ', 'bpp_1=0.296096; ', 'mse_2=0.000591; ', 'lpips_2=0.002291; ', 'codec_recon_2=0.089474; ', 'bpp_2=0.272275; ']
train step[1216/2000] ; used: 25m; eta: 16m:6s; loss = 0.017124; ['mse_0=0.001960; ', 'lpips_0=0.005036; ', 'codec_recon_0=0.020610; ', 'bpp_0=6.167786; ', 'mse_1=0.001653; ', 'lpips_1=0.004017; ', 'codec_recon_1=0.384543; ', 'bpp_1=0.297154; ', 'mse_2=0.001258; ', 'lpips_2=0.003200; ', 'codec_recon_2=0.088950; ', 'bpp_2=0.276615; ']
train step[1217/2000] ; used: 25m:1s; eta: 16m:5s; loss = 0.011720; ['mse_0=0.000638; ', 'lpips_0=0.003908; ', 'codec_recon_0=0.019943; ', 'bpp_0=5.908940; ', 'mse_1=0.000515; ', 'lpips_1=0.003273; ', 'codec_recon_1=0.292183; ', 'bpp_1=0.291272; ', 'mse_2=0.000448; ', 'lpips_2=0.002939; ', 'codec_recon_2=0.076980; ', 'bpp_2=0.268248; ']
train step[1218/2000] ; used: 25m:2s; eta: 16m:3s; loss = 0.010455; ['mse_0=0.000476; ', 'lpips_0=0.003745; ', 'codec_recon_0=0.021213; ', 'bpp_0=5.817826; ', 'mse_1=0.000356; ', 'lpips_1=0.003085; ', 'codec_recon_1=0.326380; ', 'bpp_1=0.290849; ', 'mse_2=0.000252; ', 'lpips_2=0.002541; ', 'codec_recon_2=0.083495; ', 'bpp_2=0.267170; ']
train step[1219/2000] ; used: 25m:3s; eta: 16m:2s; loss = 0.013282; ['mse_0=0.000769; ', 'lpips_0=0.004281; ', 'codec_recon_0=0.021613; ', 'bpp_0=5.991874; ', 'mse_1=0.000667; ', 'lpips_1=0.003664; ', 'codec_recon_1=0.268479; ', 'bpp_1=0.292746; ', 'mse_2=0.000605; ', 'lpips_2=0.003297; ', 'codec_recon_2=0.087912; ', 'bpp_2=0.272712; ']
train step[1220/2000] ; used: 25m:4s; eta: 16m:1s; loss = 0.012388; ['mse_0=0.000925; ', 'lpips_0=0.003693; ', 'codec_recon_0=0.022947; ', 'bpp_0=5.865601; ', 'mse_1=0.000793; ', 'lpips_1=0.003242; ', 'codec_recon_1=0.289706; ', 'bpp_1=0.292429; ', 'mse_2=0.000727; ', 'lpips_2=0.003008; ', 'codec_recon_2=0.084594; ', 'bpp_2=0.270107; ']
train step[1221/2000] ; used: 25m:5s; eta: 15m:59s; loss = 0.012586; ['mse_0=0.001538; ', 'lpips_0=0.003646; ', 'codec_recon_0=0.019664; ', 'bpp_0=6.195038; ', 'mse_1=0.001171; ', 'lpips_1=0.002878; ', 'codec_recon_1=0.304521; ', 'bpp_1=0.298045; ', 'mse_2=0.000917; ', 'lpips_2=0.002436; ', 'codec_recon_2=0.080693; ', 'bpp_2=0.276590; ']
train step[1222/2000] ; used: 25m:6s; eta: 15m:58s; loss = 0.011961; ['mse_0=0.000710; ', 'lpips_0=0.004202; ', 'codec_recon_0=0.022227; ', 'bpp_0=6.118669; ', 'mse_1=0.000573; ', 'lpips_1=0.003250; ', 'codec_recon_1=0.327557; ', 'bpp_1=0.294698; ', 'mse_2=0.000457; ', 'lpips_2=0.002768; ', 'codec_recon_2=0.103071; ', 'bpp_2=0.274589; ']
train step[1223/2000] ; used: 25m:7s; eta: 15m:57s; loss = 0.010368; ['mse_0=0.000732; ', 'lpips_0=0.003411; ', 'codec_recon_0=0.021690; ', 'bpp_0=6.031055; ', 'mse_1=0.000585; ', 'lpips_1=0.002725; ', 'codec_recon_1=0.297670; ', 'bpp_1=0.294566; ', 'mse_2=0.000555; ', 'lpips_2=0.002361; ', 'codec_recon_2=0.086379; ', 'bpp_2=0.273594; ']
train step[1224/2000] ; used: 25m:8s; eta: 15m:55s; loss = 0.010836; ['mse_0=0.000736; ', 'lpips_0=0.003518; ', 'codec_recon_0=0.021887; ', 'bpp_0=6.015876; ', 'mse_1=0.000574; ', 'lpips_1=0.002910; ', 'codec_recon_1=0.300353; ', 'bpp_1=0.291483; ', 'mse_2=0.000485; ', 'lpips_2=0.002613; ', 'codec_recon_2=0.085613; ', 'bpp_2=0.269952; ']
train step[1225/2000] ; used: 25m:9s; eta: 15m:54s; loss = 0.013040; ['mse_0=0.001186; ', 'lpips_0=0.003685; ', 'codec_recon_0=0.024706; ', 'bpp_0=5.920870; ', 'mse_1=0.001044; ', 'lpips_1=0.003203; ', 'codec_recon_1=0.292690; ', 'bpp_1=0.292489; ', 'mse_2=0.001006; ', 'lpips_2=0.002916; ', 'codec_recon_2=0.079967; ', 'bpp_2=0.270463; ']
train step[1226/2000] ; used: 25m:10s; eta: 15m:53s; loss = 0.011271; ['mse_0=0.000916; ', 'lpips_0=0.003518; ', 'codec_recon_0=0.021610; ', 'bpp_0=5.912193; ', 'mse_1=0.000763; ', 'lpips_1=0.002827; ', 'codec_recon_1=0.280028; ', 'bpp_1=0.290337; ', 'mse_2=0.000697; ', 'lpips_2=0.002548; ', 'codec_recon_2=0.080314; ', 'bpp_2=0.270041; ']
train step[1227/2000] ; used: 25m:11s; eta: 15m:51s; loss = 0.020407; ['mse_0=0.002960; ', 'lpips_0=0.004661; ', 'codec_recon_0=0.019391; ', 'bpp_0=6.134396; ', 'mse_1=0.002559; ', 'lpips_1=0.003988; ', 'codec_recon_1=0.296794; ', 'bpp_1=0.295178; ', 'mse_2=0.002598; ', 'lpips_2=0.003641; ', 'codec_recon_2=0.084303; ', 'bpp_2=0.275608; ']
train step[1228/2000] ; used: 25m:12s; eta: 15m:50s; loss = 0.013799; ['mse_0=0.000813; ', 'lpips_0=0.004151; ', 'codec_recon_0=0.026989; ', 'bpp_0=5.893436; ', 'mse_1=0.000714; ', 'lpips_1=0.003776; ', 'codec_recon_1=0.279558; ', 'bpp_1=0.291849; ', 'mse_2=0.000663; ', 'lpips_2=0.003681; ', 'codec_recon_2=0.086865; ', 'bpp_2=0.269960; ']
train step[1229/2000] ; used: 25m:13s; eta: 15m:49s; loss = 0.015452; ['mse_0=0.001155; ', 'lpips_0=0.005183; ', 'codec_recon_0=0.020045; ', 'bpp_0=6.194416; ', 'mse_1=0.000885; ', 'lpips_1=0.004142; ', 'codec_recon_1=0.383158; ', 'bpp_1=0.298616; ', 'mse_2=0.000735; ', 'lpips_2=0.003351; ', 'codec_recon_2=0.088448; ', 'bpp_2=0.280564; ']
train step[1230/2000] ; used: 25m:15s; eta: 15m:47s; loss = 0.015620; ['mse_0=0.001798; ', 'lpips_0=0.003969; ', 'codec_recon_0=0.023019; ', 'bpp_0=5.974692; ', 'mse_1=0.001649; ', 'lpips_1=0.003408; ', 'codec_recon_1=0.285684; ', 'bpp_1=0.294262; ', 'mse_2=0.001672; ', 'lpips_2=0.003124; ', 'codec_recon_2=0.083458; ', 'bpp_2=0.272533; ']
train step[1231/2000] ; used: 25m:16s; eta: 15m:46s; loss = 0.010247; ['mse_0=0.000656; ', 'lpips_0=0.003296; ', 'codec_recon_0=0.019747; ', 'bpp_0=6.139762; ', 'mse_1=0.000540; ', 'lpips_1=0.002742; ', 'codec_recon_1=0.278238; ', 'bpp_1=0.296426; ', 'mse_2=0.000482; ', 'lpips_2=0.002532; ', 'codec_recon_2=0.086123; ', 'bpp_2=0.274444; ']
train step[1232/2000] ; used: 25m:17s; eta: 15m:45s; loss = 0.023615; ['mse_0=0.002161; ', 'lpips_0=0.006423; ', 'codec_recon_0=0.022211; ', 'bpp_0=6.111479; ', 'mse_1=0.001896; ', 'lpips_1=0.005897; ', 'codec_recon_1=0.354613; ', 'bpp_1=0.296240; ', 'mse_2=0.001729; ', 'lpips_2=0.005509; ', 'codec_recon_2=0.094050; ', 'bpp_2=0.277123; ']
train step[1233/2000] ; used: 25m:19s; eta: 15m:44s; loss = 0.010523; ['mse_0=0.000785; ', 'lpips_0=0.003362; ', 'codec_recon_0=0.021303; ', 'bpp_0=6.163458; ', 'mse_1=0.000636; ', 'lpips_1=0.002756; ', 'codec_recon_1=0.295237; ', 'bpp_1=0.297302; ', 'mse_2=0.000511; ', 'lpips_2=0.002474; ', 'codec_recon_2=0.079599; ', 'bpp_2=0.277402; ']
train step[1234/2000] ; used: 25m:20s; eta: 15m:42s; loss = 0.012754; ['mse_0=0.001147; ', 'lpips_0=0.003506; ', 'codec_recon_0=0.023796; ', 'bpp_0=5.752092; ', 'mse_1=0.001129; ', 'lpips_1=0.003023; ', 'codec_recon_1=0.273473; ', 'bpp_1=0.288499; ', 'mse_2=0.001127; ', 'lpips_2=0.002822; ', 'codec_recon_2=0.075017; ', 'bpp_2=0.266697; ']
train step[1235/2000] ; used: 25m:21s; eta: 15m:41s; loss = 0.022680; ['mse_0=0.002050; ', 'lpips_0=0.006245; ', 'codec_recon_0=0.022232; ', 'bpp_0=6.094567; ', 'mse_1=0.001899; ', 'lpips_1=0.005519; ', 'codec_recon_1=0.328568; ', 'bpp_1=0.295770; ', 'mse_2=0.001828; ', 'lpips_2=0.005139; ', 'codec_recon_2=0.091262; ', 'bpp_2=0.275298; ']
train step[1236/2000] ; used: 25m:22s; eta: 15m:40s; loss = 0.014539; ['mse_0=0.000892; ', 'lpips_0=0.004697; ', 'codec_recon_0=0.020861; ', 'bpp_0=6.053842; ', 'mse_1=0.000734; ', 'lpips_1=0.003954; ', 'codec_recon_1=0.275067; ', 'bpp_1=0.292056; ', 'mse_2=0.000658; ', 'lpips_2=0.003605; ', 'codec_recon_2=0.086112; ', 'bpp_2=0.270800; ']
train step[1237/2000] ; used: 25m:23s; eta: 15m:38s; loss = 0.016999; ['mse_0=0.001283; ', 'lpips_0=0.005424; ', 'codec_recon_0=0.020007; ', 'bpp_0=6.157157; ', 'mse_1=0.001037; ', 'lpips_1=0.004619; ', 'codec_recon_1=0.344676; ', 'bpp_1=0.297533; ', 'mse_2=0.000801; ', 'lpips_2=0.003835; ', 'codec_recon_2=0.078370; ', 'bpp_2=0.276839; ']
train step[1238/2000] ; used: 25m:24s; eta: 15m:37s; loss = 0.024087; ['mse_0=0.002888; ', 'lpips_0=0.006273; ', 'codec_recon_0=0.023449; ', 'bpp_0=6.214988; ', 'mse_1=0.002565; ', 'lpips_1=0.005487; ', 'codec_recon_1=0.400099; ', 'bpp_1=0.299743; ', 'mse_2=0.002185; ', 'lpips_2=0.004688; ', 'codec_recon_2=0.081864; ', 'bpp_2=0.280965; ']
train step[1239/2000] ; used: 25m:25s; eta: 15m:36s; loss = 0.028257; ['mse_0=0.002652; ', 'lpips_0=0.007822; ', 'codec_recon_0=0.023880; ', 'bpp_0=6.204318; ', 'mse_1=0.002436; ', 'lpips_1=0.006922; ', 'codec_recon_1=0.416354; ', 'bpp_1=0.297344; ', 'mse_2=0.002321; ', 'lpips_2=0.006103; ', 'codec_recon_2=0.096030; ', 'bpp_2=0.277261; ']
train step[1240/2000] ; used: 25m:26s; eta: 15m:34s; loss = 0.011029; ['mse_0=0.000887; ', 'lpips_0=0.003470; ', 'codec_recon_0=0.022442; ', 'bpp_0=5.907100; ', 'mse_1=0.000721; ', 'lpips_1=0.002785; ', 'codec_recon_1=0.278305; ', 'bpp_1=0.291918; ', 'mse_2=0.000659; ', 'lpips_2=0.002506; ', 'codec_recon_2=0.078109; ', 'bpp_2=0.271553; ']
train step[1241/2000] ; used: 25m:27s; eta: 15m:33s; loss = 0.022671; ['mse_0=0.002037; ', 'lpips_0=0.006297; ', 'codec_recon_0=0.020830; ', 'bpp_0=6.073041; ', 'mse_1=0.001845; ', 'lpips_1=0.005547; ', 'codec_recon_1=0.325885; ', 'bpp_1=0.297574; ', 'mse_2=0.001733; ', 'lpips_2=0.005212; ', 'codec_recon_2=0.088987; ', 'bpp_2=0.277454; ']
train step[1242/2000] ; used: 25m:28s; eta: 15m:32s; loss = 0.017821; ['mse_0=0.001879; ', 'lpips_0=0.004826; ', 'codec_recon_0=0.022126; ', 'bpp_0=6.032588; ', 'mse_1=0.001546; ', 'lpips_1=0.004203; ', 'codec_recon_1=0.302898; ', 'bpp_1=0.296447; ', 'mse_2=0.001472; ', 'lpips_2=0.003896; ', 'codec_recon_2=0.078770; ', 'bpp_2=0.274833; ']
train step[1243/2000] ; used: 25m:29s; eta: 15m:30s; loss = 0.016609; ['mse_0=0.001254; ', 'lpips_0=0.004974; ', 'codec_recon_0=0.021169; ', 'bpp_0=6.153004; ', 'mse_1=0.001185; ', 'lpips_1=0.004180; ', 'codec_recon_1=0.316557; ', 'bpp_1=0.299046; ', 'mse_2=0.001156; ', 'lpips_2=0.003860; ', 'codec_recon_2=0.093487; ', 'bpp_2=0.276418; ']
train step[1244/2000] ; used: 25m:30s; eta: 15m:29s; loss = 0.011148; ['mse_0=0.000577; ', 'lpips_0=0.003679; ', 'codec_recon_0=0.022076; ', 'bpp_0=5.744199; ', 'mse_1=0.000473; ', 'lpips_1=0.003134; ', 'codec_recon_1=0.264514; ', 'bpp_1=0.288431; ', 'mse_2=0.000422; ', 'lpips_2=0.002862; ', 'codec_recon_2=0.071617; ', 'bpp_2=0.264886; ']
train step[1245/2000] ; used: 25m:31s; eta: 15m:28s; loss = 0.013332; ['mse_0=0.000891; ', 'lpips_0=0.004081; ', 'codec_recon_0=0.023286; ', 'bpp_0=5.850644; ', 'mse_1=0.000832; ', 'lpips_1=0.003503; ', 'codec_recon_1=0.267613; ', 'bpp_1=0.291893; ', 'mse_2=0.000770; ', 'lpips_2=0.003256; ', 'codec_recon_2=0.081405; ', 'bpp_2=0.270620; ']
train step[1246/2000] ; used: 25m:32s; eta: 15m:26s; loss = 0.018209; ['mse_0=0.002814; ', 'lpips_0=0.004029; ', 'codec_recon_0=0.021208; ', 'bpp_0=6.056523; ', 'mse_1=0.002433; ', 'lpips_1=0.003458; ', 'codec_recon_1=0.288787; ', 'bpp_1=0.294617; ', 'mse_2=0.002357; ', 'lpips_2=0.003118; ', 'codec_recon_2=0.078848; ', 'bpp_2=0.273270; ']
train step[1247/2000] ; used: 25m:33s; eta: 15m:25s; loss = 0.011021; ['mse_0=0.001100; ', 'lpips_0=0.003527; ', 'codec_recon_0=0.018685; ', 'bpp_0=6.079003; ', 'mse_1=0.000822; ', 'lpips_1=0.002764; ', 'codec_recon_1=0.322443; ', 'bpp_1=0.297921; ', 'mse_2=0.000563; ', 'lpips_2=0.002244; ', 'codec_recon_2=0.079298; ', 'bpp_2=0.274984; ']
train step[1248/2000] ; used: 25m:34s; eta: 15m:24s; loss = 0.013201; ['mse_0=0.001004; ', 'lpips_0=0.004178; ', 'codec_recon_0=0.022061; ', 'bpp_0=6.141845; ', 'mse_1=0.000737; ', 'lpips_1=0.003542; ', 'codec_recon_1=0.335543; ', 'bpp_1=0.297127; ', 'mse_2=0.000592; ', 'lpips_2=0.003148; ', 'codec_recon_2=0.086719; ', 'bpp_2=0.277676; ']
train step[1249/2000] ; used: 25m:35s; eta: 15m:22s; loss = 0.013853; ['mse_0=0.001460; ', 'lpips_0=0.004328; ', 'codec_recon_0=0.020376; ', 'bpp_0=6.097266; ', 'mse_1=0.001112; ', 'lpips_1=0.003538; ', 'codec_recon_1=0.374490; ', 'bpp_1=0.297735; ', 'mse_2=0.000757; ', 'lpips_2=0.002658; ', 'codec_recon_2=0.076700; ', 'bpp_2=0.278785; ']
validation step on 1250 1/100; scene = ['5aca87f95a9412c6']; context = [[58, 133]]
validation step on 1250 2/100; scene = ['bc95e5c7e357f1b7']; context = [[35, 91]]
validation step on 1250 3/100; scene = ['34b0658a5c200cdf']; context = [[0, 70]]
validation step on 1250 4/100; scene = ['28e8300e004ab30b']; context = [[3, 68]]
validation step on 1250 5/100; scene = ['6558c5f10d45a929']; context = [[43, 160]]
validation step on 1250 6/100; scene = ['89ea49cd9865aeff']; context = [[31, 81]]
validation step on 1250 7/100; scene = ['ed477bdf8582adff']; context = [[40, 85]]
validation step on 1250 8/100; scene = ['57d3409bf04c4651']; context = [[0, 45]]
validation step on 1250 9/100; scene = ['aadc1e2dc74fd644']; context = [[2, 52]]
validation step on 1250 10/100; scene = ['cd74b1244d112628']; context = [[63, 110]]
validation step on 1250 11/100; scene = ['57d25dafabb5a238']; context = [[32, 104]]
validation step on 1250 12/100; scene = ['e4f4574df7938f37']; context = [[0, 115]]
validation step on 1250 13/100; scene = ['20d86cff490c0c42']; context = [[18, 69]]
validation step on 1250 14/100; scene = ['0c4c5d5f751aabf5']; context = [[12, 57]]
validation step on 1250 15/100; scene = ['fea544b472e9abd1']; context = [[12, 93]]
validation step on 1250 16/100; scene = ['656381bea665bf3d']; context = [[27, 75]]
validation step on 1250 17/100; scene = ['322261824c4a3003']; context = [[33, 78]]
validation step on 1250 18/100; scene = ['f7c0fa5b81552d35']; context = [[11, 64]]
validation step on 1250 19/100; scene = ['a56ba2efb5e3fdd9']; context = [[33, 92]]
validation step on 1250 20/100; scene = ['c48f19e2ffa52523']; context = [[195, 264]]
validation step on 1250 21/100; scene = ['1214f2a11a9fc1ed']; context = [[103, 215]]
validation step on 1250 22/100; scene = ['a9b3ff60b213e099']; context = [[32, 96]]
validation step on 1250 23/100; scene = ['a6fa92e8204f6118']; context = [[2, 66]]
validation step on 1250 24/100; scene = ['21e794f71e31becb']; context = [[72, 180]]
validation step on 1250 25/100; scene = ['f7d916b43193c181']; context = [[7, 61]]
validation step on 1250 26/100; scene = ['84ab392d682f296b']; context = [[43, 120]]
validation step on 1250 27/100; scene = ['6771a51bf0cfce7f']; context = [[152, 199]]
validation step on 1250 28/100; scene = ['17d9303ee77c3a3d']; context = [[17, 63]]
validation step on 1250 29/100; scene = ['ffa95c3b40609c76']; context = [[120, 213]]
validation step on 1250 30/100; scene = ['a47b88040452d7d9']; context = [[35, 97]]
validation step on 1250 31/100; scene = ['0d4de33c6888a754']; context = [[2, 57]]
validation step on 1250 32/100; scene = ['41bcd011f99bfb66']; context = [[4, 50]]
validation step on 1250 33/100; scene = ['67a69088a2695987']; context = [[6, 86]]
validation step on 1250 34/100; scene = ['b4099665590548fc']; context = [[23, 74]]
validation step on 1250 35/100; scene = ['9e2a8cc5f32dd46b']; context = [[75, 151]]
validation step on 1250 36/100; scene = ['2e109379f53bb221']; context = [[35, 108]]
validation step on 1250 37/100; scene = ['8adebbb68f2c3f84']; context = [[72, 131]]
validation step on 1250 38/100; scene = ['29e0bfbad00f0d5e']; context = [[8, 100]]
validation step on 1250 39/100; scene = ['debc3490ba0bd84b']; context = [[34, 81]]
validation step on 1250 40/100; scene = ['7c7bc5285126e6ad']; context = [[64, 126]]
validation step on 1250 41/100; scene = ['cdf439b17a6a98d4']; context = [[31, 77]]
validation step on 1250 42/100; scene = ['cb38d67088b66084']; context = [[49, 106]]
validation step on 1250 43/100; scene = ['2da2eeb966bc0ef8']; context = [[30, 94]]
validation step on 1250 44/100; scene = ['bb4d7012261ee0ed']; context = [[0, 46]]
validation step on 1250 45/100; scene = ['9e1f1beb4ba8e5da']; context = [[9, 73]]
validation step on 1250 46/100; scene = ['26b31d71789bffad']; context = [[3, 57]]
validation step on 1250 47/100; scene = ['41abd737e0228c1a']; context = [[81, 127]]
validation step on 1250 48/100; scene = ['ed0c2aca14b99efa']; context = [[62, 119]]
validation step on 1250 49/100; scene = ['8d5163de9ea4d851']; context = [[39, 85]]
validation step on 1250 50/100; scene = ['81be42df6ccae760']; context = [[13, 107]]
validation step on 1250 51/100; scene = ['6fe141ec9be1a432']; context = [[12, 73]]
validation step on 1250 52/100; scene = ['3b6d8db52c54b174']; context = [[0, 80]]
validation step on 1250 53/100; scene = ['3087828bc27bc4c7']; context = [[15, 96]]
validation step on 1250 54/100; scene = ['e124dfa7e996a414']; context = [[48, 93]]
validation step on 1250 55/100; scene = ['e1afd89a69ee6947']; context = [[34, 113]]
validation step on 1250 56/100; scene = ['79ce50fb7b021e1d']; context = [[212, 278]]
validation step on 1250 57/100; scene = ['358bdee988c269ef']; context = [[3, 95]]
validation step on 1250 58/100; scene = ['f14791aec34dbdcd']; context = [[5, 59]]
validation step on 1250 59/100; scene = ['0c52996355b23d76']; context = [[51, 111]]
validation step on 1250 60/100; scene = ['62bcb465bb03d34f']; context = [[6, 84]]
validation step on 1250 61/100; scene = ['1f0e06e4388dd600']; context = [[44, 96]]
validation step on 1250 62/100; scene = ['c9c30723d7c54793']; context = [[152, 247]]
validation step on 1250 63/100; scene = ['8b212f2755d955ec']; context = [[40, 110]]
validation step on 1250 64/100; scene = ['de67e3a0b0648cfe']; context = [[16, 72]]
validation step on 1250 65/100; scene = ['54841308aff91857']; context = [[27, 86]]
validation step on 1250 66/100; scene = ['40ca76de44a6e1a9']; context = [[43, 107]]
validation step on 1250 67/100; scene = ['bc143130c1842e4b']; context = [[29, 133]]
validation step on 1250 68/100; scene = ['912177dbf0a1ed6c']; context = [[3, 60]]
validation step on 1250 69/100; scene = ['afe4e799a94e06b3']; context = [[54, 150]]
validation step on 1250 70/100; scene = ['17f552ef56d85c55']; context = [[20, 86]]
validation step on 1250 71/100; scene = ['a7c691c210154b09']; context = [[0, 50]]
validation step on 1250 72/100; scene = ['9490f1219dbbb6ce']; context = [[17, 72]]
validation step on 1250 73/100; scene = ['154365ab5a4e067b']; context = [[2, 48]]
validation step on 1250 74/100; scene = ['ab4c269f8d523d02']; context = [[18, 72]]
validation step on 1250 75/100; scene = ['75d475e9558ab806']; context = [[1, 46]]
validation step on 1250 76/100; scene = ['fdaab1f49851782c']; context = [[31, 142]]
validation step on 1250 77/100; scene = ['2d4efa3897a4ba2d']; context = [[4, 58]]
validation step on 1250 78/100; scene = ['14f477e7d5af5b91']; context = [[17, 72]]
validation step on 1250 79/100; scene = ['de45926738229f67']; context = [[22, 84]]
validation step on 1250 80/100; scene = ['5c909c802eb6edb1']; context = [[13, 78]]
validation step on 1250 81/100; scene = ['aa91dfdd5f4ad32b']; context = [[8, 57]]
validation step on 1250 82/100; scene = ['88d9ba3324f2ec21']; context = [[2, 49]]
validation step on 1250 83/100; scene = ['622ef98e83ed5239']; context = [[3, 66]]
validation step on 1250 84/100; scene = ['30fc5fc78c5a716e']; context = [[151, 210]]
validation step on 1250 85/100; scene = ['8b760ac05c93a6bb']; context = [[26, 72]]
validation step on 1250 86/100; scene = ['800ea72b6988f63e']; context = [[141, 190]]
validation step on 1250 87/100; scene = ['674dabef8f53b566']; context = [[9, 91]]
validation step on 1250 88/100; scene = ['d3a01038c5f21473']; context = [[139, 273]]
validation step on 1250 89/100; scene = ['3e5f747d06bc84a3']; context = [[85, 190]]
validation step on 1250 90/100; scene = ['bb6fa5bdafc14e8c']; context = [[43, 139]]
validation step on 1250 91/100; scene = ['052430ff6e2c07c4']; context = [[19, 92]]
validation step on 1250 92/100; scene = ['0588138dfec165a1']; context = [[70, 160]]
validation step on 1250 93/100; scene = ['e4bcb18fa6aa91be']; context = [[32, 79]]
validation step on 1250 94/100; scene = ['4c4fa41951e37e78']; context = [[8, 60]]
validation step on 1250 95/100; scene = ['252a24d25a1ea81d']; context = [[198, 263]]
validation step on 1250 96/100; scene = ['214df1c2863d2959']; context = [[45, 96]]
validation step on 1250 97/100; scene = ['bfd27ad72975e120']; context = [[8, 55]]
validation step on 1250 98/100; scene = ['572acd18419c3456']; context = [[3, 62]]
validation step on 1250 99/100; scene = ['b26e6c80d283c4c8']; context = [[46, 92]]
validation step on 1250 100/100; scene = ['10c8e54590f715f7']; context = [[6, 76]]
train step[1250/2000] ; used: 26m:32s; eta: 15m:54s; loss = 0.025446; ['mse_0=0.004040; ', 'lpips_0=0.006082; ', 'codec_recon_0=0.020921; ', 'bpp_0=6.021469; ', 'mse_1=0.003618; ', 'lpips_1=0.005160; ', 'codec_recon_1=0.365767; ', 'bpp_1=0.294380; ', 'mse_2=0.002814; ', 'lpips_2=0.003732; ', 'codec_recon_2=0.090645; ', 'bpp_2=0.273922; ']
train step[1251/2000] ; used: 26m:33s; eta: 15m:53s; loss = 0.012420; ['mse_0=0.001242; ', 'lpips_0=0.003454; ', 'codec_recon_0=0.029344; ', 'bpp_0=5.916976; ', 'mse_1=0.001093; ', 'lpips_1=0.002954; ', 'codec_recon_1=0.297140; ', 'bpp_1=0.293968; ', 'mse_2=0.001028; ', 'lpips_2=0.002648; ', 'codec_recon_2=0.095492; ', 'bpp_2=0.270867; ']
train step[1252/2000] ; used: 26m:34s; eta: 15m:51s; loss = 0.012203; ['mse_0=0.001095; ', 'lpips_0=0.003732; ', 'codec_recon_0=0.021801; ', 'bpp_0=5.884136; ', 'mse_1=0.000810; ', 'lpips_1=0.003086; ', 'codec_recon_1=0.278740; ', 'bpp_1=0.292591; ', 'mse_2=0.000673; ', 'lpips_2=0.002807; ', 'codec_recon_2=0.071481; ', 'bpp_2=0.272436; ']
train step[1253/2000] ; used: 26m:35s; eta: 15m:50s; loss = 0.014962; ['mse_0=0.001615; ', 'lpips_0=0.004551; ', 'codec_recon_0=0.020219; ', 'bpp_0=6.104549; ', 'mse_1=0.001257; ', 'lpips_1=0.003698; ', 'codec_recon_1=0.343560; ', 'bpp_1=0.296518; ', 'mse_2=0.000962; ', 'lpips_2=0.002879; ', 'codec_recon_2=0.079877; ', 'bpp_2=0.275565; ']
train step[1254/2000] ; used: 26m:36s; eta: 15m:48s; loss = 0.017135; ['mse_0=0.000981; ', 'lpips_0=0.005192; ', 'codec_recon_0=0.021171; ', 'bpp_0=5.880813; ', 'mse_1=0.000909; ', 'lpips_1=0.004671; ', 'codec_recon_1=0.289482; ', 'bpp_1=0.291440; ', 'mse_2=0.000870; ', 'lpips_2=0.004511; ', 'codec_recon_2=0.083070; ', 'bpp_2=0.270034; ']
train step[1255/2000] ; used: 26m:37s; eta: 15m:47s; loss = 0.016666; ['mse_0=0.002005; ', 'lpips_0=0.004603; ', 'codec_recon_0=0.018841; ', 'bpp_0=6.269394; ', 'mse_1=0.001665; ', 'lpips_1=0.003783; ', 'codec_recon_1=0.356763; ', 'bpp_1=0.301000; ', 'mse_2=0.001415; ', 'lpips_2=0.003195; ', 'codec_recon_2=0.080428; ', 'bpp_2=0.281714; ']
train step[1256/2000] ; used: 26m:38s; eta: 15m:46s; loss = 0.021178; ['mse_0=0.002008; ', 'lpips_0=0.006117; ', 'codec_recon_0=0.021250; ', 'bpp_0=6.115185; ', 'mse_1=0.001642; ', 'lpips_1=0.005184; ', 'codec_recon_1=0.341397; ', 'bpp_1=0.295723; ', 'mse_2=0.001498; ', 'lpips_2=0.004730; ', 'codec_recon_2=0.083278; ', 'bpp_2=0.273659; ']
train step[1257/2000] ; used: 26m:39s; eta: 15m:44s; loss = 0.015720; ['mse_0=0.001154; ', 'lpips_0=0.004728; ', 'codec_recon_0=0.025347; ', 'bpp_0=5.970239; ', 'mse_1=0.001032; ', 'lpips_1=0.004150; ', 'codec_recon_1=0.306367; ', 'bpp_1=0.293517; ', 'mse_2=0.000955; ', 'lpips_2=0.003700; ', 'codec_recon_2=0.092124; ', 'bpp_2=0.271148; ']
train step[1258/2000] ; used: 26m:40s; eta: 15m:43s; loss = 0.015072; ['mse_0=0.001071; ', 'lpips_0=0.004357; ', 'codec_recon_0=0.033022; ', 'bpp_0=5.915254; ', 'mse_1=0.000971; ', 'lpips_1=0.003944; ', 'codec_recon_1=0.280444; ', 'bpp_1=0.291950; ', 'mse_2=0.000944; ', 'lpips_2=0.003785; ', 'codec_recon_2=0.103087; ', 'bpp_2=0.269977; ']
train step[1259/2000] ; used: 26m:41s; eta: 15m:41s; loss = 0.018122; ['mse_0=0.001878; ', 'lpips_0=0.005164; ', 'codec_recon_0=0.021236; ', 'bpp_0=6.208365; ', 'mse_1=0.001540; ', 'lpips_1=0.004232; ', 'codec_recon_1=0.342986; ', 'bpp_1=0.297649; ', 'mse_2=0.001457; ', 'lpips_2=0.003851; ', 'codec_recon_2=0.090373; ', 'bpp_2=0.276457; ']
train step[1260/2000] ; used: 26m:42s; eta: 15m:40s; loss = 0.014360; ['mse_0=0.001164; ', 'lpips_0=0.004284; ', 'codec_recon_0=0.022142; ', 'bpp_0=6.024884; ', 'mse_1=0.001016; ', 'lpips_1=0.003653; ', 'codec_recon_1=0.309378; ', 'bpp_1=0.293880; ', 'mse_2=0.000949; ', 'lpips_2=0.003294; ', 'codec_recon_2=0.083780; ', 'bpp_2=0.272805; ']
train step[1261/2000] ; used: 26m:43s; eta: 15m:39s; loss = 0.021249; ['mse_0=0.002399; ', 'lpips_0=0.005221; ', 'codec_recon_0=0.021807; ', 'bpp_0=6.023224; ', 'mse_1=0.002228; ', 'lpips_1=0.004715; ', 'codec_recon_1=0.301995; ', 'bpp_1=0.292376; ', 'mse_2=0.002187; ', 'lpips_2=0.004500; ', 'codec_recon_2=0.081834; ', 'bpp_2=0.273365; ']
train step[1262/2000] ; used: 26m:44s; eta: 15m:37s; loss = 0.014674; ['mse_0=0.001253; ', 'lpips_0=0.004475; ', 'codec_recon_0=0.020018; ', 'bpp_0=5.902979; ', 'mse_1=0.001093; ', 'lpips_1=0.003744; ', 'codec_recon_1=0.345714; ', 'bpp_1=0.291721; ', 'mse_2=0.000988; ', 'lpips_2=0.003121; ', 'codec_recon_2=0.089889; ', 'bpp_2=0.267194; ']
train step[1263/2000] ; used: 26m:45s; eta: 15m:36s; loss = 0.011769; ['mse_0=0.000502; ', 'lpips_0=0.003932; ', 'codec_recon_0=0.021814; ', 'bpp_0=5.946319; ', 'mse_1=0.000409; ', 'lpips_1=0.003400; ', 'codec_recon_1=0.303653; ', 'bpp_1=0.292025; ', 'mse_2=0.000380; ', 'lpips_2=0.003147; ', 'codec_recon_2=0.086342; ', 'bpp_2=0.271473; ']
train step[1264/2000] ; used: 26m:46s; eta: 15m:34s; loss = 0.016015; ['mse_0=0.001928; ', 'lpips_0=0.004074; ', 'codec_recon_0=0.020770; ', 'bpp_0=5.887472; ', 'mse_1=0.001786; ', 'lpips_1=0.003434; ', 'codec_recon_1=0.263773; ', 'bpp_1=0.291453; ', 'mse_2=0.001709; ', 'lpips_2=0.003085; ', 'codec_recon_2=0.074268; ', 'bpp_2=0.268831; ']
train step[1265/2000] ; used: 26m:47s; eta: 15m:33s; loss = 0.019187; ['mse_0=0.001746; ', 'lpips_0=0.005831; ', 'codec_recon_0=0.021774; ', 'bpp_0=6.140134; ', 'mse_1=0.001425; ', 'lpips_1=0.004844; ', 'codec_recon_1=0.393049; ', 'bpp_1=0.298763; ', 'mse_2=0.001155; ', 'lpips_2=0.004186; ', 'codec_recon_2=0.084445; ', 'bpp_2=0.279247; ']
train step[1266/2000] ; used: 26m:48s; eta: 15m:32s; loss = 0.010700; ['mse_0=0.000927; ', 'lpips_0=0.003330; ', 'codec_recon_0=0.019033; ', 'bpp_0=6.000064; ', 'mse_1=0.000693; ', 'lpips_1=0.002731; ', 'codec_recon_1=0.309960; ', 'bpp_1=0.294171; ', 'mse_2=0.000622; ', 'lpips_2=0.002395; ', 'codec_recon_2=0.077595; ', 'bpp_2=0.272411; ']
train step[1267/2000] ; used: 26m:49s; eta: 15m:30s; loss = 0.010657; ['mse_0=0.000847; ', 'lpips_0=0.003274; ', 'codec_recon_0=0.019475; ', 'bpp_0=5.929531; ', 'mse_1=0.000727; ', 'lpips_1=0.002706; ', 'codec_recon_1=0.274287; ', 'bpp_1=0.291208; ', 'mse_2=0.000678; ', 'lpips_2=0.002426; ', 'codec_recon_2=0.078279; ', 'bpp_2=0.267422; ']
train step[1268/2000] ; used: 26m:50s; eta: 15m:29s; loss = 0.020994; ['mse_0=0.002381; ', 'lpips_0=0.005663; ', 'codec_recon_0=0.019326; ', 'bpp_0=6.155090; ', 'mse_1=0.002041; ', 'lpips_1=0.004881; ', 'codec_recon_1=0.335014; ', 'bpp_1=0.299137; ', 'mse_2=0.001793; ', 'lpips_2=0.004235; ', 'codec_recon_2=0.082282; ', 'bpp_2=0.279944; ']
train step[1269/2000] ; used: 26m:51s; eta: 15m:27s; loss = 0.022468; ['mse_0=0.001980; ', 'lpips_0=0.006563; ', 'codec_recon_0=0.017937; ', 'bpp_0=6.188971; ', 'mse_1=0.001654; ', 'lpips_1=0.005719; ', 'codec_recon_1=0.353894; ', 'bpp_1=0.298761; ', 'mse_2=0.001442; ', 'lpips_2=0.005110; ', 'codec_recon_2=0.082944; ', 'bpp_2=0.278214; ']
train step[1270/2000] ; used: 26m:52s; eta: 15m:26s; loss = 0.021964; ['mse_0=0.002406; ', 'lpips_0=0.005498; ', 'codec_recon_0=0.021578; ', 'bpp_0=5.685839; ', 'mse_1=0.002189; ', 'lpips_1=0.004983; ', 'codec_recon_1=0.271623; ', 'bpp_1=0.288816; ', 'mse_2=0.002120; ', 'lpips_2=0.004768; ', 'codec_recon_2=0.069064; ', 'bpp_2=0.268749; ']
train step[1271/2000] ; used: 26m:54s; eta: 15m:25s; loss = 0.013752; ['mse_0=0.000835; ', 'lpips_0=0.004233; ', 'codec_recon_0=0.022583; ', 'bpp_0=5.820039; ', 'mse_1=0.000740; ', 'lpips_1=0.003704; ', 'codec_recon_1=0.260499; ', 'bpp_1=0.289323; ', 'mse_2=0.000716; ', 'lpips_2=0.003525; ', 'codec_recon_2=0.081347; ', 'bpp_2=0.266902; ']
train step[1272/2000] ; used: 26m:55s; eta: 15m:23s; loss = 0.018237; ['mse_0=0.001794; ', 'lpips_0=0.004820; ', 'codec_recon_0=0.021280; ', 'bpp_0=5.863777; ', 'mse_1=0.001673; ', 'lpips_1=0.004265; ', 'codec_recon_1=0.262267; ', 'bpp_1=0.291623; ', 'mse_2=0.001628; ', 'lpips_2=0.004056; ', 'codec_recon_2=0.080573; ', 'bpp_2=0.270069; ']
train step[1273/2000] ; used: 26m:56s; eta: 15m:22s; loss = 0.011783; ['mse_0=0.000611; ', 'lpips_0=0.003870; ', 'codec_recon_0=0.022453; ', 'bpp_0=5.862511; ', 'mse_1=0.000500; ', 'lpips_1=0.003311; ', 'codec_recon_1=0.278831; ', 'bpp_1=0.290287; ', 'mse_2=0.000453; ', 'lpips_2=0.003039; ', 'codec_recon_2=0.088086; ', 'bpp_2=0.269043; ']
train step[1274/2000] ; used: 26m:57s; eta: 15m:20s; loss = 0.028066; ['mse_0=0.004860; ', 'lpips_0=0.005097; ', 'codec_recon_0=0.021982; ', 'bpp_0=5.936992; ', 'mse_1=0.004791; ', 'lpips_1=0.004416; ', 'codec_recon_1=0.307623; ', 'bpp_1=0.294895; ', 'mse_2=0.004774; ', 'lpips_2=0.004128; ', 'codec_recon_2=0.077856; ', 'bpp_2=0.273852; ']
train step[1275/2000] ; used: 26m:58s; eta: 15m:19s; loss = 0.024112; ['mse_0=0.003521; ', 'lpips_0=0.005519; ', 'codec_recon_0=0.021151; ', 'bpp_0=6.111335; ', 'mse_1=0.003240; ', 'lpips_1=0.004685; ', 'codec_recon_1=0.328502; ', 'bpp_1=0.297582; ', 'mse_2=0.003124; ', 'lpips_2=0.004024; ', 'codec_recon_2=0.083524; ', 'bpp_2=0.276545; ']
train step[1276/2000] ; used: 26m:59s; eta: 15m:18s; loss = 0.036014; ['mse_0=0.003813; ', 'lpips_0=0.009640; ', 'codec_recon_0=0.023693; ', 'bpp_0=5.953150; ', 'mse_1=0.003314; ', 'lpips_1=0.008715; ', 'codec_recon_1=0.380342; ', 'bpp_1=0.295895; ', 'mse_2=0.002890; ', 'lpips_2=0.007643; ', 'codec_recon_2=0.086417; ', 'bpp_2=0.275785; ']
train step[1277/2000] ; used: 27m; eta: 15m:16s; loss = 0.013171; ['mse_0=0.001291; ', 'lpips_0=0.003616; ', 'codec_recon_0=0.020435; ', 'bpp_0=5.897083; ', 'mse_1=0.001178; ', 'lpips_1=0.003180; ', 'codec_recon_1=0.309697; ', 'bpp_1=0.294028; ', 'mse_2=0.001074; ', 'lpips_2=0.002832; ', 'codec_recon_2=0.082186; ', 'bpp_2=0.271654; ']
train step[1278/2000] ; used: 27m:1s; eta: 15m:15s; loss = 0.012644; ['mse_0=0.000783; ', 'lpips_0=0.004020; ', 'codec_recon_0=0.019125; ', 'bpp_0=5.939350; ', 'mse_1=0.000633; ', 'lpips_1=0.003470; ', 'codec_recon_1=0.290421; ', 'bpp_1=0.293402; ', 'mse_2=0.000537; ', 'lpips_2=0.003202; ', 'codec_recon_2=0.077519; ', 'bpp_2=0.271234; ']
train step[1279/2000] ; used: 27m:2s; eta: 15m:13s; loss = 0.020330; ['mse_0=0.001526; ', 'lpips_0=0.005921; ', 'codec_recon_0=0.025239; ', 'bpp_0=5.981139; ', 'mse_1=0.001380; ', 'lpips_1=0.005166; ', 'codec_recon_1=0.287881; ', 'bpp_1=0.294008; ', 'mse_2=0.001321; ', 'lpips_2=0.005016; ', 'codec_recon_2=0.085124; ', 'bpp_2=0.274529; ']
train step[1280/2000] ; used: 27m:3s; eta: 15m:12s; loss = 0.020334; ['mse_0=0.002968; ', 'lpips_0=0.006030; ', 'codec_recon_0=0.018848; ', 'bpp_0=6.271809; ', 'mse_1=0.002299; ', 'lpips_1=0.004563; ', 'codec_recon_1=0.397557; ', 'bpp_1=0.303068; ', 'mse_2=0.001525; ', 'lpips_2=0.002949; ', 'codec_recon_2=0.078268; ', 'bpp_2=0.285350; ']
train step[1281/2000] ; used: 27m:4s; eta: 15m:11s; loss = 0.011232; ['mse_0=0.000578; ', 'lpips_0=0.003654; ', 'codec_recon_0=0.021630; ', 'bpp_0=5.839064; ', 'mse_1=0.000468; ', 'lpips_1=0.003144; ', 'codec_recon_1=0.264135; ', 'bpp_1=0.292443; ', 'mse_2=0.000431; ', 'lpips_2=0.002957; ', 'codec_recon_2=0.074383; ', 'bpp_2=0.271016; ']
train step[1282/2000] ; used: 27m:5s; eta: 15m:9s; loss = 0.044823; ['mse_0=0.007618; ', 'lpips_0=0.008288; ', 'codec_recon_0=0.026201; ', 'bpp_0=5.972002; ', 'mse_1=0.007206; ', 'lpips_1=0.007588; ', 'codec_recon_1=0.326754; ', 'bpp_1=0.293966; ', 'mse_2=0.007032; ', 'lpips_2=0.007091; ', 'codec_recon_2=0.090179; ', 'bpp_2=0.271802; ']
train step[1283/2000] ; used: 27m:6s; eta: 15m:8s; loss = 0.014934; ['mse_0=0.001034; ', 'lpips_0=0.004636; ', 'codec_recon_0=0.021169; ', 'bpp_0=5.897892; ', 'mse_1=0.000863; ', 'lpips_1=0.004057; ', 'codec_recon_1=0.344002; ', 'bpp_1=0.293601; ', 'mse_2=0.000734; ', 'lpips_2=0.003611; ', 'codec_recon_2=0.081577; ', 'bpp_2=0.274302; ']
train step[1284/2000] ; used: 27m:7s; eta: 15m:6s; loss = 0.011305; ['mse_0=0.000625; ', 'lpips_0=0.003719; ', 'codec_recon_0=0.022250; ', 'bpp_0=6.028626; ', 'mse_1=0.000508; ', 'lpips_1=0.003223; ', 'codec_recon_1=0.303160; ', 'bpp_1=0.295685; ', 'mse_2=0.000411; ', 'lpips_2=0.002820; ', 'codec_recon_2=0.089137; ', 'bpp_2=0.272536; ']
train step[1285/2000] ; used: 27m:8s; eta: 15m:5s; loss = 0.011160; ['mse_0=0.001101; ', 'lpips_0=0.003531; ', 'codec_recon_0=0.019592; ', 'bpp_0=6.048660; ', 'mse_1=0.000818; ', 'lpips_1=0.002797; ', 'codec_recon_1=0.314641; ', 'bpp_1=0.296894; ', 'mse_2=0.000672; ', 'lpips_2=0.002241; ', 'codec_recon_2=0.077453; ', 'bpp_2=0.275269; ']
train step[1286/2000] ; used: 27m:9s; eta: 15m:4s; loss = 0.010257; ['mse_0=0.000661; ', 'lpips_0=0.003509; ', 'codec_recon_0=0.018260; ', 'bpp_0=6.043349; ', 'mse_1=0.000487; ', 'lpips_1=0.002833; ', 'codec_recon_1=0.317421; ', 'bpp_1=0.295370; ', 'mse_2=0.000369; ', 'lpips_2=0.002398; ', 'codec_recon_2=0.081425; ', 'bpp_2=0.275138; ']
train step[1287/2000] ; used: 27m:10s; eta: 15m:2s; loss = 0.025169; ['mse_0=0.003336; ', 'lpips_0=0.005619; ', 'codec_recon_0=0.023743; ', 'bpp_0=6.040392; ', 'mse_1=0.003309; ', 'lpips_1=0.004914; ', 'codec_recon_1=0.292512; ', 'bpp_1=0.292642; ', 'mse_2=0.003326; ', 'lpips_2=0.004664; ', 'codec_recon_2=0.087681; ', 'bpp_2=0.272616; ']
train step[1288/2000] ; used: 27m:11s; eta: 15m:1s; loss = 0.045677; ['mse_0=0.007824; ', 'lpips_0=0.007716; ', 'codec_recon_0=0.020864; ', 'bpp_0=6.025481; ', 'mse_1=0.007826; ', 'lpips_1=0.007304; ', 'codec_recon_1=0.312094; ', 'bpp_1=0.295004; ', 'mse_2=0.008054; ', 'lpips_2=0.006954; ', 'codec_recon_2=0.079848; ', 'bpp_2=0.273344; ']
train step[1289/2000] ; used: 27m:12s; eta: 14m:59s; loss = 0.011692; ['mse_0=0.000721; ', 'lpips_0=0.003848; ', 'codec_recon_0=0.019682; ', 'bpp_0=5.921627; ', 'mse_1=0.000569; ', 'lpips_1=0.003143; ', 'codec_recon_1=0.284631; ', 'bpp_1=0.292290; ', 'mse_2=0.000531; ', 'lpips_2=0.002880; ', 'codec_recon_2=0.082963; ', 'bpp_2=0.271140; ']
train step[1290/2000] ; used: 27m:13s; eta: 14m:58s; loss = 0.010526; ['mse_0=0.000595; ', 'lpips_0=0.003554; ', 'codec_recon_0=0.020346; ', 'bpp_0=5.827008; ', 'mse_1=0.000467; ', 'lpips_1=0.002921; ', 'codec_recon_1=0.296682; ', 'bpp_1=0.291921; ', 'mse_2=0.000392; ', 'lpips_2=0.002597; ', 'codec_recon_2=0.079428; ', 'bpp_2=0.269310; ']
train step[1291/2000] ; used: 27m:14s; eta: 14m:57s; loss = 0.014375; ['mse_0=0.001218; ', 'lpips_0=0.004162; ', 'codec_recon_0=0.019671; ', 'bpp_0=5.985266; ', 'mse_1=0.001071; ', 'lpips_1=0.003634; ', 'codec_recon_1=0.313185; ', 'bpp_1=0.294167; ', 'mse_2=0.000967; ', 'lpips_2=0.003322; ', 'codec_recon_2=0.087347; ', 'bpp_2=0.270681; ']
train step[1292/2000] ; used: 27m:15s; eta: 14m:55s; loss = 0.019350; ['mse_0=0.002193; ', 'lpips_0=0.004876; ', 'codec_recon_0=0.021090; ', 'bpp_0=5.941146; ', 'mse_1=0.002183; ', 'lpips_1=0.004181; ', 'codec_recon_1=0.299284; ', 'bpp_1=0.295001; ', 'mse_2=0.002170; ', 'lpips_2=0.003747; ', 'codec_recon_2=0.083522; ', 'bpp_2=0.273142; ']
train step[1293/2000] ; used: 27m:17s; eta: 14m:54s; loss = 0.012998; ['mse_0=0.000464; ', 'lpips_0=0.004325; ', 'codec_recon_0=0.022876; ', 'bpp_0=5.769575; ', 'mse_1=0.000397; ', 'lpips_1=0.003824; ', 'codec_recon_1=0.284261; ', 'bpp_1=0.288937; ', 'mse_2=0.000366; ', 'lpips_2=0.003623; ', 'codec_recon_2=0.083201; ', 'bpp_2=0.269195; ']
train step[1294/2000] ; used: 27m:18s; eta: 14m:53s; loss = 0.014023; ['mse_0=0.001008; ', 'lpips_0=0.004345; ', 'codec_recon_0=0.020433; ', 'bpp_0=5.994225; ', 'mse_1=0.000945; ', 'lpips_1=0.003597; ', 'codec_recon_1=0.297839; ', 'bpp_1=0.292470; ', 'mse_2=0.000889; ', 'lpips_2=0.003238; ', 'codec_recon_2=0.085770; ', 'bpp_2=0.268968; ']
train step[1295/2000] ; used: 27m:19s; eta: 14m:52s; loss = 0.019005; ['mse_0=0.002346; ', 'lpips_0=0.005682; ', 'codec_recon_0=0.018213; ', 'bpp_0=6.129344; ', 'mse_1=0.001801; ', 'lpips_1=0.004560; ', 'codec_recon_1=0.390257; ', 'bpp_1=0.298442; ', 'mse_2=0.001262; ', 'lpips_2=0.003354; ', 'codec_recon_2=0.076711; ', 'bpp_2=0.278679; ']
train step[1296/2000] ; used: 27m:20s; eta: 14m:50s; loss = 0.019052; ['mse_0=0.002023; ', 'lpips_0=0.004928; ', 'codec_recon_0=0.025471; ', 'bpp_0=5.954009; ', 'mse_1=0.001868; ', 'lpips_1=0.004340; ', 'codec_recon_1=0.278466; ', 'bpp_1=0.294884; ', 'mse_2=0.001812; ', 'lpips_2=0.004082; ', 'codec_recon_2=0.084893; ', 'bpp_2=0.272881; ']
train step[1297/2000] ; used: 27m:22s; eta: 14m:49s; loss = 0.011673; ['mse_0=0.001062; ', 'lpips_0=0.003641; ', 'codec_recon_0=0.018228; ', 'bpp_0=6.179837; ', 'mse_1=0.000784; ', 'lpips_1=0.002958; ', 'codec_recon_1=0.319810; ', 'bpp_1=0.298236; ', 'mse_2=0.000682; ', 'lpips_2=0.002547; ', 'codec_recon_2=0.089859; ', 'bpp_2=0.277718; ']
train step[1298/2000] ; used: 27m:23s; eta: 14m:47s; loss = 0.014080; ['mse_0=0.001004; ', 'lpips_0=0.004478; ', 'codec_recon_0=0.018027; ', 'bpp_0=6.027167; ', 'mse_1=0.000823; ', 'lpips_1=0.003692; ', 'codec_recon_1=0.292860; ', 'bpp_1=0.295165; ', 'mse_2=0.000719; ', 'lpips_2=0.003364; ', 'codec_recon_2=0.079465; ', 'bpp_2=0.272352; ']
train step[1299/2000] ; used: 27m:24s; eta: 14m:46s; loss = 0.011063; ['mse_0=0.000882; ', 'lpips_0=0.003636; ', 'codec_recon_0=0.017727; ', 'bpp_0=6.124440; ', 'mse_1=0.000707; ', 'lpips_1=0.002929; ', 'codec_recon_1=0.327016; ', 'bpp_1=0.296807; ', 'mse_2=0.000584; ', 'lpips_2=0.002326; ', 'codec_recon_2=0.088963; ', 'bpp_2=0.274772; ']
train step[1300/2000] ; used: 27m:25s; eta: 14m:45s; loss = 0.017226; ['mse_0=0.001934; ', 'lpips_0=0.004487; ', 'codec_recon_0=0.018609; ', 'bpp_0=6.024254; ', 'mse_1=0.001746; ', 'lpips_1=0.003833; ', 'codec_recon_1=0.291143; ', 'bpp_1=0.294787; ', 'mse_2=0.001658; ', 'lpips_2=0.003568; ', 'codec_recon_2=0.073793; ', 'bpp_2=0.272771; ']
train step[1301/2000] ; used: 27m:26s; eta: 14m:43s; loss = 0.018088; ['mse_0=0.002088; ', 'lpips_0=0.004936; ', 'codec_recon_0=0.029494; ', 'bpp_0=6.031441; ', 'mse_1=0.001783; ', 'lpips_1=0.003992; ', 'codec_recon_1=0.327742; ', 'bpp_1=0.295620; ', 'mse_2=0.001729; ', 'lpips_2=0.003560; ', 'codec_recon_2=0.103819; ', 'bpp_2=0.274234; ']
train step[1302/2000] ; used: 27m:27s; eta: 14m:42s; loss = 0.008910; ['mse_0=0.000479; ', 'lpips_0=0.002941; ', 'codec_recon_0=0.020278; ', 'bpp_0=5.880752; ', 'mse_1=0.000347; ', 'lpips_1=0.002499; ', 'codec_recon_1=0.268291; ', 'bpp_1=0.289281; ', 'mse_2=0.000304; ', 'lpips_2=0.002340; ', 'codec_recon_2=0.078815; ', 'bpp_2=0.267403; ']
train step[1303/2000] ; used: 27m:28s; eta: 14m:40s; loss = 0.013824; ['mse_0=0.001301; ', 'lpips_0=0.003914; ', 'codec_recon_0=0.019132; ', 'bpp_0=6.068651; ', 'mse_1=0.001182; ', 'lpips_1=0.003254; ', 'codec_recon_1=0.307641; ', 'bpp_1=0.295512; ', 'mse_2=0.001189; ', 'lpips_2=0.002983; ', 'codec_recon_2=0.084032; ', 'bpp_2=0.274223; ']
train step[1304/2000] ; used: 27m:29s; eta: 14m:39s; loss = 0.013453; ['mse_0=0.001024; ', 'lpips_0=0.004646; ', 'codec_recon_0=0.020938; ', 'bpp_0=6.165905; ', 'mse_1=0.000809; ', 'lpips_1=0.003540; ', 'codec_recon_1=0.368069; ', 'bpp_1=0.298247; ', 'mse_2=0.000672; ', 'lpips_2=0.002762; ', 'codec_recon_2=0.088655; ', 'bpp_2=0.279225; ']
train step[1305/2000] ; used: 27m:30s; eta: 14m:38s; loss = 0.018848; ['mse_0=0.001395; ', 'lpips_0=0.005579; ', 'codec_recon_0=0.021759; ', 'bpp_0=5.884920; ', 'mse_1=0.001251; ', 'lpips_1=0.004849; ', 'codec_recon_1=0.269185; ', 'bpp_1=0.292364; ', 'mse_2=0.001212; ', 'lpips_2=0.004562; ', 'codec_recon_2=0.084092; ', 'bpp_2=0.268731; ']
train step[1306/2000] ; used: 27m:31s; eta: 14m:36s; loss = 0.014600; ['mse_0=0.000833; ', 'lpips_0=0.004738; ', 'codec_recon_0=0.018659; ', 'bpp_0=5.908142; ', 'mse_1=0.000668; ', 'lpips_1=0.004027; ', 'codec_recon_1=0.293138; ', 'bpp_1=0.292369; ', 'mse_2=0.000565; ', 'lpips_2=0.003769; ', 'codec_recon_2=0.088254; ', 'bpp_2=0.269822; ']
train step[1307/2000] ; used: 27m:32s; eta: 14m:35s; loss = 0.015786; ['mse_0=0.001462; ', 'lpips_0=0.004382; ', 'codec_recon_0=0.022138; ', 'bpp_0=6.049920; ', 'mse_1=0.001323; ', 'lpips_1=0.003760; ', 'codec_recon_1=0.264626; ', 'bpp_1=0.295784; ', 'mse_2=0.001278; ', 'lpips_2=0.003582; ', 'codec_recon_2=0.082906; ', 'bpp_2=0.274174; ']
train step[1308/2000] ; used: 27m:33s; eta: 14m:34s; loss = 0.017100; ['mse_0=0.001978; ', 'lpips_0=0.005208; ', 'codec_recon_0=0.019348; ', 'bpp_0=6.228253; ', 'mse_1=0.001596; ', 'lpips_1=0.004137; ', 'codec_recon_1=0.381392; ', 'bpp_1=0.300559; ', 'mse_2=0.001211; ', 'lpips_2=0.002970; ', 'codec_recon_2=0.084427; ', 'bpp_2=0.283573; ']
train step[1309/2000] ; used: 27m:34s; eta: 14m:32s; loss = 0.024949; ['mse_0=0.002370; ', 'lpips_0=0.007174; ', 'codec_recon_0=0.021898; ', 'bpp_0=6.112781; ', 'mse_1=0.002024; ', 'lpips_1=0.006316; ', 'codec_recon_1=0.391532; ', 'bpp_1=0.298117; ', 'mse_2=0.001739; ', 'lpips_2=0.005326; ', 'codec_recon_2=0.085849; ', 'bpp_2=0.278147; ']
train step[1310/2000] ; used: 27m:35s; eta: 14m:31s; loss = 0.012679; ['mse_0=0.001159; ', 'lpips_0=0.003792; ', 'codec_recon_0=0.022590; ', 'bpp_0=5.894498; ', 'mse_1=0.000973; ', 'lpips_1=0.003108; ', 'codec_recon_1=0.282176; ', 'bpp_1=0.288793; ', 'mse_2=0.000889; ', 'lpips_2=0.002758; ', 'codec_recon_2=0.081913; ', 'bpp_2=0.268448; ']
train step[1311/2000] ; used: 27m:36s; eta: 14m:29s; loss = 0.012089; ['mse_0=0.000972; ', 'lpips_0=0.004037; ', 'codec_recon_0=0.020137; ', 'bpp_0=5.991519; ', 'mse_1=0.000767; ', 'lpips_1=0.003215; ', 'codec_recon_1=0.357802; ', 'bpp_1=0.292395; ', 'mse_2=0.000515; ', 'lpips_2=0.002583; ', 'codec_recon_2=0.080144; ', 'bpp_2=0.272852; ']
train step[1312/2000] ; used: 27m:37s; eta: 14m:28s; loss = 0.027327; ['mse_0=0.003729; ', 'lpips_0=0.006210; ', 'codec_recon_0=0.020074; ', 'bpp_0=6.092900; ', 'mse_1=0.003537; ', 'lpips_1=0.005564; ', 'codec_recon_1=0.396577; ', 'bpp_1=0.296301; ', 'mse_2=0.003522; ', 'lpips_2=0.004765; ', 'codec_recon_2=0.079568; ', 'bpp_2=0.278030; ']
train step[1313/2000] ; used: 27m:38s; eta: 14m:27s; loss = 0.014917; ['mse_0=0.000772; ', 'lpips_0=0.005052; ', 'codec_recon_0=0.018826; ', 'bpp_0=5.900982; ', 'mse_1=0.000606; ', 'lpips_1=0.004297; ', 'codec_recon_1=0.327266; ', 'bpp_1=0.292928; ', 'mse_2=0.000501; ', 'lpips_2=0.003688; ', 'codec_recon_2=0.084955; ', 'bpp_2=0.271111; ']
train step[1314/2000] ; used: 27m:39s; eta: 14m:25s; loss = 0.014921; ['mse_0=0.000844; ', 'lpips_0=0.004543; ', 'codec_recon_0=0.023666; ', 'bpp_0=5.904054; ', 'mse_1=0.000756; ', 'lpips_1=0.004090; ', 'codec_recon_1=0.278185; ', 'bpp_1=0.291118; ', 'mse_2=0.000730; ', 'lpips_2=0.003957; ', 'codec_recon_2=0.088943; ', 'bpp_2=0.269489; ']
train step[1315/2000] ; used: 27m:40s; eta: 14m:24s; loss = 0.009723; ['mse_0=0.000750; ', 'lpips_0=0.003080; ', 'codec_recon_0=0.019018; ', 'bpp_0=5.969653; ', 'mse_1=0.000625; ', 'lpips_1=0.002594; ', 'codec_recon_1=0.270629; ', 'bpp_1=0.293813; ', 'mse_2=0.000515; ', 'lpips_2=0.002159; ', 'codec_recon_2=0.081194; ', 'bpp_2=0.268829; ']
train step[1316/2000] ; used: 27m:41s; eta: 14m:23s; loss = 0.011972; ['mse_0=0.000525; ', 'lpips_0=0.004014; ', 'codec_recon_0=0.020580; ', 'bpp_0=5.829691; ', 'mse_1=0.000411; ', 'lpips_1=0.003448; ', 'codec_recon_1=0.291890; ', 'bpp_1=0.290803; ', 'mse_2=0.000371; ', 'lpips_2=0.003202; ', 'codec_recon_2=0.084070; ', 'bpp_2=0.265964; ']
train step[1317/2000] ; used: 27m:42s; eta: 14m:21s; loss = 0.019956; ['mse_0=0.001947; ', 'lpips_0=0.005576; ', 'codec_recon_0=0.022939; ', 'bpp_0=6.102589; ', 'mse_1=0.001670; ', 'lpips_1=0.004990; ', 'codec_recon_1=0.343394; ', 'bpp_1=0.295636; ', 'mse_2=0.001498; ', 'lpips_2=0.004274; ', 'codec_recon_2=0.089597; ', 'bpp_2=0.276248; ']
train step[1318/2000] ; used: 27m:43s; eta: 14m:20s; loss = 0.014119; ['mse_0=0.001150; ', 'lpips_0=0.005138; ', 'codec_recon_0=0.019421; ', 'bpp_0=6.084659; ', 'mse_1=0.000775; ', 'lpips_1=0.003948; ', 'codec_recon_1=0.389414; ', 'bpp_1=0.296706; ', 'mse_2=0.000400; ', 'lpips_2=0.002708; ', 'codec_recon_2=0.086121; ', 'bpp_2=0.275347; ']
train step[1319/2000] ; used: 27m:44s; eta: 14m:18s; loss = 0.020701; ['mse_0=0.002306; ', 'lpips_0=0.005647; ', 'codec_recon_0=0.027608; ', 'bpp_0=6.146735; ', 'mse_1=0.001976; ', 'lpips_1=0.004750; ', 'codec_recon_1=0.347211; ', 'bpp_1=0.297728; ', 'mse_2=0.001819; ', 'lpips_2=0.004202; ', 'codec_recon_2=0.096458; ', 'bpp_2=0.277824; ']
train step[1320/2000] ; used: 27m:46s; eta: 14m:17s; loss = 0.011248; ['mse_0=0.000797; ', 'lpips_0=0.003673; ', 'codec_recon_0=0.021538; ', 'bpp_0=5.806034; ', 'mse_1=0.000570; ', 'lpips_1=0.003080; ', 'codec_recon_1=0.319519; ', 'bpp_1=0.289859; ', 'mse_2=0.000434; ', 'lpips_2=0.002694; ', 'codec_recon_2=0.079248; ', 'bpp_2=0.268308; ']
train step[1321/2000] ; used: 27m:47s; eta: 14m:16s; loss = 0.013709; ['mse_0=0.000618; ', 'lpips_0=0.004532; ', 'codec_recon_0=0.021966; ', 'bpp_0=5.857511; ', 'mse_1=0.000484; ', 'lpips_1=0.003982; ', 'codec_recon_1=0.283955; ', 'bpp_1=0.289933; ', 'mse_2=0.000436; ', 'lpips_2=0.003658; ', 'codec_recon_2=0.082703; ', 'bpp_2=0.269112; ']
train step[1322/2000] ; used: 27m:48s; eta: 14m:14s; loss = 0.013649; ['mse_0=0.001804; ', 'lpips_0=0.003512; ', 'codec_recon_0=0.019117; ', 'bpp_0=6.065243; ', 'mse_1=0.001502; ', 'lpips_1=0.002894; ', 'codec_recon_1=0.312202; ', 'bpp_1=0.296131; ', 'mse_2=0.001367; ', 'lpips_2=0.002570; ', 'codec_recon_2=0.079590; ', 'bpp_2=0.273756; ']
train step[1323/2000] ; used: 27m:49s; eta: 14m:13s; loss = 0.019976; ['mse_0=0.002548; ', 'lpips_0=0.004619; ', 'codec_recon_0=0.021957; ', 'bpp_0=6.023921; ', 'mse_1=0.002429; ', 'lpips_1=0.004052; ', 'codec_recon_1=0.270732; ', 'bpp_1=0.293013; ', 'mse_2=0.002415; ', 'lpips_2=0.003913; ', 'codec_recon_2=0.084027; ', 'bpp_2=0.272547; ']
train step[1324/2000] ; used: 27m:50s; eta: 14m:12s; loss = 0.015562; ['mse_0=0.002051; ', 'lpips_0=0.003942; ', 'codec_recon_0=0.020063; ', 'bpp_0=6.135299; ', 'mse_1=0.001739; ', 'lpips_1=0.003284; ', 'codec_recon_1=0.283601; ', 'bpp_1=0.297091; ', 'mse_2=0.001618; ', 'lpips_2=0.002927; ', 'codec_recon_2=0.079117; ', 'bpp_2=0.276194; ']
train step[1325/2000] ; used: 27m:51s; eta: 14m:10s; loss = 0.016207; ['mse_0=0.000623; ', 'lpips_0=0.005320; ', 'codec_recon_0=0.024598; ', 'bpp_0=5.833719; ', 'mse_1=0.000559; ', 'lpips_1=0.004712; ', 'codec_recon_1=0.283735; ', 'bpp_1=0.289165; ', 'mse_2=0.000524; ', 'lpips_2=0.004469; ', 'codec_recon_2=0.088203; ', 'bpp_2=0.268274; ']
train step[1326/2000] ; used: 27m:52s; eta: 14m:9s; loss = 0.009545; ['mse_0=0.000399; ', 'lpips_0=0.003257; ', 'codec_recon_0=0.019052; ', 'bpp_0=5.884085; ', 'mse_1=0.000303; ', 'lpips_1=0.002729; ', 'codec_recon_1=0.280037; ', 'bpp_1=0.291154; ', 'mse_2=0.000269; ', 'lpips_2=0.002588; ', 'codec_recon_2=0.079089; ', 'bpp_2=0.267696; ']
train step[1327/2000] ; used: 27m:53s; eta: 14m:8s; loss = 0.017541; ['mse_0=0.001574; ', 'lpips_0=0.005322; ', 'codec_recon_0=0.020067; ', 'bpp_0=6.086800; ', 'mse_1=0.001271; ', 'lpips_1=0.004479; ', 'codec_recon_1=0.349557; ', 'bpp_1=0.296795; ', 'mse_2=0.001087; ', 'lpips_2=0.003807; ', 'codec_recon_2=0.087405; ', 'bpp_2=0.277405; ']
train step[1328/2000] ; used: 27m:54s; eta: 14m:6s; loss = 0.011768; ['mse_0=0.001074; ', 'lpips_0=0.003717; ', 'codec_recon_0=0.018989; ', 'bpp_0=6.000668; ', 'mse_1=0.000808; ', 'lpips_1=0.003022; ', 'codec_recon_1=0.323095; ', 'bpp_1=0.295261; ', 'mse_2=0.000667; ', 'lpips_2=0.002481; ', 'codec_recon_2=0.080799; ', 'bpp_2=0.272866; ']
train step[1329/2000] ; used: 27m:55s; eta: 14m:5s; loss = 0.016680; ['mse_0=0.001038; ', 'lpips_0=0.005100; ', 'codec_recon_0=0.020709; ', 'bpp_0=5.903476; ', 'mse_1=0.000893; ', 'lpips_1=0.004575; ', 'codec_recon_1=0.306110; ', 'bpp_1=0.291802; ', 'mse_2=0.000853; ', 'lpips_2=0.004220; ', 'codec_recon_2=0.086579; ', 'bpp_2=0.270613; ']
train step[1330/2000] ; used: 27m:56s; eta: 14m:3s; loss = 0.012702; ['mse_0=0.001140; ', 'lpips_0=0.004002; ', 'codec_recon_0=0.020549; ', 'bpp_0=6.068447; ', 'mse_1=0.000896; ', 'lpips_1=0.003177; ', 'codec_recon_1=0.306342; ', 'bpp_1=0.295387; ', 'mse_2=0.000742; ', 'lpips_2=0.002745; ', 'codec_recon_2=0.080699; ', 'bpp_2=0.274516; ']
train step[1331/2000] ; used: 27m:57s; eta: 14m:2s; loss = 0.017714; ['mse_0=0.002533; ', 'lpips_0=0.004040; ', 'codec_recon_0=0.021112; ', 'bpp_0=5.955260; ', 'mse_1=0.002314; ', 'lpips_1=0.003517; ', 'codec_recon_1=0.275074; ', 'bpp_1=0.292569; ', 'mse_2=0.002190; ', 'lpips_2=0.003119; ', 'codec_recon_2=0.077489; ', 'bpp_2=0.270911; ']
train step[1332/2000] ; used: 27m:58s; eta: 14m:1s; loss = 0.011455; ['mse_0=0.000374; ', 'lpips_0=0.003822; ', 'codec_recon_0=0.021190; ', 'bpp_0=5.856673; ', 'mse_1=0.000315; ', 'lpips_1=0.003412; ', 'codec_recon_1=0.270525; ', 'bpp_1=0.289358; ', 'mse_2=0.000294; ', 'lpips_2=0.003238; ', 'codec_recon_2=0.085038; ', 'bpp_2=0.267462; ']
train step[1333/2000] ; used: 27m:59s; eta: 13m:59s; loss = 0.011475; ['mse_0=0.001254; ', 'lpips_0=0.003323; ', 'codec_recon_0=0.019511; ', 'bpp_0=6.041205; ', 'mse_1=0.001013; ', 'lpips_1=0.002750; ', 'codec_recon_1=0.310427; ', 'bpp_1=0.296687; ', 'mse_2=0.000784; ', 'lpips_2=0.002352; ', 'codec_recon_2=0.079055; ', 'bpp_2=0.274191; ']
train step[1334/2000] ; used: 28m; eta: 13m:58s; loss = 0.015748; ['mse_0=0.001071; ', 'lpips_0=0.004755; ', 'codec_recon_0=0.021057; ', 'bpp_0=6.120876; ', 'mse_1=0.000899; ', 'lpips_1=0.004255; ', 'codec_recon_1=0.306452; ', 'bpp_1=0.295465; ', 'mse_2=0.000823; ', 'lpips_2=0.003946; ', 'codec_recon_2=0.092098; ', 'bpp_2=0.274451; ']
train step[1335/2000] ; used: 28m:1s; eta: 13m:57s; loss = 0.035358; ['mse_0=0.004119; ', 'lpips_0=0.008062; ', 'codec_recon_0=0.022851; ', 'bpp_0=5.982629; ', 'mse_1=0.003920; ', 'lpips_1=0.007696; ', 'codec_recon_1=0.341555; ', 'bpp_1=0.294969; ', 'mse_2=0.003965; ', 'lpips_2=0.007596; ', 'codec_recon_2=0.083073; ', 'bpp_2=0.276311; ']
train step[1336/2000] ; used: 28m:2s; eta: 13m:55s; loss = 0.022031; ['mse_0=0.002233; ', 'lpips_0=0.006102; ', 'codec_recon_0=0.019931; ', 'bpp_0=6.175344; ', 'mse_1=0.001871; ', 'lpips_1=0.005305; ', 'codec_recon_1=0.375006; ', 'bpp_1=0.298218; ', 'mse_2=0.001769; ', 'lpips_2=0.004751; ', 'codec_recon_2=0.084396; ', 'bpp_2=0.280253; ']
train step[1337/2000] ; used: 28m:4s; eta: 13m:54s; loss = 0.014376; ['mse_0=0.000918; ', 'lpips_0=0.004301; ', 'codec_recon_0=0.021163; ', 'bpp_0=6.008950; ', 'mse_1=0.000790; ', 'lpips_1=0.003901; ', 'codec_recon_1=0.279919; ', 'bpp_1=0.294383; ', 'mse_2=0.000753; ', 'lpips_2=0.003712; ', 'codec_recon_2=0.085346; ', 'bpp_2=0.273424; ']
train step[1338/2000] ; used: 28m:5s; eta: 13m:53s; loss = 0.023007; ['mse_0=0.002838; ', 'lpips_0=0.005788; ', 'codec_recon_0=0.025063; ', 'bpp_0=6.214997; ', 'mse_1=0.002625; ', 'lpips_1=0.004961; ', 'codec_recon_1=0.365168; ', 'bpp_1=0.299389; ', 'mse_2=0.002526; ', 'lpips_2=0.004268; ', 'codec_recon_2=0.088422; ', 'bpp_2=0.281258; ']
train step[1339/2000] ; used: 28m:6s; eta: 13m:51s; loss = 0.016826; ['mse_0=0.001751; ', 'lpips_0=0.005392; ', 'codec_recon_0=0.020389; ', 'bpp_0=6.215735; ', 'mse_1=0.001333; ', 'lpips_1=0.004237; ', 'codec_recon_1=0.400593; ', 'bpp_1=0.298946; ', 'mse_2=0.001002; ', 'lpips_2=0.003111; ', 'codec_recon_2=0.087291; ', 'bpp_2=0.280924; ']
train step[1340/2000] ; used: 28m:7s; eta: 13m:50s; loss = 0.013789; ['mse_0=0.000726; ', 'lpips_0=0.004374; ', 'codec_recon_0=0.025720; ', 'bpp_0=5.832862; ', 'mse_1=0.000683; ', 'lpips_1=0.003791; ', 'codec_recon_1=0.284485; ', 'bpp_1=0.288446; ', 'mse_2=0.000629; ', 'lpips_2=0.003587; ', 'codec_recon_2=0.087835; ', 'bpp_2=0.271072; ']
train step[1341/2000] ; used: 28m:8s; eta: 13m:49s; loss = 0.012055; ['mse_0=0.001010; ', 'lpips_0=0.003497; ', 'codec_recon_0=0.020304; ', 'bpp_0=6.008109; ', 'mse_1=0.000893; ', 'lpips_1=0.003021; ', 'codec_recon_1=0.293549; ', 'bpp_1=0.294408; ', 'mse_2=0.000858; ', 'lpips_2=0.002774; ', 'codec_recon_2=0.082657; ', 'bpp_2=0.272136; ']
train step[1342/2000] ; used: 28m:9s; eta: 13m:47s; loss = 0.016363; ['mse_0=0.001404; ', 'lpips_0=0.004987; ', 'codec_recon_0=0.020698; ', 'bpp_0=6.026033; ', 'mse_1=0.001129; ', 'lpips_1=0.004185; ', 'codec_recon_1=0.326171; ', 'bpp_1=0.295698; ', 'mse_2=0.001002; ', 'lpips_2=0.003655; ', 'codec_recon_2=0.081785; ', 'bpp_2=0.275539; ']
train step[1343/2000] ; used: 28m:10s; eta: 13m:46s; loss = 0.013616; ['mse_0=0.000577; ', 'lpips_0=0.004376; ', 'codec_recon_0=0.024843; ', 'bpp_0=5.775559; ', 'mse_1=0.000513; ', 'lpips_1=0.003911; ', 'codec_recon_1=0.285404; ', 'bpp_1=0.287263; ', 'mse_2=0.000479; ', 'lpips_2=0.003761; ', 'codec_recon_2=0.090297; ', 'bpp_2=0.267351; ']
train step[1344/2000] ; used: 28m:11s; eta: 13m:44s; loss = 0.018698; ['mse_0=0.001524; ', 'lpips_0=0.005231; ', 'codec_recon_0=0.021450; ', 'bpp_0=5.890532; ', 'mse_1=0.001288; ', 'lpips_1=0.004786; ', 'codec_recon_1=0.288779; ', 'bpp_1=0.292329; ', 'mse_2=0.001262; ', 'lpips_2=0.004606; ', 'codec_recon_2=0.078189; ', 'bpp_2=0.271544; ']
train step[1345/2000] ; used: 28m:12s; eta: 13m:43s; loss = 0.020992; ['mse_0=0.002264; ', 'lpips_0=0.005793; ', 'codec_recon_0=0.019203; ', 'bpp_0=6.086452; ', 'mse_1=0.001976; ', 'lpips_1=0.004880; ', 'codec_recon_1=0.322632; ', 'bpp_1=0.296473; ', 'mse_2=0.001805; ', 'lpips_2=0.004275; ', 'codec_recon_2=0.084954; ', 'bpp_2=0.275629; ']
train step[1346/2000] ; used: 28m:13s; eta: 13m:42s; loss = 0.024065; ['mse_0=0.003477; ', 'lpips_0=0.006006; ', 'codec_recon_0=0.019305; ', 'bpp_0=6.307998; ', 'mse_1=0.002865; ', 'lpips_1=0.005099; ', 'codec_recon_1=0.359972; ', 'bpp_1=0.303024; ', 'mse_2=0.002302; ', 'lpips_2=0.004315; ', 'codec_recon_2=0.079263; ', 'bpp_2=0.285067; ']
train step[1347/2000] ; used: 28m:14s; eta: 13m:40s; loss = 0.016000; ['mse_0=0.001257; ', 'lpips_0=0.004732; ', 'codec_recon_0=0.021574; ', 'bpp_0=6.050733; ', 'mse_1=0.001025; ', 'lpips_1=0.004240; ', 'codec_recon_1=0.306061; ', 'bpp_1=0.295326; ', 'mse_2=0.000866; ', 'lpips_2=0.003880; ', 'codec_recon_2=0.081127; ', 'bpp_2=0.276047; ']
train step[1348/2000] ; used: 28m:15s; eta: 13m:39s; loss = 0.021892; ['mse_0=0.002973; ', 'lpips_0=0.005155; ', 'codec_recon_0=0.020600; ', 'bpp_0=6.053230; ', 'mse_1=0.002767; ', 'lpips_1=0.004423; ', 'codec_recon_1=0.333099; ', 'bpp_1=0.296207; ', 'mse_2=0.002726; ', 'lpips_2=0.003847; ', 'codec_recon_2=0.088727; ', 'bpp_2=0.274415; ']
train step[1349/2000] ; used: 28m:16s; eta: 13m:38s; loss = 0.013393; ['mse_0=0.001600; ', 'lpips_0=0.004160; ', 'codec_recon_0=0.018462; ', 'bpp_0=6.280407; ', 'mse_1=0.001224; ', 'lpips_1=0.003259; ', 'codec_recon_1=0.351061; ', 'bpp_1=0.300352; ', 'mse_2=0.000842; ', 'lpips_2=0.002308; ', 'codec_recon_2=0.084688; ', 'bpp_2=0.281168; ']
train step[1350/2000] ; used: 28m:17s; eta: 13m:36s; loss = 0.011940; ['mse_0=0.001046; ', 'lpips_0=0.003764; ', 'codec_recon_0=0.019475; ', 'bpp_0=6.134341; ', 'mse_1=0.000828; ', 'lpips_1=0.003013; ', 'codec_recon_1=0.324208; ', 'bpp_1=0.298055; ', 'mse_2=0.000711; ', 'lpips_2=0.002578; ', 'codec_recon_2=0.083798; ', 'bpp_2=0.276947; ']
train step[1351/2000] ; used: 28m:18s; eta: 13m:35s; loss = 0.022236; ['mse_0=0.002557; ', 'lpips_0=0.005354; ', 'codec_recon_0=0.032135; ', 'bpp_0=5.861782; ', 'mse_1=0.002434; ', 'lpips_1=0.004836; ', 'codec_recon_1=0.292989; ', 'bpp_1=0.291785; ', 'mse_2=0.002414; ', 'lpips_2=0.004642; ', 'codec_recon_2=0.104021; ', 'bpp_2=0.269545; ']
train step[1352/2000] ; used: 28m:19s; eta: 13m:34s; loss = 0.016900; ['mse_0=0.001448; ', 'lpips_0=0.005280; ', 'codec_recon_0=0.019608; ', 'bpp_0=6.140089; ', 'mse_1=0.001184; ', 'lpips_1=0.004395; ', 'codec_recon_1=0.383753; ', 'bpp_1=0.298310; ', 'mse_2=0.000924; ', 'lpips_2=0.003669; ', 'codec_recon_2=0.079964; ', 'bpp_2=0.279004; ']
train step[1353/2000] ; used: 28m:20s; eta: 13m:32s; loss = 0.015050; ['mse_0=0.001112; ', 'lpips_0=0.004537; ', 'codec_recon_0=0.031886; ', 'bpp_0=5.673052; ', 'mse_1=0.001002; ', 'lpips_1=0.003886; ', 'codec_recon_1=0.286050; ', 'bpp_1=0.285396; ', 'mse_2=0.000932; ', 'lpips_2=0.003582; ', 'codec_recon_2=0.088141; ', 'bpp_2=0.265944; ']
train step[1354/2000] ; used: 28m:21s; eta: 13m:31s; loss = 0.011105; ['mse_0=0.000333; ', 'lpips_0=0.003924; ', 'codec_recon_0=0.020023; ', 'bpp_0=5.898794; ', 'mse_1=0.000253; ', 'lpips_1=0.003310; ', 'codec_recon_1=0.291649; ', 'bpp_1=0.291180; ', 'mse_2=0.000213; ', 'lpips_2=0.003071; ', 'codec_recon_2=0.082347; ', 'bpp_2=0.269553; ']
train step[1355/2000] ; used: 28m:23s; eta: 13m:30s; loss = 0.013050; ['mse_0=0.001108; ', 'lpips_0=0.003903; ', 'codec_recon_0=0.019280; ', 'bpp_0=6.080163; ', 'mse_1=0.000881; ', 'lpips_1=0.003375; ', 'codec_recon_1=0.321220; ', 'bpp_1=0.295214; ', 'mse_2=0.000765; ', 'lpips_2=0.003018; ', 'codec_recon_2=0.079543; ', 'bpp_2=0.274970; ']
train step[1356/2000] ; used: 28m:24s; eta: 13m:28s; loss = 0.017094; ['mse_0=0.001061; ', 'lpips_0=0.005147; ', 'codec_recon_0=0.022520; ', 'bpp_0=5.674205; ', 'mse_1=0.000987; ', 'lpips_1=0.004527; ', 'codec_recon_1=0.269402; ', 'bpp_1=0.287252; ', 'mse_2=0.000992; ', 'lpips_2=0.004380; ', 'codec_recon_2=0.072031; ', 'bpp_2=0.268642; ']
train step[1357/2000] ; used: 28m:25s; eta: 13m:27s; loss = 0.016700; ['mse_0=0.001603; ', 'lpips_0=0.004767; ', 'codec_recon_0=0.025571; ', 'bpp_0=5.861518; ', 'mse_1=0.001351; ', 'lpips_1=0.004004; ', 'codec_recon_1=0.279959; ', 'bpp_1=0.290151; ', 'mse_2=0.001268; ', 'lpips_2=0.003708; ', 'codec_recon_2=0.087902; ', 'bpp_2=0.269855; ']
train step[1358/2000] ; used: 28m:26s; eta: 13m:26s; loss = 0.014238; ['mse_0=0.002124; ', 'lpips_0=0.003551; ', 'codec_recon_0=0.021082; ', 'bpp_0=6.155932; ', 'mse_1=0.001811; ', 'lpips_1=0.002798; ', 'codec_recon_1=0.313188; ', 'bpp_1=0.297973; ', 'mse_2=0.001637; ', 'lpips_2=0.002316; ', 'codec_recon_2=0.080656; ', 'bpp_2=0.278073; ']
train step[1359/2000] ; used: 28m:27s; eta: 13m:24s; loss = 0.010295; ['mse_0=0.000404; ', 'lpips_0=0.003552; ', 'codec_recon_0=0.021557; ', 'bpp_0=5.726089; ', 'mse_1=0.000318; ', 'lpips_1=0.003002; ', 'codec_recon_1=0.281046; ', 'bpp_1=0.288170; ', 'mse_2=0.000265; ', 'lpips_2=0.002753; ', 'codec_recon_2=0.080554; ', 'bpp_2=0.268185; ']
train step[1360/2000] ; used: 28m:28s; eta: 13m:23s; loss = 0.018585; ['mse_0=0.002489; ', 'lpips_0=0.004404; ', 'codec_recon_0=0.019529; ', 'bpp_0=6.153922; ', 'mse_1=0.002273; ', 'lpips_1=0.003826; ', 'codec_recon_1=0.324182; ', 'bpp_1=0.297785; ', 'mse_2=0.002162; ', 'lpips_2=0.003431; ', 'codec_recon_2=0.079942; ', 'bpp_2=0.276681; ']
train step[1361/2000] ; used: 28m:29s; eta: 13m:21s; loss = 0.018313; ['mse_0=0.001210; ', 'lpips_0=0.005465; ', 'codec_recon_0=0.020520; ', 'bpp_0=6.186675; ', 'mse_1=0.001052; ', 'lpips_1=0.004895; ', 'codec_recon_1=0.287177; ', 'bpp_1=0.297237; ', 'mse_2=0.001041; ', 'lpips_2=0.004650; ', 'codec_recon_2=0.093198; ', 'bpp_2=0.277526; ']
train step[1362/2000] ; used: 28m:30s; eta: 13m:20s; loss = 0.011769; ['mse_0=0.000835; ', 'lpips_0=0.003711; ', 'codec_recon_0=0.018592; ', 'bpp_0=5.985403; ', 'mse_1=0.000676; ', 'lpips_1=0.003172; ', 'codec_recon_1=0.301073; ', 'bpp_1=0.294074; ', 'mse_2=0.000581; ', 'lpips_2=0.002795; ', 'codec_recon_2=0.083275; ', 'bpp_2=0.270658; ']
train step[1363/2000] ; used: 28m:31s; eta: 13m:19s; loss = 0.011221; ['mse_0=0.000820; ', 'lpips_0=0.003777; ', 'codec_recon_0=0.019839; ', 'bpp_0=6.199497; ', 'mse_1=0.000585; ', 'lpips_1=0.003021; ', 'codec_recon_1=0.337847; ', 'bpp_1=0.299023; ', 'mse_2=0.000403; ', 'lpips_2=0.002615; ', 'codec_recon_2=0.088308; ', 'bpp_2=0.278762; ']
train step[1364/2000] ; used: 28m:32s; eta: 13m:17s; loss = 0.007883; ['mse_0=0.000443; ', 'lpips_0=0.002796; ', 'codec_recon_0=0.018693; ', 'bpp_0=6.027030; ', 'mse_1=0.000327; ', 'lpips_1=0.002231; ', 'codec_recon_1=0.302227; ', 'bpp_1=0.294650; ', 'mse_2=0.000228; ', 'lpips_2=0.001858; ', 'codec_recon_2=0.086652; ', 'bpp_2=0.272352; ']
train step[1365/2000] ; used: 28m:33s; eta: 13m:16s; loss = 0.011911; ['mse_0=0.001195; ', 'lpips_0=0.003513; ', 'codec_recon_0=0.025221; ', 'bpp_0=5.863984; ', 'mse_1=0.000970; ', 'lpips_1=0.002848; ', 'codec_recon_1=0.295196; ', 'bpp_1=0.293303; ', 'mse_2=0.000850; ', 'lpips_2=0.002534; ', 'codec_recon_2=0.089871; ', 'bpp_2=0.271770; ']
train step[1366/2000] ; used: 28m:34s; eta: 13m:15s; loss = 0.024993; ['mse_0=0.003283; ', 'lpips_0=0.005753; ', 'codec_recon_0=0.019103; ', 'bpp_0=6.130648; ', 'mse_1=0.003118; ', 'lpips_1=0.004994; ', 'codec_recon_1=0.336160; ', 'bpp_1=0.299194; ', 'mse_2=0.003177; ', 'lpips_2=0.004668; ', 'codec_recon_2=0.087046; ', 'bpp_2=0.278458; ']
train step[1367/2000] ; used: 28m:35s; eta: 13m:13s; loss = 0.012500; ['mse_0=0.001292; ', 'lpips_0=0.004143; ', 'codec_recon_0=0.019307; ', 'bpp_0=6.157633; ', 'mse_1=0.000977; ', 'lpips_1=0.003190; ', 'codec_recon_1=0.375431; ', 'bpp_1=0.298588; ', 'mse_2=0.000596; ', 'lpips_2=0.002301; ', 'codec_recon_2=0.081962; ', 'bpp_2=0.280482; ']
train step[1368/2000] ; used: 28m:36s; eta: 13m:12s; loss = 0.011204; ['mse_0=0.000530; ', 'lpips_0=0.003897; ', 'codec_recon_0=0.021130; ', 'bpp_0=6.071358; ', 'mse_1=0.000419; ', 'lpips_1=0.003255; ', 'codec_recon_1=0.328049; ', 'bpp_1=0.295367; ', 'mse_2=0.000346; ', 'lpips_2=0.002757; ', 'codec_recon_2=0.093002; ', 'bpp_2=0.274623; ']
train step[1369/2000] ; used: 28m:37s; eta: 13m:11s; loss = 0.011267; ['mse_0=0.001051; ', 'lpips_0=0.003279; ', 'codec_recon_0=0.018833; ', 'bpp_0=5.941542; ', 'mse_1=0.000785; ', 'lpips_1=0.002839; ', 'codec_recon_1=0.279505; ', 'bpp_1=0.293631; ', 'mse_2=0.000676; ', 'lpips_2=0.002636; ', 'codec_recon_2=0.072573; ', 'bpp_2=0.273044; ']
train step[1370/2000] ; used: 28m:39s; eta: 13m:10s; loss = 0.010902; ['mse_0=0.000650; ', 'lpips_0=0.003535; ', 'codec_recon_0=0.021473; ', 'bpp_0=5.941787; ', 'mse_1=0.000541; ', 'lpips_1=0.002949; ', 'codec_recon_1=0.255510; ', 'bpp_1=0.290633; ', 'mse_2=0.000487; ', 'lpips_2=0.002740; ', 'codec_recon_2=0.083524; ', 'bpp_2=0.269503; ']
train step[1371/2000] ; used: 28m:40s; eta: 13m:8s; loss = 0.015145; ['mse_0=0.001659; ', 'lpips_0=0.004359; ', 'codec_recon_0=0.021469; ', 'bpp_0=6.231376; ', 'mse_1=0.001410; ', 'lpips_1=0.003507; ', 'codec_recon_1=0.368508; ', 'bpp_1=0.300644; ', 'mse_2=0.001286; ', 'lpips_2=0.002924; ', 'codec_recon_2=0.093911; ', 'bpp_2=0.281015; ']
train step[1372/2000] ; used: 28m:41s; eta: 13m:7s; loss = 0.022613; ['mse_0=0.002284; ', 'lpips_0=0.006006; ', 'codec_recon_0=0.021838; ', 'bpp_0=5.838162; ', 'mse_1=0.002015; ', 'lpips_1=0.005336; ', 'codec_recon_1=0.287086; ', 'bpp_1=0.291103; ', 'mse_2=0.001965; ', 'lpips_2=0.005009; ', 'codec_recon_2=0.080699; ', 'bpp_2=0.269431; ']
train step[1373/2000] ; used: 28m:42s; eta: 13m:6s; loss = 0.012418; ['mse_0=0.001005; ', 'lpips_0=0.003856; ', 'codec_recon_0=0.021082; ', 'bpp_0=6.017327; ', 'mse_1=0.000802; ', 'lpips_1=0.003201; ', 'codec_recon_1=0.293120; ', 'bpp_1=0.294439; ', 'mse_2=0.000698; ', 'lpips_2=0.002856; ', 'codec_recon_2=0.087464; ', 'bpp_2=0.272264; ']
train step[1374/2000] ; used: 28m:43s; eta: 13m:4s; loss = 0.013296; ['mse_0=0.001311; ', 'lpips_0=0.003674; ', 'codec_recon_0=0.020623; ', 'bpp_0=6.036805; ', 'mse_1=0.001161; ', 'lpips_1=0.003152; ', 'codec_recon_1=0.275662; ', 'bpp_1=0.293894; ', 'mse_2=0.001110; ', 'lpips_2=0.002888; ', 'codec_recon_2=0.080176; ', 'bpp_2=0.270626; ']
train step[1375/2000] ; used: 28m:44s; eta: 13m:3s; loss = 0.026400; ['mse_0=0.002464; ', 'lpips_0=0.007421; ', 'codec_recon_0=0.022190; ', 'bpp_0=6.112103; ', 'mse_1=0.002131; ', 'lpips_1=0.006545; ', 'codec_recon_1=0.360739; ', 'bpp_1=0.296559; ', 'mse_2=0.001929; ', 'lpips_2=0.005909; ', 'codec_recon_2=0.089383; ', 'bpp_2=0.280440; ']
train step[1376/2000] ; used: 28m:45s; eta: 13m:2s; loss = 0.022239; ['mse_0=0.001808; ', 'lpips_0=0.006199; ', 'codec_recon_0=0.024480; ', 'bpp_0=5.793657; ', 'mse_1=0.001560; ', 'lpips_1=0.005674; ', 'codec_recon_1=0.282487; ', 'bpp_1=0.289912; ', 'mse_2=0.001499; ', 'lpips_2=0.005499; ', 'codec_recon_2=0.084313; ', 'bpp_2=0.270543; ']
train step[1377/2000] ; used: 28m:47s; eta: 13m; loss = 0.011728; ['mse_0=0.000971; ', 'lpips_0=0.003644; ', 'codec_recon_0=0.019200; ', 'bpp_0=6.109668; ', 'mse_1=0.000776; ', 'lpips_1=0.003044; ', 'codec_recon_1=0.301343; ', 'bpp_1=0.296600; ', 'mse_2=0.000682; ', 'lpips_2=0.002610; ', 'codec_recon_2=0.082258; ', 'bpp_2=0.275576; ']
train step[1378/2000] ; used: 28m:48s; eta: 12m:59s; loss = 0.011702; ['mse_0=0.000977; ', 'lpips_0=0.003741; ', 'codec_recon_0=0.020478; ', 'bpp_0=5.990278; ', 'mse_1=0.000743; ', 'lpips_1=0.003009; ', 'codec_recon_1=0.311093; ', 'bpp_1=0.294749; ', 'mse_2=0.000613; ', 'lpips_2=0.002618; ', 'codec_recon_2=0.075416; ', 'bpp_2=0.272004; ']
train step[1379/2000] ; used: 28m:49s; eta: 12m:58s; loss = 0.008558; ['mse_0=0.000696; ', 'lpips_0=0.002799; ', 'codec_recon_0=0.018410; ', 'bpp_0=5.965822; ', 'mse_1=0.000494; ', 'lpips_1=0.002249; ', 'codec_recon_1=0.281912; ', 'bpp_1=0.294193; ', 'mse_2=0.000370; ', 'lpips_2=0.001950; ', 'codec_recon_2=0.073002; ', 'bpp_2=0.271862; ']
train step[1380/2000] ; used: 28m:50s; eta: 12m:56s; loss = 0.021696; ['mse_0=0.001655; ', 'lpips_0=0.006113; ', 'codec_recon_0=0.029773; ', 'bpp_0=5.850898; ', 'mse_1=0.001447; ', 'lpips_1=0.005604; ', 'codec_recon_1=0.286204; ', 'bpp_1=0.288045; ', 'mse_2=0.001434; ', 'lpips_2=0.005443; ', 'codec_recon_2=0.103305; ', 'bpp_2=0.268968; ']
train step[1381/2000] ; used: 28m:51s; eta: 12m:55s; loss = 0.012009; ['mse_0=0.000488; ', 'lpips_0=0.003985; ', 'codec_recon_0=0.022422; ', 'bpp_0=5.767591; ', 'mse_1=0.000385; ', 'lpips_1=0.003505; ', 'codec_recon_1=0.275574; ', 'bpp_1=0.287816; ', 'mse_2=0.000351; ', 'lpips_2=0.003294; ', 'codec_recon_2=0.077078; ', 'bpp_2=0.267689; ']
train step[1382/2000] ; used: 28m:52s; eta: 12m:54s; loss = 0.015452; ['mse_0=0.001271; ', 'lpips_0=0.004429; ', 'codec_recon_0=0.020539; ', 'bpp_0=5.882461; ', 'mse_1=0.001152; ', 'lpips_1=0.003909; ', 'codec_recon_1=0.273765; ', 'bpp_1=0.291110; ', 'mse_2=0.001106; ', 'lpips_2=0.003585; ', 'codec_recon_2=0.081490; ', 'bpp_2=0.268672; ']
train step[1383/2000] ; used: 28m:53s; eta: 12m:52s; loss = 0.019748; ['mse_0=0.002124; ', 'lpips_0=0.005088; ', 'codec_recon_0=0.034926; ', 'bpp_0=5.697863; ', 'mse_1=0.001934; ', 'lpips_1=0.004480; ', 'codec_recon_1=0.303564; ', 'bpp_1=0.289616; ', 'mse_2=0.001906; ', 'lpips_2=0.004215; ', 'codec_recon_2=0.101923; ', 'bpp_2=0.265843; ']
train step[1384/2000] ; used: 28m:54s; eta: 12m:51s; loss = 0.015246; ['mse_0=0.002060; ', 'lpips_0=0.003987; ', 'codec_recon_0=0.020101; ', 'bpp_0=5.933718; ', 'mse_1=0.001632; ', 'lpips_1=0.003318; ', 'codec_recon_1=0.319171; ', 'bpp_1=0.293470; ', 'mse_2=0.001450; ', 'lpips_2=0.002799; ', 'codec_recon_2=0.081961; ', 'bpp_2=0.269697; ']
train step[1385/2000] ; used: 28m:55s; eta: 12m:50s; loss = 0.012016; ['mse_0=0.000843; ', 'lpips_0=0.004129; ', 'codec_recon_0=0.019397; ', 'bpp_0=6.137810; ', 'mse_1=0.000604; ', 'lpips_1=0.003255; ', 'codec_recon_1=0.333889; ', 'bpp_1=0.297503; ', 'mse_2=0.000458; ', 'lpips_2=0.002728; ', 'codec_recon_2=0.084301; ', 'bpp_2=0.275366; ']
train step[1386/2000] ; used: 28m:56s; eta: 12m:48s; loss = 0.012810; ['mse_0=0.001005; ', 'lpips_0=0.004048; ', 'codec_recon_0=0.020007; ', 'bpp_0=5.914524; ', 'mse_1=0.000780; ', 'lpips_1=0.003408; ', 'codec_recon_1=0.307554; ', 'bpp_1=0.290987; ', 'mse_2=0.000542; ', 'lpips_2=0.003026; ', 'codec_recon_2=0.073160; ', 'bpp_2=0.268994; ']
train step[1387/2000] ; used: 28m:57s; eta: 12m:47s; loss = 0.013683; ['mse_0=0.001139; ', 'lpips_0=0.004033; ', 'codec_recon_0=0.019348; ', 'bpp_0=5.940805; ', 'mse_1=0.000967; ', 'lpips_1=0.003469; ', 'codec_recon_1=0.304211; ', 'bpp_1=0.293009; ', 'mse_2=0.000877; ', 'lpips_2=0.003198; ', 'codec_recon_2=0.077803; ', 'bpp_2=0.271242; ']
train step[1388/2000] ; used: 28m:58s; eta: 12m:46s; loss = 0.047924; ['mse_0=0.006683; ', 'lpips_0=0.009526; ', 'codec_recon_0=0.026103; ', 'bpp_0=5.797935; ', 'mse_1=0.006760; ', 'lpips_1=0.009154; ', 'codec_recon_1=0.281696; ', 'bpp_1=0.290606; ', 'mse_2=0.006793; ', 'lpips_2=0.009009; ', 'codec_recon_2=0.086437; ', 'bpp_2=0.271242; ']
train step[1389/2000] ; used: 28m:59s; eta: 12m:44s; loss = 0.016218; ['mse_0=0.001726; ', 'lpips_0=0.004529; ', 'codec_recon_0=0.023007; ', 'bpp_0=6.082598; ', 'mse_1=0.001526; ', 'lpips_1=0.003773; ', 'codec_recon_1=0.301917; ', 'bpp_1=0.295227; ', 'mse_2=0.001441; ', 'lpips_2=0.003222; ', 'codec_recon_2=0.096050; ', 'bpp_2=0.273822; ']
train step[1390/2000] ; used: 29m; eta: 12m:43s; loss = 0.025780; ['mse_0=0.003636; ', 'lpips_0=0.006270; ', 'codec_recon_0=0.020833; ', 'bpp_0=6.232202; ', 'mse_1=0.003113; ', 'lpips_1=0.005392; ', 'codec_recon_1=0.365983; ', 'bpp_1=0.299843; ', 'mse_2=0.002705; ', 'lpips_2=0.004663; ', 'codec_recon_2=0.078726; ', 'bpp_2=0.280730; ']
train step[1391/2000] ; used: 29m:1s; eta: 12m:42s; loss = 0.017118; ['mse_0=0.001963; ', 'lpips_0=0.004984; ', 'codec_recon_0=0.019198; ', 'bpp_0=6.125922; ', 'mse_1=0.001583; ', 'lpips_1=0.004157; ', 'codec_recon_1=0.401374; ', 'bpp_1=0.297920; ', 'mse_2=0.001203; ', 'lpips_2=0.003227; ', 'codec_recon_2=0.079818; ', 'bpp_2=0.279177; ']
train step[1392/2000] ; used: 29m:2s; eta: 12m:40s; loss = 0.008999; ['mse_0=0.000439; ', 'lpips_0=0.003218; ', 'codec_recon_0=0.021626; ', 'bpp_0=5.875599; ', 'mse_1=0.000309; ', 'lpips_1=0.002548; ', 'codec_recon_1=0.291991; ', 'bpp_1=0.291211; ', 'mse_2=0.000241; ', 'lpips_2=0.002245; ', 'codec_recon_2=0.081737; ', 'bpp_2=0.269764; ']
train step[1393/2000] ; used: 29m:3s; eta: 12m:39s; loss = 0.017664; ['mse_0=0.000909; ', 'lpips_0=0.005539; ', 'codec_recon_0=0.022932; ', 'bpp_0=5.929652; ', 'mse_1=0.000857; ', 'lpips_1=0.004900; ', 'codec_recon_1=0.321015; ', 'bpp_1=0.293014; ', 'mse_2=0.000876; ', 'lpips_2=0.004584; ', 'codec_recon_2=0.088170; ', 'bpp_2=0.272363; ']
train step[1394/2000] ; used: 29m:4s; eta: 12m:38s; loss = 0.011087; ['mse_0=0.000990; ', 'lpips_0=0.003801; ', 'codec_recon_0=0.019299; ', 'bpp_0=6.228673; ', 'mse_1=0.000744; ', 'lpips_1=0.002933; ', 'codec_recon_1=0.356129; ', 'bpp_1=0.299022; ', 'mse_2=0.000471; ', 'lpips_2=0.002148; ', 'codec_recon_2=0.091049; ', 'bpp_2=0.278406; ']
train step[1395/2000] ; used: 29m:6s; eta: 12m:36s; loss = 0.018162; ['mse_0=0.002031; ', 'lpips_0=0.005064; ', 'codec_recon_0=0.030666; ', 'bpp_0=6.116379; ', 'mse_1=0.001713; ', 'lpips_1=0.004262; ', 'codec_recon_1=0.351810; ', 'bpp_1=0.297375; ', 'mse_2=0.001532; ', 'lpips_2=0.003559; ', 'codec_recon_2=0.101524; ', 'bpp_2=0.276801; ']
train step[1396/2000] ; used: 29m:7s; eta: 12m:35s; loss = 0.010557; ['mse_0=0.000546; ', 'lpips_0=0.003563; ', 'codec_recon_0=0.027541; ', 'bpp_0=5.955510; ', 'mse_1=0.000451; ', 'lpips_1=0.002949; ', 'codec_recon_1=0.283473; ', 'bpp_1=0.291117; ', 'mse_2=0.000391; ', 'lpips_2=0.002657; ', 'codec_recon_2=0.087572; ', 'bpp_2=0.269447; ']
train step[1397/2000] ; used: 29m:8s; eta: 12m:34s; loss = 0.013381; ['mse_0=0.001399; ', 'lpips_0=0.003865; ', 'codec_recon_0=0.020510; ', 'bpp_0=5.853561; ', 'mse_1=0.001117; ', 'lpips_1=0.003186; ', 'codec_recon_1=0.320944; ', 'bpp_1=0.292510; ', 'mse_2=0.001009; ', 'lpips_2=0.002805; ', 'codec_recon_2=0.076096; ', 'bpp_2=0.268493; ']
train step[1398/2000] ; used: 29m:9s; eta: 12m:32s; loss = 0.020100; ['mse_0=0.002739; ', 'lpips_0=0.004772; ', 'codec_recon_0=0.033396; ', 'bpp_0=6.139842; ', 'mse_1=0.002421; ', 'lpips_1=0.004294; ', 'codec_recon_1=0.335491; ', 'bpp_1=0.298398; ', 'mse_2=0.002183; ', 'lpips_2=0.003689; ', 'codec_recon_2=0.096322; ', 'bpp_2=0.276872; ']
train step[1399/2000] ; used: 29m:10s; eta: 12m:31s; loss = 0.016215; ['mse_0=0.001675; ', 'lpips_0=0.004848; ', 'codec_recon_0=0.021672; ', 'bpp_0=6.275035; ', 'mse_1=0.001410; ', 'lpips_1=0.003986; ', 'codec_recon_1=0.358874; ', 'bpp_1=0.300632; ', 'mse_2=0.001032; ', 'lpips_2=0.003265; ', 'codec_recon_2=0.084633; ', 'bpp_2=0.281524; ']
train step[1400/2000] ; used: 29m:11s; eta: 12m:30s; loss = 0.012012; ['mse_0=0.000674; ', 'lpips_0=0.004076; ', 'codec_recon_0=0.020687; ', 'bpp_0=5.811674; ', 'mse_1=0.000478; ', 'lpips_1=0.003421; ', 'codec_recon_1=0.313672; ', 'bpp_1=0.290911; ', 'mse_2=0.000356; ', 'lpips_2=0.003007; ', 'codec_recon_2=0.076602; ', 'bpp_2=0.268051; ']
train step[1401/2000] ; used: 29m:12s; eta: 12m:28s; loss = 0.013355; ['mse_0=0.001288; ', 'lpips_0=0.003893; ', 'codec_recon_0=0.023783; ', 'bpp_0=5.989293; ', 'mse_1=0.001057; ', 'lpips_1=0.003299; ', 'codec_recon_1=0.305936; ', 'bpp_1=0.294645; ', 'mse_2=0.000904; ', 'lpips_2=0.002913; ', 'codec_recon_2=0.084281; ', 'bpp_2=0.274153; ']
train step[1402/2000] ; used: 29m:13s; eta: 12m:27s; loss = 0.011431; ['mse_0=0.000701; ', 'lpips_0=0.003790; ', 'codec_recon_0=0.023364; ', 'bpp_0=5.804599; ', 'mse_1=0.000530; ', 'lpips_1=0.003206; ', 'codec_recon_1=0.313018; ', 'bpp_1=0.290385; ', 'mse_2=0.000402; ', 'lpips_2=0.002803; ', 'codec_recon_2=0.077743; ', 'bpp_2=0.269356; ']
train step[1403/2000] ; used: 29m:14s; eta: 12m:26s; loss = 0.012313; ['mse_0=0.001360; ', 'lpips_0=0.003773; ', 'codec_recon_0=0.023137; ', 'bpp_0=6.032712; ', 'mse_1=0.001111; ', 'lpips_1=0.003124; ', 'codec_recon_1=0.377450; ', 'bpp_1=0.295464; ', 'mse_2=0.000730; ', 'lpips_2=0.002215; ', 'codec_recon_2=0.078585; ', 'bpp_2=0.274601; ']
train step[1404/2000] ; used: 29m:15s; eta: 12m:24s; loss = 0.023817; ['mse_0=0.002229; ', 'lpips_0=0.006751; ', 'codec_recon_0=0.022939; ', 'bpp_0=6.023193; ', 'mse_1=0.001844; ', 'lpips_1=0.005912; ', 'codec_recon_1=0.342718; ', 'bpp_1=0.295256; ', 'mse_2=0.001645; ', 'lpips_2=0.005436; ', 'codec_recon_2=0.091271; ', 'bpp_2=0.272522; ']
train step[1405/2000] ; used: 29m:16s; eta: 12m:23s; loss = 0.010993; ['mse_0=0.000766; ', 'lpips_0=0.003609; ', 'codec_recon_0=0.020328; ', 'bpp_0=6.022920; ', 'mse_1=0.000556; ', 'lpips_1=0.003033; ', 'codec_recon_1=0.318967; ', 'bpp_1=0.293916; ', 'mse_2=0.000410; ', 'lpips_2=0.002618; ', 'codec_recon_2=0.079402; ', 'bpp_2=0.272967; ']
train step[1406/2000] ; used: 29m:17s; eta: 12m:22s; loss = 0.019016; ['mse_0=0.001469; ', 'lpips_0=0.005717; ', 'codec_recon_0=0.021299; ', 'bpp_0=6.068573; ', 'mse_1=0.001280; ', 'lpips_1=0.004926; ', 'codec_recon_1=0.329057; ', 'bpp_1=0.296316; ', 'mse_2=0.001182; ', 'lpips_2=0.004442; ', 'codec_recon_2=0.081881; ', 'bpp_2=0.276616; ']
train step[1407/2000] ; used: 29m:18s; eta: 12m:20s; loss = 0.013849; ['mse_0=0.000786; ', 'lpips_0=0.004343; ', 'codec_recon_0=0.024519; ', 'bpp_0=5.839693; ', 'mse_1=0.000683; ', 'lpips_1=0.003782; ', 'codec_recon_1=0.276265; ', 'bpp_1=0.290434; ', 'mse_2=0.000653; ', 'lpips_2=0.003603; ', 'codec_recon_2=0.079869; ', 'bpp_2=0.268449; ']
train step[1408/2000] ; used: 29m:19s; eta: 12m:19s; loss = 0.014521; ['mse_0=0.001826; ', 'lpips_0=0.004011; ', 'codec_recon_0=0.021238; ', 'bpp_0=6.003538; ', 'mse_1=0.001459; ', 'lpips_1=0.003331; ', 'codec_recon_1=0.362750; ', 'bpp_1=0.295628; ', 'mse_2=0.001214; ', 'lpips_2=0.002680; ', 'codec_recon_2=0.077937; ', 'bpp_2=0.272981; ']
train step[1409/2000] ; used: 29m:20s; eta: 12m:18s; loss = 0.017802; ['mse_0=0.001474; ', 'lpips_0=0.005294; ', 'codec_recon_0=0.022323; ', 'bpp_0=5.987504; ', 'mse_1=0.001402; ', 'lpips_1=0.004537; ', 'codec_recon_1=0.357489; ', 'bpp_1=0.293145; ', 'mse_2=0.001277; ', 'lpips_2=0.003817; ', 'codec_recon_2=0.096665; ', 'bpp_2=0.272194; ']
train step[1410/2000] ; used: 29m:21s; eta: 12m:16s; loss = 0.019563; ['mse_0=0.001889; ', 'lpips_0=0.005266; ', 'codec_recon_0=0.023444; ', 'bpp_0=5.970746; ', 'mse_1=0.001725; ', 'lpips_1=0.004623; ', 'codec_recon_1=0.291575; ', 'bpp_1=0.292056; ', 'mse_2=0.001673; ', 'lpips_2=0.004387; ', 'codec_recon_2=0.079872; ', 'bpp_2=0.272370; ']
train step[1411/2000] ; used: 29m:22s; eta: 12m:15s; loss = 0.026130; ['mse_0=0.003543; ', 'lpips_0=0.005996; ', 'codec_recon_0=0.023893; ', 'bpp_0=5.843063; ', 'mse_1=0.003244; ', 'lpips_1=0.005255; ', 'codec_recon_1=0.275308; ', 'bpp_1=0.290349; ', 'mse_2=0.003186; ', 'lpips_2=0.004906; ', 'codec_recon_2=0.078415; ', 'bpp_2=0.268964; ']
train step[1412/2000] ; used: 29m:24s; eta: 12m:14s; loss = 0.011869; ['mse_0=0.001049; ', 'lpips_0=0.003615; ', 'codec_recon_0=0.025677; ', 'bpp_0=6.094808; ', 'mse_1=0.000897; ', 'lpips_1=0.002925; ', 'codec_recon_1=0.315059; ', 'bpp_1=0.296226; ', 'mse_2=0.000807; ', 'lpips_2=0.002576; ', 'codec_recon_2=0.091494; ', 'bpp_2=0.274597; ']
train step[1413/2000] ; used: 29m:25s; eta: 12m:12s; loss = 0.014554; ['mse_0=0.001130; ', 'lpips_0=0.004310; ', 'codec_recon_0=0.022373; ', 'bpp_0=5.914478; ', 'mse_1=0.000995; ', 'lpips_1=0.003731; ', 'codec_recon_1=0.298439; ', 'bpp_1=0.291369; ', 'mse_2=0.000945; ', 'lpips_2=0.003442; ', 'codec_recon_2=0.082384; ', 'bpp_2=0.271773; ']
train step[1414/2000] ; used: 29m:26s; eta: 12m:11s; loss = 0.012102; ['mse_0=0.001208; ', 'lpips_0=0.003582; ', 'codec_recon_0=0.019776; ', 'bpp_0=5.979417; ', 'mse_1=0.000969; ', 'lpips_1=0.002952; ', 'codec_recon_1=0.304104; ', 'bpp_1=0.293962; ', 'mse_2=0.000814; ', 'lpips_2=0.002577; ', 'codec_recon_2=0.076743; ', 'bpp_2=0.271895; ']
train step[1415/2000] ; used: 29m:27s; eta: 12m:10s; loss = 0.012900; ['mse_0=0.000898; ', 'lpips_0=0.004245; ', 'codec_recon_0=0.021833; ', 'bpp_0=6.024525; ', 'mse_1=0.000688; ', 'lpips_1=0.003488; ', 'codec_recon_1=0.322855; ', 'bpp_1=0.293249; ', 'mse_2=0.000549; ', 'lpips_2=0.003033; ', 'codec_recon_2=0.090516; ', 'bpp_2=0.271677; ']
train step[1416/2000] ; used: 29m:28s; eta: 12m:8s; loss = 0.018613; ['mse_0=0.002072; ', 'lpips_0=0.005317; ', 'codec_recon_0=0.021154; ', 'bpp_0=6.272381; ', 'mse_1=0.001726; ', 'lpips_1=0.004350; ', 'codec_recon_1=0.377033; ', 'bpp_1=0.299490; ', 'mse_2=0.001487; ', 'lpips_2=0.003661; ', 'codec_recon_2=0.083767; ', 'bpp_2=0.279594; ']
train step[1417/2000] ; used: 29m:29s; eta: 12m:7s; loss = 0.022271; ['mse_0=0.002485; ', 'lpips_0=0.005911; ', 'codec_recon_0=0.024007; ', 'bpp_0=5.996090; ', 'mse_1=0.002220; ', 'lpips_1=0.005109; ', 'codec_recon_1=0.344698; ', 'bpp_1=0.293767; ', 'mse_2=0.002032; ', 'lpips_2=0.004515; ', 'codec_recon_2=0.086618; ', 'bpp_2=0.274695; ']
train step[1418/2000] ; used: 29m:30s; eta: 12m:6s; loss = 0.012592; ['mse_0=0.000486; ', 'lpips_0=0.004146; ', 'codec_recon_0=0.024086; ', 'bpp_0=5.860393; ', 'mse_1=0.000427; ', 'lpips_1=0.003670; ', 'codec_recon_1=0.273963; ', 'bpp_1=0.290123; ', 'mse_2=0.000390; ', 'lpips_2=0.003472; ', 'codec_recon_2=0.084393; ', 'bpp_2=0.268970; ']
train step[1419/2000] ; used: 29m:31s; eta: 12m:4s; loss = 0.013099; ['mse_0=0.001093; ', 'lpips_0=0.003872; ', 'codec_recon_0=0.020374; ', 'bpp_0=5.848264; ', 'mse_1=0.001048; ', 'lpips_1=0.003254; ', 'codec_recon_1=0.305694; ', 'bpp_1=0.292255; ', 'mse_2=0.000897; ', 'lpips_2=0.002936; ', 'codec_recon_2=0.075106; ', 'bpp_2=0.269745; ']
train step[1420/2000] ; used: 29m:32s; eta: 12m:3s; loss = 0.014716; ['mse_0=0.001728; ', 'lpips_0=0.004311; ', 'codec_recon_0=0.024346; ', 'bpp_0=6.090706; ', 'mse_1=0.001342; ', 'lpips_1=0.003453; ', 'codec_recon_1=0.348308; ', 'bpp_1=0.298078; ', 'mse_2=0.001088; ', 'lpips_2=0.002794; ', 'codec_recon_2=0.088079; ', 'bpp_2=0.278096; ']
train step[1421/2000] ; used: 29m:33s; eta: 12m:2s; loss = 0.020134; ['mse_0=0.001709; ', 'lpips_0=0.005566; ', 'codec_recon_0=0.021416; ', 'bpp_0=5.857269; ', 'mse_1=0.001601; ', 'lpips_1=0.004973; ', 'codec_recon_1=0.272134; ', 'bpp_1=0.289942; ', 'mse_2=0.001576; ', 'lpips_2=0.004709; ', 'codec_recon_2=0.084413; ', 'bpp_2=0.268505; ']
train step[1422/2000] ; used: 29m:34s; eta: 12m; loss = 0.033997; ['mse_0=0.005285; ', 'lpips_0=0.007121; ', 'codec_recon_0=0.021644; ', 'bpp_0=6.178775; ', 'mse_1=0.004885; ', 'lpips_1=0.006326; ', 'codec_recon_1=0.358237; ', 'bpp_1=0.299705; ', 'mse_2=0.004646; ', 'lpips_2=0.005734; ', 'codec_recon_2=0.082316; ', 'bpp_2=0.279968; ']
train step[1423/2000] ; used: 29m:35s; eta: 11m:59s; loss = 0.011500; ['mse_0=0.000704; ', 'lpips_0=0.003827; ', 'codec_recon_0=0.021539; ', 'bpp_0=5.930127; ', 'mse_1=0.000526; ', 'lpips_1=0.003160; ', 'codec_recon_1=0.302747; ', 'bpp_1=0.292194; ', 'mse_2=0.000470; ', 'lpips_2=0.002813; ', 'codec_recon_2=0.082422; ', 'bpp_2=0.270353; ']
train step[1424/2000] ; used: 29m:36s; eta: 11m:58s; loss = 0.015941; ['mse_0=0.001058; ', 'lpips_0=0.004854; ', 'codec_recon_0=0.021675; ', 'bpp_0=5.834054; ', 'mse_1=0.000917; ', 'lpips_1=0.004245; ', 'codec_recon_1=0.289527; ', 'bpp_1=0.290884; ', 'mse_2=0.000845; ', 'lpips_2=0.004022; ', 'codec_recon_2=0.081697; ', 'bpp_2=0.268992; ']
train step[1425/2000] ; used: 29m:37s; eta: 11m:56s; loss = 0.009513; ['mse_0=0.000518; ', 'lpips_0=0.003314; ', 'codec_recon_0=0.020680; ', 'bpp_0=6.095400; ', 'mse_1=0.000376; ', 'lpips_1=0.002633; ', 'codec_recon_1=0.303369; ', 'bpp_1=0.295903; ', 'mse_2=0.000326; ', 'lpips_2=0.002345; ', 'codec_recon_2=0.087956; ', 'bpp_2=0.273602; ']
train step[1426/2000] ; used: 29m:38s; eta: 11m:55s; loss = 0.018411; ['mse_0=0.002322; ', 'lpips_0=0.004427; ', 'codec_recon_0=0.022775; ', 'bpp_0=6.065585; ', 'mse_1=0.002125; ', 'lpips_1=0.003793; ', 'codec_recon_1=0.297615; ', 'bpp_1=0.295366; ', 'mse_2=0.002113; ', 'lpips_2=0.003630; ', 'codec_recon_2=0.082755; ', 'bpp_2=0.274244; ']
train step[1427/2000] ; used: 29m:39s; eta: 11m:54s; loss = 0.012974; ['mse_0=0.001269; ', 'lpips_0=0.003844; ', 'codec_recon_0=0.024354; ', 'bpp_0=6.109278; ', 'mse_1=0.001046; ', 'lpips_1=0.003106; ', 'codec_recon_1=0.307202; ', 'bpp_1=0.298890; ', 'mse_2=0.000935; ', 'lpips_2=0.002774; ', 'codec_recon_2=0.083674; ', 'bpp_2=0.277122; ']
train step[1428/2000] ; used: 29m:40s; eta: 11m:52s; loss = 0.018310; ['mse_0=0.001798; ', 'lpips_0=0.005192; ', 'codec_recon_0=0.022077; ', 'bpp_0=6.188262; ', 'mse_1=0.001606; ', 'lpips_1=0.004415; ', 'codec_recon_1=0.320545; ', 'bpp_1=0.297955; ', 'mse_2=0.001436; ', 'lpips_2=0.003863; ', 'codec_recon_2=0.094923; ', 'bpp_2=0.277961; ']
train step[1429/2000] ; used: 29m:41s; eta: 11m:51s; loss = 0.014499; ['mse_0=0.001617; ', 'lpips_0=0.004054; ', 'codec_recon_0=0.020876; ', 'bpp_0=5.905296; ', 'mse_1=0.001318; ', 'lpips_1=0.003283; ', 'codec_recon_1=0.294143; ', 'bpp_1=0.294467; ', 'mse_2=0.001229; ', 'lpips_2=0.002998; ', 'codec_recon_2=0.070850; ', 'bpp_2=0.272717; ']
train step[1430/2000] ; used: 29m:42s; eta: 11m:50s; loss = 0.019759; ['mse_0=0.002251; ', 'lpips_0=0.005328; ', 'codec_recon_0=0.021380; ', 'bpp_0=5.874312; ', 'mse_1=0.001778; ', 'lpips_1=0.004606; ', 'codec_recon_1=0.299425; ', 'bpp_1=0.292884; ', 'mse_2=0.001545; ', 'lpips_2=0.004251; ', 'codec_recon_2=0.071317; ', 'bpp_2=0.275002; ']
train step[1431/2000] ; used: 29m:43s; eta: 11m:48s; loss = 0.008854; ['mse_0=0.000321; ', 'lpips_0=0.003130; ', 'codec_recon_0=0.020177; ', 'bpp_0=6.014813; ', 'mse_1=0.000237; ', 'lpips_1=0.002592; ', 'codec_recon_1=0.295328; ', 'bpp_1=0.292130; ', 'mse_2=0.000215; ', 'lpips_2=0.002360; ', 'codec_recon_2=0.088873; ', 'bpp_2=0.268308; ']
train step[1432/2000] ; used: 29m:44s; eta: 11m:47s; loss = 0.030447; ['mse_0=0.003373; ', 'lpips_0=0.007902; ', 'codec_recon_0=0.020898; ', 'bpp_0=6.161500; ', 'mse_1=0.002967; ', 'lpips_1=0.006991; ', 'codec_recon_1=0.376293; ', 'bpp_1=0.297904; ', 'mse_2=0.002857; ', 'lpips_2=0.006357; ', 'codec_recon_2=0.082657; ', 'bpp_2=0.277578; ']
train step[1433/2000] ; used: 29m:46s; eta: 11m:46s; loss = 0.023870; ['mse_0=0.002104; ', 'lpips_0=0.006672; ', 'codec_recon_0=0.023540; ', 'bpp_0=6.006223; ', 'mse_1=0.001882; ', 'lpips_1=0.005920; ', 'codec_recon_1=0.316799; ', 'bpp_1=0.293385; ', 'mse_2=0.001803; ', 'lpips_2=0.005490; ', 'codec_recon_2=0.090027; ', 'bpp_2=0.272195; ']
train step[1434/2000] ; used: 29m:47s; eta: 11m:44s; loss = 0.009783; ['mse_0=0.000857; ', 'lpips_0=0.003290; ', 'codec_recon_0=0.020096; ', 'bpp_0=6.055095; ', 'mse_1=0.000604; ', 'lpips_1=0.002486; ', 'codec_recon_1=0.306908; ', 'bpp_1=0.296057; ', 'mse_2=0.000490; ', 'lpips_2=0.002056; ', 'codec_recon_2=0.083539; ', 'bpp_2=0.274886; ']
Skipped bad example 7ab1ca08282c3433. Context shape was torch.Size([2, 3, 360, 480]) and target shape was torch.Size([4, 3, 360, 480]).
train step[1435/2000] ; used: 29m:48s; eta: 11m:43s; loss = 0.008755; ['mse_0=0.000342; ', 'lpips_0=0.003172; ', 'codec_recon_0=0.020225; ', 'bpp_0=6.011057; ', 'mse_1=0.000231; ', 'lpips_1=0.002570; ', 'codec_recon_1=0.297487; ', 'bpp_1=0.293561; ', 'mse_2=0.000180; ', 'lpips_2=0.002260; ', 'codec_recon_2=0.088781; ', 'bpp_2=0.269341; ']
train step[1436/2000] ; used: 29m:49s; eta: 11m:42s; loss = 0.008713; ['mse_0=0.000349; ', 'lpips_0=0.003006; ', 'codec_recon_0=0.022101; ', 'bpp_0=5.900218; ', 'mse_1=0.000276; ', 'lpips_1=0.002499; ', 'codec_recon_1=0.302478; ', 'bpp_1=0.290506; ', 'mse_2=0.000252; ', 'lpips_2=0.002331; ', 'codec_recon_2=0.084402; ', 'bpp_2=0.266232; ']
train step[1437/2000] ; used: 29m:50s; eta: 11m:40s; loss = 0.013125; ['mse_0=0.000933; ', 'lpips_0=0.004109; ', 'codec_recon_0=0.021797; ', 'bpp_0=5.999703; ', 'mse_1=0.000756; ', 'lpips_1=0.003490; ', 'codec_recon_1=0.279312; ', 'bpp_1=0.294137; ', 'mse_2=0.000680; ', 'lpips_2=0.003158; ', 'codec_recon_2=0.081695; ', 'bpp_2=0.272803; ']
train step[1438/2000] ; used: 29m:51s; eta: 11m:39s; loss = 0.019138; ['mse_0=0.002138; ', 'lpips_0=0.005130; ', 'codec_recon_0=0.021064; ', 'bpp_0=5.953814; ', 'mse_1=0.001831; ', 'lpips_1=0.004395; ', 'codec_recon_1=0.335645; ', 'bpp_1=0.292751; ', 'mse_2=0.001693; ', 'lpips_2=0.003951; ', 'codec_recon_2=0.080690; ', 'bpp_2=0.271454; ']
train step[1439/2000] ; used: 29m:52s; eta: 11m:38s; loss = 0.028423; ['mse_0=0.003264; ', 'lpips_0=0.007112; ', 'codec_recon_0=0.021331; ', 'bpp_0=5.840875; ', 'mse_1=0.002945; ', 'lpips_1=0.006374; ', 'codec_recon_1=0.331080; ', 'bpp_1=0.291747; ', 'mse_2=0.002759; ', 'lpips_2=0.005968; ', 'codec_recon_2=0.078964; ', 'bpp_2=0.269741; ']
train step[1440/2000] ; used: 29m:53s; eta: 11m:36s; loss = 0.017199; ['mse_0=0.001923; ', 'lpips_0=0.004631; ', 'codec_recon_0=0.021145; ', 'bpp_0=6.161417; ', 'mse_1=0.001632; ', 'lpips_1=0.003883; ', 'codec_recon_1=0.290900; ', 'bpp_1=0.298004; ', 'mse_2=0.001528; ', 'lpips_2=0.003603; ', 'codec_recon_2=0.081920; ', 'bpp_2=0.277451; ']
train step[1441/2000] ; used: 29m:54s; eta: 11m:35s; loss = 0.012973; ['mse_0=0.000961; ', 'lpips_0=0.004178; ', 'codec_recon_0=0.024011; ', 'bpp_0=5.862773; ', 'mse_1=0.000790; ', 'lpips_1=0.003379; ', 'codec_recon_1=0.330032; ', 'bpp_1=0.291198; ', 'mse_2=0.000712; ', 'lpips_2=0.002952; ', 'codec_recon_2=0.085297; ', 'bpp_2=0.268757; ']
train step[1442/2000] ; used: 29m:55s; eta: 11m:34s; loss = 0.011028; ['mse_0=0.000730; ', 'lpips_0=0.003779; ', 'codec_recon_0=0.019465; ', 'bpp_0=5.981029; ', 'mse_1=0.000565; ', 'lpips_1=0.002967; ', 'codec_recon_1=0.309267; ', 'bpp_1=0.293609; ', 'mse_2=0.000466; ', 'lpips_2=0.002521; ', 'codec_recon_2=0.087596; ', 'bpp_2=0.270308; ']
train step[1443/2000] ; used: 29m:56s; eta: 11m:33s; loss = 0.010536; ['mse_0=0.000540; ', 'lpips_0=0.003555; ', 'codec_recon_0=0.021142; ', 'bpp_0=5.979985; ', 'mse_1=0.000434; ', 'lpips_1=0.002977; ', 'codec_recon_1=0.281669; ', 'bpp_1=0.292218; ', 'mse_2=0.000346; ', 'lpips_2=0.002684; ', 'codec_recon_2=0.081955; ', 'bpp_2=0.270830; ']
train step[1444/2000] ; used: 29m:57s; eta: 11m:31s; loss = 0.052545; ['mse_0=0.008556; ', 'lpips_0=0.009294; ', 'codec_recon_0=0.022816; ', 'bpp_0=5.989064; ', 'mse_1=0.008343; ', 'lpips_1=0.009038; ', 'codec_recon_1=0.346241; ', 'bpp_1=0.295024; ', 'mse_2=0.008728; ', 'lpips_2=0.008585; ', 'codec_recon_2=0.081087; ', 'bpp_2=0.274657; ']
train step[1445/2000] ; used: 29m:58s; eta: 11m:30s; loss = 0.015085; ['mse_0=0.001349; ', 'lpips_0=0.004133; ', 'codec_recon_0=0.026059; ', 'bpp_0=5.827792; ', 'mse_1=0.001268; ', 'lpips_1=0.003692; ', 'codec_recon_1=0.266618; ', 'bpp_1=0.291087; ', 'mse_2=0.001210; ', 'lpips_2=0.003433; ', 'codec_recon_2=0.091010; ', 'bpp_2=0.267516; ']
train step[1446/2000] ; used: 29m:59s; eta: 11m:29s; loss = 0.012534; ['mse_0=0.000614; ', 'lpips_0=0.004266; ', 'codec_recon_0=0.022188; ', 'bpp_0=5.838861; ', 'mse_1=0.000500; ', 'lpips_1=0.003550; ', 'codec_recon_1=0.286177; ', 'bpp_1=0.290565; ', 'mse_2=0.000418; ', 'lpips_2=0.003185; ', 'codec_recon_2=0.081472; ', 'bpp_2=0.267506; ']
train step[1447/2000] ; used: 30m; eta: 11m:27s; loss = 0.009630; ['mse_0=0.001216; ', 'lpips_0=0.002732; ', 'codec_recon_0=0.018875; ', 'bpp_0=6.056809; ', 'mse_1=0.001059; ', 'lpips_1=0.002005; ', 'codec_recon_1=0.312149; ', 'bpp_1=0.294760; ', 'mse_2=0.000965; ', 'lpips_2=0.001653; ', 'codec_recon_2=0.081446; ', 'bpp_2=0.272629; ']
train step[1448/2000] ; used: 30m:2s; eta: 11m:26s; loss = 0.015327; ['mse_0=0.001150; ', 'lpips_0=0.004599; ', 'codec_recon_0=0.022662; ', 'bpp_0=5.986716; ', 'mse_1=0.001010; ', 'lpips_1=0.003959; ', 'codec_recon_1=0.298275; ', 'bpp_1=0.294583; ', 'mse_2=0.000944; ', 'lpips_2=0.003665; ', 'codec_recon_2=0.082299; ', 'bpp_2=0.272133; ']
train step[1449/2000] ; used: 30m:3s; eta: 11m:25s; loss = 0.014778; ['mse_0=0.001166; ', 'lpips_0=0.004457; ', 'codec_recon_0=0.025053; ', 'bpp_0=5.782887; ', 'mse_1=0.000929; ', 'lpips_1=0.003818; ', 'codec_recon_1=0.290524; ', 'bpp_1=0.289746; ', 'mse_2=0.000843; ', 'lpips_2=0.003565; ', 'codec_recon_2=0.091173; ', 'bpp_2=0.269652; ']
train step[1450/2000] ; used: 30m:4s; eta: 11m:24s; loss = 0.010634; ['mse_0=0.000796; ', 'lpips_0=0.003778; ', 'codec_recon_0=0.022491; ', 'bpp_0=6.172438; ', 'mse_1=0.000585; ', 'lpips_1=0.002879; ', 'codec_recon_1=0.349434; ', 'bpp_1=0.299181; ', 'mse_2=0.000424; ', 'lpips_2=0.002172; ', 'codec_recon_2=0.092335; ', 'bpp_2=0.279803; ']
train step[1451/2000] ; used: 30m:5s; eta: 11m:22s; loss = 0.011287; ['mse_0=0.000749; ', 'lpips_0=0.003462; ', 'codec_recon_0=0.027763; ', 'bpp_0=5.824823; ', 'mse_1=0.000644; ', 'lpips_1=0.002977; ', 'codec_recon_1=0.260933; ', 'bpp_1=0.289589; ', 'mse_2=0.000641; ', 'lpips_2=0.002815; ', 'codec_recon_2=0.090937; ', 'bpp_2=0.266471; ']
train step[1452/2000] ; used: 30m:6s; eta: 11m:21s; loss = 0.016598; ['mse_0=0.001396; ', 'lpips_0=0.004765; ', 'codec_recon_0=0.023066; ', 'bpp_0=5.970478; ', 'mse_1=0.001178; ', 'lpips_1=0.004222; ', 'codec_recon_1=0.296427; ', 'bpp_1=0.294528; ', 'mse_2=0.001097; ', 'lpips_2=0.003941; ', 'codec_recon_2=0.089919; ', 'bpp_2=0.273413; ']
train step[1453/2000] ; used: 30m:7s; eta: 11m:20s; loss = 0.018470; ['mse_0=0.001586; ', 'lpips_0=0.005412; ', 'codec_recon_0=0.025502; ', 'bpp_0=5.829253; ', 'mse_1=0.001400; ', 'lpips_1=0.004612; ', 'codec_recon_1=0.341339; ', 'bpp_1=0.290443; ', 'mse_2=0.001261; ', 'lpips_2=0.004198; ', 'codec_recon_2=0.094555; ', 'bpp_2=0.271752; ']
train step[1454/2000] ; used: 30m:8s; eta: 11m:18s; loss = 0.018397; ['mse_0=0.001996; ', 'lpips_0=0.004955; ', 'codec_recon_0=0.023276; ', 'bpp_0=5.915512; ', 'mse_1=0.001760; ', 'lpips_1=0.004173; ', 'codec_recon_1=0.303387; ', 'bpp_1=0.293608; ', 'mse_2=0.001672; ', 'lpips_2=0.003839; ', 'codec_recon_2=0.087276; ', 'bpp_2=0.272213; ']
train step[1455/2000] ; used: 30m:9s; eta: 11m:17s; loss = 0.023849; ['mse_0=0.002847; ', 'lpips_0=0.005724; ', 'codec_recon_0=0.020835; ', 'bpp_0=5.990088; ', 'mse_1=0.002716; ', 'lpips_1=0.005088; ', 'codec_recon_1=0.294975; ', 'bpp_1=0.294412; ', 'mse_2=0.002698; ', 'lpips_2=0.004775; ', 'codec_recon_2=0.082883; ', 'bpp_2=0.273657; ']
train step[1456/2000] ; used: 30m:10s; eta: 11m:16s; loss = 0.012758; ['mse_0=0.001463; ', 'lpips_0=0.003475; ', 'codec_recon_0=0.022258; ', 'bpp_0=6.084871; ', 'mse_1=0.001233; ', 'lpips_1=0.002893; ', 'codec_recon_1=0.295856; ', 'bpp_1=0.296800; ', 'mse_2=0.001120; ', 'lpips_2=0.002573; ', 'codec_recon_2=0.083149; ', 'bpp_2=0.274788; ']
train step[1457/2000] ; used: 30m:11s; eta: 11m:14s; loss = 0.020316; ['mse_0=0.001985; ', 'lpips_0=0.005422; ', 'codec_recon_0=0.023821; ', 'bpp_0=6.110938; ', 'mse_1=0.001916; ', 'lpips_1=0.004711; ', 'codec_recon_1=0.313251; ', 'bpp_1=0.295988; ', 'mse_2=0.001853; ', 'lpips_2=0.004430; ', 'codec_recon_2=0.092035; ', 'bpp_2=0.278255; ']
train step[1458/2000] ; used: 30m:12s; eta: 11m:13s; loss = 0.013960; ['mse_0=0.001645; ', 'lpips_0=0.003637; ', 'codec_recon_0=0.021259; ', 'bpp_0=5.992285; ', 'mse_1=0.001482; ', 'lpips_1=0.003041; ', 'codec_recon_1=0.291476; ', 'bpp_1=0.294722; ', 'mse_2=0.001448; ', 'lpips_2=0.002708; ', 'codec_recon_2=0.092762; ', 'bpp_2=0.271414; ']
train step[1459/2000] ; used: 30m:13s; eta: 11m:12s; loss = 0.017528; ['mse_0=0.001271; ', 'lpips_0=0.005275; ', 'codec_recon_0=0.029923; ', 'bpp_0=5.820973; ', 'mse_1=0.001037; ', 'lpips_1=0.004668; ', 'codec_recon_1=0.296732; ', 'bpp_1=0.290309; ', 'mse_2=0.000959; ', 'lpips_2=0.004319; ', 'codec_recon_2=0.090820; ', 'bpp_2=0.270836; ']
train step[1460/2000] ; used: 30m:14s; eta: 11m:10s; loss = 0.011276; ['mse_0=0.000491; ', 'lpips_0=0.003883; ', 'codec_recon_0=0.026912; ', 'bpp_0=5.689225; ', 'mse_1=0.000369; ', 'lpips_1=0.003223; ', 'codec_recon_1=0.266122; ', 'bpp_1=0.286003; ', 'mse_2=0.000324; ', 'lpips_2=0.002987; ', 'codec_recon_2=0.078745; ', 'bpp_2=0.264932; ']
train step[1461/2000] ; used: 30m:16s; eta: 11m:9s; loss = 0.015614; ['mse_0=0.002111; ', 'lpips_0=0.004319; ', 'codec_recon_0=0.019107; ', 'bpp_0=6.219252; ', 'mse_1=0.001543; ', 'lpips_1=0.003421; ', 'codec_recon_1=0.314508; ', 'bpp_1=0.299927; ', 'mse_2=0.001317; ', 'lpips_2=0.002903; ', 'codec_recon_2=0.080204; ', 'bpp_2=0.279437; ']
train step[1462/2000] ; used: 30m:17s; eta: 11m:8s; loss = 0.009752; ['mse_0=0.000404; ', 'lpips_0=0.003324; ', 'codec_recon_0=0.020462; ', 'bpp_0=5.727059; ', 'mse_1=0.000311; ', 'lpips_1=0.002850; ', 'codec_recon_1=0.252833; ', 'bpp_1=0.287065; ', 'mse_2=0.000270; ', 'lpips_2=0.002593; ', 'codec_recon_2=0.080827; ', 'bpp_2=0.265216; ']
train step[1463/2000] ; used: 30m:18s; eta: 11m:6s; loss = 0.019213; ['mse_0=0.001711; ', 'lpips_0=0.005697; ', 'codec_recon_0=0.024867; ', 'bpp_0=5.981565; ', 'mse_1=0.001506; ', 'lpips_1=0.004879; ', 'codec_recon_1=0.369506; ', 'bpp_1=0.293995; ', 'mse_2=0.001321; ', 'lpips_2=0.004099; ', 'codec_recon_2=0.098834; ', 'bpp_2=0.273642; ']
train step[1464/2000] ; used: 30m:19s; eta: 11m:5s; loss = 0.017851; ['mse_0=0.001493; ', 'lpips_0=0.005574; ', 'codec_recon_0=0.020602; ', 'bpp_0=6.066815; ', 'mse_1=0.001228; ', 'lpips_1=0.004657; ', 'codec_recon_1=0.353048; ', 'bpp_1=0.297028; ', 'mse_2=0.000968; ', 'lpips_2=0.003930; ', 'codec_recon_2=0.082115; ', 'bpp_2=0.276849; ']
train step[1465/2000] ; used: 30m:20s; eta: 11m:4s; loss = 0.032494; ['mse_0=0.004394; ', 'lpips_0=0.007483; ', 'codec_recon_0=0.021077; ', 'bpp_0=6.082627; ', 'mse_1=0.003919; ', 'lpips_1=0.006762; ', 'codec_recon_1=0.338266; ', 'bpp_1=0.297315; ', 'mse_2=0.003770; ', 'lpips_2=0.006165; ', 'codec_recon_2=0.089407; ', 'bpp_2=0.278100; ']
train step[1466/2000] ; used: 30m:21s; eta: 11m:2s; loss = 0.014605; ['mse_0=0.000944; ', 'lpips_0=0.004547; ', 'codec_recon_0=0.025024; ', 'bpp_0=5.896425; ', 'mse_1=0.000709; ', 'lpips_1=0.003949; ', 'codec_recon_1=0.288176; ', 'bpp_1=0.292285; ', 'mse_2=0.000662; ', 'lpips_2=0.003795; ', 'codec_recon_2=0.087094; ', 'bpp_2=0.272131; ']
train step[1467/2000] ; used: 30m:22s; eta: 11m:1s; loss = 0.014049; ['mse_0=0.001010; ', 'lpips_0=0.004077; ', 'codec_recon_0=0.021098; ', 'bpp_0=5.936122; ', 'mse_1=0.000965; ', 'lpips_1=0.003641; ', 'codec_recon_1=0.273717; ', 'bpp_1=0.292522; ', 'mse_2=0.000966; ', 'lpips_2=0.003390; ', 'codec_recon_2=0.084747; ', 'bpp_2=0.269912; ']
train step[1468/2000] ; used: 30m:23s; eta: 11m; loss = 0.058607; ['mse_0=0.008338; ', 'lpips_0=0.011934; ', 'codec_recon_0=0.027020; ', 'bpp_0=5.913431; ', 'mse_1=0.008163; ', 'lpips_1=0.011217; ', 'codec_recon_1=0.343836; ', 'bpp_1=0.292048; ', 'mse_2=0.008138; ', 'lpips_2=0.010817; ', 'codec_recon_2=0.095109; ', 'bpp_2=0.274252; ']
train step[1469/2000] ; used: 30m:24s; eta: 10m:59s; loss = 0.027805; ['mse_0=0.003825; ', 'lpips_0=0.006539; ', 'codec_recon_0=0.021889; ', 'bpp_0=6.030659; ', 'mse_1=0.003355; ', 'lpips_1=0.005807; ', 'codec_recon_1=0.377667; ', 'bpp_1=0.297650; ', 'mse_2=0.003065; ', 'lpips_2=0.005213; ', 'codec_recon_2=0.074668; ', 'bpp_2=0.279043; ']
train step[1470/2000] ; used: 30m:25s; eta: 10m:57s; loss = 0.013084; ['mse_0=0.001004; ', 'lpips_0=0.004110; ', 'codec_recon_0=0.023475; ', 'bpp_0=5.749690; ', 'mse_1=0.000834; ', 'lpips_1=0.003474; ', 'codec_recon_1=0.348190; ', 'bpp_1=0.288202; ', 'mse_2=0.000715; ', 'lpips_2=0.002948; ', 'codec_recon_2=0.096139; ', 'bpp_2=0.264808; ']
train step[1471/2000] ; used: 30m:26s; eta: 10m:56s; loss = 0.022988; ['mse_0=0.001789; ', 'lpips_0=0.006555; ', 'codec_recon_0=0.022756; ', 'bpp_0=5.826667; ', 'mse_1=0.001610; ', 'lpips_1=0.005924; ', 'codec_recon_1=0.287280; ', 'bpp_1=0.292633; ', 'mse_2=0.001515; ', 'lpips_2=0.005595; ', 'codec_recon_2=0.089306; ', 'bpp_2=0.272039; ']
train step[1472/2000] ; used: 30m:27s; eta: 10m:55s; loss = 0.050380; ['mse_0=0.007193; ', 'lpips_0=0.010362; ', 'codec_recon_0=0.025186; ', 'bpp_0=5.719690; ', 'mse_1=0.007293; ', 'lpips_1=0.009573; ', 'codec_recon_1=0.368861; ', 'bpp_1=0.289874; ', 'mse_2=0.006938; ', 'lpips_2=0.009021; ', 'codec_recon_2=0.079152; ', 'bpp_2=0.274498; ']
train step[1473/2000] ; used: 30m:28s; eta: 10m:53s; loss = 0.014070; ['mse_0=0.001212; ', 'lpips_0=0.004394; ', 'codec_recon_0=0.021268; ', 'bpp_0=6.119748; ', 'mse_1=0.000973; ', 'lpips_1=0.003561; ', 'codec_recon_1=0.307768; ', 'bpp_1=0.298006; ', 'mse_2=0.000822; ', 'lpips_2=0.003106; ', 'codec_recon_2=0.092851; ', 'bpp_2=0.277180; ']
train step[1474/2000] ; used: 30m:29s; eta: 10m:52s; loss = 0.013958; ['mse_0=0.001417; ', 'lpips_0=0.004200; ', 'codec_recon_0=0.022063; ', 'bpp_0=6.095907; ', 'mse_1=0.001108; ', 'lpips_1=0.003425; ', 'codec_recon_1=0.316863; ', 'bpp_1=0.298516; ', 'mse_2=0.000919; ', 'lpips_2=0.002889; ', 'codec_recon_2=0.083343; ', 'bpp_2=0.277002; ']
train step[1475/2000] ; used: 30m:30s; eta: 10m:51s; loss = 0.035852; ['mse_0=0.005909; ', 'lpips_0=0.007224; ', 'codec_recon_0=0.020155; ', 'bpp_0=6.101894; ', 'mse_1=0.005457; ', 'lpips_1=0.006410; ', 'codec_recon_1=0.354483; ', 'bpp_1=0.299927; ', 'mse_2=0.005051; ', 'lpips_2=0.005800; ', 'codec_recon_2=0.077834; ', 'bpp_2=0.280857; ']
train step[1476/2000] ; used: 30m:31s; eta: 10m:49s; loss = 0.011615; ['mse_0=0.001091; ', 'lpips_0=0.003469; ', 'codec_recon_0=0.031624; ', 'bpp_0=5.906609; ', 'mse_1=0.000923; ', 'lpips_1=0.002804; ', 'codec_recon_1=0.282211; ', 'bpp_1=0.292795; ', 'mse_2=0.000855; ', 'lpips_2=0.002473; ', 'codec_recon_2=0.102694; ', 'bpp_2=0.269464; ']
train step[1477/2000] ; used: 30m:32s; eta: 10m:48s; loss = 0.015242; ['mse_0=0.001133; ', 'lpips_0=0.004858; ', 'codec_recon_0=0.021493; ', 'bpp_0=6.185331; ', 'mse_1=0.000903; ', 'lpips_1=0.004024; ', 'codec_recon_1=0.345683; ', 'bpp_1=0.297194; ', 'mse_2=0.000770; ', 'lpips_2=0.003553; ', 'codec_recon_2=0.095612; ', 'bpp_2=0.275565; ']
train step[1478/2000] ; used: 30m:33s; eta: 10m:47s; loss = 0.015020; ['mse_0=0.001681; ', 'lpips_0=0.004096; ', 'codec_recon_0=0.023822; ', 'bpp_0=6.063762; ', 'mse_1=0.001445; ', 'lpips_1=0.003383; ', 'codec_recon_1=0.331888; ', 'bpp_1=0.295375; ', 'mse_2=0.001360; ', 'lpips_2=0.003055; ', 'codec_recon_2=0.094456; ', 'bpp_2=0.275241; ']
train step[1479/2000] ; used: 30m:35s; eta: 10m:45s; loss = 0.013849; ['mse_0=0.001289; ', 'lpips_0=0.003989; ', 'codec_recon_0=0.023354; ', 'bpp_0=6.097955; ', 'mse_1=0.001140; ', 'lpips_1=0.003354; ', 'codec_recon_1=0.295293; ', 'bpp_1=0.297979; ', 'mse_2=0.001081; ', 'lpips_2=0.002996; ', 'codec_recon_2=0.089073; ', 'bpp_2=0.276468; ']
train step[1480/2000] ; used: 30m:36s; eta: 10m:44s; loss = 0.015958; ['mse_0=0.002278; ', 'lpips_0=0.003883; ', 'codec_recon_0=0.020889; ', 'bpp_0=5.922068; ', 'mse_1=0.001925; ', 'lpips_1=0.003236; ', 'codec_recon_1=0.317217; ', 'bpp_1=0.293542; ', 'mse_2=0.001863; ', 'lpips_2=0.002773; ', 'codec_recon_2=0.079460; ', 'bpp_2=0.269770; ']
train step[1481/2000] ; used: 30m:37s; eta: 10m:43s; loss = 0.040077; ['mse_0=0.006806; ', 'lpips_0=0.007483; ', 'codec_recon_0=0.022609; ', 'bpp_0=6.170049; ', 'mse_1=0.006404; ', 'lpips_1=0.006852; ', 'codec_recon_1=0.353327; ', 'bpp_1=0.299954; ', 'mse_2=0.006254; ', 'lpips_2=0.006277; ', 'codec_recon_2=0.084662; ', 'bpp_2=0.280572; ']
train step[1482/2000] ; used: 30m:38s; eta: 10m:42s; loss = 0.017926; ['mse_0=0.002121; ', 'lpips_0=0.004851; ', 'codec_recon_0=0.029690; ', 'bpp_0=6.169708; ', 'mse_1=0.001896; ', 'lpips_1=0.003940; ', 'codec_recon_1=0.372457; ', 'bpp_1=0.299666; ', 'mse_2=0.001784; ', 'lpips_2=0.003334; ', 'codec_recon_2=0.098131; ', 'bpp_2=0.279098; ']
train step[1483/2000] ; used: 30m:39s; eta: 10m:40s; loss = 0.020379; ['mse_0=0.002788; ', 'lpips_0=0.004943; ', 'codec_recon_0=0.022510; ', 'bpp_0=6.026594; ', 'mse_1=0.002453; ', 'lpips_1=0.004105; ', 'codec_recon_1=0.285101; ', 'bpp_1=0.296327; ', 'mse_2=0.002374; ', 'lpips_2=0.003717; ', 'codec_recon_2=0.080143; ', 'bpp_2=0.274222; ']
train step[1484/2000] ; used: 30m:40s; eta: 10m:39s; loss = 0.016056; ['mse_0=0.001794; ', 'lpips_0=0.004024; ', 'codec_recon_0=0.022362; ', 'bpp_0=5.991139; ', 'mse_1=0.001651; ', 'lpips_1=0.003565; ', 'codec_recon_1=0.283656; ', 'bpp_1=0.293448; ', 'mse_2=0.001650; ', 'lpips_2=0.003372; ', 'codec_recon_2=0.088699; ', 'bpp_2=0.271391; ']
train step[1485/2000] ; used: 30m:41s; eta: 10m:38s; loss = 0.011741; ['mse_0=0.000566; ', 'lpips_0=0.003838; ', 'codec_recon_0=0.025258; ', 'bpp_0=5.953745; ', 'mse_1=0.000464; ', 'lpips_1=0.003279; ', 'codec_recon_1=0.254468; ', 'bpp_1=0.292924; ', 'mse_2=0.000445; ', 'lpips_2=0.003149; ', 'codec_recon_2=0.092746; ', 'bpp_2=0.270980; ']
train step[1486/2000] ; used: 30m:42s; eta: 10m:36s; loss = 0.017274; ['mse_0=0.002180; ', 'lpips_0=0.004465; ', 'codec_recon_0=0.022538; ', 'bpp_0=6.048251; ', 'mse_1=0.001932; ', 'lpips_1=0.003708; ', 'codec_recon_1=0.337806; ', 'bpp_1=0.296347; ', 'mse_2=0.001809; ', 'lpips_2=0.003181; ', 'codec_recon_2=0.084276; ', 'bpp_2=0.275920; ']
train step[1487/2000] ; used: 30m:43s; eta: 10m:35s; loss = 0.016774; ['mse_0=0.001359; ', 'lpips_0=0.004970; ', 'codec_recon_0=0.020746; ', 'bpp_0=6.156769; ', 'mse_1=0.001165; ', 'lpips_1=0.004315; ', 'codec_recon_1=0.305089; ', 'bpp_1=0.298191; ', 'mse_2=0.001053; ', 'lpips_2=0.003913; ', 'codec_recon_2=0.079710; ', 'bpp_2=0.276332; ']
train step[1488/2000] ; used: 30m:44s; eta: 10m:34s; loss = 0.009318; ['mse_0=0.000376; ', 'lpips_0=0.003207; ', 'codec_recon_0=0.024555; ', 'bpp_0=5.752463; ', 'mse_1=0.000299; ', 'lpips_1=0.002707; ', 'codec_recon_1=0.262081; ', 'bpp_1=0.288268; ', 'mse_2=0.000268; ', 'lpips_2=0.002461; ', 'codec_recon_2=0.080146; ', 'bpp_2=0.266209; ']
train step[1489/2000] ; used: 30m:45s; eta: 10m:32s; loss = 0.022039; ['mse_0=0.002338; ', 'lpips_0=0.005729; ', 'codec_recon_0=0.025528; ', 'bpp_0=5.677070; ', 'mse_1=0.002266; ', 'lpips_1=0.004909; ', 'codec_recon_1=0.278719; ', 'bpp_1=0.289126; ', 'mse_2=0.002227; ', 'lpips_2=0.004569; ', 'codec_recon_2=0.076921; ', 'bpp_2=0.269345; ']
train step[1490/2000] ; used: 30m:46s; eta: 10m:31s; loss = 0.011835; ['mse_0=0.000699; ', 'lpips_0=0.003984; ', 'codec_recon_0=0.021285; ', 'bpp_0=6.008064; ', 'mse_1=0.000550; ', 'lpips_1=0.003271; ', 'codec_recon_1=0.296755; ', 'bpp_1=0.295686; ', 'mse_2=0.000459; ', 'lpips_2=0.002871; ', 'codec_recon_2=0.086723; ', 'bpp_2=0.272879; ']
train step[1491/2000] ; used: 30m:47s; eta: 10m:30s; loss = 0.056791; ['mse_0=0.010860; ', 'lpips_0=0.009111; ', 'codec_recon_0=0.023211; ', 'bpp_0=6.151831; ', 'mse_1=0.010435; ', 'lpips_1=0.008221; ', 'codec_recon_1=0.305361; ', 'bpp_1=0.297877; ', 'mse_2=0.010312; ', 'lpips_2=0.007852; ', 'codec_recon_2=0.091348; ', 'bpp_2=0.276486; ']
train step[1492/2000] ; used: 30m:48s; eta: 10m:29s; loss = 0.025170; ['mse_0=0.003962; ', 'lpips_0=0.005118; ', 'codec_recon_0=0.024705; ', 'bpp_0=5.979438; ', 'mse_1=0.003633; ', 'lpips_1=0.004539; ', 'codec_recon_1=0.293140; ', 'bpp_1=0.295787; ', 'mse_2=0.003612; ', 'lpips_2=0.004306; ', 'codec_recon_2=0.079413; ', 'bpp_2=0.275470; ']
train step[1493/2000] ; used: 30m:49s; eta: 10m:27s; loss = 0.013737; ['mse_0=0.000906; ', 'lpips_0=0.004432; ', 'codec_recon_0=0.021942; ', 'bpp_0=6.042181; ', 'mse_1=0.000739; ', 'lpips_1=0.003748; ', 'codec_recon_1=0.342060; ', 'bpp_1=0.295097; ', 'mse_2=0.000635; ', 'lpips_2=0.003276; ', 'codec_recon_2=0.097254; ', 'bpp_2=0.271918; ']
train step[1494/2000] ; used: 30m:50s; eta: 10m:26s; loss = 0.013679; ['mse_0=0.001474; ', 'lpips_0=0.004063; ', 'codec_recon_0=0.022481; ', 'bpp_0=6.014664; ', 'mse_1=0.001192; ', 'lpips_1=0.003175; ', 'codec_recon_1=0.334179; ', 'bpp_1=0.295417; ', 'mse_2=0.001048; ', 'lpips_2=0.002726; ', 'codec_recon_2=0.084895; ', 'bpp_2=0.273459; ']
train step[1495/2000] ; used: 30m:51s; eta: 10m:25s; loss = 0.038699; ['mse_0=0.007115; ', 'lpips_0=0.007814; ', 'codec_recon_0=0.022079; ', 'bpp_0=6.335256; ', 'mse_1=0.005834; ', 'lpips_1=0.006968; ', 'codec_recon_1=0.409787; ', 'bpp_1=0.303310; ', 'mse_2=0.005148; ', 'lpips_2=0.005821; ', 'codec_recon_2=0.079216; ', 'bpp_2=0.286207; ']
train step[1496/2000] ; used: 30m:52s; eta: 10m:23s; loss = 0.007521; ['mse_0=0.000493; ', 'lpips_0=0.002641; ', 'codec_recon_0=0.020658; ', 'bpp_0=6.050874; ', 'mse_1=0.000415; ', 'lpips_1=0.001984; ', 'codec_recon_1=0.281678; ', 'bpp_1=0.293022; ', 'mse_2=0.000366; ', 'lpips_2=0.001623; ', 'codec_recon_2=0.085795; ', 'bpp_2=0.268229; ']
train step[1497/2000] ; used: 30m:54s; eta: 10m:22s; loss = 0.033056; ['mse_0=0.005757; ', 'lpips_0=0.006565; ', 'codec_recon_0=0.021622; ', 'bpp_0=6.202390; ', 'mse_1=0.005186; ', 'lpips_1=0.005795; ', 'codec_recon_1=0.368173; ', 'bpp_1=0.298611; ', 'mse_2=0.004804; ', 'lpips_2=0.004950; ', 'codec_recon_2=0.077773; ', 'bpp_2=0.280481; ']
train step[1498/2000] ; used: 30m:55s; eta: 10m:21s; loss = 0.011289; ['mse_0=0.000859; ', 'lpips_0=0.003975; ', 'codec_recon_0=0.021852; ', 'bpp_0=6.003498; ', 'mse_1=0.000646; ', 'lpips_1=0.003011; ', 'codec_recon_1=0.352810; ', 'bpp_1=0.293905; ', 'mse_2=0.000464; ', 'lpips_2=0.002334; ', 'codec_recon_2=0.093450; ', 'bpp_2=0.271919; ']
train step[1499/2000] ; used: 30m:56s; eta: 10m:19s; loss = 0.019202; ['mse_0=0.001470; ', 'lpips_0=0.005736; ', 'codec_recon_0=0.023345; ', 'bpp_0=6.033657; ', 'mse_1=0.001190; ', 'lpips_1=0.004985; ', 'codec_recon_1=0.289570; ', 'bpp_1=0.294272; ', 'mse_2=0.001121; ', 'lpips_2=0.004699; ', 'codec_recon_2=0.080868; ', 'bpp_2=0.275398; ']
validation step on 1500 1/100; scene = ['5aca87f95a9412c6']; context = [[58, 133]]
validation step on 1500 2/100; scene = ['bc95e5c7e357f1b7']; context = [[35, 91]]
validation step on 1500 3/100; scene = ['34b0658a5c200cdf']; context = [[0, 70]]
validation step on 1500 4/100; scene = ['28e8300e004ab30b']; context = [[3, 68]]
validation step on 1500 5/100; scene = ['6558c5f10d45a929']; context = [[43, 160]]
validation step on 1500 6/100; scene = ['89ea49cd9865aeff']; context = [[31, 81]]
validation step on 1500 7/100; scene = ['ed477bdf8582adff']; context = [[40, 85]]
validation step on 1500 8/100; scene = ['57d3409bf04c4651']; context = [[0, 45]]
validation step on 1500 9/100; scene = ['aadc1e2dc74fd644']; context = [[2, 52]]
validation step on 1500 10/100; scene = ['cd74b1244d112628']; context = [[63, 110]]
validation step on 1500 11/100; scene = ['57d25dafabb5a238']; context = [[32, 104]]
validation step on 1500 12/100; scene = ['e4f4574df7938f37']; context = [[0, 115]]
validation step on 1500 13/100; scene = ['20d86cff490c0c42']; context = [[18, 69]]
validation step on 1500 14/100; scene = ['0c4c5d5f751aabf5']; context = [[12, 57]]
validation step on 1500 15/100; scene = ['fea544b472e9abd1']; context = [[12, 93]]
validation step on 1500 16/100; scene = ['656381bea665bf3d']; context = [[27, 75]]
validation step on 1500 17/100; scene = ['322261824c4a3003']; context = [[33, 78]]
validation step on 1500 18/100; scene = ['f7c0fa5b81552d35']; context = [[11, 64]]
validation step on 1500 19/100; scene = ['a56ba2efb5e3fdd9']; context = [[33, 92]]
validation step on 1500 20/100; scene = ['c48f19e2ffa52523']; context = [[195, 264]]
validation step on 1500 21/100; scene = ['1214f2a11a9fc1ed']; context = [[103, 215]]
validation step on 1500 22/100; scene = ['a9b3ff60b213e099']; context = [[32, 96]]
validation step on 1500 23/100; scene = ['a6fa92e8204f6118']; context = [[2, 66]]
validation step on 1500 24/100; scene = ['21e794f71e31becb']; context = [[72, 180]]
validation step on 1500 25/100; scene = ['f7d916b43193c181']; context = [[7, 61]]
validation step on 1500 26/100; scene = ['84ab392d682f296b']; context = [[43, 120]]
validation step on 1500 27/100; scene = ['6771a51bf0cfce7f']; context = [[152, 199]]
validation step on 1500 28/100; scene = ['17d9303ee77c3a3d']; context = [[17, 63]]
validation step on 1500 29/100; scene = ['ffa95c3b40609c76']; context = [[120, 213]]
validation step on 1500 30/100; scene = ['a47b88040452d7d9']; context = [[35, 97]]
validation step on 1500 31/100; scene = ['0d4de33c6888a754']; context = [[2, 57]]
validation step on 1500 32/100; scene = ['41bcd011f99bfb66']; context = [[4, 50]]
validation step on 1500 33/100; scene = ['67a69088a2695987']; context = [[6, 86]]
validation step on 1500 34/100; scene = ['b4099665590548fc']; context = [[23, 74]]
validation step on 1500 35/100; scene = ['9e2a8cc5f32dd46b']; context = [[75, 151]]
validation step on 1500 36/100; scene = ['2e109379f53bb221']; context = [[35, 108]]
validation step on 1500 37/100; scene = ['8adebbb68f2c3f84']; context = [[72, 131]]
validation step on 1500 38/100; scene = ['29e0bfbad00f0d5e']; context = [[8, 100]]
validation step on 1500 39/100; scene = ['debc3490ba0bd84b']; context = [[34, 81]]
validation step on 1500 40/100; scene = ['7c7bc5285126e6ad']; context = [[64, 126]]
validation step on 1500 41/100; scene = ['cdf439b17a6a98d4']; context = [[31, 77]]
validation step on 1500 42/100; scene = ['cb38d67088b66084']; context = [[49, 106]]
validation step on 1500 43/100; scene = ['2da2eeb966bc0ef8']; context = [[30, 94]]
validation step on 1500 44/100; scene = ['bb4d7012261ee0ed']; context = [[0, 46]]
validation step on 1500 45/100; scene = ['9e1f1beb4ba8e5da']; context = [[9, 73]]
validation step on 1500 46/100; scene = ['26b31d71789bffad']; context = [[3, 57]]
validation step on 1500 47/100; scene = ['41abd737e0228c1a']; context = [[81, 127]]
validation step on 1500 48/100; scene = ['ed0c2aca14b99efa']; context = [[62, 119]]
validation step on 1500 49/100; scene = ['8d5163de9ea4d851']; context = [[39, 85]]
validation step on 1500 50/100; scene = ['81be42df6ccae760']; context = [[13, 107]]
validation step on 1500 51/100; scene = ['6fe141ec9be1a432']; context = [[12, 73]]
validation step on 1500 52/100; scene = ['3b6d8db52c54b174']; context = [[0, 80]]
validation step on 1500 53/100; scene = ['3087828bc27bc4c7']; context = [[15, 96]]
validation step on 1500 54/100; scene = ['e124dfa7e996a414']; context = [[48, 93]]
validation step on 1500 55/100; scene = ['e1afd89a69ee6947']; context = [[34, 113]]
validation step on 1500 56/100; scene = ['79ce50fb7b021e1d']; context = [[212, 278]]
validation step on 1500 57/100; scene = ['358bdee988c269ef']; context = [[3, 95]]
validation step on 1500 58/100; scene = ['f14791aec34dbdcd']; context = [[5, 59]]
validation step on 1500 59/100; scene = ['0c52996355b23d76']; context = [[51, 111]]
validation step on 1500 60/100; scene = ['62bcb465bb03d34f']; context = [[6, 84]]
validation step on 1500 61/100; scene = ['1f0e06e4388dd600']; context = [[44, 96]]
validation step on 1500 62/100; scene = ['c9c30723d7c54793']; context = [[152, 247]]
validation step on 1500 63/100; scene = ['8b212f2755d955ec']; context = [[40, 110]]
validation step on 1500 64/100; scene = ['de67e3a0b0648cfe']; context = [[16, 72]]
validation step on 1500 65/100; scene = ['54841308aff91857']; context = [[27, 86]]
validation step on 1500 66/100; scene = ['40ca76de44a6e1a9']; context = [[43, 107]]
validation step on 1500 67/100; scene = ['bc143130c1842e4b']; context = [[29, 133]]
validation step on 1500 68/100; scene = ['912177dbf0a1ed6c']; context = [[3, 60]]
validation step on 1500 69/100; scene = ['afe4e799a94e06b3']; context = [[54, 150]]
validation step on 1500 70/100; scene = ['17f552ef56d85c55']; context = [[20, 86]]
validation step on 1500 71/100; scene = ['a7c691c210154b09']; context = [[0, 50]]
validation step on 1500 72/100; scene = ['9490f1219dbbb6ce']; context = [[17, 72]]
validation step on 1500 73/100; scene = ['154365ab5a4e067b']; context = [[2, 48]]
validation step on 1500 74/100; scene = ['ab4c269f8d523d02']; context = [[18, 72]]
validation step on 1500 75/100; scene = ['75d475e9558ab806']; context = [[1, 46]]
validation step on 1500 76/100; scene = ['fdaab1f49851782c']; context = [[31, 142]]
validation step on 1500 77/100; scene = ['2d4efa3897a4ba2d']; context = [[4, 58]]
validation step on 1500 78/100; scene = ['14f477e7d5af5b91']; context = [[17, 72]]
validation step on 1500 79/100; scene = ['de45926738229f67']; context = [[22, 84]]
validation step on 1500 80/100; scene = ['5c909c802eb6edb1']; context = [[13, 78]]
validation step on 1500 81/100; scene = ['aa91dfdd5f4ad32b']; context = [[8, 57]]
validation step on 1500 82/100; scene = ['88d9ba3324f2ec21']; context = [[2, 49]]
validation step on 1500 83/100; scene = ['622ef98e83ed5239']; context = [[3, 66]]
validation step on 1500 84/100; scene = ['30fc5fc78c5a716e']; context = [[151, 210]]
validation step on 1500 85/100; scene = ['8b760ac05c93a6bb']; context = [[26, 72]]
validation step on 1500 86/100; scene = ['800ea72b6988f63e']; context = [[141, 190]]
validation step on 1500 87/100; scene = ['674dabef8f53b566']; context = [[9, 91]]
validation step on 1500 88/100; scene = ['d3a01038c5f21473']; context = [[139, 273]]
validation step on 1500 89/100; scene = ['3e5f747d06bc84a3']; context = [[85, 190]]
validation step on 1500 90/100; scene = ['bb6fa5bdafc14e8c']; context = [[43, 139]]
validation step on 1500 91/100; scene = ['052430ff6e2c07c4']; context = [[19, 92]]
validation step on 1500 92/100; scene = ['0588138dfec165a1']; context = [[70, 160]]
validation step on 1500 93/100; scene = ['e4bcb18fa6aa91be']; context = [[32, 79]]
validation step on 1500 94/100; scene = ['4c4fa41951e37e78']; context = [[8, 60]]
validation step on 1500 95/100; scene = ['252a24d25a1ea81d']; context = [[198, 263]]
validation step on 1500 96/100; scene = ['214df1c2863d2959']; context = [[45, 96]]
validation step on 1500 97/100; scene = ['bfd27ad72975e120']; context = [[8, 55]]
validation step on 1500 98/100; scene = ['572acd18419c3456']; context = [[3, 62]]
validation step on 1500 99/100; scene = ['b26e6c80d283c4c8']; context = [[46, 92]]
validation step on 1500 100/100; scene = ['10c8e54590f715f7']; context = [[6, 76]]
train step[1500/2000] ; used: 31m:51s; eta: 10m:36s; loss = 0.022817; ['mse_0=0.002373; ', 'lpips_0=0.006230; ', 'codec_recon_0=0.022783; ', 'bpp_0=6.067732; ', 'mse_1=0.002064; ', 'lpips_1=0.005298; ', 'codec_recon_1=0.334641; ', 'bpp_1=0.295635; ', 'mse_2=0.001975; ', 'lpips_2=0.004876; ', 'codec_recon_2=0.089137; ', 'bpp_2=0.273154; ']
train step[1501/2000] ; used: 31m:52s; eta: 10m:35s; loss = 0.020624; ['mse_0=0.001932; ', 'lpips_0=0.005697; ', 'codec_recon_0=0.024610; ', 'bpp_0=5.928378; ', 'mse_1=0.001697; ', 'lpips_1=0.005089; ', 'codec_recon_1=0.347802; ', 'bpp_1=0.294651; ', 'mse_2=0.001564; ', 'lpips_2=0.004644; ', 'codec_recon_2=0.081874; ', 'bpp_2=0.274612; ']
train step[1502/2000] ; used: 31m:53s; eta: 10m:34s; loss = 0.012700; ['mse_0=0.000422; ', 'lpips_0=0.004391; ', 'codec_recon_0=0.026646; ', 'bpp_0=5.939849; ', 'mse_1=0.000363; ', 'lpips_1=0.003759; ', 'codec_recon_1=0.311817; ', 'bpp_1=0.291556; ', 'mse_2=0.000329; ', 'lpips_2=0.003436; ', 'codec_recon_2=0.093404; ', 'bpp_2=0.272518; ']
train step[1503/2000] ; used: 31m:54s; eta: 10m:32s; loss = 0.021436; ['mse_0=0.003064; ', 'lpips_0=0.005372; ', 'codec_recon_0=0.021566; ', 'bpp_0=6.337278; ', 'mse_1=0.002627; ', 'lpips_1=0.004387; ', 'codec_recon_1=0.356669; ', 'bpp_1=0.302794; ', 'mse_2=0.002323; ', 'lpips_2=0.003663; ', 'codec_recon_2=0.079251; ', 'bpp_2=0.284671; ']
train step[1504/2000] ; used: 31m:55s; eta: 10m:31s; loss = 0.020070; ['mse_0=0.001345; ', 'lpips_0=0.006167; ', 'codec_recon_0=0.023656; ', 'bpp_0=5.994740; ', 'mse_1=0.001100; ', 'lpips_1=0.005490; ', 'codec_recon_1=0.346472; ', 'bpp_1=0.293586; ', 'mse_2=0.000963; ', 'lpips_2=0.005006; ', 'codec_recon_2=0.086257; ', 'bpp_2=0.277067; ']
train step[1505/2000] ; used: 31m:56s; eta: 10m:29s; loss = 0.017092; ['mse_0=0.001637; ', 'lpips_0=0.005151; ', 'codec_recon_0=0.021013; ', 'bpp_0=6.099814; ', 'mse_1=0.001334; ', 'lpips_1=0.004292; ', 'codec_recon_1=0.378096; ', 'bpp_1=0.295543; ', 'mse_2=0.001100; ', 'lpips_2=0.003578; ', 'codec_recon_2=0.085669; ', 'bpp_2=0.275682; ']
train step[1506/2000] ; used: 31m:57s; eta: 10m:28s; loss = 0.015721; ['mse_0=0.001175; ', 'lpips_0=0.004602; ', 'codec_recon_0=0.026170; ', 'bpp_0=6.017761; ', 'mse_1=0.000951; ', 'lpips_1=0.004158; ', 'codec_recon_1=0.270323; ', 'bpp_1=0.294850; ', 'mse_2=0.000895; ', 'lpips_2=0.003939; ', 'codec_recon_2=0.090921; ', 'bpp_2=0.273755; ']
train step[1507/2000] ; used: 31m:58s; eta: 10m:27s; loss = 0.023946; ['mse_0=0.003373; ', 'lpips_0=0.005683; ', 'codec_recon_0=0.018964; ', 'bpp_0=6.151402; ', 'mse_1=0.003136; ', 'lpips_1=0.004878; ', 'codec_recon_1=0.369497; ', 'bpp_1=0.298658; ', 'mse_2=0.002900; ', 'lpips_2=0.003976; ', 'codec_recon_2=0.083549; ', 'bpp_2=0.278735; ']
train step[1508/2000] ; used: 32m; eta: 10m:26s; loss = 0.010407; ['mse_0=0.000871; ', 'lpips_0=0.003208; ', 'codec_recon_0=0.018881; ', 'bpp_0=6.062382; ', 'mse_1=0.000710; ', 'lpips_1=0.002669; ', 'codec_recon_1=0.298377; ', 'bpp_1=0.296360; ', 'mse_2=0.000640; ', 'lpips_2=0.002309; ', 'codec_recon_2=0.086734; ', 'bpp_2=0.273679; ']
train step[1509/2000] ; used: 32m:1s; eta: 10m:24s; loss = 0.013322; ['mse_0=0.000983; ', 'lpips_0=0.004332; ', 'codec_recon_0=0.017781; ', 'bpp_0=6.118411; ', 'mse_1=0.000855; ', 'lpips_1=0.003482; ', 'codec_recon_1=0.304591; ', 'bpp_1=0.295702; ', 'mse_2=0.000788; ', 'lpips_2=0.002882; ', 'codec_recon_2=0.081849; ', 'bpp_2=0.274263; ']
train step[1510/2000] ; used: 32m:2s; eta: 10m:23s; loss = 0.013686; ['mse_0=0.001049; ', 'lpips_0=0.004182; ', 'codec_recon_0=0.026773; ', 'bpp_0=6.036519; ', 'mse_1=0.000903; ', 'lpips_1=0.003520; ', 'codec_recon_1=0.302961; ', 'bpp_1=0.294435; ', 'mse_2=0.000829; ', 'lpips_2=0.003202; ', 'codec_recon_2=0.104445; ', 'bpp_2=0.273084; ']
train step[1511/2000] ; used: 32m:3s; eta: 10m:22s; loss = 0.011207; ['mse_0=0.001208; ', 'lpips_0=0.003446; ', 'codec_recon_0=0.018958; ', 'bpp_0=6.144092; ', 'mse_1=0.000866; ', 'lpips_1=0.002743; ', 'codec_recon_1=0.330187; ', 'bpp_1=0.299601; ', 'mse_2=0.000694; ', 'lpips_2=0.002249; ', 'codec_recon_2=0.081756; ', 'bpp_2=0.278367; ']
train step[1512/2000] ; used: 32m:4s; eta: 10m:20s; loss = 0.015120; ['mse_0=0.001490; ', 'lpips_0=0.004299; ', 'codec_recon_0=0.021770; ', 'bpp_0=6.028876; ', 'mse_1=0.001347; ', 'lpips_1=0.003556; ', 'codec_recon_1=0.314287; ', 'bpp_1=0.294738; ', 'mse_2=0.001251; ', 'lpips_2=0.003176; ', 'codec_recon_2=0.084956; ', 'bpp_2=0.272773; ']
train step[1513/2000] ; used: 32m:5s; eta: 10m:19s; loss = 0.017694; ['mse_0=0.000610; ', 'lpips_0=0.006250; ', 'codec_recon_0=0.023795; ', 'bpp_0=6.045301; ', 'mse_1=0.000488; ', 'lpips_1=0.005410; ', 'codec_recon_1=0.395714; ', 'bpp_1=0.293738; ', 'mse_2=0.000389; ', 'lpips_2=0.004547; ', 'codec_recon_2=0.096606; ', 'bpp_2=0.276046; ']
train step[1514/2000] ; used: 32m:6s; eta: 10m:18s; loss = 0.013461; ['mse_0=0.000435; ', 'lpips_0=0.004584; ', 'codec_recon_0=0.022931; ', 'bpp_0=5.910854; ', 'mse_1=0.000348; ', 'lpips_1=0.004033; ', 'codec_recon_1=0.304878; ', 'bpp_1=0.289399; ', 'mse_2=0.000306; ', 'lpips_2=0.003755; ', 'codec_recon_2=0.091788; ', 'bpp_2=0.266843; ']
train step[1515/2000] ; used: 32m:7s; eta: 10m:16s; loss = 0.014583; ['mse_0=0.001091; ', 'lpips_0=0.004452; ', 'codec_recon_0=0.021944; ', 'bpp_0=6.029516; ', 'mse_1=0.000940; ', 'lpips_1=0.003729; ', 'codec_recon_1=0.294033; ', 'bpp_1=0.295190; ', 'mse_2=0.000891; ', 'lpips_2=0.003480; ', 'codec_recon_2=0.085314; ', 'bpp_2=0.273986; ']
train step[1516/2000] ; used: 32m:8s; eta: 10m:15s; loss = 0.013542; ['mse_0=0.000967; ', 'lpips_0=0.004263; ', 'codec_recon_0=0.020950; ', 'bpp_0=5.884804; ', 'mse_1=0.000818; ', 'lpips_1=0.003527; ', 'codec_recon_1=0.277794; ', 'bpp_1=0.292810; ', 'mse_2=0.000766; ', 'lpips_2=0.003201; ', 'codec_recon_2=0.090753; ', 'bpp_2=0.271342; ']
train step[1517/2000] ; used: 32m:9s; eta: 10m:13s; loss = 0.006540; ['mse_0=0.000310; ', 'lpips_0=0.002404; ', 'codec_recon_0=0.018902; ', 'bpp_0=6.000680; ', 'mse_1=0.000232; ', 'lpips_1=0.001862; ', 'codec_recon_1=0.268017; ', 'bpp_1=0.290942; ', 'mse_2=0.000183; ', 'lpips_2=0.001550; ', 'codec_recon_2=0.084141; ', 'bpp_2=0.266447; ']
train step[1518/2000] ; used: 32m:10s; eta: 10m:12s; loss = 0.015251; ['mse_0=0.000552; ', 'lpips_0=0.005251; ', 'codec_recon_0=0.031724; ', 'bpp_0=5.758576; ', 'mse_1=0.000401; ', 'lpips_1=0.004406; ', 'codec_recon_1=0.275690; ', 'bpp_1=0.285635; ', 'mse_2=0.000382; ', 'lpips_2=0.004259; ', 'codec_recon_2=0.085046; ', 'bpp_2=0.269254; ']
train step[1519/2000] ; used: 32m:11s; eta: 10m:11s; loss = 0.012570; ['mse_0=0.001004; ', 'lpips_0=0.003869; ', 'codec_recon_0=0.020994; ', 'bpp_0=6.166525; ', 'mse_1=0.000848; ', 'lpips_1=0.003259; ', 'codec_recon_1=0.324537; ', 'bpp_1=0.297756; ', 'mse_2=0.000747; ', 'lpips_2=0.002845; ', 'codec_recon_2=0.092833; ', 'bpp_2=0.276046; ']
train step[1520/2000] ; used: 32m:12s; eta: 10m:9s; loss = 0.019933; ['mse_0=0.002792; ', 'lpips_0=0.005151; ', 'codec_recon_0=0.022473; ', 'bpp_0=5.937201; ', 'mse_1=0.002245; ', 'lpips_1=0.004402; ', 'codec_recon_1=0.336167; ', 'bpp_1=0.296740; ', 'mse_2=0.001804; ', 'lpips_2=0.003539; ', 'codec_recon_2=0.078664; ', 'bpp_2=0.275400; ']
train step[1521/2000] ; used: 32m:13s; eta: 10m:8s; loss = 0.016546; ['mse_0=0.001368; ', 'lpips_0=0.004615; ', 'codec_recon_0=0.022593; ', 'bpp_0=5.911505; ', 'mse_1=0.001243; ', 'lpips_1=0.004158; ', 'codec_recon_1=0.266711; ', 'bpp_1=0.291064; ', 'mse_2=0.001184; ', 'lpips_2=0.003979; ', 'codec_recon_2=0.087320; ', 'bpp_2=0.270813; ']
train step[1522/2000] ; used: 32m:14s; eta: 10m:7s; loss = 0.010323; ['mse_0=0.000608; ', 'lpips_0=0.003383; ', 'codec_recon_0=0.023343; ', 'bpp_0=5.887431; ', 'mse_1=0.000447; ', 'lpips_1=0.002818; ', 'codec_recon_1=0.267555; ', 'bpp_1=0.291952; ', 'mse_2=0.000420; ', 'lpips_2=0.002647; ', 'codec_recon_2=0.088879; ', 'bpp_2=0.269831; ']
train step[1523/2000] ; used: 32m:15s; eta: 10m:5s; loss = 0.014875; ['mse_0=0.001260; ', 'lpips_0=0.004203; ', 'codec_recon_0=0.019509; ', 'bpp_0=5.978762; ', 'mse_1=0.001157; ', 'lpips_1=0.003710; ', 'codec_recon_1=0.286105; ', 'bpp_1=0.294084; ', 'mse_2=0.001107; ', 'lpips_2=0.003439; ', 'codec_recon_2=0.079525; ', 'bpp_2=0.272210; ']
train step[1524/2000] ; used: 32m:16s; eta: 10m:4s; loss = 0.013717; ['mse_0=0.001131; ', 'lpips_0=0.004118; ', 'codec_recon_0=0.020656; ', 'bpp_0=6.082696; ', 'mse_1=0.001008; ', 'lpips_1=0.003438; ', 'codec_recon_1=0.295763; ', 'bpp_1=0.295798; ', 'mse_2=0.000953; ', 'lpips_2=0.003070; ', 'codec_recon_2=0.088328; ', 'bpp_2=0.274401; ']
train step[1525/2000] ; used: 32m:17s; eta: 10m:3s; loss = 0.017715; ['mse_0=0.001459; ', 'lpips_0=0.005529; ', 'codec_recon_0=0.021591; ', 'bpp_0=6.050092; ', 'mse_1=0.001242; ', 'lpips_1=0.004563; ', 'codec_recon_1=0.383587; ', 'bpp_1=0.293908; ', 'mse_2=0.001110; ', 'lpips_2=0.003812; ', 'codec_recon_2=0.086955; ', 'bpp_2=0.275735; ']
train step[1526/2000] ; used: 32m:18s; eta: 10m:1s; loss = 0.015189; ['mse_0=0.000776; ', 'lpips_0=0.005104; ', 'codec_recon_0=0.026455; ', 'bpp_0=5.903752; ', 'mse_1=0.000610; ', 'lpips_1=0.004312; ', 'codec_recon_1=0.304749; ', 'bpp_1=0.292738; ', 'mse_2=0.000532; ', 'lpips_2=0.003855; ', 'codec_recon_2=0.093376; ', 'bpp_2=0.269957; ']
train step[1527/2000] ; used: 32m:19s; eta: 10m; loss = 0.014517; ['mse_0=0.000993; ', 'lpips_0=0.004831; ', 'codec_recon_0=0.019166; ', 'bpp_0=6.096347; ', 'mse_1=0.000792; ', 'lpips_1=0.004020; ', 'codec_recon_1=0.361732; ', 'bpp_1=0.295234; ', 'mse_2=0.000647; ', 'lpips_2=0.003234; ', 'codec_recon_2=0.085866; ', 'bpp_2=0.274871; ']
train step[1528/2000] ; used: 32m:20s; eta: 9m:59s; loss = 0.017331; ['mse_0=0.001741; ', 'lpips_0=0.005025; ', 'codec_recon_0=0.020895; ', 'bpp_0=6.239341; ', 'mse_1=0.001475; ', 'lpips_1=0.004090; ', 'codec_recon_1=0.347921; ', 'bpp_1=0.299867; ', 'mse_2=0.001329; ', 'lpips_2=0.003672; ', 'codec_recon_2=0.093149; ', 'bpp_2=0.280717; ']
train step[1529/2000] ; used: 32m:22s; eta: 9m:57s; loss = 0.029991; ['mse_0=0.004954; ', 'lpips_0=0.006064; ', 'codec_recon_0=0.021575; ', 'bpp_0=6.192428; ', 'mse_1=0.004580; ', 'lpips_1=0.005287; ', 'codec_recon_1=0.360580; ', 'bpp_1=0.299226; ', 'mse_2=0.004385; ', 'lpips_2=0.004721; ', 'codec_recon_2=0.087995; ', 'bpp_2=0.279659; ']
train step[1530/2000] ; used: 32m:23s; eta: 9m:56s; loss = 0.023847; ['mse_0=0.003307; ', 'lpips_0=0.005569; ', 'codec_recon_0=0.020856; ', 'bpp_0=6.197790; ', 'mse_1=0.002884; ', 'lpips_1=0.004858; ', 'codec_recon_1=0.349449; ', 'bpp_1=0.299960; ', 'mse_2=0.002770; ', 'lpips_2=0.004459; ', 'codec_recon_2=0.084898; ', 'bpp_2=0.279624; ']
train step[1531/2000] ; used: 32m:24s; eta: 9m:55s; loss = 0.014963; ['mse_0=0.001620; ', 'lpips_0=0.004205; ', 'codec_recon_0=0.020110; ', 'bpp_0=5.965439; ', 'mse_1=0.001354; ', 'lpips_1=0.003456; ', 'codec_recon_1=0.313739; ', 'bpp_1=0.293854; ', 'mse_2=0.001247; ', 'lpips_2=0.003081; ', 'codec_recon_2=0.080964; ', 'bpp_2=0.271490; ']
train step[1532/2000] ; used: 32m:25s; eta: 9m:53s; loss = 0.018429; ['mse_0=0.001464; ', 'lpips_0=0.005570; ', 'codec_recon_0=0.020449; ', 'bpp_0=6.113150; ', 'mse_1=0.001246; ', 'lpips_1=0.004789; ', 'codec_recon_1=0.356062; ', 'bpp_1=0.296630; ', 'mse_2=0.001074; ', 'lpips_2=0.004286; ', 'codec_recon_2=0.085441; ', 'bpp_2=0.277446; ']
train step[1533/2000] ; used: 32m:26s; eta: 9m:52s; loss = 0.013880; ['mse_0=0.000401; ', 'lpips_0=0.004837; ', 'codec_recon_0=0.021499; ', 'bpp_0=5.902341; ', 'mse_1=0.000330; ', 'lpips_1=0.004162; ', 'codec_recon_1=0.281374; ', 'bpp_1=0.289817; ', 'mse_2=0.000298; ', 'lpips_2=0.003851; ', 'codec_recon_2=0.087587; ', 'bpp_2=0.267724; ']
train step[1534/2000] ; used: 32m:27s; eta: 9m:51s; loss = 0.027123; ['mse_0=0.002916; ', 'lpips_0=0.006818; ', 'codec_recon_0=0.026992; ', 'bpp_0=6.052380; ', 'mse_1=0.002655; ', 'lpips_1=0.006203; ', 'codec_recon_1=0.333968; ', 'bpp_1=0.296208; ', 'mse_2=0.002608; ', 'lpips_2=0.005923; ', 'codec_recon_2=0.107772; ', 'bpp_2=0.274338; ']
train step[1535/2000] ; used: 32m:28s; eta: 9m:49s; loss = 0.015818; ['mse_0=0.001758; ', 'lpips_0=0.004320; ', 'codec_recon_0=0.021402; ', 'bpp_0=6.031481; ', 'mse_1=0.001469; ', 'lpips_1=0.003644; ', 'codec_recon_1=0.315554; ', 'bpp_1=0.293699; ', 'mse_2=0.001319; ', 'lpips_2=0.003308; ', 'codec_recon_2=0.086508; ', 'bpp_2=0.273520; ']
train step[1536/2000] ; used: 32m:29s; eta: 9m:48s; loss = 0.016266; ['mse_0=0.001232; ', 'lpips_0=0.004991; ', 'codec_recon_0=0.022175; ', 'bpp_0=5.957391; ', 'mse_1=0.001094; ', 'lpips_1=0.004212; ', 'codec_recon_1=0.326582; ', 'bpp_1=0.292477; ', 'mse_2=0.000990; ', 'lpips_2=0.003746; ', 'codec_recon_2=0.094902; ', 'bpp_2=0.272545; ']
train step[1537/2000] ; used: 32m:30s; eta: 9m:47s; loss = 0.016917; ['mse_0=0.001430; ', 'lpips_0=0.005123; ', 'codec_recon_0=0.022602; ', 'bpp_0=5.907322; ', 'mse_1=0.001254; ', 'lpips_1=0.004223; ', 'codec_recon_1=0.316572; ', 'bpp_1=0.293055; ', 'mse_2=0.001103; ', 'lpips_2=0.003784; ', 'codec_recon_2=0.083558; ', 'bpp_2=0.275299; ']
train step[1538/2000] ; used: 32m:31s; eta: 9m:45s; loss = 0.021377; ['mse_0=0.002314; ', 'lpips_0=0.005339; ', 'codec_recon_0=0.027805; ', 'bpp_0=5.920645; ', 'mse_1=0.002256; ', 'lpips_1=0.004770; ', 'codec_recon_1=0.286312; ', 'bpp_1=0.292811; ', 'mse_2=0.002207; ', 'lpips_2=0.004492; ', 'codec_recon_2=0.089859; ', 'bpp_2=0.271806; ']
train step[1539/2000] ; used: 32m:32s; eta: 9m:44s; loss = 0.011378; ['mse_0=0.000880; ', 'lpips_0=0.003773; ', 'codec_recon_0=0.018151; ', 'bpp_0=6.007456; ', 'mse_1=0.000612; ', 'lpips_1=0.003015; ', 'codec_recon_1=0.296277; ', 'bpp_1=0.294596; ', 'mse_2=0.000496; ', 'lpips_2=0.002602; ', 'codec_recon_2=0.081322; ', 'bpp_2=0.271586; ']
train step[1540/2000] ; used: 32m:33s; eta: 9m:43s; loss = 0.014145; ['mse_0=0.000686; ', 'lpips_0=0.004655; ', 'codec_recon_0=0.020660; ', 'bpp_0=5.885181; ', 'mse_1=0.000551; ', 'lpips_1=0.004054; ', 'codec_recon_1=0.279601; ', 'bpp_1=0.290089; ', 'mse_2=0.000527; ', 'lpips_2=0.003673; ', 'codec_recon_2=0.080514; ', 'bpp_2=0.267693; ']
train step[1541/2000] ; used: 32m:34s; eta: 9m:41s; loss = 0.012212; ['mse_0=0.000929; ', 'lpips_0=0.003819; ', 'codec_recon_0=0.019804; ', 'bpp_0=5.920210; ', 'mse_1=0.000754; ', 'lpips_1=0.003172; ', 'codec_recon_1=0.283299; ', 'bpp_1=0.292833; ', 'mse_2=0.000670; ', 'lpips_2=0.002867; ', 'codec_recon_2=0.073973; ', 'bpp_2=0.269288; ']
train step[1542/2000] ; used: 32m:35s; eta: 9m:40s; loss = 0.010416; ['mse_0=0.000511; ', 'lpips_0=0.003857; ', 'codec_recon_0=0.021268; ', 'bpp_0=6.089087; ', 'mse_1=0.000403; ', 'lpips_1=0.003051; ', 'codec_recon_1=0.376062; ', 'bpp_1=0.294651; ', 'mse_2=0.000273; ', 'lpips_2=0.002321; ', 'codec_recon_2=0.103205; ', 'bpp_2=0.273587; ']
train step[1543/2000] ; used: 32m:36s; eta: 9m:39s; loss = 0.017831; ['mse_0=0.001811; ', 'lpips_0=0.005056; ', 'codec_recon_0=0.020620; ', 'bpp_0=6.138981; ', 'mse_1=0.001595; ', 'lpips_1=0.004181; ', 'codec_recon_1=0.308478; ', 'bpp_1=0.297216; ', 'mse_2=0.001525; ', 'lpips_2=0.003663; ', 'codec_recon_2=0.089814; ', 'bpp_2=0.275696; ']
train step[1544/2000] ; used: 32m:37s; eta: 9m:37s; loss = 0.013567; ['mse_0=0.001149; ', 'lpips_0=0.004014; ', 'codec_recon_0=0.019209; ', 'bpp_0=6.159486; ', 'mse_1=0.000930; ', 'lpips_1=0.003472; ', 'codec_recon_1=0.309145; ', 'bpp_1=0.297760; ', 'mse_2=0.000825; ', 'lpips_2=0.003177; ', 'codec_recon_2=0.084169; ', 'bpp_2=0.276894; ']
train step[1545/2000] ; used: 32m:38s; eta: 9m:36s; loss = 0.031553; ['mse_0=0.002389; ', 'lpips_0=0.008850; ', 'codec_recon_0=0.027227; ', 'bpp_0=5.799575; ', 'mse_1=0.002014; ', 'lpips_1=0.008242; ', 'codec_recon_1=0.286230; ', 'bpp_1=0.288993; ', 'mse_2=0.001968; ', 'lpips_2=0.008089; ', 'codec_recon_2=0.091142; ', 'bpp_2=0.269665; ']
train step[1546/2000] ; used: 32m:39s; eta: 9m:35s; loss = 0.021906; ['mse_0=0.002108; ', 'lpips_0=0.006324; ', 'codec_recon_0=0.023029; ', 'bpp_0=5.982745; ', 'mse_1=0.001775; ', 'lpips_1=0.005350; ', 'codec_recon_1=0.368040; ', 'bpp_1=0.292040; ', 'mse_2=0.001578; ', 'lpips_2=0.004770; ', 'codec_recon_2=0.090508; ', 'bpp_2=0.273258; ']
train step[1547/2000] ; used: 32m:40s; eta: 9m:33s; loss = 0.019468; ['mse_0=0.001905; ', 'lpips_0=0.006176; ', 'codec_recon_0=0.024218; ', 'bpp_0=6.147434; ', 'mse_1=0.001534; ', 'lpips_1=0.004777; ', 'codec_recon_1=0.402289; ', 'bpp_1=0.297182; ', 'mse_2=0.001283; ', 'lpips_2=0.003793; ', 'codec_recon_2=0.103846; ', 'bpp_2=0.278201; ']
train step[1548/2000] ; used: 32m:41s; eta: 9m:32s; loss = 0.016996; ['mse_0=0.001909; ', 'lpips_0=0.004454; ', 'codec_recon_0=0.027292; ', 'bpp_0=6.057960; ', 'mse_1=0.001595; ', 'lpips_1=0.003879; ', 'codec_recon_1=0.339735; ', 'bpp_1=0.293222; ', 'mse_2=0.001507; ', 'lpips_2=0.003652; ', 'codec_recon_2=0.088858; ', 'bpp_2=0.273431; ']
train step[1549/2000] ; used: 32m:42s; eta: 9m:31s; loss = 0.015645; ['mse_0=0.001592; ', 'lpips_0=0.004912; ', 'codec_recon_0=0.019028; ', 'bpp_0=6.030512; ', 'mse_1=0.001282; ', 'lpips_1=0.003945; ', 'codec_recon_1=0.414461; ', 'bpp_1=0.294343; ', 'mse_2=0.000945; ', 'lpips_2=0.002969; ', 'codec_recon_2=0.081798; ', 'bpp_2=0.273459; ']
train step[1550/2000] ; used: 32m:43s; eta: 9m:29s; loss = 0.010150; ['mse_0=0.000291; ', 'lpips_0=0.003664; ', 'codec_recon_0=0.020438; ', 'bpp_0=6.057511; ', 'mse_1=0.000221; ', 'lpips_1=0.003092; ', 'codec_recon_1=0.325832; ', 'bpp_1=0.293775; ', 'mse_2=0.000166; ', 'lpips_2=0.002716; ', 'codec_recon_2=0.097823; ', 'bpp_2=0.269918; ']
train step[1551/2000] ; used: 32m:44s; eta: 9m:28s; loss = 0.021695; ['mse_0=0.002201; ', 'lpips_0=0.005639; ', 'codec_recon_0=0.021057; ', 'bpp_0=5.954716; ', 'mse_1=0.002082; ', 'lpips_1=0.005112; ', 'codec_recon_1=0.312261; ', 'bpp_1=0.293718; ', 'mse_2=0.001916; ', 'lpips_2=0.004745; ', 'codec_recon_2=0.077494; ', 'bpp_2=0.271098; ']
train step[1552/2000] ; used: 32m:45s; eta: 9m:27s; loss = 0.014556; ['mse_0=0.001198; ', 'lpips_0=0.004571; ', 'codec_recon_0=0.019316; ', 'bpp_0=6.183915; ', 'mse_1=0.000984; ', 'lpips_1=0.003840; ', 'codec_recon_1=0.370079; ', 'bpp_1=0.296360; ', 'mse_2=0.000821; ', 'lpips_2=0.003142; ', 'codec_recon_2=0.097110; ', 'bpp_2=0.274889; ']
train step[1553/2000] ; used: 32m:46s; eta: 9m:25s; loss = 0.016235; ['mse_0=0.001520; ', 'lpips_0=0.004987; ', 'codec_recon_0=0.021733; ', 'bpp_0=6.292270; ', 'mse_1=0.001274; ', 'lpips_1=0.004055; ', 'codec_recon_1=0.390112; ', 'bpp_1=0.298960; ', 'mse_2=0.001110; ', 'lpips_2=0.003289; ', 'codec_recon_2=0.095661; ', 'bpp_2=0.280113; ']
train step[1554/2000] ; used: 32m:47s; eta: 9m:24s; loss = 0.017336; ['mse_0=0.002282; ', 'lpips_0=0.004223; ', 'codec_recon_0=0.019201; ', 'bpp_0=6.106183; ', 'mse_1=0.001957; ', 'lpips_1=0.003695; ', 'codec_recon_1=0.300991; ', 'bpp_1=0.296373; ', 'mse_2=0.001838; ', 'lpips_2=0.003341; ', 'codec_recon_2=0.082042; ', 'bpp_2=0.276129; ']
train step[1555/2000] ; used: 32m:48s; eta: 9m:23s; loss = 0.022970; ['mse_0=0.001972; ', 'lpips_0=0.006575; ', 'codec_recon_0=0.021007; ', 'bpp_0=6.013141; ', 'mse_1=0.001761; ', 'lpips_1=0.005721; ', 'codec_recon_1=0.327864; ', 'bpp_1=0.294313; ', 'mse_2=0.001651; ', 'lpips_2=0.005290; ', 'codec_recon_2=0.085071; ', 'bpp_2=0.273782; ']
train step[1556/2000] ; used: 32m:49s; eta: 9m:21s; loss = 0.016734; ['mse_0=0.001229; ', 'lpips_0=0.005117; ', 'codec_recon_0=0.019831; ', 'bpp_0=5.902339; ', 'mse_1=0.000991; ', 'lpips_1=0.004404; ', 'codec_recon_1=0.306454; ', 'bpp_1=0.290493; ', 'mse_2=0.000898; ', 'lpips_2=0.004094; ', 'codec_recon_2=0.080085; ', 'bpp_2=0.268961; ']
train step[1557/2000] ; used: 32m:50s; eta: 9m:20s; loss = 0.013620; ['mse_0=0.000938; ', 'lpips_0=0.004311; ', 'codec_recon_0=0.018927; ', 'bpp_0=5.971099; ', 'mse_1=0.000753; ', 'lpips_1=0.003620; ', 'codec_recon_1=0.280416; ', 'bpp_1=0.293120; ', 'mse_2=0.000705; ', 'lpips_2=0.003293; ', 'codec_recon_2=0.081953; ', 'bpp_2=0.272496; ']
train step[1558/2000] ; used: 32m:51s; eta: 9m:19s; loss = 0.010404; ['mse_0=0.000647; ', 'lpips_0=0.003579; ', 'codec_recon_0=0.021970; ', 'bpp_0=5.972873; ', 'mse_1=0.000490; ', 'lpips_1=0.002921; ', 'codec_recon_1=0.360862; ', 'bpp_1=0.292706; ', 'mse_2=0.000357; ', 'lpips_2=0.002411; ', 'codec_recon_2=0.100301; ', 'bpp_2=0.268395; ']
train step[1559/2000] ; used: 32m:52s; eta: 9m:17s; loss = 0.012521; ['mse_0=0.000972; ', 'lpips_0=0.003785; ', 'codec_recon_0=0.026008; ', 'bpp_0=5.877714; ', 'mse_1=0.000849; ', 'lpips_1=0.003187; ', 'codec_recon_1=0.281321; ', 'bpp_1=0.289392; ', 'mse_2=0.000804; ', 'lpips_2=0.002924; ', 'codec_recon_2=0.091811; ', 'bpp_2=0.267611; ']
train step[1560/2000] ; used: 32m:54s; eta: 9m:16s; loss = 0.009263; ['mse_0=0.000457; ', 'lpips_0=0.003519; ', 'codec_recon_0=0.021494; ', 'bpp_0=5.966997; ', 'mse_1=0.000331; ', 'lpips_1=0.002611; ', 'codec_recon_1=0.330626; ', 'bpp_1=0.291363; ', 'mse_2=0.000246; ', 'lpips_2=0.002099; ', 'codec_recon_2=0.092873; ', 'bpp_2=0.270243; ']
train step[1561/2000] ; used: 32m:55s; eta: 9m:15s; loss = 0.016007; ['mse_0=0.001373; ', 'lpips_0=0.004757; ', 'codec_recon_0=0.021139; ', 'bpp_0=5.948889; ', 'mse_1=0.001120; ', 'lpips_1=0.004065; ', 'codec_recon_1=0.317755; ', 'bpp_1=0.294851; ', 'mse_2=0.001001; ', 'lpips_2=0.003692; ', 'codec_recon_2=0.082625; ', 'bpp_2=0.275240; ']
train step[1562/2000] ; used: 32m:56s; eta: 9m:13s; loss = 0.010203; ['mse_0=0.000667; ', 'lpips_0=0.003369; ', 'codec_recon_0=0.021687; ', 'bpp_0=5.905748; ', 'mse_1=0.000504; ', 'lpips_1=0.002827; ', 'codec_recon_1=0.297738; ', 'bpp_1=0.289640; ', 'mse_2=0.000426; ', 'lpips_2=0.002411; ', 'codec_recon_2=0.096337; ', 'bpp_2=0.266631; ']
train step[1563/2000] ; used: 32m:57s; eta: 9m:12s; loss = 0.012584; ['mse_0=0.000894; ', 'lpips_0=0.004177; ', 'codec_recon_0=0.019193; ', 'bpp_0=6.123085; ', 'mse_1=0.000717; ', 'lpips_1=0.003446; ', 'codec_recon_1=0.349693; ', 'bpp_1=0.297391; ', 'mse_2=0.000562; ', 'lpips_2=0.002788; ', 'codec_recon_2=0.088372; ', 'bpp_2=0.274785; ']
train step[1564/2000] ; used: 32m:58s; eta: 9m:11s; loss = 0.012629; ['mse_0=0.000710; ', 'lpips_0=0.004100; ', 'codec_recon_0=0.020450; ', 'bpp_0=5.950486; ', 'mse_1=0.000590; ', 'lpips_1=0.003506; ', 'codec_recon_1=0.281676; ', 'bpp_1=0.292589; ', 'mse_2=0.000495; ', 'lpips_2=0.003228; ', 'codec_recon_2=0.083208; ', 'bpp_2=0.270623; ']
train step[1565/2000] ; used: 32m:59s; eta: 9m:9s; loss = 0.014950; ['mse_0=0.000588; ', 'lpips_0=0.004854; ', 'codec_recon_0=0.026475; ', 'bpp_0=5.679670; ', 'mse_1=0.000501; ', 'lpips_1=0.004368; ', 'codec_recon_1=0.273822; ', 'bpp_1=0.285764; ', 'mse_2=0.000470; ', 'lpips_2=0.004168; ', 'codec_recon_2=0.096034; ', 'bpp_2=0.266593; ']
train step[1566/2000] ; used: 33m; eta: 9m:8s; loss = 0.019780; ['mse_0=0.001638; ', 'lpips_0=0.005589; ', 'codec_recon_0=0.020241; ', 'bpp_0=6.037403; ', 'mse_1=0.001394; ', 'lpips_1=0.005020; ', 'codec_recon_1=0.296138; ', 'bpp_1=0.294405; ', 'mse_2=0.001335; ', 'lpips_2=0.004805; ', 'codec_recon_2=0.082435; ', 'bpp_2=0.274164; ']
train step[1567/2000] ; used: 33m:1s; eta: 9m:7s; loss = 0.012364; ['mse_0=0.000904; ', 'lpips_0=0.003695; ', 'codec_recon_0=0.019069; ', 'bpp_0=6.009841; ', 'mse_1=0.000801; ', 'lpips_1=0.003233; ', 'codec_recon_1=0.285842; ', 'bpp_1=0.294805; ', 'mse_2=0.000743; ', 'lpips_2=0.002987; ', 'codec_recon_2=0.087799; ', 'bpp_2=0.272929; ']
train step[1568/2000] ; used: 33m:2s; eta: 9m:5s; loss = 0.018369; ['mse_0=0.001691; ', 'lpips_0=0.005554; ', 'codec_recon_0=0.019054; ', 'bpp_0=6.074470; ', 'mse_1=0.001385; ', 'lpips_1=0.004907; ', 'codec_recon_1=0.351371; ', 'bpp_1=0.296860; ', 'mse_2=0.000909; ', 'lpips_2=0.003922; ', 'codec_recon_2=0.089013; ', 'bpp_2=0.277050; ']
train step[1569/2000] ; used: 33m:3s; eta: 9m:4s; loss = 0.018565; ['mse_0=0.001665; ', 'lpips_0=0.005349; ', 'codec_recon_0=0.020960; ', 'bpp_0=5.984645; ', 'mse_1=0.001447; ', 'lpips_1=0.004597; ', 'codec_recon_1=0.326514; ', 'bpp_1=0.294560; ', 'mse_2=0.001343; ', 'lpips_2=0.004164; ', 'codec_recon_2=0.086870; ', 'bpp_2=0.274469; ']
train step[1570/2000] ; used: 33m:4s; eta: 9m:3s; loss = 0.012367; ['mse_0=0.000946; ', 'lpips_0=0.003919; ', 'codec_recon_0=0.026768; ', 'bpp_0=6.149794; ', 'mse_1=0.000844; ', 'lpips_1=0.003091; ', 'codec_recon_1=0.344987; ', 'bpp_1=0.294714; ', 'mse_2=0.000795; ', 'lpips_2=0.002772; ', 'codec_recon_2=0.111902; ', 'bpp_2=0.277528; ']
train step[1571/2000] ; used: 33m:5s; eta: 9m:1s; loss = 0.012853; ['mse_0=0.000768; ', 'lpips_0=0.004048; ', 'codec_recon_0=0.020204; ', 'bpp_0=5.941042; ', 'mse_1=0.000638; ', 'lpips_1=0.003521; ', 'codec_recon_1=0.284461; ', 'bpp_1=0.291335; ', 'mse_2=0.000562; ', 'lpips_2=0.003316; ', 'codec_recon_2=0.080825; ', 'bpp_2=0.270518; ']
train step[1572/2000] ; used: 33m:6s; eta: 9m; loss = 0.014841; ['mse_0=0.001066; ', 'lpips_0=0.004443; ', 'codec_recon_0=0.019946; ', 'bpp_0=5.957280; ', 'mse_1=0.000911; ', 'lpips_1=0.003952; ', 'codec_recon_1=0.296516; ', 'bpp_1=0.291393; ', 'mse_2=0.000820; ', 'lpips_2=0.003649; ', 'codec_recon_2=0.082368; ', 'bpp_2=0.270639; ']
train step[1573/2000] ; used: 33m:7s; eta: 8m:59s; loss = 0.011230; ['mse_0=0.000432; ', 'lpips_0=0.004166; ', 'codec_recon_0=0.020056; ', 'bpp_0=6.120049; ', 'mse_1=0.000310; ', 'lpips_1=0.003428; ', 'codec_recon_1=0.343574; ', 'bpp_1=0.295348; ', 'mse_2=0.000216; ', 'lpips_2=0.002678; ', 'codec_recon_2=0.100770; ', 'bpp_2=0.275576; ']
train step[1574/2000] ; used: 33m:8s; eta: 8m:57s; loss = 0.017154; ['mse_0=0.001488; ', 'lpips_0=0.005271; ', 'codec_recon_0=0.020754; ', 'bpp_0=6.183046; ', 'mse_1=0.001229; ', 'lpips_1=0.004416; ', 'codec_recon_1=0.352802; ', 'bpp_1=0.298983; ', 'mse_2=0.001010; ', 'lpips_2=0.003740; ', 'codec_recon_2=0.086234; ', 'bpp_2=0.279901; ']
train step[1575/2000] ; used: 33m:9s; eta: 8m:56s; loss = 0.012873; ['mse_0=0.000645; ', 'lpips_0=0.004122; ', 'codec_recon_0=0.028007; ', 'bpp_0=5.920713; ', 'mse_1=0.000595; ', 'lpips_1=0.003571; ', 'codec_recon_1=0.286606; ', 'bpp_1=0.290527; ', 'mse_2=0.000557; ', 'lpips_2=0.003382; ', 'codec_recon_2=0.107880; ', 'bpp_2=0.268604; ']
train step[1576/2000] ; used: 33m:10s; eta: 8m:55s; loss = 0.015638; ['mse_0=0.001984; ', 'lpips_0=0.003953; ', 'codec_recon_0=0.018942; ', 'bpp_0=6.212412; ', 'mse_1=0.001804; ', 'lpips_1=0.003253; ', 'codec_recon_1=0.294734; ', 'bpp_1=0.300212; ', 'mse_2=0.001709; ', 'lpips_2=0.002936; ', 'codec_recon_2=0.082163; ', 'bpp_2=0.279130; ']
train step[1577/2000] ; used: 33m:11s; eta: 8m:53s; loss = 0.013676; ['mse_0=0.001171; ', 'lpips_0=0.003930; ', 'codec_recon_0=0.020310; ', 'bpp_0=5.959002; ', 'mse_1=0.001055; ', 'lpips_1=0.003410; ', 'codec_recon_1=0.289740; ', 'bpp_1=0.292662; ', 'mse_2=0.000988; ', 'lpips_2=0.003123; ', 'codec_recon_2=0.082022; ', 'bpp_2=0.271364; ']
train step[1578/2000] ; used: 33m:12s; eta: 8m:52s; loss = 0.012676; ['mse_0=0.000909; ', 'lpips_0=0.004026; ', 'codec_recon_0=0.024124; ', 'bpp_0=5.998373; ', 'mse_1=0.000704; ', 'lpips_1=0.003323; ', 'codec_recon_1=0.295683; ', 'bpp_1=0.293663; ', 'mse_2=0.000639; ', 'lpips_2=0.003076; ', 'codec_recon_2=0.093898; ', 'bpp_2=0.272592; ']
train step[1579/2000] ; used: 33m:13s; eta: 8m:51s; loss = 0.012871; ['mse_0=0.000642; ', 'lpips_0=0.004357; ', 'codec_recon_0=0.022621; ', 'bpp_0=5.875387; ', 'mse_1=0.000508; ', 'lpips_1=0.003690; ', 'codec_recon_1=0.340849; ', 'bpp_1=0.289273; ', 'mse_2=0.000393; ', 'lpips_2=0.003282; ', 'codec_recon_2=0.089589; ', 'bpp_2=0.267106; ']
train step[1580/2000] ; used: 33m:14s; eta: 8m:49s; loss = 0.027944; ['mse_0=0.003150; ', 'lpips_0=0.006887; ', 'codec_recon_0=0.020518; ', 'bpp_0=6.024802; ', 'mse_1=0.002987; ', 'lpips_1=0.006295; ', 'codec_recon_1=0.325702; ', 'bpp_1=0.294490; ', 'mse_2=0.002817; ', 'lpips_2=0.005808; ', 'codec_recon_2=0.083365; ', 'bpp_2=0.275333; ']
train step[1581/2000] ; used: 33m:15s; eta: 8m:48s; loss = 0.013593; ['mse_0=0.000653; ', 'lpips_0=0.004352; ', 'codec_recon_0=0.018350; ', 'bpp_0=6.017269; ', 'mse_1=0.000575; ', 'lpips_1=0.003882; ', 'codec_recon_1=0.276864; ', 'bpp_1=0.292959; ', 'mse_2=0.000539; ', 'lpips_2=0.003593; ', 'codec_recon_2=0.084332; ', 'bpp_2=0.271560; ']
train step[1582/2000] ; used: 33m:16s; eta: 8m:47s; loss = 0.016650; ['mse_0=0.001179; ', 'lpips_0=0.005688; ', 'codec_recon_0=0.020133; ', 'bpp_0=6.192724; ', 'mse_1=0.000947; ', 'lpips_1=0.004624; ', 'codec_recon_1=0.408434; ', 'bpp_1=0.297793; ', 'mse_2=0.000732; ', 'lpips_2=0.003480; ', 'codec_recon_2=0.094140; ', 'bpp_2=0.280012; ']
train step[1583/2000] ; used: 33m:17s; eta: 8m:45s; loss = 0.015797; ['mse_0=0.001309; ', 'lpips_0=0.004563; ', 'codec_recon_0=0.021288; ', 'bpp_0=5.882837; ', 'mse_1=0.001140; ', 'lpips_1=0.003961; ', 'codec_recon_1=0.291173; ', 'bpp_1=0.292270; ', 'mse_2=0.001098; ', 'lpips_2=0.003725; ', 'codec_recon_2=0.075645; ', 'bpp_2=0.271909; ']
train step[1584/2000] ; used: 33m:18s; eta: 8m:44s; loss = 0.009839; ['mse_0=0.000510; ', 'lpips_0=0.003253; ', 'codec_recon_0=0.021610; ', 'bpp_0=5.930345; ', 'mse_1=0.000415; ', 'lpips_1=0.002771; ', 'codec_recon_1=0.285431; ', 'bpp_1=0.292769; ', 'mse_2=0.000359; ', 'lpips_2=0.002530; ', 'codec_recon_2=0.085070; ', 'bpp_2=0.270448; ']
train step[1585/2000] ; used: 33m:19s; eta: 8m:43s; loss = 0.016416; ['mse_0=0.001451; ', 'lpips_0=0.005989; ', 'codec_recon_0=0.020121; ', 'bpp_0=6.094527; ', 'mse_1=0.001004; ', 'lpips_1=0.004521; ', 'codec_recon_1=0.418505; ', 'bpp_1=0.296645; ', 'mse_2=0.000520; ', 'lpips_2=0.002930; ', 'codec_recon_2=0.085723; ', 'bpp_2=0.280841; ']
train step[1586/2000] ; used: 33m:20s; eta: 8m:41s; loss = 0.013807; ['mse_0=0.001066; ', 'lpips_0=0.004246; ', 'codec_recon_0=0.022962; ', 'bpp_0=5.971082; ', 'mse_1=0.000904; ', 'lpips_1=0.003566; ', 'codec_recon_1=0.304464; ', 'bpp_1=0.293778; ', 'mse_2=0.000824; ', 'lpips_2=0.003202; ', 'codec_recon_2=0.088080; ', 'bpp_2=0.272272; ']
train step[1587/2000] ; used: 33m:21s; eta: 8m:40s; loss = 0.025253; ['mse_0=0.005456; ', 'lpips_0=0.004992; ', 'codec_recon_0=0.018507; ', 'bpp_0=6.152520; ', 'mse_1=0.004020; ', 'lpips_1=0.003890; ', 'codec_recon_1=0.346963; ', 'bpp_1=0.298925; ', 'mse_2=0.003702; ', 'lpips_2=0.003193; ', 'codec_recon_2=0.076098; ', 'bpp_2=0.280467; ']
train step[1588/2000] ; used: 33m:22s; eta: 8m:39s; loss = 0.012004; ['mse_0=0.000991; ', 'lpips_0=0.003566; ', 'codec_recon_0=0.026903; ', 'bpp_0=5.975732; ', 'mse_1=0.000880; ', 'lpips_1=0.002975; ', 'codec_recon_1=0.289794; ', 'bpp_1=0.292963; ', 'mse_2=0.000831; ', 'lpips_2=0.002761; ', 'codec_recon_2=0.093641; ', 'bpp_2=0.268796; ']
train step[1589/2000] ; used: 33m:23s; eta: 8m:37s; loss = 0.013630; ['mse_0=0.000697; ', 'lpips_0=0.004387; ', 'codec_recon_0=0.022474; ', 'bpp_0=5.940752; ', 'mse_1=0.000566; ', 'lpips_1=0.003810; ', 'codec_recon_1=0.278232; ', 'bpp_1=0.292628; ', 'mse_2=0.000526; ', 'lpips_2=0.003643; ', 'codec_recon_2=0.083246; ', 'bpp_2=0.271696; ']
train step[1590/2000] ; used: 33m:24s; eta: 8m:36s; loss = 0.018327; ['mse_0=0.002727; ', 'lpips_0=0.004012; ', 'codec_recon_0=0.019913; ', 'bpp_0=5.958865; ', 'mse_1=0.002579; ', 'lpips_1=0.003396; ', 'codec_recon_1=0.293765; ', 'bpp_1=0.292896; ', 'mse_2=0.002513; ', 'lpips_2=0.003099; ', 'codec_recon_2=0.080184; ', 'bpp_2=0.272391; ']
train step[1591/2000] ; used: 33m:25s; eta: 8m:35s; loss = 0.012225; ['mse_0=0.001089; ', 'lpips_0=0.003812; ', 'codec_recon_0=0.019994; ', 'bpp_0=6.057313; ', 'mse_1=0.000867; ', 'lpips_1=0.003103; ', 'codec_recon_1=0.311083; ', 'bpp_1=0.296145; ', 'mse_2=0.000689; ', 'lpips_2=0.002666; ', 'codec_recon_2=0.082986; ', 'bpp_2=0.274856; ']
train step[1592/2000] ; used: 33m:27s; eta: 8m:34s; loss = 0.021153; ['mse_0=0.002167; ', 'lpips_0=0.005640; ', 'codec_recon_0=0.019206; ', 'bpp_0=6.079780; ', 'mse_1=0.002000; ', 'lpips_1=0.004927; ', 'codec_recon_1=0.316431; ', 'bpp_1=0.297743; ', 'mse_2=0.001946; ', 'lpips_2=0.004473; ', 'codec_recon_2=0.083937; ', 'bpp_2=0.276892; ']
train step[1593/2000] ; used: 33m:28s; eta: 8m:32s; loss = 0.012619; ['mse_0=0.000976; ', 'lpips_0=0.003949; ', 'codec_recon_0=0.019563; ', 'bpp_0=6.164360; ', 'mse_1=0.000771; ', 'lpips_1=0.003308; ', 'codec_recon_1=0.320496; ', 'bpp_1=0.297193; ', 'mse_2=0.000663; ', 'lpips_2=0.002952; ', 'codec_recon_2=0.080561; ', 'bpp_2=0.278150; ']
train step[1594/2000] ; used: 33m:29s; eta: 8m:31s; loss = 0.017165; ['mse_0=0.001795; ', 'lpips_0=0.004596; ', 'codec_recon_0=0.018500; ', 'bpp_0=5.968508; ', 'mse_1=0.001623; ', 'lpips_1=0.003999; ', 'codec_recon_1=0.306685; ', 'bpp_1=0.295141; ', 'mse_2=0.001531; ', 'lpips_2=0.003621; ', 'codec_recon_2=0.086110; ', 'bpp_2=0.274467; ']
train step[1595/2000] ; used: 33m:30s; eta: 8m:30s; loss = 0.024853; ['mse_0=0.003106; ', 'lpips_0=0.006420; ', 'codec_recon_0=0.018571; ', 'bpp_0=6.160041; ', 'mse_1=0.002760; ', 'lpips_1=0.005418; ', 'codec_recon_1=0.342856; ', 'bpp_1=0.298286; ', 'mse_2=0.002498; ', 'lpips_2=0.004650; ', 'codec_recon_2=0.083626; ', 'bpp_2=0.280342; ']
train step[1596/2000] ; used: 33m:31s; eta: 8m:28s; loss = 0.018656; ['mse_0=0.001761; ', 'lpips_0=0.005068; ', 'codec_recon_0=0.021671; ', 'bpp_0=5.906397; ', 'mse_1=0.001609; ', 'lpips_1=0.004479; ', 'codec_recon_1=0.291047; ', 'bpp_1=0.293494; ', 'mse_2=0.001552; ', 'lpips_2=0.004187; ', 'codec_recon_2=0.078768; ', 'bpp_2=0.271859; ']
train step[1597/2000] ; used: 33m:32s; eta: 8m:27s; loss = 0.049728; ['mse_0=0.010277; ', 'lpips_0=0.007092; ', 'codec_recon_0=0.023029; ', 'bpp_0=5.833328; ', 'mse_1=0.009978; ', 'lpips_1=0.006408; ', 'codec_recon_1=0.293812; ', 'bpp_1=0.290754; ', 'mse_2=0.009917; ', 'lpips_2=0.006056; ', 'codec_recon_2=0.080433; ', 'bpp_2=0.271321; ']
train step[1598/2000] ; used: 33m:33s; eta: 8m:26s; loss = 0.017088; ['mse_0=0.001652; ', 'lpips_0=0.004796; ', 'codec_recon_0=0.021720; ', 'bpp_0=6.096307; ', 'mse_1=0.001366; ', 'lpips_1=0.004169; ', 'codec_recon_1=0.321383; ', 'bpp_1=0.296485; ', 'mse_2=0.001251; ', 'lpips_2=0.003855; ', 'codec_recon_2=0.088872; ', 'bpp_2=0.276787; ']
train step[1599/2000] ; used: 33m:34s; eta: 8m:24s; loss = 0.009931; ['mse_0=0.000521; ', 'lpips_0=0.003563; ', 'codec_recon_0=0.019961; ', 'bpp_0=6.056795; ', 'mse_1=0.000389; ', 'lpips_1=0.002798; ', 'codec_recon_1=0.341371; ', 'bpp_1=0.295497; ', 'mse_2=0.000302; ', 'lpips_2=0.002358; ', 'codec_recon_2=0.090195; ', 'bpp_2=0.273859; ']
train step[1600/2000] ; used: 33m:35s; eta: 8m:23s; loss = 0.012147; ['mse_0=0.000833; ', 'lpips_0=0.003852; ', 'codec_recon_0=0.018441; ', 'bpp_0=5.997442; ', 'mse_1=0.000652; ', 'lpips_1=0.003291; ', 'codec_recon_1=0.298456; ', 'bpp_1=0.294377; ', 'mse_2=0.000586; ', 'lpips_2=0.002932; ', 'codec_recon_2=0.076476; ', 'bpp_2=0.273051; ']
train step[1601/2000] ; used: 33m:36s; eta: 8m:22s; loss = 0.022209; ['mse_0=0.002179; ', 'lpips_0=0.006060; ', 'codec_recon_0=0.020153; ', 'bpp_0=6.131105; ', 'mse_1=0.001947; ', 'lpips_1=0.005280; ', 'codec_recon_1=0.298684; ', 'bpp_1=0.296998; ', 'mse_2=0.001858; ', 'lpips_2=0.004885; ', 'codec_recon_2=0.080956; ', 'bpp_2=0.276555; ']
train step[1602/2000] ; used: 33m:37s; eta: 8m:20s; loss = 0.021709; ['mse_0=0.001874; ', 'lpips_0=0.005976; ', 'codec_recon_0=0.022359; ', 'bpp_0=6.052376; ', 'mse_1=0.001787; ', 'lpips_1=0.005284; ', 'codec_recon_1=0.306367; ', 'bpp_1=0.293037; ', 'mse_2=0.001732; ', 'lpips_2=0.005057; ', 'codec_recon_2=0.088585; ', 'bpp_2=0.271225; ']
train step[1603/2000] ; used: 33m:38s; eta: 8m:19s; loss = 0.013944; ['mse_0=0.001122; ', 'lpips_0=0.004111; ', 'codec_recon_0=0.020347; ', 'bpp_0=5.919124; ', 'mse_1=0.000978; ', 'lpips_1=0.003505; ', 'codec_recon_1=0.277006; ', 'bpp_1=0.291044; ', 'mse_2=0.000941; ', 'lpips_2=0.003288; ', 'codec_recon_2=0.080392; ', 'bpp_2=0.269990; ']
train step[1604/2000] ; used: 33m:39s; eta: 8m:18s; loss = 0.010576; ['mse_0=0.000865; ', 'lpips_0=0.003425; ', 'codec_recon_0=0.018102; ', 'bpp_0=6.066568; ', 'mse_1=0.000687; ', 'lpips_1=0.002711; ', 'codec_recon_1=0.314521; ', 'bpp_1=0.295627; ', 'mse_2=0.000578; ', 'lpips_2=0.002308; ', 'codec_recon_2=0.081030; ', 'bpp_2=0.274121; ']
train step[1605/2000] ; used: 33m:40s; eta: 8m:16s; loss = 0.017077; ['mse_0=0.001875; ', 'lpips_0=0.004352; ', 'codec_recon_0=0.029382; ', 'bpp_0=5.915892; ', 'mse_1=0.001719; ', 'lpips_1=0.003852; ', 'codec_recon_1=0.288626; ', 'bpp_1=0.291232; ', 'mse_2=0.001667; ', 'lpips_2=0.003611; ', 'codec_recon_2=0.097636; ', 'bpp_2=0.269606; ']
train step[1606/2000] ; used: 33m:41s; eta: 8m:15s; loss = 0.010591; ['mse_0=0.000621; ', 'lpips_0=0.003482; ', 'codec_recon_0=0.020148; ', 'bpp_0=5.916834; ', 'mse_1=0.000510; ', 'lpips_1=0.002885; ', 'codec_recon_1=0.287997; ', 'bpp_1=0.289425; ', 'mse_2=0.000460; ', 'lpips_2=0.002632; ', 'codec_recon_2=0.081884; ', 'bpp_2=0.268028; ']
train step[1607/2000] ; used: 33m:42s; eta: 8m:14s; loss = 0.012514; ['mse_0=0.000491; ', 'lpips_0=0.004215; ', 'codec_recon_0=0.019662; ', 'bpp_0=5.905628; ', 'mse_1=0.000406; ', 'lpips_1=0.003643; ', 'codec_recon_1=0.259585; ', 'bpp_1=0.290144; ', 'mse_2=0.000375; ', 'lpips_2=0.003383; ', 'codec_recon_2=0.084199; ', 'bpp_2=0.269299; ']
train step[1608/2000] ; used: 33m:43s; eta: 8m:13s; loss = 0.014962; ['mse_0=0.000853; ', 'lpips_0=0.004805; ', 'codec_recon_0=0.021850; ', 'bpp_0=6.075397; ', 'mse_1=0.000699; ', 'lpips_1=0.004111; ', 'codec_recon_1=0.344681; ', 'bpp_1=0.294898; ', 'mse_2=0.000637; ', 'lpips_2=0.003857; ', 'codec_recon_2=0.091565; ', 'bpp_2=0.273855; ']
train step[1609/2000] ; used: 33m:44s; eta: 8m:11s; loss = 0.026183; ['mse_0=0.003330; ', 'lpips_0=0.006335; ', 'codec_recon_0=0.020225; ', 'bpp_0=6.221800; ', 'mse_1=0.003035; ', 'lpips_1=0.005582; ', 'codec_recon_1=0.379145; ', 'bpp_1=0.300015; ', 'mse_2=0.002882; ', 'lpips_2=0.005019; ', 'codec_recon_2=0.083448; ', 'bpp_2=0.281925; ']
train step[1610/2000] ; used: 33m:45s; eta: 8m:10s; loss = 0.019351; ['mse_0=0.001244; ', 'lpips_0=0.006514; ', 'codec_recon_0=0.023098; ', 'bpp_0=6.309460; ', 'mse_1=0.000978; ', 'lpips_1=0.005427; ', 'codec_recon_1=0.436529; ', 'bpp_1=0.299055; ', 'mse_2=0.000778; ', 'lpips_2=0.004411; ', 'codec_recon_2=0.095467; ', 'bpp_2=0.282005; ']
train step[1611/2000] ; used: 33m:46s; eta: 8m:9s; loss = 0.014972; ['mse_0=0.001391; ', 'lpips_0=0.004905; ', 'codec_recon_0=0.018438; ', 'bpp_0=6.202246; ', 'mse_1=0.000983; ', 'lpips_1=0.004022; ', 'codec_recon_1=0.387565; ', 'bpp_1=0.298793; ', 'mse_2=0.000651; ', 'lpips_2=0.003019; ', 'codec_recon_2=0.084256; ', 'bpp_2=0.280747; ']
train step[1612/2000] ; used: 33m:47s; eta: 8m:7s; loss = 0.011043; ['mse_0=0.000977; ', 'lpips_0=0.003365; ', 'codec_recon_0=0.016335; ', 'bpp_0=5.950408; ', 'mse_1=0.000776; ', 'lpips_1=0.002829; ', 'codec_recon_1=0.286737; ', 'bpp_1=0.293750; ', 'mse_2=0.000621; ', 'lpips_2=0.002475; ', 'codec_recon_2=0.067820; ', 'bpp_2=0.271661; ']
train step[1613/2000] ; used: 33m:48s; eta: 8m:6s; loss = 0.015937; ['mse_0=0.001169; ', 'lpips_0=0.005073; ', 'codec_recon_0=0.020387; ', 'bpp_0=6.065390; ', 'mse_1=0.000921; ', 'lpips_1=0.004242; ', 'codec_recon_1=0.358028; ', 'bpp_1=0.294614; ', 'mse_2=0.000776; ', 'lpips_2=0.003757; ', 'codec_recon_2=0.086013; ', 'bpp_2=0.276046; ']
train step[1614/2000] ; used: 33m:49s; eta: 8m:5s; loss = 0.015551; ['mse_0=0.001311; ', 'lpips_0=0.004532; ', 'codec_recon_0=0.018565; ', 'bpp_0=5.977647; ', 'mse_1=0.001171; ', 'lpips_1=0.003874; ', 'codec_recon_1=0.291013; ', 'bpp_1=0.295209; ', 'mse_2=0.001080; ', 'lpips_2=0.003583; ', 'codec_recon_2=0.072268; ', 'bpp_2=0.273304; ']
train step[1615/2000] ; used: 33m:50s; eta: 8m:3s; loss = 0.013445; ['mse_0=0.001011; ', 'lpips_0=0.004095; ', 'codec_recon_0=0.028203; ', 'bpp_0=5.865436; ', 'mse_1=0.000864; ', 'lpips_1=0.003446; ', 'codec_recon_1=0.274382; ', 'bpp_1=0.288609; ', 'mse_2=0.000808; ', 'lpips_2=0.003222; ', 'codec_recon_2=0.092973; ', 'bpp_2=0.269300; ']
train step[1616/2000] ; used: 33m:51s; eta: 8m:2s; loss = 0.034422; ['mse_0=0.005762; ', 'lpips_0=0.007423; ', 'codec_recon_0=0.020714; ', 'bpp_0=6.177201; ', 'mse_1=0.004914; ', 'lpips_1=0.006408; ', 'codec_recon_1=0.375734; ', 'bpp_1=0.301073; ', 'mse_2=0.004374; ', 'lpips_2=0.005541; ', 'codec_recon_2=0.083255; ', 'bpp_2=0.282707; ']
train step[1617/2000] ; used: 33m:52s; eta: 8m:1s; loss = 0.012031; ['mse_0=0.000733; ', 'lpips_0=0.003914; ', 'codec_recon_0=0.020756; ', 'bpp_0=6.020459; ', 'mse_1=0.000605; ', 'lpips_1=0.003334; ', 'codec_recon_1=0.311695; ', 'bpp_1=0.294626; ', 'mse_2=0.000523; ', 'lpips_2=0.002922; ', 'codec_recon_2=0.089524; ', 'bpp_2=0.272519; ']
train step[1618/2000] ; used: 33m:54s; eta: 7m:59s; loss = 0.011625; ['mse_0=0.000993; ', 'lpips_0=0.003643; ', 'codec_recon_0=0.019241; ', 'bpp_0=6.059007; ', 'mse_1=0.000740; ', 'lpips_1=0.002915; ', 'codec_recon_1=0.296822; ', 'bpp_1=0.295599; ', 'mse_2=0.000681; ', 'lpips_2=0.002653; ', 'codec_recon_2=0.076193; ', 'bpp_2=0.275637; ']
train step[1619/2000] ; used: 33m:55s; eta: 7m:58s; loss = 0.025439; ['mse_0=0.002935; ', 'lpips_0=0.006741; ', 'codec_recon_0=0.022308; ', 'bpp_0=6.074956; ', 'mse_1=0.002674; ', 'lpips_1=0.006155; ', 'codec_recon_1=0.364107; ', 'bpp_1=0.295546; ', 'mse_2=0.002133; ', 'lpips_2=0.004801; ', 'codec_recon_2=0.104077; ', 'bpp_2=0.277190; ']
train step[1620/2000] ; used: 33m:56s; eta: 7m:57s; loss = 0.013484; ['mse_0=0.000769; ', 'lpips_0=0.004349; ', 'codec_recon_0=0.019018; ', 'bpp_0=6.030577; ', 'mse_1=0.000661; ', 'lpips_1=0.003700; ', 'codec_recon_1=0.279181; ', 'bpp_1=0.293380; ', 'mse_2=0.000575; ', 'lpips_2=0.003429; ', 'codec_recon_2=0.083675; ', 'bpp_2=0.271230; ']
train step[1621/2000] ; used: 33m:57s; eta: 7m:56s; loss = 0.029829; ['mse_0=0.004122; ', 'lpips_0=0.007501; ', 'codec_recon_0=0.020501; ', 'bpp_0=6.332274; ', 'mse_1=0.003594; ', 'lpips_1=0.006371; ', 'codec_recon_1=0.422014; ', 'bpp_1=0.303646; ', 'mse_2=0.003141; ', 'lpips_2=0.005100; ', 'codec_recon_2=0.081908; ', 'bpp_2=0.287185; ']
train step[1622/2000] ; used: 33m:58s; eta: 7m:54s; loss = 0.017201; ['mse_0=0.001680; ', 'lpips_0=0.004967; ', 'codec_recon_0=0.022849; ', 'bpp_0=6.067700; ', 'mse_1=0.001389; ', 'lpips_1=0.004242; ', 'codec_recon_1=0.359721; ', 'bpp_1=0.293597; ', 'mse_2=0.001176; ', 'lpips_2=0.003747; ', 'codec_recon_2=0.079657; ', 'bpp_2=0.275649; ']
train step[1623/2000] ; used: 33m:59s; eta: 7m:53s; loss = 0.021443; ['mse_0=0.002574; ', 'lpips_0=0.005064; ', 'codec_recon_0=0.020337; ', 'bpp_0=5.993878; ', 'mse_1=0.002526; ', 'lpips_1=0.004527; ', 'codec_recon_1=0.313435; ', 'bpp_1=0.294214; ', 'mse_2=0.002516; ', 'lpips_2=0.004235; ', 'codec_recon_2=0.080927; ', 'bpp_2=0.274963; ']
train step[1624/2000] ; used: 34m; eta: 7m:52s; loss = 0.012047; ['mse_0=0.000656; ', 'lpips_0=0.003885; ', 'codec_recon_0=0.019172; ', 'bpp_0=6.010356; ', 'mse_1=0.000562; ', 'lpips_1=0.003323; ', 'codec_recon_1=0.287430; ', 'bpp_1=0.294182; ', 'mse_2=0.000529; ', 'lpips_2=0.003091; ', 'codec_recon_2=0.089188; ', 'bpp_2=0.271658; ']
train step[1625/2000] ; used: 34m:1s; eta: 7m:50s; loss = 0.014681; ['mse_0=0.001262; ', 'lpips_0=0.004210; ', 'codec_recon_0=0.020164; ', 'bpp_0=6.084100; ', 'mse_1=0.001171; ', 'lpips_1=0.003598; ', 'codec_recon_1=0.288713; ', 'bpp_1=0.295046; ', 'mse_2=0.001128; ', 'lpips_2=0.003311; ', 'codec_recon_2=0.092134; ', 'bpp_2=0.273573; ']
train step[1626/2000] ; used: 34m:2s; eta: 7m:49s; loss = 0.013504; ['mse_0=0.001260; ', 'lpips_0=0.003907; ', 'codec_recon_0=0.020040; ', 'bpp_0=6.005466; ', 'mse_1=0.001040; ', 'lpips_1=0.003287; ', 'codec_recon_1=0.295869; ', 'bpp_1=0.294890; ', 'mse_2=0.000956; ', 'lpips_2=0.003055; ', 'codec_recon_2=0.076509; ', 'bpp_2=0.274055; ']
train step[1627/2000] ; used: 34m:3s; eta: 7m:48s; loss = 0.008164; ['mse_0=0.000476; ', 'lpips_0=0.003009; ', 'codec_recon_0=0.017772; ', 'bpp_0=6.054623; ', 'mse_1=0.000330; ', 'lpips_1=0.002288; ', 'codec_recon_1=0.322732; ', 'bpp_1=0.295008; ', 'mse_2=0.000215; ', 'lpips_2=0.001845; ', 'codec_recon_2=0.090984; ', 'bpp_2=0.272191; ']
train step[1628/2000] ; used: 34m:4s; eta: 7m:46s; loss = 0.032147; ['mse_0=0.002731; ', 'lpips_0=0.008839; ', 'codec_recon_0=0.019972; ', 'bpp_0=6.252834; ', 'mse_1=0.002548; ', 'lpips_1=0.008087; ', 'codec_recon_1=0.387594; ', 'bpp_1=0.299242; ', 'mse_2=0.002482; ', 'lpips_2=0.007461; ', 'codec_recon_2=0.094859; ', 'bpp_2=0.281019; ']
train step[1629/2000] ; used: 34m:5s; eta: 7m:45s; loss = 0.017441; ['mse_0=0.001796; ', 'lpips_0=0.004824; ', 'codec_recon_0=0.018701; ', 'bpp_0=5.984932; ', 'mse_1=0.001615; ', 'lpips_1=0.004019; ', 'codec_recon_1=0.320353; ', 'bpp_1=0.295401; ', 'mse_2=0.001541; ', 'lpips_2=0.003646; ', 'codec_recon_2=0.082118; ', 'bpp_2=0.275135; ']
train step[1630/2000] ; used: 34m:6s; eta: 7m:44s; loss = 0.014451; ['mse_0=0.001270; ', 'lpips_0=0.004067; ', 'codec_recon_0=0.023480; ', 'bpp_0=5.910361; ', 'mse_1=0.001140; ', 'lpips_1=0.003554; ', 'codec_recon_1=0.279830; ', 'bpp_1=0.290318; ', 'mse_2=0.001109; ', 'lpips_2=0.003312; ', 'codec_recon_2=0.080915; ', 'bpp_2=0.268794; ']
train step[1631/2000] ; used: 34m:7s; eta: 7m:42s; loss = 0.017111; ['mse_0=0.001689; ', 'lpips_0=0.005437; ', 'codec_recon_0=0.021419; ', 'bpp_0=6.184567; ', 'mse_1=0.001305; ', 'lpips_1=0.004431; ', 'codec_recon_1=0.404018; ', 'bpp_1=0.298002; ', 'mse_2=0.000883; ', 'lpips_2=0.003366; ', 'codec_recon_2=0.079103; ', 'bpp_2=0.281686; ']
train step[1632/2000] ; used: 34m:8s; eta: 7m:41s; loss = 0.011005; ['mse_0=0.001185; ', 'lpips_0=0.003165; ', 'codec_recon_0=0.019660; ', 'bpp_0=6.133880; ', 'mse_1=0.000948; ', 'lpips_1=0.002586; ', 'codec_recon_1=0.300330; ', 'bpp_1=0.298277; ', 'mse_2=0.000844; ', 'lpips_2=0.002277; ', 'codec_recon_2=0.079535; ', 'bpp_2=0.278566; ']
train step[1633/2000] ; used: 34m:9s; eta: 7m:40s; loss = 0.011583; ['mse_0=0.000774; ', 'lpips_0=0.003728; ', 'codec_recon_0=0.020894; ', 'bpp_0=5.938909; ', 'mse_1=0.000618; ', 'lpips_1=0.003101; ', 'codec_recon_1=0.282257; ', 'bpp_1=0.292504; ', 'mse_2=0.000538; ', 'lpips_2=0.002824; ', 'codec_recon_2=0.079540; ', 'bpp_2=0.269817; ']
train step[1634/2000] ; used: 34m:10s; eta: 7m:39s; loss = 0.032617; ['mse_0=0.004031; ', 'lpips_0=0.007901; ', 'codec_recon_0=0.021197; ', 'bpp_0=6.288302; ', 'mse_1=0.003571; ', 'lpips_1=0.007111; ', 'codec_recon_1=0.349407; ', 'bpp_1=0.302315; ', 'mse_2=0.003383; ', 'lpips_2=0.006620; ', 'codec_recon_2=0.087281; ', 'bpp_2=0.283996; ']
train step[1635/2000] ; used: 34m:11s; eta: 7m:37s; loss = 0.024813; ['mse_0=0.002475; ', 'lpips_0=0.006433; ', 'codec_recon_0=0.026403; ', 'bpp_0=5.832452; ', 'mse_1=0.002265; ', 'lpips_1=0.005872; ', 'codec_recon_1=0.293149; ', 'bpp_1=0.289985; ', 'mse_2=0.002167; ', 'lpips_2=0.005601; ', 'codec_recon_2=0.084536; ', 'bpp_2=0.271218; ']
train step[1636/2000] ; used: 34m:12s; eta: 7m:36s; loss = 0.009026; ['mse_0=0.000900; ', 'lpips_0=0.002861; ', 'codec_recon_0=0.024172; ', 'bpp_0=6.099737; ', 'mse_1=0.000748; ', 'lpips_1=0.002146; ', 'codec_recon_1=0.309832; ', 'bpp_1=0.296315; ', 'mse_2=0.000664; ', 'lpips_2=0.001707; ', 'codec_recon_2=0.098853; ', 'bpp_2=0.273875; ']
train step[1637/2000] ; used: 34m:13s; eta: 7m:35s; loss = 0.008474; ['mse_0=0.000439; ', 'lpips_0=0.002911; ', 'codec_recon_0=0.019216; ', 'bpp_0=5.977887; ', 'mse_1=0.000325; ', 'lpips_1=0.002371; ', 'codec_recon_1=0.276988; ', 'bpp_1=0.292187; ', 'mse_2=0.000260; ', 'lpips_2=0.002166; ', 'codec_recon_2=0.083883; ', 'bpp_2=0.267761; ']
train step[1638/2000] ; used: 34m:14s; eta: 7m:33s; loss = 0.021474; ['mse_0=0.001037; ', 'lpips_0=0.006648; ', 'codec_recon_0=0.023966; ', 'bpp_0=5.774939; ', 'mse_1=0.000911; ', 'lpips_1=0.006089; ', 'codec_recon_1=0.326010; ', 'bpp_1=0.287641; ', 'mse_2=0.000883; ', 'lpips_2=0.005905; ', 'codec_recon_2=0.085968; ', 'bpp_2=0.266470; ']
train step[1639/2000] ; used: 34m:15s; eta: 7m:32s; loss = 0.010082; ['mse_0=0.000344; ', 'lpips_0=0.003502; ', 'codec_recon_0=0.022561; ', 'bpp_0=5.847126; ', 'mse_1=0.000281; ', 'lpips_1=0.002947; ', 'codec_recon_1=0.273456; ', 'bpp_1=0.290619; ', 'mse_2=0.000246; ', 'lpips_2=0.002763; ', 'codec_recon_2=0.083304; ', 'bpp_2=0.268686; ']
train step[1640/2000] ; used: 34m:16s; eta: 7m:31s; loss = 0.032647; ['mse_0=0.004216; ', 'lpips_0=0.007833; ', 'codec_recon_0=0.020892; ', 'bpp_0=6.102001; ', 'mse_1=0.003760; ', 'lpips_1=0.006968; ', 'codec_recon_1=0.385830; ', 'bpp_1=0.297384; ', 'mse_2=0.003508; ', 'lpips_2=0.006362; ', 'codec_recon_2=0.081870; ', 'bpp_2=0.278064; ']
train step[1641/2000] ; used: 34m:17s; eta: 7m:29s; loss = 0.021427; ['mse_0=0.002625; ', 'lpips_0=0.005147; ', 'codec_recon_0=0.026427; ', 'bpp_0=6.029025; ', 'mse_1=0.002391; ', 'lpips_1=0.004548; ', 'codec_recon_1=0.282752; ', 'bpp_1=0.295058; ', 'mse_2=0.002351; ', 'lpips_2=0.004366; ', 'codec_recon_2=0.096076; ', 'bpp_2=0.272944; ']
train step[1642/2000] ; used: 34m:18s; eta: 7m:28s; loss = 0.015459; ['mse_0=0.001721; ', 'lpips_0=0.005066; ', 'codec_recon_0=0.018479; ', 'bpp_0=6.075537; ', 'mse_1=0.001262; ', 'lpips_1=0.003830; ', 'codec_recon_1=0.370411; ', 'bpp_1=0.294164; ', 'mse_2=0.000836; ', 'lpips_2=0.002744; ', 'codec_recon_2=0.100886; ', 'bpp_2=0.272651; ']
train step[1643/2000] ; used: 34m:19s; eta: 7m:27s; loss = 0.011611; ['mse_0=0.000582; ', 'lpips_0=0.003799; ', 'codec_recon_0=0.020233; ', 'bpp_0=6.032633; ', 'mse_1=0.000455; ', 'lpips_1=0.003249; ', 'codec_recon_1=0.266306; ', 'bpp_1=0.293444; ', 'mse_2=0.000421; ', 'lpips_2=0.003107; ', 'codec_recon_2=0.082341; ', 'bpp_2=0.271476; ']
train step[1644/2000] ; used: 34m:20s; eta: 7m:26s; loss = 0.023873; ['mse_0=0.003090; ', 'lpips_0=0.005472; ', 'codec_recon_0=0.020859; ', 'bpp_0=5.785487; ', 'mse_1=0.002862; ', 'lpips_1=0.004949; ', 'codec_recon_1=0.284142; ', 'bpp_1=0.289620; ', 'mse_2=0.002791; ', 'lpips_2=0.004708; ', 'codec_recon_2=0.081021; ', 'bpp_2=0.266816; ']
train step[1645/2000] ; used: 34m:21s; eta: 7m:24s; loss = 0.009586; ['mse_0=0.000743; ', 'lpips_0=0.003350; ', 'codec_recon_0=0.018003; ', 'bpp_0=6.049892; ', 'mse_1=0.000521; ', 'lpips_1=0.002597; ', 'codec_recon_1=0.331815; ', 'bpp_1=0.295956; ', 'mse_2=0.000346; ', 'lpips_2=0.002028; ', 'codec_recon_2=0.076238; ', 'bpp_2=0.273554; ']
train step[1646/2000] ; used: 34m:22s; eta: 7m:23s; loss = 0.012541; ['mse_0=0.001674; ', 'lpips_0=0.003304; ', 'codec_recon_0=0.019301; ', 'bpp_0=6.026689; ', 'mse_1=0.001445; ', 'lpips_1=0.002621; ', 'codec_recon_1=0.315434; ', 'bpp_1=0.296071; ', 'mse_2=0.001278; ', 'lpips_2=0.002217; ', 'codec_recon_2=0.072874; ', 'bpp_2=0.274131; ']
train step[1647/2000] ; used: 34m:24s; eta: 7m:22s; loss = 0.017608; ['mse_0=0.002535; ', 'lpips_0=0.004821; ', 'codec_recon_0=0.022891; ', 'bpp_0=5.983769; ', 'mse_1=0.002001; ', 'lpips_1=0.003947; ', 'codec_recon_1=0.385589; ', 'bpp_1=0.295375; ', 'mse_2=0.001393; ', 'lpips_2=0.002911; ', 'codec_recon_2=0.092450; ', 'bpp_2=0.275458; ']
train step[1648/2000] ; used: 34m:25s; eta: 7m:20s; loss = 0.010312; ['mse_0=0.000517; ', 'lpips_0=0.003400; ', 'codec_recon_0=0.020634; ', 'bpp_0=5.935027; ', 'mse_1=0.000405; ', 'lpips_1=0.002921; ', 'codec_recon_1=0.276440; ', 'bpp_1=0.292127; ', 'mse_2=0.000347; ', 'lpips_2=0.002723; ', 'codec_recon_2=0.084315; ', 'bpp_2=0.268501; ']
train step[1649/2000] ; used: 34m:26s; eta: 7m:19s; loss = 0.012842; ['mse_0=0.001277; ', 'lpips_0=0.003665; ', 'codec_recon_0=0.019265; ', 'bpp_0=5.880997; ', 'mse_1=0.001021; ', 'lpips_1=0.003105; ', 'codec_recon_1=0.288853; ', 'bpp_1=0.291380; ', 'mse_2=0.000911; ', 'lpips_2=0.002863; ', 'codec_recon_2=0.078339; ', 'bpp_2=0.268319; ']
train step[1650/2000] ; used: 34m:27s; eta: 7m:18s; loss = 0.014026; ['mse_0=0.000904; ', 'lpips_0=0.004342; ', 'codec_recon_0=0.021447; ', 'bpp_0=6.122765; ', 'mse_1=0.000801; ', 'lpips_1=0.003710; ', 'codec_recon_1=0.284382; ', 'bpp_1=0.296270; ', 'mse_2=0.000757; ', 'lpips_2=0.003513; ', 'codec_recon_2=0.091074; ', 'bpp_2=0.274574; ']
train step[1651/2000] ; used: 34m:28s; eta: 7m:16s; loss = 0.015464; ['mse_0=0.001524; ', 'lpips_0=0.004489; ', 'codec_recon_0=0.019343; ', 'bpp_0=6.208290; ', 'mse_1=0.001317; ', 'lpips_1=0.003709; ', 'codec_recon_1=0.362008; ', 'bpp_1=0.297796; ', 'mse_2=0.001178; ', 'lpips_2=0.003246; ', 'codec_recon_2=0.081083; ', 'bpp_2=0.280068; ']
train step[1652/2000] ; used: 34m:29s; eta: 7m:15s; loss = 0.023764; ['mse_0=0.003092; ', 'lpips_0=0.005830; ', 'codec_recon_0=0.019830; ', 'bpp_0=6.153083; ', 'mse_1=0.002757; ', 'lpips_1=0.005160; ', 'codec_recon_1=0.385425; ', 'bpp_1=0.299739; ', 'mse_2=0.002447; ', 'lpips_2=0.004477; ', 'codec_recon_2=0.088370; ', 'bpp_2=0.280002; ']
train step[1653/2000] ; used: 34m:30s; eta: 7m:14s; loss = 0.018755; ['mse_0=0.002487; ', 'lpips_0=0.004293; ', 'codec_recon_0=0.030854; ', 'bpp_0=5.894886; ', 'mse_1=0.002389; ', 'lpips_1=0.003723; ', 'codec_recon_1=0.283736; ', 'bpp_1=0.291490; ', 'mse_2=0.002367; ', 'lpips_2=0.003496; ', 'codec_recon_2=0.098551; ', 'bpp_2=0.268566; ']
train step[1654/2000] ; used: 34m:31s; eta: 7m:13s; loss = 0.013659; ['mse_0=0.001477; ', 'lpips_0=0.004279; ', 'codec_recon_0=0.021859; ', 'bpp_0=6.113920; ', 'mse_1=0.001186; ', 'lpips_1=0.003339; ', 'codec_recon_1=0.387164; ', 'bpp_1=0.296498; ', 'mse_2=0.000867; ', 'lpips_2=0.002511; ', 'codec_recon_2=0.094904; ', 'bpp_2=0.276492; ']
train step[1655/2000] ; used: 34m:32s; eta: 7m:11s; loss = 0.012444; ['mse_0=0.000737; ', 'lpips_0=0.004143; ', 'codec_recon_0=0.019658; ', 'bpp_0=6.136110; ', 'mse_1=0.000611; ', 'lpips_1=0.003416; ', 'codec_recon_1=0.309234; ', 'bpp_1=0.297062; ', 'mse_2=0.000548; ', 'lpips_2=0.002990; ', 'codec_recon_2=0.092332; ', 'bpp_2=0.273215; ']
train step[1656/2000] ; used: 34m:33s; eta: 7m:10s; loss = 0.011340; ['mse_0=0.000744; ', 'lpips_0=0.003390; ', 'codec_recon_0=0.025565; ', 'bpp_0=5.973968; ', 'mse_1=0.000639; ', 'lpips_1=0.003060; ', 'codec_recon_1=0.275506; ', 'bpp_1=0.292661; ', 'mse_2=0.000636; ', 'lpips_2=0.002872; ', 'codec_recon_2=0.094114; ', 'bpp_2=0.269573; ']
train step[1657/2000] ; used: 34m:34s; eta: 7m:9s; loss = 0.034701; ['mse_0=0.004694; ', 'lpips_0=0.008355; ', 'codec_recon_0=0.022056; ', 'bpp_0=6.220738; ', 'mse_1=0.003892; ', 'lpips_1=0.007482; ', 'codec_recon_1=0.371700; ', 'bpp_1=0.299885; ', 'mse_2=0.003582; ', 'lpips_2=0.006696; ', 'codec_recon_2=0.087548; ', 'bpp_2=0.281359; ']
train step[1658/2000] ; used: 34m:35s; eta: 7m:7s; loss = 0.011741; ['mse_0=0.000776; ', 'lpips_0=0.003769; ', 'codec_recon_0=0.020844; ', 'bpp_0=5.940081; ', 'mse_1=0.000585; ', 'lpips_1=0.003227; ', 'codec_recon_1=0.298138; ', 'bpp_1=0.293588; ', 'mse_2=0.000495; ', 'lpips_2=0.002890; ', 'codec_recon_2=0.083015; ', 'bpp_2=0.270910; ']
train step[1659/2000] ; used: 34m:36s; eta: 7m:6s; loss = 0.019309; ['mse_0=0.001170; ', 'lpips_0=0.006036; ', 'codec_recon_0=0.023412; ', 'bpp_0=5.871912; ', 'mse_1=0.001016; ', 'lpips_1=0.005335; ', 'codec_recon_1=0.299019; ', 'bpp_1=0.291492; ', 'mse_2=0.000886; ', 'lpips_2=0.004866; ', 'codec_recon_2=0.081446; ', 'bpp_2=0.269215; ']
train step[1660/2000] ; used: 34m:37s; eta: 7m:5s; loss = 0.017836; ['mse_0=0.002127; ', 'lpips_0=0.004963; ', 'codec_recon_0=0.020891; ', 'bpp_0=6.211099; ', 'mse_1=0.001764; ', 'lpips_1=0.004101; ', 'codec_recon_1=0.335412; ', 'bpp_1=0.299817; ', 'mse_2=0.001543; ', 'lpips_2=0.003338; ', 'codec_recon_2=0.079801; ', 'bpp_2=0.281057; ']
train step[1661/2000] ; used: 34m:38s; eta: 7m:3s; loss = 0.016526; ['mse_0=0.002007; ', 'lpips_0=0.004510; ', 'codec_recon_0=0.019014; ', 'bpp_0=6.298881; ', 'mse_1=0.001702; ', 'lpips_1=0.003747; ', 'codec_recon_1=0.346767; ', 'bpp_1=0.301136; ', 'mse_2=0.001382; ', 'lpips_2=0.003178; ', 'codec_recon_2=0.084568; ', 'bpp_2=0.281797; ']
train step[1662/2000] ; used: 34m:39s; eta: 7m:2s; loss = 0.019369; ['mse_0=0.001250; ', 'lpips_0=0.006017; ', 'codec_recon_0=0.021896; ', 'bpp_0=6.119913; ', 'mse_1=0.001088; ', 'lpips_1=0.005317; ', 'codec_recon_1=0.357326; ', 'bpp_1=0.294915; ', 'mse_2=0.000969; ', 'lpips_2=0.004727; ', 'codec_recon_2=0.100495; ', 'bpp_2=0.275660; ']
train step[1663/2000] ; used: 34m:40s; eta: 7m:1s; loss = 0.011159; ['mse_0=0.000652; ', 'lpips_0=0.003670; ', 'codec_recon_0=0.019023; ', 'bpp_0=5.917150; ', 'mse_1=0.000560; ', 'lpips_1=0.003088; ', 'codec_recon_1=0.266903; ', 'bpp_1=0.292538; ', 'mse_2=0.000461; ', 'lpips_2=0.002728; ', 'codec_recon_2=0.080873; ', 'bpp_2=0.269125; ']
train step[1664/2000] ; used: 34m:41s; eta: 7m; loss = 0.014304; ['mse_0=0.001628; ', 'lpips_0=0.004060; ', 'codec_recon_0=0.019471; ', 'bpp_0=6.049058; ', 'mse_1=0.001382; ', 'lpips_1=0.003352; ', 'codec_recon_1=0.346805; ', 'bpp_1=0.295638; ', 'mse_2=0.001210; ', 'lpips_2=0.002671; ', 'codec_recon_2=0.082352; ', 'bpp_2=0.275027; ']
train step[1665/2000] ; used: 34m:42s; eta: 6m:58s; loss = 0.014301; ['mse_0=0.000881; ', 'lpips_0=0.004304; ', 'codec_recon_0=0.025917; ', 'bpp_0=5.805517; ', 'mse_1=0.000811; ', 'lpips_1=0.003814; ', 'codec_recon_1=0.291043; ', 'bpp_1=0.289450; ', 'mse_2=0.000805; ', 'lpips_2=0.003685; ', 'codec_recon_2=0.092229; ', 'bpp_2=0.268442; ']
train step[1666/2000] ; used: 34m:43s; eta: 6m:57s; loss = 0.013894; ['mse_0=0.000596; ', 'lpips_0=0.004602; ', 'codec_recon_0=0.022449; ', 'bpp_0=5.931648; ', 'mse_1=0.000483; ', 'lpips_1=0.004073; ', 'codec_recon_1=0.314517; ', 'bpp_1=0.291726; ', 'mse_2=0.000393; ', 'lpips_2=0.003747; ', 'codec_recon_2=0.088681; ', 'bpp_2=0.271079; ']
train step[1667/2000] ; used: 34m:44s; eta: 6m:56s; loss = 0.012245; ['mse_0=0.000996; ', 'lpips_0=0.003727; ', 'codec_recon_0=0.020725; ', 'bpp_0=6.101627; ', 'mse_1=0.000831; ', 'lpips_1=0.003141; ', 'codec_recon_1=0.319516; ', 'bpp_1=0.296956; ', 'mse_2=0.000773; ', 'lpips_2=0.002777; ', 'codec_recon_2=0.085003; ', 'bpp_2=0.275346; ']
train step[1668/2000] ; used: 34m:45s; eta: 6m:54s; loss = 0.018189; ['mse_0=0.002338; ', 'lpips_0=0.004858; ', 'codec_recon_0=0.019750; ', 'bpp_0=6.125322; ', 'mse_1=0.002006; ', 'lpips_1=0.004078; ', 'codec_recon_1=0.371522; ', 'bpp_1=0.299280; ', 'mse_2=0.001640; ', 'lpips_2=0.003269; ', 'codec_recon_2=0.081069; ', 'bpp_2=0.280427; ']
train step[1669/2000] ; used: 34m:46s; eta: 6m:53s; loss = 0.011932; ['mse_0=0.000787; ', 'lpips_0=0.003788; ', 'codec_recon_0=0.021196; ', 'bpp_0=5.931990; ', 'mse_1=0.000640; ', 'lpips_1=0.003274; ', 'codec_recon_1=0.269141; ', 'bpp_1=0.291438; ', 'mse_2=0.000515; ', 'lpips_2=0.002928; ', 'codec_recon_2=0.077127; ', 'bpp_2=0.272226; ']
train step[1670/2000] ; used: 34m:47s; eta: 6m:52s; loss = 0.010521; ['mse_0=0.001035; ', 'lpips_0=0.003384; ', 'codec_recon_0=0.019558; ', 'bpp_0=6.225310; ', 'mse_1=0.000755; ', 'lpips_1=0.002579; ', 'codec_recon_1=0.300849; ', 'bpp_1=0.298223; ', 'mse_2=0.000627; ', 'lpips_2=0.002143; ', 'codec_recon_2=0.090845; ', 'bpp_2=0.278617; ']
train step[1671/2000] ; used: 34m:48s; eta: 6m:50s; loss = 0.014401; ['mse_0=0.001168; ', 'lpips_0=0.004310; ', 'codec_recon_0=0.022038; ', 'bpp_0=5.943305; ', 'mse_1=0.000956; ', 'lpips_1=0.003740; ', 'codec_recon_1=0.313631; ', 'bpp_1=0.293959; ', 'mse_2=0.000793; ', 'lpips_2=0.003433; ', 'codec_recon_2=0.080360; ', 'bpp_2=0.275363; ']
train step[1672/2000] ; used: 34m:49s; eta: 6m:49s; loss = 0.020810; ['mse_0=0.002163; ', 'lpips_0=0.005603; ', 'codec_recon_0=0.019411; ', 'bpp_0=6.257608; ', 'mse_1=0.001892; ', 'lpips_1=0.004881; ', 'codec_recon_1=0.289267; ', 'bpp_1=0.300708; ', 'mse_2=0.001802; ', 'lpips_2=0.004469; ', 'codec_recon_2=0.090975; ', 'bpp_2=0.279785; ']
train step[1673/2000] ; used: 34m:50s; eta: 6m:48s; loss = 0.013582; ['mse_0=0.001235; ', 'lpips_0=0.003978; ', 'codec_recon_0=0.019197; ', 'bpp_0=6.059229; ', 'mse_1=0.001037; ', 'lpips_1=0.003363; ', 'codec_recon_1=0.306328; ', 'bpp_1=0.296995; ', 'mse_2=0.000899; ', 'lpips_2=0.003069; ', 'codec_recon_2=0.077130; ', 'bpp_2=0.275637; ']
train step[1674/2000] ; used: 34m:51s; eta: 6m:47s; loss = 0.015585; ['mse_0=0.001273; ', 'lpips_0=0.004622; ', 'codec_recon_0=0.020068; ', 'bpp_0=5.991958; ', 'mse_1=0.001102; ', 'lpips_1=0.003993; ', 'codec_recon_1=0.320377; ', 'bpp_1=0.293612; ', 'mse_2=0.000988; ', 'lpips_2=0.003607; ', 'codec_recon_2=0.081202; ', 'bpp_2=0.271348; ']
train step[1675/2000] ; used: 34m:52s; eta: 6m:45s; loss = 0.032435; ['mse_0=0.004644; ', 'lpips_0=0.007230; ', 'codec_recon_0=0.021046; ', 'bpp_0=6.371851; ', 'mse_1=0.004211; ', 'lpips_1=0.006516; ', 'codec_recon_1=0.401068; ', 'bpp_1=0.303907; ', 'mse_2=0.003984; ', 'lpips_2=0.005850; ', 'codec_recon_2=0.075899; ', 'bpp_2=0.287071; ']
train step[1676/2000] ; used: 34m:54s; eta: 6m:44s; loss = 0.017644; ['mse_0=0.001147; ', 'lpips_0=0.005507; ', 'codec_recon_0=0.020026; ', 'bpp_0=5.957521; ', 'mse_1=0.000940; ', 'lpips_1=0.004884; ', 'codec_recon_1=0.340459; ', 'bpp_1=0.294023; ', 'mse_2=0.000769; ', 'lpips_2=0.004397; ', 'codec_recon_2=0.080935; ', 'bpp_2=0.275626; ']
train step[1677/2000] ; used: 34m:55s; eta: 6m:43s; loss = 0.010684; ['mse_0=0.000692; ', 'lpips_0=0.003423; ', 'codec_recon_0=0.020736; ', 'bpp_0=6.072142; ', 'mse_1=0.000564; ', 'lpips_1=0.002868; ', 'codec_recon_1=0.303847; ', 'bpp_1=0.295312; ', 'mse_2=0.000516; ', 'lpips_2=0.002622; ', 'codec_recon_2=0.080869; ', 'bpp_2=0.273864; ']
train step[1678/2000] ; used: 34m:56s; eta: 6m:42s; loss = 0.010054; ['mse_0=0.000659; ', 'lpips_0=0.003194; ', 'codec_recon_0=0.019068; ', 'bpp_0=5.907606; ', 'mse_1=0.000538; ', 'lpips_1=0.002701; ', 'codec_recon_1=0.283328; ', 'bpp_1=0.293076; ', 'mse_2=0.000473; ', 'lpips_2=0.002489; ', 'codec_recon_2=0.078779; ', 'bpp_2=0.271257; ']
train step[1679/2000] ; used: 34m:57s; eta: 6m:40s; loss = 0.064412; ['mse_0=0.010055; ', 'lpips_0=0.012288; ', 'codec_recon_0=0.021149; ', 'bpp_0=6.286383; ', 'mse_1=0.009810; ', 'lpips_1=0.011492; ', 'codec_recon_1=0.367292; ', 'bpp_1=0.302784; ', 'mse_2=0.009752; ', 'lpips_2=0.011016; ', 'codec_recon_2=0.088097; ', 'bpp_2=0.284638; ']
train step[1680/2000] ; used: 34m:58s; eta: 6m:39s; loss = 0.016929; ['mse_0=0.001157; ', 'lpips_0=0.005487; ', 'codec_recon_0=0.022320; ', 'bpp_0=5.968667; ', 'mse_1=0.000982; ', 'lpips_1=0.004564; ', 'codec_recon_1=0.377756; ', 'bpp_1=0.294562; ', 'mse_2=0.000843; ', 'lpips_2=0.003895; ', 'codec_recon_2=0.085987; ', 'bpp_2=0.274515; ']
train step[1681/2000] ; used: 34m:59s; eta: 6m:38s; loss = 0.014944; ['mse_0=0.001694; ', 'lpips_0=0.004159; ', 'codec_recon_0=0.020702; ', 'bpp_0=5.996856; ', 'mse_1=0.001362; ', 'lpips_1=0.003455; ', 'codec_recon_1=0.305832; ', 'bpp_1=0.295493; ', 'mse_2=0.001212; ', 'lpips_2=0.003061; ', 'codec_recon_2=0.078667; ', 'bpp_2=0.275806; ']
train step[1682/2000] ; used: 35m; eta: 6m:36s; loss = 0.012076; ['mse_0=0.001215; ', 'lpips_0=0.003498; ', 'codec_recon_0=0.020294; ', 'bpp_0=6.009653; ', 'mse_1=0.001059; ', 'lpips_1=0.002830; ', 'codec_recon_1=0.302394; ', 'bpp_1=0.293965; ', 'mse_2=0.000953; ', 'lpips_2=0.002521; ', 'codec_recon_2=0.078415; ', 'bpp_2=0.272032; ']
train step[1683/2000] ; used: 35m:1s; eta: 6m:35s; loss = 0.012265; ['mse_0=0.001056; ', 'lpips_0=0.003983; ', 'codec_recon_0=0.023342; ', 'bpp_0=6.125432; ', 'mse_1=0.000804; ', 'lpips_1=0.003089; ', 'codec_recon_1=0.340095; ', 'bpp_1=0.296286; ', 'mse_2=0.000681; ', 'lpips_2=0.002653; ', 'codec_recon_2=0.088119; ', 'bpp_2=0.277624; ']
train step[1684/2000] ; used: 35m:2s; eta: 6m:34s; loss = 0.018853; ['mse_0=0.002148; ', 'lpips_0=0.004965; ', 'codec_recon_0=0.020640; ', 'bpp_0=5.807026; ', 'mse_1=0.002017; ', 'lpips_1=0.004171; ', 'codec_recon_1=0.308710; ', 'bpp_1=0.290480; ', 'mse_2=0.001883; ', 'lpips_2=0.003668; ', 'codec_recon_2=0.077671; ', 'bpp_2=0.269817; ']
train step[1685/2000] ; used: 35m:3s; eta: 6m:33s; loss = 0.016814; ['mse_0=0.001304; ', 'lpips_0=0.004852; ', 'codec_recon_0=0.021357; ', 'bpp_0=5.927674; ', 'mse_1=0.001223; ', 'lpips_1=0.004302; ', 'codec_recon_1=0.278069; ', 'bpp_1=0.292458; ', 'mse_2=0.001189; ', 'lpips_2=0.003944; ', 'codec_recon_2=0.080062; ', 'bpp_2=0.268420; ']
train step[1686/2000] ; used: 35m:4s; eta: 6m:31s; loss = 0.015704; ['mse_0=0.001209; ', 'lpips_0=0.004793; ', 'codec_recon_0=0.019883; ', 'bpp_0=6.021795; ', 'mse_1=0.001037; ', 'lpips_1=0.004018; ', 'codec_recon_1=0.282832; ', 'bpp_1=0.294472; ', 'mse_2=0.000964; ', 'lpips_2=0.003684; ', 'codec_recon_2=0.091185; ', 'bpp_2=0.272738; ']
train step[1687/2000] ; used: 35m:5s; eta: 6m:30s; loss = 0.015405; ['mse_0=0.002325; ', 'lpips_0=0.003453; ', 'codec_recon_0=0.022055; ', 'bpp_0=6.081276; ', 'mse_1=0.002170; ', 'lpips_1=0.002786; ', 'codec_recon_1=0.275730; ', 'bpp_1=0.295588; ', 'mse_2=0.002128; ', 'lpips_2=0.002541; ', 'codec_recon_2=0.075608; ', 'bpp_2=0.275129; ']
train step[1688/2000] ; used: 35m:6s; eta: 6m:29s; loss = 0.013247; ['mse_0=0.000725; ', 'lpips_0=0.004078; ', 'codec_recon_0=0.029897; ', 'bpp_0=5.648878; ', 'mse_1=0.000653; ', 'lpips_1=0.003614; ', 'codec_recon_1=0.262128; ', 'bpp_1=0.287976; ', 'mse_2=0.000675; ', 'lpips_2=0.003502; ', 'codec_recon_2=0.084653; ', 'bpp_2=0.267155; ']
train step[1689/2000] ; used: 35m:7s; eta: 6m:27s; loss = 0.013959; ['mse_0=0.001133; ', 'lpips_0=0.004233; ', 'codec_recon_0=0.024252; ', 'bpp_0=5.938614; ', 'mse_1=0.000937; ', 'lpips_1=0.003602; ', 'codec_recon_1=0.360010; ', 'bpp_1=0.293169; ', 'mse_2=0.000838; ', 'lpips_2=0.003218; ', 'codec_recon_2=0.083884; ', 'bpp_2=0.272236; ']
train step[1690/2000] ; used: 35m:8s; eta: 6m:26s; loss = 0.012546; ['mse_0=0.000896; ', 'lpips_0=0.004140; ', 'codec_recon_0=0.020665; ', 'bpp_0=5.917824; ', 'mse_1=0.000688; ', 'lpips_1=0.003406; ', 'codec_recon_1=0.337818; ', 'bpp_1=0.293632; ', 'mse_2=0.000528; ', 'lpips_2=0.002888; ', 'codec_recon_2=0.080281; ', 'bpp_2=0.272371; ']
train step[1691/2000] ; used: 35m:9s; eta: 6m:25s; loss = 0.025999; ['mse_0=0.002447; ', 'lpips_0=0.007503; ', 'codec_recon_0=0.026656; ', 'bpp_0=5.889657; ', 'mse_1=0.002009; ', 'lpips_1=0.006664; ', 'codec_recon_1=0.404159; ', 'bpp_1=0.293095; ', 'mse_2=0.001525; ', 'lpips_2=0.005850; ', 'codec_recon_2=0.075059; ', 'bpp_2=0.278016; ']
train step[1692/2000] ; used: 35m:10s; eta: 6m:24s; loss = 0.014503; ['mse_0=0.001649; ', 'lpips_0=0.003827; ', 'codec_recon_0=0.021567; ', 'bpp_0=6.105219; ', 'mse_1=0.001444; ', 'lpips_1=0.003240; ', 'codec_recon_1=0.312522; ', 'bpp_1=0.296375; ', 'mse_2=0.001378; ', 'lpips_2=0.002966; ', 'codec_recon_2=0.091991; ', 'bpp_2=0.276838; ']
train step[1693/2000] ; used: 35m:11s; eta: 6m:22s; loss = 0.015733; ['mse_0=0.001079; ', 'lpips_0=0.005339; ', 'codec_recon_0=0.024789; ', 'bpp_0=6.195953; ', 'mse_1=0.000867; ', 'lpips_1=0.004376; ', 'codec_recon_1=0.395703; ', 'bpp_1=0.299227; ', 'mse_2=0.000711; ', 'lpips_2=0.003361; ', 'codec_recon_2=0.099264; ', 'bpp_2=0.280686; ']
train step[1694/2000] ; used: 35m:12s; eta: 6m:21s; loss = 0.014860; ['mse_0=0.000813; ', 'lpips_0=0.004556; ', 'codec_recon_0=0.021223; ', 'bpp_0=5.826771; ', 'mse_1=0.000728; ', 'lpips_1=0.004139; ', 'codec_recon_1=0.279640; ', 'bpp_1=0.291922; ', 'mse_2=0.000707; ', 'lpips_2=0.003918; ', 'codec_recon_2=0.078223; ', 'bpp_2=0.270607; ']
train step[1695/2000] ; used: 35m:14s; eta: 6m:20s; loss = 0.021154; ['mse_0=0.002807; ', 'lpips_0=0.005066; ', 'codec_recon_0=0.021194; ', 'bpp_0=6.131380; ', 'mse_1=0.002539; ', 'lpips_1=0.004448; ', 'codec_recon_1=0.355918; ', 'bpp_1=0.298786; ', 'mse_2=0.002362; ', 'lpips_2=0.003932; ', 'codec_recon_2=0.087671; ', 'bpp_2=0.278462; ']
train step[1696/2000] ; used: 35m:15s; eta: 6m:18s; loss = 0.015051; ['mse_0=0.001076; ', 'lpips_0=0.004713; ', 'codec_recon_0=0.024456; ', 'bpp_0=5.949347; ', 'mse_1=0.000891; ', 'lpips_1=0.004056; ', 'codec_recon_1=0.309666; ', 'bpp_1=0.291827; ', 'mse_2=0.000734; ', 'lpips_2=0.003581; ', 'codec_recon_2=0.087847; ', 'bpp_2=0.268899; ']
train step[1697/2000] ; used: 35m:16s; eta: 6m:17s; loss = 0.021968; ['mse_0=0.002114; ', 'lpips_0=0.005664; ', 'codec_recon_0=0.021457; ', 'bpp_0=5.865542; ', 'mse_1=0.001946; ', 'lpips_1=0.005281; ', 'codec_recon_1=0.271991; ', 'bpp_1=0.292336; ', 'mse_2=0.001917; ', 'lpips_2=0.005047; ', 'codec_recon_2=0.082621; ', 'bpp_2=0.271108; ']
train step[1698/2000] ; used: 35m:17s; eta: 6m:16s; loss = 0.013240; ['mse_0=0.001316; ', 'lpips_0=0.004133; ', 'codec_recon_0=0.020019; ', 'bpp_0=6.069197; ', 'mse_1=0.001012; ', 'lpips_1=0.003364; ', 'codec_recon_1=0.345867; ', 'bpp_1=0.296323; ', 'mse_2=0.000725; ', 'lpips_2=0.002690; ', 'codec_recon_2=0.079576; ', 'bpp_2=0.276200; ']
train step[1699/2000] ; used: 35m:18s; eta: 6m:15s; loss = 0.047259; ['mse_0=0.010518; ', 'lpips_0=0.006293; ', 'codec_recon_0=0.024007; ', 'bpp_0=6.144177; ', 'mse_1=0.009847; ', 'lpips_1=0.005658; ', 'codec_recon_1=0.337120; ', 'bpp_1=0.298003; ', 'mse_2=0.009711; ', 'lpips_2=0.005232; ', 'codec_recon_2=0.077621; ', 'bpp_2=0.280288; ']
train step[1700/2000] ; used: 35m:19s; eta: 6m:13s; loss = 0.017850; ['mse_0=0.001945; ', 'lpips_0=0.004994; ', 'codec_recon_0=0.024402; ', 'bpp_0=6.188326; ', 'mse_1=0.001566; ', 'lpips_1=0.004323; ', 'codec_recon_1=0.404690; ', 'bpp_1=0.299749; ', 'mse_2=0.001269; ', 'lpips_2=0.003753; ', 'codec_recon_2=0.087096; ', 'bpp_2=0.280757; ']
train step[1701/2000] ; used: 35m:20s; eta: 6m:12s; loss = 0.028549; ['mse_0=0.003587; ', 'lpips_0=0.006908; ', 'codec_recon_0=0.021661; ', 'bpp_0=5.904739; ', 'mse_1=0.003322; ', 'lpips_1=0.006233; ', 'codec_recon_1=0.370436; ', 'bpp_1=0.293793; ', 'mse_2=0.003007; ', 'lpips_2=0.005492; ', 'codec_recon_2=0.080319; ', 'bpp_2=0.276133; ']
train step[1702/2000] ; used: 35m:21s; eta: 6m:11s; loss = 0.013104; ['mse_0=0.000818; ', 'lpips_0=0.004593; ', 'codec_recon_0=0.021126; ', 'bpp_0=6.085175; ', 'mse_1=0.000665; ', 'lpips_1=0.003613; ', 'codec_recon_1=0.347149; ', 'bpp_1=0.294372; ', 'mse_2=0.000521; ', 'lpips_2=0.002894; ', 'codec_recon_2=0.097806; ', 'bpp_2=0.273125; ']
train step[1703/2000] ; used: 35m:22s; eta: 6m:9s; loss = 0.020701; ['mse_0=0.002190; ', 'lpips_0=0.005810; ', 'codec_recon_0=0.023304; ', 'bpp_0=6.131831; ', 'mse_1=0.001823; ', 'lpips_1=0.005053; ', 'codec_recon_1=0.380284; ', 'bpp_1=0.298156; ', 'mse_2=0.001522; ', 'lpips_2=0.004302; ', 'codec_recon_2=0.083927; ', 'bpp_2=0.279445; ']
train step[1704/2000] ; used: 35m:23s; eta: 6m:8s; loss = 0.010176; ['mse_0=0.000393; ', 'lpips_0=0.003454; ', 'codec_recon_0=0.025044; ', 'bpp_0=5.601537; ', 'mse_1=0.000311; ', 'lpips_1=0.002938; ', 'codec_recon_1=0.257512; ', 'bpp_1=0.281553; ', 'mse_2=0.000287; ', 'lpips_2=0.002793; ', 'codec_recon_2=0.074425; ', 'bpp_2=0.261410; ']
train step[1705/2000] ; used: 35m:24s; eta: 6m:7s; loss = 0.020651; ['mse_0=0.001389; ', 'lpips_0=0.006199; ', 'codec_recon_0=0.026187; ', 'bpp_0=5.698292; ', 'mse_1=0.001279; ', 'lpips_1=0.005407; ', 'codec_recon_1=0.295387; ', 'bpp_1=0.287675; ', 'mse_2=0.001225; ', 'lpips_2=0.005152; ', 'codec_recon_2=0.083415; ', 'bpp_2=0.269684; ']
train step[1706/2000] ; used: 35m:25s; eta: 6m:6s; loss = 0.010819; ['mse_0=0.000348; ', 'lpips_0=0.003669; ', 'codec_recon_0=0.020708; ', 'bpp_0=5.924514; ', 'mse_1=0.000300; ', 'lpips_1=0.003228; ', 'codec_recon_1=0.280609; ', 'bpp_1=0.292343; ', 'mse_2=0.000261; ', 'lpips_2=0.003014; ', 'codec_recon_2=0.087707; ', 'bpp_2=0.269767; ']
train step[1707/2000] ; used: 35m:26s; eta: 6m:4s; loss = 0.011674; ['mse_0=0.000205; ', 'lpips_0=0.004244; ', 'codec_recon_0=0.024458; ', 'bpp_0=6.077664; ', 'mse_1=0.000169; ', 'lpips_1=0.003564; ', 'codec_recon_1=0.311456; ', 'bpp_1=0.290342; ', 'mse_2=0.000144; ', 'lpips_2=0.003347; ', 'codec_recon_2=0.106570; ', 'bpp_2=0.269799; ']
train step[1708/2000] ; used: 35m:27s; eta: 6m:3s; loss = 0.014125; ['mse_0=0.001402; ', 'lpips_0=0.003832; ', 'codec_recon_0=0.023892; ', 'bpp_0=5.911088; ', 'mse_1=0.001254; ', 'lpips_1=0.003322; ', 'codec_recon_1=0.288641; ', 'bpp_1=0.292451; ', 'mse_2=0.001205; ', 'lpips_2=0.003110; ', 'codec_recon_2=0.085066; ', 'bpp_2=0.270460; ']
train step[1709/2000] ; used: 35m:28s; eta: 6m:2s; loss = 0.017353; ['mse_0=0.001374; ', 'lpips_0=0.005287; ', 'codec_recon_0=0.021805; ', 'bpp_0=6.080381; ', 'mse_1=0.001175; ', 'lpips_1=0.004564; ', 'codec_recon_1=0.368229; ', 'bpp_1=0.295008; ', 'mse_2=0.001034; ', 'lpips_2=0.003920; ', 'codec_recon_2=0.086723; ', 'bpp_2=0.275372; ']
train step[1710/2000] ; used: 35m:29s; eta: 6m; loss = 0.031662; ['mse_0=0.004618; ', 'lpips_0=0.007567; ', 'codec_recon_0=0.022301; ', 'bpp_0=6.293860; ', 'mse_1=0.004104; ', 'lpips_1=0.006281; ', 'codec_recon_1=0.401290; ', 'bpp_1=0.302130; ', 'mse_2=0.003773; ', 'lpips_2=0.005318; ', 'codec_recon_2=0.089972; ', 'bpp_2=0.284971; ']
train step[1711/2000] ; used: 35m:30s; eta: 5m:59s; loss = 0.012525; ['mse_0=0.001211; ', 'lpips_0=0.003663; ', 'codec_recon_0=0.020815; ', 'bpp_0=5.982119; ', 'mse_1=0.001008; ', 'lpips_1=0.003024; ', 'codec_recon_1=0.295580; ', 'bpp_1=0.291703; ', 'mse_2=0.000912; ', 'lpips_2=0.002707; ', 'codec_recon_2=0.080697; ', 'bpp_2=0.272184; ']
train step[1712/2000] ; used: 35m:31s; eta: 5m:58s; loss = 0.009589; ['mse_0=0.000626; ', 'lpips_0=0.003285; ', 'codec_recon_0=0.020211; ', 'bpp_0=6.018829; ', 'mse_1=0.000488; ', 'lpips_1=0.002648; ', 'codec_recon_1=0.347436; ', 'bpp_1=0.293503; ', 'mse_2=0.000377; ', 'lpips_2=0.002165; ', 'codec_recon_2=0.080982; ', 'bpp_2=0.273318; ']
train step[1713/2000] ; used: 35m:32s; eta: 5m:57s; loss = 0.028931; ['mse_0=0.003941; ', 'lpips_0=0.007333; ', 'codec_recon_0=0.020277; ', 'bpp_0=6.259957; ', 'mse_1=0.003464; ', 'lpips_1=0.006168; ', 'codec_recon_1=0.400528; ', 'bpp_1=0.301787; ', 'mse_2=0.003049; ', 'lpips_2=0.004976; ', 'codec_recon_2=0.086625; ', 'bpp_2=0.285822; ']
train step[1714/2000] ; used: 35m:33s; eta: 5m:55s; loss = 0.011905; ['mse_0=0.000652; ', 'lpips_0=0.004332; ', 'codec_recon_0=0.020164; ', 'bpp_0=5.875148; ', 'mse_1=0.000491; ', 'lpips_1=0.003480; ', 'codec_recon_1=0.377006; ', 'bpp_1=0.291115; ', 'mse_2=0.000321; ', 'lpips_2=0.002630; ', 'codec_recon_2=0.095367; ', 'bpp_2=0.271366; ']
train step[1715/2000] ; used: 35m:34s; eta: 5m:54s; loss = 0.008417; ['mse_0=0.000411; ', 'lpips_0=0.003137; ', 'codec_recon_0=0.019733; ', 'bpp_0=5.997824; ', 'mse_1=0.000296; ', 'lpips_1=0.002371; ', 'codec_recon_1=0.305503; ', 'bpp_1=0.293589; ', 'mse_2=0.000224; ', 'lpips_2=0.001978; ', 'codec_recon_2=0.086834; ', 'bpp_2=0.271930; ']
train step[1716/2000] ; used: 35m:35s; eta: 5m:53s; loss = 0.018005; ['mse_0=0.002072; ', 'lpips_0=0.005024; ', 'codec_recon_0=0.020084; ', 'bpp_0=6.285458; ', 'mse_1=0.001731; ', 'lpips_1=0.004292; ', 'codec_recon_1=0.381982; ', 'bpp_1=0.299843; ', 'mse_2=0.001266; ', 'lpips_2=0.003620; ', 'codec_recon_2=0.081963; ', 'bpp_2=0.281973; ']
train step[1717/2000] ; used: 35m:36s; eta: 5m:51s; loss = 0.014906; ['mse_0=0.000654; ', 'lpips_0=0.004751; ', 'codec_recon_0=0.020986; ', 'bpp_0=5.798154; ', 'mse_1=0.000559; ', 'lpips_1=0.004306; ', 'codec_recon_1=0.284183; ', 'bpp_1=0.289769; ', 'mse_2=0.000514; ', 'lpips_2=0.004121; ', 'codec_recon_2=0.076795; ', 'bpp_2=0.269565; ']
train step[1718/2000] ; used: 35m:37s; eta: 5m:50s; loss = 0.016693; ['mse_0=0.001680; ', 'lpips_0=0.005062; ', 'codec_recon_0=0.019723; ', 'bpp_0=6.171526; ', 'mse_1=0.001326; ', 'lpips_1=0.004177; ', 'codec_recon_1=0.379672; ', 'bpp_1=0.298622; ', 'mse_2=0.000990; ', 'lpips_2=0.003459; ', 'codec_recon_2=0.083325; ', 'bpp_2=0.281055; ']
train step[1719/2000] ; used: 35m:38s; eta: 5m:49s; loss = 0.009167; ['mse_0=0.000839; ', 'lpips_0=0.002900; ', 'codec_recon_0=0.018974; ', 'bpp_0=5.885396; ', 'mse_1=0.000712; ', 'lpips_1=0.002286; ', 'codec_recon_1=0.319731; ', 'bpp_1=0.290062; ', 'mse_2=0.000594; ', 'lpips_2=0.001837; ', 'codec_recon_2=0.078100; ', 'bpp_2=0.268761; ']
train step[1720/2000] ; used: 35m:39s; eta: 5m:48s; loss = 0.011797; ['mse_0=0.001068; ', 'lpips_0=0.003582; ', 'codec_recon_0=0.020107; ', 'bpp_0=6.004035; ', 'mse_1=0.000856; ', 'lpips_1=0.002920; ', 'codec_recon_1=0.297372; ', 'bpp_1=0.295763; ', 'mse_2=0.000750; ', 'lpips_2=0.002622; ', 'codec_recon_2=0.073915; ', 'bpp_2=0.275427; ']
train step[1721/2000] ; used: 35m:40s; eta: 5m:46s; loss = 0.014146; ['mse_0=0.001374; ', 'lpips_0=0.003764; ', 'codec_recon_0=0.032554; ', 'bpp_0=5.730782; ', 'mse_1=0.001318; ', 'lpips_1=0.003276; ', 'codec_recon_1=0.271646; ', 'bpp_1=0.287808; ', 'mse_2=0.001294; ', 'lpips_2=0.003119; ', 'codec_recon_2=0.099830; ', 'bpp_2=0.266440; ']
train step[1722/2000] ; used: 35m:41s; eta: 5m:45s; loss = 0.008812; ['mse_0=0.000567; ', 'lpips_0=0.002929; ', 'codec_recon_0=0.019055; ', 'bpp_0=6.008850; ', 'mse_1=0.000490; ', 'lpips_1=0.002330; ', 'codec_recon_1=0.278919; ', 'bpp_1=0.294717; ', 'mse_2=0.000423; ', 'lpips_2=0.002074; ', 'codec_recon_2=0.077956; ', 'bpp_2=0.272366; ']
train step[1723/2000] ; used: 35m:42s; eta: 5m:44s; loss = 0.018989; ['mse_0=0.002322; ', 'lpips_0=0.005077; ', 'codec_recon_0=0.018223; ', 'bpp_0=6.154863; ', 'mse_1=0.001972; ', 'lpips_1=0.004362; ', 'codec_recon_1=0.379740; ', 'bpp_1=0.297905; ', 'mse_2=0.001552; ', 'lpips_2=0.003705; ', 'codec_recon_2=0.080839; ', 'bpp_2=0.277078; ']
train step[1724/2000] ; used: 35m:43s; eta: 5m:43s; loss = 0.010268; ['mse_0=0.000342; ', 'lpips_0=0.003447; ', 'codec_recon_0=0.022984; ', 'bpp_0=5.851875; ', 'mse_1=0.000295; ', 'lpips_1=0.003024; ', 'codec_recon_1=0.266422; ', 'bpp_1=0.289573; ', 'mse_2=0.000278; ', 'lpips_2=0.002882; ', 'codec_recon_2=0.088985; ', 'bpp_2=0.266734; ']
train step[1725/2000] ; used: 35m:44s; eta: 5m:41s; loss = 0.016337; ['mse_0=0.001885; ', 'lpips_0=0.004140; ', 'codec_recon_0=0.019756; ', 'bpp_0=6.107120; ', 'mse_1=0.001718; ', 'lpips_1=0.003617; ', 'codec_recon_1=0.303702; ', 'bpp_1=0.296222; ', 'mse_2=0.001635; ', 'lpips_2=0.003342; ', 'codec_recon_2=0.081036; ', 'bpp_2=0.275723; ']
train step[1726/2000] ; used: 35m:45s; eta: 5m:40s; loss = 0.027569; ['mse_0=0.003421; ', 'lpips_0=0.006416; ', 'codec_recon_0=0.021378; ', 'bpp_0=6.036384; ', 'mse_1=0.003201; ', 'lpips_1=0.005848; ', 'codec_recon_1=0.301734; ', 'bpp_1=0.295064; ', 'mse_2=0.003140; ', 'lpips_2=0.005543; ', 'codec_recon_2=0.078269; ', 'bpp_2=0.275646; ']
train step[1727/2000] ; used: 35m:46s; eta: 5m:39s; loss = 0.018902; ['mse_0=0.001782; ', 'lpips_0=0.004979; ', 'codec_recon_0=0.022346; ', 'bpp_0=5.963741; ', 'mse_1=0.001705; ', 'lpips_1=0.004520; ', 'codec_recon_1=0.277748; ', 'bpp_1=0.292210; ', 'mse_2=0.001617; ', 'lpips_2=0.004300; ', 'codec_recon_2=0.081784; ', 'bpp_2=0.271721; ']
train step[1728/2000] ; used: 35m:47s; eta: 5m:37s; loss = 0.011657; ['mse_0=0.000831; ', 'lpips_0=0.003498; ', 'codec_recon_0=0.018687; ', 'bpp_0=5.995479; ', 'mse_1=0.000727; ', 'lpips_1=0.003060; ', 'codec_recon_1=0.283890; ', 'bpp_1=0.294218; ', 'mse_2=0.000695; ', 'lpips_2=0.002846; ', 'codec_recon_2=0.076748; ', 'bpp_2=0.271855; ']
train step[1729/2000] ; used: 35m:49s; eta: 5m:36s; loss = 0.013250; ['mse_0=0.000585; ', 'lpips_0=0.004327; ', 'codec_recon_0=0.022484; ', 'bpp_0=5.814511; ', 'mse_1=0.000519; ', 'lpips_1=0.003802; ', 'codec_recon_1=0.308084; ', 'bpp_1=0.291100; ', 'mse_2=0.000484; ', 'lpips_2=0.003532; ', 'codec_recon_2=0.085766; ', 'bpp_2=0.269822; ']
train step[1730/2000] ; used: 35m:50s; eta: 5m:35s; loss = 0.010744; ['mse_0=0.000482; ', 'lpips_0=0.003835; ', 'codec_recon_0=0.021813; ', 'bpp_0=5.973942; ', 'mse_1=0.000354; ', 'lpips_1=0.003094; ', 'codec_recon_1=0.340014; ', 'bpp_1=0.291488; ', 'mse_2=0.000289; ', 'lpips_2=0.002690; ', 'codec_recon_2=0.088697; ', 'bpp_2=0.271043; ']
train step[1731/2000] ; used: 35m:51s; eta: 5m:34s; loss = 0.026771; ['mse_0=0.003473; ', 'lpips_0=0.005893; ', 'codec_recon_0=0.033055; ', 'bpp_0=6.077924; ', 'mse_1=0.003378; ', 'lpips_1=0.005492; ', 'codec_recon_1=0.304143; ', 'bpp_1=0.295937; ', 'mse_2=0.003381; ', 'lpips_2=0.005155; ', 'codec_recon_2=0.094853; ', 'bpp_2=0.274925; ']
train step[1732/2000] ; used: 35m:52s; eta: 5m:32s; loss = 0.012982; ['mse_0=0.000843; ', 'lpips_0=0.004617; ', 'codec_recon_0=0.028854; ', 'bpp_0=6.069561; ', 'mse_1=0.000591; ', 'lpips_1=0.003504; ', 'codec_recon_1=0.360304; ', 'bpp_1=0.298181; ', 'mse_2=0.000516; ', 'lpips_2=0.002912; ', 'codec_recon_2=0.089281; ', 'bpp_2=0.279010; ']
train step[1733/2000] ; used: 35m:53s; eta: 5m:31s; loss = 0.011658; ['mse_0=0.000972; ', 'lpips_0=0.003746; ', 'codec_recon_0=0.018346; ', 'bpp_0=5.932208; ', 'mse_1=0.000772; ', 'lpips_1=0.003038; ', 'codec_recon_1=0.311469; ', 'bpp_1=0.292810; ', 'mse_2=0.000647; ', 'lpips_2=0.002482; ', 'codec_recon_2=0.079364; ', 'bpp_2=0.271493; ']
train step[1734/2000] ; used: 35m:54s; eta: 5m:30s; loss = 0.014194; ['mse_0=0.001348; ', 'lpips_0=0.004589; ', 'codec_recon_0=0.023098; ', 'bpp_0=6.158008; ', 'mse_1=0.001034; ', 'lpips_1=0.003667; ', 'codec_recon_1=0.364098; ', 'bpp_1=0.299702; ', 'mse_2=0.000759; ', 'lpips_2=0.002798; ', 'codec_recon_2=0.082379; ', 'bpp_2=0.281960; ']
train step[1735/2000] ; used: 35m:55s; eta: 5m:28s; loss = 0.008009; ['mse_0=0.000539; ', 'lpips_0=0.002809; ', 'codec_recon_0=0.020452; ', 'bpp_0=6.078774; ', 'mse_1=0.000412; ', 'lpips_1=0.002134; ', 'codec_recon_1=0.315930; ', 'bpp_1=0.293332; ', 'mse_2=0.000361; ', 'lpips_2=0.001753; ', 'codec_recon_2=0.084348; ', 'bpp_2=0.271982; ']
train step[1736/2000] ; used: 35m:56s; eta: 5m:27s; loss = 0.011781; ['mse_0=0.000934; ', 'lpips_0=0.003471; ', 'codec_recon_0=0.018220; ', 'bpp_0=6.057859; ', 'mse_1=0.000836; ', 'lpips_1=0.002999; ', 'codec_recon_1=0.287727; ', 'bpp_1=0.294062; ', 'mse_2=0.000793; ', 'lpips_2=0.002748; ', 'codec_recon_2=0.082435; ', 'bpp_2=0.272688; ']
train step[1737/2000] ; used: 35m:57s; eta: 5m:26s; loss = 0.012368; ['mse_0=0.001081; ', 'lpips_0=0.003675; ', 'codec_recon_0=0.023538; ', 'bpp_0=5.955482; ', 'mse_1=0.000951; ', 'lpips_1=0.003068; ', 'codec_recon_1=0.309953; ', 'bpp_1=0.293105; ', 'mse_2=0.000836; ', 'lpips_2=0.002756; ', 'codec_recon_2=0.089653; ', 'bpp_2=0.271308; ']
train step[1738/2000] ; used: 35m:58s; eta: 5m:25s; loss = 0.018072; ['mse_0=0.001596; ', 'lpips_0=0.005001; ', 'codec_recon_0=0.024109; ', 'bpp_0=5.927940; ', 'mse_1=0.001400; ', 'lpips_1=0.004454; ', 'codec_recon_1=0.263604; ', 'bpp_1=0.292058; ', 'mse_2=0.001377; ', 'lpips_2=0.004245; ', 'codec_recon_2=0.086001; ', 'bpp_2=0.272055; ']
train step[1739/2000] ; used: 35m:59s; eta: 5m:23s; loss = 0.012386; ['mse_0=0.000967; ', 'lpips_0=0.003905; ', 'codec_recon_0=0.020274; ', 'bpp_0=5.982960; ', 'mse_1=0.000787; ', 'lpips_1=0.003209; ', 'codec_recon_1=0.304752; ', 'bpp_1=0.293554; ', 'mse_2=0.000689; ', 'lpips_2=0.002829; ', 'codec_recon_2=0.078800; ', 'bpp_2=0.273871; ']
train step[1740/2000] ; used: 36m; eta: 5m:22s; loss = 0.022589; ['mse_0=0.002918; ', 'lpips_0=0.005107; ', 'codec_recon_0=0.027750; ', 'bpp_0=5.863339; ', 'mse_1=0.002860; ', 'lpips_1=0.004593; ', 'codec_recon_1=0.321097; ', 'bpp_1=0.292142; ', 'mse_2=0.002798; ', 'lpips_2=0.004312; ', 'codec_recon_2=0.090470; ', 'bpp_2=0.270668; ']
train step[1741/2000] ; used: 36m:1s; eta: 5m:21s; loss = 0.013292; ['mse_0=0.001118; ', 'lpips_0=0.004145; ', 'codec_recon_0=0.024316; ', 'bpp_0=6.174149; ', 'mse_1=0.000910; ', 'lpips_1=0.003332; ', 'codec_recon_1=0.349453; ', 'bpp_1=0.297448; ', 'mse_2=0.000850; ', 'lpips_2=0.002938; ', 'codec_recon_2=0.089073; ', 'bpp_2=0.279305; ']
train step[1742/2000] ; used: 36m:2s; eta: 5m:20s; loss = 0.020819; ['mse_0=0.002324; ', 'lpips_0=0.005445; ', 'codec_recon_0=0.021413; ', 'bpp_0=6.107014; ', 'mse_1=0.002023; ', 'lpips_1=0.004896; ', 'codec_recon_1=0.338881; ', 'bpp_1=0.296585; ', 'mse_2=0.001757; ', 'lpips_2=0.004374; ', 'codec_recon_2=0.080233; ', 'bpp_2=0.277383; ']
train step[1743/2000] ; used: 36m:3s; eta: 5m:18s; loss = 0.018485; ['mse_0=0.001228; ', 'lpips_0=0.006037; ', 'codec_recon_0=0.023055; ', 'bpp_0=6.000926; ', 'mse_1=0.001043; ', 'lpips_1=0.004899; ', 'codec_recon_1=0.349150; ', 'bpp_1=0.290704; ', 'mse_2=0.000945; ', 'lpips_2=0.004334; ', 'codec_recon_2=0.098280; ', 'bpp_2=0.267562; ']
train step[1744/2000] ; used: 36m:4s; eta: 5m:17s; loss = 0.012637; ['mse_0=0.001371; ', 'lpips_0=0.003620; ', 'codec_recon_0=0.021150; ', 'bpp_0=6.007169; ', 'mse_1=0.001142; ', 'lpips_1=0.002954; ', 'codec_recon_1=0.330307; ', 'bpp_1=0.293695; ', 'mse_2=0.001020; ', 'lpips_2=0.002529; ', 'codec_recon_2=0.076941; ', 'bpp_2=0.274592; ']
train step[1745/2000] ; used: 36m:5s; eta: 5m:16s; loss = 0.011173; ['mse_0=0.000899; ', 'lpips_0=0.003666; ', 'codec_recon_0=0.022154; ', 'bpp_0=6.071577; ', 'mse_1=0.000704; ', 'lpips_1=0.002919; ', 'codec_recon_1=0.322806; ', 'bpp_1=0.295763; ', 'mse_2=0.000557; ', 'lpips_2=0.002428; ', 'codec_recon_2=0.081951; ', 'bpp_2=0.275493; ']
train step[1746/2000] ; used: 36m:6s; eta: 5m:14s; loss = 0.010919; ['mse_0=0.000759; ', 'lpips_0=0.003470; ', 'codec_recon_0=0.020752; ', 'bpp_0=6.030073; ', 'mse_1=0.000642; ', 'lpips_1=0.002897; ', 'codec_recon_1=0.274061; ', 'bpp_1=0.293450; ', 'mse_2=0.000567; ', 'lpips_2=0.002584; ', 'codec_recon_2=0.081098; ', 'bpp_2=0.270324; ']
train step[1747/2000] ; used: 36m:7s; eta: 5m:13s; loss = 0.014081; ['mse_0=0.000948; ', 'lpips_0=0.004298; ', 'codec_recon_0=0.019830; ', 'bpp_0=5.931658; ', 'mse_1=0.000787; ', 'lpips_1=0.003771; ', 'codec_recon_1=0.267915; ', 'bpp_1=0.291124; ', 'mse_2=0.000711; ', 'lpips_2=0.003566; ', 'codec_recon_2=0.074067; ', 'bpp_2=0.270273; ']
train step[1748/2000] ; used: 36m:8s; eta: 5m:12s; loss = 0.009751; ['mse_0=0.000814; ', 'lpips_0=0.003120; ', 'codec_recon_0=0.028284; ', 'bpp_0=5.977178; ', 'mse_1=0.000639; ', 'lpips_1=0.002489; ', 'codec_recon_1=0.272144; ', 'bpp_1=0.292860; ', 'mse_2=0.000541; ', 'lpips_2=0.002149; ', 'codec_recon_2=0.098016; ', 'bpp_2=0.270905; ']
train step[1749/2000] ; used: 36m:9s; eta: 5m:11s; loss = 0.018784; ['mse_0=0.000919; ', 'lpips_0=0.006168; ', 'codec_recon_0=0.024739; ', 'bpp_0=6.173311; ', 'mse_1=0.000728; ', 'lpips_1=0.005381; ', 'codec_recon_1=0.347784; ', 'bpp_1=0.296455; ', 'mse_2=0.000650; ', 'lpips_2=0.004938; ', 'codec_recon_2=0.095359; ', 'bpp_2=0.277316; ']
validation step on 1750 1/100; scene = ['5aca87f95a9412c6']; context = [[58, 133]]
validation step on 1750 2/100; scene = ['bc95e5c7e357f1b7']; context = [[35, 91]]
validation step on 1750 3/100; scene = ['34b0658a5c200cdf']; context = [[0, 70]]
validation step on 1750 4/100; scene = ['28e8300e004ab30b']; context = [[3, 68]]
validation step on 1750 5/100; scene = ['6558c5f10d45a929']; context = [[43, 160]]
validation step on 1750 6/100; scene = ['89ea49cd9865aeff']; context = [[31, 81]]
validation step on 1750 7/100; scene = ['ed477bdf8582adff']; context = [[40, 85]]
validation step on 1750 8/100; scene = ['57d3409bf04c4651']; context = [[0, 45]]
validation step on 1750 9/100; scene = ['aadc1e2dc74fd644']; context = [[2, 52]]
validation step on 1750 10/100; scene = ['cd74b1244d112628']; context = [[63, 110]]
validation step on 1750 11/100; scene = ['57d25dafabb5a238']; context = [[32, 104]]
validation step on 1750 12/100; scene = ['e4f4574df7938f37']; context = [[0, 115]]
validation step on 1750 13/100; scene = ['20d86cff490c0c42']; context = [[18, 69]]
validation step on 1750 14/100; scene = ['0c4c5d5f751aabf5']; context = [[12, 57]]
validation step on 1750 15/100; scene = ['fea544b472e9abd1']; context = [[12, 93]]
validation step on 1750 16/100; scene = ['656381bea665bf3d']; context = [[27, 75]]
validation step on 1750 17/100; scene = ['322261824c4a3003']; context = [[33, 78]]
validation step on 1750 18/100; scene = ['f7c0fa5b81552d35']; context = [[11, 64]]
validation step on 1750 19/100; scene = ['a56ba2efb5e3fdd9']; context = [[33, 92]]
validation step on 1750 20/100; scene = ['c48f19e2ffa52523']; context = [[195, 264]]
validation step on 1750 21/100; scene = ['1214f2a11a9fc1ed']; context = [[103, 215]]
validation step on 1750 22/100; scene = ['a9b3ff60b213e099']; context = [[32, 96]]
validation step on 1750 23/100; scene = ['a6fa92e8204f6118']; context = [[2, 66]]
validation step on 1750 24/100; scene = ['21e794f71e31becb']; context = [[72, 180]]
validation step on 1750 25/100; scene = ['f7d916b43193c181']; context = [[7, 61]]
validation step on 1750 26/100; scene = ['84ab392d682f296b']; context = [[43, 120]]
validation step on 1750 27/100; scene = ['6771a51bf0cfce7f']; context = [[152, 199]]
validation step on 1750 28/100; scene = ['17d9303ee77c3a3d']; context = [[17, 63]]
validation step on 1750 29/100; scene = ['ffa95c3b40609c76']; context = [[120, 213]]
validation step on 1750 30/100; scene = ['a47b88040452d7d9']; context = [[35, 97]]
validation step on 1750 31/100; scene = ['0d4de33c6888a754']; context = [[2, 57]]
validation step on 1750 32/100; scene = ['41bcd011f99bfb66']; context = [[4, 50]]
validation step on 1750 33/100; scene = ['67a69088a2695987']; context = [[6, 86]]
validation step on 1750 34/100; scene = ['b4099665590548fc']; context = [[23, 74]]
validation step on 1750 35/100; scene = ['9e2a8cc5f32dd46b']; context = [[75, 151]]
validation step on 1750 36/100; scene = ['2e109379f53bb221']; context = [[35, 108]]
validation step on 1750 37/100; scene = ['8adebbb68f2c3f84']; context = [[72, 131]]
validation step on 1750 38/100; scene = ['29e0bfbad00f0d5e']; context = [[8, 100]]
validation step on 1750 39/100; scene = ['debc3490ba0bd84b']; context = [[34, 81]]
validation step on 1750 40/100; scene = ['7c7bc5285126e6ad']; context = [[64, 126]]
validation step on 1750 41/100; scene = ['cdf439b17a6a98d4']; context = [[31, 77]]
validation step on 1750 42/100; scene = ['cb38d67088b66084']; context = [[49, 106]]
validation step on 1750 43/100; scene = ['2da2eeb966bc0ef8']; context = [[30, 94]]
validation step on 1750 44/100; scene = ['bb4d7012261ee0ed']; context = [[0, 46]]
validation step on 1750 45/100; scene = ['9e1f1beb4ba8e5da']; context = [[9, 73]]
validation step on 1750 46/100; scene = ['26b31d71789bffad']; context = [[3, 57]]
validation step on 1750 47/100; scene = ['41abd737e0228c1a']; context = [[81, 127]]
validation step on 1750 48/100; scene = ['ed0c2aca14b99efa']; context = [[62, 119]]
validation step on 1750 49/100; scene = ['8d5163de9ea4d851']; context = [[39, 85]]
validation step on 1750 50/100; scene = ['81be42df6ccae760']; context = [[13, 107]]
validation step on 1750 51/100; scene = ['6fe141ec9be1a432']; context = [[12, 73]]
validation step on 1750 52/100; scene = ['3b6d8db52c54b174']; context = [[0, 80]]
validation step on 1750 53/100; scene = ['3087828bc27bc4c7']; context = [[15, 96]]
validation step on 1750 54/100; scene = ['e124dfa7e996a414']; context = [[48, 93]]
validation step on 1750 55/100; scene = ['e1afd89a69ee6947']; context = [[34, 113]]
validation step on 1750 56/100; scene = ['79ce50fb7b021e1d']; context = [[212, 278]]
validation step on 1750 57/100; scene = ['358bdee988c269ef']; context = [[3, 95]]
validation step on 1750 58/100; scene = ['f14791aec34dbdcd']; context = [[5, 59]]
validation step on 1750 59/100; scene = ['0c52996355b23d76']; context = [[51, 111]]
validation step on 1750 60/100; scene = ['62bcb465bb03d34f']; context = [[6, 84]]
validation step on 1750 61/100; scene = ['1f0e06e4388dd600']; context = [[44, 96]]
validation step on 1750 62/100; scene = ['c9c30723d7c54793']; context = [[152, 247]]
validation step on 1750 63/100; scene = ['8b212f2755d955ec']; context = [[40, 110]]
validation step on 1750 64/100; scene = ['de67e3a0b0648cfe']; context = [[16, 72]]
validation step on 1750 65/100; scene = ['54841308aff91857']; context = [[27, 86]]
validation step on 1750 66/100; scene = ['40ca76de44a6e1a9']; context = [[43, 107]]
validation step on 1750 67/100; scene = ['bc143130c1842e4b']; context = [[29, 133]]
validation step on 1750 68/100; scene = ['912177dbf0a1ed6c']; context = [[3, 60]]
validation step on 1750 69/100; scene = ['afe4e799a94e06b3']; context = [[54, 150]]
validation step on 1750 70/100; scene = ['17f552ef56d85c55']; context = [[20, 86]]
validation step on 1750 71/100; scene = ['a7c691c210154b09']; context = [[0, 50]]
validation step on 1750 72/100; scene = ['9490f1219dbbb6ce']; context = [[17, 72]]
validation step on 1750 73/100; scene = ['154365ab5a4e067b']; context = [[2, 48]]
validation step on 1750 74/100; scene = ['ab4c269f8d523d02']; context = [[18, 72]]
validation step on 1750 75/100; scene = ['75d475e9558ab806']; context = [[1, 46]]
validation step on 1750 76/100; scene = ['fdaab1f49851782c']; context = [[31, 142]]
validation step on 1750 77/100; scene = ['2d4efa3897a4ba2d']; context = [[4, 58]]
validation step on 1750 78/100; scene = ['14f477e7d5af5b91']; context = [[17, 72]]
validation step on 1750 79/100; scene = ['de45926738229f67']; context = [[22, 84]]
validation step on 1750 80/100; scene = ['5c909c802eb6edb1']; context = [[13, 78]]
validation step on 1750 81/100; scene = ['aa91dfdd5f4ad32b']; context = [[8, 57]]
validation step on 1750 82/100; scene = ['88d9ba3324f2ec21']; context = [[2, 49]]
validation step on 1750 83/100; scene = ['622ef98e83ed5239']; context = [[3, 66]]
validation step on 1750 84/100; scene = ['30fc5fc78c5a716e']; context = [[151, 210]]
validation step on 1750 85/100; scene = ['8b760ac05c93a6bb']; context = [[26, 72]]
validation step on 1750 86/100; scene = ['800ea72b6988f63e']; context = [[141, 190]]
validation step on 1750 87/100; scene = ['674dabef8f53b566']; context = [[9, 91]]
validation step on 1750 88/100; scene = ['d3a01038c5f21473']; context = [[139, 273]]
validation step on 1750 89/100; scene = ['3e5f747d06bc84a3']; context = [[85, 190]]
validation step on 1750 90/100; scene = ['bb6fa5bdafc14e8c']; context = [[43, 139]]
validation step on 1750 91/100; scene = ['052430ff6e2c07c4']; context = [[19, 92]]
validation step on 1750 92/100; scene = ['0588138dfec165a1']; context = [[70, 160]]
validation step on 1750 93/100; scene = ['e4bcb18fa6aa91be']; context = [[32, 79]]
validation step on 1750 94/100; scene = ['4c4fa41951e37e78']; context = [[8, 60]]
validation step on 1750 95/100; scene = ['252a24d25a1ea81d']; context = [[198, 263]]
validation step on 1750 96/100; scene = ['214df1c2863d2959']; context = [[45, 96]]
validation step on 1750 97/100; scene = ['bfd27ad72975e120']; context = [[8, 55]]
validation step on 1750 98/100; scene = ['572acd18419c3456']; context = [[3, 62]]
validation step on 1750 99/100; scene = ['b26e6c80d283c4c8']; context = [[46, 92]]
validation step on 1750 100/100; scene = ['10c8e54590f715f7']; context = [[6, 76]]
train step[1750/2000] ; used: 37m:3s; eta: 5m:17s; loss = 0.018848; ['mse_0=0.001877; ', 'lpips_0=0.005345; ', 'codec_recon_0=0.020238; ', 'bpp_0=6.106491; ', 'mse_1=0.001586; ', 'lpips_1=0.004629; ', 'codec_recon_1=0.332878; ', 'bpp_1=0.296918; ', 'mse_2=0.001410; ', 'lpips_2=0.004002; ', 'codec_recon_2=0.089225; ', 'bpp_2=0.276072; ']
train step[1751/2000] ; used: 37m:4s; eta: 5m:16s; loss = 0.012176; ['mse_0=0.001077; ', 'lpips_0=0.004152; ', 'codec_recon_0=0.023673; ', 'bpp_0=6.283096; ', 'mse_1=0.000792; ', 'lpips_1=0.003103; ', 'codec_recon_1=0.376851; ', 'bpp_1=0.300248; ', 'mse_2=0.000620; ', 'lpips_2=0.002430; ', 'codec_recon_2=0.096727; ', 'bpp_2=0.281720; ']
train step[1752/2000] ; used: 37m:5s; eta: 5m:14s; loss = 0.011754; ['mse_0=0.000854; ', 'lpips_0=0.003702; ', 'codec_recon_0=0.018746; ', 'bpp_0=6.030616; ', 'mse_1=0.000667; ', 'lpips_1=0.003112; ', 'codec_recon_1=0.268324; ', 'bpp_1=0.295195; ', 'mse_2=0.000585; ', 'lpips_2=0.002835; ', 'codec_recon_2=0.070226; ', 'bpp_2=0.275402; ']
train step[1753/2000] ; used: 37m:6s; eta: 5m:13s; loss = 0.011595; ['mse_0=0.000696; ', 'lpips_0=0.003639; ', 'codec_recon_0=0.026153; ', 'bpp_0=5.958114; ', 'mse_1=0.000623; ', 'lpips_1=0.003122; ', 'codec_recon_1=0.284459; ', 'bpp_1=0.290841; ', 'mse_2=0.000594; ', 'lpips_2=0.002921; ', 'codec_recon_2=0.100525; ', 'bpp_2=0.270046; ']
train step[1754/2000] ; used: 37m:7s; eta: 5m:12s; loss = 0.014023; ['mse_0=0.001546; ', 'lpips_0=0.003884; ', 'codec_recon_0=0.022238; ', 'bpp_0=6.072870; ', 'mse_1=0.001342; ', 'lpips_1=0.003150; ', 'codec_recon_1=0.324899; ', 'bpp_1=0.296794; ', 'mse_2=0.001266; ', 'lpips_2=0.002834; ', 'codec_recon_2=0.084372; ', 'bpp_2=0.275600; ']
train step[1755/2000] ; used: 37m:8s; eta: 5m:10s; loss = 0.011708; ['mse_0=0.000828; ', 'lpips_0=0.003843; ', 'codec_recon_0=0.022390; ', 'bpp_0=5.907595; ', 'mse_1=0.000640; ', 'lpips_1=0.003122; ', 'codec_recon_1=0.318756; ', 'bpp_1=0.291553; ', 'mse_2=0.000516; ', 'lpips_2=0.002759; ', 'codec_recon_2=0.086813; ', 'bpp_2=0.271299; ']
train step[1756/2000] ; used: 37m:9s; eta: 5m:9s; loss = 0.015567; ['mse_0=0.001681; ', 'lpips_0=0.004344; ', 'codec_recon_0=0.026629; ', 'bpp_0=6.097302; ', 'mse_1=0.001485; ', 'lpips_1=0.003625; ', 'codec_recon_1=0.333260; ', 'bpp_1=0.296526; ', 'mse_2=0.001360; ', 'lpips_2=0.003072; ', 'codec_recon_2=0.091073; ', 'bpp_2=0.278461; ']
train step[1757/2000] ; used: 37m:10s; eta: 5m:8s; loss = 0.013634; ['mse_0=0.000802; ', 'lpips_0=0.004181; ', 'codec_recon_0=0.024991; ', 'bpp_0=5.825122; ', 'mse_1=0.000729; ', 'lpips_1=0.003711; ', 'codec_recon_1=0.265988; ', 'bpp_1=0.288252; ', 'mse_2=0.000681; ', 'lpips_2=0.003529; ', 'codec_recon_2=0.094437; ', 'bpp_2=0.266787; ']
train step[1758/2000] ; used: 37m:11s; eta: 5m:7s; loss = 0.036478; ['mse_0=0.005599; ', 'lpips_0=0.007747; ', 'codec_recon_0=0.025120; ', 'bpp_0=6.152244; ', 'mse_1=0.005080; ', 'lpips_1=0.007057; ', 'codec_recon_1=0.396194; ', 'bpp_1=0.299541; ', 'mse_2=0.004685; ', 'lpips_2=0.006310; ', 'codec_recon_2=0.083731; ', 'bpp_2=0.283111; ']
train step[1759/2000] ; used: 37m:12s; eta: 5m:5s; loss = 0.012402; ['mse_0=0.001207; ', 'lpips_0=0.003652; ', 'codec_recon_0=0.019611; ', 'bpp_0=5.960271; ', 'mse_1=0.000955; ', 'lpips_1=0.003013; ', 'codec_recon_1=0.307749; ', 'bpp_1=0.293727; ', 'mse_2=0.000866; ', 'lpips_2=0.002708; ', 'codec_recon_2=0.073555; ', 'bpp_2=0.271917; ']
train step[1760/2000] ; used: 37m:13s; eta: 5m:4s; loss = 0.014485; ['mse_0=0.001714; ', 'lpips_0=0.003842; ', 'codec_recon_0=0.023863; ', 'bpp_0=6.012213; ', 'mse_1=0.001480; ', 'lpips_1=0.003204; ', 'codec_recon_1=0.310832; ', 'bpp_1=0.295187; ', 'mse_2=0.001392; ', 'lpips_2=0.002853; ', 'codec_recon_2=0.080099; ', 'bpp_2=0.274727; ']
train step[1761/2000] ; used: 37m:14s; eta: 5m:3s; loss = 0.011688; ['mse_0=0.000700; ', 'lpips_0=0.003985; ', 'codec_recon_0=0.020589; ', 'bpp_0=6.004941; ', 'mse_1=0.000534; ', 'lpips_1=0.003325; ', 'codec_recon_1=0.329772; ', 'bpp_1=0.293376; ', 'mse_2=0.000405; ', 'lpips_2=0.002739; ', 'codec_recon_2=0.084253; ', 'bpp_2=0.271221; ']
train step[1762/2000] ; used: 37m:15s; eta: 5m:1s; loss = 0.009484; ['mse_0=0.000690; ', 'lpips_0=0.003050; ', 'codec_recon_0=0.019540; ', 'bpp_0=6.001451; ', 'mse_1=0.000534; ', 'lpips_1=0.002490; ', 'codec_recon_1=0.271859; ', 'bpp_1=0.294601; ', 'mse_2=0.000461; ', 'lpips_2=0.002260; ', 'codec_recon_2=0.075632; ', 'bpp_2=0.272864; ']
train step[1763/2000] ; used: 37m:16s; eta: 5m; loss = 0.017093; ['mse_0=0.001964; ', 'lpips_0=0.004676; ', 'codec_recon_0=0.021167; ', 'bpp_0=6.176427; ', 'mse_1=0.001706; ', 'lpips_1=0.003889; ', 'codec_recon_1=0.352839; ', 'bpp_1=0.298227; ', 'mse_2=0.001492; ', 'lpips_2=0.003365; ', 'codec_recon_2=0.086835; ', 'bpp_2=0.278630; ']
train step[1764/2000] ; used: 37m:17s; eta: 4m:59s; loss = 0.021190; ['mse_0=0.002132; ', 'lpips_0=0.006566; ', 'codec_recon_0=0.020998; ', 'bpp_0=6.159395; ', 'mse_1=0.001613; ', 'lpips_1=0.005493; ', 'codec_recon_1=0.428925; ', 'bpp_1=0.298876; ', 'mse_2=0.001205; ', 'lpips_2=0.004182; ', 'codec_recon_2=0.093621; ', 'bpp_2=0.278722; ']
train step[1765/2000] ; used: 37m:18s; eta: 4m:57s; loss = 0.012751; ['mse_0=0.001002; ', 'lpips_0=0.004138; ', 'codec_recon_0=0.027777; ', 'bpp_0=6.083747; ', 'mse_1=0.000790; ', 'lpips_1=0.003255; ', 'codec_recon_1=0.313713; ', 'bpp_1=0.295979; ', 'mse_2=0.000715; ', 'lpips_2=0.002850; ', 'codec_recon_2=0.100587; ', 'bpp_2=0.276483; ']
train step[1766/2000] ; used: 37m:19s; eta: 4m:56s; loss = 0.010917; ['mse_0=0.000565; ', 'lpips_0=0.003702; ', 'codec_recon_0=0.023514; ', 'bpp_0=5.878369; ', 'mse_1=0.000417; ', 'lpips_1=0.003058; ', 'codec_recon_1=0.257400; ', 'bpp_1=0.290837; ', 'mse_2=0.000360; ', 'lpips_2=0.002814; ', 'codec_recon_2=0.079759; ', 'bpp_2=0.271404; ']
train step[1767/2000] ; used: 37m:20s; eta: 4m:55s; loss = 0.022642; ['mse_0=0.001623; ', 'lpips_0=0.006212; ', 'codec_recon_0=0.024326; ', 'bpp_0=5.834538; ', 'mse_1=0.001620; ', 'lpips_1=0.005821; ', 'codec_recon_1=0.300222; ', 'bpp_1=0.289557; ', 'mse_2=0.001669; ', 'lpips_2=0.005696; ', 'codec_recon_2=0.089551; ', 'bpp_2=0.267718; ']
train step[1768/2000] ; used: 37m:21s; eta: 4m:53s; loss = 0.008829; ['mse_0=0.000467; ', 'lpips_0=0.003162; ', 'codec_recon_0=0.018011; ', 'bpp_0=5.927713; ', 'mse_1=0.000337; ', 'lpips_1=0.002504; ', 'codec_recon_1=0.275639; ', 'bpp_1=0.291077; ', 'mse_2=0.000239; ', 'lpips_2=0.002120; ', 'codec_recon_2=0.079934; ', 'bpp_2=0.269008; ']
train step[1769/2000] ; used: 37m:22s; eta: 4m:52s; loss = 0.009614; ['mse_0=0.000749; ', 'lpips_0=0.003070; ', 'codec_recon_0=0.018296; ', 'bpp_0=6.040164; ', 'mse_1=0.000591; ', 'lpips_1=0.002516; ', 'codec_recon_1=0.289198; ', 'bpp_1=0.295107; ', 'mse_2=0.000491; ', 'lpips_2=0.002198; ', 'codec_recon_2=0.075696; ', 'bpp_2=0.273162; ']
train step[1770/2000] ; used: 37m:23s; eta: 4m:51s; loss = 0.026015; ['mse_0=0.003386; ', 'lpips_0=0.006517; ', 'codec_recon_0=0.024553; ', 'bpp_0=6.127513; ', 'mse_1=0.002902; ', 'lpips_1=0.005671; ', 'codec_recon_1=0.393273; ', 'bpp_1=0.296369; ', 'mse_2=0.002573; ', 'lpips_2=0.004966; ', 'codec_recon_2=0.084355; ', 'bpp_2=0.279520; ']
train step[1771/2000] ; used: 37m:24s; eta: 4m:50s; loss = 0.015425; ['mse_0=0.002109; ', 'lpips_0=0.003982; ', 'codec_recon_0=0.019200; ', 'bpp_0=6.176939; ', 'mse_1=0.001791; ', 'lpips_1=0.003286; ', 'codec_recon_1=0.331946; ', 'bpp_1=0.298620; ', 'mse_2=0.001599; ', 'lpips_2=0.002659; ', 'codec_recon_2=0.079109; ', 'bpp_2=0.277726; ']
train step[1772/2000] ; used: 37m:25s; eta: 4m:48s; loss = 0.013187; ['mse_0=0.001360; ', 'lpips_0=0.003760; ', 'codec_recon_0=0.024452; ', 'bpp_0=5.987321; ', 'mse_1=0.001136; ', 'lpips_1=0.003151; ', 'codec_recon_1=0.296873; ', 'bpp_1=0.294791; ', 'mse_2=0.001028; ', 'lpips_2=0.002751; ', 'codec_recon_2=0.081351; ', 'bpp_2=0.273352; ']
train step[1773/2000] ; used: 37m:26s; eta: 4m:47s; loss = 0.013543; ['mse_0=0.000344; ', 'lpips_0=0.004814; ', 'codec_recon_0=0.027978; ', 'bpp_0=5.926582; ', 'mse_1=0.000290; ', 'lpips_1=0.004144; ', 'codec_recon_1=0.299479; ', 'bpp_1=0.291489; ', 'mse_2=0.000262; ', 'lpips_2=0.003688; ', 'codec_recon_2=0.103409; ', 'bpp_2=0.268578; ']
train step[1774/2000] ; used: 37m:27s; eta: 4m:46s; loss = 0.010880; ['mse_0=0.000889; ', 'lpips_0=0.003675; ', 'codec_recon_0=0.018920; ', 'bpp_0=6.088551; ', 'mse_1=0.000637; ', 'lpips_1=0.002873; ', 'codec_recon_1=0.323080; ', 'bpp_1=0.298201; ', 'mse_2=0.000456; ', 'lpips_2=0.002350; ', 'codec_recon_2=0.077855; ', 'bpp_2=0.277918; ']
train step[1775/2000] ; used: 37m:28s; eta: 4m:44s; loss = 0.014415; ['mse_0=0.000948; ', 'lpips_0=0.004881; ', 'codec_recon_0=0.032666; ', 'bpp_0=6.126170; ', 'mse_1=0.000726; ', 'lpips_1=0.003995; ', 'codec_recon_1=0.368424; ', 'bpp_1=0.296570; ', 'mse_2=0.000583; ', 'lpips_2=0.003282; ', 'codec_recon_2=0.116498; ', 'bpp_2=0.275828; ']
train step[1776/2000] ; used: 37m:29s; eta: 4m:43s; loss = 0.022229; ['mse_0=0.004013; ', 'lpips_0=0.003966; ', 'codec_recon_0=0.021052; ', 'bpp_0=5.837111; ', 'mse_1=0.003815; ', 'lpips_1=0.003449; ', 'codec_recon_1=0.293036; ', 'bpp_1=0.290828; ', 'mse_2=0.003811; ', 'lpips_2=0.003175; ', 'codec_recon_2=0.078660; ', 'bpp_2=0.266214; ']
train step[1777/2000] ; used: 37m:30s; eta: 4m:42s; loss = 0.012901; ['mse_0=0.000926; ', 'lpips_0=0.004457; ', 'codec_recon_0=0.020453; ', 'bpp_0=6.079804; ', 'mse_1=0.000700; ', 'lpips_1=0.003548; ', 'codec_recon_1=0.373511; ', 'bpp_1=0.296545; ', 'mse_2=0.000486; ', 'lpips_2=0.002783; ', 'codec_recon_2=0.086480; ', 'bpp_2=0.275771; ']
train step[1778/2000] ; used: 37m:31s; eta: 4m:41s; loss = 0.016675; ['mse_0=0.001919; ', 'lpips_0=0.005025; ', 'codec_recon_0=0.020022; ', 'bpp_0=6.293748; ', 'mse_1=0.001486; ', 'lpips_1=0.004002; ', 'codec_recon_1=0.375843; ', 'bpp_1=0.302125; ', 'mse_2=0.001110; ', 'lpips_2=0.003133; ', 'codec_recon_2=0.082017; ', 'bpp_2=0.284456; ']
train step[1779/2000] ; used: 37m:32s; eta: 4m:39s; loss = 0.013836; ['mse_0=0.001067; ', 'lpips_0=0.004181; ', 'codec_recon_0=0.020342; ', 'bpp_0=5.867638; ', 'mse_1=0.000897; ', 'lpips_1=0.003595; ', 'codec_recon_1=0.314998; ', 'bpp_1=0.293047; ', 'mse_2=0.000822; ', 'lpips_2=0.003273; ', 'codec_recon_2=0.079911; ', 'bpp_2=0.270565; ']
train step[1780/2000] ; used: 37m:34s; eta: 4m:38s; loss = 0.014583; ['mse_0=0.000991; ', 'lpips_0=0.004388; ', 'codec_recon_0=0.025677; ', 'bpp_0=5.911806; ', 'mse_1=0.000887; ', 'lpips_1=0.003820; ', 'codec_recon_1=0.298466; ', 'bpp_1=0.293184; ', 'mse_2=0.000903; ', 'lpips_2=0.003594; ', 'codec_recon_2=0.096489; ', 'bpp_2=0.273088; ']
train step[1781/2000] ; used: 37m:35s; eta: 4m:37s; loss = 0.028503; ['mse_0=0.002493; ', 'lpips_0=0.007914; ', 'codec_recon_0=0.022599; ', 'bpp_0=6.057901; ', 'mse_1=0.002278; ', 'lpips_1=0.007067; ', 'codec_recon_1=0.356217; ', 'bpp_1=0.295393; ', 'mse_2=0.002137; ', 'lpips_2=0.006614; ', 'codec_recon_2=0.087184; ', 'bpp_2=0.277458; ']
train step[1782/2000] ; used: 37m:36s; eta: 4m:35s; loss = 0.012330; ['mse_0=0.000778; ', 'lpips_0=0.003948; ', 'codec_recon_0=0.018521; ', 'bpp_0=6.119800; ', 'mse_1=0.000618; ', 'lpips_1=0.003379; ', 'codec_recon_1=0.290341; ', 'bpp_1=0.297227; ', 'mse_2=0.000555; ', 'lpips_2=0.003051; ', 'codec_recon_2=0.084602; ', 'bpp_2=0.274543; ']
train step[1783/2000] ; used: 37m:37s; eta: 4m:34s; loss = 0.012926; ['mse_0=0.000910; ', 'lpips_0=0.003858; ', 'codec_recon_0=0.019324; ', 'bpp_0=6.029850; ', 'mse_1=0.000788; ', 'lpips_1=0.003401; ', 'codec_recon_1=0.262534; ', 'bpp_1=0.293233; ', 'mse_2=0.000739; ', 'lpips_2=0.003230; ', 'codec_recon_2=0.080104; ', 'bpp_2=0.272506; ']
train step[1784/2000] ; used: 37m:38s; eta: 4m:33s; loss = 0.026649; ['mse_0=0.003481; ', 'lpips_0=0.006251; ', 'codec_recon_0=0.026813; ', 'bpp_0=6.180256; ', 'mse_1=0.003245; ', 'lpips_1=0.005457; ', 'codec_recon_1=0.353901; ', 'bpp_1=0.299787; ', 'mse_2=0.003221; ', 'lpips_2=0.004994; ', 'codec_recon_2=0.090384; ', 'bpp_2=0.280459; ']
train step[1785/2000] ; used: 37m:39s; eta: 4m:31s; loss = 0.019694; ['mse_0=0.001520; ', 'lpips_0=0.005900; ', 'codec_recon_0=0.021199; ', 'bpp_0=6.053160; ', 'mse_1=0.001375; ', 'lpips_1=0.005068; ', 'codec_recon_1=0.322780; ', 'bpp_1=0.294246; ', 'mse_2=0.001327; ', 'lpips_2=0.004504; ', 'codec_recon_2=0.093126; ', 'bpp_2=0.272408; ']
train step[1786/2000] ; used: 37m:40s; eta: 4m:30s; loss = 0.015107; ['mse_0=0.000953; ', 'lpips_0=0.004909; ', 'codec_recon_0=0.023749; ', 'bpp_0=6.067255; ', 'mse_1=0.000752; ', 'lpips_1=0.004081; ', 'codec_recon_1=0.336248; ', 'bpp_1=0.295167; ', 'mse_2=0.000666; ', 'lpips_2=0.003746; ', 'codec_recon_2=0.094969; ', 'bpp_2=0.276039; ']
train step[1787/2000] ; used: 37m:41s; eta: 4m:29s; loss = 0.007957; ['mse_0=0.000298; ', 'lpips_0=0.002934; ', 'codec_recon_0=0.021326; ', 'bpp_0=5.906866; ', 'mse_1=0.000235; ', 'lpips_1=0.002318; ', 'codec_recon_1=0.293810; ', 'bpp_1=0.290997; ', 'mse_2=0.000164; ', 'lpips_2=0.002009; ', 'codec_recon_2=0.083533; ', 'bpp_2=0.266743; ']
train step[1788/2000] ; used: 37m:42s; eta: 4m:28s; loss = 0.020031; ['mse_0=0.002811; ', 'lpips_0=0.004233; ', 'codec_recon_0=0.024070; ', 'bpp_0=5.974551; ', 'mse_1=0.002833; ', 'lpips_1=0.003763; ', 'codec_recon_1=0.286987; ', 'bpp_1=0.294398; ', 'mse_2=0.002845; ', 'lpips_2=0.003547; ', 'codec_recon_2=0.086733; ', 'bpp_2=0.272298; ']
train step[1789/2000] ; used: 37m:43s; eta: 4m:26s; loss = 0.013155; ['mse_0=0.001145; ', 'lpips_0=0.004479; ', 'codec_recon_0=0.024895; ', 'bpp_0=6.133327; ', 'mse_1=0.000862; ', 'lpips_1=0.003462; ', 'codec_recon_1=0.385354; ', 'bpp_1=0.294742; ', 'mse_2=0.000557; ', 'lpips_2=0.002650; ', 'codec_recon_2=0.101458; ', 'bpp_2=0.278683; ']
train step[1790/2000] ; used: 37m:44s; eta: 4m:25s; loss = 0.018985; ['mse_0=0.001742; ', 'lpips_0=0.005196; ', 'codec_recon_0=0.022320; ', 'bpp_0=5.929461; ', 'mse_1=0.001618; ', 'lpips_1=0.004548; ', 'codec_recon_1=0.279976; ', 'bpp_1=0.290400; ', 'mse_2=0.001586; ', 'lpips_2=0.004297; ', 'codec_recon_2=0.084637; ', 'bpp_2=0.270770; ']
train step[1791/2000] ; used: 37m:45s; eta: 4m:24s; loss = 0.011926; ['mse_0=0.000539; ', 'lpips_0=0.003861; ', 'codec_recon_0=0.025335; ', 'bpp_0=5.777239; ', 'mse_1=0.000496; ', 'lpips_1=0.003377; ', 'codec_recon_1=0.276781; ', 'bpp_1=0.288286; ', 'mse_2=0.000471; ', 'lpips_2=0.003182; ', 'codec_recon_2=0.089268; ', 'bpp_2=0.267149; ']
train step[1792/2000] ; used: 37m:46s; eta: 4m:22s; loss = 0.011621; ['mse_0=0.000678; ', 'lpips_0=0.003743; ', 'codec_recon_0=0.020796; ', 'bpp_0=5.918866; ', 'mse_1=0.000546; ', 'lpips_1=0.003169; ', 'codec_recon_1=0.273584; ', 'bpp_1=0.290620; ', 'mse_2=0.000460; ', 'lpips_2=0.003023; ', 'codec_recon_2=0.078863; ', 'bpp_2=0.269416; ']
train step[1793/2000] ; used: 37m:47s; eta: 4m:21s; loss = 0.027436; ['mse_0=0.002510; ', 'lpips_0=0.008154; ', 'codec_recon_0=0.020322; ', 'bpp_0=6.047108; ', 'mse_1=0.002157; ', 'lpips_1=0.006855; ', 'codec_recon_1=0.381653; ', 'bpp_1=0.296490; ', 'mse_2=0.002042; ', 'lpips_2=0.005718; ', 'codec_recon_2=0.111804; ', 'bpp_2=0.274927; ']
train step[1794/2000] ; used: 37m:48s; eta: 4m:20s; loss = 0.008027; ['mse_0=0.000641; ', 'lpips_0=0.002622; ', 'codec_recon_0=0.021621; ', 'bpp_0=5.989882; ', 'mse_1=0.000512; ', 'lpips_1=0.002073; ', 'codec_recon_1=0.298933; ', 'bpp_1=0.292949; ', 'mse_2=0.000406; ', 'lpips_2=0.001774; ', 'codec_recon_2=0.084994; ', 'bpp_2=0.267732; ']
train step[1795/2000] ; used: 37m:49s; eta: 4m:19s; loss = 0.018503; ['mse_0=0.002272; ', 'lpips_0=0.005575; ', 'codec_recon_0=0.020766; ', 'bpp_0=6.163216; ', 'mse_1=0.001817; ', 'lpips_1=0.004410; ', 'codec_recon_1=0.392311; ', 'bpp_1=0.297821; ', 'mse_2=0.001177; ', 'lpips_2=0.003252; ', 'codec_recon_2=0.079825; ', 'bpp_2=0.281468; ']
train step[1796/2000] ; used: 37m:50s; eta: 4m:17s; loss = 0.014193; ['mse_0=0.001095; ', 'lpips_0=0.004595; ', 'codec_recon_0=0.020114; ', 'bpp_0=6.088696; ', 'mse_1=0.000871; ', 'lpips_1=0.003735; ', 'codec_recon_1=0.338134; ', 'bpp_1=0.294645; ', 'mse_2=0.000766; ', 'lpips_2=0.003131; ', 'codec_recon_2=0.090680; ', 'bpp_2=0.274595; ']
train step[1797/2000] ; used: 37m:51s; eta: 4m:16s; loss = 0.008804; ['mse_0=0.000685; ', 'lpips_0=0.003023; ', 'codec_recon_0=0.017908; ', 'bpp_0=6.206117; ', 'mse_1=0.000487; ', 'lpips_1=0.002369; ', 'codec_recon_1=0.289523; ', 'bpp_1=0.297623; ', 'mse_2=0.000341; ', 'lpips_2=0.001900; ', 'codec_recon_2=0.086277; ', 'bpp_2=0.276640; ']
train step[1798/2000] ; used: 37m:52s; eta: 4m:15s; loss = 0.023182; ['mse_0=0.002031; ', 'lpips_0=0.006832; ', 'codec_recon_0=0.022738; ', 'bpp_0=6.069522; ', 'mse_1=0.001741; ', 'lpips_1=0.005792; ', 'codec_recon_1=0.366831; ', 'bpp_1=0.295732; ', 'mse_2=0.001584; ', 'lpips_2=0.005201; ', 'codec_recon_2=0.089457; ', 'bpp_2=0.278829; ']
train step[1799/2000] ; used: 37m:53s; eta: 4m:13s; loss = 0.023130; ['mse_0=0.001824; ', 'lpips_0=0.006396; ', 'codec_recon_0=0.022536; ', 'bpp_0=5.885856; ', 'mse_1=0.001725; ', 'lpips_1=0.005960; ', 'codec_recon_1=0.358880; ', 'bpp_1=0.290558; ', 'mse_2=0.001739; ', 'lpips_2=0.005486; ', 'codec_recon_2=0.094252; ', 'bpp_2=0.267997; ']
train step[1800/2000] ; used: 37m:54s; eta: 4m:12s; loss = 0.012742; ['mse_0=0.000618; ', 'lpips_0=0.004069; ', 'codec_recon_0=0.022989; ', 'bpp_0=5.839396; ', 'mse_1=0.000536; ', 'lpips_1=0.003576; ', 'codec_recon_1=0.272121; ', 'bpp_1=0.288873; ', 'mse_2=0.000495; ', 'lpips_2=0.003448; ', 'codec_recon_2=0.082324; ', 'bpp_2=0.268377; ']
train step[1801/2000] ; used: 37m:55s; eta: 4m:11s; loss = 0.017487; ['mse_0=0.001812; ', 'lpips_0=0.004615; ', 'codec_recon_0=0.023934; ', 'bpp_0=6.231007; ', 'mse_1=0.001664; ', 'lpips_1=0.004024; ', 'codec_recon_1=0.342322; ', 'bpp_1=0.297859; ', 'mse_2=0.001608; ', 'lpips_2=0.003765; ', 'codec_recon_2=0.092250; ', 'bpp_2=0.279749; ']
train step[1802/2000] ; used: 37m:56s; eta: 4m:10s; loss = 0.008763; ['mse_0=0.000588; ', 'lpips_0=0.002845; ', 'codec_recon_0=0.023657; ', 'bpp_0=5.890471; ', 'mse_1=0.000487; ', 'lpips_1=0.002276; ', 'codec_recon_1=0.269578; ', 'bpp_1=0.289364; ', 'mse_2=0.000454; ', 'lpips_2=0.002112; ', 'codec_recon_2=0.087220; ', 'bpp_2=0.268072; ']
train step[1803/2000] ; used: 37m:57s; eta: 4m:8s; loss = 0.014371; ['mse_0=0.001007; ', 'lpips_0=0.004314; ', 'codec_recon_0=0.026177; ', 'bpp_0=5.854240; ', 'mse_1=0.000897; ', 'lpips_1=0.003826; ', 'codec_recon_1=0.288328; ', 'bpp_1=0.290398; ', 'mse_2=0.000828; ', 'lpips_2=0.003499; ', 'codec_recon_2=0.090792; ', 'bpp_2=0.268645; ']
train step[1804/2000] ; used: 37m:58s; eta: 4m:7s; loss = 0.013691; ['mse_0=0.001315; ', 'lpips_0=0.004294; ', 'codec_recon_0=0.021327; ', 'bpp_0=6.055777; ', 'mse_1=0.001074; ', 'lpips_1=0.003348; ', 'codec_recon_1=0.341328; ', 'bpp_1=0.293672; ', 'mse_2=0.000923; ', 'lpips_2=0.002738; ', 'codec_recon_2=0.095630; ', 'bpp_2=0.271889; ']
train step[1805/2000] ; used: 37m:59s; eta: 4m:6s; loss = 0.012716; ['mse_0=0.000920; ', 'lpips_0=0.003962; ', 'codec_recon_0=0.019105; ', 'bpp_0=6.025462; ', 'mse_1=0.000785; ', 'lpips_1=0.003365; ', 'codec_recon_1=0.283486; ', 'bpp_1=0.294768; ', 'mse_2=0.000724; ', 'lpips_2=0.002961; ', 'codec_recon_2=0.082389; ', 'bpp_2=0.271977; ']
train step[1806/2000] ; used: 38m:1s; eta: 4m:4s; loss = 0.016385; ['mse_0=0.001901; ', 'lpips_0=0.004137; ', 'codec_recon_0=0.020332; ', 'bpp_0=5.970920; ', 'mse_1=0.001722; ', 'lpips_1=0.003596; ', 'codec_recon_1=0.309585; ', 'bpp_1=0.293662; ', 'mse_2=0.001681; ', 'lpips_2=0.003348; ', 'codec_recon_2=0.087206; ', 'bpp_2=0.272833; ']
train step[1807/2000] ; used: 38m:2s; eta: 4m:3s; loss = 0.013605; ['mse_0=0.001253; ', 'lpips_0=0.003913; ', 'codec_recon_0=0.020101; ', 'bpp_0=5.952762; ', 'mse_1=0.001087; ', 'lpips_1=0.003298; ', 'codec_recon_1=0.279533; ', 'bpp_1=0.293336; ', 'mse_2=0.001005; ', 'lpips_2=0.003049; ', 'codec_recon_2=0.076443; ', 'bpp_2=0.272344; ']
train step[1808/2000] ; used: 38m:3s; eta: 4m:2s; loss = 0.020500; ['mse_0=0.002314; ', 'lpips_0=0.005035; ', 'codec_recon_0=0.027566; ', 'bpp_0=5.944083; ', 'mse_1=0.002205; ', 'lpips_1=0.004491; ', 'codec_recon_1=0.295963; ', 'bpp_1=0.292498; ', 'mse_2=0.002203; ', 'lpips_2=0.004252; ', 'codec_recon_2=0.100364; ', 'bpp_2=0.269449; ']
train step[1809/2000] ; used: 38m:4s; eta: 4m:1s; loss = 0.021844; ['mse_0=0.002753; ', 'lpips_0=0.005218; ', 'codec_recon_0=0.019156; ', 'bpp_0=5.902663; ', 'mse_1=0.002531; ', 'lpips_1=0.004683; ', 'codec_recon_1=0.301553; ', 'bpp_1=0.292204; ', 'mse_2=0.002389; ', 'lpips_2=0.004270; ', 'codec_recon_2=0.077270; ', 'bpp_2=0.272074; ']
train step[1810/2000] ; used: 38m:5s; eta: 3m:59s; loss = 0.011827; ['mse_0=0.001068; ', 'lpips_0=0.004238; ', 'codec_recon_0=0.019604; ', 'bpp_0=6.193059; ', 'mse_1=0.000765; ', 'lpips_1=0.003116; ', 'codec_recon_1=0.372733; ', 'bpp_1=0.296947; ', 'mse_2=0.000464; ', 'lpips_2=0.002177; ', 'codec_recon_2=0.090554; ', 'bpp_2=0.277458; ']
train step[1811/2000] ; used: 38m:6s; eta: 3m:58s; loss = 0.014327; ['mse_0=0.001332; ', 'lpips_0=0.004143; ', 'codec_recon_0=0.019262; ', 'bpp_0=6.009378; ', 'mse_1=0.001092; ', 'lpips_1=0.003470; ', 'codec_recon_1=0.295819; ', 'bpp_1=0.293936; ', 'mse_2=0.000993; ', 'lpips_2=0.003297; ', 'codec_recon_2=0.083502; ', 'bpp_2=0.271303; ']
train step[1812/2000] ; used: 38m:7s; eta: 3m:57s; loss = 0.017329; ['mse_0=0.001494; ', 'lpips_0=0.004880; ', 'codec_recon_0=0.022390; ', 'bpp_0=5.854484; ', 'mse_1=0.001326; ', 'lpips_1=0.004351; ', 'codec_recon_1=0.300063; ', 'bpp_1=0.292505; ', 'mse_2=0.001225; ', 'lpips_2=0.004054; ', 'codec_recon_2=0.079853; ', 'bpp_2=0.272768; ']
train step[1813/2000] ; used: 38m:8s; eta: 3m:55s; loss = 0.010752; ['mse_0=0.000815; ', 'lpips_0=0.003353; ', 'codec_recon_0=0.019765; ', 'bpp_0=5.877097; ', 'mse_1=0.000660; ', 'lpips_1=0.002832; ', 'codec_recon_1=0.285253; ', 'bpp_1=0.290834; ', 'mse_2=0.000583; ', 'lpips_2=0.002510; ', 'codec_recon_2=0.078589; ', 'bpp_2=0.269716; ']
train step[1814/2000] ; used: 38m:9s; eta: 3m:54s; loss = 0.009496; ['mse_0=0.000768; ', 'lpips_0=0.003126; ', 'codec_recon_0=0.017532; ', 'bpp_0=6.139449; ', 'mse_1=0.000623; ', 'lpips_1=0.002470; ', 'codec_recon_1=0.325100; ', 'bpp_1=0.296288; ', 'mse_2=0.000498; ', 'lpips_2=0.002012; ', 'codec_recon_2=0.088652; ', 'bpp_2=0.273568; ']
train step[1815/2000] ; used: 38m:10s; eta: 3m:53s; loss = 0.019265; ['mse_0=0.002110; ', 'lpips_0=0.005016; ', 'codec_recon_0=0.023007; ', 'bpp_0=6.089840; ', 'mse_1=0.001837; ', 'lpips_1=0.004407; ', 'codec_recon_1=0.322396; ', 'bpp_1=0.295584; ', 'mse_2=0.001785; ', 'lpips_2=0.004111; ', 'codec_recon_2=0.092551; ', 'bpp_2=0.274034; ']
train step[1816/2000] ; used: 38m:11s; eta: 3m:52s; loss = 0.014803; ['mse_0=0.001136; ', 'lpips_0=0.004713; ', 'codec_recon_0=0.021855; ', 'bpp_0=5.951436; ', 'mse_1=0.000931; ', 'lpips_1=0.003863; ', 'codec_recon_1=0.366903; ', 'bpp_1=0.292517; ', 'mse_2=0.000767; ', 'lpips_2=0.003393; ', 'codec_recon_2=0.086200; ', 'bpp_2=0.272279; ']
train step[1817/2000] ; used: 38m:12s; eta: 3m:50s; loss = 0.013438; ['mse_0=0.001359; ', 'lpips_0=0.004131; ', 'codec_recon_0=0.019387; ', 'bpp_0=6.200232; ', 'mse_1=0.001092; ', 'lpips_1=0.003337; ', 'codec_recon_1=0.356820; ', 'bpp_1=0.297874; ', 'mse_2=0.000867; ', 'lpips_2=0.002653; ', 'codec_recon_2=0.088789; ', 'bpp_2=0.277764; ']
train step[1818/2000] ; used: 38m:13s; eta: 3m:49s; loss = 0.012303; ['mse_0=0.001227; ', 'lpips_0=0.003442; ', 'codec_recon_0=0.018300; ', 'bpp_0=6.081274; ', 'mse_1=0.001060; ', 'lpips_1=0.002934; ', 'codec_recon_1=0.274101; ', 'bpp_1=0.295186; ', 'mse_2=0.000960; ', 'lpips_2=0.002680; ', 'codec_recon_2=0.078731; ', 'bpp_2=0.274038; ']
train step[1819/2000] ; used: 38m:14s; eta: 3m:48s; loss = 0.012316; ['mse_0=0.001195; ', 'lpips_0=0.003993; ', 'codec_recon_0=0.021126; ', 'bpp_0=6.039159; ', 'mse_1=0.000899; ', 'lpips_1=0.003182; ', 'codec_recon_1=0.351919; ', 'bpp_1=0.296345; ', 'mse_2=0.000626; ', 'lpips_2=0.002421; ', 'codec_recon_2=0.087232; ', 'bpp_2=0.275358; ']
train step[1820/2000] ; used: 38m:15s; eta: 3m:46s; loss = 0.011329; ['mse_0=0.000826; ', 'lpips_0=0.003696; ', 'codec_recon_0=0.020284; ', 'bpp_0=5.980159; ', 'mse_1=0.000697; ', 'lpips_1=0.002963; ', 'codec_recon_1=0.306069; ', 'bpp_1=0.292627; ', 'mse_2=0.000644; ', 'lpips_2=0.002505; ', 'codec_recon_2=0.084090; ', 'bpp_2=0.271762; ']
train step[1821/2000] ; used: 38m:16s; eta: 3m:45s; loss = 0.012193; ['mse_0=0.000603; ', 'lpips_0=0.004066; ', 'codec_recon_0=0.021796; ', 'bpp_0=5.847924; ', 'mse_1=0.000574; ', 'lpips_1=0.003442; ', 'codec_recon_1=0.319359; ', 'bpp_1=0.292213; ', 'mse_2=0.000510; ', 'lpips_2=0.002998; ', 'codec_recon_2=0.093464; ', 'bpp_2=0.271200; ']
train step[1822/2000] ; used: 38m:17s; eta: 3m:44s; loss = 0.011172; ['mse_0=0.000875; ', 'lpips_0=0.003495; ', 'codec_recon_0=0.019697; ', 'bpp_0=5.907152; ', 'mse_1=0.000724; ', 'lpips_1=0.002839; ', 'codec_recon_1=0.317266; ', 'bpp_1=0.291553; ', 'mse_2=0.000647; ', 'lpips_2=0.002590; ', 'codec_recon_2=0.081796; ', 'bpp_2=0.269023; ']
train step[1823/2000] ; used: 38m:18s; eta: 3m:43s; loss = 0.012438; ['mse_0=0.001163; ', 'lpips_0=0.003838; ', 'codec_recon_0=0.023046; ', 'bpp_0=5.893015; ', 'mse_1=0.000934; ', 'lpips_1=0.003077; ', 'codec_recon_1=0.330904; ', 'bpp_1=0.290649; ', 'mse_2=0.000781; ', 'lpips_2=0.002645; ', 'codec_recon_2=0.082122; ', 'bpp_2=0.269759; ']
train step[1824/2000] ; used: 38m:19s; eta: 3m:41s; loss = 0.011884; ['mse_0=0.000901; ', 'lpips_0=0.003844; ', 'codec_recon_0=0.021279; ', 'bpp_0=6.091582; ', 'mse_1=0.000748; ', 'lpips_1=0.003103; ', 'codec_recon_1=0.329419; ', 'bpp_1=0.296730; ', 'mse_2=0.000623; ', 'lpips_2=0.002666; ', 'codec_recon_2=0.095828; ', 'bpp_2=0.274154; ']
train step[1825/2000] ; used: 38m:20s; eta: 3m:40s; loss = 0.038408; ['mse_0=0.007745; ', 'lpips_0=0.006217; ', 'codec_recon_0=0.022645; ', 'bpp_0=5.922753; ', 'mse_1=0.007134; ', 'lpips_1=0.005353; ', 'codec_recon_1=0.289022; ', 'bpp_1=0.293545; ', 'mse_2=0.006992; ', 'lpips_2=0.004968; ', 'codec_recon_2=0.071747; ', 'bpp_2=0.272338; ']
train step[1826/2000] ; used: 38m:21s; eta: 3m:39s; loss = 0.010240; ['mse_0=0.000478; ', 'lpips_0=0.003501; ', 'codec_recon_0=0.024290; ', 'bpp_0=5.752135; ', 'mse_1=0.000398; ', 'lpips_1=0.002913; ', 'codec_recon_1=0.325531; ', 'bpp_1=0.288655; ', 'mse_2=0.000327; ', 'lpips_2=0.002624; ', 'codec_recon_2=0.090772; ', 'bpp_2=0.266976; ']
train step[1827/2000] ; used: 38m:22s; eta: 3m:37s; loss = 0.027222; ['mse_0=0.002925; ', 'lpips_0=0.006827; ', 'codec_recon_0=0.024293; ', 'bpp_0=6.057028; ', 'mse_1=0.002781; ', 'lpips_1=0.006235; ', 'codec_recon_1=0.348652; ', 'bpp_1=0.294471; ', 'mse_2=0.002616; ', 'lpips_2=0.005838; ', 'codec_recon_2=0.088398; ', 'bpp_2=0.276571; ']
train step[1828/2000] ; used: 38m:23s; eta: 3m:36s; loss = 0.012731; ['mse_0=0.000767; ', 'lpips_0=0.003999; ', 'codec_recon_0=0.024171; ', 'bpp_0=5.871735; ', 'mse_1=0.000628; ', 'lpips_1=0.003460; ', 'codec_recon_1=0.286036; ', 'bpp_1=0.291644; ', 'mse_2=0.000596; ', 'lpips_2=0.003282; ', 'codec_recon_2=0.085790; ', 'bpp_2=0.270857; ']
train step[1829/2000] ; used: 38m:24s; eta: 3m:35s; loss = 0.017271; ['mse_0=0.001742; ', 'lpips_0=0.005063; ', 'codec_recon_0=0.026788; ', 'bpp_0=5.931039; ', 'mse_1=0.001534; ', 'lpips_1=0.004222; ', 'codec_recon_1=0.389080; ', 'bpp_1=0.292108; ', 'mse_2=0.001271; ', 'lpips_2=0.003439; ', 'codec_recon_2=0.101711; ', 'bpp_2=0.273314; ']
train step[1830/2000] ; used: 38m:25s; eta: 3m:34s; loss = 0.010669; ['mse_0=0.000539; ', 'lpips_0=0.003677; ', 'codec_recon_0=0.018889; ', 'bpp_0=5.948071; ', 'mse_1=0.000381; ', 'lpips_1=0.003023; ', 'codec_recon_1=0.297759; ', 'bpp_1=0.294254; ', 'mse_2=0.000300; ', 'lpips_2=0.002750; ', 'codec_recon_2=0.076847; ', 'bpp_2=0.271128; ']
train step[1831/2000] ; used: 38m:27s; eta: 3m:32s; loss = 0.013273; ['mse_0=0.000975; ', 'lpips_0=0.003913; ', 'codec_recon_0=0.028261; ', 'bpp_0=5.938023; ', 'mse_1=0.000887; ', 'lpips_1=0.003491; ', 'codec_recon_1=0.297241; ', 'bpp_1=0.291693; ', 'mse_2=0.000814; ', 'lpips_2=0.003193; ', 'codec_recon_2=0.105451; ', 'bpp_2=0.268540; ']
train step[1832/2000] ; used: 38m:28s; eta: 3m:31s; loss = 0.013653; ['mse_0=0.000929; ', 'lpips_0=0.004445; ', 'codec_recon_0=0.021281; ', 'bpp_0=5.847185; ', 'mse_1=0.000758; ', 'lpips_1=0.003674; ', 'codec_recon_1=0.301697; ', 'bpp_1=0.292229; ', 'mse_2=0.000646; ', 'lpips_2=0.003201; ', 'codec_recon_2=0.091471; ', 'bpp_2=0.271136; ']
train step[1833/2000] ; used: 38m:29s; eta: 3m:30s; loss = 0.023144; ['mse_0=0.002593; ', 'lpips_0=0.005738; ', 'codec_recon_0=0.020833; ', 'bpp_0=6.034662; ', 'mse_1=0.002471; ', 'lpips_1=0.005103; ', 'codec_recon_1=0.296616; ', 'bpp_1=0.296072; ', 'mse_2=0.002425; ', 'lpips_2=0.004815; ', 'codec_recon_2=0.083559; ', 'bpp_2=0.274041; ']
train step[1834/2000] ; used: 38m:30s; eta: 3m:29s; loss = 0.024620; ['mse_0=0.002871; ', 'lpips_0=0.006917; ', 'codec_recon_0=0.021652; ', 'bpp_0=6.279160; ', 'mse_1=0.002205; ', 'lpips_1=0.005949; ', 'codec_recon_1=0.375640; ', 'bpp_1=0.302120; ', 'mse_2=0.001711; ', 'lpips_2=0.004968; ', 'codec_recon_2=0.084543; ', 'bpp_2=0.283382; ']
train step[1835/2000] ; used: 38m:31s; eta: 3m:27s; loss = 0.010533; ['mse_0=0.000593; ', 'lpips_0=0.003583; ', 'codec_recon_0=0.019549; ', 'bpp_0=5.783421; ', 'mse_1=0.000483; ', 'lpips_1=0.002862; ', 'codec_recon_1=0.252581; ', 'bpp_1=0.288593; ', 'mse_2=0.000411; ', 'lpips_2=0.002602; ', 'codec_recon_2=0.076054; ', 'bpp_2=0.266708; ']
train step[1836/2000] ; used: 38m:32s; eta: 3m:26s; loss = 0.015104; ['mse_0=0.001678; ', 'lpips_0=0.004265; ', 'codec_recon_0=0.022250; ', 'bpp_0=6.032709; ', 'mse_1=0.001421; ', 'lpips_1=0.003509; ', 'codec_recon_1=0.370484; ', 'bpp_1=0.294689; ', 'mse_2=0.001230; ', 'lpips_2=0.003000; ', 'codec_recon_2=0.080869; ', 'bpp_2=0.273961; ']
train step[1837/2000] ; used: 38m:33s; eta: 3m:25s; loss = 0.015095; ['mse_0=0.001205; ', 'lpips_0=0.004960; ', 'codec_recon_0=0.021533; ', 'bpp_0=6.042484; ', 'mse_1=0.000997; ', 'lpips_1=0.003949; ', 'codec_recon_1=0.383717; ', 'bpp_1=0.295038; ', 'mse_2=0.000801; ', 'lpips_2=0.003184; ', 'codec_recon_2=0.088163; ', 'bpp_2=0.272455; ']
train step[1838/2000] ; used: 38m:34s; eta: 3m:23s; loss = 0.010877; ['mse_0=0.001004; ', 'lpips_0=0.003525; ', 'codec_recon_0=0.019951; ', 'bpp_0=6.185311; ', 'mse_1=0.000780; ', 'lpips_1=0.002614; ', 'codec_recon_1=0.327303; ', 'bpp_1=0.297399; ', 'mse_2=0.000672; ', 'lpips_2=0.002283; ', 'codec_recon_2=0.085714; ', 'bpp_2=0.275657; ']
train step[1839/2000] ; used: 38m:35s; eta: 3m:22s; loss = 0.022601; ['mse_0=0.002880; ', 'lpips_0=0.005391; ', 'codec_recon_0=0.033838; ', 'bpp_0=5.871808; ', 'mse_1=0.002682; ', 'lpips_1=0.004630; ', 'codec_recon_1=0.326313; ', 'bpp_1=0.293298; ', 'mse_2=0.002666; ', 'lpips_2=0.004353; ', 'codec_recon_2=0.095784; ', 'bpp_2=0.271249; ']
train step[1840/2000] ; used: 38m:36s; eta: 3m:21s; loss = 0.009163; ['mse_0=0.000652; ', 'lpips_0=0.003147; ', 'codec_recon_0=0.018497; ', 'bpp_0=6.079262; ', 'mse_1=0.000466; ', 'lpips_1=0.002480; ', 'codec_recon_1=0.311834; ', 'bpp_1=0.296323; ', 'mse_2=0.000352; ', 'lpips_2=0.002064; ', 'codec_recon_2=0.080440; ', 'bpp_2=0.274483; ']
train step[1841/2000] ; used: 38m:38s; eta: 3m:20s; loss = 0.012971; ['mse_0=0.001401; ', 'lpips_0=0.003654; ', 'codec_recon_0=0.019958; ', 'bpp_0=5.965641; ', 'mse_1=0.001128; ', 'lpips_1=0.003043; ', 'codec_recon_1=0.272251; ', 'bpp_1=0.292567; ', 'mse_2=0.001027; ', 'lpips_2=0.002718; ', 'codec_recon_2=0.075983; ', 'bpp_2=0.270953; ']
train step[1842/2000] ; used: 38m:39s; eta: 3m:18s; loss = 0.011603; ['mse_0=0.000647; ', 'lpips_0=0.003821; ', 'codec_recon_0=0.020521; ', 'bpp_0=5.925158; ', 'mse_1=0.000534; ', 'lpips_1=0.003243; ', 'codec_recon_1=0.281663; ', 'bpp_1=0.291673; ', 'mse_2=0.000462; ', 'lpips_2=0.002897; ', 'codec_recon_2=0.083324; ', 'bpp_2=0.271389; ']
train step[1843/2000] ; used: 38m:40s; eta: 3m:17s; loss = 0.011975; ['mse_0=0.000751; ', 'lpips_0=0.003766; ', 'codec_recon_0=0.020830; ', 'bpp_0=6.004611; ', 'mse_1=0.000618; ', 'lpips_1=0.003224; ', 'codec_recon_1=0.287103; ', 'bpp_1=0.293389; ', 'mse_2=0.000589; ', 'lpips_2=0.003028; ', 'codec_recon_2=0.081745; ', 'bpp_2=0.273133; ']
train step[1844/2000] ; used: 38m:41s; eta: 3m:16s; loss = 0.018102; ['mse_0=0.001613; ', 'lpips_0=0.005328; ', 'codec_recon_0=0.023043; ', 'bpp_0=6.168020; ', 'mse_1=0.001484; ', 'lpips_1=0.004444; ', 'codec_recon_1=0.379529; ', 'bpp_1=0.296505; ', 'mse_2=0.001425; ', 'lpips_2=0.003808; ', 'codec_recon_2=0.101348; ', 'bpp_2=0.276802; ']
train step[1845/2000] ; used: 38m:42s; eta: 3m:14s; loss = 0.011686; ['mse_0=0.000747; ', 'lpips_0=0.003738; ', 'codec_recon_0=0.018789; ', 'bpp_0=5.949090; ', 'mse_1=0.000631; ', 'lpips_1=0.003161; ', 'codec_recon_1=0.279949; ', 'bpp_1=0.292515; ', 'mse_2=0.000569; ', 'lpips_2=0.002840; ', 'codec_recon_2=0.078949; ', 'bpp_2=0.270385; ']
train step[1846/2000] ; used: 38m:43s; eta: 3m:13s; loss = 0.008851; ['mse_0=0.000423; ', 'lpips_0=0.003147; ', 'codec_recon_0=0.021746; ', 'bpp_0=5.915984; ', 'mse_1=0.000315; ', 'lpips_1=0.002571; ', 'codec_recon_1=0.308816; ', 'bpp_1=0.291061; ', 'mse_2=0.000228; ', 'lpips_2=0.002166; ', 'codec_recon_2=0.083822; ', 'bpp_2=0.267854; ']
train step[1847/2000] ; used: 38m:44s; eta: 3m:12s; loss = 0.015341; ['mse_0=0.001299; ', 'lpips_0=0.004801; ', 'codec_recon_0=0.020511; ', 'bpp_0=6.149002; ', 'mse_1=0.001075; ', 'lpips_1=0.003894; ', 'codec_recon_1=0.386841; ', 'bpp_1=0.296849; ', 'mse_2=0.000987; ', 'lpips_2=0.003287; ', 'codec_recon_2=0.093225; ', 'bpp_2=0.276965; ']
train step[1848/2000] ; used: 38m:45s; eta: 3m:11s; loss = 0.010179; ['mse_0=0.000553; ', 'lpips_0=0.003355; ', 'codec_recon_0=0.017692; ', 'bpp_0=6.054009; ', 'mse_1=0.000434; ', 'lpips_1=0.002838; ', 'codec_recon_1=0.269226; ', 'bpp_1=0.294947; ', 'mse_2=0.000392; ', 'lpips_2=0.002607; ', 'codec_recon_2=0.081243; ', 'bpp_2=0.271706; ']
train step[1849/2000] ; used: 38m:46s; eta: 3m:9s; loss = 0.069359; ['mse_0=0.010840; ', 'lpips_0=0.012668; ', 'codec_recon_0=0.024554; ', 'bpp_0=5.956946; ', 'mse_1=0.010885; ', 'lpips_1=0.011881; ', 'codec_recon_1=0.306026; ', 'bpp_1=0.294250; ', 'mse_2=0.011405; ', 'lpips_2=0.011679; ', 'codec_recon_2=0.092196; ', 'bpp_2=0.273440; ']
train step[1850/2000] ; used: 38m:47s; eta: 3m:8s; loss = 0.017999; ['mse_0=0.001430; ', 'lpips_0=0.005262; ', 'codec_recon_0=0.023543; ', 'bpp_0=5.912421; ', 'mse_1=0.001174; ', 'lpips_1=0.004716; ', 'codec_recon_1=0.304624; ', 'bpp_1=0.291767; ', 'mse_2=0.001073; ', 'lpips_2=0.004345; ', 'codec_recon_2=0.079516; ', 'bpp_2=0.272320; ']
train step[1851/2000] ; used: 38m:48s; eta: 3m:7s; loss = 0.009076; ['mse_0=0.000397; ', 'lpips_0=0.003108; ', 'codec_recon_0=0.019167; ', 'bpp_0=5.966457; ', 'mse_1=0.000290; ', 'lpips_1=0.002602; ', 'codec_recon_1=0.276420; ', 'bpp_1=0.291020; ', 'mse_2=0.000254; ', 'lpips_2=0.002425; ', 'codec_recon_2=0.078286; ', 'bpp_2=0.267533; ']
train step[1852/2000] ; used: 38m:49s; eta: 3m:6s; loss = 0.014040; ['mse_0=0.001549; ', 'lpips_0=0.003902; ', 'codec_recon_0=0.018999; ', 'bpp_0=6.099132; ', 'mse_1=0.001349; ', 'lpips_1=0.003267; ', 'codec_recon_1=0.313505; ', 'bpp_1=0.297358; ', 'mse_2=0.001211; ', 'lpips_2=0.002761; ', 'codec_recon_2=0.078096; ', 'bpp_2=0.276247; ']
train step[1853/2000] ; used: 38m:50s; eta: 3m:4s; loss = 0.016827; ['mse_0=0.001362; ', 'lpips_0=0.004585; ', 'codec_recon_0=0.023115; ', 'bpp_0=5.786615; ', 'mse_1=0.001345; ', 'lpips_1=0.004188; ', 'codec_recon_1=0.293947; ', 'bpp_1=0.289414; ', 'mse_2=0.001308; ', 'lpips_2=0.004039; ', 'codec_recon_2=0.072481; ', 'bpp_2=0.268477; ']
train step[1854/2000] ; used: 38m:51s; eta: 3m:3s; loss = 0.016324; ['mse_0=0.001724; ', 'lpips_0=0.004322; ', 'codec_recon_0=0.021148; ', 'bpp_0=6.014565; ', 'mse_1=0.001537; ', 'lpips_1=0.003774; ', 'codec_recon_1=0.298182; ', 'bpp_1=0.294198; ', 'mse_2=0.001440; ', 'lpips_2=0.003528; ', 'codec_recon_2=0.081632; ', 'bpp_2=0.272253; ']
train step[1855/2000] ; used: 38m:52s; eta: 3m:2s; loss = 0.011778; ['mse_0=0.000882; ', 'lpips_0=0.003873; ', 'codec_recon_0=0.021048; ', 'bpp_0=6.042777; ', 'mse_1=0.000662; ', 'lpips_1=0.003112; ', 'codec_recon_1=0.316896; ', 'bpp_1=0.292638; ', 'mse_2=0.000549; ', 'lpips_2=0.002700; ', 'codec_recon_2=0.081700; ', 'bpp_2=0.272519; ']
train step[1856/2000] ; used: 38m:53s; eta: 3m; loss = 0.013325; ['mse_0=0.000628; ', 'lpips_0=0.004377; ', 'codec_recon_0=0.020694; ', 'bpp_0=5.956936; ', 'mse_1=0.000547; ', 'lpips_1=0.003782; ', 'codec_recon_1=0.292020; ', 'bpp_1=0.291749; ', 'mse_2=0.000500; ', 'lpips_2=0.003492; ', 'codec_recon_2=0.085529; ', 'bpp_2=0.271626; ']
train step[1857/2000] ; used: 38m:54s; eta: 2m:59s; loss = 0.029956; ['mse_0=0.003292; ', 'lpips_0=0.007487; ', 'codec_recon_0=0.020565; ', 'bpp_0=6.054186; ', 'mse_1=0.003035; ', 'lpips_1=0.006908; ', 'codec_recon_1=0.382496; ', 'bpp_1=0.296928; ', 'mse_2=0.002953; ', 'lpips_2=0.006280; ', 'codec_recon_2=0.081924; ', 'bpp_2=0.280721; ']
train step[1858/2000] ; used: 38m:55s; eta: 2m:58s; loss = 0.032555; ['mse_0=0.004760; ', 'lpips_0=0.006712; ', 'codec_recon_0=0.020576; ', 'bpp_0=6.129914; ', 'mse_1=0.004541; ', 'lpips_1=0.006237; ', 'codec_recon_1=0.330474; ', 'bpp_1=0.297012; ', 'mse_2=0.004458; ', 'lpips_2=0.005847; ', 'codec_recon_2=0.086712; ', 'bpp_2=0.278144; ']
train step[1859/2000] ; used: 38m:56s; eta: 2m:57s; loss = 0.012125; ['mse_0=0.001106; ', 'lpips_0=0.003960; ', 'codec_recon_0=0.018625; ', 'bpp_0=6.295424; ', 'mse_1=0.000835; ', 'lpips_1=0.003105; ', 'codec_recon_1=0.348430; ', 'bpp_1=0.300885; ', 'mse_2=0.000628; ', 'lpips_2=0.002491; ', 'codec_recon_2=0.082624; ', 'bpp_2=0.280722; ']
train step[1860/2000] ; used: 38m:57s; eta: 2m:55s; loss = 0.013210; ['mse_0=0.000612; ', 'lpips_0=0.004306; ', 'codec_recon_0=0.021043; ', 'bpp_0=6.042130; ', 'mse_1=0.000524; ', 'lpips_1=0.003759; ', 'codec_recon_1=0.303810; ', 'bpp_1=0.293386; ', 'mse_2=0.000493; ', 'lpips_2=0.003517; ', 'codec_recon_2=0.091691; ', 'bpp_2=0.270989; ']
train step[1861/2000] ; used: 38m:58s; eta: 2m:54s; loss = 0.015417; ['mse_0=0.001556; ', 'lpips_0=0.004440; ', 'codec_recon_0=0.021768; ', 'bpp_0=6.162297; ', 'mse_1=0.001313; ', 'lpips_1=0.003685; ', 'codec_recon_1=0.313928; ', 'bpp_1=0.297498; ', 'mse_2=0.001226; ', 'lpips_2=0.003198; ', 'codec_recon_2=0.087118; ', 'bpp_2=0.276039; ']
train step[1862/2000] ; used: 38m:59s; eta: 2m:53s; loss = 0.013293; ['mse_0=0.000685; ', 'lpips_0=0.004355; ', 'codec_recon_0=0.020552; ', 'bpp_0=6.010984; ', 'mse_1=0.000601; ', 'lpips_1=0.003727; ', 'codec_recon_1=0.309958; ', 'bpp_1=0.293448; ', 'mse_2=0.000532; ', 'lpips_2=0.003393; ', 'codec_recon_2=0.087346; ', 'bpp_2=0.271125; ']
train step[1863/2000] ; used: 39m; eta: 2m:52s; loss = 0.010634; ['mse_0=0.000792; ', 'lpips_0=0.003348; ', 'codec_recon_0=0.018077; ', 'bpp_0=5.931199; ', 'mse_1=0.000635; ', 'lpips_1=0.002805; ', 'codec_recon_1=0.292993; ', 'bpp_1=0.292379; ', 'mse_2=0.000545; ', 'lpips_2=0.002509; ', 'codec_recon_2=0.074025; ', 'bpp_2=0.269320; ']
train step[1864/2000] ; used: 39m:1s; eta: 2m:50s; loss = 0.014290; ['mse_0=0.001329; ', 'lpips_0=0.004066; ', 'codec_recon_0=0.019945; ', 'bpp_0=5.921217; ', 'mse_1=0.001109; ', 'lpips_1=0.003503; ', 'codec_recon_1=0.277979; ', 'bpp_1=0.293221; ', 'mse_2=0.001034; ', 'lpips_2=0.003248; ', 'codec_recon_2=0.073064; ', 'bpp_2=0.271966; ']
train step[1865/2000] ; used: 39m:2s; eta: 2m:49s; loss = 0.019834; ['mse_0=0.002221; ', 'lpips_0=0.005162; ', 'codec_recon_0=0.021183; ', 'bpp_0=6.089375; ', 'mse_1=0.001899; ', 'lpips_1=0.004492; ', 'codec_recon_1=0.298680; ', 'bpp_1=0.296060; ', 'mse_2=0.001829; ', 'lpips_2=0.004231; ', 'codec_recon_2=0.081345; ', 'bpp_2=0.276087; ']
train step[1866/2000] ; used: 39m:3s; eta: 2m:48s; loss = 0.023317; ['mse_0=0.002717; ', 'lpips_0=0.006263; ', 'codec_recon_0=0.022492; ', 'bpp_0=6.076568; ', 'mse_1=0.002291; ', 'lpips_1=0.005358; ', 'codec_recon_1=0.377867; ', 'bpp_1=0.296685; ', 'mse_2=0.002017; ', 'lpips_2=0.004671; ', 'codec_recon_2=0.079089; ', 'bpp_2=0.278803; ']
train step[1867/2000] ; used: 39m:5s; eta: 2m:46s; loss = 0.014176; ['mse_0=0.001174; ', 'lpips_0=0.004271; ', 'codec_recon_0=0.024742; ', 'bpp_0=5.901159; ', 'mse_1=0.001009; ', 'lpips_1=0.003623; ', 'codec_recon_1=0.331085; ', 'bpp_1=0.291097; ', 'mse_2=0.000895; ', 'lpips_2=0.003205; ', 'codec_recon_2=0.091769; ', 'bpp_2=0.268626; ']
train step[1868/2000] ; used: 39m:6s; eta: 2m:45s; loss = 0.019547; ['mse_0=0.001395; ', 'lpips_0=0.005857; ', 'codec_recon_0=0.021960; ', 'bpp_0=5.934703; ', 'mse_1=0.001212; ', 'lpips_1=0.005147; ', 'codec_recon_1=0.294218; ', 'bpp_1=0.292875; ', 'mse_2=0.001134; ', 'lpips_2=0.004801; ', 'codec_recon_2=0.081927; ', 'bpp_2=0.272965; ']
train step[1869/2000] ; used: 39m:7s; eta: 2m:44s; loss = 0.016380; ['mse_0=0.002046; ', 'lpips_0=0.004302; ', 'codec_recon_0=0.020082; ', 'bpp_0=6.068126; ', 'mse_1=0.001715; ', 'lpips_1=0.003587; ', 'codec_recon_1=0.307999; ', 'bpp_1=0.296006; ', 'mse_2=0.001558; ', 'lpips_2=0.003171; ', 'codec_recon_2=0.075124; ', 'bpp_2=0.275305; ']
train step[1870/2000] ; used: 39m:8s; eta: 2m:43s; loss = 0.018633; ['mse_0=0.000928; ', 'lpips_0=0.005769; ', 'codec_recon_0=0.022001; ', 'bpp_0=5.815332; ', 'mse_1=0.000840; ', 'lpips_1=0.005262; ', 'codec_recon_1=0.332492; ', 'bpp_1=0.286972; ', 'mse_2=0.000844; ', 'lpips_2=0.004989; ', 'codec_recon_2=0.087949; ', 'bpp_2=0.268390; ']
train step[1871/2000] ; used: 39m:9s; eta: 2m:41s; loss = 0.016034; ['mse_0=0.001988; ', 'lpips_0=0.004077; ', 'codec_recon_0=0.025427; ', 'bpp_0=5.965619; ', 'mse_1=0.001730; ', 'lpips_1=0.003571; ', 'codec_recon_1=0.306412; ', 'bpp_1=0.292233; ', 'mse_2=0.001418; ', 'lpips_2=0.003250; ', 'codec_recon_2=0.088889; ', 'bpp_2=0.269685; ']
train step[1872/2000] ; used: 39m:10s; eta: 2m:40s; loss = 0.033436; ['mse_0=0.005212; ', 'lpips_0=0.007179; ', 'codec_recon_0=0.019551; ', 'bpp_0=6.109725; ', 'mse_1=0.004661; ', 'lpips_1=0.006229; ', 'codec_recon_1=0.360342; ', 'bpp_1=0.298150; ', 'mse_2=0.004518; ', 'lpips_2=0.005636; ', 'codec_recon_2=0.094441; ', 'bpp_2=0.277049; ']
train step[1873/2000] ; used: 39m:11s; eta: 2m:39s; loss = 0.023547; ['mse_0=0.001894; ', 'lpips_0=0.007351; ', 'codec_recon_0=0.023823; ', 'bpp_0=6.173342; ', 'mse_1=0.001547; ', 'lpips_1=0.006451; ', 'codec_recon_1=0.433639; ', 'bpp_1=0.297900; ', 'mse_2=0.001196; ', 'lpips_2=0.005108; ', 'codec_recon_2=0.093560; ', 'bpp_2=0.279611; ']
train step[1874/2000] ; used: 39m:12s; eta: 2m:38s; loss = 0.023766; ['mse_0=0.003469; ', 'lpips_0=0.005085; ', 'codec_recon_0=0.026364; ', 'bpp_0=5.947254; ', 'mse_1=0.003383; ', 'lpips_1=0.004397; ', 'codec_recon_1=0.283321; ', 'bpp_1=0.291593; ', 'mse_2=0.003354; ', 'lpips_2=0.004079; ', 'codec_recon_2=0.086888; ', 'bpp_2=0.270256; ']
train step[1875/2000] ; used: 39m:13s; eta: 2m:36s; loss = 0.015631; ['mse_0=0.000730; ', 'lpips_0=0.004904; ', 'codec_recon_0=0.025053; ', 'bpp_0=5.587634; ', 'mse_1=0.000655; ', 'lpips_1=0.004459; ', 'codec_recon_1=0.297683; ', 'bpp_1=0.284516; ', 'mse_2=0.000615; ', 'lpips_2=0.004266; ', 'codec_recon_2=0.074246; ', 'bpp_2=0.263669; ']
train step[1876/2000] ; used: 39m:14s; eta: 2m:35s; loss = 0.016242; ['mse_0=0.001493; ', 'lpips_0=0.004737; ', 'codec_recon_0=0.022365; ', 'bpp_0=5.907667; ', 'mse_1=0.001285; ', 'lpips_1=0.004037; ', 'codec_recon_1=0.346123; ', 'bpp_1=0.291759; ', 'mse_2=0.001166; ', 'lpips_2=0.003525; ', 'codec_recon_2=0.087715; ', 'bpp_2=0.269300; ']
train step[1877/2000] ; used: 39m:15s; eta: 2m:34s; loss = 0.015258; ['mse_0=0.001312; ', 'lpips_0=0.004596; ', 'codec_recon_0=0.032685; ', 'bpp_0=5.835324; ', 'mse_1=0.001046; ', 'lpips_1=0.003841; ', 'codec_recon_1=0.288918; ', 'bpp_1=0.289430; ', 'mse_2=0.000914; ', 'lpips_2=0.003550; ', 'codec_recon_2=0.098738; ', 'bpp_2=0.267509; ']
train step[1878/2000] ; used: 39m:16s; eta: 2m:32s; loss = 0.014059; ['mse_0=0.001315; ', 'lpips_0=0.004057; ', 'codec_recon_0=0.021688; ', 'bpp_0=5.970068; ', 'mse_1=0.001068; ', 'lpips_1=0.003439; ', 'codec_recon_1=0.278179; ', 'bpp_1=0.293027; ', 'mse_2=0.000992; ', 'lpips_2=0.003188; ', 'codec_recon_2=0.079123; ', 'bpp_2=0.272215; ']
train step[1879/2000] ; used: 39m:17s; eta: 2m:31s; loss = 0.028965; ['mse_0=0.004281; ', 'lpips_0=0.005710; ', 'codec_recon_0=0.024555; ', 'bpp_0=5.706906; ', 'mse_1=0.004517; ', 'lpips_1=0.005125; ', 'codec_recon_1=0.283340; ', 'bpp_1=0.285852; ', 'mse_2=0.004495; ', 'lpips_2=0.004838; ', 'codec_recon_2=0.078721; ', 'bpp_2=0.266804; ']
train step[1880/2000] ; used: 39m:18s; eta: 2m:30s; loss = 0.015429; ['mse_0=0.001495; ', 'lpips_0=0.004981; ', 'codec_recon_0=0.018044; ', 'bpp_0=6.160896; ', 'mse_1=0.001088; ', 'lpips_1=0.003964; ', 'codec_recon_1=0.368219; ', 'bpp_1=0.298998; ', 'mse_2=0.000790; ', 'lpips_2=0.003112; ', 'codec_recon_2=0.079893; ', 'bpp_2=0.278548; ']
train step[1881/2000] ; used: 39m:19s; eta: 2m:29s; loss = 0.009940; ['mse_0=0.000385; ', 'lpips_0=0.003505; ', 'codec_recon_0=0.019718; ', 'bpp_0=5.955844; ', 'mse_1=0.000288; ', 'lpips_1=0.002914; ', 'codec_recon_1=0.295701; ', 'bpp_1=0.291944; ', 'mse_2=0.000228; ', 'lpips_2=0.002620; ', 'codec_recon_2=0.086104; ', 'bpp_2=0.270123; ']
train step[1882/2000] ; used: 39m:20s; eta: 2m:27s; loss = 0.017532; ['mse_0=0.002389; ', 'lpips_0=0.004041; ', 'codec_recon_0=0.019843; ', 'bpp_0=6.071096; ', 'mse_1=0.002221; ', 'lpips_1=0.003476; ', 'codec_recon_1=0.300419; ', 'bpp_1=0.292835; ', 'mse_2=0.002230; ', 'lpips_2=0.003176; ', 'codec_recon_2=0.083750; ', 'bpp_2=0.272621; ']
train step[1883/2000] ; used: 39m:21s; eta: 2m:26s; loss = 0.015313; ['mse_0=0.001153; ', 'lpips_0=0.004485; ', 'codec_recon_0=0.021674; ', 'bpp_0=5.828371; ', 'mse_1=0.001053; ', 'lpips_1=0.003921; ', 'codec_recon_1=0.268618; ', 'bpp_1=0.287732; ', 'mse_2=0.001010; ', 'lpips_2=0.003691; ', 'codec_recon_2=0.078753; ', 'bpp_2=0.268301; ']
train step[1884/2000] ; used: 39m:22s; eta: 2m:25s; loss = 0.018452; ['mse_0=0.001793; ', 'lpips_0=0.006143; ', 'codec_recon_0=0.023376; ', 'bpp_0=6.292783; ', 'mse_1=0.001427; ', 'lpips_1=0.004653; ', 'codec_recon_1=0.419989; ', 'bpp_1=0.299061; ', 'mse_2=0.001085; ', 'lpips_2=0.003350; ', 'codec_recon_2=0.090585; ', 'bpp_2=0.282199; ']
train step[1885/2000] ; used: 39m:23s; eta: 2m:24s; loss = 0.014754; ['mse_0=0.001075; ', 'lpips_0=0.004868; ', 'codec_recon_0=0.022326; ', 'bpp_0=6.236786; ', 'mse_1=0.000910; ', 'lpips_1=0.003962; ', 'codec_recon_1=0.375417; ', 'bpp_1=0.297938; ', 'mse_2=0.000755; ', 'lpips_2=0.003184; ', 'codec_recon_2=0.092692; ', 'bpp_2=0.278687; ']
train step[1886/2000] ; used: 39m:24s; eta: 2m:22s; loss = 0.015456; ['mse_0=0.001627; ', 'lpips_0=0.004731; ', 'codec_recon_0=0.020229; ', 'bpp_0=6.216156; ', 'mse_1=0.001264; ', 'lpips_1=0.003797; ', 'codec_recon_1=0.353588; ', 'bpp_1=0.299847; ', 'mse_2=0.000929; ', 'lpips_2=0.003107; ', 'codec_recon_2=0.085146; ', 'bpp_2=0.279909; ']
train step[1887/2000] ; used: 39m:25s; eta: 2m:21s; loss = 0.011108; ['mse_0=0.000247; ', 'lpips_0=0.003912; ', 'codec_recon_0=0.022402; ', 'bpp_0=5.820698; ', 'mse_1=0.000208; ', 'lpips_1=0.003366; ', 'codec_recon_1=0.266118; ', 'bpp_1=0.286780; ', 'mse_2=0.000196; ', 'lpips_2=0.003180; ', 'codec_recon_2=0.084111; ', 'bpp_2=0.265981; ']
train step[1888/2000] ; used: 39m:26s; eta: 2m:20s; loss = 0.021047; ['mse_0=0.001854; ', 'lpips_0=0.005857; ', 'codec_recon_0=0.021238; ', 'bpp_0=6.105817; ', 'mse_1=0.001707; ', 'lpips_1=0.005169; ', 'codec_recon_1=0.323950; ', 'bpp_1=0.296130; ', 'mse_2=0.001681; ', 'lpips_2=0.004779; ', 'codec_recon_2=0.090195; ', 'bpp_2=0.275013; ']
train step[1889/2000] ; used: 39m:27s; eta: 2m:19s; loss = 0.011066; ['mse_0=0.000899; ', 'lpips_0=0.003629; ', 'codec_recon_0=0.020388; ', 'bpp_0=5.926474; ', 'mse_1=0.000712; ', 'lpips_1=0.002858; ', 'codec_recon_1=0.319574; ', 'bpp_1=0.290837; ', 'mse_2=0.000549; ', 'lpips_2=0.002417; ', 'codec_recon_2=0.074564; ', 'bpp_2=0.271022; ']
train step[1890/2000] ; used: 39m:28s; eta: 2m:17s; loss = 0.012773; ['mse_0=0.000468; ', 'lpips_0=0.004201; ', 'codec_recon_0=0.022209; ', 'bpp_0=5.830964; ', 'mse_1=0.000417; ', 'lpips_1=0.003718; ', 'codec_recon_1=0.273395; ', 'bpp_1=0.289110; ', 'mse_2=0.000367; ', 'lpips_2=0.003602; ', 'codec_recon_2=0.084536; ', 'bpp_2=0.269841; ']
train step[1891/2000] ; used: 39m:29s; eta: 2m:16s; loss = 0.010666; ['mse_0=0.000502; ', 'lpips_0=0.003607; ', 'codec_recon_0=0.021346; ', 'bpp_0=5.913432; ', 'mse_1=0.000431; ', 'lpips_1=0.003015; ', 'codec_recon_1=0.280970; ', 'bpp_1=0.290503; ', 'mse_2=0.000376; ', 'lpips_2=0.002734; ', 'codec_recon_2=0.083094; ', 'bpp_2=0.271332; ']
train step[1892/2000] ; used: 39m:30s; eta: 2m:15s; loss = 0.022048; ['mse_0=0.001828; ', 'lpips_0=0.006137; ', 'codec_recon_0=0.034094; ', 'bpp_0=5.806925; ', 'mse_1=0.001701; ', 'lpips_1=0.005562; ', 'codec_recon_1=0.273518; ', 'bpp_1=0.285084; ', 'mse_2=0.001638; ', 'lpips_2=0.005183; ', 'codec_recon_2=0.090277; ', 'bpp_2=0.269642; ']
train step[1893/2000] ; used: 39m:32s; eta: 2m:14s; loss = 0.014595; ['mse_0=0.001122; ', 'lpips_0=0.004282; ', 'codec_recon_0=0.020283; ', 'bpp_0=5.893876; ', 'mse_1=0.000995; ', 'lpips_1=0.003741; ', 'codec_recon_1=0.281479; ', 'bpp_1=0.291809; ', 'mse_2=0.000935; ', 'lpips_2=0.003521; ', 'codec_recon_2=0.076179; ', 'bpp_2=0.270859; ']
train step[1894/2000] ; used: 39m:33s; eta: 2m:12s; loss = 0.020940; ['mse_0=0.002544; ', 'lpips_0=0.005081; ', 'codec_recon_0=0.022698; ', 'bpp_0=5.741885; ', 'mse_1=0.002274; ', 'lpips_1=0.004550; ', 'codec_recon_1=0.287811; ', 'bpp_1=0.286526; ', 'mse_2=0.002173; ', 'lpips_2=0.004319; ', 'codec_recon_2=0.069123; ', 'bpp_2=0.269522; ']
train step[1895/2000] ; used: 39m:34s; eta: 2m:11s; loss = 0.030354; ['mse_0=0.005436; ', 'lpips_0=0.005825; ', 'codec_recon_0=0.024791; ', 'bpp_0=5.883567; ', 'mse_1=0.004839; ', 'lpips_1=0.005066; ', 'codec_recon_1=0.328187; ', 'bpp_1=0.291666; ', 'mse_2=0.004682; ', 'lpips_2=0.004505; ', 'codec_recon_2=0.084421; ', 'bpp_2=0.270597; ']
train step[1896/2000] ; used: 39m:35s; eta: 2m:10s; loss = 0.013590; ['mse_0=0.001331; ', 'lpips_0=0.003942; ', 'codec_recon_0=0.021039; ', 'bpp_0=6.023247; ', 'mse_1=0.001135; ', 'lpips_1=0.003304; ', 'codec_recon_1=0.311794; ', 'bpp_1=0.295487; ', 'mse_2=0.001005; ', 'lpips_2=0.002875; ', 'codec_recon_2=0.081806; ', 'bpp_2=0.274295; ']
train step[1897/2000] ; used: 39m:36s; eta: 2m:8s; loss = 0.014378; ['mse_0=0.001109; ', 'lpips_0=0.004423; ', 'codec_recon_0=0.019946; ', 'bpp_0=6.077557; ', 'mse_1=0.000897; ', 'lpips_1=0.003721; ', 'codec_recon_1=0.311565; ', 'bpp_1=0.295077; ', 'mse_2=0.000825; ', 'lpips_2=0.003403; ', 'codec_recon_2=0.089068; ', 'bpp_2=0.273218; ']
train step[1898/2000] ; used: 39m:37s; eta: 2m:7s; loss = 0.015803; ['mse_0=0.002082; ', 'lpips_0=0.004240; ', 'codec_recon_0=0.018193; ', 'bpp_0=6.117706; ', 'mse_1=0.001653; ', 'lpips_1=0.003475; ', 'codec_recon_1=0.331220; ', 'bpp_1=0.297798; ', 'mse_2=0.001437; ', 'lpips_2=0.002916; ', 'codec_recon_2=0.074753; ', 'bpp_2=0.277167; ']
train step[1899/2000] ; used: 39m:38s; eta: 2m:6s; loss = 0.039540; ['mse_0=0.006398; ', 'lpips_0=0.007664; ', 'codec_recon_0=0.020518; ', 'bpp_0=6.132363; ', 'mse_1=0.006123; ', 'lpips_1=0.006853; ', 'codec_recon_1=0.348262; ', 'bpp_1=0.296704; ', 'mse_2=0.006056; ', 'lpips_2=0.006445; ', 'codec_recon_2=0.079944; ', 'bpp_2=0.279330; ']
train step[1900/2000] ; used: 39m:39s; eta: 2m:5s; loss = 0.023067; ['mse_0=0.003549; ', 'lpips_0=0.005712; ', 'codec_recon_0=0.019541; ', 'bpp_0=6.212914; ', 'mse_1=0.002881; ', 'lpips_1=0.004715; ', 'codec_recon_1=0.375266; ', 'bpp_1=0.298779; ', 'mse_2=0.002486; ', 'lpips_2=0.003723; ', 'codec_recon_2=0.080566; ', 'bpp_2=0.280479; ']
train step[1901/2000] ; used: 39m:40s; eta: 2m:3s; loss = 0.019045; ['mse_0=0.001946; ', 'lpips_0=0.005239; ', 'codec_recon_0=0.020669; ', 'bpp_0=5.916213; ', 'mse_1=0.001707; ', 'lpips_1=0.004511; ', 'codec_recon_1=0.315582; ', 'bpp_1=0.292017; ', 'mse_2=0.001510; ', 'lpips_2=0.004133; ', 'codec_recon_2=0.076103; ', 'bpp_2=0.272702; ']
train step[1902/2000] ; used: 39m:41s; eta: 2m:2s; loss = 0.011405; ['mse_0=0.000954; ', 'lpips_0=0.003914; ', 'codec_recon_0=0.021280; ', 'bpp_0=6.028206; ', 'mse_1=0.000666; ', 'lpips_1=0.002960; ', 'codec_recon_1=0.331760; ', 'bpp_1=0.293905; ', 'mse_2=0.000502; ', 'lpips_2=0.002410; ', 'codec_recon_2=0.077152; ', 'bpp_2=0.275612; ']
train step[1903/2000] ; used: 39m:42s; eta: 2m:1s; loss = 0.014119; ['mse_0=0.001108; ', 'lpips_0=0.004337; ', 'codec_recon_0=0.020309; ', 'bpp_0=5.984924; ', 'mse_1=0.000911; ', 'lpips_1=0.003687; ', 'codec_recon_1=0.322699; ', 'bpp_1=0.293269; ', 'mse_2=0.000793; ', 'lpips_2=0.003283; ', 'codec_recon_2=0.081612; ', 'bpp_2=0.271130; ']
train step[1904/2000] ; used: 39m:43s; eta: 2m; loss = 0.015852; ['mse_0=0.001668; ', 'lpips_0=0.004460; ', 'codec_recon_0=0.019683; ', 'bpp_0=5.902611; ', 'mse_1=0.001357; ', 'lpips_1=0.003751; ', 'codec_recon_1=0.314687; ', 'bpp_1=0.293194; ', 'mse_2=0.001236; ', 'lpips_2=0.003380; ', 'codec_recon_2=0.070172; ', 'bpp_2=0.270980; ']
train step[1905/2000] ; used: 39m:44s; eta: 1m:58s; loss = 0.016526; ['mse_0=0.001653; ', 'lpips_0=0.004568; ', 'codec_recon_0=0.025187; ', 'bpp_0=5.868913; ', 'mse_1=0.001423; ', 'lpips_1=0.004048; ', 'codec_recon_1=0.318730; ', 'bpp_1=0.289742; ', 'mse_2=0.001316; ', 'lpips_2=0.003519; ', 'codec_recon_2=0.088358; ', 'bpp_2=0.269531; ']
train step[1906/2000] ; used: 39m:45s; eta: 1m:57s; loss = 0.014832; ['mse_0=0.000957; ', 'lpips_0=0.004487; ', 'codec_recon_0=0.020325; ', 'bpp_0=5.829198; ', 'mse_1=0.000839; ', 'lpips_1=0.003982; ', 'codec_recon_1=0.258189; ', 'bpp_1=0.288940; ', 'mse_2=0.000800; ', 'lpips_2=0.003769; ', 'codec_recon_2=0.076004; ', 'bpp_2=0.269150; ']
train step[1907/2000] ; used: 39m:46s; eta: 1m:56s; loss = 0.016559; ['mse_0=0.001701; ', 'lpips_0=0.004397; ', 'codec_recon_0=0.019824; ', 'bpp_0=6.034026; ', 'mse_1=0.001566; ', 'lpips_1=0.003854; ', 'codec_recon_1=0.296557; ', 'bpp_1=0.292206; ', 'mse_2=0.001436; ', 'lpips_2=0.003605; ', 'codec_recon_2=0.083123; ', 'bpp_2=0.272576; ']
train step[1908/2000] ; used: 39m:47s; eta: 1m:55s; loss = 0.014493; ['mse_0=0.001686; ', 'lpips_0=0.004071; ', 'codec_recon_0=0.019456; ', 'bpp_0=6.149819; ', 'mse_1=0.001304; ', 'lpips_1=0.003326; ', 'codec_recon_1=0.316500; ', 'bpp_1=0.297253; ', 'mse_2=0.001141; ', 'lpips_2=0.002965; ', 'codec_recon_2=0.081276; ', 'bpp_2=0.276700; ']
train step[1909/2000] ; used: 39m:48s; eta: 1m:53s; loss = 0.010740; ['mse_0=0.000557; ', 'lpips_0=0.003971; ', 'codec_recon_0=0.020226; ', 'bpp_0=5.913087; ', 'mse_1=0.000419; ', 'lpips_1=0.003073; ', 'codec_recon_1=0.373826; ', 'bpp_1=0.289536; ', 'mse_2=0.000277; ', 'lpips_2=0.002443; ', 'codec_recon_2=0.093452; ', 'bpp_2=0.266216; ']
train step[1910/2000] ; used: 39m:49s; eta: 1m:52s; loss = 0.026258; ['mse_0=0.002607; ', 'lpips_0=0.007248; ', 'codec_recon_0=0.020456; ', 'bpp_0=6.240209; ', 'mse_1=0.002308; ', 'lpips_1=0.006339; ', 'codec_recon_1=0.387523; ', 'bpp_1=0.298788; ', 'mse_2=0.002174; ', 'lpips_2=0.005581; ', 'codec_recon_2=0.092309; ', 'bpp_2=0.279358; ']
train step[1911/2000] ; used: 39m:50s; eta: 1m:51s; loss = 0.011751; ['mse_0=0.000707; ', 'lpips_0=0.003932; ', 'codec_recon_0=0.023783; ', 'bpp_0=6.043400; ', 'mse_1=0.000520; ', 'lpips_1=0.003210; ', 'codec_recon_1=0.312591; ', 'bpp_1=0.290368; ', 'mse_2=0.000495; ', 'lpips_2=0.002888; ', 'codec_recon_2=0.087895; ', 'bpp_2=0.269600; ']
train step[1912/2000] ; used: 39m:51s; eta: 1m:50s; loss = 0.020378; ['mse_0=0.002765; ', 'lpips_0=0.005385; ', 'codec_recon_0=0.018678; ', 'bpp_0=6.276098; ', 'mse_1=0.002393; ', 'lpips_1=0.004393; ', 'codec_recon_1=0.403396; ', 'bpp_1=0.300987; ', 'mse_2=0.002107; ', 'lpips_2=0.003335; ', 'codec_recon_2=0.080220; ', 'bpp_2=0.282188; ']
train step[1913/2000] ; used: 39m:52s; eta: 1m:48s; loss = 0.012785; ['mse_0=0.000798; ', 'lpips_0=0.004466; ', 'codec_recon_0=0.020414; ', 'bpp_0=5.992414; ', 'mse_1=0.000608; ', 'lpips_1=0.003460; ', 'codec_recon_1=0.318297; ', 'bpp_1=0.291129; ', 'mse_2=0.000513; ', 'lpips_2=0.002939; ', 'codec_recon_2=0.076474; ', 'bpp_2=0.271532; ']
train step[1914/2000] ; used: 39m:53s; eta: 1m:47s; loss = 0.024185; ['mse_0=0.002814; ', 'lpips_0=0.006093; ', 'codec_recon_0=0.020694; ', 'bpp_0=6.089566; ', 'mse_1=0.002462; ', 'lpips_1=0.005387; ', 'codec_recon_1=0.305298; ', 'bpp_1=0.295090; ', 'mse_2=0.002357; ', 'lpips_2=0.005073; ', 'codec_recon_2=0.089439; ', 'bpp_2=0.274923; ']
train step[1915/2000] ; used: 39m:54s; eta: 1m:46s; loss = 0.015588; ['mse_0=0.001000; ', 'lpips_0=0.004743; ', 'codec_recon_0=0.022978; ', 'bpp_0=5.774104; ', 'mse_1=0.000949; ', 'lpips_1=0.004129; ', 'codec_recon_1=0.320425; ', 'bpp_1=0.287415; ', 'mse_2=0.000895; ', 'lpips_2=0.003872; ', 'codec_recon_2=0.087630; ', 'bpp_2=0.268270; ']
train step[1916/2000] ; used: 39m:55s; eta: 1m:44s; loss = 0.025903; ['mse_0=0.003491; ', 'lpips_0=0.006336; ', 'codec_recon_0=0.021220; ', 'bpp_0=6.278496; ', 'mse_1=0.003027; ', 'lpips_1=0.005470; ', 'codec_recon_1=0.406438; ', 'bpp_1=0.300870; ', 'mse_2=0.002706; ', 'lpips_2=0.004873; ', 'codec_recon_2=0.082033; ', 'bpp_2=0.282364; ']
train step[1917/2000] ; used: 39m:56s; eta: 1m:43s; loss = 0.031392; ['mse_0=0.005303; ', 'lpips_0=0.005549; ', 'codec_recon_0=0.020395; ', 'bpp_0=5.911938; ', 'mse_1=0.005302; ', 'lpips_1=0.005067; ', 'codec_recon_1=0.284157; ', 'bpp_1=0.292796; ', 'mse_2=0.005302; ', 'lpips_2=0.004869; ', 'codec_recon_2=0.078698; ', 'bpp_2=0.272574; ']
train step[1918/2000] ; used: 39m:58s; eta: 1m:42s; loss = 0.018881; ['mse_0=0.001642; ', 'lpips_0=0.005170; ', 'codec_recon_0=0.023987; ', 'bpp_0=5.954877; ', 'mse_1=0.001447; ', 'lpips_1=0.004678; ', 'codec_recon_1=0.268449; ', 'bpp_1=0.292288; ', 'mse_2=0.001449; ', 'lpips_2=0.004495; ', 'codec_recon_2=0.087850; ', 'bpp_2=0.272828; ']
train step[1919/2000] ; used: 39m:59s; eta: 1m:41s; loss = 0.018168; ['mse_0=0.001828; ', 'lpips_0=0.005133; ', 'codec_recon_0=0.020884; ', 'bpp_0=6.033835; ', 'mse_1=0.001450; ', 'lpips_1=0.004328; ', 'codec_recon_1=0.312010; ', 'bpp_1=0.294852; ', 'mse_2=0.001358; ', 'lpips_2=0.004071; ', 'codec_recon_2=0.081011; ', 'bpp_2=0.274717; ']
train step[1920/2000] ; used: 40m; eta: 1m:39s; loss = 0.015187; ['mse_0=0.001982; ', 'lpips_0=0.004806; ', 'codec_recon_0=0.018695; ', 'bpp_0=6.242435; ', 'mse_1=0.001349; ', 'lpips_1=0.003572; ', 'codec_recon_1=0.383375; ', 'bpp_1=0.299651; ', 'mse_2=0.000912; ', 'lpips_2=0.002565; ', 'codec_recon_2=0.077082; ', 'bpp_2=0.282026; ']
train step[1921/2000] ; used: 40m:1s; eta: 1m:38s; loss = 0.013457; ['mse_0=0.001108; ', 'lpips_0=0.004032; ', 'codec_recon_0=0.016369; ', 'bpp_0=6.088121; ', 'mse_1=0.000862; ', 'lpips_1=0.003463; ', 'codec_recon_1=0.250753; ', 'bpp_1=0.297736; ', 'mse_2=0.000756; ', 'lpips_2=0.003236; ', 'codec_recon_2=0.075747; ', 'bpp_2=0.276191; ']
train step[1922/2000] ; used: 40m:2s; eta: 1m:37s; loss = 0.019616; ['mse_0=0.001934; ', 'lpips_0=0.005422; ', 'codec_recon_0=0.029058; ', 'bpp_0=6.105587; ', 'mse_1=0.001761; ', 'lpips_1=0.004622; ', 'codec_recon_1=0.317303; ', 'bpp_1=0.296588; ', 'mse_2=0.001687; ', 'lpips_2=0.004191; ', 'codec_recon_2=0.102000; ', 'bpp_2=0.274625; ']
train step[1923/2000] ; used: 40m:3s; eta: 1m:36s; loss = 0.010015; ['mse_0=0.000625; ', 'lpips_0=0.003480; ', 'codec_recon_0=0.019511; ', 'bpp_0=5.868636; ', 'mse_1=0.000443; ', 'lpips_1=0.002759; ', 'codec_recon_1=0.317645; ', 'bpp_1=0.289648; ', 'mse_2=0.000351; ', 'lpips_2=0.002356; ', 'codec_recon_2=0.080046; ', 'bpp_2=0.267083; ']
train step[1924/2000] ; used: 40m:4s; eta: 1m:34s; loss = 0.016273; ['mse_0=0.001129; ', 'lpips_0=0.004875; ', 'codec_recon_0=0.023080; ', 'bpp_0=5.986122; ', 'mse_1=0.000956; ', 'lpips_1=0.004364; ', 'codec_recon_1=0.308000; ', 'bpp_1=0.290562; ', 'mse_2=0.000902; ', 'lpips_2=0.004048; ', 'codec_recon_2=0.085908; ', 'bpp_2=0.269320; ']
train step[1925/2000] ; used: 40m:5s; eta: 1m:33s; loss = 0.029188; ['mse_0=0.004306; ', 'lpips_0=0.006899; ', 'codec_recon_0=0.021517; ', 'bpp_0=6.328064; ', 'mse_1=0.003752; ', 'lpips_1=0.005828; ', 'codec_recon_1=0.396059; ', 'bpp_1=0.302809; ', 'mse_2=0.003384; ', 'lpips_2=0.005019; ', 'codec_recon_2=0.082293; ', 'bpp_2=0.284711; ']
train step[1926/2000] ; used: 40m:7s; eta: 1m:32s; loss = 0.032768; ['mse_0=0.006647; ', 'lpips_0=0.005264; ', 'codec_recon_0=0.020222; ', 'bpp_0=6.158672; ', 'mse_1=0.006106; ', 'lpips_1=0.004569; ', 'codec_recon_1=0.333784; ', 'bpp_1=0.297277; ', 'mse_2=0.005996; ', 'lpips_2=0.004185; ', 'codec_recon_2=0.089950; ', 'bpp_2=0.275937; ']
train step[1927/2000] ; used: 40m:8s; eta: 1m:31s; loss = 0.016595; ['mse_0=0.001866; ', 'lpips_0=0.004334; ', 'codec_recon_0=0.019140; ', 'bpp_0=6.090712; ', 'mse_1=0.001745; ', 'lpips_1=0.003693; ', 'codec_recon_1=0.312508; ', 'bpp_1=0.296917; ', 'mse_2=0.001729; ', 'lpips_2=0.003229; ', 'codec_recon_2=0.084849; ', 'bpp_2=0.275232; ']
train step[1928/2000] ; used: 40m:9s; eta: 1m:29s; loss = 0.017713; ['mse_0=0.001859; ', 'lpips_0=0.004637; ', 'codec_recon_0=0.017705; ', 'bpp_0=5.986241; ', 'mse_1=0.001750; ', 'lpips_1=0.004039; ', 'codec_recon_1=0.284463; ', 'bpp_1=0.293789; ', 'mse_2=0.001724; ', 'lpips_2=0.003704; ', 'codec_recon_2=0.081625; ', 'bpp_2=0.271216; ']
train step[1929/2000] ; used: 40m:10s; eta: 1m:28s; loss = 0.011000; ['mse_0=0.000731; ', 'lpips_0=0.003627; ', 'codec_recon_0=0.018097; ', 'bpp_0=6.142337; ', 'mse_1=0.000553; ', 'lpips_1=0.002972; ', 'codec_recon_1=0.312069; ', 'bpp_1=0.297337; ', 'mse_2=0.000441; ', 'lpips_2=0.002676; ', 'codec_recon_2=0.082913; ', 'bpp_2=0.275166; ']
train step[1930/2000] ; used: 40m:11s; eta: 1m:27s; loss = 0.013492; ['mse_0=0.000759; ', 'lpips_0=0.004337; ', 'codec_recon_0=0.022596; ', 'bpp_0=5.873509; ', 'mse_1=0.000668; ', 'lpips_1=0.003703; ', 'codec_recon_1=0.308275; ', 'bpp_1=0.289797; ', 'mse_2=0.000624; ', 'lpips_2=0.003401; ', 'codec_recon_2=0.084679; ', 'bpp_2=0.270858; ']
train step[1931/2000] ; used: 40m:12s; eta: 1m:26s; loss = 0.009392; ['mse_0=0.000290; ', 'lpips_0=0.003357; ', 'codec_recon_0=0.021385; ', 'bpp_0=5.728516; ', 'mse_1=0.000207; ', 'lpips_1=0.002799; ', 'codec_recon_1=0.293163; ', 'bpp_1=0.285718; ', 'mse_2=0.000160; ', 'lpips_2=0.002578; ', 'codec_recon_2=0.076470; ', 'bpp_2=0.264470; ']
train step[1932/2000] ; used: 40m:13s; eta: 1m:24s; loss = 0.010361; ['mse_0=0.000834; ', 'lpips_0=0.003251; ', 'codec_recon_0=0.019575; ', 'bpp_0=6.180617; ', 'mse_1=0.000656; ', 'lpips_1=0.002642; ', 'codec_recon_1=0.288432; ', 'bpp_1=0.298427; ', 'mse_2=0.000624; ', 'lpips_2=0.002352; ', 'codec_recon_2=0.085357; ', 'bpp_2=0.277385; ']
train step[1933/2000] ; used: 40m:14s; eta: 1m:23s; loss = 0.014427; ['mse_0=0.001569; ', 'lpips_0=0.004271; ', 'codec_recon_0=0.023561; ', 'bpp_0=5.790368; ', 'mse_1=0.000970; ', 'lpips_1=0.003520; ', 'codec_recon_1=0.282355; ', 'bpp_1=0.289025; ', 'mse_2=0.000846; ', 'lpips_2=0.003251; ', 'codec_recon_2=0.079701; ', 'bpp_2=0.269553; ']
train step[1934/2000] ; used: 40m:15s; eta: 1m:22s; loss = 0.017907; ['mse_0=0.002404; ', 'lpips_0=0.004613; ', 'codec_recon_0=0.020216; ', 'bpp_0=6.194588; ', 'mse_1=0.002019; ', 'lpips_1=0.003723; ', 'codec_recon_1=0.321605; ', 'bpp_1=0.298153; ', 'mse_2=0.001899; ', 'lpips_2=0.003250; ', 'codec_recon_2=0.084063; ', 'bpp_2=0.278039; ']
train step[1935/2000] ; used: 40m:16s; eta: 1m:21s; loss = 0.014708; ['mse_0=0.001517; ', 'lpips_0=0.003995; ', 'codec_recon_0=0.021045; ', 'bpp_0=5.925804; ', 'mse_1=0.001383; ', 'lpips_1=0.003390; ', 'codec_recon_1=0.308659; ', 'bpp_1=0.291943; ', 'mse_2=0.001337; ', 'lpips_2=0.003086; ', 'codec_recon_2=0.081592; ', 'bpp_2=0.268966; ']
train step[1936/2000] ; used: 40m:17s; eta: 1m:19s; loss = 0.022427; ['mse_0=0.002270; ', 'lpips_0=0.005833; ', 'codec_recon_0=0.020678; ', 'bpp_0=6.112887; ', 'mse_1=0.002089; ', 'lpips_1=0.005361; ', 'codec_recon_1=0.370024; ', 'bpp_1=0.296513; ', 'mse_2=0.001934; ', 'lpips_2=0.004939; ', 'codec_recon_2=0.083681; ', 'bpp_2=0.277389; ']
train step[1937/2000] ; used: 40m:18s; eta: 1m:18s; loss = 0.019066; ['mse_0=0.002227; ', 'lpips_0=0.005406; ', 'codec_recon_0=0.019141; ', 'bpp_0=6.279526; ', 'mse_1=0.001815; ', 'lpips_1=0.004451; ', 'codec_recon_1=0.361660; ', 'bpp_1=0.302051; ', 'mse_2=0.001477; ', 'lpips_2=0.003689; ', 'codec_recon_2=0.084888; ', 'bpp_2=0.282269; ']
train step[1938/2000] ; used: 40m:19s; eta: 1m:17s; loss = 0.017621; ['mse_0=0.000801; ', 'lpips_0=0.005404; ', 'codec_recon_0=0.024663; ', 'bpp_0=5.705022; ', 'mse_1=0.000727; ', 'lpips_1=0.005051; ', 'codec_recon_1=0.256367; ', 'bpp_1=0.285776; ', 'mse_2=0.000717; ', 'lpips_2=0.004921; ', 'codec_recon_2=0.085127; ', 'bpp_2=0.267229; ']
train step[1939/2000] ; used: 40m:20s; eta: 1m:16s; loss = 0.019793; ['mse_0=0.001389; ', 'lpips_0=0.005798; ', 'codec_recon_0=0.022619; ', 'bpp_0=5.797865; ', 'mse_1=0.001351; ', 'lpips_1=0.005079; ', 'codec_recon_1=0.303937; ', 'bpp_1=0.290019; ', 'mse_2=0.001361; ', 'lpips_2=0.004815; ', 'codec_recon_2=0.091545; ', 'bpp_2=0.265948; ']
train step[1940/2000] ; used: 40m:21s; eta: 1m:14s; loss = 0.013852; ['mse_0=0.001187; ', 'lpips_0=0.004253; ', 'codec_recon_0=0.020004; ', 'bpp_0=6.153421; ', 'mse_1=0.000984; ', 'lpips_1=0.003534; ', 'codec_recon_1=0.357905; ', 'bpp_1=0.295934; ', 'mse_2=0.000815; ', 'lpips_2=0.003079; ', 'codec_recon_2=0.087065; ', 'bpp_2=0.274556; ']
train step[1941/2000] ; used: 40m:22s; eta: 1m:13s; loss = 0.020625; ['mse_0=0.002321; ', 'lpips_0=0.006028; ', 'codec_recon_0=0.021116; ', 'bpp_0=6.242403; ', 'mse_1=0.001901; ', 'lpips_1=0.005039; ', 'codec_recon_1=0.422879; ', 'bpp_1=0.300723; ', 'mse_2=0.001464; ', 'lpips_2=0.003871; ', 'codec_recon_2=0.086425; ', 'bpp_2=0.282753; ']
train step[1942/2000] ; used: 40m:23s; eta: 1m:12s; loss = 0.015171; ['mse_0=0.001623; ', 'lpips_0=0.004628; ', 'codec_recon_0=0.020332; ', 'bpp_0=6.192006; ', 'mse_1=0.001289; ', 'lpips_1=0.003772; ', 'codec_recon_1=0.384145; ', 'bpp_1=0.298555; ', 'mse_2=0.000969; ', 'lpips_2=0.002890; ', 'codec_recon_2=0.084977; ', 'bpp_2=0.279021; ']
train step[1943/2000] ; used: 40m:24s; eta: 1m:11s; loss = 0.015024; ['mse_0=0.001935; ', 'lpips_0=0.004596; ', 'codec_recon_0=0.020923; ', 'bpp_0=6.278160; ', 'mse_1=0.001490; ', 'lpips_1=0.003392; ', 'codec_recon_1=0.393415; ', 'bpp_1=0.301337; ', 'mse_2=0.001183; ', 'lpips_2=0.002430; ', 'codec_recon_2=0.087000; ', 'bpp_2=0.282730; ']
train step[1944/2000] ; used: 40m:25s; eta: 1m:9s; loss = 0.013406; ['mse_0=0.000928; ', 'lpips_0=0.004174; ', 'codec_recon_0=0.019987; ', 'bpp_0=6.094534; ', 'mse_1=0.000826; ', 'lpips_1=0.003561; ', 'codec_recon_1=0.287211; ', 'bpp_1=0.294007; ', 'mse_2=0.000725; ', 'lpips_2=0.003192; ', 'codec_recon_2=0.089407; ', 'bpp_2=0.271816; ']
train step[1945/2000] ; used: 40m:26s; eta: 1m:8s; loss = 0.015950; ['mse_0=0.001270; ', 'lpips_0=0.004690; ', 'codec_recon_0=0.020123; ', 'bpp_0=6.054550; ', 'mse_1=0.001039; ', 'lpips_1=0.004165; ', 'codec_recon_1=0.336505; ', 'bpp_1=0.295457; ', 'mse_2=0.000931; ', 'lpips_2=0.003854; ', 'codec_recon_2=0.083078; ', 'bpp_2=0.274678; ']
train step[1946/2000] ; used: 40m:27s; eta: 1m:7s; loss = 0.017605; ['mse_0=0.002555; ', 'lpips_0=0.003938; ', 'codec_recon_0=0.018996; ', 'bpp_0=6.173710; ', 'mse_1=0.002399; ', 'lpips_1=0.003322; ', 'codec_recon_1=0.312365; ', 'bpp_1=0.298143; ', 'mse_2=0.002418; ', 'lpips_2=0.002975; ', 'codec_recon_2=0.081798; ', 'bpp_2=0.276334; ']
train step[1947/2000] ; used: 40m:28s; eta: 1m:6s; loss = 0.010610; ['mse_0=0.000712; ', 'lpips_0=0.003396; ', 'codec_recon_0=0.019862; ', 'bpp_0=5.796957; ', 'mse_1=0.000562; ', 'lpips_1=0.002818; ', 'codec_recon_1=0.259145; ', 'bpp_1=0.290723; ', 'mse_2=0.000511; ', 'lpips_2=0.002610; ', 'codec_recon_2=0.065772; ', 'bpp_2=0.268756; ']
train step[1948/2000] ; used: 40m:29s; eta: 1m:4s; loss = 0.016990; ['mse_0=0.001706; ', 'lpips_0=0.004547; ', 'codec_recon_0=0.029892; ', 'bpp_0=5.864922; ', 'mse_1=0.001534; ', 'lpips_1=0.003997; ', 'codec_recon_1=0.303572; ', 'bpp_1=0.290321; ', 'mse_2=0.001445; ', 'lpips_2=0.003762; ', 'codec_recon_2=0.096128; ', 'bpp_2=0.267810; ']
train step[1949/2000] ; used: 40m:30s; eta: 1m:3s; loss = 0.015178; ['mse_0=0.001298; ', 'lpips_0=0.004335; ', 'codec_recon_0=0.025199; ', 'bpp_0=5.898861; ', 'mse_1=0.001078; ', 'lpips_1=0.003837; ', 'codec_recon_1=0.283439; ', 'bpp_1=0.290945; ', 'mse_2=0.001024; ', 'lpips_2=0.003606; ', 'codec_recon_2=0.094032; ', 'bpp_2=0.268553; ']
train step[1950/2000] ; used: 40m:31s; eta: 1m:2s; loss = 0.011564; ['mse_0=0.000545; ', 'lpips_0=0.004012; ', 'codec_recon_0=0.020795; ', 'bpp_0=5.928427; ', 'mse_1=0.000452; ', 'lpips_1=0.003231; ', 'codec_recon_1=0.292130; ', 'bpp_1=0.291472; ', 'mse_2=0.000402; ', 'lpips_2=0.002921; ', 'codec_recon_2=0.085207; ', 'bpp_2=0.269298; ']
train step[1951/2000] ; used: 40m:33s; eta: 1m:1s; loss = 0.020805; ['mse_0=0.003359; ', 'lpips_0=0.005382; ', 'codec_recon_0=0.020673; ', 'bpp_0=6.136678; ', 'mse_1=0.002682; ', 'lpips_1=0.004316; ', 'codec_recon_1=0.408270; ', 'bpp_1=0.298757; ', 'mse_2=0.001957; ', 'lpips_2=0.003108; ', 'codec_recon_2=0.082903; ', 'bpp_2=0.277628; ']
train step[1952/2000] ; used: 40m:34s; eta: 59s; loss = 0.016894; ['mse_0=0.001688; ', 'lpips_0=0.004498; ', 'codec_recon_0=0.021378; ', 'bpp_0=5.950572; ', 'mse_1=0.001582; ', 'lpips_1=0.003901; ', 'codec_recon_1=0.295996; ', 'bpp_1=0.292543; ', 'mse_2=0.001570; ', 'lpips_2=0.003655; ', 'codec_recon_2=0.079757; ', 'bpp_2=0.271995; ']
train step[1953/2000] ; used: 40m:35s; eta: 58s; loss = 0.013974; ['mse_0=0.001267; ', 'lpips_0=0.004212; ', 'codec_recon_0=0.021248; ', 'bpp_0=5.984471; ', 'mse_1=0.001028; ', 'lpips_1=0.003419; ', 'codec_recon_1=0.304662; ', 'bpp_1=0.293642; ', 'mse_2=0.000964; ', 'lpips_2=0.003085; ', 'codec_recon_2=0.078201; ', 'bpp_2=0.271856; ']
train step[1954/2000] ; used: 40m:36s; eta: 57s; loss = 0.014371; ['mse_0=0.001040; ', 'lpips_0=0.004468; ', 'codec_recon_0=0.024575; ', 'bpp_0=5.850440; ', 'mse_1=0.000849; ', 'lpips_1=0.003792; ', 'codec_recon_1=0.332678; ', 'bpp_1=0.290574; ', 'mse_2=0.000817; ', 'lpips_2=0.003405; ', 'codec_recon_2=0.092180; ', 'bpp_2=0.271547; ']
train step[1955/2000] ; used: 40m:37s; eta: 56s; loss = 0.021891; ['mse_0=0.002424; ', 'lpips_0=0.005487; ', 'codec_recon_0=0.027762; ', 'bpp_0=5.975476; ', 'mse_1=0.002196; ', 'lpips_1=0.004901; ', 'codec_recon_1=0.297247; ', 'bpp_1=0.293494; ', 'mse_2=0.002175; ', 'lpips_2=0.004709; ', 'codec_recon_2=0.086024; ', 'bpp_2=0.274523; ']
train step[1956/2000] ; used: 40m:38s; eta: 54s; loss = 0.014056; ['mse_0=0.001867; ', 'lpips_0=0.004291; ', 'codec_recon_0=0.019076; ', 'bpp_0=6.211167; ', 'mse_1=0.001454; ', 'lpips_1=0.003258; ', 'codec_recon_1=0.378007; ', 'bpp_1=0.299434; ', 'mse_2=0.000862; ', 'lpips_2=0.002325; ', 'codec_recon_2=0.080356; ', 'bpp_2=0.279567; ']
train step[1957/2000] ; used: 40m:39s; eta: 53s; loss = 0.026691; ['mse_0=0.002510; ', 'lpips_0=0.006900; ', 'codec_recon_0=0.019264; ', 'bpp_0=6.014090; ', 'mse_1=0.002373; ', 'lpips_1=0.006385; ', 'codec_recon_1=0.286762; ', 'bpp_1=0.295955; ', 'mse_2=0.002371; ', 'lpips_2=0.006151; ', 'codec_recon_2=0.083058; ', 'bpp_2=0.276252; ']
train step[1958/2000] ; used: 40m:40s; eta: 52s; loss = 0.017723; ['mse_0=0.002028; ', 'lpips_0=0.005221; ', 'codec_recon_0=0.022430; ', 'bpp_0=6.285254; ', 'mse_1=0.001681; ', 'lpips_1=0.004070; ', 'codec_recon_1=0.401048; ', 'bpp_1=0.300005; ', 'mse_2=0.001411; ', 'lpips_2=0.003311; ', 'codec_recon_2=0.088834; ', 'bpp_2=0.282800; ']
train step[1959/2000] ; used: 40m:41s; eta: 51s; loss = 0.009608; ['mse_0=0.000452; ', 'lpips_0=0.003379; ', 'codec_recon_0=0.020418; ', 'bpp_0=5.935961; ', 'mse_1=0.000339; ', 'lpips_1=0.002758; ', 'codec_recon_1=0.297392; ', 'bpp_1=0.290436; ', 'mse_2=0.000278; ', 'lpips_2=0.002402; ', 'codec_recon_2=0.084440; ', 'bpp_2=0.271302; ']
train step[1960/2000] ; used: 40m:42s; eta: 49s; loss = 0.012191; ['mse_0=0.000722; ', 'lpips_0=0.004168; ', 'codec_recon_0=0.020377; ', 'bpp_0=5.974392; ', 'mse_1=0.000569; ', 'lpips_1=0.003377; ', 'codec_recon_1=0.319144; ', 'bpp_1=0.293165; ', 'mse_2=0.000479; ', 'lpips_2=0.002875; ', 'codec_recon_2=0.083059; ', 'bpp_2=0.271509; ']
train step[1961/2000] ; used: 40m:43s; eta: 48s; loss = 0.015560; ['mse_0=0.001692; ', 'lpips_0=0.003994; ', 'codec_recon_0=0.017986; ', 'bpp_0=6.109996; ', 'mse_1=0.001585; ', 'lpips_1=0.003500; ', 'codec_recon_1=0.298028; ', 'bpp_1=0.297054; ', 'mse_2=0.001579; ', 'lpips_2=0.003209; ', 'codec_recon_2=0.079700; ', 'bpp_2=0.275823; ']
train step[1962/2000] ; used: 40m:44s; eta: 47s; loss = 0.011270; ['mse_0=0.000659; ', 'lpips_0=0.004055; ', 'codec_recon_0=0.020315; ', 'bpp_0=5.968091; ', 'mse_1=0.000466; ', 'lpips_1=0.003223; ', 'codec_recon_1=0.365737; ', 'bpp_1=0.293330; ', 'mse_2=0.000307; ', 'lpips_2=0.002561; ', 'codec_recon_2=0.098361; ', 'bpp_2=0.271180; ']
train step[1963/2000] ; used: 40m:45s; eta: 46s; loss = 0.010951; ['mse_0=0.000660; ', 'lpips_0=0.003580; ', 'codec_recon_0=0.019405; ', 'bpp_0=5.955911; ', 'mse_1=0.000533; ', 'lpips_1=0.002989; ', 'codec_recon_1=0.284808; ', 'bpp_1=0.290841; ', 'mse_2=0.000456; ', 'lpips_2=0.002734; ', 'codec_recon_2=0.081655; ', 'bpp_2=0.270163; ']
train step[1964/2000] ; used: 40m:46s; eta: 44s; loss = 0.025780; ['mse_0=0.003645; ', 'lpips_0=0.005599; ', 'codec_recon_0=0.021552; ', 'bpp_0=5.944922; ', 'mse_1=0.003545; ', 'lpips_1=0.004909; ', 'codec_recon_1=0.324757; ', 'bpp_1=0.292455; ', 'mse_2=0.003510; ', 'lpips_2=0.004572; ', 'codec_recon_2=0.085946; ', 'bpp_2=0.269857; ']
train step[1965/2000] ; used: 40m:47s; eta: 43s; loss = 0.023862; ['mse_0=0.001843; ', 'lpips_0=0.006441; ', 'codec_recon_0=0.027322; ', 'bpp_0=5.926871; ', 'mse_1=0.001950; ', 'lpips_1=0.005981; ', 'codec_recon_1=0.289474; ', 'bpp_1=0.294194; ', 'mse_2=0.001878; ', 'lpips_2=0.005767; ', 'codec_recon_2=0.086889; ', 'bpp_2=0.273812; ']
train step[1966/2000] ; used: 40m:48s; eta: 42s; loss = 0.017278; ['mse_0=0.001914; ', 'lpips_0=0.005138; ', 'codec_recon_0=0.021520; ', 'bpp_0=6.037915; ', 'mse_1=0.001503; ', 'lpips_1=0.004350; ', 'codec_recon_1=0.399657; ', 'bpp_1=0.296956; ', 'mse_2=0.001046; ', 'lpips_2=0.003327; ', 'codec_recon_2=0.088546; ', 'bpp_2=0.277108; ']
train step[1967/2000] ; used: 40m:49s; eta: 41s; loss = 0.014962; ['mse_0=0.001376; ', 'lpips_0=0.004673; ', 'codec_recon_0=0.019052; ', 'bpp_0=6.247870; ', 'mse_1=0.001072; ', 'lpips_1=0.003896; ', 'codec_recon_1=0.374011; ', 'bpp_1=0.300198; ', 'mse_2=0.000778; ', 'lpips_2=0.003167; ', 'codec_recon_2=0.091627; ', 'bpp_2=0.279521; ']
train step[1968/2000] ; used: 40m:50s; eta: 39s; loss = 0.008780; ['mse_0=0.000499; ', 'lpips_0=0.003113; ', 'codec_recon_0=0.020664; ', 'bpp_0=5.981450; ', 'mse_1=0.000365; ', 'lpips_1=0.002417; ', 'codec_recon_1=0.293051; ', 'bpp_1=0.292197; ', 'mse_2=0.000296; ', 'lpips_2=0.002090; ', 'codec_recon_2=0.080006; ', 'bpp_2=0.271722; ']
train step[1969/2000] ; used: 40m:51s; eta: 38s; loss = 0.014383; ['mse_0=0.001236; ', 'lpips_0=0.004073; ', 'codec_recon_0=0.026098; ', 'bpp_0=5.861958; ', 'mse_1=0.001040; ', 'lpips_1=0.003647; ', 'codec_recon_1=0.292950; ', 'bpp_1=0.291915; ', 'mse_2=0.000986; ', 'lpips_2=0.003401; ', 'codec_recon_2=0.089880; ', 'bpp_2=0.269832; ']
train step[1970/2000] ; used: 40m:52s; eta: 37s; loss = 0.007505; ['mse_0=0.000532; ', 'lpips_0=0.002770; ', 'codec_recon_0=0.018771; ', 'bpp_0=6.209801; ', 'mse_1=0.000373; ', 'lpips_1=0.001985; ', 'codec_recon_1=0.307114; ', 'bpp_1=0.297534; ', 'mse_2=0.000307; ', 'lpips_2=0.001538; ', 'codec_recon_2=0.091052; ', 'bpp_2=0.275182; ']
train step[1971/2000] ; used: 40m:53s; eta: 36s; loss = 0.015007; ['mse_0=0.001183; ', 'lpips_0=0.004603; ', 'codec_recon_0=0.021304; ', 'bpp_0=6.028712; ', 'mse_1=0.000925; ', 'lpips_1=0.003927; ', 'codec_recon_1=0.297367; ', 'bpp_1=0.295843; ', 'mse_2=0.000810; ', 'lpips_2=0.003558; ', 'codec_recon_2=0.083210; ', 'bpp_2=0.275842; ']
train step[1972/2000] ; used: 40m:54s; eta: 34s; loss = 0.019269; ['mse_0=0.001780; ', 'lpips_0=0.005214; ', 'codec_recon_0=0.027509; ', 'bpp_0=5.890933; ', 'mse_1=0.001680; ', 'lpips_1=0.004590; ', 'codec_recon_1=0.284856; ', 'bpp_1=0.291061; ', 'mse_2=0.001656; ', 'lpips_2=0.004350; ', 'codec_recon_2=0.097618; ', 'bpp_2=0.271172; ']
train step[1973/2000] ; used: 40m:55s; eta: 33s; loss = 0.020066; ['mse_0=0.002545; ', 'lpips_0=0.005299; ', 'codec_recon_0=0.019596; ', 'bpp_0=6.369899; ', 'mse_1=0.002167; ', 'lpips_1=0.004427; ', 'codec_recon_1=0.362414; ', 'bpp_1=0.304242; ', 'mse_2=0.001932; ', 'lpips_2=0.003695; ', 'codec_recon_2=0.082331; ', 'bpp_2=0.285942; ']
train step[1974/2000] ; used: 40m:56s; eta: 32s; loss = 0.009947; ['mse_0=0.000525; ', 'lpips_0=0.003341; ', 'codec_recon_0=0.017574; ', 'bpp_0=5.936033; ', 'mse_1=0.000363; ', 'lpips_1=0.002822; ', 'codec_recon_1=0.284271; ', 'bpp_1=0.292413; ', 'mse_2=0.000295; ', 'lpips_2=0.002600; ', 'codec_recon_2=0.073834; ', 'bpp_2=0.270702; ']
train step[1975/2000] ; used: 40m:57s; eta: 31s; loss = 0.015621; ['mse_0=0.001102; ', 'lpips_0=0.004650; ', 'codec_recon_0=0.019639; ', 'bpp_0=5.989728; ', 'mse_1=0.000994; ', 'lpips_1=0.004089; ', 'codec_recon_1=0.290547; ', 'bpp_1=0.294552; ', 'mse_2=0.000935; ', 'lpips_2=0.003851; ', 'codec_recon_2=0.081013; ', 'bpp_2=0.272293; ']
train step[1976/2000] ; used: 40m:58s; eta: 29s; loss = 0.016215; ['mse_0=0.000897; ', 'lpips_0=0.005049; ', 'codec_recon_0=0.024568; ', 'bpp_0=6.058624; ', 'mse_1=0.000809; ', 'lpips_1=0.004412; ', 'codec_recon_1=0.289864; ', 'bpp_1=0.292046; ', 'mse_2=0.000790; ', 'lpips_2=0.004258; ', 'codec_recon_2=0.101741; ', 'bpp_2=0.271499; ']
train step[1977/2000] ; used: 40m:59s; eta: 28s; loss = 0.015023; ['mse_0=0.001384; ', 'lpips_0=0.004692; ', 'codec_recon_0=0.017513; ', 'bpp_0=6.185226; ', 'mse_1=0.001037; ', 'lpips_1=0.003813; ', 'codec_recon_1=0.346433; ', 'bpp_1=0.300142; ', 'mse_2=0.000804; ', 'lpips_2=0.003291; ', 'codec_recon_2=0.084214; ', 'bpp_2=0.279297; ']
train step[1978/2000] ; used: 41m; eta: 27s; loss = 0.010307; ['mse_0=0.000739; ', 'lpips_0=0.003566; ', 'codec_recon_0=0.020634; ', 'bpp_0=5.919725; ', 'mse_1=0.000524; ', 'lpips_1=0.002848; ', 'codec_recon_1=0.336651; ', 'bpp_1=0.293314; ', 'mse_2=0.000387; ', 'lpips_2=0.002243; ', 'codec_recon_2=0.090788; ', 'bpp_2=0.269823; ']
train step[1979/2000] ; used: 41m:1s; eta: 26s; loss = 0.017050; ['mse_0=0.001204; ', 'lpips_0=0.005358; ', 'codec_recon_0=0.023453; ', 'bpp_0=6.144946; ', 'mse_1=0.000996; ', 'lpips_1=0.004624; ', 'codec_recon_1=0.377550; ', 'bpp_1=0.297166; ', 'mse_2=0.000808; ', 'lpips_2=0.004060; ', 'codec_recon_2=0.108771; ', 'bpp_2=0.277867; ']
train step[1980/2000] ; used: 41m:2s; eta: 24s; loss = 0.027571; ['mse_0=0.004046; ', 'lpips_0=0.006049; ', 'codec_recon_0=0.020064; ', 'bpp_0=6.220728; ', 'mse_1=0.003701; ', 'lpips_1=0.005362; ', 'codec_recon_1=0.356269; ', 'bpp_1=0.300641; ', 'mse_2=0.003524; ', 'lpips_2=0.004891; ', 'codec_recon_2=0.088015; ', 'bpp_2=0.280040; ']
train step[1981/2000] ; used: 41m:4s; eta: 23s; loss = 0.015125; ['mse_0=0.000926; ', 'lpips_0=0.004758; ', 'codec_recon_0=0.020306; ', 'bpp_0=5.999679; ', 'mse_1=0.000775; ', 'lpips_1=0.004191; ', 'codec_recon_1=0.328106; ', 'bpp_1=0.293114; ', 'mse_2=0.000673; ', 'lpips_2=0.003801; ', 'codec_recon_2=0.086854; ', 'bpp_2=0.274183; ']
train step[1982/2000] ; used: 41m:5s; eta: 22s; loss = 0.024955; ['mse_0=0.003234; ', 'lpips_0=0.005547; ', 'codec_recon_0=0.029944; ', 'bpp_0=5.888292; ', 'mse_1=0.003162; ', 'lpips_1=0.005024; ', 'codec_recon_1=0.294570; ', 'bpp_1=0.290196; ', 'mse_2=0.003200; ', 'lpips_2=0.004787; ', 'codec_recon_2=0.095572; ', 'bpp_2=0.271824; ']
train step[1983/2000] ; used: 41m:6s; eta: 21s; loss = 0.015534; ['mse_0=0.001654; ', 'lpips_0=0.004238; ', 'codec_recon_0=0.019381; ', 'bpp_0=6.139743; ', 'mse_1=0.001491; ', 'lpips_1=0.003554; ', 'codec_recon_1=0.316037; ', 'bpp_1=0.295950; ', 'mse_2=0.001408; ', 'lpips_2=0.003188; ', 'codec_recon_2=0.089192; ', 'bpp_2=0.275153; ']
train step[1984/2000] ; used: 41m:7s; eta: 19s; loss = 0.013266; ['mse_0=0.000821; ', 'lpips_0=0.004044; ', 'codec_recon_0=0.021725; ', 'bpp_0=5.780223; ', 'mse_1=0.000665; ', 'lpips_1=0.003632; ', 'codec_recon_1=0.275902; ', 'bpp_1=0.287597; ', 'mse_2=0.000642; ', 'lpips_2=0.003463; ', 'codec_recon_2=0.078002; ', 'bpp_2=0.267317; ']
train step[1985/2000] ; used: 41m:8s; eta: 18s; loss = 0.008734; ['mse_0=0.000412; ', 'lpips_0=0.003138; ', 'codec_recon_0=0.020183; ', 'bpp_0=5.901432; ', 'mse_1=0.000286; ', 'lpips_1=0.002497; ', 'codec_recon_1=0.299599; ', 'bpp_1=0.291668; ', 'mse_2=0.000213; ', 'lpips_2=0.002189; ', 'codec_recon_2=0.081078; ', 'bpp_2=0.268375; ']
train step[1986/2000] ; used: 41m:9s; eta: 17s; loss = 0.019223; ['mse_0=0.002261; ', 'lpips_0=0.005138; ', 'codec_recon_0=0.018303; ', 'bpp_0=6.158659; ', 'mse_1=0.001968; ', 'lpips_1=0.004282; ', 'codec_recon_1=0.339029; ', 'bpp_1=0.298612; ', 'mse_2=0.001829; ', 'lpips_2=0.003745; ', 'codec_recon_2=0.084830; ', 'bpp_2=0.277781; ']
train step[1987/2000] ; used: 41m:10s; eta: 16s; loss = 0.013358; ['mse_0=0.001477; ', 'lpips_0=0.003827; ', 'codec_recon_0=0.019301; ', 'bpp_0=6.229472; ', 'mse_1=0.001244; ', 'lpips_1=0.003206; ', 'codec_recon_1=0.354152; ', 'bpp_1=0.299990; ', 'mse_2=0.000948; ', 'lpips_2=0.002657; ', 'codec_recon_2=0.080328; ', 'bpp_2=0.280466; ']
train step[1988/2000] ; used: 41m:11s; eta: 14s; loss = 0.011689; ['mse_0=0.000827; ', 'lpips_0=0.004176; ', 'codec_recon_0=0.019151; ', 'bpp_0=6.198858; ', 'mse_1=0.000638; ', 'lpips_1=0.003215; ', 'codec_recon_1=0.361081; ', 'bpp_1=0.298555; ', 'mse_2=0.000456; ', 'lpips_2=0.002376; ', 'codec_recon_2=0.096265; ', 'bpp_2=0.277730; ']
train step[1989/2000] ; used: 41m:12s; eta: 13s; loss = 0.020561; ['mse_0=0.002201; ', 'lpips_0=0.005298; ', 'codec_recon_0=0.020318; ', 'bpp_0=5.948458; ', 'mse_1=0.001932; ', 'lpips_1=0.004688; ', 'codec_recon_1=0.293132; ', 'bpp_1=0.293024; ', 'mse_2=0.001877; ', 'lpips_2=0.004566; ', 'codec_recon_2=0.082882; ', 'bpp_2=0.274293; ']
train step[1990/2000] ; used: 41m:13s; eta: 12s; loss = 0.015556; ['mse_0=0.001637; ', 'lpips_0=0.004082; ', 'codec_recon_0=0.022959; ', 'bpp_0=6.036550; ', 'mse_1=0.001492; ', 'lpips_1=0.003553; ', 'codec_recon_1=0.289842; ', 'bpp_1=0.292955; ', 'mse_2=0.001458; ', 'lpips_2=0.003334; ', 'codec_recon_2=0.088567; ', 'bpp_2=0.272998; ']
train step[1991/2000] ; used: 41m:14s; eta: 11s; loss = 0.016469; ['mse_0=0.001312; ', 'lpips_0=0.004850; ', 'codec_recon_0=0.021802; ', 'bpp_0=6.032563; ', 'mse_1=0.001192; ', 'lpips_1=0.004097; ', 'codec_recon_1=0.303071; ', 'bpp_1=0.294184; ', 'mse_2=0.001161; ', 'lpips_2=0.003858; ', 'codec_recon_2=0.092896; ', 'bpp_2=0.273591; ']
train step[1992/2000] ; used: 41m:15s; eta: 9s; loss = 0.012077; ['mse_0=0.001033; ', 'lpips_0=0.003722; ', 'codec_recon_0=0.019641; ', 'bpp_0=5.906698; ', 'mse_1=0.000839; ', 'lpips_1=0.003145; ', 'codec_recon_1=0.307790; ', 'bpp_1=0.292370; ', 'mse_2=0.000643; ', 'lpips_2=0.002696; ', 'codec_recon_2=0.077834; ', 'bpp_2=0.269817; ']
train step[1993/2000] ; used: 41m:16s; eta: 8s; loss = 0.015501; ['mse_0=0.001251; ', 'lpips_0=0.004708; ', 'codec_recon_0=0.020661; ', 'bpp_0=6.117619; ', 'mse_1=0.001062; ', 'lpips_1=0.004022; ', 'codec_recon_1=0.344218; ', 'bpp_1=0.297268; ', 'mse_2=0.000880; ', 'lpips_2=0.003579; ', 'codec_recon_2=0.086504; ', 'bpp_2=0.275130; ']
train step[1994/2000] ; used: 41m:17s; eta: 7s; loss = 0.016908; ['mse_0=0.001817; ', 'lpips_0=0.004761; ', 'codec_recon_0=0.021522; ', 'bpp_0=6.144666; ', 'mse_1=0.001631; ', 'lpips_1=0.003942; ', 'codec_recon_1=0.366199; ', 'bpp_1=0.297995; ', 'mse_2=0.001417; ', 'lpips_2=0.003341; ', 'codec_recon_2=0.084457; ', 'bpp_2=0.279507; ']
train step[1995/2000] ; used: 41m:18s; eta: 6s; loss = 0.019523; ['mse_0=0.002524; ', 'lpips_0=0.004523; ', 'codec_recon_0=0.021586; ', 'bpp_0=5.937662; ', 'mse_1=0.002307; ', 'lpips_1=0.004097; ', 'codec_recon_1=0.307144; ', 'bpp_1=0.293951; ', 'mse_2=0.002248; ', 'lpips_2=0.003824; ', 'codec_recon_2=0.080445; ', 'bpp_2=0.272227; ']
train step[1996/2000] ; used: 41m:19s; eta: 4s; loss = 0.011841; ['mse_0=0.001472; ', 'lpips_0=0.003416; ', 'codec_recon_0=0.018644; ', 'bpp_0=6.144761; ', 'mse_1=0.001197; ', 'lpips_1=0.002720; ', 'codec_recon_1=0.339567; ', 'bpp_1=0.297205; ', 'mse_2=0.000840; ', 'lpips_2=0.002194; ', 'codec_recon_2=0.085384; ', 'bpp_2=0.273652; ']
train step[1997/2000] ; used: 41m:20s; eta: 3s; loss = 0.014717; ['mse_0=0.001197; ', 'lpips_0=0.004807; ', 'codec_recon_0=0.019608; ', 'bpp_0=6.110701; ', 'mse_1=0.000952; ', 'lpips_1=0.003912; ', 'codec_recon_1=0.369916; ', 'bpp_1=0.297027; ', 'mse_2=0.000741; ', 'lpips_2=0.003107; ', 'codec_recon_2=0.089983; ', 'bpp_2=0.276703; ']
train step[1998/2000] ; used: 41m:21s; eta: 2s; loss = 0.012694; ['mse_0=0.001021; ', 'lpips_0=0.003919; ', 'codec_recon_0=0.020829; ', 'bpp_0=5.997877; ', 'mse_1=0.000829; ', 'lpips_1=0.003262; ', 'codec_recon_1=0.304264; ', 'bpp_1=0.292811; ', 'mse_2=0.000741; ', 'lpips_2=0.002922; ', 'codec_recon_2=0.079528; ', 'bpp_2=0.271278; ']
train step[1999/2000] ; used: 41m:22s; eta: 1s; loss = 0.011087; ['mse_0=0.000840; ', 'lpips_0=0.003592; ', 'codec_recon_0=0.018433; ', 'bpp_0=5.947369; ', 'mse_1=0.000647; ', 'lpips_1=0.002975; ', 'codec_recon_1=0.302997; ', 'bpp_1=0.294514; ', 'mse_2=0.000492; ', 'lpips_2=0.002540; ', 'codec_recon_2=0.076789; ', 'bpp_2=0.273760; ']
validation step on 2000 1/100; scene = ['5aca87f95a9412c6']; context = [[58, 133]]
validation step on 2000 2/100; scene = ['bc95e5c7e357f1b7']; context = [[35, 91]]
validation step on 2000 3/100; scene = ['34b0658a5c200cdf']; context = [[0, 70]]
validation step on 2000 4/100; scene = ['28e8300e004ab30b']; context = [[3, 68]]
validation step on 2000 5/100; scene = ['6558c5f10d45a929']; context = [[43, 160]]
validation step on 2000 6/100; scene = ['89ea49cd9865aeff']; context = [[31, 81]]
validation step on 2000 7/100; scene = ['ed477bdf8582adff']; context = [[40, 85]]
validation step on 2000 8/100; scene = ['57d3409bf04c4651']; context = [[0, 45]]
validation step on 2000 9/100; scene = ['aadc1e2dc74fd644']; context = [[2, 52]]
validation step on 2000 10/100; scene = ['cd74b1244d112628']; context = [[63, 110]]
validation step on 2000 11/100; scene = ['57d25dafabb5a238']; context = [[32, 104]]
validation step on 2000 12/100; scene = ['e4f4574df7938f37']; context = [[0, 115]]
validation step on 2000 13/100; scene = ['20d86cff490c0c42']; context = [[18, 69]]
validation step on 2000 14/100; scene = ['0c4c5d5f751aabf5']; context = [[12, 57]]
validation step on 2000 15/100; scene = ['fea544b472e9abd1']; context = [[12, 93]]
validation step on 2000 16/100; scene = ['656381bea665bf3d']; context = [[27, 75]]
validation step on 2000 17/100; scene = ['322261824c4a3003']; context = [[33, 78]]
validation step on 2000 18/100; scene = ['f7c0fa5b81552d35']; context = [[11, 64]]
validation step on 2000 19/100; scene = ['a56ba2efb5e3fdd9']; context = [[33, 92]]
validation step on 2000 20/100; scene = ['c48f19e2ffa52523']; context = [[195, 264]]
validation step on 2000 21/100; scene = ['1214f2a11a9fc1ed']; context = [[103, 215]]
validation step on 2000 22/100; scene = ['a9b3ff60b213e099']; context = [[32, 96]]
validation step on 2000 23/100; scene = ['a6fa92e8204f6118']; context = [[2, 66]]
validation step on 2000 24/100; scene = ['21e794f71e31becb']; context = [[72, 180]]
validation step on 2000 25/100; scene = ['f7d916b43193c181']; context = [[7, 61]]
validation step on 2000 26/100; scene = ['84ab392d682f296b']; context = [[43, 120]]
validation step on 2000 27/100; scene = ['6771a51bf0cfce7f']; context = [[152, 199]]
validation step on 2000 28/100; scene = ['17d9303ee77c3a3d']; context = [[17, 63]]
validation step on 2000 29/100; scene = ['ffa95c3b40609c76']; context = [[120, 213]]
validation step on 2000 30/100; scene = ['a47b88040452d7d9']; context = [[35, 97]]
validation step on 2000 31/100; scene = ['0d4de33c6888a754']; context = [[2, 57]]
validation step on 2000 32/100; scene = ['41bcd011f99bfb66']; context = [[4, 50]]
validation step on 2000 33/100; scene = ['67a69088a2695987']; context = [[6, 86]]
validation step on 2000 34/100; scene = ['b4099665590548fc']; context = [[23, 74]]
validation step on 2000 35/100; scene = ['9e2a8cc5f32dd46b']; context = [[75, 151]]
validation step on 2000 36/100; scene = ['2e109379f53bb221']; context = [[35, 108]]
validation step on 2000 37/100; scene = ['8adebbb68f2c3f84']; context = [[72, 131]]
validation step on 2000 38/100; scene = ['29e0bfbad00f0d5e']; context = [[8, 100]]
validation step on 2000 39/100; scene = ['debc3490ba0bd84b']; context = [[34, 81]]
validation step on 2000 40/100; scene = ['7c7bc5285126e6ad']; context = [[64, 126]]
validation step on 2000 41/100; scene = ['cdf439b17a6a98d4']; context = [[31, 77]]
validation step on 2000 42/100; scene = ['cb38d67088b66084']; context = [[49, 106]]
validation step on 2000 43/100; scene = ['2da2eeb966bc0ef8']; context = [[30, 94]]
validation step on 2000 44/100; scene = ['bb4d7012261ee0ed']; context = [[0, 46]]
validation step on 2000 45/100; scene = ['9e1f1beb4ba8e5da']; context = [[9, 73]]
validation step on 2000 46/100; scene = ['26b31d71789bffad']; context = [[3, 57]]
validation step on 2000 47/100; scene = ['41abd737e0228c1a']; context = [[81, 127]]
validation step on 2000 48/100; scene = ['ed0c2aca14b99efa']; context = [[62, 119]]
validation step on 2000 49/100; scene = ['8d5163de9ea4d851']; context = [[39, 85]]
validation step on 2000 50/100; scene = ['81be42df6ccae760']; context = [[13, 107]]
validation step on 2000 51/100; scene = ['6fe141ec9be1a432']; context = [[12, 73]]
validation step on 2000 52/100; scene = ['3b6d8db52c54b174']; context = [[0, 80]]
validation step on 2000 53/100; scene = ['3087828bc27bc4c7']; context = [[15, 96]]
validation step on 2000 54/100; scene = ['e124dfa7e996a414']; context = [[48, 93]]
validation step on 2000 55/100; scene = ['e1afd89a69ee6947']; context = [[34, 113]]
validation step on 2000 56/100; scene = ['79ce50fb7b021e1d']; context = [[212, 278]]
validation step on 2000 57/100; scene = ['358bdee988c269ef']; context = [[3, 95]]
validation step on 2000 58/100; scene = ['f14791aec34dbdcd']; context = [[5, 59]]
validation step on 2000 59/100; scene = ['0c52996355b23d76']; context = [[51, 111]]
validation step on 2000 60/100; scene = ['62bcb465bb03d34f']; context = [[6, 84]]
validation step on 2000 61/100; scene = ['1f0e06e4388dd600']; context = [[44, 96]]
validation step on 2000 62/100; scene = ['c9c30723d7c54793']; context = [[152, 247]]
validation step on 2000 63/100; scene = ['8b212f2755d955ec']; context = [[40, 110]]
validation step on 2000 64/100; scene = ['de67e3a0b0648cfe']; context = [[16, 72]]
validation step on 2000 65/100; scene = ['54841308aff91857']; context = [[27, 86]]
validation step on 2000 66/100; scene = ['40ca76de44a6e1a9']; context = [[43, 107]]
validation step on 2000 67/100; scene = ['bc143130c1842e4b']; context = [[29, 133]]
validation step on 2000 68/100; scene = ['912177dbf0a1ed6c']; context = [[3, 60]]
validation step on 2000 69/100; scene = ['afe4e799a94e06b3']; context = [[54, 150]]
validation step on 2000 70/100; scene = ['17f552ef56d85c55']; context = [[20, 86]]
validation step on 2000 71/100; scene = ['a7c691c210154b09']; context = [[0, 50]]
validation step on 2000 72/100; scene = ['9490f1219dbbb6ce']; context = [[17, 72]]
validation step on 2000 73/100; scene = ['154365ab5a4e067b']; context = [[2, 48]]
validation step on 2000 74/100; scene = ['ab4c269f8d523d02']; context = [[18, 72]]
validation step on 2000 75/100; scene = ['75d475e9558ab806']; context = [[1, 46]]
validation step on 2000 76/100; scene = ['fdaab1f49851782c']; context = [[31, 142]]
validation step on 2000 77/100; scene = ['2d4efa3897a4ba2d']; context = [[4, 58]]
validation step on 2000 78/100; scene = ['14f477e7d5af5b91']; context = [[17, 72]]
validation step on 2000 79/100; scene = ['de45926738229f67']; context = [[22, 84]]
validation step on 2000 80/100; scene = ['5c909c802eb6edb1']; context = [[13, 78]]
validation step on 2000 81/100; scene = ['aa91dfdd5f4ad32b']; context = [[8, 57]]
validation step on 2000 82/100; scene = ['88d9ba3324f2ec21']; context = [[2, 49]]
validation step on 2000 83/100; scene = ['622ef98e83ed5239']; context = [[3, 66]]
validation step on 2000 84/100; scene = ['30fc5fc78c5a716e']; context = [[151, 210]]
validation step on 2000 85/100; scene = ['8b760ac05c93a6bb']; context = [[26, 72]]
validation step on 2000 86/100; scene = ['800ea72b6988f63e']; context = [[141, 190]]
validation step on 2000 87/100; scene = ['674dabef8f53b566']; context = [[9, 91]]
validation step on 2000 88/100; scene = ['d3a01038c5f21473']; context = [[139, 273]]
validation step on 2000 89/100; scene = ['3e5f747d06bc84a3']; context = [[85, 190]]
validation step on 2000 90/100; scene = ['bb6fa5bdafc14e8c']; context = [[43, 139]]
validation step on 2000 91/100; scene = ['052430ff6e2c07c4']; context = [[19, 92]]
validation step on 2000 92/100; scene = ['0588138dfec165a1']; context = [[70, 160]]
validation step on 2000 93/100; scene = ['e4bcb18fa6aa91be']; context = [[32, 79]]
validation step on 2000 94/100; scene = ['4c4fa41951e37e78']; context = [[8, 60]]
validation step on 2000 95/100; scene = ['252a24d25a1ea81d']; context = [[198, 263]]
validation step on 2000 96/100; scene = ['214df1c2863d2959']; context = [[45, 96]]
validation step on 2000 97/100; scene = ['bfd27ad72975e120']; context = [[8, 55]]
validation step on 2000 98/100; scene = ['572acd18419c3456']; context = [[3, 62]]
validation step on 2000 99/100; scene = ['b26e6c80d283c4c8']; context = [[46, 92]]
validation step on 2000 100/100; scene = ['10c8e54590f715f7']; context = [[6, 76]]
